run_id,method,method_label,fraction,seed,split,pred_col,status,n,mae_mev_atom,rmse_mev_atom,median_abs_mev_atom,p90_abs_mev_atom,p95_abs_mev_atom,p99_abs_mev_atom,bias_mev_atom,r2,metrics_path,predictions_path,runtime_s,best_epoch,trainable_params,total_params
affine_energy_composition_frac010_seed20260528,affine_energy_composition,Linear energy+composition calibration,0.01,20260528,test,pred_affine_energy_composition,baseline_only,3711,152.55214690630825,305.6273696749621,91.89094451712066,293.2783616771708,471.48295215943295,1160.2780153471992,-38.808674867556526,0.9073414570534736,,,,,,
affine_energy_composition_frac010_seed20260528,affine_energy_composition,Linear energy+composition calibration,0.01,20260528,train,pred_affine_energy_composition,baseline_only,29692,162.00968685369435,355.3144755098982,91.80405192986146,319.98429694115094,514.2785858061837,1345.1888568811964,-37.22375678342379,0.8716285807482879,,,,,,
affine_energy_composition_frac010_seed20260528,affine_energy_composition,Linear energy+composition calibration,0.01,20260528,train_full,pred_affine_energy_composition,baseline_only,29692,162.00968685369435,355.3144755098982,91.80405192986146,319.98429694115094,514.2785858061837,1345.1888568811964,-37.22375678342379,0.8716285807482879,,,,,,
affine_energy_composition_frac010_seed20260528,affine_energy_composition,Linear energy+composition calibration,0.01,20260528,train_used,pred_affine_energy_composition,baseline_only,297,96.47430815820393,150.6073477772421,62.07338281560393,206.90576822707456,338.2705805942704,616.8157938888728,-9.906030354399545e-13,0.9783922481997784,,,,,,
affine_energy_composition_frac010_seed20260528,affine_energy_composition,Linear energy+composition calibration,0.01,20260528,val,pred_affine_energy_composition,baseline_only,3712,156.47313496657446,329.0113218904363,89.61164264618438,306.5298875506704,511.4462910563635,1319.5054811336088,-30.42003115267585,0.8892393080376054,,,,,,
affine_energy_composition_frac010_seed20260529,affine_energy_composition,Linear energy+composition calibration,0.01,20260529,test,pred_affine_energy_composition,baseline_only,3711,152.5209788899763,256.0045045412885,97.0099004766345,340.7353075123805,469.7046162030396,939.4620836323736,-7.335412816507355,0.934987600838176,,,,,,
affine_energy_composition_frac010_seed20260529,affine_energy_composition,Linear energy+composition calibration,0.01,20260529,train,pred_affine_energy_composition,baseline_only,29692,155.6741142843972,288.9460460148308,94.15203912370306,341.1530680201446,499.4625906630988,953.055225039231,-5.332995499020905,0.9151061846253992,,,,,,
affine_energy_composition_frac010_seed20260529,affine_energy_composition,Linear energy+composition calibration,0.01,20260529,train_full,pred_affine_energy_composition,baseline_only,29692,155.6741142843972,288.9460460148308,94.15203912370306,341.1530680201446,499.4625906630988,953.055225039231,-5.332995499020905,0.9151061846253992,,,,,,
affine_energy_composition_frac010_seed20260529,affine_energy_composition,Linear energy+composition calibration,0.01,20260529,train_used,pred_affine_energy_composition,baseline_only,297,105.82965694791255,164.07243716138245,62.08486056820295,245.0303154535473,377.9067573435696,553.5912815801053,-8.074349270001138e-14,0.9752020806719836,,,,,,
affine_energy_composition_frac010_seed20260529,affine_energy_composition,Linear energy+composition calibration,0.01,20260529,val,pred_affine_energy_composition,baseline_only,3712,150.4720304577908,271.7991367996386,94.0271949986266,334.1268474337655,458.4358357549527,870.3976740281362,-0.5696038441818485,0.9244107353626684,,,,,,
affine_energy_composition_frac010_seed20260530,affine_energy_composition,Linear energy+composition calibration,0.01,20260530,test,pred_affine_energy_composition,baseline_only,3711,145.72260248787305,278.4625368200926,86.87703025576266,307.53313876428723,437.6105377453292,953.4674890284184,-5.400930358622221,0.923080840563663,,,,,,
affine_energy_composition_frac010_seed20260530,affine_energy_composition,Linear energy+composition calibration,0.01,20260530,train,pred_affine_energy_composition,baseline_only,29692,155.8644256010741,339.8218120206669,86.45306875930703,322.21873038139114,473.16672390884247,1177.881340618458,-5.706377764914079,0.8825791977228187,,,,,,
affine_energy_composition_frac010_seed20260530,affine_energy_composition,Linear energy+composition calibration,0.01,20260530,train_full,pred_affine_energy_composition,baseline_only,29692,155.8644256010741,339.8218120206669,86.45306875930703,322.21873038139114,473.16672390884247,1177.881340618458,-5.706377764914079,0.8825791977228187,,,,,,
affine_energy_composition_frac010_seed20260530,affine_energy_composition,Linear energy+composition calibration,0.01,20260530,train_used,pred_affine_energy_composition,baseline_only,297,98.43485235633682,150.21385993292725,61.06960074651632,220.07118174457565,328.44930615884914,589.2734082166669,2.2787607939780992e-12,0.9757628467941112,,,,,,
affine_energy_composition_frac010_seed20260530,affine_energy_composition,Linear energy+composition calibration,0.01,20260530,val,pred_affine_energy_composition,baseline_only,3712,146.90068878666014,301.9168295341617,84.57807822414607,300.3196769480555,430.545229357832,947.885397922402,3.5614467547675024,0.9067307211959325,,,,,,
classical_delta_frac010_seed20260528,classical_delta,Classical residual adapter,0.01,20260528,test,pred_fe_adapter,completed,3711,126.19652634489952,303.685897701713,56.01948715362326,265.6441783975225,454.6112706504846,1280.7345706094625,-39.78132888555302,0.908514929074778,<RUNS_ROOT>/npj_r2scan_protocol_20260909/runs/classical_delta/classical_delta_frac010_seed20260528/metrics.json,<RUNS_ROOT>/npj_r2scan_protocol_20260909/runs/classical_delta/classical_delta_frac010_seed20260528/fe_adapter_predictions.csv,14.560143947601318,79.0,,
classical_delta_frac010_seed20260528,classical_delta,Classical residual adapter,0.01,20260528,train,pred_fe_adapter,completed,29692,136.6728328126993,355.50895580517573,56.99058982852516,289.64420905529784,507.2975868798143,1381.5279844548866,-37.363436560232465,0.871488014879484,<RUNS_ROOT>/npj_r2scan_protocol_20260909/runs/classical_delta/classical_delta_frac010_seed20260528/metrics.json,<RUNS_ROOT>/npj_r2scan_protocol_20260909/runs/classical_delta/classical_delta_frac010_seed20260528/fe_adapter_predictions.csv,14.560143947601318,79.0,,
classical_delta_frac010_seed20260528,classical_delta,Classical residual adapter,0.01,20260528,val,pred_fe_adapter,completed,3712,132.7189180108052,330.3790670370752,54.51821184979527,281.0824038121245,517.1927601516778,1414.8177865639254,-30.356998065472617,0.8883164991486737,<RUNS_ROOT>/npj_r2scan_protocol_20260909/runs/classical_delta/classical_delta_frac010_seed20260528/metrics.json,<RUNS_ROOT>/npj_r2scan_protocol_20260909/runs/classical_delta/classical_delta_frac010_seed20260528/fe_adapter_predictions.csv,14.560143947601318,79.0,,
classical_delta_frac010_seed20260529,classical_delta,Classical residual adapter,0.01,20260529,test,pred_fe_adapter,completed,3711,115.80805644332744,234.0778662332063,56.67468820958754,264.5067701750872,441.32987077911156,892.0555083099803,4.8000955847394415,0.9456472303912374,<RUNS_ROOT>/npj_r2scan_protocol_20260909/runs/classical_delta/classical_delta_frac010_seed20260529/metrics.json,<RUNS_ROOT>/npj_r2scan_protocol_20260909/runs/classical_delta/classical_delta_frac010_seed20260529/fe_adapter_predictions.csv,12.934197664260864,47.0,,
classical_delta_frac010_seed20260529,classical_delta,Classical residual adapter,0.01,20260529,train,pred_fe_adapter,completed,29692,122.17702482360805,274.8603166475225,55.19355862225805,277.89244496471576,481.24817777758653,946.6592855348108,6.978468018058587,0.9231813579600215,<RUNS_ROOT>/npj_r2scan_protocol_20260909/runs/classical_delta/classical_delta_frac010_seed20260529/metrics.json,<RUNS_ROOT>/npj_r2scan_protocol_20260909/runs/classical_delta/classical_delta_frac010_seed20260529/fe_adapter_predictions.csv,12.934197664260864,47.0,,
classical_delta_frac010_seed20260529,classical_delta,Classical residual adapter,0.01,20260529,val,pred_fe_adapter,completed,3712,117.91122795178963,259.9895784292242,55.15920556981363,265.25154121703827,460.4510517545575,917.930343622684,10.971907508834391,0.9308366765789147,<RUNS_ROOT>/npj_r2scan_protocol_20260909/runs/classical_delta/classical_delta_frac010_seed20260529/metrics.json,<RUNS_ROOT>/npj_r2scan_protocol_20260909/runs/classical_delta/classical_delta_frac010_seed20260529/fe_adapter_predictions.csv,12.934197664260864,47.0,,
classical_delta_frac010_seed20260530,classical_delta,Classical residual adapter,0.01,20260530,test,pred_fe_adapter,completed,3711,112.93675204282516,259.4609142673604,55.99784089431525,235.62748547448953,371.53275426171945,934.8789903787704,2.7953542485164142,0.9332202379445909,<RUNS_ROOT>/npj_r2scan_protocol_20260909/runs/classical_delta/classical_delta_frac010_seed20260530/metrics.json,<RUNS_ROOT>/npj_r2scan_protocol_20260909/runs/classical_delta/classical_delta_frac010_seed20260530/fe_adapter_predictions.csv,18.248783826828003,187.0,,
classical_delta_frac010_seed20260530,classical_delta,Classical residual adapter,0.01,20260530,train,pred_fe_adapter,completed,29692,122.71000774456732,325.9199223488275,55.27654525897932,250.1584871459553,407.641331336334,1174.3193367348476,-0.6516063833326695,0.8919899027585798,<RUNS_ROOT>/npj_r2scan_protocol_20260909/runs/classical_delta/classical_delta_frac010_seed20260530/metrics.json,<RUNS_ROOT>/npj_r2scan_protocol_20260909/runs/classical_delta/classical_delta_frac010_seed20260530/fe_adapter_predictions.csv,18.248783826828003,187.0,,
classical_delta_frac010_seed20260530,classical_delta,Classical residual adapter,0.01,20260530,val,pred_fe_adapter,completed,3712,115.62736237601632,289.47802570485413,54.93286986532377,237.64660742044072,374.073811413851,928.9853627229961,9.506322465079187,0.9142576903261319,<RUNS_ROOT>/npj_r2scan_protocol_20260909/runs/classical_delta/classical_delta_frac010_seed20260530/metrics.json,<RUNS_ROOT>/npj_r2scan_protocol_20260909/runs/classical_delta/classical_delta_frac010_seed20260530/fe_adapter_predictions.csv,18.248783826828003,187.0,,
composition_only_linear_frac010_seed20260528,composition_only_linear,Composition-only linear baseline,0.01,20260528,test,pred_composition_only_linear,baseline_only,3711,465.5866499863192,680.2110860348687,321.51941878864244,1020.2062831538036,1353.5274902973754,2493.4908334860056,-74.9540604474257,0.5410256762562924,,,,,,
composition_only_linear_frac010_seed20260528,composition_only_linear,Composition-only linear baseline,0.01,20260528,train,pred_composition_only_linear,baseline_only,29692,473.8399311716816,692.3330952908575,331.4714950714626,1027.8708249687263,1378.598481717275,2448.6607570123947,-77.15145054065762,0.5126143640270016,,,,,,
composition_only_linear_frac010_seed20260528,composition_only_linear,Composition-only linear baseline,0.01,20260528,train_full,pred_composition_only_linear,baseline_only,29692,473.8399311716816,692.3330952908575,331.4714950714626,1027.8708249687263,1378.598481717275,2448.6607570123947,-77.15145054065762,0.5126143640270016,,,,,,
composition_only_linear_frac010_seed20260528,composition_only_linear,Composition-only linear baseline,0.01,20260528,train_used,pred_composition_only_linear,baseline_only,297,327.36602049216384,460.7995910233083,237.83765353594865,732.2454249126075,883.4714628769809,1662.793697439619,-3.289549702593056e-13,0.7977253625674834,,,,,,
composition_only_linear_frac010_seed20260528,composition_only_linear,Composition-only linear baseline,0.01,20260528,val,pred_composition_only_linear,baseline_only,3712,460.3359194308357,668.2650187724943,335.3920317563438,1013.2117307758632,1329.0678857779992,2177.8211158112526,-69.50844795063541,0.5430576297970506,,,,,,
composition_only_linear_frac010_seed20260529,composition_only_linear,Composition-only linear baseline,0.01,20260529,test,pred_composition_only_linear,baseline_only,3711,473.9299482933539,655.121032152799,354.2701337831249,1022.5264544321044,1316.166663735252,2177.938722868817,-28.10175971427048,0.5742603843099832,,,,,,
composition_only_linear_frac010_seed20260529,composition_only_linear,Composition-only linear baseline,0.01,20260529,train,pred_composition_only_linear,baseline_only,29692,473.9283963821318,655.9546273091072,351.2845363720563,1009.5224442881037,1302.9472998768028,2168.519659840704,-32.295072708442795,0.5624878271765366,,,,,,
composition_only_linear_frac010_seed20260529,composition_only_linear,Composition-only linear baseline,0.01,20260529,train_full,pred_composition_only_linear,baseline_only,29692,473.9283963821318,655.9546273091072,351.2845363720563,1009.5224442881037,1302.9472998768028,2168.519659840704,-32.295072708442795,0.5624878271765366,,,,,,
composition_only_linear_frac010_seed20260529,composition_only_linear,Composition-only linear baseline,0.01,20260529,train_used,pred_composition_only_linear,baseline_only,297,351.5246887476168,499.85804584146223,257.08375017656016,797.5697276377687,1022.6778950681754,1748.6987327203344,3.289549702593056e-13,0.7698360201993936,,,,,,
composition_only_linear_frac010_seed20260529,composition_only_linear,Composition-only linear baseline,0.01,20260529,val,pred_composition_only_linear,baseline_only,3712,467.6699857292952,633.1789159658221,354.21365306027974,1002.3820963001848,1279.091205833111,1981.757376920428,-22.007780001807163,0.5897799680729856,,,,,,
composition_only_linear_frac010_seed20260530,composition_only_linear,Composition-only linear baseline,0.01,20260530,test,pred_composition_only_linear,baseline_only,3711,461.25090540003055,670.1237319388297,323.86412678543496,1008.41650806674,1282.1287652687138,2332.615593046972,-11.345419554562188,0.5545376785777345,,,,,,
composition_only_linear_frac010_seed20260530,composition_only_linear,Composition-only linear baseline,0.01,20260530,train,pred_composition_only_linear,baseline_only,29692,454.3295525069458,658.4318751522526,319.0293561251262,1013.4296056441656,1279.6810129646422,2155.818179509789,-5.15932817955594,0.5591770108336024,,,,,,
composition_only_linear_frac010_seed20260530,composition_only_linear,Composition-only linear baseline,0.01,20260530,train_full,pred_composition_only_linear,baseline_only,29692,454.3295525069458,658.4318751522526,319.0293561251262,1013.4296056441656,1279.6810129646422,2155.818179509789,-5.15932817955594,0.5591770108336024,,,,,,
composition_only_linear_frac010_seed20260530,composition_only_linear,Composition-only linear baseline,0.01,20260530,train_used,pred_composition_only_linear,baseline_only,297,296.6199370561917,444.6887883617061,185.7492056355403,648.9298841623827,948.0248573411028,1533.986551329872,5.3828995133340926e-14,0.7875904904748655,,,,,,
composition_only_linear_frac010_seed20260530,composition_only_linear,Composition-only linear baseline,0.01,20260530,val,pred_composition_only_linear,baseline_only,3712,441.92727745409246,614.4370149964938,325.7358104125784,979.1314692558736,1236.0766903078363,1831.565583190744,-3.5734284753275456,0.6137053304594696,,,,,,
element_reference_frac010_seed20260528,element_reference,Element-reference calibration,0.01,20260528,test,pred_element_reference,baseline_only,3711,151.5712524965674,306.90565061230313,91.00328896329437,290.56694521494865,465.0752573753253,1184.039926620579,-38.38234777070773,0.906564750808447,,,,,,
element_reference_frac010_seed20260528,element_reference,Element-reference calibration,0.01,20260528,train,pred_element_reference,baseline_only,29692,161.1092360514356,357.3126595085827,91.18611019465772,316.246143117807,514.8086579561034,1345.6168171361685,-36.75281817927289,0.8701806747319162,,,,,,
element_reference_frac010_seed20260528,element_reference,Element-reference calibration,0.01,20260528,train_full,pred_element_reference,baseline_only,29692,161.1092360514356,357.3126595085827,91.18611019465772,316.246143117807,514.8086579561034,1345.6168171361685,-36.75281817927289,0.8701806747319162,,,,,,
element_reference_frac010_seed20260528,element_reference,Element-reference calibration,0.01,20260528,train_used,pred_element_reference,baseline_only,297,96.19989007516364,150.69469264704802,63.08239454951226,204.24150927548808,324.8928426776285,629.4545639747881,-1.984196570609539e-12,0.9783671780611172,,,,,,
element_reference_frac010_seed20260528,element_reference,Element-reference calibration,0.01,20260528,val,pred_element_reference,baseline_only,3712,155.9358255745265,331.0010242103075,89.13297011751708,302.10316337513206,511.9996484253727,1338.7323709401812,-29.958991635442946,0.8878956023981377,,,,,,
element_reference_frac010_seed20260529,element_reference,Element-reference calibration,0.01,20260529,test,pred_element_reference,baseline_only,3711,152.48239762281378,255.16477205648007,97.00193808586376,341.4849158819724,473.3542644539085,927.200996941964,-7.483381014973632,0.9354134018373408,,,,,,
element_reference_frac010_seed20260529,element_reference,Element-reference calibration,0.01,20260529,train,pred_element_reference,baseline_only,29692,155.6571485923393,287.7568685139926,94.07806929143406,341.5874476984714,499.2580655882831,945.4500266107564,-5.525110659848849,0.9158035194765088,,,,,,
element_reference_frac010_seed20260529,element_reference,Element-reference calibration,0.01,20260529,train_full,pred_element_reference,baseline_only,29692,155.6571485923393,287.7568685139926,94.07806929143406,341.5874476984714,499.2580655882831,945.4500266107564,-5.525110659848849,0.9158035194765088,,,,,,
element_reference_frac010_seed20260529,element_reference,Element-reference calibration,0.01,20260529,train_used,pred_element_reference,baseline_only,297,105.8456596234552,164.10706821764833,63.69712419849723,244.206061986594,385.23300261155936,555.9382153501782,-2.8185459951763238e-12,0.9751916112867988,,,,,,
element_reference_frac010_seed20260529,element_reference,Element-reference calibration,0.01,20260529,val,pred_element_reference,baseline_only,3712,150.28566227942795,270.46013980689133,93.66775016934858,333.4154958479071,456.5203915731769,862.8672385066444,-0.7223590896868342,0.9251536699306652,,,,,,
element_reference_frac010_seed20260530,element_reference,Element-reference calibration,0.01,20260530,test,pred_element_reference,baseline_only,3711,145.72470483760765,278.8285056057996,86.53517420410716,309.1064662850429,437.6038921102201,955.8316154735558,-5.3886794223323085,0.9228785260279704,,,,,,
element_reference_frac010_seed20260530,element_reference,Element-reference calibration,0.01,20260530,train,pred_element_reference,baseline_only,29692,155.86632349685564,340.3165195266839,86.32180128793931,322.27256078161133,472.7853292066933,1181.9442913243972,-5.707505213383277,0.8822370699799473,,,,,,
element_reference_frac010_seed20260530,element_reference,Element-reference calibration,0.01,20260530,train_full,pred_element_reference,baseline_only,29692,155.86632349685564,340.3165195266839,86.32180128793931,322.27256078161133,472.7853292066933,1181.9442913243972,-5.707505213383277,0.8822370699799473,,,,,,
element_reference_frac010_seed20260530,element_reference,Element-reference calibration,0.01,20260530,train_used,pred_element_reference,baseline_only,297,98.37296472315246,150.2162937504173,60.89422045474088,220.4562261158068,329.05703625157616,590.793817609635,2.2922180427614343e-12,0.975762061390084,,,,,,
element_reference_frac010_seed20260530,element_reference,Element-reference calibration,0.01,20260530,val,pred_element_reference,baseline_only,3712,146.93842865207074,302.40271203907673,84.73035196277873,300.61775547025303,430.3600547839296,949.0471839882516,3.576150942613737,0.9064302783453264,,,,,,
internal_element_reference_for_formdelta_frac010_seed20260528,element_reference_internal,Internal element-reference anchor,0.01,20260528,test,pred_element_reference_internal,internal_baseline,3711,151.57125987396327,306.90567929784015,91.00344318115239,290.56704013793853,465.075424553517,1184.0397939792153,-38.382574976124744,0.9065647333422294,<RUNS_ROOT>/npj_r2scan_protocol_20260909/runs/formdelta/formdelta_frac010_seed20260528/metrics.json,,,,,
internal_element_reference_for_feature_stacking_frac010_seed20260528,element_reference_internal,Internal element-reference anchor,0.01,20260528,test,pred_element_reference_internal,internal_baseline,3711,151.57125987396327,306.90567929784015,91.00344318115239,290.56704013793853,465.075424553517,1184.0397939792153,-38.382574976124744,0.9065647333422294,<RUNS_ROOT>/npj_r2scan_protocol_20260909/runs/feature_stacking/feature_stacking_frac010_seed20260528/metrics.json,,,,,
internal_element_reference_for_target_only_frac010_seed20260528,element_reference_internal,Internal element-reference anchor,0.01,20260528,test,pred_element_reference_internal,internal_baseline,3711,151.57125987396327,306.90567929784015,91.00344318115239,290.56704013793853,465.075424553517,1184.0397939792153,-38.382574976124744,0.9065647333422294,<RUNS_ROOT>/npj_r2scan_protocol_20260909/runs/target_only/target_only_frac010_seed20260528/metrics.json,,,,,
internal_element_reference_for_formdelta_frac010_seed20260528,element_reference_internal,Internal element-reference anchor,0.01,20260528,train,pred_element_reference_internal,internal_baseline,29692,161.1092404554276,357.31267966367903,91.18584566345034,316.2461738123199,514.8082825162849,1345.6171358056147,-36.75304146127602,0.8701806600863613,<RUNS_ROOT>/npj_r2scan_protocol_20260909/runs/formdelta/formdelta_frac010_seed20260528/metrics.json,,,,,
internal_element_reference_for_feature_stacking_frac010_seed20260528,element_reference_internal,Internal element-reference anchor,0.01,20260528,train,pred_element_reference_internal,internal_baseline,29692,161.1092404554276,357.31267966367903,91.18584566345034,316.2461738123199,514.8082825162849,1345.6171358056147,-36.75304146127602,0.8701806600863613,<RUNS_ROOT>/npj_r2scan_protocol_20260909/runs/feature_stacking/feature_stacking_frac010_seed20260528/metrics.json,,,,,
internal_element_reference_for_target_only_frac010_seed20260528,element_reference_internal,Internal element-reference anchor,0.01,20260528,train,pred_element_reference_internal,internal_baseline,29692,161.1092404554276,357.31267966367903,91.18584566345034,316.2461738123199,514.8082825162849,1345.6171358056147,-36.75304146127602,0.8701806600863613,<RUNS_ROOT>/npj_r2scan_protocol_20260909/runs/target_only/target_only_frac010_seed20260528/metrics.json,,,,,
internal_element_reference_for_formdelta_frac010_seed20260528,element_reference_internal,Internal element-reference anchor,0.01,20260528,val,pred_element_reference_internal,internal_baseline,3712,155.93582198445165,331.0010347284671,89.13285931724012,302.10279535988695,511.99957702581503,1338.7324368210213,-29.959212917720226,0.8878955952734953,<RUNS_ROOT>/npj_r2scan_protocol_20260909/runs/formdelta/formdelta_frac010_seed20260528/metrics.json,,,,,
internal_element_reference_for_feature_stacking_frac010_seed20260528,element_reference_internal,Internal element-reference anchor,0.01,20260528,val,pred_element_reference_internal,internal_baseline,3712,155.93582198445165,331.0010347284671,89.13285931724012,302.10279535988695,511.99957702581503,1338.7324368210213,-29.959212917720226,0.8878955952734953,<RUNS_ROOT>/npj_r2scan_protocol_20260909/runs/feature_stacking/feature_stacking_frac010_seed20260528/metrics.json,,,,,
internal_element_reference_for_target_only_frac010_seed20260528,element_reference_internal,Internal element-reference anchor,0.01,20260528,val,pred_element_reference_internal,internal_baseline,3712,155.93582198445165,331.0010347284671,89.13285931724012,302.10279535988695,511.99957702581503,1338.7324368210213,-29.959212917720226,0.8878955952734953,<RUNS_ROOT>/npj_r2scan_protocol_20260909/runs/target_only/target_only_frac010_seed20260528/metrics.json,,,,,
internal_element_reference_for_formdelta_frac010_seed20260529,element_reference_internal,Internal element-reference anchor,0.01,20260529,test,pred_element_reference_internal,internal_baseline,3711,152.48239674489125,255.16477003031778,97.0017658764668,341.48441410196995,473.35433670227354,927.2009375286877,-7.483481316842794,0.9354134028630539,<RUNS_ROOT>/npj_r2scan_protocol_20260909/runs/formdelta/formdelta_frac010_seed20260529/metrics.json,,,,,
internal_element_reference_for_feature_stacking_frac010_seed20260529,element_reference_internal,Internal element-reference anchor,0.01,20260529,test,pred_element_reference_internal,internal_baseline,3711,152.48239674489125,255.16477003031778,97.0017658764668,341.48441410196995,473.35433670227354,927.2009375286877,-7.483481316842794,0.9354134028630539,<RUNS_ROOT>/npj_r2scan_protocol_20260909/runs/feature_stacking/feature_stacking_frac010_seed20260529/metrics.json,,,,,
internal_element_reference_for_target_only_frac010_seed20260529,element_reference_internal,Internal element-reference anchor,0.01,20260529,test,pred_element_reference_internal,internal_baseline,3711,152.48239674489125,255.16477003031778,97.0017658764668,341.48441410196995,473.35433670227354,927.2009375286877,-7.483481316842794,0.9354134028630539,<RUNS_ROOT>/npj_r2scan_protocol_20260909/runs/target_only/target_only_frac010_seed20260529/metrics.json,,,,,
internal_element_reference_for_formdelta_frac010_seed20260529,element_reference_internal,Internal element-reference anchor,0.01,20260529,train,pred_element_reference_internal,internal_baseline,29692,155.65714889916484,287.7568677330328,94.07787794742985,341.5868981703728,499.2581648534589,945.4499603574923,-5.525211867798986,0.9158035199335199,<RUNS_ROOT>/npj_r2scan_protocol_20260909/runs/formdelta/formdelta_frac010_seed20260529/metrics.json,,,,,
internal_element_reference_for_feature_stacking_frac010_seed20260529,element_reference_internal,Internal element-reference anchor,0.01,20260529,train,pred_element_reference_internal,internal_baseline,29692,155.65714889916484,287.7568677330328,94.07787794742985,341.5868981703728,499.2581648534589,945.4499603574923,-5.525211867798986,0.9158035199335199,<RUNS_ROOT>/npj_r2scan_protocol_20260909/runs/feature_stacking/feature_stacking_frac010_seed20260529/metrics.json,,,,,
internal_element_reference_for_target_only_frac010_seed20260529,element_reference_internal,Internal element-reference anchor,0.01,20260529,train,pred_element_reference_internal,internal_baseline,29692,155.65714889916484,287.7568677330328,94.07787794742985,341.5868981703728,499.2581648534589,945.4499603574923,-5.525211867798986,0.9158035199335199,<RUNS_ROOT>/npj_r2scan_protocol_20260909/runs/target_only/target_only_frac010_seed20260529/metrics.json,,,,,
internal_element_reference_for_formdelta_frac010_seed20260529,element_reference_internal,Internal element-reference anchor,0.01,20260529,val,pred_element_reference_internal,internal_baseline,3712,150.2856601127848,270.4601384331911,93.66771143542519,333.4158146528725,456.5204808238963,862.8670792300617,-0.7224584509728109,0.9251536706909725,<RUNS_ROOT>/npj_r2scan_protocol_20260909/runs/formdelta/formdelta_frac010_seed20260529/metrics.json,,,,,
internal_element_reference_for_feature_stacking_frac010_seed20260529,element_reference_internal,Internal element-reference anchor,0.01,20260529,val,pred_element_reference_internal,internal_baseline,3712,150.2856601127848,270.4601384331911,93.66771143542519,333.4158146528725,456.5204808238963,862.8670792300617,-0.7224584509728109,0.9251536706909725,<RUNS_ROOT>/npj_r2scan_protocol_20260909/runs/feature_stacking/feature_stacking_frac010_seed20260529/metrics.json,,,,,
internal_element_reference_for_target_only_frac010_seed20260529,element_reference_internal,Internal element-reference anchor,0.01,20260529,val,pred_element_reference_internal,internal_baseline,3712,150.2856601127848,270.4601384331911,93.66771143542519,333.4158146528725,456.5204808238963,862.8670792300617,-0.7224584509728109,0.9251536706909725,<RUNS_ROOT>/npj_r2scan_protocol_20260909/runs/target_only/target_only_frac010_seed20260529/metrics.json,,,,,
internal_element_reference_for_formdelta_frac010_seed20260530,element_reference_internal,Internal element-reference anchor,0.01,20260530,test,pred_element_reference_internal,internal_baseline,3711,145.72470460004138,278.82851094976536,86.53506673217848,309.1062371057127,437.6040197249933,955.8319260607755,-5.388791446775802,0.9228785230717841,<RUNS_ROOT>/npj_r2scan_protocol_20260909/runs/formdelta/formdelta_frac010_seed20260530/metrics.json,,,,,
internal_element_reference_for_feature_stacking_frac010_seed20260530,element_reference_internal,Internal element-reference anchor,0.01,20260530,test,pred_element_reference_internal,internal_baseline,3711,145.72470460004138,278.82851094976536,86.53506673217848,309.1062371057127,437.6040197249933,955.8319260607755,-5.388791446775802,0.9228785230717841,<RUNS_ROOT>/npj_r2scan_protocol_20260909/runs/feature_stacking/feature_stacking_frac010_seed20260530/metrics.json,,,,,
internal_element_reference_for_target_only_frac010_seed20260530,element_reference_internal,Internal element-reference anchor,0.01,20260530,test,pred_element_reference_internal,internal_baseline,3711,145.72470460004138,278.82851094976536,86.53506673217848,309.1062371057127,437.6040197249933,955.8319260607755,-5.388791446775802,0.9228785230717841,<RUNS_ROOT>/npj_r2scan_protocol_20260909/runs/target_only/target_only_frac010_seed20260530/metrics.json,,,,,
internal_element_reference_for_formdelta_frac010_seed20260530,element_reference_internal,Internal element-reference anchor,0.01,20260530,train,pred_element_reference_internal,internal_baseline,29692,155.86632496983108,340.3165231270152,86.32146304443012,322.2725366692583,472.785590097623,1181.9442573783288,-5.707618549776579,0.8822370674882342,<RUNS_ROOT>/npj_r2scan_protocol_20260909/runs/formdelta/formdelta_frac010_seed20260530/metrics.json,,,,,
internal_element_reference_for_feature_stacking_frac010_seed20260530,element_reference_internal,Internal element-reference anchor,0.01,20260530,train,pred_element_reference_internal,internal_baseline,29692,155.86632496983108,340.3165231270152,86.32146304443012,322.2725366692583,472.785590097623,1181.9442573783288,-5.707618549776579,0.8822370674882342,<RUNS_ROOT>/npj_r2scan_protocol_20260909/runs/feature_stacking/feature_stacking_frac010_seed20260530/metrics.json,,,,,
internal_element_reference_for_target_only_frac010_seed20260530,element_reference_internal,Internal element-reference anchor,0.01,20260530,train,pred_element_reference_internal,internal_baseline,29692,155.86632496983108,340.3165231270152,86.32146304443012,322.2725366692583,472.785590097623,1181.9442573783288,-5.707618549776579,0.8822370674882342,<RUNS_ROOT>/npj_r2scan_protocol_20260909/runs/target_only/target_only_frac010_seed20260530/metrics.json,,,,,
internal_element_reference_for_formdelta_frac010_seed20260530,element_reference_internal,Internal element-reference anchor,0.01,20260530,val,pred_element_reference_internal,internal_baseline,3712,146.93842337791548,302.40271345699546,84.73031304263007,300.6176617439384,430.3601884859216,949.0472328074462,3.5760344939871267,0.906430277467859,<RUNS_ROOT>/npj_r2scan_protocol_20260909/runs/formdelta/formdelta_frac010_seed20260530/metrics.json,,,,,
internal_element_reference_for_feature_stacking_frac010_seed20260530,element_reference_internal,Internal element-reference anchor,0.01,20260530,val,pred_element_reference_internal,internal_baseline,3712,146.93842337791548,302.40271345699546,84.73031304263007,300.6176617439384,430.3601884859216,949.0472328074462,3.5760344939871267,0.906430277467859,<RUNS_ROOT>/npj_r2scan_protocol_20260909/runs/feature_stacking/feature_stacking_frac010_seed20260530/metrics.json,,,,,
internal_element_reference_for_target_only_frac010_seed20260530,element_reference_internal,Internal element-reference anchor,0.01,20260530,val,pred_element_reference_internal,internal_baseline,3712,146.93842337791548,302.40271345699546,84.73031304263007,300.6176617439384,430.3601884859216,949.0472328074462,3.5760344939871267,0.906430277467859,<RUNS_ROOT>/npj_r2scan_protocol_20260909/runs/target_only/target_only_frac010_seed20260530/metrics.json,,,,,
feature_stacking_frac010_seed20260528,feature_stacking,Feature-stacking direct-y baseline,0.01,20260528,test,pred_r2scan_feature_stacking,completed,3711,189.20861487783185,303.7873774730446,124.55842522262733,396.4785296973874,559.2367501046358,1127.6376860492362,-49.74413470611075,0.9084537775013873,<RUNS_ROOT>/npj_r2scan_protocol_20260909/runs/feature_stacking/feature_stacking_frac010_seed20260528/metrics.json,<RUNS_ROOT>/npj_r2scan_protocol_20260909/runs/feature_stacking/feature_stacking_frac010_seed20260528/r2scan_feature_stacking_predictions.csv,27.47236728668213,143.0,498404.0,498643.0
feature_stacking_frac010_seed20260528,feature_stacking,Feature-stacking direct-y baseline,0.01,20260528,train,pred_r2scan_feature_stacking,completed,29692,195.20774838633577,324.20365415049537,123.29789698681293,420.34829690004386,600.0037350712079,1238.3064721426156,-50.93836442153129,0.8931244526846426,<RUNS_ROOT>/npj_r2scan_protocol_20260909/runs/feature_stacking/feature_stacking_frac010_seed20260528/metrics.json,<RUNS_ROOT>/npj_r2scan_protocol_20260909/runs/feature_stacking/feature_stacking_frac010_seed20260528/r2scan_feature_stacking_predictions.csv,27.47236728668213,143.0,498404.0,498643.0
feature_stacking_frac010_seed20260528,feature_stacking,Feature-stacking direct-y baseline,0.01,20260528,val,pred_r2scan_feature_stacking,completed,3712,192.48784843374776,316.172417412315,122.3019938112628,419.3053306709214,587.1980096090828,1243.1056268114123,-45.49494600220362,0.8977150037192423,<RUNS_ROOT>/npj_r2scan_protocol_20260909/runs/feature_stacking/feature_stacking_frac010_seed20260528/metrics.json,<RUNS_ROOT>/npj_r2scan_protocol_20260909/runs/feature_stacking/feature_stacking_frac010_seed20260528/r2scan_feature_stacking_predictions.csv,27.47236728668213,143.0,498404.0,498643.0
feature_stacking_frac010_seed20260529,feature_stacking,Feature-stacking direct-y baseline,0.01,20260529,test,pred_r2scan_feature_stacking,completed,3711,196.02263792346469,285.28161355372947,138.87616185343398,435.97633408203365,587.0066024122749,909.2598412420509,-28.037292219764428,0.9192674735536601,<RUNS_ROOT>/npj_r2scan_protocol_20260909/runs/feature_stacking/feature_stacking_frac010_seed20260529/metrics.json,<RUNS_ROOT>/npj_r2scan_protocol_20260909/runs/feature_stacking/feature_stacking_frac010_seed20260529/r2scan_feature_stacking_predictions.csv,24.5966739654541,89.0,498404.0,498643.0
feature_stacking_frac010_seed20260529,feature_stacking,Feature-stacking direct-y baseline,0.01,20260529,train,pred_r2scan_feature_stacking,completed,29692,196.71535054601023,291.7084787693781,135.29826894741547,439.64074276848834,589.5379984701831,932.1772572545782,-25.004752772809713,0.9134751917263965,<RUNS_ROOT>/npj_r2scan_protocol_20260909/runs/feature_stacking/feature_stacking_frac010_seed20260529/metrics.json,<RUNS_ROOT>/npj_r2scan_protocol_20260909/runs/feature_stacking/feature_stacking_frac010_seed20260529/r2scan_feature_stacking_predictions.csv,24.5966739654541,89.0,498404.0,498643.0
feature_stacking_frac010_seed20260529,feature_stacking,Feature-stacking direct-y baseline,0.01,20260529,val,pred_r2scan_feature_stacking,completed,3712,190.89281267062083,273.7004924373673,134.60077790924174,422.081250962837,563.5244659745136,939.8084483669307,-20.78128245731241,0.9233494753746557,<RUNS_ROOT>/npj_r2scan_protocol_20260909/runs/feature_stacking/feature_stacking_frac010_seed20260529/metrics.json,<RUNS_ROOT>/npj_r2scan_protocol_20260909/runs/feature_stacking/feature_stacking_frac010_seed20260529/r2scan_feature_stacking_predictions.csv,24.5966739654541,89.0,498404.0,498643.0
feature_stacking_frac010_seed20260530,feature_stacking,Feature-stacking direct-y baseline,0.01,20260530,test,pred_r2scan_feature_stacking,completed,3711,194.93914743178505,298.28705259194015,134.15154824020448,426.4956621282962,571.4810308816571,1010.0231094125837,1.2322076887609603,0.9117388087456914,<RUNS_ROOT>/npj_r2scan_protocol_20260909/runs/feature_stacking/feature_stacking_frac010_seed20260530/metrics.json,<RUNS_ROOT>/npj_r2scan_protocol_20260909/runs/feature_stacking/feature_stacking_frac010_seed20260530/r2scan_feature_stacking_predictions.csv,20.409746646881104,106.0,498404.0,498643.0
feature_stacking_frac010_seed20260530,feature_stacking,Feature-stacking direct-y baseline,0.01,20260530,train,pred_r2scan_feature_stacking,completed,29692,200.6334796713497,319.39744060106636,132.1126711546981,436.50346031872584,597.3872783575857,1104.3865977280848,0.1980987283027234,0.8962697548816813,<RUNS_ROOT>/npj_r2scan_protocol_20260909/runs/feature_stacking/feature_stacking_frac010_seed20260530/metrics.json,<RUNS_ROOT>/npj_r2scan_protocol_20260909/runs/feature_stacking/feature_stacking_frac010_seed20260530/r2scan_feature_stacking_predictions.csv,20.409746646881104,106.0,498404.0,498643.0
feature_stacking_frac010_seed20260530,feature_stacking,Feature-stacking direct-y baseline,0.01,20260530,val,pred_r2scan_feature_stacking,completed,3712,191.2010430544115,293.2139374061967,126.08832335530806,424.59392771966594,583.1194535216763,1058.8639308794284,8.197904538991347,0.9120302831975944,<RUNS_ROOT>/npj_r2scan_protocol_20260909/runs/feature_stacking/feature_stacking_frac010_seed20260530/metrics.json,<RUNS_ROOT>/npj_r2scan_protocol_20260909/runs/feature_stacking/feature_stacking_frac010_seed20260530/r2scan_feature_stacking_predictions.csv,20.409746646881104,106.0,498404.0,498643.0
formdelta_frac010_seed20260528,formdelta,Canonical FormDelta fixed-anchor residual,0.01,20260528,test,pred_r2scan_formdelta,completed,3711,146.80571232875693,306.02021206712215,81.64367759411562,290.7666682308961,478.9667813049292,1188.453695109815,-33.4051413025847,0.9071031040718146,<RUNS_ROOT>/npj_r2scan_protocol_20260909/runs/formdelta/formdelta_frac010_seed20260528/metrics.json,<RUNS_ROOT>/npj_r2scan_protocol_20260909/runs/formdelta/formdelta_frac010_seed20260528/r2scan_formdelta_predictions.csv,21.772406816482544,25.0,498404.0,498643.0
formdelta_frac010_seed20260528,formdelta,Canonical FormDelta fixed-anchor residual,0.01,20260528,train,pred_r2scan_formdelta,completed,29692,156.23070993096928,357.00733429317563,82.83368309627114,313.1224783827825,518.8427427938044,1351.2952111049071,-32.94485558149299,0.8704024422923681,<RUNS_ROOT>/npj_r2scan_protocol_20260909/runs/formdelta/formdelta_frac010_seed20260528/metrics.json,<RUNS_ROOT>/npj_r2scan_protocol_20260909/runs/formdelta/formdelta_frac010_seed20260528/r2scan_formdelta_predictions.csv,21.772406816482544,25.0,498404.0,498643.0
formdelta_frac010_seed20260528,formdelta,Canonical FormDelta fixed-anchor residual,0.01,20260528,val,pred_r2scan_formdelta,completed,3712,152.09657550284058,331.4401120729946,79.0672460063574,301.100341870874,526.9575642322368,1330.8465994095968,-26.583839685763124,0.8875979819954216,<RUNS_ROOT>/npj_r2scan_protocol_20260909/runs/formdelta/formdelta_frac010_seed20260528/metrics.json,<RUNS_ROOT>/npj_r2scan_protocol_20260909/runs/formdelta/formdelta_frac010_seed20260528/r2scan_formdelta_predictions.csv,21.772406816482544,25.0,498404.0,498643.0
formdelta_frac010_seed20260529,formdelta,Canonical FormDelta fixed-anchor residual,0.01,20260529,test,pred_r2scan_formdelta,completed,3711,150.5355172699326,254.9506754888034,93.66865808631886,341.0609139255598,479.5631283765893,945.6193382353817,-6.937417854334099,0.9355217394245635,<RUNS_ROOT>/npj_r2scan_protocol_20260909/runs/formdelta/formdelta_frac010_seed20260529/metrics.json,<RUNS_ROOT>/npj_r2scan_protocol_20260909/runs/formdelta/formdelta_frac010_seed20260529/r2scan_formdelta_predictions.csv,15.328776836395264,17.0,498404.0,498643.0
formdelta_frac010_seed20260529,formdelta,Canonical FormDelta fixed-anchor residual,0.01,20260529,train,pred_r2scan_formdelta,completed,29692,154.32596745443558,288.10464794259707,91.65227979739765,343.3894350964961,505.7189004896361,957.3857712798977,-5.270436149816606,0.9155998788207487,<RUNS_ROOT>/npj_r2scan_protocol_20260909/runs/formdelta/formdelta_frac010_seed20260529/metrics.json,<RUNS_ROOT>/npj_r2scan_protocol_20260909/runs/formdelta/formdelta_frac010_seed20260529/r2scan_formdelta_predictions.csv,15.328776836395264,17.0,498404.0,498643.0
formdelta_frac010_seed20260529,formdelta,Canonical FormDelta fixed-anchor residual,0.01,20260529,val,pred_r2scan_formdelta,completed,3712,148.6825589874007,270.5582252039418,92.97209129074224,334.4946813221129,470.49003920266927,888.7847618727109,0.17978003913131893,0.9250993723678822,<RUNS_ROOT>/npj_r2scan_protocol_20260909/runs/formdelta/formdelta_frac010_seed20260529/metrics.json,<RUNS_ROOT>/npj_r2scan_protocol_20260909/runs/formdelta/formdelta_frac010_seed20260529/r2scan_formdelta_predictions.csv,15.328776836395264,17.0,498404.0,498643.0
formdelta_frac010_seed20260530,formdelta,Canonical FormDelta fixed-anchor residual,0.01,20260530,test,pred_r2scan_formdelta,completed,3711,143.84138643603166,279.4963481122054,83.17709159179643,306.8528330856672,446.58867384751613,985.7738786916481,-1.521754900697234,0.9225086450500279,<RUNS_ROOT>/npj_r2scan_protocol_20260909/runs/formdelta/formdelta_frac010_seed20260530/metrics.json,<RUNS_ROOT>/npj_r2scan_protocol_20260909/runs/formdelta/formdelta_frac010_seed20260530/r2scan_formdelta_predictions.csv,15.879932165145874,7.0,498404.0,498643.0
formdelta_frac010_seed20260530,formdelta,Canonical FormDelta fixed-anchor residual,0.01,20260530,train,pred_r2scan_formdelta,completed,29692,154.3867194539873,341.23031632913825,82.69960036374344,321.77516721201926,485.1983930506663,1192.284394651842,-2.248505783822169,0.8816038014876503,<RUNS_ROOT>/npj_r2scan_protocol_20260909/runs/formdelta/formdelta_frac010_seed20260530/metrics.json,<RUNS_ROOT>/npj_r2scan_protocol_20260909/runs/formdelta/formdelta_frac010_seed20260530/r2scan_formdelta_predictions.csv,15.879932165145874,7.0,498404.0,498643.0
formdelta_frac010_seed20260530,formdelta,Canonical FormDelta fixed-anchor residual,0.01,20260530,val,pred_r2scan_formdelta,completed,3712,145.69141474668925,303.82987130483,81.58621311030223,299.67866653258204,435.17991388271605,987.8158258803375,6.701063795548003,0.9055450084609304,<RUNS_ROOT>/npj_r2scan_protocol_20260909/runs/formdelta/formdelta_frac010_seed20260530/metrics.json,<RUNS_ROOT>/npj_r2scan_protocol_20260909/runs/formdelta/formdelta_frac010_seed20260530/r2scan_formdelta_predictions.csv,15.879932165145874,7.0,498404.0,498643.0
raw_frac010_seed20260528,raw,Raw pretrained PBE/GGA predictor,0.01,20260528,test,model_energy_per_atom,baseline_only,3711,4511.14619559229,4891.874148198089,4328.789101071778,7004.029861092121,8016.205878182313,9794.516867372044,-4511.14619559229,-22.738404734247148,,,,,,
raw_frac010_seed20260528,raw,Raw pretrained PBE/GGA predictor,0.01,20260528,train,model_energy_per_atom,baseline_only,29692,4507.124406154977,4895.432960962167,4353.81401846763,7063.056806019905,8102.79165184277,9961.7184677408,-4507.124307523111,-23.368273252553905,,,,,,
raw_frac010_seed20260528,raw,Raw pretrained PBE/GGA predictor,0.01,20260528,train_full,model_energy_per_atom,baseline_only,29692,4507.124406154977,4895.432960962167,4353.81401846763,7063.056806019905,8102.79165184277,9961.7184677408,-4507.124307523111,-23.368273252553905,,,,,,
raw_frac010_seed20260528,raw,Raw pretrained PBE/GGA predictor,0.01,20260528,train_used,model_energy_per_atom,baseline_only,297,4577.903414081347,4969.145257715893,4486.89899583724,6991.097649058728,7927.590951112627,10064.251837640952,-4577.903414081347,-22.52234664781791,,,,,,
raw_frac010_seed20260528,raw,Raw pretrained PBE/GGA predictor,0.01,20260528,val,model_energy_per_atom,baseline_only,3712,4524.424723476253,4903.091323745127,4376.554120550105,7025.3955966116455,8058.967558171445,9859.598648577685,-4524.424723476253,-23.598234582457756,,,,,,
raw_frac010_seed20260529,raw,Raw pretrained PBE/GGA predictor,0.01,20260529,test,model_energy_per_atom,baseline_only,3711,4511.14619559229,4891.874148198089,4328.789101071778,7004.029861092121,8016.205878182313,9794.516867372044,-4511.14619559229,-22.738404734247148,,,,,,
raw_frac010_seed20260529,raw,Raw pretrained PBE/GGA predictor,0.01,20260529,train,model_energy_per_atom,baseline_only,29692,4507.124406154977,4895.432960962167,4353.81401846763,7063.056806019905,8102.79165184277,9961.7184677408,-4507.124307523111,-23.368273252553905,,,,,,
raw_frac010_seed20260529,raw,Raw pretrained PBE/GGA predictor,0.01,20260529,train_full,model_energy_per_atom,baseline_only,29692,4507.124406154977,4895.432960962167,4353.81401846763,7063.056806019905,8102.79165184277,9961.7184677408,-4507.124307523111,-23.368273252553905,,,,,,
raw_frac010_seed20260529,raw,Raw pretrained PBE/GGA predictor,0.01,20260529,train_used,model_energy_per_atom,baseline_only,297,4305.590378258032,4701.3657002632335,4196.446414182877,6552.177190985765,7792.608794385808,9231.131207979046,-4305.590378258032,-19.360669454273054,,,,,,
raw_frac010_seed20260529,raw,Raw pretrained PBE/GGA predictor,0.01,20260529,val,model_energy_per_atom,baseline_only,3712,4524.424723476253,4903.091323745127,4376.554120550105,7025.3955966116455,8058.967558171445,9859.598648577685,-4524.424723476253,-23.598234582457756,,,,,,
raw_frac010_seed20260530,raw,Raw pretrained PBE/GGA predictor,0.01,20260530,test,model_energy_per_atom,baseline_only,3711,4511.14619559229,4891.874148198089,4328.789101071778,7004.029861092121,8016.205878182313,9794.516867372044,-4511.14619559229,-22.738404734247148,,,,,,
raw_frac010_seed20260530,raw,Raw pretrained PBE/GGA predictor,0.01,20260530,train,model_energy_per_atom,baseline_only,29692,4507.124406154977,4895.432960962167,4353.81401846763,7063.056806019905,8102.79165184277,9961.7184677408,-4507.124307523111,-23.368273252553905,,,,,,
raw_frac010_seed20260530,raw,Raw pretrained PBE/GGA predictor,0.01,20260530,train_full,model_energy_per_atom,baseline_only,29692,4507.124406154977,4895.432960962167,4353.81401846763,7063.056806019905,8102.79165184277,9961.7184677408,-4507.124307523111,-23.368273252553905,,,,,,
raw_frac010_seed20260530,raw,Raw pretrained PBE/GGA predictor,0.01,20260530,train_used,model_energy_per_atom,baseline_only,297,4450.230692407987,4852.908528705973,4281.055089021273,6888.280942919727,8340.11335569512,9807.183840345317,-4450.230692407987,-24.29681280704621,,,,,,
raw_frac010_seed20260530,raw,Raw pretrained PBE/GGA predictor,0.01,20260530,val,model_energy_per_atom,baseline_only,3712,4524.424723476253,4903.091323745127,4376.554120550105,7025.3955966116455,8058.967558171445,9859.598648577685,-4524.424723476253,-23.598234582457756,,,,,,
target_only_frac010_seed20260528,target_only,Target-only small MLP,0.01,20260528,test,pred_r2scan_target_only,completed,3711,471.8769875293811,658.196700678279,323.5562099442717,1121.135183035483,1414.3784565032663,2058.709959253675,-19.976580216866047,0.570253467593431,<RUNS_ROOT>/npj_r2scan_protocol_20260909/runs/target_only/target_only_frac010_seed20260528/metrics.json,<RUNS_ROOT>/npj_r2scan_protocol_20260909/runs/target_only/target_only_frac010_seed20260528/r2scan_target_only_predictions.csv,27.1427960395813,124.0,498404.0,498643.0
target_only_frac010_seed20260528,target_only,Target-only small MLP,0.01,20260528,train,pred_r2scan_target_only,completed,29692,476.57405198123587,671.0223727098683,318.3832951377389,1144.3492933380621,1444.6860770937042,2078.8753373809836,-7.5481757738143775,0.5421570392821231,<RUNS_ROOT>/npj_r2scan_protocol_20260909/runs/target_only/target_only_frac010_seed20260528/metrics.json,<RUNS_ROOT>/npj_r2scan_protocol_20260909/runs/target_only/target_only_frac010_seed20260528/r2scan_target_only_predictions.csv,27.1427960395813,124.0,498404.0,498643.0
target_only_frac010_seed20260528,target_only,Target-only small MLP,0.01,20260528,val,pred_r2scan_target_only,completed,3712,467.7333554324916,655.2306523667111,313.49269091339403,1136.6967170400278,1409.0469057719622,2066.044549870948,-12.728750939912613,0.5607089187499463,<RUNS_ROOT>/npj_r2scan_protocol_20260909/runs/target_only/target_only_frac010_seed20260528/metrics.json,<RUNS_ROOT>/npj_r2scan_protocol_20260909/runs/target_only/target_only_frac010_seed20260528/r2scan_target_only_predictions.csv,27.1427960395813,124.0,498404.0,498643.0
target_only_frac010_seed20260529,target_only,Target-only small MLP,0.01,20260529,test,pred_r2scan_target_only,completed,3711,499.14134033186093,696.4058144370193,341.89018540380965,1173.3001480114751,1472.900214410402,2141.1111936811917,-48.460564613992524,0.518910635449577,<RUNS_ROOT>/npj_r2scan_protocol_20260909/runs/target_only/target_only_frac010_seed20260529/metrics.json,<RUNS_ROOT>/npj_r2scan_protocol_20260909/runs/target_only/target_only_frac010_seed20260529/r2scan_target_only_predictions.csv,24.02423357963562,87.0,498404.0,498643.0
target_only_frac010_seed20260529,target_only,Target-only small MLP,0.01,20260529,train,pred_r2scan_target_only,completed,29692,496.40118232392894,701.6434441774869,330.3153376233711,1207.7494277035178,1534.5355564147715,2194.4436911466814,-51.82476452591935,0.49941770605244795,<RUNS_ROOT>/npj_r2scan_protocol_20260909/runs/target_only/target_only_frac010_seed20260529/metrics.json,<RUNS_ROOT>/npj_r2scan_protocol_20260909/runs/target_only/target_only_frac010_seed20260529/r2scan_target_only_predictions.csv,24.02423357963562,87.0,498404.0,498643.0
target_only_frac010_seed20260529,target_only,Target-only small MLP,0.01,20260529,val,pred_r2scan_target_only,completed,3712,492.00966688342226,695.0153018070519,323.28096474796905,1203.1352883935556,1515.0643577411379,2143.684157638811,-37.06175068947137,0.505743138858076,<RUNS_ROOT>/npj_r2scan_protocol_20260909/runs/target_only/target_only_frac010_seed20260529/metrics.json,<RUNS_ROOT>/npj_r2scan_protocol_20260909/runs/target_only/target_only_frac010_seed20260529/r2scan_target_only_predictions.csv,24.02423357963562,87.0,498404.0,498643.0
target_only_frac010_seed20260530,target_only,Target-only small MLP,0.01,20260530,test,pred_r2scan_target_only,completed,3711,482.65661060002054,684.3249696028607,323.5276590166137,1165.2550251721805,1469.4142228862368,2114.766898946432,41.684637394781404,0.535457179246053,<RUNS_ROOT>/npj_r2scan_protocol_20260909/runs/target_only/target_only_frac010_seed20260530/metrics.json,<RUNS_ROOT>/npj_r2scan_protocol_20260909/runs/target_only/target_only_frac010_seed20260530/r2scan_target_only_predictions.csv,34.79147934913635,200.0,498404.0,498643.0
target_only_frac010_seed20260530,target_only,Target-only small MLP,0.01,20260530,train,pred_r2scan_target_only,completed,29692,478.7130345949411,692.6053886548298,309.5602420983071,1157.1252078165094,1482.7655458595157,2278.780282246037,36.68987797120654,0.5122309128444863,<RUNS_ROOT>/npj_r2scan_protocol_20260909/runs/target_only/target_only_frac010_seed20260530/metrics.json,<RUNS_ROOT>/npj_r2scan_protocol_20260909/runs/target_only/target_only_frac010_seed20260530/r2scan_target_only_predictions.csv,34.79147934913635,200.0,498404.0,498643.0
target_only_frac010_seed20260530,target_only,Target-only small MLP,0.01,20260530,val,pred_r2scan_target_only,completed,3712,480.762011196779,688.3431192775004,313.6884895947687,1146.8203157034068,1504.514676775627,2317.470557984759,39.567554295948064,0.515187370072503,<RUNS_ROOT>/npj_r2scan_protocol_20260909/runs/target_only/target_only_frac010_seed20260530/metrics.json,<RUNS_ROOT>/npj_r2scan_protocol_20260909/runs/target_only/target_only_frac010_seed20260530/r2scan_target_only_predictions.csv,34.79147934913635,200.0,498404.0,498643.0
affine_energy_composition_frac050_seed20260528,affine_energy_composition,Linear energy+composition calibration,0.05,20260528,test,pred_affine_energy_composition,baseline_only,3711,112.6868380225923,185.6747905834329,70.31915903794972,245.9966497488709,373.5794344780719,689.8953949895595,-9.89454462266644,0.9658015151984684,,,,,,
affine_energy_composition_frac050_seed20260528,affine_energy_composition,Linear energy+composition calibration,0.05,20260528,train,pred_affine_energy_composition,baseline_only,29692,115.9260686832524,202.61859687061263,71.57645588448602,254.64683216114565,395.6123141353171,748.5016603149421,-4.106659063367954,0.9582553188899164,,,,,,
affine_energy_composition_frac050_seed20260528,affine_energy_composition,Linear energy+composition calibration,0.05,20260528,train_full,pred_affine_energy_composition,baseline_only,29692,115.9260686832524,202.61859687061263,71.57645588448602,254.64683216114565,395.6123141353171,748.5016603149421,-4.106659063367954,0.9582553188899164,,,,,,
affine_energy_composition_frac050_seed20260528,affine_energy_composition,Linear energy+composition calibration,0.05,20260528,train_used,pred_affine_energy_composition,baseline_only,1485,108.7901048460854,171.92848561436327,66.55808114994377,241.5741852932925,393.0120014719387,663.9191165448185,4.214062694008187e-12,0.9705127421264286,,,,,,
affine_energy_composition_frac050_seed20260528,affine_energy_composition,Linear energy+composition calibration,0.05,20260528,val,pred_affine_energy_composition,baseline_only,3712,114.26730573236183,206.3746173407049,68.98670051576661,245.39045739565236,385.7450928115405,778.84616535718,-2.913065667837671,0.956421072672284,,,,,,
affine_energy_composition_frac050_seed20260529,affine_energy_composition,Linear energy+composition calibration,0.05,20260529,test,pred_affine_energy_composition,baseline_only,3711,109.07872198663128,195.35125241177488,66.08285059815877,243.10196613380032,368.2724403903788,709.3729040109868,-0.0134712112704428,0.962144117161823,,,,,,
affine_energy_composition_frac050_seed20260529,affine_energy_composition,Linear energy+composition calibration,0.05,20260529,train,pred_affine_energy_composition,baseline_only,29692,114.36842528929952,226.22553529417044,65.65934524094486,252.3854677783633,394.4891013482889,750.2577034563851,7.192669685788539,0.9479613777664028,,,,,,
affine_energy_composition_frac050_seed20260529,affine_energy_composition,Linear energy+composition calibration,0.05,20260529,train_full,pred_affine_energy_composition,baseline_only,29692,114.36842528929952,226.22553529417044,65.65934524094486,252.3854677783633,394.4891013482889,750.2577034563851,7.192669685788539,0.9479613777664028,,,,,,
affine_energy_composition_frac050_seed20260529,affine_energy_composition,Linear energy+composition calibration,0.05,20260529,train_used,pred_affine_energy_composition,baseline_only,1485,103.67018935320051,167.7279157945756,61.5806335270378,243.43803010201236,364.4780396517872,681.4093996893321,-2.7769780489344656e-12,0.9722249475927502,,,,,,
affine_energy_composition_frac050_seed20260529,affine_energy_composition,Linear energy+composition calibration,0.05,20260529,val,pred_affine_energy_composition,baseline_only,3712,111.64096498233178,219.78944085558675,64.64150818465319,244.03598496597647,384.7765433198791,736.2283259900971,9.614549936257385,0.950571478231294,,,,,,
affine_energy_composition_frac050_seed20260530,affine_energy_composition,Linear energy+composition calibration,0.05,20260530,test,pred_affine_energy_composition,baseline_only,3711,108.66251435429234,170.39414460776578,70.5749329945693,238.52793157894504,360.8669706092986,689.3832030969083,-1.0738651874256395,0.9711988179411404,,,,,,
affine_energy_composition_frac050_seed20260530,affine_energy_composition,Linear energy+composition calibration,0.05,20260530,train,pred_affine_energy_composition,baseline_only,29692,113.11094089627797,194.47748088493364,69.34500958159114,250.01554146488309,377.97883584556513,731.5710308153148,4.885697723339344,0.9615424882505712,,,,,,
affine_energy_composition_frac050_seed20260530,affine_energy_composition,Linear energy+composition calibration,0.05,20260530,train_full,pred_affine_energy_composition,baseline_only,29692,113.11094089627797,194.47748088493364,69.34500958159114,250.01554146488309,377.97883584556513,731.5710308153148,4.885697723339344,0.9615424882505712,,,,,,
affine_energy_composition_frac050_seed20260530,affine_energy_composition,Linear energy+composition calibration,0.05,20260530,train_used,pred_affine_energy_composition,baseline_only,1485,108.77320797206264,172.64987603907784,65.33904649671052,248.06559484299592,362.5790527228134,715.572113902312,9.94640210074955e-13,0.9704185241239236,,,,,,
affine_energy_composition_frac050_seed20260530,affine_energy_composition,Linear energy+composition calibration,0.05,20260530,val,pred_affine_energy_composition,baseline_only,3712,109.94079537329826,192.1972872181667,68.14091324289589,240.04194554673632,376.8866287025253,692.0963493295604,6.636041143683371,0.962202899875773,,,,,,
classical_delta_frac050_seed20260528,classical_delta,Classical residual adapter,0.05,20260528,test,pred_fe_adapter,completed,3711,52.10015247518975,123.07437982147815,24.622035770363482,96.09569339436774,180.10470803692257,535.313930126321,-2.0128639152226313,0.9849742454188694,<RUNS_ROOT>/npj_r2scan_protocol_20260909/runs/classical_delta/classical_delta_frac050_seed20260528/metrics.json,<RUNS_ROOT>/npj_r2scan_protocol_20260909/runs/classical_delta/classical_delta_frac050_seed20260528/fe_adapter_predictions.csv,22.134459257125854,200.0,,
classical_delta_frac050_seed20260528,classical_delta,Classical residual adapter,0.05,20260528,train,pred_fe_adapter,completed,29692,53.046632976488254,146.08610505846772,23.27046819187717,103.0478186248693,191.05216641619106,556.1269093001843,-0.5666251308847243,0.978299968669173,<RUNS_ROOT>/npj_r2scan_protocol_20260909/runs/classical_delta/classical_delta_frac050_seed20260528/metrics.json,<RUNS_ROOT>/npj_r2scan_protocol_20260909/runs/classical_delta/classical_delta_frac050_seed20260528/fe_adapter_predictions.csv,22.134459257125854,200.0,,
classical_delta_frac050_seed20260528,classical_delta,Classical residual adapter,0.05,20260528,val,pred_fe_adapter,completed,3712,54.3406788671664,156.46931746450042,23.48399952640537,102.61171055221594,179.20236597070075,623.0099082476565,-2.4004874742710967,0.9749491566984556,<RUNS_ROOT>/npj_r2scan_protocol_20260909/runs/classical_delta/classical_delta_frac050_seed20260528/metrics.json,<RUNS_ROOT>/npj_r2scan_protocol_20260909/runs/classical_delta/classical_delta_frac050_seed20260528/fe_adapter_predictions.csv,22.134459257125854,200.0,,
classical_delta_frac050_seed20260529,classical_delta,Classical residual adapter,0.05,20260529,test,pred_fe_adapter,completed,3711,46.23942004274069,134.68591373143968,22.482099163513958,89.6294486854089,147.54818529151854,488.4668396355677,6.157320246747161,0.982005270070751,<RUNS_ROOT>/npj_r2scan_protocol_20260909/runs/classical_delta/classical_delta_frac050_seed20260529/metrics.json,<RUNS_ROOT>/npj_r2scan_protocol_20260909/runs/classical_delta/classical_delta_frac050_seed20260529/fe_adapter_predictions.csv,14.794293642044067,200.0,,
classical_delta_frac050_seed20260529,classical_delta,Classical residual adapter,0.05,20260529,train,pred_fe_adapter,completed,29692,50.006463749891815,175.47001672070988,21.647762689247703,95.08035602445977,162.33033325056152,525.1096161273184,10.210647101882202,0.9686925009814994,<RUNS_ROOT>/npj_r2scan_protocol_20260909/runs/classical_delta/classical_delta_frac050_seed20260529/metrics.json,<RUNS_ROOT>/npj_r2scan_protocol_20260909/runs/classical_delta/classical_delta_frac050_seed20260529/fe_adapter_predictions.csv,14.794293642044067,200.0,,
classical_delta_frac050_seed20260529,classical_delta,Classical residual adapter,0.05,20260529,val,pred_fe_adapter,completed,3712,49.47111528986287,170.87117285276165,21.402097476755365,93.50677006579502,158.2953894520896,480.71414883243995,8.920072890651408,0.9701254360555251,<RUNS_ROOT>/npj_r2scan_protocol_20260909/runs/classical_delta/classical_delta_frac050_seed20260529/metrics.json,<RUNS_ROOT>/npj_r2scan_protocol_20260909/runs/classical_delta/classical_delta_frac050_seed20260529/fe_adapter_predictions.csv,14.794293642044067,200.0,,
classical_delta_frac050_seed20260530,classical_delta,Classical residual adapter,0.05,20260530,test,pred_fe_adapter,completed,3711,45.475632771369334,90.76895628267397,24.25347000244127,92.7367085958859,145.9393026106508,413.6561801805133,7.9277296922169915,0.9918271098353449,<RUNS_ROOT>/npj_r2scan_protocol_20260909/runs/classical_delta/classical_delta_frac050_seed20260530/metrics.json,<RUNS_ROOT>/npj_r2scan_protocol_20260909/runs/classical_delta/classical_delta_frac050_seed20260530/fe_adapter_predictions.csv,23.22536301612854,200.0,,
classical_delta_frac050_seed20260530,classical_delta,Classical residual adapter,0.05,20260530,train,pred_fe_adapter,completed,29692,47.47108704714636,127.38726483955517,22.9992398759325,95.42249469491927,158.10483254974142,473.06948105658716,9.169292814889792,0.9834995964276961,<RUNS_ROOT>/npj_r2scan_protocol_20260909/runs/classical_delta/classical_delta_frac050_seed20260530/metrics.json,<RUNS_ROOT>/npj_r2scan_protocol_20260909/runs/classical_delta/classical_delta_frac050_seed20260530/fe_adapter_predictions.csv,23.22536301612854,200.0,,
classical_delta_frac050_seed20260530,classical_delta,Classical residual adapter,0.05,20260530,val,pred_fe_adapter,completed,3712,46.56581702415386,128.7558318852005,24.12075980722006,94.16307305258371,148.45769102860365,435.82707270392746,8.897360597186054,0.9830371902021302,<RUNS_ROOT>/npj_r2scan_protocol_20260909/runs/classical_delta/classical_delta_frac050_seed20260530/metrics.json,<RUNS_ROOT>/npj_r2scan_protocol_20260909/runs/classical_delta/classical_delta_frac050_seed20260530/fe_adapter_predictions.csv,23.22536301612854,200.0,,
composition_only_linear_frac050_seed20260528,composition_only_linear,Composition-only linear baseline,0.05,20260528,test,pred_composition_only_linear,baseline_only,3711,397.8342163065928,587.7649260763484,270.53177777108806,921.7078237263934,1150.586174513315,1658.6906576584695,13.20007509839697,0.6573045703750282,,,,,,
composition_only_linear_frac050_seed20260528,composition_only_linear,Composition-only linear baseline,0.05,20260528,train,pred_composition_only_linear,baseline_only,29692,393.55633450312337,581.1216082227684,267.03682410440217,916.5324640067946,1147.3011022442724,1743.92166513828,12.618704841563,0.6566187403169588,,,,,,
composition_only_linear_frac050_seed20260528,composition_only_linear,Composition-only linear baseline,0.05,20260528,train_full,pred_composition_only_linear,baseline_only,29692,393.55633450312337,581.1216082227684,267.03682410440217,916.5324640067946,1147.3011022442724,1743.92166513828,12.618704841563,0.6566187403169588,,,,,,
composition_only_linear_frac050_seed20260528,composition_only_linear,Composition-only linear baseline,0.05,20260528,train_used,pred_composition_only_linear,baseline_only,1485,362.73953564305776,528.1300508146443,232.4027799603998,859.7641149375161,1126.8732824912204,1754.6106415327006,9.055233181319796e-13,0.7217594189410959,,,,,,
composition_only_linear_frac050_seed20260528,composition_only_linear,Composition-only linear baseline,0.05,20260528,val,pred_composition_only_linear,baseline_only,3712,388.2202997630585,570.754241574641,272.8265112853305,879.8393447840708,1119.0421407702372,1656.5646266277356,21.140613732241977,0.6666793121367316,,,,,,
composition_only_linear_frac050_seed20260529,composition_only_linear,Composition-only linear baseline,0.05,20260529,test,pred_composition_only_linear,baseline_only,3711,392.9829550513807,561.255749813353,259.39296709697834,934.803708540418,1164.230234321887,1758.4019018358651,-1.9164983636986412,0.687519741312198,,,,,,
composition_only_linear_frac050_seed20260529,composition_only_linear,Composition-only linear baseline,0.05,20260529,train,pred_composition_only_linear,baseline_only,29692,392.68091208401904,565.5003414270607,259.1395038816193,925.5658872064068,1170.9275965330148,1795.1210553083995,-4.8891456550373045,0.6748316377416756,,,,,,
composition_only_linear_frac050_seed20260529,composition_only_linear,Composition-only linear baseline,0.05,20260529,train_full,pred_composition_only_linear,baseline_only,29692,392.68091208401904,565.5003414270607,259.1395038816193,925.5658872064068,1170.9275965330148,1795.1210553083995,-4.8891456550373045,0.6748316377416756,,,,,,
composition_only_linear_frac050_seed20260529,composition_only_linear,Composition-only linear baseline,0.05,20260529,train_used,pred_composition_only_linear,baseline_only,1485,365.7429897666327,532.9817823393905,237.2553200314784,890.1788902237172,1076.8750231182655,1623.966599516807,-2.0891631111195536e-12,0.7195413005074305,,,,,,
composition_only_linear_frac050_seed20260529,composition_only_linear,Composition-only linear baseline,0.05,20260529,val,pred_composition_only_linear,baseline_only,3712,382.4171960215294,542.9133522338549,256.61823085847766,893.9997495926092,1130.562883095794,1705.0237878845255,6.135271141218657,0.6984043873735232,,,,,,
composition_only_linear_frac050_seed20260530,composition_only_linear,Composition-only linear baseline,0.05,20260530,test,pred_composition_only_linear,baseline_only,3711,391.39077654279833,562.0352450148243,263.16418230598595,920.1314467195164,1169.040424925322,1816.8648844642428,0.698377391980619,0.6866511675573861,,,,,,
composition_only_linear_frac050_seed20260530,composition_only_linear,Composition-only linear baseline,0.05,20260530,train,pred_composition_only_linear,baseline_only,29692,391.7075667205848,578.0341601476207,258.2053594003437,899.0213281085161,1179.0689992605762,1858.129668931386,-1.1474272842654218,0.6602577566413402,,,,,,
composition_only_linear_frac050_seed20260530,composition_only_linear,Composition-only linear baseline,0.05,20260530,train_full,pred_composition_only_linear,baseline_only,29692,391.7075667205848,578.0341601476207,258.2053594003437,899.0213281085161,1179.0689992605762,1858.129668931386,-1.1474272842654218,0.6602577566413402,,,,,,
composition_only_linear_frac050_seed20260530,composition_only_linear,Composition-only linear baseline,0.05,20260530,train_used,pred_composition_only_linear,baseline_only,1485,367.7888882305351,521.5964563581666,247.03934463167664,837.1431223130218,1078.818626025107,1650.749513307255,-5.87334146899342e-13,0.730004478362894,,,,,,
composition_only_linear_frac050_seed20260530,composition_only_linear,Composition-only linear baseline,0.05,20260530,val,pred_composition_only_linear,baseline_only,3712,378.77680465406274,536.7496926572135,259.3414882024381,863.2367832401246,1124.991529765259,1763.8144801493513,6.889000641688532,0.7052135052859054,,,,,,
element_reference_frac050_seed20260528,element_reference,Element-reference calibration,0.05,20260528,test,pred_element_reference,baseline_only,3711,111.94696095487744,185.3817859940729,70.25259163818498,243.1475286875173,373.2440544774855,697.0887519254021,-10.250829430921142,0.9659093640526288,,,,,,
element_reference_frac050_seed20260528,element_reference,Element-reference calibration,0.05,20260528,train,pred_element_reference,baseline_only,29692,115.26306374495556,202.9445936139693,71.17966390952618,251.4969147497572,391.2517518189956,757.1448477766414,-4.3646842245803095,0.9581208832764944,,,,,,
element_reference_frac050_seed20260528,element_reference,Element-reference calibration,0.05,20260528,train_full,pred_element_reference,baseline_only,29692,115.26306374495556,202.9445936139693,71.17966390952618,251.4969147497572,391.2517518189956,757.1448477766414,-4.3646842245803095,0.9581208832764944,,,,,,
element_reference_frac050_seed20260528,element_reference,Element-reference calibration,0.05,20260528,train_used,pred_element_reference,baseline_only,1485,108.34466084410336,172.1009302513807,65.37109606039326,241.5636794361209,379.1054149779958,667.0764967878426,3.5785815014618005e-12,0.9704535608970356,,,,,,
element_reference_frac050_seed20260528,element_reference,Element-reference calibration,0.05,20260528,val,pred_element_reference,baseline_only,3712,113.93966353041456,207.27270509080128,68.84705090769836,241.6344179676449,384.061478939846,792.2222699445372,-3.28414605493495,0.9560409594610576,,,,,,
element_reference_frac050_seed20260529,element_reference,Element-reference calibration,0.05,20260529,test,pred_element_reference,baseline_only,3711,109.25539778480908,195.24517714345623,66.40844355340248,243.60460609290203,369.9392145428052,708.2453257942727,-0.0195174565236474,0.9621852173099577,,,,,,
element_reference_frac050_seed20260529,element_reference,Element-reference calibration,0.05,20260529,train,pred_element_reference,baseline_only,29692,114.51107869999326,225.94834467952785,65.9224405359291,253.1724683829869,395.0395921641696,748.495272484429,7.154283538864363,0.9480888238615924,,,,,,
element_reference_frac050_seed20260529,element_reference,Element-reference calibration,0.05,20260529,train_full,pred_element_reference,baseline_only,29692,114.51107869999326,225.94834467952785,65.9224405359291,253.1724683829869,395.0395921641696,748.495272484429,7.154283538864363,0.9480888238615924,,,,,,
element_reference_frac050_seed20260529,element_reference,Element-reference calibration,0.05,20260529,train_used,pred_element_reference,baseline_only,1485,103.82623907466736,167.73562993710595,62.05297146834088,242.8859008198361,366.1660234152028,678.2800280769138,3.444756638560856e-12,0.9722223926735029,,,,,,
element_reference_frac050_seed20260529,element_reference,Element-reference calibration,0.05,20260529,val,pred_element_reference,baseline_only,3712,111.72097893506032,219.45324811951537,64.75095487061355,244.2318769280735,388.4013931771159,732.8380872968272,9.603495685076648,0.95072257557911,,,,,,
element_reference_frac050_seed20260530,element_reference,Element-reference calibration,0.05,20260530,test,pred_element_reference,baseline_only,3711,108.32742400438512,170.27917530066867,69.72737518859695,237.91242495305372,359.18605274262904,692.4438587488632,-1.0840287882718531,0.9712376706242432,,,,,,
element_reference_frac050_seed20260530,element_reference,Element-reference calibration,0.05,20260530,train,pred_element_reference,baseline_only,29692,112.77379046059376,194.54605071662897,68.78151054240978,248.94363027290825,376.2349944666967,732.0119016465466,4.920296982100845,0.9615153643904332,,,,,,
element_reference_frac050_seed20260530,element_reference,Element-reference calibration,0.05,20260530,train_full,pred_element_reference,baseline_only,29692,112.77379046059376,194.54605071662897,68.78151054240978,248.94363027290825,376.2349944666967,732.0119016465466,4.920296982100845,0.9615153643904332,,,,,,
element_reference_frac050_seed20260530,element_reference,Element-reference calibration,0.05,20260530,train_used,pred_element_reference,baseline_only,1485,108.51494807314228,172.6729249010212,64.83007111171723,247.07793360061197,362.2526521692421,717.9158847891215,3.1053349192478455e-12,0.9704106253071874,,,,,,
element_reference_frac050_seed20260530,element_reference,Element-reference calibration,0.05,20260530,val,pred_element_reference,baseline_only,3712,109.70624180856306,192.5538063452917,68.29987362402225,239.53246316959232,375.6859826873266,693.2212741335245,6.634590454853839,0.9620625452690772,,,,,,
internal_element_reference_for_formdelta_frac050_seed20260528,element_reference_internal,Internal element-reference anchor,0.05,20260528,test,pred_element_reference_internal,internal_baseline,3711,111.94695821155285,185.3817835865499,70.25232100192491,243.14717118278395,373.2439269742824,697.0885743589541,-10.250879262414403,0.9659093649380878,<RUNS_ROOT>/npj_r2scan_protocol_20260909/runs/formdelta/formdelta_frac050_seed20260528/metrics.json,,,,,
internal_element_reference_for_feature_stacking_frac050_seed20260528,element_reference_internal,Internal element-reference anchor,0.05,20260528,test,pred_element_reference_internal,internal_baseline,3711,111.94695821155285,185.3817835865499,70.25232100192491,243.14717118278395,373.2439269742824,697.0885743589541,-10.250879262414403,0.9659093649380878,<RUNS_ROOT>/npj_r2scan_protocol_20260909/runs/feature_stacking/feature_stacking_frac050_seed20260528/metrics.json,,,,,
internal_element_reference_for_target_only_frac050_seed20260528,element_reference_internal,Internal element-reference anchor,0.05,20260528,test,pred_element_reference_internal,internal_baseline,3711,111.94695821155285,185.3817835865499,70.25232100192491,243.14717118278395,373.2439269742824,697.0885743589541,-10.250879262414403,0.9659093649380878,<RUNS_ROOT>/npj_r2scan_protocol_20260909/runs/target_only/target_only_frac050_seed20260528/metrics.json,,,,,
internal_element_reference_for_formdelta_frac050_seed20260528,element_reference_internal,Internal element-reference anchor,0.05,20260528,train,pred_element_reference_internal,internal_baseline,29692,115.2630609991396,202.94459090298292,71.1796988975329,251.49700109255141,391.2515777544434,757.1446164609591,-4.364729765284499,0.9581208843953586,<RUNS_ROOT>/npj_r2scan_protocol_20260909/runs/formdelta/formdelta_frac050_seed20260528/metrics.json,,,,,
internal_element_reference_for_feature_stacking_frac050_seed20260528,element_reference_internal,Internal element-reference anchor,0.05,20260528,train,pred_element_reference_internal,internal_baseline,29692,115.2630609991396,202.94459090298292,71.1796988975329,251.49700109255141,391.2515777544434,757.1446164609591,-4.364729765284499,0.9581208843953586,<RUNS_ROOT>/npj_r2scan_protocol_20260909/runs/feature_stacking/feature_stacking_frac050_seed20260528/metrics.json,,,,,
internal_element_reference_for_target_only_frac050_seed20260528,element_reference_internal,Internal element-reference anchor,0.05,20260528,train,pred_element_reference_internal,internal_baseline,29692,115.2630609991396,202.94459090298292,71.1796988975329,251.49700109255141,391.2515777544434,757.1446164609591,-4.364729765284499,0.9581208843953586,<RUNS_ROOT>/npj_r2scan_protocol_20260909/runs/target_only/target_only_frac050_seed20260528/metrics.json,,,,,
internal_element_reference_for_formdelta_frac050_seed20260528,element_reference_internal,Internal element-reference anchor,0.05,20260528,val,pred_element_reference_internal,internal_baseline,3712,113.93965778802915,207.2726985935962,68.84722271138341,241.6346143990619,384.06158699898396,792.2227060365944,-3.28419196298799,0.9560409622169527,<RUNS_ROOT>/npj_r2scan_protocol_20260909/runs/formdelta/formdelta_frac050_seed20260528/metrics.json,,,,,
internal_element_reference_for_feature_stacking_frac050_seed20260528,element_reference_internal,Internal element-reference anchor,0.05,20260528,val,pred_element_reference_internal,internal_baseline,3712,113.93965778802915,207.2726985935962,68.84722271138341,241.6346143990619,384.06158699898396,792.2227060365944,-3.28419196298799,0.9560409622169527,<RUNS_ROOT>/npj_r2scan_protocol_20260909/runs/feature_stacking/feature_stacking_frac050_seed20260528/metrics.json,,,,,
internal_element_reference_for_target_only_frac050_seed20260528,element_reference_internal,Internal element-reference anchor,0.05,20260528,val,pred_element_reference_internal,internal_baseline,3712,113.93965778802915,207.2726985935962,68.84722271138341,241.6346143990619,384.06158699898396,792.2227060365944,-3.28419196298799,0.9560409622169527,<RUNS_ROOT>/npj_r2scan_protocol_20260909/runs/target_only/target_only_frac050_seed20260528/metrics.json,,,,,
internal_element_reference_for_formdelta_frac050_seed20260529,element_reference_internal,Internal element-reference anchor,0.05,20260529,test,pred_element_reference_internal,internal_baseline,3711,109.25538735520159,195.24517656590024,66.40838143676753,243.60473130493077,369.9394866235352,708.2451507864956,-0.019652459289342245,0.9621852175336779,<RUNS_ROOT>/npj_r2scan_protocol_20260909/runs/formdelta/formdelta_frac050_seed20260529/metrics.json,,,,,
internal_element_reference_for_feature_stacking_frac050_seed20260529,element_reference_internal,Internal element-reference anchor,0.05,20260529,test,pred_element_reference_internal,internal_baseline,3711,109.25538735520159,195.24517656590024,66.40838143676753,243.60473130493077,369.9394866235352,708.2451507864956,-0.019652459289342245,0.9621852175336779,<RUNS_ROOT>/npj_r2scan_protocol_20260909/runs/feature_stacking/feature_stacking_frac050_seed20260529/metrics.json,,,,,
internal_element_reference_for_target_only_frac050_seed20260529,element_reference_internal,Internal element-reference anchor,0.05,20260529,test,pred_element_reference_internal,internal_baseline,3711,109.25538735520159,195.24517656590024,66.40838143676753,243.60473130493077,369.9394866235352,708.2451507864956,-0.019652459289342245,0.9621852175336779,<RUNS_ROOT>/npj_r2scan_protocol_20260909/runs/target_only/target_only_frac050_seed20260529/metrics.json,,,,,
internal_element_reference_for_formdelta_frac050_seed20260529,element_reference_internal,Internal element-reference anchor,0.05,20260529,train,pred_element_reference_internal,internal_baseline,29692,114.51106803462977,225.94833912516165,65.9225059625239,253.17236274630366,395.0396275307535,748.4947854858176,7.15415395270222,0.9480888264138014,<RUNS_ROOT>/npj_r2scan_protocol_20260909/runs/formdelta/formdelta_frac050_seed20260529/metrics.json,,,,,
internal_element_reference_for_feature_stacking_frac050_seed20260529,element_reference_internal,Internal element-reference anchor,0.05,20260529,train,pred_element_reference_internal,internal_baseline,29692,114.51106803462977,225.94833912516165,65.9225059625239,253.17236274630366,395.0396275307535,748.4947854858176,7.15415395270222,0.9480888264138014,<RUNS_ROOT>/npj_r2scan_protocol_20260909/runs/feature_stacking/feature_stacking_frac050_seed20260529/metrics.json,,,,,
internal_element_reference_for_target_only_frac050_seed20260529,element_reference_internal,Internal element-reference anchor,0.05,20260529,train,pred_element_reference_internal,internal_baseline,29692,114.51106803462977,225.94833912516165,65.9225059625239,253.17236274630366,395.0396275307535,748.4947854858176,7.15415395270222,0.9480888264138014,<RUNS_ROOT>/npj_r2scan_protocol_20260909/runs/target_only/target_only_frac050_seed20260529/metrics.json,,,,,
internal_element_reference_for_formdelta_frac050_seed20260529,element_reference_internal,Internal element-reference anchor,0.05,20260529,val,pred_element_reference_internal,internal_baseline,3712,111.72096536991619,219.453244633255,64.75077365224702,244.23205585147758,388.4012985983887,732.8378501592571,9.603368253529293,0.9507225771447642,<RUNS_ROOT>/npj_r2scan_protocol_20260909/runs/formdelta/formdelta_frac050_seed20260529/metrics.json,,,,,
internal_element_reference_for_feature_stacking_frac050_seed20260529,element_reference_internal,Internal element-reference anchor,0.05,20260529,val,pred_element_reference_internal,internal_baseline,3712,111.72096536991619,219.453244633255,64.75077365224702,244.23205585147758,388.4012985983887,732.8378501592571,9.603368253529293,0.9507225771447642,<RUNS_ROOT>/npj_r2scan_protocol_20260909/runs/feature_stacking/feature_stacking_frac050_seed20260529/metrics.json,,,,,
internal_element_reference_for_target_only_frac050_seed20260529,element_reference_internal,Internal element-reference anchor,0.05,20260529,val,pred_element_reference_internal,internal_baseline,3712,111.72096536991619,219.453244633255,64.75077365224702,244.23205585147758,388.4012985983887,732.8378501592571,9.603368253529293,0.9507225771447642,<RUNS_ROOT>/npj_r2scan_protocol_20260909/runs/target_only/target_only_frac050_seed20260529/metrics.json,,,,,
internal_element_reference_for_formdelta_frac050_seed20260530,element_reference_internal,Internal element-reference anchor,0.05,20260530,test,pred_element_reference_internal,internal_baseline,3711,108.32741890435588,170.27917649276557,69.7276224959289,237.91266415478418,359.1856175647842,692.4433252782363,-1.084262407306007,0.9712376702215224,<RUNS_ROOT>/npj_r2scan_protocol_20260909/runs/formdelta/formdelta_frac050_seed20260530/metrics.json,,,,,
internal_element_reference_for_feature_stacking_frac050_seed20260530,element_reference_internal,Internal element-reference anchor,0.05,20260530,test,pred_element_reference_internal,internal_baseline,3711,108.32741890435588,170.27917649276557,69.7276224959289,237.91266415478418,359.1856175647842,692.4433252782363,-1.084262407306007,0.9712376702215224,<RUNS_ROOT>/npj_r2scan_protocol_20260909/runs/feature_stacking/feature_stacking_frac050_seed20260530/metrics.json,,,,,
internal_element_reference_for_target_only_frac050_seed20260530,element_reference_internal,Internal element-reference anchor,0.05,20260530,test,pred_element_reference_internal,internal_baseline,3711,108.32741890435588,170.27917649276557,69.7276224959289,237.91266415478418,359.1856175647842,692.4433252782363,-1.084262407306007,0.9712376702215224,<RUNS_ROOT>/npj_r2scan_protocol_20260909/runs/target_only/target_only_frac050_seed20260530/metrics.json,,,,,
internal_element_reference_for_formdelta_frac050_seed20260530,element_reference_internal,Internal element-reference anchor,0.05,20260530,train,pred_element_reference_internal,internal_baseline,29692,112.77377965264333,194.54604357226398,68.78135777063277,248.94378601547828,376.23484217968826,732.0117333672041,4.920060325617902,0.9615153672169957,<RUNS_ROOT>/npj_r2scan_protocol_20260909/runs/formdelta/formdelta_frac050_seed20260530/metrics.json,,,,,
internal_element_reference_for_feature_stacking_frac050_seed20260530,element_reference_internal,Internal element-reference anchor,0.05,20260530,train,pred_element_reference_internal,internal_baseline,29692,112.77377965264333,194.54604357226398,68.78135777063277,248.94378601547828,376.23484217968826,732.0117333672041,4.920060325617902,0.9615153672169957,<RUNS_ROOT>/npj_r2scan_protocol_20260909/runs/feature_stacking/feature_stacking_frac050_seed20260530/metrics.json,,,,,
internal_element_reference_for_target_only_frac050_seed20260530,element_reference_internal,Internal element-reference anchor,0.05,20260530,train,pred_element_reference_internal,internal_baseline,29692,112.77377965264333,194.54604357226398,68.78135777063277,248.94378601547828,376.23484217968826,732.0117333672041,4.920060325617902,0.9615153672169957,<RUNS_ROOT>/npj_r2scan_protocol_20260909/runs/target_only/target_only_frac050_seed20260530/metrics.json,,,,,
internal_element_reference_for_formdelta_frac050_seed20260530,element_reference_internal,Internal element-reference anchor,0.05,20260530,val,pred_element_reference_internal,internal_baseline,3712,109.70622749522448,192.55379735074706,68.29986060557614,239.5329123325239,375.68628024496223,693.2213565907977,6.634353313452433,0.9620625488133344,<RUNS_ROOT>/npj_r2scan_protocol_20260909/runs/formdelta/formdelta_frac050_seed20260530/metrics.json,,,,,
internal_element_reference_for_feature_stacking_frac050_seed20260530,element_reference_internal,Internal element-reference anchor,0.05,20260530,val,pred_element_reference_internal,internal_baseline,3712,109.70622749522448,192.55379735074706,68.29986060557614,239.5329123325239,375.68628024496223,693.2213565907977,6.634353313452433,0.9620625488133344,<RUNS_ROOT>/npj_r2scan_protocol_20260909/runs/feature_stacking/feature_stacking_frac050_seed20260530/metrics.json,,,,,
internal_element_reference_for_target_only_frac050_seed20260530,element_reference_internal,Internal element-reference anchor,0.05,20260530,val,pred_element_reference_internal,internal_baseline,3712,109.70622749522448,192.55379735074706,68.29986060557614,239.5329123325239,375.68628024496223,693.2213565907977,6.634353313452433,0.9620625488133344,<RUNS_ROOT>/npj_r2scan_protocol_20260909/runs/target_only/target_only_frac050_seed20260530/metrics.json,,,,,
feature_stacking_frac050_seed20260528,feature_stacking,Feature-stacking direct-y baseline,0.05,20260528,test,pred_r2scan_feature_stacking,completed,3711,112.05470882386778,191.61079314883182,66.94902742736808,251.7384078824268,368.63307864915606,726.4744242295648,-14.74976656862367,0.9635799182511655,<RUNS_ROOT>/npj_r2scan_protocol_20260909/runs/feature_stacking/feature_stacking_frac050_seed20260528/metrics.json,<RUNS_ROOT>/npj_r2scan_protocol_20260909/runs/feature_stacking/feature_stacking_frac050_seed20260528/r2scan_feature_stacking_predictions.csv,30.489996671676636,193.0,498404.0,498643.0
feature_stacking_frac050_seed20260528,feature_stacking,Feature-stacking direct-y baseline,0.05,20260528,train,pred_r2scan_feature_stacking,completed,29692,114.98733705326539,194.8740900680937,66.71395715038042,265.9059251151147,387.17013113873776,743.5962173356183,-10.20690130743726,0.9613854710472508,<RUNS_ROOT>/npj_r2scan_protocol_20260909/runs/feature_stacking/feature_stacking_frac050_seed20260528/metrics.json,<RUNS_ROOT>/npj_r2scan_protocol_20260909/runs/feature_stacking/feature_stacking_frac050_seed20260528/r2scan_feature_stacking_predictions.csv,30.489996671676636,193.0,498404.0,498643.0
feature_stacking_frac050_seed20260528,feature_stacking,Feature-stacking direct-y baseline,0.05,20260528,val,pred_r2scan_feature_stacking,completed,3712,113.9432861158043,187.21549044991698,68.8714895421576,254.4643367808404,389.0204932629559,733.6137186563082,-6.861193323714757,0.9641369242067727,<RUNS_ROOT>/npj_r2scan_protocol_20260909/runs/feature_stacking/feature_stacking_frac050_seed20260528/metrics.json,<RUNS_ROOT>/npj_r2scan_protocol_20260909/runs/feature_stacking/feature_stacking_frac050_seed20260528/r2scan_feature_stacking_predictions.csv,30.489996671676636,193.0,498404.0,498643.0
feature_stacking_frac050_seed20260529,feature_stacking,Feature-stacking direct-y baseline,0.05,20260529,test,pred_r2scan_feature_stacking,completed,3711,115.3099435747008,190.03353299579123,70.04419570790165,269.1599551947661,365.06899659602874,659.6823121244315,-11.334907925062828,0.9641770403180043,<RUNS_ROOT>/npj_r2scan_protocol_20260909/runs/feature_stacking/feature_stacking_frac050_seed20260529/metrics.json,<RUNS_ROOT>/npj_r2scan_protocol_20260909/runs/feature_stacking/feature_stacking_frac050_seed20260529/r2scan_feature_stacking_predictions.csv,30.41432476043701,194.0,498404.0,498643.0
feature_stacking_frac050_seed20260529,feature_stacking,Feature-stacking direct-y baseline,0.05,20260529,train,pred_r2scan_feature_stacking,completed,29692,118.12664256435282,195.1444557307652,69.14970250432273,278.08717306278277,397.80179653738855,713.2097462131366,-5.777865253379143,0.9612782501756403,<RUNS_ROOT>/npj_r2scan_protocol_20260909/runs/feature_stacking/feature_stacking_frac050_seed20260529/metrics.json,<RUNS_ROOT>/npj_r2scan_protocol_20260909/runs/feature_stacking/feature_stacking_frac050_seed20260529/r2scan_feature_stacking_predictions.csv,30.41432476043701,194.0,498404.0,498643.0
feature_stacking_frac050_seed20260529,feature_stacking,Feature-stacking direct-y baseline,0.05,20260529,val,pred_r2scan_feature_stacking,completed,3712,117.07642754040215,186.8430220499703,67.87069526153466,273.80998869283803,400.8205617946242,689.160403200923,-0.42227693520104437,0.964279482651895,<RUNS_ROOT>/npj_r2scan_protocol_20260909/runs/feature_stacking/feature_stacking_frac050_seed20260529/metrics.json,<RUNS_ROOT>/npj_r2scan_protocol_20260909/runs/feature_stacking/feature_stacking_frac050_seed20260529/r2scan_feature_stacking_predictions.csv,30.41432476043701,194.0,498404.0,498643.0
feature_stacking_frac050_seed20260530,feature_stacking,Feature-stacking direct-y baseline,0.05,20260530,test,pred_r2scan_feature_stacking,completed,3711,108.00269753907217,179.60140348669617,68.20428457397654,239.55889897593607,336.21230522294644,669.4598396777553,0.2568704649483324,0.9680021770278759,<RUNS_ROOT>/npj_r2scan_protocol_20260909/runs/feature_stacking/feature_stacking_frac050_seed20260530/metrics.json,<RUNS_ROOT>/npj_r2scan_protocol_20260909/runs/feature_stacking/feature_stacking_frac050_seed20260530/r2scan_feature_stacking_predictions.csv,28.037615537643433,199.0,498404.0,498643.0
feature_stacking_frac050_seed20260530,feature_stacking,Feature-stacking direct-y baseline,0.05,20260530,train,pred_r2scan_feature_stacking,completed,29692,109.56689867894096,183.41295219803877,65.27948841817144,250.84716212308822,362.4870166864961,695.7059450110316,6.7613033001704235,0.9657939801604618,<RUNS_ROOT>/npj_r2scan_protocol_20260909/runs/feature_stacking/feature_stacking_frac050_seed20260530/metrics.json,<RUNS_ROOT>/npj_r2scan_protocol_20260909/runs/feature_stacking/feature_stacking_frac050_seed20260530/r2scan_feature_stacking_predictions.csv,28.037615537643433,199.0,498404.0,498643.0
feature_stacking_frac050_seed20260530,feature_stacking,Feature-stacking direct-y baseline,0.05,20260530,val,pred_r2scan_feature_stacking,completed,3712,105.27064156793213,168.71018862191102,63.417266023164025,244.48958184170112,349.9720279407036,688.8735064945731,10.016243381604264,0.9708762968300209,<RUNS_ROOT>/npj_r2scan_protocol_20260909/runs/feature_stacking/feature_stacking_frac050_seed20260530/metrics.json,<RUNS_ROOT>/npj_r2scan_protocol_20260909/runs/feature_stacking/feature_stacking_frac050_seed20260530/r2scan_feature_stacking_predictions.csv,28.037615537643433,199.0,498404.0,498643.0
formdelta_frac050_seed20260528,formdelta,Canonical FormDelta fixed-anchor residual,0.05,20260528,test,pred_r2scan_formdelta,completed,3711,82.18275738005065,159.93354539980183,42.353865439911374,173.21799243736402,305.9171912850142,731.3581559101619,-7.169871929180193,0.974626515712377,<RUNS_ROOT>/npj_r2scan_protocol_20260909/runs/formdelta/formdelta_frac050_seed20260528/metrics.json,<RUNS_ROOT>/npj_r2scan_protocol_20260909/runs/formdelta/formdelta_frac050_seed20260528/r2scan_formdelta_predictions.csv,36.2171516418457,200.0,498404.0,498643.0
formdelta_frac050_seed20260528,formdelta,Canonical FormDelta fixed-anchor residual,0.05,20260528,train,pred_r2scan_formdelta,completed,29692,84.78239653904318,179.75660670998516,41.6676876706923,184.19362320289554,320.03723251264904,715.3050348975974,-4.056926057015662,0.9671441835836757,<RUNS_ROOT>/npj_r2scan_protocol_20260909/runs/formdelta/formdelta_frac050_seed20260528/metrics.json,<RUNS_ROOT>/npj_r2scan_protocol_20260909/runs/formdelta/formdelta_frac050_seed20260528/r2scan_formdelta_predictions.csv,36.2171516418457,200.0,498404.0,498643.0
formdelta_frac050_seed20260528,formdelta,Canonical FormDelta fixed-anchor residual,0.05,20260528,val,pred_r2scan_formdelta,completed,3712,84.68663994923058,186.44129356188625,40.398004957618014,188.67993802511157,317.1675104352641,718.8586148851849,-2.318888873041618,0.9644329218594273,<RUNS_ROOT>/npj_r2scan_protocol_20260909/runs/formdelta/formdelta_frac050_seed20260528/metrics.json,<RUNS_ROOT>/npj_r2scan_protocol_20260909/runs/formdelta/formdelta_frac050_seed20260528/r2scan_formdelta_predictions.csv,36.2171516418457,200.0,498404.0,498643.0
formdelta_frac050_seed20260529,formdelta,Canonical FormDelta fixed-anchor residual,0.05,20260529,test,pred_r2scan_formdelta,completed,3711,81.97914684167107,175.90844718708178,40.154076299642185,191.2264557692871,308.6491021348543,628.8956009043405,6.653690905779517,0.9693045242454116,<RUNS_ROOT>/npj_r2scan_protocol_20260909/runs/formdelta/formdelta_frac050_seed20260529/metrics.json,<RUNS_ROOT>/npj_r2scan_protocol_20260909/runs/formdelta/formdelta_frac050_seed20260529/r2scan_formdelta_predictions.csv,22.220094442367554,200.0,498404.0,498643.0
formdelta_frac050_seed20260529,formdelta,Canonical FormDelta fixed-anchor residual,0.05,20260529,train,pred_r2scan_formdelta,completed,29692,87.51017810088565,211.1554874246105,39.72037374536699,202.1446555820071,331.77602124034553,713.4523484502712,11.967324584331777,0.9546635735200585,<RUNS_ROOT>/npj_r2scan_protocol_20260909/runs/formdelta/formdelta_frac050_seed20260529/metrics.json,<RUNS_ROOT>/npj_r2scan_protocol_20260909/runs/formdelta/formdelta_frac050_seed20260529/r2scan_formdelta_predictions.csv,22.220094442367554,200.0,498404.0,498643.0
formdelta_frac050_seed20260529,formdelta,Canonical FormDelta fixed-anchor residual,0.05,20260529,val,pred_r2scan_formdelta,completed,3712,87.37199374682403,208.04300576088042,39.88794585062777,203.94926199957138,341.87507964868973,704.4861707869508,14.087165943223363,0.9557136167989606,<RUNS_ROOT>/npj_r2scan_protocol_20260909/runs/formdelta/formdelta_frac050_seed20260529/metrics.json,<RUNS_ROOT>/npj_r2scan_protocol_20260909/runs/formdelta/formdelta_frac050_seed20260529/r2scan_formdelta_predictions.csv,22.220094442367554,200.0,498404.0,498643.0
formdelta_frac050_seed20260530,formdelta,Canonical FormDelta fixed-anchor residual,0.05,20260530,test,pred_r2scan_formdelta,completed,3711,81.55161492632222,146.12579032912365,43.462587442365304,183.97325259834363,303.79138281439265,625.9841902082479,8.114241422463703,0.9788185969011927,<RUNS_ROOT>/npj_r2scan_protocol_20260909/runs/formdelta/formdelta_frac050_seed20260530/metrics.json,<RUNS_ROOT>/npj_r2scan_protocol_20260909/runs/formdelta/formdelta_frac050_seed20260530/r2scan_formdelta_predictions.csv,26.700926065444946,199.0,498404.0,498643.0
formdelta_frac050_seed20260530,formdelta,Canonical FormDelta fixed-anchor residual,0.05,20260530,train,pred_r2scan_formdelta,completed,29692,84.65924625408671,174.80522332451716,41.63327254577118,193.34567498072533,323.26229232307253,679.3893341988651,14.484081430988955,0.9689292775252052,<RUNS_ROOT>/npj_r2scan_protocol_20260909/runs/formdelta/formdelta_frac050_seed20260530/metrics.json,<RUNS_ROOT>/npj_r2scan_protocol_20260909/runs/formdelta/formdelta_frac050_seed20260530/r2scan_formdelta_predictions.csv,26.700926065444946,199.0,498404.0,498643.0
formdelta_frac050_seed20260530,formdelta,Canonical FormDelta fixed-anchor residual,0.05,20260530,val,pred_r2scan_formdelta,completed,3712,84.02771489497557,176.4040736497035,41.9518629919053,196.50978920296447,316.9771257756443,684.30313686641,15.391831977155167,0.9681594035866737,<RUNS_ROOT>/npj_r2scan_protocol_20260909/runs/formdelta/formdelta_frac050_seed20260530/metrics.json,<RUNS_ROOT>/npj_r2scan_protocol_20260909/runs/formdelta/formdelta_frac050_seed20260530/r2scan_formdelta_predictions.csv,26.700926065444946,199.0,498404.0,498643.0
raw_frac050_seed20260528,raw,Raw pretrained PBE/GGA predictor,0.05,20260528,test,model_energy_per_atom,baseline_only,3711,4511.14619559229,4891.874148198089,4328.789101071778,7004.029861092121,8016.205878182313,9794.516867372044,-4511.14619559229,-22.738404734247148,,,,,,
raw_frac050_seed20260528,raw,Raw pretrained PBE/GGA predictor,0.05,20260528,train,model_energy_per_atom,baseline_only,29692,4507.124406154977,4895.432960962167,4353.81401846763,7063.056806019905,8102.79165184277,9961.7184677408,-4507.124307523111,-23.368273252553905,,,,,,
raw_frac050_seed20260528,raw,Raw pretrained PBE/GGA predictor,0.05,20260528,train_full,model_energy_per_atom,baseline_only,29692,4507.124406154977,4895.432960962167,4353.81401846763,7063.056806019905,8102.79165184277,9961.7184677408,-4507.124307523111,-23.368273252553905,,,,,,
raw_frac050_seed20260528,raw,Raw pretrained PBE/GGA predictor,0.05,20260528,train_used,model_energy_per_atom,baseline_only,1485,4397.99749509349,4772.017953174769,4274.607074339602,6738.4359895370935,7832.118747476967,9750.743834620427,-4397.99749509349,-21.71657484178412,,,,,,
raw_frac050_seed20260528,raw,Raw pretrained PBE/GGA predictor,0.05,20260528,val,model_energy_per_atom,baseline_only,3712,4524.424723476253,4903.091323745127,4376.554120550105,7025.3955966116455,8058.967558171445,9859.598648577685,-4524.424723476253,-23.598234582457756,,,,,,
raw_frac050_seed20260529,raw,Raw pretrained PBE/GGA predictor,0.05,20260529,test,model_energy_per_atom,baseline_only,3711,4511.14619559229,4891.874148198089,4328.789101071778,7004.029861092121,8016.205878182313,9794.516867372044,-4511.14619559229,-22.738404734247148,,,,,,
raw_frac050_seed20260529,raw,Raw pretrained PBE/GGA predictor,0.05,20260529,train,model_energy_per_atom,baseline_only,29692,4507.124406154977,4895.432960962167,4353.81401846763,7063.056806019905,8102.79165184277,9961.7184677408,-4507.124307523111,-23.368273252553905,,,,,,
raw_frac050_seed20260529,raw,Raw pretrained PBE/GGA predictor,0.05,20260529,train_full,model_energy_per_atom,baseline_only,29692,4507.124406154977,4895.432960962167,4353.81401846763,7063.056806019905,8102.79165184277,9961.7184677408,-4507.124307523111,-23.368273252553905,,,,,,
raw_frac050_seed20260529,raw,Raw pretrained PBE/GGA predictor,0.05,20260529,train_used,model_energy_per_atom,baseline_only,1485,4575.433373027694,4972.2337219390265,4444.010433394532,7064.780907141604,8265.953901420042,10563.017025740104,-4575.433373027694,-23.40884645826164,,,,,,
raw_frac050_seed20260529,raw,Raw pretrained PBE/GGA predictor,0.05,20260529,val,model_energy_per_atom,baseline_only,3712,4524.424723476253,4903.091323745127,4376.554120550105,7025.3955966116455,8058.967558171445,9859.598648577685,-4524.424723476253,-23.598234582457756,,,,,,
raw_frac050_seed20260530,raw,Raw pretrained PBE/GGA predictor,0.05,20260530,test,model_energy_per_atom,baseline_only,3711,4511.14619559229,4891.874148198089,4328.789101071778,7004.029861092121,8016.205878182313,9794.516867372044,-4511.14619559229,-22.738404734247148,,,,,,
raw_frac050_seed20260530,raw,Raw pretrained PBE/GGA predictor,0.05,20260530,train,model_energy_per_atom,baseline_only,29692,4507.124406154977,4895.432960962167,4353.81401846763,7063.056806019905,8102.79165184277,9961.7184677408,-4507.124307523111,-23.368273252553905,,,,,,
raw_frac050_seed20260530,raw,Raw pretrained PBE/GGA predictor,0.05,20260530,train_full,model_energy_per_atom,baseline_only,29692,4507.124406154977,4895.432960962167,4353.81401846763,7063.056806019905,8102.79165184277,9961.7184677408,-4507.124307523111,-23.368273252553905,,,,,,
raw_frac050_seed20260530,raw,Raw pretrained PBE/GGA predictor,0.05,20260530,train_used,model_energy_per_atom,baseline_only,1485,4421.069013183979,4787.92101624254,4304.575704445963,6810.009238621768,7798.880892713703,9560.796188950868,-4421.069013183979,-21.74999215264316,,,,,,
raw_frac050_seed20260530,raw,Raw pretrained PBE/GGA predictor,0.05,20260530,val,model_energy_per_atom,baseline_only,3712,4524.424723476253,4903.091323745127,4376.554120550105,7025.3955966116455,8058.967558171445,9859.598648577685,-4524.424723476253,-23.598234582457756,,,,,,
target_only_frac050_seed20260528,target_only,Target-only small MLP,0.05,20260528,test,pred_r2scan_target_only,completed,3711,352.57011637045747,513.5159902575136,228.06930422871918,854.7900289693237,1127.54545563212,1681.3383187985296,4.5893608447567384,0.738417357805809,<RUNS_ROOT>/npj_r2scan_protocol_20260909/runs/target_only/target_only_frac050_seed20260528/metrics.json,<RUNS_ROOT>/npj_r2scan_protocol_20260909/runs/target_only/target_only_frac050_seed20260528/r2scan_target_only_predictions.csv,25.65440011024475,200.0,498404.0,498643.0
target_only_frac050_seed20260528,target_only,Target-only small MLP,0.05,20260528,train,pred_r2scan_target_only,completed,29692,341.34974318385247,502.03411351681495,218.4415173358341,817.8463232351098,1097.0220104589762,1691.8566501178752,11.137851803548058,0.7437233737250616,<RUNS_ROOT>/npj_r2scan_protocol_20260909/runs/target_only/target_only_frac050_seed20260528/metrics.json,<RUNS_ROOT>/npj_r2scan_protocol_20260909/runs/target_only/target_only_frac050_seed20260528/r2scan_target_only_predictions.csv,25.65440011024475,200.0,498404.0,498643.0
target_only_frac050_seed20260528,target_only,Target-only small MLP,0.05,20260528,val,pred_r2scan_target_only,completed,3712,339.13886516382456,493.3449786341709,216.91725668734088,819.9163767356337,1085.5621252929054,1626.5120504633605,5.9477345089061675,0.7509621269352131,<RUNS_ROOT>/npj_r2scan_protocol_20260909/runs/target_only/target_only_frac050_seed20260528/metrics.json,<RUNS_ROOT>/npj_r2scan_protocol_20260909/runs/target_only/target_only_frac050_seed20260528/r2scan_target_only_predictions.csv,25.65440011024475,200.0,498404.0,498643.0
target_only_frac050_seed20260529,target_only,Target-only small MLP,0.05,20260529,test,pred_r2scan_target_only,completed,3711,352.00281554448355,520.7604849277574,221.96395939072033,857.866794208375,1135.4286886401358,1723.0194346794606,7.037954152473894,0.7309846728843552,<RUNS_ROOT>/npj_r2scan_protocol_20260909/runs/target_only/target_only_frac050_seed20260529/metrics.json,<RUNS_ROOT>/npj_r2scan_protocol_20260909/runs/target_only/target_only_frac050_seed20260529/r2scan_target_only_predictions.csv,35.117125272750854,199.0,498404.0,498643.0
target_only_frac050_seed20260529,target_only,Target-only small MLP,0.05,20260529,train,pred_r2scan_target_only,completed,29692,343.7978463822923,512.2776138037925,217.18181714819517,824.8416711186345,1117.9308731925807,1762.2602793813037,8.183849390479926,0.733158547173345,<RUNS_ROOT>/npj_r2scan_protocol_20260909/runs/target_only/target_only_frac050_seed20260529/metrics.json,<RUNS_ROOT>/npj_r2scan_protocol_20260909/runs/target_only/target_only_frac050_seed20260529/r2scan_target_only_predictions.csv,35.117125272750854,199.0,498404.0,498643.0
target_only_frac050_seed20260529,target_only,Target-only small MLP,0.05,20260529,val,pred_r2scan_target_only,completed,3712,343.20787854197084,499.2998367737986,222.30555633715008,797.3221044978128,1094.7806023151973,1678.1415593720274,19.005539673141588,0.7449138833622748,<RUNS_ROOT>/npj_r2scan_protocol_20260909/runs/target_only/target_only_frac050_seed20260529/metrics.json,<RUNS_ROOT>/npj_r2scan_protocol_20260909/runs/target_only/target_only_frac050_seed20260529/r2scan_target_only_predictions.csv,35.117125272750854,199.0,498404.0,498643.0
target_only_frac050_seed20260530,target_only,Target-only small MLP,0.05,20260530,test,pred_r2scan_target_only,completed,3711,346.50522159417005,506.00841703603584,227.57918826476953,799.453230821396,1086.416614293665,1665.9953554709748,1.0175150830338362,0.7460100917635288,<RUNS_ROOT>/npj_r2scan_protocol_20260909/runs/target_only/target_only_frac050_seed20260530/metrics.json,<RUNS_ROOT>/npj_r2scan_protocol_20260909/runs/target_only/target_only_frac050_seed20260530/r2scan_target_only_predictions.csv,33.605138301849365,200.0,498404.0,498643.0
target_only_frac050_seed20260530,target_only,Target-only small MLP,0.05,20260530,train,pred_r2scan_target_only,completed,29692,343.69588598259645,507.6745458542261,220.90835281077642,815.5076190446473,1090.4195492182562,1759.2094855988435,5.180351938426232,0.7379324077220056,<RUNS_ROOT>/npj_r2scan_protocol_20260909/runs/target_only/target_only_frac050_seed20260530/metrics.json,<RUNS_ROOT>/npj_r2scan_protocol_20260909/runs/target_only/target_only_frac050_seed20260530/r2scan_target_only_predictions.csv,33.605138301849365,200.0,498404.0,498643.0
target_only_frac050_seed20260530,target_only,Target-only small MLP,0.05,20260530,val,pred_r2scan_target_only,completed,3712,334.8791016716792,491.95812805452834,212.29158571573046,805.1774444814331,1046.0635010083301,1649.7673019350848,22.049146951900696,0.7523603082650123,<RUNS_ROOT>/npj_r2scan_protocol_20260909/runs/target_only/target_only_frac050_seed20260530/metrics.json,<RUNS_ROOT>/npj_r2scan_protocol_20260909/runs/target_only/target_only_frac050_seed20260530/r2scan_target_only_predictions.csv,33.605138301849365,200.0,498404.0,498643.0
affine_energy_composition_frac100_seed20260528,affine_energy_composition,Linear energy+composition calibration,0.1,20260528,test,pred_affine_energy_composition,baseline_only,3711,109.03185932401848,177.53737755132374,67.48458205682373,243.7143935020827,373.2571958749189,703.620074721604,-6.136852524870544,0.9687334055805312,,,,,,
affine_energy_composition_frac100_seed20260528,affine_energy_composition,Linear energy+composition calibration,0.1,20260528,train,pred_affine_energy_composition,baseline_only,29692,111.38921262258832,188.5765128307179,67.03069057702565,254.30412234358647,390.2204944639245,732.4517003805537,-1.15671648065894,0.9638408892343704,,,,,,
affine_energy_composition_frac100_seed20260528,affine_energy_composition,Linear energy+composition calibration,0.1,20260528,train_full,pred_affine_energy_composition,baseline_only,29692,111.38921262258832,188.5765128307179,67.03069057702565,254.30412234358647,390.2204944639245,732.4517003805537,-1.15671648065894,0.9638408892343704,,,,,,
affine_energy_composition_frac100_seed20260528,affine_energy_composition,Linear energy+composition calibration,0.1,20260528,train_used,pred_affine_energy_composition,baseline_only,2969,108.6630077674157,177.50687418280333,63.41885204994474,250.42507424909925,394.6726221382765,713.7744484166177,-2.2645707770730712e-13,0.9687170887846625,,,,,,
affine_energy_composition_frac100_seed20260528,affine_energy_composition,Linear energy+composition calibration,0.1,20260528,val,pred_affine_energy_composition,baseline_only,3712,108.46689465280636,177.8240118578661,66.10503264370871,241.172526155938,384.143027197465,708.4242581696913,-0.354424014444291,0.9676447483317848,,,,,,
affine_energy_composition_frac100_seed20260529,affine_energy_composition,Linear energy+composition calibration,0.1,20260529,test,pred_affine_energy_composition,baseline_only,3711,108.42857101462292,190.99404087400904,68.20583766144762,240.9485060591443,372.761317501354,668.5568880565323,-5.750541343257778,0.9638139971102124,,,,,,
affine_energy_composition_frac100_seed20260529,affine_energy_composition,Linear energy+composition calibration,0.1,20260529,train,pred_affine_energy_composition,baseline_only,29692,112.41804705830484,219.09052572863675,66.32953820906023,254.89866931191625,385.1035010482912,711.6396441555212,0.8959724514662198,0.951192143435513,,,,,,
affine_energy_composition_frac100_seed20260529,affine_energy_composition,Linear energy+composition calibration,0.1,20260529,train_full,pred_affine_energy_composition,baseline_only,29692,112.41804705830484,219.09052572863675,66.32953820906023,254.89866931191625,385.1035010482912,711.6396441555212,0.8959724514662198,0.951192143435513,,,,,,
affine_energy_composition_frac100_seed20260529,affine_energy_composition,Linear energy+composition calibration,0.1,20260529,train_used,pred_affine_energy_composition,baseline_only,2969,104.19587117162384,167.58712928521064,60.90923442589835,242.6803160628015,373.3933054094839,677.4551220837889,-4.646857353456348e-12,0.9713496442769782,,,,,,
affine_energy_composition_frac100_seed20260529,affine_energy_composition,Linear energy+composition calibration,0.1,20260529,val,pred_affine_energy_composition,baseline_only,3712,109.39909810388684,211.37437228116477,64.12216467921122,241.07758605802664,376.1828632942382,673.6351265849337,2.5297689388886444,0.954283956649054,,,,,,
affine_energy_composition_frac100_seed20260530,affine_energy_composition,Linear energy+composition calibration,0.1,20260530,test,pred_affine_energy_composition,baseline_only,3711,106.33043338092033,170.02887809246056,68.35835995740014,229.95083327278465,359.0192597966169,709.8179214150307,-1.5793910184066131,0.9713221652742686,,,,,,
affine_energy_composition_frac100_seed20260530,affine_energy_composition,Linear energy+composition calibration,0.1,20260530,train,pred_affine_energy_composition,baseline_only,29692,110.23313126509032,193.35756657482256,66.38847050933538,242.1067945455334,379.8159741343265,730.7114431350263,4.448517457646325,0.9619841343377612,,,,,,
affine_energy_composition_frac100_seed20260530,affine_energy_composition,Linear energy+composition calibration,0.1,20260530,train_full,pred_affine_energy_composition,baseline_only,29692,110.23313126509032,193.35756657482256,66.38847050933538,242.1067945455334,379.8159741343265,730.7114431350263,4.448517457646325,0.9619841343377612,,,,,,
affine_energy_composition_frac100_seed20260530,affine_energy_composition,Linear energy+composition calibration,0.1,20260530,train_used,pred_affine_energy_composition,baseline_only,2969,110.38993497274213,175.60892656738272,66.48238981425669,247.6343945066705,387.0127967343229,713.4947165966329,4.735555535147519e-13,0.969018639313158,,,,,,
affine_energy_composition_frac100_seed20260530,affine_energy_composition,Linear energy+composition calibration,0.1,20260530,val,pred_affine_energy_composition,baseline_only,3712,107.6213412041729,192.36582735309992,65.66491950226,234.1294938682936,381.9168118936517,709.5101010081909,5.377020749717103,0.9621365813386448,,,,,,
classical_delta_frac100_seed20260528,classical_delta,Classical residual adapter,0.1,20260528,test,pred_fe_adapter,completed,3711,33.663110775328136,80.11673402927171,17.349587360382003,67.81848724864648,105.09323047790309,305.8937872046364,0.0426417569936315,0.9936328152296386,<RUNS_ROOT>/npj_r2scan_protocol_20260909/runs/classical_delta/classical_delta_frac100_seed20260528/metrics.json,<RUNS_ROOT>/npj_r2scan_protocol_20260909/runs/classical_delta/classical_delta_frac100_seed20260528/fe_adapter_predictions.csv,22.99923038482666,199.0,,
classical_delta_frac100_seed20260528,classical_delta,Classical residual adapter,0.1,20260528,train,pred_fe_adapter,completed,29692,33.29611240959737,98.97208632844672,15.895773131665791,65.61920705547202,104.71262271928863,324.13962772480266,-0.06797900525289308,0.9900398015561839,<RUNS_ROOT>/npj_r2scan_protocol_20260909/runs/classical_delta/classical_delta_frac100_seed20260528/metrics.json,<RUNS_ROOT>/npj_r2scan_protocol_20260909/runs/classical_delta/classical_delta_frac100_seed20260528/fe_adapter_predictions.csv,22.99923038482666,199.0,,
classical_delta_frac100_seed20260528,classical_delta,Classical residual adapter,0.1,20260528,val,pred_fe_adapter,completed,3712,33.688582461070006,82.03140969896235,16.152350981527952,69.89146008597407,113.94941650514076,348.50027915687775,-2.352072297368246,0.9931146769128391,<RUNS_ROOT>/npj_r2scan_protocol_20260909/runs/classical_delta/classical_delta_frac100_seed20260528/metrics.json,<RUNS_ROOT>/npj_r2scan_protocol_20260909/runs/classical_delta/classical_delta_frac100_seed20260528/fe_adapter_predictions.csv,22.99923038482666,199.0,,
classical_delta_frac100_seed20260529,classical_delta,Classical residual adapter,0.1,20260529,test,pred_fe_adapter,completed,3711,32.8679740602375,116.9547172643616,15.651863304566582,66.47586977465903,101.9676126016755,308.6573741003054,2.4709486435369548,0.9864313554433914,<RUNS_ROOT>/npj_r2scan_protocol_20260909/runs/classical_delta/classical_delta_frac100_seed20260529/metrics.json,<RUNS_ROOT>/npj_r2scan_protocol_20260909/runs/classical_delta/classical_delta_frac100_seed20260529/fe_adapter_predictions.csv,25.109437227249146,198.0,,
classical_delta_frac100_seed20260529,classical_delta,Classical residual adapter,0.1,20260529,train,pred_fe_adapter,completed,29692,34.36878517895348,158.91990152396338,14.607124047046781,64.84767111690715,102.43366014594206,291.1011215242814,3.2204432076439224,0.9743197578099432,<RUNS_ROOT>/npj_r2scan_protocol_20260909/runs/classical_delta/classical_delta_frac100_seed20260529/metrics.json,<RUNS_ROOT>/npj_r2scan_protocol_20260909/runs/classical_delta/classical_delta_frac100_seed20260529/fe_adapter_predictions.csv,25.109437227249146,198.0,,
classical_delta_frac100_seed20260529,classical_delta,Classical residual adapter,0.1,20260529,val,pred_fe_adapter,completed,3712,34.5816388469242,153.5399675474327,15.283204676855465,63.85306037516299,104.33963018890306,307.93502823621674,2.19031734335283,0.9758783582531295,<RUNS_ROOT>/npj_r2scan_protocol_20260909/runs/classical_delta/classical_delta_frac100_seed20260529/metrics.json,<RUNS_ROOT>/npj_r2scan_protocol_20260909/runs/classical_delta/classical_delta_frac100_seed20260529/fe_adapter_predictions.csv,25.109437227249146,198.0,,
classical_delta_frac100_seed20260530,classical_delta,Classical residual adapter,0.1,20260530,test,pred_fe_adapter,completed,3711,32.83454481203733,69.82231179382133,17.058214295399665,65.06933877929555,107.71859322077273,321.87671842653333,3.070608875976251,0.9951639650902296,<RUNS_ROOT>/npj_r2scan_protocol_20260909/runs/classical_delta/classical_delta_frac100_seed20260530/metrics.json,<RUNS_ROOT>/npj_r2scan_protocol_20260909/runs/classical_delta/classical_delta_frac100_seed20260530/fe_adapter_predictions.csv,26.489872217178345,197.0,,
classical_delta_frac100_seed20260530,classical_delta,Classical residual adapter,0.1,20260530,train,pred_fe_adapter,completed,29692,32.95893218453963,110.10509804486225,15.800461940283784,64.51440211573619,103.83872296237506,301.4986063447757,2.236256705201063,0.9876729999807982,<RUNS_ROOT>/npj_r2scan_protocol_20260909/runs/classical_delta/classical_delta_frac100_seed20260530/metrics.json,<RUNS_ROOT>/npj_r2scan_protocol_20260909/runs/classical_delta/classical_delta_frac100_seed20260530/fe_adapter_predictions.csv,26.489872217178345,197.0,,
classical_delta_frac100_seed20260530,classical_delta,Classical residual adapter,0.1,20260530,val,pred_fe_adapter,completed,3712,33.67342052552711,116.27732439580872,16.98438432084448,66.7403527274579,106.17428858499598,273.4938270992612,1.5646654217355287,0.9861658005135551,<RUNS_ROOT>/npj_r2scan_protocol_20260909/runs/classical_delta/classical_delta_frac100_seed20260530/metrics.json,<RUNS_ROOT>/npj_r2scan_protocol_20260909/runs/classical_delta/classical_delta_frac100_seed20260530/fe_adapter_predictions.csv,26.489872217178345,197.0,,
composition_only_linear_frac100_seed20260528,composition_only_linear,Composition-only linear baseline,0.1,20260528,test,pred_composition_only_linear,baseline_only,3711,387.0810967370814,587.3157906870154,262.9639715204558,884.396441917231,1153.2837991785825,1689.1322258222658,8.756574212659627,0.6578281056571018,,,,,,
composition_only_linear_frac100_seed20260528,composition_only_linear,Composition-only linear baseline,0.1,20260528,train,pred_composition_only_linear,baseline_only,29692,385.1184288061378,579.104145305747,261.033542004152,874.895160572039,1138.858856941417,1762.214539074084,5.140038389101147,0.6589988150982213,,,,,,
composition_only_linear_frac100_seed20260528,composition_only_linear,Composition-only linear baseline,0.1,20260528,train_full,pred_composition_only_linear,baseline_only,29692,385.1184288061378,579.104145305747,261.033542004152,874.895160572039,1138.858856941417,1762.214539074084,5.140038389101147,0.6589988150982213,,,,,,
composition_only_linear_frac100_seed20260528,composition_only_linear,Composition-only linear baseline,0.1,20260528,train_used,pred_composition_only_linear,baseline_only,2969,373.365773792817,530.873159901106,249.26000105480435,863.5155412664011,1133.5104703062602,1794.8580577558073,-5.692837765878539e-13,0.7201931471447536,,,,,,
composition_only_linear_frac100_seed20260528,composition_only_linear,Composition-only linear baseline,0.1,20260528,val,pred_composition_only_linear,baseline_only,3712,376.1378637919543,566.694674037105,262.9559027870825,840.2887561092582,1100.3633111158829,1663.9411372314023,17.983006448396644,0.6714040274587137,,,,,,
composition_only_linear_frac100_seed20260529,composition_only_linear,Composition-only linear baseline,0.1,20260529,test,pred_composition_only_linear,baseline_only,3711,381.5790666679399,545.4012750977258,252.5489402766285,898.507584488644,1133.4058664190602,1679.5566942139808,-2.040537679664241,0.7049244148687425,,,,,,
composition_only_linear_frac100_seed20260529,composition_only_linear,Composition-only linear baseline,0.1,20260529,train,pred_composition_only_linear,baseline_only,29692,380.4164590659072,548.1223659586573,253.6423840619655,890.0953109075592,1123.8540284915557,1762.763516074926,-6.653034841455778,0.6945095852791558,,,,,,
composition_only_linear_frac100_seed20260529,composition_only_linear,Composition-only linear baseline,0.1,20260529,train_full,pred_composition_only_linear,baseline_only,29692,380.4164590659072,548.1223659586573,253.6423840619655,890.0953109075592,1123.8540284915557,1762.763516074926,-6.653034841455778,0.6945095852791558,,,,,,
composition_only_linear_frac100_seed20260529,composition_only_linear,Composition-only linear baseline,0.1,20260529,train_used,pred_composition_only_linear,baseline_only,2969,362.4200509555281,519.7834433607824,239.81676430036455,882.1972137037974,1071.1905423486792,1602.8035396751538,1.2184407893023277e-12,0.7243908835782593,,,,,,
composition_only_linear_frac100_seed20260529,composition_only_linear,Composition-only linear baseline,0.1,20260529,val,pred_composition_only_linear,baseline_only,3712,369.6223464056741,524.4402903186572,251.17357304483824,864.661696103388,1080.9456589872584,1671.67913357397,3.9442026082060577,0.7185792783489313,,,,,,
composition_only_linear_frac100_seed20260530,composition_only_linear,Composition-only linear baseline,0.1,20260530,test,pred_composition_only_linear,baseline_only,3711,381.8321384047008,545.3833672958256,246.8002506060092,907.4815228523868,1162.7674990192131,1676.5160724695784,-5.346331741199001,0.7049437916784969,,,,,,
composition_only_linear_frac100_seed20260530,composition_only_linear,Composition-only linear baseline,0.1,20260530,train,pred_composition_only_linear,baseline_only,29692,382.5589755493665,561.9594368759049,249.89647146735967,883.8247955256652,1149.263742248408,1767.7550775920774,-6.560290641581359,0.6788910000814243,,,,,,
composition_only_linear_frac100_seed20260530,composition_only_linear,Composition-only linear baseline,0.1,20260530,train_full,pred_composition_only_linear,baseline_only,29692,382.5589755493665,561.9594368759049,249.89647146735967,883.8247955256652,1149.263742248408,1767.7550775920774,-6.560290641581359,0.6788910000814243,,,,,,
composition_only_linear_frac100_seed20260530,composition_only_linear,Composition-only linear baseline,0.1,20260530,train_used,pred_composition_only_linear,baseline_only,2969,377.383344814788,541.2706563861839,251.65803380416963,854.1097976013818,1113.4185221768437,1739.7665754657894,-4.798377181539242e-13,0.7056688152853576,,,,,,
composition_only_linear_frac100_seed20260530,composition_only_linear,Composition-only linear baseline,0.1,20260530,val,pred_composition_only_linear,baseline_only,3712,369.3085650933229,522.2553468281485,242.11551265225935,864.3742315403031,1108.5564072446366,1649.4848019206495,2.699616035054058,0.7209193254402397,,,,,,
element_reference_frac100_seed20260528,element_reference,Element-reference calibration,0.1,20260528,test,pred_element_reference,baseline_only,3711,108.582130393437,177.18974134129957,66.73311284403144,240.3750066522985,368.0605855584552,706.4025845529821,-6.266788330373369,0.9688557320318888,,,,,,
element_reference_frac100_seed20260528,element_reference,Element-reference calibration,0.1,20260528,train,pred_element_reference,baseline_only,29692,110.9659014003421,188.49667564898573,66.74070524854648,252.6068092480079,388.0036348177815,733.665652844311,-1.2116517211674331,0.9638714999435896,,,,,,
element_reference_frac100_seed20260528,element_reference,Element-reference calibration,0.1,20260528,train_full,pred_element_reference,baseline_only,29692,110.9659014003421,188.49667564898573,66.74070524854648,252.6068092480079,388.0036348177815,733.665652844311,-1.2116517211674331,0.9638714999435896,,,,,,
element_reference_frac100_seed20260528,element_reference,Element-reference calibration,0.1,20260528,train_used,pred_element_reference,baseline_only,2969,108.31986909929336,177.56051580461164,62.87493997054017,248.66322130043744,391.5791976939401,714.6962196368717,-1.4833387315874272e-12,0.9686981788731284,,,,,,
element_reference_frac100_seed20260528,element_reference,Element-reference calibration,0.1,20260528,val,pred_element_reference,baseline_only,3712,108.239847362122,177.82291049049766,65.90607720762232,241.7263115748975,383.50413913392543,718.0506834570753,-0.5144065919950919,0.9676451491202684,,,,,,
element_reference_frac100_seed20260529,element_reference,Element-reference calibration,0.1,20260529,test,pred_element_reference,baseline_only,3711,108.21546307002993,191.1498361139797,67.24939305774767,239.11024382624024,370.7172698518178,671.1582213262361,-5.764881173971101,0.963754938656905,,,,,,
element_reference_frac100_seed20260529,element_reference,Element-reference calibration,0.1,20260529,train,pred_element_reference,baseline_only,29692,112.24198866873162,219.45764274347007,66.03601103700078,254.13968621890027,384.36340095146727,716.0553785895567,0.9251505186492672,0.9510284375265392,,,,,,
element_reference_frac100_seed20260529,element_reference,Element-reference calibration,0.1,20260529,train_full,pred_element_reference,baseline_only,29692,112.24198866873162,219.45764274347007,66.03601103700078,254.13968621890027,384.36340095146727,716.0553785895567,0.9251505186492672,0.9510284375265392,,,,,,
element_reference_frac100_seed20260529,element_reference,Element-reference calibration,0.1,20260529,train_used,pred_element_reference,baseline_only,2969,103.99696861571708,167.59791179227147,60.689809870811295,243.01894415286267,372.25137992393576,678.1618740185739,-6.614371488305699e-12,0.9713459574473012,,,,,,
element_reference_frac100_seed20260529,element_reference,Element-reference calibration,0.1,20260529,val,pred_element_reference,baseline_only,3712,109.31320266937044,211.82905725774955,64.46185207084079,240.95165226534303,377.162745849308,675.8687623433337,2.5243018061836064,0.9540870666044692,,,,,,
element_reference_frac100_seed20260530,element_reference,Element-reference calibration,0.1,20260530,test,pred_element_reference,baseline_only,3711,106.47370920544644,170.04739412401466,68.52469374614512,230.70946241927447,360.2254211165586,708.6487137449196,-1.590188047561025,0.9713159189399824,,,,,,
element_reference_frac100_seed20260530,element_reference,Element-reference calibration,0.1,20260530,train,pred_element_reference,baseline_only,29692,110.3745551867888,193.27936212444817,66.3965037820864,243.2430279177128,380.4687916094277,729.2539792548893,4.416963364084715,0.9620148795390772,,,,,,
element_reference_frac100_seed20260530,element_reference,Element-reference calibration,0.1,20260530,train_full,pred_element_reference,baseline_only,29692,110.3745551867888,193.27936212444817,66.3965037820864,243.2430279177128,380.4687916094277,729.2539792548893,4.416963364084715,0.9620148795390772,,,,,,
element_reference_frac100_seed20260530,element_reference,Element-reference calibration,0.1,20260530,train_used,pred_element_reference,baseline_only,2969,110.52746224032909,175.61506410793868,66.56743783246755,247.66759120275157,386.96029640830295,714.0888537524389,6.027886546634396e-13,0.9690164736751772,,,,,,
element_reference_frac100_seed20260530,element_reference,Element-reference calibration,0.1,20260530,val,pred_element_reference,baseline_only,3712,107.7029553743398,192.1490177405085,65.55610684047691,233.77926838610145,384.8388682133403,709.1889494926334,5.369346621142949,0.9622218826325608,,,,,,
internal_element_reference_for_formdelta_frac100_seed20260528,element_reference_internal,Internal element-reference anchor,0.1,20260528,test,pred_element_reference_internal,internal_baseline,3711,108.5821379427567,177.18974139638837,66.73307627075548,240.37536291523054,368.0607554258629,706.4026965849492,-6.266635291765978,0.9688557320125232,<RUNS_ROOT>/npj_r2scan_protocol_20260909/runs/formdelta/formdelta_frac100_seed20260528/metrics.json,,,,,
internal_element_reference_for_feature_stacking_frac100_seed20260528,element_reference_internal,Internal element-reference anchor,0.1,20260528,test,pred_element_reference_internal,internal_baseline,3711,108.5821379427567,177.18974139638837,66.73307627075548,240.37536291523054,368.0607554258629,706.4026965849492,-6.266635291765978,0.9688557320125232,<RUNS_ROOT>/npj_r2scan_protocol_20260909/runs/feature_stacking/feature_stacking_frac100_seed20260528/metrics.json,,,,,
internal_element_reference_for_target_only_frac100_seed20260528,element_reference_internal,Internal element-reference anchor,0.1,20260528,test,pred_element_reference_internal,internal_baseline,3711,108.5821379427567,177.18974139638837,66.73307627075548,240.37536291523054,368.0607554258629,706.4026965849492,-6.266635291765978,0.9688557320125232,<RUNS_ROOT>/npj_r2scan_protocol_20260909/runs/target_only/target_only_frac100_seed20260528/metrics.json,,,,,
internal_element_reference_for_formdelta_frac100_seed20260528,element_reference_internal,Internal element-reference anchor,0.1,20260528,train,pred_element_reference_internal,internal_baseline,29692,110.96590561619294,188.49667615189543,66.74018269329784,252.60681469032355,388.0035153883655,733.666009998169,-1.2115000034092605,0.9638714997508077,<RUNS_ROOT>/npj_r2scan_protocol_20260909/runs/formdelta/formdelta_frac100_seed20260528/metrics.json,,,,,
internal_element_reference_for_feature_stacking_frac100_seed20260528,element_reference_internal,Internal element-reference anchor,0.1,20260528,train,pred_element_reference_internal,internal_baseline,29692,110.96590561619294,188.49667615189543,66.74018269329784,252.60681469032355,388.0035153883655,733.666009998169,-1.2115000034092605,0.9638714997508077,<RUNS_ROOT>/npj_r2scan_protocol_20260909/runs/feature_stacking/feature_stacking_frac100_seed20260528/metrics.json,,,,,
internal_element_reference_for_target_only_frac100_seed20260528,element_reference_internal,Internal element-reference anchor,0.1,20260528,train,pred_element_reference_internal,internal_baseline,29692,110.96590561619294,188.49667615189543,66.74018269329784,252.60681469032355,388.0035153883655,733.666009998169,-1.2115000034092605,0.9638714997508077,<RUNS_ROOT>/npj_r2scan_protocol_20260909/runs/target_only/target_only_frac100_seed20260528/metrics.json,,,,,
internal_element_reference_for_formdelta_frac100_seed20260528,element_reference_internal,Internal element-reference anchor,0.1,20260528,val,pred_element_reference_internal,internal_baseline,3712,108.23985528549294,177.82290762675805,65.9061262145173,241.7260098886414,383.50418215823237,718.0502107739233,-0.5142497924009101,0.9676451501623824,<RUNS_ROOT>/npj_r2scan_protocol_20260909/runs/formdelta/formdelta_frac100_seed20260528/metrics.json,,,,,
internal_element_reference_for_feature_stacking_frac100_seed20260528,element_reference_internal,Internal element-reference anchor,0.1,20260528,val,pred_element_reference_internal,internal_baseline,3712,108.23985528549294,177.82290762675805,65.9061262145173,241.7260098886414,383.50418215823237,718.0502107739233,-0.5142497924009101,0.9676451501623824,<RUNS_ROOT>/npj_r2scan_protocol_20260909/runs/feature_stacking/feature_stacking_frac100_seed20260528/metrics.json,,,,,
internal_element_reference_for_target_only_frac100_seed20260528,element_reference_internal,Internal element-reference anchor,0.1,20260528,val,pred_element_reference_internal,internal_baseline,3712,108.23985528549294,177.82290762675805,65.9061262145173,241.7260098886414,383.50418215823237,718.0502107739233,-0.5142497924009101,0.9676451501623824,<RUNS_ROOT>/npj_r2scan_protocol_20260909/runs/target_only/target_only_frac100_seed20260528/metrics.json,,,,,
internal_element_reference_for_formdelta_frac100_seed20260529,element_reference_internal,Internal element-reference anchor,0.1,20260529,test,pred_element_reference_internal,internal_baseline,3711,108.21545974402763,191.1498439250943,67.24954177856556,239.11088574489892,370.7175063859456,671.1581968010076,-5.765097172111942,0.9637549356946808,<RUNS_ROOT>/npj_r2scan_protocol_20260909/runs/formdelta/formdelta_frac100_seed20260529/metrics.json,,,,,
internal_element_reference_for_feature_stacking_frac100_seed20260529,element_reference_internal,Internal element-reference anchor,0.1,20260529,test,pred_element_reference_internal,internal_baseline,3711,108.21545974402763,191.1498439250943,67.24954177856556,239.11088574489892,370.7175063859456,671.1581968010076,-5.765097172111942,0.9637549356946808,<RUNS_ROOT>/npj_r2scan_protocol_20260909/runs/feature_stacking/feature_stacking_frac100_seed20260529/metrics.json,,,,,
internal_element_reference_for_target_only_frac100_seed20260529,element_reference_internal,Internal element-reference anchor,0.1,20260529,test,pred_element_reference_internal,internal_baseline,3711,108.21545974402763,191.1498439250943,67.24954177856556,239.11088574489892,370.7175063859456,671.1581968010076,-5.765097172111942,0.9637549356946808,<RUNS_ROOT>/npj_r2scan_protocol_20260909/runs/target_only/target_only_frac100_seed20260529/metrics.json,,,,,
internal_element_reference_for_formdelta_frac100_seed20260529,element_reference_internal,Internal element-reference anchor,0.1,20260529,train,pred_element_reference_internal,internal_baseline,29692,112.24197997773366,219.45764090316325,66.0357793185761,254.13963381705284,384.363667659583,716.0549424789282,0.9249341553614885,0.9510284383478613,<RUNS_ROOT>/npj_r2scan_protocol_20260909/runs/formdelta/formdelta_frac100_seed20260529/metrics.json,,,,,
internal_element_reference_for_feature_stacking_frac100_seed20260529,element_reference_internal,Internal element-reference anchor,0.1,20260529,train,pred_element_reference_internal,internal_baseline,29692,112.24197997773366,219.45764090316325,66.0357793185761,254.13963381705284,384.363667659583,716.0549424789282,0.9249341553614885,0.9510284383478613,<RUNS_ROOT>/npj_r2scan_protocol_20260909/runs/feature_stacking/feature_stacking_frac100_seed20260529/metrics.json,,,,,
internal_element_reference_for_target_only_frac100_seed20260529,element_reference_internal,Internal element-reference anchor,0.1,20260529,train,pred_element_reference_internal,internal_baseline,29692,112.24197997773366,219.45764090316325,66.0357793185761,254.13963381705284,384.363667659583,716.0549424789282,0.9249341553614885,0.9510284383478613,<RUNS_ROOT>/npj_r2scan_protocol_20260909/runs/target_only/target_only_frac100_seed20260529/metrics.json,,,,,
internal_element_reference_for_formdelta_frac100_seed20260529,element_reference_internal,Internal element-reference anchor,0.1,20260529,val,pred_element_reference_internal,internal_baseline,3712,109.31318686162412,211.829053835016,64.46187209788859,240.95211620581108,377.162428163647,675.8694563384919,2.52408785448631,0.9540870680881912,<RUNS_ROOT>/npj_r2scan_protocol_20260909/runs/formdelta/formdelta_frac100_seed20260529/metrics.json,,,,,
internal_element_reference_for_feature_stacking_frac100_seed20260529,element_reference_internal,Internal element-reference anchor,0.1,20260529,val,pred_element_reference_internal,internal_baseline,3712,109.31318686162412,211.829053835016,64.46187209788859,240.95211620581108,377.162428163647,675.8694563384919,2.52408785448631,0.9540870680881912,<RUNS_ROOT>/npj_r2scan_protocol_20260909/runs/feature_stacking/feature_stacking_frac100_seed20260529/metrics.json,,,,,
internal_element_reference_for_target_only_frac100_seed20260529,element_reference_internal,Internal element-reference anchor,0.1,20260529,val,pred_element_reference_internal,internal_baseline,3712,109.31318686162412,211.829053835016,64.46187209788859,240.95211620581108,377.162428163647,675.8694563384919,2.52408785448631,0.9540870680881912,<RUNS_ROOT>/npj_r2scan_protocol_20260909/runs/target_only/target_only_frac100_seed20260529/metrics.json,,,,,
internal_element_reference_for_formdelta_frac100_seed20260530,element_reference_internal,Internal element-reference anchor,0.1,20260530,test,pred_element_reference_internal,internal_baseline,3711,106.47370462095382,170.04739846283883,68.52423695190402,230.70945096096463,360.22543451782315,708.6488745500193,-1.5903506533485408,0.9713159174762117,<RUNS_ROOT>/npj_r2scan_protocol_20260909/runs/formdelta/formdelta_frac100_seed20260530/metrics.json,,,,,
internal_element_reference_for_feature_stacking_frac100_seed20260530,element_reference_internal,Internal element-reference anchor,0.1,20260530,test,pred_element_reference_internal,internal_baseline,3711,106.47370462095382,170.04739846283883,68.52423695190402,230.70945096096463,360.22543451782315,708.6488745500193,-1.5903506533485408,0.9713159174762117,<RUNS_ROOT>/npj_r2scan_protocol_20260909/runs/feature_stacking/feature_stacking_frac100_seed20260530/metrics.json,,,,,
internal_element_reference_for_target_only_frac100_seed20260530,element_reference_internal,Internal element-reference anchor,0.1,20260530,test,pred_element_reference_internal,internal_baseline,3711,106.47370462095382,170.04739846283883,68.52423695190402,230.70945096096463,360.22543451782315,708.6488745500193,-1.5903506533485408,0.9713159174762117,<RUNS_ROOT>/npj_r2scan_protocol_20260909/runs/target_only/target_only_frac100_seed20260530/metrics.json,,,,,
internal_element_reference_for_formdelta_frac100_seed20260530,element_reference_internal,Internal element-reference anchor,0.1,20260530,train,pred_element_reference_internal,internal_baseline,29692,110.37454810588805,193.2793588566931,66.39639690304745,243.24280643622848,380.46861286518595,729.2537836260836,4.416796517107054,0.9620148808234984,<RUNS_ROOT>/npj_r2scan_protocol_20260909/runs/formdelta/formdelta_frac100_seed20260530/metrics.json,,,,,
internal_element_reference_for_feature_stacking_frac100_seed20260530,element_reference_internal,Internal element-reference anchor,0.1,20260530,train,pred_element_reference_internal,internal_baseline,29692,110.37454810588805,193.2793588566931,66.39639690304745,243.24280643622848,380.46861286518595,729.2537836260836,4.416796517107054,0.9620148808234984,<RUNS_ROOT>/npj_r2scan_protocol_20260909/runs/feature_stacking/feature_stacking_frac100_seed20260530/metrics.json,,,,,
internal_element_reference_for_target_only_frac100_seed20260530,element_reference_internal,Internal element-reference anchor,0.1,20260530,train,pred_element_reference_internal,internal_baseline,29692,110.37454810588805,193.2793588566931,66.39639690304745,243.24280643622848,380.46861286518595,729.2537836260836,4.416796517107054,0.9620148808234984,<RUNS_ROOT>/npj_r2scan_protocol_20260909/runs/target_only/target_only_frac100_seed20260530/metrics.json,,,,,
internal_element_reference_for_formdelta_frac100_seed20260530,element_reference_internal,Internal element-reference anchor,0.1,20260530,val,pred_element_reference_internal,internal_baseline,3712,107.70294421414158,192.14901394118945,65.55588860907174,233.77950091202078,384.83883055692695,709.1889573195836,5.369184224241988,0.9622218841265173,<RUNS_ROOT>/npj_r2scan_protocol_20260909/runs/formdelta/formdelta_frac100_seed20260530/metrics.json,,,,,
internal_element_reference_for_feature_stacking_frac100_seed20260530,element_reference_internal,Internal element-reference anchor,0.1,20260530,val,pred_element_reference_internal,internal_baseline,3712,107.70294421414158,192.14901394118945,65.55588860907174,233.77950091202078,384.83883055692695,709.1889573195836,5.369184224241988,0.9622218841265173,<RUNS_ROOT>/npj_r2scan_protocol_20260909/runs/feature_stacking/feature_stacking_frac100_seed20260530/metrics.json,,,,,
internal_element_reference_for_target_only_frac100_seed20260530,element_reference_internal,Internal element-reference anchor,0.1,20260530,val,pred_element_reference_internal,internal_baseline,3712,107.70294421414158,192.14901394118945,65.55588860907174,233.77950091202078,384.83883055692695,709.1889573195836,5.369184224241988,0.9622218841265173,<RUNS_ROOT>/npj_r2scan_protocol_20260909/runs/target_only/target_only_frac100_seed20260530/metrics.json,,,,,
feature_stacking_frac100_seed20260528,feature_stacking,Feature-stacking direct-y baseline,0.1,20260528,test,pred_r2scan_feature_stacking,completed,3711,84.77827739959694,155.09337956419745,47.01297922607495,193.41919672753826,294.17580681994235,602.0777513176711,-7.245300738718401,0.9761390627695306,<RUNS_ROOT>/npj_r2scan_protocol_20260909/runs/feature_stacking/feature_stacking_frac100_seed20260528/metrics.json,<RUNS_ROOT>/npj_r2scan_protocol_20260909/runs/feature_stacking/feature_stacking_frac100_seed20260528/r2scan_feature_stacking_predictions.csv,35.91848373413086,189.0,498404.0,498643.0
feature_stacking_frac100_seed20260528,feature_stacking,Feature-stacking direct-y baseline,0.1,20260528,train,pred_r2scan_feature_stacking,completed,29692,84.69165865670735,155.52688546034577,45.63801968010617,195.5636185398991,296.9623620303298,634.3402949088191,-2.0225691332147395,0.9754046226094253,<RUNS_ROOT>/npj_r2scan_protocol_20260909/runs/feature_stacking/feature_stacking_frac100_seed20260528/metrics.json,<RUNS_ROOT>/npj_r2scan_protocol_20260909/runs/feature_stacking/feature_stacking_frac100_seed20260528/r2scan_feature_stacking_predictions.csv,35.91848373413086,189.0,498404.0,498643.0
feature_stacking_frac100_seed20260528,feature_stacking,Feature-stacking direct-y baseline,0.1,20260528,val,pred_r2scan_feature_stacking,completed,3712,82.57751952918726,145.0955531165762,44.4110945150271,194.90725060144948,292.77698506580447,621.3750747359321,1.1146491909707585,0.9784586866161907,<RUNS_ROOT>/npj_r2scan_protocol_20260909/runs/feature_stacking/feature_stacking_frac100_seed20260528/metrics.json,<RUNS_ROOT>/npj_r2scan_protocol_20260909/runs/feature_stacking/feature_stacking_frac100_seed20260528/r2scan_feature_stacking_predictions.csv,35.91848373413086,189.0,498404.0,498643.0
feature_stacking_frac100_seed20260529,feature_stacking,Feature-stacking direct-y baseline,0.1,20260529,test,pred_r2scan_feature_stacking,completed,3711,86.94814750753763,154.68517505830962,48.09845821195058,204.39628003637677,292.1340784841809,528.963971937807,-10.581767228190069,0.9762645010588035,<RUNS_ROOT>/npj_r2scan_protocol_20260909/runs/feature_stacking/feature_stacking_frac100_seed20260529/metrics.json,<RUNS_ROOT>/npj_r2scan_protocol_20260909/runs/feature_stacking/feature_stacking_frac100_seed20260529/r2scan_feature_stacking_predictions.csv,38.219733238220215,184.0,498404.0,498643.0
feature_stacking_frac100_seed20260529,feature_stacking,Feature-stacking direct-y baseline,0.1,20260529,train,pred_r2scan_feature_stacking,completed,29692,87.24719658750378,157.920608863661,46.96705113970911,206.04991696172723,299.10063429678246,594.6339431701989,-4.685381260611114,0.9746416985532921,<RUNS_ROOT>/npj_r2scan_protocol_20260909/runs/feature_stacking/feature_stacking_frac100_seed20260529/metrics.json,<RUNS_ROOT>/npj_r2scan_protocol_20260909/runs/feature_stacking/feature_stacking_frac100_seed20260529/r2scan_feature_stacking_predictions.csv,38.219733238220215,184.0,498404.0,498643.0
feature_stacking_frac100_seed20260529,feature_stacking,Feature-stacking direct-y baseline,0.1,20260529,val,pred_r2scan_feature_stacking,completed,3712,87.5094574312959,149.26345740329918,48.22668384348305,211.81254482768819,306.34268286823715,603.1516973513199,-1.9198678656269592,0.9772033533272572,<RUNS_ROOT>/npj_r2scan_protocol_20260909/runs/feature_stacking/feature_stacking_frac100_seed20260529/metrics.json,<RUNS_ROOT>/npj_r2scan_protocol_20260909/runs/feature_stacking/feature_stacking_frac100_seed20260529/r2scan_feature_stacking_predictions.csv,38.219733238220215,184.0,498404.0,498643.0
feature_stacking_frac100_seed20260530,feature_stacking,Feature-stacking direct-y baseline,0.1,20260530,test,pred_r2scan_feature_stacking,completed,3711,84.72301107527827,154.51743667155773,47.52188922332812,189.68296057285562,284.9935340302762,579.0579286990162,-1.422112857329883,0.976315950018122,<RUNS_ROOT>/npj_r2scan_protocol_20260909/runs/feature_stacking/feature_stacking_frac100_seed20260530/metrics.json,<RUNS_ROOT>/npj_r2scan_protocol_20260909/runs/feature_stacking/feature_stacking_frac100_seed20260530/r2scan_feature_stacking_predictions.csv,43.71460294723511,197.0,498404.0,498643.0
feature_stacking_frac100_seed20260530,feature_stacking,Feature-stacking direct-y baseline,0.1,20260530,train,pred_r2scan_feature_stacking,completed,29692,84.87555909462637,157.77456815283253,45.17289376912593,192.94472754756134,297.38834351778775,634.6702094030613,5.125625881231011,0.9746885782103416,<RUNS_ROOT>/npj_r2scan_protocol_20260909/runs/feature_stacking/feature_stacking_frac100_seed20260530/metrics.json,<RUNS_ROOT>/npj_r2scan_protocol_20260909/runs/feature_stacking/feature_stacking_frac100_seed20260530/r2scan_feature_stacking_predictions.csv,43.71460294723511,197.0,498404.0,498643.0
feature_stacking_frac100_seed20260530,feature_stacking,Feature-stacking direct-y baseline,0.1,20260530,val,pred_r2scan_feature_stacking,completed,3712,84.49382617451859,145.806648050275,45.93060448154673,201.53737967261537,307.1499705637806,590.8965871250437,7.196215887250794,0.9782470267262371,<RUNS_ROOT>/npj_r2scan_protocol_20260909/runs/feature_stacking/feature_stacking_frac100_seed20260530/metrics.json,<RUNS_ROOT>/npj_r2scan_protocol_20260909/runs/feature_stacking/feature_stacking_frac100_seed20260530/r2scan_feature_stacking_predictions.csv,43.71460294723511,197.0,498404.0,498643.0
formdelta_frac100_seed20260528,formdelta,Canonical FormDelta fixed-anchor residual,0.1,20260528,test,pred_r2scan_formdelta,completed,3711,58.28181151202694,120.5815180166363,29.19169167562615,123.51086641424702,205.30771859918028,530.194148612353,-1.7843762638862422,0.9855767718608811,<RUNS_ROOT>/npj_r2scan_protocol_20260909/runs/formdelta/formdelta_frac100_seed20260528/metrics.json,<RUNS_ROOT>/npj_r2scan_protocol_20260909/runs/formdelta/formdelta_frac100_seed20260528/r2scan_formdelta_predictions.csv,31.76888370513916,198.0,498404.0,498643.0
formdelta_frac100_seed20260528,formdelta,Canonical FormDelta fixed-anchor residual,0.1,20260528,train,pred_r2scan_formdelta,completed,29692,57.00550321430585,129.5584353462379,27.155419395041847,123.13306105516239,211.60996589965708,504.3186906853253,0.11228460986442969,0.9829323420893654,<RUNS_ROOT>/npj_r2scan_protocol_20260909/runs/formdelta/formdelta_frac100_seed20260528/metrics.json,<RUNS_ROOT>/npj_r2scan_protocol_20260909/runs/formdelta/formdelta_frac100_seed20260528/r2scan_formdelta_predictions.csv,31.76888370513916,198.0,498404.0,498643.0
formdelta_frac100_seed20260528,formdelta,Canonical FormDelta fixed-anchor residual,0.1,20260528,val,pred_r2scan_formdelta,completed,3712,57.67349360007915,118.61896371504929,28.496755403213392,121.91822672468248,225.20020356795223,506.53152311817195,1.0147789593228873,0.9856029926847215,<RUNS_ROOT>/npj_r2scan_protocol_20260909/runs/formdelta/formdelta_frac100_seed20260528/metrics.json,<RUNS_ROOT>/npj_r2scan_protocol_20260909/runs/formdelta/formdelta_frac100_seed20260528/r2scan_formdelta_predictions.csv,31.76888370513916,198.0,498404.0,498643.0
formdelta_frac100_seed20260529,formdelta,Canonical FormDelta fixed-anchor residual,0.1,20260529,test,pred_r2scan_formdelta,completed,3711,58.825413474680055,141.021644311177,29.372205426870522,133.5647895513954,203.03970674815832,476.89309889492796,2.0238712377973265,0.9802724783993795,<RUNS_ROOT>/npj_r2scan_protocol_20260909/runs/formdelta/formdelta_frac100_seed20260529/metrics.json,<RUNS_ROOT>/npj_r2scan_protocol_20260909/runs/formdelta/formdelta_frac100_seed20260529/r2scan_formdelta_predictions.csv,32.27664303779602,200.0,498404.0,498643.0
formdelta_frac100_seed20260529,formdelta,Canonical FormDelta fixed-anchor residual,0.1,20260529,train,pred_r2scan_formdelta,completed,29692,60.194880834694416,176.7009832965452,27.7144604862698,129.83600599174872,213.5634597982167,508.22810268017884,4.571813961356569,0.9682517001632182,<RUNS_ROOT>/npj_r2scan_protocol_20260909/runs/formdelta/formdelta_frac100_seed20260529/metrics.json,<RUNS_ROOT>/npj_r2scan_protocol_20260909/runs/formdelta/formdelta_frac100_seed20260529/r2scan_formdelta_predictions.csv,32.27664303779602,200.0,498404.0,498643.0
formdelta_frac100_seed20260529,formdelta,Canonical FormDelta fixed-anchor residual,0.1,20260529,val,pred_r2scan_formdelta,completed,3712,60.978203906380635,172.18882858971824,28.935832452060524,136.62911092287194,225.6860489456658,492.0405615876034,7.0423529644622045,0.9696629101985823,<RUNS_ROOT>/npj_r2scan_protocol_20260909/runs/formdelta/formdelta_frac100_seed20260529/metrics.json,<RUNS_ROOT>/npj_r2scan_protocol_20260909/runs/formdelta/formdelta_frac100_seed20260529/r2scan_formdelta_predictions.csv,32.27664303779602,200.0,498404.0,498643.0
formdelta_frac100_seed20260530,formdelta,Canonical FormDelta fixed-anchor residual,0.1,20260530,test,pred_r2scan_formdelta,completed,3711,58.584426545850434,108.69852503780382,29.691649906664395,131.637207294351,216.1880511731873,457.17966598298375,3.897407981401202,0.988279442192502,<RUNS_ROOT>/npj_r2scan_protocol_20260909/runs/formdelta/formdelta_frac100_seed20260530/metrics.json,<RUNS_ROOT>/npj_r2scan_protocol_20260909/runs/formdelta/formdelta_frac100_seed20260530/r2scan_formdelta_predictions.csv,32.32523965835571,200.0,498404.0,498643.0
formdelta_frac100_seed20260530,formdelta,Canonical FormDelta fixed-anchor residual,0.1,20260530,train,pred_r2scan_formdelta,completed,29692,58.642372146373745,138.55637454050444,28.034322882162467,130.25211924182793,212.04914791389075,493.4956770063771,7.7398470701409305,0.9804792921002022,<RUNS_ROOT>/npj_r2scan_protocol_20260909/runs/formdelta/formdelta_frac100_seed20260530/metrics.json,<RUNS_ROOT>/npj_r2scan_protocol_20260909/runs/formdelta/formdelta_frac100_seed20260530/r2scan_formdelta_predictions.csv,32.32523965835571,200.0,498404.0,498643.0
formdelta_frac100_seed20260530,formdelta,Canonical FormDelta fixed-anchor residual,0.1,20260530,val,pred_r2scan_formdelta,completed,3712,58.20395381552075,140.15388058520688,29.124142514142694,127.90935181239077,223.30716509610187,446.01318010299315,8.962077845684199,0.9799010102760511,<RUNS_ROOT>/npj_r2scan_protocol_20260909/runs/formdelta/formdelta_frac100_seed20260530/metrics.json,<RUNS_ROOT>/npj_r2scan_protocol_20260909/runs/formdelta/formdelta_frac100_seed20260530/r2scan_formdelta_predictions.csv,32.32523965835571,200.0,498404.0,498643.0
raw_frac100_seed20260528,raw,Raw pretrained PBE/GGA predictor,0.1,20260528,test,model_energy_per_atom,baseline_only,3711,4511.14619559229,4891.874148198089,4328.789101071778,7004.029861092121,8016.205878182313,9794.516867372044,-4511.14619559229,-22.738404734247148,,,,,,
raw_frac100_seed20260528,raw,Raw pretrained PBE/GGA predictor,0.1,20260528,train,model_energy_per_atom,baseline_only,29692,4507.124406154977,4895.432960962167,4353.81401846763,7063.056806019905,8102.79165184277,9961.7184677408,-4507.124307523111,-23.368273252553905,,,,,,
raw_frac100_seed20260528,raw,Raw pretrained PBE/GGA predictor,0.1,20260528,train_full,model_energy_per_atom,baseline_only,29692,4507.124406154977,4895.432960962167,4353.81401846763,7063.056806019905,8102.79165184277,9961.7184677408,-4507.124307523111,-23.368273252553905,,,,,,
raw_frac100_seed20260528,raw,Raw pretrained PBE/GGA predictor,0.1,20260528,train_used,model_energy_per_atom,baseline_only,2969,4467.070103700162,4830.856267696451,4360.89634591675,6851.539038978597,7822.359866341306,9762.047997246986,-4467.070103700162,-22.169947070825685,,,,,,
raw_frac100_seed20260528,raw,Raw pretrained PBE/GGA predictor,0.1,20260528,val,model_energy_per_atom,baseline_only,3712,4524.424723476253,4903.091323745127,4376.554120550105,7025.3955966116455,8058.967558171445,9859.598648577685,-4524.424723476253,-23.598234582457756,,,,,,
raw_frac100_seed20260529,raw,Raw pretrained PBE/GGA predictor,0.1,20260529,test,model_energy_per_atom,baseline_only,3711,4511.14619559229,4891.874148198089,4328.789101071778,7004.029861092121,8016.205878182313,9794.516867372044,-4511.14619559229,-22.738404734247148,,,,,,
raw_frac100_seed20260529,raw,Raw pretrained PBE/GGA predictor,0.1,20260529,train,model_energy_per_atom,baseline_only,29692,4507.124406154977,4895.432960962167,4353.81401846763,7063.056806019905,8102.79165184277,9961.7184677408,-4507.124307523111,-23.368273252553905,,,,,,
raw_frac100_seed20260529,raw,Raw pretrained PBE/GGA predictor,0.1,20260529,train_full,model_energy_per_atom,baseline_only,29692,4507.124406154977,4895.432960962167,4353.81401846763,7063.056806019905,8102.79165184277,9961.7184677408,-4507.124307523111,-23.368273252553905,,,,,,
raw_frac100_seed20260529,raw,Raw pretrained PBE/GGA predictor,0.1,20260529,train_used,model_energy_per_atom,baseline_only,2969,4531.2159177035965,4904.156340220355,4420.217476575056,6975.077507846308,8013.994767990099,9995.715879147012,-4531.2159177035965,-23.534505465404905,,,,,,
raw_frac100_seed20260529,raw,Raw pretrained PBE/GGA predictor,0.1,20260529,val,model_energy_per_atom,baseline_only,3712,4524.424723476253,4903.091323745127,4376.554120550105,7025.3955966116455,8058.967558171445,9859.598648577685,-4524.424723476253,-23.598234582457756,,,,,,
raw_frac100_seed20260530,raw,Raw pretrained PBE/GGA predictor,0.1,20260530,test,model_energy_per_atom,baseline_only,3711,4511.14619559229,4891.874148198089,4328.789101071778,7004.029861092121,8016.205878182313,9794.516867372044,-4511.14619559229,-22.738404734247148,,,,,,
raw_frac100_seed20260530,raw,Raw pretrained PBE/GGA predictor,0.1,20260530,train,model_energy_per_atom,baseline_only,29692,4507.124406154977,4895.432960962167,4353.81401846763,7063.056806019905,8102.79165184277,9961.7184677408,-4507.124307523111,-23.368273252553905,,,,,,
raw_frac100_seed20260530,raw,Raw pretrained PBE/GGA predictor,0.1,20260530,train_full,model_energy_per_atom,baseline_only,29692,4507.124406154977,4895.432960962167,4353.81401846763,7063.056806019905,8102.79165184277,9961.7184677408,-4507.124307523111,-23.368273252553905,,,,,,
raw_frac100_seed20260530,raw,Raw pretrained PBE/GGA predictor,0.1,20260530,train_used,model_energy_per_atom,baseline_only,2969,4480.083651637158,4854.571999693501,4344.592581424564,6909.414821580992,7994.448255214645,9646.54623200972,-4480.083651637158,-22.676047612409597,,,,,,
raw_frac100_seed20260530,raw,Raw pretrained PBE/GGA predictor,0.1,20260530,val,model_energy_per_atom,baseline_only,3712,4524.424723476253,4903.091323745127,4376.554120550105,7025.3955966116455,8058.967558171445,9859.598648577685,-4524.424723476253,-23.598234582457756,,,,,,
target_only_frac100_seed20260528,target_only,Target-only small MLP,0.1,20260528,test,pred_r2scan_target_only,completed,3711,268.85546014900416,400.8801035942452,170.9026097422317,638.6986209543437,856.2389546428175,1353.2945891647219,-21.924819017293157,0.8405847065192801,<RUNS_ROOT>/npj_r2scan_protocol_20260909/runs/target_only/target_only_frac100_seed20260528/metrics.json,<RUNS_ROOT>/npj_r2scan_protocol_20260909/runs/target_only/target_only_frac100_seed20260528/r2scan_target_only_predictions.csv,39.198763608932495,188.0,498404.0,498643.0
target_only_frac100_seed20260528,target_only,Target-only small MLP,0.1,20260528,train,pred_r2scan_target_only,completed,29692,253.32739689915417,385.0131098742777,161.63816290672327,591.3496139215099,810.9810361209231,1374.361271346414,-12.627456785945931,0.8492721251100546,<RUNS_ROOT>/npj_r2scan_protocol_20260909/runs/target_only/target_only_frac100_seed20260528/metrics.json,<RUNS_ROOT>/npj_r2scan_protocol_20260909/runs/target_only/target_only_frac100_seed20260528/r2scan_target_only_predictions.csv,39.198763608932495,188.0,498404.0,498643.0
target_only_frac100_seed20260528,target_only,Target-only small MLP,0.1,20260528,val,pred_r2scan_target_only,completed,3712,256.80878941511554,379.9966413677328,167.2699147143799,602.185667443218,812.8988587803897,1331.2215242699835,-14.899641798630647,0.8522513605757618,<RUNS_ROOT>/npj_r2scan_protocol_20260909/runs/target_only/target_only_frac100_seed20260528/metrics.json,<RUNS_ROOT>/npj_r2scan_protocol_20260909/runs/target_only/target_only_frac100_seed20260528/r2scan_target_only_predictions.csv,39.198763608932495,188.0,498404.0,498643.0
target_only_frac100_seed20260529,target_only,Target-only small MLP,0.1,20260529,test,pred_r2scan_target_only,completed,3711,280.8424812184696,429.12537088467985,176.37352111479453,648.3885945509392,908.3810275540163,1508.094014114786,-21.952698491591775,0.8173291024505397,<RUNS_ROOT>/npj_r2scan_protocol_20260909/runs/target_only/target_only_frac100_seed20260529/metrics.json,<RUNS_ROOT>/npj_r2scan_protocol_20260909/runs/target_only/target_only_frac100_seed20260529/r2scan_target_only_predictions.csv,40.04546642303467,196.0,498404.0,498643.0
target_only_frac100_seed20260529,target_only,Target-only small MLP,0.1,20260529,train,pred_r2scan_target_only,completed,29692,265.0118412945046,410.8769789861911,163.7094188076625,620.6258499248154,877.6925322608618,1488.6962537226557,-19.538794350285325,0.8283411659165859,<RUNS_ROOT>/npj_r2scan_protocol_20260909/runs/target_only/target_only_frac100_seed20260529/metrics.json,<RUNS_ROOT>/npj_r2scan_protocol_20260909/runs/target_only/target_only_frac100_seed20260529/r2scan_target_only_predictions.csv,40.04546642303467,196.0,498404.0,498643.0
target_only_frac100_seed20260529,target_only,Target-only small MLP,0.1,20260529,val,pred_r2scan_target_only,completed,3712,271.7155217138836,408.0461722188951,173.24742000661786,631.7172779864128,884.7229310677099,1452.021456669507,-13.556115451058211,0.8296341319148027,<RUNS_ROOT>/npj_r2scan_protocol_20260909/runs/target_only/target_only_frac100_seed20260529/metrics.json,<RUNS_ROOT>/npj_r2scan_protocol_20260909/runs/target_only/target_only_frac100_seed20260529/r2scan_target_only_predictions.csv,40.04546642303467,196.0,498404.0,498643.0
target_only_frac100_seed20260530,target_only,Target-only small MLP,0.1,20260530,test,pred_r2scan_target_only,completed,3711,265.00446966062464,403.7562547438003,168.2154558285518,622.1569926159667,840.8928057037904,1467.180371148995,-23.17244081091932,0.8382890213028433,<RUNS_ROOT>/npj_r2scan_protocol_20260909/runs/target_only/target_only_frac100_seed20260530/metrics.json,<RUNS_ROOT>/npj_r2scan_protocol_20260909/runs/target_only/target_only_frac100_seed20260530/r2scan_target_only_predictions.csv,44.73063898086548,194.0,498404.0,498643.0
target_only_frac100_seed20260530,target_only,Target-only small MLP,0.1,20260530,train,pred_r2scan_target_only,completed,29692,257.01701185597955,394.03620067972633,160.46492511376854,608.3548408420252,823.3334764513411,1412.004971479758,-16.302615081506037,0.8421244827127043,<RUNS_ROOT>/npj_r2scan_protocol_20260909/runs/target_only/target_only_frac100_seed20260530/metrics.json,<RUNS_ROOT>/npj_r2scan_protocol_20260909/runs/target_only/target_only_frac100_seed20260530/r2scan_target_only_predictions.csv,44.73063898086548,194.0,498404.0,498643.0
target_only_frac100_seed20260530,target_only,Target-only small MLP,0.1,20260530,val,pred_r2scan_target_only,completed,3712,251.6447779324653,374.5012978732389,164.49099978515468,587.0066634472443,767.130011842509,1340.424596787892,-3.75388414285695,0.8564938119753145,<RUNS_ROOT>/npj_r2scan_protocol_20260909/runs/target_only/target_only_frac100_seed20260530/metrics.json,<RUNS_ROOT>/npj_r2scan_protocol_20260909/runs/target_only/target_only_frac100_seed20260530/r2scan_target_only_predictions.csv,44.73063898086548,194.0,498404.0,498643.0
affine_energy_composition_frac250_seed20260528,affine_energy_composition,Linear energy+composition calibration,0.25,20260528,test,pred_affine_energy_composition,baseline_only,3711,105.92670092628092,168.17924932540456,64.68487381058185,238.4974528248387,367.0697670143589,656.7894478222302,-6.760749322201617,0.9719427050012333,,,,,,
affine_energy_composition_frac250_seed20260528,affine_energy_composition,Linear energy+composition calibration,0.25,20260528,train,pred_affine_energy_composition,baseline_only,29692,108.95186541293906,182.3107403633697,64.84737796091223,250.88496705829849,382.0590463797999,697.0971861815501,-1.8783233962223305,0.9662038639157948,,,,,,
affine_energy_composition_frac250_seed20260528,affine_energy_composition,Linear energy+composition calibration,0.25,20260528,train_full,pred_affine_energy_composition,baseline_only,29692,108.95186541293906,182.3107403633697,64.84737796091223,250.88496705829849,382.0590463797999,697.0971861815501,-1.8783233962223305,0.9662038639157948,,,,,,
affine_energy_composition_frac250_seed20260528,affine_energy_composition,Linear energy+composition calibration,0.25,20260528,train_used,pred_affine_energy_composition,baseline_only,7423,107.72728078643844,175.06765189019234,64.02322942723826,250.86337865122704,381.4486901650952,684.2095604580608,-1.4040589607936306e-12,0.9681265589798608,,,,,,
affine_energy_composition_frac250_seed20260528,affine_energy_composition,Linear energy+composition calibration,0.25,20260528,val,pred_affine_energy_composition,baseline_only,3712,106.03778278445182,169.2680189650004,63.68298148743345,241.79142438088752,378.9352635347108,684.7928034667608,-1.084460628783226,0.970683386800954,,,,,,
affine_energy_composition_frac250_seed20260529,affine_energy_composition,Linear energy+composition calibration,0.25,20260529,test,pred_affine_energy_composition,baseline_only,3711,106.07177387917596,167.5689046266496,66.94878280421624,244.04808507472043,362.122769286242,645.1861799529308,-6.670965054449015,0.9721459827251712,,,,,,
affine_energy_composition_frac250_seed20260529,affine_energy_composition,Linear energy+composition calibration,0.25,20260529,train,pred_affine_energy_composition,baseline_only,29692,109.30963011581642,180.29561397126812,65.93497854168722,252.65650014501892,380.8781212172496,696.5983807168326,-1.887905514626912,0.9669468492514331,,,,,,
affine_energy_composition_frac250_seed20260529,affine_energy_composition,Linear energy+composition calibration,0.25,20260529,train_full,pred_affine_energy_composition,baseline_only,29692,109.30963011581642,180.29561397126812,65.93497854168722,252.65650014501892,380.8781212172496,696.5983807168326,-1.887905514626912,0.9669468492514331,,,,,,
affine_energy_composition_frac250_seed20260529,affine_energy_composition,Linear energy+composition calibration,0.25,20260529,train_used,pred_affine_energy_composition,baseline_only,7423,109.20579422141772,177.25420906966252,64.01995774606628,254.5453114862487,389.0883614184103,696.590198262442,-3.4620771231056547e-12,0.967746649028164,,,,,,
affine_energy_composition_frac250_seed20260529,affine_energy_composition,Linear energy+composition calibration,0.25,20260529,val,pred_affine_energy_composition,baseline_only,3712,106.28555457433627,168.0039362807647,63.93899054386903,243.8823140929609,374.77305725240456,664.6428367012157,-1.1216711640304833,0.9711196209770682,,,,,,
affine_energy_composition_frac250_seed20260530,affine_energy_composition,Linear energy+composition calibration,0.25,20260530,test,pred_affine_energy_composition,baseline_only,3711,104.07789977648837,167.465789957358,65.6451349567253,228.65292184067144,351.2446705757387,675.0807733165494,-1.3890999806160016,0.9721802524971814,,,,,,
affine_energy_composition_frac250_seed20260530,affine_energy_composition,Linear energy+composition calibration,0.25,20260530,train,pred_affine_energy_composition,baseline_only,29692,108.21304361859872,190.54353871716,63.498717234344745,242.116805121626,376.237102305976,720.5632978445394,3.917480820981092,0.9630826096370164,,,,,,
affine_energy_composition_frac250_seed20260530,affine_energy_composition,Linear energy+composition calibration,0.25,20260530,train_full,pred_affine_energy_composition,baseline_only,29692,108.21304361859872,190.54353871716,63.498717234344745,242.116805121626,376.237102305976,720.5632978445394,3.917480820981092,0.9630826096370164,,,,,,
affine_energy_composition_frac250_seed20260530,affine_energy_composition,Linear energy+composition calibration,0.25,20260530,train_used,pred_affine_energy_composition,baseline_only,7423,108.55759571173496,174.51266462048997,63.45508222755791,250.43974160884432,390.1592647685634,683.2035602774125,-6.457630245347669e-13,0.9692586536106088,,,,,,
affine_energy_composition_frac250_seed20260530,affine_energy_composition,Linear energy+composition calibration,0.25,20260530,val,pred_affine_energy_composition,baseline_only,3712,105.90434934249096,190.13962776732487,63.55568590047452,233.88573806268505,372.3202217992997,688.3102221134626,5.421872463416925,0.963007877307959,,,,,,
classical_delta_frac250_seed20260528,classical_delta,Classical residual adapter,0.25,20260528,test,pred_fe_adapter,completed,3711,23.957311044730734,56.01309964358254,12.174723132841404,48.607969235838766,75.44551810189726,236.1944248886687,-0.602068483051259,0.9968877090376824,<RUNS_ROOT>/npj_r2scan_protocol_20260909/runs/classical_delta/classical_delta_frac250_seed20260528/metrics.json,<RUNS_ROOT>/npj_r2scan_protocol_20260909/runs/classical_delta/classical_delta_frac250_seed20260528/fe_adapter_predictions.csv,34.185741901397705,199.0,,
classical_delta_frac250_seed20260528,classical_delta,Classical residual adapter,0.25,20260528,train,pred_fe_adapter,completed,29692,22.9683606800827,81.17495926363155,10.883752296076958,45.622091983424795,72.02225527101253,194.8617712297879,-1.118615457348905,0.9932998164631098,<RUNS_ROOT>/npj_r2scan_protocol_20260909/runs/classical_delta/classical_delta_frac250_seed20260528/metrics.json,<RUNS_ROOT>/npj_r2scan_protocol_20260909/runs/classical_delta/classical_delta_frac250_seed20260528/fe_adapter_predictions.csv,34.185741901397705,199.0,,
classical_delta_frac250_seed20260528,classical_delta,Classical residual adapter,0.25,20260528,val,pred_fe_adapter,completed,3712,24.59108649792363,59.893241636742545,12.215759371499546,49.473368740806656,78.0966162736737,218.74251932863206,-2.3922873871504464,0.9963295474616997,<RUNS_ROOT>/npj_r2scan_protocol_20260909/runs/classical_delta/classical_delta_frac250_seed20260528/metrics.json,<RUNS_ROOT>/npj_r2scan_protocol_20260909/runs/classical_delta/classical_delta_frac250_seed20260528/fe_adapter_predictions.csv,34.185741901397705,199.0,,
classical_delta_frac250_seed20260529,classical_delta,Classical residual adapter,0.25,20260529,test,pred_fe_adapter,completed,3711,24.03536974615565,56.09213371554389,11.967413898942958,46.306909400785855,76.00778486837906,212.18149170716777,0.6208379209020047,0.9968789200020698,<RUNS_ROOT>/npj_r2scan_protocol_20260909/runs/classical_delta/classical_delta_frac250_seed20260529/metrics.json,<RUNS_ROOT>/npj_r2scan_protocol_20260909/runs/classical_delta/classical_delta_frac250_seed20260529/fe_adapter_predictions.csv,30.544739961624146,198.0,,
classical_delta_frac250_seed20260529,classical_delta,Classical residual adapter,0.25,20260529,train,pred_fe_adapter,completed,29692,22.893926447801505,76.31263388307778,10.573520360895456,44.454070703279584,69.50051635240298,211.49798749717382,-0.0027825600936632815,0.9940784496395112,<RUNS_ROOT>/npj_r2scan_protocol_20260909/runs/classical_delta/classical_delta_frac250_seed20260529/metrics.json,<RUNS_ROOT>/npj_r2scan_protocol_20260909/runs/classical_delta/classical_delta_frac250_seed20260529/fe_adapter_predictions.csv,30.544739961624146,198.0,,
classical_delta_frac250_seed20260529,classical_delta,Classical residual adapter,0.25,20260529,val,pred_fe_adapter,completed,3712,23.828635996089805,57.031551306394505,12.395080925521995,47.82858444983659,72.4140470763313,202.90901726737684,-1.8327132552872847,0.996671915504114,<RUNS_ROOT>/npj_r2scan_protocol_20260909/runs/classical_delta/classical_delta_frac250_seed20260529/metrics.json,<RUNS_ROOT>/npj_r2scan_protocol_20260909/runs/classical_delta/classical_delta_frac250_seed20260529/fe_adapter_predictions.csv,30.544739961624146,198.0,,
classical_delta_frac250_seed20260530,classical_delta,Classical residual adapter,0.25,20260530,test,pred_fe_adapter,completed,3711,24.60445743382699,58.63739664500902,12.137359037922124,49.14414388625937,79.95231290159538,216.99300647749317,1.507916751193708,0.9965892464484238,<RUNS_ROOT>/npj_r2scan_protocol_20260909/runs/classical_delta/classical_delta_frac250_seed20260530/metrics.json,<RUNS_ROOT>/npj_r2scan_protocol_20260909/runs/classical_delta/classical_delta_frac250_seed20260530/fe_adapter_predictions.csv,26.348376989364624,200.0,,
classical_delta_frac250_seed20260530,classical_delta,Classical residual adapter,0.25,20260530,train,pred_fe_adapter,completed,29692,23.816386580158326,100.12203541901542,11.002020916242888,46.04138955933995,73.17738777485005,197.3880975134285,0.7024187251652897,0.9898070033698656,<RUNS_ROOT>/npj_r2scan_protocol_20260909/runs/classical_delta/classical_delta_frac250_seed20260530/metrics.json,<RUNS_ROOT>/npj_r2scan_protocol_20260909/runs/classical_delta/classical_delta_frac250_seed20260530/fe_adapter_predictions.csv,26.348376989364624,200.0,,
classical_delta_frac250_seed20260530,classical_delta,Classical residual adapter,0.25,20260530,val,pred_fe_adapter,completed,3712,25.573396364392146,110.72414417442037,12.356225349191439,49.77294737707936,75.20067292698235,207.28484372814606,1.193508841723976,0.9874556362609981,<RUNS_ROOT>/npj_r2scan_protocol_20260909/runs/classical_delta/classical_delta_frac250_seed20260530/metrics.json,<RUNS_ROOT>/npj_r2scan_protocol_20260909/runs/classical_delta/classical_delta_frac250_seed20260530/fe_adapter_predictions.csv,26.348376989364624,200.0,,
composition_only_linear_frac250_seed20260528,composition_only_linear,Composition-only linear baseline,0.25,20260528,test,pred_composition_only_linear,baseline_only,3711,375.9176761691004,538.559393776213,242.0110945551044,882.1514636171183,1155.8471034598572,1634.6645422954714,-0.8250587080613185,0.7122812333410293,,,,,,
composition_only_linear_frac250_seed20260528,composition_only_linear,Composition-only linear baseline,0.25,20260528,train,pred_composition_only_linear,baseline_only,29692,374.6879992930636,541.7308453626802,246.75357149092747,873.3555339567802,1151.659636503472,1726.20549479356,-4.008788383253437,0.7015925445036475,,,,,,
composition_only_linear_frac250_seed20260528,composition_only_linear,Composition-only linear baseline,0.25,20260528,train_full,pred_composition_only_linear,baseline_only,29692,374.6879992930636,541.7308453626802,246.75357149092747,873.3555339567802,1151.659636503472,1726.20549479356,-4.008788383253437,0.7015925445036475,,,,,,
composition_only_linear_frac250_seed20260528,composition_only_linear,Composition-only linear baseline,0.25,20260528,train_used,pred_composition_only_linear,baseline_only,7423,369.59434211000473,528.0686338976493,245.12065565406925,860.7996045606711,1136.7621580687835,1646.314201887609,-9.158180822288509e-13,0.7100000769564623,,,,,,
composition_only_linear_frac250_seed20260528,composition_only_linear,Composition-only linear baseline,0.25,20260528,val,pred_composition_only_linear,baseline_only,3712,365.8587879277632,519.703033207814,244.45332669703703,852.078767415196,1101.495900569054,1625.937361995846,7.6399828025088015,0.7236404497614923,,,,,,
composition_only_linear_frac250_seed20260529,composition_only_linear,Composition-only linear baseline,0.25,20260529,test,pred_composition_only_linear,baseline_only,3711,375.1471463050202,538.6871355304862,241.0644013559272,890.5454617067958,1140.7855128126148,1638.5848978058632,3.5786506511264813,0.7121447282155065,,,,,,
composition_only_linear_frac250_seed20260529,composition_only_linear,Composition-only linear baseline,0.25,20260529,train,pred_composition_only_linear,baseline_only,29692,376.12593157826166,554.432975403888,243.78850375837945,887.5567572840907,1138.196884297744,1714.6762377388643,1.5548639254700434,0.6874347840698811,,,,,,
composition_only_linear_frac250_seed20260529,composition_only_linear,Composition-only linear baseline,0.25,20260529,train_full,pred_composition_only_linear,baseline_only,29692,376.12593157826166,554.432975403888,243.78850375837945,887.5567572840907,1138.196884297744,1714.6762377388643,1.5548639254700434,0.6874347840698811,,,,,,
composition_only_linear_frac250_seed20260529,composition_only_linear,Composition-only linear baseline,0.25,20260529,train_used,pred_composition_only_linear,baseline_only,7423,367.9083524069637,531.6612532754459,235.00158086886043,880.9543698260644,1129.5182002614551,1655.2841015937508,5.772023031972794e-13,0.7098305073104147,,,,,,
composition_only_linear_frac250_seed20260529,composition_only_linear,Composition-only linear baseline,0.25,20260529,val,pred_composition_only_linear,baseline_only,3712,365.7240999524668,519.8205566258674,245.55472447119251,865.4492275268133,1107.0507046773998,1614.060670109748,9.70082140295414,0.7235154460990951,,,,,,
composition_only_linear_frac250_seed20260530,composition_only_linear,Composition-only linear baseline,0.25,20260530,test,pred_composition_only_linear,baseline_only,3711,376.54266707800446,538.7569258079841,243.26045581157484,884.4702711076712,1163.0999234257315,1650.289727599032,2.3306451798886547,0.7120701364930321,,,,,,
composition_only_linear_frac250_seed20260530,composition_only_linear,Composition-only linear baseline,0.25,20260530,train,pred_composition_only_linear,baseline_only,29692,375.9223886490405,542.6290829603571,245.33822231820116,879.7507834502283,1150.434862329812,1731.9708401432547,-1.243722203422963,0.700602152260306,,,,,,
composition_only_linear_frac250_seed20260530,composition_only_linear,Composition-only linear baseline,0.25,20260530,train_full,pred_composition_only_linear,baseline_only,29692,375.9223886490405,542.6290829603571,245.33822231820116,879.7507834502283,1150.434862329812,1731.9708401432547,-1.243722203422963,0.700602152260306,,,,,,
composition_only_linear_frac250_seed20260530,composition_only_linear,Composition-only linear baseline,0.25,20260530,train_used,pred_composition_only_linear,baseline_only,7423,374.219170310335,539.5934878741831,243.6396642171591,864.4915037135996,1146.010142022297,1719.620501510413,-5.00852222419878e-12,0.7060981062823033,,,,,,
composition_only_linear_frac250_seed20260530,composition_only_linear,Composition-only linear baseline,0.25,20260530,val,pred_composition_only_linear,baseline_only,3712,366.0854272862099,520.1852749644731,241.31846977333595,861.4369474689539,1111.5579880185146,1611.2091169122257,8.954915175092166,0.7231273338501025,,,,,,
element_reference_frac250_seed20260528,element_reference,Element-reference calibration,0.25,20260528,test,pred_element_reference,baseline_only,3711,105.82130043888924,168.1700519742604,64.39928402798367,237.30629249537816,366.0973828967466,657.2714297740413,-6.7747046818774805,0.971945773700126,,,,,,
element_reference_frac250_seed20260528,element_reference,Element-reference calibration,0.25,20260528,train,pred_element_reference,baseline_only,29692,108.8458376802477,182.36122304347367,64.72249845804467,250.51102616857904,380.9469047557628,699.242743213324,-1.8733144566109632,0.966185144714288,,,,,,
element_reference_frac250_seed20260528,element_reference,Element-reference calibration,0.25,20260528,train_full,pred_element_reference,baseline_only,29692,108.8458376802477,182.36122304347367,64.72249845804467,250.51102616857904,380.9469047557628,699.242743213324,-1.8733144566109632,0.966185144714288,,,,,,
element_reference_frac250_seed20260528,element_reference,Element-reference calibration,0.25,20260528,train_used,pred_element_reference,baseline_only,7423,107.61100400030476,175.07156836902072,63.959418494172304,250.26713799143525,380.1121836553214,686.5766950933712,2.5317212963000066e-12,0.9681251328677044,,,,,,
element_reference_frac250_seed20260528,element_reference,Element-reference calibration,0.25,20260528,val,pred_element_reference,baseline_only,3712,105.97242080679884,169.35224616153982,63.68319944865153,241.7919911725901,379.5562854265125,685.3409003831152,-1.1049726052289002,0.9706542038459732,,,,,,
element_reference_frac250_seed20260529,element_reference,Element-reference calibration,0.25,20260529,test,pred_element_reference,baseline_only,3711,105.76023223241155,167.51070940291606,66.1569776076023,242.3509207886057,361.1851448824305,649.0008729361625,-6.734128493507583,0.9721653262817368,,,,,,
element_reference_frac250_seed20260529,element_reference,Element-reference calibration,0.25,20260529,train,pred_element_reference,baseline_only,29692,109.00027489755551,180.3007342000372,65.36160239597577,251.5792430113493,380.3687161265414,700.0729164788479,-1.90912171437502,0.9669449718669229,,,,,,
element_reference_frac250_seed20260529,element_reference,Element-reference calibration,0.25,20260529,train_full,pred_element_reference,baseline_only,29692,109.00027489755551,180.3007342000372,65.36160239597577,251.5792430113493,380.3687161265414,700.0729164788479,-1.90912171437502,0.9669449718669229,,,,,,
element_reference_frac250_seed20260529,element_reference,Element-reference calibration,0.25,20260529,train_used,pred_element_reference,baseline_only,7423,108.90884976176706,177.28111624388893,63.63662511355095,255.11144566557505,387.9845001094147,699.9774457329099,-1.0807407179278494e-11,0.9677368561729414,,,,,,
element_reference_frac250_seed20260529,element_reference,Element-reference calibration,0.25,20260529,val,pred_element_reference,baseline_only,3712,106.08466159066566,168.17577737080802,63.65559826571027,243.40718811139695,368.5590916576136,668.0994337418836,-1.188364966937118,0.9710605107679297,,,,,,
element_reference_frac250_seed20260530,element_reference,Element-reference calibration,0.25,20260530,test,pred_element_reference,baseline_only,3711,104.12898933145526,167.47033526337944,65.67222401122785,228.5289487872512,351.57649743179496,674.1066286524194,-1.385099670560122,0.9721787423262755,,,,,,
element_reference_frac250_seed20260530,element_reference,Element-reference calibration,0.25,20260530,train,pred_element_reference,baseline_only,29692,108.26283467300703,190.4995648553301,63.55213667223023,242.45480158024145,376.5976420188788,720.0158281257595,3.9119304625935167,0.9630996473482796,,,,,,
element_reference_frac250_seed20260530,element_reference,Element-reference calibration,0.25,20260530,train_full,pred_element_reference,baseline_only,29692,108.26283467300703,190.4995648553301,63.55213667223023,242.45480158024145,376.5976420188788,720.0158281257595,3.9119304625935167,0.9630996473482796,,,,,,
element_reference_frac250_seed20260530,element_reference,Element-reference calibration,0.25,20260530,train_used,pred_element_reference,baseline_only,7423,108.60647387697176,174.51352939352032,63.49400213915146,250.65129793654216,389.91937488907297,682.4705709092906,6.347550204107725e-12,0.969258348940994,,,,,,
element_reference_frac250_seed20260530,element_reference,Element-reference calibration,0.25,20260530,val,pred_element_reference,baseline_only,3712,105.93447940960988,190.05635533199387,63.651614550907176,233.84423110307813,374.0651360843586,687.2464422908932,5.425672165723405,0.963040271918578,,,,,,
internal_element_reference_for_formdelta_frac250_seed20260528,element_reference_internal,Internal element-reference anchor,0.25,20260528,test,pred_element_reference_internal,internal_baseline,3711,105.82129618978414,168.17004477880658,64.39912940863701,237.30627231112655,366.09736791432846,657.2715875267338,-6.774574670796832,0.9719457761008254,<RUNS_ROOT>/npj_r2scan_protocol_20260909/runs/formdelta/formdelta_frac250_seed20260528/metrics.json,,,,,
internal_element_reference_for_feature_stacking_frac250_seed20260528,element_reference_internal,Internal element-reference anchor,0.25,20260528,test,pred_element_reference_internal,internal_baseline,3711,105.82129618978414,168.17004477880658,64.39912940863701,237.30627231112655,366.09736791432846,657.2715875267338,-6.774574670796832,0.9719457761008254,<RUNS_ROOT>/npj_r2scan_protocol_20260909/runs/feature_stacking/feature_stacking_frac250_seed20260528/metrics.json,,,,,
internal_element_reference_for_target_only_frac250_seed20260528,element_reference_internal,Internal element-reference anchor,0.25,20260528,test,pred_element_reference_internal,internal_baseline,3711,105.82129618978414,168.17004477880658,64.39912940863701,237.30627231112655,366.09736791432846,657.2715875267338,-6.774574670796832,0.9719457761008254,<RUNS_ROOT>/npj_r2scan_protocol_20260909/runs/target_only/target_only_frac250_seed20260528/metrics.json,,,,,
internal_element_reference_for_formdelta_frac250_seed20260528,element_reference_internal,Internal element-reference anchor,0.25,20260528,train,pred_element_reference_internal,internal_baseline,29692,108.8458379565067,182.36122214807165,64.72248427685511,250.51059188709107,380.9469136579376,699.2426171509796,-1.8731863251806797,0.966185145046353,<RUNS_ROOT>/npj_r2scan_protocol_20260909/runs/formdelta/formdelta_frac250_seed20260528/metrics.json,,,,,
internal_element_reference_for_feature_stacking_frac250_seed20260528,element_reference_internal,Internal element-reference anchor,0.25,20260528,train,pred_element_reference_internal,internal_baseline,29692,108.8458379565067,182.36122214807165,64.72248427685511,250.51059188709107,380.9469136579376,699.2426171509796,-1.8731863251806797,0.966185145046353,<RUNS_ROOT>/npj_r2scan_protocol_20260909/runs/feature_stacking/feature_stacking_frac250_seed20260528/metrics.json,,,,,
internal_element_reference_for_target_only_frac250_seed20260528,element_reference_internal,Internal element-reference anchor,0.25,20260528,train,pred_element_reference_internal,internal_baseline,29692,108.8458379565067,182.36122214807165,64.72248427685511,250.51059188709107,380.9469136579376,699.2426171509796,-1.8731863251806797,0.966185145046353,<RUNS_ROOT>/npj_r2scan_protocol_20260909/runs/target_only/target_only_frac250_seed20260528/metrics.json,,,,,
internal_element_reference_for_formdelta_frac250_seed20260528,element_reference_internal,Internal element-reference anchor,0.25,20260528,val,pred_element_reference_internal,internal_baseline,3712,105.97242236814205,169.35224634869022,63.683609717651194,241.79182927491445,379.5565570282524,685.3411342180569,-1.1048408736584348,0.9706542037811136,<RUNS_ROOT>/npj_r2scan_protocol_20260909/runs/formdelta/formdelta_frac250_seed20260528/metrics.json,,,,,
internal_element_reference_for_feature_stacking_frac250_seed20260528,element_reference_internal,Internal element-reference anchor,0.25,20260528,val,pred_element_reference_internal,internal_baseline,3712,105.97242236814205,169.35224634869022,63.683609717651194,241.79182927491445,379.5565570282524,685.3411342180569,-1.1048408736584348,0.9706542037811136,<RUNS_ROOT>/npj_r2scan_protocol_20260909/runs/feature_stacking/feature_stacking_frac250_seed20260528/metrics.json,,,,,
internal_element_reference_for_target_only_frac250_seed20260528,element_reference_internal,Internal element-reference anchor,0.25,20260528,val,pred_element_reference_internal,internal_baseline,3712,105.97242236814205,169.35224634869022,63.683609717651194,241.79182927491445,379.5565570282524,685.3411342180569,-1.1048408736584348,0.9706542037811136,<RUNS_ROOT>/npj_r2scan_protocol_20260909/runs/target_only/target_only_frac250_seed20260528/metrics.json,,,,,
internal_element_reference_for_formdelta_frac250_seed20260529,element_reference_internal,Internal element-reference anchor,0.25,20260529,test,pred_element_reference_internal,internal_baseline,3711,105.76022770068046,167.51070240308118,66.15707742919952,242.3508088577544,361.1857654970715,649.0010817658514,-6.734001559417162,0.9721653286080134,<RUNS_ROOT>/npj_r2scan_protocol_20260909/runs/formdelta/formdelta_frac250_seed20260529/metrics.json,,,,,
internal_element_reference_for_feature_stacking_frac250_seed20260529,element_reference_internal,Internal element-reference anchor,0.25,20260529,test,pred_element_reference_internal,internal_baseline,3711,105.76022770068046,167.51070240308118,66.15707742919952,242.3508088577544,361.1857654970715,649.0010817658514,-6.734001559417162,0.9721653286080134,<RUNS_ROOT>/npj_r2scan_protocol_20260909/runs/feature_stacking/feature_stacking_frac250_seed20260529/metrics.json,,,,,
internal_element_reference_for_target_only_frac250_seed20260529,element_reference_internal,Internal element-reference anchor,0.25,20260529,test,pred_element_reference_internal,internal_baseline,3711,105.76022770068046,167.51070240308118,66.15707742919952,242.3508088577544,361.1857654970715,649.0010817658514,-6.734001559417162,0.9721653286080134,<RUNS_ROOT>/npj_r2scan_protocol_20260909/runs/target_only/target_only_frac250_seed20260529/metrics.json,,,,,
internal_element_reference_for_formdelta_frac250_seed20260529,element_reference_internal,Internal element-reference anchor,0.25,20260529,train,pred_element_reference_internal,internal_baseline,29692,109.00027586547996,180.30073010983418,65.36159246565632,251.57887579610093,380.3688186951724,700.0730684753571,-1.908994841326797,0.966944973366659,<RUNS_ROOT>/npj_r2scan_protocol_20260909/runs/formdelta/formdelta_frac250_seed20260529/metrics.json,,,,,
internal_element_reference_for_feature_stacking_frac250_seed20260529,element_reference_internal,Internal element-reference anchor,0.25,20260529,train,pred_element_reference_internal,internal_baseline,29692,109.00027586547996,180.30073010983418,65.36159246565632,251.57887579610093,380.3688186951724,700.0730684753571,-1.908994841326797,0.966944973366659,<RUNS_ROOT>/npj_r2scan_protocol_20260909/runs/feature_stacking/feature_stacking_frac250_seed20260529/metrics.json,,,,,
internal_element_reference_for_target_only_frac250_seed20260529,element_reference_internal,Internal element-reference anchor,0.25,20260529,train,pred_element_reference_internal,internal_baseline,29692,109.00027586547996,180.30073010983418,65.36159246565632,251.57887579610093,380.3688186951724,700.0730684753571,-1.908994841326797,0.966944973366659,<RUNS_ROOT>/npj_r2scan_protocol_20260909/runs/target_only/target_only_frac250_seed20260529/metrics.json,,,,,
internal_element_reference_for_formdelta_frac250_seed20260529,element_reference_internal,Internal element-reference anchor,0.25,20260529,val,pred_element_reference_internal,internal_baseline,3712,106.08466596341415,168.17577443834213,63.65577851763099,243.40688800768442,368.55890351292214,668.0993805404564,-1.18823766298724,0.9710605117771601,<RUNS_ROOT>/npj_r2scan_protocol_20260909/runs/formdelta/formdelta_frac250_seed20260529/metrics.json,,,,,
internal_element_reference_for_feature_stacking_frac250_seed20260529,element_reference_internal,Internal element-reference anchor,0.25,20260529,val,pred_element_reference_internal,internal_baseline,3712,106.08466596341415,168.17577443834213,63.65577851763099,243.40688800768442,368.55890351292214,668.0993805404564,-1.18823766298724,0.9710605117771601,<RUNS_ROOT>/npj_r2scan_protocol_20260909/runs/feature_stacking/feature_stacking_frac250_seed20260529/metrics.json,,,,,
internal_element_reference_for_target_only_frac250_seed20260529,element_reference_internal,Internal element-reference anchor,0.25,20260529,val,pred_element_reference_internal,internal_baseline,3712,106.08466596341415,168.17577443834213,63.65577851763099,243.40688800768442,368.55890351292214,668.0993805404564,-1.18823766298724,0.9710605117771601,<RUNS_ROOT>/npj_r2scan_protocol_20260909/runs/target_only/target_only_frac250_seed20260529/metrics.json,,,,,
internal_element_reference_for_formdelta_frac250_seed20260530,element_reference_internal,Internal element-reference anchor,0.25,20260530,test,pred_element_reference_internal,internal_baseline,3711,104.12898833754468,167.47033645863334,65.67202816867268,228.52877150146605,351.5766288713249,674.1065589933868,-1.3851102906409982,0.9721787419291489,<RUNS_ROOT>/npj_r2scan_protocol_20260909/runs/formdelta/formdelta_frac250_seed20260530/metrics.json,,,,,
internal_element_reference_for_feature_stacking_frac250_seed20260530,element_reference_internal,Internal element-reference anchor,0.25,20260530,test,pred_element_reference_internal,internal_baseline,3711,104.12898833754468,167.47033645863334,65.67202816867268,228.52877150146605,351.5766288713249,674.1065589933868,-1.3851102906409982,0.9721787419291489,<RUNS_ROOT>/npj_r2scan_protocol_20260909/runs/feature_stacking/feature_stacking_frac250_seed20260530/metrics.json,,,,,
internal_element_reference_for_target_only_frac250_seed20260530,element_reference_internal,Internal element-reference anchor,0.25,20260530,test,pred_element_reference_internal,internal_baseline,3711,104.12898833754468,167.47033645863334,65.67202816867268,228.52877150146605,351.5766288713249,674.1065589933868,-1.3851102906409982,0.9721787419291489,<RUNS_ROOT>/npj_r2scan_protocol_20260909/runs/target_only/target_only_frac250_seed20260530/metrics.json,,,,,
internal_element_reference_for_formdelta_frac250_seed20260530,element_reference_internal,Internal element-reference anchor,0.25,20260530,train,pred_element_reference_internal,internal_baseline,29692,108.2628324900286,190.4995658420518,63.552522129075555,242.45497453902797,376.59785445945033,720.01600076845,3.9119190310766063,0.9630996469660174,<RUNS_ROOT>/npj_r2scan_protocol_20260909/runs/formdelta/formdelta_frac250_seed20260530/metrics.json,,,,,
internal_element_reference_for_feature_stacking_frac250_seed20260530,element_reference_internal,Internal element-reference anchor,0.25,20260530,train,pred_element_reference_internal,internal_baseline,29692,108.2628324900286,190.4995658420518,63.552522129075555,242.45497453902797,376.59785445945033,720.01600076845,3.9119190310766063,0.9630996469660174,<RUNS_ROOT>/npj_r2scan_protocol_20260909/runs/feature_stacking/feature_stacking_frac250_seed20260530/metrics.json,,,,,
internal_element_reference_for_target_only_frac250_seed20260530,element_reference_internal,Internal element-reference anchor,0.25,20260530,train,pred_element_reference_internal,internal_baseline,29692,108.2628324900286,190.4995658420518,63.552522129075555,242.45497453902797,376.59785445945033,720.01600076845,3.9119190310766063,0.9630996469660174,<RUNS_ROOT>/npj_r2scan_protocol_20260909/runs/target_only/target_only_frac250_seed20260530/metrics.json,,,,,
internal_element_reference_for_formdelta_frac250_seed20260530,element_reference_internal,Internal element-reference anchor,0.25,20260530,val,pred_element_reference_internal,internal_baseline,3712,105.9344729138683,190.0563523095574,63.651818793293515,233.84431194477645,374.06522876143003,687.2464521877229,5.425658019438095,0.9630402730941077,<RUNS_ROOT>/npj_r2scan_protocol_20260909/runs/formdelta/formdelta_frac250_seed20260530/metrics.json,,,,,
internal_element_reference_for_feature_stacking_frac250_seed20260530,element_reference_internal,Internal element-reference anchor,0.25,20260530,val,pred_element_reference_internal,internal_baseline,3712,105.9344729138683,190.0563523095574,63.651818793293515,233.84431194477645,374.06522876143003,687.2464521877229,5.425658019438095,0.9630402730941077,<RUNS_ROOT>/npj_r2scan_protocol_20260909/runs/feature_stacking/feature_stacking_frac250_seed20260530/metrics.json,,,,,
internal_element_reference_for_target_only_frac250_seed20260530,element_reference_internal,Internal element-reference anchor,0.25,20260530,val,pred_element_reference_internal,internal_baseline,3712,105.9344729138683,190.0563523095574,63.651818793293515,233.84431194477645,374.06522876143003,687.2464521877229,5.425658019438095,0.9630402730941077,<RUNS_ROOT>/npj_r2scan_protocol_20260909/runs/target_only/target_only_frac250_seed20260530/metrics.json,,,,,
feature_stacking_frac250_seed20260528,feature_stacking,Feature-stacking direct-y baseline,0.25,20260528,test,pred_r2scan_feature_stacking,completed,3711,58.57786898879047,116.5752670765406,31.50763974270232,133.73005464965803,201.3882844606245,404.8520253957535,-7.703912126450745,0.9865192573715221,<RUNS_ROOT>/npj_r2scan_protocol_20260909/runs/feature_stacking/feature_stacking_frac250_seed20260528/metrics.json,<RUNS_ROOT>/npj_r2scan_protocol_20260909/runs/feature_stacking/feature_stacking_frac250_seed20260528/r2scan_feature_stacking_predictions.csv,55.91447448730469,195.0,498404.0,498643.0
feature_stacking_frac250_seed20260528,feature_stacking,Feature-stacking direct-y baseline,0.25,20260528,train,pred_r2scan_feature_stacking,completed,29692,56.128879284322764,114.15253019898077,28.582254647362525,125.83811383775468,193.42275039821337,429.17831741567204,-4.885009818616461,0.986750068748359,<RUNS_ROOT>/npj_r2scan_protocol_20260909/runs/feature_stacking/feature_stacking_frac250_seed20260528/metrics.json,<RUNS_ROOT>/npj_r2scan_protocol_20260909/runs/feature_stacking/feature_stacking_frac250_seed20260528/r2scan_feature_stacking_predictions.csv,55.91447448730469,195.0,498404.0,498643.0
feature_stacking_frac250_seed20260528,feature_stacking,Feature-stacking direct-y baseline,0.25,20260528,val,pred_r2scan_feature_stacking,completed,3712,55.78119857735612,101.27253971933224,29.0374011708341,129.25189927143543,194.37404392579273,426.7377206949903,-3.195047371874373,0.9895058473590304,<RUNS_ROOT>/npj_r2scan_protocol_20260909/runs/feature_stacking/feature_stacking_frac250_seed20260528/metrics.json,<RUNS_ROOT>/npj_r2scan_protocol_20260909/runs/feature_stacking/feature_stacking_frac250_seed20260528/r2scan_feature_stacking_predictions.csv,55.91447448730469,195.0,498404.0,498643.0
feature_stacking_frac250_seed20260529,feature_stacking,Feature-stacking direct-y baseline,0.25,20260529,test,pred_r2scan_feature_stacking,completed,3711,57.820045801337336,112.50096626510454,30.266521373240096,132.22896701227194,193.87907795756033,391.3322674008439,-4.05504977533619,0.9874450934551385,<RUNS_ROOT>/npj_r2scan_protocol_20260909/runs/feature_stacking/feature_stacking_frac250_seed20260529/metrics.json,<RUNS_ROOT>/npj_r2scan_protocol_20260909/runs/feature_stacking/feature_stacking_frac250_seed20260529/r2scan_feature_stacking_predictions.csv,53.222468852996826,199.0,498404.0,498643.0
feature_stacking_frac250_seed20260529,feature_stacking,Feature-stacking direct-y baseline,0.25,20260529,train,pred_r2scan_feature_stacking,completed,29692,55.3072571592249,109.4353342849548,29.65126752615471,124.3910651124996,184.23007859086766,388.75036186129165,-1.0847479299428442,0.987822512892925,<RUNS_ROOT>/npj_r2scan_protocol_20260909/runs/feature_stacking/feature_stacking_frac250_seed20260529/metrics.json,<RUNS_ROOT>/npj_r2scan_protocol_20260909/runs/feature_stacking/feature_stacking_frac250_seed20260529/r2scan_feature_stacking_predictions.csv,53.222468852996826,199.0,498404.0,498643.0
feature_stacking_frac250_seed20260529,feature_stacking,Feature-stacking direct-y baseline,0.25,20260529,val,pred_r2scan_feature_stacking,completed,3712,55.32540895856611,97.83276736259693,30.019110705803293,128.048363234843,193.89159616622555,416.08262257531004,-1.146756298597294,0.9902066189901835,<RUNS_ROOT>/npj_r2scan_protocol_20260909/runs/feature_stacking/feature_stacking_frac250_seed20260529/metrics.json,<RUNS_ROOT>/npj_r2scan_protocol_20260909/runs/feature_stacking/feature_stacking_frac250_seed20260529/r2scan_feature_stacking_predictions.csv,53.222468852996826,199.0,498404.0,498643.0
feature_stacking_frac250_seed20260530,feature_stacking,Feature-stacking direct-y baseline,0.25,20260530,test,pred_r2scan_feature_stacking,completed,3711,58.9972605791755,120.62866260583883,30.45821743606325,133.71838351934144,194.08443224296573,439.4005525072648,-6.30810827105947,0.9855654913577914,<RUNS_ROOT>/npj_r2scan_protocol_20260909/runs/feature_stacking/feature_stacking_frac250_seed20260530/metrics.json,<RUNS_ROOT>/npj_r2scan_protocol_20260909/runs/feature_stacking/feature_stacking_frac250_seed20260530/r2scan_feature_stacking_predictions.csv,61.39369225502014,199.0,498404.0,498643.0
feature_stacking_frac250_seed20260530,feature_stacking,Feature-stacking direct-y baseline,0.25,20260530,train,pred_r2scan_feature_stacking,completed,29692,57.74644219383833,120.07356418015166,29.709879892819398,127.05273431940462,195.26414559939633,471.2852000253276,-3.181847186573975,0.9853398860855771,<RUNS_ROOT>/npj_r2scan_protocol_20260909/runs/feature_stacking/feature_stacking_frac250_seed20260530/metrics.json,<RUNS_ROOT>/npj_r2scan_protocol_20260909/runs/feature_stacking/feature_stacking_frac250_seed20260530/r2scan_feature_stacking_predictions.csv,61.39369225502014,199.0,498404.0,498643.0
feature_stacking_frac250_seed20260530,feature_stacking,Feature-stacking direct-y baseline,0.25,20260530,val,pred_r2scan_feature_stacking,completed,3712,57.919452376264225,107.95139569734424,30.88502413938965,129.81009650152785,200.13088530953095,473.51173520212745,-0.8273748293146833,0.9880760403577166,<RUNS_ROOT>/npj_r2scan_protocol_20260909/runs/feature_stacking/feature_stacking_frac250_seed20260530/metrics.json,<RUNS_ROOT>/npj_r2scan_protocol_20260909/runs/feature_stacking/feature_stacking_frac250_seed20260530/r2scan_feature_stacking_predictions.csv,61.39369225502014,199.0,498404.0,498643.0
formdelta_frac250_seed20260528,formdelta,Canonical FormDelta fixed-anchor residual,0.25,20260528,test,pred_r2scan_formdelta,completed,3711,35.05946424899941,69.28023171627804,18.420696333849797,77.94962433502306,123.8492659980317,284.878773370971,0.4717148638952072,0.9952387647283476,<RUNS_ROOT>/npj_r2scan_protocol_20260909/runs/formdelta/formdelta_frac250_seed20260528/metrics.json,<RUNS_ROOT>/npj_r2scan_protocol_20260909/runs/formdelta/formdelta_frac250_seed20260528/r2scan_formdelta_predictions.csv,46.814807176589966,190.0,498404.0,498643.0
formdelta_frac250_seed20260528,formdelta,Canonical FormDelta fixed-anchor residual,0.25,20260528,train,pred_r2scan_formdelta,completed,29692,32.922370079494115,90.74459204996145,16.065768507075944,70.17480348598255,110.48752915830848,280.67466159005096,0.5406292349954817,0.9916269430355904,<RUNS_ROOT>/npj_r2scan_protocol_20260909/runs/formdelta/formdelta_frac250_seed20260528/metrics.json,<RUNS_ROOT>/npj_r2scan_protocol_20260909/runs/formdelta/formdelta_frac250_seed20260528/r2scan_formdelta_predictions.csv,46.814807176589966,190.0,498404.0,498643.0
formdelta_frac250_seed20260528,formdelta,Canonical FormDelta fixed-anchor residual,0.25,20260528,val,pred_r2scan_formdelta,completed,3712,33.95367305951214,67.26330549148987,17.056509910723605,74.28899756136806,117.6445073257262,296.5518458384288,-0.7207274601368403,0.9953706460652467,<RUNS_ROOT>/npj_r2scan_protocol_20260909/runs/formdelta/formdelta_frac250_seed20260528/metrics.json,<RUNS_ROOT>/npj_r2scan_protocol_20260909/runs/formdelta/formdelta_frac250_seed20260528/r2scan_formdelta_predictions.csv,46.814807176589966,190.0,498404.0,498643.0
formdelta_frac250_seed20260529,formdelta,Canonical FormDelta fixed-anchor residual,0.25,20260529,test,pred_r2scan_formdelta,completed,3711,35.573162272703044,70.60082199263726,18.274078753865552,79.22014866603891,120.54800299682556,287.56916145766036,2.480154035254319,0.995055521485256,<RUNS_ROOT>/npj_r2scan_protocol_20260909/runs/formdelta/formdelta_frac250_seed20260529/metrics.json,<RUNS_ROOT>/npj_r2scan_protocol_20260909/runs/formdelta/formdelta_frac250_seed20260529/r2scan_formdelta_predictions.csv,59.33287072181702,194.0,498404.0,498643.0
formdelta_frac250_seed20260529,formdelta,Canonical FormDelta fixed-anchor residual,0.25,20260529,train,pred_r2scan_formdelta,completed,29692,33.66795256118779,87.91946195817737,16.082273023528938,70.79012516464681,112.0530243312141,297.7526749367997,2.1142010691819,0.9921401802934423,<RUNS_ROOT>/npj_r2scan_protocol_20260909/runs/formdelta/formdelta_frac250_seed20260529/metrics.json,<RUNS_ROOT>/npj_r2scan_protocol_20260909/runs/formdelta/formdelta_frac250_seed20260529/r2scan_formdelta_predictions.csv,59.33287072181702,194.0,498404.0,498643.0
formdelta_frac250_seed20260529,formdelta,Canonical FormDelta fixed-anchor residual,0.25,20260529,val,pred_r2scan_formdelta,completed,3712,34.00548731847059,66.06748079975371,17.882996857409267,76.66898630533821,120.546401229144,274.64442909206593,0.3321212000891836,0.9955337866185824,<RUNS_ROOT>/npj_r2scan_protocol_20260909/runs/formdelta/formdelta_frac250_seed20260529/metrics.json,<RUNS_ROOT>/npj_r2scan_protocol_20260909/runs/formdelta/formdelta_frac250_seed20260529/r2scan_formdelta_predictions.csv,59.33287072181702,194.0,498404.0,498643.0
formdelta_frac250_seed20260530,formdelta,Canonical FormDelta fixed-anchor residual,0.25,20260530,test,pred_r2scan_formdelta,completed,3711,35.87515599582194,74.46745046114953,17.883986055551304,80.4407269644003,123.32698549916476,309.6888831543862,3.9584356393249522,0.9944990974742565,<RUNS_ROOT>/npj_r2scan_protocol_20260909/runs/formdelta/formdelta_frac250_seed20260530/metrics.json,<RUNS_ROOT>/npj_r2scan_protocol_20260909/runs/formdelta/formdelta_frac250_seed20260530/r2scan_formdelta_predictions.csv,55.47362494468689,193.0,498404.0,498643.0
formdelta_frac250_seed20260530,formdelta,Canonical FormDelta fixed-anchor residual,0.25,20260530,train,pred_r2scan_formdelta,completed,29692,34.77512325457637,110.23229128938645,16.098092176157706,71.6208263276656,113.1771298069401,311.41299468100414,4.114480642282495,0.9876445032666614,<RUNS_ROOT>/npj_r2scan_protocol_20260909/runs/formdelta/formdelta_frac250_seed20260530/metrics.json,<RUNS_ROOT>/npj_r2scan_protocol_20260909/runs/formdelta/formdelta_frac250_seed20260530/r2scan_formdelta_predictions.csv,55.47362494468689,193.0,498404.0,498643.0
formdelta_frac250_seed20260530,formdelta,Canonical FormDelta fixed-anchor residual,0.25,20260530,val,pred_r2scan_formdelta,completed,3712,35.16829132377148,114.49569551674482,17.01963308925314,75.6694806687548,118.56616675661573,278.5613233729283,4.1295709680099355,0.9865864944486914,<RUNS_ROOT>/npj_r2scan_protocol_20260909/runs/formdelta/formdelta_frac250_seed20260530/metrics.json,<RUNS_ROOT>/npj_r2scan_protocol_20260909/runs/formdelta/formdelta_frac250_seed20260530/r2scan_formdelta_predictions.csv,55.47362494468689,193.0,498404.0,498643.0
raw_frac250_seed20260528,raw,Raw pretrained PBE/GGA predictor,0.25,20260528,test,model_energy_per_atom,baseline_only,3711,4511.14619559229,4891.874148198089,4328.789101071778,7004.029861092121,8016.205878182313,9794.516867372044,-4511.14619559229,-22.738404734247148,,,,,,
raw_frac250_seed20260528,raw,Raw pretrained PBE/GGA predictor,0.25,20260528,train,model_energy_per_atom,baseline_only,29692,4507.124406154977,4895.432960962167,4353.81401846763,7063.056806019905,8102.79165184277,9961.7184677408,-4507.124307523111,-23.368273252553905,,,,,,
raw_frac250_seed20260528,raw,Raw pretrained PBE/GGA predictor,0.25,20260528,train_full,model_energy_per_atom,baseline_only,29692,4507.124406154977,4895.432960962167,4353.81401846763,7063.056806019905,8102.79165184277,9961.7184677408,-4507.124307523111,-23.368273252553905,,,,,,
raw_frac250_seed20260528,raw,Raw pretrained PBE/GGA predictor,0.25,20260528,train_used,model_energy_per_atom,baseline_only,7423,4471.522219974598,4854.360858858497,4332.60232843457,7006.719956768507,7980.960087087692,9887.223013750585,-4471.522219974598,-23.506497915473407,,,,,,
raw_frac250_seed20260528,raw,Raw pretrained PBE/GGA predictor,0.25,20260528,val,model_energy_per_atom,baseline_only,3712,4524.424723476253,4903.091323745127,4376.554120550105,7025.3955966116455,8058.967558171445,9859.598648577685,-4524.424723476253,-23.598234582457756,,,,,,
raw_frac250_seed20260529,raw,Raw pretrained PBE/GGA predictor,0.25,20260529,test,model_energy_per_atom,baseline_only,3711,4511.14619559229,4891.874148198089,4328.789101071778,7004.029861092121,8016.205878182313,9794.516867372044,-4511.14619559229,-22.738404734247148,,,,,,
raw_frac250_seed20260529,raw,Raw pretrained PBE/GGA predictor,0.25,20260529,train,model_energy_per_atom,baseline_only,29692,4507.124406154977,4895.432960962167,4353.81401846763,7063.056806019905,8102.79165184277,9961.7184677408,-4507.124307523111,-23.368273252553905,,,,,,
raw_frac250_seed20260529,raw,Raw pretrained PBE/GGA predictor,0.25,20260529,train_full,model_energy_per_atom,baseline_only,29692,4507.124406154977,4895.432960962167,4353.81401846763,7063.056806019905,8102.79165184277,9961.7184677408,-4507.124307523111,-23.368273252553905,,,,,,
raw_frac250_seed20260529,raw,Raw pretrained PBE/GGA predictor,0.25,20260529,train_used,model_energy_per_atom,baseline_only,7423,4527.888816022259,4913.837819955097,4378.999898104652,7054.164532415809,8097.222570700719,10093.237785170912,-4527.888421494795,-23.78696572504655,,,,,,
raw_frac250_seed20260529,raw,Raw pretrained PBE/GGA predictor,0.25,20260529,val,model_energy_per_atom,baseline_only,3712,4524.424723476253,4903.091323745127,4376.554120550105,7025.3955966116455,8058.967558171445,9859.598648577685,-4524.424723476253,-23.598234582457756,,,,,,
raw_frac250_seed20260530,raw,Raw pretrained PBE/GGA predictor,0.25,20260530,test,model_energy_per_atom,baseline_only,3711,4511.14619559229,4891.874148198089,4328.789101071778,7004.029861092121,8016.205878182313,9794.516867372044,-4511.14619559229,-22.738404734247148,,,,,,
raw_frac250_seed20260530,raw,Raw pretrained PBE/GGA predictor,0.25,20260530,train,model_energy_per_atom,baseline_only,29692,4507.124406154977,4895.432960962167,4353.81401846763,7063.056806019905,8102.79165184277,9961.7184677408,-4507.124307523111,-23.368273252553905,,,,,,
raw_frac250_seed20260530,raw,Raw pretrained PBE/GGA predictor,0.25,20260530,train_full,model_energy_per_atom,baseline_only,29692,4507.124406154977,4895.432960962167,4353.81401846763,7063.056806019905,8102.79165184277,9961.7184677408,-4507.124307523111,-23.368273252553905,,,,,,
raw_frac250_seed20260530,raw,Raw pretrained PBE/GGA predictor,0.25,20260530,train_used,model_energy_per_atom,baseline_only,7423,4462.59115784039,4844.754802229151,4309.394921582032,6919.231840782812,8001.3578285268495,9910.889560630152,-4462.59115784039,-22.692592710557527,,,,,,
raw_frac250_seed20260530,raw,Raw pretrained PBE/GGA predictor,0.25,20260530,val,model_energy_per_atom,baseline_only,3712,4524.424723476253,4903.091323745127,4376.554120550105,7025.3955966116455,8058.967558171445,9859.598648577685,-4524.424723476253,-23.598234582457756,,,,,,
target_only_frac250_seed20260528,target_only,Target-only small MLP,0.25,20260528,test,pred_r2scan_target_only,completed,3711,170.39440286777378,276.0954480749387,108.21997824249158,378.98443290405316,526.299198916627,973.9633164964287,-32.99517730792306,0.9243829949629301,<RUNS_ROOT>/npj_r2scan_protocol_20260909/runs/target_only/target_only_frac250_seed20260528/metrics.json,<RUNS_ROOT>/npj_r2scan_protocol_20260909/runs/target_only/target_only_frac250_seed20260528/r2scan_target_only_predictions.csv,61.74861001968384,199.0,498404.0,498643.0
target_only_frac250_seed20260528,target_only,Target-only small MLP,0.25,20260528,train,pred_r2scan_target_only,completed,29692,154.70356134386589,262.2433533674659,95.60059275460242,335.6197411015185,475.4081616744626,1009.661051784529,-28.64309020872542,0.9300719335246866,<RUNS_ROOT>/npj_r2scan_protocol_20260909/runs/target_only/target_only_frac250_seed20260528/metrics.json,<RUNS_ROOT>/npj_r2scan_protocol_20260909/runs/target_only/target_only_frac250_seed20260528/r2scan_target_only_predictions.csv,61.74861001968384,199.0,498404.0,498643.0
target_only_frac250_seed20260528,target_only,Target-only small MLP,0.25,20260528,val,pred_r2scan_target_only,completed,3712,164.67852490081933,259.8402620481712,106.56653008807237,363.59905528192246,506.3578691363161,962.9872608438086,-28.742995572130006,0.9309160970823832,<RUNS_ROOT>/npj_r2scan_protocol_20260909/runs/target_only/target_only_frac250_seed20260528/metrics.json,<RUNS_ROOT>/npj_r2scan_protocol_20260909/runs/target_only/target_only_frac250_seed20260528/r2scan_target_only_predictions.csv,61.74861001968384,199.0,498404.0,498643.0
target_only_frac250_seed20260529,target_only,Target-only small MLP,0.25,20260529,test,pred_r2scan_target_only,completed,3711,176.98160149132167,288.46314593135605,110.46090385445729,394.900633530477,545.2440651717694,1100.6047623539557,-22.607683846335753,0.9174567337090633,<RUNS_ROOT>/npj_r2scan_protocol_20260909/runs/target_only/target_only_frac250_seed20260529/metrics.json,<RUNS_ROOT>/npj_r2scan_protocol_20260909/runs/target_only/target_only_frac250_seed20260529/r2scan_target_only_predictions.csv,51.74274134635925,200.0,498404.0,498643.0
target_only_frac250_seed20260529,target_only,Target-only small MLP,0.25,20260529,train,pred_r2scan_target_only,completed,29692,163.69316229627125,268.4416392299452,102.24055984024955,364.14754472733813,505.61797297527335,1023.0579092242382,-18.808469233073907,0.9267272814379112,<RUNS_ROOT>/npj_r2scan_protocol_20260909/runs/target_only/target_only_frac250_seed20260529/metrics.json,<RUNS_ROOT>/npj_r2scan_protocol_20260909/runs/target_only/target_only_frac250_seed20260529/r2scan_target_only_predictions.csv,51.74274134635925,200.0,498404.0,498643.0
target_only_frac250_seed20260529,target_only,Target-only small MLP,0.25,20260529,val,pred_r2scan_target_only,completed,3712,175.93496836727496,268.9084094256284,114.69994555465846,403.51121202283076,543.2550500593504,953.8418476898854,-13.346248990131638,0.9260100486295555,<RUNS_ROOT>/npj_r2scan_protocol_20260909/runs/target_only/target_only_frac250_seed20260529/metrics.json,<RUNS_ROOT>/npj_r2scan_protocol_20260909/runs/target_only/target_only_frac250_seed20260529/r2scan_target_only_predictions.csv,51.74274134635925,200.0,498404.0,498643.0
target_only_frac250_seed20260530,target_only,Target-only small MLP,0.25,20260530,test,pred_r2scan_target_only,completed,3711,164.62130853897293,258.5448489452507,107.46356572789506,369.62552272794056,513.464860590419,861.4265141198738,-24.99232217328955,0.9336909572539591,<RUNS_ROOT>/npj_r2scan_protocol_20260909/runs/target_only/target_only_frac250_seed20260530/metrics.json,<RUNS_ROOT>/npj_r2scan_protocol_20260909/runs/target_only/target_only_frac250_seed20260530/r2scan_target_only_predictions.csv,63.124000787734985,199.0,498404.0,498643.0
target_only_frac250_seed20260530,target_only,Target-only small MLP,0.25,20260530,train,pred_r2scan_target_only,completed,29692,153.7958789539518,248.87774387591512,97.51497553619609,341.360894930575,472.2688386800238,882.2727073241564,-20.294534334379467,0.9370182588002833,<RUNS_ROOT>/npj_r2scan_protocol_20260909/runs/target_only/target_only_frac250_seed20260530/metrics.json,<RUNS_ROOT>/npj_r2scan_protocol_20260909/runs/target_only/target_only_frac250_seed20260530/r2scan_target_only_predictions.csv,63.124000787734985,199.0,498404.0,498643.0
target_only_frac250_seed20260530,target_only,Target-only small MLP,0.25,20260530,val,pred_r2scan_target_only,completed,3712,156.88780270843827,235.01017568264837,102.99324624984676,356.33282263371393,481.60688706740257,823.2438149122102,-15.181179344411332,0.9434884384045629,<RUNS_ROOT>/npj_r2scan_protocol_20260909/runs/target_only/target_only_frac250_seed20260530/metrics.json,<RUNS_ROOT>/npj_r2scan_protocol_20260909/runs/target_only/target_only_frac250_seed20260530/r2scan_target_only_predictions.csv,63.124000787734985,199.0,498404.0,498643.0
affine_energy_composition_frac500_seed20260528,affine_energy_composition,Linear energy+composition calibration,0.5,20260528,test,pred_affine_energy_composition,baseline_only,3711,104.20364519609716,166.7267421278655,65.35972110312093,234.2275374623277,360.21172973315294,662.0500527064045,-5.075802650149254,0.972425254856089,,,,,,
affine_energy_composition_frac500_seed20260528,affine_energy_composition,Linear energy+composition calibration,0.5,20260528,train,pred_affine_energy_composition,baseline_only,29692,107.69153641742004,181.87416324594952,64.26873399129774,245.49030727508236,378.6220776222178,707.3599051896762,-0.4995449308023513,0.9663655324307266,,,,,,
affine_energy_composition_frac500_seed20260528,affine_energy_composition,Linear energy+composition calibration,0.5,20260528,train_full,pred_affine_energy_composition,baseline_only,29692,107.69153641742004,181.87416324594952,64.26873399129774,245.49030727508236,378.6220776222178,707.3599051896762,-0.4995449308023513,0.9663655324307266,,,,,,
affine_energy_composition_frac500_seed20260528,affine_energy_composition,Linear energy+composition calibration,0.5,20260528,train_used,pred_affine_energy_composition,baseline_only,14846,106.67565213246262,173.7771522273896,63.806534589957664,245.2070917974462,374.6048166902222,683.5761584877151,-3.903025462213817e-12,0.9689238204720824,,,,,,
affine_energy_composition_frac500_seed20260528,affine_energy_composition,Linear energy+composition calibration,0.5,20260528,val,pred_affine_energy_composition,baseline_only,3712,104.91081682216816,168.1474060891137,63.764114227769205,236.2839638875742,371.1708488829885,678.0576883403951,0.2525849864895101,0.9710702741376402,,,,,,
affine_energy_composition_frac500_seed20260529,affine_energy_composition,Linear energy+composition calibration,0.5,20260529,test,pred_affine_energy_composition,baseline_only,3711,105.673199671443,167.24631039383038,66.41194090930102,239.46641237811272,365.9331221855175,654.4756151455321,-7.077884897100681,0.9722531254688728,,,,,,
affine_energy_composition_frac500_seed20260529,affine_energy_composition,Linear energy+composition calibration,0.5,20260529,train,pred_affine_energy_composition,baseline_only,29692,108.51861244174415,173.78647787725572,65.68011617282335,252.086730349804,381.9345823500269,687.7072470657939,-2.909059342164202,0.9692903756768544,,,,,,
affine_energy_composition_frac500_seed20260529,affine_energy_composition,Linear energy+composition calibration,0.5,20260529,train_full,pred_affine_energy_composition,baseline_only,29692,108.51861244174415,173.78647787725572,65.68011617282335,252.086730349804,381.9345823500269,687.7072470657939,-2.909059342164202,0.9692903756768544,,,,,,
affine_energy_composition_frac500_seed20260529,affine_energy_composition,Linear energy+composition calibration,0.5,20260529,train_used,pred_affine_energy_composition,baseline_only,14846,108.0978453177784,173.34488387953525,64.82912464886265,253.35521496931645,381.2867971725345,678.5456144474851,-3.2629758311238397e-12,0.969307214693697,,,,,,
affine_energy_composition_frac500_seed20260529,affine_energy_composition,Linear energy+composition calibration,0.5,20260529,val,pred_affine_energy_composition,baseline_only,3712,106.03833494040911,167.5275830795907,64.97754935011658,245.43349071223216,373.2513311399685,647.794885780442,-1.466964744786441,0.9712831618778964,,,,,,
affine_energy_composition_frac500_seed20260530,affine_energy_composition,Linear energy+composition calibration,0.5,20260530,test,pred_affine_energy_composition,baseline_only,3711,104.82489640442004,167.1233478132347,66.77099442039336,234.20662106268895,362.75120891580735,658.8511618373534,-4.266761834798429,0.972293910501063,,,,,,
affine_energy_composition_frac500_seed20260530,affine_energy_composition,Linear energy+composition calibration,0.5,20260530,train,pred_affine_energy_composition,baseline_only,29692,108.28663807624586,181.7501957969814,65.06241226154906,246.73217994145577,377.1193820836709,703.5466957690738,0.3631808431049931,0.9664113680574244,,,,,,
affine_energy_composition_frac500_seed20260530,affine_energy_composition,Linear energy+composition calibration,0.5,20260530,train_full,pred_affine_energy_composition,baseline_only,29692,108.28663807624586,181.7501957969814,65.06241226154906,246.73217994145577,377.1193820836709,703.5466957690738,0.3631808431049931,0.9664113680574244,,,,,,
affine_energy_composition_frac500_seed20260530,affine_energy_composition,Linear energy+composition calibration,0.5,20260530,train_used,pred_affine_energy_composition,baseline_only,14846,108.42815153623108,174.79463385272274,64.87847354656748,249.36932152710335,379.7296624695463,703.3821087234528,-1.4584708072652232e-12,0.9690579097451252,,,,,,
affine_energy_composition_frac500_seed20260530,affine_energy_composition,Linear energy+composition calibration,0.5,20260530,val,pred_affine_energy_composition,baseline_only,3712,105.0725336342592,167.32223575361155,64.67143533133765,238.40699449228217,373.9644955681703,663.329942420773,0.980408083500776,0.9713535181944536,,,,,,
classical_delta_frac500_seed20260528,classical_delta,Classical residual adapter,0.5,20260528,test,pred_fe_adapter,completed,3711,20.107208821986394,51.01516059046284,10.202152156720379,39.261688925051885,60.573213448712416,188.74062467125532,0.2697686328643298,0.9974183373284109,<RUNS_ROOT>/npj_r2scan_protocol_20260909/runs/classical_delta/classical_delta_frac500_seed20260528/metrics.json,<RUNS_ROOT>/npj_r2scan_protocol_20260909/runs/classical_delta/classical_delta_frac500_seed20260528/fe_adapter_predictions.csv,43.31511878967285,190.0,,
classical_delta_frac500_seed20260528,classical_delta,Classical residual adapter,0.5,20260528,train,pred_fe_adapter,completed,29692,17.98979289576438,73.77105077457136,8.68463120989238,34.985257344276285,53.67187327989801,141.68190839036544,-0.342278271538687,0.9944663144143616,<RUNS_ROOT>/npj_r2scan_protocol_20260909/runs/classical_delta/classical_delta_frac500_seed20260528/metrics.json,<RUNS_ROOT>/npj_r2scan_protocol_20260909/runs/classical_delta/classical_delta_frac500_seed20260528/fe_adapter_predictions.csv,43.31511878967285,190.0,,
classical_delta_frac500_seed20260528,classical_delta,Classical residual adapter,0.5,20260528,val,pred_fe_adapter,completed,3712,20.153555406640134,51.05835334229708,10.271182455386525,39.71239048100051,63.05370591574777,175.77280886847743,-1.6403366999073572,0.9973325420428818,<RUNS_ROOT>/npj_r2scan_protocol_20260909/runs/classical_delta/classical_delta_frac500_seed20260528/metrics.json,<RUNS_ROOT>/npj_r2scan_protocol_20260909/runs/classical_delta/classical_delta_frac500_seed20260528/fe_adapter_predictions.csv,43.31511878967285,190.0,,
classical_delta_frac500_seed20260529,classical_delta,Classical residual adapter,0.5,20260529,test,pred_fe_adapter,completed,3711,19.55738487868349,47.59095239136789,10.21180179738379,38.32567059712977,59.31737469513683,175.15667770465106,0.12755829056364398,0.9977532757592383,<RUNS_ROOT>/npj_r2scan_protocol_20260909/runs/classical_delta/classical_delta_frac500_seed20260529/metrics.json,<RUNS_ROOT>/npj_r2scan_protocol_20260909/runs/classical_delta/classical_delta_frac500_seed20260529/fe_adapter_predictions.csv,51.37040853500366,200.0,,
classical_delta_frac500_seed20260529,classical_delta,Classical residual adapter,0.5,20260529,train,pred_fe_adapter,completed,29692,17.47825327222903,48.37845778533107,8.72382401977756,34.00104873424027,52.36087433112172,160.38456671212472,-1.3020794666665036,0.9976201664639487,<RUNS_ROOT>/npj_r2scan_protocol_20260909/runs/classical_delta/classical_delta_frac500_seed20260529/metrics.json,<RUNS_ROOT>/npj_r2scan_protocol_20260909/runs/classical_delta/classical_delta_frac500_seed20260529/fe_adapter_predictions.csv,51.37040853500366,200.0,,
classical_delta_frac500_seed20260529,classical_delta,Classical residual adapter,0.5,20260529,val,pred_fe_adapter,completed,3712,19.741043085322183,47.43752446208218,10.339872391908894,40.72156134119305,60.87759353703841,177.6407461499129,-1.4901521602593473,0.9976974556263406,<RUNS_ROOT>/npj_r2scan_protocol_20260909/runs/classical_delta/classical_delta_frac500_seed20260529/metrics.json,<RUNS_ROOT>/npj_r2scan_protocol_20260909/runs/classical_delta/classical_delta_frac500_seed20260529/fe_adapter_predictions.csv,51.37040853500366,200.0,,
classical_delta_frac500_seed20260530,classical_delta,Classical residual adapter,0.5,20260530,test,pred_fe_adapter,completed,3711,21.18398293264711,57.93199134234983,10.480813269652334,39.93815391662281,61.530342648302636,192.4652201011062,-0.16944549754698285,0.9966708152751379,<RUNS_ROOT>/npj_r2scan_protocol_20260909/runs/classical_delta/classical_delta_frac500_seed20260530/metrics.json,<RUNS_ROOT>/npj_r2scan_protocol_20260909/runs/classical_delta/classical_delta_frac500_seed20260530/fe_adapter_predictions.csv,45.14487290382385,186.0,,
classical_delta_frac500_seed20260530,classical_delta,Classical residual adapter,0.5,20260530,train,pred_fe_adapter,completed,29692,18.221556439583374,74.71677346493446,8.760286453585952,34.77326858239831,54.1368205595985,148.61629094456782,-0.7776652818552624,0.9943235246116986,<RUNS_ROOT>/npj_r2scan_protocol_20260909/runs/classical_delta/classical_delta_frac500_seed20260530/metrics.json,<RUNS_ROOT>/npj_r2scan_protocol_20260909/runs/classical_delta/classical_delta_frac500_seed20260530/fe_adapter_predictions.csv,45.14487290382385,186.0,,
classical_delta_frac500_seed20260530,classical_delta,Classical residual adapter,0.5,20260530,val,pred_fe_adapter,completed,3712,20.4521536695628,51.807074062651594,10.376210280317807,40.751714067331875,64.19938105701276,175.40983221865386,-1.7083090710899425,0.9972537371358307,<RUNS_ROOT>/npj_r2scan_protocol_20260909/runs/classical_delta/classical_delta_frac500_seed20260530/metrics.json,<RUNS_ROOT>/npj_r2scan_protocol_20260909/runs/classical_delta/classical_delta_frac500_seed20260530/fe_adapter_predictions.csv,45.14487290382385,186.0,,
composition_only_linear_frac500_seed20260528,composition_only_linear,Composition-only linear baseline,0.5,20260528,test,pred_composition_only_linear,baseline_only,3711,375.0546314813032,538.2682635169923,242.49790304359885,889.7845109880662,1160.51561090649,1644.468788101585,3.1025234356521687,0.7125922148221387,,,,,,
composition_only_linear_frac500_seed20260528,composition_only_linear,Composition-only linear baseline,0.5,20260528,train,pred_composition_only_linear,baseline_only,29692,373.7859223421307,541.1181661110014,243.1803660978053,874.0713408600855,1149.8923043496416,1732.3268485605977,-0.7909526891055887,0.7022671402809451,,,,,,
composition_only_linear_frac500_seed20260528,composition_only_linear,Composition-only linear baseline,0.5,20260528,train_full,pred_composition_only_linear,baseline_only,29692,373.7859223421307,541.1181661110014,243.1803660978053,874.0713408600855,1149.8923043496416,1732.3268485605977,-0.7909526891055887,0.7022671402809451,,,,,,
composition_only_linear_frac500_seed20260528,composition_only_linear,Composition-only linear baseline,0.5,20260528,train_used,pred_composition_only_linear,baseline_only,14846,372.3350866340793,534.534557279761,243.645692074003,872.5508417629197,1142.001687794174,1672.7210655131069,-2.839586455115637e-12,0.7059685102118689,,,,,,
composition_only_linear_frac500_seed20260528,composition_only_linear,Composition-only linear baseline,0.5,20260528,val,pred_composition_only_linear,baseline_only,3712,365.1969405872226,519.167782525269,243.9004039689316,850.3837778516245,1115.023582080907,1606.452400549999,10.372071915222708,0.7242094110912705,,,,,,
composition_only_linear_frac500_seed20260529,composition_only_linear,Composition-only linear baseline,0.5,20260529,test,pred_composition_only_linear,baseline_only,3711,374.4763719734012,538.2467434155135,240.2005639323868,878.3282006808623,1134.6163164505806,1637.8610419368435,1.8802145617419528,0.7126151956348012,,,,,,
composition_only_linear_frac500_seed20260529,composition_only_linear,Composition-only linear baseline,0.5,20260529,train,pred_composition_only_linear,baseline_only,29692,373.6739504136293,540.8695968359846,244.4002165432682,876.3285088462426,1138.388380638503,1735.2638033032592,-1.8109739116463663,0.7025406119463051,,,,,,
composition_only_linear_frac500_seed20260529,composition_only_linear,Composition-only linear baseline,0.5,20260529,train_full,pred_composition_only_linear,baseline_only,29692,373.6739504136293,540.8695968359846,244.4002165432682,876.3285088462426,1138.388380638503,1735.2638033032592,-1.8109739116463663,0.7025406119463051,,,,,,
composition_only_linear_frac500_seed20260529,composition_only_linear,Composition-only linear baseline,0.5,20260529,train_used,pred_composition_only_linear,baseline_only,14846,366.3397082231514,527.6915053217431,239.4054101001929,866.8773255389916,1133.7452547277037,1659.3975504983714,-2.704020491284269e-12,0.7155706224402583,,,,,,
composition_only_linear_frac500_seed20260529,composition_only_linear,Composition-only linear baseline,0.5,20260529,val,pred_composition_only_linear,baseline_only,3712,364.83568356321854,518.9959648945829,244.09462099280245,859.7150532651941,1110.7932683821452,1604.439966967614,8.553548542027897,0.7243919256695761,,,,,,
composition_only_linear_frac500_seed20260530,composition_only_linear,Composition-only linear baseline,0.5,20260530,test,pred_composition_only_linear,baseline_only,3711,374.5299922382883,537.7900898799098,238.1572341965976,891.384776564788,1163.7286382838158,1676.3895758618662,4.416377775993381,0.7131026286494131,,,,,,
composition_only_linear_frac500_seed20260530,composition_only_linear,Composition-only linear baseline,0.5,20260530,train,pred_composition_only_linear,baseline_only,29692,373.9440795130701,541.1199793740107,242.344647936458,878.300488234932,1148.8895027240849,1717.007143247905,0.5698811259020878,0.7022651448983481,,,,,,
composition_only_linear_frac500_seed20260530,composition_only_linear,Composition-only linear baseline,0.5,20260530,train_full,pred_composition_only_linear,baseline_only,29692,373.9440795130701,541.1199793740107,242.344647936458,878.300488234932,1148.8895027240849,1717.007143247905,0.5698811259020878,0.7022651448983481,,,,,,
composition_only_linear_frac500_seed20260530,composition_only_linear,Composition-only linear baseline,0.5,20260530,train_used,pred_composition_only_linear,baseline_only,14846,374.62662438044975,541.1831520236273,244.18999804143516,873.153361451611,1160.561430787196,1736.0736937512572,3.052447752252445e-12,0.7033925927288174,,,,,,
composition_only_linear_frac500_seed20260530,composition_only_linear,Composition-only linear baseline,0.5,20260530,val,pred_composition_only_linear,baseline_only,3712,364.2111863784224,518.2815122503044,241.69827080448545,851.291162482401,1114.4653678557418,1613.691284260033,10.664014128737325,0.7251502105036052,,,,,,
element_reference_frac500_seed20260528,element_reference,Element-reference calibration,0.5,20260528,test,pred_element_reference,baseline_only,3711,104.30775940087888,166.73466489435137,65.34115343622831,235.32838174728136,361.24249773931103,660.7300066460447,-5.057284180778831,0.9724226341192516,,,,,,
element_reference_frac500_seed20260528,element_reference,Element-reference calibration,0.5,20260528,train,pred_element_reference,baseline_only,29692,107.79753478054585,181.82049344178347,64.36798746689634,245.96160412795345,379.6754450152033,705.1465522454167,-0.5002045439380073,0.9663853800980484,,,,,,
element_reference_frac500_seed20260528,element_reference,Element-reference calibration,0.5,20260528,train_full,pred_element_reference,baseline_only,29692,107.79753478054585,181.82049344178347,64.36798746689634,245.96160412795345,379.6754450152033,705.1465522454167,-0.5002045439380073,0.9663853800980484,,,,,,
element_reference_frac500_seed20260528,element_reference,Element-reference calibration,0.5,20260528,train_used,pred_element_reference,baseline_only,14846,106.79626300779992,173.78092277128334,63.96199937549703,245.621162179888,375.5653333813237,682.148071259905,1.1877307406188584e-11,0.9689224719015864,,,,,,
element_reference_frac500_seed20260528,element_reference,Element-reference calibration,0.5,20260528,val,pred_element_reference,baseline_only,3712,104.98013331014371,168.0678541186593,63.71441029738156,236.93719486764124,373.5747195247681,676.9308089572302,0.2754988941452358,0.971097641461831,,,,,,
element_reference_frac500_seed20260529,element_reference,Element-reference calibration,0.5,20260529,test,pred_element_reference,baseline_only,3711,105.2916202063318,167.17300262796647,65.07481513343593,238.64690243665527,365.23602717299406,656.7259801415419,-7.142796330736102,0.9722774442785338,,,,,,
element_reference_frac500_seed20260529,element_reference,Element-reference calibration,0.5,20260529,train,pred_element_reference,baseline_only,29692,108.14357071231268,173.78210685341966,65.14951400749499,250.39323495372977,379.3290702767608,690.3203506745904,-2.91701619727457,0.9692919204554064,,,,,,
element_reference_frac500_seed20260529,element_reference,Element-reference calibration,0.5,20260529,train_full,pred_element_reference,baseline_only,29692,108.14357071231268,173.78210685341966,65.14951400749499,250.39323495372977,379.3290702767608,690.3203506745904,-2.91701619727457,0.9692919204554064,,,,,,
element_reference_frac500_seed20260529,element_reference,Element-reference calibration,0.5,20260529,train_used,pred_element_reference,baseline_only,14846,107.73883232142693,173.3824982896836,64.36991855373964,251.3962087520152,379.52092059068514,680.6800494224452,8.138863570850359e-12,0.9692938930859658,,,,,,
element_reference_frac500_seed20260529,element_reference,Element-reference calibration,0.5,20260529,val,pred_element_reference,baseline_only,3712,105.78847470634048,167.7291276023346,64.14121695676688,242.30464631502892,371.7514495537981,655.0210759516385,-1.539574552949211,0.971214024571732,,,,,,
element_reference_frac500_seed20260530,element_reference,Element-reference calibration,0.5,20260530,test,pred_element_reference,baseline_only,3711,104.653864021234,167.09557056567553,66.55203656690922,233.085515526158,361.8832131606436,660.4622864212662,-4.296407260045831,0.9723031196864964,,,,,,
element_reference_frac500_seed20260530,element_reference,Element-reference calibration,0.5,20260530,train,pred_element_reference,baseline_only,29692,108.11667416759327,181.8175601646006,64.83504537474744,245.670308734288,375.59698688651326,705.285644737377,0.3624752944368653,0.9663864646864836,,,,,,
element_reference_frac500_seed20260530,element_reference,Element-reference calibration,0.5,20260530,train_full,pred_element_reference,baseline_only,29692,108.11667416759327,181.8175601646006,64.83504537474744,245.670308734288,375.59698688651326,705.285644737377,0.3624752944368653,0.9663864646864836,,,,,,
element_reference_frac500_seed20260530,element_reference,Element-reference calibration,0.5,20260530,train_used,pred_element_reference,baseline_only,14846,108.2624842680746,174.8033789093159,64.74814447247223,247.9137932173201,378.38693912948304,704.9440726504292,1.2748285819444966e-11,0.9690548135734256,,,,,,
element_reference_frac500_seed20260530,element_reference,Element-reference calibration,0.5,20260530,val,pred_element_reference,baseline_only,3712,104.95890178796049,167.4276268281329,64.15698046967123,238.4684421635304,374.16156048268806,664.2186087677226,0.9473469291231909,0.9713174197727638,,,,,,
internal_element_reference_for_formdelta_frac500_seed20260528,element_reference_internal,Internal element-reference anchor,0.5,20260528,test,pred_element_reference_internal,internal_baseline,3711,104.30776152167661,166.73467186323126,65.34139387206933,235.32834411010845,361.2427859674073,660.7296073065212,-5.057482779178362,0.972422631813992,<RUNS_ROOT>/npj_r2scan_protocol_20260909/runs/formdelta/formdelta_frac500_seed20260528/metrics.json,,,,,
internal_element_reference_for_feature_stacking_frac500_seed20260528,element_reference_internal,Internal element-reference anchor,0.5,20260528,test,pred_element_reference_internal,internal_baseline,3711,104.30776152167661,166.73467186323126,65.34139387206933,235.32834411010845,361.2427859674073,660.7296073065212,-5.057482779178362,0.972422631813992,<RUNS_ROOT>/npj_r2scan_protocol_20260909/runs/feature_stacking/feature_stacking_frac500_seed20260528/metrics.json,,,,,
internal_element_reference_for_target_only_frac500_seed20260528,element_reference_internal,Internal element-reference anchor,0.5,20260528,test,pred_element_reference_internal,internal_baseline,3711,104.30776152167661,166.73467186323126,65.34139387206933,235.32834411010845,361.2427859674073,660.7296073065212,-5.057482779178362,0.972422631813992,<RUNS_ROOT>/npj_r2scan_protocol_20260909/runs/target_only/target_only_frac500_seed20260528/metrics.json,,,,,
internal_element_reference_for_formdelta_frac500_seed20260528,element_reference_internal,Internal element-reference anchor,0.5,20260528,train,pred_element_reference_internal,internal_baseline,29692,107.79753093320066,181.82049477818626,64.36800279842083,245.96132593845388,379.6752380239872,705.1461653258216,-0.5004014311190418,0.9663853796039054,<RUNS_ROOT>/npj_r2scan_protocol_20260909/runs/formdelta/formdelta_frac500_seed20260528/metrics.json,,,,,
internal_element_reference_for_feature_stacking_frac500_seed20260528,element_reference_internal,Internal element-reference anchor,0.5,20260528,train,pred_element_reference_internal,internal_baseline,29692,107.79753093320066,181.82049477818626,64.36800279842083,245.96132593845388,379.6752380239872,705.1461653258216,-0.5004014311190418,0.9663853796039054,<RUNS_ROOT>/npj_r2scan_protocol_20260909/runs/feature_stacking/feature_stacking_frac500_seed20260528/metrics.json,,,,,
internal_element_reference_for_target_only_frac500_seed20260528,element_reference_internal,Internal element-reference anchor,0.5,20260528,train,pred_element_reference_internal,internal_baseline,29692,107.79753093320066,181.82049477818626,64.36800279842083,245.96132593845388,379.6752380239872,705.1461653258216,-0.5004014311190418,0.9663853796039054,<RUNS_ROOT>/npj_r2scan_protocol_20260909/runs/target_only/target_only_frac500_seed20260528/metrics.json,,,,,
internal_element_reference_for_formdelta_frac500_seed20260528,element_reference_internal,Internal element-reference anchor,0.5,20260528,val,pred_element_reference_internal,internal_baseline,3712,104.98011920030446,168.0678509946291,63.714308389437925,236.9367522384091,373.57503335398366,676.9312327667756,0.2753091079266075,0.9710976425362998,<RUNS_ROOT>/npj_r2scan_protocol_20260909/runs/formdelta/formdelta_frac500_seed20260528/metrics.json,,,,,
internal_element_reference_for_feature_stacking_frac500_seed20260528,element_reference_internal,Internal element-reference anchor,0.5,20260528,val,pred_element_reference_internal,internal_baseline,3712,104.98011920030446,168.0678509946291,63.714308389437925,236.9367522384091,373.57503335398366,676.9312327667756,0.2753091079266075,0.9710976425362998,<RUNS_ROOT>/npj_r2scan_protocol_20260909/runs/feature_stacking/feature_stacking_frac500_seed20260528/metrics.json,,,,,
internal_element_reference_for_target_only_frac500_seed20260528,element_reference_internal,Internal element-reference anchor,0.5,20260528,val,pred_element_reference_internal,internal_baseline,3712,104.98011920030446,168.0678509946291,63.714308389437925,236.9367522384091,373.57503335398366,676.9312327667756,0.2753091079266075,0.9710976425362998,<RUNS_ROOT>/npj_r2scan_protocol_20260909/runs/target_only/target_only_frac500_seed20260528/metrics.json,,,,,
internal_element_reference_for_formdelta_frac500_seed20260529,element_reference_internal,Internal element-reference anchor,0.5,20260529,test,pred_element_reference_internal,internal_baseline,3711,105.29161772535623,167.17300472671624,65.0742800473636,238.64707328491264,365.23599561488953,656.7259390120834,-7.1429031713168225,0.972277443582456,<RUNS_ROOT>/npj_r2scan_protocol_20260909/runs/formdelta/formdelta_frac500_seed20260529/metrics.json,,,,,
internal_element_reference_for_feature_stacking_frac500_seed20260529,element_reference_internal,Internal element-reference anchor,0.5,20260529,test,pred_element_reference_internal,internal_baseline,3711,105.29161772535623,167.17300472671624,65.0742800473636,238.64707328491264,365.23599561488953,656.7259390120834,-7.1429031713168225,0.972277443582456,<RUNS_ROOT>/npj_r2scan_protocol_20260909/runs/feature_stacking/feature_stacking_frac500_seed20260529/metrics.json,,,,,
internal_element_reference_for_target_only_frac500_seed20260529,element_reference_internal,Internal element-reference anchor,0.5,20260529,test,pred_element_reference_internal,internal_baseline,3711,105.29161772535623,167.17300472671624,65.0742800473636,238.64707328491264,365.23599561488953,656.7259390120834,-7.1429031713168225,0.972277443582456,<RUNS_ROOT>/npj_r2scan_protocol_20260909/runs/target_only/target_only_frac500_seed20260529/metrics.json,,,,,
internal_element_reference_for_formdelta_frac500_seed20260529,element_reference_internal,Internal element-reference anchor,0.5,20260529,train,pred_element_reference_internal,internal_baseline,29692,108.14356915822444,173.78210959838054,65.14983662395609,250.39346300861354,379.3292914517544,690.3203136741561,-2.91712478986741,0.9692919194853126,<RUNS_ROOT>/npj_r2scan_protocol_20260909/runs/formdelta/formdelta_frac500_seed20260529/metrics.json,,,,,
internal_element_reference_for_feature_stacking_frac500_seed20260529,element_reference_internal,Internal element-reference anchor,0.5,20260529,train,pred_element_reference_internal,internal_baseline,29692,108.14356915822444,173.78210959838054,65.14983662395609,250.39346300861354,379.3292914517544,690.3203136741561,-2.91712478986741,0.9692919194853126,<RUNS_ROOT>/npj_r2scan_protocol_20260909/runs/feature_stacking/feature_stacking_frac500_seed20260529/metrics.json,,,,,
internal_element_reference_for_target_only_frac500_seed20260529,element_reference_internal,Internal element-reference anchor,0.5,20260529,train,pred_element_reference_internal,internal_baseline,29692,108.14356915822444,173.78210959838054,65.14983662395609,250.39346300861354,379.3292914517544,690.3203136741561,-2.91712478986741,0.9692919194853126,<RUNS_ROOT>/npj_r2scan_protocol_20260909/runs/target_only/target_only_frac500_seed20260529/metrics.json,,,,,
internal_element_reference_for_formdelta_frac500_seed20260529,element_reference_internal,Internal element-reference anchor,0.5,20260529,val,pred_element_reference_internal,internal_baseline,3712,105.78846726668098,167.7291240926385,64.1410438613751,242.3045999718908,371.7516074332672,655.0212131774151,-1.53968495388872,0.9712140257764128,<RUNS_ROOT>/npj_r2scan_protocol_20260909/runs/formdelta/formdelta_frac500_seed20260529/metrics.json,,,,,
internal_element_reference_for_feature_stacking_frac500_seed20260529,element_reference_internal,Internal element-reference anchor,0.5,20260529,val,pred_element_reference_internal,internal_baseline,3712,105.78846726668098,167.7291240926385,64.1410438613751,242.3045999718908,371.7516074332672,655.0212131774151,-1.53968495388872,0.9712140257764128,<RUNS_ROOT>/npj_r2scan_protocol_20260909/runs/feature_stacking/feature_stacking_frac500_seed20260529/metrics.json,,,,,
internal_element_reference_for_target_only_frac500_seed20260529,element_reference_internal,Internal element-reference anchor,0.5,20260529,val,pred_element_reference_internal,internal_baseline,3712,105.78846726668098,167.7291240926385,64.1410438613751,242.3045999718908,371.7516074332672,655.0212131774151,-1.53968495388872,0.9712140257764128,<RUNS_ROOT>/npj_r2scan_protocol_20260909/runs/target_only/target_only_frac500_seed20260529/metrics.json,,,,,
internal_element_reference_for_formdelta_frac500_seed20260530,element_reference_internal,Internal element-reference anchor,0.5,20260530,test,pred_element_reference_internal,internal_baseline,3711,104.65385938251102,167.09556716563202,66.55214218627847,233.08538603670948,361.88301465005935,660.4625364425356,-4.296357838564697,0.972303120813643,<RUNS_ROOT>/npj_r2scan_protocol_20260909/runs/formdelta/formdelta_frac500_seed20260530/metrics.json,,,,,
internal_element_reference_for_feature_stacking_frac500_seed20260530,element_reference_internal,Internal element-reference anchor,0.5,20260530,test,pred_element_reference_internal,internal_baseline,3711,104.65385938251102,167.09556716563202,66.55214218627847,233.08538603670948,361.88301465005935,660.4625364425356,-4.296357838564697,0.972303120813643,<RUNS_ROOT>/npj_r2scan_protocol_20260909/runs/feature_stacking/feature_stacking_frac500_seed20260530/metrics.json,,,,,
internal_element_reference_for_target_only_frac500_seed20260530,element_reference_internal,Internal element-reference anchor,0.5,20260530,test,pred_element_reference_internal,internal_baseline,3711,104.65385938251102,167.09556716563202,66.55214218627847,233.08538603670948,361.88301465005935,660.4625364425356,-4.296357838564697,0.972303120813643,<RUNS_ROOT>/npj_r2scan_protocol_20260909/runs/target_only/target_only_frac500_seed20260530/metrics.json,,,,,
internal_element_reference_for_formdelta_frac500_seed20260530,element_reference_internal,Internal element-reference anchor,0.5,20260530,train,pred_element_reference_internal,internal_baseline,29692,108.11667260560726,181.8175599982836,64.83515172363957,245.67034212562348,375.5972831349331,705.285762406259,0.36252961137704953,0.9663864647479792,<RUNS_ROOT>/npj_r2scan_protocol_20260909/runs/formdelta/formdelta_frac500_seed20260530/metrics.json,,,,,
internal_element_reference_for_feature_stacking_frac500_seed20260530,element_reference_internal,Internal element-reference anchor,0.5,20260530,train,pred_element_reference_internal,internal_baseline,29692,108.11667260560726,181.8175599982836,64.83515172363957,245.67034212562348,375.5972831349331,705.285762406259,0.36252961137704953,0.9663864647479792,<RUNS_ROOT>/npj_r2scan_protocol_20260909/runs/feature_stacking/feature_stacking_frac500_seed20260530/metrics.json,,,,,
internal_element_reference_for_target_only_frac500_seed20260530,element_reference_internal,Internal element-reference anchor,0.5,20260530,train,pred_element_reference_internal,internal_baseline,29692,108.11667260560726,181.8175599982836,64.83515172363957,245.67034212562348,375.5972831349331,705.285762406259,0.36252961137704953,0.9663864647479792,<RUNS_ROOT>/npj_r2scan_protocol_20260909/runs/target_only/target_only_frac500_seed20260530/metrics.json,,,,,
internal_element_reference_for_formdelta_frac500_seed20260530,element_reference_internal,Internal element-reference anchor,0.5,20260530,val,pred_element_reference_internal,internal_baseline,3712,104.95889925190744,167.42762675564146,64.15699898071081,238.46837758650307,374.16166841457505,664.2188244885352,0.9474046594996052,0.9713174197976012,<RUNS_ROOT>/npj_r2scan_protocol_20260909/runs/formdelta/formdelta_frac500_seed20260530/metrics.json,,,,,
internal_element_reference_for_feature_stacking_frac500_seed20260530,element_reference_internal,Internal element-reference anchor,0.5,20260530,val,pred_element_reference_internal,internal_baseline,3712,104.95889925190744,167.42762675564146,64.15699898071081,238.46837758650307,374.16166841457505,664.2188244885352,0.9474046594996052,0.9713174197976012,<RUNS_ROOT>/npj_r2scan_protocol_20260909/runs/feature_stacking/feature_stacking_frac500_seed20260530/metrics.json,,,,,
internal_element_reference_for_target_only_frac500_seed20260530,element_reference_internal,Internal element-reference anchor,0.5,20260530,val,pred_element_reference_internal,internal_baseline,3712,104.95889925190744,167.42762675564146,64.15699898071081,238.46837758650307,374.16166841457505,664.2188244885352,0.9474046594996052,0.9713174197976012,<RUNS_ROOT>/npj_r2scan_protocol_20260909/runs/target_only/target_only_frac500_seed20260530/metrics.json,,,,,
feature_stacking_frac500_seed20260528,feature_stacking,Feature-stacking direct-y baseline,0.5,20260528,test,pred_r2scan_feature_stacking,completed,3711,39.124158218722854,89.60145698978147,21.28823657918355,82.18432150603758,121.5023496973201,310.5927529723721,-1.4355488621505008,0.9920360023633157,<RUNS_ROOT>/npj_r2scan_protocol_20260909/runs/feature_stacking/feature_stacking_frac500_seed20260528/metrics.json,<RUNS_ROOT>/npj_r2scan_protocol_20260909/runs/feature_stacking/feature_stacking_frac500_seed20260528/r2scan_feature_stacking_predictions.csv,87.70668244361877,196.0,498404.0,498643.0
feature_stacking_frac500_seed20260528,feature_stacking,Feature-stacking direct-y baseline,0.5,20260528,train,pred_r2scan_feature_stacking,completed,29692,37.40887970619249,87.85273020914897,19.711203644561685,77.77671222719393,116.53701821713281,297.48793983030254,-1.157790814462062,0.9921521071286209,<RUNS_ROOT>/npj_r2scan_protocol_20260909/runs/feature_stacking/feature_stacking_frac500_seed20260528/metrics.json,<RUNS_ROOT>/npj_r2scan_protocol_20260909/runs/feature_stacking/feature_stacking_frac500_seed20260528/r2scan_feature_stacking_predictions.csv,87.70668244361877,196.0,498404.0,498643.0
feature_stacking_frac500_seed20260528,feature_stacking,Feature-stacking direct-y baseline,0.5,20260528,val,pred_r2scan_feature_stacking,completed,3712,37.199174981176355,72.1162270198825,20.455634114652344,81.5281649328568,116.8800208419841,264.05283864304175,-0.6695248858566776,0.9946785502130444,<RUNS_ROOT>/npj_r2scan_protocol_20260909/runs/feature_stacking/feature_stacking_frac500_seed20260528/metrics.json,<RUNS_ROOT>/npj_r2scan_protocol_20260909/runs/feature_stacking/feature_stacking_frac500_seed20260528/r2scan_feature_stacking_predictions.csv,87.70668244361877,196.0,498404.0,498643.0
feature_stacking_frac500_seed20260529,feature_stacking,Feature-stacking direct-y baseline,0.5,20260529,test,pred_r2scan_feature_stacking,completed,3711,40.016321505434476,86.45552140347765,21.823476206685232,86.578654353898,126.53558630244116,299.6200436772342,-1.9312412454266035,0.9925854218377662,<RUNS_ROOT>/npj_r2scan_protocol_20260909/runs/feature_stacking/feature_stacking_frac500_seed20260529/metrics.json,<RUNS_ROOT>/npj_r2scan_protocol_20260909/runs/feature_stacking/feature_stacking_frac500_seed20260529/r2scan_feature_stacking_predictions.csv,76.17761039733887,194.0,498404.0,498643.0
feature_stacking_frac500_seed20260529,feature_stacking,Feature-stacking direct-y baseline,0.5,20260529,train,pred_r2scan_feature_stacking,completed,29692,37.098036300373096,81.76024662331974,20.028891412022244,79.17949481609463,116.00706712100825,280.4040962276892,-1.8775888906196814,0.9932028488692342,<RUNS_ROOT>/npj_r2scan_protocol_20260909/runs/feature_stacking/feature_stacking_frac500_seed20260529/metrics.json,<RUNS_ROOT>/npj_r2scan_protocol_20260909/runs/feature_stacking/feature_stacking_frac500_seed20260529/r2scan_feature_stacking_predictions.csv,76.17761039733887,194.0,498404.0,498643.0
feature_stacking_frac500_seed20260529,feature_stacking,Feature-stacking direct-y baseline,0.5,20260529,val,pred_r2scan_feature_stacking,completed,3712,37.82141849729075,72.76822675331206,20.854429879912374,82.60274696061053,120.3277912403045,304.61650897666294,-1.9488957611792905,0.9945818932423081,<RUNS_ROOT>/npj_r2scan_protocol_20260909/runs/feature_stacking/feature_stacking_frac500_seed20260529/metrics.json,<RUNS_ROOT>/npj_r2scan_protocol_20260909/runs/feature_stacking/feature_stacking_frac500_seed20260529/r2scan_feature_stacking_predictions.csv,76.17761039733887,194.0,498404.0,498643.0
feature_stacking_frac500_seed20260530,feature_stacking,Feature-stacking direct-y baseline,0.5,20260530,test,pred_r2scan_feature_stacking,completed,3711,40.041249623822644,90.78067098812019,21.61339787475214,84.48260070800862,124.33728967068686,291.3637018366919,-5.8215046083224316,0.9918250001012867,<RUNS_ROOT>/npj_r2scan_protocol_20260909/runs/feature_stacking/feature_stacking_frac500_seed20260530/metrics.json,<RUNS_ROOT>/npj_r2scan_protocol_20260909/runs/feature_stacking/feature_stacking_frac500_seed20260530/r2scan_feature_stacking_predictions.csv,102.12131404876709,195.0,498404.0,498643.0
feature_stacking_frac500_seed20260530,feature_stacking,Feature-stacking direct-y baseline,0.5,20260530,train,pred_r2scan_feature_stacking,completed,29692,37.96601835422791,87.48664631643612,20.51445709219046,79.3357093222051,116.28721231524922,293.9140332013097,-5.408620005453467,0.992217375476474,<RUNS_ROOT>/npj_r2scan_protocol_20260909/runs/feature_stacking/feature_stacking_frac500_seed20260530/metrics.json,<RUNS_ROOT>/npj_r2scan_protocol_20260909/runs/feature_stacking/feature_stacking_frac500_seed20260530/r2scan_feature_stacking_predictions.csv,102.12131404876709,195.0,498404.0,498643.0
feature_stacking_frac500_seed20260530,feature_stacking,Feature-stacking direct-y baseline,0.5,20260530,val,pred_r2scan_feature_stacking,completed,3712,38.15123777040911,73.11003468372681,21.737167053709317,82.02932715158232,122.03272660896306,276.0362606876558,-4.855782204418125,0.9945308736848035,<RUNS_ROOT>/npj_r2scan_protocol_20260909/runs/feature_stacking/feature_stacking_frac500_seed20260530/metrics.json,<RUNS_ROOT>/npj_r2scan_protocol_20260909/runs/feature_stacking/feature_stacking_frac500_seed20260530/r2scan_feature_stacking_predictions.csv,102.12131404876709,195.0,498404.0,498643.0
formdelta_frac500_seed20260528,formdelta,Canonical FormDelta fixed-anchor residual,0.5,20260528,test,pred_r2scan_formdelta,completed,3711,24.702143959388547,54.7453438631843,12.624988662577524,51.29711193817066,85.11072197494374,211.23684334527752,0.6006251153694536,0.9970269969478684,<RUNS_ROOT>/npj_r2scan_protocol_20260909/runs/formdelta/formdelta_frac500_seed20260528/metrics.json,<RUNS_ROOT>/npj_r2scan_protocol_20260909/runs/formdelta/formdelta_frac500_seed20260528/r2scan_formdelta_predictions.csv,81.30051517486572,196.0,498404.0,498643.0
formdelta_frac500_seed20260528,formdelta,Canonical FormDelta fixed-anchor residual,0.5,20260528,train,pred_r2scan_formdelta,completed,29692,22.67196149571161,79.30720919406617,10.723326492312433,44.73563881671159,70.08318260904552,196.77948326616644,0.48368772915885744,0.9936045976008445,<RUNS_ROOT>/npj_r2scan_protocol_20260909/runs/formdelta/formdelta_frac500_seed20260528/metrics.json,<RUNS_ROOT>/npj_r2scan_protocol_20260909/runs/formdelta/formdelta_frac500_seed20260528/r2scan_formdelta_predictions.csv,81.30051517486572,196.0,498404.0,498643.0
formdelta_frac500_seed20260528,formdelta,Canonical FormDelta fixed-anchor residual,0.5,20260528,val,pred_r2scan_formdelta,completed,3712,24.330296433026014,52.51105047152878,12.292857050988065,51.148128428051386,79.00270551331084,211.97451542628136,-1.5718044366358506,0.9971785952915267,<RUNS_ROOT>/npj_r2scan_protocol_20260909/runs/formdelta/formdelta_frac500_seed20260528/metrics.json,<RUNS_ROOT>/npj_r2scan_protocol_20260909/runs/formdelta/formdelta_frac500_seed20260528/r2scan_formdelta_predictions.csv,81.30051517486572,196.0,498404.0,498643.0
formdelta_frac500_seed20260529,formdelta,Canonical FormDelta fixed-anchor residual,0.5,20260529,test,pred_r2scan_formdelta,completed,3711,25.6744861114802,57.12930955267169,12.787750491574545,52.474870470578864,86.55475929760395,239.76988158381235,0.5105049980147344,0.9967624317693977,<RUNS_ROOT>/npj_r2scan_protocol_20260909/runs/formdelta/formdelta_frac500_seed20260529/metrics.json,<RUNS_ROOT>/npj_r2scan_protocol_20260909/runs/formdelta/formdelta_frac500_seed20260529/r2scan_formdelta_predictions.csv,78.61405563354492,199.0,498404.0,498643.0
formdelta_frac500_seed20260529,formdelta,Canonical FormDelta fixed-anchor residual,0.5,20260529,train,pred_r2scan_formdelta,completed,29692,22.563057971261546,57.80161852776558,10.729992999502613,45.49908064533825,71.02237108794814,205.31827540526163,-0.4989625720871529,0.9966027888593825,<RUNS_ROOT>/npj_r2scan_protocol_20260909/runs/formdelta/formdelta_frac500_seed20260529/metrics.json,<RUNS_ROOT>/npj_r2scan_protocol_20260909/runs/formdelta/formdelta_frac500_seed20260529/r2scan_formdelta_predictions.csv,78.61405563354492,199.0,498404.0,498643.0
formdelta_frac500_seed20260529,formdelta,Canonical FormDelta fixed-anchor residual,0.5,20260529,val,pred_r2scan_formdelta,completed,3712,24.056228597363965,49.94328175745825,12.400763248359592,51.35787698084329,81.2082859814545,195.3114255516593,-2.096215667121392,0.9974477798877228,<RUNS_ROOT>/npj_r2scan_protocol_20260909/runs/formdelta/formdelta_frac500_seed20260529/metrics.json,<RUNS_ROOT>/npj_r2scan_protocol_20260909/runs/formdelta/formdelta_frac500_seed20260529/r2scan_formdelta_predictions.csv,78.61405563354492,199.0,498404.0,498643.0
formdelta_frac500_seed20260530,formdelta,Canonical FormDelta fixed-anchor residual,0.5,20260530,test,pred_r2scan_formdelta,completed,3711,25.343315501599875,58.20415081708125,12.727510996296987,52.44978458251914,80.69647715717093,228.1325918119643,1.57490425547387,0.996639461356097,<RUNS_ROOT>/npj_r2scan_protocol_20260909/runs/formdelta/formdelta_frac500_seed20260530/metrics.json,<RUNS_ROOT>/npj_r2scan_protocol_20260909/runs/formdelta/formdelta_frac500_seed20260530/r2scan_formdelta_predictions.csv,104.20361328125,199.0,498404.0,498643.0
formdelta_frac500_seed20260530,formdelta,Canonical FormDelta fixed-anchor residual,0.5,20260530,train,pred_r2scan_formdelta,completed,29692,23.375234755076598,82.98107498382116,10.81703615584928,45.118229438192664,70.22781652301924,208.1462235865362,1.0655812906693327,0.9929983458632672,<RUNS_ROOT>/npj_r2scan_protocol_20260909/runs/formdelta/formdelta_frac500_seed20260530/metrics.json,<RUNS_ROOT>/npj_r2scan_protocol_20260909/runs/formdelta/formdelta_frac500_seed20260530/r2scan_formdelta_predictions.csv,104.20361328125,199.0,498404.0,498643.0
formdelta_frac500_seed20260530,formdelta,Canonical FormDelta fixed-anchor residual,0.5,20260530,val,pred_r2scan_formdelta,completed,3712,24.623778315579305,53.772185822869396,12.498486638362369,52.145975198431316,81.84079263862476,213.20220440071378,-1.1583233725186382,0.9970414469867366,<RUNS_ROOT>/npj_r2scan_protocol_20260909/runs/formdelta/formdelta_frac500_seed20260530/metrics.json,<RUNS_ROOT>/npj_r2scan_protocol_20260909/runs/formdelta/formdelta_frac500_seed20260530/r2scan_formdelta_predictions.csv,104.20361328125,199.0,498404.0,498643.0
raw_frac500_seed20260528,raw,Raw pretrained PBE/GGA predictor,0.5,20260528,test,model_energy_per_atom,baseline_only,3711,4511.14619559229,4891.874148198089,4328.789101071778,7004.029861092121,8016.205878182313,9794.516867372044,-4511.14619559229,-22.738404734247148,,,,,,
raw_frac500_seed20260528,raw,Raw pretrained PBE/GGA predictor,0.5,20260528,train,model_energy_per_atom,baseline_only,29692,4507.124406154977,4895.432960962167,4353.81401846763,7063.056806019905,8102.79165184277,9961.7184677408,-4507.124307523111,-23.368273252553905,,,,,,
raw_frac500_seed20260528,raw,Raw pretrained PBE/GGA predictor,0.5,20260528,train_full,model_energy_per_atom,baseline_only,29692,4507.124406154977,4895.432960962167,4353.81401846763,7063.056806019905,8102.79165184277,9961.7184677408,-4507.124307523111,-23.368273252553905,,,,,,
raw_frac500_seed20260528,raw,Raw pretrained PBE/GGA predictor,0.5,20260528,train_used,model_energy_per_atom,baseline_only,14846,4491.236019604444,4874.440543278452,4343.111162565103,7024.233153077173,8054.883577635501,9911.183283344477,-4491.236019604444,-23.45072969960018,,,,,,
raw_frac500_seed20260528,raw,Raw pretrained PBE/GGA predictor,0.5,20260528,val,model_energy_per_atom,baseline_only,3712,4524.424723476253,4903.091323745127,4376.554120550105,7025.3955966116455,8058.967558171445,9859.598648577685,-4524.424723476253,-23.598234582457756,,,,,,
raw_frac500_seed20260529,raw,Raw pretrained PBE/GGA predictor,0.5,20260529,test,model_energy_per_atom,baseline_only,3711,4511.14619559229,4891.874148198089,4328.789101071778,7004.029861092121,8016.205878182313,9794.516867372044,-4511.14619559229,-22.738404734247148,,,,,,
raw_frac500_seed20260529,raw,Raw pretrained PBE/GGA predictor,0.5,20260529,train,model_energy_per_atom,baseline_only,29692,4507.124406154977,4895.432960962167,4353.81401846763,7063.056806019905,8102.79165184277,9961.7184677408,-4507.124307523111,-23.368273252553905,,,,,,
raw_frac500_seed20260529,raw,Raw pretrained PBE/GGA predictor,0.5,20260529,train_full,model_energy_per_atom,baseline_only,29692,4507.124406154977,4895.432960962167,4353.81401846763,7063.056806019905,8102.79165184277,9961.7184677408,-4507.124307523111,-23.368273252553905,,,,,,
raw_frac500_seed20260529,raw,Raw pretrained PBE/GGA predictor,0.5,20260529,train_used,model_energy_per_atom,baseline_only,14846,4502.174704556511,4886.014414306504,4346.771420434415,7041.728831857911,8084.572833693584,9918.38104194758,-4502.17450729278,-23.38505460999653,,,,,,
raw_frac500_seed20260529,raw,Raw pretrained PBE/GGA predictor,0.5,20260529,val,model_energy_per_atom,baseline_only,3712,4524.424723476253,4903.091323745127,4376.554120550105,7025.3955966116455,8058.967558171445,9859.598648577685,-4524.424723476253,-23.598234582457756,,,,,,
raw_frac500_seed20260530,raw,Raw pretrained PBE/GGA predictor,0.5,20260530,test,model_energy_per_atom,baseline_only,3711,4511.14619559229,4891.874148198089,4328.789101071778,7004.029861092121,8016.205878182313,9794.516867372044,-4511.14619559229,-22.738404734247148,,,,,,
raw_frac500_seed20260530,raw,Raw pretrained PBE/GGA predictor,0.5,20260530,train,model_energy_per_atom,baseline_only,29692,4507.124406154977,4895.432960962167,4353.81401846763,7063.056806019905,8102.79165184277,9961.7184677408,-4507.124307523111,-23.368273252553905,,,,,,
raw_frac500_seed20260530,raw,Raw pretrained PBE/GGA predictor,0.5,20260530,train_full,model_energy_per_atom,baseline_only,29692,4507.124406154977,4895.432960962167,4353.81401846763,7063.056806019905,8102.79165184277,9961.7184677408,-4507.124307523111,-23.368273252553905,,,,,,
raw_frac500_seed20260530,raw,Raw pretrained PBE/GGA predictor,0.5,20260530,train_used,model_energy_per_atom,baseline_only,14846,4485.455735597246,4873.286349084781,4320.154239107988,7008.506038832308,8055.612412854817,9942.343578456535,-4485.455735597246,-23.051231505199453,,,,,,
raw_frac500_seed20260530,raw,Raw pretrained PBE/GGA predictor,0.5,20260530,val,model_energy_per_atom,baseline_only,3712,4524.424723476253,4903.091323745127,4376.554120550105,7025.3955966116455,8058.967558171445,9859.598648577685,-4524.424723476253,-23.598234582457756,,,,,,
target_only_frac500_seed20260528,target_only,Target-only small MLP,0.5,20260528,test,pred_r2scan_target_only,completed,3711,104.67421545293122,183.98769349913505,67.35122297430097,221.7431468605895,306.2521237466438,617.3901965022943,-16.75802997681376,0.9664201672131194,<RUNS_ROOT>/npj_r2scan_protocol_20260909/runs/target_only/target_only_frac500_seed20260528/metrics.json,<RUNS_ROOT>/npj_r2scan_protocol_20260909/runs/target_only/target_only_frac500_seed20260528/r2scan_target_only_predictions.csv,89.17491507530212,196.0,498404.0,498643.0
target_only_frac500_seed20260528,target_only,Target-only small MLP,0.5,20260528,train,pred_r2scan_target_only,completed,29692,92.6201397951362,171.35657959842,58.51669764368839,194.02810911335965,268.74786139291285,593.0316066108579,-15.037464576971752,0.9701431414795751,<RUNS_ROOT>/npj_r2scan_protocol_20260909/runs/target_only/target_only_frac500_seed20260528/metrics.json,<RUNS_ROOT>/npj_r2scan_protocol_20260909/runs/target_only/target_only_frac500_seed20260528/r2scan_target_only_predictions.csv,89.17491507530212,196.0,498404.0,498643.0
target_only_frac500_seed20260528,target_only,Target-only small MLP,0.5,20260528,val,pred_r2scan_target_only,completed,3712,101.29521247299881,159.8274166253371,67.57523157801221,223.14626074848925,298.5037764218824,575.5901573843645,-15.240737053740418,0.9738623502716004,<RUNS_ROOT>/npj_r2scan_protocol_20260909/runs/target_only/target_only_frac500_seed20260528/metrics.json,<RUNS_ROOT>/npj_r2scan_protocol_20260909/runs/target_only/target_only_frac500_seed20260528/r2scan_target_only_predictions.csv,89.17491507530212,196.0,498404.0,498643.0
target_only_frac500_seed20260529,target_only,Target-only small MLP,0.5,20260529,test,pred_r2scan_target_only,completed,3711,106.9195574570139,182.91999120323405,69.2460175295011,228.0968602978515,317.42175075222525,670.6495610369525,-13.588557568441987,0.9668087718368327,<RUNS_ROOT>/npj_r2scan_protocol_20260909/runs/target_only/target_only_frac500_seed20260529/metrics.json,<RUNS_ROOT>/npj_r2scan_protocol_20260909/runs/target_only/target_only_frac500_seed20260529/r2scan_target_only_predictions.csv,79.61556077003479,200.0,498404.0,498643.0
target_only_frac500_seed20260529,target_only,Target-only small MLP,0.5,20260529,train,pred_r2scan_target_only,completed,29692,95.33560492041055,173.3579302756205,59.0251803444507,201.7335282803285,284.0850387879317,621.034277230677,-12.926602539207838,0.9694416453204276,<RUNS_ROOT>/npj_r2scan_protocol_20260909/runs/target_only/target_only_frac500_seed20260529/metrics.json,<RUNS_ROOT>/npj_r2scan_protocol_20260909/runs/target_only/target_only_frac500_seed20260529/r2scan_target_only_predictions.csv,79.61556077003479,200.0,498404.0,498643.0
target_only_frac500_seed20260529,target_only,Target-only small MLP,0.5,20260529,val,pred_r2scan_target_only,completed,3712,105.18246823697922,166.17960914752283,70.90646109310434,223.17562100604707,316.70370939668305,548.867198057365,-9.629588695963683,0.9717434301459037,<RUNS_ROOT>/npj_r2scan_protocol_20260909/runs/target_only/target_only_frac500_seed20260529/metrics.json,<RUNS_ROOT>/npj_r2scan_protocol_20260909/runs/target_only/target_only_frac500_seed20260529/r2scan_target_only_predictions.csv,79.61556077003479,200.0,498404.0,498643.0
target_only_frac500_seed20260530,target_only,Target-only small MLP,0.5,20260530,test,pred_r2scan_target_only,completed,3711,101.81582289829524,179.45554754422875,67.1559162818809,219.27493609663884,288.5170998192735,607.2292217766144,-14.209958251620652,0.9680541273740286,<RUNS_ROOT>/npj_r2scan_protocol_20260909/runs/target_only/target_only_frac500_seed20260530/metrics.json,<RUNS_ROOT>/npj_r2scan_protocol_20260909/runs/target_only/target_only_frac500_seed20260530/r2scan_target_only_predictions.csv,101.5998547077179,198.0,498404.0,498643.0
target_only_frac500_seed20260530,target_only,Target-only small MLP,0.5,20260530,train,pred_r2scan_target_only,completed,29692,90.81201272281622,166.6558557312748,57.63213405972189,193.66239719678993,267.3204040258561,532.5026454456088,-13.231081643495536,0.9717587642264727,<RUNS_ROOT>/npj_r2scan_protocol_20260909/runs/target_only/target_only_frac500_seed20260530/metrics.json,<RUNS_ROOT>/npj_r2scan_protocol_20260909/runs/target_only/target_only_frac500_seed20260530/r2scan_target_only_predictions.csv,101.5998547077179,198.0,498404.0,498643.0
target_only_frac500_seed20260530,target_only,Target-only small MLP,0.5,20260530,val,pred_r2scan_target_only,completed,3712,96.70202255890342,147.17675746699945,67.21613759208783,212.68699847292953,289.4392539985084,464.99956026291176,-6.90804080820678,0.9778362912192337,<RUNS_ROOT>/npj_r2scan_protocol_20260909/runs/target_only/target_only_frac500_seed20260530/metrics.json,<RUNS_ROOT>/npj_r2scan_protocol_20260909/runs/target_only/target_only_frac500_seed20260530/r2scan_target_only_predictions.csv,101.5998547077179,198.0,498404.0,498643.0
affine_energy_composition_frac1000_seed20260528,affine_energy_composition,Linear energy+composition calibration,1.0,20260528,test,pred_affine_energy_composition,baseline_only,3711,104.15822204048794,166.82904326153488,65.50261150414217,235.4355958288803,363.32827153909096,662.29736289438,-4.330251726214451,0.9723914055396182,,,,,,
affine_energy_composition_frac1000_seed20260528,affine_energy_composition,Linear energy+composition calibration,1.0,20260528,train,pred_affine_energy_composition,baseline_only,29692,107.09692272878598,173.59837301554575,64.14982853977415,246.24241071016056,381.4871179568898,700.6362706347082,5.5092518030944496e-12,0.969356819319904,,,,,,
affine_energy_composition_frac1000_seed20260528,affine_energy_composition,Linear energy+composition calibration,1.0,20260528,train_full,pred_affine_energy_composition,baseline_only,29692,107.09692272878598,173.59837301554575,64.14982853977415,246.24241071016056,381.4871179568898,700.6362706347082,5.5092518030944496e-12,0.969356819319904,,,,,,
affine_energy_composition_frac1000_seed20260528,affine_energy_composition,Linear energy+composition calibration,1.0,20260528,train_used,pred_affine_energy_composition,baseline_only,29692,107.09692272878598,173.59837301554575,64.14982853977415,246.24241071016056,381.4871179568898,700.6362706347082,5.5092518030944496e-12,0.969356819319904,,,,,,
affine_energy_composition_frac1000_seed20260528,affine_energy_composition,Linear energy+composition calibration,1.0,20260528,val,pred_affine_energy_composition,baseline_only,3712,104.59597096775792,167.32908138183274,63.18956136248102,237.85641663463863,372.1493047544326,662.9688554640793,1.173619531070018,0.9713511741285262,,,,,,
affine_energy_composition_frac1000_seed20260529,affine_energy_composition,Linear energy+composition calibration,1.0,20260529,test,pred_affine_energy_composition,baseline_only,3711,104.15822204048794,166.82904326153488,65.50261150414217,235.4355958288803,363.32827153909096,662.29736289438,-4.330251726214451,0.9723914055396182,,,,,,
affine_energy_composition_frac1000_seed20260529,affine_energy_composition,Linear energy+composition calibration,1.0,20260529,train,pred_affine_energy_composition,baseline_only,29692,107.09692272878598,173.59837301554575,64.14982853977415,246.24241071016056,381.4871179568898,700.6362706347082,5.5092518030944496e-12,0.969356819319904,,,,,,
affine_energy_composition_frac1000_seed20260529,affine_energy_composition,Linear energy+composition calibration,1.0,20260529,train_full,pred_affine_energy_composition,baseline_only,29692,107.09692272878598,173.59837301554575,64.14982853977415,246.24241071016056,381.4871179568898,700.6362706347082,5.5092518030944496e-12,0.969356819319904,,,,,,
affine_energy_composition_frac1000_seed20260529,affine_energy_composition,Linear energy+composition calibration,1.0,20260529,train_used,pred_affine_energy_composition,baseline_only,29692,107.09692272878598,173.59837301554575,64.14982853977415,246.24241071016056,381.4871179568898,700.6362706347082,5.5092518030944496e-12,0.969356819319904,,,,,,
affine_energy_composition_frac1000_seed20260529,affine_energy_composition,Linear energy+composition calibration,1.0,20260529,val,pred_affine_energy_composition,baseline_only,3712,104.59597096775792,167.32908138183274,63.18956136248102,237.85641663463863,372.1493047544326,662.9688554640793,1.173619531070018,0.9713511741285262,,,,,,
affine_energy_composition_frac1000_seed20260530,affine_energy_composition,Linear energy+composition calibration,1.0,20260530,test,pred_affine_energy_composition,baseline_only,3711,104.15822204048794,166.82904326153488,65.50261150414217,235.4355958288803,363.32827153909096,662.29736289438,-4.330251726214451,0.9723914055396182,,,,,,
affine_energy_composition_frac1000_seed20260530,affine_energy_composition,Linear energy+composition calibration,1.0,20260530,train,pred_affine_energy_composition,baseline_only,29692,107.09692272878598,173.59837301554575,64.14982853977415,246.24241071016056,381.4871179568898,700.6362706347082,5.5092518030944496e-12,0.969356819319904,,,,,,
affine_energy_composition_frac1000_seed20260530,affine_energy_composition,Linear energy+composition calibration,1.0,20260530,train_full,pred_affine_energy_composition,baseline_only,29692,107.09692272878598,173.59837301554575,64.14982853977415,246.24241071016056,381.4871179568898,700.6362706347082,5.5092518030944496e-12,0.969356819319904,,,,,,
affine_energy_composition_frac1000_seed20260530,affine_energy_composition,Linear energy+composition calibration,1.0,20260530,train_used,pred_affine_energy_composition,baseline_only,29692,107.09692272878598,173.59837301554575,64.14982853977415,246.24241071016056,381.4871179568898,700.6362706347082,5.5092518030944496e-12,0.969356819319904,,,,,,
affine_energy_composition_frac1000_seed20260530,affine_energy_composition,Linear energy+composition calibration,1.0,20260530,val,pred_affine_energy_composition,baseline_only,3712,104.59597096775792,167.32908138183274,63.18956136248102,237.85641663463863,372.1493047544326,662.9688554640793,1.173619531070018,0.9713511741285262,,,,,,
classical_delta_frac1000_seed20260528,classical_delta,Classical residual adapter,1.0,20260528,test,pred_fe_adapter,completed,3711,16.51957129968837,41.75688511258895,8.39087355633783,32.223839201853785,50.2245847221785,140.33453248014175,0.17521354489252686,0.9982703542326015,<RUNS_ROOT>/npj_r2scan_protocol_20260909/runs/classical_delta/classical_delta_frac1000_seed20260528/metrics.json,<RUNS_ROOT>/npj_r2scan_protocol_20260909/runs/classical_delta/classical_delta_frac1000_seed20260528/fe_adapter_predictions.csv,72.64619827270508,192.0,,
classical_delta_frac1000_seed20260528,classical_delta,Classical residual adapter,1.0,20260528,train,pred_fe_adapter,completed,29692,12.625611318297949,35.92637202304009,6.736532488970881,25.40221962830212,37.774183011858796,90.07040582795278,-0.742982609402082,0.99868759079968,<RUNS_ROOT>/npj_r2scan_protocol_20260909/runs/classical_delta/classical_delta_frac1000_seed20260528/metrics.json,<RUNS_ROOT>/npj_r2scan_protocol_20260909/runs/classical_delta/classical_delta_frac1000_seed20260528/fe_adapter_predictions.csv,72.64619827270508,192.0,,
classical_delta_frac1000_seed20260528,classical_delta,Classical residual adapter,1.0,20260528,val,pred_fe_adapter,completed,3712,16.077868904040464,37.76582256076984,8.326897034041519,34.133149218551594,51.36777327414964,118.01971959943126,-0.8704035273274543,0.9985406419074783,<RUNS_ROOT>/npj_r2scan_protocol_20260909/runs/classical_delta/classical_delta_frac1000_seed20260528/metrics.json,<RUNS_ROOT>/npj_r2scan_protocol_20260909/runs/classical_delta/classical_delta_frac1000_seed20260528/fe_adapter_predictions.csv,72.64619827270508,192.0,,
classical_delta_frac1000_seed20260529,classical_delta,Classical residual adapter,1.0,20260529,test,pred_fe_adapter,completed,3711,16.398684857351036,41.418687049524394,8.63904479174682,32.828622783430404,48.2496425709521,125.53292444599603,-0.22162500394739246,0.9982982583244082,<RUNS_ROOT>/npj_r2scan_protocol_20260909/runs/classical_delta/classical_delta_frac1000_seed20260529/metrics.json,<RUNS_ROOT>/npj_r2scan_protocol_20260909/runs/classical_delta/classical_delta_frac1000_seed20260529/fe_adapter_predictions.csv,66.35910701751709,200.0,,
classical_delta_frac1000_seed20260529,classical_delta,Classical residual adapter,1.0,20260529,train,pred_fe_adapter,completed,29692,12.708211006944618,35.664546905232356,6.731458506813295,25.809695560532106,38.281632323529884,93.51455388389527,-1.0588774695299679,0.9987066503120545,<RUNS_ROOT>/npj_r2scan_protocol_20260909/runs/classical_delta/classical_delta_frac1000_seed20260529/metrics.json,<RUNS_ROOT>/npj_r2scan_protocol_20260909/runs/classical_delta/classical_delta_frac1000_seed20260529/fe_adapter_predictions.csv,66.35910701751709,200.0,,
classical_delta_frac1000_seed20260529,classical_delta,Classical residual adapter,1.0,20260529,val,pred_fe_adapter,completed,3712,16.276799190954428,38.413322476943286,8.366023786454251,35.47902074892211,51.45003971748693,124.5404415969176,-1.3591460524040726,0.9984901711544056,<RUNS_ROOT>/npj_r2scan_protocol_20260909/runs/classical_delta/classical_delta_frac1000_seed20260529/metrics.json,<RUNS_ROOT>/npj_r2scan_protocol_20260909/runs/classical_delta/classical_delta_frac1000_seed20260529/fe_adapter_predictions.csv,66.35910701751709,200.0,,
classical_delta_frac1000_seed20260530,classical_delta,Classical residual adapter,1.0,20260530,test,pred_fe_adapter,completed,3711,16.356084222197758,40.853037269759184,8.610044539079167,32.33800687448718,47.940718722699145,128.55844892187088,-0.18225713816730252,0.9983444218746512,<RUNS_ROOT>/npj_r2scan_protocol_20260909/runs/classical_delta/classical_delta_frac1000_seed20260530/metrics.json,<RUNS_ROOT>/npj_r2scan_protocol_20260909/runs/classical_delta/classical_delta_frac1000_seed20260530/fe_adapter_predictions.csv,71.27916550636292,186.0,,
classical_delta_frac1000_seed20260530,classical_delta,Classical residual adapter,1.0,20260530,train,pred_fe_adapter,completed,29692,12.666092620111922,35.608964960447395,6.72601615714008,25.486490785914114,38.271000738453886,92.43994837875624,-0.9963032171547437,0.9987106784509532,<RUNS_ROOT>/npj_r2scan_protocol_20260909/runs/classical_delta/classical_delta_frac1000_seed20260530/metrics.json,<RUNS_ROOT>/npj_r2scan_protocol_20260909/runs/classical_delta/classical_delta_frac1000_seed20260530/fe_adapter_predictions.csv,71.27916550636292,186.0,,
classical_delta_frac1000_seed20260530,classical_delta,Classical residual adapter,1.0,20260530,val,pred_fe_adapter,completed,3712,16.339070217540627,40.464061419582436,8.286846253468472,33.923171361558026,52.901931644080925,127.84590033856314,-1.2312596136783516,0.9983246601589519,<RUNS_ROOT>/npj_r2scan_protocol_20260909/runs/classical_delta/classical_delta_frac1000_seed20260530/metrics.json,<RUNS_ROOT>/npj_r2scan_protocol_20260909/runs/classical_delta/classical_delta_frac1000_seed20260530/fe_adapter_predictions.csv,71.27916550636292,186.0,,
composition_only_linear_frac1000_seed20260528,composition_only_linear,Composition-only linear baseline,1.0,20260528,test,pred_composition_only_linear,baseline_only,3711,374.516003064601,537.9054083814397,238.67819920117773,882.552891455704,1161.0103018116615,1613.1365590320083,3.0817159959828704,0.7129795764669811,,,,,,
composition_only_linear_frac1000_seed20260528,composition_only_linear,Composition-only linear baseline,1.0,20260528,train,pred_composition_only_linear,baseline_only,29692,373.4651031710247,540.1708611102706,243.21225929733316,874.6377935468412,1146.7193861386486,1714.726450665055,-1.0642825552402902e-11,0.7033086759951226,,,,,,
composition_only_linear_frac1000_seed20260528,composition_only_linear,Composition-only linear baseline,1.0,20260528,train_full,pred_composition_only_linear,baseline_only,29692,373.4651031710247,540.1708611102706,243.21225929733316,874.6377935468412,1146.7193861386486,1714.726450665055,-1.0642825552402902e-11,0.7033086759951226,,,,,,
composition_only_linear_frac1000_seed20260528,composition_only_linear,Composition-only linear baseline,1.0,20260528,train_used,pred_composition_only_linear,baseline_only,29692,373.4651031710247,540.1708611102706,243.21225929733316,874.6377935468412,1146.7193861386486,1714.726450665055,-1.0642825552402902e-11,0.7033086759951226,,,,,,
composition_only_linear_frac1000_seed20260528,composition_only_linear,Composition-only linear baseline,1.0,20260528,val,pred_composition_only_linear,baseline_only,3712,364.5071753261349,517.9373396753565,244.7685895097716,854.0675167719903,1103.5096915824854,1613.3974430937717,10.071156458365632,0.7255151255108998,,,,,,
composition_only_linear_frac1000_seed20260529,composition_only_linear,Composition-only linear baseline,1.0,20260529,test,pred_composition_only_linear,baseline_only,3711,374.516003064601,537.9054083814397,238.67819920117773,882.552891455704,1161.0103018116615,1613.1365590320083,3.0817159959828704,0.7129795764669811,,,,,,
composition_only_linear_frac1000_seed20260529,composition_only_linear,Composition-only linear baseline,1.0,20260529,train,pred_composition_only_linear,baseline_only,29692,373.4651031710247,540.1708611102706,243.21225929733316,874.6377935468412,1146.7193861386486,1714.726450665055,-1.0642825552402902e-11,0.7033086759951226,,,,,,
composition_only_linear_frac1000_seed20260529,composition_only_linear,Composition-only linear baseline,1.0,20260529,train_full,pred_composition_only_linear,baseline_only,29692,373.4651031710247,540.1708611102706,243.21225929733316,874.6377935468412,1146.7193861386486,1714.726450665055,-1.0642825552402902e-11,0.7033086759951226,,,,,,
composition_only_linear_frac1000_seed20260529,composition_only_linear,Composition-only linear baseline,1.0,20260529,train_used,pred_composition_only_linear,baseline_only,29692,373.4651031710247,540.1708611102706,243.21225929733316,874.6377935468412,1146.7193861386486,1714.726450665055,-1.0642825552402902e-11,0.7033086759951226,,,,,,
composition_only_linear_frac1000_seed20260529,composition_only_linear,Composition-only linear baseline,1.0,20260529,val,pred_composition_only_linear,baseline_only,3712,364.5071753261349,517.9373396753565,244.7685895097716,854.0675167719903,1103.5096915824854,1613.3974430937717,10.071156458365632,0.7255151255108998,,,,,,
composition_only_linear_frac1000_seed20260530,composition_only_linear,Composition-only linear baseline,1.0,20260530,test,pred_composition_only_linear,baseline_only,3711,374.516003064601,537.9054083814397,238.67819920117773,882.552891455704,1161.0103018116615,1613.1365590320083,3.0817159959828704,0.7129795764669811,,,,,,
composition_only_linear_frac1000_seed20260530,composition_only_linear,Composition-only linear baseline,1.0,20260530,train,pred_composition_only_linear,baseline_only,29692,373.4651031710247,540.1708611102706,243.21225929733316,874.6377935468412,1146.7193861386486,1714.726450665055,-1.0642825552402902e-11,0.7033086759951226,,,,,,
composition_only_linear_frac1000_seed20260530,composition_only_linear,Composition-only linear baseline,1.0,20260530,train_full,pred_composition_only_linear,baseline_only,29692,373.4651031710247,540.1708611102706,243.21225929733316,874.6377935468412,1146.7193861386486,1714.726450665055,-1.0642825552402902e-11,0.7033086759951226,,,,,,
composition_only_linear_frac1000_seed20260530,composition_only_linear,Composition-only linear baseline,1.0,20260530,train_used,pred_composition_only_linear,baseline_only,29692,373.4651031710247,540.1708611102706,243.21225929733316,874.6377935468412,1146.7193861386486,1714.726450665055,-1.0642825552402902e-11,0.7033086759951226,,,,,,
composition_only_linear_frac1000_seed20260530,composition_only_linear,Composition-only linear baseline,1.0,20260530,val,pred_composition_only_linear,baseline_only,3712,364.5071753261349,517.9373396753565,244.7685895097716,854.0675167719903,1103.5096915824854,1613.3974430937717,10.071156458365632,0.7255151255108998,,,,,,
element_reference_frac1000_seed20260528,element_reference,Element-reference calibration,1.0,20260528,test,pred_element_reference,baseline_only,3711,103.9890722689754,166.80174919763675,65.15005878055958,233.40382525904445,364.1270690313595,661.721026863001,-4.354698229303334,0.9724004386082528,,,,,,
element_reference_frac1000_seed20260528,element_reference,Element-reference calibration,1.0,20260528,train,pred_element_reference,baseline_only,29692,106.92713726628236,173.60657009738432,63.954821760244144,245.52402247645784,381.6250060404191,702.0142930031881,-4.988525347142013e-12,0.9693539253919742,,,,,,
element_reference_frac1000_seed20260528,element_reference,Element-reference calibration,1.0,20260528,train_full,pred_element_reference,baseline_only,29692,106.92713726628236,173.60657009738432,63.954821760244144,245.52402247645784,381.6250060404191,702.0142930031881,-4.988525347142013e-12,0.9693539253919742,,,,,,
element_reference_frac1000_seed20260528,element_reference,Element-reference calibration,1.0,20260528,train_used,pred_element_reference,baseline_only,29692,106.92713726628236,173.60657009738432,63.954821760244144,245.52402247645784,381.6250060404191,702.0142930031881,-4.988525347142013e-12,0.9693539253919742,,,,,,
element_reference_frac1000_seed20260528,element_reference,Element-reference calibration,1.0,20260528,val,pred_element_reference,baseline_only,3712,104.48331520634407,167.4312853174298,63.20458388572828,237.02245082869683,374.1408701992775,665.1452230072432,1.1442732532511042,0.9713161662632774,,,,,,
element_reference_frac1000_seed20260529,element_reference,Element-reference calibration,1.0,20260529,test,pred_element_reference,baseline_only,3711,103.9890722689754,166.80174919763675,65.15005878055958,233.40382525904445,364.1270690313595,661.721026863001,-4.354698229303334,0.9724004386082528,,,,,,
element_reference_frac1000_seed20260529,element_reference,Element-reference calibration,1.0,20260529,train,pred_element_reference,baseline_only,29692,106.92713726628236,173.60657009738432,63.954821760244144,245.52402247645784,381.6250060404191,702.0142930031881,-4.988525347142013e-12,0.9693539253919742,,,,,,
element_reference_frac1000_seed20260529,element_reference,Element-reference calibration,1.0,20260529,train_full,pred_element_reference,baseline_only,29692,106.92713726628236,173.60657009738432,63.954821760244144,245.52402247645784,381.6250060404191,702.0142930031881,-4.988525347142013e-12,0.9693539253919742,,,,,,
element_reference_frac1000_seed20260529,element_reference,Element-reference calibration,1.0,20260529,train_used,pred_element_reference,baseline_only,29692,106.92713726628236,173.60657009738432,63.954821760244144,245.52402247645784,381.6250060404191,702.0142930031881,-4.988525347142013e-12,0.9693539253919742,,,,,,
element_reference_frac1000_seed20260529,element_reference,Element-reference calibration,1.0,20260529,val,pred_element_reference,baseline_only,3712,104.48331520634407,167.4312853174298,63.20458388572828,237.02245082869683,374.1408701992775,665.1452230072432,1.1442732532511042,0.9713161662632774,,,,,,
element_reference_frac1000_seed20260530,element_reference,Element-reference calibration,1.0,20260530,test,pred_element_reference,baseline_only,3711,103.9890722689754,166.80174919763675,65.15005878055958,233.40382525904445,364.1270690313595,661.721026863001,-4.354698229303334,0.9724004386082528,,,,,,
element_reference_frac1000_seed20260530,element_reference,Element-reference calibration,1.0,20260530,train,pred_element_reference,baseline_only,29692,106.92713726628236,173.60657009738432,63.954821760244144,245.52402247645784,381.6250060404191,702.0142930031881,-4.988525347142013e-12,0.9693539253919742,,,,,,
element_reference_frac1000_seed20260530,element_reference,Element-reference calibration,1.0,20260530,train_full,pred_element_reference,baseline_only,29692,106.92713726628236,173.60657009738432,63.954821760244144,245.52402247645784,381.6250060404191,702.0142930031881,-4.988525347142013e-12,0.9693539253919742,,,,,,
element_reference_frac1000_seed20260530,element_reference,Element-reference calibration,1.0,20260530,train_used,pred_element_reference,baseline_only,29692,106.92713726628236,173.60657009738432,63.954821760244144,245.52402247645784,381.6250060404191,702.0142930031881,-4.988525347142013e-12,0.9693539253919742,,,,,,
element_reference_frac1000_seed20260530,element_reference,Element-reference calibration,1.0,20260530,val,pred_element_reference,baseline_only,3712,104.48331520634407,167.4312853174298,63.20458388572828,237.02245082869683,374.1408701992775,665.1452230072432,1.1442732532511042,0.9713161662632774,,,,,,
internal_element_reference_for_formdelta_frac1000_seed20260528,element_reference_internal,Internal element-reference anchor,1.0,20260528,test,pred_element_reference_internal,internal_baseline,3711,103.98907793163102,166.80174475747486,65.14996970753239,233.40343642123096,364.12694344604535,661.7212815830902,-4.354596218316328,0.97240044007762,<RUNS_ROOT>/npj_r2scan_protocol_20260909/runs/formdelta/formdelta_frac1000_seed20260528/metrics.json,,,,,
internal_element_reference_for_feature_stacking_frac1000_seed20260528,element_reference_internal,Internal element-reference anchor,1.0,20260528,test,pred_element_reference_internal,internal_baseline,3711,103.98907793163102,166.80174475747486,65.14996970753239,233.40343642123096,364.12694344604535,661.7212815830902,-4.354596218316328,0.97240044007762,<RUNS_ROOT>/npj_r2scan_protocol_20260909/runs/feature_stacking/feature_stacking_frac1000_seed20260528/metrics.json,,,,,
internal_element_reference_for_target_only_frac1000_seed20260528,element_reference_internal,Internal element-reference anchor,1.0,20260528,test,pred_element_reference_internal,internal_baseline,3711,103.98907793163102,166.80174475747486,65.14996970753239,233.40343642123096,364.12694344604535,661.7212815830902,-4.354596218316328,0.97240044007762,<RUNS_ROOT>/npj_r2scan_protocol_20260909/runs/target_only/target_only_frac1000_seed20260528/metrics.json,,,,,
internal_element_reference_for_formdelta_frac1000_seed20260528,element_reference_internal,Internal element-reference anchor,1.0,20260528,train,pred_element_reference_internal,internal_baseline,29692,106.92714216338355,173.60656975259954,63.95487576599557,245.52403829047947,381.6250001857893,702.0144914454916,0.00010068213433821877,0.9693539255137011,<RUNS_ROOT>/npj_r2scan_protocol_20260909/runs/formdelta/formdelta_frac1000_seed20260528/metrics.json,,,,,
internal_element_reference_for_feature_stacking_frac1000_seed20260528,element_reference_internal,Internal element-reference anchor,1.0,20260528,train,pred_element_reference_internal,internal_baseline,29692,106.92714216338355,173.60656975259954,63.95487576599557,245.52403829047947,381.6250001857893,702.0144914454916,0.00010068213433821877,0.9693539255137011,<RUNS_ROOT>/npj_r2scan_protocol_20260909/runs/feature_stacking/feature_stacking_frac1000_seed20260528/metrics.json,,,,,
internal_element_reference_for_target_only_frac1000_seed20260528,element_reference_internal,Internal element-reference anchor,1.0,20260528,train,pred_element_reference_internal,internal_baseline,29692,106.92714216338355,173.60656975259954,63.95487576599557,245.52403829047947,381.6250001857893,702.0144914454916,0.00010068213433821877,0.9693539255137011,<RUNS_ROOT>/npj_r2scan_protocol_20260909/runs/target_only/target_only_frac1000_seed20260528/metrics.json,,,,,
internal_element_reference_for_formdelta_frac1000_seed20260528,element_reference_internal,Internal element-reference anchor,1.0,20260528,val,pred_element_reference_internal,internal_baseline,3712,104.48331832801644,167.43128261198453,63.2044470908191,237.0224809061641,374.140807394817,665.144500278376,1.1443760441153388,0.9713161671902553,<RUNS_ROOT>/npj_r2scan_protocol_20260909/runs/formdelta/formdelta_frac1000_seed20260528/metrics.json,,,,,
internal_element_reference_for_feature_stacking_frac1000_seed20260528,element_reference_internal,Internal element-reference anchor,1.0,20260528,val,pred_element_reference_internal,internal_baseline,3712,104.48331832801644,167.43128261198453,63.2044470908191,237.0224809061641,374.140807394817,665.144500278376,1.1443760441153388,0.9713161671902553,<RUNS_ROOT>/npj_r2scan_protocol_20260909/runs/feature_stacking/feature_stacking_frac1000_seed20260528/metrics.json,,,,,
internal_element_reference_for_target_only_frac1000_seed20260528,element_reference_internal,Internal element-reference anchor,1.0,20260528,val,pred_element_reference_internal,internal_baseline,3712,104.48331832801644,167.43128261198453,63.2044470908191,237.0224809061641,374.140807394817,665.144500278376,1.1443760441153388,0.9713161671902553,<RUNS_ROOT>/npj_r2scan_protocol_20260909/runs/target_only/target_only_frac1000_seed20260528/metrics.json,,,,,
internal_element_reference_for_formdelta_frac1000_seed20260529,element_reference_internal,Internal element-reference anchor,1.0,20260529,test,pred_element_reference_internal,internal_baseline,3711,103.98907793163102,166.80174475747486,65.14996970753239,233.40343642123096,364.12694344604535,661.7212815830902,-4.354596218316328,0.97240044007762,<RUNS_ROOT>/npj_r2scan_protocol_20260909/runs/formdelta/formdelta_frac1000_seed20260529/metrics.json,,,,,
internal_element_reference_for_feature_stacking_frac1000_seed20260529,element_reference_internal,Internal element-reference anchor,1.0,20260529,test,pred_element_reference_internal,internal_baseline,3711,103.98907793163102,166.80174475747486,65.14996970753239,233.40343642123096,364.12694344604535,661.7212815830902,-4.354596218316328,0.97240044007762,<RUNS_ROOT>/npj_r2scan_protocol_20260909/runs/feature_stacking/feature_stacking_frac1000_seed20260529/metrics.json,,,,,
internal_element_reference_for_target_only_frac1000_seed20260529,element_reference_internal,Internal element-reference anchor,1.0,20260529,test,pred_element_reference_internal,internal_baseline,3711,103.98907793163102,166.80174475747486,65.14996970753239,233.40343642123096,364.12694344604535,661.7212815830902,-4.354596218316328,0.97240044007762,<RUNS_ROOT>/npj_r2scan_protocol_20260909/runs/target_only/target_only_frac1000_seed20260529/metrics.json,,,,,
internal_element_reference_for_formdelta_frac1000_seed20260529,element_reference_internal,Internal element-reference anchor,1.0,20260529,train,pred_element_reference_internal,internal_baseline,29692,106.92714216338355,173.60656975259954,63.95487576599557,245.52403829047947,381.6250001857893,702.0144914454916,0.00010068213433821877,0.9693539255137011,<RUNS_ROOT>/npj_r2scan_protocol_20260909/runs/formdelta/formdelta_frac1000_seed20260529/metrics.json,,,,,
internal_element_reference_for_feature_stacking_frac1000_seed20260529,element_reference_internal,Internal element-reference anchor,1.0,20260529,train,pred_element_reference_internal,internal_baseline,29692,106.92714216338355,173.60656975259954,63.95487576599557,245.52403829047947,381.6250001857893,702.0144914454916,0.00010068213433821877,0.9693539255137011,<RUNS_ROOT>/npj_r2scan_protocol_20260909/runs/feature_stacking/feature_stacking_frac1000_seed20260529/metrics.json,,,,,
internal_element_reference_for_target_only_frac1000_seed20260529,element_reference_internal,Internal element-reference anchor,1.0,20260529,train,pred_element_reference_internal,internal_baseline,29692,106.92714216338355,173.60656975259954,63.95487576599557,245.52403829047947,381.6250001857893,702.0144914454916,0.00010068213433821877,0.9693539255137011,<RUNS_ROOT>/npj_r2scan_protocol_20260909/runs/target_only/target_only_frac1000_seed20260529/metrics.json,,,,,
internal_element_reference_for_formdelta_frac1000_seed20260529,element_reference_internal,Internal element-reference anchor,1.0,20260529,val,pred_element_reference_internal,internal_baseline,3712,104.48331832801644,167.43128261198453,63.2044470908191,237.0224809061641,374.140807394817,665.144500278376,1.1443760441153388,0.9713161671902553,<RUNS_ROOT>/npj_r2scan_protocol_20260909/runs/formdelta/formdelta_frac1000_seed20260529/metrics.json,,,,,
internal_element_reference_for_feature_stacking_frac1000_seed20260529,element_reference_internal,Internal element-reference anchor,1.0,20260529,val,pred_element_reference_internal,internal_baseline,3712,104.48331832801644,167.43128261198453,63.2044470908191,237.0224809061641,374.140807394817,665.144500278376,1.1443760441153388,0.9713161671902553,<RUNS_ROOT>/npj_r2scan_protocol_20260909/runs/feature_stacking/feature_stacking_frac1000_seed20260529/metrics.json,,,,,
internal_element_reference_for_target_only_frac1000_seed20260529,element_reference_internal,Internal element-reference anchor,1.0,20260529,val,pred_element_reference_internal,internal_baseline,3712,104.48331832801644,167.43128261198453,63.2044470908191,237.0224809061641,374.140807394817,665.144500278376,1.1443760441153388,0.9713161671902553,<RUNS_ROOT>/npj_r2scan_protocol_20260909/runs/target_only/target_only_frac1000_seed20260529/metrics.json,,,,,
internal_element_reference_for_formdelta_frac1000_seed20260530,element_reference_internal,Internal element-reference anchor,1.0,20260530,test,pred_element_reference_internal,internal_baseline,3711,103.98907793163102,166.80174475747486,65.14996970753239,233.40343642123096,364.12694344604535,661.7212815830902,-4.354596218316328,0.97240044007762,<RUNS_ROOT>/npj_r2scan_protocol_20260909/runs/formdelta/formdelta_frac1000_seed20260530/metrics.json,,,,,
internal_element_reference_for_feature_stacking_frac1000_seed20260530,element_reference_internal,Internal element-reference anchor,1.0,20260530,test,pred_element_reference_internal,internal_baseline,3711,103.98907793163102,166.80174475747486,65.14996970753239,233.40343642123096,364.12694344604535,661.7212815830902,-4.354596218316328,0.97240044007762,<RUNS_ROOT>/npj_r2scan_protocol_20260909/runs/feature_stacking/feature_stacking_frac1000_seed20260530/metrics.json,,,,,
internal_element_reference_for_target_only_frac1000_seed20260530,element_reference_internal,Internal element-reference anchor,1.0,20260530,test,pred_element_reference_internal,internal_baseline,3711,103.98907793163102,166.80174475747486,65.14996970753239,233.40343642123096,364.12694344604535,661.7212815830902,-4.354596218316328,0.97240044007762,<RUNS_ROOT>/npj_r2scan_protocol_20260909/runs/target_only/target_only_frac1000_seed20260530/metrics.json,,,,,
internal_element_reference_for_formdelta_frac1000_seed20260530,element_reference_internal,Internal element-reference anchor,1.0,20260530,train,pred_element_reference_internal,internal_baseline,29692,106.92714216338355,173.60656975259954,63.95487576599557,245.52403829047947,381.6250001857893,702.0144914454916,0.00010068213433821877,0.9693539255137011,<RUNS_ROOT>/npj_r2scan_protocol_20260909/runs/formdelta/formdelta_frac1000_seed20260530/metrics.json,,,,,
internal_element_reference_for_feature_stacking_frac1000_seed20260530,element_reference_internal,Internal element-reference anchor,1.0,20260530,train,pred_element_reference_internal,internal_baseline,29692,106.92714216338355,173.60656975259954,63.95487576599557,245.52403829047947,381.6250001857893,702.0144914454916,0.00010068213433821877,0.9693539255137011,<RUNS_ROOT>/npj_r2scan_protocol_20260909/runs/feature_stacking/feature_stacking_frac1000_seed20260530/metrics.json,,,,,
internal_element_reference_for_target_only_frac1000_seed20260530,element_reference_internal,Internal element-reference anchor,1.0,20260530,train,pred_element_reference_internal,internal_baseline,29692,106.92714216338355,173.60656975259954,63.95487576599557,245.52403829047947,381.6250001857893,702.0144914454916,0.00010068213433821877,0.9693539255137011,<RUNS_ROOT>/npj_r2scan_protocol_20260909/runs/target_only/target_only_frac1000_seed20260530/metrics.json,,,,,
internal_element_reference_for_formdelta_frac1000_seed20260530,element_reference_internal,Internal element-reference anchor,1.0,20260530,val,pred_element_reference_internal,internal_baseline,3712,104.48331832801644,167.43128261198453,63.2044470908191,237.0224809061641,374.140807394817,665.144500278376,1.1443760441153388,0.9713161671902553,<RUNS_ROOT>/npj_r2scan_protocol_20260909/runs/formdelta/formdelta_frac1000_seed20260530/metrics.json,,,,,
internal_element_reference_for_feature_stacking_frac1000_seed20260530,element_reference_internal,Internal element-reference anchor,1.0,20260530,val,pred_element_reference_internal,internal_baseline,3712,104.48331832801644,167.43128261198453,63.2044470908191,237.0224809061641,374.140807394817,665.144500278376,1.1443760441153388,0.9713161671902553,<RUNS_ROOT>/npj_r2scan_protocol_20260909/runs/feature_stacking/feature_stacking_frac1000_seed20260530/metrics.json,,,,,
internal_element_reference_for_target_only_frac1000_seed20260530,element_reference_internal,Internal element-reference anchor,1.0,20260530,val,pred_element_reference_internal,internal_baseline,3712,104.48331832801644,167.43128261198453,63.2044470908191,237.0224809061641,374.140807394817,665.144500278376,1.1443760441153388,0.9713161671902553,<RUNS_ROOT>/npj_r2scan_protocol_20260909/runs/target_only/target_only_frac1000_seed20260530/metrics.json,,,,,
feature_stacking_frac1000_seed20260528,feature_stacking,Feature-stacking direct-y baseline,1.0,20260528,test,pred_r2scan_feature_stacking,completed,3711,30.30341706485277,75.48816756259451,16.48715649317245,60.430206463012595,91.13366440154114,238.42087702068173,-1.9970682392748074,0.9943472634470438,<RUNS_ROOT>/npj_r2scan_protocol_20260909/runs/feature_stacking/feature_stacking_frac1000_seed20260528/metrics.json,<RUNS_ROOT>/npj_r2scan_protocol_20260909/runs/feature_stacking/feature_stacking_frac1000_seed20260528/r2scan_feature_stacking_predictions.csv,139.8671383857727,188.0,498404.0,498643.0
feature_stacking_frac1000_seed20260528,feature_stacking,Feature-stacking direct-y baseline,1.0,20260528,train,pred_r2scan_feature_stacking,completed,29692,28.367595657987756,73.27525465397291,14.948946673722958,55.96039075969065,84.39024635120956,238.0750673473056,-2.511769425329487,0.9945404454013158,<RUNS_ROOT>/npj_r2scan_protocol_20260909/runs/feature_stacking/feature_stacking_frac1000_seed20260528/metrics.json,<RUNS_ROOT>/npj_r2scan_protocol_20260909/runs/feature_stacking/feature_stacking_frac1000_seed20260528/r2scan_feature_stacking_predictions.csv,139.8671383857727,188.0,498404.0,498643.0
feature_stacking_frac1000_seed20260528,feature_stacking,Feature-stacking direct-y baseline,1.0,20260528,val,pred_r2scan_feature_stacking,completed,3712,29.070231709132475,60.96089925670088,15.605469973743794,59.80472359402387,90.49055924922483,222.62478947898717,-2.4853808867148115,0.9961975220551248,<RUNS_ROOT>/npj_r2scan_protocol_20260909/runs/feature_stacking/feature_stacking_frac1000_seed20260528/metrics.json,<RUNS_ROOT>/npj_r2scan_protocol_20260909/runs/feature_stacking/feature_stacking_frac1000_seed20260528/r2scan_feature_stacking_predictions.csv,139.8671383857727,188.0,498404.0,498643.0
feature_stacking_frac1000_seed20260529,feature_stacking,Feature-stacking direct-y baseline,1.0,20260529,test,pred_r2scan_feature_stacking,completed,3711,30.158892579965812,76.53880875604243,16.00291706369461,60.02154463664455,90.35649341469309,247.8004526455349,-3.535209801351953,0.9941888193508434,<RUNS_ROOT>/npj_r2scan_protocol_20260909/runs/feature_stacking/feature_stacking_frac1000_seed20260529/metrics.json,<RUNS_ROOT>/npj_r2scan_protocol_20260909/runs/feature_stacking/feature_stacking_frac1000_seed20260529/r2scan_feature_stacking_predictions.csv,154.4359953403473,200.0,498404.0,498643.0
feature_stacking_frac1000_seed20260529,feature_stacking,Feature-stacking direct-y baseline,1.0,20260529,train,pred_r2scan_feature_stacking,completed,29692,27.279288245127724,72.04814506334178,14.569886479296024,54.52621863137847,79.16883795393785,216.50687750053294,-4.589932257006982,0.9947217719687765,<RUNS_ROOT>/npj_r2scan_protocol_20260909/runs/feature_stacking/feature_stacking_frac1000_seed20260529/metrics.json,<RUNS_ROOT>/npj_r2scan_protocol_20260909/runs/feature_stacking/feature_stacking_frac1000_seed20260529/r2scan_feature_stacking_predictions.csv,154.4359953403473,200.0,498404.0,498643.0
feature_stacking_frac1000_seed20260529,feature_stacking,Feature-stacking direct-y baseline,1.0,20260529,val,pred_r2scan_feature_stacking,completed,3712,28.6408461121546,62.59080791058835,15.402866452677188,59.433320633010986,86.49527284619678,224.79121238855475,-4.787002651356195,0.9959914704555306,<RUNS_ROOT>/npj_r2scan_protocol_20260909/runs/feature_stacking/feature_stacking_frac1000_seed20260529/metrics.json,<RUNS_ROOT>/npj_r2scan_protocol_20260909/runs/feature_stacking/feature_stacking_frac1000_seed20260529/r2scan_feature_stacking_predictions.csv,154.4359953403473,200.0,498404.0,498643.0
feature_stacking_frac1000_seed20260530,feature_stacking,Feature-stacking direct-y baseline,1.0,20260530,test,pred_r2scan_feature_stacking,completed,3711,30.40541035793374,76.67172656127718,15.781875738984041,60.705503539904,91.92682074995976,238.98949946980352,-4.016601968673839,0.994168618355403,<RUNS_ROOT>/npj_r2scan_protocol_20260909/runs/feature_stacking/feature_stacking_frac1000_seed20260530/metrics.json,<RUNS_ROOT>/npj_r2scan_protocol_20260909/runs/feature_stacking/feature_stacking_frac1000_seed20260530/r2scan_feature_stacking_predictions.csv,133.8099160194397,199.0,498404.0,498643.0
feature_stacking_frac1000_seed20260530,feature_stacking,Feature-stacking direct-y baseline,1.0,20260530,train,pred_r2scan_feature_stacking,completed,29692,28.482240301841696,73.01295928576126,14.946642483375127,56.80117364639295,85.32152590027007,224.40363576975892,-4.878813535183118,0.9945794613795098,<RUNS_ROOT>/npj_r2scan_protocol_20260909/runs/feature_stacking/feature_stacking_frac1000_seed20260530/metrics.json,<RUNS_ROOT>/npj_r2scan_protocol_20260909/runs/feature_stacking/feature_stacking_frac1000_seed20260530/r2scan_feature_stacking_predictions.csv,133.8099160194397,199.0,498404.0,498643.0
feature_stacking_frac1000_seed20260530,feature_stacking,Feature-stacking direct-y baseline,1.0,20260530,val,pred_r2scan_feature_stacking,completed,3712,29.32651944298858,62.78513507470482,15.701923427124287,60.63741724637471,90.26163819745476,233.82288141095097,-5.090547285345899,0.9959665410627947,<RUNS_ROOT>/npj_r2scan_protocol_20260909/runs/feature_stacking/feature_stacking_frac1000_seed20260530/metrics.json,<RUNS_ROOT>/npj_r2scan_protocol_20260909/runs/feature_stacking/feature_stacking_frac1000_seed20260530/r2scan_feature_stacking_predictions.csv,133.8099160194397,199.0,498404.0,498643.0
formdelta_frac1000_seed20260528,formdelta,Canonical FormDelta fixed-anchor residual,1.0,20260528,test,pred_r2scan_formdelta,completed,3711,17.431064690047823,39.46378701357561,8.893540902014774,35.09532257150894,56.21201519510963,157.32946398271605,0.006791448142063089,0.998455106676736,<RUNS_ROOT>/npj_r2scan_protocol_20260909/runs/formdelta/formdelta_frac1000_seed20260528/metrics.json,<RUNS_ROOT>/npj_r2scan_protocol_20260909/runs/formdelta/formdelta_frac1000_seed20260528/r2scan_formdelta_predictions.csv,139.47634959220886,198.0,498404.0,498643.0
formdelta_frac1000_seed20260528,formdelta,Canonical FormDelta fixed-anchor residual,1.0,20260528,train,pred_r2scan_formdelta,completed,29692,13.545636897585275,39.383041013638696,7.000532038749341,26.66268783644918,41.01911738294266,99.21094695009496,-0.9990979508615707,0.9984228934474543,<RUNS_ROOT>/npj_r2scan_protocol_20260909/runs/formdelta/formdelta_frac1000_seed20260528/metrics.json,<RUNS_ROOT>/npj_r2scan_protocol_20260909/runs/formdelta/formdelta_frac1000_seed20260528/r2scan_formdelta_predictions.csv,139.47634959220886,198.0,498404.0,498643.0
formdelta_frac1000_seed20260528,formdelta,Canonical FormDelta fixed-anchor residual,1.0,20260528,val,pred_r2scan_formdelta,completed,3712,17.312300229862856,41.55967647584803,8.732357686511483,38.04347532470239,56.37171815472064,134.70850741872252,-1.617867945789892,0.9982327080863859,<RUNS_ROOT>/npj_r2scan_protocol_20260909/runs/formdelta/formdelta_frac1000_seed20260528/metrics.json,<RUNS_ROOT>/npj_r2scan_protocol_20260909/runs/formdelta/formdelta_frac1000_seed20260528/r2scan_formdelta_predictions.csv,139.47634959220886,198.0,498404.0,498643.0
formdelta_frac1000_seed20260529,formdelta,Canonical FormDelta fixed-anchor residual,1.0,20260529,test,pred_r2scan_formdelta,completed,3711,18.189015082606574,42.569101113240116,9.349822773285666,36.16722007507156,58.73464814207557,167.18899383945217,-0.3379639888190275,0.9982024129174889,<RUNS_ROOT>/npj_r2scan_protocol_20260909/runs/formdelta/formdelta_frac1000_seed20260529/metrics.json,<RUNS_ROOT>/npj_r2scan_protocol_20260909/runs/formdelta/formdelta_frac1000_seed20260529/r2scan_formdelta_predictions.csv,136.33540058135986,192.0,498404.0,498643.0
formdelta_frac1000_seed20260529,formdelta,Canonical FormDelta fixed-anchor residual,1.0,20260529,train,pred_r2scan_formdelta,completed,29692,13.86206692720711,40.2859651103698,7.118975257023374,27.240475438129604,41.61338107931056,109.22245569650956,-1.1684148565596582,0.9983497486934872,<RUNS_ROOT>/npj_r2scan_protocol_20260909/runs/formdelta/formdelta_frac1000_seed20260529/metrics.json,<RUNS_ROOT>/npj_r2scan_protocol_20260909/runs/formdelta/formdelta_frac1000_seed20260529/r2scan_formdelta_predictions.csv,136.33540058135986,192.0,498404.0,498643.0
formdelta_frac1000_seed20260529,formdelta,Canonical FormDelta fixed-anchor residual,1.0,20260529,val,pred_r2scan_formdelta,completed,3712,17.686811763424018,41.930512232256845,8.841674328614268,39.30426103207007,56.97340910712949,156.78884959570033,-2.5720424408772664,0.998201028389364,<RUNS_ROOT>/npj_r2scan_protocol_20260909/runs/formdelta/formdelta_frac1000_seed20260529/metrics.json,<RUNS_ROOT>/npj_r2scan_protocol_20260909/runs/formdelta/formdelta_frac1000_seed20260529/r2scan_formdelta_predictions.csv,136.33540058135986,192.0,498404.0,498643.0
formdelta_frac1000_seed20260530,formdelta,Canonical FormDelta fixed-anchor residual,1.0,20260530,test,pred_r2scan_formdelta,completed,3711,17.796354259133384,40.75703051528949,9.141815831355949,35.501910397644835,56.454905423656,154.45191932433943,-0.9864009993090059,0.9983521941200815,<RUNS_ROOT>/npj_r2scan_protocol_20260909/runs/formdelta/formdelta_frac1000_seed20260530/metrics.json,<RUNS_ROOT>/npj_r2scan_protocol_20260909/runs/formdelta/formdelta_frac1000_seed20260530/r2scan_formdelta_predictions.csv,139.10653424263,199.0,498404.0,498643.0
formdelta_frac1000_seed20260530,formdelta,Canonical FormDelta fixed-anchor residual,1.0,20260530,train,pred_r2scan_formdelta,completed,29692,13.969709076098539,40.386379753709186,7.1451398112991615,27.722920848163163,42.62373596042752,107.95709211083192,-1.7120132050534516,0.9983415117844247,<RUNS_ROOT>/npj_r2scan_protocol_20260909/runs/formdelta/formdelta_frac1000_seed20260530/metrics.json,<RUNS_ROOT>/npj_r2scan_protocol_20260909/runs/formdelta/formdelta_frac1000_seed20260530/r2scan_formdelta_predictions.csv,139.10653424263,199.0,498404.0,498643.0
formdelta_frac1000_seed20260530,formdelta,Canonical FormDelta fixed-anchor residual,1.0,20260530,val,pred_r2scan_formdelta,completed,3712,17.83247376545142,42.78214676063766,8.72881424646954,38.4698671826902,57.89916858844606,142.87922295062293,-2.5957284078202836,0.9981272098327915,<RUNS_ROOT>/npj_r2scan_protocol_20260909/runs/formdelta/formdelta_frac1000_seed20260530/metrics.json,<RUNS_ROOT>/npj_r2scan_protocol_20260909/runs/formdelta/formdelta_frac1000_seed20260530/r2scan_formdelta_predictions.csv,139.10653424263,199.0,498404.0,498643.0
raw_frac1000_seed20260528,raw,Raw pretrained PBE/GGA predictor,1.0,20260528,test,model_energy_per_atom,baseline_only,3711,4511.14619559229,4891.874148198089,4328.789101071778,7004.029861092121,8016.205878182313,9794.516867372044,-4511.14619559229,-22.738404734247148,,,,,,
raw_frac1000_seed20260528,raw,Raw pretrained PBE/GGA predictor,1.0,20260528,train,model_energy_per_atom,baseline_only,29692,4507.124406154977,4895.432960962167,4353.81401846763,7063.056806019905,8102.79165184277,9961.7184677408,-4507.124307523111,-23.368273252553905,,,,,,
raw_frac1000_seed20260528,raw,Raw pretrained PBE/GGA predictor,1.0,20260528,train_full,model_energy_per_atom,baseline_only,29692,4507.124406154977,4895.432960962167,4353.81401846763,7063.056806019905,8102.79165184277,9961.7184677408,-4507.124307523111,-23.368273252553905,,,,,,
raw_frac1000_seed20260528,raw,Raw pretrained PBE/GGA predictor,1.0,20260528,train_used,model_energy_per_atom,baseline_only,29692,4507.124406154977,4895.432960962167,4353.81401846763,7063.056806019905,8102.79165184277,9961.7184677408,-4507.124307523111,-23.368273252553905,,,,,,
raw_frac1000_seed20260528,raw,Raw pretrained PBE/GGA predictor,1.0,20260528,val,model_energy_per_atom,baseline_only,3712,4524.424723476253,4903.091323745127,4376.554120550105,7025.3955966116455,8058.967558171445,9859.598648577685,-4524.424723476253,-23.598234582457756,,,,,,
raw_frac1000_seed20260529,raw,Raw pretrained PBE/GGA predictor,1.0,20260529,test,model_energy_per_atom,baseline_only,3711,4511.14619559229,4891.874148198089,4328.789101071778,7004.029861092121,8016.205878182313,9794.516867372044,-4511.14619559229,-22.738404734247148,,,,,,
raw_frac1000_seed20260529,raw,Raw pretrained PBE/GGA predictor,1.0,20260529,train,model_energy_per_atom,baseline_only,29692,4507.124406154977,4895.432960962167,4353.81401846763,7063.056806019905,8102.79165184277,9961.7184677408,-4507.124307523111,-23.368273252553905,,,,,,
raw_frac1000_seed20260529,raw,Raw pretrained PBE/GGA predictor,1.0,20260529,train_full,model_energy_per_atom,baseline_only,29692,4507.124406154977,4895.432960962167,4353.81401846763,7063.056806019905,8102.79165184277,9961.7184677408,-4507.124307523111,-23.368273252553905,,,,,,
raw_frac1000_seed20260529,raw,Raw pretrained PBE/GGA predictor,1.0,20260529,train_used,model_energy_per_atom,baseline_only,29692,4507.124406154977,4895.432960962167,4353.81401846763,7063.056806019905,8102.79165184277,9961.7184677408,-4507.124307523111,-23.368273252553905,,,,,,
raw_frac1000_seed20260529,raw,Raw pretrained PBE/GGA predictor,1.0,20260529,val,model_energy_per_atom,baseline_only,3712,4524.424723476253,4903.091323745127,4376.554120550105,7025.3955966116455,8058.967558171445,9859.598648577685,-4524.424723476253,-23.598234582457756,,,,,,
raw_frac1000_seed20260530,raw,Raw pretrained PBE/GGA predictor,1.0,20260530,test,model_energy_per_atom,baseline_only,3711,4511.14619559229,4891.874148198089,4328.789101071778,7004.029861092121,8016.205878182313,9794.516867372044,-4511.14619559229,-22.738404734247148,,,,,,
raw_frac1000_seed20260530,raw,Raw pretrained PBE/GGA predictor,1.0,20260530,train,model_energy_per_atom,baseline_only,29692,4507.124406154977,4895.432960962167,4353.81401846763,7063.056806019905,8102.79165184277,9961.7184677408,-4507.124307523111,-23.368273252553905,,,,,,
raw_frac1000_seed20260530,raw,Raw pretrained PBE/GGA predictor,1.0,20260530,train_full,model_energy_per_atom,baseline_only,29692,4507.124406154977,4895.432960962167,4353.81401846763,7063.056806019905,8102.79165184277,9961.7184677408,-4507.124307523111,-23.368273252553905,,,,,,
raw_frac1000_seed20260530,raw,Raw pretrained PBE/GGA predictor,1.0,20260530,train_used,model_energy_per_atom,baseline_only,29692,4507.124406154977,4895.432960962167,4353.81401846763,7063.056806019905,8102.79165184277,9961.7184677408,-4507.124307523111,-23.368273252553905,,,,,,
raw_frac1000_seed20260530,raw,Raw pretrained PBE/GGA predictor,1.0,20260530,val,model_energy_per_atom,baseline_only,3712,4524.424723476253,4903.091323745127,4376.554120550105,7025.3955966116455,8058.967558171445,9859.598648577685,-4524.424723476253,-23.598234582457756,,,,,,
target_only_frac1000_seed20260528,target_only,Target-only small MLP,1.0,20260528,test,pred_r2scan_target_only,completed,3711,65.94963373425024,132.9019029796255,42.41195269971498,137.5737503286335,191.86670216415536,384.42796295605604,-12.947780460857828,0.9824788189167797,<RUNS_ROOT>/npj_r2scan_protocol_20260909/runs/target_only/target_only_frac1000_seed20260528/metrics.json,<RUNS_ROOT>/npj_r2scan_protocol_20260909/runs/target_only/target_only_frac1000_seed20260528/r2scan_target_only_predictions.csv,141.8410964012146,198.0,498404.0,498643.0
target_only_frac1000_seed20260528,target_only,Target-only small MLP,1.0,20260528,train,pred_r2scan_target_only,completed,29692,53.68356425219036,114.27777177333304,33.18720200407538,107.79394571177676,149.7108842023604,351.18582319630167,-10.749234059561108,0.9867209786779191,<RUNS_ROOT>/npj_r2scan_protocol_20260909/runs/target_only/target_only_frac1000_seed20260528/metrics.json,<RUNS_ROOT>/npj_r2scan_protocol_20260909/runs/target_only/target_only_frac1000_seed20260528/r2scan_target_only_predictions.csv,141.8410964012146,198.0,498404.0,498643.0
target_only_frac1000_seed20260528,target_only,Target-only small MLP,1.0,20260528,val,pred_r2scan_target_only,completed,3712,61.59464979294139,103.81188161693282,39.48986708090818,131.02516977849803,182.99843484357436,373.19500685963834,-8.864070298228578,0.9889729815878416,<RUNS_ROOT>/npj_r2scan_protocol_20260909/runs/target_only/target_only_frac1000_seed20260528/metrics.json,<RUNS_ROOT>/npj_r2scan_protocol_20260909/runs/target_only/target_only_frac1000_seed20260528/r2scan_target_only_predictions.csv,141.8410964012146,198.0,498404.0,498643.0
target_only_frac1000_seed20260529,target_only,Target-only small MLP,1.0,20260529,test,pred_r2scan_target_only,completed,3711,65.96512582946986,132.39018467390054,40.88468721613947,136.2521350628668,186.81141047064875,405.5266711494313,-14.698119505312079,0.9826134843801271,<RUNS_ROOT>/npj_r2scan_protocol_20260909/runs/target_only/target_only_frac1000_seed20260529/metrics.json,<RUNS_ROOT>/npj_r2scan_protocol_20260909/runs/target_only/target_only_frac1000_seed20260529/r2scan_target_only_predictions.csv,158.79215264320374,198.0,498404.0,498643.0
target_only_frac1000_seed20260529,target_only,Target-only small MLP,1.0,20260529,train,pred_r2scan_target_only,completed,29692,54.175482722515646,115.284205307336,33.11847368205244,108.91037565716601,152.3115172291133,366.38023241249124,-13.770946664560071,0.9864860545647988,<RUNS_ROOT>/npj_r2scan_protocol_20260909/runs/target_only/target_only_frac1000_seed20260529/metrics.json,<RUNS_ROOT>/npj_r2scan_protocol_20260909/runs/target_only/target_only_frac1000_seed20260529/r2scan_target_only_predictions.csv,158.79215264320374,198.0,498404.0,498643.0
target_only_frac1000_seed20260529,target_only,Target-only small MLP,1.0,20260529,val,pred_r2scan_target_only,completed,3712,63.75635926868739,105.76775765615162,41.0955519440355,139.7730800990938,191.2361160305124,391.86101713133803,-10.45343659729668,0.988553556514689,<RUNS_ROOT>/npj_r2scan_protocol_20260909/runs/target_only/target_only_frac1000_seed20260529/metrics.json,<RUNS_ROOT>/npj_r2scan_protocol_20260909/runs/target_only/target_only_frac1000_seed20260529/r2scan_target_only_predictions.csv,158.79215264320374,198.0,498404.0,498643.0
target_only_frac1000_seed20260530,target_only,Target-only small MLP,1.0,20260530,test,pred_r2scan_target_only,completed,3711,65.17902151940137,131.43690097972765,40.76958299113009,133.67904825093646,183.53758996602443,424.1268161392506,-11.599068868460344,0.982862968279708,<RUNS_ROOT>/npj_r2scan_protocol_20260909/runs/target_only/target_only_frac1000_seed20260530/metrics.json,<RUNS_ROOT>/npj_r2scan_protocol_20260909/runs/target_only/target_only_frac1000_seed20260530/r2scan_target_only_predictions.csv,79.85955381393433,197.0,498404.0,498643.0
target_only_frac1000_seed20260530,target_only,Target-only small MLP,1.0,20260530,train,pred_r2scan_target_only,completed,29692,54.04284577929401,115.19808303940908,32.66977158018035,109.04683962039444,154.1072938156436,374.11331079206053,-10.373216110415814,0.9865062380218953,<RUNS_ROOT>/npj_r2scan_protocol_20260909/runs/target_only/target_only_frac1000_seed20260530/metrics.json,<RUNS_ROOT>/npj_r2scan_protocol_20260909/runs/target_only/target_only_frac1000_seed20260530/r2scan_target_only_predictions.csv,79.85955381393433,197.0,498404.0,498643.0
target_only_frac1000_seed20260530,target_only,Target-only small MLP,1.0,20260530,val,pred_r2scan_target_only,completed,3712,61.3557838867012,102.37688243186624,39.66713337453129,129.02220110110153,184.9212113647241,384.65231400132825,-7.801285906098817,0.9892757291285135,<RUNS_ROOT>/npj_r2scan_protocol_20260909/runs/target_only/target_only_frac1000_seed20260530/metrics.json,<RUNS_ROOT>/npj_r2scan_protocol_20260909/runs/target_only/target_only_frac1000_seed20260530/r2scan_target_only_predictions.csv,79.85955381393433,197.0,498404.0,498643.0
