split,id,cif_path,y_true,y_pred
train,mb-mp-e-form-090598,data/cifs/mb-mp-e-form-090598.cif,-2.147469428321429,0.0
train,mb-mp-e-form-127644,data/cifs/mb-mp-e-form-127644.cif,-3.2634477117073177,0.0
train,mb-mp-e-form-037185,data/cifs/mb-mp-e-form-037185.cif,-0.5152909995454539,0.0
train,mb-mp-e-form-109201,data/cifs/mb-mp-e-form-109201.cif,-2.6150670905,0.0
train,mb-mp-e-form-073363,data/cifs/mb-mp-e-form-073363.cif,-1.680186983046875,0.0
train,mb-mp-e-form-075801,data/cifs/mb-mp-e-form-075801.cif,-1.7175577277499996,0.0
train,mb-mp-e-form-055202,data/cifs/mb-mp-e-form-055202.cif,-0.9571769549878254,0.0
train,mb-mp-e-form-050851,data/cifs/mb-mp-e-form-050851.cif,-0.8025117844642858,0.0
train,mb-mp-e-form-132489,data/cifs/mb-mp-e-form-132489.cif,-4.136365133666667,0.0
train,mb-mp-e-form-118275,data/cifs/mb-mp-e-form-118275.cif,-2.878354352692308,0.0
train,mb-mp-e-form-126085,data/cifs/mb-mp-e-form-126085.cif,-3.224330112692308,0.0
train,mb-mp-e-form-075256,data/cifs/mb-mp-e-form-075256.cif,-1.716429942083333,0.0
train,mb-mp-e-form-015970,data/cifs/mb-mp-e-form-015970.cif,-0.0914353757142859,0.0
train,mb-mp-e-form-089707,data/cifs/mb-mp-e-form-089707.cif,-2.144020997868666,0.0
train,mb-mp-e-form-076291,data/cifs/mb-mp-e-form-076291.cif,-1.75468017169335,0.0
train,mb-mp-e-form-114654,data/cifs/mb-mp-e-form-114654.cif,-2.7354888887762963,0.0
train,mb-mp-e-form-132043,data/cifs/mb-mp-e-form-132043.cif,-3.968503733293333,0.0
train,mb-mp-e-form-011906,data/cifs/mb-mp-e-form-011906.cif,0.0263590225000001,0.0
train,mb-mp-e-form-116015,data/cifs/mb-mp-e-form-116015.cif,-2.798868930706333,0.0
train,mb-mp-e-form-113702,data/cifs/mb-mp-e-form-113702.cif,-2.7068858141541354,0.0
train,mb-mp-e-form-039976,data/cifs/mb-mp-e-form-039976.cif,-0.5724872608333319,0.0
train,mb-mp-e-form-032163,data/cifs/mb-mp-e-form-032163.cif,-0.41160891173913,0.0
train,mb-mp-e-form-045962,data/cifs/mb-mp-e-form-045962.cif,-0.6904441563988105,0.0
train,mb-mp-e-form-064082,data/cifs/mb-mp-e-form-064082.cif,-1.3203433046435995,0.0
train,mb-mp-e-form-075052,data/cifs/mb-mp-e-form-075052.cif,-1.7331569191666667,0.0
train,mb-mp-e-form-038954,data/cifs/mb-mp-e-form-038954.cif,-0.5557891335677082,0.0
train,mb-mp-e-form-023250,data/cifs/mb-mp-e-form-023250.cif,-0.2519187524133794,0.0
train,mb-mp-e-form-030267,data/cifs/mb-mp-e-form-030267.cif,-0.3754059669999997,0.0
train,mb-mp-e-form-017613,data/cifs/mb-mp-e-form-017613.cif,-0.121504793839,0.0
train,mb-mp-e-form-047778,data/cifs/mb-mp-e-form-047778.cif,-0.7159898001341466,0.0
train,mb-mp-e-form-104595,data/cifs/mb-mp-e-form-104595.cif,-2.4929550571964283,0.0
train,mb-mp-e-form-072788,data/cifs/mb-mp-e-form-072788.cif,-1.6282889275000016,0.0
train,mb-mp-e-form-094689,data/cifs/mb-mp-e-form-094689.cif,-2.250469566190476,0.0
train,mb-mp-e-form-055242,data/cifs/mb-mp-e-form-055242.cif,-0.9596311872594044,0.0
train,mb-mp-e-form-039447,data/cifs/mb-mp-e-form-039447.cif,-0.5483619256249996,0.0
train,mb-mp-e-form-006445,data/cifs/mb-mp-e-form-006445.cif,0.1859606952777775,0.0
train,mb-mp-e-form-075829,data/cifs/mb-mp-e-form-075829.cif,-1.779089108434806,0.0
train,mb-mp-e-form-088480,data/cifs/mb-mp-e-form-088480.cif,-2.1083164734783777,0.0
train,mb-mp-e-form-102249,data/cifs/mb-mp-e-form-102249.cif,-2.450019115297618,0.0
train,mb-mp-e-form-053183,data/cifs/mb-mp-e-form-053183.cif,-0.872809042831428,0.0
train,mb-mp-e-form-068467,data/cifs/mb-mp-e-form-068467.cif,-1.4874248929807692,0.0
train,mb-mp-e-form-052002,data/cifs/mb-mp-e-form-052002.cif,-0.8526124941666673,0.0
train,mb-mp-e-form-037538,data/cifs/mb-mp-e-form-037538.cif,-0.4993769279629624,0.0
train,mb-mp-e-form-087511,data/cifs/mb-mp-e-form-087511.cif,-2.083966280108696,0.0
train,mb-mp-e-form-054443,data/cifs/mb-mp-e-form-054443.cif,-0.9042369402812508,0.0
train,mb-mp-e-form-083728,data/cifs/mb-mp-e-form-083728.cif,-1.9417562120212768,0.0
train,mb-mp-e-form-035289,data/cifs/mb-mp-e-form-035289.cif,-0.4697962422222225,0.0
train,mb-mp-e-form-029674,data/cifs/mb-mp-e-form-029674.cif,-0.3655535772499998,0.0
train,mb-mp-e-form-119816,data/cifs/mb-mp-e-form-119816.cif,-2.927722969583333,0.0
train,mb-mp-e-form-059232,data/cifs/mb-mp-e-form-059232.cif,-1.0890688014756944,0.0
train,mb-mp-e-form-087886,data/cifs/mb-mp-e-form-087886.cif,-2.115767492782966,0.0
train,mb-mp-e-form-034622,data/cifs/mb-mp-e-form-034622.cif,-0.4497299322222226,0.0
train,mb-mp-e-form-019615,data/cifs/mb-mp-e-form-019615.cif,-0.1632133985714285,0.0
train,mb-mp-e-form-047312,data/cifs/mb-mp-e-form-047312.cif,-0.7080555029310344,0.0
train,mb-mp-e-form-047939,data/cifs/mb-mp-e-form-047939.cif,-0.7413232921614584,0.0
train,mb-mp-e-form-030978,data/cifs/mb-mp-e-form-030978.cif,-0.3952873827777776,0.0
train,mb-mp-e-form-053715,data/cifs/mb-mp-e-form-053715.cif,-0.8914195750411094,0.0
train,mb-mp-e-form-011963,data/cifs/mb-mp-e-form-011963.cif,-0.00577626375,0.0
train,mb-mp-e-form-040122,data/cifs/mb-mp-e-form-040122.cif,-0.5648145380357139,0.0
train,mb-mp-e-form-023392,data/cifs/mb-mp-e-form-023392.cif,-0.2658547787499996,0.0
train,mb-mp-e-form-095255,data/cifs/mb-mp-e-form-095255.cif,-2.289411622291667,0.0
train,mb-mp-e-form-055395,data/cifs/mb-mp-e-form-055395.cif,-0.949852016730596,0.0
train,mb-mp-e-form-089859,data/cifs/mb-mp-e-form-089859.cif,-2.167198427698412,0.0
train,mb-mp-e-form-122054,data/cifs/mb-mp-e-form-122054.cif,-3.0060168681513857,0.0
train,mb-mp-e-form-050156,data/cifs/mb-mp-e-form-050156.cif,-0.8090427162499996,0.0
train,mb-mp-e-form-102185,data/cifs/mb-mp-e-form-102185.cif,-2.447070507187501,0.0
train,mb-mp-e-form-006484,data/cifs/mb-mp-e-form-006484.cif,0.1732126025000004,0.0
train,mb-mp-e-form-066004,data/cifs/mb-mp-e-form-066004.cif,-1.4014059039713886,0.0
train,mb-mp-e-form-064302,data/cifs/mb-mp-e-form-064302.cif,-1.3262116856250004,0.0
train,mb-mp-e-form-073491,data/cifs/mb-mp-e-form-073491.cif,-1.650849915232,0.0
train,mb-mp-e-form-052933,data/cifs/mb-mp-e-form-052933.cif,-0.8672056438461531,0.0
train,mb-mp-e-form-090199,data/cifs/mb-mp-e-form-090199.cif,-2.1592439500000005,0.0
train,mb-mp-e-form-063244,data/cifs/mb-mp-e-form-063244.cif,-1.2491464110971784,0.0
train,mb-mp-e-form-098187,data/cifs/mb-mp-e-form-098187.cif,-2.364263390178572,0.0
train,mb-mp-e-form-001267,data/cifs/mb-mp-e-form-001267.cif,1.23964947625,0.0
train,mb-mp-e-form-126998,data/cifs/mb-mp-e-form-126998.cif,-3.259521177833,0.0
train,mb-mp-e-form-104551,data/cifs/mb-mp-e-form-104551.cif,-2.504296263274211,0.0
train,mb-mp-e-form-029864,data/cifs/mb-mp-e-form-029864.cif,-0.36031599875,0.0
train,mb-mp-e-form-092436,data/cifs/mb-mp-e-form-092436.cif,-2.206783210841837,0.0
train,mb-mp-e-form-006245,data/cifs/mb-mp-e-form-006245.cif,0.1738158652940001,0.0
train,mb-mp-e-form-068015,data/cifs/mb-mp-e-form-068015.cif,-1.4868897445625002,0.0
train,mb-mp-e-form-009164,data/cifs/mb-mp-e-form-009164.cif,0.0705585781250004,0.0
train,mb-mp-e-form-070459,data/cifs/mb-mp-e-form-070459.cif,-1.5525365953192305,0.0
train,mb-mp-e-form-011984,data/cifs/mb-mp-e-form-011984.cif,-0.0045934637499998,0.0
train,mb-mp-e-form-103266,data/cifs/mb-mp-e-form-103266.cif,-2.480932461971153,0.0
train,mb-mp-e-form-073913,data/cifs/mb-mp-e-form-073913.cif,-1.7063005847500008,0.0
train,mb-mp-e-form-122123,data/cifs/mb-mp-e-form-122123.cif,-2.9868674845000003,0.0
train,mb-mp-e-form-001157,data/cifs/mb-mp-e-form-001157.cif,1.4979603375,0.0
train,mb-mp-e-form-107822,data/cifs/mb-mp-e-form-107822.cif,-2.589369312197379,0.0
train,mb-mp-e-form-062471,data/cifs/mb-mp-e-form-062471.cif,-1.2335532420739994,0.0
train,mb-mp-e-form-016384,data/cifs/mb-mp-e-form-016384.cif,-0.0970284537179483,0.0
train,mb-mp-e-form-128310,data/cifs/mb-mp-e-form-128310.cif,-3.3754823344958624,0.0
train,mb-mp-e-form-007753,data/cifs/mb-mp-e-form-007753.cif,0.1319066158333335,0.0
train,mb-mp-e-form-086252,data/cifs/mb-mp-e-form-086252.cif,-2.049661815942,0.0
train,mb-mp-e-form-029313,data/cifs/mb-mp-e-form-029313.cif,-0.3685210436206239,0.0
train,mb-mp-e-form-097656,data/cifs/mb-mp-e-form-097656.cif,-2.3388174513622224,0.0
train,mb-mp-e-form-005020,data/cifs/mb-mp-e-form-005020.cif,0.2553418182638888,0.0
train,mb-mp-e-form-128895,data/cifs/mb-mp-e-form-128895.cif,-3.425711241904445,0.0
train,mb-mp-e-form-123568,data/cifs/mb-mp-e-form-123568.cif,-3.0311263688,0.0
train,mb-mp-e-form-104416,data/cifs/mb-mp-e-form-104416.cif,-2.5041164169419776,0.0
train,mb-mp-e-form-083430,data/cifs/mb-mp-e-form-083430.cif,-1.9610707943220336,0.0
train,mb-mp-e-form-070874,data/cifs/mb-mp-e-form-070874.cif,-1.6043714642187492,0.0
train,mb-mp-e-form-125607,data/cifs/mb-mp-e-form-125607.cif,-3.1519522387140007,0.0
train,mb-mp-e-form-033656,data/cifs/mb-mp-e-form-033656.cif,-0.4331249810000003,0.0
train,mb-mp-e-form-026577,data/cifs/mb-mp-e-form-026577.cif,-0.3122082516666668,0.0
train,mb-mp-e-form-019733,data/cifs/mb-mp-e-form-019733.cif,-0.1603823574133337,0.0
train,mb-mp-e-form-033246,data/cifs/mb-mp-e-form-033246.cif,-0.4296090744444443,0.0
train,mb-mp-e-form-079855,data/cifs/mb-mp-e-form-079855.cif,-1.8590687613357888,0.0
train,mb-mp-e-form-125523,data/cifs/mb-mp-e-form-125523.cif,-3.1251185506250003,0.0
train,mb-mp-e-form-013526,data/cifs/mb-mp-e-form-013526.cif,-0.0294803434615387,0.0
train,mb-mp-e-form-131343,data/cifs/mb-mp-e-form-131343.cif,-3.6941740735711113,0.0
train,mb-mp-e-form-042873,data/cifs/mb-mp-e-form-042873.cif,-0.6025063974999991,0.0
train,mb-mp-e-form-034900,data/cifs/mb-mp-e-form-034900.cif,-0.4751648845833336,0.0
train,mb-mp-e-form-025543,data/cifs/mb-mp-e-form-025543.cif,-0.2984112804166665,0.0
train,mb-mp-e-form-072975,data/cifs/mb-mp-e-form-072975.cif,-1.6555066181919642,0.0
train,mb-mp-e-form-035672,data/cifs/mb-mp-e-form-035672.cif,-0.4737463361111109,0.0
train,mb-mp-e-form-033884,data/cifs/mb-mp-e-form-033884.cif,-0.4420726212499999,0.0
train,mb-mp-e-form-116602,data/cifs/mb-mp-e-form-116602.cif,-2.7891317409000003,0.0
train,mb-mp-e-form-063648,data/cifs/mb-mp-e-form-063648.cif,-1.246340901875,0.0
train,mb-mp-e-form-127347,data/cifs/mb-mp-e-form-127347.cif,-3.272090164722222,0.0
train,mb-mp-e-form-030202,data/cifs/mb-mp-e-form-030202.cif,-0.3771505146875009,0.0
train,mb-mp-e-form-035490,data/cifs/mb-mp-e-form-035490.cif,-0.4663129099999992,0.0
train,mb-mp-e-form-055866,data/cifs/mb-mp-e-form-055866.cif,-0.9367797323214282,0.0
train,mb-mp-e-form-125368,data/cifs/mb-mp-e-form-125368.cif,-3.1252707344411115,0.0
train,mb-mp-e-form-095015,data/cifs/mb-mp-e-form-095015.cif,-2.299141639726564,0.0
train,mb-mp-e-form-118927,data/cifs/mb-mp-e-form-118927.cif,-2.906932709408482,0.0
train,mb-mp-e-form-124089,data/cifs/mb-mp-e-form-124089.cif,-3.117493378751837,0.0
train,mb-mp-e-form-110644,data/cifs/mb-mp-e-form-110644.cif,-2.6327444929642865,0.0
train,mb-mp-e-form-063947,data/cifs/mb-mp-e-form-063947.cif,-1.2961894925961537,0.0
train,mb-mp-e-form-008737,data/cifs/mb-mp-e-form-008737.cif,0.1177528233333333,0.0
train,mb-mp-e-form-006307,data/cifs/mb-mp-e-form-006307.cif,0.2147526218181813,0.0
train,mb-mp-e-form-093778,data/cifs/mb-mp-e-form-093778.cif,-2.2507486147833333,0.0
train,mb-mp-e-form-077341,data/cifs/mb-mp-e-form-077341.cif,-1.7869899139242182,0.0
train,mb-mp-e-form-085162,data/cifs/mb-mp-e-form-085162.cif,-2.007841689544642,0.0
train,mb-mp-e-form-115750,data/cifs/mb-mp-e-form-115750.cif,-2.772994624366884,0.0
train,mb-mp-e-form-044159,data/cifs/mb-mp-e-form-044159.cif,-0.6476527431666653,0.0
train,mb-mp-e-form-114941,data/cifs/mb-mp-e-form-114941.cif,-2.758346299394286,0.0
train,mb-mp-e-form-010975,data/cifs/mb-mp-e-form-010975.cif,0.0234517706250003,0.0
train,mb-mp-e-form-010950,data/cifs/mb-mp-e-form-010950.cif,0.0273046350000003,0.0
train,mb-mp-e-form-095805,data/cifs/mb-mp-e-form-095805.cif,-2.319649362252747,0.0
train,mb-mp-e-form-006074,data/cifs/mb-mp-e-form-006074.cif,0.1887105677499998,0.0
train,mb-mp-e-form-001877,data/cifs/mb-mp-e-form-001877.cif,1.1149563166666674,0.0
train,mb-mp-e-form-107204,data/cifs/mb-mp-e-form-107204.cif,-2.563453071846,0.0
train,mb-mp-e-form-033373,data/cifs/mb-mp-e-form-033373.cif,-0.4276518369444447,0.0
train,mb-mp-e-form-113735,data/cifs/mb-mp-e-form-113735.cif,-2.710880681749999,0.0
train,mb-mp-e-form-042957,data/cifs/mb-mp-e-form-042957.cif,-0.6384256066666664,0.0
train,mb-mp-e-form-124155,data/cifs/mb-mp-e-form-124155.cif,-3.0841421273958325,0.0
train,mb-mp-e-form-101866,data/cifs/mb-mp-e-form-101866.cif,-2.450592313524966,0.0
train,mb-mp-e-form-104902,data/cifs/mb-mp-e-form-104902.cif,-2.5100038073320308,0.0
train,mb-mp-e-form-009979,data/cifs/mb-mp-e-form-009979.cif,0.0524758231250004,0.0
train,mb-mp-e-form-117751,data/cifs/mb-mp-e-form-117751.cif,-2.8487456548214283,0.0
train,mb-mp-e-form-046347,data/cifs/mb-mp-e-form-046347.cif,-0.7015976462500007,0.0
train,mb-mp-e-form-127307,data/cifs/mb-mp-e-form-127307.cif,-3.2697952620833326,0.0
train,mb-mp-e-form-091168,data/cifs/mb-mp-e-form-091168.cif,-2.174965608980769,0.0
train,mb-mp-e-form-055357,data/cifs/mb-mp-e-form-055357.cif,-0.957215069598214,0.0
train,mb-mp-e-form-109036,data/cifs/mb-mp-e-form-109036.cif,-2.6165486533214293,0.0
train,mb-mp-e-form-076271,data/cifs/mb-mp-e-form-076271.cif,-1.762406954798,0.0
train,mb-mp-e-form-095686,data/cifs/mb-mp-e-form-095686.cif,-2.288373727222667,0.0
train,mb-mp-e-form-076219,data/cifs/mb-mp-e-form-076219.cif,-1.7770284115476196,0.0
train,mb-mp-e-form-001394,data/cifs/mb-mp-e-form-001394.cif,1.34841284,0.0
train,mb-mp-e-form-019569,data/cifs/mb-mp-e-form-019569.cif,-0.1840690968571429,0.0
train,mb-mp-e-form-066415,data/cifs/mb-mp-e-form-066415.cif,-1.4167005519613798,0.0
train,mb-mp-e-form-103493,data/cifs/mb-mp-e-form-103493.cif,-2.4857762305434785,0.0
train,mb-mp-e-form-098343,data/cifs/mb-mp-e-form-098343.cif,-2.3599199469215835,0.0
train,mb-mp-e-form-122539,data/cifs/mb-mp-e-form-122539.cif,-3.019912098181207,0.0
train,mb-mp-e-form-050454,data/cifs/mb-mp-e-form-050454.cif,-0.7866004300000009,0.0
train,mb-mp-e-form-001295,data/cifs/mb-mp-e-form-001295.cif,1.3033686299999996,0.0
train,mb-mp-e-form-030839,data/cifs/mb-mp-e-form-030839.cif,-0.3769924424999997,0.0
train,mb-mp-e-form-043637,data/cifs/mb-mp-e-form-043637.cif,-0.6268354179999989,0.0
train,mb-mp-e-form-073912,data/cifs/mb-mp-e-form-073912.cif,-1.6862889270000003,0.0
train,mb-mp-e-form-049231,data/cifs/mb-mp-e-form-049231.cif,-0.7644266832142856,0.0
train,mb-mp-e-form-026573,data/cifs/mb-mp-e-form-026573.cif,-0.3187764412499989,0.0
train,mb-mp-e-form-116334,data/cifs/mb-mp-e-form-116334.cif,-2.802152884305556,0.0
train,mb-mp-e-form-028191,data/cifs/mb-mp-e-form-028191.cif,-0.3402117996875002,0.0
train,mb-mp-e-form-110234,data/cifs/mb-mp-e-form-110234.cif,-2.626101915625,0.0
train,mb-mp-e-form-056480,data/cifs/mb-mp-e-form-056480.cif,-1.0039953100689654,0.0
train,mb-mp-e-form-045658,data/cifs/mb-mp-e-form-045658.cif,-0.664302351507731,0.0
train,mb-mp-e-form-037364,data/cifs/mb-mp-e-form-037364.cif,-0.5046427912500002,0.0
train,mb-mp-e-form-053158,data/cifs/mb-mp-e-form-053158.cif,-0.8994809972685182,0.0
train,mb-mp-e-form-027313,data/cifs/mb-mp-e-form-027313.cif,-0.3241335533928569,0.0
train,mb-mp-e-form-132339,data/cifs/mb-mp-e-form-132339.cif,-4.058337498293334,0.0
train,mb-mp-e-form-047598,data/cifs/mb-mp-e-form-047598.cif,-0.7241479275000007,0.0
train,mb-mp-e-form-098091,data/cifs/mb-mp-e-form-098091.cif,-2.3750209821517854,0.0
train,mb-mp-e-form-018773,data/cifs/mb-mp-e-form-018773.cif,-0.1556848907467431,0.0
train,mb-mp-e-form-001270,data/cifs/mb-mp-e-form-001270.cif,1.1860944449999995,0.0
train,mb-mp-e-form-032271,data/cifs/mb-mp-e-form-032271.cif,-0.4145203688888885,0.0
train,mb-mp-e-form-114015,data/cifs/mb-mp-e-form-114015.cif,-2.741691202142859,0.0
train,mb-mp-e-form-068542,data/cifs/mb-mp-e-form-068542.cif,-1.4984774528124982,0.0
train,mb-mp-e-form-105204,data/cifs/mb-mp-e-form-105204.cif,-2.5117714946008047,0.0
train,mb-mp-e-form-080970,data/cifs/mb-mp-e-form-080970.cif,-1.885472381407857,0.0
train,mb-mp-e-form-010398,data/cifs/mb-mp-e-form-010398.cif,0.0573896537500004,0.0
train,mb-mp-e-form-122561,data/cifs/mb-mp-e-form-122561.cif,-3.004223451194937,0.0
train,mb-mp-e-form-041658,data/cifs/mb-mp-e-form-041658.cif,-0.5912121333333331,0.0
train,mb-mp-e-form-110872,data/cifs/mb-mp-e-form-110872.cif,-2.643618553527778,0.0
train,mb-mp-e-form-043667,data/cifs/mb-mp-e-form-043667.cif,-0.6374510645168338,0.0
train,mb-mp-e-form-078838,data/cifs/mb-mp-e-form-078838.cif,-1.8375802331249995,0.0
train,mb-mp-e-form-089965,data/cifs/mb-mp-e-form-089965.cif,-2.154573448817,0.0
train,mb-mp-e-form-091819,data/cifs/mb-mp-e-form-091819.cif,-2.209284571944445,0.0
train,mb-mp-e-form-065923,data/cifs/mb-mp-e-form-065923.cif,-1.381680410850001,0.0
train,mb-mp-e-form-125591,data/cifs/mb-mp-e-form-125591.cif,-3.1378891158962503,0.0
train,mb-mp-e-form-095488,data/cifs/mb-mp-e-form-095488.cif,-2.297574890833332,0.0
train,mb-mp-e-form-024324,data/cifs/mb-mp-e-form-024324.cif,-0.2713499791666661,0.0
train,mb-mp-e-form-035344,data/cifs/mb-mp-e-form-035344.cif,-0.4735178700000008,0.0
train,mb-mp-e-form-116854,data/cifs/mb-mp-e-form-116854.cif,-2.825645211904999,0.0
train,mb-mp-e-form-039609,data/cifs/mb-mp-e-form-039609.cif,-0.543409923333334,0.0
train,mb-mp-e-form-011430,data/cifs/mb-mp-e-form-011430.cif,0.0191281543750001,0.0
train,mb-mp-e-form-113051,data/cifs/mb-mp-e-form-113051.cif,-2.7145900433749994,0.0
train,mb-mp-e-form-050578,data/cifs/mb-mp-e-form-050578.cif,-0.8012826166666672,0.0
train,mb-mp-e-form-030798,data/cifs/mb-mp-e-form-030798.cif,-0.3777995925000001,0.0
train,mb-mp-e-form-088172,data/cifs/mb-mp-e-form-088172.cif,-2.109696569214001,0.0
train,mb-mp-e-form-031209,data/cifs/mb-mp-e-form-031209.cif,-0.4060869902777781,0.0
train,mb-mp-e-form-014235,data/cifs/mb-mp-e-form-014235.cif,-0.0486480637500008,0.0
train,mb-mp-e-form-105847,data/cifs/mb-mp-e-form-105847.cif,-2.536724588923611,0.0
train,mb-mp-e-form-050142,data/cifs/mb-mp-e-form-050142.cif,-0.7937732624999994,0.0
train,mb-mp-e-form-042648,data/cifs/mb-mp-e-form-042648.cif,-0.6114126710938631,0.0
train,mb-mp-e-form-114732,data/cifs/mb-mp-e-form-114732.cif,-2.742618277291667,0.0
train,mb-mp-e-form-053730,data/cifs/mb-mp-e-form-053730.cif,-0.8944421140909085,0.0
train,mb-mp-e-form-129809,data/cifs/mb-mp-e-form-129809.cif,-3.4959532696266225,0.0
train,mb-mp-e-form-066577,data/cifs/mb-mp-e-form-066577.cif,-1.4103367788870935,0.0
train,mb-mp-e-form-126371,data/cifs/mb-mp-e-form-126371.cif,-3.2112561170833325,0.0
train,mb-mp-e-form-097872,data/cifs/mb-mp-e-form-097872.cif,-2.3677053775560006,0.0
train,mb-mp-e-form-109935,data/cifs/mb-mp-e-form-109935.cif,-2.617752421619,0.0
train,mb-mp-e-form-101718,data/cifs/mb-mp-e-form-101718.cif,-2.432178184299365,0.0
train,mb-mp-e-form-016356,data/cifs/mb-mp-e-form-016356.cif,-0.0924046681578947,0.0
train,mb-mp-e-form-011182,data/cifs/mb-mp-e-form-011182.cif,0.0256365825,0.0
train,mb-mp-e-form-105177,data/cifs/mb-mp-e-form-105177.cif,-2.526491082142857,0.0
train,mb-mp-e-form-126436,data/cifs/mb-mp-e-form-126436.cif,-3.2161098367500003,0.0
train,mb-mp-e-form-086768,data/cifs/mb-mp-e-form-086768.cif,-2.042051913461538,0.0
train,mb-mp-e-form-128281,data/cifs/mb-mp-e-form-128281.cif,-3.382148872194445,0.0
train,mb-mp-e-form-090516,data/cifs/mb-mp-e-form-090516.cif,-2.161342017210884,0.0
train,mb-mp-e-form-009182,data/cifs/mb-mp-e-form-009182.cif,0.0768420981250002,0.0
train,mb-mp-e-form-030440,data/cifs/mb-mp-e-form-030440.cif,-0.3755474699107144,0.0
train,mb-mp-e-form-040915,data/cifs/mb-mp-e-form-040915.cif,-0.5899178951736109,0.0
train,mb-mp-e-form-064281,data/cifs/mb-mp-e-form-064281.cif,-1.3191036428545833,0.0
train,mb-mp-e-form-029069,data/cifs/mb-mp-e-form-029069.cif,-0.3661348560000012,0.0
train,mb-mp-e-form-105747,data/cifs/mb-mp-e-form-105747.cif,-2.518181547750001,0.0
train,mb-mp-e-form-010082,data/cifs/mb-mp-e-form-010082.cif,0.04989863625,0.0
train,mb-mp-e-form-012251,data/cifs/mb-mp-e-form-012251.cif,-0.0060547274999995,0.0
train,mb-mp-e-form-034031,data/cifs/mb-mp-e-form-034031.cif,-0.4580274112499997,0.0
train,mb-mp-e-form-117408,data/cifs/mb-mp-e-form-117408.cif,-2.844454927385532,0.0
train,mb-mp-e-form-027742,data/cifs/mb-mp-e-form-027742.cif,-0.3341030624999996,0.0
train,mb-mp-e-form-015547,data/cifs/mb-mp-e-form-015547.cif,-0.0638020935,0.0
train,mb-mp-e-form-078811,data/cifs/mb-mp-e-form-078811.cif,-1.829377675113636,0.0
train,mb-mp-e-form-089413,data/cifs/mb-mp-e-form-089413.cif,-2.133450026152777,0.0
train,mb-mp-e-form-121187,data/cifs/mb-mp-e-form-121187.cif,-2.9802689128460003,0.0
train,mb-mp-e-form-009191,data/cifs/mb-mp-e-form-009191.cif,0.08022711,0.0
train,mb-mp-e-form-051309,data/cifs/mb-mp-e-form-051309.cif,-0.8147306325757565,0.0
train,mb-mp-e-form-075249,data/cifs/mb-mp-e-form-075249.cif,-1.7397632125942857,0.0
train,mb-mp-e-form-079647,data/cifs/mb-mp-e-form-079647.cif,-1.838515950918296,0.0
train,mb-mp-e-form-119289,data/cifs/mb-mp-e-form-119289.cif,-2.89183652225,0.0
train,mb-mp-e-form-030627,data/cifs/mb-mp-e-form-030627.cif,-0.3821648046250004,0.0
train,mb-mp-e-form-031025,data/cifs/mb-mp-e-form-031025.cif,-0.4044334588461545,0.0
train,mb-mp-e-form-041162,data/cifs/mb-mp-e-form-041162.cif,-0.5915195819047618,0.0
train,mb-mp-e-form-106585,data/cifs/mb-mp-e-form-106585.cif,-2.5476289308673463,0.0
train,mb-mp-e-form-024632,data/cifs/mb-mp-e-form-024632.cif,-0.2818954449999999,0.0
train,mb-mp-e-form-079719,data/cifs/mb-mp-e-form-079719.cif,-1.8505687517857143,0.0
train,mb-mp-e-form-117815,data/cifs/mb-mp-e-form-117815.cif,-2.8650440039919345,0.0
train,mb-mp-e-form-006967,data/cifs/mb-mp-e-form-006967.cif,0.1315540106249999,0.0
train,mb-mp-e-form-098168,data/cifs/mb-mp-e-form-098168.cif,-2.361318843827,0.0
train,mb-mp-e-form-101484,data/cifs/mb-mp-e-form-101484.cif,-2.43254353875,0.0
train,mb-mp-e-form-082217,data/cifs/mb-mp-e-form-082217.cif,-1.9137797374600003,0.0
train,mb-mp-e-form-010865,data/cifs/mb-mp-e-form-010865.cif,0.0379172176190477,0.0
train,mb-mp-e-form-031355,data/cifs/mb-mp-e-form-031355.cif,-0.3959977983333331,0.0
train,mb-mp-e-form-103280,data/cifs/mb-mp-e-form-103280.cif,-2.468013722622504,0.0
train,mb-mp-e-form-027301,data/cifs/mb-mp-e-form-027301.cif,-0.3331617149999997,0.0
train,mb-mp-e-form-097762,data/cifs/mb-mp-e-form-097762.cif,-2.375336336428571,0.0
train,mb-mp-e-form-025409,data/cifs/mb-mp-e-form-025409.cif,-0.2962641749999992,0.0
train,mb-mp-e-form-074215,data/cifs/mb-mp-e-form-074215.cif,-1.6948420222059783,0.0
train,mb-mp-e-form-113103,data/cifs/mb-mp-e-form-113103.cif,-2.703479349815382,0.0
train,mb-mp-e-form-061642,data/cifs/mb-mp-e-form-061642.cif,-1.1935790043569354,0.0
train,mb-mp-e-form-060304,data/cifs/mb-mp-e-form-060304.cif,-1.1479157896938883,0.0
train,mb-mp-e-form-032774,data/cifs/mb-mp-e-form-032774.cif,-0.4227270308508337,0.0
train,mb-mp-e-form-028165,data/cifs/mb-mp-e-form-028165.cif,-0.3434675916666674,0.0
train,mb-mp-e-form-008452,data/cifs/mb-mp-e-form-008452.cif,0.1098331733333335,0.0
train,mb-mp-e-form-011859,data/cifs/mb-mp-e-form-011859.cif,0.0190197874999995,0.0
train,mb-mp-e-form-047993,data/cifs/mb-mp-e-form-047993.cif,-0.7460604058333326,0.0
train,mb-mp-e-form-085233,data/cifs/mb-mp-e-form-085233.cif,-2.025084253611112,0.0
train,mb-mp-e-form-124392,data/cifs/mb-mp-e-form-124392.cif,-3.115442208333333,0.0
train,mb-mp-e-form-004267,data/cifs/mb-mp-e-form-004267.cif,0.3959540137440008,0.0
train,mb-mp-e-form-013483,data/cifs/mb-mp-e-form-013483.cif,-0.0232582749999998,0.0
train,mb-mp-e-form-050396,data/cifs/mb-mp-e-form-050396.cif,-0.7910749185119046,0.0
train,mb-mp-e-form-080067,data/cifs/mb-mp-e-form-080067.cif,-1.8639196097475,0.0
train,mb-mp-e-form-049659,data/cifs/mb-mp-e-form-049659.cif,-0.7779515342465884,0.0
train,mb-mp-e-form-021319,data/cifs/mb-mp-e-form-021319.cif,-0.223843934999999,0.0
train,mb-mp-e-form-087800,data/cifs/mb-mp-e-form-087800.cif,-2.112782047734375,0.0
train,mb-mp-e-form-123122,data/cifs/mb-mp-e-form-123122.cif,-3.0501484913900003,0.0
train,mb-mp-e-form-070725,data/cifs/mb-mp-e-form-070725.cif,-1.557388015714286,0.0
train,mb-mp-e-form-109401,data/cifs/mb-mp-e-form-109401.cif,-2.615085472611608,0.0
train,mb-mp-e-form-025823,data/cifs/mb-mp-e-form-025823.cif,-0.3033291041666666,0.0
train,mb-mp-e-form-079499,data/cifs/mb-mp-e-form-079499.cif,-1.8457533852708343,0.0
train,mb-mp-e-form-100304,data/cifs/mb-mp-e-form-100304.cif,-2.4221435828746687,0.0
train,mb-mp-e-form-040836,data/cifs/mb-mp-e-form-040836.cif,-0.5708968975,0.0
train,mb-mp-e-form-122299,data/cifs/mb-mp-e-form-122299.cif,-3.006266163442,0.0
train,mb-mp-e-form-004009,data/cifs/mb-mp-e-form-004009.cif,0.3407022862500007,0.0
train,mb-mp-e-form-037850,data/cifs/mb-mp-e-form-037850.cif,-0.5117028349999995,0.0
train,mb-mp-e-form-000393,data/cifs/mb-mp-e-form-000393.cif,2.1045365412500003,0.0
train,mb-mp-e-form-051866,data/cifs/mb-mp-e-form-051866.cif,-0.8263898819279987,0.0
train,mb-mp-e-form-020247,data/cifs/mb-mp-e-form-020247.cif,-0.2006662083333334,0.0
train,mb-mp-e-form-041303,data/cifs/mb-mp-e-form-041303.cif,-0.5958727693939397,0.0
train,mb-mp-e-form-075298,data/cifs/mb-mp-e-form-075298.cif,-1.7147442822133765,0.0
train,mb-mp-e-form-038466,data/cifs/mb-mp-e-form-038466.cif,-0.5205378246484376,0.0
train,mb-mp-e-form-093172,data/cifs/mb-mp-e-form-093172.cif,-2.23550949246596,0.0
train,mb-mp-e-form-131352,data/cifs/mb-mp-e-form-131352.cif,-3.81935187175,0.0
train,mb-mp-e-form-057242,data/cifs/mb-mp-e-form-057242.cif,-1.0110388702500004,0.0
train,mb-mp-e-form-076817,data/cifs/mb-mp-e-form-076817.cif,-1.7901681999999997,0.0
train,mb-mp-e-form-084594,data/cifs/mb-mp-e-form-084594.cif,-1.979817649055556,0.0
train,mb-mp-e-form-016706,data/cifs/mb-mp-e-form-016706.cif,-0.1065651650000001,0.0
train,mb-mp-e-form-031048,data/cifs/mb-mp-e-form-031048.cif,-0.3911843220512818,0.0
train,mb-mp-e-form-043891,data/cifs/mb-mp-e-form-043891.cif,-0.6249692744279998,0.0
train,mb-mp-e-form-092194,data/cifs/mb-mp-e-form-092194.cif,-2.2245445416271066,0.0
train,mb-mp-e-form-032528,data/cifs/mb-mp-e-form-032528.cif,-0.4217439280000007,0.0
train,mb-mp-e-form-066091,data/cifs/mb-mp-e-form-066091.cif,-1.382477345913461,0.0
train,mb-mp-e-form-001857,data/cifs/mb-mp-e-form-001857.cif,1.3587310875000007,0.0
train,mb-mp-e-form-109668,data/cifs/mb-mp-e-form-109668.cif,-2.617070131494428,0.0
train,mb-mp-e-form-078491,data/cifs/mb-mp-e-form-078491.cif,-1.829078667074285,0.0
train,mb-mp-e-form-079575,data/cifs/mb-mp-e-form-079575.cif,-1.8371981657748653,0.0
train,mb-mp-e-form-029029,data/cifs/mb-mp-e-form-029029.cif,-0.3644263566666668,0.0
train,mb-mp-e-form-089313,data/cifs/mb-mp-e-form-089313.cif,-2.141599059666667,0.0
train,mb-mp-e-form-103646,data/cifs/mb-mp-e-form-103646.cif,-2.4662444831841177,0.0
train,mb-mp-e-form-094976,data/cifs/mb-mp-e-form-094976.cif,-2.306115274870625,0.0
train,mb-mp-e-form-026714,data/cifs/mb-mp-e-form-026714.cif,-0.3071032976666671,0.0
train,mb-mp-e-form-108786,data/cifs/mb-mp-e-form-108786.cif,-2.6159218495089283,0.0
train,mb-mp-e-form-048030,data/cifs/mb-mp-e-form-048030.cif,-0.7412003736979168,0.0
train,mb-mp-e-form-009844,data/cifs/mb-mp-e-form-009844.cif,0.0794460449999997,0.0
train,mb-mp-e-form-029410,data/cifs/mb-mp-e-form-029410.cif,-0.3580846232834782,0.0
train,mb-mp-e-form-069204,data/cifs/mb-mp-e-form-069204.cif,-1.5104926526739462,0.0
train,mb-mp-e-form-098446,data/cifs/mb-mp-e-form-098446.cif,-2.3591941868939386,0.0
train,mb-mp-e-form-093068,data/cifs/mb-mp-e-form-093068.cif,-2.237924667592592,0.0
train,mb-mp-e-form-055863,data/cifs/mb-mp-e-form-055863.cif,-0.9488605153571428,0.0
train,mb-mp-e-form-069697,data/cifs/mb-mp-e-form-069697.cif,-1.533032744583334,0.0
train,mb-mp-e-form-124939,data/cifs/mb-mp-e-form-124939.cif,-3.146031974374999,0.0
train,mb-mp-e-form-011750,data/cifs/mb-mp-e-form-011750.cif,0.0144141504374985,0.0
train,mb-mp-e-form-052844,data/cifs/mb-mp-e-form-052844.cif,-0.8662961387500001,0.0
train,mb-mp-e-form-126573,data/cifs/mb-mp-e-form-126573.cif,-3.227148077954545,0.0
train,mb-mp-e-form-038631,data/cifs/mb-mp-e-form-038631.cif,-0.5334876691666656,0.0
train,mb-mp-e-form-125256,data/cifs/mb-mp-e-form-125256.cif,-3.125673348303571,0.0
train,mb-mp-e-form-039615,data/cifs/mb-mp-e-form-039615.cif,-0.5458510958333331,0.0
train,mb-mp-e-form-104274,data/cifs/mb-mp-e-form-104274.cif,-2.5052116592346936,0.0
train,mb-mp-e-form-076494,data/cifs/mb-mp-e-form-076494.cif,-1.767558455459206,0.0
train,mb-mp-e-form-082793,data/cifs/mb-mp-e-form-082793.cif,-1.9272242464705889,0.0
train,mb-mp-e-form-074336,data/cifs/mb-mp-e-form-074336.cif,-1.708467282186552,0.0
train,mb-mp-e-form-056446,data/cifs/mb-mp-e-form-056446.cif,-0.9921361610416662,0.0
train,mb-mp-e-form-098232,data/cifs/mb-mp-e-form-098232.cif,-2.373969180625,0.0
train,mb-mp-e-form-029326,data/cifs/mb-mp-e-form-029326.cif,-0.3597461984615381,0.0
train,mb-mp-e-form-005381,data/cifs/mb-mp-e-form-005381.cif,0.2937725800914289,0.0
train,mb-mp-e-form-061325,data/cifs/mb-mp-e-form-061325.cif,-1.1735133056703853,0.0
train,mb-mp-e-form-096282,data/cifs/mb-mp-e-form-096282.cif,-2.3281974653844446,0.0
train,mb-mp-e-form-104267,data/cifs/mb-mp-e-form-104267.cif,-2.506257151122485,0.0
train,mb-mp-e-form-079452,data/cifs/mb-mp-e-form-079452.cif,-1.8372973886562505,0.0
train,mb-mp-e-form-069438,data/cifs/mb-mp-e-form-069438.cif,-1.5359061678566637,0.0
train,mb-mp-e-form-010172,data/cifs/mb-mp-e-form-010172.cif,0.0476917191666667,0.0
train,mb-mp-e-form-007977,data/cifs/mb-mp-e-form-007977.cif,0.103251832125,0.0
train,mb-mp-e-form-126684,data/cifs/mb-mp-e-form-126684.cif,-3.2111040893750005,0.0
train,mb-mp-e-form-064542,data/cifs/mb-mp-e-form-064542.cif,-1.2889994494886372,0.0
train,mb-mp-e-form-063759,data/cifs/mb-mp-e-form-063759.cif,-1.2559316683333328,0.0
train,mb-mp-e-form-041858,data/cifs/mb-mp-e-form-041858.cif,-0.5940986857499994,0.0
train,mb-mp-e-form-131979,data/cifs/mb-mp-e-form-131979.cif,-4.257229756481111,0.0
train,mb-mp-e-form-119057,data/cifs/mb-mp-e-form-119057.cif,-2.897296531782966,0.0
train,mb-mp-e-form-007453,data/cifs/mb-mp-e-form-007453.cif,0.1515321475000002,0.0
train,mb-mp-e-form-096923,data/cifs/mb-mp-e-form-096923.cif,-2.343925202918571,0.0
train,mb-mp-e-form-020845,data/cifs/mb-mp-e-form-020845.cif,-0.1958577999999997,0.0
train,mb-mp-e-form-048832,data/cifs/mb-mp-e-form-048832.cif,-0.7493078102083324,0.0
train,mb-mp-e-form-060265,data/cifs/mb-mp-e-form-060265.cif,-1.15271786315625,0.0
train,mb-mp-e-form-010460,data/cifs/mb-mp-e-form-010460.cif,0.0410724306250003,0.0
train,mb-mp-e-form-048459,data/cifs/mb-mp-e-form-048459.cif,-0.7348605424999999,0.0
train,mb-mp-e-form-057899,data/cifs/mb-mp-e-form-057899.cif,-1.0523874224999996,0.0
train,mb-mp-e-form-037651,data/cifs/mb-mp-e-form-037651.cif,-0.5001890720370368,0.0
train,mb-mp-e-form-025061,data/cifs/mb-mp-e-form-025061.cif,-0.2885197666666664,0.0
train,mb-mp-e-form-020530,data/cifs/mb-mp-e-form-020530.cif,-0.2052947132142861,0.0
train,mb-mp-e-form-004155,data/cifs/mb-mp-e-form-004155.cif,0.3698644317439999,0.0
train,mb-mp-e-form-083642,data/cifs/mb-mp-e-form-083642.cif,-1.9622487406250009,0.0
train,mb-mp-e-form-052048,data/cifs/mb-mp-e-form-052048.cif,-0.8585020966666663,0.0
train,mb-mp-e-form-126135,data/cifs/mb-mp-e-form-126135.cif,-3.2159996621666664,0.0
train,mb-mp-e-form-053729,data/cifs/mb-mp-e-form-053729.cif,-0.8948794309821427,0.0
train,mb-mp-e-form-127900,data/cifs/mb-mp-e-form-127900.cif,-3.342034723576648,0.0
train,mb-mp-e-form-064389,data/cifs/mb-mp-e-form-064389.cif,-1.317159850846355,0.0
train,mb-mp-e-form-115559,data/cifs/mb-mp-e-form-115559.cif,-2.7636652297619047,0.0
train,mb-mp-e-form-008587,data/cifs/mb-mp-e-form-008587.cif,0.0988436999999997,0.0
train,mb-mp-e-form-106486,data/cifs/mb-mp-e-form-106486.cif,-2.545551928235294,0.0
train,mb-mp-e-form-097497,data/cifs/mb-mp-e-form-097497.cif,-2.344608196666667,0.0
train,mb-mp-e-form-018815,data/cifs/mb-mp-e-form-018815.cif,-0.1495476448660717,0.0
train,mb-mp-e-form-046288,data/cifs/mb-mp-e-form-046288.cif,-0.6840981457142858,0.0
train,mb-mp-e-form-090711,data/cifs/mb-mp-e-form-090711.cif,-2.161905627211428,0.0
train,mb-mp-e-form-096411,data/cifs/mb-mp-e-form-096411.cif,-2.3133463201151714,0.0
train,mb-mp-e-form-074620,data/cifs/mb-mp-e-form-074620.cif,-1.7071605726785717,0.0
train,mb-mp-e-form-105427,data/cifs/mb-mp-e-form-105427.cif,-2.5240938952529763,0.0
train,mb-mp-e-form-037081,data/cifs/mb-mp-e-form-037081.cif,-0.4993186633333333,0.0
train,mb-mp-e-form-038266,data/cifs/mb-mp-e-form-038266.cif,-0.5179588674074075,0.0
train,mb-mp-e-form-055672,data/cifs/mb-mp-e-form-055672.cif,-0.9534118152413796,0.0
train,mb-mp-e-form-131769,data/cifs/mb-mp-e-form-131769.cif,-3.860913165206,0.0
train,mb-mp-e-form-022698,data/cifs/mb-mp-e-form-022698.cif,-0.2378667299999997,0.0
train,mb-mp-e-form-068843,data/cifs/mb-mp-e-form-068843.cif,-1.468389197142857,0.0
train,mb-mp-e-form-053723,data/cifs/mb-mp-e-form-053723.cif,-0.8732572778375993,0.0
train,mb-mp-e-form-005087,data/cifs/mb-mp-e-form-005087.cif,0.2414446567241379,0.0
train,mb-mp-e-form-086769,data/cifs/mb-mp-e-form-086769.cif,-2.05017358875,0.0
train,mb-mp-e-form-105131,data/cifs/mb-mp-e-form-105131.cif,-2.5104587554456463,0.0
train,mb-mp-e-form-030467,data/cifs/mb-mp-e-form-030467.cif,-0.3869647562500002,0.0
train,mb-mp-e-form-110267,data/cifs/mb-mp-e-form-110267.cif,-2.627785943541667,0.0
train,mb-mp-e-form-054524,data/cifs/mb-mp-e-form-054524.cif,-0.9133263133750004,0.0
train,mb-mp-e-form-123266,data/cifs/mb-mp-e-form-123266.cif,-3.041346120833216,0.0
train,mb-mp-e-form-079828,data/cifs/mb-mp-e-form-079828.cif,-1.8614561816666653,0.0
train,mb-mp-e-form-109494,data/cifs/mb-mp-e-form-109494.cif,-2.6073428237500007,0.0
train,mb-mp-e-form-000095,data/cifs/mb-mp-e-form-000095.cif,1.9663626925,0.0
train,mb-mp-e-form-052494,data/cifs/mb-mp-e-form-052494.cif,-0.8412242833333323,0.0
train,mb-mp-e-form-005062,data/cifs/mb-mp-e-form-005062.cif,0.2702182115,0.0
train,mb-mp-e-form-075900,data/cifs/mb-mp-e-form-075900.cif,-1.7702219921875002,0.0
train,mb-mp-e-form-116838,data/cifs/mb-mp-e-form-116838.cif,-2.84358597875,0.0
train,mb-mp-e-form-013583,data/cifs/mb-mp-e-form-013583.cif,-0.0204890500000001,0.0
train,mb-mp-e-form-072302,data/cifs/mb-mp-e-form-072302.cif,-1.6313743887500003,0.0
train,mb-mp-e-form-080150,data/cifs/mb-mp-e-form-080150.cif,-1.8585112781849995,0.0
train,mb-mp-e-form-052375,data/cifs/mb-mp-e-form-052375.cif,-0.8474937983333332,0.0
train,mb-mp-e-form-107270,data/cifs/mb-mp-e-form-107270.cif,-2.5672982698095246,0.0
train,mb-mp-e-form-040576,data/cifs/mb-mp-e-form-040576.cif,-0.5638993564087997,0.0
train,mb-mp-e-form-040806,data/cifs/mb-mp-e-form-040806.cif,-0.5778302625,0.0
train,mb-mp-e-form-117893,data/cifs/mb-mp-e-form-117893.cif,-2.878693723378232,0.0
train,mb-mp-e-form-124593,data/cifs/mb-mp-e-form-124593.cif,-3.070224363022222,0.0
train,mb-mp-e-form-091572,data/cifs/mb-mp-e-form-091572.cif,-2.1869037991457145,0.0
train,mb-mp-e-form-099289,data/cifs/mb-mp-e-form-099289.cif,-2.3965046664378087,0.0
train,mb-mp-e-form-113327,data/cifs/mb-mp-e-form-113327.cif,-2.716047258412699,0.0
train,mb-mp-e-form-070427,data/cifs/mb-mp-e-form-070427.cif,-1.5374161324062503,0.0
train,mb-mp-e-form-087515,data/cifs/mb-mp-e-form-087515.cif,-2.0889277472916663,0.0
train,mb-mp-e-form-096243,data/cifs/mb-mp-e-form-096243.cif,-2.310107131388889,0.0
train,mb-mp-e-form-044727,data/cifs/mb-mp-e-form-044727.cif,-0.6398703541145837,0.0
train,mb-mp-e-form-005671,data/cifs/mb-mp-e-form-005671.cif,0.2654167525000002,0.0
train,mb-mp-e-form-014966,data/cifs/mb-mp-e-form-014966.cif,-0.0650148824999998,0.0
train,mb-mp-e-form-075510,data/cifs/mb-mp-e-form-075510.cif,-1.7353411792966666,0.0
train,mb-mp-e-form-111886,data/cifs/mb-mp-e-form-111886.cif,-2.687249329596,0.0
train,mb-mp-e-form-038096,data/cifs/mb-mp-e-form-038096.cif,-0.5273527637500006,0.0
train,mb-mp-e-form-101435,data/cifs/mb-mp-e-form-101435.cif,-2.433468072513333,0.0
train,mb-mp-e-form-059444,data/cifs/mb-mp-e-form-059444.cif,-1.1033114177011492,0.0
train,mb-mp-e-form-123001,data/cifs/mb-mp-e-form-123001.cif,-3.0406510538775504,0.0
train,mb-mp-e-form-044232,data/cifs/mb-mp-e-form-044232.cif,-0.6424873009523808,0.0
train,mb-mp-e-form-010613,data/cifs/mb-mp-e-form-010613.cif,0.0463579073076926,0.0
train,mb-mp-e-form-086923,data/cifs/mb-mp-e-form-086923.cif,-2.071897085769,0.0
train,mb-mp-e-form-016241,data/cifs/mb-mp-e-form-016241.cif,-0.1056462402631582,0.0
train,mb-mp-e-form-066379,data/cifs/mb-mp-e-form-066379.cif,-1.3803044190312508,0.0
train,mb-mp-e-form-032419,data/cifs/mb-mp-e-form-032419.cif,-0.4088229999895237,0.0
train,mb-mp-e-form-127429,data/cifs/mb-mp-e-form-127429.cif,-3.251675622000001,0.0
train,mb-mp-e-form-045478,data/cifs/mb-mp-e-form-045478.cif,-0.6774121622222206,0.0
train,mb-mp-e-form-067227,data/cifs/mb-mp-e-form-067227.cif,-1.4267194985491076,0.0
train,mb-mp-e-form-075644,data/cifs/mb-mp-e-form-075644.cif,-1.7435807814583335,0.0
train,mb-mp-e-form-091594,data/cifs/mb-mp-e-form-091594.cif,-2.1894501391050003,0.0
train,mb-mp-e-form-026263,data/cifs/mb-mp-e-form-026263.cif,-0.3053329170833336,0.0
train,mb-mp-e-form-034920,data/cifs/mb-mp-e-form-034920.cif,-0.4705920025260421,0.0
train,mb-mp-e-form-000975,data/cifs/mb-mp-e-form-000975.cif,1.5068443550800008,0.0
train,mb-mp-e-form-091942,data/cifs/mb-mp-e-form-091942.cif,-2.2047740458333345,0.0
train,mb-mp-e-form-042721,data/cifs/mb-mp-e-form-042721.cif,-0.6121787103333342,0.0
train,mb-mp-e-form-053991,data/cifs/mb-mp-e-form-053991.cif,-0.92392841578125,0.0
train,mb-mp-e-form-019199,data/cifs/mb-mp-e-form-019199.cif,-0.1654118004347822,0.0
train,mb-mp-e-form-030861,data/cifs/mb-mp-e-form-030861.cif,-0.3861454951470586,0.0
train,mb-mp-e-form-128346,data/cifs/mb-mp-e-form-128346.cif,-3.3351464703296707,0.0
train,mb-mp-e-form-121158,data/cifs/mb-mp-e-form-121158.cif,-2.958180877202382,0.0
train,mb-mp-e-form-073476,data/cifs/mb-mp-e-form-073476.cif,-1.6476406260542855,0.0
train,mb-mp-e-form-075050,data/cifs/mb-mp-e-form-075050.cif,-1.7302235535613204,0.0
train,mb-mp-e-form-017535,data/cifs/mb-mp-e-form-017535.cif,-0.1076959609040179,0.0
train,mb-mp-e-form-060420,data/cifs/mb-mp-e-form-060420.cif,-1.143459078364667,0.0
train,mb-mp-e-form-076486,data/cifs/mb-mp-e-form-076486.cif,-1.7675560830887491,0.0
train,mb-mp-e-form-017551,data/cifs/mb-mp-e-form-017551.cif,-0.125643727500001,0.0
train,mb-mp-e-form-093127,data/cifs/mb-mp-e-form-093127.cif,-2.226551430943078,0.0
train,mb-mp-e-form-109914,data/cifs/mb-mp-e-form-109914.cif,-2.63183767029762,0.0
train,mb-mp-e-form-076950,data/cifs/mb-mp-e-form-076950.cif,-1.793280722197379,0.0
train,mb-mp-e-form-062543,data/cifs/mb-mp-e-form-062543.cif,-1.2331194117075892,0.0
train,mb-mp-e-form-011066,data/cifs/mb-mp-e-form-011066.cif,0.0292043650000002,0.0
train,mb-mp-e-form-130059,data/cifs/mb-mp-e-form-130059.cif,-3.594828714833,0.0
train,mb-mp-e-form-038409,data/cifs/mb-mp-e-form-038409.cif,-0.5323978596153842,0.0
train,mb-mp-e-form-107993,data/cifs/mb-mp-e-form-107993.cif,-2.577798178060898,0.0
train,mb-mp-e-form-020592,data/cifs/mb-mp-e-form-020592.cif,-0.187141185,0.0
train,mb-mp-e-form-009000,data/cifs/mb-mp-e-form-009000.cif,0.0699493837500004,0.0
train,mb-mp-e-form-105081,data/cifs/mb-mp-e-form-105081.cif,-2.511085060592933,0.0
train,mb-mp-e-form-021992,data/cifs/mb-mp-e-form-021992.cif,-0.2386363150111609,0.0
train,mb-mp-e-form-114137,data/cifs/mb-mp-e-form-114137.cif,-2.739675770846,0.0
train,mb-mp-e-form-046732,data/cifs/mb-mp-e-form-046732.cif,-0.6883921370511362,0.0
train,mb-mp-e-form-056858,data/cifs/mb-mp-e-form-056858.cif,-0.9730880663461547,0.0
train,mb-mp-e-form-112900,data/cifs/mb-mp-e-form-112900.cif,-2.7146948421425,0.0
train,mb-mp-e-form-076645,data/cifs/mb-mp-e-form-076645.cif,-1.7665318072368428,0.0
train,mb-mp-e-form-099693,data/cifs/mb-mp-e-form-099693.cif,-2.400343506345238,0.0
train,mb-mp-e-form-082735,data/cifs/mb-mp-e-form-082735.cif,-1.919283330454546,0.0
train,mb-mp-e-form-070562,data/cifs/mb-mp-e-form-070562.cif,-1.5518313450716092,0.0
train,mb-mp-e-form-074626,data/cifs/mb-mp-e-form-074626.cif,-1.68894296354,0.0
train,mb-mp-e-form-020403,data/cifs/mb-mp-e-form-020403.cif,-0.1863648957142853,0.0
train,mb-mp-e-form-028656,data/cifs/mb-mp-e-form-028656.cif,-0.3397889449999998,0.0
train,mb-mp-e-form-003827,data/cifs/mb-mp-e-form-003827.cif,0.5718148300000001,0.0
train,mb-mp-e-form-006531,data/cifs/mb-mp-e-form-006531.cif,0.1824347629999998,0.0
train,mb-mp-e-form-075449,data/cifs/mb-mp-e-form-075449.cif,-1.7341082051662566,0.0
train,mb-mp-e-form-016755,data/cifs/mb-mp-e-form-016755.cif,-0.0867264853571416,0.0
train,mb-mp-e-form-109099,data/cifs/mb-mp-e-form-109099.cif,-2.6081043127675,0.0
train,mb-mp-e-form-132472,data/cifs/mb-mp-e-form-132472.cif,-3.869718310675289,0.0
train,mb-mp-e-form-008669,data/cifs/mb-mp-e-form-008669.cif,0.1074334919400001,0.0
train,mb-mp-e-form-079543,data/cifs/mb-mp-e-form-079543.cif,-1.852345791428334,0.0
train,mb-mp-e-form-073671,data/cifs/mb-mp-e-form-073671.cif,-1.658872567083333,0.0
train,mb-mp-e-form-129099,data/cifs/mb-mp-e-form-129099.cif,-3.411084284583333,0.0
train,mb-mp-e-form-054296,data/cifs/mb-mp-e-form-054296.cif,-0.915538926296296,0.0
train,mb-mp-e-form-036821,data/cifs/mb-mp-e-form-036821.cif,-0.4861445364285716,0.0
train,mb-mp-e-form-046834,data/cifs/mb-mp-e-form-046834.cif,-0.7001524272817451,0.0
train,mb-mp-e-form-015653,data/cifs/mb-mp-e-form-015653.cif,-0.0615326516666669,0.0
train,mb-mp-e-form-100495,data/cifs/mb-mp-e-form-100495.cif,-2.415659244470714,0.0
train,mb-mp-e-form-089212,data/cifs/mb-mp-e-form-089212.cif,-2.1390941276562505,0.0
train,mb-mp-e-form-075171,data/cifs/mb-mp-e-form-075171.cif,-1.7347626513720311,0.0
train,mb-mp-e-form-073742,data/cifs/mb-mp-e-form-073742.cif,-1.6473973206271428,0.0
train,mb-mp-e-form-035895,data/cifs/mb-mp-e-form-035895.cif,-0.4783609549519994,0.0
train,mb-mp-e-form-063034,data/cifs/mb-mp-e-form-063034.cif,-1.2653665749481164,0.0
train,mb-mp-e-form-117990,data/cifs/mb-mp-e-form-117990.cif,-2.8563522925473337,0.0
train,mb-mp-e-form-013111,data/cifs/mb-mp-e-form-013111.cif,-0.0134950199999999,0.0
train,mb-mp-e-form-109331,data/cifs/mb-mp-e-form-109331.cif,-2.603409450484694,0.0
train,mb-mp-e-form-058054,data/cifs/mb-mp-e-form-058054.cif,-1.0662053516,0.0
train,mb-mp-e-form-029626,data/cifs/mb-mp-e-form-029626.cif,-0.3715088939649993,0.0
train,mb-mp-e-form-093973,data/cifs/mb-mp-e-form-093973.cif,-2.271467079567297,0.0
train,mb-mp-e-form-007129,data/cifs/mb-mp-e-form-007129.cif,0.1593198749784485,0.0
train,mb-mp-e-form-054778,data/cifs/mb-mp-e-form-054778.cif,-0.9308968959619994,0.0
train,mb-mp-e-form-077773,data/cifs/mb-mp-e-form-077773.cif,-1.8117950284615385,0.0
train,mb-mp-e-form-015756,data/cifs/mb-mp-e-form-015756.cif,-0.0699359383775002,0.0
train,mb-mp-e-form-065878,data/cifs/mb-mp-e-form-065878.cif,-1.4015210964285711,0.0
train,mb-mp-e-form-074960,data/cifs/mb-mp-e-form-074960.cif,-1.742025895625001,0.0
train,mb-mp-e-form-071276,data/cifs/mb-mp-e-form-071276.cif,-1.5919919261111115,0.0
train,mb-mp-e-form-080126,data/cifs/mb-mp-e-form-080126.cif,-1.86818683006,0.0
train,mb-mp-e-form-046850,data/cifs/mb-mp-e-form-046850.cif,-0.6902574911111105,0.0
train,mb-mp-e-form-042365,data/cifs/mb-mp-e-form-042365.cif,-0.6091223735714278,0.0
train,mb-mp-e-form-088307,data/cifs/mb-mp-e-form-088307.cif,-2.096534681553572,0.0
train,mb-mp-e-form-046917,data/cifs/mb-mp-e-form-046917.cif,-0.7210270966666664,0.0
train,mb-mp-e-form-104022,data/cifs/mb-mp-e-form-104022.cif,-2.5074762366666667,0.0
train,mb-mp-e-form-000977,data/cifs/mb-mp-e-form-000977.cif,1.1104927684374997,0.0
train,mb-mp-e-form-082099,data/cifs/mb-mp-e-form-082099.cif,-1.9360179662829065,0.0
train,mb-mp-e-form-095665,data/cifs/mb-mp-e-form-095665.cif,-2.284489356575334,0.0
train,mb-mp-e-form-062760,data/cifs/mb-mp-e-form-062760.cif,-1.211937107045454,0.0
train,mb-mp-e-form-106062,data/cifs/mb-mp-e-form-106062.cif,-2.53309033468254,0.0
train,mb-mp-e-form-073502,data/cifs/mb-mp-e-form-073502.cif,-1.6663269552799995,0.0
train,mb-mp-e-form-050195,data/cifs/mb-mp-e-form-050195.cif,-0.7900975276190475,0.0
train,mb-mp-e-form-060390,data/cifs/mb-mp-e-form-060390.cif,-1.1263717493921426,0.0
train,mb-mp-e-form-128105,data/cifs/mb-mp-e-form-128105.cif,-3.34085223964442,0.0
train,mb-mp-e-form-016976,data/cifs/mb-mp-e-form-016976.cif,-0.108066296666666,0.0
train,mb-mp-e-form-058366,data/cifs/mb-mp-e-form-058366.cif,-1.0792658445312506,0.0
train,mb-mp-e-form-116230,data/cifs/mb-mp-e-form-116230.cif,-2.789627612928572,0.0
train,mb-mp-e-form-059658,data/cifs/mb-mp-e-form-059658.cif,-1.108205847222223,0.0
train,mb-mp-e-form-017096,data/cifs/mb-mp-e-form-017096.cif,-0.1069180762499995,0.0
train,mb-mp-e-form-031456,data/cifs/mb-mp-e-form-031456.cif,-0.4071129599107139,0.0
train,mb-mp-e-form-030617,data/cifs/mb-mp-e-form-030617.cif,-0.3788853466666673,0.0
train,mb-mp-e-form-104714,data/cifs/mb-mp-e-form-104714.cif,-2.4939018273788576,0.0
train,mb-mp-e-form-081988,data/cifs/mb-mp-e-form-081988.cif,-1.9190345686216663,0.0
train,mb-mp-e-form-106799,data/cifs/mb-mp-e-form-106799.cif,-2.568271521645407,0.0
train,mb-mp-e-form-098206,data/cifs/mb-mp-e-form-098206.cif,-2.370668154861109,0.0
train,mb-mp-e-form-121992,data/cifs/mb-mp-e-form-121992.cif,-3.023110591406001,0.0
train,mb-mp-e-form-129406,data/cifs/mb-mp-e-form-129406.cif,-3.4884724312492867,0.0
train,mb-mp-e-form-108289,data/cifs/mb-mp-e-form-108289.cif,-2.59168424475,0.0
train,mb-mp-e-form-058440,data/cifs/mb-mp-e-form-058440.cif,-1.0574349467857138,0.0
train,mb-mp-e-form-059508,data/cifs/mb-mp-e-form-059508.cif,-1.1095534821733335,0.0
train,mb-mp-e-form-076979,data/cifs/mb-mp-e-form-076979.cif,-1.806799376935,0.0
train,mb-mp-e-form-043530,data/cifs/mb-mp-e-form-043530.cif,-0.6293052185795457,0.0
train,mb-mp-e-form-100329,data/cifs/mb-mp-e-form-100329.cif,-2.4076030102083323,0.0
train,mb-mp-e-form-032314,data/cifs/mb-mp-e-form-032314.cif,-0.4228608125433332,0.0
train,mb-mp-e-form-129090,data/cifs/mb-mp-e-form-129090.cif,-3.457508463916666,0.0
train,mb-mp-e-form-102997,data/cifs/mb-mp-e-form-102997.cif,-2.4793857021452714,0.0
train,mb-mp-e-form-010219,data/cifs/mb-mp-e-form-010219.cif,0.0382955012499999,0.0
train,mb-mp-e-form-076498,data/cifs/mb-mp-e-form-076498.cif,-1.776389544941999,0.0
train,mb-mp-e-form-057936,data/cifs/mb-mp-e-form-057936.cif,-1.0535795393750007,0.0
train,mb-mp-e-form-075620,data/cifs/mb-mp-e-form-075620.cif,-1.7289681756250002,0.0
train,mb-mp-e-form-067706,data/cifs/mb-mp-e-form-067706.cif,-1.4516351281249993,0.0
train,mb-mp-e-form-037517,data/cifs/mb-mp-e-form-037517.cif,-0.5072058965277767,0.0
train,mb-mp-e-form-104375,data/cifs/mb-mp-e-form-104375.cif,-2.506867743171429,0.0
train,mb-mp-e-form-045438,data/cifs/mb-mp-e-form-045438.cif,-0.6616862648015874,0.0
train,mb-mp-e-form-068975,data/cifs/mb-mp-e-form-068975.cif,-1.5086960710594488,0.0
train,mb-mp-e-form-039555,data/cifs/mb-mp-e-form-039555.cif,-0.5466018788888883,0.0
train,mb-mp-e-form-032389,data/cifs/mb-mp-e-form-032389.cif,-0.4236515266666665,0.0
train,mb-mp-e-form-021061,data/cifs/mb-mp-e-form-021061.cif,-0.22246580875,0.0
train,mb-mp-e-form-061820,data/cifs/mb-mp-e-form-061820.cif,-1.1606510411899986,0.0
train,mb-mp-e-form-011393,data/cifs/mb-mp-e-form-011393.cif,0.0243282899999996,0.0
train,mb-mp-e-form-130626,data/cifs/mb-mp-e-form-130626.cif,-3.5322161498366675,0.0
train,mb-mp-e-form-001555,data/cifs/mb-mp-e-form-001555.cif,1.3771161506249996,0.0
train,mb-mp-e-form-027487,data/cifs/mb-mp-e-form-027487.cif,-0.3258163288437501,0.0
train,mb-mp-e-form-066991,data/cifs/mb-mp-e-form-066991.cif,-1.456757838937062,0.0
train,mb-mp-e-form-126196,data/cifs/mb-mp-e-form-126196.cif,-3.199561890427632,0.0
train,mb-mp-e-form-082894,data/cifs/mb-mp-e-form-082894.cif,-1.9489460428571428,0.0
train,mb-mp-e-form-130386,data/cifs/mb-mp-e-form-130386.cif,-3.5112065702926394,0.0
train,mb-mp-e-form-088490,data/cifs/mb-mp-e-form-088490.cif,-2.102602773347999,0.0
train,mb-mp-e-form-002253,data/cifs/mb-mp-e-form-002253.cif,0.9808228325000004,0.0
train,mb-mp-e-form-116134,data/cifs/mb-mp-e-form-116134.cif,-2.811803535,0.0
train,mb-mp-e-form-079986,data/cifs/mb-mp-e-form-079986.cif,-1.8689697728364283,0.0
train,mb-mp-e-form-085395,data/cifs/mb-mp-e-form-085395.cif,-2.0024824203333345,0.0
train,mb-mp-e-form-010350,data/cifs/mb-mp-e-form-010350.cif,0.03970470875,0.0
train,mb-mp-e-form-008207,data/cifs/mb-mp-e-form-008207.cif,0.1214544675,0.0
train,mb-mp-e-form-068053,data/cifs/mb-mp-e-form-068053.cif,-1.466144175052083,0.0
train,mb-mp-e-form-124229,data/cifs/mb-mp-e-form-124229.cif,-3.122789798557823,0.0
train,mb-mp-e-form-101898,data/cifs/mb-mp-e-form-101898.cif,-2.4518050115877776,0.0
train,mb-mp-e-form-011989,data/cifs/mb-mp-e-form-011989.cif,0.0073182240625,0.0
train,mb-mp-e-form-020116,data/cifs/mb-mp-e-form-020116.cif,-0.1901065737499999,0.0
train,mb-mp-e-form-042293,data/cifs/mb-mp-e-form-042293.cif,-0.6018544100000008,0.0
train,mb-mp-e-form-091137,data/cifs/mb-mp-e-form-091137.cif,-2.179804522833335,0.0
train,mb-mp-e-form-058667,data/cifs/mb-mp-e-form-058667.cif,-1.0488159353354165,0.0
train,mb-mp-e-form-083891,data/cifs/mb-mp-e-form-083891.cif,-1.981755926827816,0.0
train,mb-mp-e-form-003708,data/cifs/mb-mp-e-form-003708.cif,0.6549322375000006,0.0
train,mb-mp-e-form-110125,data/cifs/mb-mp-e-form-110125.cif,-2.617893039216628,0.0
train,mb-mp-e-form-014686,data/cifs/mb-mp-e-form-014686.cif,-0.0335170766666645,0.0
train,mb-mp-e-form-096555,data/cifs/mb-mp-e-form-096555.cif,-2.333912454455,0.0
train,mb-mp-e-form-130256,data/cifs/mb-mp-e-form-130256.cif,-3.5227868962500017,0.0
train,mb-mp-e-form-048347,data/cifs/mb-mp-e-form-048347.cif,-0.7535480361562505,0.0
train,mb-mp-e-form-065926,data/cifs/mb-mp-e-form-065926.cif,-1.3802079658928577,0.0
train,mb-mp-e-form-030979,data/cifs/mb-mp-e-form-030979.cif,-0.3947743017968754,0.0
train,mb-mp-e-form-091087,data/cifs/mb-mp-e-form-091087.cif,-2.1724200012500003,0.0
train,mb-mp-e-form-000181,data/cifs/mb-mp-e-form-000181.cif,1.57971050125,0.0
train,mb-mp-e-form-047264,data/cifs/mb-mp-e-form-047264.cif,-0.7120145430000008,0.0
train,mb-mp-e-form-079836,data/cifs/mb-mp-e-form-079836.cif,-1.869421182840908,0.0
train,mb-mp-e-form-060208,data/cifs/mb-mp-e-form-060208.cif,-1.1268491914252865,0.0
train,mb-mp-e-form-117727,data/cifs/mb-mp-e-form-117727.cif,-2.8303828729957887,0.0
train,mb-mp-e-form-101357,data/cifs/mb-mp-e-form-101357.cif,-2.4387762301492053,0.0
train,mb-mp-e-form-082455,data/cifs/mb-mp-e-form-082455.cif,-1.9212527166666653,0.0
train,mb-mp-e-form-034202,data/cifs/mb-mp-e-form-034202.cif,-0.447950899489321,0.0
train,mb-mp-e-form-034554,data/cifs/mb-mp-e-form-034554.cif,-0.4539732147499989,0.0
train,mb-mp-e-form-041782,data/cifs/mb-mp-e-form-041782.cif,-0.5873418337948153,0.0
train,mb-mp-e-form-064173,data/cifs/mb-mp-e-form-064173.cif,-1.3304015406435996,0.0
train,mb-mp-e-form-108731,data/cifs/mb-mp-e-form-108731.cif,-2.582181922024966,0.0
train,mb-mp-e-form-034392,data/cifs/mb-mp-e-form-034392.cif,-0.4623662895000002,0.0
train,mb-mp-e-form-041065,data/cifs/mb-mp-e-form-041065.cif,-0.5914825393478261,0.0
train,mb-mp-e-form-125900,data/cifs/mb-mp-e-form-125900.cif,-3.204628670750001,0.0
train,mb-mp-e-form-013714,data/cifs/mb-mp-e-form-013714.cif,-0.0253716087499995,0.0
train,mb-mp-e-form-006337,data/cifs/mb-mp-e-form-006337.cif,0.1846998064285716,0.0
train,mb-mp-e-form-045204,data/cifs/mb-mp-e-form-045204.cif,-0.6623420399999993,0.0
train,mb-mp-e-form-055103,data/cifs/mb-mp-e-form-055103.cif,-0.9568944377261904,0.0
train,mb-mp-e-form-022132,data/cifs/mb-mp-e-form-022132.cif,-0.2385198549999998,0.0
train,mb-mp-e-form-014157,data/cifs/mb-mp-e-form-014157.cif,-0.0441598689676183,0.0
train,mb-mp-e-form-120441,data/cifs/mb-mp-e-form-120441.cif,-2.932183998047272,0.0
train,mb-mp-e-form-091274,data/cifs/mb-mp-e-form-091274.cif,-2.1924120192893333,0.0
train,mb-mp-e-form-037174,data/cifs/mb-mp-e-form-037174.cif,-0.501926962024147,0.0
train,mb-mp-e-form-004314,data/cifs/mb-mp-e-form-004314.cif,0.3323986412499997,0.0
train,mb-mp-e-form-122531,data/cifs/mb-mp-e-form-122531.cif,-2.990700639285716,0.0
train,mb-mp-e-form-090514,data/cifs/mb-mp-e-form-090514.cif,-2.169766446020408,0.0
train,mb-mp-e-form-044492,data/cifs/mb-mp-e-form-044492.cif,-0.6564607430555556,0.0
train,mb-mp-e-form-075005,data/cifs/mb-mp-e-form-075005.cif,-1.7394203022916674,0.0
train,mb-mp-e-form-131386,data/cifs/mb-mp-e-form-131386.cif,-3.7482776848726673,0.0
train,mb-mp-e-form-026409,data/cifs/mb-mp-e-form-026409.cif,-0.3121731575000008,0.0
train,mb-mp-e-form-044382,data/cifs/mb-mp-e-form-044382.cif,-0.6453518268035054,0.0
train,mb-mp-e-form-092579,data/cifs/mb-mp-e-form-092579.cif,-2.220721917621527,0.0
train,mb-mp-e-form-123953,data/cifs/mb-mp-e-form-123953.cif,-3.1179397343589743,0.0
train,mb-mp-e-form-062251,data/cifs/mb-mp-e-form-062251.cif,-1.2073874810661769,0.0
train,mb-mp-e-form-129415,data/cifs/mb-mp-e-form-129415.cif,-3.411145525416667,0.0
train,mb-mp-e-form-056920,data/cifs/mb-mp-e-form-056920.cif,-1.0143787028566669,0.0
train,mb-mp-e-form-033030,data/cifs/mb-mp-e-form-033030.cif,-0.4354028619708332,0.0
train,mb-mp-e-form-077101,data/cifs/mb-mp-e-form-077101.cif,-1.802445730524725,0.0
train,mb-mp-e-form-066593,data/cifs/mb-mp-e-form-066593.cif,-1.3949772537240002,0.0
train,mb-mp-e-form-090434,data/cifs/mb-mp-e-form-090434.cif,-2.169547352727273,0.0
train,mb-mp-e-form-001105,data/cifs/mb-mp-e-form-001105.cif,1.1605984925,0.0
train,mb-mp-e-form-033189,data/cifs/mb-mp-e-form-033189.cif,-0.4282572518152084,0.0
train,mb-mp-e-form-040020,data/cifs/mb-mp-e-form-040020.cif,-0.5683227474999993,0.0
train,mb-mp-e-form-117097,data/cifs/mb-mp-e-form-117097.cif,-2.840927951031404,0.0
train,mb-mp-e-form-060955,data/cifs/mb-mp-e-form-060955.cif,-1.1706540156249998,0.0
train,mb-mp-e-form-032826,data/cifs/mb-mp-e-form-032826.cif,-0.4109754737500006,0.0
train,mb-mp-e-form-031173,data/cifs/mb-mp-e-form-031173.cif,-0.4061291964285719,0.0
train,mb-mp-e-form-081698,data/cifs/mb-mp-e-form-081698.cif,-1.9032785452742849,0.0
train,mb-mp-e-form-035919,data/cifs/mb-mp-e-form-035919.cif,-0.4905299264285716,0.0
train,mb-mp-e-form-007717,data/cifs/mb-mp-e-form-007717.cif,0.1393371816666662,0.0
train,mb-mp-e-form-078435,data/cifs/mb-mp-e-form-078435.cif,-1.8131339885652715,0.0
train,mb-mp-e-form-131761,data/cifs/mb-mp-e-form-131761.cif,-3.845824747500002,0.0
train,mb-mp-e-form-101150,data/cifs/mb-mp-e-form-101150.cif,-2.4322907546617576,0.0
train,mb-mp-e-form-008560,data/cifs/mb-mp-e-form-008560.cif,0.0935138999999998,0.0
train,mb-mp-e-form-102209,data/cifs/mb-mp-e-form-102209.cif,-2.463370158457792,0.0
train,mb-mp-e-form-107090,data/cifs/mb-mp-e-form-107090.cif,-2.561542379027778,0.0
train,mb-mp-e-form-115297,data/cifs/mb-mp-e-form-115297.cif,-2.7565966625657894,0.0
train,mb-mp-e-form-000214,data/cifs/mb-mp-e-form-000214.cif,1.84992866625,0.0
train,mb-mp-e-form-024097,data/cifs/mb-mp-e-form-024097.cif,-0.2756093270833335,0.0
train,mb-mp-e-form-051997,data/cifs/mb-mp-e-form-051997.cif,-0.8388340864285715,0.0
train,mb-mp-e-form-085342,data/cifs/mb-mp-e-form-085342.cif,-2.0262778548809526,0.0
train,mb-mp-e-form-054648,data/cifs/mb-mp-e-form-054648.cif,-0.930846096277778,0.0
train,mb-mp-e-form-128164,data/cifs/mb-mp-e-form-128164.cif,-3.3735123696908604,0.0
train,mb-mp-e-form-019817,data/cifs/mb-mp-e-form-019817.cif,-0.1679695172499997,0.0
train,mb-mp-e-form-099084,data/cifs/mb-mp-e-form-099084.cif,-2.395215181640625,0.0
train,mb-mp-e-form-125950,data/cifs/mb-mp-e-form-125950.cif,-3.1970758901041667,0.0
train,mb-mp-e-form-008928,data/cifs/mb-mp-e-form-008928.cif,0.0702774874999998,0.0
train,mb-mp-e-form-016481,data/cifs/mb-mp-e-form-016481.cif,-0.1060485073809521,0.0
train,mb-mp-e-form-034097,data/cifs/mb-mp-e-form-034097.cif,-0.4511182533333335,0.0
train,mb-mp-e-form-022062,data/cifs/mb-mp-e-form-022062.cif,-0.2319361804166664,0.0
train,mb-mp-e-form-070970,data/cifs/mb-mp-e-form-070970.cif,-1.586718871458335,0.0
train,mb-mp-e-form-068359,data/cifs/mb-mp-e-form-068359.cif,-1.4673280024999995,0.0
train,mb-mp-e-form-030553,data/cifs/mb-mp-e-form-030553.cif,-0.3754317896666659,0.0
train,mb-mp-e-form-107302,data/cifs/mb-mp-e-form-107302.cif,-2.5693006876870745,0.0
train,mb-mp-e-form-111720,data/cifs/mb-mp-e-form-111720.cif,-2.659493277548701,0.0
train,mb-mp-e-form-065715,data/cifs/mb-mp-e-form-065715.cif,-1.3656620515740738,0.0
train,mb-mp-e-form-048509,data/cifs/mb-mp-e-form-048509.cif,-0.7502738914635417,0.0
train,mb-mp-e-form-116496,data/cifs/mb-mp-e-form-116496.cif,-2.8176597372222223,0.0
train,mb-mp-e-form-061040,data/cifs/mb-mp-e-form-061040.cif,-1.1625668740747124,0.0
train,mb-mp-e-form-110386,data/cifs/mb-mp-e-form-110386.cif,-2.621307624,0.0
train,mb-mp-e-form-085357,data/cifs/mb-mp-e-form-085357.cif,-2.0263134539732137,0.0
train,mb-mp-e-form-002580,data/cifs/mb-mp-e-form-002580.cif,0.7411628518437496,0.0
train,mb-mp-e-form-057166,data/cifs/mb-mp-e-form-057166.cif,-1.0219013619236033,0.0
train,mb-mp-e-form-064558,data/cifs/mb-mp-e-form-064558.cif,-1.2997021678286638,0.0
train,mb-mp-e-form-009659,data/cifs/mb-mp-e-form-009659.cif,0.0686985049999995,0.0
train,mb-mp-e-form-079515,data/cifs/mb-mp-e-form-079515.cif,-1.845349925854156,0.0
train,mb-mp-e-form-094210,data/cifs/mb-mp-e-form-094210.cif,-2.277313919318182,0.0
train,mb-mp-e-form-088413,data/cifs/mb-mp-e-form-088413.cif,-2.0973321385157147,0.0
train,mb-mp-e-form-086429,data/cifs/mb-mp-e-form-086429.cif,-2.057211773892857,0.0
train,mb-mp-e-form-056753,data/cifs/mb-mp-e-form-056753.cif,-0.996181433362206,0.0
train,mb-mp-e-form-049844,data/cifs/mb-mp-e-form-049844.cif,-0.7821246662500005,0.0
train,mb-mp-e-form-081838,data/cifs/mb-mp-e-form-081838.cif,-1.9104123389062493,0.0
train,mb-mp-e-form-128517,data/cifs/mb-mp-e-form-128517.cif,-3.36091945275,0.0
train,mb-mp-e-form-093837,data/cifs/mb-mp-e-form-093837.cif,-2.259506011428571,0.0
train,mb-mp-e-form-131872,data/cifs/mb-mp-e-form-131872.cif,-4.024043385922964,0.0
train,mb-mp-e-form-094810,data/cifs/mb-mp-e-form-094810.cif,-2.2861017695,0.0
train,mb-mp-e-form-111516,data/cifs/mb-mp-e-form-111516.cif,-2.6503975991199,0.0
train,mb-mp-e-form-071565,data/cifs/mb-mp-e-form-071565.cif,-1.6073748029265873,0.0
train,mb-mp-e-form-094134,data/cifs/mb-mp-e-form-094134.cif,-2.25145319875,0.0
train,mb-mp-e-form-081314,data/cifs/mb-mp-e-form-081314.cif,-1.9028727981041675,0.0
train,mb-mp-e-form-050930,data/cifs/mb-mp-e-form-050930.cif,-0.8215214392447928,0.0
train,mb-mp-e-form-017900,data/cifs/mb-mp-e-form-017900.cif,-0.1125211643749999,0.0
train,mb-mp-e-form-125713,data/cifs/mb-mp-e-form-125713.cif,-3.15584138746,0.0
train,mb-mp-e-form-082402,data/cifs/mb-mp-e-form-082402.cif,-1.9357066469230768,0.0
train,mb-mp-e-form-061145,data/cifs/mb-mp-e-form-061145.cif,-1.1625591536545572,0.0
train,mb-mp-e-form-053985,data/cifs/mb-mp-e-form-053985.cif,-0.9182321244444446,0.0
train,mb-mp-e-form-070599,data/cifs/mb-mp-e-form-070599.cif,-1.5419204453124995,0.0
train,mb-mp-e-form-124915,data/cifs/mb-mp-e-form-124915.cif,-3.1755557711989795,0.0
train,mb-mp-e-form-074816,data/cifs/mb-mp-e-form-074816.cif,-1.709171150625,0.0
train,mb-mp-e-form-036497,data/cifs/mb-mp-e-form-036497.cif,-0.4922157079999998,0.0
train,mb-mp-e-form-130385,data/cifs/mb-mp-e-form-130385.cif,-3.6081299171995247,0.0
train,mb-mp-e-form-042015,data/cifs/mb-mp-e-form-042015.cif,-0.610254003,0.0
train,mb-mp-e-form-014502,data/cifs/mb-mp-e-form-014502.cif,-0.0330297149999996,0.0
train,mb-mp-e-form-053340,data/cifs/mb-mp-e-form-053340.cif,-0.88980048038206,0.0
train,mb-mp-e-form-047180,data/cifs/mb-mp-e-form-047180.cif,-0.7123915134099832,0.0
train,mb-mp-e-form-076125,data/cifs/mb-mp-e-form-076125.cif,-1.774708148403712,0.0
train,mb-mp-e-form-089168,data/cifs/mb-mp-e-form-089168.cif,-2.139807605937501,0.0
train,mb-mp-e-form-067282,data/cifs/mb-mp-e-form-067282.cif,-1.4557175329087482,0.0
train,mb-mp-e-form-096522,data/cifs/mb-mp-e-form-096522.cif,-2.32623916804945,0.0
train,mb-mp-e-form-114825,data/cifs/mb-mp-e-form-114825.cif,-2.759120224375,0.0
train,mb-mp-e-form-042919,data/cifs/mb-mp-e-form-042919.cif,-0.6392533682377781,0.0
train,mb-mp-e-form-023536,data/cifs/mb-mp-e-form-023536.cif,-0.2592055371562495,0.0
train,mb-mp-e-form-040754,data/cifs/mb-mp-e-form-040754.cif,-0.5776897080468748,0.0
train,mb-mp-e-form-115339,data/cifs/mb-mp-e-form-115339.cif,-2.769910290475833,0.0
train,mb-mp-e-form-088201,data/cifs/mb-mp-e-form-088201.cif,-2.1072463514814816,0.0
train,mb-mp-e-form-123845,data/cifs/mb-mp-e-form-123845.cif,-3.1008478257500007,0.0
train,mb-mp-e-form-066332,data/cifs/mb-mp-e-form-066332.cif,-1.4021690055192,0.0
train,mb-mp-e-form-048354,data/cifs/mb-mp-e-form-048354.cif,-0.7384685299999999,0.0
train,mb-mp-e-form-016742,data/cifs/mb-mp-e-form-016742.cif,-0.1053719558333335,0.0
train,mb-mp-e-form-060181,data/cifs/mb-mp-e-form-060181.cif,-1.1239968044172977,0.0
train,mb-mp-e-form-118443,data/cifs/mb-mp-e-form-118443.cif,-2.8775473648192778,0.0
train,mb-mp-e-form-051722,data/cifs/mb-mp-e-form-051722.cif,-0.8301407595258623,0.0
train,mb-mp-e-form-074471,data/cifs/mb-mp-e-form-074471.cif,-1.7020851570312503,0.0
train,mb-mp-e-form-120605,data/cifs/mb-mp-e-form-120605.cif,-2.9280420480512497,0.0
train,mb-mp-e-form-089640,data/cifs/mb-mp-e-form-089640.cif,-2.1435055001186654,0.0
train,mb-mp-e-form-114021,data/cifs/mb-mp-e-form-114021.cif,-2.7492575540277784,0.0
train,mb-mp-e-form-062416,data/cifs/mb-mp-e-form-062416.cif,-1.2027846806250002,0.0
train,mb-mp-e-form-106776,data/cifs/mb-mp-e-form-106776.cif,-2.5631099556250003,0.0
train,mb-mp-e-form-071318,data/cifs/mb-mp-e-form-071318.cif,-1.596621198,0.0
train,mb-mp-e-form-081525,data/cifs/mb-mp-e-form-081525.cif,-1.8867476866146664,0.0
train,mb-mp-e-form-116259,data/cifs/mb-mp-e-form-116259.cif,-2.80433422022365,0.0
train,mb-mp-e-form-126064,data/cifs/mb-mp-e-form-126064.cif,-3.2102238985602867,0.0
train,mb-mp-e-form-078488,data/cifs/mb-mp-e-form-078488.cif,-1.827210256577381,0.0
train,mb-mp-e-form-009922,data/cifs/mb-mp-e-form-009922.cif,0.0923141366666667,0.0
train,mb-mp-e-form-124275,data/cifs/mb-mp-e-form-124275.cif,-3.115151038124999,0.0
train,mb-mp-e-form-100983,data/cifs/mb-mp-e-form-100983.cif,-2.443297222932274,0.0
train,mb-mp-e-form-022673,data/cifs/mb-mp-e-form-022673.cif,-0.2452839879121435,0.0
train,mb-mp-e-form-068559,data/cifs/mb-mp-e-form-068559.cif,-1.464897489136172,0.0
train,mb-mp-e-form-029865,data/cifs/mb-mp-e-form-029865.cif,-0.3689315612499992,0.0
train,mb-mp-e-form-019484,data/cifs/mb-mp-e-form-019484.cif,-0.1679709705555549,0.0
train,mb-mp-e-form-051253,data/cifs/mb-mp-e-form-051253.cif,-0.8154921237499995,0.0
train,mb-mp-e-form-125577,data/cifs/mb-mp-e-form-125577.cif,-3.134000855754737,0.0
train,mb-mp-e-form-044587,data/cifs/mb-mp-e-form-044587.cif,-0.6403534602036643,0.0
train,mb-mp-e-form-032492,data/cifs/mb-mp-e-form-032492.cif,-0.4094435893750017,0.0
train,mb-mp-e-form-034127,data/cifs/mb-mp-e-form-034127.cif,-0.4519685612500002,0.0
train,mb-mp-e-form-125539,data/cifs/mb-mp-e-form-125539.cif,-3.1374678624330343,0.0
train,mb-mp-e-form-071076,data/cifs/mb-mp-e-form-071076.cif,-1.5859489310768744,0.0
train,mb-mp-e-form-128645,data/cifs/mb-mp-e-form-128645.cif,-3.369262130218752,0.0
train,mb-mp-e-form-058363,data/cifs/mb-mp-e-form-058363.cif,-1.0784341944935711,0.0
train,mb-mp-e-form-082284,data/cifs/mb-mp-e-form-082284.cif,-1.9364022762228263,0.0
train,mb-mp-e-form-108268,data/cifs/mb-mp-e-form-108268.cif,-2.5791914195604404,0.0
train,mb-mp-e-form-084631,data/cifs/mb-mp-e-form-084631.cif,-1.997629929375,0.0
train,mb-mp-e-form-122770,data/cifs/mb-mp-e-form-122770.cif,-3.0297444455208336,0.0
train,mb-mp-e-form-090478,data/cifs/mb-mp-e-form-090478.cif,-2.15574519649,0.0
train,mb-mp-e-form-130787,data/cifs/mb-mp-e-form-130787.cif,-3.734909186750001,0.0
train,mb-mp-e-form-035037,data/cifs/mb-mp-e-form-035037.cif,-0.4629099475,0.0
train,mb-mp-e-form-039493,data/cifs/mb-mp-e-form-039493.cif,-0.5423956983333333,0.0
train,mb-mp-e-form-061664,data/cifs/mb-mp-e-form-061664.cif,-1.1688651611774437,0.0
train,mb-mp-e-form-131663,data/cifs/mb-mp-e-form-131663.cif,-3.6553492486607135,0.0
train,mb-mp-e-form-029586,data/cifs/mb-mp-e-form-029586.cif,-0.3606672361979163,0.0
train,mb-mp-e-form-099437,data/cifs/mb-mp-e-form-099437.cif,-2.3876084288214288,0.0
train,mb-mp-e-form-094412,data/cifs/mb-mp-e-form-094412.cif,-2.2736798885480014,0.0
train,mb-mp-e-form-036174,data/cifs/mb-mp-e-form-036174.cif,-0.4812662762347731,0.0
train,mb-mp-e-form-117088,data/cifs/mb-mp-e-form-117088.cif,-2.828300743919411,0.0
train,mb-mp-e-form-027089,data/cifs/mb-mp-e-form-027089.cif,-0.3323718825000004,0.0
train,mb-mp-e-form-060337,data/cifs/mb-mp-e-form-060337.cif,-1.1182366934166663,0.0
train,mb-mp-e-form-111795,data/cifs/mb-mp-e-form-111795.cif,-2.6917956397338703,0.0
train,mb-mp-e-form-124564,data/cifs/mb-mp-e-form-124564.cif,-3.09145865515873,0.0
train,mb-mp-e-form-103089,data/cifs/mb-mp-e-form-103089.cif,-2.4761875099999995,0.0
train,mb-mp-e-form-079475,data/cifs/mb-mp-e-form-079475.cif,-1.8496052481250005,0.0
train,mb-mp-e-form-018352,data/cifs/mb-mp-e-form-018352.cif,-0.1357766249999995,0.0
train,mb-mp-e-form-067359,data/cifs/mb-mp-e-form-067359.cif,-1.4457654237500002,0.0
train,mb-mp-e-form-090855,data/cifs/mb-mp-e-form-090855.cif,-2.185200388575,0.0
train,mb-mp-e-form-075274,data/cifs/mb-mp-e-form-075274.cif,-1.7246041623214288,0.0
train,mb-mp-e-form-096042,data/cifs/mb-mp-e-form-096042.cif,-2.334232773749998,0.0
train,mb-mp-e-form-104475,data/cifs/mb-mp-e-form-104475.cif,-2.5028893946059108,0.0
train,mb-mp-e-form-101742,data/cifs/mb-mp-e-form-101742.cif,-2.4303112723958336,0.0
train,mb-mp-e-form-110235,data/cifs/mb-mp-e-form-110235.cif,-2.618078890340909,0.0
train,mb-mp-e-form-080209,data/cifs/mb-mp-e-form-080209.cif,-1.8637867909975,0.0
train,mb-mp-e-form-093735,data/cifs/mb-mp-e-form-093735.cif,-2.230965904750001,0.0
train,mb-mp-e-form-070267,data/cifs/mb-mp-e-form-070267.cif,-1.5604114981249992,0.0
train,mb-mp-e-form-132026,data/cifs/mb-mp-e-form-132026.cif,-4.075379386376251,0.0
train,mb-mp-e-form-114263,data/cifs/mb-mp-e-form-114263.cif,-2.7307601230833343,0.0
train,mb-mp-e-form-100943,data/cifs/mb-mp-e-form-100943.cif,-2.439712993522728,0.0
train,mb-mp-e-form-111669,data/cifs/mb-mp-e-form-111669.cif,-2.653172740823333,0.0
train,mb-mp-e-form-050878,data/cifs/mb-mp-e-form-050878.cif,-0.8019004877799993,0.0
train,mb-mp-e-form-016645,data/cifs/mb-mp-e-form-016645.cif,-0.0829169357500006,0.0
train,mb-mp-e-form-052547,data/cifs/mb-mp-e-form-052547.cif,-0.8581465472988504,0.0
train,mb-mp-e-form-009641,data/cifs/mb-mp-e-form-009641.cif,0.0899786099999992,0.0
train,mb-mp-e-form-034979,data/cifs/mb-mp-e-form-034979.cif,-0.4679771966666656,0.0
train,mb-mp-e-form-081950,data/cifs/mb-mp-e-form-081950.cif,-1.937457711221,0.0
train,mb-mp-e-form-003007,data/cifs/mb-mp-e-form-003007.cif,0.5660297693229168,0.0
train,mb-mp-e-form-009089,data/cifs/mb-mp-e-form-009089.cif,0.0787710616875001,0.0
train,mb-mp-e-form-003606,data/cifs/mb-mp-e-form-003606.cif,0.5056360490000003,0.0
train,mb-mp-e-form-129611,data/cifs/mb-mp-e-form-129611.cif,-3.413087949291126,0.0
train,mb-mp-e-form-116188,data/cifs/mb-mp-e-form-116188.cif,-2.8109886097916665,0.0
train,mb-mp-e-form-045503,data/cifs/mb-mp-e-form-045503.cif,-0.6662241076666667,0.0
train,mb-mp-e-form-104598,data/cifs/mb-mp-e-form-104598.cif,-2.487405047950286,0.0
train,mb-mp-e-form-019632,data/cifs/mb-mp-e-form-019632.cif,-0.1633324824999995,0.0
train,mb-mp-e-form-022317,data/cifs/mb-mp-e-form-022317.cif,-0.2361070441666667,0.0
train,mb-mp-e-form-030210,data/cifs/mb-mp-e-form-030210.cif,-0.3871152601953129,0.0
train,mb-mp-e-form-126757,data/cifs/mb-mp-e-form-126757.cif,-3.253568437453703,0.0
train,mb-mp-e-form-081637,data/cifs/mb-mp-e-form-081637.cif,-1.8925448554227944,0.0
train,mb-mp-e-form-113726,data/cifs/mb-mp-e-form-113726.cif,-2.701704798103361,0.0
train,mb-mp-e-form-007693,data/cifs/mb-mp-e-form-007693.cif,0.1557414099999999,0.0
train,mb-mp-e-form-125978,data/cifs/mb-mp-e-form-125978.cif,-3.1902490580625,0.0
train,mb-mp-e-form-042856,data/cifs/mb-mp-e-form-042856.cif,-0.6060434885714283,0.0
train,mb-mp-e-form-001489,data/cifs/mb-mp-e-form-001489.cif,1.1430341016666667,0.0
train,mb-mp-e-form-006603,data/cifs/mb-mp-e-form-006603.cif,0.2117877537499999,0.0
train,mb-mp-e-form-098608,data/cifs/mb-mp-e-form-098608.cif,-2.373654717113096,0.0
train,mb-mp-e-form-012131,data/cifs/mb-mp-e-form-012131.cif,0.0006515916666665,0.0
train,mb-mp-e-form-055477,data/cifs/mb-mp-e-form-055477.cif,-0.9473371291145832,0.0
train,mb-mp-e-form-016052,data/cifs/mb-mp-e-form-016052.cif,-0.0850805125000005,0.0
train,mb-mp-e-form-086630,data/cifs/mb-mp-e-form-086630.cif,-2.0368171764285714,0.0
train,mb-mp-e-form-047319,data/cifs/mb-mp-e-form-047319.cif,-0.7076247742187496,0.0
train,mb-mp-e-form-022957,data/cifs/mb-mp-e-form-022957.cif,-0.2664851292857152,0.0
train,mb-mp-e-form-078378,data/cifs/mb-mp-e-form-078378.cif,-1.8324708635500009,0.0
train,mb-mp-e-form-001236,data/cifs/mb-mp-e-form-001236.cif,1.1766017575000003,0.0
train,mb-mp-e-form-094460,data/cifs/mb-mp-e-form-094460.cif,-2.2740573229976464,0.0
train,mb-mp-e-form-109695,data/cifs/mb-mp-e-form-109695.cif,-2.6098446953031105,0.0
train,mb-mp-e-form-079038,data/cifs/mb-mp-e-form-079038.cif,-1.8565102741225,0.0
train,mb-mp-e-form-085413,data/cifs/mb-mp-e-form-085413.cif,-2.007120231120641,0.0
train,mb-mp-e-form-042196,data/cifs/mb-mp-e-form-042196.cif,-0.6071496776851851,0.0
train,mb-mp-e-form-049311,data/cifs/mb-mp-e-form-049311.cif,-0.7671333028571427,0.0
train,mb-mp-e-form-095136,data/cifs/mb-mp-e-form-095136.cif,-2.2974642620867347,0.0
train,mb-mp-e-form-065813,data/cifs/mb-mp-e-form-065813.cif,-1.3350346320312507,0.0
train,mb-mp-e-form-002272,data/cifs/mb-mp-e-form-002272.cif,0.7954299833928573,0.0
train,mb-mp-e-form-080713,data/cifs/mb-mp-e-form-080713.cif,-1.875747125267857,0.0
train,mb-mp-e-form-060632,data/cifs/mb-mp-e-form-060632.cif,-1.1417572038709682,0.0
train,mb-mp-e-form-039371,data/cifs/mb-mp-e-form-039371.cif,-0.5486811892968753,0.0
train,mb-mp-e-form-104836,data/cifs/mb-mp-e-form-104836.cif,-2.5242753707142844,0.0
train,mb-mp-e-form-075690,data/cifs/mb-mp-e-form-075690.cif,-1.738271529354286,0.0
train,mb-mp-e-form-127035,data/cifs/mb-mp-e-form-127035.cif,-3.2522646517500005,0.0
train,mb-mp-e-form-001300,data/cifs/mb-mp-e-form-001300.cif,1.41835642875,0.0
train,mb-mp-e-form-045064,data/cifs/mb-mp-e-form-045064.cif,-0.6650128449999997,0.0
train,mb-mp-e-form-076316,data/cifs/mb-mp-e-form-076316.cif,-1.7655978066071418,0.0
train,mb-mp-e-form-002248,data/cifs/mb-mp-e-form-002248.cif,0.9896059870833332,0.0
train,mb-mp-e-form-122706,data/cifs/mb-mp-e-form-122706.cif,-3.004257842045366,0.0
train,mb-mp-e-form-065326,data/cifs/mb-mp-e-form-065326.cif,-1.3337602722580002,0.0
train,mb-mp-e-form-055801,data/cifs/mb-mp-e-form-055801.cif,-0.9552399968571428,0.0
train,mb-mp-e-form-108932,data/cifs/mb-mp-e-form-108932.cif,-2.595532271725882,0.0
train,mb-mp-e-form-063973,data/cifs/mb-mp-e-form-063973.cif,-1.3205258139678162,0.0
train,mb-mp-e-form-106962,data/cifs/mb-mp-e-form-106962.cif,-2.555469643331,0.0
train,mb-mp-e-form-037772,data/cifs/mb-mp-e-form-037772.cif,-0.5110376912500003,0.0
train,mb-mp-e-form-120017,data/cifs/mb-mp-e-form-120017.cif,-2.930640233177084,0.0
train,mb-mp-e-form-019545,data/cifs/mb-mp-e-form-019545.cif,-0.1826144178260869,0.0
train,mb-mp-e-form-029106,data/cifs/mb-mp-e-form-029106.cif,-0.3636443787499992,0.0
train,mb-mp-e-form-065143,data/cifs/mb-mp-e-form-065143.cif,-1.3686379283072323,0.0
train,mb-mp-e-form-047942,data/cifs/mb-mp-e-form-047942.cif,-0.7402022814830764,0.0
train,mb-mp-e-form-124696,data/cifs/mb-mp-e-form-124696.cif,-3.1173869920099992,0.0
train,mb-mp-e-form-061952,data/cifs/mb-mp-e-form-061952.cif,-1.2338992084821432,0.0
train,mb-mp-e-form-130004,data/cifs/mb-mp-e-form-130004.cif,-3.6199622137500014,0.0
train,mb-mp-e-form-076989,data/cifs/mb-mp-e-form-076989.cif,-1.7991336419349988,0.0
train,mb-mp-e-form-072758,data/cifs/mb-mp-e-form-072758.cif,-1.6361475266616676,0.0
train,mb-mp-e-form-103566,data/cifs/mb-mp-e-form-103566.cif,-2.4733646552179764,0.0
train,mb-mp-e-form-038092,data/cifs/mb-mp-e-form-038092.cif,-0.52104676625,0.0
train,mb-mp-e-form-119608,data/cifs/mb-mp-e-form-119608.cif,-2.894069768810372,0.0
train,mb-mp-e-form-100401,data/cifs/mb-mp-e-form-100401.cif,-2.4131522617346937,0.0
train,mb-mp-e-form-037791,data/cifs/mb-mp-e-form-037791.cif,-0.5157991289700004,0.0
train,mb-mp-e-form-018250,data/cifs/mb-mp-e-form-018250.cif,-0.1413565644444444,0.0
train,mb-mp-e-form-003906,data/cifs/mb-mp-e-form-003906.cif,0.4999632947916668,0.0
train,mb-mp-e-form-007310,data/cifs/mb-mp-e-form-007310.cif,0.1471057445454542,0.0
train,mb-mp-e-form-126861,data/cifs/mb-mp-e-form-126861.cif,-3.2982648227500007,0.0
train,mb-mp-e-form-129992,data/cifs/mb-mp-e-form-129992.cif,-3.5977374954513888,0.0
train,mb-mp-e-form-130460,data/cifs/mb-mp-e-form-130460.cif,-3.575601485336078,0.0
train,mb-mp-e-form-038921,data/cifs/mb-mp-e-form-038921.cif,-0.5417594980468756,0.0
train,mb-mp-e-form-002595,data/cifs/mb-mp-e-form-002595.cif,0.946898597,0.0
train,mb-mp-e-form-107014,data/cifs/mb-mp-e-form-107014.cif,-2.563717299683907,0.0
train,mb-mp-e-form-124139,data/cifs/mb-mp-e-form-124139.cif,-3.100640827575,0.0
train,mb-mp-e-form-080687,data/cifs/mb-mp-e-form-080687.cif,-1.8663524773684208,0.0
train,mb-mp-e-form-093762,data/cifs/mb-mp-e-form-093762.cif,-2.24658990725,0.0
train,mb-mp-e-form-060918,data/cifs/mb-mp-e-form-060918.cif,-1.1594055,0.0
train,mb-mp-e-form-013373,data/cifs/mb-mp-e-form-013373.cif,-0.0162645224999999,0.0
train,mb-mp-e-form-018811,data/cifs/mb-mp-e-form-018811.cif,-0.1465280528420827,0.0
train,mb-mp-e-form-069730,data/cifs/mb-mp-e-form-069730.cif,-1.5229323367063898,0.0
train,mb-mp-e-form-112268,data/cifs/mb-mp-e-form-112268.cif,-2.67825978025,0.0
train,mb-mp-e-form-030221,data/cifs/mb-mp-e-form-030221.cif,-0.3839342116284996,0.0
train,mb-mp-e-form-010901,data/cifs/mb-mp-e-form-010901.cif,0.0394656124999999,0.0
train,mb-mp-e-form-037358,data/cifs/mb-mp-e-form-037358.cif,-0.5018376586718754,0.0
train,mb-mp-e-form-015731,data/cifs/mb-mp-e-form-015731.cif,-0.0671006951190473,0.0
train,mb-mp-e-form-123830,data/cifs/mb-mp-e-form-123830.cif,-3.0780996203645827,0.0
train,mb-mp-e-form-053758,data/cifs/mb-mp-e-form-053758.cif,-0.8976271433163638,0.0
train,mb-mp-e-form-069149,data/cifs/mb-mp-e-form-069149.cif,-1.516126220568181,0.0
train,mb-mp-e-form-030876,data/cifs/mb-mp-e-form-030876.cif,-0.3776827799999998,0.0
train,mb-mp-e-form-084262,data/cifs/mb-mp-e-form-084262.cif,-1.996431384999999,0.0
train,mb-mp-e-form-069706,data/cifs/mb-mp-e-form-069706.cif,-1.527890339593303,0.0
train,mb-mp-e-form-013878,data/cifs/mb-mp-e-form-013878.cif,-0.0087360099999997,0.0
train,mb-mp-e-form-044369,data/cifs/mb-mp-e-form-044369.cif,-0.6596083135714293,0.0
train,mb-mp-e-form-073618,data/cifs/mb-mp-e-form-073618.cif,-1.66774231037037,0.0
train,mb-mp-e-form-103464,data/cifs/mb-mp-e-form-103464.cif,-2.468118950667294,0.0
train,mb-mp-e-form-092103,data/cifs/mb-mp-e-form-092103.cif,-2.2133377221874992,0.0
train,mb-mp-e-form-058435,data/cifs/mb-mp-e-form-058435.cif,-1.0644495775000005,0.0
train,mb-mp-e-form-068573,data/cifs/mb-mp-e-form-068573.cif,-1.4863250881785717,0.0
train,mb-mp-e-form-105015,data/cifs/mb-mp-e-form-105015.cif,-2.507971075401399,0.0
train,mb-mp-e-form-046688,data/cifs/mb-mp-e-form-046688.cif,-0.6967346224603167,0.0
train,mb-mp-e-form-121614,data/cifs/mb-mp-e-form-121614.cif,-2.95632965746,0.0
train,mb-mp-e-form-092467,data/cifs/mb-mp-e-form-092467.cif,-2.2237133033588896,0.0
train,mb-mp-e-form-082519,data/cifs/mb-mp-e-form-082519.cif,-1.922418185783889,0.0
train,mb-mp-e-form-046133,data/cifs/mb-mp-e-form-046133.cif,-0.6865320952935609,0.0
train,mb-mp-e-form-049680,data/cifs/mb-mp-e-form-049680.cif,-0.7591540005066669,0.0
train,mb-mp-e-form-080625,data/cifs/mb-mp-e-form-080625.cif,-1.8660993231250005,0.0
train,mb-mp-e-form-024038,data/cifs/mb-mp-e-form-024038.cif,-0.2779718645428124,0.0
train,mb-mp-e-form-096132,data/cifs/mb-mp-e-form-096132.cif,-2.3307310907031265,0.0
train,mb-mp-e-form-100221,data/cifs/mb-mp-e-form-100221.cif,-2.4110164129136136,0.0
train,mb-mp-e-form-078086,data/cifs/mb-mp-e-form-078086.cif,-1.8218332072475,0.0
train,mb-mp-e-form-074074,data/cifs/mb-mp-e-form-074074.cif,-1.6982357467500002,0.0
train,mb-mp-e-form-037089,data/cifs/mb-mp-e-form-037089.cif,-0.5041250575000014,0.0
train,mb-mp-e-form-014154,data/cifs/mb-mp-e-form-014154.cif,-0.0326543834999999,0.0
train,mb-mp-e-form-018422,data/cifs/mb-mp-e-form-018422.cif,-0.1530114625000003,0.0
train,mb-mp-e-form-079395,data/cifs/mb-mp-e-form-079395.cif,-1.839898315815,0.0
train,mb-mp-e-form-113899,data/cifs/mb-mp-e-form-113899.cif,-2.7431120224206347,0.0
train,mb-mp-e-form-046748,data/cifs/mb-mp-e-form-046748.cif,-0.6884235486471852,0.0
train,mb-mp-e-form-034057,data/cifs/mb-mp-e-form-034057.cif,-0.4592272190000001,0.0
train,mb-mp-e-form-028978,data/cifs/mb-mp-e-form-028978.cif,-0.3694541109999996,0.0
train,mb-mp-e-form-118298,data/cifs/mb-mp-e-form-118298.cif,-2.877503518003246,0.0
train,mb-mp-e-form-057351,data/cifs/mb-mp-e-form-057351.cif,-1.0176116583928585,0.0
train,mb-mp-e-form-003930,data/cifs/mb-mp-e-form-003930.cif,0.3604221588099996,0.0
train,mb-mp-e-form-006471,data/cifs/mb-mp-e-form-006471.cif,0.1661465967266681,0.0
train,mb-mp-e-form-039677,data/cifs/mb-mp-e-form-039677.cif,-0.538419270680937,0.0
train,mb-mp-e-form-131426,data/cifs/mb-mp-e-form-131426.cif,-3.672826807613636,0.0
train,mb-mp-e-form-111529,data/cifs/mb-mp-e-form-111529.cif,-2.6643032543668834,0.0
train,mb-mp-e-form-086845,data/cifs/mb-mp-e-form-086845.cif,-2.0851070053571426,0.0
train,mb-mp-e-form-008246,data/cifs/mb-mp-e-form-008246.cif,0.1128501341666664,0.0
train,mb-mp-e-form-073712,data/cifs/mb-mp-e-form-073712.cif,-1.6715065887499998,0.0
train,mb-mp-e-form-073483,data/cifs/mb-mp-e-form-073483.cif,-1.6772334184166664,0.0
train,mb-mp-e-form-012998,data/cifs/mb-mp-e-form-012998.cif,-0.0196488753124997,0.0
train,mb-mp-e-form-072476,data/cifs/mb-mp-e-form-072476.cif,-1.6123708226233326,0.0
train,mb-mp-e-form-076051,data/cifs/mb-mp-e-form-076051.cif,-1.765580742083334,0.0
train,mb-mp-e-form-094246,data/cifs/mb-mp-e-form-094246.cif,-2.269849293749999,0.0
train,mb-mp-e-form-047886,data/cifs/mb-mp-e-form-047886.cif,-0.7101552568816665,0.0
train,mb-mp-e-form-025102,data/cifs/mb-mp-e-form-025102.cif,-0.3032611812499999,0.0
train,mb-mp-e-form-102511,data/cifs/mb-mp-e-form-102511.cif,-2.463746412115384,0.0
train,mb-mp-e-form-004221,data/cifs/mb-mp-e-form-004221.cif,0.3754482352283335,0.0
train,mb-mp-e-form-072242,data/cifs/mb-mp-e-form-072242.cif,-1.6186424711250005,0.0
train,mb-mp-e-form-085708,data/cifs/mb-mp-e-form-085708.cif,-2.014960015818334,0.0
train,mb-mp-e-form-027974,data/cifs/mb-mp-e-form-027974.cif,-0.3494374717968753,0.0
train,mb-mp-e-form-118669,data/cifs/mb-mp-e-form-118669.cif,-2.87779803371,0.0
train,mb-mp-e-form-047210,data/cifs/mb-mp-e-form-047210.cif,-0.7082989857894733,0.0
train,mb-mp-e-form-082873,data/cifs/mb-mp-e-form-082873.cif,-1.9422761981785728,0.0
train,mb-mp-e-form-024386,data/cifs/mb-mp-e-form-024386.cif,-0.2777131333333334,0.0
train,mb-mp-e-form-017129,data/cifs/mb-mp-e-form-017129.cif,-0.1217256762500005,0.0
train,mb-mp-e-form-097536,data/cifs/mb-mp-e-form-097536.cif,-2.355988340031667,0.0
train,mb-mp-e-form-033744,data/cifs/mb-mp-e-form-033744.cif,-0.4384864002844829,0.0
train,mb-mp-e-form-092376,data/cifs/mb-mp-e-form-092376.cif,-2.2136402475137373,0.0
train,mb-mp-e-form-049092,data/cifs/mb-mp-e-form-049092.cif,-0.7779505397619046,0.0
train,mb-mp-e-form-069444,data/cifs/mb-mp-e-form-069444.cif,-1.5250416321973794,0.0
train,mb-mp-e-form-123200,data/cifs/mb-mp-e-form-123200.cif,-3.065332740250001,0.0
train,mb-mp-e-form-028304,data/cifs/mb-mp-e-form-028304.cif,-0.3431807670553849,0.0
train,mb-mp-e-form-040810,data/cifs/mb-mp-e-form-040810.cif,-0.5667449074999995,0.0
train,mb-mp-e-form-118905,data/cifs/mb-mp-e-form-118905.cif,-2.892236906855469,0.0
train,mb-mp-e-form-074319,data/cifs/mb-mp-e-form-074319.cif,-1.682219222692308,0.0
train,mb-mp-e-form-003398,data/cifs/mb-mp-e-form-003398.cif,0.5207007858333332,0.0
train,mb-mp-e-form-002437,data/cifs/mb-mp-e-form-002437.cif,0.7710118662499998,0.0
train,mb-mp-e-form-092469,data/cifs/mb-mp-e-form-092469.cif,-2.206449776368889,0.0
train,mb-mp-e-form-122776,data/cifs/mb-mp-e-form-122776.cif,-3.0405492696093748,0.0
train,mb-mp-e-form-013298,data/cifs/mb-mp-e-form-013298.cif,-0.0248770963999997,0.0
train,mb-mp-e-form-041354,data/cifs/mb-mp-e-form-041354.cif,-0.5925738171428573,0.0
train,mb-mp-e-form-113441,data/cifs/mb-mp-e-form-113441.cif,-2.705504339266529,0.0
train,mb-mp-e-form-075703,data/cifs/mb-mp-e-form-075703.cif,-1.7342901309374996,0.0
train,mb-mp-e-form-071148,data/cifs/mb-mp-e-form-071148.cif,-1.600984274891614,0.0
train,mb-mp-e-form-037671,data/cifs/mb-mp-e-form-037671.cif,-0.5128745372263258,0.0
train,mb-mp-e-form-072284,data/cifs/mb-mp-e-form-072284.cif,-1.6307670961900005,0.0
train,mb-mp-e-form-030273,data/cifs/mb-mp-e-form-030273.cif,-0.3788883132758626,0.0
train,mb-mp-e-form-052383,data/cifs/mb-mp-e-form-052383.cif,-0.866916416666666,0.0
train,mb-mp-e-form-088147,data/cifs/mb-mp-e-form-088147.cif,-2.097077964999999,0.0
train,mb-mp-e-form-052080,data/cifs/mb-mp-e-form-052080.cif,-0.8557287924021425,0.0
train,mb-mp-e-form-009741,data/cifs/mb-mp-e-form-009741.cif,0.0757993846153844,0.0
train,mb-mp-e-form-022149,data/cifs/mb-mp-e-form-022149.cif,-0.2448348887499998,0.0
train,mb-mp-e-form-117580,data/cifs/mb-mp-e-form-117580.cif,-2.8381210186458325,0.0
train,mb-mp-e-form-059810,data/cifs/mb-mp-e-form-059810.cif,-1.115216620833334,0.0
train,mb-mp-e-form-016387,data/cifs/mb-mp-e-form-016387.cif,-0.0959574976923074,0.0
train,mb-mp-e-form-081751,data/cifs/mb-mp-e-form-081751.cif,-1.9039417434879995,0.0
train,mb-mp-e-form-067258,data/cifs/mb-mp-e-form-067258.cif,-1.4224099548757765,0.0
train,mb-mp-e-form-104604,data/cifs/mb-mp-e-form-104604.cif,-2.507072435223517,0.0
train,mb-mp-e-form-091727,data/cifs/mb-mp-e-form-091727.cif,-2.1790513966281986,0.0
train,mb-mp-e-form-041509,data/cifs/mb-mp-e-form-041509.cif,-0.594125442,0.0
train,mb-mp-e-form-032502,data/cifs/mb-mp-e-form-032502.cif,-0.4249430474999993,0.0
train,mb-mp-e-form-038980,data/cifs/mb-mp-e-form-038980.cif,-0.5428107757500001,0.0
train,mb-mp-e-form-098498,data/cifs/mb-mp-e-form-098498.cif,-2.36510700625,0.0
train,mb-mp-e-form-011289,data/cifs/mb-mp-e-form-011289.cif,0.0261648199999999,0.0
train,mb-mp-e-form-017802,data/cifs/mb-mp-e-form-017802.cif,-0.1093981612905004,0.0
train,mb-mp-e-form-030980,data/cifs/mb-mp-e-form-030980.cif,-0.4065301377083328,0.0
train,mb-mp-e-form-077709,data/cifs/mb-mp-e-form-077709.cif,-1.808470188714285,0.0
train,mb-mp-e-form-065396,data/cifs/mb-mp-e-form-065396.cif,-1.3434250815004762,0.0
train,mb-mp-e-form-051275,data/cifs/mb-mp-e-form-051275.cif,-0.8143526307142852,0.0
train,mb-mp-e-form-032863,data/cifs/mb-mp-e-form-032863.cif,-0.4225434685714287,0.0
train,mb-mp-e-form-076204,data/cifs/mb-mp-e-form-076204.cif,-1.7525208607692302,0.0
train,mb-mp-e-form-037408,data/cifs/mb-mp-e-form-037408.cif,-0.510906966666667,0.0
train,mb-mp-e-form-088651,data/cifs/mb-mp-e-form-088651.cif,-2.1034486392383323,0.0
train,mb-mp-e-form-125896,data/cifs/mb-mp-e-form-125896.cif,-3.2003771777499983,0.0
train,mb-mp-e-form-002636,data/cifs/mb-mp-e-form-002636.cif,0.75258788273,0.0
train,mb-mp-e-form-025527,data/cifs/mb-mp-e-form-025527.cif,-0.2980560571428573,0.0
train,mb-mp-e-form-052576,data/cifs/mb-mp-e-form-052576.cif,-0.8442328649999998,0.0
train,mb-mp-e-form-097777,data/cifs/mb-mp-e-form-097777.cif,-2.358000716271552,0.0
train,mb-mp-e-form-030088,data/cifs/mb-mp-e-form-030088.cif,-0.3777242524999993,0.0
train,mb-mp-e-form-037415,data/cifs/mb-mp-e-form-037415.cif,-0.4993834717782742,0.0
train,mb-mp-e-form-112907,data/cifs/mb-mp-e-form-112907.cif,-2.697651768010741,0.0
train,mb-mp-e-form-129624,data/cifs/mb-mp-e-form-129624.cif,-3.4331820912673607,0.0
train,mb-mp-e-form-122516,data/cifs/mb-mp-e-form-122516.cif,-3.002421758125,0.0
train,mb-mp-e-form-013646,data/cifs/mb-mp-e-form-013646.cif,-0.0132743225,0.0
train,mb-mp-e-form-042790,data/cifs/mb-mp-e-form-042790.cif,-0.6032670038425918,0.0
train,mb-mp-e-form-119947,data/cifs/mb-mp-e-form-119947.cif,-2.939612058203125,0.0
train,mb-mp-e-form-054773,data/cifs/mb-mp-e-form-054773.cif,-0.9141253727849996,0.0
train,mb-mp-e-form-046741,data/cifs/mb-mp-e-form-046741.cif,-0.6997440936363636,0.0
train,mb-mp-e-form-119478,data/cifs/mb-mp-e-form-119478.cif,-2.910498447275333,0.0
train,mb-mp-e-form-044615,data/cifs/mb-mp-e-form-044615.cif,-0.6468680211111114,0.0
train,mb-mp-e-form-090059,data/cifs/mb-mp-e-form-090059.cif,-2.1688508736960466,0.0
train,mb-mp-e-form-019861,data/cifs/mb-mp-e-form-019861.cif,-0.1689908197500003,0.0
train,mb-mp-e-form-028724,data/cifs/mb-mp-e-form-028724.cif,-0.3457874460606062,0.0
train,mb-mp-e-form-066250,data/cifs/mb-mp-e-form-066250.cif,-1.3777323146039993,0.0
train,mb-mp-e-form-018358,data/cifs/mb-mp-e-form-018358.cif,-0.1494047714682551,0.0
train,mb-mp-e-form-095327,data/cifs/mb-mp-e-form-095327.cif,-2.306792767898352,0.0
train,mb-mp-e-form-063547,data/cifs/mb-mp-e-form-063547.cif,-1.2501997017499988,0.0
train,mb-mp-e-form-036588,data/cifs/mb-mp-e-form-036588.cif,-0.4824496666666661,0.0
train,mb-mp-e-form-113229,data/cifs/mb-mp-e-form-113229.cif,-2.700111633942,0.0
train,mb-mp-e-form-017373,data/cifs/mb-mp-e-form-017373.cif,-0.1281243599999999,0.0
train,mb-mp-e-form-104896,data/cifs/mb-mp-e-form-104896.cif,-2.514042410966032,0.0
train,mb-mp-e-form-033362,data/cifs/mb-mp-e-form-033362.cif,-0.4371021341666671,0.0
train,mb-mp-e-form-022678,data/cifs/mb-mp-e-form-022678.cif,-0.2495309192592587,0.0
train,mb-mp-e-form-088930,data/cifs/mb-mp-e-form-088930.cif,-2.123950686024965,0.0
train,mb-mp-e-form-097718,data/cifs/mb-mp-e-form-097718.cif,-2.3410469973,0.0
train,mb-mp-e-form-039980,data/cifs/mb-mp-e-form-039980.cif,-0.5739655591666661,0.0
train,mb-mp-e-form-114977,data/cifs/mb-mp-e-form-114977.cif,-2.7534492558680554,0.0
train,mb-mp-e-form-048542,data/cifs/mb-mp-e-form-048542.cif,-0.7322953400000003,0.0
train,mb-mp-e-form-049819,data/cifs/mb-mp-e-form-049819.cif,-0.7726273737499998,0.0
train,mb-mp-e-form-025959,data/cifs/mb-mp-e-form-025959.cif,-0.3188968633333333,0.0
train,mb-mp-e-form-095523,data/cifs/mb-mp-e-form-095523.cif,-2.307387106411837,0.0
train,mb-mp-e-form-002953,data/cifs/mb-mp-e-form-002953.cif,0.6445540703560922,0.0
train,mb-mp-e-form-117424,data/cifs/mb-mp-e-form-117424.cif,-2.8207661628571423,0.0
train,mb-mp-e-form-014492,data/cifs/mb-mp-e-form-014492.cif,-0.0519079447504761,0.0
train,mb-mp-e-form-012524,data/cifs/mb-mp-e-form-012524.cif,0.0045750589473677,0.0
train,mb-mp-e-form-000838,data/cifs/mb-mp-e-form-000838.cif,2.4010299340000003,0.0
train,mb-mp-e-form-046656,data/cifs/mb-mp-e-form-046656.cif,-0.6962004070312506,0.0
train,mb-mp-e-form-042959,data/cifs/mb-mp-e-form-042959.cif,-0.6233916239583337,0.0
train,mb-mp-e-form-079610,data/cifs/mb-mp-e-form-079610.cif,-1.84550592912,0.0
train,mb-mp-e-form-003489,data/cifs/mb-mp-e-form-003489.cif,0.562479594380938,0.0
train,mb-mp-e-form-076266,data/cifs/mb-mp-e-form-076266.cif,-1.750105386749166,0.0
train,mb-mp-e-form-029560,data/cifs/mb-mp-e-form-029560.cif,-0.3626896933333334,0.0
train,mb-mp-e-form-000905,data/cifs/mb-mp-e-form-000905.cif,1.5413567681250004,0.0
train,mb-mp-e-form-105273,data/cifs/mb-mp-e-form-105273.cif,-2.511696492089285,0.0
train,mb-mp-e-form-091686,data/cifs/mb-mp-e-form-091686.cif,-2.193496574688285,0.0
train,mb-mp-e-form-061427,data/cifs/mb-mp-e-form-061427.cif,-1.1887142128571426,0.0
train,mb-mp-e-form-039195,data/cifs/mb-mp-e-form-039195.cif,-0.5561634217685716,0.0
train,mb-mp-e-form-083019,data/cifs/mb-mp-e-form-083019.cif,-1.9444770834126983,0.0
train,mb-mp-e-form-110793,data/cifs/mb-mp-e-form-110793.cif,-2.6476960757589287,0.0
train,mb-mp-e-form-006194,data/cifs/mb-mp-e-form-006194.cif,0.1875918469531252,0.0
train,mb-mp-e-form-103755,data/cifs/mb-mp-e-form-103755.cif,-2.49927609899,0.0
train,mb-mp-e-form-057273,data/cifs/mb-mp-e-form-057273.cif,-1.0206138018749995,0.0
train,mb-mp-e-form-022628,data/cifs/mb-mp-e-form-022628.cif,-0.2459137568571426,0.0
train,mb-mp-e-form-023400,data/cifs/mb-mp-e-form-023400.cif,-0.2544373036111113,0.0
train,mb-mp-e-form-015604,data/cifs/mb-mp-e-form-015604.cif,-0.0616878680950003,0.0
train,mb-mp-e-form-098680,data/cifs/mb-mp-e-form-098680.cif,-2.37142340651852,0.0
train,mb-mp-e-form-104036,data/cifs/mb-mp-e-form-104036.cif,-2.4872658814130424,0.0
train,mb-mp-e-form-078337,data/cifs/mb-mp-e-form-078337.cif,-1.8226530325,0.0
train,mb-mp-e-form-095535,data/cifs/mb-mp-e-form-095535.cif,-2.3006431864394443,0.0
train,mb-mp-e-form-121544,data/cifs/mb-mp-e-form-121544.cif,-2.9739546596560005,0.0
train,mb-mp-e-form-062052,data/cifs/mb-mp-e-form-062052.cif,-1.2324966173500005,0.0
train,mb-mp-e-form-064399,data/cifs/mb-mp-e-form-064399.cif,-1.2959913417088889,0.0
train,mb-mp-e-form-100475,data/cifs/mb-mp-e-form-100475.cif,-2.416966039108333,0.0
train,mb-mp-e-form-126765,data/cifs/mb-mp-e-form-126765.cif,-3.242113205250001,0.0
train,mb-mp-e-form-112466,data/cifs/mb-mp-e-form-112466.cif,-2.687615516136364,0.0
train,mb-mp-e-form-127504,data/cifs/mb-mp-e-form-127504.cif,-3.247726697613636,0.0
train,mb-mp-e-form-121802,data/cifs/mb-mp-e-form-121802.cif,-2.988939842890625,0.0
train,mb-mp-e-form-120989,data/cifs/mb-mp-e-form-120989.cif,-2.9739528172321434,0.0
train,mb-mp-e-form-043969,data/cifs/mb-mp-e-form-043969.cif,-0.6446203289583335,0.0
train,mb-mp-e-form-065772,data/cifs/mb-mp-e-form-065772.cif,-1.364625323250086,0.0
train,mb-mp-e-form-012506,data/cifs/mb-mp-e-form-012506.cif,-0.0053444625641007,0.0
train,mb-mp-e-form-057247,data/cifs/mb-mp-e-form-057247.cif,-1.0212139632499997,0.0
train,mb-mp-e-form-023947,data/cifs/mb-mp-e-form-023947.cif,-0.2797076491666666,0.0
train,mb-mp-e-form-111425,data/cifs/mb-mp-e-form-111425.cif,-2.6552282921331534,0.0
train,mb-mp-e-form-013884,data/cifs/mb-mp-e-form-013884.cif,-0.018635705,0.0
train,mb-mp-e-form-014843,data/cifs/mb-mp-e-form-014843.cif,-0.0548392875862071,0.0
train,mb-mp-e-form-024575,data/cifs/mb-mp-e-form-024575.cif,-0.2819428218123216,0.0
train,mb-mp-e-form-114470,data/cifs/mb-mp-e-form-114470.cif,-2.7402052474475145,0.0
train,mb-mp-e-form-028039,data/cifs/mb-mp-e-form-028039.cif,-0.350987125833334,0.0
train,mb-mp-e-form-113577,data/cifs/mb-mp-e-form-113577.cif,-2.701094956342592,0.0
train,mb-mp-e-form-034053,data/cifs/mb-mp-e-form-034053.cif,-0.4559763412500004,0.0
train,mb-mp-e-form-027201,data/cifs/mb-mp-e-form-027201.cif,-0.3260926994806699,0.0
train,mb-mp-e-form-066345,data/cifs/mb-mp-e-form-066345.cif,-1.4100506411899998,0.0
train,mb-mp-e-form-011395,data/cifs/mb-mp-e-form-011395.cif,0.0300587018749993,0.0
train,mb-mp-e-form-033612,data/cifs/mb-mp-e-form-033612.cif,-0.4316351929166666,0.0
train,mb-mp-e-form-085739,data/cifs/mb-mp-e-form-085739.cif,-2.0272917583843544,0.0
train,mb-mp-e-form-034010,data/cifs/mb-mp-e-form-034010.cif,-0.4530422919444443,0.0
train,mb-mp-e-form-071419,data/cifs/mb-mp-e-form-071419.cif,-1.588094946071429,0.0
train,mb-mp-e-form-053567,data/cifs/mb-mp-e-form-053567.cif,-0.8837300800000003,0.0
train,mb-mp-e-form-069774,data/cifs/mb-mp-e-form-069774.cif,-1.5166072807142856,0.0
train,mb-mp-e-form-087428,data/cifs/mb-mp-e-form-087428.cif,-2.0724764837452105,0.0
train,mb-mp-e-form-006605,data/cifs/mb-mp-e-form-006605.cif,0.2046393266666664,0.0
train,mb-mp-e-form-075498,data/cifs/mb-mp-e-form-075498.cif,-1.7164250860576915,0.0
train,mb-mp-e-form-059682,data/cifs/mb-mp-e-form-059682.cif,-1.0854296617499997,0.0
train,mb-mp-e-form-020150,data/cifs/mb-mp-e-form-020150.cif,-0.1966728484999997,0.0
train,mb-mp-e-form-023303,data/cifs/mb-mp-e-form-023303.cif,-0.2526770553571421,0.0
train,mb-mp-e-form-033839,data/cifs/mb-mp-e-form-033839.cif,-0.4388768723693177,0.0
train,mb-mp-e-form-129383,data/cifs/mb-mp-e-form-129383.cif,-3.416959238502746,0.0
train,mb-mp-e-form-099377,data/cifs/mb-mp-e-form-099377.cif,-2.401070067023809,0.0
train,mb-mp-e-form-036450,data/cifs/mb-mp-e-form-036450.cif,-0.49448568,0.0
train,mb-mp-e-form-029233,data/cifs/mb-mp-e-form-029233.cif,-0.3579992474784483,0.0
train,mb-mp-e-form-078723,data/cifs/mb-mp-e-form-078723.cif,-1.8279913959615388,0.0
train,mb-mp-e-form-118646,data/cifs/mb-mp-e-form-118646.cif,-2.8780283057140004,0.0
train,mb-mp-e-form-045249,data/cifs/mb-mp-e-form-045249.cif,-0.6754480077777782,0.0
train,mb-mp-e-form-121775,data/cifs/mb-mp-e-form-121775.cif,-2.9913665006770827,0.0
train,mb-mp-e-form-032573,data/cifs/mb-mp-e-form-032573.cif,-0.4233240230555566,0.0
train,mb-mp-e-form-055860,data/cifs/mb-mp-e-form-055860.cif,-0.9561753153124996,0.0
train,mb-mp-e-form-012649,data/cifs/mb-mp-e-form-012649.cif,0.0044134012499998,0.0
train,mb-mp-e-form-039768,data/cifs/mb-mp-e-form-039768.cif,-0.5574226739733338,0.0
train,mb-mp-e-form-069990,data/cifs/mb-mp-e-form-069990.cif,-1.54965719205017,0.0
train,mb-mp-e-form-098019,data/cifs/mb-mp-e-form-098019.cif,-2.371174261057693,0.0
train,mb-mp-e-form-099681,data/cifs/mb-mp-e-form-099681.cif,-2.382198232511905,0.0
train,mb-mp-e-form-061993,data/cifs/mb-mp-e-form-061993.cif,-1.2421925532413791,0.0
train,mb-mp-e-form-038073,data/cifs/mb-mp-e-form-038073.cif,-0.5361777208057147,0.0
train,mb-mp-e-form-132591,data/cifs/mb-mp-e-form-132591.cif,-3.9285783389062487,0.0
train,mb-mp-e-form-027837,data/cifs/mb-mp-e-form-027837.cif,-0.3285681849999999,0.0
train,mb-mp-e-form-048270,data/cifs/mb-mp-e-form-048270.cif,-0.7328973756157633,0.0
train,mb-mp-e-form-024889,data/cifs/mb-mp-e-form-024889.cif,-0.2839958037499999,0.0
train,mb-mp-e-form-120631,data/cifs/mb-mp-e-form-120631.cif,-2.9430352573809526,0.0
train,mb-mp-e-form-115779,data/cifs/mb-mp-e-form-115779.cif,-2.785502748750001,0.0
train,mb-mp-e-form-047364,data/cifs/mb-mp-e-form-047364.cif,-0.72363553875,0.0
train,mb-mp-e-form-029225,data/cifs/mb-mp-e-form-029225.cif,-0.3694822608655552,0.0
train,mb-mp-e-form-131654,data/cifs/mb-mp-e-form-131654.cif,-3.652475683303571,0.0
train,mb-mp-e-form-107027,data/cifs/mb-mp-e-form-107027.cif,-2.551030271325736,0.0
train,mb-mp-e-form-032245,data/cifs/mb-mp-e-form-032245.cif,-0.411829136499999,0.0
train,mb-mp-e-form-126939,data/cifs/mb-mp-e-form-126939.cif,-3.2775401508925004,0.0
train,mb-mp-e-form-005301,data/cifs/mb-mp-e-form-005301.cif,0.2339003825000004,0.0
train,mb-mp-e-form-106627,data/cifs/mb-mp-e-form-106627.cif,-2.54312825486038,0.0
train,mb-mp-e-form-007502,data/cifs/mb-mp-e-form-007502.cif,0.13134823125,0.0
train,mb-mp-e-form-113284,data/cifs/mb-mp-e-form-113284.cif,-2.7029997043214293,0.0
train,mb-mp-e-form-071866,data/cifs/mb-mp-e-form-071866.cif,-1.6241387898214288,0.0
train,mb-mp-e-form-035733,data/cifs/mb-mp-e-form-035733.cif,-0.4756051604999999,0.0
train,mb-mp-e-form-093543,data/cifs/mb-mp-e-form-093543.cif,-2.245969077278604,0.0
train,mb-mp-e-form-117549,data/cifs/mb-mp-e-form-117549.cif,-2.823470908496363,0.0
train,mb-mp-e-form-064129,data/cifs/mb-mp-e-form-064129.cif,-1.3281887570435993,0.0
train,mb-mp-e-form-012445,data/cifs/mb-mp-e-form-012445.cif,0.0067460452386669,0.0
train,mb-mp-e-form-011960,data/cifs/mb-mp-e-form-011960.cif,0.001551621041667,0.0
train,mb-mp-e-form-028354,data/cifs/mb-mp-e-form-028354.cif,-0.3541202799999989,0.0
train,mb-mp-e-form-033806,data/cifs/mb-mp-e-form-033806.cif,-0.44324210625,0.0
train,mb-mp-e-form-027118,data/cifs/mb-mp-e-form-027118.cif,-0.3261536018749997,0.0
train,mb-mp-e-form-071844,data/cifs/mb-mp-e-form-071844.cif,-1.644408418750001,0.0
train,mb-mp-e-form-063361,data/cifs/mb-mp-e-form-063361.cif,-1.2825723478571425,0.0
train,mb-mp-e-form-110354,data/cifs/mb-mp-e-form-110354.cif,-2.641153119772728,0.0
train,mb-mp-e-form-052365,data/cifs/mb-mp-e-form-052365.cif,-0.8636744099999998,0.0
train,mb-mp-e-form-073852,data/cifs/mb-mp-e-form-073852.cif,-1.7115324373076914,0.0
train,mb-mp-e-form-017726,data/cifs/mb-mp-e-form-017726.cif,-0.1263873574999999,0.0
train,mb-mp-e-form-095746,data/cifs/mb-mp-e-form-095746.cif,-2.306427912416667,0.0
train,mb-mp-e-form-106679,data/cifs/mb-mp-e-form-106679.cif,-2.53434965686508,0.0
train,mb-mp-e-form-100261,data/cifs/mb-mp-e-form-100261.cif,-2.4215435318125005,0.0
train,mb-mp-e-form-096242,data/cifs/mb-mp-e-form-096242.cif,-2.309948862777778,0.0
train,mb-mp-e-form-109028,data/cifs/mb-mp-e-form-109028.cif,-2.6036167312500007,0.0
train,mb-mp-e-form-053525,data/cifs/mb-mp-e-form-053525.cif,-0.8704459032812508,0.0
train,mb-mp-e-form-072459,data/cifs/mb-mp-e-form-072459.cif,-1.641672869444445,0.0
train,mb-mp-e-form-019014,data/cifs/mb-mp-e-form-019014.cif,-0.1665397971428571,0.0
train,mb-mp-e-form-049265,data/cifs/mb-mp-e-form-049265.cif,-0.7693251160233331,0.0
train,mb-mp-e-form-081238,data/cifs/mb-mp-e-form-081238.cif,-1.896345832730988,0.0
train,mb-mp-e-form-077336,data/cifs/mb-mp-e-form-077336.cif,-1.8044332160834005,0.0
train,mb-mp-e-form-097228,data/cifs/mb-mp-e-form-097228.cif,-2.3498308907177425,0.0
train,mb-mp-e-form-011300,data/cifs/mb-mp-e-form-011300.cif,0.0260506899999999,0.0
train,mb-mp-e-form-098044,data/cifs/mb-mp-e-form-098044.cif,-2.373592748093749,0.0
train,mb-mp-e-form-086237,data/cifs/mb-mp-e-form-086237.cif,-2.0482137149450548,0.0
train,mb-mp-e-form-008035,data/cifs/mb-mp-e-form-008035.cif,0.1246645512500004,0.0
train,mb-mp-e-form-113747,data/cifs/mb-mp-e-form-113747.cif,-2.6973301329166666,0.0
train,mb-mp-e-form-014197,data/cifs/mb-mp-e-form-014197.cif,-0.0433011262499998,0.0
train,mb-mp-e-form-077677,data/cifs/mb-mp-e-form-077677.cif,-1.80690443014706,0.0
train,mb-mp-e-form-042975,data/cifs/mb-mp-e-form-042975.cif,-0.6348624621395127,0.0
train,mb-mp-e-form-002392,data/cifs/mb-mp-e-form-002392.cif,0.6805253465000001,0.0
train,mb-mp-e-form-024727,data/cifs/mb-mp-e-form-024727.cif,-0.2791007783333323,0.0
train,mb-mp-e-form-021953,data/cifs/mb-mp-e-form-021953.cif,-0.2461686689844455,0.0
train,mb-mp-e-form-068184,data/cifs/mb-mp-e-form-068184.cif,-1.4901000176763333,0.0
train,mb-mp-e-form-018523,data/cifs/mb-mp-e-form-018523.cif,-0.1399090899999997,0.0
train,mb-mp-e-form-071839,data/cifs/mb-mp-e-form-071839.cif,-1.6338113737974136,0.0
train,mb-mp-e-form-004373,data/cifs/mb-mp-e-form-004373.cif,0.3435390975000003,0.0
train,mb-mp-e-form-105207,data/cifs/mb-mp-e-form-105207.cif,-2.515923105679966,0.0
train,mb-mp-e-form-132052,data/cifs/mb-mp-e-form-132052.cif,-3.9306181825,0.0
train,mb-mp-e-form-102073,data/cifs/mb-mp-e-form-102073.cif,-2.4462922379500003,0.0
train,mb-mp-e-form-040221,data/cifs/mb-mp-e-form-040221.cif,-0.5780734313494292,0.0
train,mb-mp-e-form-095509,data/cifs/mb-mp-e-form-095509.cif,-2.308880136694287,0.0
train,mb-mp-e-form-124589,data/cifs/mb-mp-e-form-124589.cif,-3.0893642930155565,0.0
train,mb-mp-e-form-120641,data/cifs/mb-mp-e-form-120641.cif,-2.9175662981162467,0.0
train,mb-mp-e-form-079454,data/cifs/mb-mp-e-form-079454.cif,-1.845985943318445,0.0
train,mb-mp-e-form-106164,data/cifs/mb-mp-e-form-106164.cif,-2.54426519775,0.0
train,mb-mp-e-form-017391,data/cifs/mb-mp-e-form-017391.cif,-0.1226999290476188,0.0
train,mb-mp-e-form-030398,data/cifs/mb-mp-e-form-030398.cif,-0.3881224557142862,0.0
train,mb-mp-e-form-092431,data/cifs/mb-mp-e-form-092431.cif,-2.220899743674366,0.0
train,mb-mp-e-form-014523,data/cifs/mb-mp-e-form-014523.cif,-0.0329588491622227,0.0
train,mb-mp-e-form-061586,data/cifs/mb-mp-e-form-061586.cif,-1.1973224706666663,0.0
train,mb-mp-e-form-070850,data/cifs/mb-mp-e-form-070850.cif,-1.574431918107249,0.0
train,mb-mp-e-form-107520,data/cifs/mb-mp-e-form-107520.cif,-2.5603146178571428,0.0
train,mb-mp-e-form-129386,data/cifs/mb-mp-e-form-129386.cif,-3.46618185375,0.0
train,mb-mp-e-form-127955,data/cifs/mb-mp-e-form-127955.cif,-3.349549960357144,0.0
train,mb-mp-e-form-043979,data/cifs/mb-mp-e-form-043979.cif,-0.6562851792126829,0.0
train,mb-mp-e-form-096673,data/cifs/mb-mp-e-form-096673.cif,-2.326093448813025,0.0
train,mb-mp-e-form-128473,data/cifs/mb-mp-e-form-128473.cif,-3.356503151,0.0
train,mb-mp-e-form-116348,data/cifs/mb-mp-e-form-116348.cif,-2.8110353444285714,0.0
train,mb-mp-e-form-009886,data/cifs/mb-mp-e-form-009886.cif,0.0620373986637929,0.0
train,mb-mp-e-form-012771,data/cifs/mb-mp-e-form-012771.cif,4.440892098500626e-16,0.0
train,mb-mp-e-form-088345,data/cifs/mb-mp-e-form-088345.cif,-2.1138504335157142,0.0
train,mb-mp-e-form-052051,data/cifs/mb-mp-e-form-052051.cif,-0.8417903391562497,0.0
train,mb-mp-e-form-058249,data/cifs/mb-mp-e-form-058249.cif,-1.0816597399114287,0.0
train,mb-mp-e-form-080632,data/cifs/mb-mp-e-form-080632.cif,-1.8621940321428576,0.0
train,mb-mp-e-form-038454,data/cifs/mb-mp-e-form-038454.cif,-0.5236274856250002,0.0
train,mb-mp-e-form-008021,data/cifs/mb-mp-e-form-008021.cif,0.11189309375,0.0
train,mb-mp-e-form-028543,data/cifs/mb-mp-e-form-028543.cif,-0.3534247161111115,0.0
train,mb-mp-e-form-034255,data/cifs/mb-mp-e-form-034255.cif,-0.4474693355555554,0.0
train,mb-mp-e-form-070670,data/cifs/mb-mp-e-form-070670.cif,-1.568809591491905,0.0
train,mb-mp-e-form-044804,data/cifs/mb-mp-e-form-044804.cif,-0.6419339891666676,0.0
train,mb-mp-e-form-019805,data/cifs/mb-mp-e-form-019805.cif,-0.1677616226076813,0.0
train,mb-mp-e-form-040304,data/cifs/mb-mp-e-form-040304.cif,-0.5661464917105263,0.0
train,mb-mp-e-form-073964,data/cifs/mb-mp-e-form-073964.cif,-1.7081759561249996,0.0
train,mb-mp-e-form-039417,data/cifs/mb-mp-e-form-039417.cif,-0.5365712540476189,0.0
train,mb-mp-e-form-086210,data/cifs/mb-mp-e-form-086210.cif,-2.0583756752825,0.0
train,mb-mp-e-form-000082,data/cifs/mb-mp-e-form-000082.cif,1.6560127199999997,0.0
train,mb-mp-e-form-100985,data/cifs/mb-mp-e-form-100985.cif,-2.442172863570313,0.0
train,mb-mp-e-form-069673,data/cifs/mb-mp-e-form-069673.cif,-1.5280500874999998,0.0
train,mb-mp-e-form-047972,data/cifs/mb-mp-e-form-047972.cif,-0.737055368499999,0.0
train,mb-mp-e-form-066231,data/cifs/mb-mp-e-form-066231.cif,-1.3909015075884834,0.0
train,mb-mp-e-form-056468,data/cifs/mb-mp-e-form-056468.cif,-0.9813118738888886,0.0
train,mb-mp-e-form-033067,data/cifs/mb-mp-e-form-033067.cif,-0.4312912987500001,0.0
train,mb-mp-e-form-043593,data/cifs/mb-mp-e-form-043593.cif,-0.6270469335591129,0.0
train,mb-mp-e-form-059941,data/cifs/mb-mp-e-form-059941.cif,-1.1566936474999991,0.0
train,mb-mp-e-form-129132,data/cifs/mb-mp-e-form-129132.cif,-3.4241586934553787,0.0
train,mb-mp-e-form-076539,data/cifs/mb-mp-e-form-076539.cif,-1.775745537291667,0.0
train,mb-mp-e-form-032112,data/cifs/mb-mp-e-form-032112.cif,-0.4215345837500002,0.0
train,mb-mp-e-form-127137,data/cifs/mb-mp-e-form-127137.cif,-3.275125067395834,0.0
train,mb-mp-e-form-071526,data/cifs/mb-mp-e-form-071526.cif,-1.5824301927511115,0.0
train,mb-mp-e-form-022406,data/cifs/mb-mp-e-form-022406.cif,-0.2490010487500003,0.0
train,mb-mp-e-form-041482,data/cifs/mb-mp-e-form-041482.cif,-0.5871253624133335,0.0
train,mb-mp-e-form-053178,data/cifs/mb-mp-e-form-053178.cif,-0.8684472644458131,0.0
train,mb-mp-e-form-115245,data/cifs/mb-mp-e-form-115245.cif,-2.771128743267414,0.0
train,mb-mp-e-form-132520,data/cifs/mb-mp-e-form-132520.cif,-4.09207332080357,0.0
train,mb-mp-e-form-094273,data/cifs/mb-mp-e-form-094273.cif,-2.278185664880952,0.0
train,mb-mp-e-form-046800,data/cifs/mb-mp-e-form-046800.cif,-0.6941730495833331,0.0
train,mb-mp-e-form-040664,data/cifs/mb-mp-e-form-040664.cif,-0.5644832295023156,0.0
train,mb-mp-e-form-100407,data/cifs/mb-mp-e-form-100407.cif,-2.4159355289835167,0.0
train,mb-mp-e-form-068158,data/cifs/mb-mp-e-form-068158.cif,-1.483548252443182,0.0
train,mb-mp-e-form-088469,data/cifs/mb-mp-e-form-088469.cif,-2.1019833019676817,0.0
train,mb-mp-e-form-020983,data/cifs/mb-mp-e-form-020983.cif,-0.2085011107142865,0.0
train,mb-mp-e-form-024731,data/cifs/mb-mp-e-form-024731.cif,-0.2729410790476194,0.0
train,mb-mp-e-form-117632,data/cifs/mb-mp-e-form-117632.cif,-2.8334727076607145,0.0
train,mb-mp-e-form-021126,data/cifs/mb-mp-e-form-021126.cif,-0.2144002187499989,0.0
train,mb-mp-e-form-117890,data/cifs/mb-mp-e-form-117890.cif,-2.863296792128489,0.0
train,mb-mp-e-form-093091,data/cifs/mb-mp-e-form-093091.cif,-2.2342491070323143,0.0
train,mb-mp-e-form-017110,data/cifs/mb-mp-e-form-017110.cif,-0.110742830625,0.0
train,mb-mp-e-form-075656,data/cifs/mb-mp-e-form-075656.cif,-1.7208953630000003,0.0
train,mb-mp-e-form-030181,data/cifs/mb-mp-e-form-030181.cif,-0.3888529376785706,0.0
train,mb-mp-e-form-096495,data/cifs/mb-mp-e-form-096495.cif,-2.331487273412697,0.0
train,mb-mp-e-form-104439,data/cifs/mb-mp-e-form-104439.cif,-2.487680564214286,0.0
train,mb-mp-e-form-044970,data/cifs/mb-mp-e-form-044970.cif,-0.6670916633333329,0.0
train,mb-mp-e-form-027249,data/cifs/mb-mp-e-form-027249.cif,-0.3331206659999999,0.0
train,mb-mp-e-form-117461,data/cifs/mb-mp-e-form-117461.cif,-2.833384601813492,0.0
train,mb-mp-e-form-015821,data/cifs/mb-mp-e-form-015821.cif,-0.0623979799999996,0.0
train,mb-mp-e-form-044705,data/cifs/mb-mp-e-form-044705.cif,-0.6437005188921425,0.0
train,mb-mp-e-form-091147,data/cifs/mb-mp-e-form-091147.cif,-2.1768301435576927,0.0
train,mb-mp-e-form-013531,data/cifs/mb-mp-e-form-013531.cif,-0.0200315946153849,0.0
train,mb-mp-e-form-129829,data/cifs/mb-mp-e-form-129829.cif,-3.544646982705379,0.0
train,mb-mp-e-form-051326,data/cifs/mb-mp-e-form-051326.cif,-0.8121150292968746,0.0
train,mb-mp-e-form-023024,data/cifs/mb-mp-e-form-023024.cif,-0.2594314260416668,0.0
train,mb-mp-e-form-094481,data/cifs/mb-mp-e-form-094481.cif,-2.27000342956044,0.0
train,mb-mp-e-form-100142,data/cifs/mb-mp-e-form-100142.cif,-2.409130426880699,0.0
train,mb-mp-e-form-068756,data/cifs/mb-mp-e-form-068756.cif,-1.4771928881249998,0.0
train,mb-mp-e-form-071539,data/cifs/mb-mp-e-form-071539.cif,-1.5946309011899995,0.0
train,mb-mp-e-form-108121,data/cifs/mb-mp-e-form-108121.cif,-2.5731070734090906,0.0
train,mb-mp-e-form-043269,data/cifs/mb-mp-e-form-043269.cif,-0.6382792631562502,0.0
train,mb-mp-e-form-024631,data/cifs/mb-mp-e-form-024631.cif,-0.2753197458333334,0.0
train,mb-mp-e-form-034969,data/cifs/mb-mp-e-form-034969.cif,-0.4644479908333334,0.0
train,mb-mp-e-form-084425,data/cifs/mb-mp-e-form-084425.cif,-1.9992318810859373,0.0
train,mb-mp-e-form-021239,data/cifs/mb-mp-e-form-021239.cif,-0.21745546,0.0
train,mb-mp-e-form-036961,data/cifs/mb-mp-e-form-036961.cif,-0.5132918569999987,0.0
train,mb-mp-e-form-080865,data/cifs/mb-mp-e-form-080865.cif,-1.9074130339423072,0.0
train,mb-mp-e-form-121710,data/cifs/mb-mp-e-form-121710.cif,-2.9580998210858818,0.0
train,mb-mp-e-form-087106,data/cifs/mb-mp-e-form-087106.cif,-2.0616511493214285,0.0
train,mb-mp-e-form-081579,data/cifs/mb-mp-e-form-081579.cif,-1.8896575600000003,0.0
train,mb-mp-e-form-026134,data/cifs/mb-mp-e-form-026134.cif,-0.311716920535714,0.0
train,mb-mp-e-form-022535,data/cifs/mb-mp-e-form-022535.cif,-0.2395237683333331,0.0
train,mb-mp-e-form-104488,data/cifs/mb-mp-e-form-104488.cif,-2.4958943938095244,0.0
train,mb-mp-e-form-096802,data/cifs/mb-mp-e-form-096802.cif,-2.3507093795192304,0.0
train,mb-mp-e-form-096433,data/cifs/mb-mp-e-form-096433.cif,-2.310230251839285,0.0
train,mb-mp-e-form-070731,data/cifs/mb-mp-e-form-070731.cif,-1.5423785576086655,0.0
train,mb-mp-e-form-126210,data/cifs/mb-mp-e-form-126210.cif,-3.2344347725,0.0
train,mb-mp-e-form-050588,data/cifs/mb-mp-e-form-050588.cif,-0.7915592250000003,0.0
train,mb-mp-e-form-110625,data/cifs/mb-mp-e-form-110625.cif,-2.639831318724489,0.0
train,mb-mp-e-form-108396,data/cifs/mb-mp-e-form-108396.cif,-2.586609541438433,0.0
train,mb-mp-e-form-119061,data/cifs/mb-mp-e-form-119061.cif,-2.9161565595139995,0.0
train,mb-mp-e-form-056832,data/cifs/mb-mp-e-form-056832.cif,-0.9963959883333332,0.0
train,mb-mp-e-form-051139,data/cifs/mb-mp-e-form-051139.cif,-0.819016618671875,0.0
train,mb-mp-e-form-091764,data/cifs/mb-mp-e-form-091764.cif,-2.1726856771874985,0.0
train,mb-mp-e-form-101141,data/cifs/mb-mp-e-form-101141.cif,-2.44014353475,0.0
train,mb-mp-e-form-120883,data/cifs/mb-mp-e-form-120883.cif,-2.9627069292187493,0.0
train,mb-mp-e-form-085350,data/cifs/mb-mp-e-form-085350.cif,-2.007558843697917,0.0
train,mb-mp-e-form-108166,data/cifs/mb-mp-e-form-108166.cif,-2.5750301808654554,0.0
train,mb-mp-e-form-019102,data/cifs/mb-mp-e-form-019102.cif,-0.1633621233333331,0.0
train,mb-mp-e-form-003086,data/cifs/mb-mp-e-form-003086.cif,0.4460220673092858,0.0
train,mb-mp-e-form-110782,data/cifs/mb-mp-e-form-110782.cif,-2.6572791650000003,0.0
train,mb-mp-e-form-049048,data/cifs/mb-mp-e-form-049048.cif,-0.7591969405689654,0.0
train,mb-mp-e-form-083756,data/cifs/mb-mp-e-form-083756.cif,-1.969475058619792,0.0
train,mb-mp-e-form-060139,data/cifs/mb-mp-e-form-060139.cif,-1.1416650393140786,0.0
train,mb-mp-e-form-096920,data/cifs/mb-mp-e-form-096920.cif,-2.346467792868217,0.0
train,mb-mp-e-form-051052,data/cifs/mb-mp-e-form-051052.cif,-0.8327085194203221,0.0
train,mb-mp-e-form-042784,data/cifs/mb-mp-e-form-042784.cif,-0.6087496033333331,0.0
train,mb-mp-e-form-119269,data/cifs/mb-mp-e-form-119269.cif,-2.912422305807453,0.0
train,mb-mp-e-form-121085,data/cifs/mb-mp-e-form-121085.cif,-2.95660600625,0.0
train,mb-mp-e-form-007610,data/cifs/mb-mp-e-form-007610.cif,0.1439468774999999,0.0
train,mb-mp-e-form-051933,data/cifs/mb-mp-e-form-051933.cif,-0.8617249749999996,0.0
train,mb-mp-e-form-091166,data/cifs/mb-mp-e-form-091166.cif,-2.1964127329166656,0.0
train,mb-mp-e-form-012600,data/cifs/mb-mp-e-form-012600.cif,-0.0061721833333336,0.0
train,mb-mp-e-form-004363,data/cifs/mb-mp-e-form-004363.cif,0.3527136804999999,0.0
train,mb-mp-e-form-119898,data/cifs/mb-mp-e-form-119898.cif,-2.9453250922916667,0.0
train,mb-mp-e-form-001199,data/cifs/mb-mp-e-form-001199.cif,1.0150811745833332,0.0
train,mb-mp-e-form-054591,data/cifs/mb-mp-e-form-054591.cif,-0.9319274843925004,0.0
train,mb-mp-e-form-041455,data/cifs/mb-mp-e-form-041455.cif,-0.588055606666666,0.0
train,mb-mp-e-form-059585,data/cifs/mb-mp-e-form-059585.cif,-1.1118844584375005,0.0
train,mb-mp-e-form-119335,data/cifs/mb-mp-e-form-119335.cif,-2.915654251428572,0.0
train,mb-mp-e-form-129887,data/cifs/mb-mp-e-form-129887.cif,-3.5907512122500007,0.0
train,mb-mp-e-form-109412,data/cifs/mb-mp-e-form-109412.cif,-2.6151735742857136,0.0
train,mb-mp-e-form-125758,data/cifs/mb-mp-e-form-125758.cif,-3.2042214006157628,0.0
train,mb-mp-e-form-128324,data/cifs/mb-mp-e-form-128324.cif,-3.3872403328972864,0.0
train,mb-mp-e-form-025128,data/cifs/mb-mp-e-form-025128.cif,-0.2919355631249996,0.0
train,mb-mp-e-form-000799,data/cifs/mb-mp-e-form-000799.cif,2.2630986366666668,0.0
train,mb-mp-e-form-104865,data/cifs/mb-mp-e-form-104865.cif,-2.5079016227380952,0.0
train,mb-mp-e-form-074855,data/cifs/mb-mp-e-form-074855.cif,-1.7311491556547631,0.0
train,mb-mp-e-form-072636,data/cifs/mb-mp-e-form-072636.cif,-1.6154928943181828,0.0
train,mb-mp-e-form-116092,data/cifs/mb-mp-e-form-116092.cif,-2.8057755993796083,0.0
train,mb-mp-e-form-007196,data/cifs/mb-mp-e-form-007196.cif,0.1483720525,0.0
train,mb-mp-e-form-008625,data/cifs/mb-mp-e-form-008625.cif,0.114796862413792,0.0
train,mb-mp-e-form-068383,data/cifs/mb-mp-e-form-068383.cif,-1.49415881818765,0.0
train,mb-mp-e-form-089761,data/cifs/mb-mp-e-form-089761.cif,-2.136128160833334,0.0
train,mb-mp-e-form-041252,data/cifs/mb-mp-e-form-041252.cif,-0.5821625025000003,0.0
train,mb-mp-e-form-026401,data/cifs/mb-mp-e-form-026401.cif,-0.3085701495833331,0.0
train,mb-mp-e-form-088853,data/cifs/mb-mp-e-form-088853.cif,-2.141153040344828,0.0
train,mb-mp-e-form-029829,data/cifs/mb-mp-e-form-029829.cif,-0.36783616125,0.0
train,mb-mp-e-form-124837,data/cifs/mb-mp-e-form-124837.cif,-3.138302299782965,0.0
train,mb-mp-e-form-104232,data/cifs/mb-mp-e-form-104232.cif,-2.5005756722567734,0.0
train,mb-mp-e-form-000631,data/cifs/mb-mp-e-form-000631.cif,2.3674808725,0.0
train,mb-mp-e-form-070615,data/cifs/mb-mp-e-form-070615.cif,-1.5422036139561837,0.0
train,mb-mp-e-form-106357,data/cifs/mb-mp-e-form-106357.cif,-2.5325508647619057,0.0
train,mb-mp-e-form-067860,data/cifs/mb-mp-e-form-067860.cif,-1.4814516749386435,0.0
train,mb-mp-e-form-024818,data/cifs/mb-mp-e-form-024818.cif,-0.2860122633333333,0.0
train,mb-mp-e-form-077668,data/cifs/mb-mp-e-form-077668.cif,-1.7822123624999993,0.0
train,mb-mp-e-form-037509,data/cifs/mb-mp-e-form-037509.cif,-0.5099432020399998,0.0
train,mb-mp-e-form-060392,data/cifs/mb-mp-e-form-060392.cif,-1.152428331917778,0.0
train,mb-mp-e-form-131373,data/cifs/mb-mp-e-form-131373.cif,-3.7710112710833337,0.0
train,mb-mp-e-form-115144,data/cifs/mb-mp-e-form-115144.cif,-2.785049602625,0.0
train,mb-mp-e-form-010918,data/cifs/mb-mp-e-form-010918.cif,0.0577234589285717,0.0
train,mb-mp-e-form-115837,data/cifs/mb-mp-e-form-115837.cif,-2.814465503816964,0.0
train,mb-mp-e-form-114878,data/cifs/mb-mp-e-form-114878.cif,-2.7694603523076924,0.0
train,mb-mp-e-form-087147,data/cifs/mb-mp-e-form-087147.cif,-2.0717122056249995,0.0
train,mb-mp-e-form-128783,data/cifs/mb-mp-e-form-128783.cif,-3.433836624255625,0.0
train,mb-mp-e-form-049982,data/cifs/mb-mp-e-form-049982.cif,-0.800055386476,0.0
train,mb-mp-e-form-000983,data/cifs/mb-mp-e-form-000983.cif,1.342548916965001,0.0
train,mb-mp-e-form-006460,data/cifs/mb-mp-e-form-006460.cif,0.1779520725000001,0.0
train,mb-mp-e-form-128479,data/cifs/mb-mp-e-form-128479.cif,-3.331316933422046,0.0
train,mb-mp-e-form-095984,data/cifs/mb-mp-e-form-095984.cif,-2.3305027310145894,0.0
train,mb-mp-e-form-052520,data/cifs/mb-mp-e-form-052520.cif,-0.8419151749999992,0.0
train,mb-mp-e-form-131132,data/cifs/mb-mp-e-form-131132.cif,-3.6322999164285728,0.0
train,mb-mp-e-form-052172,data/cifs/mb-mp-e-form-052172.cif,-0.85319945034,0.0
train,mb-mp-e-form-076399,data/cifs/mb-mp-e-form-076399.cif,-1.7544921194375007,0.0
train,mb-mp-e-form-093960,data/cifs/mb-mp-e-form-093960.cif,-2.27129478425,0.0
train,mb-mp-e-form-090895,data/cifs/mb-mp-e-form-090895.cif,-2.1954839734473794,0.0
train,mb-mp-e-form-114114,data/cifs/mb-mp-e-form-114114.cif,-2.7465667592140006,0.0
train,mb-mp-e-form-104211,data/cifs/mb-mp-e-form-104211.cif,-2.489220285714286,0.0
train,mb-mp-e-form-011168,data/cifs/mb-mp-e-form-011168.cif,0.0266359764285713,0.0
train,mb-mp-e-form-078893,data/cifs/mb-mp-e-form-078893.cif,-1.8392911728725,0.0
train,mb-mp-e-form-046986,data/cifs/mb-mp-e-form-046986.cif,-0.7126652227777773,0.0
train,mb-mp-e-form-028168,data/cifs/mb-mp-e-form-028168.cif,-0.3549393813199993,0.0
train,mb-mp-e-form-091328,data/cifs/mb-mp-e-form-091328.cif,-2.175444146058263,0.0
train,mb-mp-e-form-113093,data/cifs/mb-mp-e-form-113093.cif,-2.696679754214,0.0
train,mb-mp-e-form-058240,data/cifs/mb-mp-e-form-058240.cif,-1.071967794321316,0.0
train,mb-mp-e-form-114392,data/cifs/mb-mp-e-form-114392.cif,-2.726524516442,0.0
train,mb-mp-e-form-100043,data/cifs/mb-mp-e-form-100043.cif,-2.423549506750001,0.0
train,mb-mp-e-form-064573,data/cifs/mb-mp-e-form-064573.cif,-1.3261451386026664,0.0
train,mb-mp-e-form-001249,data/cifs/mb-mp-e-form-001249.cif,1.2356016225,0.0
train,mb-mp-e-form-129975,data/cifs/mb-mp-e-form-129975.cif,-3.57471013975538,0.0
train,mb-mp-e-form-061793,data/cifs/mb-mp-e-form-061793.cif,-1.1860647870982146,0.0
train,mb-mp-e-form-042552,data/cifs/mb-mp-e-form-042552.cif,-0.6124721112499998,0.0
train,mb-mp-e-form-055918,data/cifs/mb-mp-e-form-055918.cif,-0.9784951251587302,0.0
train,mb-mp-e-form-119171,data/cifs/mb-mp-e-form-119171.cif,-2.8867668168750003,0.0
train,mb-mp-e-form-103639,data/cifs/mb-mp-e-form-103639.cif,-2.486213336009444,0.0
train,mb-mp-e-form-122367,data/cifs/mb-mp-e-form-122367.cif,-2.995255731145834,0.0
train,mb-mp-e-form-042733,data/cifs/mb-mp-e-form-042733.cif,-0.6078036726894843,0.0
train,mb-mp-e-form-013047,data/cifs/mb-mp-e-form-013047.cif,-0.0093426533333333,0.0
train,mb-mp-e-form-081954,data/cifs/mb-mp-e-form-081954.cif,-1.934085432221,0.0
train,mb-mp-e-form-045470,data/cifs/mb-mp-e-form-045470.cif,-0.6606030959478029,0.0
train,mb-mp-e-form-026993,data/cifs/mb-mp-e-form-026993.cif,-0.3268824647500004,0.0
train,mb-mp-e-form-047807,data/cifs/mb-mp-e-form-047807.cif,-0.7151704474485712,0.0
train,mb-mp-e-form-094752,data/cifs/mb-mp-e-form-094752.cif,-2.260349881,0.0
train,mb-mp-e-form-081881,data/cifs/mb-mp-e-form-081881.cif,-1.932023952040441,0.0
train,mb-mp-e-form-091723,data/cifs/mb-mp-e-form-091723.cif,-2.18709288675,0.0
train,mb-mp-e-form-077657,data/cifs/mb-mp-e-form-077657.cif,-1.791477633445245,0.0
train,mb-mp-e-form-033650,data/cifs/mb-mp-e-form-033650.cif,-0.4363701151851857,0.0
train,mb-mp-e-form-024548,data/cifs/mb-mp-e-form-024548.cif,-0.2744448612499992,0.0
train,mb-mp-e-form-046155,data/cifs/mb-mp-e-form-046155.cif,-0.6882761529166667,0.0
train,mb-mp-e-form-043836,data/cifs/mb-mp-e-form-043836.cif,-0.6305715312500002,0.0
train,mb-mp-e-form-004168,data/cifs/mb-mp-e-form-004168.cif,0.4378277512499999,0.0
train,mb-mp-e-form-032565,data/cifs/mb-mp-e-form-032565.cif,-0.4169251437738097,0.0
train,mb-mp-e-form-127302,data/cifs/mb-mp-e-form-127302.cif,-3.2524876483333336,0.0
train,mb-mp-e-form-087162,data/cifs/mb-mp-e-form-087162.cif,-2.0733604865277786,0.0
train,mb-mp-e-form-038433,data/cifs/mb-mp-e-form-038433.cif,-0.5230047249999998,0.0
train,mb-mp-e-form-012974,data/cifs/mb-mp-e-form-012974.cif,-0.0154279578124998,0.0
train,mb-mp-e-form-010632,data/cifs/mb-mp-e-form-010632.cif,0.0391947644230769,0.0
train,mb-mp-e-form-035535,data/cifs/mb-mp-e-form-035535.cif,-0.4627556125000005,0.0
train,mb-mp-e-form-078163,data/cifs/mb-mp-e-form-078163.cif,-1.8341533391225,0.0
train,mb-mp-e-form-117395,data/cifs/mb-mp-e-form-117395.cif,-2.823033853324074,0.0
train,mb-mp-e-form-031865,data/cifs/mb-mp-e-form-031865.cif,-0.4010866787499996,0.0
train,mb-mp-e-form-010085,data/cifs/mb-mp-e-form-010085.cif,0.0563111600000003,0.0
train,mb-mp-e-form-060715,data/cifs/mb-mp-e-form-060715.cif,-1.1176051126885485,0.0
train,mb-mp-e-form-095493,data/cifs/mb-mp-e-form-095493.cif,-2.291780645245536,0.0
train,mb-mp-e-form-043314,data/cifs/mb-mp-e-form-043314.cif,-0.6371474500000005,0.0
train,mb-mp-e-form-008018,data/cifs/mb-mp-e-form-008018.cif,0.1129479131250001,0.0
train,mb-mp-e-form-029839,data/cifs/mb-mp-e-form-029839.cif,-0.3620323337499997,0.0
train,mb-mp-e-form-106240,data/cifs/mb-mp-e-form-106240.cif,-2.541142915749999,0.0
train,mb-mp-e-form-036129,data/cifs/mb-mp-e-form-036129.cif,-0.4906766225000001,0.0
train,mb-mp-e-form-040101,data/cifs/mb-mp-e-form-040101.cif,-0.5628407750000006,0.0
train,mb-mp-e-form-042451,data/cifs/mb-mp-e-form-042451.cif,-0.6022530081249999,0.0
train,mb-mp-e-form-077673,data/cifs/mb-mp-e-form-077673.cif,-1.791641984285714,0.0
train,mb-mp-e-form-120640,data/cifs/mb-mp-e-form-120640.cif,-2.9219855107236845,0.0
train,mb-mp-e-form-075677,data/cifs/mb-mp-e-form-075677.cif,-1.730486445624999,0.0
train,mb-mp-e-form-121828,data/cifs/mb-mp-e-form-121828.cif,-2.9854101668900004,0.0
train,mb-mp-e-form-059322,data/cifs/mb-mp-e-form-059322.cif,-1.101171987142428,0.0
train,mb-mp-e-form-114132,data/cifs/mb-mp-e-form-114132.cif,-2.729286769861111,0.0
train,mb-mp-e-form-108451,data/cifs/mb-mp-e-form-108451.cif,-2.575500940446428,0.0
train,mb-mp-e-form-077607,data/cifs/mb-mp-e-form-077607.cif,-1.810397519066539,0.0
train,mb-mp-e-form-011839,data/cifs/mb-mp-e-form-011839.cif,0.0313430524999995,0.0
train,mb-mp-e-form-085933,data/cifs/mb-mp-e-form-085933.cif,-2.0352596322690006,0.0
train,mb-mp-e-form-122109,data/cifs/mb-mp-e-form-122109.cif,-3.0146084505906594,0.0
train,mb-mp-e-form-109843,data/cifs/mb-mp-e-form-109843.cif,-2.635846989285715,0.0
train,mb-mp-e-form-044618,data/cifs/mb-mp-e-form-044618.cif,-0.6399769713636361,0.0
train,mb-mp-e-form-103678,data/cifs/mb-mp-e-form-103678.cif,-2.478907404974286,0.0
train,mb-mp-e-form-034748,data/cifs/mb-mp-e-form-034748.cif,-0.449527436666667,0.0
train,mb-mp-e-form-078732,data/cifs/mb-mp-e-form-078732.cif,-1.8192595916666672,0.0
train,mb-mp-e-form-014433,data/cifs/mb-mp-e-form-014433.cif,-0.0466775449999996,0.0
train,mb-mp-e-form-128162,data/cifs/mb-mp-e-form-128162.cif,-3.3243641272595243,0.0
train,mb-mp-e-form-013102,data/cifs/mb-mp-e-form-013102.cif,-0.01548347625,0.0
train,mb-mp-e-form-013845,data/cifs/mb-mp-e-form-013845.cif,-0.0244357383333332,0.0
train,mb-mp-e-form-031619,data/cifs/mb-mp-e-form-031619.cif,-0.3933616955649999,0.0
train,mb-mp-e-form-123446,data/cifs/mb-mp-e-form-123446.cif,-3.0654902830123816,0.0
train,mb-mp-e-form-060794,data/cifs/mb-mp-e-form-060794.cif,-1.1373508494975004,0.0
train,mb-mp-e-form-029884,data/cifs/mb-mp-e-form-029884.cif,-0.3696903837500005,0.0
train,mb-mp-e-form-095969,data/cifs/mb-mp-e-form-095969.cif,-2.3254791986178955,0.0
train,mb-mp-e-form-059837,data/cifs/mb-mp-e-form-059837.cif,-1.1062351789519993,0.0
train,mb-mp-e-form-012311,data/cifs/mb-mp-e-form-012311.cif,0.0049417536206895,0.0
train,mb-mp-e-form-068933,data/cifs/mb-mp-e-form-068933.cif,-1.5225904041964284,0.0
train,mb-mp-e-form-024712,data/cifs/mb-mp-e-form-024712.cif,-0.2805911568749999,0.0
train,mb-mp-e-form-021209,data/cifs/mb-mp-e-form-021209.cif,-0.2156895771250001,0.0
train,mb-mp-e-form-131846,data/cifs/mb-mp-e-form-131846.cif,-4.267108827975833,0.0
train,mb-mp-e-form-076327,data/cifs/mb-mp-e-form-076327.cif,-1.7610108807692308,0.0
train,mb-mp-e-form-043549,data/cifs/mb-mp-e-form-043549.cif,-0.6334387912499997,0.0
train,mb-mp-e-form-130505,data/cifs/mb-mp-e-form-130505.cif,-3.618383458295455,0.0
train,mb-mp-e-form-043213,data/cifs/mb-mp-e-form-043213.cif,-0.6301152786206903,0.0
train,mb-mp-e-form-001444,data/cifs/mb-mp-e-form-001444.cif,1.03422987,0.0
train,mb-mp-e-form-115509,data/cifs/mb-mp-e-form-115509.cif,-2.7710469604485706,0.0
train,mb-mp-e-form-008165,data/cifs/mb-mp-e-form-008165.cif,0.0981573412500003,0.0
train,mb-mp-e-form-009217,data/cifs/mb-mp-e-form-009217.cif,0.0815958766666667,0.0
train,mb-mp-e-form-049957,data/cifs/mb-mp-e-form-049957.cif,-0.8072274448697918,0.0
train,mb-mp-e-form-025899,data/cifs/mb-mp-e-form-025899.cif,-0.2968578504166661,0.0
train,mb-mp-e-form-016657,data/cifs/mb-mp-e-form-016657.cif,-0.1062012266666675,0.0
train,mb-mp-e-form-052871,data/cifs/mb-mp-e-form-052871.cif,-0.8592742435999998,0.0
train,mb-mp-e-form-086303,data/cifs/mb-mp-e-form-086303.cif,-2.0414991567013896,0.0
train,mb-mp-e-form-002812,data/cifs/mb-mp-e-form-002812.cif,0.8845306316850001,0.0
train,mb-mp-e-form-042331,data/cifs/mb-mp-e-form-042331.cif,-0.5983253560216669,0.0
train,mb-mp-e-form-039544,data/cifs/mb-mp-e-form-039544.cif,-0.5370538250000003,0.0
train,mb-mp-e-form-069005,data/cifs/mb-mp-e-form-069005.cif,-1.5123914308333326,0.0
train,mb-mp-e-form-061896,data/cifs/mb-mp-e-form-061896.cif,-1.2341265419270837,0.0
train,mb-mp-e-form-037329,data/cifs/mb-mp-e-form-037329.cif,-0.515300457,0.0
train,mb-mp-e-form-107133,data/cifs/mb-mp-e-form-107133.cif,-2.562748518695,0.0
train,mb-mp-e-form-118306,data/cifs/mb-mp-e-form-118306.cif,-2.87093166780091,0.0
train,mb-mp-e-form-112372,data/cifs/mb-mp-e-form-112372.cif,-2.676037878522727,0.0
train,mb-mp-e-form-050838,data/cifs/mb-mp-e-form-050838.cif,-0.7980040195312507,0.0
train,mb-mp-e-form-092659,data/cifs/mb-mp-e-form-092659.cif,-2.2069714514127785,0.0
train,mb-mp-e-form-007199,data/cifs/mb-mp-e-form-007199.cif,0.1470825700000002,0.0
train,mb-mp-e-form-037019,data/cifs/mb-mp-e-form-037019.cif,-0.5104832282521414,0.0
train,mb-mp-e-form-020373,data/cifs/mb-mp-e-form-020373.cif,-0.2014965080838094,0.0
train,mb-mp-e-form-112442,data/cifs/mb-mp-e-form-112442.cif,-2.6704299307259323,0.0
train,mb-mp-e-form-124529,data/cifs/mb-mp-e-form-124529.cif,-3.080194478977273,0.0
train,mb-mp-e-form-035942,data/cifs/mb-mp-e-form-035942.cif,-0.4881387688802086,0.0
train,mb-mp-e-form-050856,data/cifs/mb-mp-e-form-050856.cif,-0.8050257491666662,0.0
train,mb-mp-e-form-079539,data/cifs/mb-mp-e-form-079539.cif,-1.8568044179494048,0.0
train,mb-mp-e-form-037552,data/cifs/mb-mp-e-form-037552.cif,-0.5057765277272714,0.0
train,mb-mp-e-form-069041,data/cifs/mb-mp-e-form-069041.cif,-1.5036128960316664,0.0
train,mb-mp-e-form-017627,data/cifs/mb-mp-e-form-017627.cif,-0.1293456731999995,0.0
train,mb-mp-e-form-092820,data/cifs/mb-mp-e-form-092820.cif,-2.2313045491666657,0.0
train,mb-mp-e-form-012364,data/cifs/mb-mp-e-form-012364.cif,0.0115047943749999,0.0
train,mb-mp-e-form-124359,data/cifs/mb-mp-e-form-124359.cif,-3.111891380211539,0.0
train,mb-mp-e-form-023209,data/cifs/mb-mp-e-form-023209.cif,-0.2552740115178571,0.0
train,mb-mp-e-form-042567,data/cifs/mb-mp-e-form-042567.cif,-0.6150858327777782,0.0
train,mb-mp-e-form-017853,data/cifs/mb-mp-e-form-017853.cif,-0.1244647533333337,0.0
train,mb-mp-e-form-013228,data/cifs/mb-mp-e-form-013228.cif,-0.0204099487499997,0.0
train,mb-mp-e-form-074478,data/cifs/mb-mp-e-form-074478.cif,-1.6881389668147069,0.0
train,mb-mp-e-form-128151,data/cifs/mb-mp-e-form-128151.cif,-3.344019912014653,0.0
train,mb-mp-e-form-008011,data/cifs/mb-mp-e-form-008011.cif,0.1122595229166663,0.0
train,mb-mp-e-form-063259,data/cifs/mb-mp-e-form-063259.cif,-1.257294998084766,0.0
train,mb-mp-e-form-108228,data/cifs/mb-mp-e-form-108228.cif,-2.585544684621213,0.0
train,mb-mp-e-form-006209,data/cifs/mb-mp-e-form-006209.cif,0.1813837675000003,0.0
train,mb-mp-e-form-087126,data/cifs/mb-mp-e-form-087126.cif,-2.0750806525,0.0
train,mb-mp-e-form-065781,data/cifs/mb-mp-e-form-065781.cif,-1.3694618372058822,0.0
train,mb-mp-e-form-032763,data/cifs/mb-mp-e-form-032763.cif,-0.423155339148936,0.0
train,mb-mp-e-form-015230,data/cifs/mb-mp-e-form-015230.cif,-0.0700829975000001,0.0
train,mb-mp-e-form-015650,data/cifs/mb-mp-e-form-015650.cif,-0.0594118683333334,0.0
train,mb-mp-e-form-025179,data/cifs/mb-mp-e-form-025179.cif,-0.3030224265292313,0.0
train,mb-mp-e-form-044152,data/cifs/mb-mp-e-form-044152.cif,-0.6555974474999999,0.0
train,mb-mp-e-form-096656,data/cifs/mb-mp-e-form-096656.cif,-2.3251711554166667,0.0
train,mb-mp-e-form-096516,data/cifs/mb-mp-e-form-096516.cif,-2.321462716439393,0.0
train,mb-mp-e-form-076047,data/cifs/mb-mp-e-form-076047.cif,-1.7772709243750004,0.0
train,mb-mp-e-form-079246,data/cifs/mb-mp-e-form-079246.cif,-1.8563688652678567,0.0
train,mb-mp-e-form-115065,data/cifs/mb-mp-e-form-115065.cif,-2.7564872991447373,0.0
train,mb-mp-e-form-023870,data/cifs/mb-mp-e-form-023870.cif,-0.2562238937499996,0.0
train,mb-mp-e-form-007875,data/cifs/mb-mp-e-form-007875.cif,0.1622266612499991,0.0
train,mb-mp-e-form-037268,data/cifs/mb-mp-e-form-037268.cif,-0.5089965234821427,0.0
train,mb-mp-e-form-128122,data/cifs/mb-mp-e-form-128122.cif,-3.3256863553356486,0.0
train,mb-mp-e-form-010562,data/cifs/mb-mp-e-form-010562.cif,0.0527431499999998,0.0
train,mb-mp-e-form-062566,data/cifs/mb-mp-e-form-062566.cif,-1.2200264750689649,0.0
train,mb-mp-e-form-128607,data/cifs/mb-mp-e-form-128607.cif,-3.314175293974359,0.0
train,mb-mp-e-form-030149,data/cifs/mb-mp-e-form-030149.cif,-0.3772104172290911,0.0
train,mb-mp-e-form-121340,data/cifs/mb-mp-e-form-121340.cif,-2.975871085952381,0.0
train,mb-mp-e-form-121336,data/cifs/mb-mp-e-form-121336.cif,-2.9736915184412127,0.0
train,mb-mp-e-form-091755,data/cifs/mb-mp-e-form-091755.cif,-2.19572455975,0.0
train,mb-mp-e-form-131870,data/cifs/mb-mp-e-form-131870.cif,-4.322245393916102,0.0
train,mb-mp-e-form-038159,data/cifs/mb-mp-e-form-038159.cif,-0.5192282772727271,0.0
train,mb-mp-e-form-101467,data/cifs/mb-mp-e-form-101467.cif,-2.4334453890430408,0.0
train,mb-mp-e-form-013686,data/cifs/mb-mp-e-form-013686.cif,-0.0165614081818174,0.0
train,mb-mp-e-form-006148,data/cifs/mb-mp-e-form-006148.cif,0.1742213652083335,0.0
train,mb-mp-e-form-066758,data/cifs/mb-mp-e-form-066758.cif,-1.3888554350892868,0.0
train,mb-mp-e-form-123196,data/cifs/mb-mp-e-form-123196.cif,-3.0381507555392147,0.0
train,mb-mp-e-form-091696,data/cifs/mb-mp-e-form-091696.cif,-2.1890727263,0.0
train,mb-mp-e-form-096497,data/cifs/mb-mp-e-form-096497.cif,-2.3224639780303025,0.0
train,mb-mp-e-form-035650,data/cifs/mb-mp-e-form-035650.cif,-0.4631006525602884,0.0
train,mb-mp-e-form-054043,data/cifs/mb-mp-e-form-054043.cif,-0.927415297857143,0.0
train,mb-mp-e-form-025595,data/cifs/mb-mp-e-form-025595.cif,-0.292039422222223,0.0
train,mb-mp-e-form-115379,data/cifs/mb-mp-e-form-115379.cif,-2.755401168250001,0.0
train,mb-mp-e-form-096833,data/cifs/mb-mp-e-form-096833.cif,-2.343992089298,0.0
train,mb-mp-e-form-083803,data/cifs/mb-mp-e-form-083803.cif,-1.99347243575,0.0
train,mb-mp-e-form-070480,data/cifs/mb-mp-e-form-070480.cif,-1.54159589455925,0.0
train,mb-mp-e-form-066375,data/cifs/mb-mp-e-form-066375.cif,-1.4006040887630211,0.0
train,mb-mp-e-form-095495,data/cifs/mb-mp-e-form-095495.cif,-2.294829934203297,0.0
train,mb-mp-e-form-049834,data/cifs/mb-mp-e-form-049834.cif,-0.7820271237500007,0.0
train,mb-mp-e-form-064809,data/cifs/mb-mp-e-form-064809.cif,-1.3017272093263883,0.0
train,mb-mp-e-form-085947,data/cifs/mb-mp-e-form-085947.cif,-2.0382347602690003,0.0
train,mb-mp-e-form-010099,data/cifs/mb-mp-e-form-010099.cif,0.0414272084375002,0.0
train,mb-mp-e-form-001538,data/cifs/mb-mp-e-form-001538.cif,1.304686289942529,0.0
train,mb-mp-e-form-056273,data/cifs/mb-mp-e-form-056273.cif,-0.9869236867007812,0.0
train,mb-mp-e-form-116649,data/cifs/mb-mp-e-form-116649.cif,-2.8111874322707697,0.0
train,mb-mp-e-form-006503,data/cifs/mb-mp-e-form-006503.cif,0.1768965324999989,0.0
train,mb-mp-e-form-081294,data/cifs/mb-mp-e-form-081294.cif,-1.9072812978272,0.0
train,mb-mp-e-form-093033,data/cifs/mb-mp-e-form-093033.cif,-2.238701793020834,0.0
train,mb-mp-e-form-043455,data/cifs/mb-mp-e-form-043455.cif,-0.6220005329218748,0.0
train,mb-mp-e-form-072867,data/cifs/mb-mp-e-form-072867.cif,-1.652932989374999,0.0
train,mb-mp-e-form-066826,data/cifs/mb-mp-e-form-066826.cif,-1.397665580024965,0.0
train,mb-mp-e-form-031302,data/cifs/mb-mp-e-form-031302.cif,-0.393726082222222,0.0
train,mb-mp-e-form-009628,data/cifs/mb-mp-e-form-009628.cif,0.0771035288811766,0.0
train,mb-mp-e-form-066623,data/cifs/mb-mp-e-form-066623.cif,-1.3986434163690489,0.0
train,mb-mp-e-form-018901,data/cifs/mb-mp-e-form-018901.cif,-0.1568409099999996,0.0
train,mb-mp-e-form-109297,data/cifs/mb-mp-e-form-109297.cif,-2.6079066753214284,0.0
train,mb-mp-e-form-007286,data/cifs/mb-mp-e-form-007286.cif,0.1581673172727278,0.0
train,mb-mp-e-form-068679,data/cifs/mb-mp-e-form-068679.cif,-1.4804548084275,0.0
train,mb-mp-e-form-074850,data/cifs/mb-mp-e-form-074850.cif,-1.739304266511818,0.0
train,mb-mp-e-form-106721,data/cifs/mb-mp-e-form-106721.cif,-2.539738084583877,0.0
train,mb-mp-e-form-128360,data/cifs/mb-mp-e-form-128360.cif,-3.3706548222526926,0.0
train,mb-mp-e-form-082185,data/cifs/mb-mp-e-form-082185.cif,-1.9262944232607508,0.0
train,mb-mp-e-form-048919,data/cifs/mb-mp-e-form-048919.cif,-0.7594568378906246,0.0
train,mb-mp-e-form-124809,data/cifs/mb-mp-e-form-124809.cif,-3.157647296284722,0.0
train,mb-mp-e-form-017610,data/cifs/mb-mp-e-form-017610.cif,-0.1257543714285713,0.0
train,mb-mp-e-form-101701,data/cifs/mb-mp-e-form-101701.cif,-2.439308424360589,0.0
train,mb-mp-e-form-085464,data/cifs/mb-mp-e-form-085464.cif,-2.004370013087468,0.0
train,mb-mp-e-form-050238,data/cifs/mb-mp-e-form-050238.cif,-0.7932035720689661,0.0
train,mb-mp-e-form-092779,data/cifs/mb-mp-e-form-092779.cif,-2.243761715561112,0.0
train,mb-mp-e-form-075809,data/cifs/mb-mp-e-form-075809.cif,-1.7463971945833332,0.0
train,mb-mp-e-form-112689,data/cifs/mb-mp-e-form-112689.cif,-2.682860515533424,0.0
train,mb-mp-e-form-102164,data/cifs/mb-mp-e-form-102164.cif,-2.445884675263976,0.0
train,mb-mp-e-form-047601,data/cifs/mb-mp-e-form-047601.cif,-0.7171369925000004,0.0
train,mb-mp-e-form-003269,data/cifs/mb-mp-e-form-003269.cif,0.5343751562500003,0.0
train,mb-mp-e-form-053835,data/cifs/mb-mp-e-form-053835.cif,-0.8917132402451511,0.0
train,mb-mp-e-form-056577,data/cifs/mb-mp-e-form-056577.cif,-0.9716200991165004,0.0
train,mb-mp-e-form-058886,data/cifs/mb-mp-e-form-058886.cif,-1.096486887361111,0.0
train,mb-mp-e-form-057493,data/cifs/mb-mp-e-form-057493.cif,-1.0346150147209825,0.0
train,mb-mp-e-form-102149,data/cifs/mb-mp-e-form-102149.cif,-2.4524680654374995,0.0
train,mb-mp-e-form-027324,data/cifs/mb-mp-e-form-027324.cif,-0.3287805422222223,0.0
train,mb-mp-e-form-069114,data/cifs/mb-mp-e-form-069114.cif,-1.5103727765654047,0.0
train,mb-mp-e-form-004287,data/cifs/mb-mp-e-form-004287.cif,0.374423027178889,0.0
train,mb-mp-e-form-118804,data/cifs/mb-mp-e-form-118804.cif,-2.8859702150000004,0.0
train,mb-mp-e-form-115637,data/cifs/mb-mp-e-form-115637.cif,-2.7610544519047617,0.0
train,mb-mp-e-form-032227,data/cifs/mb-mp-e-form-032227.cif,-0.4181111280263155,0.0
train,mb-mp-e-form-057615,data/cifs/mb-mp-e-form-057615.cif,-1.0307082039444448,0.0
train,mb-mp-e-form-125033,data/cifs/mb-mp-e-form-125033.cif,-3.148058619598765,0.0
train,mb-mp-e-form-066699,data/cifs/mb-mp-e-form-066699.cif,-1.3871836879687502,0.0
train,mb-mp-e-form-056546,data/cifs/mb-mp-e-form-056546.cif,-0.9684488385937504,0.0
train,mb-mp-e-form-032831,data/cifs/mb-mp-e-form-032831.cif,-0.4108683625000005,0.0
train,mb-mp-e-form-081195,data/cifs/mb-mp-e-form-081195.cif,-1.8828332347265635,0.0
train,mb-mp-e-form-046655,data/cifs/mb-mp-e-form-046655.cif,-0.7016364827231243,0.0
train,mb-mp-e-form-075579,data/cifs/mb-mp-e-form-075579.cif,-1.7315919154407693,0.0
train,mb-mp-e-form-069469,data/cifs/mb-mp-e-form-069469.cif,-1.5183589141475091,0.0
train,mb-mp-e-form-081058,data/cifs/mb-mp-e-form-081058.cif,-1.883916838204999,0.0
train,mb-mp-e-form-129781,data/cifs/mb-mp-e-form-129781.cif,-3.559655110083334,0.0
train,mb-mp-e-form-007661,data/cifs/mb-mp-e-form-007661.cif,0.1462283525000014,0.0
train,mb-mp-e-form-091294,data/cifs/mb-mp-e-form-091294.cif,-2.1819184750000007,0.0
train,mb-mp-e-form-082991,data/cifs/mb-mp-e-form-082991.cif,-1.960193316974284,0.0
train,mb-mp-e-form-049804,data/cifs/mb-mp-e-form-049804.cif,-0.7720715097619061,0.0
train,mb-mp-e-form-092875,data/cifs/mb-mp-e-form-092875.cif,-2.230033130892857,0.0
train,mb-mp-e-form-125683,data/cifs/mb-mp-e-form-125683.cif,-3.171687783016919,0.0
train,mb-mp-e-form-089113,data/cifs/mb-mp-e-form-089113.cif,-2.1447299268681324,0.0
train,mb-mp-e-form-124292,data/cifs/mb-mp-e-form-124292.cif,-3.109554961773332,0.0
train,mb-mp-e-form-052417,data/cifs/mb-mp-e-form-052417.cif,-0.8378644183996217,0.0
train,mb-mp-e-form-117554,data/cifs/mb-mp-e-form-117554.cif,-2.841289651666668,0.0
train,mb-mp-e-form-080747,data/cifs/mb-mp-e-form-080747.cif,-1.8592275023826084,0.0
train,mb-mp-e-form-038318,data/cifs/mb-mp-e-form-038318.cif,-0.5181010240476193,0.0
train,mb-mp-e-form-056402,data/cifs/mb-mp-e-form-056402.cif,-0.97577375875,0.0
train,mb-mp-e-form-114231,data/cifs/mb-mp-e-form-114231.cif,-2.750370497298096,0.0
train,mb-mp-e-form-100138,data/cifs/mb-mp-e-form-100138.cif,-2.40356547065,0.0
train,mb-mp-e-form-070462,data/cifs/mb-mp-e-form-070462.cif,-1.5614889807500003,0.0
train,mb-mp-e-form-047753,data/cifs/mb-mp-e-form-047753.cif,-0.7218132918147324,0.0
train,mb-mp-e-form-045772,data/cifs/mb-mp-e-form-045772.cif,-0.6638436189579996,0.0
train,mb-mp-e-form-098047,data/cifs/mb-mp-e-form-098047.cif,-2.36129365275,0.0
train,mb-mp-e-form-122730,data/cifs/mb-mp-e-form-122730.cif,-3.022919754583332,0.0
train,mb-mp-e-form-039314,data/cifs/mb-mp-e-form-039314.cif,-0.547010518,0.0
train,mb-mp-e-form-014419,data/cifs/mb-mp-e-form-014419.cif,-0.0433881023428566,0.0
train,mb-mp-e-form-116529,data/cifs/mb-mp-e-form-116529.cif,-2.8069250701058324,0.0
train,mb-mp-e-form-055299,data/cifs/mb-mp-e-form-055299.cif,-0.9452656474400004,0.0
train,mb-mp-e-form-108182,data/cifs/mb-mp-e-form-108182.cif,-2.5778289737499995,0.0
train,mb-mp-e-form-071452,data/cifs/mb-mp-e-form-071452.cif,-1.5861766142375997,0.0
train,mb-mp-e-form-085969,data/cifs/mb-mp-e-form-085969.cif,-2.0501582774516662,0.0
train,mb-mp-e-form-006513,data/cifs/mb-mp-e-form-006513.cif,0.2132132175000003,0.0
train,mb-mp-e-form-069332,data/cifs/mb-mp-e-form-069332.cif,-1.5027845005899785,0.0
train,mb-mp-e-form-095539,data/cifs/mb-mp-e-form-095539.cif,-2.301100563818682,0.0
train,mb-mp-e-form-098255,data/cifs/mb-mp-e-form-098255.cif,-2.3688051836200006,0.0
train,mb-mp-e-form-093614,data/cifs/mb-mp-e-form-093614.cif,-2.2451938974404766,0.0
train,mb-mp-e-form-087835,data/cifs/mb-mp-e-form-087835.cif,-2.116130187125264,0.0
train,mb-mp-e-form-019377,data/cifs/mb-mp-e-form-019377.cif,-0.1733065197321419,0.0
train,mb-mp-e-form-039280,data/cifs/mb-mp-e-form-039280.cif,-0.5490567099999999,0.0
train,mb-mp-e-form-043656,data/cifs/mb-mp-e-form-043656.cif,-0.6380095490000002,0.0
train,mb-mp-e-form-078640,data/cifs/mb-mp-e-form-078640.cif,-1.8169682763581831,0.0
train,mb-mp-e-form-028147,data/cifs/mb-mp-e-form-028147.cif,-0.3483873708333331,0.0
train,mb-mp-e-form-111201,data/cifs/mb-mp-e-form-111201.cif,-2.664626633020833,0.0
train,mb-mp-e-form-119042,data/cifs/mb-mp-e-form-119042.cif,-2.9098639530499986,0.0
train,mb-mp-e-form-110115,data/cifs/mb-mp-e-form-110115.cif,-2.633754017442,0.0
train,mb-mp-e-form-123930,data/cifs/mb-mp-e-form-123930.cif,-3.0853399010305123,0.0
train,mb-mp-e-form-130297,data/cifs/mb-mp-e-form-130297.cif,-3.614597241428573,0.0
train,mb-mp-e-form-106802,data/cifs/mb-mp-e-form-106802.cif,-2.550499957321428,0.0
train,mb-mp-e-form-033556,data/cifs/mb-mp-e-form-033556.cif,-0.4427442325000008,0.0
train,mb-mp-e-form-131574,data/cifs/mb-mp-e-form-131574.cif,-3.730595147142857,0.0
train,mb-mp-e-form-097751,data/cifs/mb-mp-e-form-097751.cif,-2.344622726666666,0.0
train,mb-mp-e-form-069610,data/cifs/mb-mp-e-form-069610.cif,-1.5218256823437502,0.0
train,mb-mp-e-form-081653,data/cifs/mb-mp-e-form-081653.cif,-1.8843200514062497,0.0
train,mb-mp-e-form-021649,data/cifs/mb-mp-e-form-021649.cif,-0.2242031907894734,0.0
train,mb-mp-e-form-035790,data/cifs/mb-mp-e-form-035790.cif,-0.4742655449999997,0.0
train,mb-mp-e-form-091946,data/cifs/mb-mp-e-form-091946.cif,-2.2174490236094253,0.0
train,mb-mp-e-form-034987,data/cifs/mb-mp-e-form-034987.cif,-0.469812985,0.0
train,mb-mp-e-form-116199,data/cifs/mb-mp-e-form-116199.cif,-2.806610973937916,0.0
train,mb-mp-e-form-092993,data/cifs/mb-mp-e-form-092993.cif,-2.2374542910112183,0.0
train,mb-mp-e-form-100528,data/cifs/mb-mp-e-form-100528.cif,-2.406791063707108,0.0
train,mb-mp-e-form-005780,data/cifs/mb-mp-e-form-005780.cif,0.2249273956250004,0.0
train,mb-mp-e-form-058358,data/cifs/mb-mp-e-form-058358.cif,-1.0525915817257143,0.0
train,mb-mp-e-form-065761,data/cifs/mb-mp-e-form-065761.cif,-1.374752923750001,0.0
train,mb-mp-e-form-072390,data/cifs/mb-mp-e-form-072390.cif,-1.6240486436015322,0.0
train,mb-mp-e-form-079989,data/cifs/mb-mp-e-form-079989.cif,-1.86448006819357,0.0
train,mb-mp-e-form-073892,data/cifs/mb-mp-e-form-073892.cif,-1.6947232952500002,0.0
train,mb-mp-e-form-079088,data/cifs/mb-mp-e-form-079088.cif,-1.85355936381,0.0
train,mb-mp-e-form-041338,data/cifs/mb-mp-e-form-041338.cif,-0.5947440371317829,0.0
train,mb-mp-e-form-062936,data/cifs/mb-mp-e-form-062936.cif,-1.2821937691562504,0.0
train,mb-mp-e-form-061587,data/cifs/mb-mp-e-form-061587.cif,-1.19740294125,0.0
train,mb-mp-e-form-050122,data/cifs/mb-mp-e-form-050122.cif,-0.7863415087500005,0.0
train,mb-mp-e-form-070679,data/cifs/mb-mp-e-form-070679.cif,-1.549444169642857,0.0
train,mb-mp-e-form-024426,data/cifs/mb-mp-e-form-024426.cif,-0.2784101331473201,0.0
train,mb-mp-e-form-117343,data/cifs/mb-mp-e-form-117343.cif,-2.818847479455129,0.0
train,mb-mp-e-form-063233,data/cifs/mb-mp-e-form-063233.cif,-1.2828186625000002,0.0
train,mb-mp-e-form-115922,data/cifs/mb-mp-e-form-115922.cif,-2.8143953015625,0.0
train,mb-mp-e-form-056346,data/cifs/mb-mp-e-form-056346.cif,-1.0010339896666665,0.0
train,mb-mp-e-form-050040,data/cifs/mb-mp-e-form-050040.cif,-0.7947557249999999,0.0
train,mb-mp-e-form-091301,data/cifs/mb-mp-e-form-091301.cif,-2.1974389604075,0.0
train,mb-mp-e-form-004852,data/cifs/mb-mp-e-form-004852.cif,0.4074763574137927,0.0
train,mb-mp-e-form-006740,data/cifs/mb-mp-e-form-006740.cif,0.1909110971874999,0.0
train,mb-mp-e-form-031187,data/cifs/mb-mp-e-form-031187.cif,-0.3948501222227077,0.0
train,mb-mp-e-form-013041,data/cifs/mb-mp-e-form-013041.cif,-0.02264103125,0.0
train,mb-mp-e-form-113524,data/cifs/mb-mp-e-form-113524.cif,-2.6920831521860604,0.0
train,mb-mp-e-form-115611,data/cifs/mb-mp-e-form-115611.cif,-2.755131826018519,0.0
train,mb-mp-e-form-081874,data/cifs/mb-mp-e-form-081874.cif,-1.93231917925,0.0
train,mb-mp-e-form-042656,data/cifs/mb-mp-e-form-042656.cif,-0.6006745212427388,0.0
train,mb-mp-e-form-030584,data/cifs/mb-mp-e-form-030584.cif,-0.3773823125000002,0.0
train,mb-mp-e-form-014246,data/cifs/mb-mp-e-form-014246.cif,-0.0498513404572412,0.0
train,mb-mp-e-form-000834,data/cifs/mb-mp-e-form-000834.cif,1.8750606333749984,0.0
train,mb-mp-e-form-093807,data/cifs/mb-mp-e-form-093807.cif,-2.2628130684577914,0.0
train,mb-mp-e-form-033292,data/cifs/mb-mp-e-form-033292.cif,-0.4369367166163798,0.0
train,mb-mp-e-form-047069,data/cifs/mb-mp-e-form-047069.cif,-0.7272760489583332,0.0
train,mb-mp-e-form-118569,data/cifs/mb-mp-e-form-118569.cif,-2.851891987196296,0.0
train,mb-mp-e-form-112223,data/cifs/mb-mp-e-form-112223.cif,-2.680831404750001,0.0
train,mb-mp-e-form-003184,data/cifs/mb-mp-e-form-003184.cif,0.5864255753142861,0.0
train,mb-mp-e-form-118903,data/cifs/mb-mp-e-form-118903.cif,-2.911196212989137,0.0
train,mb-mp-e-form-020121,data/cifs/mb-mp-e-form-020121.cif,-0.2047135898214289,0.0
train,mb-mp-e-form-072746,data/cifs/mb-mp-e-form-072746.cif,-1.6353136433283346,0.0
train,mb-mp-e-form-036875,data/cifs/mb-mp-e-form-036875.cif,-0.4909682599999998,0.0
train,mb-mp-e-form-028451,data/cifs/mb-mp-e-form-028451.cif,-0.3411145683500002,0.0
train,mb-mp-e-form-090709,data/cifs/mb-mp-e-form-090709.cif,-2.145947607017143,0.0
train,mb-mp-e-form-024564,data/cifs/mb-mp-e-form-024564.cif,-0.2869748467499988,0.0
train,mb-mp-e-form-005392,data/cifs/mb-mp-e-form-005392.cif,0.2925630469531248,0.0
train,mb-mp-e-form-024762,data/cifs/mb-mp-e-form-024762.cif,-0.2809580592259998,0.0
train,mb-mp-e-form-053534,data/cifs/mb-mp-e-form-053534.cif,-0.8769388446306817,0.0
train,mb-mp-e-form-029867,data/cifs/mb-mp-e-form-029867.cif,-0.3594960845833328,0.0
train,mb-mp-e-form-043918,data/cifs/mb-mp-e-form-043918.cif,-0.6524140108333327,0.0
train,mb-mp-e-form-111705,data/cifs/mb-mp-e-form-111705.cif,-2.661540699949091,0.0
train,mb-mp-e-form-040961,data/cifs/mb-mp-e-form-040961.cif,-0.5874893200000008,0.0
train,mb-mp-e-form-000170,data/cifs/mb-mp-e-form-000170.cif,1.891082008333332,0.0
train,mb-mp-e-form-038725,data/cifs/mb-mp-e-form-038725.cif,-0.5292575564376797,0.0
train,mb-mp-e-form-033585,data/cifs/mb-mp-e-form-033585.cif,-0.4438669535185187,0.0
train,mb-mp-e-form-030683,data/cifs/mb-mp-e-form-030683.cif,-0.3855997119999997,0.0
train,mb-mp-e-form-079297,data/cifs/mb-mp-e-form-079297.cif,-1.8450489812500004,0.0
train,mb-mp-e-form-076355,data/cifs/mb-mp-e-form-076355.cif,-1.7787896100835416,0.0
train,mb-mp-e-form-103132,data/cifs/mb-mp-e-form-103132.cif,-2.469443987692308,0.0
train,mb-mp-e-form-037167,data/cifs/mb-mp-e-form-037167.cif,-0.5094023990586927,0.0
train,mb-mp-e-form-121721,data/cifs/mb-mp-e-form-121721.cif,-2.957381326468255,0.0
train,mb-mp-e-form-095996,data/cifs/mb-mp-e-form-095996.cif,-2.3262400745803804,0.0
train,mb-mp-e-form-116210,data/cifs/mb-mp-e-form-116210.cif,-2.792096283250001,0.0
train,mb-mp-e-form-093496,data/cifs/mb-mp-e-form-093496.cif,-2.243590161969698,0.0
train,mb-mp-e-form-074721,data/cifs/mb-mp-e-form-074721.cif,-1.6817701889285712,0.0
train,mb-mp-e-form-124428,data/cifs/mb-mp-e-form-124428.cif,-3.099957831583333,0.0
train,mb-mp-e-form-130660,data/cifs/mb-mp-e-form-130660.cif,-3.494002050537633,0.0
train,mb-mp-e-form-062883,data/cifs/mb-mp-e-form-062883.cif,-1.2792071422916669,0.0
train,mb-mp-e-form-063465,data/cifs/mb-mp-e-form-063465.cif,-1.2608602999520002,0.0
train,mb-mp-e-form-100596,data/cifs/mb-mp-e-form-100596.cif,-2.413362381007912,0.0
train,mb-mp-e-form-077104,data/cifs/mb-mp-e-form-077104.cif,-1.7943685488281256,0.0
train,mb-mp-e-form-100251,data/cifs/mb-mp-e-form-100251.cif,-2.4070609027428578,0.0
train,mb-mp-e-form-025305,data/cifs/mb-mp-e-form-025305.cif,-0.2895987820967194,0.0
train,mb-mp-e-form-041789,data/cifs/mb-mp-e-form-041789.cif,-0.596724148202,0.0
train,mb-mp-e-form-067371,data/cifs/mb-mp-e-form-067371.cif,-1.4237335240000002,0.0
train,mb-mp-e-form-112458,data/cifs/mb-mp-e-form-112458.cif,-2.6716144087605564,0.0
train,mb-mp-e-form-129867,data/cifs/mb-mp-e-form-129867.cif,-3.54844720675,0.0
train,mb-mp-e-form-105931,data/cifs/mb-mp-e-form-105931.cif,-2.540838026776315,0.0
train,mb-mp-e-form-122817,data/cifs/mb-mp-e-form-122817.cif,-3.0381653021790007,0.0
train,mb-mp-e-form-087847,data/cifs/mb-mp-e-form-087847.cif,-2.093244213571429,0.0
train,mb-mp-e-form-005423,data/cifs/mb-mp-e-form-005423.cif,0.2249545749999999,0.0
train,mb-mp-e-form-028261,data/cifs/mb-mp-e-form-028261.cif,-0.3478687233333322,0.0
train,mb-mp-e-form-109322,data/cifs/mb-mp-e-form-109322.cif,-2.5987527585770462,0.0
train,mb-mp-e-form-017119,data/cifs/mb-mp-e-form-017119.cif,-0.1179110425000002,0.0
train,mb-mp-e-form-096614,data/cifs/mb-mp-e-form-096614.cif,-2.315746067812564,0.0
train,mb-mp-e-form-114988,data/cifs/mb-mp-e-form-114988.cif,-2.78453244175,0.0
train,mb-mp-e-form-099951,data/cifs/mb-mp-e-form-099951.cif,-2.406108948083334,0.0
train,mb-mp-e-form-036008,data/cifs/mb-mp-e-form-036008.cif,-0.4841661966666667,0.0
train,mb-mp-e-form-069279,data/cifs/mb-mp-e-form-069279.cif,-1.5235974530628564,0.0
train,mb-mp-e-form-110993,data/cifs/mb-mp-e-form-110993.cif,-2.6450189474,0.0
train,mb-mp-e-form-044271,data/cifs/mb-mp-e-form-044271.cif,-0.6476754601334154,0.0
train,mb-mp-e-form-102101,data/cifs/mb-mp-e-form-102101.cif,-2.4652850622689795,0.0
train,mb-mp-e-form-006822,data/cifs/mb-mp-e-form-006822.cif,0.1654528677813044,0.0
train,mb-mp-e-form-092028,data/cifs/mb-mp-e-form-092028.cif,-2.216440981856317,0.0
train,mb-mp-e-form-063493,data/cifs/mb-mp-e-form-063493.cif,-1.2639685759999997,0.0
train,mb-mp-e-form-098374,data/cifs/mb-mp-e-form-098374.cif,-2.366031690669644,0.0
train,mb-mp-e-form-020684,data/cifs/mb-mp-e-form-020684.cif,-0.1934953460869559,0.0
train,mb-mp-e-form-123659,data/cifs/mb-mp-e-form-123659.cif,-3.063135816531428,0.0
train,mb-mp-e-form-105368,data/cifs/mb-mp-e-form-105368.cif,-2.5122115817500004,0.0
train,mb-mp-e-form-015606,data/cifs/mb-mp-e-form-015606.cif,-0.0641147057499992,0.0
train,mb-mp-e-form-034262,data/cifs/mb-mp-e-form-034262.cif,-0.4584956404133791,0.0
train,mb-mp-e-form-123126,data/cifs/mb-mp-e-form-123126.cif,-3.045569057038543,0.0
train,mb-mp-e-form-007794,data/cifs/mb-mp-e-form-007794.cif,0.1346093916666658,0.0
train,mb-mp-e-form-121455,data/cifs/mb-mp-e-form-121455.cif,-2.9643150974245,0.0
train,mb-mp-e-form-097072,data/cifs/mb-mp-e-form-097072.cif,-2.344178083357408,0.0
train,mb-mp-e-form-021852,data/cifs/mb-mp-e-form-021852.cif,-0.2248660874999997,0.0
train,mb-mp-e-form-120643,data/cifs/mb-mp-e-form-120643.cif,-2.9286660213271603,0.0
train,mb-mp-e-form-039260,data/cifs/mb-mp-e-form-039260.cif,-0.5462857681165774,0.0
train,mb-mp-e-form-094872,data/cifs/mb-mp-e-form-094872.cif,-2.280560800416666,0.0
train,mb-mp-e-form-065725,data/cifs/mb-mp-e-form-065725.cif,-1.358328791052956,0.0
train,mb-mp-e-form-050169,data/cifs/mb-mp-e-form-050169.cif,-0.7992748269047625,0.0
train,mb-mp-e-form-009593,data/cifs/mb-mp-e-form-009593.cif,0.0898804698737496,0.0
train,mb-mp-e-form-055391,data/cifs/mb-mp-e-form-055391.cif,-0.959518361857144,0.0
train,mb-mp-e-form-090209,data/cifs/mb-mp-e-form-090209.cif,-2.1564871447777776,0.0
train,mb-mp-e-form-122831,data/cifs/mb-mp-e-form-122831.cif,-3.04387603787037,0.0
train,mb-mp-e-form-038723,data/cifs/mb-mp-e-form-038723.cif,-0.5209544414433336,0.0
train,mb-mp-e-form-029861,data/cifs/mb-mp-e-form-029861.cif,-0.3571517586644776,0.0
train,mb-mp-e-form-121281,data/cifs/mb-mp-e-form-121281.cif,-2.9754507842916667,0.0
train,mb-mp-e-form-086402,data/cifs/mb-mp-e-form-086402.cif,-2.047712512631579,0.0
train,mb-mp-e-form-126063,data/cifs/mb-mp-e-form-126063.cif,-3.210983905,0.0
train,mb-mp-e-form-071329,data/cifs/mb-mp-e-form-071329.cif,-1.6014762493750003,0.0
train,mb-mp-e-form-115514,data/cifs/mb-mp-e-form-115514.cif,-2.782052313384545,0.0
train,mb-mp-e-form-030701,data/cifs/mb-mp-e-form-030701.cif,-0.3902500503645842,0.0
train,mb-mp-e-form-054870,data/cifs/mb-mp-e-form-054870.cif,-0.9015529046153848,0.0
train,mb-mp-e-form-087252,data/cifs/mb-mp-e-form-087252.cif,-2.0718107261328127,0.0
train,mb-mp-e-form-027516,data/cifs/mb-mp-e-form-027516.cif,-0.3293690666666666,0.0
train,mb-mp-e-form-129342,data/cifs/mb-mp-e-form-129342.cif,-3.447927785275424,0.0
train,mb-mp-e-form-032019,data/cifs/mb-mp-e-form-032019.cif,-0.4141488871428568,0.0
train,mb-mp-e-form-060729,data/cifs/mb-mp-e-form-060729.cif,-1.133572322738,0.0
train,mb-mp-e-form-017573,data/cifs/mb-mp-e-form-017573.cif,-0.1099914119999994,0.0
train,mb-mp-e-form-011602,data/cifs/mb-mp-e-form-011602.cif,0.0322870899999996,0.0
train,mb-mp-e-form-101392,data/cifs/mb-mp-e-form-101392.cif,-2.442068423907778,0.0
train,mb-mp-e-form-004834,data/cifs/mb-mp-e-form-004834.cif,0.4358188637499993,0.0
train,mb-mp-e-form-004685,data/cifs/mb-mp-e-form-004685.cif,0.3855142167182783,0.0
train,mb-mp-e-form-007779,data/cifs/mb-mp-e-form-007779.cif,0.1475177500000004,0.0
train,mb-mp-e-form-100051,data/cifs/mb-mp-e-form-100051.cif,-2.413013467959184,0.0
train,mb-mp-e-form-081349,data/cifs/mb-mp-e-form-081349.cif,-1.8848877381973792,0.0
train,mb-mp-e-form-128626,data/cifs/mb-mp-e-form-128626.cif,-3.3356169011111105,0.0
train,mb-mp-e-form-129814,data/cifs/mb-mp-e-form-129814.cif,-3.61191962787037,0.0
train,mb-mp-e-form-079211,data/cifs/mb-mp-e-form-079211.cif,-1.8384274278725,0.0
train,mb-mp-e-form-127538,data/cifs/mb-mp-e-form-127538.cif,-3.263007105227036,0.0
train,mb-mp-e-form-063782,data/cifs/mb-mp-e-form-063782.cif,-1.2670768771428575,0.0
train,mb-mp-e-form-112028,data/cifs/mb-mp-e-form-112028.cif,-2.6723800235,0.0
train,mb-mp-e-form-002694,data/cifs/mb-mp-e-form-002694.cif,0.8481732108447624,0.0
train,mb-mp-e-form-079351,data/cifs/mb-mp-e-form-079351.cif,-1.84237818453125,0.0
train,mb-mp-e-form-020228,data/cifs/mb-mp-e-form-020228.cif,-0.2047979537499999,0.0
train,mb-mp-e-form-127614,data/cifs/mb-mp-e-form-127614.cif,-3.2646127833925704,0.0
train,mb-mp-e-form-101120,data/cifs/mb-mp-e-form-101120.cif,-2.433325613224615,0.0
train,mb-mp-e-form-065272,data/cifs/mb-mp-e-form-065272.cif,-1.3509332614999985,0.0
train,mb-mp-e-form-014845,data/cifs/mb-mp-e-form-014845.cif,-0.044378793333332,0.0
train,mb-mp-e-form-076039,data/cifs/mb-mp-e-form-076039.cif,-1.7750644689843753,0.0
train,mb-mp-e-form-068729,data/cifs/mb-mp-e-form-068729.cif,-1.4848083150000002,0.0
train,mb-mp-e-form-041751,data/cifs/mb-mp-e-form-041751.cif,-0.5903872554999999,0.0
train,mb-mp-e-form-104009,data/cifs/mb-mp-e-form-104009.cif,-2.50192917751985,0.0
train,mb-mp-e-form-062234,data/cifs/mb-mp-e-form-062234.cif,-1.2273368166875016,0.0
train,mb-mp-e-form-090329,data/cifs/mb-mp-e-form-090329.cif,-2.147066934444444,0.0
train,mb-mp-e-form-090710,data/cifs/mb-mp-e-form-090710.cif,-2.148944853982001,0.0
train,mb-mp-e-form-128750,data/cifs/mb-mp-e-form-128750.cif,-3.374911916435186,0.0
train,mb-mp-e-form-048431,data/cifs/mb-mp-e-form-048431.cif,-0.7513639339062504,0.0
train,mb-mp-e-form-042110,data/cifs/mb-mp-e-form-042110.cif,-0.61217933,0.0
train,mb-mp-e-form-015333,data/cifs/mb-mp-e-form-015333.cif,-0.0691537597844835,0.0
train,mb-mp-e-form-084657,data/cifs/mb-mp-e-form-084657.cif,-2.001111073977273,0.0
train,mb-mp-e-form-069540,data/cifs/mb-mp-e-form-069540.cif,-1.5043558041056029,0.0
train,mb-mp-e-form-089605,data/cifs/mb-mp-e-form-089605.cif,-2.137061150119999,0.0
train,mb-mp-e-form-002397,data/cifs/mb-mp-e-form-002397.cif,0.7051854271875015,0.0
train,mb-mp-e-form-056295,data/cifs/mb-mp-e-form-056295.cif,-0.9991352,0.0
train,mb-mp-e-form-042708,data/cifs/mb-mp-e-form-042708.cif,-0.6036013469848219,0.0
train,mb-mp-e-form-033887,data/cifs/mb-mp-e-form-033887.cif,-0.4376551547023819,0.0
train,mb-mp-e-form-050803,data/cifs/mb-mp-e-form-050803.cif,-0.8072333118750006,0.0
train,mb-mp-e-form-075517,data/cifs/mb-mp-e-form-075517.cif,-1.726572246155862,0.0
train,mb-mp-e-form-009176,data/cifs/mb-mp-e-form-009176.cif,0.0701283818750004,0.0
train,mb-mp-e-form-100324,data/cifs/mb-mp-e-form-100324.cif,-2.418637799684666,0.0
train,mb-mp-e-form-004340,data/cifs/mb-mp-e-form-004340.cif,0.4016416620833336,0.0
train,mb-mp-e-form-009904,data/cifs/mb-mp-e-form-009904.cif,0.0878058234913793,0.0
train,mb-mp-e-form-061249,data/cifs/mb-mp-e-form-061249.cif,-1.1782793216855008,0.0
train,mb-mp-e-form-050442,data/cifs/mb-mp-e-form-050442.cif,-0.7903178367361102,0.0
train,mb-mp-e-form-087654,data/cifs/mb-mp-e-form-087654.cif,-2.06139764625,0.0
train,mb-mp-e-form-057076,data/cifs/mb-mp-e-form-057076.cif,-1.03615907838889,0.0
train,mb-mp-e-form-110275,data/cifs/mb-mp-e-form-110275.cif,-2.6230289174999992,0.0
train,mb-mp-e-form-074641,data/cifs/mb-mp-e-form-074641.cif,-1.6916293876162407,0.0
train,mb-mp-e-form-091270,data/cifs/mb-mp-e-form-091270.cif,-2.1935212377500006,0.0
train,mb-mp-e-form-111370,data/cifs/mb-mp-e-form-111370.cif,-2.6643278550997853,0.0
train,mb-mp-e-form-010996,data/cifs/mb-mp-e-form-010996.cif,0.0170987106250004,0.0
train,mb-mp-e-form-011729,data/cifs/mb-mp-e-form-011729.cif,0.018469361111111,0.0
train,mb-mp-e-form-083930,data/cifs/mb-mp-e-form-083930.cif,-1.97968999115625,0.0
train,mb-mp-e-form-077939,data/cifs/mb-mp-e-form-077939.cif,-1.8339711763099995,0.0
train,mb-mp-e-form-076606,data/cifs/mb-mp-e-form-076606.cif,-1.7480016936400002,0.0
train,mb-mp-e-form-059433,data/cifs/mb-mp-e-form-059433.cif,-1.115955027380953,0.0
train,mb-mp-e-form-061833,data/cifs/mb-mp-e-form-061833.cif,-1.1814842533126786,0.0
train,mb-mp-e-form-008702,data/cifs/mb-mp-e-form-008702.cif,0.1239848525000001,0.0
train,mb-mp-e-form-085104,data/cifs/mb-mp-e-form-085104.cif,-2.0277948996875,0.0
train,mb-mp-e-form-008498,data/cifs/mb-mp-e-form-008498.cif,0.1119698049999997,0.0
train,mb-mp-e-form-034380,data/cifs/mb-mp-e-form-034380.cif,-0.4575389908333337,0.0
train,mb-mp-e-form-117907,data/cifs/mb-mp-e-form-117907.cif,-2.873849186875,0.0
train,mb-mp-e-form-088010,data/cifs/mb-mp-e-form-088010.cif,-2.09133389304381,0.0
train,mb-mp-e-form-030560,data/cifs/mb-mp-e-form-030560.cif,-0.3856226667708332,0.0
train,mb-mp-e-form-044663,data/cifs/mb-mp-e-form-044663.cif,-0.6541335040000007,0.0
train,mb-mp-e-form-055296,data/cifs/mb-mp-e-form-055296.cif,-0.9346543058476784,0.0
train,mb-mp-e-form-065266,data/cifs/mb-mp-e-form-065266.cif,-1.3366300507083335,0.0
train,mb-mp-e-form-060698,data/cifs/mb-mp-e-form-060698.cif,-1.1580312457433326,0.0
train,mb-mp-e-form-018809,data/cifs/mb-mp-e-form-018809.cif,-0.146741574196428,0.0
train,mb-mp-e-form-046185,data/cifs/mb-mp-e-form-046185.cif,-0.6966508381278833,0.0
train,mb-mp-e-form-042703,data/cifs/mb-mp-e-form-042703.cif,-0.6102848345776192,0.0
train,mb-mp-e-form-128495,data/cifs/mb-mp-e-form-128495.cif,-3.319988203214286,0.0
train,mb-mp-e-form-092454,data/cifs/mb-mp-e-form-092454.cif,-2.206947652211428,0.0
train,mb-mp-e-form-081379,data/cifs/mb-mp-e-form-081379.cif,-1.8934923333062488,0.0
train,mb-mp-e-form-114862,data/cifs/mb-mp-e-form-114862.cif,-2.77498115890625,0.0
train,mb-mp-e-form-024853,data/cifs/mb-mp-e-form-024853.cif,-0.2773446170833336,0.0
train,mb-mp-e-form-104914,data/cifs/mb-mp-e-form-104914.cif,-2.5274489555867348,0.0
train,mb-mp-e-form-010946,data/cifs/mb-mp-e-form-010946.cif,0.0199768800000001,0.0
train,mb-mp-e-form-020432,data/cifs/mb-mp-e-form-020432.cif,-0.1897095099999997,0.0
train,mb-mp-e-form-130870,data/cifs/mb-mp-e-form-130870.cif,-3.7074715705771433,0.0
train,mb-mp-e-form-123092,data/cifs/mb-mp-e-form-123092.cif,-3.06427378925,0.0
train,mb-mp-e-form-018592,data/cifs/mb-mp-e-form-018592.cif,-0.156687559999999,0.0
train,mb-mp-e-form-107108,data/cifs/mb-mp-e-form-107108.cif,-2.550454423383438,0.0
train,mb-mp-e-form-000779,data/cifs/mb-mp-e-form-000779.cif,2.45592946,0.0
train,mb-mp-e-form-025474,data/cifs/mb-mp-e-form-025474.cif,-0.2959793868750004,0.0
train,mb-mp-e-form-087352,data/cifs/mb-mp-e-form-087352.cif,-2.081163783001111,0.0
train,mb-mp-e-form-067496,data/cifs/mb-mp-e-form-067496.cif,-1.4569504671111109,0.0
train,mb-mp-e-form-079780,data/cifs/mb-mp-e-form-079780.cif,-1.8465822697998704,0.0
train,mb-mp-e-form-091379,data/cifs/mb-mp-e-form-091379.cif,-2.1992387583975,0.0
train,mb-mp-e-form-070745,data/cifs/mb-mp-e-form-070745.cif,-1.5388888145312496,0.0
train,mb-mp-e-form-037715,data/cifs/mb-mp-e-form-037715.cif,-0.5132303364583333,0.0
train,mb-mp-e-form-052331,data/cifs/mb-mp-e-form-052331.cif,-0.8406912375714286,0.0
train,mb-mp-e-form-102785,data/cifs/mb-mp-e-form-102785.cif,-2.4760981275487,0.0
train,mb-mp-e-form-027131,data/cifs/mb-mp-e-form-027131.cif,-0.3359059874999999,0.0
train,mb-mp-e-form-132390,data/cifs/mb-mp-e-form-132390.cif,-3.8887910196822224,0.0
train,mb-mp-e-form-007786,data/cifs/mb-mp-e-form-007786.cif,0.1608141424999996,0.0
train,mb-mp-e-form-046284,data/cifs/mb-mp-e-form-046284.cif,-0.6845725056249998,0.0
train,mb-mp-e-form-051691,data/cifs/mb-mp-e-form-051691.cif,-0.8251783983333333,0.0
train,mb-mp-e-form-085291,data/cifs/mb-mp-e-form-085291.cif,-2.0023554574108,0.0
train,mb-mp-e-form-078997,data/cifs/mb-mp-e-form-078997.cif,-1.8515012699792843,0.0
train,mb-mp-e-form-113001,data/cifs/mb-mp-e-form-113001.cif,-2.714179331650376,0.0
train,mb-mp-e-form-101472,data/cifs/mb-mp-e-form-101472.cif,-2.4327222219196423,0.0
train,mb-mp-e-form-083190,data/cifs/mb-mp-e-form-083190.cif,-1.9654048661538468,0.0
train,mb-mp-e-form-029571,data/cifs/mb-mp-e-form-029571.cif,-0.359345105,0.0
train,mb-mp-e-form-076091,data/cifs/mb-mp-e-form-076091.cif,-1.7493733903409092,0.0
train,mb-mp-e-form-032637,data/cifs/mb-mp-e-form-032637.cif,-0.4220909515384626,0.0
train,mb-mp-e-form-082541,data/cifs/mb-mp-e-form-082541.cif,-1.9106282789687503,0.0
train,mb-mp-e-form-081034,data/cifs/mb-mp-e-form-081034.cif,-1.896044008621668,0.0
train,mb-mp-e-form-069377,data/cifs/mb-mp-e-form-069377.cif,-1.522272363082065,0.0
train,mb-mp-e-form-111899,data/cifs/mb-mp-e-form-111899.cif,-2.6756394702887127,0.0
train,mb-mp-e-form-111989,data/cifs/mb-mp-e-form-111989.cif,-2.6754354006944445,0.0
train,mb-mp-e-form-050599,data/cifs/mb-mp-e-form-050599.cif,-0.8011395320312502,0.0
train,mb-mp-e-form-021232,data/cifs/mb-mp-e-form-021232.cif,-0.2101548407500004,0.0
train,mb-mp-e-form-112741,data/cifs/mb-mp-e-form-112741.cif,-2.67448391075,0.0
train,mb-mp-e-form-106158,data/cifs/mb-mp-e-form-106158.cif,-2.5362801173035705,0.0
train,mb-mp-e-form-007843,data/cifs/mb-mp-e-form-007843.cif,0.1453083137500002,0.0
train,mb-mp-e-form-060515,data/cifs/mb-mp-e-form-060515.cif,-1.1399266111383934,0.0
train,mb-mp-e-form-008565,data/cifs/mb-mp-e-form-008565.cif,0.09297099625,0.0
train,mb-mp-e-form-069621,data/cifs/mb-mp-e-form-069621.cif,-1.5262040753802577,0.0
train,mb-mp-e-form-119481,data/cifs/mb-mp-e-form-119481.cif,-2.896027781157408,0.0
train,mb-mp-e-form-113605,data/cifs/mb-mp-e-form-113605.cif,-2.7144397236111097,0.0
train,mb-mp-e-form-099158,data/cifs/mb-mp-e-form-099158.cif,-2.382833495430989,0.0
train,mb-mp-e-form-095939,data/cifs/mb-mp-e-form-095939.cif,-2.323288168124999,0.0
train,mb-mp-e-form-106944,data/cifs/mb-mp-e-form-106944.cif,-2.5583847965803503,0.0
train,mb-mp-e-form-059040,data/cifs/mb-mp-e-form-059040.cif,-1.1110305850000006,0.0
train,mb-mp-e-form-040666,data/cifs/mb-mp-e-form-040666.cif,-0.5700856475122222,0.0
train,mb-mp-e-form-121648,data/cifs/mb-mp-e-form-121648.cif,-2.976099376478697,0.0
train,mb-mp-e-form-067222,data/cifs/mb-mp-e-form-067222.cif,-1.443706956190476,0.0
train,mb-mp-e-form-038849,data/cifs/mb-mp-e-form-038849.cif,-0.5288314605555549,0.0
train,mb-mp-e-form-051809,data/cifs/mb-mp-e-form-051809.cif,-0.8105460584415596,0.0
train,mb-mp-e-form-080565,data/cifs/mb-mp-e-form-080565.cif,-1.8582984815669987,0.0
train,mb-mp-e-form-022368,data/cifs/mb-mp-e-form-022368.cif,-0.2311803038888887,0.0
train,mb-mp-e-form-010124,data/cifs/mb-mp-e-form-010124.cif,0.0539860268750003,0.0
train,mb-mp-e-form-071106,data/cifs/mb-mp-e-form-071106.cif,-1.6034784137052054,0.0
train,mb-mp-e-form-077425,data/cifs/mb-mp-e-form-077425.cif,-1.797880098750001,0.0
train,mb-mp-e-form-027859,data/cifs/mb-mp-e-form-027859.cif,-0.3296667117857135,0.0
train,mb-mp-e-form-034112,data/cifs/mb-mp-e-form-034112.cif,-0.4558505779166664,0.0
train,mb-mp-e-form-082950,data/cifs/mb-mp-e-form-082950.cif,-1.941178736994999,0.0
train,mb-mp-e-form-052621,data/cifs/mb-mp-e-form-052621.cif,-0.8530100574526526,0.0
train,mb-mp-e-form-019644,data/cifs/mb-mp-e-form-019644.cif,-0.1705265325000002,0.0
train,mb-mp-e-form-121020,data/cifs/mb-mp-e-form-121020.cif,-2.9834823495833325,0.0
train,mb-mp-e-form-091359,data/cifs/mb-mp-e-form-091359.cif,-2.180893808789899,0.0
train,mb-mp-e-form-103015,data/cifs/mb-mp-e-form-103015.cif,-2.4739065238180684,0.0
train,mb-mp-e-form-043997,data/cifs/mb-mp-e-form-043997.cif,-0.6532555040000005,0.0
train,mb-mp-e-form-089447,data/cifs/mb-mp-e-form-089447.cif,-2.1215149849374995,0.0
train,mb-mp-e-form-043217,data/cifs/mb-mp-e-form-043217.cif,-0.6363409971428565,0.0
train,mb-mp-e-form-089831,data/cifs/mb-mp-e-form-089831.cif,-2.152580425625,0.0
train,mb-mp-e-form-045722,data/cifs/mb-mp-e-form-045722.cif,-0.6636331058974358,0.0
train,mb-mp-e-form-089047,data/cifs/mb-mp-e-form-089047.cif,-2.138547729702382,0.0
train,mb-mp-e-form-059178,data/cifs/mb-mp-e-form-059178.cif,-1.0939546350130211,0.0
train,mb-mp-e-form-093560,data/cifs/mb-mp-e-form-093560.cif,-2.2443589853472226,0.0
train,mb-mp-e-form-109174,data/cifs/mb-mp-e-form-109174.cif,-2.598633228,0.0
train,mb-mp-e-form-113854,data/cifs/mb-mp-e-form-113854.cif,-2.7270555199708,0.0
train,mb-mp-e-form-116766,data/cifs/mb-mp-e-form-116766.cif,-2.8390338110416664,0.0
train,mb-mp-e-form-129382,data/cifs/mb-mp-e-form-129382.cif,-3.4693240987500005,0.0
train,mb-mp-e-form-079849,data/cifs/mb-mp-e-form-079849.cif,-1.862967901250001,0.0
train,mb-mp-e-form-069596,data/cifs/mb-mp-e-form-069596.cif,-1.530630427665,0.0
train,mb-mp-e-form-032764,data/cifs/mb-mp-e-form-032764.cif,-0.4120676660144931,0.0
train,mb-mp-e-form-020775,data/cifs/mb-mp-e-form-020775.cif,-0.202348625144733,0.0
train,mb-mp-e-form-113252,data/cifs/mb-mp-e-form-113252.cif,-2.7109916513235297,0.0
train,mb-mp-e-form-072963,data/cifs/mb-mp-e-form-072963.cif,-1.667430568333333,0.0
train,mb-mp-e-form-066227,data/cifs/mb-mp-e-form-066227.cif,-1.4166379391947497,0.0
train,mb-mp-e-form-063859,data/cifs/mb-mp-e-form-063859.cif,-1.248460902916667,0.0
train,mb-mp-e-form-131860,data/cifs/mb-mp-e-form-131860.cif,-3.8405348532675,0.0
train,mb-mp-e-form-103406,data/cifs/mb-mp-e-form-103406.cif,-2.47651998823052,0.0
train,mb-mp-e-form-067857,data/cifs/mb-mp-e-form-067857.cif,-1.4629952490625002,0.0
train,mb-mp-e-form-036035,data/cifs/mb-mp-e-form-036035.cif,-0.4959316784821429,0.0
train,mb-mp-e-form-003994,data/cifs/mb-mp-e-form-003994.cif,0.4121073437068969,0.0
train,mb-mp-e-form-100849,data/cifs/mb-mp-e-form-100849.cif,-2.4318320720594486,0.0
train,mb-mp-e-form-099540,data/cifs/mb-mp-e-form-099540.cif,-2.380287730625,0.0
train,mb-mp-e-form-020679,data/cifs/mb-mp-e-form-020679.cif,-0.1952075630208334,0.0
train,mb-mp-e-form-035855,data/cifs/mb-mp-e-form-035855.cif,-0.4662631754101562,0.0
train,mb-mp-e-form-132416,data/cifs/mb-mp-e-form-132416.cif,-4.204394937362308,0.0
train,mb-mp-e-form-017991,data/cifs/mb-mp-e-form-017991.cif,-0.1384124541666664,0.0
train,mb-mp-e-form-030332,data/cifs/mb-mp-e-form-030332.cif,-0.3803495140000009,0.0
train,mb-mp-e-form-108402,data/cifs/mb-mp-e-form-108402.cif,-2.578172716846,0.0
train,mb-mp-e-form-081272,data/cifs/mb-mp-e-form-081272.cif,-1.8935535169642856,0.0
train,mb-mp-e-form-127207,data/cifs/mb-mp-e-form-127207.cif,-3.289176524608571,0.0
train,mb-mp-e-form-102438,data/cifs/mb-mp-e-form-102438.cif,-2.456820528928572,0.0
train,mb-mp-e-form-032287,data/cifs/mb-mp-e-form-032287.cif,-0.4206161937499999,0.0
train,mb-mp-e-form-127700,data/cifs/mb-mp-e-form-127700.cif,-3.26622488871867,0.0
train,mb-mp-e-form-080178,data/cifs/mb-mp-e-form-080178.cif,-1.8602082428725,0.0
train,mb-mp-e-form-117679,data/cifs/mb-mp-e-form-117679.cif,-2.830403276626667,0.0
train,mb-mp-e-form-128092,data/cifs/mb-mp-e-form-128092.cif,-3.322220089949404,0.0
train,mb-mp-e-form-021641,data/cifs/mb-mp-e-form-021641.cif,-0.2142945999999999,0.0
train,mb-mp-e-form-081143,data/cifs/mb-mp-e-form-081143.cif,-1.909967012091667,0.0
train,mb-mp-e-form-096818,data/cifs/mb-mp-e-form-096818.cif,-2.357687502980768,0.0
train,mb-mp-e-form-104919,data/cifs/mb-mp-e-form-104919.cif,-2.5189365439583336,0.0
train,mb-mp-e-form-018505,data/cifs/mb-mp-e-form-018505.cif,-0.1554301133269475,0.0
train,mb-mp-e-form-020839,data/cifs/mb-mp-e-form-020839.cif,-0.201376145416666,0.0
train,mb-mp-e-form-112672,data/cifs/mb-mp-e-form-112672.cif,-2.6694901789483327,0.0
train,mb-mp-e-form-060976,data/cifs/mb-mp-e-form-060976.cif,-1.1861149341666664,0.0
train,mb-mp-e-form-025812,data/cifs/mb-mp-e-form-025812.cif,-0.2992258762499986,0.0
train,mb-mp-e-form-034494,data/cifs/mb-mp-e-form-034494.cif,-0.4575263649999996,0.0
train,mb-mp-e-form-095846,data/cifs/mb-mp-e-form-095846.cif,-2.3246396002759737,0.0
train,mb-mp-e-form-125746,data/cifs/mb-mp-e-form-125746.cif,-3.1718821740642857,0.0
train,mb-mp-e-form-124401,data/cifs/mb-mp-e-form-124401.cif,-3.071121893484546,0.0
train,mb-mp-e-form-019897,data/cifs/mb-mp-e-form-019897.cif,-0.1803182932467127,0.0
train,mb-mp-e-form-125716,data/cifs/mb-mp-e-form-125716.cif,-3.123184748249999,0.0
train,mb-mp-e-form-067273,data/cifs/mb-mp-e-form-067273.cif,-1.453891294041667,0.0
train,mb-mp-e-form-089489,data/cifs/mb-mp-e-form-089489.cif,-2.1248132966342856,0.0
train,mb-mp-e-form-072243,data/cifs/mb-mp-e-form-072243.cif,-1.6273928238705355,0.0
train,mb-mp-e-form-026156,data/cifs/mb-mp-e-form-026156.cif,-0.309993266931818,0.0
train,mb-mp-e-form-110887,data/cifs/mb-mp-e-form-110887.cif,-2.662677129096,0.0
train,mb-mp-e-form-112975,data/cifs/mb-mp-e-form-112975.cif,-2.6927112215954287,0.0
train,mb-mp-e-form-132543,data/cifs/mb-mp-e-form-132543.cif,-4.092360359146667,0.0
train,mb-mp-e-form-083118,data/cifs/mb-mp-e-form-083118.cif,-1.9519127831581136,0.0
train,mb-mp-e-form-028670,data/cifs/mb-mp-e-form-028670.cif,-0.3455785916269842,0.0
train,mb-mp-e-form-046693,data/cifs/mb-mp-e-form-046693.cif,-0.7034203865277777,0.0
train,mb-mp-e-form-050375,data/cifs/mb-mp-e-form-050375.cif,-0.7877375049199995,0.0
train,mb-mp-e-form-122226,data/cifs/mb-mp-e-form-122226.cif,-3.0047958136842112,0.0
train,mb-mp-e-form-033205,data/cifs/mb-mp-e-form-033205.cif,-0.4294078938533845,0.0
train,mb-mp-e-form-028378,data/cifs/mb-mp-e-form-028378.cif,-0.353554703333333,0.0
train,mb-mp-e-form-053826,data/cifs/mb-mp-e-form-053826.cif,-0.88745605125,0.0
train,mb-mp-e-form-057896,data/cifs/mb-mp-e-form-057896.cif,-1.0683408816250002,0.0
train,mb-mp-e-form-048974,data/cifs/mb-mp-e-form-048974.cif,-0.7802573601790008,0.0
train,mb-mp-e-form-086257,data/cifs/mb-mp-e-form-086257.cif,-2.0354482625702044,0.0
train,mb-mp-e-form-036653,data/cifs/mb-mp-e-form-036653.cif,-0.496484125416667,0.0
train,mb-mp-e-form-073577,data/cifs/mb-mp-e-form-073577.cif,-1.6756557438884443,0.0
train,mb-mp-e-form-092913,data/cifs/mb-mp-e-form-092913.cif,-2.240726214010416,0.0
train,mb-mp-e-form-127336,data/cifs/mb-mp-e-form-127336.cif,-3.2785408849999995,0.0
train,mb-mp-e-form-085297,data/cifs/mb-mp-e-form-085297.cif,-2.019244299999999,0.0
train,mb-mp-e-form-038100,data/cifs/mb-mp-e-form-038100.cif,-0.5244216137500004,0.0
train,mb-mp-e-form-052881,data/cifs/mb-mp-e-form-052881.cif,-0.8439868378846165,0.0
train,mb-mp-e-form-070530,data/cifs/mb-mp-e-form-070530.cif,-1.5541924365004078,0.0
train,mb-mp-e-form-101193,data/cifs/mb-mp-e-form-101193.cif,-2.437912262428572,0.0
train,mb-mp-e-form-112352,data/cifs/mb-mp-e-form-112352.cif,-2.6824401621733336,0.0
train,mb-mp-e-form-069278,data/cifs/mb-mp-e-form-069278.cif,-1.5143318753472212,0.0
train,mb-mp-e-form-106609,data/cifs/mb-mp-e-form-106609.cif,-2.544016196452,0.0
train,mb-mp-e-form-044331,data/cifs/mb-mp-e-form-044331.cif,-0.639863810833333,0.0
train,mb-mp-e-form-019099,data/cifs/mb-mp-e-form-019099.cif,-0.18332967,0.0
train,mb-mp-e-form-110371,data/cifs/mb-mp-e-form-110371.cif,-2.6291771545333327,0.0
train,mb-mp-e-form-097649,data/cifs/mb-mp-e-form-097649.cif,-2.351777668201285,0.0
train,mb-mp-e-form-054745,data/cifs/mb-mp-e-form-054745.cif,-0.9177910047708352,0.0
train,mb-mp-e-form-008582,data/cifs/mb-mp-e-form-008582.cif,0.0941171831250002,0.0
train,mb-mp-e-form-085130,data/cifs/mb-mp-e-form-085130.cif,-2.0175856012209525,0.0
train,mb-mp-e-form-018846,data/cifs/mb-mp-e-form-018846.cif,-0.1516861078017242,0.0
train,mb-mp-e-form-017083,data/cifs/mb-mp-e-form-017083.cif,-0.1189106627499998,0.0
train,mb-mp-e-form-010101,data/cifs/mb-mp-e-form-010101.cif,0.0392465578125005,0.0
train,mb-mp-e-form-061572,data/cifs/mb-mp-e-form-061572.cif,-1.194515815714286,0.0
train,mb-mp-e-form-110973,data/cifs/mb-mp-e-form-110973.cif,-2.6478616413694285,0.0
train,mb-mp-e-form-087948,data/cifs/mb-mp-e-form-087948.cif,-2.0950080352380964,0.0
train,mb-mp-e-form-056820,data/cifs/mb-mp-e-form-056820.cif,-0.979735882291666,0.0
train,mb-mp-e-form-012163,data/cifs/mb-mp-e-form-012163.cif,0.0058205650000004,0.0
train,mb-mp-e-form-085379,data/cifs/mb-mp-e-form-085379.cif,-2.004933698859555,0.0
train,mb-mp-e-form-046776,data/cifs/mb-mp-e-form-046776.cif,-0.6874312887008933,0.0
train,mb-mp-e-form-101614,data/cifs/mb-mp-e-form-101614.cif,-2.4356753276964285,0.0
train,mb-mp-e-form-111539,data/cifs/mb-mp-e-form-111539.cif,-2.6550836318214293,0.0
train,mb-mp-e-form-098589,data/cifs/mb-mp-e-form-098589.cif,-2.3674888757692303,0.0
train,mb-mp-e-form-020942,data/cifs/mb-mp-e-form-020942.cif,-0.2195665739583342,0.0
train,mb-mp-e-form-054777,data/cifs/mb-mp-e-form-054777.cif,-0.9207842951826664,0.0
train,mb-mp-e-form-121374,data/cifs/mb-mp-e-form-121374.cif,-2.977695684374999,0.0
train,mb-mp-e-form-119560,data/cifs/mb-mp-e-form-119560.cif,-2.9129073094117643,0.0
train,mb-mp-e-form-012387,data/cifs/mb-mp-e-form-012387.cif,0.00251355,0.0
train,mb-mp-e-form-086752,data/cifs/mb-mp-e-form-086752.cif,-2.0558758032142848,0.0
train,mb-mp-e-form-062849,data/cifs/mb-mp-e-form-062849.cif,-1.239034113956,0.0
train,mb-mp-e-form-054707,data/cifs/mb-mp-e-form-054707.cif,-0.9297686513636372,0.0
train,mb-mp-e-form-088340,data/cifs/mb-mp-e-form-088340.cif,-2.111474353250001,0.0
train,mb-mp-e-form-083990,data/cifs/mb-mp-e-form-083990.cif,-1.9856313499038465,0.0
train,mb-mp-e-form-025375,data/cifs/mb-mp-e-form-025375.cif,-0.2999818045098031,0.0
train,mb-mp-e-form-070596,data/cifs/mb-mp-e-form-070596.cif,-1.569997319602549,0.0
train,mb-mp-e-form-031655,data/cifs/mb-mp-e-form-031655.cif,-0.405559368035715,0.0
train,mb-mp-e-form-061242,data/cifs/mb-mp-e-form-061242.cif,-1.1603509649668524,0.0
train,mb-mp-e-form-020046,data/cifs/mb-mp-e-form-020046.cif,-0.1975981093749995,0.0
train,mb-mp-e-form-028770,data/cifs/mb-mp-e-form-028770.cif,-0.3510179841218181,0.0
train,mb-mp-e-form-043996,data/cifs/mb-mp-e-form-043996.cif,-0.6528325790000011,0.0
train,mb-mp-e-form-112701,data/cifs/mb-mp-e-form-112701.cif,-2.6691057624866668,0.0
train,mb-mp-e-form-097472,data/cifs/mb-mp-e-form-097472.cif,-2.3395401630957138,0.0
train,mb-mp-e-form-059740,data/cifs/mb-mp-e-form-059740.cif,-1.0914129355468751,0.0
train,mb-mp-e-form-087201,data/cifs/mb-mp-e-form-087201.cif,-2.064993862657777,0.0
train,mb-mp-e-form-012943,data/cifs/mb-mp-e-form-012943.cif,-0.0080747856249998,0.0
train,mb-mp-e-form-012229,data/cifs/mb-mp-e-form-012229.cif,0.0082879869809085,0.0
train,mb-mp-e-form-088060,data/cifs/mb-mp-e-form-088060.cif,-2.089860742520834,0.0
train,mb-mp-e-form-105251,data/cifs/mb-mp-e-form-105251.cif,-2.5084555341528043,0.0
train,mb-mp-e-form-079176,data/cifs/mb-mp-e-form-079176.cif,-1.839087081935,0.0
train,mb-mp-e-form-074349,data/cifs/mb-mp-e-form-074349.cif,-1.7014279789772722,0.0
train,mb-mp-e-form-046536,data/cifs/mb-mp-e-form-046536.cif,-0.6892113505555552,0.0
train,mb-mp-e-form-093954,data/cifs/mb-mp-e-form-093954.cif,-2.268847184085999,0.0
train,mb-mp-e-form-016244,data/cifs/mb-mp-e-form-016244.cif,-0.0978499702450982,0.0
train,mb-mp-e-form-098039,data/cifs/mb-mp-e-form-098039.cif,-2.367309796160715,0.0
train,mb-mp-e-form-062246,data/cifs/mb-mp-e-form-062246.cif,-1.2172966695684526,0.0
train,mb-mp-e-form-007164,data/cifs/mb-mp-e-form-007164.cif,0.1419223056249998,0.0
train,mb-mp-e-form-110631,data/cifs/mb-mp-e-form-110631.cif,-2.63323232829762,0.0
train,mb-mp-e-form-132578,data/cifs/mb-mp-e-form-132578.cif,-3.880847147631578,0.0
train,mb-mp-e-form-116212,data/cifs/mb-mp-e-form-116212.cif,-2.8170942195833333,0.0
train,mb-mp-e-form-064304,data/cifs/mb-mp-e-form-064304.cif,-1.3116317883928577,0.0
train,mb-mp-e-form-073020,data/cifs/mb-mp-e-form-073020.cif,-1.6656085350313332,0.0
train,mb-mp-e-form-040855,data/cifs/mb-mp-e-form-040855.cif,-0.5669378322222222,0.0
train,mb-mp-e-form-120725,data/cifs/mb-mp-e-form-120725.cif,-2.938662391943158,0.0
train,mb-mp-e-form-076018,data/cifs/mb-mp-e-form-076018.cif,-1.7576136448042854,0.0
train,mb-mp-e-form-106536,data/cifs/mb-mp-e-form-106536.cif,-2.5441444803750004,0.0
train,mb-mp-e-form-043851,data/cifs/mb-mp-e-form-043851.cif,-0.6215712158333337,0.0
train,mb-mp-e-form-027630,data/cifs/mb-mp-e-form-027630.cif,-0.3289827421875,0.0
train,mb-mp-e-form-075102,data/cifs/mb-mp-e-form-075102.cif,-1.7348509947916664,0.0
train,mb-mp-e-form-058069,data/cifs/mb-mp-e-form-058069.cif,-1.0695905460413793,0.0
train,mb-mp-e-form-095380,data/cifs/mb-mp-e-form-095380.cif,-2.2966595789375,0.0
train,mb-mp-e-form-063893,data/cifs/mb-mp-e-form-063893.cif,-1.3238137271428576,0.0
train,mb-mp-e-form-034036,data/cifs/mb-mp-e-form-034036.cif,-0.4529054100000006,0.0
train,mb-mp-e-form-004851,data/cifs/mb-mp-e-form-004851.cif,0.3662869474999999,0.0
train,mb-mp-e-form-077241,data/cifs/mb-mp-e-form-077241.cif,-1.7808056363662792,0.0
train,mb-mp-e-form-042471,data/cifs/mb-mp-e-form-042471.cif,-0.610290793680555,0.0
train,mb-mp-e-form-085526,data/cifs/mb-mp-e-form-085526.cif,-2.022262447361112,0.0
train,mb-mp-e-form-073319,data/cifs/mb-mp-e-form-073319.cif,-1.672633160942,0.0
train,mb-mp-e-form-075558,data/cifs/mb-mp-e-form-075558.cif,-1.7433888076562505,0.0
train,mb-mp-e-form-009346,data/cifs/mb-mp-e-form-009346.cif,0.0811100216666685,0.0
train,mb-mp-e-form-089385,data/cifs/mb-mp-e-form-089385.cif,-2.13762627261111,0.0
train,mb-mp-e-form-083631,data/cifs/mb-mp-e-form-083631.cif,-1.964543173627272,0.0
train,mb-mp-e-form-093817,data/cifs/mb-mp-e-form-093817.cif,-2.272282569531251,0.0
train,mb-mp-e-form-045264,data/cifs/mb-mp-e-form-045264.cif,-0.662661443421052,0.0
train,mb-mp-e-form-011221,data/cifs/mb-mp-e-form-011221.cif,0.0129908941666663,0.0
train,mb-mp-e-form-099454,data/cifs/mb-mp-e-form-099454.cif,-2.3814918785185184,0.0
train,mb-mp-e-form-082265,data/cifs/mb-mp-e-form-082265.cif,-1.9231941732801423,0.0
train,mb-mp-e-form-040180,data/cifs/mb-mp-e-form-040180.cif,-0.563299007651515,0.0
train,mb-mp-e-form-043801,data/cifs/mb-mp-e-form-043801.cif,-0.6300775187499994,0.0
train,mb-mp-e-form-115902,data/cifs/mb-mp-e-form-115902.cif,-2.787459856996337,0.0
train,mb-mp-e-form-073903,data/cifs/mb-mp-e-form-073903.cif,-1.7017571402974996,0.0
train,mb-mp-e-form-080997,data/cifs/mb-mp-e-form-080997.cif,-1.884198321407857,0.0
train,mb-mp-e-form-020127,data/cifs/mb-mp-e-form-020127.cif,-0.1983048018749995,0.0
train,mb-mp-e-form-102087,data/cifs/mb-mp-e-form-102087.cif,-2.4513781262000003,0.0
train,mb-mp-e-form-036373,data/cifs/mb-mp-e-form-036373.cif,-0.4858821725000008,0.0
train,mb-mp-e-form-077915,data/cifs/mb-mp-e-form-077915.cif,-1.8354667041224992,0.0
train,mb-mp-e-form-053255,data/cifs/mb-mp-e-form-053255.cif,-0.8742140543743746,0.0
train,mb-mp-e-form-040277,data/cifs/mb-mp-e-form-040277.cif,-0.5720751890000002,0.0
train,mb-mp-e-form-055120,data/cifs/mb-mp-e-form-055120.cif,-0.9512102867585402,0.0
train,mb-mp-e-form-018050,data/cifs/mb-mp-e-form-018050.cif,-0.1579372779537771,0.0
train,mb-mp-e-form-116650,data/cifs/mb-mp-e-form-116650.cif,-2.81517014875,0.0
train,mb-mp-e-form-003599,data/cifs/mb-mp-e-form-003599.cif,0.5511562810000001,0.0
train,mb-mp-e-form-062990,data/cifs/mb-mp-e-form-062990.cif,-1.278148571231315,0.0
train,mb-mp-e-form-110726,data/cifs/mb-mp-e-form-110726.cif,-2.633940624586072,0.0
train,mb-mp-e-form-125317,data/cifs/mb-mp-e-form-125317.cif,-3.1267661259126984,0.0
train,mb-mp-e-form-132752,data/cifs/mb-mp-e-form-132752.cif,-3.898356581088096,0.0
train,mb-mp-e-form-107654,data/cifs/mb-mp-e-form-107654.cif,-2.55726462446,0.0
train,mb-mp-e-form-031183,data/cifs/mb-mp-e-form-031183.cif,-0.4048201061642854,0.0
train,mb-mp-e-form-105064,data/cifs/mb-mp-e-form-105064.cif,-2.5098291563999995,0.0
train,mb-mp-e-form-092789,data/cifs/mb-mp-e-form-092789.cif,-2.2298516821428573,0.0
train,mb-mp-e-form-088133,data/cifs/mb-mp-e-form-088133.cif,-2.1139153960034016,0.0
train,mb-mp-e-form-120327,data/cifs/mb-mp-e-form-120327.cif,-2.925136937788181,0.0
train,mb-mp-e-form-087043,data/cifs/mb-mp-e-form-087043.cif,-2.079042041583333,0.0
train,mb-mp-e-form-076148,data/cifs/mb-mp-e-form-076148.cif,-1.755510862176428,0.0
train,mb-mp-e-form-033970,data/cifs/mb-mp-e-form-033970.cif,-0.4447163149999997,0.0
train,mb-mp-e-form-033984,data/cifs/mb-mp-e-form-033984.cif,-0.4596148600000003,0.0
train,mb-mp-e-form-088104,data/cifs/mb-mp-e-form-088104.cif,-2.1018401392468244,0.0
train,mb-mp-e-form-110787,data/cifs/mb-mp-e-form-110787.cif,-2.6545176572475,0.0
train,mb-mp-e-form-109790,data/cifs/mb-mp-e-form-109790.cif,-2.6368198359374992,0.0
train,mb-mp-e-form-098002,data/cifs/mb-mp-e-form-098002.cif,-2.3596546253642905,0.0
train,mb-mp-e-form-090802,data/cifs/mb-mp-e-form-090802.cif,-2.193527069375,0.0
train,mb-mp-e-form-026061,data/cifs/mb-mp-e-form-026061.cif,-0.3157024105244248,0.0
train,mb-mp-e-form-036001,data/cifs/mb-mp-e-form-036001.cif,-0.4825601342424238,0.0
train,mb-mp-e-form-131690,data/cifs/mb-mp-e-form-131690.cif,-3.749646415238095,0.0
train,mb-mp-e-form-112237,data/cifs/mb-mp-e-form-112237.cif,-2.689911248695,0.0
train,mb-mp-e-form-107482,data/cifs/mb-mp-e-form-107482.cif,-2.563482893457792,0.0
train,mb-mp-e-form-103905,data/cifs/mb-mp-e-form-103905.cif,-2.503145470755714,0.0
train,mb-mp-e-form-052304,data/cifs/mb-mp-e-form-052304.cif,-0.8409732355000002,0.0
train,mb-mp-e-form-071540,data/cifs/mb-mp-e-form-071540.cif,-1.584816469958333,0.0
train,mb-mp-e-form-000474,data/cifs/mb-mp-e-form-000474.cif,2.486907576964286,0.0
train,mb-mp-e-form-083586,data/cifs/mb-mp-e-form-083586.cif,-1.951336117142856,0.0
train,mb-mp-e-form-090446,data/cifs/mb-mp-e-form-090446.cif,-2.1462734629675,0.0
train,mb-mp-e-form-074128,data/cifs/mb-mp-e-form-074128.cif,-1.7101233225821844,0.0
train,mb-mp-e-form-001837,data/cifs/mb-mp-e-form-001837.cif,1.3986309083333337,0.0
train,mb-mp-e-form-022705,data/cifs/mb-mp-e-form-022705.cif,-0.2326875504999996,0.0
train,mb-mp-e-form-114763,data/cifs/mb-mp-e-form-114763.cif,-2.7539881329251696,0.0
train,mb-mp-e-form-117053,data/cifs/mb-mp-e-form-117053.cif,-2.822109364519231,0.0
train,mb-mp-e-form-031467,data/cifs/mb-mp-e-form-031467.cif,-0.3912513133333337,0.0
train,mb-mp-e-form-009193,data/cifs/mb-mp-e-form-009193.cif,0.0894209900000007,0.0
train,mb-mp-e-form-087041,data/cifs/mb-mp-e-form-087041.cif,-2.0609869553731825,0.0
train,mb-mp-e-form-103251,data/cifs/mb-mp-e-form-103251.cif,-2.466607068017858,0.0
train,mb-mp-e-form-028426,data/cifs/mb-mp-e-form-028426.cif,-0.3556794064999998,0.0
train,mb-mp-e-form-107095,data/cifs/mb-mp-e-form-107095.cif,-2.555349137045454,0.0
train,mb-mp-e-form-047638,data/cifs/mb-mp-e-form-047638.cif,-0.7117658567708336,0.0
train,mb-mp-e-form-119795,data/cifs/mb-mp-e-form-119795.cif,-2.9211487515624994,0.0
train,mb-mp-e-form-083455,data/cifs/mb-mp-e-form-083455.cif,-1.958401009692001,0.0
train,mb-mp-e-form-124974,data/cifs/mb-mp-e-form-124974.cif,-3.16113575625,0.0
train,mb-mp-e-form-064635,data/cifs/mb-mp-e-form-064635.cif,-1.299928490946094,0.0
train,mb-mp-e-form-075482,data/cifs/mb-mp-e-form-075482.cif,-1.740541213982045,0.0
train,mb-mp-e-form-087280,data/cifs/mb-mp-e-form-087280.cif,-2.08290235625,0.0
train,mb-mp-e-form-045040,data/cifs/mb-mp-e-form-045040.cif,-0.6639723935714282,0.0
train,mb-mp-e-form-096435,data/cifs/mb-mp-e-form-096435.cif,-2.326003872093517,0.0
train,mb-mp-e-form-112321,data/cifs/mb-mp-e-form-112321.cif,-2.67769698857843,0.0
train,mb-mp-e-form-104720,data/cifs/mb-mp-e-form-104720.cif,-2.498549370714285,0.0
train,mb-mp-e-form-007151,data/cifs/mb-mp-e-form-007151.cif,0.1299045975000003,0.0
train,mb-mp-e-form-046678,data/cifs/mb-mp-e-form-046678.cif,-0.6980572924999997,0.0
train,mb-mp-e-form-102280,data/cifs/mb-mp-e-form-102280.cif,-2.456347354002977,0.0
train,mb-mp-e-form-072184,data/cifs/mb-mp-e-form-072184.cif,-1.640766472357144,0.0
train,mb-mp-e-form-122917,data/cifs/mb-mp-e-form-122917.cif,-3.053377034999999,0.0
train,mb-mp-e-form-048908,data/cifs/mb-mp-e-form-048908.cif,-0.7828813323333321,0.0
train,mb-mp-e-form-121742,data/cifs/mb-mp-e-form-121742.cif,-2.953659345795454,0.0
train,mb-mp-e-form-082453,data/cifs/mb-mp-e-form-082453.cif,-1.9340443128125,0.0
train,mb-mp-e-form-118774,data/cifs/mb-mp-e-form-118774.cif,-2.911789561875,0.0
train,mb-mp-e-form-099968,data/cifs/mb-mp-e-form-099968.cif,-2.4220233045,0.0
train,mb-mp-e-form-007101,data/cifs/mb-mp-e-form-007101.cif,0.1269098767410716,0.0
train,mb-mp-e-form-119480,data/cifs/mb-mp-e-form-119480.cif,-2.8912202820767186,0.0
train,mb-mp-e-form-011141,data/cifs/mb-mp-e-form-011141.cif,0.0274020900000001,0.0
train,mb-mp-e-form-055706,data/cifs/mb-mp-e-form-055706.cif,-0.967675417222223,0.0
train,mb-mp-e-form-108229,data/cifs/mb-mp-e-form-108229.cif,-2.5892795641666666,0.0
train,mb-mp-e-form-063555,data/cifs/mb-mp-e-form-063555.cif,-1.2781421185095232,0.0
train,mb-mp-e-form-122132,data/cifs/mb-mp-e-form-122132.cif,-2.990220494093137,0.0
train,mb-mp-e-form-047925,data/cifs/mb-mp-e-form-047925.cif,-0.7538797807031253,0.0
train,mb-mp-e-form-013611,data/cifs/mb-mp-e-form-013611.cif,-0.0172274344047607,0.0
train,mb-mp-e-form-119596,data/cifs/mb-mp-e-form-119596.cif,-2.8871265741603844,0.0
train,mb-mp-e-form-042978,data/cifs/mb-mp-e-form-042978.cif,-0.6256868660714281,0.0
train,mb-mp-e-form-043328,data/cifs/mb-mp-e-form-043328.cif,-0.6189058864285718,0.0
train,mb-mp-e-form-110253,data/cifs/mb-mp-e-form-110253.cif,-2.62670621020517,0.0
train,mb-mp-e-form-041200,data/cifs/mb-mp-e-form-041200.cif,-0.5866009040740744,0.0
train,mb-mp-e-form-098974,data/cifs/mb-mp-e-form-098974.cif,-2.395511518402812,0.0
train,mb-mp-e-form-098707,data/cifs/mb-mp-e-form-098707.cif,-2.3694321050000005,0.0
train,mb-mp-e-form-089828,data/cifs/mb-mp-e-form-089828.cif,-2.161544621826923,0.0
train,mb-mp-e-form-072784,data/cifs/mb-mp-e-form-072784.cif,-1.6346810879659568,0.0
train,mb-mp-e-form-117927,data/cifs/mb-mp-e-form-117927.cif,-2.862621583406592,0.0
train,mb-mp-e-form-107624,data/cifs/mb-mp-e-form-107624.cif,-2.571085202540106,0.0
train,mb-mp-e-form-057218,data/cifs/mb-mp-e-form-057218.cif,-1.0299716795363183,0.0
train,mb-mp-e-form-091757,data/cifs/mb-mp-e-form-091757.cif,-2.1734449702500003,0.0
train,mb-mp-e-form-097324,data/cifs/mb-mp-e-form-097324.cif,-2.3525885463775515,0.0
train,mb-mp-e-form-005477,data/cifs/mb-mp-e-form-005477.cif,0.2658079937500002,0.0
train,mb-mp-e-form-085717,data/cifs/mb-mp-e-form-085717.cif,-2.018714628318334,0.0
train,mb-mp-e-form-054055,data/cifs/mb-mp-e-form-054055.cif,-0.9189497716666668,0.0
train,mb-mp-e-form-059816,data/cifs/mb-mp-e-form-059816.cif,-1.0952635326785705,0.0
train,mb-mp-e-form-099162,data/cifs/mb-mp-e-form-099162.cif,-2.401365105865384,0.0
train,mb-mp-e-form-120476,data/cifs/mb-mp-e-form-120476.cif,-2.9194795902518176,0.0
train,mb-mp-e-form-037701,data/cifs/mb-mp-e-form-037701.cif,-0.502798289750001,0.0
train,mb-mp-e-form-110545,data/cifs/mb-mp-e-form-110545.cif,-2.634777031186508,0.0
train,mb-mp-e-form-015924,data/cifs/mb-mp-e-form-015924.cif,-0.1008092899999999,0.0
train,mb-mp-e-form-067507,data/cifs/mb-mp-e-form-067507.cif,-1.44877873632875,0.0
train,mb-mp-e-form-068342,data/cifs/mb-mp-e-form-068342.cif,-1.4977045825727373,0.0
train,mb-mp-e-form-050313,data/cifs/mb-mp-e-form-050313.cif,-0.795203090833334,0.0
train,mb-mp-e-form-102782,data/cifs/mb-mp-e-form-102782.cif,-2.4859525045183983,0.0
train,mb-mp-e-form-043154,data/cifs/mb-mp-e-form-043154.cif,-0.6247949993973206,0.0
train,mb-mp-e-form-057804,data/cifs/mb-mp-e-form-057804.cif,-1.0101982299999996,0.0
train,mb-mp-e-form-058883,data/cifs/mb-mp-e-form-058883.cif,-1.1109587649999997,0.0
train,mb-mp-e-form-068796,data/cifs/mb-mp-e-form-068796.cif,-1.497174141161176,0.0
train,mb-mp-e-form-100310,data/cifs/mb-mp-e-form-100310.cif,-2.406236575833333,0.0
train,mb-mp-e-form-109182,data/cifs/mb-mp-e-form-109182.cif,-2.595478305624999,0.0
train,mb-mp-e-form-079700,data/cifs/mb-mp-e-form-079700.cif,-1.8576654026250004,0.0
train,mb-mp-e-form-073225,data/cifs/mb-mp-e-form-073225.cif,-1.671144199774427,0.0
train,mb-mp-e-form-001752,data/cifs/mb-mp-e-form-001752.cif,1.486077856655,0.0
train,mb-mp-e-form-077330,data/cifs/mb-mp-e-form-077330.cif,-1.8101874735249648,0.0
train,mb-mp-e-form-055397,data/cifs/mb-mp-e-form-055397.cif,-0.9572495999310348,0.0
train,mb-mp-e-form-041070,data/cifs/mb-mp-e-form-041070.cif,-0.5822595870236356,0.0
train,mb-mp-e-form-115839,data/cifs/mb-mp-e-form-115839.cif,-2.81409513796875,0.0
train,mb-mp-e-form-092615,data/cifs/mb-mp-e-form-092615.cif,-2.2185111303259824,0.0
train,mb-mp-e-form-089684,data/cifs/mb-mp-e-form-089684.cif,-2.1211214750000007,0.0
train,mb-mp-e-form-070772,data/cifs/mb-mp-e-form-070772.cif,-1.5716848799966678,0.0
train,mb-mp-e-form-100485,data/cifs/mb-mp-e-form-100485.cif,-2.4162169707971426,0.0
train,mb-mp-e-form-018983,data/cifs/mb-mp-e-form-018983.cif,-0.1625511487499999,0.0
train,mb-mp-e-form-094018,data/cifs/mb-mp-e-form-094018.cif,-2.2625410870833327,0.0
train,mb-mp-e-form-043431,data/cifs/mb-mp-e-form-043431.cif,-0.6347418319999998,0.0
train,mb-mp-e-form-122643,data/cifs/mb-mp-e-form-122643.cif,-3.0004460781712496,0.0
train,mb-mp-e-form-097505,data/cifs/mb-mp-e-form-097505.cif,-2.345098231636904,0.0
train,mb-mp-e-form-037939,data/cifs/mb-mp-e-form-037939.cif,-0.5268037008593751,0.0
train,mb-mp-e-form-067001,data/cifs/mb-mp-e-form-067001.cif,-1.4182681421286842,0.0
train,mb-mp-e-form-046344,data/cifs/mb-mp-e-form-046344.cif,-0.6928866650000002,0.0
train,mb-mp-e-form-041804,data/cifs/mb-mp-e-form-041804.cif,-0.5938761812499997,0.0
train,mb-mp-e-form-049672,data/cifs/mb-mp-e-form-049672.cif,-0.7573605870828566,0.0
train,mb-mp-e-form-055252,data/cifs/mb-mp-e-form-055252.cif,-0.9548385893571428,0.0
train,mb-mp-e-form-020163,data/cifs/mb-mp-e-form-020163.cif,-0.2015452043571426,0.0
train,mb-mp-e-form-048903,data/cifs/mb-mp-e-form-048903.cif,-0.783040923051948,0.0
train,mb-mp-e-form-069405,data/cifs/mb-mp-e-form-069405.cif,-1.5271168305799376,0.0
train,mb-mp-e-form-019026,data/cifs/mb-mp-e-form-019026.cif,-0.1616047462500001,0.0
train,mb-mp-e-form-050638,data/cifs/mb-mp-e-form-050638.cif,-0.7877403406249996,0.0
train,mb-mp-e-form-017058,data/cifs/mb-mp-e-form-017058.cif,-0.1104152163386661,0.0
train,mb-mp-e-form-003042,data/cifs/mb-mp-e-form-003042.cif,0.4849837701785713,0.0
train,mb-mp-e-form-073175,data/cifs/mb-mp-e-form-073175.cif,-1.6478562536425003,0.0
train,mb-mp-e-form-085110,data/cifs/mb-mp-e-form-085110.cif,-2.007463482990833,0.0
train,mb-mp-e-form-074148,data/cifs/mb-mp-e-form-074148.cif,-1.7087598373891923,0.0
train,mb-mp-e-form-117971,data/cifs/mb-mp-e-form-117971.cif,-2.8609364639804986,0.0
train,mb-mp-e-form-102418,data/cifs/mb-mp-e-form-102418.cif,-2.444284844662162,0.0
train,mb-mp-e-form-101409,data/cifs/mb-mp-e-form-101409.cif,-2.428294707099552,0.0
train,mb-mp-e-form-079753,data/cifs/mb-mp-e-form-079753.cif,-1.8453754961399988,0.0
train,mb-mp-e-form-069583,data/cifs/mb-mp-e-form-069583.cif,-1.5295994657611487,0.0
train,mb-mp-e-form-092156,data/cifs/mb-mp-e-form-092156.cif,-2.2108996154500007,0.0
train,mb-mp-e-form-096284,data/cifs/mb-mp-e-form-096284.cif,-2.315445998365385,0.0
train,mb-mp-e-form-033403,data/cifs/mb-mp-e-form-033403.cif,-0.4369082411111111,0.0
train,mb-mp-e-form-004915,data/cifs/mb-mp-e-form-004915.cif,0.3618924556249983,0.0
train,mb-mp-e-form-095882,data/cifs/mb-mp-e-form-095882.cif,-2.3142746605714275,0.0
train,mb-mp-e-form-048031,data/cifs/mb-mp-e-form-048031.cif,-0.7350068726257183,0.0
train,mb-mp-e-form-100269,data/cifs/mb-mp-e-form-100269.cif,-2.4162071601984128,0.0
train,mb-mp-e-form-091880,data/cifs/mb-mp-e-form-091880.cif,-2.213683103314,0.0
train,mb-mp-e-form-073366,data/cifs/mb-mp-e-form-073366.cif,-1.662592794921875,0.0
train,mb-mp-e-form-034913,data/cifs/mb-mp-e-form-034913.cif,-0.4633216270833333,0.0
train,mb-mp-e-form-066162,data/cifs/mb-mp-e-form-066162.cif,-1.4121210397624993,0.0
train,mb-mp-e-form-027645,data/cifs/mb-mp-e-form-027645.cif,-0.3339305456353563,0.0
train,mb-mp-e-form-051341,data/cifs/mb-mp-e-form-051341.cif,-0.8201093543939403,0.0
train,mb-mp-e-form-092236,data/cifs/mb-mp-e-form-092236.cif,-2.216204983392857,0.0
train,mb-mp-e-form-106974,data/cifs/mb-mp-e-form-106974.cif,-2.568928432461905,0.0
train,mb-mp-e-form-116030,data/cifs/mb-mp-e-form-116030.cif,-2.8089552120694443,0.0
train,mb-mp-e-form-067135,data/cifs/mb-mp-e-form-067135.cif,-1.439283528864861,0.0
train,mb-mp-e-form-007600,data/cifs/mb-mp-e-form-007600.cif,0.1649009589999999,0.0
train,mb-mp-e-form-060694,data/cifs/mb-mp-e-form-060694.cif,-1.1577123488660717,0.0
train,mb-mp-e-form-105250,data/cifs/mb-mp-e-form-105250.cif,-2.510259325,0.0
train,mb-mp-e-form-096636,data/cifs/mb-mp-e-form-096636.cif,-2.314047045069445,0.0
train,mb-mp-e-form-051979,data/cifs/mb-mp-e-form-051979.cif,-0.8654133358333324,0.0
train,mb-mp-e-form-000888,data/cifs/mb-mp-e-form-000888.cif,1.86585206125,0.0
train,mb-mp-e-form-065527,data/cifs/mb-mp-e-form-065527.cif,-1.361066836402299,0.0
train,mb-mp-e-form-003486,data/cifs/mb-mp-e-form-003486.cif,0.5272733012800002,0.0
train,mb-mp-e-form-073998,data/cifs/mb-mp-e-form-073998.cif,-1.704223200982142,0.0
train,mb-mp-e-form-073878,data/cifs/mb-mp-e-form-073878.cif,-1.71238422875,0.0
train,mb-mp-e-form-049120,data/cifs/mb-mp-e-form-049120.cif,-0.7642119674999996,0.0
train,mb-mp-e-form-029863,data/cifs/mb-mp-e-form-029863.cif,-0.3579801050000002,0.0
train,mb-mp-e-form-085678,data/cifs/mb-mp-e-form-085678.cif,-2.016092084209999,0.0
train,mb-mp-e-form-004210,data/cifs/mb-mp-e-form-004210.cif,0.3003033935991379,0.0
train,mb-mp-e-form-071446,data/cifs/mb-mp-e-form-071446.cif,-1.5739577168718342,0.0
train,mb-mp-e-form-107684,data/cifs/mb-mp-e-form-107684.cif,-2.567261288048889,0.0
train,mb-mp-e-form-112397,data/cifs/mb-mp-e-form-112397.cif,-2.678682213220873,0.0
train,mb-mp-e-form-056038,data/cifs/mb-mp-e-form-056038.cif,-0.9812594150689656,0.0
train,mb-mp-e-form-111093,data/cifs/mb-mp-e-form-111093.cif,-2.6605020401914827,0.0
train,mb-mp-e-form-065978,data/cifs/mb-mp-e-form-065978.cif,-1.414074080056,0.0
train,mb-mp-e-form-105992,data/cifs/mb-mp-e-form-105992.cif,-2.5395096027500004,0.0
train,mb-mp-e-form-113263,data/cifs/mb-mp-e-form-113263.cif,-2.702101269064286,0.0
train,mb-mp-e-form-047063,data/cifs/mb-mp-e-form-047063.cif,-0.7240681195,0.0
train,mb-mp-e-form-130571,data/cifs/mb-mp-e-form-130571.cif,-3.598641877883332,0.0
train,mb-mp-e-form-076763,data/cifs/mb-mp-e-form-076763.cif,-1.7502141461805567,0.0
train,mb-mp-e-form-010142,data/cifs/mb-mp-e-form-010142.cif,0.0401573393750003,0.0
train,mb-mp-e-form-083146,data/cifs/mb-mp-e-form-083146.cif,-1.9494516659375,0.0
train,mb-mp-e-form-005961,data/cifs/mb-mp-e-form-005961.cif,0.2149383604166668,0.0
train,mb-mp-e-form-001645,data/cifs/mb-mp-e-form-001645.cif,1.2265986428844446,0.0
train,mb-mp-e-form-121356,data/cifs/mb-mp-e-form-121356.cif,-2.9526191113003653,0.0
train,mb-mp-e-form-131519,data/cifs/mb-mp-e-form-131519.cif,-3.7144461831439375,0.0
train,mb-mp-e-form-070007,data/cifs/mb-mp-e-form-070007.cif,-1.5410788397040438,0.0
train,mb-mp-e-form-094041,data/cifs/mb-mp-e-form-094041.cif,-2.275956945188,0.0
train,mb-mp-e-form-098114,data/cifs/mb-mp-e-form-098114.cif,-2.358573270803571,0.0
train,mb-mp-e-form-049851,data/cifs/mb-mp-e-form-049851.cif,-0.7739216208571428,0.0
train,mb-mp-e-form-109341,data/cifs/mb-mp-e-form-109341.cif,-2.603483301921098,0.0
train,mb-mp-e-form-052832,data/cifs/mb-mp-e-form-052832.cif,-0.8601671910468749,0.0
train,mb-mp-e-form-067811,data/cifs/mb-mp-e-form-067811.cif,-1.4540305261899995,0.0
train,mb-mp-e-form-015567,data/cifs/mb-mp-e-form-015567.cif,-0.0693618412500001,0.0
train,mb-mp-e-form-083353,data/cifs/mb-mp-e-form-083353.cif,-1.949822845749999,0.0
train,mb-mp-e-form-044759,data/cifs/mb-mp-e-form-044759.cif,-0.6531024988284203,0.0
train,mb-mp-e-form-103405,data/cifs/mb-mp-e-form-103405.cif,-2.4788936740873027,0.0
train,mb-mp-e-form-079069,data/cifs/mb-mp-e-form-079069.cif,-1.8489456966225,0.0
train,mb-mp-e-form-020577,data/cifs/mb-mp-e-form-020577.cif,-0.1892460146257134,0.0
train,mb-mp-e-form-105718,data/cifs/mb-mp-e-form-105718.cif,-2.518981880417428,0.0
train,mb-mp-e-form-107787,data/cifs/mb-mp-e-form-107787.cif,-2.592380368085937,0.0
train,mb-mp-e-form-035195,data/cifs/mb-mp-e-form-035195.cif,-0.4714020750202635,0.0
train,mb-mp-e-form-111434,data/cifs/mb-mp-e-form-111434.cif,-2.6585096832140005,0.0
train,mb-mp-e-form-041349,data/cifs/mb-mp-e-form-041349.cif,-0.5923514692307694,0.0
train,mb-mp-e-form-123826,data/cifs/mb-mp-e-form-123826.cif,-3.1041095821428573,0.0
train,mb-mp-e-form-045276,data/cifs/mb-mp-e-form-045276.cif,-0.6673502636904765,0.0
train,mb-mp-e-form-050279,data/cifs/mb-mp-e-form-050279.cif,-0.7938203135714283,0.0
train,mb-mp-e-form-078762,data/cifs/mb-mp-e-form-078762.cif,-1.8190450171264363,0.0
train,mb-mp-e-form-054290,data/cifs/mb-mp-e-form-054290.cif,-0.9102309458908042,0.0
train,mb-mp-e-form-095356,data/cifs/mb-mp-e-form-095356.cif,-2.3039596012912096,0.0
train,mb-mp-e-form-111392,data/cifs/mb-mp-e-form-111392.cif,-2.6636436515608466,0.0
train,mb-mp-e-form-121104,data/cifs/mb-mp-e-form-121104.cif,-2.96731574725,0.0
train,mb-mp-e-form-042673,data/cifs/mb-mp-e-form-042673.cif,-0.6177534839837391,0.0
train,mb-mp-e-form-048847,data/cifs/mb-mp-e-form-048847.cif,-0.7320752549999994,0.0
train,mb-mp-e-form-057673,data/cifs/mb-mp-e-form-057673.cif,-1.0134922710416667,0.0
train,mb-mp-e-form-014860,data/cifs/mb-mp-e-form-014860.cif,-0.0386258437500011,0.0
train,mb-mp-e-form-054530,data/cifs/mb-mp-e-form-054530.cif,-0.9042016517307696,0.0
train,mb-mp-e-form-000183,data/cifs/mb-mp-e-form-000183.cif,1.7777018149999997,0.0
train,mb-mp-e-form-122233,data/cifs/mb-mp-e-form-122233.cif,-2.9999103928125006,0.0
train,mb-mp-e-form-088124,data/cifs/mb-mp-e-form-088124.cif,-2.10228168583125,0.0
train,mb-mp-e-form-102083,data/cifs/mb-mp-e-form-102083.cif,-2.44769644029038,0.0
train,mb-mp-e-form-055006,data/cifs/mb-mp-e-form-055006.cif,-0.9374670997544652,0.0
train,mb-mp-e-form-034340,data/cifs/mb-mp-e-form-034340.cif,-0.4576669691441443,0.0
train,mb-mp-e-form-000709,data/cifs/mb-mp-e-form-000709.cif,1.5445617005555548,0.0
train,mb-mp-e-form-048477,data/cifs/mb-mp-e-form-048477.cif,-0.7322208675000006,0.0
train,mb-mp-e-form-052280,data/cifs/mb-mp-e-form-052280.cif,-0.8429695074999999,0.0
train,mb-mp-e-form-036528,data/cifs/mb-mp-e-form-036528.cif,-0.4979938122727267,0.0
train,mb-mp-e-form-080297,data/cifs/mb-mp-e-form-080297.cif,-1.880304978590857,0.0
train,mb-mp-e-form-056748,data/cifs/mb-mp-e-form-056748.cif,-0.9943946751629994,0.0
train,mb-mp-e-form-088377,data/cifs/mb-mp-e-form-088377.cif,-2.118485361010713,0.0
train,mb-mp-e-form-116060,data/cifs/mb-mp-e-form-116060.cif,-2.801354546666315,0.0
train,mb-mp-e-form-113925,data/cifs/mb-mp-e-form-113925.cif,-2.727583799030868,0.0
train,mb-mp-e-form-099977,data/cifs/mb-mp-e-form-099977.cif,-2.41180454449956,0.0
train,mb-mp-e-form-072686,data/cifs/mb-mp-e-form-072686.cif,-1.6384083093749986,0.0
train,mb-mp-e-form-077867,data/cifs/mb-mp-e-form-077867.cif,-1.8173170555333344,0.0
train,mb-mp-e-form-102323,data/cifs/mb-mp-e-form-102323.cif,-2.4607754221692004,0.0
train,mb-mp-e-form-132449,data/cifs/mb-mp-e-form-132449.cif,-4.5763146616810335,0.0
train,mb-mp-e-form-067952,data/cifs/mb-mp-e-form-067952.cif,-1.4880302471874995,0.0
train,mb-mp-e-form-003060,data/cifs/mb-mp-e-form-003060.cif,0.5240419931550004,0.0
train,mb-mp-e-form-073704,data/cifs/mb-mp-e-form-073704.cif,-1.6767246052400004,0.0
train,mb-mp-e-form-038645,data/cifs/mb-mp-e-form-038645.cif,-0.51790594,0.0
train,mb-mp-e-form-011971,data/cifs/mb-mp-e-form-011971.cif,-0.002295605,0.0
train,mb-mp-e-form-010331,data/cifs/mb-mp-e-form-010331.cif,0.0588799637499999,0.0
train,mb-mp-e-form-007941,data/cifs/mb-mp-e-form-007941.cif,0.1245361866666669,0.0
train,mb-mp-e-form-114311,data/cifs/mb-mp-e-form-114311.cif,-2.735971418125001,0.0
train,mb-mp-e-form-120473,data/cifs/mb-mp-e-form-120473.cif,-2.9341969415154625,0.0
train,mb-mp-e-form-009713,data/cifs/mb-mp-e-form-009713.cif,0.0649203614285716,0.0
train,mb-mp-e-form-109618,data/cifs/mb-mp-e-form-109618.cif,-2.6082418878214275,0.0
train,mb-mp-e-form-069623,data/cifs/mb-mp-e-form-069623.cif,-1.535661429416667,0.0
train,mb-mp-e-form-032981,data/cifs/mb-mp-e-form-032981.cif,-0.4316380507407397,0.0
train,mb-mp-e-form-069648,data/cifs/mb-mp-e-form-069648.cif,-1.5309362269523312,0.0
train,mb-mp-e-form-091448,data/cifs/mb-mp-e-form-091448.cif,-2.190072239980001,0.0
train,mb-mp-e-form-058869,data/cifs/mb-mp-e-form-058869.cif,-1.076602986346153,0.0
train,mb-mp-e-form-013079,data/cifs/mb-mp-e-form-013079.cif,-0.0140660942171422,0.0
train,mb-mp-e-form-089974,data/cifs/mb-mp-e-form-089974.cif,-2.148547404402142,0.0
train,mb-mp-e-form-121445,data/cifs/mb-mp-e-form-121445.cif,-2.9787219723137497,0.0
train,mb-mp-e-form-116826,data/cifs/mb-mp-e-form-116826.cif,-2.839109369375,0.0
train,mb-mp-e-form-071415,data/cifs/mb-mp-e-form-071415.cif,-1.5839218226162783,0.0
train,mb-mp-e-form-131213,data/cifs/mb-mp-e-form-131213.cif,-3.785359561309167,0.0
train,mb-mp-e-form-079737,data/cifs/mb-mp-e-form-079737.cif,-1.8461639039772733,0.0
train,mb-mp-e-form-064583,data/cifs/mb-mp-e-form-064583.cif,-1.3226025243678163,0.0
train,mb-mp-e-form-104229,data/cifs/mb-mp-e-form-104229.cif,-2.496531253470982,0.0
train,mb-mp-e-form-023900,data/cifs/mb-mp-e-form-023900.cif,-0.2605335552083332,0.0
train,mb-mp-e-form-091596,data/cifs/mb-mp-e-form-091596.cif,-2.1897980664661114,0.0
train,mb-mp-e-form-087870,data/cifs/mb-mp-e-form-087870.cif,-2.0959316662500003,0.0
train,mb-mp-e-form-004377,data/cifs/mb-mp-e-form-004377.cif,0.4393250284374996,0.0
train,mb-mp-e-form-017315,data/cifs/mb-mp-e-form-017315.cif,-0.1085200821568635,0.0
train,mb-mp-e-form-101232,data/cifs/mb-mp-e-form-101232.cif,-2.4401579950425365,0.0
train,mb-mp-e-form-046203,data/cifs/mb-mp-e-form-046203.cif,-0.695556440825042,0.0
train,mb-mp-e-form-127653,data/cifs/mb-mp-e-form-127653.cif,-3.2834759141880343,0.0
train,mb-mp-e-form-046522,data/cifs/mb-mp-e-form-046522.cif,-0.6860899799999997,0.0
train,mb-mp-e-form-021205,data/cifs/mb-mp-e-form-021205.cif,-0.2275422569322213,0.0
train,mb-mp-e-form-067905,data/cifs/mb-mp-e-form-067905.cif,-1.4934942575,0.0
train,mb-mp-e-form-023643,data/cifs/mb-mp-e-form-023643.cif,-0.2561235886190467,0.0
train,mb-mp-e-form-014134,data/cifs/mb-mp-e-form-014134.cif,-0.0442405533333334,0.0
train,mb-mp-e-form-115579,data/cifs/mb-mp-e-form-115579.cif,-2.7588954797959184,0.0
train,mb-mp-e-form-076838,data/cifs/mb-mp-e-form-076838.cif,-1.7936534082427265,0.0
train,mb-mp-e-form-005071,data/cifs/mb-mp-e-form-005071.cif,0.2536478474999999,0.0
train,mb-mp-e-form-017111,data/cifs/mb-mp-e-form-017111.cif,-0.1273068081250001,0.0
train,mb-mp-e-form-001788,data/cifs/mb-mp-e-form-001788.cif,1.2362051827709095,0.0
train,mb-mp-e-form-099852,data/cifs/mb-mp-e-form-099852.cif,-2.4186073320222223,0.0
train,mb-mp-e-form-108838,data/cifs/mb-mp-e-form-108838.cif,-2.6082235606672937,0.0
train,mb-mp-e-form-073469,data/cifs/mb-mp-e-form-073469.cif,-1.645774714969212,0.0
train,mb-mp-e-form-061452,data/cifs/mb-mp-e-form-061452.cif,-1.1610268388167564,0.0
train,mb-mp-e-form-090395,data/cifs/mb-mp-e-form-090395.cif,-2.161558790115,0.0
train,mb-mp-e-form-103667,data/cifs/mb-mp-e-form-103667.cif,-2.4662527573017647,0.0
train,mb-mp-e-form-056645,data/cifs/mb-mp-e-form-056645.cif,-0.9886191221263644,0.0
train,mb-mp-e-form-083526,data/cifs/mb-mp-e-form-083526.cif,-1.9458262234199992,0.0
train,mb-mp-e-form-124481,data/cifs/mb-mp-e-form-124481.cif,-3.0947313998214283,0.0
train,mb-mp-e-form-082423,data/cifs/mb-mp-e-form-082423.cif,-1.9370473344687504,0.0
train,mb-mp-e-form-034931,data/cifs/mb-mp-e-form-034931.cif,-0.475763195651042,0.0
train,mb-mp-e-form-046823,data/cifs/mb-mp-e-form-046823.cif,-0.6973342906250002,0.0
train,mb-mp-e-form-072191,data/cifs/mb-mp-e-form-072191.cif,-1.642652450241379,0.0
train,mb-mp-e-form-104197,data/cifs/mb-mp-e-form-104197.cif,-2.4958964466071425,0.0
train,mb-mp-e-form-013158,data/cifs/mb-mp-e-form-013158.cif,-0.0180915558333335,0.0
train,mb-mp-e-form-123364,data/cifs/mb-mp-e-form-123364.cif,-3.066449298791208,0.0
train,mb-mp-e-form-068670,data/cifs/mb-mp-e-form-068670.cif,-1.4759636086980172,0.0
train,mb-mp-e-form-079023,data/cifs/mb-mp-e-form-079023.cif,-1.857664906050713,0.0
train,mb-mp-e-form-046099,data/cifs/mb-mp-e-form-046099.cif,-0.7020902239913795,0.0
train,mb-mp-e-form-078023,data/cifs/mb-mp-e-form-078023.cif,-1.8323433857318616,0.0
train,mb-mp-e-form-034579,data/cifs/mb-mp-e-form-034579.cif,-0.4480333025000001,0.0
train,mb-mp-e-form-019293,data/cifs/mb-mp-e-form-019293.cif,-0.1833879110714278,0.0
train,mb-mp-e-form-006598,data/cifs/mb-mp-e-form-006598.cif,0.1832466424999994,0.0
train,mb-mp-e-form-069105,data/cifs/mb-mp-e-form-069105.cif,-1.521169255154102,0.0
train,mb-mp-e-form-095687,data/cifs/mb-mp-e-form-095687.cif,-2.285751372246241,0.0
train,mb-mp-e-form-078094,data/cifs/mb-mp-e-form-078094.cif,-1.8294034359974995,0.0
train,mb-mp-e-form-012083,data/cifs/mb-mp-e-form-012083.cif,0.0042212462499993,0.0
train,mb-mp-e-form-041797,data/cifs/mb-mp-e-form-041797.cif,-0.5917225477678575,0.0
train,mb-mp-e-form-058516,data/cifs/mb-mp-e-form-058516.cif,-1.0688159306828713,0.0
train,mb-mp-e-form-021635,data/cifs/mb-mp-e-form-021635.cif,-0.2274093996666664,0.0
train,mb-mp-e-form-116291,data/cifs/mb-mp-e-form-116291.cif,-2.785551892714,0.0
train,mb-mp-e-form-072451,data/cifs/mb-mp-e-form-072451.cif,-1.6450317670787078,0.0
train,mb-mp-e-form-020738,data/cifs/mb-mp-e-form-020738.cif,-0.204484427647059,0.0
train,mb-mp-e-form-007269,data/cifs/mb-mp-e-form-007269.cif,0.1437333149999998,0.0
train,mb-mp-e-form-041493,data/cifs/mb-mp-e-form-041493.cif,-0.5862554928660714,0.0
train,mb-mp-e-form-094685,data/cifs/mb-mp-e-form-094685.cif,-2.27983277977381,0.0
train,mb-mp-e-form-101602,data/cifs/mb-mp-e-form-101602.cif,-2.42473341425611,0.0
train,mb-mp-e-form-073951,data/cifs/mb-mp-e-form-073951.cif,-1.6894972335307128,0.0
train,mb-mp-e-form-082573,data/cifs/mb-mp-e-form-082573.cif,-1.91728776,0.0
train,mb-mp-e-form-113624,data/cifs/mb-mp-e-form-113624.cif,-2.712517566190477,0.0
train,mb-mp-e-form-072183,data/cifs/mb-mp-e-form-072183.cif,-1.6106724804687491,0.0
train,mb-mp-e-form-044822,data/cifs/mb-mp-e-form-044822.cif,-0.6561155579166664,0.0
train,mb-mp-e-form-050756,data/cifs/mb-mp-e-form-050756.cif,-0.7845675319999998,0.0
train,mb-mp-e-form-102650,data/cifs/mb-mp-e-form-102650.cif,-2.447205153967976,0.0
train,mb-mp-e-form-096333,data/cifs/mb-mp-e-form-096333.cif,-2.324189478550825,0.0
train,mb-mp-e-form-073292,data/cifs/mb-mp-e-form-073292.cif,-1.6507914281249991,0.0
train,mb-mp-e-form-073326,data/cifs/mb-mp-e-form-073326.cif,-1.65827599828,0.0
train,mb-mp-e-form-100938,data/cifs/mb-mp-e-form-100938.cif,-2.437799087750001,0.0
train,mb-mp-e-form-011871,data/cifs/mb-mp-e-form-011871.cif,0.0121511256250004,0.0
train,mb-mp-e-form-023748,data/cifs/mb-mp-e-form-023748.cif,-0.2664180648790326,0.0
train,mb-mp-e-form-027320,data/cifs/mb-mp-e-form-027320.cif,-0.3338708449999998,0.0
train,mb-mp-e-form-131202,data/cifs/mb-mp-e-form-131202.cif,-3.7300688429758337,0.0
train,mb-mp-e-form-020125,data/cifs/mb-mp-e-form-020125.cif,-0.2040058699999996,0.0
train,mb-mp-e-form-097824,data/cifs/mb-mp-e-form-097824.cif,-2.373758204027778,0.0
train,mb-mp-e-form-087953,data/cifs/mb-mp-e-form-087953.cif,-2.090228842121212,0.0
train,mb-mp-e-form-094426,data/cifs/mb-mp-e-form-094426.cif,-2.2663967306611106,0.0
train,mb-mp-e-form-064762,data/cifs/mb-mp-e-form-064762.cif,-1.3292878243861903,0.0
train,mb-mp-e-form-068323,data/cifs/mb-mp-e-form-068323.cif,-1.4700060812499995,0.0
train,mb-mp-e-form-044533,data/cifs/mb-mp-e-form-044533.cif,-0.6538058935344827,0.0
train,mb-mp-e-form-022977,data/cifs/mb-mp-e-form-022977.cif,-0.2620154599314282,0.0
train,mb-mp-e-form-086872,data/cifs/mb-mp-e-form-086872.cif,-2.0707081644200005,0.0
train,mb-mp-e-form-001216,data/cifs/mb-mp-e-form-001216.cif,1.3029050833333335,0.0
train,mb-mp-e-form-041346,data/cifs/mb-mp-e-form-041346.cif,-0.5883996283333334,0.0
train,mb-mp-e-form-033116,data/cifs/mb-mp-e-form-033116.cif,-0.4358890100000003,0.0
train,mb-mp-e-form-119722,data/cifs/mb-mp-e-form-119722.cif,-2.8819669371733334,0.0
train,mb-mp-e-form-061474,data/cifs/mb-mp-e-form-061474.cif,-1.183117175977778,0.0
train,mb-mp-e-form-112893,data/cifs/mb-mp-e-form-112893.cif,-2.7013520114829643,0.0
train,mb-mp-e-form-034076,data/cifs/mb-mp-e-form-034076.cif,-0.4489147152084843,0.0
train,mb-mp-e-form-088971,data/cifs/mb-mp-e-form-088971.cif,-2.143565106545,0.0
train,mb-mp-e-form-128852,data/cifs/mb-mp-e-form-128852.cif,-3.4081420142140004,0.0
train,mb-mp-e-form-111187,data/cifs/mb-mp-e-form-111187.cif,-2.660709351476191,0.0
train,mb-mp-e-form-052197,data/cifs/mb-mp-e-form-052197.cif,-0.8524496456003746,0.0
train,mb-mp-e-form-108729,data/cifs/mb-mp-e-form-108729.cif,-2.5880445533925,0.0
train,mb-mp-e-form-069555,data/cifs/mb-mp-e-form-069555.cif,-1.5179288546325005,0.0
train,mb-mp-e-form-087789,data/cifs/mb-mp-e-form-087789.cif,-2.109948799375,0.0
train,mb-mp-e-form-011413,data/cifs/mb-mp-e-form-011413.cif,0.0276313256250002,0.0
train,mb-mp-e-form-086856,data/cifs/mb-mp-e-form-086856.cif,-2.0869994970544448,0.0
train,mb-mp-e-form-094722,data/cifs/mb-mp-e-form-094722.cif,-2.275353141198979,0.0
train,mb-mp-e-form-017949,data/cifs/mb-mp-e-form-017949.cif,-0.15249077,0.0
train,mb-mp-e-form-048626,data/cifs/mb-mp-e-form-048626.cif,-0.7526953095240891,0.0
train,mb-mp-e-form-117742,data/cifs/mb-mp-e-form-117742.cif,-2.833364149250001,0.0
train,mb-mp-e-form-112916,data/cifs/mb-mp-e-form-112916.cif,-2.7181327467726977,0.0
train,mb-mp-e-form-121353,data/cifs/mb-mp-e-form-121353.cif,-2.9519754959065945,0.0
train,mb-mp-e-form-093259,data/cifs/mb-mp-e-form-093259.cif,-2.2415794005,0.0
train,mb-mp-e-form-072783,data/cifs/mb-mp-e-form-072783.cif,-1.643490412321429,0.0
train,mb-mp-e-form-079235,data/cifs/mb-mp-e-form-079235.cif,-1.844421808185,0.0
train,mb-mp-e-form-036557,data/cifs/mb-mp-e-form-036557.cif,-0.4795654966666665,0.0
train,mb-mp-e-form-111161,data/cifs/mb-mp-e-form-111161.cif,-2.660032034942,0.0
train,mb-mp-e-form-090176,data/cifs/mb-mp-e-form-090176.cif,-2.149018808194445,0.0
train,mb-mp-e-form-099439,data/cifs/mb-mp-e-form-099439.cif,-2.3985161631964287,0.0
train,mb-mp-e-form-013891,data/cifs/mb-mp-e-form-013891.cif,-0.0117566616666667,0.0
train,mb-mp-e-form-089273,data/cifs/mb-mp-e-form-089273.cif,-2.135138274326668,0.0
train,mb-mp-e-form-085023,data/cifs/mb-mp-e-form-085023.cif,-2.0194825923109248,0.0
train,mb-mp-e-form-085204,data/cifs/mb-mp-e-form-085204.cif,-2.021377383799999,0.0
train,mb-mp-e-form-008714,data/cifs/mb-mp-e-form-008714.cif,0.1239166368965507,0.0
train,mb-mp-e-form-131085,data/cifs/mb-mp-e-form-131085.cif,-3.773304824366885,0.0
train,mb-mp-e-form-112438,data/cifs/mb-mp-e-form-112438.cif,-2.6695060085520192,0.0
train,mb-mp-e-form-104711,data/cifs/mb-mp-e-form-104711.cif,-2.50314316580044,0.0
train,mb-mp-e-form-050230,data/cifs/mb-mp-e-form-050230.cif,-0.8059985608337499,0.0
train,mb-mp-e-form-003357,data/cifs/mb-mp-e-form-003357.cif,0.4710616475000004,0.0
train,mb-mp-e-form-122121,data/cifs/mb-mp-e-form-122121.cif,-2.9918902269642857,0.0
train,mb-mp-e-form-017217,data/cifs/mb-mp-e-form-017217.cif,-0.1248821643877547,0.0
train,mb-mp-e-form-024458,data/cifs/mb-mp-e-form-024458.cif,-0.2720149675000011,0.0
train,mb-mp-e-form-063542,data/cifs/mb-mp-e-form-063542.cif,-1.2789870723945531,0.0
train,mb-mp-e-form-070298,data/cifs/mb-mp-e-form-070298.cif,-1.5584943602489452,0.0
train,mb-mp-e-form-046333,data/cifs/mb-mp-e-form-046333.cif,-0.7001635593750004,0.0
train,mb-mp-e-form-129554,data/cifs/mb-mp-e-form-129554.cif,-3.440124086334822,0.0
train,mb-mp-e-form-015044,data/cifs/mb-mp-e-form-015044.cif,-0.0614802,0.0
train,mb-mp-e-form-027643,data/cifs/mb-mp-e-form-027643.cif,-0.338560461034483,0.0
train,mb-mp-e-form-121903,data/cifs/mb-mp-e-form-121903.cif,-2.9877732140263595,0.0
train,mb-mp-e-form-047244,data/cifs/mb-mp-e-form-047244.cif,-0.713079966282631,0.0
train,mb-mp-e-form-102062,data/cifs/mb-mp-e-form-102062.cif,-2.46496374578125,0.0
train,mb-mp-e-form-038249,data/cifs/mb-mp-e-form-038249.cif,-0.5350315166536461,0.0
train,mb-mp-e-form-024500,data/cifs/mb-mp-e-form-024500.cif,-0.2796527731818185,0.0
train,mb-mp-e-form-018549,data/cifs/mb-mp-e-form-018549.cif,-0.1367763875000003,0.0
train,mb-mp-e-form-068784,data/cifs/mb-mp-e-form-068784.cif,-1.4721173770233325,0.0
train,mb-mp-e-form-122620,data/cifs/mb-mp-e-form-122620.cif,-3.0070806784,0.0
train,mb-mp-e-form-051932,data/cifs/mb-mp-e-form-051932.cif,-0.8617379194444439,0.0
train,mb-mp-e-form-067061,data/cifs/mb-mp-e-form-067061.cif,-1.4471541233861542,0.0
train,mb-mp-e-form-118871,data/cifs/mb-mp-e-form-118871.cif,-2.910257048984375,0.0
train,mb-mp-e-form-119408,data/cifs/mb-mp-e-form-119408.cif,-2.9070391213373026,0.0
train,mb-mp-e-form-130692,data/cifs/mb-mp-e-form-130692.cif,-3.508082306964287,0.0
train,mb-mp-e-form-058064,data/cifs/mb-mp-e-form-058064.cif,-1.0462316452413796,0.0
train,mb-mp-e-form-029597,data/cifs/mb-mp-e-form-029597.cif,-0.3665148662499999,0.0
train,mb-mp-e-form-097443,data/cifs/mb-mp-e-form-097443.cif,-2.3354935318277312,0.0
train,mb-mp-e-form-030666,data/cifs/mb-mp-e-form-030666.cif,-0.3832267194444448,0.0
train,mb-mp-e-form-100065,data/cifs/mb-mp-e-form-100065.cif,-2.4218511799999987,0.0
train,mb-mp-e-form-086561,data/cifs/mb-mp-e-form-086561.cif,-2.0516813951,0.0
train,mb-mp-e-form-075746,data/cifs/mb-mp-e-form-075746.cif,-1.717792483235293,0.0
train,mb-mp-e-form-011261,data/cifs/mb-mp-e-form-011261.cif,0.0320976400000005,0.0
train,mb-mp-e-form-070820,data/cifs/mb-mp-e-form-070820.cif,-1.5607680117140004,0.0
train,mb-mp-e-form-114819,data/cifs/mb-mp-e-form-114819.cif,-2.7764029449375,0.0
train,mb-mp-e-form-127884,data/cifs/mb-mp-e-form-127884.cif,-3.347158819039667,0.0
train,mb-mp-e-form-098778,data/cifs/mb-mp-e-form-098778.cif,-2.397889940081551,0.0
train,mb-mp-e-form-061927,data/cifs/mb-mp-e-form-061927.cif,-1.2241359955902784,0.0
train,mb-mp-e-form-058354,data/cifs/mb-mp-e-form-058354.cif,-1.0541993145919544,0.0
train,mb-mp-e-form-110859,data/cifs/mb-mp-e-form-110859.cif,-2.65354362278,0.0
train,mb-mp-e-form-042508,data/cifs/mb-mp-e-form-042508.cif,-0.611375798000001,0.0
train,mb-mp-e-form-027638,data/cifs/mb-mp-e-form-027638.cif,-0.3244680824999999,0.0
train,mb-mp-e-form-098373,data/cifs/mb-mp-e-form-098373.cif,-2.359077564895625,0.0
train,mb-mp-e-form-106152,data/cifs/mb-mp-e-form-106152.cif,-2.535350171571429,0.0
train,mb-mp-e-form-039651,data/cifs/mb-mp-e-form-039651.cif,-0.5448469296875,0.0
train,mb-mp-e-form-006212,data/cifs/mb-mp-e-form-006212.cif,0.20346344265625,0.0
train,mb-mp-e-form-064865,data/cifs/mb-mp-e-form-064865.cif,-1.35440746119,0.0
train,mb-mp-e-form-045023,data/cifs/mb-mp-e-form-045023.cif,-0.6623705620016676,0.0
train,mb-mp-e-form-048563,data/cifs/mb-mp-e-form-048563.cif,-0.732067858333334,0.0
train,mb-mp-e-form-057322,data/cifs/mb-mp-e-form-057322.cif,-1.006480727222223,0.0
train,mb-mp-e-form-032289,data/cifs/mb-mp-e-form-032289.cif,-0.4212871326543205,0.0
train,mb-mp-e-form-033017,data/cifs/mb-mp-e-form-033017.cif,-0.4383524628787876,0.0
train,mb-mp-e-form-110490,data/cifs/mb-mp-e-form-110490.cif,-2.6339451709180004,0.0
train,mb-mp-e-form-099295,data/cifs/mb-mp-e-form-099295.cif,-2.3995143577187776,0.0
train,mb-mp-e-form-000933,data/cifs/mb-mp-e-form-000933.cif,1.4422185672500007,0.0
train,mb-mp-e-form-113242,data/cifs/mb-mp-e-form-113242.cif,-2.7170764790715385,0.0
train,mb-mp-e-form-014407,data/cifs/mb-mp-e-form-014407.cif,-0.0382735760000002,0.0
train,mb-mp-e-form-017257,data/cifs/mb-mp-e-form-017257.cif,-0.1202431784821434,0.0
train,mb-mp-e-form-060186,data/cifs/mb-mp-e-form-060186.cif,-1.1558401009615795,0.0
train,mb-mp-e-form-063234,data/cifs/mb-mp-e-form-063234.cif,-1.2646592468253968,0.0
train,mb-mp-e-form-053467,data/cifs/mb-mp-e-form-053467.cif,-0.8888699385795455,0.0
train,mb-mp-e-form-037894,data/cifs/mb-mp-e-form-037894.cif,-0.5129153714399997,0.0
train,mb-mp-e-form-015093,data/cifs/mb-mp-e-form-015093.cif,-0.0600025411979168,0.0
train,mb-mp-e-form-038448,data/cifs/mb-mp-e-form-038448.cif,-0.5215160126805548,0.0
train,mb-mp-e-form-010924,data/cifs/mb-mp-e-form-010924.cif,0.0577334850000008,0.0
train,mb-mp-e-form-032364,data/cifs/mb-mp-e-form-032364.cif,-0.425695024166667,0.0
train,mb-mp-e-form-068507,data/cifs/mb-mp-e-form-068507.cif,-1.4844717017045452,0.0
train,mb-mp-e-form-067559,data/cifs/mb-mp-e-form-067559.cif,-1.439523962573,0.0
train,mb-mp-e-form-028704,data/cifs/mb-mp-e-form-028704.cif,-0.3400146273055545,0.0
train,mb-mp-e-form-014527,data/cifs/mb-mp-e-form-014527.cif,-0.0497976796279751,0.0
train,mb-mp-e-form-117257,data/cifs/mb-mp-e-form-117257.cif,-2.8455394983928577,0.0
train,mb-mp-e-form-084862,data/cifs/mb-mp-e-form-084862.cif,-2.0028808640624987,0.0
train,mb-mp-e-form-124531,data/cifs/mb-mp-e-form-124531.cif,-3.085838196083334,0.0
train,mb-mp-e-form-119278,data/cifs/mb-mp-e-form-119278.cif,-2.9086545825862062,0.0
train,mb-mp-e-form-054083,data/cifs/mb-mp-e-form-054083.cif,-0.9303423188399998,0.0
train,mb-mp-e-form-039707,data/cifs/mb-mp-e-form-039707.cif,-0.5470691193750001,0.0
train,mb-mp-e-form-083669,data/cifs/mb-mp-e-form-083669.cif,-1.9655101960714287,0.0
train,mb-mp-e-form-077295,data/cifs/mb-mp-e-form-077295.cif,-1.8089685157209991,0.0
train,mb-mp-e-form-060728,data/cifs/mb-mp-e-form-060728.cif,-1.1371802225632497,0.0
train,mb-mp-e-form-088752,data/cifs/mb-mp-e-form-088752.cif,-2.097681653382353,0.0
train,mb-mp-e-form-102408,data/cifs/mb-mp-e-form-102408.cif,-2.4468525491109774,0.0
train,mb-mp-e-form-128469,data/cifs/mb-mp-e-form-128469.cif,-3.3576563481249995,0.0
train,mb-mp-e-form-033359,data/cifs/mb-mp-e-form-033359.cif,-0.4422537509375003,0.0
train,mb-mp-e-form-092179,data/cifs/mb-mp-e-form-092179.cif,-2.21195842,0.0
train,mb-mp-e-form-005503,data/cifs/mb-mp-e-form-005503.cif,0.2987747393750002,0.0
train,mb-mp-e-form-129618,data/cifs/mb-mp-e-form-129618.cif,-3.4071529059259253,0.0
train,mb-mp-e-form-027828,data/cifs/mb-mp-e-form-027828.cif,-0.3340019124999998,0.0
train,mb-mp-e-form-110428,data/cifs/mb-mp-e-form-110428.cif,-2.6334793757823123,0.0
train,mb-mp-e-form-115039,data/cifs/mb-mp-e-form-115039.cif,-2.763603109400901,0.0
train,mb-mp-e-form-075998,data/cifs/mb-mp-e-form-075998.cif,-1.779366886407857,0.0
train,mb-mp-e-form-027724,data/cifs/mb-mp-e-form-027724.cif,-0.3271826024999997,0.0
train,mb-mp-e-form-050861,data/cifs/mb-mp-e-form-050861.cif,-0.80072978913,0.0
train,mb-mp-e-form-038871,data/cifs/mb-mp-e-form-038871.cif,-0.5283034012500005,0.0
train,mb-mp-e-form-101728,data/cifs/mb-mp-e-form-101728.cif,-2.440162219234693,0.0
train,mb-mp-e-form-078768,data/cifs/mb-mp-e-form-078768.cif,-1.831187542504184,0.0
train,mb-mp-e-form-004467,data/cifs/mb-mp-e-form-004467.cif,0.382837302845,0.0
train,mb-mp-e-form-057260,data/cifs/mb-mp-e-form-057260.cif,-1.0288286877799997,0.0
train,mb-mp-e-form-083684,data/cifs/mb-mp-e-form-083684.cif,-1.9655058494097213,0.0
train,mb-mp-e-form-094449,data/cifs/mb-mp-e-form-094449.cif,-2.2664107358823524,0.0
train,mb-mp-e-form-002489,data/cifs/mb-mp-e-form-002489.cif,0.871075989966667,0.0
train,mb-mp-e-form-010711,data/cifs/mb-mp-e-form-010711.cif,0.0562978424999993,0.0
train,mb-mp-e-form-106936,data/cifs/mb-mp-e-form-106936.cif,-2.567837558928572,0.0
train,mb-mp-e-form-092065,data/cifs/mb-mp-e-form-092065.cif,-2.2070264347142845,0.0
train,mb-mp-e-form-067845,data/cifs/mb-mp-e-form-067845.cif,-1.4219942757142852,0.0
train,mb-mp-e-form-088239,data/cifs/mb-mp-e-form-088239.cif,-2.097733625773809,0.0
train,mb-mp-e-form-131116,data/cifs/mb-mp-e-form-131116.cif,-3.6929777921428593,0.0
train,mb-mp-e-form-062202,data/cifs/mb-mp-e-form-062202.cif,-1.2251212824404765,0.0
train,mb-mp-e-form-096409,data/cifs/mb-mp-e-form-096409.cif,-2.3094048593658822,0.0
train,mb-mp-e-form-063895,data/cifs/mb-mp-e-form-063895.cif,-1.3157340071428565,0.0
train,mb-mp-e-form-039244,data/cifs/mb-mp-e-form-039244.cif,-0.5513826577777776,0.0
train,mb-mp-e-form-067594,data/cifs/mb-mp-e-form-067594.cif,-1.4488836850000002,0.0
train,mb-mp-e-form-047605,data/cifs/mb-mp-e-form-047605.cif,-0.7182489890000007,0.0
train,mb-mp-e-form-004229,data/cifs/mb-mp-e-form-004229.cif,0.3051895582820009,0.0
train,mb-mp-e-form-072790,data/cifs/mb-mp-e-form-072790.cif,-1.6450299132292303,0.0
train,mb-mp-e-form-048413,data/cifs/mb-mp-e-form-048413.cif,-0.7504780275000004,0.0
train,mb-mp-e-form-106407,data/cifs/mb-mp-e-form-106407.cif,-2.5318271532678565,0.0
train,mb-mp-e-form-111871,data/cifs/mb-mp-e-form-111871.cif,-2.677130975264443,0.0
train,mb-mp-e-form-116425,data/cifs/mb-mp-e-form-116425.cif,-2.7991619909638565,0.0
train,mb-mp-e-form-008214,data/cifs/mb-mp-e-form-008214.cif,0.112838370499999,0.0
train,mb-mp-e-form-086676,data/cifs/mb-mp-e-form-086676.cif,-2.056143915386905,0.0
train,mb-mp-e-form-129881,data/cifs/mb-mp-e-form-129881.cif,-3.584779798333334,0.0
train,mb-mp-e-form-071481,data/cifs/mb-mp-e-form-071481.cif,-1.6036327735714275,0.0
train,mb-mp-e-form-038637,data/cifs/mb-mp-e-form-038637.cif,-0.5335651866666667,0.0
train,mb-mp-e-form-109304,data/cifs/mb-mp-e-form-109304.cif,-2.6152407581170416,0.0
train,mb-mp-e-form-021997,data/cifs/mb-mp-e-form-021997.cif,-0.2367962387499993,0.0
train,mb-mp-e-form-111714,data/cifs/mb-mp-e-form-111714.cif,-2.657234335178572,0.0
train,mb-mp-e-form-030783,data/cifs/mb-mp-e-form-030783.cif,-0.3837710162500007,0.0
train,mb-mp-e-form-121315,data/cifs/mb-mp-e-form-121315.cif,-2.961396439619091,0.0
train,mb-mp-e-form-027193,data/cifs/mb-mp-e-form-027193.cif,-0.3258050237499983,0.0
train,mb-mp-e-form-120861,data/cifs/mb-mp-e-form-120861.cif,-2.9651981571093744,0.0
train,mb-mp-e-form-055273,data/cifs/mb-mp-e-form-055273.cif,-0.9342314377777776,0.0
train,mb-mp-e-form-071941,data/cifs/mb-mp-e-form-071941.cif,-1.6361704890042847,0.0
train,mb-mp-e-form-064621,data/cifs/mb-mp-e-form-064621.cif,-1.3286599391707692,0.0
train,mb-mp-e-form-081077,data/cifs/mb-mp-e-form-081077.cif,-1.8873262936216664,0.0
train,mb-mp-e-form-130088,data/cifs/mb-mp-e-form-130088.cif,-3.576833121354168,0.0
train,mb-mp-e-form-057629,data/cifs/mb-mp-e-form-057629.cif,-1.0423100538912493,0.0
train,mb-mp-e-form-026430,data/cifs/mb-mp-e-form-026430.cif,-0.3200909006249999,0.0
train,mb-mp-e-form-083811,data/cifs/mb-mp-e-form-083811.cif,-2.001318295952382,0.0
train,mb-mp-e-form-070300,data/cifs/mb-mp-e-form-070300.cif,-1.5455921563990664,0.0
train,mb-mp-e-form-028045,data/cifs/mb-mp-e-form-028045.cif,-0.3441340379166662,0.0
train,mb-mp-e-form-101566,data/cifs/mb-mp-e-form-101566.cif,-2.4429563564583336,0.0
train,mb-mp-e-form-101601,data/cifs/mb-mp-e-form-101601.cif,-2.424591935922777,0.0
train,mb-mp-e-form-043079,data/cifs/mb-mp-e-form-043079.cif,-0.6243884585714282,0.0
train,mb-mp-e-form-032359,data/cifs/mb-mp-e-form-032359.cif,-0.4184684495161291,0.0
train,mb-mp-e-form-090070,data/cifs/mb-mp-e-form-090070.cif,-2.170373744450899,0.0
train,mb-mp-e-form-065490,data/cifs/mb-mp-e-form-065490.cif,-1.3342865177237495,0.0
train,mb-mp-e-form-079338,data/cifs/mb-mp-e-form-079338.cif,-1.8422723825727312,0.0
train,mb-mp-e-form-011609,data/cifs/mb-mp-e-form-011609.cif,0.0249834146153849,0.0
train,mb-mp-e-form-053399,data/cifs/mb-mp-e-form-053399.cif,-0.8911115751153976,0.0
train,mb-mp-e-form-098605,data/cifs/mb-mp-e-form-098605.cif,-2.366172776430205,0.0
train,mb-mp-e-form-096573,data/cifs/mb-mp-e-form-096573.cif,-2.3323357705208334,0.0
train,mb-mp-e-form-110077,data/cifs/mb-mp-e-form-110077.cif,-2.620817281083333,0.0
train,mb-mp-e-form-032055,data/cifs/mb-mp-e-form-032055.cif,-0.4250586925257143,0.0
train,mb-mp-e-form-070017,data/cifs/mb-mp-e-form-070017.cif,-1.5404384607500006,0.0
train,mb-mp-e-form-065420,data/cifs/mb-mp-e-form-065420.cif,-1.3401175797058826,0.0
train,mb-mp-e-form-107949,data/cifs/mb-mp-e-form-107949.cif,-2.580669469062499,0.0
train,mb-mp-e-form-020118,data/cifs/mb-mp-e-form-020118.cif,-0.1910363145982145,0.0
train,mb-mp-e-form-055631,data/cifs/mb-mp-e-form-055631.cif,-0.9452635090909096,0.0
train,mb-mp-e-form-030493,data/cifs/mb-mp-e-form-030493.cif,-0.3898072662500009,0.0
train,mb-mp-e-form-128407,data/cifs/mb-mp-e-form-128407.cif,-3.316458506431579,0.0
train,mb-mp-e-form-099541,data/cifs/mb-mp-e-form-099541.cif,-2.3802930246875,0.0
train,mb-mp-e-form-091083,data/cifs/mb-mp-e-form-091083.cif,-2.1732028419375,0.0
train,mb-mp-e-form-121213,data/cifs/mb-mp-e-form-121213.cif,-2.9601227966091472,0.0
train,mb-mp-e-form-031131,data/cifs/mb-mp-e-form-031131.cif,-0.40758089375,0.0
train,mb-mp-e-form-050254,data/cifs/mb-mp-e-form-050254.cif,-0.7979711166666669,0.0
train,mb-mp-e-form-020211,data/cifs/mb-mp-e-form-020211.cif,-0.1974034901194444,0.0
train,mb-mp-e-form-046754,data/cifs/mb-mp-e-form-046754.cif,-0.7020859726831578,0.0
train,mb-mp-e-form-035881,data/cifs/mb-mp-e-form-035881.cif,-0.4651393933333336,0.0
train,mb-mp-e-form-055279,data/cifs/mb-mp-e-form-055279.cif,-0.9342383154589848,0.0
train,mb-mp-e-form-106473,data/cifs/mb-mp-e-form-106473.cif,-2.5371392417140006,0.0
train,mb-mp-e-form-099806,data/cifs/mb-mp-e-form-099806.cif,-2.4172096637755103,0.0
train,mb-mp-e-form-083029,data/cifs/mb-mp-e-form-083029.cif,-1.963220236953126,0.0
train,mb-mp-e-form-047643,data/cifs/mb-mp-e-form-047643.cif,-0.7194012171087534,0.0
train,mb-mp-e-form-029632,data/cifs/mb-mp-e-form-029632.cif,-0.3689688724759989,0.0
train,mb-mp-e-form-104324,data/cifs/mb-mp-e-form-104324.cif,-2.505040421416667,0.0
train,mb-mp-e-form-052150,data/cifs/mb-mp-e-form-052150.cif,-0.8583913942006273,0.0
train,mb-mp-e-form-086219,data/cifs/mb-mp-e-form-086219.cif,-2.0342406171590897,0.0
train,mb-mp-e-form-129128,data/cifs/mb-mp-e-form-129128.cif,-3.3999185514166683,0.0
train,mb-mp-e-form-057373,data/cifs/mb-mp-e-form-057373.cif,-1.0126672860599868,0.0
train,mb-mp-e-form-006343,data/cifs/mb-mp-e-form-006343.cif,0.2025713971428575,0.0
train,mb-mp-e-form-109157,data/cifs/mb-mp-e-form-109157.cif,-2.611474708845999,0.0
train,mb-mp-e-form-027728,data/cifs/mb-mp-e-form-027728.cif,-0.33852610875,0.0
train,mb-mp-e-form-012650,data/cifs/mb-mp-e-form-012650.cif,0.0105045616666661,0.0
train,mb-mp-e-form-078778,data/cifs/mb-mp-e-form-078778.cif,-1.8343989305,0.0
train,mb-mp-e-form-074062,data/cifs/mb-mp-e-form-074062.cif,-1.711371963836123,0.0
train,mb-mp-e-form-085815,data/cifs/mb-mp-e-form-085815.cif,-2.036256823522727,0.0
train,mb-mp-e-form-038621,data/cifs/mb-mp-e-form-038621.cif,-0.5201333633333333,0.0
train,mb-mp-e-form-023901,data/cifs/mb-mp-e-form-023901.cif,-0.2570981743749998,0.0
train,mb-mp-e-form-105761,data/cifs/mb-mp-e-form-105761.cif,-2.5380862271875,0.0
train,mb-mp-e-form-024685,data/cifs/mb-mp-e-form-024685.cif,-0.2724848502380953,0.0
train,mb-mp-e-form-089448,data/cifs/mb-mp-e-form-089448.cif,-2.1206066615312507,0.0
train,mb-mp-e-form-013339,data/cifs/mb-mp-e-form-013339.cif,-0.0269803882758624,0.0
train,mb-mp-e-form-076773,data/cifs/mb-mp-e-form-076773.cif,-1.7710603606249995,0.0
train,mb-mp-e-form-116619,data/cifs/mb-mp-e-form-116619.cif,-2.786263527058823,0.0
train,mb-mp-e-form-120169,data/cifs/mb-mp-e-form-120169.cif,-2.9302979022642504,0.0
train,mb-mp-e-form-019047,data/cifs/mb-mp-e-form-019047.cif,-0.1760101282638883,0.0
train,mb-mp-e-form-023953,data/cifs/mb-mp-e-form-023953.cif,-0.2793149413333339,0.0
train,mb-mp-e-form-005576,data/cifs/mb-mp-e-form-005576.cif,0.2895335600000006,0.0
train,mb-mp-e-form-036313,data/cifs/mb-mp-e-form-036313.cif,-0.4959421119607846,0.0
train,mb-mp-e-form-035975,data/cifs/mb-mp-e-form-035975.cif,-0.4919633440999998,0.0
train,mb-mp-e-form-078413,data/cifs/mb-mp-e-form-078413.cif,-1.826655816442986,0.0
train,mb-mp-e-form-064126,data/cifs/mb-mp-e-form-064126.cif,-1.330492222440477,0.0
train,mb-mp-e-form-014081,data/cifs/mb-mp-e-form-014081.cif,-0.0334973183333332,0.0
train,mb-mp-e-form-078748,data/cifs/mb-mp-e-form-078748.cif,-1.8204730312500008,0.0
train,mb-mp-e-form-103417,data/cifs/mb-mp-e-form-103417.cif,-2.483545275063025,0.0
train,mb-mp-e-form-092947,data/cifs/mb-mp-e-form-092947.cif,-2.2494191162611603,0.0
train,mb-mp-e-form-069025,data/cifs/mb-mp-e-form-069025.cif,-1.52927674735,0.0
train,mb-mp-e-form-086440,data/cifs/mb-mp-e-form-086440.cif,-2.05251900298,0.0
train,mb-mp-e-form-009271,data/cifs/mb-mp-e-form-009271.cif,0.0746007471428567,0.0
train,mb-mp-e-form-033299,data/cifs/mb-mp-e-form-033299.cif,-0.4416506490208339,0.0
train,mb-mp-e-form-055986,data/cifs/mb-mp-e-form-055986.cif,-0.9790042816666672,0.0
train,mb-mp-e-form-107200,data/cifs/mb-mp-e-form-107200.cif,-2.562295213750001,0.0
train,mb-mp-e-form-005868,data/cifs/mb-mp-e-form-005868.cif,0.2526097000000007,0.0
train,mb-mp-e-form-011298,data/cifs/mb-mp-e-form-011298.cif,0.0262078175,0.0
train,mb-mp-e-form-114731,data/cifs/mb-mp-e-form-114731.cif,-2.73318892825,0.0
train,mb-mp-e-form-120721,data/cifs/mb-mp-e-form-120721.cif,-2.9386226721969706,0.0
train,mb-mp-e-form-094221,data/cifs/mb-mp-e-form-094221.cif,-2.264473361386554,0.0
train,mb-mp-e-form-083671,data/cifs/mb-mp-e-form-083671.cif,-1.9423529062650609,0.0
train,mb-mp-e-form-012079,data/cifs/mb-mp-e-form-012079.cif,-0.004978435833333,0.0
train,mb-mp-e-form-046877,data/cifs/mb-mp-e-form-046877.cif,-0.6969765530599998,0.0
train,mb-mp-e-form-130752,data/cifs/mb-mp-e-form-130752.cif,-3.5644057187071425,0.0
train,mb-mp-e-form-117147,data/cifs/mb-mp-e-form-117147.cif,-2.8262881026136366,0.0
train,mb-mp-e-form-020976,data/cifs/mb-mp-e-form-020976.cif,-0.2175889806034483,0.0
train,mb-mp-e-form-038147,data/cifs/mb-mp-e-form-038147.cif,-0.5246726244444441,0.0
train,mb-mp-e-form-035449,data/cifs/mb-mp-e-form-035449.cif,-0.4786274890517246,0.0
train,mb-mp-e-form-005565,data/cifs/mb-mp-e-form-005565.cif,0.2713276600000003,0.0
train,mb-mp-e-form-047526,data/cifs/mb-mp-e-form-047526.cif,-0.7245940696666665,0.0
train,mb-mp-e-form-034120,data/cifs/mb-mp-e-form-034120.cif,-0.4457639762499998,0.0
train,mb-mp-e-form-071921,data/cifs/mb-mp-e-form-071921.cif,-1.6158853773893334,0.0
train,mb-mp-e-form-120298,data/cifs/mb-mp-e-form-120298.cif,-2.9405240925922222,0.0
train,mb-mp-e-form-043410,data/cifs/mb-mp-e-form-043410.cif,-0.6242308268333332,0.0
train,mb-mp-e-form-119219,data/cifs/mb-mp-e-form-119219.cif,-2.888539967573528,0.0
train,mb-mp-e-form-085196,data/cifs/mb-mp-e-form-085196.cif,-2.004632108125001,0.0
train,mb-mp-e-form-092465,data/cifs/mb-mp-e-form-092465.cif,-2.218571566020409,0.0
train,mb-mp-e-form-038216,data/cifs/mb-mp-e-form-038216.cif,-0.5258286314285711,0.0
train,mb-mp-e-form-072576,data/cifs/mb-mp-e-form-072576.cif,-1.6186439895238094,0.0
train,mb-mp-e-form-092409,data/cifs/mb-mp-e-form-092409.cif,-2.1993176856834973,0.0
train,mb-mp-e-form-000798,data/cifs/mb-mp-e-form-000798.cif,1.930860583572,0.0
train,mb-mp-e-form-099621,data/cifs/mb-mp-e-form-099621.cif,-2.396787535953054,0.0
train,mb-mp-e-form-034326,data/cifs/mb-mp-e-form-034326.cif,-0.4534479848750002,0.0
train,mb-mp-e-form-111616,data/cifs/mb-mp-e-form-111616.cif,-2.6483721087080285,0.0
train,mb-mp-e-form-026999,data/cifs/mb-mp-e-form-026999.cif,-0.3353459487096779,0.0
train,mb-mp-e-form-105460,data/cifs/mb-mp-e-form-105460.cif,-2.5202701489583337,0.0
train,mb-mp-e-form-097184,data/cifs/mb-mp-e-form-097184.cif,-2.340703497948979,0.0
train,mb-mp-e-form-129926,data/cifs/mb-mp-e-form-129926.cif,-3.5854672864102564,0.0
train,mb-mp-e-form-060316,data/cifs/mb-mp-e-form-060316.cif,-1.1347318236699506,0.0
train,mb-mp-e-form-025632,data/cifs/mb-mp-e-form-025632.cif,-0.3045027074375007,0.0
train,mb-mp-e-form-111653,data/cifs/mb-mp-e-form-111653.cif,-2.6501298489483323,0.0
train,mb-mp-e-form-130137,data/cifs/mb-mp-e-form-130137.cif,-3.5027483708333333,0.0
train,mb-mp-e-form-030378,data/cifs/mb-mp-e-form-030378.cif,-0.374142841972656,0.0
train,mb-mp-e-form-112476,data/cifs/mb-mp-e-form-112476.cif,-2.690037830957792,0.0
train,mb-mp-e-form-052707,data/cifs/mb-mp-e-form-052707.cif,-0.8357635005991546,0.0
train,mb-mp-e-form-031569,data/cifs/mb-mp-e-form-031569.cif,-0.3975112776666663,0.0
train,mb-mp-e-form-095887,data/cifs/mb-mp-e-form-095887.cif,-2.3198242948419048,0.0
train,mb-mp-e-form-097596,data/cifs/mb-mp-e-form-097596.cif,-2.347209898202,0.0
train,mb-mp-e-form-091457,data/cifs/mb-mp-e-form-091457.cif,-2.193692066334762,0.0
train,mb-mp-e-form-109636,data/cifs/mb-mp-e-form-109636.cif,-2.606594816904763,0.0
train,mb-mp-e-form-068544,data/cifs/mb-mp-e-form-068544.cif,-1.4791359385156249,0.0
train,mb-mp-e-form-122931,data/cifs/mb-mp-e-form-122931.cif,-3.036175294375001,0.0
train,mb-mp-e-form-072580,data/cifs/mb-mp-e-form-072580.cif,-1.632736593333333,0.0
train,mb-mp-e-form-093534,data/cifs/mb-mp-e-form-093534.cif,-2.2377913243750003,0.0
train,mb-mp-e-form-043477,data/cifs/mb-mp-e-form-043477.cif,-0.6376252350000003,0.0
train,mb-mp-e-form-119140,data/cifs/mb-mp-e-form-119140.cif,-2.8934309830950005,0.0
train,mb-mp-e-form-014365,data/cifs/mb-mp-e-form-014365.cif,-0.0424720615789474,0.0
train,mb-mp-e-form-097765,data/cifs/mb-mp-e-form-097765.cif,-2.3730286137715515,0.0
train,mb-mp-e-form-013115,data/cifs/mb-mp-e-form-013115.cif,-0.0169764683333332,0.0
train,mb-mp-e-form-062214,data/cifs/mb-mp-e-form-062214.cif,-1.2165313751528564,0.0
train,mb-mp-e-form-017085,data/cifs/mb-mp-e-form-017085.cif,-0.1139196612500006,0.0
train,mb-mp-e-form-121241,data/cifs/mb-mp-e-form-121241.cif,-2.9527026767499995,0.0
train,mb-mp-e-form-054215,data/cifs/mb-mp-e-form-054215.cif,-0.9262450192269563,0.0
train,mb-mp-e-form-024408,data/cifs/mb-mp-e-form-024408.cif,-0.2773029966666672,0.0
train,mb-mp-e-form-053887,data/cifs/mb-mp-e-form-053887.cif,-0.929737043333334,0.0
train,mb-mp-e-form-114810,data/cifs/mb-mp-e-form-114810.cif,-2.765316754375,0.0
train,mb-mp-e-form-099940,data/cifs/mb-mp-e-form-099940.cif,-2.404002051666666,0.0
train,mb-mp-e-form-079715,data/cifs/mb-mp-e-form-079715.cif,-1.855680800625,0.0
train,mb-mp-e-form-128139,data/cifs/mb-mp-e-form-128139.cif,-3.3339692436833333,0.0
train,mb-mp-e-form-106594,data/cifs/mb-mp-e-form-106594.cif,-2.536611279520089,0.0
train,mb-mp-e-form-018062,data/cifs/mb-mp-e-form-018062.cif,-0.1384393049999999,0.0
train,mb-mp-e-form-016065,data/cifs/mb-mp-e-form-016065.cif,-0.0856020698351657,0.0
train,mb-mp-e-form-132262,data/cifs/mb-mp-e-form-132262.cif,-4.159030469166666,0.0
train,mb-mp-e-form-083926,data/cifs/mb-mp-e-form-083926.cif,-1.998735799955,0.0
train,mb-mp-e-form-083539,data/cifs/mb-mp-e-form-083539.cif,-1.9468808494444456,0.0
train,mb-mp-e-form-018690,data/cifs/mb-mp-e-form-018690.cif,-0.1350567168269225,0.0
train,mb-mp-e-form-126884,data/cifs/mb-mp-e-form-126884.cif,-3.2836847641785725,0.0
train,mb-mp-e-form-054012,data/cifs/mb-mp-e-form-054012.cif,-0.9148969286050004,0.0
train,mb-mp-e-form-024957,data/cifs/mb-mp-e-form-024957.cif,-0.3044806001666671,0.0
train,mb-mp-e-form-015015,data/cifs/mb-mp-e-form-015015.cif,-0.0676195058333328,0.0
train,mb-mp-e-form-098349,data/cifs/mb-mp-e-form-098349.cif,-2.3784527399177136,0.0
train,mb-mp-e-form-104779,data/cifs/mb-mp-e-form-104779.cif,-2.5207045309375,0.0
train,mb-mp-e-form-071859,data/cifs/mb-mp-e-form-071859.cif,-1.6207411759420003,0.0
train,mb-mp-e-form-052414,data/cifs/mb-mp-e-form-052414.cif,-0.8618053847023813,0.0
train,mb-mp-e-form-076582,data/cifs/mb-mp-e-form-076582.cif,-1.770289685875714,0.0
train,mb-mp-e-form-051363,data/cifs/mb-mp-e-form-051363.cif,-0.8144566245312508,0.0
train,mb-mp-e-form-000158,data/cifs/mb-mp-e-form-000158.cif,1.8610918516666664,0.0
train,mb-mp-e-form-114238,data/cifs/mb-mp-e-form-114238.cif,-2.7258012047368427,0.0
train,mb-mp-e-form-045008,data/cifs/mb-mp-e-form-045008.cif,-0.6706045558333334,0.0
train,mb-mp-e-form-116742,data/cifs/mb-mp-e-form-116742.cif,-2.79790904875,0.0
train,mb-mp-e-form-105817,data/cifs/mb-mp-e-form-105817.cif,-2.546839450372499,0.0
train,mb-mp-e-form-106840,data/cifs/mb-mp-e-form-106840.cif,-2.568501726875,0.0
train,mb-mp-e-form-087127,data/cifs/mb-mp-e-form-087127.cif,-2.069879063333333,0.0
train,mb-mp-e-form-015646,data/cifs/mb-mp-e-form-015646.cif,-0.0588711016666678,0.0
train,mb-mp-e-form-009944,data/cifs/mb-mp-e-form-009944.cif,0.0600835904966684,0.0
train,mb-mp-e-form-047424,data/cifs/mb-mp-e-form-047424.cif,-0.7085232774999994,0.0
train,mb-mp-e-form-132740,data/cifs/mb-mp-e-form-132740.cif,-4.220855821646667,0.0
train,mb-mp-e-form-075436,data/cifs/mb-mp-e-form-075436.cif,-1.7451494386774993,0.0
train,mb-mp-e-form-105492,data/cifs/mb-mp-e-form-105492.cif,-2.519739545926339,0.0
train,mb-mp-e-form-002309,data/cifs/mb-mp-e-form-002309.cif,0.6853136351354338,0.0
train,mb-mp-e-form-108582,data/cifs/mb-mp-e-form-108582.cif,-2.5811077689583337,0.0
train,mb-mp-e-form-029195,data/cifs/mb-mp-e-form-029195.cif,-0.35913020949138,0.0
train,mb-mp-e-form-098976,data/cifs/mb-mp-e-form-098976.cif,-2.389548015156249,0.0
train,mb-mp-e-form-101194,data/cifs/mb-mp-e-form-101194.cif,-2.4297438573437504,0.0
train,mb-mp-e-form-005616,data/cifs/mb-mp-e-form-005616.cif,0.2658738245447619,0.0
train,mb-mp-e-form-086425,data/cifs/mb-mp-e-form-086425.cif,-2.054559924111667,0.0
train,mb-mp-e-form-016342,data/cifs/mb-mp-e-form-016342.cif,-0.0911436636931817,0.0
train,mb-mp-e-form-088725,data/cifs/mb-mp-e-form-088725.cif,-2.1109666966983327,0.0
train,mb-mp-e-form-062869,data/cifs/mb-mp-e-form-062869.cif,-1.2494407619367858,0.0
train,mb-mp-e-form-069492,data/cifs/mb-mp-e-form-069492.cif,-1.5049266541549997,0.0
train,mb-mp-e-form-119388,data/cifs/mb-mp-e-form-119388.cif,-2.9057218227500003,0.0
train,mb-mp-e-form-105399,data/cifs/mb-mp-e-form-105399.cif,-2.525888774286592,0.0
train,mb-mp-e-form-070837,data/cifs/mb-mp-e-form-070837.cif,-1.5714611382366666,0.0
train,mb-mp-e-form-124538,data/cifs/mb-mp-e-form-124538.cif,-3.0860702243750007,0.0
train,mb-mp-e-form-063964,data/cifs/mb-mp-e-form-063964.cif,-1.319192119103448,0.0
train,mb-mp-e-form-072344,data/cifs/mb-mp-e-form-072344.cif,-1.6219075176733335,0.0
train,mb-mp-e-form-080391,data/cifs/mb-mp-e-form-080391.cif,-1.87219243171,0.0
train,mb-mp-e-form-075555,data/cifs/mb-mp-e-form-075555.cif,-1.7411556120366665,0.0
train,mb-mp-e-form-014896,data/cifs/mb-mp-e-form-014896.cif,-0.0516976499999999,0.0
train,mb-mp-e-form-013502,data/cifs/mb-mp-e-form-013502.cif,-0.0160487175000003,0.0
train,mb-mp-e-form-047330,data/cifs/mb-mp-e-form-047330.cif,-0.7262465866666664,0.0
train,mb-mp-e-form-044844,data/cifs/mb-mp-e-form-044844.cif,-0.6432066105555552,0.0
train,mb-mp-e-form-126741,data/cifs/mb-mp-e-form-126741.cif,-3.2151189135830007,0.0
train,mb-mp-e-form-119772,data/cifs/mb-mp-e-form-119772.cif,-2.9195088108333334,0.0
train,mb-mp-e-form-060986,data/cifs/mb-mp-e-form-060986.cif,-1.1915435313418177,0.0
train,mb-mp-e-form-078065,data/cifs/mb-mp-e-form-078065.cif,-1.834591609435,0.0
train,mb-mp-e-form-122165,data/cifs/mb-mp-e-form-122165.cif,-2.9878978958210176,0.0
train,mb-mp-e-form-076382,data/cifs/mb-mp-e-form-076382.cif,-1.7631936412500004,0.0
train,mb-mp-e-form-081376,data/cifs/mb-mp-e-form-081376.cif,-1.9086596679219707,0.0
train,mb-mp-e-form-021235,data/cifs/mb-mp-e-form-021235.cif,-0.2273829155357152,0.0
train,mb-mp-e-form-078831,data/cifs/mb-mp-e-form-078831.cif,-1.847743923785714,0.0
train,mb-mp-e-form-047641,data/cifs/mb-mp-e-form-047641.cif,-0.7245028210000015,0.0
train,mb-mp-e-form-033785,data/cifs/mb-mp-e-form-033785.cif,-0.4377677962500002,0.0
train,mb-mp-e-form-119245,data/cifs/mb-mp-e-form-119245.cif,-2.884968905066386,0.0
train,mb-mp-e-form-008767,data/cifs/mb-mp-e-form-008767.cif,0.1003286554166689,0.0
train,mb-mp-e-form-081263,data/cifs/mb-mp-e-form-081263.cif,-1.910000465505952,0.0
train,mb-mp-e-form-096623,data/cifs/mb-mp-e-form-096623.cif,-2.3286972667500003,0.0
train,mb-mp-e-form-092223,data/cifs/mb-mp-e-form-092223.cif,-2.2073660579166665,0.0
train,mb-mp-e-form-052922,data/cifs/mb-mp-e-form-052922.cif,-0.8972613711979172,0.0
train,mb-mp-e-form-131137,data/cifs/mb-mp-e-form-131137.cif,-3.631885666964288,0.0
train,mb-mp-e-form-106163,data/cifs/mb-mp-e-form-106163.cif,-2.5335695172689063,0.0
train,mb-mp-e-form-121920,data/cifs/mb-mp-e-form-121920.cif,-3.002504595173612,0.0
train,mb-mp-e-form-123616,data/cifs/mb-mp-e-form-123616.cif,-3.055080138611112,0.0
train,mb-mp-e-form-066621,data/cifs/mb-mp-e-form-066621.cif,-1.406972518618421,0.0
train,mb-mp-e-form-043241,data/cifs/mb-mp-e-form-043241.cif,-0.6209031562962966,0.0
train,mb-mp-e-form-043260,data/cifs/mb-mp-e-form-043260.cif,-0.6266049411443744,0.0
train,mb-mp-e-form-061192,data/cifs/mb-mp-e-form-061192.cif,-1.2011212202036363,0.0
train,mb-mp-e-form-047325,data/cifs/mb-mp-e-form-047325.cif,-0.7087791325315624,0.0
train,mb-mp-e-form-098694,data/cifs/mb-mp-e-form-098694.cif,-2.3625553207383803,0.0
train,mb-mp-e-form-112787,data/cifs/mb-mp-e-form-112787.cif,-2.7073715453724985,0.0
train,mb-mp-e-form-013924,data/cifs/mb-mp-e-form-013924.cif,-0.042782310625,0.0
train,mb-mp-e-form-023586,data/cifs/mb-mp-e-form-023586.cif,-0.2684804277380953,0.0
train,mb-mp-e-form-031787,data/cifs/mb-mp-e-form-031787.cif,-0.3952102295833333,0.0
train,mb-mp-e-form-099457,data/cifs/mb-mp-e-form-099457.cif,-2.382326142028985,0.0
train,mb-mp-e-form-038439,data/cifs/mb-mp-e-form-038439.cif,-0.5300729658333326,0.0
train,mb-mp-e-form-035400,data/cifs/mb-mp-e-form-035400.cif,-0.4649195894196438,0.0
train,mb-mp-e-form-085448,data/cifs/mb-mp-e-form-085448.cif,-2.0174269140441177,0.0
train,mb-mp-e-form-005852,data/cifs/mb-mp-e-form-005852.cif,0.2878460002471428,0.0
train,mb-mp-e-form-008329,data/cifs/mb-mp-e-form-008329.cif,0.1106826514285716,0.0
train,mb-mp-e-form-096107,data/cifs/mb-mp-e-form-096107.cif,-2.3173698834523795,0.0
train,mb-mp-e-form-101206,data/cifs/mb-mp-e-form-101206.cif,-2.441280248531746,0.0
train,mb-mp-e-form-053676,data/cifs/mb-mp-e-form-053676.cif,-0.885627727837837,0.0
train,mb-mp-e-form-105737,data/cifs/mb-mp-e-form-105737.cif,-2.519101714166668,0.0
train,mb-mp-e-form-059047,data/cifs/mb-mp-e-form-059047.cif,-1.0837542055952387,0.0
train,mb-mp-e-form-128503,data/cifs/mb-mp-e-form-128503.cif,-3.359122162857143,0.0
train,mb-mp-e-form-088593,data/cifs/mb-mp-e-form-088593.cif,-2.100636445193014,0.0
train,mb-mp-e-form-067669,data/cifs/mb-mp-e-form-067669.cif,-1.4278192001693326,0.0
train,mb-mp-e-form-065760,data/cifs/mb-mp-e-form-065760.cif,-1.3527868091000002,0.0
train,mb-mp-e-form-087978,data/cifs/mb-mp-e-form-087978.cif,-2.0929433532638893,0.0
train,mb-mp-e-form-122361,data/cifs/mb-mp-e-form-122361.cif,-3.023380812585101,0.0
train,mb-mp-e-form-029897,data/cifs/mb-mp-e-form-029897.cif,-0.3665566312499999,0.0
train,mb-mp-e-form-018937,data/cifs/mb-mp-e-form-018937.cif,-0.1683844855989586,0.0
train,mb-mp-e-form-088292,data/cifs/mb-mp-e-form-088292.cif,-2.0924819768642244,0.0
train,mb-mp-e-form-058143,data/cifs/mb-mp-e-form-058143.cif,-1.059854118472222,0.0
train,mb-mp-e-form-038485,data/cifs/mb-mp-e-form-038485.cif,-0.526018888463542,0.0
train,mb-mp-e-form-016879,data/cifs/mb-mp-e-form-016879.cif,-0.0833578949999998,0.0
train,mb-mp-e-form-045568,data/cifs/mb-mp-e-form-045568.cif,-0.6821687583333337,0.0
train,mb-mp-e-form-112078,data/cifs/mb-mp-e-form-112078.cif,-2.6887004327901787,0.0
train,mb-mp-e-form-062147,data/cifs/mb-mp-e-form-062147.cif,-1.2371272629375,0.0
train,mb-mp-e-form-031443,data/cifs/mb-mp-e-form-031443.cif,-0.4025227861111102,0.0
train,mb-mp-e-form-077043,data/cifs/mb-mp-e-form-077043.cif,-1.80233997984375,0.0
train,mb-mp-e-form-036212,data/cifs/mb-mp-e-form-036212.cif,-0.4965199413236353,0.0
train,mb-mp-e-form-012992,data/cifs/mb-mp-e-form-012992.cif,-0.0085652984374997,0.0
train,mb-mp-e-form-130945,data/cifs/mb-mp-e-form-130945.cif,-3.7451268542674567,0.0
train,mb-mp-e-form-001313,data/cifs/mb-mp-e-form-001313.cif,1.16114201125,0.0
train,mb-mp-e-form-056440,data/cifs/mb-mp-e-form-056440.cif,-0.9888717807142856,0.0
train,mb-mp-e-form-082781,data/cifs/mb-mp-e-form-082781.cif,-1.9411607642307696,0.0
train,mb-mp-e-form-069065,data/cifs/mb-mp-e-form-069065.cif,-1.522706763159341,0.0
train,mb-mp-e-form-101064,data/cifs/mb-mp-e-form-101064.cif,-2.443347348783784,0.0
train,mb-mp-e-form-023728,data/cifs/mb-mp-e-form-023728.cif,-0.2554713078787882,0.0
train,mb-mp-e-form-039164,data/cifs/mb-mp-e-form-039164.cif,-0.5577934147916661,0.0
train,mb-mp-e-form-069561,data/cifs/mb-mp-e-form-069561.cif,-1.5054737945192307,0.0
train,mb-mp-e-form-130266,data/cifs/mb-mp-e-form-130266.cif,-3.522398834414444,0.0
train,mb-mp-e-form-057880,data/cifs/mb-mp-e-form-057880.cif,-1.0461047375,0.0
train,mb-mp-e-form-025143,data/cifs/mb-mp-e-form-025143.cif,-0.2941995216666671,0.0
train,mb-mp-e-form-034214,data/cifs/mb-mp-e-form-034214.cif,-0.4487885344122218,0.0
train,mb-mp-e-form-091771,data/cifs/mb-mp-e-form-091771.cif,-2.2076840565312503,0.0
train,mb-mp-e-form-108943,data/cifs/mb-mp-e-form-108943.cif,-2.6065693931300027,0.0
train,mb-mp-e-form-032228,data/cifs/mb-mp-e-form-032228.cif,-0.4084524356709083,0.0
train,mb-mp-e-form-075251,data/cifs/mb-mp-e-form-075251.cif,-1.7173278695199998,0.0
train,mb-mp-e-form-092748,data/cifs/mb-mp-e-form-092748.cif,-2.21444342625,0.0
train,mb-mp-e-form-125462,data/cifs/mb-mp-e-form-125462.cif,-3.1437985109090905,0.0
train,mb-mp-e-form-023706,data/cifs/mb-mp-e-form-023706.cif,-0.2546709555208337,0.0
train,mb-mp-e-form-008172,data/cifs/mb-mp-e-form-008172.cif,0.1156232125000005,0.0
train,mb-mp-e-form-006934,data/cifs/mb-mp-e-form-006934.cif,0.1552011000000002,0.0
train,mb-mp-e-form-101449,data/cifs/mb-mp-e-form-101449.cif,-2.427119817280219,0.0
train,mb-mp-e-form-126952,data/cifs/mb-mp-e-form-126952.cif,-3.2568929861607145,0.0
train,mb-mp-e-form-015786,data/cifs/mb-mp-e-form-015786.cif,-0.0767218984228561,0.0
train,mb-mp-e-form-073721,data/cifs/mb-mp-e-form-073721.cif,-1.6531595600685711,0.0
train,mb-mp-e-form-051766,data/cifs/mb-mp-e-form-051766.cif,-0.8355071378520827,0.0
train,mb-mp-e-form-104677,data/cifs/mb-mp-e-form-104677.cif,-2.4974663667500003,0.0
train,mb-mp-e-form-053672,data/cifs/mb-mp-e-form-053672.cif,-0.8850532962500002,0.0
train,mb-mp-e-form-089130,data/cifs/mb-mp-e-form-089130.cif,-2.144774084994037,0.0
train,mb-mp-e-form-090953,data/cifs/mb-mp-e-form-090953.cif,-2.1882304929166665,0.0
train,mb-mp-e-form-094576,data/cifs/mb-mp-e-form-094576.cif,-2.2586253339583338,0.0
train,mb-mp-e-form-038039,data/cifs/mb-mp-e-form-038039.cif,-0.5220520335714289,0.0
train,mb-mp-e-form-039155,data/cifs/mb-mp-e-form-039155.cif,-0.5522760216666671,0.0
train,mb-mp-e-form-073632,data/cifs/mb-mp-e-form-073632.cif,-1.6605107845833331,0.0
train,mb-mp-e-form-037375,data/cifs/mb-mp-e-form-037375.cif,-0.5084131431818174,0.0
train,mb-mp-e-form-044992,data/cifs/mb-mp-e-form-044992.cif,-0.6641171152777782,0.0
train,mb-mp-e-form-015754,data/cifs/mb-mp-e-form-015754.cif,-0.0793596699999994,0.0
train,mb-mp-e-form-058019,data/cifs/mb-mp-e-form-058019.cif,-1.0653012116666656,0.0
train,mb-mp-e-form-096271,data/cifs/mb-mp-e-form-096271.cif,-2.330928737361111,0.0
train,mb-mp-e-form-053308,data/cifs/mb-mp-e-form-053308.cif,-0.8909791966335234,0.0
train,mb-mp-e-form-011284,data/cifs/mb-mp-e-form-011284.cif,0.0179484740600006,0.0
train,mb-mp-e-form-126160,data/cifs/mb-mp-e-form-126160.cif,-3.181055545583334,0.0
train,mb-mp-e-form-071374,data/cifs/mb-mp-e-form-071374.cif,-1.5770650572727265,0.0
train,mb-mp-e-form-041396,data/cifs/mb-mp-e-form-041396.cif,-0.5895644652413793,0.0
train,mb-mp-e-form-047028,data/cifs/mb-mp-e-form-047028.cif,-0.7244903916666665,0.0
train,mb-mp-e-form-008471,data/cifs/mb-mp-e-form-008471.cif,0.1101599925600007,0.0
train,mb-mp-e-form-006641,data/cifs/mb-mp-e-form-006641.cif,0.1951911710247376,0.0
train,mb-mp-e-form-060369,data/cifs/mb-mp-e-form-060369.cif,-1.1386755635312504,0.0
train,mb-mp-e-form-095626,data/cifs/mb-mp-e-form-095626.cif,-2.3026962848181505,0.0
train,mb-mp-e-form-114154,data/cifs/mb-mp-e-form-114154.cif,-2.739269403068181,0.0
train,mb-mp-e-form-116053,data/cifs/mb-mp-e-form-116053.cif,-2.7870895578290416,0.0
train,mb-mp-e-form-062723,data/cifs/mb-mp-e-form-062723.cif,-1.24225181894,0.0
train,mb-mp-e-form-011560,data/cifs/mb-mp-e-form-011560.cif,0.0252925037499993,0.0
train,mb-mp-e-form-112655,data/cifs/mb-mp-e-form-112655.cif,-2.673543093968255,0.0
train,mb-mp-e-form-075908,data/cifs/mb-mp-e-form-075908.cif,-1.7594705300599998,0.0
train,mb-mp-e-form-078251,data/cifs/mb-mp-e-form-078251.cif,-1.81937522255,0.0
train,mb-mp-e-form-117722,data/cifs/mb-mp-e-form-117722.cif,-2.829728849895833,0.0
train,mb-mp-e-form-044939,data/cifs/mb-mp-e-form-044939.cif,-0.6734295953057138,0.0
train,mb-mp-e-form-057209,data/cifs/mb-mp-e-form-057209.cif,-1.022521669404762,0.0
train,mb-mp-e-form-043768,data/cifs/mb-mp-e-form-043768.cif,-0.6311815209999998,0.0
train,mb-mp-e-form-072228,data/cifs/mb-mp-e-form-072228.cif,-1.631067968621667,0.0
train,mb-mp-e-form-077523,data/cifs/mb-mp-e-form-077523.cif,-1.7940988000900004,0.0
train,mb-mp-e-form-051510,data/cifs/mb-mp-e-form-051510.cif,-0.8233894299999989,0.0
train,mb-mp-e-form-005034,data/cifs/mb-mp-e-form-005034.cif,0.2262217991666668,0.0
train,mb-mp-e-form-071633,data/cifs/mb-mp-e-form-071633.cif,-1.5743296031088974,0.0
train,mb-mp-e-form-007766,data/cifs/mb-mp-e-form-007766.cif,0.1422357465000004,0.0
train,mb-mp-e-form-032025,data/cifs/mb-mp-e-form-032025.cif,-0.4108086332692299,0.0
train,mb-mp-e-form-016086,data/cifs/mb-mp-e-form-016086.cif,-0.1028497235714294,0.0
train,mb-mp-e-form-127947,data/cifs/mb-mp-e-form-127947.cif,-3.3738936977500003,0.0
train,mb-mp-e-form-091280,data/cifs/mb-mp-e-form-091280.cif,-2.182365298981463,0.0
train,mb-mp-e-form-002270,data/cifs/mb-mp-e-form-002270.cif,0.7020648970366383,0.0
train,mb-mp-e-form-023322,data/cifs/mb-mp-e-form-023322.cif,-0.2566232166666662,0.0
train,mb-mp-e-form-116045,data/cifs/mb-mp-e-form-116045.cif,-2.815818077553572,0.0
train,mb-mp-e-form-094190,data/cifs/mb-mp-e-form-094190.cif,-2.25662161578,0.0
train,mb-mp-e-form-064190,data/cifs/mb-mp-e-form-064190.cif,-1.3109134256163888,0.0
train,mb-mp-e-form-035555,data/cifs/mb-mp-e-form-035555.cif,-0.46646882175,0.0
train,mb-mp-e-form-028968,data/cifs/mb-mp-e-form-028968.cif,-0.3629054477777779,0.0
train,mb-mp-e-form-131337,data/cifs/mb-mp-e-form-131337.cif,-3.769827101098486,0.0
train,mb-mp-e-form-111813,data/cifs/mb-mp-e-form-111813.cif,-2.6919713169687496,0.0
train,mb-mp-e-form-066322,data/cifs/mb-mp-e-form-066322.cif,-1.4114665715384611,0.0
train,mb-mp-e-form-097574,data/cifs/mb-mp-e-form-097574.cif,-2.351703021500417,0.0
train,mb-mp-e-form-036022,data/cifs/mb-mp-e-form-036022.cif,-0.4803055136363635,0.0
train,mb-mp-e-form-113457,data/cifs/mb-mp-e-form-113457.cif,-2.7167056915384618,0.0
train,mb-mp-e-form-005105,data/cifs/mb-mp-e-form-005105.cif,0.2239625062499999,0.0
train,mb-mp-e-form-049398,data/cifs/mb-mp-e-form-049398.cif,-0.7693348397738087,0.0
train,mb-mp-e-form-131074,data/cifs/mb-mp-e-form-131074.cif,-3.788549168750001,0.0
train,mb-mp-e-form-005132,data/cifs/mb-mp-e-form-005132.cif,0.2693699187068967,0.0
train,mb-mp-e-form-049555,data/cifs/mb-mp-e-form-049555.cif,-0.7709665392018564,0.0
train,mb-mp-e-form-100977,data/cifs/mb-mp-e-form-100977.cif,-2.430998672220854,0.0
train,mb-mp-e-form-001466,data/cifs/mb-mp-e-form-001466.cif,1.2106554100000004,0.0
train,mb-mp-e-form-066411,data/cifs/mb-mp-e-form-066411.cif,-1.40586125875,0.0
train,mb-mp-e-form-122251,data/cifs/mb-mp-e-form-122251.cif,-3.019973412933674,0.0
train,mb-mp-e-form-067478,data/cifs/mb-mp-e-form-067478.cif,-1.440824082066995,0.0
train,mb-mp-e-form-130019,data/cifs/mb-mp-e-form-130019.cif,-3.556205506446112,0.0
train,mb-mp-e-form-067883,data/cifs/mb-mp-e-form-067883.cif,-1.4842044923958326,0.0
train,mb-mp-e-form-106282,data/cifs/mb-mp-e-form-106282.cif,-2.5439135648489986,0.0
train,mb-mp-e-form-118962,data/cifs/mb-mp-e-form-118962.cif,-2.9101214806205524,0.0
train,mb-mp-e-form-062425,data/cifs/mb-mp-e-form-062425.cif,-1.2391177190333331,0.0
train,mb-mp-e-form-103125,data/cifs/mb-mp-e-form-103125.cif,-2.473779668941999,0.0
train,mb-mp-e-form-041210,data/cifs/mb-mp-e-form-041210.cif,-0.5965926340000003,0.0
train,mb-mp-e-form-107647,data/cifs/mb-mp-e-form-107647.cif,-2.5671110257983343,0.0
train,mb-mp-e-form-053078,data/cifs/mb-mp-e-form-053078.cif,-0.8955265038487497,0.0
train,mb-mp-e-form-039844,data/cifs/mb-mp-e-form-039844.cif,-0.5560458125000007,0.0
train,mb-mp-e-form-098934,data/cifs/mb-mp-e-form-098934.cif,-2.3849156994642846,0.0
train,mb-mp-e-form-012688,data/cifs/mb-mp-e-form-012688.cif,8.881784197001252e-16,0.0
train,mb-mp-e-form-068219,data/cifs/mb-mp-e-form-068219.cif,-1.490064877898707,0.0
train,mb-mp-e-form-112050,data/cifs/mb-mp-e-form-112050.cif,-2.6675677365,0.0
train,mb-mp-e-form-021325,data/cifs/mb-mp-e-form-021325.cif,-0.2140288849999999,0.0
train,mb-mp-e-form-020180,data/cifs/mb-mp-e-form-020180.cif,-0.1916806039130433,0.0
train,mb-mp-e-form-046721,data/cifs/mb-mp-e-form-046721.cif,-0.6849976387108573,0.0
train,mb-mp-e-form-119813,data/cifs/mb-mp-e-form-119813.cif,-2.916710896875,0.0
train,mb-mp-e-form-033015,data/cifs/mb-mp-e-form-033015.cif,-0.4327463735709086,0.0
train,mb-mp-e-form-026839,data/cifs/mb-mp-e-form-026839.cif,-0.3099234266666665,0.0
train,mb-mp-e-form-003904,data/cifs/mb-mp-e-form-003904.cif,0.6528004853663791,0.0
train,mb-mp-e-form-027108,data/cifs/mb-mp-e-form-027108.cif,-0.3352686356944442,0.0
train,mb-mp-e-form-065463,data/cifs/mb-mp-e-form-065463.cif,-1.338292146416667,0.0
train,mb-mp-e-form-072045,data/cifs/mb-mp-e-form-072045.cif,-1.6186843740587984,0.0
train,mb-mp-e-form-118109,data/cifs/mb-mp-e-form-118109.cif,-2.8810559937499995,0.0
train,mb-mp-e-form-090074,data/cifs/mb-mp-e-form-090074.cif,-2.148674212867632,0.0
train,mb-mp-e-form-018686,data/cifs/mb-mp-e-form-018686.cif,-0.1447004249999987,0.0
train,mb-mp-e-form-012171,data/cifs/mb-mp-e-form-012171.cif,0.00400008125,0.0
train,mb-mp-e-form-026979,data/cifs/mb-mp-e-form-026979.cif,-0.3285900149999996,0.0
train,mb-mp-e-form-041316,data/cifs/mb-mp-e-form-041316.cif,-0.5938101892857139,0.0
train,mb-mp-e-form-116227,data/cifs/mb-mp-e-form-116227.cif,-2.798531435352222,0.0
train,mb-mp-e-form-127602,data/cifs/mb-mp-e-form-127602.cif,-3.279132035375001,0.0
train,mb-mp-e-form-107549,data/cifs/mb-mp-e-form-107549.cif,-2.556689081666668,0.0
train,mb-mp-e-form-063270,data/cifs/mb-mp-e-form-063270.cif,-1.2759148045,0.0
train,mb-mp-e-form-056012,data/cifs/mb-mp-e-form-056012.cif,-0.9891508033333336,0.0
train,mb-mp-e-form-017869,data/cifs/mb-mp-e-form-017869.cif,-0.1180218899999996,0.0
train,mb-mp-e-form-098631,data/cifs/mb-mp-e-form-098631.cif,-2.372538208957792,0.0
train,mb-mp-e-form-036161,data/cifs/mb-mp-e-form-036161.cif,-0.484712280622565,0.0
train,mb-mp-e-form-106956,data/cifs/mb-mp-e-form-106956.cif,-2.5626375507812496,0.0
train,mb-mp-e-form-062399,data/cifs/mb-mp-e-form-062399.cif,-1.24157457625,0.0
train,mb-mp-e-form-006020,data/cifs/mb-mp-e-form-006020.cif,0.1953379337499998,0.0
train,mb-mp-e-form-101497,data/cifs/mb-mp-e-form-101497.cif,-2.4361953450320515,0.0
train,mb-mp-e-form-080299,data/cifs/mb-mp-e-form-080299.cif,-1.864493998994416,0.0
train,mb-mp-e-form-034100,data/cifs/mb-mp-e-form-034100.cif,-0.4510517250000001,0.0
train,mb-mp-e-form-053646,data/cifs/mb-mp-e-form-053646.cif,-0.8944772096058617,0.0
train,mb-mp-e-form-050601,data/cifs/mb-mp-e-form-050601.cif,-0.7914879960000001,0.0
train,mb-mp-e-form-099368,data/cifs/mb-mp-e-form-099368.cif,-2.3974235461904763,0.0
train,mb-mp-e-form-066646,data/cifs/mb-mp-e-form-066646.cif,-1.4058778851084737,0.0
train,mb-mp-e-form-087434,data/cifs/mb-mp-e-form-087434.cif,-2.082395310658572,0.0
train,mb-mp-e-form-093972,data/cifs/mb-mp-e-form-093972.cif,-2.251988422996852,0.0
train,mb-mp-e-form-003352,data/cifs/mb-mp-e-form-003352.cif,0.659031274,0.0
train,mb-mp-e-form-002091,data/cifs/mb-mp-e-form-002091.cif,0.9976179387500004,0.0
train,mb-mp-e-form-128997,data/cifs/mb-mp-e-form-128997.cif,-3.4557256769520515,0.0
train,mb-mp-e-form-055730,data/cifs/mb-mp-e-form-055730.cif,-0.9421474326411317,0.0
train,mb-mp-e-form-050404,data/cifs/mb-mp-e-form-050404.cif,-0.7882236677083346,0.0
train,mb-mp-e-form-004352,data/cifs/mb-mp-e-form-004352.cif,0.4110200481900001,0.0
train,mb-mp-e-form-034723,data/cifs/mb-mp-e-form-034723.cif,-0.4504082765972216,0.0
train,mb-mp-e-form-075920,data/cifs/mb-mp-e-form-075920.cif,-1.7780259696759262,0.0
train,mb-mp-e-form-064222,data/cifs/mb-mp-e-form-064222.cif,-1.3145734472535435,0.0
train,mb-mp-e-form-079795,data/cifs/mb-mp-e-form-079795.cif,-1.844418642714,0.0
train,mb-mp-e-form-007699,data/cifs/mb-mp-e-form-007699.cif,0.1398662265238096,0.0
train,mb-mp-e-form-107840,data/cifs/mb-mp-e-form-107840.cif,-2.590023973216668,0.0
train,mb-mp-e-form-047715,data/cifs/mb-mp-e-form-047715.cif,-0.7129631777777772,0.0
train,mb-mp-e-form-068016,data/cifs/mb-mp-e-form-068016.cif,-1.4643817140625,0.0
train,mb-mp-e-form-120372,data/cifs/mb-mp-e-form-120372.cif,-2.950370872095,0.0
train,mb-mp-e-form-105424,data/cifs/mb-mp-e-form-105424.cif,-2.5128518680952374,0.0
train,mb-mp-e-form-130168,data/cifs/mb-mp-e-form-130168.cif,-3.5283836564285727,0.0
train,mb-mp-e-form-068284,data/cifs/mb-mp-e-form-068284.cif,-1.490272946467635,0.0
train,mb-mp-e-form-117080,data/cifs/mb-mp-e-form-117080.cif,-2.831450917686169,0.0
train,mb-mp-e-form-002112,data/cifs/mb-mp-e-form-002112.cif,0.85983605125,0.0
train,mb-mp-e-form-122276,data/cifs/mb-mp-e-form-122276.cif,-2.986410164128789,0.0
train,mb-mp-e-form-034400,data/cifs/mb-mp-e-form-034400.cif,-0.4554213940476173,0.0
train,mb-mp-e-form-114219,data/cifs/mb-mp-e-form-114219.cif,-2.7235672608823536,0.0
train,mb-mp-e-form-010374,data/cifs/mb-mp-e-form-010374.cif,0.04649606125,0.0
train,mb-mp-e-form-021932,data/cifs/mb-mp-e-form-021932.cif,-0.2451992691319431,0.0
train,mb-mp-e-form-115635,data/cifs/mb-mp-e-form-115635.cif,-2.7661706222544646,0.0
train,mb-mp-e-form-130146,data/cifs/mb-mp-e-form-130146.cif,-3.6056093864285694,0.0
train,mb-mp-e-form-029463,data/cifs/mb-mp-e-form-029463.cif,-0.3714788016666664,0.0
train,mb-mp-e-form-008882,data/cifs/mb-mp-e-form-008882.cif,0.0941997387500004,0.0
train,mb-mp-e-form-109842,data/cifs/mb-mp-e-form-109842.cif,-2.636371376388888,0.0
train,mb-mp-e-form-080078,data/cifs/mb-mp-e-form-080078.cif,-1.87236923631,0.0
train,mb-mp-e-form-123967,data/cifs/mb-mp-e-form-123967.cif,-3.1147895087500004,0.0
train,mb-mp-e-form-016108,data/cifs/mb-mp-e-form-016108.cif,-0.0929047887500003,0.0
train,mb-mp-e-form-054328,data/cifs/mb-mp-e-form-054328.cif,-0.918363183888888,0.0
train,mb-mp-e-form-029771,data/cifs/mb-mp-e-form-029771.cif,-0.3593389287499997,0.0
train,mb-mp-e-form-087172,data/cifs/mb-mp-e-form-087172.cif,-2.074322487194444,0.0
train,mb-mp-e-form-049000,data/cifs/mb-mp-e-form-049000.cif,-0.7787190086264287,0.0
train,mb-mp-e-form-087075,data/cifs/mb-mp-e-form-087075.cif,-2.0658968321683617,0.0
train,mb-mp-e-form-074865,data/cifs/mb-mp-e-form-074865.cif,-1.721605154868421,0.0
train,mb-mp-e-form-107460,data/cifs/mb-mp-e-form-107460.cif,-2.5512324179761907,0.0
train,mb-mp-e-form-001573,data/cifs/mb-mp-e-form-001573.cif,1.1401780927499998,0.0
train,mb-mp-e-form-128669,data/cifs/mb-mp-e-form-128669.cif,-3.30280304638889,0.0
train,mb-mp-e-form-116100,data/cifs/mb-mp-e-form-116100.cif,-2.7891533250833342,0.0
train,mb-mp-e-form-019533,data/cifs/mb-mp-e-form-019533.cif,-0.1759584850000002,0.0
train,mb-mp-e-form-029598,data/cifs/mb-mp-e-form-029598.cif,-0.3591107191666663,0.0
train,mb-mp-e-form-061553,data/cifs/mb-mp-e-form-061553.cif,-1.1738232019814816,0.0
train,mb-mp-e-form-103568,data/cifs/mb-mp-e-form-103568.cif,-2.482031923520408,0.0
train,mb-mp-e-form-122980,data/cifs/mb-mp-e-form-122980.cif,-3.0667916639642856,0.0
train,mb-mp-e-form-100153,data/cifs/mb-mp-e-form-100153.cif,-2.4151030313947373,0.0
train,mb-mp-e-form-108703,data/cifs/mb-mp-e-form-108703.cif,-2.5862560284862024,0.0
train,mb-mp-e-form-041494,data/cifs/mb-mp-e-form-041494.cif,-0.5946848442811112,0.0
train,mb-mp-e-form-033677,data/cifs/mb-mp-e-form-033677.cif,-0.443111043055556,0.0
train,mb-mp-e-form-083033,data/cifs/mb-mp-e-form-083033.cif,-1.960277999869792,0.0
train,mb-mp-e-form-085285,data/cifs/mb-mp-e-form-085285.cif,-2.0024972565033328,0.0
train,mb-mp-e-form-005109,data/cifs/mb-mp-e-form-005109.cif,0.2479841350000002,0.0
train,mb-mp-e-form-059195,data/cifs/mb-mp-e-form-059195.cif,-1.083506111137334,0.0
train,mb-mp-e-form-023769,data/cifs/mb-mp-e-form-023769.cif,-0.2663251674999998,0.0
train,mb-mp-e-form-062069,data/cifs/mb-mp-e-form-062069.cif,-1.2373202075000005,0.0
train,mb-mp-e-form-083959,data/cifs/mb-mp-e-form-083959.cif,-1.9734179712416664,0.0
train,mb-mp-e-form-080988,data/cifs/mb-mp-e-form-080988.cif,-1.894370488193571,0.0
train,mb-mp-e-form-092980,data/cifs/mb-mp-e-form-092980.cif,-2.2392001235576933,0.0
train,mb-mp-e-form-058332,data/cifs/mb-mp-e-form-058332.cif,-1.0693924627272724,0.0
train,mb-mp-e-form-040989,data/cifs/mb-mp-e-form-040989.cif,-0.5823369436666667,0.0
train,mb-mp-e-form-062678,data/cifs/mb-mp-e-form-062678.cif,-1.2043815772876427,0.0
train,mb-mp-e-form-095137,data/cifs/mb-mp-e-form-095137.cif,-2.283467217670069,0.0
train,mb-mp-e-form-031230,data/cifs/mb-mp-e-form-031230.cif,-0.4006194912499993,0.0
train,mb-mp-e-form-009799,data/cifs/mb-mp-e-form-009799.cif,0.0710789441666672,0.0
train,mb-mp-e-form-096129,data/cifs/mb-mp-e-form-096129.cif,-2.311420637840909,0.0
train,mb-mp-e-form-112387,data/cifs/mb-mp-e-form-112387.cif,-2.687009475714285,0.0
train,mb-mp-e-form-035000,data/cifs/mb-mp-e-form-035000.cif,-0.4688180212499997,0.0
train,mb-mp-e-form-028628,data/cifs/mb-mp-e-form-028628.cif,-0.3454322299374999,0.0
train,mb-mp-e-form-091375,data/cifs/mb-mp-e-form-091375.cif,-2.185517628948,0.0
train,mb-mp-e-form-047126,data/cifs/mb-mp-e-form-047126.cif,-0.7100188787499997,0.0
train,mb-mp-e-form-093100,data/cifs/mb-mp-e-form-093100.cif,-2.228402258611112,0.0
train,mb-mp-e-form-050611,data/cifs/mb-mp-e-form-050611.cif,-0.803758679713542,0.0
train,mb-mp-e-form-056055,data/cifs/mb-mp-e-form-056055.cif,-0.9881429017413794,0.0
train,mb-mp-e-form-024006,data/cifs/mb-mp-e-form-024006.cif,-0.282220521666667,0.0
train,mb-mp-e-form-053135,data/cifs/mb-mp-e-form-053135.cif,-0.887874004375,0.0
train,mb-mp-e-form-124572,data/cifs/mb-mp-e-form-124572.cif,-3.083744114064286,0.0
train,mb-mp-e-form-111378,data/cifs/mb-mp-e-form-111378.cif,-2.6576079202450984,0.0
train,mb-mp-e-form-111940,data/cifs/mb-mp-e-form-111940.cif,-2.6715259113781054,0.0
train,mb-mp-e-form-002110,data/cifs/mb-mp-e-form-002110.cif,0.9501004375,0.0
train,mb-mp-e-form-011390,data/cifs/mb-mp-e-form-011390.cif,0.0194111924999997,0.0
train,mb-mp-e-form-075721,data/cifs/mb-mp-e-form-075721.cif,-1.7398970433333336,0.0
train,mb-mp-e-form-110250,data/cifs/mb-mp-e-form-110250.cif,-2.6413334586575496,0.0
train,mb-mp-e-form-053205,data/cifs/mb-mp-e-form-053205.cif,-0.882770471185097,0.0
train,mb-mp-e-form-105089,data/cifs/mb-mp-e-form-105089.cif,-2.5288906569565226,0.0
train,mb-mp-e-form-112080,data/cifs/mb-mp-e-form-112080.cif,-2.6819499631666672,0.0
train,mb-mp-e-form-086616,data/cifs/mb-mp-e-form-086616.cif,-2.048718426607143,0.0
train,mb-mp-e-form-057083,data/cifs/mb-mp-e-form-057083.cif,-1.006303219311111,0.0
train,mb-mp-e-form-030788,data/cifs/mb-mp-e-form-030788.cif,-0.3909213720833331,0.0
train,mb-mp-e-form-053449,data/cifs/mb-mp-e-form-053449.cif,-0.8729017642000002,0.0
train,mb-mp-e-form-034207,data/cifs/mb-mp-e-form-034207.cif,-0.4550212820769231,0.0
train,mb-mp-e-form-002727,data/cifs/mb-mp-e-form-002727.cif,0.94407078375,0.0
train,mb-mp-e-form-131003,data/cifs/mb-mp-e-form-131003.cif,-3.6926538546425,0.0
train,mb-mp-e-form-028616,data/cifs/mb-mp-e-form-028616.cif,-0.3468835544321429,0.0
train,mb-mp-e-form-015205,data/cifs/mb-mp-e-form-015205.cif,-0.0688455137500001,0.0
train,mb-mp-e-form-074580,data/cifs/mb-mp-e-form-074580.cif,-1.6834381866666668,0.0
train,mb-mp-e-form-008876,data/cifs/mb-mp-e-form-008876.cif,0.1228438131249998,0.0
train,mb-mp-e-form-117726,data/cifs/mb-mp-e-form-117726.cif,-2.8286772297887124,0.0
train,mb-mp-e-form-022658,data/cifs/mb-mp-e-form-022658.cif,-0.2436672019999996,0.0
train,mb-mp-e-form-095536,data/cifs/mb-mp-e-form-095536.cif,-2.298992954990988,0.0
train,mb-mp-e-form-068534,data/cifs/mb-mp-e-form-068534.cif,-1.4774574387983666,0.0
train,mb-mp-e-form-006914,data/cifs/mb-mp-e-form-006914.cif,0.1891551121875001,0.0
train,mb-mp-e-form-068421,data/cifs/mb-mp-e-form-068421.cif,-1.4671408969308035,0.0
train,mb-mp-e-form-102907,data/cifs/mb-mp-e-form-102907.cif,-2.4751499074436096,0.0
train,mb-mp-e-form-083423,data/cifs/mb-mp-e-form-083423.cif,-1.967807639297857,0.0
train,mb-mp-e-form-057565,data/cifs/mb-mp-e-form-057565.cif,-1.0262312868571428,0.0
train,mb-mp-e-form-064493,data/cifs/mb-mp-e-form-064493.cif,-1.327169052031251,0.0
train,mb-mp-e-form-039626,data/cifs/mb-mp-e-form-039626.cif,-0.5555114262499998,0.0
train,mb-mp-e-form-075740,data/cifs/mb-mp-e-form-075740.cif,-1.7281963285733335,0.0
train,mb-mp-e-form-085590,data/cifs/mb-mp-e-form-085590.cif,-2.0271412545454552,0.0
train,mb-mp-e-form-123573,data/cifs/mb-mp-e-form-123573.cif,-3.0524075358500005,0.0
train,mb-mp-e-form-087997,data/cifs/mb-mp-e-form-087997.cif,-2.092858184484199,0.0
train,mb-mp-e-form-001884,data/cifs/mb-mp-e-form-001884.cif,1.1186394514999995,0.0
train,mb-mp-e-form-120958,data/cifs/mb-mp-e-form-120958.cif,-2.9844248249450542,0.0
train,mb-mp-e-form-114901,data/cifs/mb-mp-e-form-114901.cif,-2.7555019208012816,0.0
train,mb-mp-e-form-068138,data/cifs/mb-mp-e-form-068138.cif,-1.4772221448114111,0.0
train,mb-mp-e-form-049406,data/cifs/mb-mp-e-form-049406.cif,-0.778256248846154,0.0
train,mb-mp-e-form-090948,data/cifs/mb-mp-e-form-090948.cif,-2.182745357100694,0.0
train,mb-mp-e-form-015580,data/cifs/mb-mp-e-form-015580.cif,-0.069745233421052,0.0
train,mb-mp-e-form-125472,data/cifs/mb-mp-e-form-125472.cif,-3.1662313810193954,0.0
train,mb-mp-e-form-101423,data/cifs/mb-mp-e-form-101423.cif,-2.440796090788722,0.0
train,mb-mp-e-form-098563,data/cifs/mb-mp-e-form-098563.cif,-2.369128260794921,0.0
train,mb-mp-e-form-042658,data/cifs/mb-mp-e-form-042658.cif,-0.6101132524207962,0.0
train,mb-mp-e-form-021279,data/cifs/mb-mp-e-form-021279.cif,-0.2199291590000001,0.0
train,mb-mp-e-form-067917,data/cifs/mb-mp-e-form-067917.cif,-1.4843429457499997,0.0
train,mb-mp-e-form-047718,data/cifs/mb-mp-e-form-047718.cif,-0.712258944119643,0.0
train,mb-mp-e-form-099365,data/cifs/mb-mp-e-form-099365.cif,-2.3917712417255563,0.0
train,mb-mp-e-form-106433,data/cifs/mb-mp-e-form-106433.cif,-2.545923738520408,0.0
train,mb-mp-e-form-029493,data/cifs/mb-mp-e-form-029493.cif,-0.3712851260249042,0.0
train,mb-mp-e-form-116701,data/cifs/mb-mp-e-form-116701.cif,-2.812963275601001,0.0
train,mb-mp-e-form-126289,data/cifs/mb-mp-e-form-126289.cif,-3.18877093027052,0.0
train,mb-mp-e-form-095117,data/cifs/mb-mp-e-form-095117.cif,-2.2954440172499995,0.0
train,mb-mp-e-form-053189,data/cifs/mb-mp-e-form-053189.cif,-0.8897890707692304,0.0
train,mb-mp-e-form-128877,data/cifs/mb-mp-e-form-128877.cif,-3.452267005353684,0.0
train,mb-mp-e-form-064529,data/cifs/mb-mp-e-form-064529.cif,-1.3089694856887504,0.0
train,mb-mp-e-form-031664,data/cifs/mb-mp-e-form-031664.cif,-0.4032474428571423,0.0
train,mb-mp-e-form-061732,data/cifs/mb-mp-e-form-061732.cif,-1.191274986354167,0.0
train,mb-mp-e-form-108220,data/cifs/mb-mp-e-form-108220.cif,-2.586263980729168,0.0
train,mb-mp-e-form-082432,data/cifs/mb-mp-e-form-082432.cif,-1.911904689869792,0.0
train,mb-mp-e-form-042038,data/cifs/mb-mp-e-form-042038.cif,-0.5985045425000001,0.0
train,mb-mp-e-form-041387,data/cifs/mb-mp-e-form-041387.cif,-0.5898939915,0.0
train,mb-mp-e-form-075631,data/cifs/mb-mp-e-form-075631.cif,-1.7348017116666667,0.0
train,mb-mp-e-form-118160,data/cifs/mb-mp-e-form-118160.cif,-2.8588315186458337,0.0
train,mb-mp-e-form-036016,data/cifs/mb-mp-e-form-036016.cif,-0.4884304732142854,0.0
train,mb-mp-e-form-039136,data/cifs/mb-mp-e-form-039136.cif,-0.5403754158333332,0.0
train,mb-mp-e-form-016221,data/cifs/mb-mp-e-form-016221.cif,-0.0974749921428578,0.0
train,mb-mp-e-form-089432,data/cifs/mb-mp-e-form-089432.cif,-2.134463426577273,0.0
train,mb-mp-e-form-018744,data/cifs/mb-mp-e-form-018744.cif,-0.1437167819186669,0.0
train,mb-mp-e-form-009101,data/cifs/mb-mp-e-form-009101.cif,0.0621194515625003,0.0
train,mb-mp-e-form-043310,data/cifs/mb-mp-e-form-043310.cif,-0.6235740699999994,0.0
train,mb-mp-e-form-058894,data/cifs/mb-mp-e-form-058894.cif,-1.093555177213542,0.0
train,mb-mp-e-form-070972,data/cifs/mb-mp-e-form-070972.cif,-1.5962834656249996,0.0
train,mb-mp-e-form-008799,data/cifs/mb-mp-e-form-008799.cif,0.1164986750000001,0.0
train,mb-mp-e-form-051176,data/cifs/mb-mp-e-form-051176.cif,-0.830853976953648,0.0
train,mb-mp-e-form-128606,data/cifs/mb-mp-e-form-128606.cif,-3.383568194112069,0.0
train,mb-mp-e-form-122126,data/cifs/mb-mp-e-form-122126.cif,-2.996112727448979,0.0
train,mb-mp-e-form-119599,data/cifs/mb-mp-e-form-119599.cif,-2.912829690476,0.0
train,mb-mp-e-form-056905,data/cifs/mb-mp-e-form-056905.cif,-1.0335682475,0.0
train,mb-mp-e-form-069179,data/cifs/mb-mp-e-form-069179.cif,-1.5262045679687493,0.0
train,mb-mp-e-form-042794,data/cifs/mb-mp-e-form-042794.cif,-0.6119570620312502,0.0
train,mb-mp-e-form-089958,data/cifs/mb-mp-e-form-089958.cif,-2.1711447279661025,0.0
train,mb-mp-e-form-050076,data/cifs/mb-mp-e-form-050076.cif,-0.7933751060689651,0.0
train,mb-mp-e-form-080177,data/cifs/mb-mp-e-form-080177.cif,-1.86650614381,0.0
train,mb-mp-e-form-091360,data/cifs/mb-mp-e-form-091360.cif,-2.18605397453125,0.0
train,mb-mp-e-form-132177,data/cifs/mb-mp-e-form-132177.cif,-4.015082797916666,0.0
train,mb-mp-e-form-009709,data/cifs/mb-mp-e-form-009709.cif,0.0638398299999997,0.0
train,mb-mp-e-form-058862,data/cifs/mb-mp-e-form-058862.cif,-1.0767647562500002,0.0
train,mb-mp-e-form-011952,data/cifs/mb-mp-e-form-011952.cif,-0.0035474737500003,0.0
train,mb-mp-e-form-058505,data/cifs/mb-mp-e-form-058505.cif,-1.078602261718749,0.0
train,mb-mp-e-form-087073,data/cifs/mb-mp-e-form-087073.cif,-2.066194648679674,0.0
train,mb-mp-e-form-093626,data/cifs/mb-mp-e-form-093626.cif,-2.239313808055555,0.0
train,mb-mp-e-form-041943,data/cifs/mb-mp-e-form-041943.cif,-0.6150940929166661,0.0
train,mb-mp-e-form-105569,data/cifs/mb-mp-e-form-105569.cif,-2.5241207707528965,0.0
train,mb-mp-e-form-101685,data/cifs/mb-mp-e-form-101685.cif,-2.443346272890001,0.0
train,mb-mp-e-form-052164,data/cifs/mb-mp-e-form-052164.cif,-0.851364144482758,0.0
train,mb-mp-e-form-127089,data/cifs/mb-mp-e-form-127089.cif,-3.23847937975,0.0
train,mb-mp-e-form-007079,data/cifs/mb-mp-e-form-007079.cif,0.1426208767410712,0.0
train,mb-mp-e-form-122214,data/cifs/mb-mp-e-form-122214.cif,-2.998288271444721,0.0
train,mb-mp-e-form-060456,data/cifs/mb-mp-e-form-060456.cif,-1.141519511825,0.0
train,mb-mp-e-form-111364,data/cifs/mb-mp-e-form-111364.cif,-2.651337478609693,0.0
train,mb-mp-e-form-074885,data/cifs/mb-mp-e-form-074885.cif,-1.725158670833333,0.0
train,mb-mp-e-form-029792,data/cifs/mb-mp-e-form-029792.cif,-0.3667279437500004,0.0
train,mb-mp-e-form-001873,data/cifs/mb-mp-e-form-001873.cif,1.4731704047916674,0.0
train,mb-mp-e-form-113700,data/cifs/mb-mp-e-form-113700.cif,-2.7105094791533326,0.0
train,mb-mp-e-form-059458,data/cifs/mb-mp-e-form-059458.cif,-1.0919952483333308,0.0
train,mb-mp-e-form-046708,data/cifs/mb-mp-e-form-046708.cif,-0.6997702971428572,0.0
train,mb-mp-e-form-061044,data/cifs/mb-mp-e-form-061044.cif,-1.1684256905689654,0.0
train,mb-mp-e-form-090028,data/cifs/mb-mp-e-form-090028.cif,-2.154412534869792,0.0
train,mb-mp-e-form-046630,data/cifs/mb-mp-e-form-046630.cif,-0.6909491074999998,0.0
train,mb-mp-e-form-018981,data/cifs/mb-mp-e-form-018981.cif,-0.1838867458333334,0.0
train,mb-mp-e-form-058878,data/cifs/mb-mp-e-form-058878.cif,-1.1082169493944447,0.0
train,mb-mp-e-form-051390,data/cifs/mb-mp-e-form-051390.cif,-0.8277695876190481,0.0
train,mb-mp-e-form-124066,data/cifs/mb-mp-e-form-124066.cif,-3.0821028546428573,0.0
train,mb-mp-e-form-125336,data/cifs/mb-mp-e-form-125336.cif,-3.1657896475829665,0.0
train,mb-mp-e-form-024793,data/cifs/mb-mp-e-form-024793.cif,-0.2827321381250001,0.0
train,mb-mp-e-form-119597,data/cifs/mb-mp-e-form-119597.cif,-2.894509352105455,0.0
train,mb-mp-e-form-112571,data/cifs/mb-mp-e-form-112571.cif,-2.685922388923265,0.0
train,mb-mp-e-form-069024,data/cifs/mb-mp-e-form-069024.cif,-1.5045882633333332,0.0
train,mb-mp-e-form-046727,data/cifs/mb-mp-e-form-046727.cif,-0.6936056064020001,0.0
train,mb-mp-e-form-047875,data/cifs/mb-mp-e-form-047875.cif,-0.7191376366958325,0.0
train,mb-mp-e-form-117265,data/cifs/mb-mp-e-form-117265.cif,-2.84626819075,0.0
train,mb-mp-e-form-063718,data/cifs/mb-mp-e-form-063718.cif,-1.2557661045312505,0.0
train,mb-mp-e-form-083200,data/cifs/mb-mp-e-form-083200.cif,-1.9614877892232143,0.0
train,mb-mp-e-form-108885,data/cifs/mb-mp-e-form-108885.cif,-2.6017349632360887,0.0
train,mb-mp-e-form-088486,data/cifs/mb-mp-e-form-088486.cif,-2.118586695486112,0.0
train,mb-mp-e-form-081830,data/cifs/mb-mp-e-form-081830.cif,-1.933986548472222,0.0
train,mb-mp-e-form-103814,data/cifs/mb-mp-e-form-103814.cif,-2.503383820714286,0.0
train,mb-mp-e-form-130354,data/cifs/mb-mp-e-form-130354.cif,-3.60355329875,0.0
train,mb-mp-e-form-113866,data/cifs/mb-mp-e-form-113866.cif,-2.7475979614439656,0.0
train,mb-mp-e-form-130061,data/cifs/mb-mp-e-form-130061.cif,-3.4998671930978262,0.0
train,mb-mp-e-form-062621,data/cifs/mb-mp-e-form-062621.cif,-1.2378118274306673,0.0
train,mb-mp-e-form-053725,data/cifs/mb-mp-e-form-053725.cif,-0.8749455393750001,0.0
train,mb-mp-e-form-076174,data/cifs/mb-mp-e-form-076174.cif,-1.748237396522055,0.0
train,mb-mp-e-form-063784,data/cifs/mb-mp-e-form-063784.cif,-1.2530311211250005,0.0
train,mb-mp-e-form-028341,data/cifs/mb-mp-e-form-028341.cif,-0.3474848768750007,0.0
train,mb-mp-e-form-082556,data/cifs/mb-mp-e-form-082556.cif,-1.928843080933044,0.0
train,mb-mp-e-form-002342,data/cifs/mb-mp-e-form-002342.cif,0.7219509607012506,0.0
train,mb-mp-e-form-009705,data/cifs/mb-mp-e-form-009705.cif,0.0638582200000001,0.0
train,mb-mp-e-form-083136,data/cifs/mb-mp-e-form-083136.cif,-1.9639095802500013,0.0
train,mb-mp-e-form-123551,data/cifs/mb-mp-e-form-123551.cif,-3.04277521522,0.0
train,mb-mp-e-form-055558,data/cifs/mb-mp-e-form-055558.cif,-0.9356863337325716,0.0
train,mb-mp-e-form-050609,data/cifs/mb-mp-e-form-050609.cif,-0.8074698765625001,0.0
train,mb-mp-e-form-036319,data/cifs/mb-mp-e-form-036319.cif,-0.496748934136905,0.0
train,mb-mp-e-form-020835,data/cifs/mb-mp-e-form-020835.cif,-0.1844271724999999,0.0
train,mb-mp-e-form-124462,data/cifs/mb-mp-e-form-124462.cif,-3.095878160952381,0.0
train,mb-mp-e-form-111326,data/cifs/mb-mp-e-form-111326.cif,-2.657692810083334,0.0
train,mb-mp-e-form-035618,data/cifs/mb-mp-e-form-035618.cif,-0.4754272574999998,0.0
train,mb-mp-e-form-124357,data/cifs/mb-mp-e-form-124357.cif,-3.085431533696667,0.0
train,mb-mp-e-form-017152,data/cifs/mb-mp-e-form-017152.cif,-0.1314734439285721,0.0
train,mb-mp-e-form-080946,data/cifs/mb-mp-e-form-080946.cif,-1.90843788387,0.0
train,mb-mp-e-form-070486,data/cifs/mb-mp-e-form-070486.cif,-1.5580952442611442,0.0
train,mb-mp-e-form-050211,data/cifs/mb-mp-e-form-050211.cif,-0.8007111357445005,0.0
train,mb-mp-e-form-087537,data/cifs/mb-mp-e-form-087537.cif,-2.0744091275694454,0.0
train,mb-mp-e-form-030951,data/cifs/mb-mp-e-form-030951.cif,-0.393957648333334,0.0
train,mb-mp-e-form-094180,data/cifs/mb-mp-e-form-094180.cif,-2.273996264428572,0.0
train,mb-mp-e-form-129702,data/cifs/mb-mp-e-form-129702.cif,-3.430826962546296,0.0
train,mb-mp-e-form-068371,data/cifs/mb-mp-e-form-068371.cif,-1.4609847078571423,0.0
train,mb-mp-e-form-082957,data/cifs/mb-mp-e-form-082957.cif,-1.956584245621117,0.0
train,mb-mp-e-form-056572,data/cifs/mb-mp-e-form-056572.cif,-0.9808282105208336,0.0
train,mb-mp-e-form-062978,data/cifs/mb-mp-e-form-062978.cif,-1.2677843386862495,0.0
train,mb-mp-e-form-027425,data/cifs/mb-mp-e-form-027425.cif,-0.3290632056640628,0.0
train,mb-mp-e-form-128088,data/cifs/mb-mp-e-form-128088.cif,-3.330911273156249,0.0
train,mb-mp-e-form-041656,data/cifs/mb-mp-e-form-041656.cif,-0.5910516474999999,0.0
train,mb-mp-e-form-009527,data/cifs/mb-mp-e-form-009527.cif,0.073906655,0.0
train,mb-mp-e-form-084709,data/cifs/mb-mp-e-form-084709.cif,-1.9751724229957883,0.0
train,mb-mp-e-form-056817,data/cifs/mb-mp-e-form-056817.cif,-0.9851368591666664,0.0
train,mb-mp-e-form-008004,data/cifs/mb-mp-e-form-008004.cif,0.0993315093750002,0.0
train,mb-mp-e-form-106807,data/cifs/mb-mp-e-form-106807.cif,-2.5582999464285723,0.0
train,mb-mp-e-form-070483,data/cifs/mb-mp-e-form-070483.cif,-1.5658604750781546,0.0
train,mb-mp-e-form-080449,data/cifs/mb-mp-e-form-080449.cif,-1.8636466815625,0.0
train,mb-mp-e-form-070724,data/cifs/mb-mp-e-form-070724.cif,-1.5720815507500006,0.0
train,mb-mp-e-form-083474,data/cifs/mb-mp-e-form-083474.cif,-1.9555697113632853,0.0
train,mb-mp-e-form-100573,data/cifs/mb-mp-e-form-100573.cif,-2.41790758228022,0.0
train,mb-mp-e-form-085971,data/cifs/mb-mp-e-form-085971.cif,-2.0541500974516658,0.0
train,mb-mp-e-form-078801,data/cifs/mb-mp-e-form-078801.cif,-1.828172196741072,0.0
train,mb-mp-e-form-044613,data/cifs/mb-mp-e-form-044613.cif,-0.6460814192105265,0.0
train,mb-mp-e-form-095918,data/cifs/mb-mp-e-form-095918.cif,-2.311953455000001,0.0
train,mb-mp-e-form-009254,data/cifs/mb-mp-e-form-009254.cif,0.0647085000000005,0.0
train,mb-mp-e-form-058371,data/cifs/mb-mp-e-form-058371.cif,-1.0627028026562502,0.0
train,mb-mp-e-form-126507,data/cifs/mb-mp-e-form-126507.cif,-3.220010352301588,0.0
train,mb-mp-e-form-080935,data/cifs/mb-mp-e-form-080935.cif,-1.8973952194791668,0.0
train,mb-mp-e-form-108795,data/cifs/mb-mp-e-form-108795.cif,-2.6139045029795254,0.0
train,mb-mp-e-form-001540,data/cifs/mb-mp-e-form-001540.cif,1.0323169509523804,0.0
train,mb-mp-e-form-047973,data/cifs/mb-mp-e-form-047973.cif,-0.7509328844759992,0.0
train,mb-mp-e-form-129438,data/cifs/mb-mp-e-form-129438.cif,-3.464372612105264,0.0
train,mb-mp-e-form-075297,data/cifs/mb-mp-e-form-075297.cif,-1.7348550131399998,0.0
train,mb-mp-e-form-058417,data/cifs/mb-mp-e-form-058417.cif,-1.0706925061899994,0.0
train,mb-mp-e-form-091581,data/cifs/mb-mp-e-form-091581.cif,-2.195546021049449,0.0
train,mb-mp-e-form-039324,data/cifs/mb-mp-e-form-039324.cif,-0.5384207962500002,0.0
train,mb-mp-e-form-039620,data/cifs/mb-mp-e-form-039620.cif,-0.5406236516666674,0.0
train,mb-mp-e-form-009802,data/cifs/mb-mp-e-form-009802.cif,0.0871248850000014,0.0
train,mb-mp-e-form-095502,data/cifs/mb-mp-e-form-095502.cif,-2.30369261780303,0.0
train,mb-mp-e-form-018952,data/cifs/mb-mp-e-form-018952.cif,-0.1661044166666663,0.0
train,mb-mp-e-form-017118,data/cifs/mb-mp-e-form-017118.cif,-0.1297465687500003,0.0
train,mb-mp-e-form-077842,data/cifs/mb-mp-e-form-077842.cif,-1.835506874250001,0.0
train,mb-mp-e-form-074082,data/cifs/mb-mp-e-form-074082.cif,-1.6916195034990005,0.0
train,mb-mp-e-form-107756,data/cifs/mb-mp-e-form-107756.cif,-2.574088205625001,0.0
train,mb-mp-e-form-090045,data/cifs/mb-mp-e-form-090045.cif,-2.146661136833332,0.0
train,mb-mp-e-form-019137,data/cifs/mb-mp-e-form-019137.cif,-0.1800099949999998,0.0
train,mb-mp-e-form-019802,data/cifs/mb-mp-e-form-019802.cif,-0.1626718262242666,0.0
train,mb-mp-e-form-087589,data/cifs/mb-mp-e-form-087589.cif,-2.067633001611842,0.0
train,mb-mp-e-form-087686,data/cifs/mb-mp-e-form-087686.cif,-2.085673281964285,0.0
train,mb-mp-e-form-094442,data/cifs/mb-mp-e-form-094442.cif,-2.2523246197477778,0.0
train,mb-mp-e-form-083270,data/cifs/mb-mp-e-form-083270.cif,-1.96927541869,0.0
train,mb-mp-e-form-081004,data/cifs/mb-mp-e-form-081004.cif,-1.893921316050714,0.0
train,mb-mp-e-form-115137,data/cifs/mb-mp-e-form-115137.cif,-2.765517644433181,0.0
train,mb-mp-e-form-059972,data/cifs/mb-mp-e-form-059972.cif,-1.1296205260000003,0.0
train,mb-mp-e-form-109290,data/cifs/mb-mp-e-form-109290.cif,-2.603649233273808,0.0
train,mb-mp-e-form-080561,data/cifs/mb-mp-e-form-080561.cif,-1.8766002409760003,0.0
train,mb-mp-e-form-085960,data/cifs/mb-mp-e-form-085960.cif,-2.055841168285,0.0
train,mb-mp-e-form-116439,data/cifs/mb-mp-e-form-116439.cif,-2.794901443333333,0.0
train,mb-mp-e-form-131308,data/cifs/mb-mp-e-form-131308.cif,-3.792470525648148,0.0
train,mb-mp-e-form-081372,data/cifs/mb-mp-e-form-081372.cif,-1.901653449375,0.0
train,mb-mp-e-form-096822,data/cifs/mb-mp-e-form-096822.cif,-2.339018746375,0.0
train,mb-mp-e-form-001943,data/cifs/mb-mp-e-form-001943.cif,0.71142014,0.0
train,mb-mp-e-form-129016,data/cifs/mb-mp-e-form-129016.cif,-3.4814749534642844,0.0
train,mb-mp-e-form-043616,data/cifs/mb-mp-e-form-043616.cif,-0.6243331795000003,0.0
train,mb-mp-e-form-040735,data/cifs/mb-mp-e-form-040735.cif,-0.5612151503448286,0.0
train,mb-mp-e-form-088361,data/cifs/mb-mp-e-form-088361.cif,-2.107681104338,0.0
train,mb-mp-e-form-019708,data/cifs/mb-mp-e-form-019708.cif,-0.1804680462499996,0.0
train,mb-mp-e-form-063779,data/cifs/mb-mp-e-form-063779.cif,-1.2460549856250005,0.0
train,mb-mp-e-form-106986,data/cifs/mb-mp-e-form-106986.cif,-2.562657513250001,0.0
train,mb-mp-e-form-018215,data/cifs/mb-mp-e-form-018215.cif,-0.1500957543589738,0.0
train,mb-mp-e-form-131880,data/cifs/mb-mp-e-form-131880.cif,-4.05262569083037,0.0
train,mb-mp-e-form-075438,data/cifs/mb-mp-e-form-075438.cif,-1.7361855079420003,0.0
train,mb-mp-e-form-082511,data/cifs/mb-mp-e-form-082511.cif,-1.9293278659375,0.0
train,mb-mp-e-form-113140,data/cifs/mb-mp-e-form-113140.cif,-2.708332181356666,0.0
train,mb-mp-e-form-100927,data/cifs/mb-mp-e-form-100927.cif,-2.4340441391250005,0.0
train,mb-mp-e-form-057379,data/cifs/mb-mp-e-form-057379.cif,-1.004789069908279,0.0
train,mb-mp-e-form-020927,data/cifs/mb-mp-e-form-020927.cif,-0.2110614012500002,0.0
train,mb-mp-e-form-085716,data/cifs/mb-mp-e-form-085716.cif,-2.023520665818334,0.0
train,mb-mp-e-form-084974,data/cifs/mb-mp-e-form-084974.cif,-2.031526962451666,0.0
train,mb-mp-e-form-102434,data/cifs/mb-mp-e-form-102434.cif,-2.448841233463183,0.0
train,mb-mp-e-form-071871,data/cifs/mb-mp-e-form-071871.cif,-1.6333007491965,0.0
train,mb-mp-e-form-006624,data/cifs/mb-mp-e-form-006624.cif,0.2085779912499994,0.0
train,mb-mp-e-form-070822,data/cifs/mb-mp-e-form-070822.cif,-1.5670371833928567,0.0
train,mb-mp-e-form-012209,data/cifs/mb-mp-e-form-012209.cif,-0.0005959293333333,0.0
train,mb-mp-e-form-047302,data/cifs/mb-mp-e-form-047302.cif,-0.713310175833333,0.0
train,mb-mp-e-form-116670,data/cifs/mb-mp-e-form-116670.cif,-2.810708344299365,0.0
train,mb-mp-e-form-051657,data/cifs/mb-mp-e-form-051657.cif,-0.8232854736764703,0.0
train,mb-mp-e-form-130768,data/cifs/mb-mp-e-form-130768.cif,-3.738683189463958,0.0
train,mb-mp-e-form-015558,data/cifs/mb-mp-e-form-015558.cif,-0.0618799857894735,0.0
train,mb-mp-e-form-122943,data/cifs/mb-mp-e-form-122943.cif,-3.058844175361867,0.0
train,mb-mp-e-form-017170,data/cifs/mb-mp-e-form-017170.cif,-0.1071326265789474,0.0
train,mb-mp-e-form-073643,data/cifs/mb-mp-e-form-073643.cif,-1.678251032045455,0.0
train,mb-mp-e-form-091012,data/cifs/mb-mp-e-form-091012.cif,-2.1788688490011103,0.0
train,mb-mp-e-form-006555,data/cifs/mb-mp-e-form-006555.cif,0.1866437412499997,0.0
train,mb-mp-e-form-010739,data/cifs/mb-mp-e-form-010739.cif,0.043189351111111,0.0
train,mb-mp-e-form-070328,data/cifs/mb-mp-e-form-070328.cif,-1.5518808618606326,0.0
train,mb-mp-e-form-041866,data/cifs/mb-mp-e-form-041866.cif,-0.5898921756250002,0.0
train,mb-mp-e-form-115562,data/cifs/mb-mp-e-form-115562.cif,-2.7622011555952386,0.0
train,mb-mp-e-form-124673,data/cifs/mb-mp-e-form-124673.cif,-3.0694023222896463,0.0
train,mb-mp-e-form-053291,data/cifs/mb-mp-e-form-053291.cif,-0.8726301038095245,0.0
train,mb-mp-e-form-005700,data/cifs/mb-mp-e-form-005700.cif,0.2772291480000007,0.0
train,mb-mp-e-form-032370,data/cifs/mb-mp-e-form-032370.cif,-0.4179397983333324,0.0
train,mb-mp-e-form-107406,data/cifs/mb-mp-e-form-107406.cif,-2.554011556071429,0.0
train,mb-mp-e-form-122568,data/cifs/mb-mp-e-form-122568.cif,-3.004788910869048,0.0
train,mb-mp-e-form-018029,data/cifs/mb-mp-e-form-018029.cif,-0.158359672857143,0.0
train,mb-mp-e-form-006836,data/cifs/mb-mp-e-form-006836.cif,0.1734544500000003,0.0
train,mb-mp-e-form-072893,data/cifs/mb-mp-e-form-072893.cif,-1.6518967821973796,0.0
train,mb-mp-e-form-108752,data/cifs/mb-mp-e-form-108752.cif,-2.57572291625,0.0
train,mb-mp-e-form-069773,data/cifs/mb-mp-e-form-069773.cif,-1.5090839106249998,0.0
train,mb-mp-e-form-004218,data/cifs/mb-mp-e-form-004218.cif,0.3422603383333324,0.0
train,mb-mp-e-form-015018,data/cifs/mb-mp-e-form-015018.cif,-0.0639660543749998,0.0
train,mb-mp-e-form-112366,data/cifs/mb-mp-e-form-112366.cif,-2.66958789278,0.0
train,mb-mp-e-form-062292,data/cifs/mb-mp-e-form-062292.cif,-1.2179661774375006,0.0
train,mb-mp-e-form-029113,data/cifs/mb-mp-e-form-029113.cif,-0.3574083637500003,0.0
train,mb-mp-e-form-088241,data/cifs/mb-mp-e-form-088241.cif,-2.0975786171590896,0.0
train,mb-mp-e-form-098484,data/cifs/mb-mp-e-form-098484.cif,-2.376065609629629,0.0
train,mb-mp-e-form-116887,data/cifs/mb-mp-e-form-116887.cif,-2.8449607169335938,0.0
train,mb-mp-e-form-118082,data/cifs/mb-mp-e-form-118082.cif,-2.851382493250001,0.0
train,mb-mp-e-form-120079,data/cifs/mb-mp-e-form-120079.cif,-2.95077034475,0.0
train,mb-mp-e-form-068177,data/cifs/mb-mp-e-form-068177.cif,-1.4723437323437496,0.0
train,mb-mp-e-form-051541,data/cifs/mb-mp-e-form-051541.cif,-0.82667302550625,0.0
train,mb-mp-e-form-022278,data/cifs/mb-mp-e-form-022278.cif,-0.2380410224708041,0.0
train,mb-mp-e-form-126312,data/cifs/mb-mp-e-form-126312.cif,-3.226002663750001,0.0
train,mb-mp-e-form-113291,data/cifs/mb-mp-e-form-113291.cif,-2.703308567589286,0.0
train,mb-mp-e-form-005202,data/cifs/mb-mp-e-form-005202.cif,0.2334942638749999,0.0
train,mb-mp-e-form-072663,data/cifs/mb-mp-e-form-072663.cif,-1.613591906,0.0
train,mb-mp-e-form-097441,data/cifs/mb-mp-e-form-097441.cif,-2.3543613008418376,0.0
train,mb-mp-e-form-039507,data/cifs/mb-mp-e-form-039507.cif,-0.5374707704365088,0.0
train,mb-mp-e-form-096519,data/cifs/mb-mp-e-form-096519.cif,-2.312182306995,0.0
train,mb-mp-e-form-084893,data/cifs/mb-mp-e-form-084893.cif,-2.0207092242500004,0.0
train,mb-mp-e-form-077651,data/cifs/mb-mp-e-form-077651.cif,-1.8112464502444448,0.0
train,mb-mp-e-form-018341,data/cifs/mb-mp-e-form-018341.cif,-0.1435988831745676,0.0
train,mb-mp-e-form-059786,data/cifs/mb-mp-e-form-059786.cif,-1.1104205989809786,0.0
train,mb-mp-e-form-086313,data/cifs/mb-mp-e-form-086313.cif,-2.0515413880644897,0.0
train,mb-mp-e-form-074611,data/cifs/mb-mp-e-form-074611.cif,-1.6916848186363644,0.0
train,mb-mp-e-form-105954,data/cifs/mb-mp-e-form-105954.cif,-2.5363672155292867,0.0
train,mb-mp-e-form-123829,data/cifs/mb-mp-e-form-123829.cif,-3.110682448277962,0.0
train,mb-mp-e-form-101072,data/cifs/mb-mp-e-form-101072.cif,-2.441361145851429,0.0
train,mb-mp-e-form-056851,data/cifs/mb-mp-e-form-056851.cif,-0.9980193281249994,0.0
train,mb-mp-e-form-003242,data/cifs/mb-mp-e-form-003242.cif,0.4728110816666664,0.0
train,mb-mp-e-form-034258,data/cifs/mb-mp-e-form-034258.cif,-0.4582388764583338,0.0
train,mb-mp-e-form-100102,data/cifs/mb-mp-e-form-100102.cif,-2.415299891190476,0.0
train,mb-mp-e-form-077906,data/cifs/mb-mp-e-form-077906.cif,-1.8225329459975,0.0
train,mb-mp-e-form-128872,data/cifs/mb-mp-e-form-128872.cif,-3.435302476985293,0.0
train,mb-mp-e-form-098647,data/cifs/mb-mp-e-form-098647.cif,-2.37416842562963,0.0
train,mb-mp-e-form-029635,data/cifs/mb-mp-e-form-029635.cif,-0.3665651917509925,0.0
train,mb-mp-e-form-041267,data/cifs/mb-mp-e-form-041267.cif,-0.5897900576315787,0.0
train,mb-mp-e-form-006506,data/cifs/mb-mp-e-form-006506.cif,0.1683202909482757,0.0
train,mb-mp-e-form-106903,data/cifs/mb-mp-e-form-106903.cif,-2.5571021066349906,0.0
train,mb-mp-e-form-062650,data/cifs/mb-mp-e-form-062650.cif,-1.216188275178572,0.0
train,mb-mp-e-form-002735,data/cifs/mb-mp-e-form-002735.cif,0.8561466926190479,0.0
train,mb-mp-e-form-048655,data/cifs/mb-mp-e-form-048655.cif,-0.7521575488888893,0.0
train,mb-mp-e-form-103695,data/cifs/mb-mp-e-form-103695.cif,-2.469593476190409,0.0
train,mb-mp-e-form-007665,data/cifs/mb-mp-e-form-007665.cif,0.127692726051111,0.0
train,mb-mp-e-form-117348,data/cifs/mb-mp-e-form-117348.cif,-2.8345584160624995,0.0
train,mb-mp-e-form-084779,data/cifs/mb-mp-e-form-084779.cif,-1.97268125425,0.0
train,mb-mp-e-form-125698,data/cifs/mb-mp-e-form-125698.cif,-3.1380351977712504,0.0
train,mb-mp-e-form-073076,data/cifs/mb-mp-e-form-073076.cif,-1.6795725172383276,0.0
train,mb-mp-e-form-006276,data/cifs/mb-mp-e-form-006276.cif,0.2108462308333329,0.0
train,mb-mp-e-form-068875,data/cifs/mb-mp-e-form-068875.cif,-1.510854917045454,0.0
train,mb-mp-e-form-094076,data/cifs/mb-mp-e-form-094076.cif,-2.260908885625,0.0
train,mb-mp-e-form-111718,data/cifs/mb-mp-e-form-111718.cif,-2.6628001111,0.0
train,mb-mp-e-form-121846,data/cifs/mb-mp-e-form-121846.cif,-3.0153571771875,0.0
train,mb-mp-e-form-008197,data/cifs/mb-mp-e-form-008197.cif,0.1135923066666668,0.0
train,mb-mp-e-form-084590,data/cifs/mb-mp-e-form-084590.cif,-1.9929139425000004,0.0
train,mb-mp-e-form-044419,data/cifs/mb-mp-e-form-044419.cif,-0.6446693266666669,0.0
train,mb-mp-e-form-008457,data/cifs/mb-mp-e-form-008457.cif,0.1089616740794886,0.0
train,mb-mp-e-form-014806,data/cifs/mb-mp-e-form-014806.cif,-0.049267816875,0.0
train,mb-mp-e-form-006762,data/cifs/mb-mp-e-form-006762.cif,0.1747738662500007,0.0
train,mb-mp-e-form-000753,data/cifs/mb-mp-e-form-000753.cif,1.827295224038334,0.0
train,mb-mp-e-form-125594,data/cifs/mb-mp-e-form-125594.cif,-3.14808239746,0.0
train,mb-mp-e-form-086931,data/cifs/mb-mp-e-form-086931.cif,-2.075587042868333,0.0
train,mb-mp-e-form-012076,data/cifs/mb-mp-e-form-012076.cif,0.0106316566666665,0.0
train,mb-mp-e-form-129471,data/cifs/mb-mp-e-form-129471.cif,-3.4028656940625006,0.0
train,mb-mp-e-form-132660,data/cifs/mb-mp-e-form-132660.cif,-3.86231002943182,0.0
train,mb-mp-e-form-065660,data/cifs/mb-mp-e-form-065660.cif,-1.3504550704166658,0.0
train,mb-mp-e-form-123367,data/cifs/mb-mp-e-form-123367.cif,-3.051333061193062,0.0
train,mb-mp-e-form-118161,data/cifs/mb-mp-e-form-118161.cif,-2.879388855625,0.0
train,mb-mp-e-form-088396,data/cifs/mb-mp-e-form-088396.cif,-2.109223249668367,0.0
train,mb-mp-e-form-129861,data/cifs/mb-mp-e-form-129861.cif,-3.5311327984333327,0.0
train,mb-mp-e-form-125557,data/cifs/mb-mp-e-form-125557.cif,-3.1600193569047623,0.0
train,mb-mp-e-form-058127,data/cifs/mb-mp-e-form-058127.cif,-1.0690741308833338,0.0
train,mb-mp-e-form-038853,data/cifs/mb-mp-e-form-038853.cif,-0.5248724410714285,0.0
train,mb-mp-e-form-045706,data/cifs/mb-mp-e-form-045706.cif,-0.6800104251612901,0.0
train,mb-mp-e-form-101795,data/cifs/mb-mp-e-form-101795.cif,-2.444272200277778,0.0
train,mb-mp-e-form-024494,data/cifs/mb-mp-e-form-024494.cif,-0.2739027042307694,0.0
train,mb-mp-e-form-124079,data/cifs/mb-mp-e-form-124079.cif,-3.0983487664642864,0.0
train,mb-mp-e-form-035937,data/cifs/mb-mp-e-form-035937.cif,-0.4842679581512055,0.0
train,mb-mp-e-form-032886,data/cifs/mb-mp-e-form-032886.cif,-0.4243312187499999,0.0
train,mb-mp-e-form-021623,data/cifs/mb-mp-e-form-021623.cif,-0.2089197899724997,0.0
train,mb-mp-e-form-064460,data/cifs/mb-mp-e-form-064460.cif,-1.317296087301137,0.0
train,mb-mp-e-form-091020,data/cifs/mb-mp-e-form-091020.cif,-2.1881919483570567,0.0
train,mb-mp-e-form-095269,data/cifs/mb-mp-e-form-095269.cif,-2.303257550275974,0.0
train,mb-mp-e-form-100641,data/cifs/mb-mp-e-form-100641.cif,-2.410247909236111,0.0
train,mb-mp-e-form-099333,data/cifs/mb-mp-e-form-099333.cif,-2.395904383897059,0.0
train,mb-mp-e-form-060925,data/cifs/mb-mp-e-form-060925.cif,-1.179585256086667,0.0
train,mb-mp-e-form-089256,data/cifs/mb-mp-e-form-089256.cif,-2.145105958262988,0.0
train,mb-mp-e-form-129195,data/cifs/mb-mp-e-form-129195.cif,-3.476795869464285,0.0
train,mb-mp-e-form-026658,data/cifs/mb-mp-e-form-026658.cif,-0.3191020180354353,0.0
train,mb-mp-e-form-063550,data/cifs/mb-mp-e-form-063550.cif,-1.2732655528342645,0.0
train,mb-mp-e-form-038406,data/cifs/mb-mp-e-form-038406.cif,-0.527260847767857,0.0
train,mb-mp-e-form-000024,data/cifs/mb-mp-e-form-000024.cif,2.06928630381,0.0
train,mb-mp-e-form-018110,data/cifs/mb-mp-e-form-018110.cif,-0.1508894875000006,0.0
train,mb-mp-e-form-105249,data/cifs/mb-mp-e-form-105249.cif,-2.5201749499107144,0.0
train,mb-mp-e-form-100501,data/cifs/mb-mp-e-form-100501.cif,-2.405433105549451,0.0
train,mb-mp-e-form-015920,data/cifs/mb-mp-e-form-015920.cif,-0.0912595781249998,0.0
train,mb-mp-e-form-037062,data/cifs/mb-mp-e-form-037062.cif,-0.5006069391800005,0.0
train,mb-mp-e-form-040844,data/cifs/mb-mp-e-form-040844.cif,-0.563106871216837,0.0
train,mb-mp-e-form-070691,data/cifs/mb-mp-e-form-070691.cif,-1.5691761226190484,0.0
train,mb-mp-e-form-083758,data/cifs/mb-mp-e-form-083758.cif,-1.9524675980567496,0.0
train,mb-mp-e-form-109839,data/cifs/mb-mp-e-form-109839.cif,-2.62992702215125,0.0
train,mb-mp-e-form-070630,data/cifs/mb-mp-e-form-070630.cif,-1.5423076440488497,0.0
train,mb-mp-e-form-116209,data/cifs/mb-mp-e-form-116209.cif,-2.7968058167156946,0.0
train,mb-mp-e-form-094313,data/cifs/mb-mp-e-form-094313.cif,-2.2532539156537355,0.0
train,mb-mp-e-form-061890,data/cifs/mb-mp-e-form-061890.cif,-1.2330485984615387,0.0
train,mb-mp-e-form-036332,data/cifs/mb-mp-e-form-036332.cif,-0.4867059572222219,0.0
train,mb-mp-e-form-073110,data/cifs/mb-mp-e-form-073110.cif,-1.6674827683045643,0.0
train,mb-mp-e-form-020445,data/cifs/mb-mp-e-form-020445.cif,-0.1931941566666672,0.0
train,mb-mp-e-form-047767,data/cifs/mb-mp-e-form-047767.cif,-0.7102292188515444,0.0
train,mb-mp-e-form-002050,data/cifs/mb-mp-e-form-002050.cif,0.978992328333333,0.0
train,mb-mp-e-form-058577,data/cifs/mb-mp-e-form-058577.cif,-1.0769900338973213,0.0
train,mb-mp-e-form-069838,data/cifs/mb-mp-e-form-069838.cif,-1.5182542830357133,0.0
train,mb-mp-e-form-003373,data/cifs/mb-mp-e-form-003373.cif,0.4686728340178563,0.0
train,mb-mp-e-form-062596,data/cifs/mb-mp-e-form-062596.cif,-1.2325788610395458,0.0
train,mb-mp-e-form-068080,data/cifs/mb-mp-e-form-068080.cif,-1.481171994722222,0.0
train,mb-mp-e-form-067644,data/cifs/mb-mp-e-form-067644.cif,-1.4495755260237075,0.0
train,mb-mp-e-form-019006,data/cifs/mb-mp-e-form-019006.cif,-0.1669378864285714,0.0
train,mb-mp-e-form-115180,data/cifs/mb-mp-e-form-115180.cif,-2.773618635317,0.0
train,mb-mp-e-form-058359,data/cifs/mb-mp-e-form-058359.cif,-1.052187769285715,0.0
train,mb-mp-e-form-045542,data/cifs/mb-mp-e-form-045542.cif,-0.6659519370312506,0.0
train,mb-mp-e-form-065213,data/cifs/mb-mp-e-form-065213.cif,-1.35484123197377,0.0
train,mb-mp-e-form-077358,data/cifs/mb-mp-e-form-077358.cif,-1.7896637499309378,0.0
train,mb-mp-e-form-056331,data/cifs/mb-mp-e-form-056331.cif,-0.9717122986979168,0.0
train,mb-mp-e-form-009540,data/cifs/mb-mp-e-form-009540.cif,0.0828253356249999,0.0
train,mb-mp-e-form-103686,data/cifs/mb-mp-e-form-103686.cif,-2.476355213935073,0.0
train,mb-mp-e-form-037672,data/cifs/mb-mp-e-form-037672.cif,-0.5126624404545449,0.0
train,mb-mp-e-form-099510,data/cifs/mb-mp-e-form-099510.cif,-2.3936258371323533,0.0
train,mb-mp-e-form-051095,data/cifs/mb-mp-e-form-051095.cif,-0.8264069849915625,0.0
train,mb-mp-e-form-044877,data/cifs/mb-mp-e-form-044877.cif,-0.6535086383333351,0.0
train,mb-mp-e-form-032919,data/cifs/mb-mp-e-form-032919.cif,-0.4410492457142858,0.0
train,mb-mp-e-form-065237,data/cifs/mb-mp-e-form-065237.cif,-1.3432528552391545,0.0
train,mb-mp-e-form-092872,data/cifs/mb-mp-e-form-092872.cif,-2.237902844821429,0.0
train,mb-mp-e-form-034951,data/cifs/mb-mp-e-form-034951.cif,-0.4680606066666669,0.0
train,mb-mp-e-form-053757,data/cifs/mb-mp-e-form-053757.cif,-0.8940829271449999,0.0
train,mb-mp-e-form-119878,data/cifs/mb-mp-e-form-119878.cif,-2.93157431546875,0.0
train,mb-mp-e-form-006574,data/cifs/mb-mp-e-form-006574.cif,0.191311813214285,0.0
train,mb-mp-e-form-117006,data/cifs/mb-mp-e-form-117006.cif,-2.834285118942309,0.0
train,mb-mp-e-form-005834,data/cifs/mb-mp-e-form-005834.cif,0.2328764912500007,0.0
train,mb-mp-e-form-024102,data/cifs/mb-mp-e-form-024102.cif,-0.2713087299999994,0.0
train,mb-mp-e-form-106552,data/cifs/mb-mp-e-form-106552.cif,-2.535275318682491,0.0
train,mb-mp-e-form-087214,data/cifs/mb-mp-e-form-087214.cif,-2.0653788681640624,0.0
train,mb-mp-e-form-128452,data/cifs/mb-mp-e-form-128452.cif,-3.3203852127887123,0.0
train,mb-mp-e-form-105187,data/cifs/mb-mp-e-form-105187.cif,-2.512233140919717,0.0
train,mb-mp-e-form-022178,data/cifs/mb-mp-e-form-022178.cif,-0.2342559747916664,0.0
train,mb-mp-e-form-031066,data/cifs/mb-mp-e-form-031066.cif,-0.4009878174999999,0.0
train,mb-mp-e-form-092158,data/cifs/mb-mp-e-form-092158.cif,-2.221371641305555,0.0
train,mb-mp-e-form-109449,data/cifs/mb-mp-e-form-109449.cif,-2.615435983125,0.0
train,mb-mp-e-form-040276,data/cifs/mb-mp-e-form-040276.cif,-0.5693099409261088,0.0
train,mb-mp-e-form-026166,data/cifs/mb-mp-e-form-026166.cif,-0.307945874761904,0.0
train,mb-mp-e-form-042091,data/cifs/mb-mp-e-form-042091.cif,-0.6128535262499994,0.0
train,mb-mp-e-form-011938,data/cifs/mb-mp-e-form-011938.cif,0.0083679212500005,0.0
train,mb-mp-e-form-024132,data/cifs/mb-mp-e-form-024132.cif,-0.2813748349999994,0.0
train,mb-mp-e-form-008946,data/cifs/mb-mp-e-form-008946.cif,0.0786782212500001,0.0
train,mb-mp-e-form-118029,data/cifs/mb-mp-e-form-118029.cif,-2.8527251795967743,0.0
train,mb-mp-e-form-127115,data/cifs/mb-mp-e-form-127115.cif,-3.300280524285716,0.0
train,mb-mp-e-form-035737,data/cifs/mb-mp-e-form-035737.cif,-0.477827342063333,0.0
train,mb-mp-e-form-101981,data/cifs/mb-mp-e-form-101981.cif,-2.465336369821429,0.0
train,mb-mp-e-form-112153,data/cifs/mb-mp-e-form-112153.cif,-2.681879980076,0.0
train,mb-mp-e-form-017824,data/cifs/mb-mp-e-form-017824.cif,-0.1176215175000003,0.0
train,mb-mp-e-form-042100,data/cifs/mb-mp-e-form-042100.cif,-0.5979968287499995,0.0
train,mb-mp-e-form-110305,data/cifs/mb-mp-e-form-110305.cif,-2.631173645288382,0.0
train,mb-mp-e-form-122735,data/cifs/mb-mp-e-form-122735.cif,-3.01473746675,0.0
train,mb-mp-e-form-043744,data/cifs/mb-mp-e-form-043744.cif,-0.6280117452500008,0.0
train,mb-mp-e-form-076749,data/cifs/mb-mp-e-form-076749.cif,-1.7653014234374993,0.0
train,mb-mp-e-form-046449,data/cifs/mb-mp-e-form-046449.cif,-0.7016034931413035,0.0
train,mb-mp-e-form-056322,data/cifs/mb-mp-e-form-056322.cif,-0.9890269366466669,0.0
train,mb-mp-e-form-003453,data/cifs/mb-mp-e-form-003453.cif,0.4701412982654544,0.0
train,mb-mp-e-form-071588,data/cifs/mb-mp-e-form-071588.cif,-1.5989397292903031,0.0
train,mb-mp-e-form-040722,data/cifs/mb-mp-e-form-040722.cif,-0.5631091070138888,0.0
train,mb-mp-e-form-019089,data/cifs/mb-mp-e-form-019089.cif,-0.1824402824999991,0.0
train,mb-mp-e-form-020930,data/cifs/mb-mp-e-form-020930.cif,-0.2233871533333336,0.0
train,mb-mp-e-form-051179,data/cifs/mb-mp-e-form-051179.cif,-0.829038672222222,0.0
train,mb-mp-e-form-072193,data/cifs/mb-mp-e-form-072193.cif,-1.6210528593571425,0.0
train,mb-mp-e-form-118896,data/cifs/mb-mp-e-form-118896.cif,-2.907170614380388,0.0
train,mb-mp-e-form-008640,data/cifs/mb-mp-e-form-008640.cif,0.1189010823125491,0.0
train,mb-mp-e-form-046677,data/cifs/mb-mp-e-form-046677.cif,-0.7022921300921934,0.0
train,mb-mp-e-form-059978,data/cifs/mb-mp-e-form-059978.cif,-1.1232488975000003,0.0
train,mb-mp-e-form-000941,data/cifs/mb-mp-e-form-000941.cif,1.5050197088100008,0.0
train,mb-mp-e-form-007942,data/cifs/mb-mp-e-form-007942.cif,0.1203297272222225,0.0
train,mb-mp-e-form-029700,data/cifs/mb-mp-e-form-029700.cif,-0.3590540325757578,0.0
train,mb-mp-e-form-080881,data/cifs/mb-mp-e-form-080881.cif,-1.883299267578125,0.0
train,mb-mp-e-form-086608,data/cifs/mb-mp-e-form-086608.cif,-2.044867939347777,0.0
train,mb-mp-e-form-020054,data/cifs/mb-mp-e-form-020054.cif,-0.1892575289219998,0.0
train,mb-mp-e-form-012435,data/cifs/mb-mp-e-form-012435.cif,-0.0061192534790912,0.0
train,mb-mp-e-form-088073,data/cifs/mb-mp-e-form-088073.cif,-2.0932302734657147,0.0
train,mb-mp-e-form-023522,data/cifs/mb-mp-e-form-023522.cif,-0.2566490072916663,0.0
train,mb-mp-e-form-101445,data/cifs/mb-mp-e-form-101445.cif,-2.435402351570303,0.0
train,mb-mp-e-form-105667,data/cifs/mb-mp-e-form-105667.cif,-2.5077267777094434,0.0
train,mb-mp-e-form-114646,data/cifs/mb-mp-e-form-114646.cif,-2.7452474654766075,0.0
train,mb-mp-e-form-099847,data/cifs/mb-mp-e-form-099847.cif,-2.418379226352041,0.0
train,mb-mp-e-form-037168,data/cifs/mb-mp-e-form-037168.cif,-0.5081911961400007,0.0
train,mb-mp-e-form-079289,data/cifs/mb-mp-e-form-079289.cif,-1.8463133615364584,0.0
train,mb-mp-e-form-122256,data/cifs/mb-mp-e-form-122256.cif,-2.988054151484693,0.0
train,mb-mp-e-form-031883,data/cifs/mb-mp-e-form-031883.cif,-0.3991009077380951,0.0
train,mb-mp-e-form-131709,data/cifs/mb-mp-e-form-131709.cif,-3.655172375416667,0.0
train,mb-mp-e-form-069831,data/cifs/mb-mp-e-form-069831.cif,-1.5025060341999994,0.0
train,mb-mp-e-form-010799,data/cifs/mb-mp-e-form-010799.cif,0.054581095,0.0
train,mb-mp-e-form-056045,data/cifs/mb-mp-e-form-056045.cif,-0.9696461401,0.0
train,mb-mp-e-form-001894,data/cifs/mb-mp-e-form-001894.cif,1.0427552165625005,0.0
train,mb-mp-e-form-045671,data/cifs/mb-mp-e-form-045671.cif,-0.6795013900000002,0.0
train,mb-mp-e-form-121027,data/cifs/mb-mp-e-form-121027.cif,-2.9640155818542846,0.0
train,mb-mp-e-form-080964,data/cifs/mb-mp-e-form-080964.cif,-1.89360006069357,0.0
train,mb-mp-e-form-047719,data/cifs/mb-mp-e-form-047719.cif,-0.7281047330000007,0.0
train,mb-mp-e-form-096617,data/cifs/mb-mp-e-form-096617.cif,-2.311363443125001,0.0
train,mb-mp-e-form-017421,data/cifs/mb-mp-e-form-017421.cif,-0.1162786324999996,0.0
train,mb-mp-e-form-054872,data/cifs/mb-mp-e-form-054872.cif,-0.9317565375565212,0.0
train,mb-mp-e-form-034847,data/cifs/mb-mp-e-form-034847.cif,-0.4464003737499999,0.0
train,mb-mp-e-form-036637,data/cifs/mb-mp-e-form-036637.cif,-0.481538292222222,0.0
train,mb-mp-e-form-094847,data/cifs/mb-mp-e-form-094847.cif,-2.282171523750001,0.0
train,mb-mp-e-form-113100,data/cifs/mb-mp-e-form-113100.cif,-2.718536399539473,0.0
train,mb-mp-e-form-008968,data/cifs/mb-mp-e-form-008968.cif,0.0853770171249999,0.0
train,mb-mp-e-form-110005,data/cifs/mb-mp-e-form-110005.cif,-2.6268369898245614,0.0
train,mb-mp-e-form-126148,data/cifs/mb-mp-e-form-126148.cif,-3.217772820590661,0.0
train,mb-mp-e-form-055361,data/cifs/mb-mp-e-form-055361.cif,-0.9650964869999996,0.0
train,mb-mp-e-form-057975,data/cifs/mb-mp-e-form-057975.cif,-1.0822690536458337,0.0
train,mb-mp-e-form-127180,data/cifs/mb-mp-e-form-127180.cif,-3.24548480325,0.0
train,mb-mp-e-form-098640,data/cifs/mb-mp-e-form-098640.cif,-2.3728701115000006,0.0
train,mb-mp-e-form-012567,data/cifs/mb-mp-e-form-012567.cif,0.0094496350000001,0.0
train,mb-mp-e-form-122503,data/cifs/mb-mp-e-form-122503.cif,-3.010040659924746,0.0
train,mb-mp-e-form-089537,data/cifs/mb-mp-e-form-089537.cif,-2.131581433968253,0.0
train,mb-mp-e-form-022501,data/cifs/mb-mp-e-form-022501.cif,-0.2348458602500002,0.0
train,mb-mp-e-form-026582,data/cifs/mb-mp-e-form-026582.cif,-0.3065137833333338,0.0
train,mb-mp-e-form-017867,data/cifs/mb-mp-e-form-017867.cif,-0.120696056249999,0.0
train,mb-mp-e-form-041793,data/cifs/mb-mp-e-form-041793.cif,-0.5925204551644438,0.0
train,mb-mp-e-form-054663,data/cifs/mb-mp-e-form-054663.cif,-0.9206610485491078,0.0
train,mb-mp-e-form-131659,data/cifs/mb-mp-e-form-131659.cif,-3.7026396729166655,0.0
train,mb-mp-e-form-049627,data/cifs/mb-mp-e-form-049627.cif,-0.7707085868749992,0.0
train,mb-mp-e-form-040572,data/cifs/mb-mp-e-form-040572.cif,-0.5783591425000001,0.0
train,mb-mp-e-form-038605,data/cifs/mb-mp-e-form-038605.cif,-0.5207472366266668,0.0
train,mb-mp-e-form-059495,data/cifs/mb-mp-e-form-059495.cif,-1.107800070000002,0.0
train,mb-mp-e-form-037016,data/cifs/mb-mp-e-form-037016.cif,-0.5020303832142853,0.0
train,mb-mp-e-form-067060,data/cifs/mb-mp-e-form-067060.cif,-1.4519652917407166,0.0
train,mb-mp-e-form-089150,data/cifs/mb-mp-e-form-089150.cif,-2.1450520515,0.0
train,mb-mp-e-form-027110,data/cifs/mb-mp-e-form-027110.cif,-0.3321982937500003,0.0
train,mb-mp-e-form-067703,data/cifs/mb-mp-e-form-067703.cif,-1.4510154312500003,0.0
train,mb-mp-e-form-008523,data/cifs/mb-mp-e-form-008523.cif,0.1139830900000005,0.0
train,mb-mp-e-form-025552,data/cifs/mb-mp-e-form-025552.cif,-0.2982893959999998,0.0
train,mb-mp-e-form-017385,data/cifs/mb-mp-e-form-017385.cif,-0.126963075267857,0.0
train,mb-mp-e-form-079208,data/cifs/mb-mp-e-form-079208.cif,-1.8398370847475,0.0
train,mb-mp-e-form-062791,data/cifs/mb-mp-e-form-062791.cif,-1.2082263681562495,0.0
train,mb-mp-e-form-061011,data/cifs/mb-mp-e-form-061011.cif,-1.16493769675,0.0
train,mb-mp-e-form-086601,data/cifs/mb-mp-e-form-086601.cif,-2.0436211290088893,0.0
train,mb-mp-e-form-004860,data/cifs/mb-mp-e-form-004860.cif,0.3440112199999996,0.0
train,mb-mp-e-form-093813,data/cifs/mb-mp-e-form-093813.cif,-2.26626886859375,0.0
train,mb-mp-e-form-031584,data/cifs/mb-mp-e-form-031584.cif,-0.400665110624999,0.0
train,mb-mp-e-form-031952,data/cifs/mb-mp-e-form-031952.cif,-0.4200613844692888,0.0
train,mb-mp-e-form-118941,data/cifs/mb-mp-e-form-118941.cif,-2.9132649576256613,0.0
train,mb-mp-e-form-085067,data/cifs/mb-mp-e-form-085067.cif,-2.016319967531562,0.0
train,mb-mp-e-form-115310,data/cifs/mb-mp-e-form-115310.cif,-2.7531901649609365,0.0
train,mb-mp-e-form-058662,data/cifs/mb-mp-e-form-058662.cif,-1.054351375,0.0
train,mb-mp-e-form-100092,data/cifs/mb-mp-e-form-100092.cif,-2.41340453390625,0.0
train,mb-mp-e-form-077804,data/cifs/mb-mp-e-form-077804.cif,-1.7972599590909084,0.0
train,mb-mp-e-form-030599,data/cifs/mb-mp-e-form-030599.cif,-0.3891768524490596,0.0
train,mb-mp-e-form-125994,data/cifs/mb-mp-e-form-125994.cif,-3.197012239809999,0.0
train,mb-mp-e-form-074928,data/cifs/mb-mp-e-form-074928.cif,-1.7396163011875003,0.0
train,mb-mp-e-form-111798,data/cifs/mb-mp-e-form-111798.cif,-2.6744312410998323,0.0
train,mb-mp-e-form-061311,data/cifs/mb-mp-e-form-061311.cif,-1.164232902724167,0.0
train,mb-mp-e-form-099166,data/cifs/mb-mp-e-form-099166.cif,-2.3914513283690466,0.0
train,mb-mp-e-form-018807,data/cifs/mb-mp-e-form-018807.cif,-0.1585849377479998,0.0
train,mb-mp-e-form-019255,data/cifs/mb-mp-e-form-019255.cif,-0.1628839545794229,0.0
train,mb-mp-e-form-017992,data/cifs/mb-mp-e-form-017992.cif,-0.1358397612500006,0.0
train,mb-mp-e-form-038368,data/cifs/mb-mp-e-form-038368.cif,-0.5341786250000004,0.0
train,mb-mp-e-form-034415,data/cifs/mb-mp-e-form-034415.cif,-0.4590578403566665,0.0
train,mb-mp-e-form-070833,data/cifs/mb-mp-e-form-070833.cif,-1.5721423690277765,0.0
train,mb-mp-e-form-023041,data/cifs/mb-mp-e-form-023041.cif,-0.2579632399305553,0.0
train,mb-mp-e-form-047793,data/cifs/mb-mp-e-form-047793.cif,-0.7100987526658165,0.0
train,mb-mp-e-form-118007,data/cifs/mb-mp-e-form-118007.cif,-2.852992600054348,0.0
train,mb-mp-e-form-103023,data/cifs/mb-mp-e-form-103023.cif,-2.483931847280406,0.0
train,mb-mp-e-form-033173,data/cifs/mb-mp-e-form-033173.cif,-0.4305948369216322,0.0
train,mb-mp-e-form-012348,data/cifs/mb-mp-e-form-012348.cif,0.0052158443749998,0.0
train,mb-mp-e-form-053969,data/cifs/mb-mp-e-form-053969.cif,-0.9287402549999998,0.0
train,mb-mp-e-form-095314,data/cifs/mb-mp-e-form-095314.cif,-2.297742013486842,0.0
train,mb-mp-e-form-064216,data/cifs/mb-mp-e-form-064216.cif,-1.3212043709152383,0.0
train,mb-mp-e-form-003703,data/cifs/mb-mp-e-form-003703.cif,0.5476793121875012,0.0
train,mb-mp-e-form-045282,data/cifs/mb-mp-e-form-045282.cif,-0.6769280132142868,0.0
train,mb-mp-e-form-010502,data/cifs/mb-mp-e-form-010502.cif,0.04591787875,0.0
train,mb-mp-e-form-001704,data/cifs/mb-mp-e-form-001704.cif,1.12339962875,0.0
train,mb-mp-e-form-011924,data/cifs/mb-mp-e-form-011924.cif,0.0146032626971432,0.0
train,mb-mp-e-form-096542,data/cifs/mb-mp-e-form-096542.cif,-2.3252538459166665,0.0
train,mb-mp-e-form-088663,data/cifs/mb-mp-e-form-088663.cif,-2.11032995009804,0.0
train,mb-mp-e-form-122235,data/cifs/mb-mp-e-form-122235.cif,-2.99859230375,0.0
train,mb-mp-e-form-018518,data/cifs/mb-mp-e-form-018518.cif,-0.1543939980769222,0.0
train,mb-mp-e-form-027465,data/cifs/mb-mp-e-form-027465.cif,-0.3324635747222218,0.0
train,mb-mp-e-form-034058,data/cifs/mb-mp-e-form-034058.cif,-0.4511154166666671,0.0
train,mb-mp-e-form-099313,data/cifs/mb-mp-e-form-099313.cif,-2.385201323667583,0.0
train,mb-mp-e-form-063618,data/cifs/mb-mp-e-form-063618.cif,-1.2788374761569994,0.0
train,mb-mp-e-form-076015,data/cifs/mb-mp-e-form-076015.cif,-1.7701091127499993,0.0
train,mb-mp-e-form-041524,data/cifs/mb-mp-e-form-041524.cif,-0.5851250700000001,0.0
train,mb-mp-e-form-015642,data/cifs/mb-mp-e-form-015642.cif,-0.0576278683333342,0.0
train,mb-mp-e-form-049127,data/cifs/mb-mp-e-form-049127.cif,-0.7582973871875005,0.0
train,mb-mp-e-form-098183,data/cifs/mb-mp-e-form-098183.cif,-2.364361736750308,0.0
train,mb-mp-e-form-042192,data/cifs/mb-mp-e-form-042192.cif,-0.611520793788572,0.0
train,mb-mp-e-form-048060,data/cifs/mb-mp-e-form-048060.cif,-0.7422508185999999,0.0
train,mb-mp-e-form-099892,data/cifs/mb-mp-e-form-099892.cif,-2.40408542545538,0.0
train,mb-mp-e-form-091789,data/cifs/mb-mp-e-form-091789.cif,-2.215365186979166,0.0
train,mb-mp-e-form-115975,data/cifs/mb-mp-e-form-115975.cif,-2.787305845892857,0.0
train,mb-mp-e-form-118854,data/cifs/mb-mp-e-form-118854.cif,-2.89411977625,0.0
train,mb-mp-e-form-123274,data/cifs/mb-mp-e-form-123274.cif,-3.0301585024642863,0.0
train,mb-mp-e-form-122445,data/cifs/mb-mp-e-form-122445.cif,-2.988010671024999,0.0
train,mb-mp-e-form-130219,data/cifs/mb-mp-e-form-130219.cif,-3.546403682751539,0.0
train,mb-mp-e-form-105723,data/cifs/mb-mp-e-form-105723.cif,-2.50968955952381,0.0
train,mb-mp-e-form-056659,data/cifs/mb-mp-e-form-056659.cif,-0.9889977420370386,0.0
train,mb-mp-e-form-047104,data/cifs/mb-mp-e-form-047104.cif,-0.7192923526907335,0.0
train,mb-mp-e-form-131749,data/cifs/mb-mp-e-form-131749.cif,-3.700934917499667,0.0
train,mb-mp-e-form-066230,data/cifs/mb-mp-e-form-066230.cif,-1.394217959321,0.0
train,mb-mp-e-form-097908,data/cifs/mb-mp-e-form-097908.cif,-2.3580247650685706,0.0
train,mb-mp-e-form-054282,data/cifs/mb-mp-e-form-054282.cif,-0.9151827052083332,0.0
train,mb-mp-e-form-003787,data/cifs/mb-mp-e-form-003787.cif,0.4488691913420837,0.0
train,mb-mp-e-form-042348,data/cifs/mb-mp-e-form-042348.cif,-0.6006237926041678,0.0
train,mb-mp-e-form-088759,data/cifs/mb-mp-e-form-088759.cif,-2.114014418571428,0.0
train,mb-mp-e-form-006284,data/cifs/mb-mp-e-form-006284.cif,0.2135188108333328,0.0
train,mb-mp-e-form-014309,data/cifs/mb-mp-e-form-014309.cif,-0.0389442848275865,0.0
train,mb-mp-e-form-077515,data/cifs/mb-mp-e-form-077515.cif,-1.8061417685252628,0.0
train,mb-mp-e-form-102572,data/cifs/mb-mp-e-form-102572.cif,-2.4495087844214294,0.0
train,mb-mp-e-form-061344,data/cifs/mb-mp-e-form-061344.cif,-1.169523469934871,0.0
train,mb-mp-e-form-072017,data/cifs/mb-mp-e-form-072017.cif,-1.6327210697656238,0.0
train,mb-mp-e-form-036171,data/cifs/mb-mp-e-form-036171.cif,-0.4859664161111101,0.0
train,mb-mp-e-form-064445,data/cifs/mb-mp-e-form-064445.cif,-1.3153233853555548,0.0
train,mb-mp-e-form-027372,data/cifs/mb-mp-e-form-027372.cif,-0.3222796563541668,0.0
train,mb-mp-e-form-041057,data/cifs/mb-mp-e-form-041057.cif,-0.5827664512500004,0.0
train,mb-mp-e-form-122304,data/cifs/mb-mp-e-form-122304.cif,-2.986214550416668,0.0
train,mb-mp-e-form-002018,data/cifs/mb-mp-e-form-002018.cif,0.7611584581200006,0.0
train,mb-mp-e-form-089272,data/cifs/mb-mp-e-form-089272.cif,-2.144066867142858,0.0
train,mb-mp-e-form-072134,data/cifs/mb-mp-e-form-072134.cif,-1.6326316060021542,0.0
train,mb-mp-e-form-111654,data/cifs/mb-mp-e-form-111654.cif,-2.6622098356086004,0.0
train,mb-mp-e-form-016741,data/cifs/mb-mp-e-form-016741.cif,-0.0955667331666674,0.0
train,mb-mp-e-form-026038,data/cifs/mb-mp-e-form-026038.cif,-0.3136482292307691,0.0
train,mb-mp-e-form-003300,data/cifs/mb-mp-e-form-003300.cif,0.6056459093749993,0.0
train,mb-mp-e-form-044514,data/cifs/mb-mp-e-form-044514.cif,-0.6485806412499997,0.0
train,mb-mp-e-form-093745,data/cifs/mb-mp-e-form-093745.cif,-2.238216456153847,0.0
train,mb-mp-e-form-125648,data/cifs/mb-mp-e-form-125648.cif,-3.13775709308375,0.0
train,mb-mp-e-form-098808,data/cifs/mb-mp-e-form-098808.cif,-2.3882777667499995,0.0
train,mb-mp-e-form-119012,data/cifs/mb-mp-e-form-119012.cif,-2.882426794500001,0.0
train,mb-mp-e-form-009629,data/cifs/mb-mp-e-form-009629.cif,0.070110960384616,0.0
train,mb-mp-e-form-057786,data/cifs/mb-mp-e-form-057786.cif,-1.0306975305599997,0.0
train,mb-mp-e-form-091157,data/cifs/mb-mp-e-form-091157.cif,-2.178388268365385,0.0
train,mb-mp-e-form-060333,data/cifs/mb-mp-e-form-060333.cif,-1.1251811768087558,0.0
train,mb-mp-e-form-104239,data/cifs/mb-mp-e-form-104239.cif,-2.492865393281249,0.0
train,mb-mp-e-form-101665,data/cifs/mb-mp-e-form-101665.cif,-2.431920806136364,0.0
train,mb-mp-e-form-086556,data/cifs/mb-mp-e-form-086556.cif,-2.0521928592769703,0.0
train,mb-mp-e-form-125490,data/cifs/mb-mp-e-form-125490.cif,-3.172916287178572,0.0
train,mb-mp-e-form-049521,data/cifs/mb-mp-e-form-049521.cif,-0.7662891011309527,0.0
train,mb-mp-e-form-035233,data/cifs/mb-mp-e-form-035233.cif,-0.4708925991176471,0.0
train,mb-mp-e-form-112029,data/cifs/mb-mp-e-form-112029.cif,-2.668643092779999,0.0
train,mb-mp-e-form-038165,data/cifs/mb-mp-e-form-038165.cif,-0.5317080172744433,0.0
train,mb-mp-e-form-012705,data/cifs/mb-mp-e-form-012705.cif,0.0,0.0
train,mb-mp-e-form-092319,data/cifs/mb-mp-e-form-092319.cif,-2.2241643489772724,0.0
train,mb-mp-e-form-098038,data/cifs/mb-mp-e-form-098038.cif,-2.363196139270834,0.0
train,mb-mp-e-form-110226,data/cifs/mb-mp-e-form-110226.cif,-2.639009864588159,0.0
train,mb-mp-e-form-006733,data/cifs/mb-mp-e-form-006733.cif,0.2058502603425003,0.0
train,mb-mp-e-form-057346,data/cifs/mb-mp-e-form-057346.cif,-1.0444971643055547,0.0
train,mb-mp-e-form-108666,data/cifs/mb-mp-e-form-108666.cif,-2.578187419371836,0.0
train,mb-mp-e-form-007294,data/cifs/mb-mp-e-form-007294.cif,0.1447479572727275,0.0
train,mb-mp-e-form-120003,data/cifs/mb-mp-e-form-120003.cif,-2.9235701257500004,0.0
train,mb-mp-e-form-088967,data/cifs/mb-mp-e-form-088967.cif,-2.144204465473571,0.0
train,mb-mp-e-form-048511,data/cifs/mb-mp-e-form-048511.cif,-0.7471877991666661,0.0
train,mb-mp-e-form-084759,data/cifs/mb-mp-e-form-084759.cif,-1.990577763571428,0.0
train,mb-mp-e-form-055725,data/cifs/mb-mp-e-form-055725.cif,-0.9647755352403196,0.0
train,mb-mp-e-form-078764,data/cifs/mb-mp-e-form-078764.cif,-1.8328529505,0.0
train,mb-mp-e-form-117651,data/cifs/mb-mp-e-form-117651.cif,-2.819012778129879,0.0
train,mb-mp-e-form-107345,data/cifs/mb-mp-e-form-107345.cif,-2.55718840275,0.0
train,mb-mp-e-form-065269,data/cifs/mb-mp-e-form-065269.cif,-1.3530997456547629,0.0
train,mb-mp-e-form-129860,data/cifs/mb-mp-e-form-129860.cif,-3.610358372492001,0.0
train,mb-mp-e-form-030068,data/cifs/mb-mp-e-form-030068.cif,-0.38277418375,0.0
train,mb-mp-e-form-042035,data/cifs/mb-mp-e-form-042035.cif,-0.6061065858333331,0.0
train,mb-mp-e-form-050147,data/cifs/mb-mp-e-form-050147.cif,-0.7887417720833341,0.0
train,mb-mp-e-form-081437,data/cifs/mb-mp-e-form-081437.cif,-1.903296113273027,0.0
train,mb-mp-e-form-027807,data/cifs/mb-mp-e-form-027807.cif,-0.3225172712499999,0.0
train,mb-mp-e-form-095330,data/cifs/mb-mp-e-form-095330.cif,-2.280775278912337,0.0
train,mb-mp-e-form-013226,data/cifs/mb-mp-e-form-013226.cif,-0.0156612537500002,0.0
train,mb-mp-e-form-006530,data/cifs/mb-mp-e-form-006530.cif,0.1831149680000001,0.0
train,mb-mp-e-form-046908,data/cifs/mb-mp-e-form-046908.cif,-0.709818935,0.0
train,mb-mp-e-form-119337,data/cifs/mb-mp-e-form-119337.cif,-2.884254507857144,0.0
train,mb-mp-e-form-053586,data/cifs/mb-mp-e-form-053586.cif,-0.8927894620833331,0.0
train,mb-mp-e-form-104926,data/cifs/mb-mp-e-form-104926.cif,-2.5179804485126747,0.0
train,mb-mp-e-form-062442,data/cifs/mb-mp-e-form-062442.cif,-1.2027362348778734,0.0
train,mb-mp-e-form-109667,data/cifs/mb-mp-e-form-109667.cif,-2.6133977847444285,0.0
train,mb-mp-e-form-101329,data/cifs/mb-mp-e-form-101329.cif,-2.4374052753296698,0.0
train,mb-mp-e-form-084433,data/cifs/mb-mp-e-form-084433.cif,-1.9859019112470933,0.0
train,mb-mp-e-form-058148,data/cifs/mb-mp-e-form-058148.cif,-1.066780379340278,0.0
train,mb-mp-e-form-028986,data/cifs/mb-mp-e-form-028986.cif,-0.3619910015625009,0.0
train,mb-mp-e-form-035460,data/cifs/mb-mp-e-form-035460.cif,-0.4714276469999987,0.0
train,mb-mp-e-form-121283,data/cifs/mb-mp-e-form-121283.cif,-2.9599790515909103,0.0
train,mb-mp-e-form-071185,data/cifs/mb-mp-e-form-071185.cif,-1.5852714716249998,0.0
train,mb-mp-e-form-024537,data/cifs/mb-mp-e-form-024537.cif,-0.2800133109999997,0.0
train,mb-mp-e-form-114727,data/cifs/mb-mp-e-form-114727.cif,-2.722842442828353,0.0
train,mb-mp-e-form-044880,data/cifs/mb-mp-e-form-044880.cif,-0.6561275379375004,0.0
train,mb-mp-e-form-115230,data/cifs/mb-mp-e-form-115230.cif,-2.780708478596,0.0
train,mb-mp-e-form-006990,data/cifs/mb-mp-e-form-006990.cif,0.1354428431249998,0.0
train,mb-mp-e-form-091621,data/cifs/mb-mp-e-form-091621.cif,-2.199306739285713,0.0
train,mb-mp-e-form-128762,data/cifs/mb-mp-e-form-128762.cif,-3.442275280750001,0.0
train,mb-mp-e-form-020337,data/cifs/mb-mp-e-form-020337.cif,-0.19741868611111,0.0
train,mb-mp-e-form-016014,data/cifs/mb-mp-e-form-016014.cif,-0.0919756462500001,0.0
train,mb-mp-e-form-085492,data/cifs/mb-mp-e-form-085492.cif,-2.009337900557492,0.0
train,mb-mp-e-form-106460,data/cifs/mb-mp-e-form-106460.cif,-2.536748244613788,0.0
train,mb-mp-e-form-055207,data/cifs/mb-mp-e-form-055207.cif,-0.9626144685170828,0.0
train,mb-mp-e-form-067198,data/cifs/mb-mp-e-form-067198.cif,-1.4301856285000014,0.0
train,mb-mp-e-form-074768,data/cifs/mb-mp-e-form-074768.cif,-1.705272176428572,0.0
train,mb-mp-e-form-103671,data/cifs/mb-mp-e-form-103671.cif,-2.4805169632828985,0.0
train,mb-mp-e-form-046568,data/cifs/mb-mp-e-form-046568.cif,-0.6942701355555548,0.0
train,mb-mp-e-form-079003,data/cifs/mb-mp-e-form-079003.cif,-1.853526902122143,0.0
train,mb-mp-e-form-054969,data/cifs/mb-mp-e-form-054969.cif,-0.95716344819,0.0
train,mb-mp-e-form-104432,data/cifs/mb-mp-e-form-104432.cif,-2.487542366017362,0.0
train,mb-mp-e-form-076785,data/cifs/mb-mp-e-form-076785.cif,-1.7774882577500009,0.0
train,mb-mp-e-form-098598,data/cifs/mb-mp-e-form-098598.cif,-2.372172448434066,0.0
train,mb-mp-e-form-129538,data/cifs/mb-mp-e-form-129538.cif,-3.4548476647833333,0.0
train,mb-mp-e-form-114110,data/cifs/mb-mp-e-form-114110.cif,-2.744856370359131,0.0
train,mb-mp-e-form-112390,data/cifs/mb-mp-e-form-112390.cif,-2.674817771187769,0.0
train,mb-mp-e-form-070177,data/cifs/mb-mp-e-form-070177.cif,-1.560562536517858,0.0
train,mb-mp-e-form-040923,data/cifs/mb-mp-e-form-040923.cif,-0.5945272415625004,0.0
train,mb-mp-e-form-132170,data/cifs/mb-mp-e-form-132170.cif,-4.267855156100833,0.0
train,mb-mp-e-form-121483,data/cifs/mb-mp-e-form-121483.cif,-2.97727905534091,0.0
train,mb-mp-e-form-005005,data/cifs/mb-mp-e-form-005005.cif,0.2402651655818966,0.0
train,mb-mp-e-form-010193,data/cifs/mb-mp-e-form-010193.cif,0.048079085714286,0.0
train,mb-mp-e-form-047250,data/cifs/mb-mp-e-form-047250.cif,-0.7095669381249996,0.0
train,mb-mp-e-form-072119,data/cifs/mb-mp-e-form-072119.cif,-1.624803527042,0.0
train,mb-mp-e-form-021703,data/cifs/mb-mp-e-form-021703.cif,-0.2282975754545454,0.0
train,mb-mp-e-form-000219,data/cifs/mb-mp-e-form-000219.cif,2.31503530125,0.0
train,mb-mp-e-form-050243,data/cifs/mb-mp-e-form-050243.cif,-0.798772365906251,0.0
train,mb-mp-e-form-027657,data/cifs/mb-mp-e-form-027657.cif,-0.3225166895000004,0.0
train,mb-mp-e-form-022558,data/cifs/mb-mp-e-form-022558.cif,-0.2437055749999993,0.0
train,mb-mp-e-form-071973,data/cifs/mb-mp-e-form-071973.cif,-1.64527457078381,0.0
train,mb-mp-e-form-046154,data/cifs/mb-mp-e-form-046154.cif,-0.7023325126190473,0.0
train,mb-mp-e-form-120905,data/cifs/mb-mp-e-form-120905.cif,-2.9636161799218748,0.0
train,mb-mp-e-form-067832,data/cifs/mb-mp-e-form-067832.cif,-1.4443732742857134,0.0
train,mb-mp-e-form-058493,data/cifs/mb-mp-e-form-058493.cif,-1.0678866831800002,0.0
train,mb-mp-e-form-079210,data/cifs/mb-mp-e-form-079210.cif,-1.8456623809974992,0.0
train,mb-mp-e-form-084886,data/cifs/mb-mp-e-form-084886.cif,-2.022740719305555,0.0
train,mb-mp-e-form-008971,data/cifs/mb-mp-e-form-008971.cif,0.0634991247916669,0.0
train,mb-mp-e-form-072410,data/cifs/mb-mp-e-form-072410.cif,-1.62921555175,0.0
train,mb-mp-e-form-088688,data/cifs/mb-mp-e-form-088688.cif,-2.0983348963728568,0.0
train,mb-mp-e-form-030404,data/cifs/mb-mp-e-form-030404.cif,-0.3797610208035724,0.0
train,mb-mp-e-form-097578,data/cifs/mb-mp-e-form-097578.cif,-2.341548821860001,0.0
train,mb-mp-e-form-061559,data/cifs/mb-mp-e-form-061559.cif,-1.1811666684399995,0.0
train,mb-mp-e-form-001158,data/cifs/mb-mp-e-form-001158.cif,1.19587105375,0.0
train,mb-mp-e-form-039502,data/cifs/mb-mp-e-form-039502.cif,-0.5532919065848212,0.0
train,mb-mp-e-form-083829,data/cifs/mb-mp-e-form-083829.cif,-1.9795406351562488,0.0
train,mb-mp-e-form-007617,data/cifs/mb-mp-e-form-007617.cif,0.1289523550000009,0.0
train,mb-mp-e-form-081427,data/cifs/mb-mp-e-form-081427.cif,-1.9070058771656664,0.0
train,mb-mp-e-form-007589,data/cifs/mb-mp-e-form-007589.cif,0.1415945087499999,0.0
train,mb-mp-e-form-062176,data/cifs/mb-mp-e-form-062176.cif,-1.2264004518749996,0.0
train,mb-mp-e-form-109685,data/cifs/mb-mp-e-form-109685.cif,-2.5946869798437504,0.0
train,mb-mp-e-form-075504,data/cifs/mb-mp-e-form-075504.cif,-1.7191451241266666,0.0
train,mb-mp-e-form-087148,data/cifs/mb-mp-e-form-087148.cif,-2.074665906308594,0.0
train,mb-mp-e-form-068529,data/cifs/mb-mp-e-form-068529.cif,-1.4846579556730777,0.0
train,mb-mp-e-form-083028,data/cifs/mb-mp-e-form-083028.cif,-1.969845766879092,0.0
train,mb-mp-e-form-023696,data/cifs/mb-mp-e-form-023696.cif,-0.2548847804022987,0.0
train,mb-mp-e-form-016648,data/cifs/mb-mp-e-form-016648.cif,-0.0953808733750008,0.0
train,mb-mp-e-form-021975,data/cifs/mb-mp-e-form-021975.cif,-0.2308966256681031,0.0
train,mb-mp-e-form-120309,data/cifs/mb-mp-e-form-120309.cif,-2.9337870906342363,0.0
train,mb-mp-e-form-010692,data/cifs/mb-mp-e-form-010692.cif,0.0404808826674107,0.0
train,mb-mp-e-form-097296,data/cifs/mb-mp-e-form-097296.cif,-2.352662941714,0.0
train,mb-mp-e-form-050124,data/cifs/mb-mp-e-form-050124.cif,-0.7975732500000001,0.0
train,mb-mp-e-form-035151,data/cifs/mb-mp-e-form-035151.cif,-0.4777666499999995,0.0
train,mb-mp-e-form-130657,data/cifs/mb-mp-e-form-130657.cif,-3.526746108014998,0.0
train,mb-mp-e-form-026275,data/cifs/mb-mp-e-form-026275.cif,-0.3090683599999999,0.0
train,mb-mp-e-form-091610,data/cifs/mb-mp-e-form-091610.cif,-2.1825458161263738,0.0
train,mb-mp-e-form-003510,data/cifs/mb-mp-e-form-003510.cif,0.5189508563437499,0.0
train,mb-mp-e-form-105957,data/cifs/mb-mp-e-form-105957.cif,-2.5453563769375007,0.0
train,mb-mp-e-form-130166,data/cifs/mb-mp-e-form-130166.cif,-3.523654562246666,0.0
train,mb-mp-e-form-064407,data/cifs/mb-mp-e-form-064407.cif,-1.314585092142856,0.0
train,mb-mp-e-form-031858,data/cifs/mb-mp-e-form-031858.cif,-0.4000307317241383,0.0
train,mb-mp-e-form-038176,data/cifs/mb-mp-e-form-038176.cif,-0.5190568052777778,0.0
train,mb-mp-e-form-034055,data/cifs/mb-mp-e-form-034055.cif,-0.4621458524999994,0.0
train,mb-mp-e-form-006268,data/cifs/mb-mp-e-form-006268.cif,0.2137830412499995,0.0
train,mb-mp-e-form-104791,data/cifs/mb-mp-e-form-104791.cif,-2.50861878,0.0
train,mb-mp-e-form-080113,data/cifs/mb-mp-e-form-080113.cif,-1.86651852131,0.0
train,mb-mp-e-form-116286,data/cifs/mb-mp-e-form-116286.cif,-2.804626032178572,0.0
train,mb-mp-e-form-092015,data/cifs/mb-mp-e-form-092015.cif,-2.223253725625,0.0
train,mb-mp-e-form-007140,data/cifs/mb-mp-e-form-007140.cif,0.150249284375,0.0
train,mb-mp-e-form-102384,data/cifs/mb-mp-e-form-102384.cif,-2.4457169701470587,0.0
train,mb-mp-e-form-093244,data/cifs/mb-mp-e-form-093244.cif,-2.2363896502500005,0.0
train,mb-mp-e-form-028640,data/cifs/mb-mp-e-form-028640.cif,-0.3464699494642858,0.0
train,mb-mp-e-form-101899,data/cifs/mb-mp-e-form-101899.cif,-2.4525193303377777,0.0
train,mb-mp-e-form-080413,data/cifs/mb-mp-e-form-080413.cif,-1.873221352232143,0.0
train,mb-mp-e-form-005501,data/cifs/mb-mp-e-form-005501.cif,0.2672544894642858,0.0
train,mb-mp-e-form-111083,data/cifs/mb-mp-e-form-111083.cif,-2.6525261718164828,0.0
train,mb-mp-e-form-010631,data/cifs/mb-mp-e-form-010631.cif,0.0590746317307684,0.0
train,mb-mp-e-form-011256,data/cifs/mb-mp-e-form-011256.cif,0.0282789134375003,0.0
train,mb-mp-e-form-106554,data/cifs/mb-mp-e-form-106554.cif,-2.5465933266111107,0.0
train,mb-mp-e-form-109602,data/cifs/mb-mp-e-form-109602.cif,-2.611657183293333,0.0
train,mb-mp-e-form-078467,data/cifs/mb-mp-e-form-078467.cif,-1.83386648972,0.0
train,mb-mp-e-form-009716,data/cifs/mb-mp-e-form-009716.cif,0.0820259312222222,0.0
train,mb-mp-e-form-045386,data/cifs/mb-mp-e-form-045386.cif,-0.6710352850000003,0.0
train,mb-mp-e-form-057455,data/cifs/mb-mp-e-form-057455.cif,-1.034564620555556,0.0
train,mb-mp-e-form-016590,data/cifs/mb-mp-e-form-016590.cif,-0.094960320833333,0.0
train,mb-mp-e-form-080819,data/cifs/mb-mp-e-form-080819.cif,-1.90714980275,0.0
train,mb-mp-e-form-118346,data/cifs/mb-mp-e-form-118346.cif,-2.865423069314,0.0
train,mb-mp-e-form-035208,data/cifs/mb-mp-e-form-035208.cif,-0.4732641664705877,0.0
train,mb-mp-e-form-033394,data/cifs/mb-mp-e-form-033394.cif,-0.4282492683333328,0.0
train,mb-mp-e-form-013709,data/cifs/mb-mp-e-form-013709.cif,-0.0260796574999998,0.0
train,mb-mp-e-form-027749,data/cifs/mb-mp-e-form-027749.cif,-0.3370843568750006,0.0
train,mb-mp-e-form-082231,data/cifs/mb-mp-e-form-082231.cif,-1.9108356330494207,0.0
train,mb-mp-e-form-017998,data/cifs/mb-mp-e-form-017998.cif,-0.1399333025000002,0.0
train,mb-mp-e-form-080097,data/cifs/mb-mp-e-form-080097.cif,-1.8598792516224991,0.0
train,mb-mp-e-form-087509,data/cifs/mb-mp-e-form-087509.cif,-2.070676084682222,0.0
train,mb-mp-e-form-087345,data/cifs/mb-mp-e-form-087345.cif,-2.060949427873775,0.0
train,mb-mp-e-form-052808,data/cifs/mb-mp-e-form-052808.cif,-0.8455589849999994,0.0
train,mb-mp-e-form-036493,data/cifs/mb-mp-e-form-036493.cif,-0.4872558442187504,0.0
train,mb-mp-e-form-117653,data/cifs/mb-mp-e-form-117653.cif,-2.84561089246,0.0
train,mb-mp-e-form-132430,data/cifs/mb-mp-e-form-132430.cif,-4.147419801160715,0.0
train,mb-mp-e-form-058406,data/cifs/mb-mp-e-form-058406.cif,-1.0628317840229888,0.0
train,mb-mp-e-form-060106,data/cifs/mb-mp-e-form-060106.cif,-1.1326693812500008,0.0
train,mb-mp-e-form-129822,data/cifs/mb-mp-e-form-129822.cif,-3.516989429348483,0.0
train,mb-mp-e-form-076414,data/cifs/mb-mp-e-form-076414.cif,-1.7707956162276786,0.0
train,mb-mp-e-form-079948,data/cifs/mb-mp-e-form-079948.cif,-1.8803009760507128,0.0
train,mb-mp-e-form-126407,data/cifs/mb-mp-e-form-126407.cif,-3.2285335172222225,0.0
train,mb-mp-e-form-123610,data/cifs/mb-mp-e-form-123610.cif,-3.028882114938776,0.0
train,mb-mp-e-form-115466,data/cifs/mb-mp-e-form-115466.cif,-2.778367856666667,0.0
train,mb-mp-e-form-012071,data/cifs/mb-mp-e-form-012071.cif,-0.0017658174999999,0.0
train,mb-mp-e-form-090493,data/cifs/mb-mp-e-form-090493.cif,-2.163723165595,0.0
train,mb-mp-e-form-000326,data/cifs/mb-mp-e-form-000326.cif,1.746628135,0.0
train,mb-mp-e-form-100629,data/cifs/mb-mp-e-form-100629.cif,-2.419940985298254,0.0
train,mb-mp-e-form-070792,data/cifs/mb-mp-e-form-070792.cif,-1.549497794710769,0.0
train,mb-mp-e-form-091970,data/cifs/mb-mp-e-form-091970.cif,-2.2238959115205943,0.0
train,mb-mp-e-form-030442,data/cifs/mb-mp-e-form-030442.cif,-0.3881186442857141,0.0
train,mb-mp-e-form-095361,data/cifs/mb-mp-e-form-095361.cif,-2.2962323292500004,0.0
train,mb-mp-e-form-121585,data/cifs/mb-mp-e-form-121585.cif,-2.970960236226,0.0
train,mb-mp-e-form-122543,data/cifs/mb-mp-e-form-122543.cif,-3.001038618444941,0.0
train,mb-mp-e-form-119524,data/cifs/mb-mp-e-form-119524.cif,-2.8870569956541354,0.0
train,mb-mp-e-form-127098,data/cifs/mb-mp-e-form-127098.cif,-3.2862739885000005,0.0
train,mb-mp-e-form-081783,data/cifs/mb-mp-e-form-081783.cif,-1.8927420399358987,0.0
train,mb-mp-e-form-055795,data/cifs/mb-mp-e-form-055795.cif,-0.9326160667019998,0.0
train,mb-mp-e-form-034294,data/cifs/mb-mp-e-form-034294.cif,-0.4607271827272728,0.0
train,mb-mp-e-form-090368,data/cifs/mb-mp-e-form-090368.cif,-2.159819344438889,0.0
train,mb-mp-e-form-042143,data/cifs/mb-mp-e-form-042143.cif,-0.6128332627777778,0.0
train,mb-mp-e-form-025002,data/cifs/mb-mp-e-form-025002.cif,-0.2942209733333338,0.0
train,mb-mp-e-form-117643,data/cifs/mb-mp-e-form-117643.cif,-2.8217328742140007,0.0
train,mb-mp-e-form-057157,data/cifs/mb-mp-e-form-057157.cif,-1.0175927212968756,0.0
train,mb-mp-e-form-029625,data/cifs/mb-mp-e-form-029625.cif,-0.3681327084090917,0.0
train,mb-mp-e-form-055298,data/cifs/mb-mp-e-form-055298.cif,-0.9482671393303584,0.0
train,mb-mp-e-form-082696,data/cifs/mb-mp-e-form-082696.cif,-1.9411699970977248,0.0
train,mb-mp-e-form-078185,data/cifs/mb-mp-e-form-078185.cif,-1.829851670685,0.0
train,mb-mp-e-form-072225,data/cifs/mb-mp-e-form-072225.cif,-1.626305770377502,0.0
train,mb-mp-e-form-091344,data/cifs/mb-mp-e-form-091344.cif,-2.1738385123858928,0.0
train,mb-mp-e-form-055337,data/cifs/mb-mp-e-form-055337.cif,-0.954436735028,0.0
train,mb-mp-e-form-115782,data/cifs/mb-mp-e-form-115782.cif,-2.810817904375,0.0
train,mb-mp-e-form-031561,data/cifs/mb-mp-e-form-031561.cif,-0.4056125650000002,0.0
train,mb-mp-e-form-081176,data/cifs/mb-mp-e-form-081176.cif,-1.908303986843,0.0
train,mb-mp-e-form-018712,data/cifs/mb-mp-e-form-018712.cif,-0.1565705899999995,0.0
train,mb-mp-e-form-013871,data/cifs/mb-mp-e-form-013871.cif,-0.0082333102586208,0.0
train,mb-mp-e-form-109264,data/cifs/mb-mp-e-form-109264.cif,-2.611757783410407,0.0
train,mb-mp-e-form-072330,data/cifs/mb-mp-e-form-072330.cif,-1.627690740854333,0.0
train,mb-mp-e-form-076332,data/cifs/mb-mp-e-form-076332.cif,-1.749155960475833,0.0
train,mb-mp-e-form-041983,data/cifs/mb-mp-e-form-041983.cif,-0.6020316241666664,0.0
train,mb-mp-e-form-030082,data/cifs/mb-mp-e-form-030082.cif,-0.3839535887500007,0.0
train,mb-mp-e-form-050790,data/cifs/mb-mp-e-form-050790.cif,-0.7976696312019989,0.0
train,mb-mp-e-form-032519,data/cifs/mb-mp-e-form-032519.cif,-0.422293907231527,0.0
train,mb-mp-e-form-027083,data/cifs/mb-mp-e-form-027083.cif,-0.3330297787499998,0.0
train,mb-mp-e-form-087034,data/cifs/mb-mp-e-form-087034.cif,-2.0833468105184854,0.0
train,mb-mp-e-form-027744,data/cifs/mb-mp-e-form-027744.cif,-0.3241135250000004,0.0
train,mb-mp-e-form-011025,data/cifs/mb-mp-e-form-011025.cif,0.0272403802083336,0.0
train,mb-mp-e-form-075143,data/cifs/mb-mp-e-form-075143.cif,-1.7352928684999995,0.0
train,mb-mp-e-form-063719,data/cifs/mb-mp-e-form-063719.cif,-1.2801187436433792,0.0
train,mb-mp-e-form-096452,data/cifs/mb-mp-e-form-096452.cif,-2.326923253571429,0.0
train,mb-mp-e-form-083569,data/cifs/mb-mp-e-form-083569.cif,-1.955505133375,0.0
train,mb-mp-e-form-101319,data/cifs/mb-mp-e-form-101319.cif,-2.4319519274378885,0.0
train,mb-mp-e-form-054820,data/cifs/mb-mp-e-form-054820.cif,-0.9025086187499998,0.0
train,mb-mp-e-form-004016,data/cifs/mb-mp-e-form-004016.cif,0.4284068825000003,0.0
train,mb-mp-e-form-090977,data/cifs/mb-mp-e-form-090977.cif,-2.179938103799019,0.0
train,mb-mp-e-form-085549,data/cifs/mb-mp-e-form-085549.cif,-2.030106899024,0.0
train,mb-mp-e-form-095290,data/cifs/mb-mp-e-form-095290.cif,-2.2829211000535707,0.0
train,mb-mp-e-form-052141,data/cifs/mb-mp-e-form-052141.cif,-0.8541968001960782,0.0
train,mb-mp-e-form-023624,data/cifs/mb-mp-e-form-023624.cif,-0.2543938537499999,0.0
train,mb-mp-e-form-017050,data/cifs/mb-mp-e-form-017050.cif,-0.1254516782860608,0.0
train,mb-mp-e-form-124110,data/cifs/mb-mp-e-form-124110.cif,-3.074839987916667,0.0
train,mb-mp-e-form-073642,data/cifs/mb-mp-e-form-073642.cif,-1.647241118552632,0.0
train,mb-mp-e-form-057808,data/cifs/mb-mp-e-form-057808.cif,-1.009732504375,0.0
train,mb-mp-e-form-035525,data/cifs/mb-mp-e-form-035525.cif,-0.4628550134999997,0.0
train,mb-mp-e-form-071625,data/cifs/mb-mp-e-form-071625.cif,-1.5876182987500005,0.0
train,mb-mp-e-form-015803,data/cifs/mb-mp-e-form-015803.cif,-0.0786799329166658,0.0
train,mb-mp-e-form-048776,data/cifs/mb-mp-e-form-048776.cif,-0.7484688770312514,0.0
train,mb-mp-e-form-103489,data/cifs/mb-mp-e-form-103489.cif,-2.471258877968749,0.0
train,mb-mp-e-form-010305,data/cifs/mb-mp-e-form-010305.cif,0.0562468556057145,0.0
train,mb-mp-e-form-031683,data/cifs/mb-mp-e-form-031683.cif,-0.3956406279999996,0.0
train,mb-mp-e-form-039429,data/cifs/mb-mp-e-form-039429.cif,-0.5530446299999994,0.0
train,mb-mp-e-form-005757,data/cifs/mb-mp-e-form-005757.cif,0.2805176868749996,0.0
train,mb-mp-e-form-112842,data/cifs/mb-mp-e-form-112842.cif,-2.7063439807525507,0.0
train,mb-mp-e-form-101169,data/cifs/mb-mp-e-form-101169.cif,-2.4282499553035715,0.0
train,mb-mp-e-form-003309,data/cifs/mb-mp-e-form-003309.cif,0.4761547375000008,0.0
train,mb-mp-e-form-066540,data/cifs/mb-mp-e-form-066540.cif,-1.3814086112292467,0.0
train,mb-mp-e-form-098928,data/cifs/mb-mp-e-form-098928.cif,-2.390657412463768,0.0
train,mb-mp-e-form-006115,data/cifs/mb-mp-e-form-006115.cif,0.1735283786160715,0.0
train,mb-mp-e-form-011899,data/cifs/mb-mp-e-form-011899.cif,0.0241605375000002,0.0
train,mb-mp-e-form-071363,data/cifs/mb-mp-e-form-071363.cif,-1.5738005006345717,0.0
train,mb-mp-e-form-089064,data/cifs/mb-mp-e-form-089064.cif,-2.1326848214375005,0.0
train,mb-mp-e-form-096174,data/cifs/mb-mp-e-form-096174.cif,-2.3241953609166672,0.0
train,mb-mp-e-form-056863,data/cifs/mb-mp-e-form-056863.cif,-0.9715433244230766,0.0
train,mb-mp-e-form-087154,data/cifs/mb-mp-e-form-087154.cif,-2.084920108550586,0.0
train,mb-mp-e-form-077134,data/cifs/mb-mp-e-form-077134.cif,-1.809515831845624,0.0
train,mb-mp-e-form-072463,data/cifs/mb-mp-e-form-072463.cif,-1.6139843324628558,0.0
train,mb-mp-e-form-131428,data/cifs/mb-mp-e-form-131428.cif,-3.688678277559167,0.0
train,mb-mp-e-form-042793,data/cifs/mb-mp-e-form-042793.cif,-0.6168459465277785,0.0
train,mb-mp-e-form-101374,data/cifs/mb-mp-e-form-101374.cif,-2.431642612977576,0.0
train,mb-mp-e-form-051815,data/cifs/mb-mp-e-form-051815.cif,-0.8111842737500004,0.0
train,mb-mp-e-form-026819,data/cifs/mb-mp-e-form-026819.cif,-0.3075533112500004,0.0
train,mb-mp-e-form-026728,data/cifs/mb-mp-e-form-026728.cif,-0.3069477880555554,0.0
train,mb-mp-e-form-092528,data/cifs/mb-mp-e-form-092528.cif,-2.21781527556,0.0
train,mb-mp-e-form-118323,data/cifs/mb-mp-e-form-118323.cif,-2.850214639035715,0.0
train,mb-mp-e-form-123315,data/cifs/mb-mp-e-form-123315.cif,-3.0481894874942856,0.0
train,mb-mp-e-form-084374,data/cifs/mb-mp-e-form-084374.cif,-1.9729224508925007,0.0
train,mb-mp-e-form-052058,data/cifs/mb-mp-e-form-052058.cif,-0.8521390884293822,0.0
train,mb-mp-e-form-086274,data/cifs/mb-mp-e-form-086274.cif,-2.045328508636364,0.0
train,mb-mp-e-form-007143,data/cifs/mb-mp-e-form-007143.cif,0.1476381735937502,0.0
train,mb-mp-e-form-066644,data/cifs/mb-mp-e-form-066644.cif,-1.408200260656333,0.0
train,mb-mp-e-form-064964,data/cifs/mb-mp-e-form-064964.cif,-1.3592732385999995,0.0
train,mb-mp-e-form-036670,data/cifs/mb-mp-e-form-036670.cif,-0.4943488711488968,0.0
train,mb-mp-e-form-010753,data/cifs/mb-mp-e-form-010753.cif,0.0471560599999996,0.0
train,mb-mp-e-form-012116,data/cifs/mb-mp-e-form-012116.cif,0.0068227275000003,0.0
train,mb-mp-e-form-021733,data/cifs/mb-mp-e-form-021733.cif,-0.2092911074249166,0.0
train,mb-mp-e-form-085059,data/cifs/mb-mp-e-form-085059.cif,-2.015284112851563,0.0
train,mb-mp-e-form-034904,data/cifs/mb-mp-e-form-034904.cif,-0.4632680374999998,0.0
train,mb-mp-e-form-009859,data/cifs/mb-mp-e-form-009859.cif,0.06556938,0.0
train,mb-mp-e-form-056559,data/cifs/mb-mp-e-form-056559.cif,-0.9912444391666668,0.0
train,mb-mp-e-form-044460,data/cifs/mb-mp-e-form-044460.cif,-0.6590930489285708,0.0
train,mb-mp-e-form-034116,data/cifs/mb-mp-e-form-034116.cif,-0.4587751093750007,0.0
train,mb-mp-e-form-115552,data/cifs/mb-mp-e-form-115552.cif,-2.7565870430286363,0.0
train,mb-mp-e-form-084166,data/cifs/mb-mp-e-form-084166.cif,-1.9846718690379823,0.0
train,mb-mp-e-form-089637,data/cifs/mb-mp-e-form-089637.cif,-2.1410343641186658,0.0
train,mb-mp-e-form-070977,data/cifs/mb-mp-e-form-070977.cif,-1.592825511428572,0.0
train,mb-mp-e-form-011957,data/cifs/mb-mp-e-form-011957.cif,0.002644014,0.0
train,mb-mp-e-form-109371,data/cifs/mb-mp-e-form-109371.cif,-2.612788367119566,0.0
train,mb-mp-e-form-074218,data/cifs/mb-mp-e-form-074218.cif,-1.7047144430002945,0.0
train,mb-mp-e-form-012695,data/cifs/mb-mp-e-form-012695.cif,0.0032367382795697,0.0
train,mb-mp-e-form-058644,data/cifs/mb-mp-e-form-058644.cif,-1.0642673049999998,0.0
train,mb-mp-e-form-016074,data/cifs/mb-mp-e-form-016074.cif,-0.1036008186607144,0.0
train,mb-mp-e-form-071345,data/cifs/mb-mp-e-form-071345.cif,-1.59977344275,0.0
train,mb-mp-e-form-123628,data/cifs/mb-mp-e-form-123628.cif,-3.052645642809334,0.0
train,mb-mp-e-form-069593,data/cifs/mb-mp-e-form-069593.cif,-1.5014128820191073,0.0
train,mb-mp-e-form-121025,data/cifs/mb-mp-e-form-121025.cif,-2.9572068511796115,0.0
train,mb-mp-e-form-077268,data/cifs/mb-mp-e-form-077268.cif,-1.810187984910714,0.0
train,mb-mp-e-form-128157,data/cifs/mb-mp-e-form-128157.cif,-3.330580269944446,0.0
train,mb-mp-e-form-053772,data/cifs/mb-mp-e-form-053772.cif,-0.8977455203733328,0.0
train,mb-mp-e-form-061806,data/cifs/mb-mp-e-form-061806.cif,-1.1645585011111104,0.0
train,mb-mp-e-form-038735,data/cifs/mb-mp-e-form-038735.cif,-0.5313305902777772,0.0
train,mb-mp-e-form-104783,data/cifs/mb-mp-e-form-104783.cif,-2.5272827228125,0.0
train,mb-mp-e-form-047616,data/cifs/mb-mp-e-form-047616.cif,-0.7065919467968751,0.0
train,mb-mp-e-form-112009,data/cifs/mb-mp-e-form-112009.cif,-2.68846403275,0.0
train,mb-mp-e-form-125969,data/cifs/mb-mp-e-form-125969.cif,-3.2093425903656474,0.0
train,mb-mp-e-form-030151,data/cifs/mb-mp-e-form-030151.cif,-0.3869918216666667,0.0
train,mb-mp-e-form-038385,data/cifs/mb-mp-e-form-038385.cif,-0.5305860472656252,0.0
train,mb-mp-e-form-101953,data/cifs/mb-mp-e-form-101953.cif,-2.460827800104168,0.0
train,mb-mp-e-form-119673,data/cifs/mb-mp-e-form-119673.cif,-2.9022787034533324,0.0
train,mb-mp-e-form-109533,data/cifs/mb-mp-e-form-109533.cif,-2.60364858909864,0.0
train,mb-mp-e-form-096978,data/cifs/mb-mp-e-form-096978.cif,-2.3518179287486314,0.0
train,mb-mp-e-form-097432,data/cifs/mb-mp-e-form-097432.cif,-2.357390807687787,0.0
train,mb-mp-e-form-013383,data/cifs/mb-mp-e-form-013383.cif,-0.0190887738888892,0.0
train,mb-mp-e-form-070461,data/cifs/mb-mp-e-form-070461.cif,-1.53643764675,0.0
train,mb-mp-e-form-061273,data/cifs/mb-mp-e-form-061273.cif,-1.1627336514814814,0.0
train,mb-mp-e-form-084429,data/cifs/mb-mp-e-form-084429.cif,-1.9800753395238104,0.0
train,mb-mp-e-form-016236,data/cifs/mb-mp-e-form-016236.cif,-0.0844599731999991,0.0
train,mb-mp-e-form-125711,data/cifs/mb-mp-e-form-125711.cif,-3.1548313592857133,0.0
train,mb-mp-e-form-101058,data/cifs/mb-mp-e-form-101058.cif,-2.439817006570513,0.0
train,mb-mp-e-form-103224,data/cifs/mb-mp-e-form-103224.cif,-2.469281785625,0.0
train,mb-mp-e-form-018176,data/cifs/mb-mp-e-form-018176.cif,-0.1546283827248152,0.0
train,mb-mp-e-form-095841,data/cifs/mb-mp-e-form-095841.cif,-2.309782666313125,0.0
train,mb-mp-e-form-029563,data/cifs/mb-mp-e-form-029563.cif,-0.3697742910476194,0.0
train,mb-mp-e-form-099527,data/cifs/mb-mp-e-form-099527.cif,-2.401542145916667,0.0
train,mb-mp-e-form-078966,data/cifs/mb-mp-e-form-078966.cif,-1.841149291050714,0.0
train,mb-mp-e-form-021885,data/cifs/mb-mp-e-form-021885.cif,-0.2134080334374992,0.0
train,mb-mp-e-form-096577,data/cifs/mb-mp-e-form-096577.cif,-2.3125952679999995,0.0
train,mb-mp-e-form-095874,data/cifs/mb-mp-e-form-095874.cif,-2.311412043782965,0.0
train,mb-mp-e-form-029481,data/cifs/mb-mp-e-form-029481.cif,-0.3681565950000006,0.0
train,mb-mp-e-form-094991,data/cifs/mb-mp-e-form-094991.cif,-2.308592090468751,0.0
train,mb-mp-e-form-094209,data/cifs/mb-mp-e-form-094209.cif,-2.271522159708334,0.0
train,mb-mp-e-form-074995,data/cifs/mb-mp-e-form-074995.cif,-1.7139626720535708,0.0
train,mb-mp-e-form-078951,data/cifs/mb-mp-e-form-078951.cif,-1.8540364596221424,0.0
train,mb-mp-e-form-010355,data/cifs/mb-mp-e-form-010355.cif,0.0362069287499999,0.0
train,mb-mp-e-form-027129,data/cifs/mb-mp-e-form-027129.cif,-0.3326087170833336,0.0
train,mb-mp-e-form-132498,data/cifs/mb-mp-e-form-132498.cif,-3.8303868753645816,0.0
train,mb-mp-e-form-015553,data/cifs/mb-mp-e-form-015553.cif,-0.0561862820833322,0.0
train,mb-mp-e-form-131750,data/cifs/mb-mp-e-form-131750.cif,-3.6419187887071423,0.0
train,mb-mp-e-form-061753,data/cifs/mb-mp-e-form-061753.cif,-1.1765028757499998,0.0
train,mb-mp-e-form-041001,data/cifs/mb-mp-e-form-041001.cif,-0.5868617897200004,0.0
train,mb-mp-e-form-038577,data/cifs/mb-mp-e-form-038577.cif,-0.5362730124999997,0.0
train,mb-mp-e-form-011314,data/cifs/mb-mp-e-form-011314.cif,0.0156629283333333,0.0
train,mb-mp-e-form-061306,data/cifs/mb-mp-e-form-061306.cif,-1.1967380508288956,0.0
train,mb-mp-e-form-012247,data/cifs/mb-mp-e-form-012247.cif,0.0081943425000003,0.0
train,mb-mp-e-form-026628,data/cifs/mb-mp-e-form-026628.cif,-0.3123226996031742,0.0
train,mb-mp-e-form-062351,data/cifs/mb-mp-e-form-062351.cif,-1.2199664299375002,0.0
train,mb-mp-e-form-093026,data/cifs/mb-mp-e-form-093026.cif,-2.231463008020833,0.0
train,mb-mp-e-form-089378,data/cifs/mb-mp-e-form-089378.cif,-2.1399042498898466,0.0
train,mb-mp-e-form-094163,data/cifs/mb-mp-e-form-094163.cif,-2.254930012775975,0.0
train,mb-mp-e-form-091948,data/cifs/mb-mp-e-form-091948.cif,-2.222757494125001,0.0
train,mb-mp-e-form-121269,data/cifs/mb-mp-e-form-121269.cif,-2.9800921328571426,0.0
train,mb-mp-e-form-123645,data/cifs/mb-mp-e-form-123645.cif,-3.068397364965715,0.0
train,mb-mp-e-form-004540,data/cifs/mb-mp-e-form-004540.cif,0.4169796835069448,0.0
train,mb-mp-e-form-125177,data/cifs/mb-mp-e-form-125177.cif,-3.123541216608667,0.0
train,mb-mp-e-form-085389,data/cifs/mb-mp-e-form-085389.cif,-2.028022781759,0.0
train,mb-mp-e-form-106012,data/cifs/mb-mp-e-form-106012.cif,-2.544090775750001,0.0
train,mb-mp-e-form-034918,data/cifs/mb-mp-e-form-034918.cif,-0.4770591639583325,0.0
train,mb-mp-e-form-058963,data/cifs/mb-mp-e-form-058963.cif,-1.1032851565624997,0.0
train,mb-mp-e-form-094891,data/cifs/mb-mp-e-form-094891.cif,-2.29933007419738,0.0
train,mb-mp-e-form-054035,data/cifs/mb-mp-e-form-054035.cif,-0.9100611874999996,0.0
train,mb-mp-e-form-010480,data/cifs/mb-mp-e-form-010480.cif,0.0434227541015626,0.0
train,mb-mp-e-form-117196,data/cifs/mb-mp-e-form-117196.cif,-2.824962958181818,0.0
train,mb-mp-e-form-075536,data/cifs/mb-mp-e-form-075536.cif,-1.7458615847077776,0.0
train,mb-mp-e-form-032362,data/cifs/mb-mp-e-form-032362.cif,-0.4190050490909091,0.0
train,mb-mp-e-form-058968,data/cifs/mb-mp-e-form-058968.cif,-1.0849749757291665,0.0
train,mb-mp-e-form-120959,data/cifs/mb-mp-e-form-120959.cif,-2.952971749945055,0.0
train,mb-mp-e-form-063302,data/cifs/mb-mp-e-form-063302.cif,-1.257265888162857,0.0
train,mb-mp-e-form-099901,data/cifs/mb-mp-e-form-099901.cif,-2.4133652186796875,0.0
train,mb-mp-e-form-027010,data/cifs/mb-mp-e-form-027010.cif,-0.3344447107692299,0.0
train,mb-mp-e-form-023589,data/cifs/mb-mp-e-form-023589.cif,-0.2585195817012498,0.0
train,mb-mp-e-form-044792,data/cifs/mb-mp-e-form-044792.cif,-0.6404012408333344,0.0
train,mb-mp-e-form-053741,data/cifs/mb-mp-e-form-053741.cif,-0.8797797583264426,0.0
train,mb-mp-e-form-056138,data/cifs/mb-mp-e-form-056138.cif,-0.9963605665768,0.0
train,mb-mp-e-form-009256,data/cifs/mb-mp-e-form-009256.cif,0.077882017727273,0.0
train,mb-mp-e-form-015521,data/cifs/mb-mp-e-form-015521.cif,-0.0674942520000001,0.0
train,mb-mp-e-form-131931,data/cifs/mb-mp-e-form-131931.cif,-4.32889510787,0.0
train,mb-mp-e-form-061663,data/cifs/mb-mp-e-form-061663.cif,-1.1754197555468746,0.0
train,mb-mp-e-form-110044,data/cifs/mb-mp-e-form-110044.cif,-2.621084662440477,0.0
train,mb-mp-e-form-058147,data/cifs/mb-mp-e-form-058147.cif,-1.0480700413660713,0.0
train,mb-mp-e-form-013708,data/cifs/mb-mp-e-form-013708.cif,-0.0234534080952371,0.0
train,mb-mp-e-form-001246,data/cifs/mb-mp-e-form-001246.cif,1.4052990899999993,0.0
train,mb-mp-e-form-104552,data/cifs/mb-mp-e-form-104552.cif,-2.494062850306123,0.0
train,mb-mp-e-form-081180,data/cifs/mb-mp-e-form-081180.cif,-1.883086211329828,0.0
train,mb-mp-e-form-062376,data/cifs/mb-mp-e-form-062376.cif,-1.222842676666667,0.0
train,mb-mp-e-form-042725,data/cifs/mb-mp-e-form-042725.cif,-0.6015921952437497,0.0
train,mb-mp-e-form-078513,data/cifs/mb-mp-e-form-078513.cif,-1.8176466546434165,0.0
train,mb-mp-e-form-015881,data/cifs/mb-mp-e-form-015881.cif,-0.0607967981250001,0.0
train,mb-mp-e-form-110085,data/cifs/mb-mp-e-form-110085.cif,-2.621079872678572,0.0
train,mb-mp-e-form-042506,data/cifs/mb-mp-e-form-042506.cif,-0.6085075941666664,0.0
train,mb-mp-e-form-055537,data/cifs/mb-mp-e-form-055537.cif,-0.9399768343749996,0.0
train,mb-mp-e-form-055832,data/cifs/mb-mp-e-form-055832.cif,-0.942894047463542,0.0
train,mb-mp-e-form-083215,data/cifs/mb-mp-e-form-083215.cif,-1.9590065881250007,0.0
train,mb-mp-e-form-023100,data/cifs/mb-mp-e-form-023100.cif,-0.2607869583333334,0.0
train,mb-mp-e-form-084054,data/cifs/mb-mp-e-form-084054.cif,-1.9917677503154168,0.0
train,mb-mp-e-form-064314,data/cifs/mb-mp-e-form-064314.cif,-1.2992629789880954,0.0
train,mb-mp-e-form-064315,data/cifs/mb-mp-e-form-064315.cif,-1.2937202702309782,0.0
train,mb-mp-e-form-108128,data/cifs/mb-mp-e-form-108128.cif,-2.575675099608666,0.0
train,mb-mp-e-form-078780,data/cifs/mb-mp-e-form-078780.cif,-1.81605125019738,0.0
train,mb-mp-e-form-041644,data/cifs/mb-mp-e-form-041644.cif,-0.5928671967500001,0.0
train,mb-mp-e-form-108184,data/cifs/mb-mp-e-form-108184.cif,-2.581944604945055,0.0
train,mb-mp-e-form-083812,data/cifs/mb-mp-e-form-083812.cif,-1.98330738088393,0.0
train,mb-mp-e-form-057352,data/cifs/mb-mp-e-form-057352.cif,-1.0343850210576924,0.0
train,mb-mp-e-form-038477,data/cifs/mb-mp-e-form-038477.cif,-0.5333039512499997,0.0
train,mb-mp-e-form-054651,data/cifs/mb-mp-e-form-054651.cif,-0.9288833914488634,0.0
train,mb-mp-e-form-021370,data/cifs/mb-mp-e-form-021370.cif,-0.2116387641666672,0.0
train,mb-mp-e-form-039757,data/cifs/mb-mp-e-form-039757.cif,-0.551407021672794,0.0
train,mb-mp-e-form-076070,data/cifs/mb-mp-e-form-076070.cif,-1.7753309780677775,0.0
train,mb-mp-e-form-106321,data/cifs/mb-mp-e-form-106321.cif,-2.535685535415689,0.0
train,mb-mp-e-form-014736,data/cifs/mb-mp-e-form-014736.cif,-0.0426186466666666,0.0
train,mb-mp-e-form-126641,data/cifs/mb-mp-e-form-126641.cif,-3.17651818906955,0.0
train,mb-mp-e-form-005842,data/cifs/mb-mp-e-form-005842.cif,0.2316379700000004,0.0
train,mb-mp-e-form-050010,data/cifs/mb-mp-e-form-050010.cif,-0.7850994160714286,0.0
train,mb-mp-e-form-095126,data/cifs/mb-mp-e-form-095126.cif,-2.2826411035130505,0.0
train,mb-mp-e-form-048552,data/cifs/mb-mp-e-form-048552.cif,-0.7305594116666667,0.0
train,mb-mp-e-form-075700,data/cifs/mb-mp-e-form-075700.cif,-1.7277135679545452,0.0
train,mb-mp-e-form-024363,data/cifs/mb-mp-e-form-024363.cif,-0.2868614663636361,0.0
train,mb-mp-e-form-102617,data/cifs/mb-mp-e-form-102617.cif,-2.462256766801334,0.0
train,mb-mp-e-form-019060,data/cifs/mb-mp-e-form-019060.cif,-0.1606650107500002,0.0
train,mb-mp-e-form-058090,data/cifs/mb-mp-e-form-058090.cif,-1.0667183186340865,0.0
train,mb-mp-e-form-079269,data/cifs/mb-mp-e-form-079269.cif,-1.8526819685,0.0
train,mb-mp-e-form-120982,data/cifs/mb-mp-e-form-120982.cif,-2.9716226134375,0.0
train,mb-mp-e-form-002782,data/cifs/mb-mp-e-form-002782.cif,0.8867542250000007,0.0
train,mb-mp-e-form-036250,data/cifs/mb-mp-e-form-036250.cif,-0.4843068415034404,0.0
train,mb-mp-e-form-035932,data/cifs/mb-mp-e-form-035932.cif,-0.4879868472135413,0.0
train,mb-mp-e-form-066520,data/cifs/mb-mp-e-form-066520.cif,-1.39394976272375,0.0
train,mb-mp-e-form-082951,data/cifs/mb-mp-e-form-082951.cif,-1.9595161620550008,0.0
train,mb-mp-e-form-029539,data/cifs/mb-mp-e-form-029539.cif,-0.3629170257499993,0.0
train,mb-mp-e-form-112227,data/cifs/mb-mp-e-form-112227.cif,-2.676802579846001,0.0
train,mb-mp-e-form-132616,data/cifs/mb-mp-e-form-132616.cif,-3.9080862806875,0.0
train,mb-mp-e-form-034742,data/cifs/mb-mp-e-form-034742.cif,-0.4508862633333335,0.0
train,mb-mp-e-form-026284,data/cifs/mb-mp-e-form-026284.cif,-0.3214907561051213,0.0
train,mb-mp-e-form-071273,data/cifs/mb-mp-e-form-071273.cif,-1.5870638011718752,0.0
train,mb-mp-e-form-058872,data/cifs/mb-mp-e-form-058872.cif,-1.048466928749999,0.0
train,mb-mp-e-form-028563,data/cifs/mb-mp-e-form-028563.cif,-0.3453977126666667,0.0
train,mb-mp-e-form-114508,data/cifs/mb-mp-e-form-114508.cif,-2.7408442796428565,0.0
train,mb-mp-e-form-063967,data/cifs/mb-mp-e-form-063967.cif,-1.3023074004,0.0
train,mb-mp-e-form-047918,data/cifs/mb-mp-e-form-047918.cif,-0.7522429987500008,0.0
train,mb-mp-e-form-099021,data/cifs/mb-mp-e-form-099021.cif,-2.39960158937931,0.0
train,mb-mp-e-form-071632,data/cifs/mb-mp-e-form-071632.cif,-1.6029827124666651,0.0
train,mb-mp-e-form-028926,data/cifs/mb-mp-e-form-028926.cif,-0.3715149474600008,0.0
train,mb-mp-e-form-040387,data/cifs/mb-mp-e-form-040387.cif,-0.568171944913999,0.0
train,mb-mp-e-form-069057,data/cifs/mb-mp-e-form-069057.cif,-1.5198612174999988,0.0
train,mb-mp-e-form-104509,data/cifs/mb-mp-e-form-104509.cif,-2.490422213743809,0.0
train,mb-mp-e-form-086453,data/cifs/mb-mp-e-form-086453.cif,-2.03583662875,0.0
train,mb-mp-e-form-033671,data/cifs/mb-mp-e-form-033671.cif,-0.4275660163333327,0.0
train,mb-mp-e-form-020992,data/cifs/mb-mp-e-form-020992.cif,-0.2182958950000001,0.0
train,mb-mp-e-form-115370,data/cifs/mb-mp-e-form-115370.cif,-2.7848773698481817,0.0
train,mb-mp-e-form-025316,data/cifs/mb-mp-e-form-025316.cif,-0.2914209091666666,0.0
train,mb-mp-e-form-015338,data/cifs/mb-mp-e-form-015338.cif,-0.07850620652439,0.0
train,mb-mp-e-form-089487,data/cifs/mb-mp-e-form-089487.cif,-2.1382863185777774,0.0
train,mb-mp-e-form-017685,data/cifs/mb-mp-e-form-017685.cif,-0.1150396539285709,0.0
train,mb-mp-e-form-049828,data/cifs/mb-mp-e-form-049828.cif,-0.7598005275000004,0.0
train,mb-mp-e-form-111160,data/cifs/mb-mp-e-form-111160.cif,-2.662640620809166,0.0
train,mb-mp-e-form-060271,data/cifs/mb-mp-e-form-060271.cif,-1.133417292271694,0.0
train,mb-mp-e-form-001213,data/cifs/mb-mp-e-form-001213.cif,1.2411735016666667,0.0
train,mb-mp-e-form-065567,data/cifs/mb-mp-e-form-065567.cif,-1.3611008027213547,0.0
train,mb-mp-e-form-072163,data/cifs/mb-mp-e-form-072163.cif,-1.643742474453126,0.0
train,mb-mp-e-form-015963,data/cifs/mb-mp-e-form-015963.cif,-0.0823494967929177,0.0
train,mb-mp-e-form-096592,data/cifs/mb-mp-e-form-096592.cif,-2.32524323911254,0.0
train,mb-mp-e-form-096599,data/cifs/mb-mp-e-form-096599.cif,-2.3146195298956043,0.0
train,mb-mp-e-form-116586,data/cifs/mb-mp-e-form-116586.cif,-2.8155002161743647,0.0
train,mb-mp-e-form-127096,data/cifs/mb-mp-e-form-127096.cif,-3.268218494324732,0.0
train,mb-mp-e-form-116376,data/cifs/mb-mp-e-form-116376.cif,-2.789424217466122,0.0
train,mb-mp-e-form-105490,data/cifs/mb-mp-e-form-105490.cif,-2.5266958264484125,0.0
train,mb-mp-e-form-017059,data/cifs/mb-mp-e-form-017059.cif,-0.1209384242088881,0.0
train,mb-mp-e-form-002613,data/cifs/mb-mp-e-form-002613.cif,0.7220800490000002,0.0
train,mb-mp-e-form-108605,data/cifs/mb-mp-e-form-108605.cif,-2.589905075476191,0.0
train,mb-mp-e-form-040058,data/cifs/mb-mp-e-form-040058.cif,-0.5613581812499993,0.0
train,mb-mp-e-form-085482,data/cifs/mb-mp-e-form-085482.cif,-2.007817651955752,0.0
train,mb-mp-e-form-053013,data/cifs/mb-mp-e-form-053013.cif,-0.8819888100000005,0.0
train,mb-mp-e-form-049888,data/cifs/mb-mp-e-form-049888.cif,-0.782359879375,0.0
train,mb-mp-e-form-066449,data/cifs/mb-mp-e-form-066449.cif,-1.4025927604025004,0.0
train,mb-mp-e-form-082237,data/cifs/mb-mp-e-form-082237.cif,-1.9228429805681808,0.0
train,mb-mp-e-form-052111,data/cifs/mb-mp-e-form-052111.cif,-0.8565421975000005,0.0
train,mb-mp-e-form-009794,data/cifs/mb-mp-e-form-009794.cif,0.0733522864540352,0.0
train,mb-mp-e-form-018191,data/cifs/mb-mp-e-form-018191.cif,-0.1344951630000004,0.0
train,mb-mp-e-form-092074,data/cifs/mb-mp-e-form-092074.cif,-2.209074243605769,0.0
train,mb-mp-e-form-033949,data/cifs/mb-mp-e-form-033949.cif,-0.4562519960788691,0.0
train,mb-mp-e-form-116418,data/cifs/mb-mp-e-form-116418.cif,-2.811891874099999,0.0
train,mb-mp-e-form-013353,data/cifs/mb-mp-e-form-013353.cif,-0.0134603051724136,0.0
train,mb-mp-e-form-085050,data/cifs/mb-mp-e-form-085050.cif,-2.0258229401371435,0.0
train,mb-mp-e-form-056085,data/cifs/mb-mp-e-form-056085.cif,-0.9697064900000008,0.0
train,mb-mp-e-form-032559,data/cifs/mb-mp-e-form-032559.cif,-0.4169151831250002,0.0
train,mb-mp-e-form-019292,data/cifs/mb-mp-e-form-019292.cif,-0.1774145260714288,0.0
train,mb-mp-e-form-050384,data/cifs/mb-mp-e-form-050384.cif,-0.8084437557873378,0.0
train,mb-mp-e-form-047038,data/cifs/mb-mp-e-form-047038.cif,-0.7095309140142854,0.0
train,mb-mp-e-form-010297,data/cifs/mb-mp-e-form-010297.cif,0.0520694825000003,0.0
train,mb-mp-e-form-064023,data/cifs/mb-mp-e-form-064023.cif,-1.332681791077471,0.0
train,mb-mp-e-form-070014,data/cifs/mb-mp-e-form-070014.cif,-1.5585089290475,0.0
train,mb-mp-e-form-009413,data/cifs/mb-mp-e-form-009413.cif,0.07013055875,0.0
train,mb-mp-e-form-094832,data/cifs/mb-mp-e-form-094832.cif,-2.3021324865089285,0.0
train,mb-mp-e-form-037362,data/cifs/mb-mp-e-form-037362.cif,-0.4993539593749991,0.0
train,mb-mp-e-form-002766,data/cifs/mb-mp-e-form-002766.cif,0.7705335566666669,0.0
train,mb-mp-e-form-052514,data/cifs/mb-mp-e-form-052514.cif,-0.8538344210714277,0.0
train,mb-mp-e-form-088744,data/cifs/mb-mp-e-form-088744.cif,-2.104039941906562,0.0
train,mb-mp-e-form-059505,data/cifs/mb-mp-e-form-059505.cif,-1.0932488307187505,0.0
train,mb-mp-e-form-019619,data/cifs/mb-mp-e-form-019619.cif,-0.1748194053124999,0.0
train,mb-mp-e-form-011713,data/cifs/mb-mp-e-form-011713.cif,0.0157890250000001,0.0
train,mb-mp-e-form-131981,data/cifs/mb-mp-e-form-131981.cif,-3.84684565175,0.0
train,mb-mp-e-form-027234,data/cifs/mb-mp-e-form-027234.cif,-0.3245596757499996,0.0
train,mb-mp-e-form-066050,data/cifs/mb-mp-e-form-066050.cif,-1.4078258429110413,0.0
train,mb-mp-e-form-131387,data/cifs/mb-mp-e-form-131387.cif,-3.6714933,0.0
train,mb-mp-e-form-075582,data/cifs/mb-mp-e-form-075582.cif,-1.714620953754835,0.0
train,mb-mp-e-form-101699,data/cifs/mb-mp-e-form-101699.cif,-2.4271237690324567,0.0
train,mb-mp-e-form-112666,data/cifs/mb-mp-e-form-112666.cif,-2.66652164999,0.0
train,mb-mp-e-form-078713,data/cifs/mb-mp-e-form-078713.cif,-1.8327064568750009,0.0
train,mb-mp-e-form-079994,data/cifs/mb-mp-e-form-079994.cif,-1.8713970381935696,0.0
train,mb-mp-e-form-090300,data/cifs/mb-mp-e-form-090300.cif,-2.1614612606770827,0.0
train,mb-mp-e-form-034770,data/cifs/mb-mp-e-form-034770.cif,-0.4542877033115302,0.0
train,mb-mp-e-form-086995,data/cifs/mb-mp-e-form-086995.cif,-2.068129897278647,0.0
train,mb-mp-e-form-043646,data/cifs/mb-mp-e-form-043646.cif,-0.6275569191666671,0.0
train,mb-mp-e-form-099899,data/cifs/mb-mp-e-form-099899.cif,-2.420773192997089,0.0
train,mb-mp-e-form-082267,data/cifs/mb-mp-e-form-082267.cif,-1.9396931104257136,0.0
train,mb-mp-e-form-028633,data/cifs/mb-mp-e-form-028633.cif,-0.3559443850000008,0.0
train,mb-mp-e-form-025965,data/cifs/mb-mp-e-form-025965.cif,-0.3156639328571436,0.0
train,mb-mp-e-form-114217,data/cifs/mb-mp-e-form-114217.cif,-2.7357141333504003,0.0
train,mb-mp-e-form-028826,data/cifs/mb-mp-e-form-028826.cif,-0.3405666670833329,0.0
train,mb-mp-e-form-088716,data/cifs/mb-mp-e-form-088716.cif,-2.0933195925,0.0
train,mb-mp-e-form-031604,data/cifs/mb-mp-e-form-031604.cif,-0.3997973806077777,0.0
train,mb-mp-e-form-015937,data/cifs/mb-mp-e-form-015937.cif,-0.096898891875,0.0
train,mb-mp-e-form-065113,data/cifs/mb-mp-e-form-065113.cif,-1.3400392231654037,0.0
train,mb-mp-e-form-071098,data/cifs/mb-mp-e-form-071098.cif,-1.6022388215104173,0.0
train,mb-mp-e-form-046989,data/cifs/mb-mp-e-form-046989.cif,-0.7135236525000002,0.0
train,mb-mp-e-form-010702,data/cifs/mb-mp-e-form-010702.cif,0.0489840329166663,0.0
train,mb-mp-e-form-116493,data/cifs/mb-mp-e-form-116493.cif,-2.7989127322516665,0.0
train,mb-mp-e-form-096556,data/cifs/mb-mp-e-form-096556.cif,-2.3310033701648343,0.0
train,mb-mp-e-form-102755,data/cifs/mb-mp-e-form-102755.cif,-2.466954832437501,0.0
train,mb-mp-e-form-017412,data/cifs/mb-mp-e-form-017412.cif,-0.1197960608333327,0.0
train,mb-mp-e-form-112129,data/cifs/mb-mp-e-form-112129.cif,-2.667652967498314,0.0
train,mb-mp-e-form-117413,data/cifs/mb-mp-e-form-117413.cif,-2.8463273193698675,0.0
train,mb-mp-e-form-046096,data/cifs/mb-mp-e-form-046096.cif,-0.7016928812499996,0.0
train,mb-mp-e-form-002502,data/cifs/mb-mp-e-form-002502.cif,0.7215599163521742,0.0
train,mb-mp-e-form-044069,data/cifs/mb-mp-e-form-044069.cif,-0.6438477653571419,0.0
train,mb-mp-e-form-126156,data/cifs/mb-mp-e-form-126156.cif,-3.237388939500001,0.0
train,mb-mp-e-form-032487,data/cifs/mb-mp-e-form-032487.cif,-0.4171392390699999,0.0
train,mb-mp-e-form-053929,data/cifs/mb-mp-e-form-053929.cif,-0.9201641377604174,0.0
train,mb-mp-e-form-099208,data/cifs/mb-mp-e-form-099208.cif,-2.398913829621848,0.0
train,mb-mp-e-form-016857,data/cifs/mb-mp-e-form-016857.cif,-0.0910529999999996,0.0
train,mb-mp-e-form-047333,data/cifs/mb-mp-e-form-047333.cif,-0.7082802973174998,0.0
train,mb-mp-e-form-121561,data/cifs/mb-mp-e-form-121561.cif,-2.96871739068,0.0
train,mb-mp-e-form-130778,data/cifs/mb-mp-e-form-130778.cif,-3.637580951083332,0.0
train,mb-mp-e-form-049926,data/cifs/mb-mp-e-form-049926.cif,-0.7896361355989588,0.0
train,mb-mp-e-form-053398,data/cifs/mb-mp-e-form-053398.cif,-0.8818551947999993,0.0
train,mb-mp-e-form-051627,data/cifs/mb-mp-e-form-051627.cif,-0.8214564465561232,0.0
train,mb-mp-e-form-127974,data/cifs/mb-mp-e-form-127974.cif,-3.3447519865128186,0.0
train,mb-mp-e-form-083141,data/cifs/mb-mp-e-form-083141.cif,-1.9579903095689648,0.0
train,mb-mp-e-form-084559,data/cifs/mb-mp-e-form-084559.cif,-1.9908328747959192,0.0
train,mb-mp-e-form-022716,data/cifs/mb-mp-e-form-022716.cif,-0.2415233482558134,0.0
train,mb-mp-e-form-060279,data/cifs/mb-mp-e-form-060279.cif,-1.1364854872651986,0.0
train,mb-mp-e-form-064415,data/cifs/mb-mp-e-form-064415.cif,-1.314564334311343,0.0
train,mb-mp-e-form-000379,data/cifs/mb-mp-e-form-000379.cif,1.6513428299999997,0.0
train,mb-mp-e-form-067206,data/cifs/mb-mp-e-form-067206.cif,-1.4559591234482758,0.0
train,mb-mp-e-form-095812,data/cifs/mb-mp-e-form-095812.cif,-2.3314099800277783,0.0
train,mb-mp-e-form-102299,data/cifs/mb-mp-e-form-102299.cif,-2.444934080178572,0.0
train,mb-mp-e-form-087571,data/cifs/mb-mp-e-form-087571.cif,-2.084077063030302,0.0
train,mb-mp-e-form-098214,data/cifs/mb-mp-e-form-098214.cif,-2.366715877649571,0.0
train,mb-mp-e-form-123227,data/cifs/mb-mp-e-form-123227.cif,-3.068250382094156,0.0
train,mb-mp-e-form-039869,data/cifs/mb-mp-e-form-039869.cif,-0.5554079315475,0.0
train,mb-mp-e-form-048649,data/cifs/mb-mp-e-form-048649.cif,-0.7437364440733328,0.0
train,mb-mp-e-form-063826,data/cifs/mb-mp-e-form-063826.cif,-1.2502615503693335,0.0
train,mb-mp-e-form-102275,data/cifs/mb-mp-e-form-102275.cif,-2.463509114336734,0.0
train,mb-mp-e-form-020449,data/cifs/mb-mp-e-form-020449.cif,-0.1892490819047616,0.0
train,mb-mp-e-form-131830,data/cifs/mb-mp-e-form-131830.cif,-3.8690785071590894,0.0
train,mb-mp-e-form-040018,data/cifs/mb-mp-e-form-040018.cif,-0.5621465075000002,0.0
train,mb-mp-e-form-103261,data/cifs/mb-mp-e-form-103261.cif,-2.467867395833333,0.0
train,mb-mp-e-form-060747,data/cifs/mb-mp-e-form-060747.cif,-1.1239010369184528,0.0
train,mb-mp-e-form-000268,data/cifs/mb-mp-e-form-000268.cif,2.1710776337500004,0.0
train,mb-mp-e-form-071482,data/cifs/mb-mp-e-form-071482.cif,-1.6032726855263153,0.0
train,mb-mp-e-form-119345,data/cifs/mb-mp-e-form-119345.cif,-2.884461701185064,0.0
train,mb-mp-e-form-109498,data/cifs/mb-mp-e-form-109498.cif,-2.59413112304889,0.0
train,mb-mp-e-form-114215,data/cifs/mb-mp-e-form-114215.cif,-2.7222034156578947,0.0
train,mb-mp-e-form-063881,data/cifs/mb-mp-e-form-063881.cif,-1.3094262424999998,0.0
train,mb-mp-e-form-118811,data/cifs/mb-mp-e-form-118811.cif,-2.900052626458333,0.0
train,mb-mp-e-form-086167,data/cifs/mb-mp-e-form-086167.cif,-2.047706865757273,0.0
train,mb-mp-e-form-004757,data/cifs/mb-mp-e-form-004757.cif,0.3303995591517852,0.0
train,mb-mp-e-form-064299,data/cifs/mb-mp-e-form-064299.cif,-1.299463660884285,0.0
train,mb-mp-e-form-020171,data/cifs/mb-mp-e-form-020171.cif,-0.194219449306999,0.0
train,mb-mp-e-form-050775,data/cifs/mb-mp-e-form-050775.cif,-0.8048076137211113,0.0
train,mb-mp-e-form-042685,data/cifs/mb-mp-e-form-042685.cif,-0.6134769060937497,0.0
train,mb-mp-e-form-047927,data/cifs/mb-mp-e-form-047927.cif,-0.7461008135156261,0.0
train,mb-mp-e-form-042027,data/cifs/mb-mp-e-form-042027.cif,-0.6002955758333334,0.0
train,mb-mp-e-form-010414,data/cifs/mb-mp-e-form-010414.cif,0.0574201977413791,0.0
train,mb-mp-e-form-008771,data/cifs/mb-mp-e-form-008771.cif,0.1049706806666677,0.0
train,mb-mp-e-form-029270,data/cifs/mb-mp-e-form-029270.cif,-0.366969371481482,0.0
train,mb-mp-e-form-068579,data/cifs/mb-mp-e-form-068579.cif,-1.4871710230266662,0.0
train,mb-mp-e-form-055999,data/cifs/mb-mp-e-form-055999.cif,-0.9685828791666676,0.0
train,mb-mp-e-form-088280,data/cifs/mb-mp-e-form-088280.cif,-2.1038742673958324,0.0
train,mb-mp-e-form-028195,data/cifs/mb-mp-e-form-028195.cif,-0.3520963841771427,0.0
train,mb-mp-e-form-079114,data/cifs/mb-mp-e-form-079114.cif,-1.85230316631,0.0
train,mb-mp-e-form-010069,data/cifs/mb-mp-e-form-010069.cif,0.0525365534375001,0.0
train,mb-mp-e-form-009433,data/cifs/mb-mp-e-form-009433.cif,0.0693058689843741,0.0
train,mb-mp-e-form-084420,data/cifs/mb-mp-e-form-084420.cif,-1.9907527547102792,0.0
train,mb-mp-e-form-044884,data/cifs/mb-mp-e-form-044884.cif,-0.6492328700000005,0.0
train,mb-mp-e-form-103781,data/cifs/mb-mp-e-form-103781.cif,-2.489648783,0.0
train,mb-mp-e-form-101022,data/cifs/mb-mp-e-form-101022.cif,-2.4327588767861745,0.0
train,mb-mp-e-form-014270,data/cifs/mb-mp-e-form-014270.cif,-0.0297925149999995,0.0
train,mb-mp-e-form-130458,data/cifs/mb-mp-e-form-130458.cif,-3.613205074206,0.0
train,mb-mp-e-form-045702,data/cifs/mb-mp-e-form-045702.cif,-0.6740806730902796,0.0
train,mb-mp-e-form-114877,data/cifs/mb-mp-e-form-114877.cif,-2.780918293457792,0.0
train,mb-mp-e-form-124156,data/cifs/mb-mp-e-form-124156.cif,-3.081803654218749,0.0
train,mb-mp-e-form-007700,data/cifs/mb-mp-e-form-007700.cif,0.1312669743857142,0.0
train,mb-mp-e-form-088113,data/cifs/mb-mp-e-form-088113.cif,-2.0955462431770844,0.0
train,mb-mp-e-form-100449,data/cifs/mb-mp-e-form-100449.cif,-2.421340374668094,0.0
train,mb-mp-e-form-005856,data/cifs/mb-mp-e-form-005856.cif,0.2298072687500001,0.0
train,mb-mp-e-form-109241,data/cifs/mb-mp-e-form-109241.cif,-2.5959553284090906,0.0
train,mb-mp-e-form-021132,data/cifs/mb-mp-e-form-021132.cif,-0.2080658562500001,0.0
train,mb-mp-e-form-014898,data/cifs/mb-mp-e-form-014898.cif,-0.0385561218055544,0.0
train,mb-mp-e-form-089876,data/cifs/mb-mp-e-form-089876.cif,-2.1487312542725,0.0
train,mb-mp-e-form-073545,data/cifs/mb-mp-e-form-073545.cif,-1.6642415851715384,0.0
train,mb-mp-e-form-073574,data/cifs/mb-mp-e-form-073574.cif,-1.6582785315784088,0.0
train,mb-mp-e-form-076195,data/cifs/mb-mp-e-form-076195.cif,-1.76041320667611,0.0
train,mb-mp-e-form-131218,data/cifs/mb-mp-e-form-131218.cif,-3.644207318333331,0.0
train,mb-mp-e-form-006621,data/cifs/mb-mp-e-form-006621.cif,0.1893605162499998,0.0
train,mb-mp-e-form-018202,data/cifs/mb-mp-e-form-018202.cif,-0.1429808867391303,0.0
train,mb-mp-e-form-131881,data/cifs/mb-mp-e-form-131881.cif,-3.9932854407607135,0.0
train,mb-mp-e-form-074299,data/cifs/mb-mp-e-form-074299.cif,-1.6878701146020134,0.0
train,mb-mp-e-form-105539,data/cifs/mb-mp-e-form-105539.cif,-2.524905533220001,0.0
train,mb-mp-e-form-032376,data/cifs/mb-mp-e-form-032376.cif,-0.4135891399999997,0.0
train,mb-mp-e-form-002592,data/cifs/mb-mp-e-form-002592.cif,0.82415181,0.0
train,mb-mp-e-form-108490,data/cifs/mb-mp-e-form-108490.cif,-2.584601559298471,0.0
train,mb-mp-e-form-120550,data/cifs/mb-mp-e-form-120550.cif,-2.948171577857144,0.0
train,mb-mp-e-form-059722,data/cifs/mb-mp-e-form-059722.cif,-1.091415845625,0.0
train,mb-mp-e-form-042325,data/cifs/mb-mp-e-form-042325.cif,-0.6011508996347817,0.0
train,mb-mp-e-form-104566,data/cifs/mb-mp-e-form-104566.cif,-2.506495481346154,0.0
train,mb-mp-e-form-127108,data/cifs/mb-mp-e-form-127108.cif,-3.253713744527778,0.0
train,mb-mp-e-form-029711,data/cifs/mb-mp-e-form-029711.cif,-0.359141273333333,0.0
train,mb-mp-e-form-011895,data/cifs/mb-mp-e-form-011895.cif,0.0256381699999996,0.0
train,mb-mp-e-form-009479,data/cifs/mb-mp-e-form-009479.cif,0.0745180399999998,0.0
train,mb-mp-e-form-109060,data/cifs/mb-mp-e-form-109060.cif,-2.595419477416666,0.0
train,mb-mp-e-form-032222,data/cifs/mb-mp-e-form-032222.cif,-0.4256455249375995,0.0
train,mb-mp-e-form-000406,data/cifs/mb-mp-e-form-000406.cif,2.1716497425000005,0.0
train,mb-mp-e-form-009882,data/cifs/mb-mp-e-form-009882.cif,0.0710428509913791,0.0
train,mb-mp-e-form-110897,data/cifs/mb-mp-e-form-110897.cif,-2.6511480221473342,0.0
train,mb-mp-e-form-093348,data/cifs/mb-mp-e-form-093348.cif,-2.2248606084617304,0.0
train,mb-mp-e-form-008321,data/cifs/mb-mp-e-form-008321.cif,0.12535708,0.0
train,mb-mp-e-form-053584,data/cifs/mb-mp-e-form-053584.cif,-0.8832147079999999,0.0
train,mb-mp-e-form-023259,data/cifs/mb-mp-e-form-023259.cif,-0.2592997746761904,0.0
train,mb-mp-e-form-040795,data/cifs/mb-mp-e-form-040795.cif,-0.5668090818749998,0.0
train,mb-mp-e-form-020861,data/cifs/mb-mp-e-form-020861.cif,-0.2031502333333333,0.0
train,mb-mp-e-form-000106,data/cifs/mb-mp-e-form-000106.cif,1.5424426412500003,0.0
train,mb-mp-e-form-079218,data/cifs/mb-mp-e-form-079218.cif,-1.8536504109974992,0.0
train,mb-mp-e-form-035352,data/cifs/mb-mp-e-form-035352.cif,-0.4638540381818191,0.0
train,mb-mp-e-form-072430,data/cifs/mb-mp-e-form-072430.cif,-1.6178616681261382,0.0
train,mb-mp-e-form-002102,data/cifs/mb-mp-e-form-002102.cif,0.90558705625,0.0
train,mb-mp-e-form-024584,data/cifs/mb-mp-e-form-024584.cif,-0.2822385916666667,0.0
train,mb-mp-e-form-062465,data/cifs/mb-mp-e-form-062465.cif,-1.240787770543809,0.0
train,mb-mp-e-form-123180,data/cifs/mb-mp-e-form-123180.cif,-3.024445174,0.0
train,mb-mp-e-form-060416,data/cifs/mb-mp-e-form-060416.cif,-1.1428589735622232,0.0
train,mb-mp-e-form-056994,data/cifs/mb-mp-e-form-056994.cif,-1.0207665135135142,0.0
train,mb-mp-e-form-094395,data/cifs/mb-mp-e-form-094395.cif,-2.2506661978214284,0.0
train,mb-mp-e-form-131246,data/cifs/mb-mp-e-form-131246.cif,-3.7182512509090913,0.0
train,mb-mp-e-form-086242,data/cifs/mb-mp-e-form-086242.cif,-2.054008031428572,0.0
train,mb-mp-e-form-071121,data/cifs/mb-mp-e-form-071121.cif,-1.5765486595133331,0.0
train,mb-mp-e-form-041928,data/cifs/mb-mp-e-form-041928.cif,-0.6090978311458338,0.0
train,mb-mp-e-form-019354,data/cifs/mb-mp-e-form-019354.cif,-0.1686324012499997,0.0
train,mb-mp-e-form-128431,data/cifs/mb-mp-e-form-128431.cif,-3.3580205278952007,0.0
train,mb-mp-e-form-121773,data/cifs/mb-mp-e-form-121773.cif,-3.0152143762499994,0.0
train,mb-mp-e-form-029936,data/cifs/mb-mp-e-form-029936.cif,-0.3832726479999998,0.0
train,mb-mp-e-form-096654,data/cifs/mb-mp-e-form-096654.cif,-2.3333347203934287,0.0
train,mb-mp-e-form-114868,data/cifs/mb-mp-e-form-114868.cif,-2.7606181543698685,0.0
train,mb-mp-e-form-028539,data/cifs/mb-mp-e-form-028539.cif,-0.3536842279999998,0.0
train,mb-mp-e-form-008213,data/cifs/mb-mp-e-form-008213.cif,0.093003122999999,0.0
train,mb-mp-e-form-126780,data/cifs/mb-mp-e-form-126780.cif,-3.2673419600830007,0.0
train,mb-mp-e-form-006654,data/cifs/mb-mp-e-form-006654.cif,0.206102461385455,0.0
train,mb-mp-e-form-031658,data/cifs/mb-mp-e-form-031658.cif,-0.3964022685416672,0.0
train,mb-mp-e-form-065945,data/cifs/mb-mp-e-form-065945.cif,-1.379612603607144,0.0
train,mb-mp-e-form-056976,data/cifs/mb-mp-e-form-056976.cif,-1.022491484464286,0.0
train,mb-mp-e-form-051011,data/cifs/mb-mp-e-form-051011.cif,-0.8222553511111117,0.0
train,mb-mp-e-form-005104,data/cifs/mb-mp-e-form-005104.cif,0.2253692435416669,0.0
train,mb-mp-e-form-002625,data/cifs/mb-mp-e-form-002625.cif,0.8820236200266669,0.0
train,mb-mp-e-form-126872,data/cifs/mb-mp-e-form-126872.cif,-3.275507601706333,0.0
train,mb-mp-e-form-085489,data/cifs/mb-mp-e-form-085489.cif,-2.030983222970428,0.0
train,mb-mp-e-form-006764,data/cifs/mb-mp-e-form-006764.cif,0.1726548566666679,0.0
train,mb-mp-e-form-072341,data/cifs/mb-mp-e-form-072341.cif,-1.6135467040921423,0.0
train,mb-mp-e-form-064956,data/cifs/mb-mp-e-form-064956.cif,-1.3565790408689655,0.0
train,mb-mp-e-form-096110,data/cifs/mb-mp-e-form-096110.cif,-2.3116277586335405,0.0
train,mb-mp-e-form-108301,data/cifs/mb-mp-e-form-108301.cif,-2.575786496,0.0
train,mb-mp-e-form-013775,data/cifs/mb-mp-e-form-013775.cif,-0.0229823240843899,0.0
train,mb-mp-e-form-072132,data/cifs/mb-mp-e-form-072132.cif,-1.632253240856153,0.0
train,mb-mp-e-form-031720,data/cifs/mb-mp-e-form-031720.cif,-0.4014450052931249,0.0
train,mb-mp-e-form-098270,data/cifs/mb-mp-e-form-098270.cif,-2.3750170076449835,0.0
train,mb-mp-e-form-117675,data/cifs/mb-mp-e-form-117675.cif,-2.822309752142856,0.0
train,mb-mp-e-form-046381,data/cifs/mb-mp-e-form-046381.cif,-0.703657008720238,0.0
train,mb-mp-e-form-069213,data/cifs/mb-mp-e-form-069213.cif,-1.5271230919356151,0.0
train,mb-mp-e-form-032300,data/cifs/mb-mp-e-form-032300.cif,-0.4186910400000001,0.0
train,mb-mp-e-form-092270,data/cifs/mb-mp-e-form-092270.cif,-2.206266834145141,0.0
train,mb-mp-e-form-011710,data/cifs/mb-mp-e-form-011710.cif,0.0274325372619044,0.0
train,mb-mp-e-form-114689,data/cifs/mb-mp-e-form-114689.cif,-2.745722144416668,0.0
train,mb-mp-e-form-063664,data/cifs/mb-mp-e-form-063664.cif,-1.2451272507142852,0.0
train,mb-mp-e-form-115880,data/cifs/mb-mp-e-form-115880.cif,-2.797739142635974,0.0
train,mb-mp-e-form-108588,data/cifs/mb-mp-e-form-108588.cif,-2.573872278379628,0.0
train,mb-mp-e-form-027417,data/cifs/mb-mp-e-form-027417.cif,-0.3356617247222218,0.0
train,mb-mp-e-form-109511,data/cifs/mb-mp-e-form-109511.cif,-2.6050101179538774,0.0
train,mb-mp-e-form-029966,data/cifs/mb-mp-e-form-029966.cif,-0.3798694474999999,0.0
train,mb-mp-e-form-021811,data/cifs/mb-mp-e-form-021811.cif,-0.2204050013541667,0.0
train,mb-mp-e-form-007222,data/cifs/mb-mp-e-form-007222.cif,0.1382993919999997,0.0
train,mb-mp-e-form-094011,data/cifs/mb-mp-e-form-094011.cif,-2.25276858175,0.0
train,mb-mp-e-form-128118,data/cifs/mb-mp-e-form-128118.cif,-3.341242932453846,0.0
train,mb-mp-e-form-062697,data/cifs/mb-mp-e-form-062697.cif,-1.232324658527742,0.0
train,mb-mp-e-form-064416,data/cifs/mb-mp-e-form-064416.cif,-1.3194872007954546,0.0
train,mb-mp-e-form-090761,data/cifs/mb-mp-e-form-090761.cif,-2.1666699057291665,0.0
train,mb-mp-e-form-118913,data/cifs/mb-mp-e-form-118913.cif,-2.9061444608002645,0.0
train,mb-mp-e-form-001159,data/cifs/mb-mp-e-form-001159.cif,1.050257230833333,0.0
train,mb-mp-e-form-084953,data/cifs/mb-mp-e-form-084953.cif,-2.01034583387,0.0
train,mb-mp-e-form-132198,data/cifs/mb-mp-e-form-132198.cif,-4.440404155684167,0.0
train,mb-mp-e-form-045622,data/cifs/mb-mp-e-form-045622.cif,-0.6752873859490742,0.0
train,mb-mp-e-form-023602,data/cifs/mb-mp-e-form-023602.cif,-0.2549560512500002,0.0
train,mb-mp-e-form-067685,data/cifs/mb-mp-e-form-067685.cif,-1.4447022123883937,0.0
train,mb-mp-e-form-042215,data/cifs/mb-mp-e-form-042215.cif,-0.606175163490959,0.0
train,mb-mp-e-form-019762,data/cifs/mb-mp-e-form-019762.cif,-0.1710030803322221,0.0
train,mb-mp-e-form-094387,data/cifs/mb-mp-e-form-094387.cif,-2.265507610416666,0.0
train,mb-mp-e-form-053901,data/cifs/mb-mp-e-form-053901.cif,-0.9015839137890628,0.0
train,mb-mp-e-form-017156,data/cifs/mb-mp-e-form-017156.cif,-0.1220978785714288,0.0
train,mb-mp-e-form-002897,data/cifs/mb-mp-e-form-002897.cif,0.74506774375,0.0
train,mb-mp-e-form-023040,data/cifs/mb-mp-e-form-023040.cif,-0.2667035677083333,0.0
train,mb-mp-e-form-041109,data/cifs/mb-mp-e-form-041109.cif,-0.5873404135416669,0.0
train,mb-mp-e-form-018812,data/cifs/mb-mp-e-form-018812.cif,-0.1497019499999989,0.0
train,mb-mp-e-form-124534,data/cifs/mb-mp-e-form-124534.cif,-3.103505900714286,0.0
train,mb-mp-e-form-078692,data/cifs/mb-mp-e-form-078692.cif,-1.818364016602222,0.0
train,mb-mp-e-form-029555,data/cifs/mb-mp-e-form-029555.cif,-0.3670444802150001,0.0
train,mb-mp-e-form-112411,data/cifs/mb-mp-e-form-112411.cif,-2.68111839595,0.0
train,mb-mp-e-form-008128,data/cifs/mb-mp-e-form-008128.cif,0.1102432543750002,0.0
train,mb-mp-e-form-109832,data/cifs/mb-mp-e-form-109832.cif,-2.6197378968330005,0.0
train,mb-mp-e-form-039037,data/cifs/mb-mp-e-form-039037.cif,-0.5402880533333327,0.0
train,mb-mp-e-form-078918,data/cifs/mb-mp-e-form-078918.cif,-1.8502879458333328,0.0
train,mb-mp-e-form-041620,data/cifs/mb-mp-e-form-041620.cif,-0.579630912499999,0.0
train,mb-mp-e-form-048067,data/cifs/mb-mp-e-form-048067.cif,-0.7328245916000004,0.0
train,mb-mp-e-form-005609,data/cifs/mb-mp-e-form-005609.cif,0.2858085984410526,0.0
train,mb-mp-e-form-096736,data/cifs/mb-mp-e-form-096736.cif,-2.311340635274285,0.0
train,mb-mp-e-form-098898,data/cifs/mb-mp-e-form-098898.cif,-2.380415212169208,0.0
train,mb-mp-e-form-081894,data/cifs/mb-mp-e-form-081894.cif,-1.917757707956,0.0
train,mb-mp-e-form-001552,data/cifs/mb-mp-e-form-001552.cif,1.086097634206667,0.0
train,mb-mp-e-form-031099,data/cifs/mb-mp-e-form-031099.cif,-0.3950714516666667,0.0
train,mb-mp-e-form-097622,data/cifs/mb-mp-e-form-097622.cif,-2.351165016510989,0.0
train,mb-mp-e-form-090922,data/cifs/mb-mp-e-form-090922.cif,-2.194449285546876,0.0
train,mb-mp-e-form-074994,data/cifs/mb-mp-e-form-074994.cif,-1.7180500577083346,0.0
train,mb-mp-e-form-011708,data/cifs/mb-mp-e-form-011708.cif,0.0235595352499998,0.0
train,mb-mp-e-form-125704,data/cifs/mb-mp-e-form-125704.cif,-3.1376963311904755,0.0
train,mb-mp-e-form-009807,data/cifs/mb-mp-e-form-009807.cif,0.0739202890000001,0.0
train,mb-mp-e-form-038914,data/cifs/mb-mp-e-form-038914.cif,-0.552208455,0.0
train,mb-mp-e-form-105985,data/cifs/mb-mp-e-form-105985.cif,-2.548442648026316,0.0
train,mb-mp-e-form-063882,data/cifs/mb-mp-e-form-063882.cif,-1.305709096428333,0.0
train,mb-mp-e-form-120228,data/cifs/mb-mp-e-form-120228.cif,-2.945819881733,0.0
train,mb-mp-e-form-021167,data/cifs/mb-mp-e-form-021167.cif,-0.2267212315517242,0.0
train,mb-mp-e-form-039254,data/cifs/mb-mp-e-form-039254.cif,-0.5366663250183334,0.0
train,mb-mp-e-form-076813,data/cifs/mb-mp-e-form-076813.cif,-1.7587470013461546,0.0
train,mb-mp-e-form-106561,data/cifs/mb-mp-e-form-106561.cif,-2.530462114126044,0.0
train,mb-mp-e-form-011884,data/cifs/mb-mp-e-form-011884.cif,0.0257531856249997,0.0
train,mb-mp-e-form-101633,data/cifs/mb-mp-e-form-101633.cif,-2.427388851432458,0.0
train,mb-mp-e-form-077384,data/cifs/mb-mp-e-form-077384.cif,-1.7925692190340912,0.0
train,mb-mp-e-form-046884,data/cifs/mb-mp-e-form-046884.cif,-0.6923112293750009,0.0
train,mb-mp-e-form-103951,data/cifs/mb-mp-e-form-103951.cif,-2.499532865769231,0.0
train,mb-mp-e-form-048427,data/cifs/mb-mp-e-form-048427.cif,-0.7407047890539996,0.0
train,mb-mp-e-form-123590,data/cifs/mb-mp-e-form-123590.cif,-3.0316470901136365,0.0
train,mb-mp-e-form-045596,data/cifs/mb-mp-e-form-045596.cif,-0.6707964216666665,0.0
train,mb-mp-e-form-101572,data/cifs/mb-mp-e-form-101572.cif,-2.432764516388095,0.0
train,mb-mp-e-form-119837,data/cifs/mb-mp-e-form-119837.cif,-2.934133933671874,0.0
train,mb-mp-e-form-130093,data/cifs/mb-mp-e-form-130093.cif,-3.563673076428572,0.0
train,mb-mp-e-form-130173,data/cifs/mb-mp-e-form-130173.cif,-3.5025579978333328,0.0
train,mb-mp-e-form-040350,data/cifs/mb-mp-e-form-040350.cif,-0.5639410291964282,0.0
train,mb-mp-e-form-029545,data/cifs/mb-mp-e-form-029545.cif,-0.3681318224999996,0.0
train,mb-mp-e-form-068763,data/cifs/mb-mp-e-form-068763.cif,-1.4953351806249993,0.0
train,mb-mp-e-form-038313,data/cifs/mb-mp-e-form-038313.cif,-0.5222118622789109,0.0
train,mb-mp-e-form-037865,data/cifs/mb-mp-e-form-037865.cif,-0.4991908400000007,0.0
train,mb-mp-e-form-020018,data/cifs/mb-mp-e-form-020018.cif,-0.1995939941176471,0.0
train,mb-mp-e-form-035487,data/cifs/mb-mp-e-form-035487.cif,-0.4719529683333323,0.0
train,mb-mp-e-form-025896,data/cifs/mb-mp-e-form-025896.cif,-0.3034206201899998,0.0
train,mb-mp-e-form-119630,data/cifs/mb-mp-e-form-119630.cif,-2.915718472857143,0.0
train,mb-mp-e-form-125147,data/cifs/mb-mp-e-form-125147.cif,-3.15572372875,0.0
train,mb-mp-e-form-106478,data/cifs/mb-mp-e-form-106478.cif,-2.5321741825000004,0.0
train,mb-mp-e-form-095420,data/cifs/mb-mp-e-form-095420.cif,-2.2970506194975084,0.0
train,mb-mp-e-form-074684,data/cifs/mb-mp-e-form-074684.cif,-1.70738917006,0.0
train,mb-mp-e-form-094952,data/cifs/mb-mp-e-form-094952.cif,-2.2878713287500005,0.0
train,mb-mp-e-form-096229,data/cifs/mb-mp-e-form-096229.cif,-2.3169262905900623,0.0
train,mb-mp-e-form-067201,data/cifs/mb-mp-e-form-067201.cif,-1.4424483046875003,0.0
train,mb-mp-e-form-031451,data/cifs/mb-mp-e-form-031451.cif,-0.3971633609375002,0.0
train,mb-mp-e-form-103868,data/cifs/mb-mp-e-form-103868.cif,-2.499465758348483,0.0
train,mb-mp-e-form-076831,data/cifs/mb-mp-e-form-076831.cif,-1.8055483080769232,0.0
train,mb-mp-e-form-053682,data/cifs/mb-mp-e-form-053682.cif,-0.881378538333332,0.0
train,mb-mp-e-form-107094,data/cifs/mb-mp-e-form-107094.cif,-2.564616705815972,0.0
train,mb-mp-e-form-032020,data/cifs/mb-mp-e-form-032020.cif,-0.412007761071428,0.0
train,mb-mp-e-form-117477,data/cifs/mb-mp-e-form-117477.cif,-2.8484493523948045,0.0
train,mb-mp-e-form-097940,data/cifs/mb-mp-e-form-097940.cif,-2.377028327611608,0.0
train,mb-mp-e-form-041369,data/cifs/mb-mp-e-form-041369.cif,-0.5843950633333334,0.0
train,mb-mp-e-form-018687,data/cifs/mb-mp-e-form-018687.cif,-0.1428440566666668,0.0
train,mb-mp-e-form-076035,data/cifs/mb-mp-e-form-076035.cif,-1.749318475833333,0.0
train,mb-mp-e-form-050791,data/cifs/mb-mp-e-form-050791.cif,-0.8057188897619036,0.0
train,mb-mp-e-form-037470,data/cifs/mb-mp-e-form-037470.cif,-0.5056655478645832,0.0
train,mb-mp-e-form-124650,data/cifs/mb-mp-e-form-124650.cif,-3.0685526222222226,0.0
train,mb-mp-e-form-108889,data/cifs/mb-mp-e-form-108889.cif,-2.6090482097916667,0.0
train,mb-mp-e-form-015242,data/cifs/mb-mp-e-form-015242.cif,-0.0669513177777771,0.0
train,mb-mp-e-form-007576,data/cifs/mb-mp-e-form-007576.cif,0.1290683237499998,0.0
train,mb-mp-e-form-070402,data/cifs/mb-mp-e-form-070402.cif,-1.547059977445,0.0
train,mb-mp-e-form-068897,data/cifs/mb-mp-e-form-068897.cif,-1.5176296724999991,0.0
train,mb-mp-e-form-100653,data/cifs/mb-mp-e-form-100653.cif,-2.420875048839444,0.0
train,mb-mp-e-form-031916,data/cifs/mb-mp-e-form-031916.cif,-0.4253399159999998,0.0
train,mb-mp-e-form-043002,data/cifs/mb-mp-e-form-043002.cif,-0.6391073030468752,0.0
train,mb-mp-e-form-116470,data/cifs/mb-mp-e-form-116470.cif,-2.786417007328572,0.0
train,mb-mp-e-form-114693,data/cifs/mb-mp-e-form-114693.cif,-2.749567816675556,0.0
train,mb-mp-e-form-018004,data/cifs/mb-mp-e-form-018004.cif,-0.1353108883333333,0.0
train,mb-mp-e-form-015374,data/cifs/mb-mp-e-form-015374.cif,-0.0618319607692322,0.0
train,mb-mp-e-form-036333,data/cifs/mb-mp-e-form-036333.cif,-0.4976539723405139,0.0
train,mb-mp-e-form-090448,data/cifs/mb-mp-e-form-090448.cif,-2.161195776670919,0.0
train,mb-mp-e-form-109864,data/cifs/mb-mp-e-form-109864.cif,-2.6226079812400003,0.0
train,mb-mp-e-form-048691,data/cifs/mb-mp-e-form-048691.cif,-0.7443003564523816,0.0
train,mb-mp-e-form-096279,data/cifs/mb-mp-e-form-096279.cif,-2.3109454769531244,0.0
train,mb-mp-e-form-034446,data/cifs/mb-mp-e-form-034446.cif,-0.4473236765000002,0.0
train,mb-mp-e-form-000143,data/cifs/mb-mp-e-form-000143.cif,1.7765258224999996,0.0
train,mb-mp-e-form-044782,data/cifs/mb-mp-e-form-044782.cif,-0.6408226917566653,0.0
train,mb-mp-e-form-094658,data/cifs/mb-mp-e-form-094658.cif,-2.2800946529600004,0.0
train,mb-mp-e-form-063567,data/cifs/mb-mp-e-form-063567.cif,-1.246811329799107,0.0
train,mb-mp-e-form-079519,data/cifs/mb-mp-e-form-079519.cif,-1.849576848625,0.0
train,mb-mp-e-form-049066,data/cifs/mb-mp-e-form-049066.cif,-0.7641385637499996,0.0
train,mb-mp-e-form-023429,data/cifs/mb-mp-e-form-023429.cif,-0.2563630062499993,0.0
train,mb-mp-e-form-111023,data/cifs/mb-mp-e-form-111023.cif,-2.6470191083892862,0.0
train,mb-mp-e-form-125786,data/cifs/mb-mp-e-form-125786.cif,-3.220295849429,0.0
train,mb-mp-e-form-075382,data/cifs/mb-mp-e-form-075382.cif,-1.7413161880969834,0.0
train,mb-mp-e-form-097170,data/cifs/mb-mp-e-form-097170.cif,-2.3425988279739016,0.0
train,mb-mp-e-form-122056,data/cifs/mb-mp-e-form-122056.cif,-3.02340421619,0.0
train,mb-mp-e-form-070260,data/cifs/mb-mp-e-form-070260.cif,-1.5556263003112785,0.0
train,mb-mp-e-form-015262,data/cifs/mb-mp-e-form-015262.cif,-0.0647028019642862,0.0
train,mb-mp-e-form-010260,data/cifs/mb-mp-e-form-010260.cif,0.0590549212500004,0.0
train,mb-mp-e-form-000776,data/cifs/mb-mp-e-form-000776.cif,2.23639583,0.0
train,mb-mp-e-form-076183,data/cifs/mb-mp-e-form-076183.cif,-1.756210659444445,0.0
train,mb-mp-e-form-112431,data/cifs/mb-mp-e-form-112431.cif,-2.66648102994898,0.0
train,mb-mp-e-form-083564,data/cifs/mb-mp-e-form-083564.cif,-1.946383534418094,0.0
train,mb-mp-e-form-092250,data/cifs/mb-mp-e-form-092250.cif,-2.2086893692857146,0.0
train,mb-mp-e-form-022319,data/cifs/mb-mp-e-form-022319.cif,-0.2449358741666666,0.0
train,mb-mp-e-form-044354,data/cifs/mb-mp-e-form-044354.cif,-0.6415650984999999,0.0
train,mb-mp-e-form-098417,data/cifs/mb-mp-e-form-098417.cif,-2.359514107642857,0.0
train,mb-mp-e-form-088349,data/cifs/mb-mp-e-form-088349.cif,-2.0983864689375,0.0
train,mb-mp-e-form-030642,data/cifs/mb-mp-e-form-030642.cif,-0.3769734985831254,0.0
train,mb-mp-e-form-093137,data/cifs/mb-mp-e-form-093137.cif,-2.2453247901536235,0.0
train,mb-mp-e-form-062047,data/cifs/mb-mp-e-form-062047.cif,-1.2089870055208338,0.0
train,mb-mp-e-form-065487,data/cifs/mb-mp-e-form-065487.cif,-1.3639040931192583,0.0
train,mb-mp-e-form-101863,data/cifs/mb-mp-e-form-101863.cif,-2.4586471130680687,0.0
train,mb-mp-e-form-063908,data/cifs/mb-mp-e-form-063908.cif,-1.3248355416071431,0.0
train,mb-mp-e-form-038019,data/cifs/mb-mp-e-form-038019.cif,-0.5240614166666665,0.0
train,mb-mp-e-form-026006,data/cifs/mb-mp-e-form-026006.cif,-0.3196305833333343,0.0
train,mb-mp-e-form-054705,data/cifs/mb-mp-e-form-054705.cif,-0.9285321391666675,0.0
train,mb-mp-e-form-121310,data/cifs/mb-mp-e-form-121310.cif,-2.97298418725,0.0
train,mb-mp-e-form-114305,data/cifs/mb-mp-e-form-114305.cif,-2.744341132017857,0.0
train,mb-mp-e-form-028003,data/cifs/mb-mp-e-form-028003.cif,-0.3417255552380953,0.0
train,mb-mp-e-form-120261,data/cifs/mb-mp-e-form-120261.cif,-2.9377229407500005,0.0
train,mb-mp-e-form-082410,data/cifs/mb-mp-e-form-082410.cif,-1.9108584770102384,0.0
train,mb-mp-e-form-089852,data/cifs/mb-mp-e-form-089852.cif,-2.1549542499875,0.0
train,mb-mp-e-form-079923,data/cifs/mb-mp-e-form-079923.cif,-1.870009468125,0.0
train,mb-mp-e-form-010654,data/cifs/mb-mp-e-form-010654.cif,0.057232101000001,0.0
train,mb-mp-e-form-099893,data/cifs/mb-mp-e-form-099893.cif,-2.4052968626456552,0.0
train,mb-mp-e-form-082906,data/cifs/mb-mp-e-form-082906.cif,-1.941741435782966,0.0
train,mb-mp-e-form-067217,data/cifs/mb-mp-e-form-067217.cif,-1.454557484773707,0.0
train,mb-mp-e-form-114551,data/cifs/mb-mp-e-form-114551.cif,-2.73624486994438,0.0
train,mb-mp-e-form-060601,data/cifs/mb-mp-e-form-060601.cif,-1.13997477984375,0.0
train,mb-mp-e-form-121082,data/cifs/mb-mp-e-form-121082.cif,-2.951224325263158,0.0
train,mb-mp-e-form-040782,data/cifs/mb-mp-e-form-040782.cif,-0.5743696505208327,0.0
train,mb-mp-e-form-055109,data/cifs/mb-mp-e-form-055109.cif,-0.9541386579281266,0.0
train,mb-mp-e-form-120222,data/cifs/mb-mp-e-form-120222.cif,-2.925392283819445,0.0
train,mb-mp-e-form-106025,data/cifs/mb-mp-e-form-106025.cif,-2.542784204621212,0.0
train,mb-mp-e-form-115241,data/cifs/mb-mp-e-form-115241.cif,-2.770059325218889,0.0
train,mb-mp-e-form-046282,data/cifs/mb-mp-e-form-046282.cif,-0.7038973343750001,0.0
train,mb-mp-e-form-081318,data/cifs/mb-mp-e-form-081318.cif,-1.9080485844003656,0.0
train,mb-mp-e-form-115701,data/cifs/mb-mp-e-form-115701.cif,-2.76150938115,0.0
train,mb-mp-e-form-056461,data/cifs/mb-mp-e-form-056461.cif,-0.9746127600000004,0.0
train,mb-mp-e-form-072509,data/cifs/mb-mp-e-form-072509.cif,-1.62862746104125,0.0
train,mb-mp-e-form-036890,data/cifs/mb-mp-e-form-036890.cif,-0.4808341131249998,0.0
train,mb-mp-e-form-042966,data/cifs/mb-mp-e-form-042966.cif,-0.6298712923958334,0.0
train,mb-mp-e-form-061363,data/cifs/mb-mp-e-form-061363.cif,-1.177957282109375,0.0
train,mb-mp-e-form-078946,data/cifs/mb-mp-e-form-078946.cif,-1.85668804756,0.0
train,mb-mp-e-form-050016,data/cifs/mb-mp-e-form-050016.cif,-0.7846110441666667,0.0
train,mb-mp-e-form-012222,data/cifs/mb-mp-e-form-012222.cif,0.0058440732485718,0.0
train,mb-mp-e-form-113499,data/cifs/mb-mp-e-form-113499.cif,-2.698542930264443,0.0
train,mb-mp-e-form-040091,data/cifs/mb-mp-e-form-040091.cif,-0.57449856587611,0.0
train,mb-mp-e-form-128078,data/cifs/mb-mp-e-form-128078.cif,-3.347985703333333,0.0
train,mb-mp-e-form-019976,data/cifs/mb-mp-e-form-019976.cif,-0.1845478658333341,0.0
train,mb-mp-e-form-128922,data/cifs/mb-mp-e-form-128922.cif,-3.4662595448332865,0.0
train,mb-mp-e-form-049718,data/cifs/mb-mp-e-form-049718.cif,-0.7709812489999998,0.0
train,mb-mp-e-form-090377,data/cifs/mb-mp-e-form-090377.cif,-2.1499037477975005,0.0
train,mb-mp-e-form-077418,data/cifs/mb-mp-e-form-077418.cif,-1.800635695308182,0.0
train,mb-mp-e-form-098763,data/cifs/mb-mp-e-form-098763.cif,-2.385920595953614,0.0
train,mb-mp-e-form-020717,data/cifs/mb-mp-e-form-020717.cif,-0.1971739724999975,0.0
train,mb-mp-e-form-040882,data/cifs/mb-mp-e-form-040882.cif,-0.5732649270833328,0.0
train,mb-mp-e-form-104169,data/cifs/mb-mp-e-form-104169.cif,-2.493505404366883,0.0
train,mb-mp-e-form-082449,data/cifs/mb-mp-e-form-082449.cif,-1.9273227752455369,0.0
train,mb-mp-e-form-001260,data/cifs/mb-mp-e-form-001260.cif,1.123981690833333,0.0
train,mb-mp-e-form-087583,data/cifs/mb-mp-e-form-087583.cif,-2.0665527800000008,0.0
train,mb-mp-e-form-062384,data/cifs/mb-mp-e-form-062384.cif,-1.2336830475,0.0
train,mb-mp-e-form-078383,data/cifs/mb-mp-e-form-078383.cif,-1.8327583085632653,0.0
train,mb-mp-e-form-035435,data/cifs/mb-mp-e-form-035435.cif,-0.4719522190476191,0.0
train,mb-mp-e-form-103428,data/cifs/mb-mp-e-form-103428.cif,-2.4816805921614584,0.0
train,mb-mp-e-form-125788,data/cifs/mb-mp-e-form-125788.cif,-3.2102718993046144,0.0
train,mb-mp-e-form-011987,data/cifs/mb-mp-e-form-011987.cif,-0.0026801184374998,0.0
train,mb-mp-e-form-020794,data/cifs/mb-mp-e-form-020794.cif,-0.2049509852083334,0.0
train,mb-mp-e-form-122689,data/cifs/mb-mp-e-form-122689.cif,-2.997840260581951,0.0
train,mb-mp-e-form-111272,data/cifs/mb-mp-e-form-111272.cif,-2.653199244305556,0.0
train,mb-mp-e-form-102246,data/cifs/mb-mp-e-form-102246.cif,-2.459211351734694,0.0
train,mb-mp-e-form-033007,data/cifs/mb-mp-e-form-033007.cif,-0.4385272578787884,0.0
train,mb-mp-e-form-021516,data/cifs/mb-mp-e-form-021516.cif,-0.2127789624599998,0.0
train,mb-mp-e-form-035268,data/cifs/mb-mp-e-form-035268.cif,-0.4676818339655181,0.0
train,mb-mp-e-form-069058,data/cifs/mb-mp-e-form-069058.cif,-1.5259228376785714,0.0
train,mb-mp-e-form-072177,data/cifs/mb-mp-e-form-072177.cif,-1.6389480373046874,0.0
train,mb-mp-e-form-015659,data/cifs/mb-mp-e-form-015659.cif,-0.0575020610379466,0.0
train,mb-mp-e-form-101817,data/cifs/mb-mp-e-form-101817.cif,-2.4476995676973794,0.0
train,mb-mp-e-form-087414,data/cifs/mb-mp-e-form-087414.cif,-2.0793005389125003,0.0
train,mb-mp-e-form-024891,data/cifs/mb-mp-e-form-024891.cif,-0.2800958837500005,0.0
train,mb-mp-e-form-006200,data/cifs/mb-mp-e-form-006200.cif,0.2099511868534482,0.0
train,mb-mp-e-form-004499,data/cifs/mb-mp-e-form-004499.cif,0.317270892206591,0.0
train,mb-mp-e-form-084311,data/cifs/mb-mp-e-form-084311.cif,-1.989460603003247,0.0
train,mb-mp-e-form-127651,data/cifs/mb-mp-e-form-127651.cif,-3.2450948039250687,0.0
train,mb-mp-e-form-010657,data/cifs/mb-mp-e-form-010657.cif,0.043407618563219,0.0
train,mb-mp-e-form-109616,data/cifs/mb-mp-e-form-109616.cif,-2.6114128908171432,0.0
train,mb-mp-e-form-058485,data/cifs/mb-mp-e-form-058485.cif,-1.0549717403525638,0.0
train,mb-mp-e-form-089574,data/cifs/mb-mp-e-form-089574.cif,-2.136530944203297,0.0
train,mb-mp-e-form-075705,data/cifs/mb-mp-e-form-075705.cif,-1.7212446964285717,0.0
train,mb-mp-e-form-020870,data/cifs/mb-mp-e-form-020870.cif,-0.1994019162500002,0.0
train,mb-mp-e-form-112651,data/cifs/mb-mp-e-form-112651.cif,-2.6880164615103563,0.0
train,mb-mp-e-form-103802,data/cifs/mb-mp-e-form-103802.cif,-2.502719598061225,0.0
train,mb-mp-e-form-068831,data/cifs/mb-mp-e-form-068831.cif,-1.4681171358333327,0.0
train,mb-mp-e-form-016587,data/cifs/mb-mp-e-form-016587.cif,-0.0905195866666668,0.0
train,mb-mp-e-form-037647,data/cifs/mb-mp-e-form-037647.cif,-0.5032954091964287,0.0
train,mb-mp-e-form-019050,data/cifs/mb-mp-e-form-019050.cif,-0.1795096132638889,0.0
train,mb-mp-e-form-121091,data/cifs/mb-mp-e-form-121091.cif,-2.9737745620529616,0.0
train,mb-mp-e-form-085843,data/cifs/mb-mp-e-form-085843.cif,-2.049375310288461,0.0
train,mb-mp-e-form-066571,data/cifs/mb-mp-e-form-066571.cif,-1.418174558226902,0.0
train,mb-mp-e-form-011060,data/cifs/mb-mp-e-form-011060.cif,0.0183678050000002,0.0
train,mb-mp-e-form-000830,data/cifs/mb-mp-e-form-000830.cif,2.379746779166666,0.0
train,mb-mp-e-form-089864,data/cifs/mb-mp-e-form-089864.cif,-2.147074950625001,0.0
train,mb-mp-e-form-014229,data/cifs/mb-mp-e-form-014229.cif,-0.0485280895833339,0.0
train,mb-mp-e-form-060158,data/cifs/mb-mp-e-form-060158.cif,-1.1546759004028568,0.0
train,mb-mp-e-form-102529,data/cifs/mb-mp-e-form-102529.cif,-2.455257455071429,0.0
train,mb-mp-e-form-083781,data/cifs/mb-mp-e-form-083781.cif,-1.96735957475,0.0
train,mb-mp-e-form-083887,data/cifs/mb-mp-e-form-083887.cif,-1.9728542405357143,0.0
train,mb-mp-e-form-004226,data/cifs/mb-mp-e-form-004226.cif,0.3557770985416676,0.0
train,mb-mp-e-form-125596,data/cifs/mb-mp-e-form-125596.cif,-3.140423102460001,0.0
train,mb-mp-e-form-082608,data/cifs/mb-mp-e-form-082608.cif,-1.9307603827777795,0.0
train,mb-mp-e-form-015616,data/cifs/mb-mp-e-form-015616.cif,-0.0806650910000001,0.0
train,mb-mp-e-form-042141,data/cifs/mb-mp-e-form-042141.cif,-0.6173256858333337,0.0
train,mb-mp-e-form-092742,data/cifs/mb-mp-e-form-092742.cif,-2.218382904917143,0.0
train,mb-mp-e-form-001856,data/cifs/mb-mp-e-form-001856.cif,1.2915639416666658,0.0
train,mb-mp-e-form-039386,data/cifs/mb-mp-e-form-039386.cif,-0.5372529617968752,0.0
train,mb-mp-e-form-099952,data/cifs/mb-mp-e-form-099952.cif,-2.418588743442,0.0
train,mb-mp-e-form-034500,data/cifs/mb-mp-e-form-034500.cif,-0.461552226807143,0.0
train,mb-mp-e-form-035241,data/cifs/mb-mp-e-form-035241.cif,-0.4731260299999999,0.0
train,mb-mp-e-form-038090,data/cifs/mb-mp-e-form-038090.cif,-0.5358879187499994,0.0
train,mb-mp-e-form-038582,data/cifs/mb-mp-e-form-038582.cif,-0.5280691649561717,0.0
train,mb-mp-e-form-022783,data/cifs/mb-mp-e-form-022783.cif,-0.2450464789999998,0.0
train,mb-mp-e-form-120076,data/cifs/mb-mp-e-form-120076.cif,-2.949237662,0.0
train,mb-mp-e-form-128199,data/cifs/mb-mp-e-form-128199.cif,-3.3056980471944457,0.0
train,mb-mp-e-form-048749,data/cifs/mb-mp-e-form-048749.cif,-0.7372890715624998,0.0
train,mb-mp-e-form-059445,data/cifs/mb-mp-e-form-059445.cif,-1.1050453739511497,0.0
train,mb-mp-e-form-105213,data/cifs/mb-mp-e-form-105213.cif,-2.51986353996,0.0
train,mb-mp-e-form-074764,data/cifs/mb-mp-e-form-074764.cif,-1.6970329127113322,0.0
train,mb-mp-e-form-051032,data/cifs/mb-mp-e-form-051032.cif,-0.8202735631249993,0.0
train,mb-mp-e-form-103463,data/cifs/mb-mp-e-form-103463.cif,-2.476535437246242,0.0
train,mb-mp-e-form-004024,data/cifs/mb-mp-e-form-004024.cif,0.3426419358333334,0.0
train,mb-mp-e-form-053312,data/cifs/mb-mp-e-form-053312.cif,-0.8922050840689655,0.0
train,mb-mp-e-form-004262,data/cifs/mb-mp-e-form-004262.cif,0.3408458609374998,0.0
train,mb-mp-e-form-046985,data/cifs/mb-mp-e-form-046985.cif,-0.7080868218750007,0.0
train,mb-mp-e-form-012909,data/cifs/mb-mp-e-form-012909.cif,-0.0175265442857153,0.0
train,mb-mp-e-form-082963,data/cifs/mb-mp-e-form-082963.cif,-1.9602522491176464,0.0
train,mb-mp-e-form-072376,data/cifs/mb-mp-e-form-072376.cif,-1.6447156225556665,0.0
train,mb-mp-e-form-072402,data/cifs/mb-mp-e-form-072402.cif,-1.623794456503333,0.0
train,mb-mp-e-form-016785,data/cifs/mb-mp-e-form-016785.cif,-0.0964481588793095,0.0
train,mb-mp-e-form-077158,data/cifs/mb-mp-e-form-077158.cif,-1.794509037671458,0.0
train,mb-mp-e-form-048602,data/cifs/mb-mp-e-form-048602.cif,-0.7422608822083343,0.0
train,mb-mp-e-form-105891,data/cifs/mb-mp-e-form-105891.cif,-2.5378175645833334,0.0
train,mb-mp-e-form-034629,data/cifs/mb-mp-e-form-034629.cif,-0.4472398139999995,0.0
train,mb-mp-e-form-118988,data/cifs/mb-mp-e-form-118988.cif,-2.9072061040624995,0.0
train,mb-mp-e-form-131618,data/cifs/mb-mp-e-form-131618.cif,-3.762299534062502,0.0
train,mb-mp-e-form-128944,data/cifs/mb-mp-e-form-128944.cif,-3.415108051214,0.0
train,mb-mp-e-form-041152,data/cifs/mb-mp-e-form-041152.cif,-0.5940117829411771,0.0
train,mb-mp-e-form-035521,data/cifs/mb-mp-e-form-035521.cif,-0.4744235851587312,0.0
train,mb-mp-e-form-107000,data/cifs/mb-mp-e-form-107000.cif,-2.551821656845,0.0
train,mb-mp-e-form-123879,data/cifs/mb-mp-e-form-123879.cif,-3.0842903278333336,0.0
train,mb-mp-e-form-066016,data/cifs/mb-mp-e-form-066016.cif,-1.4040921708757144,0.0
train,mb-mp-e-form-090452,data/cifs/mb-mp-e-form-090452.cif,-2.161864581607144,0.0
train,mb-mp-e-form-114516,data/cifs/mb-mp-e-form-114516.cif,-2.7290009179545454,0.0
train,mb-mp-e-form-035266,data/cifs/mb-mp-e-form-035266.cif,-0.4791755586785712,0.0
train,mb-mp-e-form-016366,data/cifs/mb-mp-e-form-016366.cif,-0.0835483723076934,0.0
train,mb-mp-e-form-107689,data/cifs/mb-mp-e-form-107689.cif,-2.564763962799619,0.0
train,mb-mp-e-form-023312,data/cifs/mb-mp-e-form-023312.cif,-0.2625206183903028,0.0
train,mb-mp-e-form-005368,data/cifs/mb-mp-e-form-005368.cif,0.2937028883333331,0.0
train,mb-mp-e-form-078743,data/cifs/mb-mp-e-form-078743.cif,-1.8163658422222224,0.0
train,mb-mp-e-form-039648,data/cifs/mb-mp-e-form-039648.cif,-0.5422449872222224,0.0
train,mb-mp-e-form-091393,data/cifs/mb-mp-e-form-091393.cif,-2.1749848616447367,0.0
train,mb-mp-e-form-080396,data/cifs/mb-mp-e-form-080396.cif,-1.8781233967500008,0.0
train,mb-mp-e-form-131224,data/cifs/mb-mp-e-form-131224.cif,-3.795940954166666,0.0
train,mb-mp-e-form-121284,data/cifs/mb-mp-e-form-121284.cif,-2.965452661162009,0.0
train,mb-mp-e-form-081087,data/cifs/mb-mp-e-form-081087.cif,-1.890168372211429,0.0
train,mb-mp-e-form-080816,data/cifs/mb-mp-e-form-080816.cif,-1.8923978367500005,0.0
train,mb-mp-e-form-026505,data/cifs/mb-mp-e-form-026505.cif,-0.3108025666666663,0.0
train,mb-mp-e-form-036691,data/cifs/mb-mp-e-form-036691.cif,-0.4938770087499993,0.0
train,mb-mp-e-form-112339,data/cifs/mb-mp-e-form-112339.cif,-2.666180243112964,0.0
train,mb-mp-e-form-124636,data/cifs/mb-mp-e-form-124636.cif,-3.0703552955357147,0.0
train,mb-mp-e-form-024750,data/cifs/mb-mp-e-form-024750.cif,-0.2815191583333332,0.0
train,mb-mp-e-form-033109,data/cifs/mb-mp-e-form-033109.cif,-0.4345283320833331,0.0
train,mb-mp-e-form-034006,data/cifs/mb-mp-e-form-034006.cif,-0.453150895666667,0.0
train,mb-mp-e-form-028793,data/cifs/mb-mp-e-form-028793.cif,-0.350143270450625,0.0
train,mb-mp-e-form-103116,data/cifs/mb-mp-e-form-103116.cif,-2.473726056750001,0.0
train,mb-mp-e-form-005426,data/cifs/mb-mp-e-form-005426.cif,0.2254844228448276,0.0
train,mb-mp-e-form-022135,data/cifs/mb-mp-e-form-022135.cif,-0.2335828258333334,0.0
train,mb-mp-e-form-026534,data/cifs/mb-mp-e-form-026534.cif,-0.3173270271428571,0.0
train,mb-mp-e-form-093644,data/cifs/mb-mp-e-form-093644.cif,-2.228958974092501,0.0
train,mb-mp-e-form-071134,data/cifs/mb-mp-e-form-071134.cif,-1.5920312234999998,0.0
train,mb-mp-e-form-004686,data/cifs/mb-mp-e-form-004686.cif,0.3476706166666676,0.0
train,mb-mp-e-form-097853,data/cifs/mb-mp-e-form-097853.cif,-2.378246014282966,0.0
train,mb-mp-e-form-087672,data/cifs/mb-mp-e-form-087672.cif,-2.0688500845960007,0.0
train,mb-mp-e-form-105650,data/cifs/mb-mp-e-form-105650.cif,-2.524386102627551,0.0
train,mb-mp-e-form-018258,data/cifs/mb-mp-e-form-018258.cif,-0.1444189733333326,0.0
train,mb-mp-e-form-078308,data/cifs/mb-mp-e-form-078308.cif,-1.818736818541668,0.0
train,mb-mp-e-form-088033,data/cifs/mb-mp-e-form-088033.cif,-2.0998902929941865,0.0
train,mb-mp-e-form-082636,data/cifs/mb-mp-e-form-082636.cif,-1.918646205428572,0.0
train,mb-mp-e-form-055449,data/cifs/mb-mp-e-form-055449.cif,-0.9484051510416668,0.0
train,mb-mp-e-form-088517,data/cifs/mb-mp-e-form-088517.cif,-2.111882656666667,0.0
train,mb-mp-e-form-016299,data/cifs/mb-mp-e-form-016299.cif,-0.0957467271428572,0.0
train,mb-mp-e-form-065206,data/cifs/mb-mp-e-form-065206.cif,-1.3435523228124997,0.0
train,mb-mp-e-form-089658,data/cifs/mb-mp-e-form-089658.cif,-2.141550862996031,0.0
train,mb-mp-e-form-060609,data/cifs/mb-mp-e-form-060609.cif,-1.140019202031251,0.0
train,mb-mp-e-form-035064,data/cifs/mb-mp-e-form-035064.cif,-0.4755862496296303,0.0
train,mb-mp-e-form-091656,data/cifs/mb-mp-e-form-091656.cif,-2.1877718907979995,0.0
train,mb-mp-e-form-037691,data/cifs/mb-mp-e-form-037691.cif,-0.5016497155622223,0.0
train,mb-mp-e-form-007564,data/cifs/mb-mp-e-form-007564.cif,0.13168938,0.0
train,mb-mp-e-form-074701,data/cifs/mb-mp-e-form-074701.cif,-1.710712264375001,0.0
train,mb-mp-e-form-006097,data/cifs/mb-mp-e-form-006097.cif,0.2169889760416667,0.0
train,mb-mp-e-form-091507,data/cifs/mb-mp-e-form-091507.cif,-2.177714451575574,0.0
train,mb-mp-e-form-113405,data/cifs/mb-mp-e-form-113405.cif,-2.7177080641833324,0.0
train,mb-mp-e-form-070779,data/cifs/mb-mp-e-form-070779.cif,-1.5633622056249994,0.0
train,mb-mp-e-form-126752,data/cifs/mb-mp-e-form-126752.cif,-3.1875680857142856,0.0
train,mb-mp-e-form-059734,data/cifs/mb-mp-e-form-059734.cif,-1.086159762135,0.0
train,mb-mp-e-form-103332,data/cifs/mb-mp-e-form-103332.cif,-2.47575319475,0.0
train,mb-mp-e-form-007663,data/cifs/mb-mp-e-form-007663.cif,0.1562055900000007,0.0
train,mb-mp-e-form-121998,data/cifs/mb-mp-e-form-121998.cif,-3.016003763309334,0.0
train,mb-mp-e-form-034192,data/cifs/mb-mp-e-form-034192.cif,-0.4504061704545453,0.0
train,mb-mp-e-form-022139,data/cifs/mb-mp-e-form-022139.cif,-0.2332213288690479,0.0
train,mb-mp-e-form-108987,data/cifs/mb-mp-e-form-108987.cif,-2.6086303727298845,0.0
train,mb-mp-e-form-070620,data/cifs/mb-mp-e-form-070620.cif,-1.5528545743000006,0.0
train,mb-mp-e-form-107623,data/cifs/mb-mp-e-form-107623.cif,-2.559276274935699,0.0
train,mb-mp-e-form-118105,data/cifs/mb-mp-e-form-118105.cif,-2.879832310833333,0.0
train,mb-mp-e-form-097763,data/cifs/mb-mp-e-form-097763.cif,-2.361188768693061,0.0
train,mb-mp-e-form-035365,data/cifs/mb-mp-e-form-035365.cif,-0.4720531601948052,0.0
train,mb-mp-e-form-019336,data/cifs/mb-mp-e-form-019336.cif,-0.1814847627777768,0.0
train,mb-mp-e-form-130588,data/cifs/mb-mp-e-form-130588.cif,-3.5584545760000013,0.0
train,mb-mp-e-form-020728,data/cifs/mb-mp-e-form-020728.cif,-0.200741500788544,0.0
train,mb-mp-e-form-002669,data/cifs/mb-mp-e-form-002669.cif,0.9583603469642858,0.0
train,mb-mp-e-form-028275,data/cifs/mb-mp-e-form-028275.cif,-0.3448395667857146,0.0
train,mb-mp-e-form-027661,data/cifs/mb-mp-e-form-027661.cif,-0.333971134375,0.0
train,mb-mp-e-form-098375,data/cifs/mb-mp-e-form-098375.cif,-2.3666434629166653,0.0
train,mb-mp-e-form-051190,data/cifs/mb-mp-e-form-051190.cif,-0.8157497750187659,0.0
train,mb-mp-e-form-122856,data/cifs/mb-mp-e-form-122856.cif,-3.053078639336531,0.0
train,mb-mp-e-form-106880,data/cifs/mb-mp-e-form-106880.cif,-2.5514461217625004,0.0
train,mb-mp-e-form-072161,data/cifs/mb-mp-e-form-072161.cif,-1.6332734978571437,0.0
train,mb-mp-e-form-042523,data/cifs/mb-mp-e-form-042523.cif,-0.6133566869327726,0.0
train,mb-mp-e-form-132306,data/cifs/mb-mp-e-form-132306.cif,-3.992424401465789,0.0
train,mb-mp-e-form-097205,data/cifs/mb-mp-e-form-097205.cif,-2.3408669432617195,0.0
train,mb-mp-e-form-056878,data/cifs/mb-mp-e-form-056878.cif,-1.0393033049999998,0.0
train,mb-mp-e-form-018618,data/cifs/mb-mp-e-form-018618.cif,-0.1442294070452083,0.0
train,mb-mp-e-form-058282,data/cifs/mb-mp-e-form-058282.cif,-1.046770178055556,0.0
train,mb-mp-e-form-072397,data/cifs/mb-mp-e-form-072397.cif,-1.643194120625,0.0
train,mb-mp-e-form-005061,data/cifs/mb-mp-e-form-005061.cif,0.2803750614062501,0.0
train,mb-mp-e-form-054419,data/cifs/mb-mp-e-form-054419.cif,-0.9150566768605264,0.0
train,mb-mp-e-form-064084,data/cifs/mb-mp-e-form-064084.cif,-1.3212811179166666,0.0
train,mb-mp-e-form-069572,data/cifs/mb-mp-e-form-069572.cif,-1.5184072277270833,0.0
train,mb-mp-e-form-052463,data/cifs/mb-mp-e-form-052463.cif,-0.8571023456718754,0.0
train,mb-mp-e-form-116181,data/cifs/mb-mp-e-form-116181.cif,-2.808786124487327,0.0
train,mb-mp-e-form-112409,data/cifs/mb-mp-e-form-112409.cif,-2.6747059687830697,0.0
train,mb-mp-e-form-017595,data/cifs/mb-mp-e-form-017595.cif,-0.1265695199999994,0.0
train,mb-mp-e-form-074157,data/cifs/mb-mp-e-form-074157.cif,-1.684953712066613,0.0
train,mb-mp-e-form-030369,data/cifs/mb-mp-e-form-030369.cif,-0.3768964180208327,0.0
train,mb-mp-e-form-076786,data/cifs/mb-mp-e-form-076786.cif,-1.7655244026923076,0.0
train,mb-mp-e-form-123935,data/cifs/mb-mp-e-form-123935.cif,-3.075495845929487,0.0
train,mb-mp-e-form-097655,data/cifs/mb-mp-e-form-097655.cif,-2.3456535947816666,0.0
train,mb-mp-e-form-094336,data/cifs/mb-mp-e-form-094336.cif,-2.2587403894444447,0.0
train,mb-mp-e-form-121776,data/cifs/mb-mp-e-form-121776.cif,-3.023698287083333,0.0
train,mb-mp-e-form-023865,data/cifs/mb-mp-e-form-023865.cif,-0.2530288787499994,0.0
train,mb-mp-e-form-072127,data/cifs/mb-mp-e-form-072127.cif,-1.633302431517858,0.0
train,mb-mp-e-form-112455,data/cifs/mb-mp-e-form-112455.cif,-2.690736593203125,0.0
train,mb-mp-e-form-042200,data/cifs/mb-mp-e-form-042200.cif,-0.6034452020864862,0.0
train,mb-mp-e-form-068826,data/cifs/mb-mp-e-form-068826.cif,-1.48254828875,0.0
train,mb-mp-e-form-097040,data/cifs/mb-mp-e-form-097040.cif,-2.3519480660000007,0.0
train,mb-mp-e-form-044552,data/cifs/mb-mp-e-form-044552.cif,-0.6499842260714281,0.0
train,mb-mp-e-form-092047,data/cifs/mb-mp-e-form-092047.cif,-2.2118930469375,0.0
train,mb-mp-e-form-015091,data/cifs/mb-mp-e-form-015091.cif,-0.0583853416666653,0.0
train,mb-mp-e-form-034399,data/cifs/mb-mp-e-form-034399.cif,-0.4455100108333329,0.0
train,mb-mp-e-form-016959,data/cifs/mb-mp-e-form-016959.cif,-0.1142886625000003,0.0
train,mb-mp-e-form-092023,data/cifs/mb-mp-e-form-092023.cif,-2.2153183334583333,0.0
train,mb-mp-e-form-008475,data/cifs/mb-mp-e-form-008475.cif,0.1014179187547505,0.0
train,mb-mp-e-form-005198,data/cifs/mb-mp-e-form-005198.cif,0.2658266508620692,0.0
train,mb-mp-e-form-060246,data/cifs/mb-mp-e-form-060246.cif,-1.1575617611309528,0.0
train,mb-mp-e-form-122247,data/cifs/mb-mp-e-form-122247.cif,-2.9953731162500006,0.0
train,mb-mp-e-form-000293,data/cifs/mb-mp-e-form-000293.cif,1.85838704375,0.0
train,mb-mp-e-form-069698,data/cifs/mb-mp-e-form-069698.cif,-1.512715981875,0.0
train,mb-mp-e-form-132154,data/cifs/mb-mp-e-form-132154.cif,-4.366560131725834,0.0
train,mb-mp-e-form-013823,data/cifs/mb-mp-e-form-013823.cif,-0.020651134285714,0.0
train,mb-mp-e-form-008219,data/cifs/mb-mp-e-form-008219.cif,0.1145922869999992,0.0
train,mb-mp-e-form-060212,data/cifs/mb-mp-e-form-060212.cif,-1.1227520356321838,0.0
train,mb-mp-e-form-071353,data/cifs/mb-mp-e-form-071353.cif,-1.5738757672941537,0.0
train,mb-mp-e-form-016856,data/cifs/mb-mp-e-form-016856.cif,-0.085586894375,0.0
train,mb-mp-e-form-092330,data/cifs/mb-mp-e-form-092330.cif,-2.199653336416667,0.0
train,mb-mp-e-form-073109,data/cifs/mb-mp-e-form-073109.cif,-1.667388032910749,0.0
train,mb-mp-e-form-095624,data/cifs/mb-mp-e-form-095624.cif,-2.3023178273716653,0.0
train,mb-mp-e-form-079130,data/cifs/mb-mp-e-form-079130.cif,-1.85450690131,0.0
train,mb-mp-e-form-128086,data/cifs/mb-mp-e-form-128086.cif,-3.355476920613637,0.0
train,mb-mp-e-form-129106,data/cifs/mb-mp-e-form-129106.cif,-3.3939663571590897,0.0
train,mb-mp-e-form-091528,data/cifs/mb-mp-e-form-091528.cif,-2.1955925018606326,0.0
train,mb-mp-e-form-071194,data/cifs/mb-mp-e-form-071194.cif,-1.607306736356857,0.0
train,mb-mp-e-form-100785,data/cifs/mb-mp-e-form-100785.cif,-2.436956940416666,0.0
train,mb-mp-e-form-115169,data/cifs/mb-mp-e-form-115169.cif,-2.765817787038544,0.0
train,mb-mp-e-form-121325,data/cifs/mb-mp-e-form-121325.cif,-2.9663409250000004,0.0
train,mb-mp-e-form-011226,data/cifs/mb-mp-e-form-011226.cif,0.0223142808333332,0.0
train,mb-mp-e-form-102184,data/cifs/mb-mp-e-form-102184.cif,-2.4540293121875,0.0
train,mb-mp-e-form-091574,data/cifs/mb-mp-e-form-091574.cif,-2.175449430736624,0.0
train,mb-mp-e-form-078562,data/cifs/mb-mp-e-form-078562.cif,-1.8228080630066668,0.0
train,mb-mp-e-form-024179,data/cifs/mb-mp-e-form-024179.cif,-0.277002070420167,0.0
train,mb-mp-e-form-117803,data/cifs/mb-mp-e-form-117803.cif,-2.862713985,0.0
train,mb-mp-e-form-059650,data/cifs/mb-mp-e-form-059650.cif,-1.1077274597988505,0.0
train,mb-mp-e-form-042738,data/cifs/mb-mp-e-form-042738.cif,-0.6074732318302034,0.0
train,mb-mp-e-form-116935,data/cifs/mb-mp-e-form-116935.cif,-2.831226205957792,0.0
train,mb-mp-e-form-028701,data/cifs/mb-mp-e-form-028701.cif,-0.3443986199999997,0.0
train,mb-mp-e-form-029145,data/cifs/mb-mp-e-form-029145.cif,-0.3646742600000001,0.0
train,mb-mp-e-form-103559,data/cifs/mb-mp-e-form-103559.cif,-2.470877843315217,0.0
train,mb-mp-e-form-123493,data/cifs/mb-mp-e-form-123493.cif,-3.051313330125001,0.0
train,mb-mp-e-form-119434,data/cifs/mb-mp-e-form-119434.cif,-2.9035944791841373,0.0
train,mb-mp-e-form-071557,data/cifs/mb-mp-e-form-071557.cif,-1.5998796922864849,0.0
train,mb-mp-e-form-098281,data/cifs/mb-mp-e-form-098281.cif,-2.367483982199999,0.0
train,mb-mp-e-form-000857,data/cifs/mb-mp-e-form-000857.cif,1.5870723725669644,0.0
train,mb-mp-e-form-032538,data/cifs/mb-mp-e-form-032538.cif,-0.4181783967857146,0.0
train,mb-mp-e-form-029405,data/cifs/mb-mp-e-form-029405.cif,-0.3718038786607143,0.0
train,mb-mp-e-form-027596,data/cifs/mb-mp-e-form-027596.cif,-0.3382535533333326,0.0
train,mb-mp-e-form-011661,data/cifs/mb-mp-e-form-011661.cif,0.0160967274999999,0.0
train,mb-mp-e-form-120282,data/cifs/mb-mp-e-form-120282.cif,-2.920865340870792,0.0
train,mb-mp-e-form-009477,data/cifs/mb-mp-e-form-009477.cif,0.0632560637500001,0.0
train,mb-mp-e-form-088724,data/cifs/mb-mp-e-form-088724.cif,-2.098533813719999,0.0
train,mb-mp-e-form-114898,data/cifs/mb-mp-e-form-114898.cif,-2.7765068493650804,0.0
train,mb-mp-e-form-083138,data/cifs/mb-mp-e-form-083138.cif,-1.9477187035937504,0.0
train,mb-mp-e-form-080978,data/cifs/mb-mp-e-form-080978.cif,-1.897588288205,0.0
train,mb-mp-e-form-031803,data/cifs/mb-mp-e-form-031803.cif,-0.4018082245833332,0.0
train,mb-mp-e-form-041441,data/cifs/mb-mp-e-form-041441.cif,-0.5965054316666661,0.0
train,mb-mp-e-form-058438,data/cifs/mb-mp-e-form-058438.cif,-1.06130029192888,0.0
train,mb-mp-e-form-075580,data/cifs/mb-mp-e-form-075580.cif,-1.73491617012409,0.0
train,mb-mp-e-form-094519,data/cifs/mb-mp-e-form-094519.cif,-2.2624960567361114,0.0
train,mb-mp-e-form-035170,data/cifs/mb-mp-e-form-035170.cif,-0.4629670914285714,0.0
train,mb-mp-e-form-103865,data/cifs/mb-mp-e-form-103865.cif,-2.4971466611989794,0.0
train,mb-mp-e-form-132204,data/cifs/mb-mp-e-form-132204.cif,-3.955570389400001,0.0
train,mb-mp-e-form-043659,data/cifs/mb-mp-e-form-043659.cif,-0.6191619106250001,0.0
train,mb-mp-e-form-093240,data/cifs/mb-mp-e-form-093240.cif,-2.244234263457793,0.0
train,mb-mp-e-form-058351,data/cifs/mb-mp-e-form-058351.cif,-1.0599650431907903,0.0
train,mb-mp-e-form-103384,data/cifs/mb-mp-e-form-103384.cif,-2.47446563013158,0.0
train,mb-mp-e-form-043564,data/cifs/mb-mp-e-form-043564.cif,-0.6370462449999998,0.0
train,mb-mp-e-form-104628,data/cifs/mb-mp-e-form-104628.cif,-2.499677924489645,0.0
train,mb-mp-e-form-013152,data/cifs/mb-mp-e-form-013152.cif,-0.0222438233333335,0.0
train,mb-mp-e-form-012309,data/cifs/mb-mp-e-form-012309.cif,0.0029394882758625,0.0
train,mb-mp-e-form-071736,data/cifs/mb-mp-e-form-071736.cif,-1.5818778942534166,0.0
train,mb-mp-e-form-044738,data/cifs/mb-mp-e-form-044738.cif,-0.6563931517500009,0.0
train,mb-mp-e-form-120670,data/cifs/mb-mp-e-form-120670.cif,-2.920097632108571,0.0
train,mb-mp-e-form-047062,data/cifs/mb-mp-e-form-047062.cif,-0.7256984605,0.0
train,mb-mp-e-form-049208,data/cifs/mb-mp-e-form-049208.cif,-0.761972115867143,0.0
train,mb-mp-e-form-031596,data/cifs/mb-mp-e-form-031596.cif,-0.4081500833333334,0.0
train,mb-mp-e-form-097087,data/cifs/mb-mp-e-form-097087.cif,-2.3361661673697927,0.0
train,mb-mp-e-form-011980,data/cifs/mb-mp-e-form-011980.cif,0.006966024375,0.0
train,mb-mp-e-form-068268,data/cifs/mb-mp-e-form-068268.cif,-1.4836721321130957,0.0
train,mb-mp-e-form-079862,data/cifs/mb-mp-e-form-079862.cif,-1.8597325857142848,0.0
train,mb-mp-e-form-072367,data/cifs/mb-mp-e-form-072367.cif,-1.6420994388457135,0.0
train,mb-mp-e-form-113488,data/cifs/mb-mp-e-form-113488.cif,-2.70161494262538,0.0
train,mb-mp-e-form-093585,data/cifs/mb-mp-e-form-093585.cif,-2.2481725933857137,0.0
train,mb-mp-e-form-037178,data/cifs/mb-mp-e-form-037178.cif,-0.5082719670355907,0.0
train,mb-mp-e-form-076260,data/cifs/mb-mp-e-form-076260.cif,-1.7531056517261907,0.0
train,mb-mp-e-form-014258,data/cifs/mb-mp-e-form-014258.cif,-0.0319289158620691,0.0
train,mb-mp-e-form-067080,data/cifs/mb-mp-e-form-067080.cif,-1.4380653733455877,0.0
train,mb-mp-e-form-089296,data/cifs/mb-mp-e-form-089296.cif,-2.122833569483282,0.0
train,mb-mp-e-form-107973,data/cifs/mb-mp-e-form-107973.cif,-2.572097267226563,0.0
train,mb-mp-e-form-082457,data/cifs/mb-mp-e-form-082457.cif,-1.914153475083077,0.0
train,mb-mp-e-form-016732,data/cifs/mb-mp-e-form-016732.cif,-0.1015434124999998,0.0
train,mb-mp-e-form-018917,data/cifs/mb-mp-e-form-018917.cif,-0.1657899653333338,0.0
train,mb-mp-e-form-002266,data/cifs/mb-mp-e-form-002266.cif,0.8988193975000001,0.0
train,mb-mp-e-form-033575,data/cifs/mb-mp-e-form-033575.cif,-0.4413889750000005,0.0
train,mb-mp-e-form-098998,data/cifs/mb-mp-e-form-098998.cif,-2.386344259123237,0.0
train,mb-mp-e-form-103597,data/cifs/mb-mp-e-form-103597.cif,-2.477702564152464,0.0
train,mb-mp-e-form-105287,data/cifs/mb-mp-e-form-105287.cif,-2.517638272045456,0.0
train,mb-mp-e-form-091501,data/cifs/mb-mp-e-form-091501.cif,-2.196774327270409,0.0
train,mb-mp-e-form-077421,data/cifs/mb-mp-e-form-077421.cif,-1.7888520494198286,0.0
train,mb-mp-e-form-003941,data/cifs/mb-mp-e-form-003941.cif,0.4297049888888888,0.0
train,mb-mp-e-form-001359,data/cifs/mb-mp-e-form-001359.cif,1.2252910175,0.0
train,mb-mp-e-form-004189,data/cifs/mb-mp-e-form-004189.cif,0.3430421784999999,0.0
train,mb-mp-e-form-109847,data/cifs/mb-mp-e-form-109847.cif,-2.6276211180298343,0.0
train,mb-mp-e-form-115656,data/cifs/mb-mp-e-form-115656.cif,-2.759448089983333,0.0
train,mb-mp-e-form-060269,data/cifs/mb-mp-e-form-060269.cif,-1.130346261822976,0.0
train,mb-mp-e-form-019355,data/cifs/mb-mp-e-form-019355.cif,-0.1737245556250002,0.0
train,mb-mp-e-form-056643,data/cifs/mb-mp-e-form-056643.cif,-0.9916482947844828,0.0
train,mb-mp-e-form-037021,data/cifs/mb-mp-e-form-037021.cif,-0.5152688096428574,0.0
train,mb-mp-e-form-018461,data/cifs/mb-mp-e-form-018461.cif,-0.1466533833333336,0.0
train,mb-mp-e-form-056583,data/cifs/mb-mp-e-form-056583.cif,-0.9755074680549568,0.0
train,mb-mp-e-form-118084,data/cifs/mb-mp-e-form-118084.cif,-2.872970114955,0.0
train,mb-mp-e-form-071623,data/cifs/mb-mp-e-form-071623.cif,-1.607914082627316,0.0
train,mb-mp-e-form-126717,data/cifs/mb-mp-e-form-126717.cif,-3.228845486904762,0.0
train,mb-mp-e-form-001969,data/cifs/mb-mp-e-form-001969.cif,0.7230090883333329,0.0
train,mb-mp-e-form-119848,data/cifs/mb-mp-e-form-119848.cif,-2.9198291528125,0.0
train,mb-mp-e-form-040638,data/cifs/mb-mp-e-form-040638.cif,-0.572087037068453,0.0
train,mb-mp-e-form-120236,data/cifs/mb-mp-e-form-120236.cif,-2.950717373083334,0.0
train,mb-mp-e-form-023550,data/cifs/mb-mp-e-form-023550.cif,-0.2580796150000001,0.0
train,mb-mp-e-form-109903,data/cifs/mb-mp-e-form-109903.cif,-2.6326393762976195,0.0
train,mb-mp-e-form-121100,data/cifs/mb-mp-e-form-121100.cif,-2.980764328942,0.0
train,mb-mp-e-form-056201,data/cifs/mb-mp-e-form-056201.cif,-0.9735183682291664,0.0
train,mb-mp-e-form-009264,data/cifs/mb-mp-e-form-009264.cif,0.0772448714285712,0.0
train,mb-mp-e-form-089222,data/cifs/mb-mp-e-form-089222.cif,-2.124795193625,0.0
train,mb-mp-e-form-117246,data/cifs/mb-mp-e-form-117246.cif,-2.825007366286499,0.0
train,mb-mp-e-form-034187,data/cifs/mb-mp-e-form-034187.cif,-0.457954353858418,0.0
train,mb-mp-e-form-127976,data/cifs/mb-mp-e-form-127976.cif,-3.348962782916666,0.0
train,mb-mp-e-form-036848,data/cifs/mb-mp-e-form-036848.cif,-0.4830512833333333,0.0
train,mb-mp-e-form-106031,data/cifs/mb-mp-e-form-106031.cif,-2.534918511363636,0.0
train,mb-mp-e-form-036671,data/cifs/mb-mp-e-form-036671.cif,-0.4832624262500005,0.0
train,mb-mp-e-form-090507,data/cifs/mb-mp-e-form-090507.cif,-2.1495847703386706,0.0
train,mb-mp-e-form-121706,data/cifs/mb-mp-e-form-121706.cif,-2.9646641656799995,0.0
train,mb-mp-e-form-015773,data/cifs/mb-mp-e-form-015773.cif,-0.0668408085848213,0.0
train,mb-mp-e-form-025913,data/cifs/mb-mp-e-form-025913.cif,-0.3056837720000001,0.0
train,mb-mp-e-form-009530,data/cifs/mb-mp-e-form-009530.cif,0.0876944399999999,0.0
train,mb-mp-e-form-094319,data/cifs/mb-mp-e-form-094319.cif,-2.258567284375,0.0
train,mb-mp-e-form-017388,data/cifs/mb-mp-e-form-017388.cif,-0.1207160356868137,0.0
train,mb-mp-e-form-046844,data/cifs/mb-mp-e-form-046844.cif,-0.6983831324999996,0.0
train,mb-mp-e-form-074584,data/cifs/mb-mp-e-form-074584.cif,-1.682934318020833,0.0
train,mb-mp-e-form-115865,data/cifs/mb-mp-e-form-115865.cif,-2.8074179779687496,0.0
train,mb-mp-e-form-034104,data/cifs/mb-mp-e-form-034104.cif,-0.4496914893749997,0.0
train,mb-mp-e-form-013700,data/cifs/mb-mp-e-form-013700.cif,-0.0092948006249997,0.0
train,mb-mp-e-form-088464,data/cifs/mb-mp-e-form-088464.cif,-2.0909757500530364,0.0
train,mb-mp-e-form-071840,data/cifs/mb-mp-e-form-071840.cif,-1.641163499027381,0.0
train,mb-mp-e-form-076140,data/cifs/mb-mp-e-form-076140.cif,-1.7762954631151704,0.0
train,mb-mp-e-form-124852,data/cifs/mb-mp-e-form-124852.cif,-3.158660088888889,0.0
train,mb-mp-e-form-066527,data/cifs/mb-mp-e-form-066527.cif,-1.3870665301086966,0.0
train,mb-mp-e-form-020287,data/cifs/mb-mp-e-form-020287.cif,-0.190479163076923,0.0
train,mb-mp-e-form-130643,data/cifs/mb-mp-e-form-130643.cif,-3.576156234537038,0.0
train,mb-mp-e-form-128375,data/cifs/mb-mp-e-form-128375.cif,-3.38795727699074,0.0
train,mb-mp-e-form-086760,data/cifs/mb-mp-e-form-086760.cif,-2.035567650865385,0.0
train,mb-mp-e-form-020666,data/cifs/mb-mp-e-form-020666.cif,-0.1882669442685706,0.0
train,mb-mp-e-form-049641,data/cifs/mb-mp-e-form-049641.cif,-0.7763357628021984,0.0
train,mb-mp-e-form-019840,data/cifs/mb-mp-e-form-019840.cif,-0.1677784662500006,0.0
train,mb-mp-e-form-058926,data/cifs/mb-mp-e-form-058926.cif,-1.0914875310714278,0.0
train,mb-mp-e-form-007300,data/cifs/mb-mp-e-form-007300.cif,0.150559030454545,0.0
train,mb-mp-e-form-098555,data/cifs/mb-mp-e-form-098555.cif,-2.378750620769232,0.0
train,mb-mp-e-form-092419,data/cifs/mb-mp-e-form-092419.cif,-2.221916617480001,0.0
train,mb-mp-e-form-042189,data/cifs/mb-mp-e-form-042189.cif,-0.6075539904508207,0.0
train,mb-mp-e-form-079468,data/cifs/mb-mp-e-form-079468.cif,-1.8406760936111108,0.0
train,mb-mp-e-form-098017,data/cifs/mb-mp-e-form-098017.cif,-2.379681453333332,0.0
train,mb-mp-e-form-008367,data/cifs/mb-mp-e-form-008367.cif,0.0938058763750003,0.0
train,mb-mp-e-form-106535,data/cifs/mb-mp-e-form-106535.cif,-2.531633625371978,0.0
train,mb-mp-e-form-132046,data/cifs/mb-mp-e-form-132046.cif,-3.86421516746,0.0
train,mb-mp-e-form-068341,data/cifs/mb-mp-e-form-068341.cif,-1.46576644,0.0
train,mb-mp-e-form-044062,data/cifs/mb-mp-e-form-044062.cif,-0.642019320714286,0.0
train,mb-mp-e-form-017212,data/cifs/mb-mp-e-form-017212.cif,-0.1198854295000003,0.0
train,mb-mp-e-form-098601,data/cifs/mb-mp-e-form-098601.cif,-2.364345903981482,0.0
train,mb-mp-e-form-025111,data/cifs/mb-mp-e-form-025111.cif,-0.3033792474999996,0.0
train,mb-mp-e-form-090862,data/cifs/mb-mp-e-form-090862.cif,-2.176370681041668,0.0
train,mb-mp-e-form-074904,data/cifs/mb-mp-e-form-074904.cif,-1.7244027284375,0.0
train,mb-mp-e-form-040413,data/cifs/mb-mp-e-form-040413.cif,-0.5719234534821435,0.0
train,mb-mp-e-form-052457,data/cifs/mb-mp-e-form-052457.cif,-0.8458815462499997,0.0
train,mb-mp-e-form-080282,data/cifs/mb-mp-e-form-080282.cif,-1.874584384349999,0.0
train,mb-mp-e-form-074566,data/cifs/mb-mp-e-form-074566.cif,-1.6888449365255171,0.0
train,mb-mp-e-form-022959,data/cifs/mb-mp-e-form-022959.cif,-0.259877179166667,0.0
train,mb-mp-e-form-023167,data/cifs/mb-mp-e-form-023167.cif,-0.2559021447699997,0.0
train,mb-mp-e-form-047158,data/cifs/mb-mp-e-form-047158.cif,-0.7114199167968751,0.0
train,mb-mp-e-form-130149,data/cifs/mb-mp-e-form-130149.cif,-3.525046165145503,0.0
train,mb-mp-e-form-056665,data/cifs/mb-mp-e-form-056665.cif,-0.987992139375001,0.0
train,mb-mp-e-form-038716,data/cifs/mb-mp-e-form-038716.cif,-0.5327586366666666,0.0
train,mb-mp-e-form-054653,data/cifs/mb-mp-e-form-054653.cif,-0.9056800734558612,0.0
train,mb-mp-e-form-063179,data/cifs/mb-mp-e-form-063179.cif,-1.2538992100257356,0.0
train,mb-mp-e-form-054944,data/cifs/mb-mp-e-form-054944.cif,-0.9351311135714278,0.0
train,mb-mp-e-form-057398,data/cifs/mb-mp-e-form-057398.cif,-1.0193894467718174,0.0
train,mb-mp-e-form-041551,data/cifs/mb-mp-e-form-041551.cif,-0.5899663152884609,0.0
train,mb-mp-e-form-126695,data/cifs/mb-mp-e-form-126695.cif,-3.191473562333333,0.0
train,mb-mp-e-form-050500,data/cifs/mb-mp-e-form-050500.cif,-0.7857685649999997,0.0
train,mb-mp-e-form-107440,data/cifs/mb-mp-e-form-107440.cif,-2.5581759157318364,0.0
train,mb-mp-e-form-118357,data/cifs/mb-mp-e-form-118357.cif,-2.8727886952651507,0.0
train,mb-mp-e-form-112493,data/cifs/mb-mp-e-form-112493.cif,-2.6707851769669992,0.0
train,mb-mp-e-form-030706,data/cifs/mb-mp-e-form-030706.cif,-0.3736562852631589,0.0
train,mb-mp-e-form-122151,data/cifs/mb-mp-e-form-122151.cif,-2.991011897994285,0.0
train,mb-mp-e-form-044199,data/cifs/mb-mp-e-form-044199.cif,-0.652917381111112,0.0
train,mb-mp-e-form-035761,data/cifs/mb-mp-e-form-035761.cif,-0.4752911708928573,0.0
train,mb-mp-e-form-025614,data/cifs/mb-mp-e-form-025614.cif,-0.289672553333333,0.0
train,mb-mp-e-form-047128,data/cifs/mb-mp-e-form-047128.cif,-0.7222605987500001,0.0
train,mb-mp-e-form-042226,data/cifs/mb-mp-e-form-042226.cif,-0.5980009282436956,0.0
train,mb-mp-e-form-113142,data/cifs/mb-mp-e-form-113142.cif,-2.704510778708571,0.0
train,mb-mp-e-form-091305,data/cifs/mb-mp-e-form-091305.cif,-2.190176487673483,0.0
train,mb-mp-e-form-007440,data/cifs/mb-mp-e-form-007440.cif,0.1318664722321427,0.0
train,mb-mp-e-form-095246,data/cifs/mb-mp-e-form-095246.cif,-2.29474061453125,0.0
train,mb-mp-e-form-126422,data/cifs/mb-mp-e-form-126422.cif,-3.196033647096394,0.0
train,mb-mp-e-form-102686,data/cifs/mb-mp-e-form-102686.cif,-2.4639742584827773,0.0
train,mb-mp-e-form-073405,data/cifs/mb-mp-e-form-073405.cif,-1.6489983244866668,0.0
train,mb-mp-e-form-079627,data/cifs/mb-mp-e-form-079627.cif,-1.843596926847827,0.0
train,mb-mp-e-form-025223,data/cifs/mb-mp-e-form-025223.cif,-0.2940912436229379,0.0
train,mb-mp-e-form-035284,data/cifs/mb-mp-e-form-035284.cif,-0.4766369509558819,0.0
train,mb-mp-e-form-127081,data/cifs/mb-mp-e-form-127081.cif,-3.275338414631137,0.0
train,mb-mp-e-form-084769,data/cifs/mb-mp-e-form-084769.cif,-1.9714551258333337,0.0
train,mb-mp-e-form-046590,data/cifs/mb-mp-e-form-046590.cif,-0.7055511646289068,0.0
train,mb-mp-e-form-095408,data/cifs/mb-mp-e-form-095408.cif,-2.2988225791406256,0.0
train,mb-mp-e-form-051884,data/cifs/mb-mp-e-form-051884.cif,-0.8168150316071439,0.0
train,mb-mp-e-form-006585,data/cifs/mb-mp-e-form-006585.cif,0.2160521487499993,0.0
train,mb-mp-e-form-024823,data/cifs/mb-mp-e-form-024823.cif,-0.2781456099999997,0.0
train,mb-mp-e-form-021101,data/cifs/mb-mp-e-form-021101.cif,-0.2119752733333335,0.0
train,mb-mp-e-form-080237,data/cifs/mb-mp-e-form-080237.cif,-1.868793610869565,0.0
train,mb-mp-e-form-101932,data/cifs/mb-mp-e-form-101932.cif,-2.45487211625,0.0
train,mb-mp-e-form-051924,data/cifs/mb-mp-e-form-051924.cif,-0.8634932273214295,0.0
train,mb-mp-e-form-007872,data/cifs/mb-mp-e-form-007872.cif,0.1375101924999999,0.0
train,mb-mp-e-form-093200,data/cifs/mb-mp-e-form-093200.cif,-2.2262612440703227,0.0
train,mb-mp-e-form-128220,data/cifs/mb-mp-e-form-128220.cif,-3.3043548082142857,0.0
train,mb-mp-e-form-026182,data/cifs/mb-mp-e-form-026182.cif,-0.3077316842610526,0.0
train,mb-mp-e-form-000080,data/cifs/mb-mp-e-form-000080.cif,1.8521129575,0.0
train,mb-mp-e-form-129583,data/cifs/mb-mp-e-form-129583.cif,-3.43762421421875,0.0
train,mb-mp-e-form-061887,data/cifs/mb-mp-e-form-061887.cif,-1.2287651996428568,0.0
train,mb-mp-e-form-118073,data/cifs/mb-mp-e-form-118073.cif,-2.8579842128537414,0.0
train,mb-mp-e-form-074713,data/cifs/mb-mp-e-form-074713.cif,-1.711098045029241,0.0
train,mb-mp-e-form-095880,data/cifs/mb-mp-e-form-095880.cif,-2.3297077767032963,0.0
train,mb-mp-e-form-073102,data/cifs/mb-mp-e-form-073102.cif,-1.6685678421900008,0.0
train,mb-mp-e-form-128605,data/cifs/mb-mp-e-form-128605.cif,-3.319216594804688,0.0
train,mb-mp-e-form-104739,data/cifs/mb-mp-e-form-104739.cif,-2.487495105819656,0.0
train,mb-mp-e-form-108378,data/cifs/mb-mp-e-form-108378.cif,-2.583348585755379,0.0
train,mb-mp-e-form-000351,data/cifs/mb-mp-e-form-000351.cif,2.0647784712500004,0.0
train,mb-mp-e-form-061751,data/cifs/mb-mp-e-form-061751.cif,-1.197966255625,0.0
train,mb-mp-e-form-106922,data/cifs/mb-mp-e-form-106922.cif,-2.569037840883295,0.0
train,mb-mp-e-form-006404,data/cifs/mb-mp-e-form-006404.cif,0.1860449280555549,0.0
train,mb-mp-e-form-023933,data/cifs/mb-mp-e-form-023933.cif,-0.2804543420312508,0.0
train,mb-mp-e-form-007167,data/cifs/mb-mp-e-form-007167.cif,0.1398862970312504,0.0
train,mb-mp-e-form-094559,data/cifs/mb-mp-e-form-094559.cif,-2.267477861020409,0.0
train,mb-mp-e-form-004454,data/cifs/mb-mp-e-form-004454.cif,0.3348549400000014,0.0
train,mb-mp-e-form-079040,data/cifs/mb-mp-e-form-079040.cif,-1.838991265685,0.0
train,mb-mp-e-form-036892,data/cifs/mb-mp-e-form-036892.cif,-0.4956030269999999,0.0
train,mb-mp-e-form-008410,data/cifs/mb-mp-e-form-008410.cif,0.1259206745000003,0.0
train,mb-mp-e-form-087969,data/cifs/mb-mp-e-form-087969.cif,-2.091588259750001,0.0
train,mb-mp-e-form-051306,data/cifs/mb-mp-e-form-051306.cif,-0.8349480392857147,0.0
train,mb-mp-e-form-076886,data/cifs/mb-mp-e-form-076886.cif,-1.7892427863551357,0.0
train,mb-mp-e-form-073083,data/cifs/mb-mp-e-form-073083.cif,-1.6592935098437511,0.0
train,mb-mp-e-form-030486,data/cifs/mb-mp-e-form-030486.cif,-0.3837113599999995,0.0
train,mb-mp-e-form-116798,data/cifs/mb-mp-e-form-116798.cif,-2.824876355691964,0.0
train,mb-mp-e-form-108345,data/cifs/mb-mp-e-form-108345.cif,-2.579269750833335,0.0
train,mb-mp-e-form-035716,data/cifs/mb-mp-e-form-035716.cif,-0.4694455422222218,0.0
train,mb-mp-e-form-046401,data/cifs/mb-mp-e-form-046401.cif,-0.7028502628571422,0.0
train,mb-mp-e-form-056077,data/cifs/mb-mp-e-form-056077.cif,-0.9844129082533328,0.0
train,mb-mp-e-form-101864,data/cifs/mb-mp-e-form-101864.cif,-2.4640262698180693,0.0
train,mb-mp-e-form-106378,data/cifs/mb-mp-e-form-106378.cif,-2.5425885841486715,0.0
train,mb-mp-e-form-112313,data/cifs/mb-mp-e-form-112313.cif,-2.679187065,0.0
train,mb-mp-e-form-105454,data/cifs/mb-mp-e-form-105454.cif,-2.526077764635285,0.0
train,mb-mp-e-form-059537,data/cifs/mb-mp-e-form-059537.cif,-1.1042906609999996,0.0
train,mb-mp-e-form-038979,data/cifs/mb-mp-e-form-038979.cif,-0.5366928994444441,0.0
train,mb-mp-e-form-019040,data/cifs/mb-mp-e-form-019040.cif,-0.1611751495607686,0.0
train,mb-mp-e-form-103839,data/cifs/mb-mp-e-form-103839.cif,-2.501622355902779,0.0
train,mb-mp-e-form-023594,data/cifs/mb-mp-e-form-023594.cif,-0.2528023739772729,0.0
train,mb-mp-e-form-075997,data/cifs/mb-mp-e-form-075997.cif,-1.7689971364078556,0.0
train,mb-mp-e-form-081261,data/cifs/mb-mp-e-form-081261.cif,-1.902504363295453,0.0
train,mb-mp-e-form-050722,data/cifs/mb-mp-e-form-050722.cif,-0.8080661612500002,0.0
train,mb-mp-e-form-029315,data/cifs/mb-mp-e-form-029315.cif,-0.3636357529166667,0.0
train,mb-mp-e-form-010919,data/cifs/mb-mp-e-form-010919.cif,0.0346924700000004,0.0
train,mb-mp-e-form-085282,data/cifs/mb-mp-e-form-085282.cif,-2.0102727299711685,0.0
train,mb-mp-e-form-080399,data/cifs/mb-mp-e-form-080399.cif,-1.8695032274999992,0.0
train,mb-mp-e-form-108726,data/cifs/mb-mp-e-form-108726.cif,-2.593695738300001,0.0
train,mb-mp-e-form-131702,data/cifs/mb-mp-e-form-131702.cif,-3.6917961903084415,0.0
train,mb-mp-e-form-111785,data/cifs/mb-mp-e-form-111785.cif,-2.6788789306849994,0.0
train,mb-mp-e-form-083888,data/cifs/mb-mp-e-form-083888.cif,-2.0017831536197925,0.0
train,mb-mp-e-form-106896,data/cifs/mb-mp-e-form-106896.cif,-2.571241839466285,0.0
train,mb-mp-e-form-074469,data/cifs/mb-mp-e-form-074469.cif,-1.6850639763263884,0.0
train,mb-mp-e-form-122621,data/cifs/mb-mp-e-form-122621.cif,-2.987299935,0.0
train,mb-mp-e-form-014466,data/cifs/mb-mp-e-form-014466.cif,-0.038234318333334,0.0
train,mb-mp-e-form-049125,data/cifs/mb-mp-e-form-049125.cif,-0.7628810699999997,0.0
train,mb-mp-e-form-056730,data/cifs/mb-mp-e-form-056730.cif,-0.9974555488571426,0.0
train,mb-mp-e-form-038095,data/cifs/mb-mp-e-form-038095.cif,-0.5350128475,0.0
train,mb-mp-e-form-077762,data/cifs/mb-mp-e-form-077762.cif,-1.788042273562502,0.0
train,mb-mp-e-form-060818,data/cifs/mb-mp-e-form-060818.cif,-1.1199893741666669,0.0
train,mb-mp-e-form-024377,data/cifs/mb-mp-e-form-024377.cif,-0.2851474507142863,0.0
train,mb-mp-e-form-096964,data/cifs/mb-mp-e-form-096964.cif,-2.344095166607142,0.0
train,mb-mp-e-form-014353,data/cifs/mb-mp-e-form-014353.cif,-0.0447802710000004,0.0
train,mb-mp-e-form-020406,data/cifs/mb-mp-e-form-020406.cif,-0.1844896462499994,0.0
train,mb-mp-e-form-093788,data/cifs/mb-mp-e-form-093788.cif,-2.2670609957142847,0.0
train,mb-mp-e-form-091308,data/cifs/mb-mp-e-form-091308.cif,-2.1966352430833345,0.0
train,mb-mp-e-form-047508,data/cifs/mb-mp-e-form-047508.cif,-0.7226289675000004,0.0
train,mb-mp-e-form-076387,data/cifs/mb-mp-e-form-076387.cif,-1.773316276862857,0.0
train,mb-mp-e-form-023449,data/cifs/mb-mp-e-form-023449.cif,-0.2523605266666659,0.0
train,mb-mp-e-form-002609,data/cifs/mb-mp-e-form-002609.cif,0.7372481744200003,0.0
train,mb-mp-e-form-057423,data/cifs/mb-mp-e-form-057423.cif,-1.0334349490833332,0.0
train,mb-mp-e-form-104354,data/cifs/mb-mp-e-form-104354.cif,-2.4916882379714287,0.0
train,mb-mp-e-form-007055,data/cifs/mb-mp-e-form-007055.cif,0.1280063070833335,0.0
train,mb-mp-e-form-094177,data/cifs/mb-mp-e-form-094177.cif,-2.264018734107142,0.0
train,mb-mp-e-form-002685,data/cifs/mb-mp-e-form-002685.cif,0.8518451174999999,0.0
train,mb-mp-e-form-102377,data/cifs/mb-mp-e-form-102377.cif,-2.4637465620238097,0.0
train,mb-mp-e-form-092440,data/cifs/mb-mp-e-form-092440.cif,-2.2041370991751705,0.0
train,mb-mp-e-form-045878,data/cifs/mb-mp-e-form-045878.cif,-0.6781650793749998,0.0
train,mb-mp-e-form-000603,data/cifs/mb-mp-e-form-000603.cif,1.6795898525,0.0
train,mb-mp-e-form-076808,data/cifs/mb-mp-e-form-076808.cif,-1.7603351914285714,0.0
train,mb-mp-e-form-097780,data/cifs/mb-mp-e-form-097780.cif,-2.37053298,0.0
train,mb-mp-e-form-090178,data/cifs/mb-mp-e-form-090178.cif,-2.148199988749999,0.0
train,mb-mp-e-form-125525,data/cifs/mb-mp-e-form-125525.cif,-3.148569923250001,0.0
train,mb-mp-e-form-106841,data/cifs/mb-mp-e-form-106841.cif,-2.553232429729792,0.0
train,mb-mp-e-form-115083,data/cifs/mb-mp-e-form-115083.cif,-2.757872390453202,0.0
train,mb-mp-e-form-111204,data/cifs/mb-mp-e-form-111204.cif,-2.6626268241919986,0.0
train,mb-mp-e-form-118894,data/cifs/mb-mp-e-form-118894.cif,-2.915213294635416,0.0
train,mb-mp-e-form-053215,data/cifs/mb-mp-e-form-053215.cif,-0.8835680158439061,0.0
train,mb-mp-e-form-126327,data/cifs/mb-mp-e-form-126327.cif,-3.201011981004572,0.0
train,mb-mp-e-form-065109,data/cifs/mb-mp-e-form-065109.cif,-1.3597199462853709,0.0
train,mb-mp-e-form-115408,data/cifs/mb-mp-e-form-115408.cif,-2.752325004911347,0.0
train,mb-mp-e-form-071464,data/cifs/mb-mp-e-form-071464.cif,-1.596710343942857,0.0
train,mb-mp-e-form-114511,data/cifs/mb-mp-e-form-114511.cif,-2.730119055199206,0.0
train,mb-mp-e-form-039715,data/cifs/mb-mp-e-form-039715.cif,-0.5495488608333339,0.0
train,mb-mp-e-form-003553,data/cifs/mb-mp-e-form-003553.cif,0.5414617050300006,0.0
train,mb-mp-e-form-018378,data/cifs/mb-mp-e-form-018378.cif,-0.1330630624999997,0.0
train,mb-mp-e-form-112066,data/cifs/mb-mp-e-form-112066.cif,-2.670732010133929,0.0
train,mb-mp-e-form-022830,data/cifs/mb-mp-e-form-022830.cif,-0.2463546542857138,0.0
train,mb-mp-e-form-058200,data/cifs/mb-mp-e-form-058200.cif,-1.0553576578642858,0.0
train,mb-mp-e-form-004023,data/cifs/mb-mp-e-form-004023.cif,0.3035000374821432,0.0
train,mb-mp-e-form-070537,data/cifs/mb-mp-e-form-070537.cif,-1.559868129073,0.0
train,mb-mp-e-form-091095,data/cifs/mb-mp-e-form-091095.cif,-2.186999810673077,0.0
train,mb-mp-e-form-109525,data/cifs/mb-mp-e-form-109525.cif,-2.615665542420634,0.0
train,mb-mp-e-form-035959,data/cifs/mb-mp-e-form-035959.cif,-0.4950904433333332,0.0
train,mb-mp-e-form-079534,data/cifs/mb-mp-e-form-079534.cif,-1.844816665911459,0.0
train,mb-mp-e-form-094616,data/cifs/mb-mp-e-form-094616.cif,-2.2565220698350315,0.0
train,mb-mp-e-form-001090,data/cifs/mb-mp-e-form-001090.cif,1.3528363675,0.0
train,mb-mp-e-form-098652,data/cifs/mb-mp-e-form-098652.cif,-2.3745348610714285,0.0
train,mb-mp-e-form-044454,data/cifs/mb-mp-e-form-044454.cif,-0.6397304183333331,0.0
train,mb-mp-e-form-020232,data/cifs/mb-mp-e-form-020232.cif,-0.1910900388888884,0.0
train,mb-mp-e-form-096227,data/cifs/mb-mp-e-form-096227.cif,-2.321819712637362,0.0
train,mb-mp-e-form-102570,data/cifs/mb-mp-e-form-102570.cif,-2.464135520286096,0.0
train,mb-mp-e-form-011311,data/cifs/mb-mp-e-form-011311.cif,0.0138027324999994,0.0
train,mb-mp-e-form-111828,data/cifs/mb-mp-e-form-111828.cif,-2.684463392916666,0.0
train,mb-mp-e-form-126119,data/cifs/mb-mp-e-form-126119.cif,-3.197471986257576,0.0
train,mb-mp-e-form-080509,data/cifs/mb-mp-e-form-080509.cif,-1.869667322176724,0.0
train,mb-mp-e-form-098207,data/cifs/mb-mp-e-form-098207.cif,-2.3723835662499995,0.0
train,mb-mp-e-form-073881,data/cifs/mb-mp-e-form-073881.cif,-1.6982750249999998,0.0
train,mb-mp-e-form-129079,data/cifs/mb-mp-e-form-129079.cif,-3.425580226856061,0.0
train,mb-mp-e-form-114919,data/cifs/mb-mp-e-form-114919.cif,-2.765775764383504,0.0
train,mb-mp-e-form-115771,data/cifs/mb-mp-e-form-115771.cif,-2.790170904250001,0.0
train,mb-mp-e-form-111914,data/cifs/mb-mp-e-form-111914.cif,-2.688372473844286,0.0
train,mb-mp-e-form-037084,data/cifs/mb-mp-e-form-037084.cif,-0.51256562875,0.0
train,mb-mp-e-form-119175,data/cifs/mb-mp-e-form-119175.cif,-2.89247615564394,0.0
train,mb-mp-e-form-076509,data/cifs/mb-mp-e-form-076509.cif,-1.7636699718219038,0.0
train,mb-mp-e-form-080696,data/cifs/mb-mp-e-form-080696.cif,-1.859116974491428,0.0
train,mb-mp-e-form-088144,data/cifs/mb-mp-e-form-088144.cif,-2.1037552749038464,0.0
train,mb-mp-e-form-090364,data/cifs/mb-mp-e-form-090364.cif,-2.164603332051112,0.0
train,mb-mp-e-form-125695,data/cifs/mb-mp-e-form-125695.cif,-3.1505750997274444,0.0
train,mb-mp-e-form-104579,data/cifs/mb-mp-e-form-104579.cif,-2.503561561309524,0.0
train,mb-mp-e-form-085225,data/cifs/mb-mp-e-form-085225.cif,-2.002376116485119,0.0
train,mb-mp-e-form-048424,data/cifs/mb-mp-e-form-048424.cif,-0.7447871487500005,0.0
train,mb-mp-e-form-098614,data/cifs/mb-mp-e-form-098614.cif,-2.3694079284340663,0.0
train,mb-mp-e-form-101090,data/cifs/mb-mp-e-form-101090.cif,-2.4239052832699994,0.0
train,mb-mp-e-form-069885,data/cifs/mb-mp-e-form-069885.cif,-1.570459525394737,0.0
train,mb-mp-e-form-097495,data/cifs/mb-mp-e-form-097495.cif,-2.3502251841369035,0.0
train,mb-mp-e-form-116703,data/cifs/mb-mp-e-form-116703.cif,-2.810497964299365,0.0
train,mb-mp-e-form-086496,data/cifs/mb-mp-e-form-086496.cif,-2.0577307348297302,0.0
train,mb-mp-e-form-021053,data/cifs/mb-mp-e-form-021053.cif,-0.2119564203124996,0.0
train,mb-mp-e-form-062943,data/cifs/mb-mp-e-form-062943.cif,-1.2807797476250002,0.0
train,mb-mp-e-form-016565,data/cifs/mb-mp-e-form-016565.cif,-0.1043475689473684,0.0
train,mb-mp-e-form-093195,data/cifs/mb-mp-e-form-093195.cif,-2.247434437163266,0.0
train,mb-mp-e-form-129563,data/cifs/mb-mp-e-form-129563.cif,-3.39688085725,0.0
train,mb-mp-e-form-112061,data/cifs/mb-mp-e-form-112061.cif,-2.669689385445402,0.0
train,mb-mp-e-form-051673,data/cifs/mb-mp-e-form-051673.cif,-0.8331256108571431,0.0
train,mb-mp-e-form-130500,data/cifs/mb-mp-e-form-130500.cif,-3.5644093107500003,0.0
train,mb-mp-e-form-131545,data/cifs/mb-mp-e-form-131545.cif,-3.798452682916666,0.0
train,mb-mp-e-form-114789,data/cifs/mb-mp-e-form-114789.cif,-2.75253564,0.0
train,mb-mp-e-form-016911,data/cifs/mb-mp-e-form-016911.cif,-0.1140592954285708,0.0
train,mb-mp-e-form-100386,data/cifs/mb-mp-e-form-100386.cif,-2.423480304953704,0.0
train,mb-mp-e-form-111191,data/cifs/mb-mp-e-form-111191.cif,-2.6499615221557886,0.0
train,mb-mp-e-form-087321,data/cifs/mb-mp-e-form-087321.cif,-2.0817741508925005,0.0
train,mb-mp-e-form-020614,data/cifs/mb-mp-e-form-020614.cif,-0.1851075338888888,0.0
train,mb-mp-e-form-026811,data/cifs/mb-mp-e-form-026811.cif,-0.3093672175000002,0.0
train,mb-mp-e-form-092939,data/cifs/mb-mp-e-form-092939.cif,-2.23299999637221,0.0
train,mb-mp-e-form-027323,data/cifs/mb-mp-e-form-027323.cif,-0.3313466583333332,0.0
train,mb-mp-e-form-125774,data/cifs/mb-mp-e-form-125774.cif,-3.180181000885417,0.0
train,mb-mp-e-form-111665,data/cifs/mb-mp-e-form-111665.cif,-2.665475755546882,0.0
train,mb-mp-e-form-070449,data/cifs/mb-mp-e-form-070449.cif,-1.5618031294588124,0.0
train,mb-mp-e-form-132245,data/cifs/mb-mp-e-form-132245.cif,-3.98951805246,0.0
train,mb-mp-e-form-014800,data/cifs/mb-mp-e-form-014800.cif,-0.0340497682222209,0.0
train,mb-mp-e-form-109581,data/cifs/mb-mp-e-form-109581.cif,-2.609795825238096,0.0
train,mb-mp-e-form-036130,data/cifs/mb-mp-e-form-036130.cif,-0.4865866174999995,0.0
train,mb-mp-e-form-075085,data/cifs/mb-mp-e-form-075085.cif,-1.7353688247500003,0.0
train,mb-mp-e-form-107287,data/cifs/mb-mp-e-form-107287.cif,-2.5638537038596945,0.0
train,mb-mp-e-form-047680,data/cifs/mb-mp-e-form-047680.cif,-0.7207372607246381,0.0
train,mb-mp-e-form-110430,data/cifs/mb-mp-e-form-110430.cif,-2.633862008300408,0.0
train,mb-mp-e-form-046251,data/cifs/mb-mp-e-form-046251.cif,-0.6869814490000004,0.0
train,mb-mp-e-form-114160,data/cifs/mb-mp-e-form-114160.cif,-2.7457931035714296,0.0
train,mb-mp-e-form-132590,data/cifs/mb-mp-e-form-132590.cif,-3.993256630499999,0.0
train,mb-mp-e-form-102456,data/cifs/mb-mp-e-form-102456.cif,-2.449049965337302,0.0
train,mb-mp-e-form-071490,data/cifs/mb-mp-e-form-071490.cif,-1.5995450330689651,0.0
train,mb-mp-e-form-016494,data/cifs/mb-mp-e-form-016494.cif,-0.1043189678125,0.0
train,mb-mp-e-form-032653,data/cifs/mb-mp-e-form-032653.cif,-0.4260030662500007,0.0
train,mb-mp-e-form-074154,data/cifs/mb-mp-e-form-074154.cif,-1.7010260139512496,0.0
train,mb-mp-e-form-012913,data/cifs/mb-mp-e-form-012913.cif,-0.0078372575000003,0.0
train,mb-mp-e-form-034692,data/cifs/mb-mp-e-form-034692.cif,-0.4462055340000003,0.0
train,mb-mp-e-form-117926,data/cifs/mb-mp-e-form-117926.cif,-2.8695457821944443,0.0
train,mb-mp-e-form-068045,data/cifs/mb-mp-e-form-068045.cif,-1.4725574238482133,0.0
train,mb-mp-e-form-070597,data/cifs/mb-mp-e-form-070597.cif,-1.5722125648429806,0.0
train,mb-mp-e-form-098869,data/cifs/mb-mp-e-form-098869.cif,-2.385749875106,0.0
train,mb-mp-e-form-050187,data/cifs/mb-mp-e-form-050187.cif,-0.7969067654741233,0.0
train,mb-mp-e-form-121795,data/cifs/mb-mp-e-form-121795.cif,-2.9879557565104164,0.0
train,mb-mp-e-form-015691,data/cifs/mb-mp-e-form-015691.cif,-0.072569395679012,0.0
train,mb-mp-e-form-049031,data/cifs/mb-mp-e-form-049031.cif,-0.7643366805555556,0.0
train,mb-mp-e-form-103293,data/cifs/mb-mp-e-form-103293.cif,-2.477722386666668,0.0
train,mb-mp-e-form-103745,data/cifs/mb-mp-e-form-103745.cif,-2.470266319,0.0
train,mb-mp-e-form-093476,data/cifs/mb-mp-e-form-093476.cif,-2.2494133192685704,0.0
train,mb-mp-e-form-087000,data/cifs/mb-mp-e-form-087000.cif,-2.067334776152,0.0
train,mb-mp-e-form-010252,data/cifs/mb-mp-e-form-010252.cif,0.0553904816666666,0.0
train,mb-mp-e-form-113704,data/cifs/mb-mp-e-form-113704.cif,-2.7187960506818176,0.0
train,mb-mp-e-form-089857,data/cifs/mb-mp-e-form-089857.cif,-2.1648100612499994,0.0
train,mb-mp-e-form-006227,data/cifs/mb-mp-e-form-006227.cif,0.2014736257812504,0.0
train,mb-mp-e-form-071176,data/cifs/mb-mp-e-form-071176.cif,-1.579748187973999,0.0
train,mb-mp-e-form-076899,data/cifs/mb-mp-e-form-076899.cif,-1.8064592359974991,0.0
train,mb-mp-e-form-069633,data/cifs/mb-mp-e-form-069633.cif,-1.5185950047370007,0.0
train,mb-mp-e-form-095342,data/cifs/mb-mp-e-form-095342.cif,-2.303913954516808,0.0
train,mb-mp-e-form-047811,data/cifs/mb-mp-e-form-047811.cif,-0.7147249174999999,0.0
train,mb-mp-e-form-101576,data/cifs/mb-mp-e-form-101576.cif,-2.439680800401818,0.0
train,mb-mp-e-form-103986,data/cifs/mb-mp-e-form-103986.cif,-2.488121208902028,0.0
train,mb-mp-e-form-129910,data/cifs/mb-mp-e-form-129910.cif,-3.512041511965488,0.0
train,mb-mp-e-form-034981,data/cifs/mb-mp-e-form-034981.cif,-0.4693882979999998,0.0
train,mb-mp-e-form-008889,data/cifs/mb-mp-e-form-008889.cif,0.0975923962500004,0.0
train,mb-mp-e-form-038597,data/cifs/mb-mp-e-form-038597.cif,-0.5339994031249997,0.0
train,mb-mp-e-form-095329,data/cifs/mb-mp-e-form-095329.cif,-2.285233401794218,0.0
train,mb-mp-e-form-117169,data/cifs/mb-mp-e-form-117169.cif,-2.8449439367708336,0.0
train,mb-mp-e-form-014577,data/cifs/mb-mp-e-form-014577.cif,-0.0353733637868413,0.0
train,mb-mp-e-form-126740,data/cifs/mb-mp-e-form-126740.cif,-3.236132452333,0.0
train,mb-mp-e-form-026957,data/cifs/mb-mp-e-form-026957.cif,-0.3325304123214282,0.0
train,mb-mp-e-form-083351,data/cifs/mb-mp-e-form-083351.cif,-1.948879694861112,0.0
train,mb-mp-e-form-109054,data/cifs/mb-mp-e-form-109054.cif,-2.6003514692916667,0.0
train,mb-mp-e-form-042117,data/cifs/mb-mp-e-form-042117.cif,-0.6023067973611107,0.0
train,mb-mp-e-form-105592,data/cifs/mb-mp-e-form-105592.cif,-2.527992212232777,0.0
train,mb-mp-e-form-040452,data/cifs/mb-mp-e-form-040452.cif,-0.573567654615384,0.0
train,mb-mp-e-form-004356,data/cifs/mb-mp-e-form-004356.cif,0.3613428728125001,0.0
train,mb-mp-e-form-100483,data/cifs/mb-mp-e-form-100483.cif,-2.418207534525,0.0
train,mb-mp-e-form-105970,data/cifs/mb-mp-e-form-105970.cif,-2.54270805035044,0.0
train,mb-mp-e-form-055246,data/cifs/mb-mp-e-form-055246.cif,-0.958507072395,0.0
train,mb-mp-e-form-014319,data/cifs/mb-mp-e-form-014319.cif,-0.0525854434210537,0.0
train,mb-mp-e-form-075013,data/cifs/mb-mp-e-form-075013.cif,-1.723794818437499,0.0
train,mb-mp-e-form-088980,data/cifs/mb-mp-e-form-088980.cif,-2.138255177259285,0.0
train,mb-mp-e-form-128144,data/cifs/mb-mp-e-form-128144.cif,-3.304471629230769,0.0
train,mb-mp-e-form-050891,data/cifs/mb-mp-e-form-050891.cif,-0.8214280175000006,0.0
train,mb-mp-e-form-079200,data/cifs/mb-mp-e-form-079200.cif,-1.8480759722475,0.0
train,mb-mp-e-form-053501,data/cifs/mb-mp-e-form-053501.cif,-0.8678304370312508,0.0
train,mb-mp-e-form-107823,data/cifs/mb-mp-e-form-107823.cif,-2.5879847023346665,0.0
train,mb-mp-e-form-056443,data/cifs/mb-mp-e-form-056443.cif,-0.9946667200000002,0.0
train,mb-mp-e-form-006667,data/cifs/mb-mp-e-form-006667.cif,0.1769644979999999,0.0
train,mb-mp-e-form-059150,data/cifs/mb-mp-e-form-059150.cif,-1.0930248465000003,0.0
train,mb-mp-e-form-048844,data/cifs/mb-mp-e-form-048844.cif,-0.7349099537499999,0.0
train,mb-mp-e-form-124407,data/cifs/mb-mp-e-form-124407.cif,-3.0846061663823074,0.0
train,mb-mp-e-form-113186,data/cifs/mb-mp-e-form-113186.cif,-2.6954972412753326,0.0
train,mb-mp-e-form-117036,data/cifs/mb-mp-e-form-117036.cif,-2.8281882146785726,0.0
train,mb-mp-e-form-019887,data/cifs/mb-mp-e-form-019887.cif,-0.1616313950000005,0.0
train,mb-mp-e-form-012469,data/cifs/mb-mp-e-form-012469.cif,0.0069866525759084,0.0
train,mb-mp-e-form-094091,data/cifs/mb-mp-e-form-094091.cif,-2.2594674517551696,0.0
train,mb-mp-e-form-038878,data/cifs/mb-mp-e-form-038878.cif,-0.5214984762499999,0.0
train,mb-mp-e-form-003723,data/cifs/mb-mp-e-form-003723.cif,0.6035153749999994,0.0
train,mb-mp-e-form-028662,data/cifs/mb-mp-e-form-028662.cif,-0.3541778337345,0.0
train,mb-mp-e-form-076184,data/cifs/mb-mp-e-form-076184.cif,-1.7484687026993535,0.0
train,mb-mp-e-form-015090,data/cifs/mb-mp-e-form-015090.cif,-0.0779709424999997,0.0
train,mb-mp-e-form-033759,data/cifs/mb-mp-e-form-033759.cif,-0.4272978418577777,0.0
train,mb-mp-e-form-109410,data/cifs/mb-mp-e-form-109410.cif,-2.603821619687499,0.0
train,mb-mp-e-form-115229,data/cifs/mb-mp-e-form-115229.cif,-2.775530621666666,0.0
train,mb-mp-e-form-014179,data/cifs/mb-mp-e-form-014179.cif,-0.0380998303289936,0.0
train,mb-mp-e-form-103180,data/cifs/mb-mp-e-form-103180.cif,-2.471747819038961,0.0
train,mb-mp-e-form-055524,data/cifs/mb-mp-e-form-055524.cif,-0.9589897545878574,0.0
train,mb-mp-e-form-011773,data/cifs/mb-mp-e-form-011773.cif,0.0134556970833331,0.0
train,mb-mp-e-form-056660,data/cifs/mb-mp-e-form-056660.cif,-0.9885171393749996,0.0
train,mb-mp-e-form-102166,data/cifs/mb-mp-e-form-102166.cif,-2.448293851437501,0.0
train,mb-mp-e-form-020251,data/cifs/mb-mp-e-form-020251.cif,-0.1909923317948716,0.0
train,mb-mp-e-form-004730,data/cifs/mb-mp-e-form-004730.cif,0.3909697780000002,0.0
train,mb-mp-e-form-073154,data/cifs/mb-mp-e-form-073154.cif,-1.6481219925540005,0.0
train,mb-mp-e-form-117278,data/cifs/mb-mp-e-form-117278.cif,-2.8254166737500004,0.0
train,mb-mp-e-form-088800,data/cifs/mb-mp-e-form-088800.cif,-2.1314398594504307,0.0
train,mb-mp-e-form-105731,data/cifs/mb-mp-e-form-105731.cif,-2.525552554030184,0.0
train,mb-mp-e-form-069734,data/cifs/mb-mp-e-form-069734.cif,-1.5202361889318183,0.0
train,mb-mp-e-form-033899,data/cifs/mb-mp-e-form-033899.cif,-0.4609059391055553,0.0
train,mb-mp-e-form-108218,data/cifs/mb-mp-e-form-108218.cif,-2.578234989452,0.0
train,mb-mp-e-form-034553,data/cifs/mb-mp-e-form-034553.cif,-0.4520486572619049,0.0
train,mb-mp-e-form-022023,data/cifs/mb-mp-e-form-022023.cif,-0.2355580853155553,0.0
train,mb-mp-e-form-041798,data/cifs/mb-mp-e-form-041798.cif,-0.5895499430208334,0.0
train,mb-mp-e-form-089773,data/cifs/mb-mp-e-form-089773.cif,-2.13013916675,0.0
train,mb-mp-e-form-132567,data/cifs/mb-mp-e-form-132567.cif,-3.881808911249999,0.0
train,mb-mp-e-form-003944,data/cifs/mb-mp-e-form-003944.cif,0.3083628025000005,0.0
train,mb-mp-e-form-018509,data/cifs/mb-mp-e-form-018509.cif,-0.1581475193750003,0.0
train,mb-mp-e-form-028681,data/cifs/mb-mp-e-form-028681.cif,-0.3535645845454537,0.0
train,mb-mp-e-form-027973,data/cifs/mb-mp-e-form-027973.cif,-0.3549675375000003,0.0
train,mb-mp-e-form-037010,data/cifs/mb-mp-e-form-037010.cif,-0.5104533158333323,0.0
train,mb-mp-e-form-114649,data/cifs/mb-mp-e-form-114649.cif,-2.743831110164108,0.0
train,mb-mp-e-form-005293,data/cifs/mb-mp-e-form-005293.cif,0.2804165161904753,0.0
train,mb-mp-e-form-120868,data/cifs/mb-mp-e-form-120868.cif,-2.9737030904687503,0.0
train,mb-mp-e-form-040957,data/cifs/mb-mp-e-form-040957.cif,-0.5963067041666671,0.0
train,mb-mp-e-form-040704,data/cifs/mb-mp-e-form-040704.cif,-0.5677565277499994,0.0
train,mb-mp-e-form-074396,data/cifs/mb-mp-e-form-074396.cif,-1.6965916008090278,0.0
train,mb-mp-e-form-125516,data/cifs/mb-mp-e-form-125516.cif,-3.1739444327499995,0.0
train,mb-mp-e-form-078425,data/cifs/mb-mp-e-form-078425.cif,-1.833652918277649,0.0
train,mb-mp-e-form-130871,data/cifs/mb-mp-e-form-130871.cif,-3.8002986895564974,0.0
train,mb-mp-e-form-120045,data/cifs/mb-mp-e-form-120045.cif,-2.9247308258174485,0.0
train,mb-mp-e-form-091865,data/cifs/mb-mp-e-form-091865.cif,-2.2061997819444445,0.0
train,mb-mp-e-form-052875,data/cifs/mb-mp-e-form-052875.cif,-0.85533786775,0.0
train,mb-mp-e-form-040398,data/cifs/mb-mp-e-form-040398.cif,-0.5773372585714281,0.0
train,mb-mp-e-form-131095,data/cifs/mb-mp-e-form-131095.cif,-3.805959115993075,0.0
train,mb-mp-e-form-115946,data/cifs/mb-mp-e-form-115946.cif,-2.810650199346,0.0
train,mb-mp-e-form-014387,data/cifs/mb-mp-e-form-014387.cif,-0.0303448029403175,0.0
train,mb-mp-e-form-065046,data/cifs/mb-mp-e-form-065046.cif,-1.3706978087500004,0.0
train,mb-mp-e-form-083022,data/cifs/mb-mp-e-form-083022.cif,-1.9463252422826085,0.0
train,mb-mp-e-form-038106,data/cifs/mb-mp-e-form-038106.cif,-0.5226972366666663,0.0
train,mb-mp-e-form-087121,data/cifs/mb-mp-e-form-087121.cif,-2.061470313480604,0.0
train,mb-mp-e-form-112481,data/cifs/mb-mp-e-form-112481.cif,-2.671600598621032,0.0
train,mb-mp-e-form-067624,data/cifs/mb-mp-e-form-067624.cif,-1.423739945892354,0.0
train,mb-mp-e-form-103673,data/cifs/mb-mp-e-form-103673.cif,-2.48309081560174,0.0
train,mb-mp-e-form-124132,data/cifs/mb-mp-e-form-124132.cif,-3.093504200648149,0.0
train,mb-mp-e-form-026969,data/cifs/mb-mp-e-form-026969.cif,-0.3336755198287493,0.0
train,mb-mp-e-form-022488,data/cifs/mb-mp-e-form-022488.cif,-0.2335430799999992,0.0
train,mb-mp-e-form-030667,data/cifs/mb-mp-e-form-030667.cif,-0.3802969085227271,0.0
train,mb-mp-e-form-042382,data/cifs/mb-mp-e-form-042382.cif,-0.6153968063636374,0.0
train,mb-mp-e-form-026903,data/cifs/mb-mp-e-form-026903.cif,-0.3145920811899998,0.0
train,mb-mp-e-form-073560,data/cifs/mb-mp-e-form-073560.cif,-1.6482499395488333,0.0
train,mb-mp-e-form-065568,data/cifs/mb-mp-e-form-065568.cif,-1.3737877189230765,0.0
train,mb-mp-e-form-024980,data/cifs/mb-mp-e-form-024980.cif,-0.2942931432954838,0.0
train,mb-mp-e-form-017724,data/cifs/mb-mp-e-form-017724.cif,-0.1119354791666656,0.0
train,mb-mp-e-form-072172,data/cifs/mb-mp-e-form-072172.cif,-1.613634073714,0.0
train,mb-mp-e-form-002573,data/cifs/mb-mp-e-form-002573.cif,0.7625293039285717,0.0
train,mb-mp-e-form-006899,data/cifs/mb-mp-e-form-006899.cif,0.1682868800000001,0.0
train,mb-mp-e-form-062797,data/cifs/mb-mp-e-form-062797.cif,-1.243657169586087,0.0
train,mb-mp-e-form-034158,data/cifs/mb-mp-e-form-034158.cif,-0.4577605932812497,0.0
train,mb-mp-e-form-083907,data/cifs/mb-mp-e-form-083907.cif,-1.9852788815560003,0.0
train,mb-mp-e-form-032301,data/cifs/mb-mp-e-form-032301.cif,-0.417014941666667,0.0
train,mb-mp-e-form-056944,data/cifs/mb-mp-e-form-056944.cif,-1.023959248333334,0.0
train,mb-mp-e-form-105959,data/cifs/mb-mp-e-form-105959.cif,-2.5450562841875013,0.0
train,mb-mp-e-form-071511,data/cifs/mb-mp-e-form-071511.cif,-1.5742457300729995,0.0
train,mb-mp-e-form-020223,data/cifs/mb-mp-e-form-020223.cif,-0.2039851026086947,0.0
train,mb-mp-e-form-015983,data/cifs/mb-mp-e-form-015983.cif,-0.0886594762499992,0.0
train,mb-mp-e-form-103628,data/cifs/mb-mp-e-form-103628.cif,-2.467638423023333,0.0
train,mb-mp-e-form-043428,data/cifs/mb-mp-e-form-043428.cif,-0.6258164594155847,0.0
train,mb-mp-e-form-009482,data/cifs/mb-mp-e-form-009482.cif,0.0850017825000009,0.0
train,mb-mp-e-form-050793,data/cifs/mb-mp-e-form-050793.cif,-0.7949696848571435,0.0
train,mb-mp-e-form-078753,data/cifs/mb-mp-e-form-078753.cif,-1.8358488819900003,0.0
train,mb-mp-e-form-003340,data/cifs/mb-mp-e-form-003340.cif,0.5794609499999996,0.0
train,mb-mp-e-form-118649,data/cifs/mb-mp-e-form-118649.cif,-2.850646111501538,0.0
train,mb-mp-e-form-092187,data/cifs/mb-mp-e-form-092187.cif,-2.207750772211539,0.0
train,mb-mp-e-form-060639,data/cifs/mb-mp-e-form-060639.cif,-1.142026449527321,0.0
train,mb-mp-e-form-046703,data/cifs/mb-mp-e-form-046703.cif,-0.6838106966666656,0.0
train,mb-mp-e-form-002655,data/cifs/mb-mp-e-form-002655.cif,0.6774626736966667,0.0
train,mb-mp-e-form-046349,data/cifs/mb-mp-e-form-046349.cif,-0.6982635247571044,0.0
train,mb-mp-e-form-020164,data/cifs/mb-mp-e-form-020164.cif,-0.1961507789778319,0.0
train,mb-mp-e-form-106963,data/cifs/mb-mp-e-form-106963.cif,-2.5523628580472177,0.0
train,mb-mp-e-form-002541,data/cifs/mb-mp-e-form-002541.cif,0.7572481806436376,0.0
train,mb-mp-e-form-098497,data/cifs/mb-mp-e-form-098497.cif,-2.3703753774489806,0.0
train,mb-mp-e-form-039911,data/cifs/mb-mp-e-form-039911.cif,-0.5588403133333338,0.0
train,mb-mp-e-form-074935,data/cifs/mb-mp-e-form-074935.cif,-1.7302864995999996,0.0
train,mb-mp-e-form-078267,data/cifs/mb-mp-e-form-078267.cif,-1.813533108883401,0.0
train,mb-mp-e-form-122449,data/cifs/mb-mp-e-form-122449.cif,-3.0019956400976,0.0
train,mb-mp-e-form-011216,data/cifs/mb-mp-e-form-011216.cif,0.0312423349999999,0.0
train,mb-mp-e-form-041330,data/cifs/mb-mp-e-form-041330.cif,-0.5812428975000004,0.0
train,mb-mp-e-form-024092,data/cifs/mb-mp-e-form-024092.cif,-0.2736902249999993,0.0
train,mb-mp-e-form-045163,data/cifs/mb-mp-e-form-045163.cif,-0.6629445119717268,0.0
train,mb-mp-e-form-098128,data/cifs/mb-mp-e-form-098128.cif,-2.3596309957812505,0.0
train,mb-mp-e-form-074127,data/cifs/mb-mp-e-form-074127.cif,-1.7120809504536898,0.0
train,mb-mp-e-form-064371,data/cifs/mb-mp-e-form-064371.cif,-1.2971549506250004,0.0
train,mb-mp-e-form-061608,data/cifs/mb-mp-e-form-061608.cif,-1.1913218301733337,0.0
train,mb-mp-e-form-071149,data/cifs/mb-mp-e-form-071149.cif,-1.608538683623571,0.0
train,mb-mp-e-form-075769,data/cifs/mb-mp-e-form-075769.cif,-1.7260256741266666,0.0
train,mb-mp-e-form-041205,data/cifs/mb-mp-e-form-041205.cif,-0.5824454836111109,0.0
train,mb-mp-e-form-039436,data/cifs/mb-mp-e-form-039436.cif,-0.5386074931249993,0.0
train,mb-mp-e-form-005436,data/cifs/mb-mp-e-form-005436.cif,0.274620091250001,0.0
train,mb-mp-e-form-058670,data/cifs/mb-mp-e-form-058670.cif,-1.0832326266666654,0.0
train,mb-mp-e-form-052439,data/cifs/mb-mp-e-form-052439.cif,-0.8500741162499992,0.0
train,mb-mp-e-form-023795,data/cifs/mb-mp-e-form-023795.cif,-0.2541480674999998,0.0
train,mb-mp-e-form-027070,data/cifs/mb-mp-e-form-027070.cif,-0.3223290725000001,0.0
train,mb-mp-e-form-072318,data/cifs/mb-mp-e-form-072318.cif,-1.645064753896363,0.0
train,mb-mp-e-form-040776,data/cifs/mb-mp-e-form-040776.cif,-0.5748095481249997,0.0
train,mb-mp-e-form-107319,data/cifs/mb-mp-e-form-107319.cif,-2.555000770809523,0.0
train,mb-mp-e-form-090989,data/cifs/mb-mp-e-form-090989.cif,-2.188511389026444,0.0
train,mb-mp-e-form-061410,data/cifs/mb-mp-e-form-061410.cif,-1.1908246717544644,0.0
train,mb-mp-e-form-094836,data/cifs/mb-mp-e-form-094836.cif,-2.288209949285715,0.0
train,mb-mp-e-form-082369,data/cifs/mb-mp-e-form-082369.cif,-1.9168557309983345,0.0
train,mb-mp-e-form-087592,data/cifs/mb-mp-e-form-087592.cif,-2.068197393000001,0.0
train,mb-mp-e-form-062778,data/cifs/mb-mp-e-form-062778.cif,-1.203696239375,0.0
train,mb-mp-e-form-054642,data/cifs/mb-mp-e-form-054642.cif,-0.9315500308072924,0.0
train,mb-mp-e-form-071308,data/cifs/mb-mp-e-form-071308.cif,-1.5867552137902294,0.0
train,mb-mp-e-form-007308,data/cifs/mb-mp-e-form-007308.cif,0.1487104113636357,0.0
train,mb-mp-e-form-022937,data/cifs/mb-mp-e-form-022937.cif,-0.267908897682292,0.0
train,mb-mp-e-form-045990,data/cifs/mb-mp-e-form-045990.cif,-0.7030843941785705,0.0
train,mb-mp-e-form-132188,data/cifs/mb-mp-e-form-132188.cif,-4.174294026309167,0.0
train,mb-mp-e-form-035703,data/cifs/mb-mp-e-form-035703.cif,-0.4767687185588322,0.0
train,mb-mp-e-form-126680,data/cifs/mb-mp-e-form-126680.cif,-3.2239324232933337,0.0
train,mb-mp-e-form-084489,data/cifs/mb-mp-e-form-084489.cif,-1.9874214750652432,0.0
train,mb-mp-e-form-020783,data/cifs/mb-mp-e-form-020783.cif,-0.2031278874999999,0.0
train,mb-mp-e-form-016558,data/cifs/mb-mp-e-form-016558.cif,-0.0926017575000002,0.0
train,mb-mp-e-form-084942,data/cifs/mb-mp-e-form-084942.cif,-2.026752433305,0.0
train,mb-mp-e-form-007706,data/cifs/mb-mp-e-form-007706.cif,0.133568816464616,0.0
train,mb-mp-e-form-022982,data/cifs/mb-mp-e-form-022982.cif,-0.2595391099999972,0.0
train,mb-mp-e-form-068797,data/cifs/mb-mp-e-form-068797.cif,-1.4646445548437494,0.0
train,mb-mp-e-form-004997,data/cifs/mb-mp-e-form-004997.cif,0.2336511624568966,0.0
train,mb-mp-e-form-005662,data/cifs/mb-mp-e-form-005662.cif,0.2849479846754278,0.0
train,mb-mp-e-form-022025,data/cifs/mb-mp-e-form-022025.cif,-0.2392059175000014,0.0
train,mb-mp-e-form-053203,data/cifs/mb-mp-e-form-053203.cif,-0.8762318136680001,0.0
train,mb-mp-e-form-111571,data/cifs/mb-mp-e-form-111571.cif,-2.65449288536848,0.0
train,mb-mp-e-form-061730,data/cifs/mb-mp-e-form-061730.cif,-1.1599573905027187,0.0
train,mb-mp-e-form-118026,data/cifs/mb-mp-e-form-118026.cif,-2.879681676923077,0.0
train,mb-mp-e-form-108982,data/cifs/mb-mp-e-form-108982.cif,-2.611868139419325,0.0
train,mb-mp-e-form-024740,data/cifs/mb-mp-e-form-024740.cif,-0.2804299768749998,0.0
train,mb-mp-e-form-121931,data/cifs/mb-mp-e-form-121931.cif,-2.987128160818965,0.0
train,mb-mp-e-form-062459,data/cifs/mb-mp-e-form-062459.cif,-1.209338551068965,0.0
train,mb-mp-e-form-065622,data/cifs/mb-mp-e-form-065622.cif,-1.3589897024166675,0.0
train,mb-mp-e-form-007644,data/cifs/mb-mp-e-form-007644.cif,0.1540050374999992,0.0
train,mb-mp-e-form-071316,data/cifs/mb-mp-e-form-071316.cif,-1.5940231504375006,0.0
train,mb-mp-e-form-014943,data/cifs/mb-mp-e-form-014943.cif,-0.0561586381249998,0.0
train,mb-mp-e-form-030653,data/cifs/mb-mp-e-form-030653.cif,-0.3899574016666657,0.0
train,mb-mp-e-form-095094,data/cifs/mb-mp-e-form-095094.cif,-2.285850550147893,0.0
train,mb-mp-e-form-080414,data/cifs/mb-mp-e-form-080414.cif,-1.8675914903655355,0.0
train,mb-mp-e-form-027413,data/cifs/mb-mp-e-form-027413.cif,-0.3317576724999996,0.0
train,mb-mp-e-form-015379,data/cifs/mb-mp-e-form-015379.cif,-0.0691641219375,0.0
train,mb-mp-e-form-030047,data/cifs/mb-mp-e-form-030047.cif,-0.3852182910416665,0.0
train,mb-mp-e-form-107596,data/cifs/mb-mp-e-form-107596.cif,-2.56961586875,0.0
train,mb-mp-e-form-078348,data/cifs/mb-mp-e-form-078348.cif,-1.825338645416667,0.0
train,mb-mp-e-form-045650,data/cifs/mb-mp-e-form-045650.cif,-0.6624307816666656,0.0
train,mb-mp-e-form-080584,data/cifs/mb-mp-e-form-080584.cif,-1.871931994256328,0.0
train,mb-mp-e-form-085486,data/cifs/mb-mp-e-form-085486.cif,-2.007140228072653,0.0
train,mb-mp-e-form-019288,data/cifs/mb-mp-e-form-019288.cif,-0.1699127153571436,0.0
train,mb-mp-e-form-073993,data/cifs/mb-mp-e-form-073993.cif,-1.6911963314583336,0.0
train,mb-mp-e-form-063487,data/cifs/mb-mp-e-form-063487.cif,-1.2633605434722226,0.0
train,mb-mp-e-form-090659,data/cifs/mb-mp-e-form-090659.cif,-2.1650471352941185,0.0
train,mb-mp-e-form-113515,data/cifs/mb-mp-e-form-113515.cif,-2.71295797073052,0.0
train,mb-mp-e-form-116964,data/cifs/mb-mp-e-form-116964.cif,-2.8236964190277782,0.0
train,mb-mp-e-form-110396,data/cifs/mb-mp-e-form-110396.cif,-2.6250471886723603,0.0
train,mb-mp-e-form-026398,data/cifs/mb-mp-e-form-026398.cif,-0.3077199302343754,0.0
train,mb-mp-e-form-127303,data/cifs/mb-mp-e-form-127303.cif,-3.24503463875,0.0
train,mb-mp-e-form-105988,data/cifs/mb-mp-e-form-105988.cif,-2.532552957123708,0.0
train,mb-mp-e-form-010282,data/cifs/mb-mp-e-form-010282.cif,0.0457665655769239,0.0
train,mb-mp-e-form-102765,data/cifs/mb-mp-e-form-102765.cif,-2.485706241896552,0.0
train,mb-mp-e-form-035126,data/cifs/mb-mp-e-form-035126.cif,-0.4698382045833331,0.0
train,mb-mp-e-form-065501,data/cifs/mb-mp-e-form-065501.cif,-1.339041215367646,0.0
train,mb-mp-e-form-074610,data/cifs/mb-mp-e-form-074610.cif,-1.6958722960044632,0.0
train,mb-mp-e-form-021919,data/cifs/mb-mp-e-form-021919.cif,-0.2496948268750003,0.0
train,mb-mp-e-form-023170,data/cifs/mb-mp-e-form-023170.cif,-0.2549130118494907,0.0
train,mb-mp-e-form-005574,data/cifs/mb-mp-e-form-005574.cif,0.2539925050000011,0.0
train,mb-mp-e-form-021192,data/cifs/mb-mp-e-form-021192.cif,-0.2245693766128574,0.0
train,mb-mp-e-form-129082,data/cifs/mb-mp-e-form-129082.cif,-3.3895597739772736,0.0
train,mb-mp-e-form-129989,data/cifs/mb-mp-e-form-129989.cif,-3.6137229311458334,0.0
train,mb-mp-e-form-093439,data/cifs/mb-mp-e-form-093439.cif,-2.239190383842839,0.0
train,mb-mp-e-form-119862,data/cifs/mb-mp-e-form-119862.cif,-2.937788894252232,0.0
train,mb-mp-e-form-022933,data/cifs/mb-mp-e-form-022933.cif,-0.2675431493489585,0.0
train,mb-mp-e-form-067968,data/cifs/mb-mp-e-form-067968.cif,-1.4647227422893336,0.0
train,mb-mp-e-form-085275,data/cifs/mb-mp-e-form-085275.cif,-2.0134764620833345,0.0
train,mb-mp-e-form-119081,data/cifs/mb-mp-e-form-119081.cif,-2.8870486313952,0.0
train,mb-mp-e-form-131307,data/cifs/mb-mp-e-form-131307.cif,-3.6931827512499993,0.0
train,mb-mp-e-form-096378,data/cifs/mb-mp-e-form-096378.cif,-2.3219512863235288,0.0
train,mb-mp-e-form-065861,data/cifs/mb-mp-e-form-065861.cif,-1.39857860375,0.0
train,mb-mp-e-form-110473,data/cifs/mb-mp-e-form-110473.cif,-2.638609888673469,0.0
train,mb-mp-e-form-012463,data/cifs/mb-mp-e-form-012463.cif,0.0025586369999999,0.0
train,mb-mp-e-form-092571,data/cifs/mb-mp-e-form-092571.cif,-2.215622481802777,0.0
train,mb-mp-e-form-124162,data/cifs/mb-mp-e-form-124162.cif,-3.105582151153846,0.0
train,mb-mp-e-form-103528,data/cifs/mb-mp-e-form-103528.cif,-2.473988313968254,0.0
train,mb-mp-e-form-115804,data/cifs/mb-mp-e-form-115804.cif,-2.8112064775,0.0
train,mb-mp-e-form-064422,data/cifs/mb-mp-e-form-064422.cif,-1.3129154930700002,0.0
train,mb-mp-e-form-018426,data/cifs/mb-mp-e-form-018426.cif,-0.1583486118749997,0.0
train,mb-mp-e-form-023068,data/cifs/mb-mp-e-form-023068.cif,-0.2629169449999997,0.0
train,mb-mp-e-form-036745,data/cifs/mb-mp-e-form-036745.cif,-0.4846141229765621,0.0
train,mb-mp-e-form-083349,data/cifs/mb-mp-e-form-083349.cif,-1.9484986707954552,0.0
train,mb-mp-e-form-105938,data/cifs/mb-mp-e-form-105938.cif,-2.547515375113636,0.0
train,mb-mp-e-form-082373,data/cifs/mb-mp-e-form-082373.cif,-1.9154313220535728,0.0
train,mb-mp-e-form-016612,data/cifs/mb-mp-e-form-016612.cif,-0.0823993650000005,0.0
train,mb-mp-e-form-043597,data/cifs/mb-mp-e-form-043597.cif,-0.6242311024599996,0.0
train,mb-mp-e-form-117583,data/cifs/mb-mp-e-form-117583.cif,-2.8334474510714287,0.0
train,mb-mp-e-form-064714,data/cifs/mb-mp-e-form-064714.cif,-1.299322595767083,0.0
train,mb-mp-e-form-065763,data/cifs/mb-mp-e-form-065763.cif,-1.3488322038185712,0.0
train,mb-mp-e-form-099856,data/cifs/mb-mp-e-form-099856.cif,-2.414086120024966,0.0
train,mb-mp-e-form-060470,data/cifs/mb-mp-e-form-060470.cif,-1.123917616,0.0
train,mb-mp-e-form-036457,data/cifs/mb-mp-e-form-036457.cif,-0.4952758095312513,0.0
train,mb-mp-e-form-093645,data/cifs/mb-mp-e-form-093645.cif,-2.2283682656549986,0.0
train,mb-mp-e-form-035130,data/cifs/mb-mp-e-form-035130.cif,-0.4761455099999998,0.0
train,mb-mp-e-form-070080,data/cifs/mb-mp-e-form-070080.cif,-1.5714452208333332,0.0
train,mb-mp-e-form-020117,data/cifs/mb-mp-e-form-020117.cif,-0.19621803375,0.0
train,mb-mp-e-form-101021,data/cifs/mb-mp-e-form-101021.cif,-2.428895761388889,0.0
train,mb-mp-e-form-128882,data/cifs/mb-mp-e-form-128882.cif,-3.47529191975,0.0
train,mb-mp-e-form-081722,data/cifs/mb-mp-e-form-081722.cif,-1.8932666598983328,0.0
train,mb-mp-e-form-096808,data/cifs/mb-mp-e-form-096808.cif,-2.3507088179807694,0.0
train,mb-mp-e-form-101085,data/cifs/mb-mp-e-form-101085.cif,-2.435593513154763,0.0
train,mb-mp-e-form-089681,data/cifs/mb-mp-e-form-089681.cif,-2.12626246754329,0.0
train,mb-mp-e-form-089196,data/cifs/mb-mp-e-form-089196.cif,-2.1443635786607147,0.0
train,mb-mp-e-form-049107,data/cifs/mb-mp-e-form-049107.cif,-0.7751984883333334,0.0
train,mb-mp-e-form-069556,data/cifs/mb-mp-e-form-069556.cif,-1.528125570518571,0.0
train,mb-mp-e-form-000068,data/cifs/mb-mp-e-form-000068.cif,2.35567174,0.0
train,mb-mp-e-form-119607,data/cifs/mb-mp-e-form-119607.cif,-2.8976120635000013,0.0
train,mb-mp-e-form-111609,data/cifs/mb-mp-e-form-111609.cif,-2.6581153802083346,0.0
train,mb-mp-e-form-094007,data/cifs/mb-mp-e-form-094007.cif,-2.275957377867646,0.0
train,mb-mp-e-form-010199,data/cifs/mb-mp-e-form-010199.cif,0.0584008907142857,0.0
train,mb-mp-e-form-086198,data/cifs/mb-mp-e-form-086198.cif,-2.039903820625,0.0
train,mb-mp-e-form-129896,data/cifs/mb-mp-e-form-129896.cif,-3.4977085673484845,0.0
train,mb-mp-e-form-041624,data/cifs/mb-mp-e-form-041624.cif,-0.5920704947435896,0.0
train,mb-mp-e-form-105771,data/cifs/mb-mp-e-form-105771.cif,-2.5469566302734368,0.0
train,mb-mp-e-form-070739,data/cifs/mb-mp-e-form-070739.cif,-1.5707481302500004,0.0
train,mb-mp-e-form-095835,data/cifs/mb-mp-e-form-095835.cif,-2.317360039305557,0.0
train,mb-mp-e-form-113459,data/cifs/mb-mp-e-form-113459.cif,-2.705088156875,0.0
train,mb-mp-e-form-019773,data/cifs/mb-mp-e-form-019773.cif,-0.1595316504761907,0.0
train,mb-mp-e-form-118783,data/cifs/mb-mp-e-form-118783.cif,-2.916167638333333,0.0
train,mb-mp-e-form-091015,data/cifs/mb-mp-e-form-091015.cif,-2.183539773426725,0.0
train,mb-mp-e-form-052523,data/cifs/mb-mp-e-form-052523.cif,-0.8462021741145831,0.0
train,mb-mp-e-form-104569,data/cifs/mb-mp-e-form-104569.cif,-2.507077804091668,0.0
train,mb-mp-e-form-067165,data/cifs/mb-mp-e-form-067165.cif,-1.4257926080681818,0.0
train,mb-mp-e-form-110901,data/cifs/mb-mp-e-form-110901.cif,-2.643446192282965,0.0
train,mb-mp-e-form-031565,data/cifs/mb-mp-e-form-031565.cif,-0.3914142422222226,0.0
train,mb-mp-e-form-074651,data/cifs/mb-mp-e-form-074651.cif,-1.6942638167642872,0.0
train,mb-mp-e-form-004184,data/cifs/mb-mp-e-form-004184.cif,0.3414962121428573,0.0
train,mb-mp-e-form-077526,data/cifs/mb-mp-e-form-077526.cif,-1.795589234958948,0.0
train,mb-mp-e-form-029605,data/cifs/mb-mp-e-form-029605.cif,-0.3606561261719996,0.0
train,mb-mp-e-form-082263,data/cifs/mb-mp-e-form-082263.cif,-1.9105976327577376,0.0
train,mb-mp-e-form-124307,data/cifs/mb-mp-e-form-124307.cif,-3.113243788472224,0.0
train,mb-mp-e-form-061776,data/cifs/mb-mp-e-form-061776.cif,-1.1801159086972726,0.0
train,mb-mp-e-form-035326,data/cifs/mb-mp-e-form-035326.cif,-0.4695335394642858,0.0
train,mb-mp-e-form-007646,data/cifs/mb-mp-e-form-007646.cif,0.157215055,0.0
train,mb-mp-e-form-104178,data/cifs/mb-mp-e-form-104178.cif,-2.5067308388690472,0.0
train,mb-mp-e-form-078899,data/cifs/mb-mp-e-form-078899.cif,-1.8371820166224992,0.0
train,mb-mp-e-form-099402,data/cifs/mb-mp-e-form-099402.cif,-2.392636313333333,0.0
train,mb-mp-e-form-049503,data/cifs/mb-mp-e-form-049503.cif,-0.7834538525000001,0.0
train,mb-mp-e-form-037142,data/cifs/mb-mp-e-form-037142.cif,-0.5096207020689655,0.0
train,mb-mp-e-form-051721,data/cifs/mb-mp-e-form-051721.cif,-0.8159841662586812,0.0
train,mb-mp-e-form-102685,data/cifs/mb-mp-e-form-102685.cif,-2.444353705250302,0.0
train,mb-mp-e-form-014376,data/cifs/mb-mp-e-form-014376.cif,-0.0443330978804347,0.0
train,mb-mp-e-form-039762,data/cifs/mb-mp-e-form-039762.cif,-0.5408506436685575,0.0
train,mb-mp-e-form-015426,data/cifs/mb-mp-e-form-015426.cif,-0.068868985565477,0.0
train,mb-mp-e-form-112357,data/cifs/mb-mp-e-form-112357.cif,-2.6671214411950004,0.0
train,mb-mp-e-form-073445,data/cifs/mb-mp-e-form-073445.cif,-1.6508230780833333,0.0
train,mb-mp-e-form-110347,data/cifs/mb-mp-e-form-110347.cif,-2.626232559195651,0.0
train,mb-mp-e-form-013764,data/cifs/mb-mp-e-form-013764.cif,-0.0101980340476188,0.0
train,mb-mp-e-form-085515,data/cifs/mb-mp-e-form-085515.cif,-2.0067788746323534,0.0
train,mb-mp-e-form-001140,data/cifs/mb-mp-e-form-001140.cif,1.1210054591666667,0.0
train,mb-mp-e-form-114929,data/cifs/mb-mp-e-form-114929.cif,-2.7551761170953832,0.0
train,mb-mp-e-form-021351,data/cifs/mb-mp-e-form-021351.cif,-0.2150934723076913,0.0
train,mb-mp-e-form-080344,data/cifs/mb-mp-e-form-080344.cif,-1.8667395609640005,0.0
train,mb-mp-e-form-093369,data/cifs/mb-mp-e-form-093369.cif,-2.2347217874662406,0.0
train,mb-mp-e-form-003062,data/cifs/mb-mp-e-form-003062.cif,0.6511200277500002,0.0
train,mb-mp-e-form-114927,data/cifs/mb-mp-e-form-114927.cif,-2.7688545408925003,0.0
train,mb-mp-e-form-109119,data/cifs/mb-mp-e-form-109119.cif,-2.602903137346,0.0
train,mb-mp-e-form-099890,data/cifs/mb-mp-e-form-099890.cif,-2.4125321182829658,0.0
train,mb-mp-e-form-011590,data/cifs/mb-mp-e-form-011590.cif,0.032973965,0.0
train,mb-mp-e-form-053980,data/cifs/mb-mp-e-form-053980.cif,-0.9002427672222224,0.0
train,mb-mp-e-form-100123,data/cifs/mb-mp-e-form-100123.cif,-2.4123834365364587,0.0
train,mb-mp-e-form-127273,data/cifs/mb-mp-e-form-127273.cif,-3.2790074133333333,0.0
train,mb-mp-e-form-086276,data/cifs/mb-mp-e-form-086276.cif,-2.0423363820312503,0.0
train,mb-mp-e-form-126516,data/cifs/mb-mp-e-form-126516.cif,-3.198242802086957,0.0
train,mb-mp-e-form-094356,data/cifs/mb-mp-e-form-094356.cif,-2.252059160113636,0.0
train,mb-mp-e-form-124049,data/cifs/mb-mp-e-form-124049.cif,-3.070389086162282,0.0
train,mb-mp-e-form-020504,data/cifs/mb-mp-e-form-020504.cif,-0.2063140199999983,0.0
train,mb-mp-e-form-101086,data/cifs/mb-mp-e-form-101086.cif,-2.428672600846,0.0
train,mb-mp-e-form-106384,data/cifs/mb-mp-e-form-106384.cif,-2.540439656706811,0.0
train,mb-mp-e-form-078962,data/cifs/mb-mp-e-form-078962.cif,-1.843532005336428,0.0
train,mb-mp-e-form-045172,data/cifs/mb-mp-e-form-045172.cif,-0.6602634730000005,0.0
train,mb-mp-e-form-092669,data/cifs/mb-mp-e-form-092669.cif,-2.2074711967672416,0.0
train,mb-mp-e-form-034687,data/cifs/mb-mp-e-form-034687.cif,-0.4485791936842112,0.0
train,mb-mp-e-form-113276,data/cifs/mb-mp-e-form-113276.cif,-2.6996842689835154,0.0
train,mb-mp-e-form-031775,data/cifs/mb-mp-e-form-031775.cif,-0.3972275295033327,0.0
train,mb-mp-e-form-047587,data/cifs/mb-mp-e-form-047587.cif,-0.7074552912648804,0.0
train,mb-mp-e-form-094506,data/cifs/mb-mp-e-form-094506.cif,-2.269307742107143,0.0
train,mb-mp-e-form-115716,data/cifs/mb-mp-e-form-115716.cif,-2.7538106367829656,0.0
train,mb-mp-e-form-127078,data/cifs/mb-mp-e-form-127078.cif,-3.279085823749999,0.0
train,mb-mp-e-form-029575,data/cifs/mb-mp-e-form-029575.cif,-0.3614345246428568,0.0
train,mb-mp-e-form-097577,data/cifs/mb-mp-e-form-097577.cif,-2.3542072955714284,0.0
train,mb-mp-e-form-074678,data/cifs/mb-mp-e-form-074678.cif,-1.6986385018749992,0.0
train,mb-mp-e-form-110662,data/cifs/mb-mp-e-form-110662.cif,-2.618611691550526,0.0
train,mb-mp-e-form-057381,data/cifs/mb-mp-e-form-057381.cif,-1.028852833184142,0.0
train,mb-mp-e-form-132400,data/cifs/mb-mp-e-form-132400.cif,-4.006869823947369,0.0
train,mb-mp-e-form-034580,data/cifs/mb-mp-e-form-034580.cif,-0.4504176366666663,0.0
train,mb-mp-e-form-026794,data/cifs/mb-mp-e-form-026794.cif,-0.3151681887500004,0.0
train,mb-mp-e-form-023311,data/cifs/mb-mp-e-form-023311.cif,-0.2546374875000005,0.0
train,mb-mp-e-form-019801,data/cifs/mb-mp-e-form-019801.cif,-0.1673176469899999,0.0
train,mb-mp-e-form-083702,data/cifs/mb-mp-e-form-083702.cif,-1.9544350705911109,0.0
train,mb-mp-e-form-022627,data/cifs/mb-mp-e-form-022627.cif,-0.2450516444531247,0.0
train,mb-mp-e-form-065083,data/cifs/mb-mp-e-form-065083.cif,-1.338253128839286,0.0
train,mb-mp-e-form-019439,data/cifs/mb-mp-e-form-019439.cif,-0.1690887965384615,0.0
train,mb-mp-e-form-015393,data/cifs/mb-mp-e-form-015393.cif,-0.0602700555555557,0.0
train,mb-mp-e-form-130970,data/cifs/mb-mp-e-form-130970.cif,-3.726612980416667,0.0
train,mb-mp-e-form-098817,data/cifs/mb-mp-e-form-098817.cif,-2.3933724187499994,0.0
train,mb-mp-e-form-104645,data/cifs/mb-mp-e-form-104645.cif,-2.496666094236001,0.0
train,mb-mp-e-form-062533,data/cifs/mb-mp-e-form-062533.cif,-1.228745943193419,0.0
train,mb-mp-e-form-104503,data/cifs/mb-mp-e-form-104503.cif,-2.4913017445769223,0.0
train,mb-mp-e-form-046082,data/cifs/mb-mp-e-form-046082.cif,-0.7001346066071424,0.0
train,mb-mp-e-form-127053,data/cifs/mb-mp-e-form-127053.cif,-3.241951593809524,0.0
train,mb-mp-e-form-098717,data/cifs/mb-mp-e-form-098717.cif,-2.3786312121420354,0.0
train,mb-mp-e-form-123751,data/cifs/mb-mp-e-form-123751.cif,-3.0373847195000003,0.0
train,mb-mp-e-form-107490,data/cifs/mb-mp-e-form-107490.cif,-2.566618604285715,0.0
train,mb-mp-e-form-120717,data/cifs/mb-mp-e-form-120717.cif,-2.9328431637500003,0.0
train,mb-mp-e-form-105698,data/cifs/mb-mp-e-form-105698.cif,-2.5278575615017456,0.0
train,mb-mp-e-form-035440,data/cifs/mb-mp-e-form-035440.cif,-0.4680450166666669,0.0
train,mb-mp-e-form-001547,data/cifs/mb-mp-e-form-001547.cif,1.1960241053724996,0.0
train,mb-mp-e-form-119298,data/cifs/mb-mp-e-form-119298.cif,-2.900670375485789,0.0
train,mb-mp-e-form-024271,data/cifs/mb-mp-e-form-024271.cif,-0.2720322353333333,0.0
train,mb-mp-e-form-055563,data/cifs/mb-mp-e-form-055563.cif,-0.9589290266266666,0.0
train,mb-mp-e-form-015235,data/cifs/mb-mp-e-form-015235.cif,-0.0586113381250008,0.0
train,mb-mp-e-form-090601,data/cifs/mb-mp-e-form-090601.cif,-2.156376021599266,0.0
train,mb-mp-e-form-114328,data/cifs/mb-mp-e-form-114328.cif,-2.752001878101055,0.0
train,mb-mp-e-form-044569,data/cifs/mb-mp-e-form-044569.cif,-0.6495360550000013,0.0
train,mb-mp-e-form-004628,data/cifs/mb-mp-e-form-004628.cif,0.384056360617917,0.0
train,mb-mp-e-form-075805,data/cifs/mb-mp-e-form-075805.cif,-1.7316557946428566,0.0
train,mb-mp-e-form-108371,data/cifs/mb-mp-e-form-108371.cif,-2.5730759670918366,0.0
train,mb-mp-e-form-109729,data/cifs/mb-mp-e-form-109729.cif,-2.612965284047333,0.0
train,mb-mp-e-form-078774,data/cifs/mb-mp-e-form-078774.cif,-1.83069030175,0.0
train,mb-mp-e-form-016517,data/cifs/mb-mp-e-form-016517.cif,-0.0923519033333342,0.0
train,mb-mp-e-form-052198,data/cifs/mb-mp-e-form-052198.cif,-0.8669164870607685,0.0
train,mb-mp-e-form-031136,data/cifs/mb-mp-e-form-031136.cif,-0.3953343261549999,0.0
train,mb-mp-e-form-093102,data/cifs/mb-mp-e-form-093102.cif,-2.2363616756730766,0.0
train,mb-mp-e-form-014265,data/cifs/mb-mp-e-form-014265.cif,-0.0375772633333332,0.0
train,mb-mp-e-form-104809,data/cifs/mb-mp-e-form-104809.cif,-2.52713872775,0.0
train,mb-mp-e-form-111600,data/cifs/mb-mp-e-form-111600.cif,-2.6556960206617646,0.0
train,mb-mp-e-form-047975,data/cifs/mb-mp-e-form-047975.cif,-0.7309934269999999,0.0
train,mb-mp-e-form-103549,data/cifs/mb-mp-e-form-103549.cif,-2.477282538392857,0.0
train,mb-mp-e-form-027578,data/cifs/mb-mp-e-form-027578.cif,-0.3348795224999996,0.0
train,mb-mp-e-form-084788,data/cifs/mb-mp-e-form-084788.cif,-1.976576112142856,0.0
train,mb-mp-e-form-129990,data/cifs/mb-mp-e-form-129990.cif,-3.5474999378350005,0.0
train,mb-mp-e-form-111674,data/cifs/mb-mp-e-form-111674.cif,-2.644343401539999,0.0
train,mb-mp-e-form-044937,data/cifs/mb-mp-e-form-044937.cif,-0.6803603359375003,0.0
train,mb-mp-e-form-018787,data/cifs/mb-mp-e-form-018787.cif,-0.1571471192857144,0.0
train,mb-mp-e-form-052763,data/cifs/mb-mp-e-form-052763.cif,-0.847263313401487,0.0
train,mb-mp-e-form-005179,data/cifs/mb-mp-e-form-005179.cif,0.2820457862284482,0.0
train,mb-mp-e-form-065575,data/cifs/mb-mp-e-form-065575.cif,-1.341928733750001,0.0
train,mb-mp-e-form-037804,data/cifs/mb-mp-e-form-037804.cif,-0.5171302720312498,0.0
train,mb-mp-e-form-019126,data/cifs/mb-mp-e-form-019126.cif,-0.1825444175000008,0.0
train,mb-mp-e-form-045816,data/cifs/mb-mp-e-form-045816.cif,-0.6715224059375,0.0
train,mb-mp-e-form-087477,data/cifs/mb-mp-e-form-087477.cif,-2.060296625704762,0.0
train,mb-mp-e-form-061111,data/cifs/mb-mp-e-form-061111.cif,-1.1934232980468753,0.0
train,mb-mp-e-form-055594,data/cifs/mb-mp-e-form-055594.cif,-0.9490099959999996,0.0
train,mb-mp-e-form-102115,data/cifs/mb-mp-e-form-102115.cif,-2.4588625749431814,0.0
train,mb-mp-e-form-109348,data/cifs/mb-mp-e-form-109348.cif,-2.6097796668459994,0.0
train,mb-mp-e-form-064806,data/cifs/mb-mp-e-form-064806.cif,-1.3213351060374998,0.0
train,mb-mp-e-form-125196,data/cifs/mb-mp-e-form-125196.cif,-3.164155693416668,0.0
train,mb-mp-e-form-072871,data/cifs/mb-mp-e-form-072871.cif,-1.6642476630769232,0.0
train,mb-mp-e-form-000605,data/cifs/mb-mp-e-form-000605.cif,1.7814871275000002,0.0
train,mb-mp-e-form-007583,data/cifs/mb-mp-e-form-007583.cif,0.145111882500001,0.0
train,mb-mp-e-form-076050,data/cifs/mb-mp-e-form-076050.cif,-1.766116907916666,0.0
train,mb-mp-e-form-129310,data/cifs/mb-mp-e-form-129310.cif,-3.458250511061533,0.0
train,mb-mp-e-form-130949,data/cifs/mb-mp-e-form-130949.cif,-3.723908573939091,0.0
train,mb-mp-e-form-078421,data/cifs/mb-mp-e-form-078421.cif,-1.8263812915993791,0.0
train,mb-mp-e-form-011908,data/cifs/mb-mp-e-form-011908.cif,0.02502443875,0.0
train,mb-mp-e-form-012597,data/cifs/mb-mp-e-form-012597.cif,-0.0031457879999985,0.0
train,mb-mp-e-form-090826,data/cifs/mb-mp-e-form-090826.cif,-2.1931901292857137,0.0
train,mb-mp-e-form-015753,data/cifs/mb-mp-e-form-015753.cif,-0.0563099463680003,0.0
train,mb-mp-e-form-013530,data/cifs/mb-mp-e-form-013530.cif,-0.0195574328846161,0.0
train,mb-mp-e-form-095410,data/cifs/mb-mp-e-form-095410.cif,-2.3046360405,0.0
train,mb-mp-e-form-091985,data/cifs/mb-mp-e-form-091985.cif,-2.224644918145834,0.0
train,mb-mp-e-form-118676,data/cifs/mb-mp-e-form-118676.cif,-2.8806311437140004,0.0
train,mb-mp-e-form-054301,data/cifs/mb-mp-e-form-054301.cif,-0.9225238195761848,0.0
train,mb-mp-e-form-077800,data/cifs/mb-mp-e-form-077800.cif,-1.7960194692499996,0.0
train,mb-mp-e-form-073791,data/cifs/mb-mp-e-form-073791.cif,-1.666904106875,0.0
train,mb-mp-e-form-025766,data/cifs/mb-mp-e-form-025766.cif,-0.2906846224999997,0.0
train,mb-mp-e-form-086108,data/cifs/mb-mp-e-form-086108.cif,-2.0394614713690467,0.0
train,mb-mp-e-form-091790,data/cifs/mb-mp-e-form-091790.cif,-2.215976089713542,0.0
train,mb-mp-e-form-087874,data/cifs/mb-mp-e-form-087874.cif,-2.1158510960750005,0.0
train,mb-mp-e-form-057257,data/cifs/mb-mp-e-form-057257.cif,-1.0325590805000004,0.0
train,mb-mp-e-form-073750,data/cifs/mb-mp-e-form-073750.cif,-1.6453977907500004,0.0
train,mb-mp-e-form-089307,data/cifs/mb-mp-e-form-089307.cif,-2.132656805347936,0.0
train,mb-mp-e-form-065439,data/cifs/mb-mp-e-form-065439.cif,-1.3570567187757352,0.0
train,mb-mp-e-form-042416,data/cifs/mb-mp-e-form-042416.cif,-0.6000659555064936,0.0
train,mb-mp-e-form-098945,data/cifs/mb-mp-e-form-098945.cif,-2.38069949875,0.0
train,mb-mp-e-form-071003,data/cifs/mb-mp-e-form-071003.cif,-1.5874469147074994,0.0
train,mb-mp-e-form-001907,data/cifs/mb-mp-e-form-001907.cif,1.2714141847413796,0.0
train,mb-mp-e-form-011349,data/cifs/mb-mp-e-form-011349.cif,0.0254946640624993,0.0
train,mb-mp-e-form-103743,data/cifs/mb-mp-e-form-103743.cif,-2.4760742729166663,0.0
train,mb-mp-e-form-088254,data/cifs/mb-mp-e-form-088254.cif,-2.1121977393707474,0.0
train,mb-mp-e-form-051198,data/cifs/mb-mp-e-form-051198.cif,-0.8303178718749997,0.0
train,mb-mp-e-form-029465,data/cifs/mb-mp-e-form-029465.cif,-0.3618084949999994,0.0
train,mb-mp-e-form-104912,data/cifs/mb-mp-e-form-104912.cif,-2.510644646022778,0.0
train,mb-mp-e-form-108163,data/cifs/mb-mp-e-form-108163.cif,-2.575284284083333,0.0
train,mb-mp-e-form-045677,data/cifs/mb-mp-e-form-045677.cif,-0.6773669870138891,0.0
train,mb-mp-e-form-053713,data/cifs/mb-mp-e-form-053713.cif,-0.8679218725000002,0.0
train,mb-mp-e-form-123135,data/cifs/mb-mp-e-form-123135.cif,-3.059389979375001,0.0
train,mb-mp-e-form-092882,data/cifs/mb-mp-e-form-092882.cif,-2.2371668499375006,0.0
train,mb-mp-e-form-115981,data/cifs/mb-mp-e-form-115981.cif,-2.810957934275,0.0
train,mb-mp-e-form-128851,data/cifs/mb-mp-e-form-128851.cif,-3.460202190582966,0.0
train,mb-mp-e-form-078186,data/cifs/mb-mp-e-form-078186.cif,-1.822780230685,0.0
train,mb-mp-e-form-131198,data/cifs/mb-mp-e-form-131198.cif,-3.801583381614583,0.0
train,mb-mp-e-form-026832,data/cifs/mb-mp-e-form-026832.cif,-0.3122869031249999,0.0
train,mb-mp-e-form-053059,data/cifs/mb-mp-e-form-053059.cif,-0.8795841908802084,0.0
train,mb-mp-e-form-022550,data/cifs/mb-mp-e-form-022550.cif,-0.235357544,0.0
train,mb-mp-e-form-033527,data/cifs/mb-mp-e-form-033527.cif,-0.4278303619999996,0.0
train,mb-mp-e-form-026238,data/cifs/mb-mp-e-form-026238.cif,-0.3187086485984852,0.0
train,mb-mp-e-form-092664,data/cifs/mb-mp-e-form-092664.cif,-2.2221167653263545,0.0
train,mb-mp-e-form-073834,data/cifs/mb-mp-e-form-073834.cif,-1.681130656116724,0.0
train,mb-mp-e-form-102908,data/cifs/mb-mp-e-form-102908.cif,-2.478787960794444,0.0
train,mb-mp-e-form-050689,data/cifs/mb-mp-e-form-050689.cif,-0.8073641357138465,0.0
train,mb-mp-e-form-100763,data/cifs/mb-mp-e-form-100763.cif,-2.4330461595625,0.0
train,mb-mp-e-form-058896,data/cifs/mb-mp-e-form-058896.cif,-1.0938358488802085,0.0
train,mb-mp-e-form-044622,data/cifs/mb-mp-e-form-044622.cif,-0.6416257793749995,0.0
train,mb-mp-e-form-045211,data/cifs/mb-mp-e-form-045211.cif,-0.661222992222222,0.0
train,mb-mp-e-form-049357,data/cifs/mb-mp-e-form-049357.cif,-0.7707736650000001,0.0
train,mb-mp-e-form-074449,data/cifs/mb-mp-e-form-074449.cif,-1.7042817002719737,0.0
train,mb-mp-e-form-010266,data/cifs/mb-mp-e-form-010266.cif,0.0609399533333328,0.0
train,mb-mp-e-form-008535,data/cifs/mb-mp-e-form-008535.cif,0.1103514575000002,0.0
train,mb-mp-e-form-026267,data/cifs/mb-mp-e-form-026267.cif,-0.3106413913980256,0.0
train,mb-mp-e-form-113656,data/cifs/mb-mp-e-form-113656.cif,-2.7047094102977924,0.0
train,mb-mp-e-form-039532,data/cifs/mb-mp-e-form-039532.cif,-0.5545747691495235,0.0
train,mb-mp-e-form-016233,data/cifs/mb-mp-e-form-016233.cif,-0.0882464551666686,0.0
train,mb-mp-e-form-001030,data/cifs/mb-mp-e-form-001030.cif,1.1355543112500004,0.0
train,mb-mp-e-form-098063,data/cifs/mb-mp-e-form-098063.cif,-2.3693982503571425,0.0
train,mb-mp-e-form-017586,data/cifs/mb-mp-e-form-017586.cif,-0.1086353066666679,0.0
train,mb-mp-e-form-081940,data/cifs/mb-mp-e-form-081940.cif,-1.917169828221,0.0
train,mb-mp-e-form-063911,data/cifs/mb-mp-e-form-063911.cif,-1.2923406480357156,0.0
train,mb-mp-e-form-098543,data/cifs/mb-mp-e-form-098543.cif,-2.372643510625,0.0
train,mb-mp-e-form-066565,data/cifs/mb-mp-e-form-066565.cif,-1.4133982427524998,0.0
train,mb-mp-e-form-113173,data/cifs/mb-mp-e-form-113173.cif,-2.712723289406594,0.0
train,mb-mp-e-form-042370,data/cifs/mb-mp-e-form-042370.cif,-0.6006818576785715,0.0
train,mb-mp-e-form-000497,data/cifs/mb-mp-e-form-000497.cif,2.4227670050000003,0.0
train,mb-mp-e-form-096017,data/cifs/mb-mp-e-form-096017.cif,-2.312356685285714,0.0
train,mb-mp-e-form-124031,data/cifs/mb-mp-e-form-124031.cif,-3.120679095931372,0.0
train,mb-mp-e-form-082690,data/cifs/mb-mp-e-form-082690.cif,-1.9330232901388893,0.0
train,mb-mp-e-form-009495,data/cifs/mb-mp-e-form-009495.cif,0.0645579787499999,0.0
train,mb-mp-e-form-099549,data/cifs/mb-mp-e-form-099549.cif,-2.381339946619428,0.0
train,mb-mp-e-form-002429,data/cifs/mb-mp-e-form-002429.cif,0.6978393862499996,0.0
train,mb-mp-e-form-027613,data/cifs/mb-mp-e-form-027613.cif,-0.3306819711111117,0.0
train,mb-mp-e-form-130337,data/cifs/mb-mp-e-form-130337.cif,-3.518345560214,0.0
train,mb-mp-e-form-000626,data/cifs/mb-mp-e-form-000626.cif,1.6014047174999997,0.0
train,mb-mp-e-form-091060,data/cifs/mb-mp-e-form-091060.cif,-2.1799213513694298,0.0
train,mb-mp-e-form-041298,data/cifs/mb-mp-e-form-041298.cif,-0.585126079389882,0.0
train,mb-mp-e-form-008549,data/cifs/mb-mp-e-form-008549.cif,0.1136690287499995,0.0
train,mb-mp-e-form-038521,data/cifs/mb-mp-e-form-038521.cif,-0.5275293671874994,0.0
train,mb-mp-e-form-013414,data/cifs/mb-mp-e-form-013414.cif,-0.0147410387499995,0.0
train,mb-mp-e-form-114201,data/cifs/mb-mp-e-form-114201.cif,-2.7429667023299324,0.0
train,mb-mp-e-form-083192,data/cifs/mb-mp-e-form-083192.cif,-1.942779576289064,0.0
train,mb-mp-e-form-099674,data/cifs/mb-mp-e-form-099674.cif,-2.393415203595556,0.0
train,mb-mp-e-form-019587,data/cifs/mb-mp-e-form-019587.cif,-0.182618873333333,0.0
train,mb-mp-e-form-097034,data/cifs/mb-mp-e-form-097034.cif,-2.3570919874375007,0.0
train,mb-mp-e-form-040339,data/cifs/mb-mp-e-form-040339.cif,-0.5643815908825003,0.0
train,mb-mp-e-form-039889,data/cifs/mb-mp-e-form-039889.cif,-0.5513411212500001,0.0
train,mb-mp-e-form-006270,data/cifs/mb-mp-e-form-006270.cif,0.1746082008333331,0.0
train,mb-mp-e-form-095854,data/cifs/mb-mp-e-form-095854.cif,-2.3127678516071435,0.0
train,mb-mp-e-form-021223,data/cifs/mb-mp-e-form-021223.cif,-0.2209469493028756,0.0
train,mb-mp-e-form-038571,data/cifs/mb-mp-e-form-038571.cif,-0.5282975647099993,0.0
train,mb-mp-e-form-047941,data/cifs/mb-mp-e-form-047941.cif,-0.7346928320233322,0.0
train,mb-mp-e-form-109598,data/cifs/mb-mp-e-form-109598.cif,-2.614116252142857,0.0
train,mb-mp-e-form-120033,data/cifs/mb-mp-e-form-120033.cif,-2.91765852345538,0.0
train,mb-mp-e-form-068453,data/cifs/mb-mp-e-form-068453.cif,-1.4958898317361111,0.0
train,mb-mp-e-form-043695,data/cifs/mb-mp-e-form-043695.cif,-0.6352107450000005,0.0
train,mb-mp-e-form-015688,data/cifs/mb-mp-e-form-015688.cif,-0.0605851114285711,0.0
train,mb-mp-e-form-055069,data/cifs/mb-mp-e-form-055069.cif,-0.9352293316,0.0
train,mb-mp-e-form-106750,data/cifs/mb-mp-e-form-106750.cif,-2.5299025050000004,0.0
train,mb-mp-e-form-061524,data/cifs/mb-mp-e-form-061524.cif,-1.1898287755357149,0.0
train,mb-mp-e-form-060375,data/cifs/mb-mp-e-form-060375.cif,-1.1184736822486778,0.0
train,mb-mp-e-form-132709,data/cifs/mb-mp-e-form-132709.cif,-3.859272601628789,0.0
train,mb-mp-e-form-081240,data/cifs/mb-mp-e-form-081240.cif,-1.9069438468304605,0.0
train,mb-mp-e-form-063218,data/cifs/mb-mp-e-form-063218.cif,-1.2491632788630007,0.0
train,mb-mp-e-form-036909,data/cifs/mb-mp-e-form-036909.cif,-0.505230334999999,0.0
train,mb-mp-e-form-024467,data/cifs/mb-mp-e-form-024467.cif,-0.2851726898611121,0.0
train,mb-mp-e-form-125187,data/cifs/mb-mp-e-form-125187.cif,-3.169797816666666,0.0
train,mb-mp-e-form-093070,data/cifs/mb-mp-e-form-093070.cif,-2.241845665916668,0.0
train,mb-mp-e-form-118211,data/cifs/mb-mp-e-form-118211.cif,-2.873247303066999,0.0
train,mb-mp-e-form-055812,data/cifs/mb-mp-e-form-055812.cif,-0.93488028375,0.0
train,mb-mp-e-form-052320,data/cifs/mb-mp-e-form-052320.cif,-0.8554847785035364,0.0
train,mb-mp-e-form-045673,data/cifs/mb-mp-e-form-045673.cif,-0.6806864945757577,0.0
train,mb-mp-e-form-006006,data/cifs/mb-mp-e-form-006006.cif,0.1793835377499999,0.0
train,mb-mp-e-form-030675,data/cifs/mb-mp-e-form-030675.cif,-0.3782816421666666,0.0
train,mb-mp-e-form-051765,data/cifs/mb-mp-e-form-051765.cif,-0.8139115190964287,0.0
train,mb-mp-e-form-069635,data/cifs/mb-mp-e-form-069635.cif,-1.527104582192381,0.0
train,mb-mp-e-form-018863,data/cifs/mb-mp-e-form-018863.cif,-0.1332132772222216,0.0
train,mb-mp-e-form-006481,data/cifs/mb-mp-e-form-006481.cif,0.1851631195833336,0.0
train,mb-mp-e-form-105908,data/cifs/mb-mp-e-form-105908.cif,-2.5296233004166666,0.0
train,mb-mp-e-form-104894,data/cifs/mb-mp-e-form-104894.cif,-2.5139874087500003,0.0
train,mb-mp-e-form-074171,data/cifs/mb-mp-e-form-074171.cif,-1.6887638222678918,0.0
train,mb-mp-e-form-125278,data/cifs/mb-mp-e-form-125278.cif,-3.1584332203124994,0.0
train,mb-mp-e-form-002785,data/cifs/mb-mp-e-form-002785.cif,0.7855922975,0.0
train,mb-mp-e-form-051648,data/cifs/mb-mp-e-form-051648.cif,-0.8160574432266662,0.0
train,mb-mp-e-form-043467,data/cifs/mb-mp-e-form-043467.cif,-0.6371133966666663,0.0
train,mb-mp-e-form-058838,data/cifs/mb-mp-e-form-058838.cif,-1.0575588933333333,0.0
train,mb-mp-e-form-105883,data/cifs/mb-mp-e-form-105883.cif,-2.5329449186851707,0.0
train,mb-mp-e-form-051530,data/cifs/mb-mp-e-form-051530.cif,-0.8188457381690322,0.0
train,mb-mp-e-form-061301,data/cifs/mb-mp-e-form-061301.cif,-1.1771226556039995,0.0
train,mb-mp-e-form-103222,data/cifs/mb-mp-e-form-103222.cif,-2.469428264444444,0.0
train,mb-mp-e-form-012409,data/cifs/mb-mp-e-form-012409.cif,-0.0011981324999998,0.0
train,mb-mp-e-form-006344,data/cifs/mb-mp-e-form-006344.cif,0.1704502432142856,0.0
train,mb-mp-e-form-012925,data/cifs/mb-mp-e-form-012925.cif,-0.011890345,0.0
train,mb-mp-e-form-012436,data/cifs/mb-mp-e-form-012436.cif,-0.0039570898599139,0.0
train,mb-mp-e-form-018383,data/cifs/mb-mp-e-form-018383.cif,-0.1495845754166668,0.0
train,mb-mp-e-form-033655,data/cifs/mb-mp-e-form-033655.cif,-0.439808398333333,0.0
train,mb-mp-e-form-013299,data/cifs/mb-mp-e-form-013299.cif,-0.0285984808270832,0.0
train,mb-mp-e-form-105297,data/cifs/mb-mp-e-form-105297.cif,-2.5274179852674994,0.0
train,mb-mp-e-form-123358,data/cifs/mb-mp-e-form-123358.cif,-3.047196942989,0.0
train,mb-mp-e-form-101990,data/cifs/mb-mp-e-form-101990.cif,-2.457461502531512,0.0
train,mb-mp-e-form-024491,data/cifs/mb-mp-e-form-024491.cif,-0.284210530963542,0.0
train,mb-mp-e-form-032876,data/cifs/mb-mp-e-form-032876.cif,-0.4194680487500015,0.0
train,mb-mp-e-form-094486,data/cifs/mb-mp-e-form-094486.cif,-2.2598615602975,0.0
train,mb-mp-e-form-097737,data/cifs/mb-mp-e-form-097737.cif,-2.3437023207142857,0.0
train,mb-mp-e-form-081242,data/cifs/mb-mp-e-form-081242.cif,-1.9003583922527467,0.0
train,mb-mp-e-form-096103,data/cifs/mb-mp-e-form-096103.cif,-2.3206661522965124,0.0
train,mb-mp-e-form-021034,data/cifs/mb-mp-e-form-021034.cif,-0.2209902557499994,0.0
train,mb-mp-e-form-035864,data/cifs/mb-mp-e-form-035864.cif,-0.4707224218749997,0.0
train,mb-mp-e-form-046135,data/cifs/mb-mp-e-form-046135.cif,-0.6913550930303032,0.0
train,mb-mp-e-form-013417,data/cifs/mb-mp-e-form-013417.cif,-0.0183718124999998,0.0
train,mb-mp-e-form-094063,data/cifs/mb-mp-e-form-094063.cif,-2.25917696697,0.0
train,mb-mp-e-form-057120,data/cifs/mb-mp-e-form-057120.cif,-1.017429877354165,0.0
train,mb-mp-e-form-116738,data/cifs/mb-mp-e-form-116738.cif,-2.8154585029928567,0.0
train,mb-mp-e-form-117578,data/cifs/mb-mp-e-form-117578.cif,-2.843561894327369,0.0
train,mb-mp-e-form-097403,data/cifs/mb-mp-e-form-097403.cif,-2.3494312858914728,0.0
train,mb-mp-e-form-051023,data/cifs/mb-mp-e-form-051023.cif,-0.8281539966666666,0.0
train,mb-mp-e-form-110747,data/cifs/mb-mp-e-form-110747.cif,-2.6306753512499994,0.0
train,mb-mp-e-form-042083,data/cifs/mb-mp-e-form-042083.cif,-0.6144691967123066,0.0
train,mb-mp-e-form-087985,data/cifs/mb-mp-e-form-087985.cif,-2.114629430386363,0.0
train,mb-mp-e-form-049241,data/cifs/mb-mp-e-form-049241.cif,-0.7673222652127664,0.0
train,mb-mp-e-form-047534,data/cifs/mb-mp-e-form-047534.cif,-0.7195058677777781,0.0
train,mb-mp-e-form-116929,data/cifs/mb-mp-e-form-116929.cif,-2.827682888622449,0.0
train,mb-mp-e-form-113552,data/cifs/mb-mp-e-form-113552.cif,-2.7030227302827776,0.0
train,mb-mp-e-form-100322,data/cifs/mb-mp-e-form-100322.cif,-2.412590675,0.0
train,mb-mp-e-form-064327,data/cifs/mb-mp-e-form-064327.cif,-1.296080914035714,0.0
train,mb-mp-e-form-081305,data/cifs/mb-mp-e-form-081305.cif,-1.891381434783783,0.0
train,mb-mp-e-form-098645,data/cifs/mb-mp-e-form-098645.cif,-2.3619410891666663,0.0
train,mb-mp-e-form-065597,data/cifs/mb-mp-e-form-065597.cif,-1.341717995374285,0.0
train,mb-mp-e-form-068088,data/cifs/mb-mp-e-form-068088.cif,-1.472753874391305,0.0
train,mb-mp-e-form-041487,data/cifs/mb-mp-e-form-041487.cif,-0.5892170908214283,0.0
train,mb-mp-e-form-125448,data/cifs/mb-mp-e-form-125448.cif,-3.1524242673809524,0.0
train,mb-mp-e-form-127513,data/cifs/mb-mp-e-form-127513.cif,-3.296065552916666,0.0
train,mb-mp-e-form-008870,data/cifs/mb-mp-e-form-008870.cif,0.1194481624999999,0.0
train,mb-mp-e-form-030425,data/cifs/mb-mp-e-form-030425.cif,-0.3770540991428573,0.0
train,mb-mp-e-form-122909,data/cifs/mb-mp-e-form-122909.cif,-3.02514111326154,0.0
train,mb-mp-e-form-108958,data/cifs/mb-mp-e-form-108958.cif,-2.613482279029146,0.0
train,mb-mp-e-form-044930,data/cifs/mb-mp-e-form-044930.cif,-0.6699605901736108,0.0
train,mb-mp-e-form-041198,data/cifs/mb-mp-e-form-041198.cif,-0.5895599722500009,0.0
train,mb-mp-e-form-000751,data/cifs/mb-mp-e-form-000751.cif,1.98667373475,0.0
train,mb-mp-e-form-115893,data/cifs/mb-mp-e-form-115893.cif,-2.80441495075,0.0
train,mb-mp-e-form-058984,data/cifs/mb-mp-e-form-058984.cif,-1.0868033562847228,0.0
train,mb-mp-e-form-021140,data/cifs/mb-mp-e-form-021140.cif,-0.2207748487499996,0.0
train,mb-mp-e-form-121116,data/cifs/mb-mp-e-form-121116.cif,-2.954137780625,0.0
train,mb-mp-e-form-132230,data/cifs/mb-mp-e-form-132230.cif,-3.964086471749998,0.0
train,mb-mp-e-form-008954,data/cifs/mb-mp-e-form-008954.cif,0.0665779293750006,0.0
train,mb-mp-e-form-112611,data/cifs/mb-mp-e-form-112611.cif,-2.6878762261908338,0.0
train,mb-mp-e-form-116780,data/cifs/mb-mp-e-form-116780.cif,-2.8455851004687496,0.0
train,mb-mp-e-form-016571,data/cifs/mb-mp-e-form-016571.cif,-0.0894143136111106,0.0
train,mb-mp-e-form-056923,data/cifs/mb-mp-e-form-056923.cif,-1.0231432524399997,0.0
train,mb-mp-e-form-042000,data/cifs/mb-mp-e-form-042000.cif,-0.5992225180288884,0.0
train,mb-mp-e-form-097131,data/cifs/mb-mp-e-form-097131.cif,-2.3536624957236847,0.0
train,mb-mp-e-form-004755,data/cifs/mb-mp-e-form-004755.cif,0.3367108209375011,0.0
train,mb-mp-e-form-057953,data/cifs/mb-mp-e-form-057953.cif,-1.0796274705468756,0.0
train,mb-mp-e-form-131504,data/cifs/mb-mp-e-form-131504.cif,-3.6581673860997626,0.0
train,mb-mp-e-form-068767,data/cifs/mb-mp-e-form-068767.cif,-1.4941550434963635,0.0
train,mb-mp-e-form-027769,data/cifs/mb-mp-e-form-027769.cif,-0.3248104125000015,0.0
train,mb-mp-e-form-061467,data/cifs/mb-mp-e-form-061467.cif,-1.1996283831008043,0.0
train,mb-mp-e-form-000372,data/cifs/mb-mp-e-form-000372.cif,1.8493670866666665,0.0
train,mb-mp-e-form-100778,data/cifs/mb-mp-e-form-100778.cif,-2.432935236675824,0.0
train,mb-mp-e-form-064618,data/cifs/mb-mp-e-form-064618.cif,-1.320747378816364,0.0
train,mb-mp-e-form-097369,data/cifs/mb-mp-e-form-097369.cif,-2.355661102678571,0.0
train,mb-mp-e-form-078168,data/cifs/mb-mp-e-form-078168.cif,-1.8179584466225,0.0
train,mb-mp-e-form-118179,data/cifs/mb-mp-e-form-118179.cif,-2.871079887325681,0.0
train,mb-mp-e-form-117369,data/cifs/mb-mp-e-form-117369.cif,-2.8182223451973667,0.0
train,mb-mp-e-form-091575,data/cifs/mb-mp-e-form-091575.cif,-2.18793140460026,0.0
train,mb-mp-e-form-065797,data/cifs/mb-mp-e-form-065797.cif,-1.346172852714,0.0
train,mb-mp-e-form-070952,data/cifs/mb-mp-e-form-070952.cif,-1.5951417246973796,0.0
train,mb-mp-e-form-092535,data/cifs/mb-mp-e-form-092535.cif,-2.201333860803572,0.0
train,mb-mp-e-form-102496,data/cifs/mb-mp-e-form-102496.cif,-2.448722272291667,0.0
train,mb-mp-e-form-098344,data/cifs/mb-mp-e-form-098344.cif,-2.373567586949699,0.0
train,mb-mp-e-form-033860,data/cifs/mb-mp-e-form-033860.cif,-0.443240453125,0.0
train,mb-mp-e-form-054927,data/cifs/mb-mp-e-form-054927.cif,-0.9381016747516664,0.0
train,mb-mp-e-form-091201,data/cifs/mb-mp-e-form-091201.cif,-2.172745549218749,0.0
train,mb-mp-e-form-109548,data/cifs/mb-mp-e-form-109548.cif,-2.6060081446691217,0.0
train,mb-mp-e-form-048736,data/cifs/mb-mp-e-form-048736.cif,-0.7413458810794605,0.0
train,mb-mp-e-form-080430,data/cifs/mb-mp-e-form-080430.cif,-1.858454405607144,0.0
train,mb-mp-e-form-075508,data/cifs/mb-mp-e-form-075508.cif,-1.7418386903399994,0.0
train,mb-mp-e-form-091718,data/cifs/mb-mp-e-form-091718.cif,-2.1834794782812508,0.0
train,mb-mp-e-form-049927,data/cifs/mb-mp-e-form-049927.cif,-0.8054950959114594,0.0
train,mb-mp-e-form-060521,data/cifs/mb-mp-e-form-060521.cif,-1.139416559739584,0.0
train,mb-mp-e-form-114180,data/cifs/mb-mp-e-form-114180.cif,-2.7307772135,0.0
train,mb-mp-e-form-005505,data/cifs/mb-mp-e-form-005505.cif,0.2309209325000001,0.0
train,mb-mp-e-form-112450,data/cifs/mb-mp-e-form-112450.cif,-2.674171266339285,0.0
train,mb-mp-e-form-131248,data/cifs/mb-mp-e-form-131248.cif,-3.63584860225,0.0
train,mb-mp-e-form-033634,data/cifs/mb-mp-e-form-033634.cif,-0.4263360705555554,0.0
train,mb-mp-e-form-067532,data/cifs/mb-mp-e-form-067532.cif,-1.4470059129629629,0.0
train,mb-mp-e-form-029323,data/cifs/mb-mp-e-form-029323.cif,-0.3646970166666659,0.0
train,mb-mp-e-form-085798,data/cifs/mb-mp-e-form-085798.cif,-2.041810956354167,0.0
train,mb-mp-e-form-086799,data/cifs/mb-mp-e-form-086799.cif,-2.0839575685458334,0.0
train,mb-mp-e-form-010196,data/cifs/mb-mp-e-form-010196.cif,0.0548338042857139,0.0
train,mb-mp-e-form-129146,data/cifs/mb-mp-e-form-129146.cif,-3.3953615472500003,0.0
train,mb-mp-e-form-130897,data/cifs/mb-mp-e-form-130897.cif,-3.661214035500002,0.0
train,mb-mp-e-form-119409,data/cifs/mb-mp-e-form-119409.cif,-2.888070893750002,0.0
train,mb-mp-e-form-072201,data/cifs/mb-mp-e-form-072201.cif,-1.6306244197058826,0.0
train,mb-mp-e-form-024893,data/cifs/mb-mp-e-form-024893.cif,-0.283654085,0.0
train,mb-mp-e-form-057863,data/cifs/mb-mp-e-form-057863.cif,-1.0428800366071431,0.0
train,mb-mp-e-form-123223,data/cifs/mb-mp-e-form-123223.cif,-3.04260863922611,0.0
train,mb-mp-e-form-116764,data/cifs/mb-mp-e-form-116764.cif,-2.84749717625,0.0
train,mb-mp-e-form-034175,data/cifs/mb-mp-e-form-034175.cif,-0.4595266757142856,0.0
train,mb-mp-e-form-111469,data/cifs/mb-mp-e-form-111469.cif,-2.652537432898519,0.0
train,mb-mp-e-form-006979,data/cifs/mb-mp-e-form-006979.cif,0.13772510125,0.0
train,mb-mp-e-form-014049,data/cifs/mb-mp-e-form-014049.cif,-0.031295171607143,0.0
train,mb-mp-e-form-012887,data/cifs/mb-mp-e-form-012887.cif,-0.0011259275000004,0.0
train,mb-mp-e-form-044896,data/cifs/mb-mp-e-form-044896.cif,-0.6765912509523789,0.0
train,mb-mp-e-form-047809,data/cifs/mb-mp-e-form-047809.cif,-0.7080368723214292,0.0
train,mb-mp-e-form-014204,data/cifs/mb-mp-e-form-014204.cif,-0.0401009600000001,0.0
train,mb-mp-e-form-019322,data/cifs/mb-mp-e-form-019322.cif,-0.1795715916666667,0.0
train,mb-mp-e-form-057245,data/cifs/mb-mp-e-form-057245.cif,-1.023845554166667,0.0
train,mb-mp-e-form-121538,data/cifs/mb-mp-e-form-121538.cif,-2.9722710898884,0.0
train,mb-mp-e-form-093827,data/cifs/mb-mp-e-form-093827.cif,-2.275061663815789,0.0
train,mb-mp-e-form-001623,data/cifs/mb-mp-e-form-001623.cif,1.1349267907472722,0.0
train,mb-mp-e-form-107911,data/cifs/mb-mp-e-form-107911.cif,-2.5883638734862022,0.0
train,mb-mp-e-form-088221,data/cifs/mb-mp-e-form-088221.cif,-2.11261505775,0.0
train,mb-mp-e-form-053766,data/cifs/mb-mp-e-form-053766.cif,-0.8937209335672727,0.0
train,mb-mp-e-form-039517,data/cifs/mb-mp-e-form-039517.cif,-0.5444923549999997,0.0
train,mb-mp-e-form-052272,data/cifs/mb-mp-e-form-052272.cif,-0.8377249570000004,0.0
train,mb-mp-e-form-063123,data/cifs/mb-mp-e-form-063123.cif,-1.277922355892857,0.0
train,mb-mp-e-form-076029,data/cifs/mb-mp-e-form-076029.cif,-1.75653558725,0.0
train,mb-mp-e-form-007834,data/cifs/mb-mp-e-form-007834.cif,0.1347089554599998,0.0
train,mb-mp-e-form-020626,data/cifs/mb-mp-e-form-020626.cif,-0.1854187633333331,0.0
train,mb-mp-e-form-122174,data/cifs/mb-mp-e-form-122174.cif,-3.0179109418750003,0.0
train,mb-mp-e-form-075115,data/cifs/mb-mp-e-form-075115.cif,-1.7389795944594897,0.0
train,mb-mp-e-form-016850,data/cifs/mb-mp-e-form-016850.cif,-0.0958254655555552,0.0
train,mb-mp-e-form-015557,data/cifs/mb-mp-e-form-015557.cif,-0.0586788649999997,0.0
train,mb-mp-e-form-130969,data/cifs/mb-mp-e-form-130969.cif,-3.7951305524312495,0.0
train,mb-mp-e-form-022973,data/cifs/mb-mp-e-form-022973.cif,-0.2553025272222216,0.0
train,mb-mp-e-form-014140,data/cifs/mb-mp-e-form-014140.cif,-0.039694970572917,0.0
train,mb-mp-e-form-023773,data/cifs/mb-mp-e-form-023773.cif,-0.2529216246875005,0.0
train,mb-mp-e-form-073840,data/cifs/mb-mp-e-form-073840.cif,-1.7072963266346135,0.0
train,mb-mp-e-form-012586,data/cifs/mb-mp-e-form-012586.cif,0.0050035274999995,0.0
train,mb-mp-e-form-019347,data/cifs/mb-mp-e-form-019347.cif,-0.1607763499999978,0.0
train,mb-mp-e-form-079884,data/cifs/mb-mp-e-form-079884.cif,-1.878532895535714,0.0
train,mb-mp-e-form-000444,data/cifs/mb-mp-e-form-000444.cif,2.084970935,0.0
train,mb-mp-e-form-108200,data/cifs/mb-mp-e-form-108200.cif,-2.588153251277955,0.0
train,mb-mp-e-form-128472,data/cifs/mb-mp-e-form-128472.cif,-3.327509712249632,0.0
train,mb-mp-e-form-086650,data/cifs/mb-mp-e-form-086650.cif,-2.052626624907408,0.0
train,mb-mp-e-form-059602,data/cifs/mb-mp-e-form-059602.cif,-1.1084917776523306,0.0
train,mb-mp-e-form-002564,data/cifs/mb-mp-e-form-002564.cif,0.8163906451733338,0.0
train,mb-mp-e-form-099240,data/cifs/mb-mp-e-form-099240.cif,-2.383616076680672,0.0
train,mb-mp-e-form-094472,data/cifs/mb-mp-e-form-094472.cif,-2.269059191224489,0.0
train,mb-mp-e-form-105448,data/cifs/mb-mp-e-form-105448.cif,-2.526068877770937,0.0
train,mb-mp-e-form-037952,data/cifs/mb-mp-e-form-037952.cif,-0.5183622007552083,0.0
train,mb-mp-e-form-003555,data/cifs/mb-mp-e-form-003555.cif,0.6372028980000011,0.0
train,mb-mp-e-form-070556,data/cifs/mb-mp-e-form-070556.cif,-1.5697140955208326,0.0
train,mb-mp-e-form-034593,data/cifs/mb-mp-e-form-034593.cif,-0.4469671556250006,0.0
train,mb-mp-e-form-132283,data/cifs/mb-mp-e-form-132283.cif,-4.093125865793334,0.0
train,mb-mp-e-form-089435,data/cifs/mb-mp-e-form-089435.cif,-2.124152711468253,0.0
train,mb-mp-e-form-118171,data/cifs/mb-mp-e-form-118171.cif,-2.8803831947500016,0.0
train,mb-mp-e-form-106869,data/cifs/mb-mp-e-form-106869.cif,-2.5562619354553786,0.0
train,mb-mp-e-form-110663,data/cifs/mb-mp-e-form-110663.cif,-2.625036937752976,0.0
train,mb-mp-e-form-086578,data/cifs/mb-mp-e-form-086578.cif,-2.052222954777331,0.0
train,mb-mp-e-form-114261,data/cifs/mb-mp-e-form-114261.cif,-2.7441083030032463,0.0
train,mb-mp-e-form-019261,data/cifs/mb-mp-e-form-019261.cif,-0.1622786976923064,0.0
train,mb-mp-e-form-060819,data/cifs/mb-mp-e-form-060819.cif,-1.1517221762037038,0.0
train,mb-mp-e-form-068764,data/cifs/mb-mp-e-form-068764.cif,-1.4700252102932438,0.0
train,mb-mp-e-form-039240,data/cifs/mb-mp-e-form-039240.cif,-0.5392392030380635,0.0
train,mb-mp-e-form-025858,data/cifs/mb-mp-e-form-025858.cif,-0.2903818816666662,0.0
train,mb-mp-e-form-082010,data/cifs/mb-mp-e-form-082010.cif,-1.9123511786216671,0.0
train,mb-mp-e-form-109249,data/cifs/mb-mp-e-form-109249.cif,-2.6068117123634456,0.0
train,mb-mp-e-form-130631,data/cifs/mb-mp-e-form-130631.cif,-3.575159144722221,0.0
train,mb-mp-e-form-003660,data/cifs/mb-mp-e-form-003660.cif,0.4403453060841381,0.0
train,mb-mp-e-form-124287,data/cifs/mb-mp-e-form-124287.cif,-3.087605635572918,0.0
train,mb-mp-e-form-097389,data/cifs/mb-mp-e-form-097389.cif,-2.3489183008885712,0.0
train,mb-mp-e-form-053455,data/cifs/mb-mp-e-form-053455.cif,-0.8731738550000001,0.0
train,mb-mp-e-form-080016,data/cifs/mb-mp-e-form-080016.cif,-1.875728408621666,0.0
train,mb-mp-e-form-115807,data/cifs/mb-mp-e-form-115807.cif,-2.786333581875,0.0
train,mb-mp-e-form-001218,data/cifs/mb-mp-e-form-001218.cif,1.2031743250000002,0.0
train,mb-mp-e-form-070085,data/cifs/mb-mp-e-form-070085.cif,-1.5584937249061863,0.0
train,mb-mp-e-form-049419,data/cifs/mb-mp-e-form-049419.cif,-0.7720112788333336,0.0
train,mb-mp-e-form-110401,data/cifs/mb-mp-e-form-110401.cif,-2.636800645545591,0.0
train,mb-mp-e-form-081819,data/cifs/mb-mp-e-form-081819.cif,-1.9239140660200005,0.0
train,mb-mp-e-form-040513,data/cifs/mb-mp-e-form-040513.cif,-0.5646021797368429,0.0
train,mb-mp-e-form-049344,data/cifs/mb-mp-e-form-049344.cif,-0.7600454934076799,0.0
train,mb-mp-e-form-115088,data/cifs/mb-mp-e-form-115088.cif,-2.7656083688809527,0.0
train,mb-mp-e-form-082505,data/cifs/mb-mp-e-form-082505.cif,-1.9316078407933333,0.0
train,mb-mp-e-form-018770,data/cifs/mb-mp-e-form-018770.cif,-0.1358131291839079,0.0
train,mb-mp-e-form-081636,data/cifs/mb-mp-e-form-081636.cif,-1.8977004980098684,0.0
train,mb-mp-e-form-083263,data/cifs/mb-mp-e-form-083263.cif,-1.9548065456250008,0.0
train,mb-mp-e-form-057393,data/cifs/mb-mp-e-form-057393.cif,-1.019264626548492,0.0
train,mb-mp-e-form-032613,data/cifs/mb-mp-e-form-032613.cif,-0.4210431629166666,0.0
train,mb-mp-e-form-054794,data/cifs/mb-mp-e-form-054794.cif,-0.9302147325000002,0.0
train,mb-mp-e-form-026891,data/cifs/mb-mp-e-form-026891.cif,-0.3190706862499999,0.0
train,mb-mp-e-form-031353,data/cifs/mb-mp-e-form-031353.cif,-0.4013502295833335,0.0
train,mb-mp-e-form-068518,data/cifs/mb-mp-e-form-068518.cif,-1.4823002731893828,0.0
train,mb-mp-e-form-103962,data/cifs/mb-mp-e-form-103962.cif,-2.48994287579392,0.0
train,mb-mp-e-form-115283,data/cifs/mb-mp-e-form-115283.cif,-2.780122128918,0.0
train,mb-mp-e-form-035746,data/cifs/mb-mp-e-form-035746.cif,-0.4786616075344828,0.0
train,mb-mp-e-form-019870,data/cifs/mb-mp-e-form-019870.cif,-0.1609468976785716,0.0
train,mb-mp-e-form-055798,data/cifs/mb-mp-e-form-055798.cif,-0.960899233854167,0.0
train,mb-mp-e-form-048116,data/cifs/mb-mp-e-form-048116.cif,-0.736681104583333,0.0
train,mb-mp-e-form-110977,data/cifs/mb-mp-e-form-110977.cif,-2.641850389591837,0.0
train,mb-mp-e-form-028282,data/cifs/mb-mp-e-form-028282.cif,-0.3447902726923075,0.0
train,mb-mp-e-form-061250,data/cifs/mb-mp-e-form-061250.cif,-1.164035655955882,0.0
train,mb-mp-e-form-126423,data/cifs/mb-mp-e-form-126423.cif,-3.2259125356291665,0.0
train,mb-mp-e-form-053028,data/cifs/mb-mp-e-form-053028.cif,-0.8984871499305558,0.0
train,mb-mp-e-form-006269,data/cifs/mb-mp-e-form-006269.cif,0.1686667604166665,0.0
train,mb-mp-e-form-012761,data/cifs/mb-mp-e-form-012761.cif,0.0063263933333329,0.0
train,mb-mp-e-form-099393,data/cifs/mb-mp-e-form-099393.cif,-2.386002931224489,0.0
train,mb-mp-e-form-044761,data/cifs/mb-mp-e-form-044761.cif,-0.653280923985535,0.0
train,mb-mp-e-form-079286,data/cifs/mb-mp-e-form-079286.cif,-1.850352864869793,0.0
train,mb-mp-e-form-130052,data/cifs/mb-mp-e-form-130052.cif,-3.542467254421429,0.0
train,mb-mp-e-form-104520,data/cifs/mb-mp-e-form-104520.cif,-2.49313591080743,0.0
train,mb-mp-e-form-016880,data/cifs/mb-mp-e-form-016880.cif,-0.0883743491666668,0.0
train,mb-mp-e-form-047958,data/cifs/mb-mp-e-form-047958.cif,-0.7331414070000009,0.0
train,mb-mp-e-form-130095,data/cifs/mb-mp-e-form-130095.cif,-3.5958895428125004,0.0
train,mb-mp-e-form-056324,data/cifs/mb-mp-e-form-056324.cif,-0.9864575945012496,0.0
train,mb-mp-e-form-011580,data/cifs/mb-mp-e-form-011580.cif,0.0184309083333342,0.0
train,mb-mp-e-form-083080,data/cifs/mb-mp-e-form-083080.cif,-1.9520483954166656,0.0
train,mb-mp-e-form-016990,data/cifs/mb-mp-e-form-016990.cif,-0.110400549086665,0.0
train,mb-mp-e-form-026978,data/cifs/mb-mp-e-form-026978.cif,-0.3386868092307684,0.0
train,mb-mp-e-form-011105,data/cifs/mb-mp-e-form-011105.cif,0.0304857721875002,0.0
train,mb-mp-e-form-127006,data/cifs/mb-mp-e-form-127006.cif,-3.2645091174583336,0.0
train,mb-mp-e-form-037235,data/cifs/mb-mp-e-form-037235.cif,-0.5029752843630763,0.0
train,mb-mp-e-form-026547,data/cifs/mb-mp-e-form-026547.cif,-0.3164168069230759,0.0
train,mb-mp-e-form-116361,data/cifs/mb-mp-e-form-116361.cif,-2.8157339315660925,0.0
train,mb-mp-e-form-080334,data/cifs/mb-mp-e-form-080334.cif,-1.863351621677857,0.0
train,mb-mp-e-form-123049,data/cifs/mb-mp-e-form-123049.cif,-3.0300458615126664,0.0
train,mb-mp-e-form-088357,data/cifs/mb-mp-e-form-088357.cif,-2.090076048076923,0.0
train,mb-mp-e-form-075465,data/cifs/mb-mp-e-form-075465.cif,-1.7245370304166674,0.0
train,mb-mp-e-form-087510,data/cifs/mb-mp-e-form-087510.cif,-2.087129244375,0.0
train,mb-mp-e-form-082058,data/cifs/mb-mp-e-form-082058.cif,-1.9267972733122416,0.0
train,mb-mp-e-form-109710,data/cifs/mb-mp-e-form-109710.cif,-2.5963250293718363,0.0
train,mb-mp-e-form-067162,data/cifs/mb-mp-e-form-067162.cif,-1.4444222342016346,0.0
train,mb-mp-e-form-086897,data/cifs/mb-mp-e-form-086897.cif,-2.06973940195538,0.0
train,mb-mp-e-form-051239,data/cifs/mb-mp-e-form-051239.cif,-0.8180521170426135,0.0
train,mb-mp-e-form-013081,data/cifs/mb-mp-e-form-013081.cif,-0.0097664037499995,0.0
train,mb-mp-e-form-052806,data/cifs/mb-mp-e-form-052806.cif,-0.8550430987500004,0.0
train,mb-mp-e-form-025110,data/cifs/mb-mp-e-form-025110.cif,-0.2961998125000002,0.0
train,mb-mp-e-form-051107,data/cifs/mb-mp-e-form-051107.cif,-0.816522329105715,0.0
train,mb-mp-e-form-023987,data/cifs/mb-mp-e-form-023987.cif,-0.2840138428794648,0.0
train,mb-mp-e-form-007333,data/cifs/mb-mp-e-form-007333.cif,0.1359855641666669,0.0
train,mb-mp-e-form-024066,data/cifs/mb-mp-e-form-024066.cif,-0.2773890224999995,0.0
train,mb-mp-e-form-107527,data/cifs/mb-mp-e-form-107527.cif,-2.5599700535714285,0.0
train,mb-mp-e-form-053568,data/cifs/mb-mp-e-form-053568.cif,-0.8825999175000003,0.0
train,mb-mp-e-form-110877,data/cifs/mb-mp-e-form-110877.cif,-2.6461333282539687,0.0
train,mb-mp-e-form-046413,data/cifs/mb-mp-e-form-046413.cif,-0.7056243055000003,0.0
train,mb-mp-e-form-054977,data/cifs/mb-mp-e-form-054977.cif,-0.9609186241145836,0.0
train,mb-mp-e-form-063209,data/cifs/mb-mp-e-form-063209.cif,-1.2799530789195592,0.0
train,mb-mp-e-form-109966,data/cifs/mb-mp-e-form-109966.cif,-2.6316611946194284,0.0
train,mb-mp-e-form-103953,data/cifs/mb-mp-e-form-103953.cif,-2.506593064702382,0.0
train,mb-mp-e-form-066245,data/cifs/mb-mp-e-form-066245.cif,-1.3943057768314482,0.0
train,mb-mp-e-form-115399,data/cifs/mb-mp-e-form-115399.cif,-2.7773975527362285,0.0
train,mb-mp-e-form-008761,data/cifs/mb-mp-e-form-008761.cif,0.1235606250000008,0.0
train,mb-mp-e-form-031088,data/cifs/mb-mp-e-form-031088.cif,-0.3987589724999996,0.0
train,mb-mp-e-form-050915,data/cifs/mb-mp-e-form-050915.cif,-0.8342574106249998,0.0
train,mb-mp-e-form-045862,data/cifs/mb-mp-e-form-045862.cif,-0.67499709375,0.0
train,mb-mp-e-form-003789,data/cifs/mb-mp-e-form-003789.cif,0.5503964885833341,0.0
train,mb-mp-e-form-037157,data/cifs/mb-mp-e-form-037157.cif,-0.5049216569380945,0.0
train,mb-mp-e-form-034960,data/cifs/mb-mp-e-form-034960.cif,-0.4644400360000006,0.0
train,mb-mp-e-form-054884,data/cifs/mb-mp-e-form-054884.cif,-0.959004765356718,0.0
train,mb-mp-e-form-038918,data/cifs/mb-mp-e-form-038918.cif,-0.5532329241666663,0.0
train,mb-mp-e-form-062541,data/cifs/mb-mp-e-form-062541.cif,-1.215986380059524,0.0
train,mb-mp-e-form-094547,data/cifs/mb-mp-e-form-094547.cif,-2.2577661357589287,0.0
train,mb-mp-e-form-026910,data/cifs/mb-mp-e-form-026910.cif,-0.3359233899314274,0.0
train,mb-mp-e-form-062293,data/cifs/mb-mp-e-form-062293.cif,-1.2144090684075008,0.0
train,mb-mp-e-form-100513,data/cifs/mb-mp-e-form-100513.cif,-2.4203742888925275,0.0
train,mb-mp-e-form-117289,data/cifs/mb-mp-e-form-117289.cif,-2.818038005833332,0.0
train,mb-mp-e-form-036393,data/cifs/mb-mp-e-form-036393.cif,-0.4854582242222218,0.0
train,mb-mp-e-form-121796,data/cifs/mb-mp-e-form-121796.cif,-2.9925340507812503,0.0
train,mb-mp-e-form-099244,data/cifs/mb-mp-e-form-099244.cif,-2.39071725,0.0
train,mb-mp-e-form-007029,data/cifs/mb-mp-e-form-007029.cif,0.1434797799999998,0.0
train,mb-mp-e-form-028084,data/cifs/mb-mp-e-form-028084.cif,-0.3512221525000001,0.0
train,mb-mp-e-form-101901,data/cifs/mb-mp-e-form-101901.cif,-2.4533281793272903,0.0
train,mb-mp-e-form-019447,data/cifs/mb-mp-e-form-019447.cif,-0.1813669001700008,0.0
train,mb-mp-e-form-021303,data/cifs/mb-mp-e-form-021303.cif,-0.2230624066666659,0.0
train,mb-mp-e-form-095032,data/cifs/mb-mp-e-form-095032.cif,-2.2921833745243334,0.0
train,mb-mp-e-form-044205,data/cifs/mb-mp-e-form-044205.cif,-0.6544392966073331,0.0
train,mb-mp-e-form-039928,data/cifs/mb-mp-e-form-039928.cif,-0.5723792977885712,0.0
train,mb-mp-e-form-115877,data/cifs/mb-mp-e-form-115877.cif,-2.79554627654762,0.0
train,mb-mp-e-form-035991,data/cifs/mb-mp-e-form-035991.cif,-0.4837745946031728,0.0
train,mb-mp-e-form-019688,data/cifs/mb-mp-e-form-019688.cif,-0.180681080475999,0.0
train,mb-mp-e-form-103444,data/cifs/mb-mp-e-form-103444.cif,-2.4849255564920307,0.0
train,mb-mp-e-form-052224,data/cifs/mb-mp-e-form-052224.cif,-0.8569603289070173,0.0
train,mb-mp-e-form-104518,data/cifs/mb-mp-e-form-104518.cif,-2.492465713219697,0.0
train,mb-mp-e-form-056071,data/cifs/mb-mp-e-form-056071.cif,-0.9863021063262006,0.0
train,mb-mp-e-form-022823,data/cifs/mb-mp-e-form-022823.cif,-0.2464712774999999,0.0
train,mb-mp-e-form-016429,data/cifs/mb-mp-e-form-016429.cif,-0.0968796520982136,0.0
train,mb-mp-e-form-048346,data/cifs/mb-mp-e-form-048346.cif,-0.7346799066666669,0.0
train,mb-mp-e-form-126862,data/cifs/mb-mp-e-form-126862.cif,-3.2725990581018505,0.0
train,mb-mp-e-form-061627,data/cifs/mb-mp-e-form-061627.cif,-1.1758505379102897,0.0
train,mb-mp-e-form-062623,data/cifs/mb-mp-e-form-062623.cif,-1.244332767767857,0.0
train,mb-mp-e-form-076238,data/cifs/mb-mp-e-form-076238.cif,-1.7681193368421049,0.0
train,mb-mp-e-form-073047,data/cifs/mb-mp-e-form-073047.cif,-1.666836542867,0.0
train,mb-mp-e-form-088227,data/cifs/mb-mp-e-form-088227.cif,-2.093646495138888,0.0
train,mb-mp-e-form-077843,data/cifs/mb-mp-e-form-077843.cif,-1.8263033362500003,0.0
train,mb-mp-e-form-074041,data/cifs/mb-mp-e-form-074041.cif,-1.7048541641269856,0.0
train,mb-mp-e-form-020539,data/cifs/mb-mp-e-form-020539.cif,-0.1857307899999997,0.0
train,mb-mp-e-form-126932,data/cifs/mb-mp-e-form-126932.cif,-3.280700169083333,0.0
train,mb-mp-e-form-042385,data/cifs/mb-mp-e-form-042385.cif,-0.6082314770454541,0.0
train,mb-mp-e-form-084745,data/cifs/mb-mp-e-form-084745.cif,-1.9779924263243245,0.0
train,mb-mp-e-form-122733,data/cifs/mb-mp-e-form-122733.cif,-2.98547114945538,0.0
train,mb-mp-e-form-042652,data/cifs/mb-mp-e-form-042652.cif,-0.6159462001562499,0.0
train,mb-mp-e-form-004006,data/cifs/mb-mp-e-form-004006.cif,0.3659512814062498,0.0
train,mb-mp-e-form-013124,data/cifs/mb-mp-e-form-013124.cif,-0.0089846374999999,0.0
train,mb-mp-e-form-130360,data/cifs/mb-mp-e-form-130360.cif,-3.5921324293936365,0.0
train,mb-mp-e-form-043446,data/cifs/mb-mp-e-form-043446.cif,-0.6315099058333331,0.0
train,mb-mp-e-form-004240,data/cifs/mb-mp-e-form-004240.cif,0.4158734633311767,0.0
train,mb-mp-e-form-062122,data/cifs/mb-mp-e-form-062122.cif,-1.211629226522727,0.0
train,mb-mp-e-form-114569,data/cifs/mb-mp-e-form-114569.cif,-2.7501855022542854,0.0
train,mb-mp-e-form-066097,data/cifs/mb-mp-e-form-066097.cif,-1.3780904570625,0.0
train,mb-mp-e-form-128827,data/cifs/mb-mp-e-form-128827.cif,-3.3924514247368425,0.0
train,mb-mp-e-form-041362,data/cifs/mb-mp-e-form-041362.cif,-0.5795684170312505,0.0
train,mb-mp-e-form-116253,data/cifs/mb-mp-e-form-116253.cif,-2.8143893901547616,0.0
train,mb-mp-e-form-064786,data/cifs/mb-mp-e-form-064786.cif,-1.311655447543636,0.0
train,mb-mp-e-form-063366,data/cifs/mb-mp-e-form-063366.cif,-1.2816049701562506,0.0
train,mb-mp-e-form-027436,data/cifs/mb-mp-e-form-027436.cif,-0.3228871683333321,0.0
train,mb-mp-e-form-120514,data/cifs/mb-mp-e-form-120514.cif,-2.9233365061419936,0.0
train,mb-mp-e-form-088149,data/cifs/mb-mp-e-form-088149.cif,-2.118753794349,0.0
train,mb-mp-e-form-014998,data/cifs/mb-mp-e-form-014998.cif,-0.0744048060000004,0.0
train,mb-mp-e-form-013035,data/cifs/mb-mp-e-form-013035.cif,-0.0083918765624999,0.0
train,mb-mp-e-form-068066,data/cifs/mb-mp-e-form-068066.cif,-1.4695168566666676,0.0
train,mb-mp-e-form-120488,data/cifs/mb-mp-e-form-120488.cif,-2.9233940643955565,0.0
train,mb-mp-e-form-127994,data/cifs/mb-mp-e-form-127994.cif,-3.38668578131579,0.0
train,mb-mp-e-form-054906,data/cifs/mb-mp-e-form-054906.cif,-0.9342262768749992,0.0
train,mb-mp-e-form-060479,data/cifs/mb-mp-e-form-060479.cif,-1.1253161308571435,0.0
train,mb-mp-e-form-030128,data/cifs/mb-mp-e-form-030128.cif,-0.3878851933333338,0.0
train,mb-mp-e-form-073022,data/cifs/mb-mp-e-form-073022.cif,-1.6624804275000002,0.0
train,mb-mp-e-form-060846,data/cifs/mb-mp-e-form-060846.cif,-1.126381955624999,0.0
train,mb-mp-e-form-027989,data/cifs/mb-mp-e-form-027989.cif,-0.3394354174999995,0.0
train,mb-mp-e-form-038164,data/cifs/mb-mp-e-form-038164.cif,-0.5321919923809527,0.0
train,mb-mp-e-form-045968,data/cifs/mb-mp-e-form-045968.cif,-0.6870713166666668,0.0
train,mb-mp-e-form-021893,data/cifs/mb-mp-e-form-021893.cif,-0.2164322793749997,0.0
train,mb-mp-e-form-106250,data/cifs/mb-mp-e-form-106250.cif,-2.539982793356814,0.0
train,mb-mp-e-form-104788,data/cifs/mb-mp-e-form-104788.cif,-2.5281854271875,0.0
train,mb-mp-e-form-019141,data/cifs/mb-mp-e-form-019141.cif,-0.1671455240981814,0.0
train,mb-mp-e-form-123329,data/cifs/mb-mp-e-form-123329.cif,-3.0379294127777783,0.0
train,mb-mp-e-form-042571,data/cifs/mb-mp-e-form-042571.cif,-0.6074365912499999,0.0
train,mb-mp-e-form-057062,data/cifs/mb-mp-e-form-057062.cif,-1.027677519741379,0.0
train,mb-mp-e-form-024910,data/cifs/mb-mp-e-form-024910.cif,-0.2905743483333325,0.0
train,mb-mp-e-form-063182,data/cifs/mb-mp-e-form-063182.cif,-1.259710627064499,0.0
train,mb-mp-e-form-099672,data/cifs/mb-mp-e-form-099672.cif,-2.392145091086309,0.0
train,mb-mp-e-form-052037,data/cifs/mb-mp-e-form-052037.cif,-0.8423966450689655,0.0
train,mb-mp-e-form-004179,data/cifs/mb-mp-e-form-004179.cif,0.3323747031465516,0.0
train,mb-mp-e-form-044535,data/cifs/mb-mp-e-form-044535.cif,-0.6553643490277778,0.0
train,mb-mp-e-form-082081,data/cifs/mb-mp-e-form-082081.cif,-1.9364918515364584,0.0
train,mb-mp-e-form-069102,data/cifs/mb-mp-e-form-069102.cif,-1.5288996412500002,0.0
train,mb-mp-e-form-122814,data/cifs/mb-mp-e-form-122814.cif,-3.0285628690476187,0.0
train,mb-mp-e-form-063014,data/cifs/mb-mp-e-form-063014.cif,-1.254733333775862,0.0
train,mb-mp-e-form-002835,data/cifs/mb-mp-e-form-002835.cif,0.9954328858333326,0.0
train,mb-mp-e-form-102322,data/cifs/mb-mp-e-form-102322.cif,-2.4614828250630256,0.0
train,mb-mp-e-form-067145,data/cifs/mb-mp-e-form-067145.cif,-1.4225059837222225,0.0
train,mb-mp-e-form-044554,data/cifs/mb-mp-e-form-044554.cif,-0.6400445599999998,0.0
train,mb-mp-e-form-053305,data/cifs/mb-mp-e-form-053305.cif,-0.8929942160185189,0.0
train,mb-mp-e-form-132527,data/cifs/mb-mp-e-form-132527.cif,-3.91689125275,0.0
train,mb-mp-e-form-020482,data/cifs/mb-mp-e-form-020482.cif,-0.1869248507051286,0.0
train,mb-mp-e-form-052138,data/cifs/mb-mp-e-form-052138.cif,-0.8595441808749988,0.0
train,mb-mp-e-form-093899,data/cifs/mb-mp-e-form-093899.cif,-2.2652309165741618,0.0
train,mb-mp-e-form-107448,data/cifs/mb-mp-e-form-107448.cif,-2.567447734946429,0.0
train,mb-mp-e-form-050427,data/cifs/mb-mp-e-form-050427.cif,-0.7970010959999996,0.0
train,mb-mp-e-form-115687,data/cifs/mb-mp-e-form-115687.cif,-2.7823314340625007,0.0
train,mb-mp-e-form-019265,data/cifs/mb-mp-e-form-019265.cif,-0.1637117870833341,0.0
train,mb-mp-e-form-088897,data/cifs/mb-mp-e-form-088897.cif,-2.142556204897499,0.0
train,mb-mp-e-form-072357,data/cifs/mb-mp-e-form-072357.cif,-1.621127607121213,0.0
train,mb-mp-e-form-085022,data/cifs/mb-mp-e-form-085022.cif,-2.0263929542752064,0.0
train,mb-mp-e-form-127271,data/cifs/mb-mp-e-form-127271.cif,-3.2813972783333334,0.0
train,mb-mp-e-form-063585,data/cifs/mb-mp-e-form-063585.cif,-1.2458289709999992,0.0
train,mb-mp-e-form-061802,data/cifs/mb-mp-e-form-061802.cif,-1.1649581701117973,0.0
train,mb-mp-e-form-084036,data/cifs/mb-mp-e-form-084036.cif,-2.0017210679419994,0.0
train,mb-mp-e-form-001561,data/cifs/mb-mp-e-form-001561.cif,1.2544915362500006,0.0
train,mb-mp-e-form-122547,data/cifs/mb-mp-e-form-122547.cif,-3.017237135000001,0.0
train,mb-mp-e-form-043853,data/cifs/mb-mp-e-form-043853.cif,-0.6263619450000005,0.0
train,mb-mp-e-form-089529,data/cifs/mb-mp-e-form-089529.cif,-2.1448905719149995,0.0
train,mb-mp-e-form-077047,data/cifs/mb-mp-e-form-077047.cif,-1.7816669536200005,0.0
train,mb-mp-e-form-054503,data/cifs/mb-mp-e-form-054503.cif,-0.917637146558182,0.0
train,mb-mp-e-form-099695,data/cifs/mb-mp-e-form-099695.cif,-2.398511789436429,0.0
train,mb-mp-e-form-045664,data/cifs/mb-mp-e-form-045664.cif,-0.6797476710937502,0.0
train,mb-mp-e-form-048663,data/cifs/mb-mp-e-form-048663.cif,-0.7525501153057144,0.0
train,mb-mp-e-form-106530,data/cifs/mb-mp-e-form-106530.cif,-2.533183445833333,0.0
train,mb-mp-e-form-061303,data/cifs/mb-mp-e-form-061303.cif,-1.1989643344285714,0.0
train,mb-mp-e-form-102777,data/cifs/mb-mp-e-form-102777.cif,-2.4775815184092136,0.0
train,mb-mp-e-form-120326,data/cifs/mb-mp-e-form-120326.cif,-2.92883106809052,0.0
train,mb-mp-e-form-016069,data/cifs/mb-mp-e-form-016069.cif,-0.0850915347368425,0.0
train,mb-mp-e-form-052559,data/cifs/mb-mp-e-form-052559.cif,-0.8358839087499996,0.0
train,mb-mp-e-form-032203,data/cifs/mb-mp-e-form-032203.cif,-0.4095517426785712,0.0
train,mb-mp-e-form-082021,data/cifs/mb-mp-e-form-082021.cif,-1.917488009871666,0.0
train,mb-mp-e-form-125235,data/cifs/mb-mp-e-form-125235.cif,-3.1360998958333344,0.0
train,mb-mp-e-form-025307,data/cifs/mb-mp-e-form-025307.cif,-0.2972891423863628,0.0
train,mb-mp-e-form-012809,data/cifs/mb-mp-e-form-012809.cif,0.0009608828124996,0.0
train,mb-mp-e-form-071124,data/cifs/mb-mp-e-form-071124.cif,-1.5993797294375,0.0
train,mb-mp-e-form-100037,data/cifs/mb-mp-e-form-100037.cif,-2.412566075750001,0.0
train,mb-mp-e-form-064944,data/cifs/mb-mp-e-form-064944.cif,-1.337838564367816,0.0
train,mb-mp-e-form-004753,data/cifs/mb-mp-e-form-004753.cif,0.3704971409523819,0.0
train,mb-mp-e-form-110321,data/cifs/mb-mp-e-form-110321.cif,-2.6257545294191296,0.0
train,mb-mp-e-form-047184,data/cifs/mb-mp-e-form-047184.cif,-0.7237475852054548,0.0
train,mb-mp-e-form-041779,data/cifs/mb-mp-e-form-041779.cif,-0.5888253022252933,0.0
train,mb-mp-e-form-039065,data/cifs/mb-mp-e-form-039065.cif,-0.5412598849780004,0.0
train,mb-mp-e-form-003374,data/cifs/mb-mp-e-form-003374.cif,0.6491804637499996,0.0
train,mb-mp-e-form-007694,data/cifs/mb-mp-e-form-007694.cif,0.1459644530000005,0.0
train,mb-mp-e-form-009664,data/cifs/mb-mp-e-form-009664.cif,0.0694080891071422,0.0
train,mb-mp-e-form-072437,data/cifs/mb-mp-e-form-072437.cif,-1.6386550255961545,0.0
train,mb-mp-e-form-049077,data/cifs/mb-mp-e-form-049077.cif,-0.7754500550892861,0.0
train,mb-mp-e-form-041842,data/cifs/mb-mp-e-form-041842.cif,-0.5881925624999997,0.0
train,mb-mp-e-form-013215,data/cifs/mb-mp-e-form-013215.cif,-0.0108605740384615,0.0
train,mb-mp-e-form-036015,data/cifs/mb-mp-e-form-036015.cif,-0.4840298772099996,0.0
train,mb-mp-e-form-087784,data/cifs/mb-mp-e-form-087784.cif,-2.087852458571428,0.0
train,mb-mp-e-form-038650,data/cifs/mb-mp-e-form-038650.cif,-0.5335749875000003,0.0
train,mb-mp-e-form-114833,data/cifs/mb-mp-e-form-114833.cif,-2.781961028593749,0.0
train,mb-mp-e-form-130943,data/cifs/mb-mp-e-form-130943.cif,-3.816946317327832,0.0
train,mb-mp-e-form-004497,data/cifs/mb-mp-e-form-004497.cif,0.3817762000799997,0.0
train,mb-mp-e-form-002142,data/cifs/mb-mp-e-form-002142.cif,0.7759384899999997,0.0
train,mb-mp-e-form-051402,data/cifs/mb-mp-e-form-051402.cif,-0.8184289723529399,0.0
train,mb-mp-e-form-044236,data/cifs/mb-mp-e-form-044236.cif,-0.6517148984752832,0.0
train,mb-mp-e-form-030235,data/cifs/mb-mp-e-form-030235.cif,-0.3773290420000002,0.0
train,mb-mp-e-form-057742,data/cifs/mb-mp-e-form-057742.cif,-1.036844014695918,0.0
train,mb-mp-e-form-040878,data/cifs/mb-mp-e-form-040878.cif,-0.5664664766666672,0.0
train,mb-mp-e-form-025477,data/cifs/mb-mp-e-form-025477.cif,-0.305083766935765,0.0
train,mb-mp-e-form-060328,data/cifs/mb-mp-e-form-060328.cif,-1.1517552646633331,0.0
train,mb-mp-e-form-028202,data/cifs/mb-mp-e-form-028202.cif,-0.3398001449267737,0.0
train,mb-mp-e-form-107462,data/cifs/mb-mp-e-form-107462.cif,-2.5574688524767084,0.0
train,mb-mp-e-form-102153,data/cifs/mb-mp-e-form-102153.cif,-2.4574656000833337,0.0
train,mb-mp-e-form-118049,data/cifs/mb-mp-e-form-118049.cif,-2.8807591507954555,0.0
train,mb-mp-e-form-092013,data/cifs/mb-mp-e-form-092013.cif,-2.211040366797812,0.0
train,mb-mp-e-form-128704,data/cifs/mb-mp-e-form-128704.cif,-3.3547499040625,0.0
train,mb-mp-e-form-097687,data/cifs/mb-mp-e-form-097687.cif,-2.335901584642857,0.0
train,mb-mp-e-form-128330,data/cifs/mb-mp-e-form-128330.cif,-3.3294646954117946,0.0
train,mb-mp-e-form-044140,data/cifs/mb-mp-e-form-044140.cif,-0.6592059147500009,0.0
train,mb-mp-e-form-117949,data/cifs/mb-mp-e-form-117949.cif,-2.85689884712,0.0
train,mb-mp-e-form-004911,data/cifs/mb-mp-e-form-004911.cif,0.3504981449999995,0.0
train,mb-mp-e-form-124321,data/cifs/mb-mp-e-form-124321.cif,-3.103516975795,0.0
train,mb-mp-e-form-112202,data/cifs/mb-mp-e-form-112202.cif,-2.684220794722223,0.0
train,mb-mp-e-form-011336,data/cifs/mb-mp-e-form-011336.cif,0.022648015,0.0
train,mb-mp-e-form-090510,data/cifs/mb-mp-e-form-090510.cif,-2.171492468068183,0.0
train,mb-mp-e-form-087691,data/cifs/mb-mp-e-form-087691.cif,-2.067065297220588,0.0
train,mb-mp-e-form-074800,data/cifs/mb-mp-e-form-074800.cif,-1.7116299380468751,0.0
train,mb-mp-e-form-023192,data/cifs/mb-mp-e-form-023192.cif,-0.2677690282304003,0.0
train,mb-mp-e-form-115197,data/cifs/mb-mp-e-form-115197.cif,-2.7676762616666672,0.0
train,mb-mp-e-form-126956,data/cifs/mb-mp-e-form-126956.cif,-3.293662596906154,0.0
train,mb-mp-e-form-036865,data/cifs/mb-mp-e-form-036865.cif,-0.4815811574999999,0.0
train,mb-mp-e-form-022074,data/cifs/mb-mp-e-form-022074.cif,-0.2356776724999996,0.0
train,mb-mp-e-form-049675,data/cifs/mb-mp-e-form-049675.cif,-0.7708745109999999,0.0
train,mb-mp-e-form-041051,data/cifs/mb-mp-e-form-041051.cif,-0.5881925417968752,0.0
train,mb-mp-e-form-045287,data/cifs/mb-mp-e-form-045287.cif,-0.666688555625,0.0
train,mb-mp-e-form-075855,data/cifs/mb-mp-e-form-075855.cif,-1.7780176532954537,0.0
train,mb-mp-e-form-030489,data/cifs/mb-mp-e-form-030489.cif,-0.3816591044999995,0.0
train,mb-mp-e-form-101394,data/cifs/mb-mp-e-form-101394.cif,-2.4241725230744446,0.0
train,mb-mp-e-form-122527,data/cifs/mb-mp-e-form-122527.cif,-2.988972284166666,0.0
train,mb-mp-e-form-102271,data/cifs/mb-mp-e-form-102271.cif,-2.446652130416666,0.0
train,mb-mp-e-form-094640,data/cifs/mb-mp-e-form-094640.cif,-2.2778262336512176,0.0
train,mb-mp-e-form-044502,data/cifs/mb-mp-e-form-044502.cif,-0.6435525325000002,0.0
train,mb-mp-e-form-023671,data/cifs/mb-mp-e-form-023671.cif,-0.2641973698148155,0.0
train,mb-mp-e-form-120501,data/cifs/mb-mp-e-form-120501.cif,-2.925017116964284,0.0
train,mb-mp-e-form-056016,data/cifs/mb-mp-e-form-056016.cif,-0.9802493137500008,0.0
train,mb-mp-e-form-001863,data/cifs/mb-mp-e-form-001863.cif,1.272846426125,0.0
train,mb-mp-e-form-073572,data/cifs/mb-mp-e-form-073572.cif,-1.650470293864166,0.0
train,mb-mp-e-form-073215,data/cifs/mb-mp-e-form-073215.cif,-1.6749599943256583,0.0
train,mb-mp-e-form-044459,data/cifs/mb-mp-e-form-044459.cif,-0.651340939947918,0.0
train,mb-mp-e-form-058925,data/cifs/mb-mp-e-form-058925.cif,-1.0917255110714283,0.0
train,mb-mp-e-form-092835,data/cifs/mb-mp-e-form-092835.cif,-2.2401443950000006,0.0
train,mb-mp-e-form-012242,data/cifs/mb-mp-e-form-012242.cif,0.0089595674999998,0.0
train,mb-mp-e-form-019095,data/cifs/mb-mp-e-form-019095.cif,-0.1597526562499998,0.0
train,mb-mp-e-form-058655,data/cifs/mb-mp-e-form-058655.cif,-1.0550138911877396,0.0
train,mb-mp-e-form-093901,data/cifs/mb-mp-e-form-093901.cif,-2.258907970269814,0.0
train,mb-mp-e-form-073885,data/cifs/mb-mp-e-form-073885.cif,-1.7067208512499992,0.0
train,mb-mp-e-form-101096,data/cifs/mb-mp-e-form-101096.cif,-2.44070409055,0.0
train,mb-mp-e-form-114252,data/cifs/mb-mp-e-form-114252.cif,-2.7392092858925,0.0
train,mb-mp-e-form-022508,data/cifs/mb-mp-e-form-022508.cif,-0.2418802032894734,0.0
train,mb-mp-e-form-022730,data/cifs/mb-mp-e-form-022730.cif,-0.2305522924759998,0.0
train,mb-mp-e-form-005833,data/cifs/mb-mp-e-form-005833.cif,0.2592286021710061,0.0
train,mb-mp-e-form-037351,data/cifs/mb-mp-e-form-037351.cif,-0.5122512146666665,0.0
train,mb-mp-e-form-078230,data/cifs/mb-mp-e-form-078230.cif,-1.836338286947668,0.0
train,mb-mp-e-form-000162,data/cifs/mb-mp-e-form-000162.cif,2.0227274600000005,0.0
train,mb-mp-e-form-076727,data/cifs/mb-mp-e-form-076727.cif,-1.7481612761311809,0.0
train,mb-mp-e-form-014948,data/cifs/mb-mp-e-form-014948.cif,-0.0729795124999999,0.0
train,mb-mp-e-form-010431,data/cifs/mb-mp-e-form-010431.cif,0.0374747799482757,0.0
train,mb-mp-e-form-032927,data/cifs/mb-mp-e-form-032927.cif,-0.4441023402083333,0.0
train,mb-mp-e-form-060542,data/cifs/mb-mp-e-form-060542.cif,-1.13982761125,0.0
train,mb-mp-e-form-083984,data/cifs/mb-mp-e-form-083984.cif,-1.995484918711,0.0
train,mb-mp-e-form-110310,data/cifs/mb-mp-e-form-110310.cif,-2.625549323522728,0.0
train,mb-mp-e-form-065936,data/cifs/mb-mp-e-form-065936.cif,-1.4166313661979164,0.0
train,mb-mp-e-form-055321,data/cifs/mb-mp-e-form-055321.cif,-0.9377169025,0.0
train,mb-mp-e-form-132372,data/cifs/mb-mp-e-form-132372.cif,-3.889179582559167,0.0
train,mb-mp-e-form-004736,data/cifs/mb-mp-e-form-004736.cif,0.3862827720833337,0.0
train,mb-mp-e-form-027434,data/cifs/mb-mp-e-form-027434.cif,-0.3342123429817705,0.0
train,mb-mp-e-form-084850,data/cifs/mb-mp-e-form-084850.cif,-2.013521993229168,0.0
train,mb-mp-e-form-100758,data/cifs/mb-mp-e-form-100758.cif,-2.436237525865,0.0
train,mb-mp-e-form-110874,data/cifs/mb-mp-e-form-110874.cif,-2.649971053875662,0.0
train,mb-mp-e-form-026611,data/cifs/mb-mp-e-form-026611.cif,-0.3167218162499994,0.0
train,mb-mp-e-form-080411,data/cifs/mb-mp-e-form-080411.cif,-1.8702837877234,0.0
train,mb-mp-e-form-006327,data/cifs/mb-mp-e-form-006327.cif,0.2089115892857143,0.0
train,mb-mp-e-form-096345,data/cifs/mb-mp-e-form-096345.cif,-2.310960870658572,0.0
train,mb-mp-e-form-058899,data/cifs/mb-mp-e-form-058899.cif,-1.1010256908566671,0.0
train,mb-mp-e-form-055698,data/cifs/mb-mp-e-form-055698.cif,-0.9455236635850688,0.0
train,mb-mp-e-form-132118,data/cifs/mb-mp-e-form-132118.cif,-3.871530888306451,0.0
train,mb-mp-e-form-081227,data/cifs/mb-mp-e-form-081227.cif,-1.907924148216285,0.0
train,mb-mp-e-form-063092,data/cifs/mb-mp-e-form-063092.cif,-1.262168421666667,0.0
train,mb-mp-e-form-114691,data/cifs/mb-mp-e-form-114691.cif,-2.7350877905714284,0.0
train,mb-mp-e-form-085774,data/cifs/mb-mp-e-form-085774.cif,-2.0134391615625,0.0
train,mb-mp-e-form-071884,data/cifs/mb-mp-e-form-071884.cif,-1.6128898802413794,0.0
train,mb-mp-e-form-108486,data/cifs/mb-mp-e-form-108486.cif,-2.591124800496032,0.0
train,mb-mp-e-form-036508,data/cifs/mb-mp-e-form-036508.cif,-0.4832924585714297,0.0
train,mb-mp-e-form-071485,data/cifs/mb-mp-e-form-071485.cif,-1.5793241660535722,0.0
train,mb-mp-e-form-089979,data/cifs/mb-mp-e-form-089979.cif,-2.1513685208307143,0.0
train,mb-mp-e-form-115832,data/cifs/mb-mp-e-form-115832.cif,-2.785614481093749,0.0
train,mb-mp-e-form-006456,data/cifs/mb-mp-e-form-006456.cif,0.1906073537499987,0.0
train,mb-mp-e-form-008740,data/cifs/mb-mp-e-form-008740.cif,0.1234700799999997,0.0
train,mb-mp-e-form-067007,data/cifs/mb-mp-e-form-067007.cif,-1.4201543111182604,0.0
train,mb-mp-e-form-017349,data/cifs/mb-mp-e-form-017349.cif,-0.1171292349999989,0.0
train,mb-mp-e-form-046899,data/cifs/mb-mp-e-form-046899.cif,-0.7094192775000003,0.0
train,mb-mp-e-form-071544,data/cifs/mb-mp-e-form-071544.cif,-1.6067702337731486,0.0
train,mb-mp-e-form-098256,data/cifs/mb-mp-e-form-098256.cif,-2.3768033437916665,0.0
train,mb-mp-e-form-089483,data/cifs/mb-mp-e-form-089483.cif,-2.1427825211764704,0.0
train,mb-mp-e-form-032133,data/cifs/mb-mp-e-form-032133.cif,-0.4223715916666661,0.0
train,mb-mp-e-form-101363,data/cifs/mb-mp-e-form-101363.cif,-2.426341990769232,0.0
train,mb-mp-e-form-078004,data/cifs/mb-mp-e-form-078004.cif,-1.833590581923077,0.0
train,mb-mp-e-form-026834,data/cifs/mb-mp-e-form-026834.cif,-0.3082387799999999,0.0
train,mb-mp-e-form-124688,data/cifs/mb-mp-e-form-124688.cif,-3.104925652625,0.0
train,mb-mp-e-form-054835,data/cifs/mb-mp-e-form-054835.cif,-0.9069855800000006,0.0
train,mb-mp-e-form-020771,data/cifs/mb-mp-e-form-020771.cif,-0.1985547449324993,0.0
train,mb-mp-e-form-080932,data/cifs/mb-mp-e-form-080932.cif,-1.902299512524965,0.0
train,mb-mp-e-form-008363,data/cifs/mb-mp-e-form-008363.cif,0.10910613875,0.0
train,mb-mp-e-form-079324,data/cifs/mb-mp-e-form-079324.cif,-1.8533891936108369,0.0
train,mb-mp-e-form-006030,data/cifs/mb-mp-e-form-006030.cif,0.1976678979166668,0.0
train,mb-mp-e-form-023460,data/cifs/mb-mp-e-form-023460.cif,-0.2530001962499995,0.0
train,mb-mp-e-form-105525,data/cifs/mb-mp-e-form-105525.cif,-2.519332288693044,0.0
train,mb-mp-e-form-029231,data/cifs/mb-mp-e-form-029231.cif,-0.3714855282352941,0.0
train,mb-mp-e-form-015530,data/cifs/mb-mp-e-form-015530.cif,-0.0754751187500003,0.0
train,mb-mp-e-form-132690,data/cifs/mb-mp-e-form-132690.cif,-4.328040622372667,0.0
train,mb-mp-e-form-077003,data/cifs/mb-mp-e-form-077003.cif,-1.783670753437499,0.0
train,mb-mp-e-form-082281,data/cifs/mb-mp-e-form-082281.cif,-1.913271591977648,0.0
train,mb-mp-e-form-062043,data/cifs/mb-mp-e-form-062043.cif,-1.2416206667968748,0.0
train,mb-mp-e-form-105108,data/cifs/mb-mp-e-form-105108.cif,-2.5280399827500006,0.0
train,mb-mp-e-form-000641,data/cifs/mb-mp-e-form-000641.cif,2.4026652812500005,0.0
train,mb-mp-e-form-080938,data/cifs/mb-mp-e-form-080938.cif,-1.9092704070833344,0.0
train,mb-mp-e-form-125212,data/cifs/mb-mp-e-form-125212.cif,-3.162117621910716,0.0
train,mb-mp-e-form-015684,data/cifs/mb-mp-e-form-015684.cif,-0.0569966143617019,0.0
train,mb-mp-e-form-044972,data/cifs/mb-mp-e-form-044972.cif,-0.6809927833333328,0.0
train,mb-mp-e-form-020108,data/cifs/mb-mp-e-form-020108.cif,-0.1952353850000001,0.0
train,mb-mp-e-form-058448,data/cifs/mb-mp-e-form-058448.cif,-1.045448129375,0.0
train,mb-mp-e-form-034235,data/cifs/mb-mp-e-form-034235.cif,-0.4477072474040007,0.0
train,mb-mp-e-form-083399,data/cifs/mb-mp-e-form-083399.cif,-1.947766041609376,0.0
train,mb-mp-e-form-057325,data/cifs/mb-mp-e-form-057325.cif,-1.02178387703125,0.0
train,mb-mp-e-form-111779,data/cifs/mb-mp-e-form-111779.cif,-2.67479136875,0.0
train,mb-mp-e-form-021557,data/cifs/mb-mp-e-form-021557.cif,-0.2116364943749999,0.0
train,mb-mp-e-form-065119,data/cifs/mb-mp-e-form-065119.cif,-1.3539539229523807,0.0
train,mb-mp-e-form-065616,data/cifs/mb-mp-e-form-065616.cif,-1.3609233059896293,0.0
train,mb-mp-e-form-046759,data/cifs/mb-mp-e-form-046759.cif,-0.699005169336791,0.0
train,mb-mp-e-form-070613,data/cifs/mb-mp-e-form-070613.cif,-1.5422407089479997,0.0
train,mb-mp-e-form-125459,data/cifs/mb-mp-e-form-125459.cif,-3.17329816952381,0.0
train,mb-mp-e-form-005633,data/cifs/mb-mp-e-form-005633.cif,0.2789694450000001,0.0
train,mb-mp-e-form-086619,data/cifs/mb-mp-e-form-086619.cif,-2.038174166206597,0.0
train,mb-mp-e-form-088428,data/cifs/mb-mp-e-form-088428.cif,-2.1115388178014283,0.0
train,mb-mp-e-form-042750,data/cifs/mb-mp-e-form-042750.cif,-0.6021210093253981,0.0
train,mb-mp-e-form-076799,data/cifs/mb-mp-e-form-076799.cif,-1.7522318117500006,0.0
train,mb-mp-e-form-065238,data/cifs/mb-mp-e-form-065238.cif,-1.373754768725248,0.0
train,mb-mp-e-form-081253,data/cifs/mb-mp-e-form-081253.cif,-1.8977619205468743,0.0
train,mb-mp-e-form-132143,data/cifs/mb-mp-e-form-132143.cif,-3.849394636904444,0.0
train,mb-mp-e-form-062026,data/cifs/mb-mp-e-form-062026.cif,-1.222249971749166,0.0
train,mb-mp-e-form-035772,data/cifs/mb-mp-e-form-035772.cif,-0.4688900040018744,0.0
train,mb-mp-e-form-009988,data/cifs/mb-mp-e-form-009988.cif,0.053540715,0.0
train,mb-mp-e-form-132554,data/cifs/mb-mp-e-form-132554.cif,-4.005471886406249,0.0
train,mb-mp-e-form-120533,data/cifs/mb-mp-e-form-120533.cif,-2.9460071053629164,0.0
train,mb-mp-e-form-031387,data/cifs/mb-mp-e-form-031387.cif,-0.4082366950000005,0.0
train,mb-mp-e-form-084058,data/cifs/mb-mp-e-form-084058.cif,-2.000236317534545,0.0
train,mb-mp-e-form-029453,data/cifs/mb-mp-e-form-029453.cif,-0.3691070367500003,0.0
train,mb-mp-e-form-022570,data/cifs/mb-mp-e-form-022570.cif,-0.2345450199999999,0.0
train,mb-mp-e-form-074522,data/cifs/mb-mp-e-form-074522.cif,-1.6988307405122225,0.0
train,mb-mp-e-form-039113,data/cifs/mb-mp-e-form-039113.cif,-0.5466449034090911,0.0
train,mb-mp-e-form-109434,data/cifs/mb-mp-e-form-109434.cif,-2.5991967429629628,0.0
train,mb-mp-e-form-032847,data/cifs/mb-mp-e-form-032847.cif,-0.4108970924999999,0.0
train,mb-mp-e-form-113408,data/cifs/mb-mp-e-form-113408.cif,-2.69397533532738,0.0
train,mb-mp-e-form-028425,data/cifs/mb-mp-e-form-028425.cif,-0.3473373977343752,0.0
train,mb-mp-e-form-008638,data/cifs/mb-mp-e-form-008638.cif,0.1212016054310352,0.0
train,mb-mp-e-form-050020,data/cifs/mb-mp-e-form-050020.cif,-0.7962932162351208,0.0
train,mb-mp-e-form-054338,data/cifs/mb-mp-e-form-054338.cif,-0.9185243155860806,0.0
train,mb-mp-e-form-088545,data/cifs/mb-mp-e-form-088545.cif,-2.110286935192,0.0
train,mb-mp-e-form-068380,data/cifs/mb-mp-e-form-068380.cif,-1.48459158407125,0.0
train,mb-mp-e-form-049506,data/cifs/mb-mp-e-form-049506.cif,-0.7579707828571429,0.0
train,mb-mp-e-form-130774,data/cifs/mb-mp-e-form-130774.cif,-3.6485806238330007,0.0
train,mb-mp-e-form-124528,data/cifs/mb-mp-e-form-124528.cif,-3.077394695795455,0.0
train,mb-mp-e-form-118129,data/cifs/mb-mp-e-form-118129.cif,-2.8546679877638894,0.0
train,mb-mp-e-form-001729,data/cifs/mb-mp-e-form-001729.cif,1.1792674901785714,0.0
train,mb-mp-e-form-121073,data/cifs/mb-mp-e-form-121073.cif,-2.968372053888128,0.0
train,mb-mp-e-form-128133,data/cifs/mb-mp-e-form-128133.cif,-3.351330512892857,0.0
train,mb-mp-e-form-086537,data/cifs/mb-mp-e-form-086537.cif,-2.041685052478132,0.0
train,mb-mp-e-form-040719,data/cifs/mb-mp-e-form-040719.cif,-0.5790890083333325,0.0
train,mb-mp-e-form-037453,data/cifs/mb-mp-e-form-037453.cif,-0.4987055583333338,0.0
train,mb-mp-e-form-084583,data/cifs/mb-mp-e-form-084583.cif,-1.990606370386668,0.0
train,mb-mp-e-form-106258,data/cifs/mb-mp-e-form-106258.cif,-2.5379005035520827,0.0
train,mb-mp-e-form-083337,data/cifs/mb-mp-e-form-083337.cif,-1.9496618285980305,0.0
train,mb-mp-e-form-068360,data/cifs/mb-mp-e-form-068360.cif,-1.490521749366073,0.0
train,mb-mp-e-form-094075,data/cifs/mb-mp-e-form-094075.cif,-2.2599995081249995,0.0
train,mb-mp-e-form-072979,data/cifs/mb-mp-e-form-072979.cif,-1.65725958482381,0.0
train,mb-mp-e-form-038362,data/cifs/mb-mp-e-form-038362.cif,-0.5340667216666665,0.0
train,mb-mp-e-form-109080,data/cifs/mb-mp-e-form-109080.cif,-2.604941117249999,0.0
train,mb-mp-e-form-105397,data/cifs/mb-mp-e-form-105397.cif,-2.5189404394074675,0.0
train,mb-mp-e-form-033291,data/cifs/mb-mp-e-form-033291.cif,-0.4364492968490907,0.0
train,mb-mp-e-form-064034,data/cifs/mb-mp-e-form-064034.cif,-1.3015229359737504,0.0
train,mb-mp-e-form-038565,data/cifs/mb-mp-e-form-038565.cif,-0.528756828333333,0.0
train,mb-mp-e-form-004698,data/cifs/mb-mp-e-form-004698.cif,0.3542559941550003,0.0
train,mb-mp-e-form-061243,data/cifs/mb-mp-e-form-061243.cif,-1.1734708477280231,0.0
train,mb-mp-e-form-093467,data/cifs/mb-mp-e-form-093467.cif,-2.234115152389999,0.0
train,mb-mp-e-form-011321,data/cifs/mb-mp-e-form-011321.cif,0.0276755700000004,0.0
train,mb-mp-e-form-064429,data/cifs/mb-mp-e-form-064429.cif,-1.2916587547344447,0.0
train,mb-mp-e-form-014264,data/cifs/mb-mp-e-form-014264.cif,-0.0348347549999998,0.0
train,mb-mp-e-form-003775,data/cifs/mb-mp-e-form-003775.cif,0.5217467724999993,0.0
train,mb-mp-e-form-023804,data/cifs/mb-mp-e-form-023804.cif,-0.2681197624999996,0.0
train,mb-mp-e-form-047610,data/cifs/mb-mp-e-form-047610.cif,-0.7076981312499999,0.0
train,mb-mp-e-form-080189,data/cifs/mb-mp-e-form-080189.cif,-1.8608201456849995,0.0
train,mb-mp-e-form-016415,data/cifs/mb-mp-e-form-016415.cif,-0.0828757165789472,0.0
train,mb-mp-e-form-066252,data/cifs/mb-mp-e-form-066252.cif,-1.392261675716667,0.0
train,mb-mp-e-form-029690,data/cifs/mb-mp-e-form-029690.cif,-0.3561039669999999,0.0
train,mb-mp-e-form-089559,data/cifs/mb-mp-e-form-089559.cif,-2.144640880312499,0.0
train,mb-mp-e-form-093628,data/cifs/mb-mp-e-form-093628.cif,-2.2330052883750007,0.0
train,mb-mp-e-form-126019,data/cifs/mb-mp-e-form-126019.cif,-3.213993608941482,0.0
train,mb-mp-e-form-020347,data/cifs/mb-mp-e-form-020347.cif,-0.197691521666667,0.0
train,mb-mp-e-form-065041,data/cifs/mb-mp-e-form-065041.cif,-1.3438330120638249,0.0
train,mb-mp-e-form-129010,data/cifs/mb-mp-e-form-129010.cif,-3.427488678499998,0.0
train,mb-mp-e-form-128524,data/cifs/mb-mp-e-form-128524.cif,-3.3570868923412696,0.0
train,mb-mp-e-form-012710,data/cifs/mb-mp-e-form-012710.cif,0.0,0.0
train,mb-mp-e-form-109683,data/cifs/mb-mp-e-form-109683.cif,-2.598386937938469,0.0
train,mb-mp-e-form-000013,data/cifs/mb-mp-e-form-000013.cif,1.6755006356249993,0.0
train,mb-mp-e-form-069116,data/cifs/mb-mp-e-form-069116.cif,-1.517917547824074,0.0
train,mb-mp-e-form-104536,data/cifs/mb-mp-e-form-104536.cif,-2.4943104075,0.0
train,mb-mp-e-form-041218,data/cifs/mb-mp-e-form-041218.cif,-0.5931212344571428,0.0
train,mb-mp-e-form-015795,data/cifs/mb-mp-e-form-015795.cif,-0.0573076449999998,0.0
train,mb-mp-e-form-119159,data/cifs/mb-mp-e-form-119159.cif,-2.9055162233483234,0.0
train,mb-mp-e-form-095713,data/cifs/mb-mp-e-form-095713.cif,-2.2882623462704754,0.0
train,mb-mp-e-form-050868,data/cifs/mb-mp-e-form-050868.cif,-0.7963260051724133,0.0
train,mb-mp-e-form-048084,data/cifs/mb-mp-e-form-048084.cif,-0.7380968597222233,0.0
train,mb-mp-e-form-030868,data/cifs/mb-mp-e-form-030868.cif,-0.3752672733333331,0.0
train,mb-mp-e-form-108474,data/cifs/mb-mp-e-form-108474.cif,-2.571977696785713,0.0
train,mb-mp-e-form-013051,data/cifs/mb-mp-e-form-013051.cif,-0.0266181162499998,0.0
train,mb-mp-e-form-062635,data/cifs/mb-mp-e-form-062635.cif,-1.2068317065517498,0.0
train,mb-mp-e-form-051945,data/cifs/mb-mp-e-form-051945.cif,-0.8455864777777778,0.0
train,mb-mp-e-form-033347,data/cifs/mb-mp-e-form-033347.cif,-0.4380008752083331,0.0
train,mb-mp-e-form-125640,data/cifs/mb-mp-e-form-125640.cif,-3.152843848937971,0.0
train,mb-mp-e-form-102962,data/cifs/mb-mp-e-form-102962.cif,-2.4684435172887125,0.0
train,mb-mp-e-form-006154,data/cifs/mb-mp-e-form-006154.cif,0.2031815245312502,0.0
train,mb-mp-e-form-029146,data/cifs/mb-mp-e-form-029146.cif,-0.3644142633333331,0.0
train,mb-mp-e-form-096015,data/cifs/mb-mp-e-form-096015.cif,-2.320942290843253,0.0
train,mb-mp-e-form-099754,data/cifs/mb-mp-e-form-099754.cif,-2.386632542500001,0.0
train,mb-mp-e-form-025645,data/cifs/mb-mp-e-form-025645.cif,-0.2996138177011496,0.0
train,mb-mp-e-form-033957,data/cifs/mb-mp-e-form-033957.cif,-0.4458722080000001,0.0
train,mb-mp-e-form-128194,data/cifs/mb-mp-e-form-128194.cif,-3.345264327949632,0.0
train,mb-mp-e-form-057991,data/cifs/mb-mp-e-form-057991.cif,-1.078391805,0.0
train,mb-mp-e-form-125513,data/cifs/mb-mp-e-form-125513.cif,-3.148887538571429,0.0
train,mb-mp-e-form-028759,data/cifs/mb-mp-e-form-028759.cif,-0.3502523859637073,0.0
train,mb-mp-e-form-033911,data/cifs/mb-mp-e-form-033911.cif,-0.4596757429166667,0.0
train,mb-mp-e-form-059089,data/cifs/mb-mp-e-form-059089.cif,-1.093295231541379,0.0
train,mb-mp-e-form-002328,data/cifs/mb-mp-e-form-002328.cif,0.9677735050580004,0.0
train,mb-mp-e-form-022109,data/cifs/mb-mp-e-form-022109.cif,-0.2400214670833325,0.0
train,mb-mp-e-form-017783,data/cifs/mb-mp-e-form-017783.cif,-0.1153022244871799,0.0
train,mb-mp-e-form-102429,data/cifs/mb-mp-e-form-102429.cif,-2.445709219589042,0.0
train,mb-mp-e-form-131697,data/cifs/mb-mp-e-form-131697.cif,-3.686647601562501,0.0
train,mb-mp-e-form-062074,data/cifs/mb-mp-e-form-062074.cif,-1.2158576297500006,0.0
train,mb-mp-e-form-050643,data/cifs/mb-mp-e-form-050643.cif,-0.8061073676250003,0.0
train,mb-mp-e-form-061853,data/cifs/mb-mp-e-form-061853.cif,-1.1662064736226667,0.0
train,mb-mp-e-form-075849,data/cifs/mb-mp-e-form-075849.cif,-1.7601592117500005,0.0
train,mb-mp-e-form-108194,data/cifs/mb-mp-e-form-108194.cif,-2.585115854663428,0.0
train,mb-mp-e-form-071835,data/cifs/mb-mp-e-form-071835.cif,-1.6414016244335938,0.0
train,mb-mp-e-form-124380,data/cifs/mb-mp-e-form-124380.cif,-3.07650268121,0.0
train,mb-mp-e-form-020964,data/cifs/mb-mp-e-form-020964.cif,-0.2267705634375003,0.0
train,mb-mp-e-form-122009,data/cifs/mb-mp-e-form-122009.cif,-2.985664668703704,0.0
train,mb-mp-e-form-115007,data/cifs/mb-mp-e-form-115007.cif,-2.7720118872753328,0.0
train,mb-mp-e-form-056493,data/cifs/mb-mp-e-form-056493.cif,-0.9996715093750002,0.0
train,mb-mp-e-form-125215,data/cifs/mb-mp-e-form-125215.cif,-3.152368917469388,0.0
train,mb-mp-e-form-023967,data/cifs/mb-mp-e-form-023967.cif,-0.2738965466666663,0.0
train,mb-mp-e-form-031790,data/cifs/mb-mp-e-form-031790.cif,-0.3985551562499996,0.0
train,mb-mp-e-form-126090,data/cifs/mb-mp-e-form-126090.cif,-3.205444902833334,0.0
train,mb-mp-e-form-024784,data/cifs/mb-mp-e-form-024784.cif,-0.2840967587499996,0.0
train,mb-mp-e-form-075561,data/cifs/mb-mp-e-form-075561.cif,-1.72480954585,0.0
train,mb-mp-e-form-068309,data/cifs/mb-mp-e-form-068309.cif,-1.4985920247039477,0.0
train,mb-mp-e-form-042686,data/cifs/mb-mp-e-form-042686.cif,-0.5982988271408045,0.0
train,mb-mp-e-form-082619,data/cifs/mb-mp-e-form-082619.cif,-1.911725124535,0.0
train,mb-mp-e-form-117004,data/cifs/mb-mp-e-form-117004.cif,-2.821127022380952,0.0
train,mb-mp-e-form-068220,data/cifs/mb-mp-e-form-068220.cif,-1.4845773978987071,0.0
train,mb-mp-e-form-119049,data/cifs/mb-mp-e-form-119049.cif,-2.9118457843622445,0.0
train,mb-mp-e-form-102324,data/cifs/mb-mp-e-form-102324.cif,-2.4490802645652168,0.0
train,mb-mp-e-form-055486,data/cifs/mb-mp-e-form-055486.cif,-0.9376359651904768,0.0
train,mb-mp-e-form-002031,data/cifs/mb-mp-e-form-002031.cif,0.7269359209375003,0.0
train,mb-mp-e-form-073609,data/cifs/mb-mp-e-form-073609.cif,-1.6581708935028558,0.0
train,mb-mp-e-form-076753,data/cifs/mb-mp-e-form-076753.cif,-1.7487045473749994,0.0
train,mb-mp-e-form-112299,data/cifs/mb-mp-e-form-112299.cif,-2.66622109759375,0.0
train,mb-mp-e-form-086494,data/cifs/mb-mp-e-form-086494.cif,-2.0516354030786665,0.0
train,mb-mp-e-form-037783,data/cifs/mb-mp-e-form-037783.cif,-0.5130469634320171,0.0
train,mb-mp-e-form-102819,data/cifs/mb-mp-e-form-102819.cif,-2.478456568412222,0.0
train,mb-mp-e-form-026363,data/cifs/mb-mp-e-form-026363.cif,-0.3135856994444441,0.0
train,mb-mp-e-form-027955,data/cifs/mb-mp-e-form-027955.cif,-0.3411180016666666,0.0
train,mb-mp-e-form-072791,data/cifs/mb-mp-e-form-072791.cif,-1.6258241088189664,0.0
train,mb-mp-e-form-014449,data/cifs/mb-mp-e-form-014449.cif,-0.0515046450000014,0.0
train,mb-mp-e-form-078924,data/cifs/mb-mp-e-form-078924.cif,-1.837461102055999,0.0
train,mb-mp-e-form-004353,data/cifs/mb-mp-e-form-004353.cif,0.317658860416667,0.0
train,mb-mp-e-form-000923,data/cifs/mb-mp-e-form-000923.cif,1.5221225128125002,0.0
train,mb-mp-e-form-046666,data/cifs/mb-mp-e-form-046666.cif,-0.6966305989583335,0.0
train,mb-mp-e-form-128099,data/cifs/mb-mp-e-form-128099.cif,-3.3206733650811686,0.0
train,mb-mp-e-form-047231,data/cifs/mb-mp-e-form-047231.cif,-0.7193544605555557,0.0
train,mb-mp-e-form-035314,data/cifs/mb-mp-e-form-035314.cif,-0.4656988024999998,0.0
train,mb-mp-e-form-049520,data/cifs/mb-mp-e-form-049520.cif,-0.7774124488888887,0.0
train,mb-mp-e-form-039588,data/cifs/mb-mp-e-form-039588.cif,-0.543197396098485,0.0
train,mb-mp-e-form-056549,data/cifs/mb-mp-e-form-056549.cif,-0.9728271583333332,0.0
train,mb-mp-e-form-061897,data/cifs/mb-mp-e-form-061897.cif,-1.2042582156818185,0.0
train,mb-mp-e-form-045743,data/cifs/mb-mp-e-form-045743.cif,-0.6785805353281932,0.0
train,mb-mp-e-form-043335,data/cifs/mb-mp-e-form-043335.cif,-0.6268091093889469,0.0
train,mb-mp-e-form-031090,data/cifs/mb-mp-e-form-031090.cif,-0.3960414762499997,0.0
train,mb-mp-e-form-100932,data/cifs/mb-mp-e-form-100932.cif,-2.427650475277778,0.0
train,mb-mp-e-form-022476,data/cifs/mb-mp-e-form-022476.cif,-0.2447432211538464,0.0
train,mb-mp-e-form-029397,data/cifs/mb-mp-e-form-029397.cif,-0.3623996716666665,0.0
train,mb-mp-e-form-095568,data/cifs/mb-mp-e-form-095568.cif,-2.297724432426472,0.0
train,mb-mp-e-form-109738,data/cifs/mb-mp-e-form-109738.cif,-2.5951868026583327,0.0
train,mb-mp-e-form-042269,data/cifs/mb-mp-e-form-042269.cif,-0.6012643649218745,0.0
train,mb-mp-e-form-105142,data/cifs/mb-mp-e-form-105142.cif,-2.5151928873097624,0.0
train,mb-mp-e-form-050273,data/cifs/mb-mp-e-form-050273.cif,-0.8059543660000003,0.0
train,mb-mp-e-form-021346,data/cifs/mb-mp-e-form-021346.cif,-0.2106733150000002,0.0
train,mb-mp-e-form-047901,data/cifs/mb-mp-e-form-047901.cif,-0.7506710082533333,0.0
train,mb-mp-e-form-006012,data/cifs/mb-mp-e-form-006012.cif,0.2141743451562501,0.0
train,mb-mp-e-form-114967,data/cifs/mb-mp-e-form-114967.cif,-2.760045420379333,0.0
train,mb-mp-e-form-057501,data/cifs/mb-mp-e-form-057501.cif,-1.036126825052084,0.0
train,mb-mp-e-form-080802,data/cifs/mb-mp-e-form-080802.cif,-1.87947873140625,0.0
train,mb-mp-e-form-120219,data/cifs/mb-mp-e-form-120219.cif,-2.9290580978287983,0.0
train,mb-mp-e-form-029372,data/cifs/mb-mp-e-form-029372.cif,-0.3585348168597563,0.0
train,mb-mp-e-form-108693,data/cifs/mb-mp-e-form-108693.cif,-2.589464074622566,0.0
train,mb-mp-e-form-032696,data/cifs/mb-mp-e-form-032696.cif,-0.4125500133333333,0.0
train,mb-mp-e-form-051500,data/cifs/mb-mp-e-form-051500.cif,-0.818313415714286,0.0
train,mb-mp-e-form-006359,data/cifs/mb-mp-e-form-006359.cif,0.1765797782142856,0.0
train,mb-mp-e-form-028649,data/cifs/mb-mp-e-form-028649.cif,-0.3424583949999977,0.0
train,mb-mp-e-form-074000,data/cifs/mb-mp-e-form-074000.cif,-1.7080910085416672,0.0
train,mb-mp-e-form-019683,data/cifs/mb-mp-e-form-019683.cif,-0.1744208120312495,0.0
train,mb-mp-e-form-077856,data/cifs/mb-mp-e-form-077856.cif,-1.8208217498791648,0.0
train,mb-mp-e-form-055039,data/cifs/mb-mp-e-form-055039.cif,-0.9368260230059526,0.0
train,mb-mp-e-form-054590,data/cifs/mb-mp-e-form-054590.cif,-0.904067292777778,0.0
train,mb-mp-e-form-047452,data/cifs/mb-mp-e-form-047452.cif,-0.713498514715385,0.0
train,mb-mp-e-form-022095,data/cifs/mb-mp-e-form-022095.cif,-0.2441518662499997,0.0
train,mb-mp-e-form-039991,data/cifs/mb-mp-e-form-039991.cif,-0.5589621042968753,0.0
train,mb-mp-e-form-066511,data/cifs/mb-mp-e-form-066511.cif,-1.3845762947961842,0.0
train,mb-mp-e-form-022781,data/cifs/mb-mp-e-form-022781.cif,-0.2442416635714295,0.0
train,mb-mp-e-form-098245,data/cifs/mb-mp-e-form-098245.cif,-2.3658809908928577,0.0
train,mb-mp-e-form-103945,data/cifs/mb-mp-e-form-103945.cif,-2.503194849375,0.0
train,mb-mp-e-form-012647,data/cifs/mb-mp-e-form-012647.cif,-0.0025114474999989,0.0
train,mb-mp-e-form-071081,data/cifs/mb-mp-e-form-071081.cif,-1.5812187643333335,0.0
train,mb-mp-e-form-075377,data/cifs/mb-mp-e-form-075377.cif,-1.7348873140909082,0.0
train,mb-mp-e-form-117449,data/cifs/mb-mp-e-form-117449.cif,-2.8385311840441183,0.0
train,mb-mp-e-form-040468,data/cifs/mb-mp-e-form-040468.cif,-0.5753452912026514,0.0
train,mb-mp-e-form-021176,data/cifs/mb-mp-e-form-021176.cif,-0.2095276665625007,0.0
train,mb-mp-e-form-011544,data/cifs/mb-mp-e-form-011544.cif,0.0132616400000002,0.0
train,mb-mp-e-form-090889,data/cifs/mb-mp-e-form-090889.cif,-2.1928370689560004,0.0
train,mb-mp-e-form-107067,data/cifs/mb-mp-e-form-107067.cif,-2.558488985125,0.0
train,mb-mp-e-form-088523,data/cifs/mb-mp-e-form-088523.cif,-2.0957667221512493,0.0
train,mb-mp-e-form-105480,data/cifs/mb-mp-e-form-105480.cif,-2.518683885198413,0.0
train,mb-mp-e-form-098358,data/cifs/mb-mp-e-form-098358.cif,-2.3650708281666666,0.0
train,mb-mp-e-form-000680,data/cifs/mb-mp-e-form-000680.cif,1.9428044325,0.0
train,mb-mp-e-form-042251,data/cifs/mb-mp-e-form-042251.cif,-0.6110540668181815,0.0
train,mb-mp-e-form-069170,data/cifs/mb-mp-e-form-069170.cif,-1.5237605484262426,0.0
train,mb-mp-e-form-081044,data/cifs/mb-mp-e-form-081044.cif,-1.889056460705,0.0
train,mb-mp-e-form-130410,data/cifs/mb-mp-e-form-130410.cif,-3.60725811675,0.0
train,mb-mp-e-form-070346,data/cifs/mb-mp-e-form-070346.cif,-1.5457550400622222,0.0
train,mb-mp-e-form-108554,data/cifs/mb-mp-e-form-108554.cif,-2.590219084054384,0.0
train,mb-mp-e-form-078735,data/cifs/mb-mp-e-form-078735.cif,-1.8144335996888887,0.0
train,mb-mp-e-form-123061,data/cifs/mb-mp-e-form-123061.cif,-3.057544434907264,0.0
train,mb-mp-e-form-045252,data/cifs/mb-mp-e-form-045252.cif,-0.671058718611111,0.0
train,mb-mp-e-form-041004,data/cifs/mb-mp-e-form-041004.cif,-0.5871803751724136,0.0
train,mb-mp-e-form-074791,data/cifs/mb-mp-e-form-074791.cif,-1.691079922083334,0.0
train,mb-mp-e-form-114314,data/cifs/mb-mp-e-form-114314.cif,-2.7426218464285705,0.0
train,mb-mp-e-form-010723,data/cifs/mb-mp-e-form-010723.cif,0.0575192846153833,0.0
train,mb-mp-e-form-097411,data/cifs/mb-mp-e-form-097411.cif,-2.346388412170542,0.0
train,mb-mp-e-form-058832,data/cifs/mb-mp-e-form-058832.cif,-1.0447326556451602,0.0
train,mb-mp-e-form-043698,data/cifs/mb-mp-e-form-043698.cif,-0.6361481600000005,0.0
train,mb-mp-e-form-130575,data/cifs/mb-mp-e-form-130575.cif,-3.604706336531249,0.0
train,mb-mp-e-form-111214,data/cifs/mb-mp-e-form-111214.cif,-2.655794314342104,0.0
train,mb-mp-e-form-025880,data/cifs/mb-mp-e-form-025880.cif,-0.2982695237500001,0.0
train,mb-mp-e-form-060445,data/cifs/mb-mp-e-form-060445.cif,-1.1492019386625627,0.0
train,mb-mp-e-form-052139,data/cifs/mb-mp-e-form-052139.cif,-0.8485724344639287,0.0
train,mb-mp-e-form-065988,data/cifs/mb-mp-e-form-065988.cif,-1.402357841068966,0.0
train,mb-mp-e-form-095462,data/cifs/mb-mp-e-form-095462.cif,-2.28909181,0.0
train,mb-mp-e-form-118796,data/cifs/mb-mp-e-form-118796.cif,-2.8867305335937496,0.0
train,mb-mp-e-form-118397,data/cifs/mb-mp-e-form-118397.cif,-2.8691725163956034,0.0
train,mb-mp-e-form-114655,data/cifs/mb-mp-e-form-114655.cif,-2.744316400218255,0.0
train,mb-mp-e-form-008461,data/cifs/mb-mp-e-form-008461.cif,0.106721918588572,0.0
train,mb-mp-e-form-017934,data/cifs/mb-mp-e-form-017934.cif,-0.135872255,0.0
train,mb-mp-e-form-032639,data/cifs/mb-mp-e-form-032639.cif,-0.4242540276911111,0.0
train,mb-mp-e-form-021111,data/cifs/mb-mp-e-form-021111.cif,-0.2171243650000001,0.0
train,mb-mp-e-form-121040,data/cifs/mb-mp-e-form-121040.cif,-2.965837591208749,0.0
train,mb-mp-e-form-114745,data/cifs/mb-mp-e-form-114745.cif,-2.748206419239131,0.0
train,mb-mp-e-form-059268,data/cifs/mb-mp-e-form-059268.cif,-1.0890680167534723,0.0
train,mb-mp-e-form-003913,data/cifs/mb-mp-e-form-003913.cif,0.5581355291666661,0.0
train,mb-mp-e-form-030520,data/cifs/mb-mp-e-form-030520.cif,-0.3872317718181816,0.0
train,mb-mp-e-form-072877,data/cifs/mb-mp-e-form-072877.cif,-1.67680759275,0.0
train,mb-mp-e-form-121102,data/cifs/mb-mp-e-form-121102.cif,-2.967226897576069,0.0
train,mb-mp-e-form-002494,data/cifs/mb-mp-e-form-002494.cif,0.6774014478316661,0.0
train,mb-mp-e-form-076643,data/cifs/mb-mp-e-form-076643.cif,-1.7496728899900005,0.0
train,mb-mp-e-form-122501,data/cifs/mb-mp-e-form-122501.cif,-3.008352105233333,0.0
train,mb-mp-e-form-010176,data/cifs/mb-mp-e-form-010176.cif,0.0455804041666668,0.0
train,mb-mp-e-form-100544,data/cifs/mb-mp-e-form-100544.cif,-2.4181050437500007,0.0
train,mb-mp-e-form-059227,data/cifs/mb-mp-e-form-059227.cif,-1.088450179233257,0.0
train,mb-mp-e-form-106008,data/cifs/mb-mp-e-form-106008.cif,-2.539419635020834,0.0
train,mb-mp-e-form-082744,data/cifs/mb-mp-e-form-082744.cif,-1.937737207340953,0.0
train,mb-mp-e-form-099727,data/cifs/mb-mp-e-form-099727.cif,-2.4000165330473338,0.0
train,mb-mp-e-form-120766,data/cifs/mb-mp-e-form-120766.cif,-2.9624530584375,0.0
train,mb-mp-e-form-009784,data/cifs/mb-mp-e-form-009784.cif,0.0842973499999999,0.0
train,mb-mp-e-form-066848,data/cifs/mb-mp-e-form-066848.cif,-1.4119886447619046,0.0
train,mb-mp-e-form-095981,data/cifs/mb-mp-e-form-095981.cif,-2.328524347693741,0.0
train,mb-mp-e-form-018364,data/cifs/mb-mp-e-form-018364.cif,-0.1478796538541669,0.0
train,mb-mp-e-form-030375,data/cifs/mb-mp-e-form-030375.cif,-0.3786414130949995,0.0
train,mb-mp-e-form-020705,data/cifs/mb-mp-e-form-020705.cif,-0.2053230954873507,0.0
train,mb-mp-e-form-113281,data/cifs/mb-mp-e-form-113281.cif,-2.716295708496242,0.0
train,mb-mp-e-form-041515,data/cifs/mb-mp-e-form-041515.cif,-0.5914456937499999,0.0
train,mb-mp-e-form-103482,data/cifs/mb-mp-e-form-103482.cif,-2.475353779300911,0.0
train,mb-mp-e-form-004725,data/cifs/mb-mp-e-form-004725.cif,0.3839971542500002,0.0
train,mb-mp-e-form-127961,data/cifs/mb-mp-e-form-127961.cif,-3.37518512733156,0.0
train,mb-mp-e-form-059235,data/cifs/mb-mp-e-form-059235.cif,-1.0986535620890587,0.0
train,mb-mp-e-form-095367,data/cifs/mb-mp-e-form-095367.cif,-2.299070289587143,0.0
train,mb-mp-e-form-090750,data/cifs/mb-mp-e-form-090750.cif,-2.146029777218461,0.0
train,mb-mp-e-form-044790,data/cifs/mb-mp-e-form-044790.cif,-0.6494722856316661,0.0
train,mb-mp-e-form-037249,data/cifs/mb-mp-e-form-037249.cif,-0.5007382817499988,0.0
train,mb-mp-e-form-037826,data/cifs/mb-mp-e-form-037826.cif,-0.5068124512500001,0.0
train,mb-mp-e-form-119709,data/cifs/mb-mp-e-form-119709.cif,-2.8867944907140006,0.0
train,mb-mp-e-form-039411,data/cifs/mb-mp-e-form-039411.cif,-0.537650508046875,0.0
train,mb-mp-e-form-062414,data/cifs/mb-mp-e-form-062414.cif,-1.2297886777499998,0.0
train,mb-mp-e-form-090731,data/cifs/mb-mp-e-form-090731.cif,-2.1473119400507144,0.0
train,mb-mp-e-form-027720,data/cifs/mb-mp-e-form-027720.cif,-0.3293025760357144,0.0
train,mb-mp-e-form-002549,data/cifs/mb-mp-e-form-002549.cif,0.9895991208363648,0.0
train,mb-mp-e-form-065364,data/cifs/mb-mp-e-form-065364.cif,-1.3733275692307694,0.0
train,mb-mp-e-form-073838,data/cifs/mb-mp-e-form-073838.cif,-1.7020230740384614,0.0
train,mb-mp-e-form-046297,data/cifs/mb-mp-e-form-046297.cif,-0.6986145491145832,0.0
train,mb-mp-e-form-118325,data/cifs/mb-mp-e-form-118325.cif,-2.8712294670312497,0.0
train,mb-mp-e-form-112370,data/cifs/mb-mp-e-form-112370.cif,-2.687719324250001,0.0
train,mb-mp-e-form-030523,data/cifs/mb-mp-e-form-030523.cif,-0.3749599845238094,0.0
train,mb-mp-e-form-066849,data/cifs/mb-mp-e-form-066849.cif,-1.4032093878571423,0.0
train,mb-mp-e-form-078608,data/cifs/mb-mp-e-form-078608.cif,-1.8231914579062505,0.0
train,mb-mp-e-form-129008,data/cifs/mb-mp-e-form-129008.cif,-3.4860696017045454,0.0
train,mb-mp-e-form-010928,data/cifs/mb-mp-e-form-010928.cif,0.0330016433333337,0.0
train,mb-mp-e-form-051008,data/cifs/mb-mp-e-form-051008.cif,-0.8261697580555563,0.0
train,mb-mp-e-form-072098,data/cifs/mb-mp-e-form-072098.cif,-1.6366727468832662,0.0
train,mb-mp-e-form-121136,data/cifs/mb-mp-e-form-121136.cif,-2.966148098005149,0.0
train,mb-mp-e-form-029051,data/cifs/mb-mp-e-form-029051.cif,-0.3711526975000003,0.0
train,mb-mp-e-form-041068,data/cifs/mb-mp-e-form-041068.cif,-0.5796820897077632,0.0
train,mb-mp-e-form-061974,data/cifs/mb-mp-e-form-061974.cif,-1.229889076134483,0.0
train,mb-mp-e-form-075636,data/cifs/mb-mp-e-form-075636.cif,-1.7359898857272724,0.0
train,mb-mp-e-form-101734,data/cifs/mb-mp-e-form-101734.cif,-2.4318139159999994,0.0
train,mb-mp-e-form-087914,data/cifs/mb-mp-e-form-087914.cif,-2.0902736510937507,0.0
train,mb-mp-e-form-124679,data/cifs/mb-mp-e-form-124679.cif,-3.120270824961177,0.0
train,mb-mp-e-form-035810,data/cifs/mb-mp-e-form-035810.cif,-0.4775549037499997,0.0
train,mb-mp-e-form-111128,data/cifs/mb-mp-e-form-111128.cif,-2.647318929961685,0.0
train,mb-mp-e-form-057707,data/cifs/mb-mp-e-form-057707.cif,-1.0160499311426676,0.0
train,mb-mp-e-form-102458,data/cifs/mb-mp-e-form-102458.cif,-2.4636249441083327,0.0
train,mb-mp-e-form-062357,data/cifs/mb-mp-e-form-062357.cif,-1.2440637012086957,0.0
train,mb-mp-e-form-046489,data/cifs/mb-mp-e-form-046489.cif,-0.6881572435795462,0.0
train,mb-mp-e-form-110820,data/cifs/mb-mp-e-form-110820.cif,-2.66355229075,0.0
train,mb-mp-e-form-114869,data/cifs/mb-mp-e-form-114869.cif,-2.758967363809524,0.0
train,mb-mp-e-form-118047,data/cifs/mb-mp-e-form-118047.cif,-2.869806186209999,0.0
train,mb-mp-e-form-014742,data/cifs/mb-mp-e-form-014742.cif,-0.053654289550383,0.0
train,mb-mp-e-form-077565,data/cifs/mb-mp-e-form-077565.cif,-1.782113832723676,0.0
train,mb-mp-e-form-106787,data/cifs/mb-mp-e-form-106787.cif,-2.5682425791266663,0.0
train,mb-mp-e-form-063115,data/cifs/mb-mp-e-form-063115.cif,-1.2728437382692306,0.0
train,mb-mp-e-form-122843,data/cifs/mb-mp-e-form-122843.cif,-3.030262335,0.0
train,mb-mp-e-form-025212,data/cifs/mb-mp-e-form-025212.cif,-0.3038626852566835,0.0
train,mb-mp-e-form-069320,data/cifs/mb-mp-e-form-069320.cif,-1.5353689625672875,0.0
train,mb-mp-e-form-047109,data/cifs/mb-mp-e-form-047109.cif,-0.7085961620023085,0.0
train,mb-mp-e-form-030010,data/cifs/mb-mp-e-form-030010.cif,-0.3869891682507697,0.0
train,mb-mp-e-form-071321,data/cifs/mb-mp-e-form-071321.cif,-1.5952718737841245,0.0
train,mb-mp-e-form-040968,data/cifs/mb-mp-e-form-040968.cif,-0.5939193860000003,0.0
train,mb-mp-e-form-079528,data/cifs/mb-mp-e-form-079528.cif,-1.85017564496,0.0
train,mb-mp-e-form-063374,data/cifs/mb-mp-e-form-063374.cif,-1.251711152595,0.0
train,mb-mp-e-form-076133,data/cifs/mb-mp-e-form-076133.cif,-1.7681105504236427,0.0
train,mb-mp-e-form-061831,data/cifs/mb-mp-e-form-061831.cif,-1.160827010125,0.0
train,mb-mp-e-form-018079,data/cifs/mb-mp-e-form-018079.cif,-0.1509573687499994,0.0
train,mb-mp-e-form-004486,data/cifs/mb-mp-e-form-004486.cif,0.3665958756249994,0.0
train,mb-mp-e-form-010031,data/cifs/mb-mp-e-form-010031.cif,0.0567821076785715,0.0
train,mb-mp-e-form-005079,data/cifs/mb-mp-e-form-005079.cif,0.2528575747321429,0.0
train,mb-mp-e-form-107434,data/cifs/mb-mp-e-form-107434.cif,-2.561390917142858,0.0
train,mb-mp-e-form-059419,data/cifs/mb-mp-e-form-059419.cif,-1.085571642896522,0.0
train,mb-mp-e-form-039012,data/cifs/mb-mp-e-form-039012.cif,-0.5434959700000007,0.0
train,mb-mp-e-form-072041,data/cifs/mb-mp-e-form-072041.cif,-1.6159217301923077,0.0
train,mb-mp-e-form-078053,data/cifs/mb-mp-e-form-078053.cif,-1.8272820946221424,0.0
train,mb-mp-e-form-004329,data/cifs/mb-mp-e-form-004329.cif,0.3281823275000004,0.0
train,mb-mp-e-form-043376,data/cifs/mb-mp-e-form-043376.cif,-0.6347029827777777,0.0
train,mb-mp-e-form-128357,data/cifs/mb-mp-e-form-128357.cif,-3.366538181405885,0.0
train,mb-mp-e-form-072550,data/cifs/mb-mp-e-form-072550.cif,-1.63299530228029,0.0
train,mb-mp-e-form-034329,data/cifs/mb-mp-e-form-034329.cif,-0.4450486242134377,0.0
train,mb-mp-e-form-077201,data/cifs/mb-mp-e-form-077201.cif,-1.78115436363,0.0
train,mb-mp-e-form-092142,data/cifs/mb-mp-e-form-092142.cif,-2.21952845175,0.0
train,mb-mp-e-form-026361,data/cifs/mb-mp-e-form-026361.cif,-0.3196749599999988,0.0
train,mb-mp-e-form-042136,data/cifs/mb-mp-e-form-042136.cif,-0.6079453553966658,0.0
train,mb-mp-e-form-100527,data/cifs/mb-mp-e-form-100527.cif,-2.413306030507247,0.0
train,mb-mp-e-form-059258,data/cifs/mb-mp-e-form-059258.cif,-1.1151394708369256,0.0
train,mb-mp-e-form-110339,data/cifs/mb-mp-e-form-110339.cif,-2.6368167978759094,0.0
train,mb-mp-e-form-085272,data/cifs/mb-mp-e-form-085272.cif,-2.019785649583332,0.0
train,mb-mp-e-form-013577,data/cifs/mb-mp-e-form-013577.cif,-0.0093705218421037,0.0
train,mb-mp-e-form-027047,data/cifs/mb-mp-e-form-027047.cif,-0.3284250349999998,0.0
train,mb-mp-e-form-000927,data/cifs/mb-mp-e-form-000927.cif,1.7346623718750005,0.0
train,mb-mp-e-form-010646,data/cifs/mb-mp-e-form-010646.cif,0.0553809123333356,0.0
train,mb-mp-e-form-075485,data/cifs/mb-mp-e-form-075485.cif,-1.731159956732222,0.0
train,mb-mp-e-form-015893,data/cifs/mb-mp-e-form-015893.cif,-0.077868655,0.0
train,mb-mp-e-form-051697,data/cifs/mb-mp-e-form-051697.cif,-0.8282043511111112,0.0
train,mb-mp-e-form-107641,data/cifs/mb-mp-e-form-107641.cif,-2.569827103317792,0.0
train,mb-mp-e-form-119054,data/cifs/mb-mp-e-form-119054.cif,-2.893881734779412,0.0
train,mb-mp-e-form-057859,data/cifs/mb-mp-e-form-057859.cif,-1.0405172327083332,0.0
train,mb-mp-e-form-120787,data/cifs/mb-mp-e-form-120787.cif,-2.97243010875,0.0
train,mb-mp-e-form-094473,data/cifs/mb-mp-e-form-094473.cif,-2.272155868467,0.0
train,mb-mp-e-form-107452,data/cifs/mb-mp-e-form-107452.cif,-2.5539598153816683,0.0
train,mb-mp-e-form-079455,data/cifs/mb-mp-e-form-079455.cif,-1.8544549725,0.0
train,mb-mp-e-form-087934,data/cifs/mb-mp-e-form-087934.cif,-2.101162271241666,0.0
train,mb-mp-e-form-089134,data/cifs/mb-mp-e-form-089134.cif,-2.1388627216003786,0.0
train,mb-mp-e-form-108435,data/cifs/mb-mp-e-form-108435.cif,-2.592803833977833,0.0
train,mb-mp-e-form-010340,data/cifs/mb-mp-e-form-010340.cif,0.0510545874999999,0.0
train,mb-mp-e-form-042893,data/cifs/mb-mp-e-form-042893.cif,-0.61445159740625,0.0
train,mb-mp-e-form-129340,data/cifs/mb-mp-e-form-129340.cif,-3.4074382656578948,0.0
train,mb-mp-e-form-026356,data/cifs/mb-mp-e-form-026356.cif,-0.3064311455208326,0.0
train,mb-mp-e-form-074650,data/cifs/mb-mp-e-form-074650.cif,-1.6922383790852178,0.0
train,mb-mp-e-form-108286,data/cifs/mb-mp-e-form-108286.cif,-2.5762040940000004,0.0
train,mb-mp-e-form-082476,data/cifs/mb-mp-e-form-082476.cif,-1.9374777681250004,0.0
train,mb-mp-e-form-019134,data/cifs/mb-mp-e-form-019134.cif,-0.1801411755263152,0.0
train,mb-mp-e-form-026416,data/cifs/mb-mp-e-form-026416.cif,-0.3153688958333329,0.0
train,mb-mp-e-form-057819,data/cifs/mb-mp-e-form-057819.cif,-1.029238720877142,0.0
train,mb-mp-e-form-097805,data/cifs/mb-mp-e-form-097805.cif,-2.3723739517105256,0.0
train,mb-mp-e-form-084540,data/cifs/mb-mp-e-form-084540.cif,-1.9898793946999984,0.0
train,mb-mp-e-form-032386,data/cifs/mb-mp-e-form-032386.cif,-0.4107800887500001,0.0
train,mb-mp-e-form-003766,data/cifs/mb-mp-e-form-003766.cif,0.5261384625000001,0.0
train,mb-mp-e-form-032766,data/cifs/mb-mp-e-form-032766.cif,-0.4177821198611116,0.0
train,mb-mp-e-form-118728,data/cifs/mb-mp-e-form-118728.cif,-2.8609676945,0.0
train,mb-mp-e-form-068061,data/cifs/mb-mp-e-form-068061.cif,-1.47155237175,0.0
train,mb-mp-e-form-060488,data/cifs/mb-mp-e-form-060488.cif,-1.1517253615942031,0.0
train,mb-mp-e-form-018425,data/cifs/mb-mp-e-form-018425.cif,-0.15812370125,0.0
train,mb-mp-e-form-035803,data/cifs/mb-mp-e-form-035803.cif,-0.4675595850000009,0.0
train,mb-mp-e-form-101522,data/cifs/mb-mp-e-form-101522.cif,-2.4399453187671583,0.0
train,mb-mp-e-form-119610,data/cifs/mb-mp-e-form-119610.cif,-2.9113913404642857,0.0
train,mb-mp-e-form-111362,data/cifs/mb-mp-e-form-111362.cif,-2.6476066730833328,0.0
train,mb-mp-e-form-062562,data/cifs/mb-mp-e-form-062562.cif,-1.2357978355833332,0.0
train,mb-mp-e-form-078849,data/cifs/mb-mp-e-form-078849.cif,-1.8536520165,0.0
train,mb-mp-e-form-014644,data/cifs/mb-mp-e-form-014644.cif,-0.0340448174999998,0.0
train,mb-mp-e-form-033912,data/cifs/mb-mp-e-form-033912.cif,-0.4582735934049999,0.0
train,mb-mp-e-form-035467,data/cifs/mb-mp-e-form-035467.cif,-0.4746340512499998,0.0
train,mb-mp-e-form-026214,data/cifs/mb-mp-e-form-026214.cif,-0.3171445832724625,0.0
train,mb-mp-e-form-005414,data/cifs/mb-mp-e-form-005414.cif,0.2723153412500001,0.0
train,mb-mp-e-form-086220,data/cifs/mb-mp-e-form-086220.cif,-2.0452567539062505,0.0
train,mb-mp-e-form-099081,data/cifs/mb-mp-e-form-099081.cif,-2.3975836756250004,0.0
train,mb-mp-e-form-107912,data/cifs/mb-mp-e-form-107912.cif,-2.587161326327112,0.0
train,mb-mp-e-form-053246,data/cifs/mb-mp-e-form-053246.cif,-0.8697112510810804,0.0
train,mb-mp-e-form-108955,data/cifs/mb-mp-e-form-108955.cif,-2.610782290166667,0.0
train,mb-mp-e-form-078632,data/cifs/mb-mp-e-form-078632.cif,-1.8269128290384609,0.0
train,mb-mp-e-form-108437,data/cifs/mb-mp-e-form-108437.cif,-2.590738206750001,0.0
train,mb-mp-e-form-112774,data/cifs/mb-mp-e-form-112774.cif,-2.7100628134375,0.0
train,mb-mp-e-form-022620,data/cifs/mb-mp-e-form-022620.cif,-0.2318650724895832,0.0
train,mb-mp-e-form-085088,data/cifs/mb-mp-e-form-085088.cif,-2.00533124625,0.0
train,mb-mp-e-form-063241,data/cifs/mb-mp-e-form-063241.cif,-1.2735002542857137,0.0
train,mb-mp-e-form-088551,data/cifs/mb-mp-e-form-088551.cif,-2.116116378138572,0.0
train,mb-mp-e-form-066195,data/cifs/mb-mp-e-form-066195.cif,-1.3998910445833328,0.0
train,mb-mp-e-form-007986,data/cifs/mb-mp-e-form-007986.cif,0.1249400266666667,0.0
train,mb-mp-e-form-090771,data/cifs/mb-mp-e-form-090771.cif,-2.1486276102762503,0.0
train,mb-mp-e-form-024254,data/cifs/mb-mp-e-form-024254.cif,-0.2757292387500001,0.0
train,mb-mp-e-form-042320,data/cifs/mb-mp-e-form-042320.cif,-0.6028493661950001,0.0
train,mb-mp-e-form-110630,data/cifs/mb-mp-e-form-110630.cif,-2.6299138569642864,0.0
train,mb-mp-e-form-130205,data/cifs/mb-mp-e-form-130205.cif,-3.6207507087500006,0.0
train,mb-mp-e-form-018440,data/cifs/mb-mp-e-form-018440.cif,-0.1423477412820506,0.0
train,mb-mp-e-form-002267,data/cifs/mb-mp-e-form-002267.cif,0.8114098977439994,0.0
train,mb-mp-e-form-020851,data/cifs/mb-mp-e-form-020851.cif,-0.1950411424999991,0.0
train,mb-mp-e-form-085171,data/cifs/mb-mp-e-form-085171.cif,-2.020638902427885,0.0
train,mb-mp-e-form-061826,data/cifs/mb-mp-e-form-061826.cif,-1.16040651375,0.0
train,mb-mp-e-form-002359,data/cifs/mb-mp-e-form-002359.cif,0.7016518700000001,0.0
train,mb-mp-e-form-062452,data/cifs/mb-mp-e-form-062452.cif,-1.211383385456,0.0
train,mb-mp-e-form-053198,data/cifs/mb-mp-e-form-053198.cif,-0.881662056683103,0.0
train,mb-mp-e-form-107730,data/cifs/mb-mp-e-form-107730.cif,-2.5570277911464565,0.0
train,mb-mp-e-form-121265,data/cifs/mb-mp-e-form-121265.cif,-2.951688344953704,0.0
train,mb-mp-e-form-053341,data/cifs/mb-mp-e-form-053341.cif,-0.8671120376154549,0.0
train,mb-mp-e-form-130516,data/cifs/mb-mp-e-form-130516.cif,-3.541058825943191,0.0
train,mb-mp-e-form-091974,data/cifs/mb-mp-e-form-091974.cif,-2.199950485660919,0.0
train,mb-mp-e-form-126771,data/cifs/mb-mp-e-form-126771.cif,-3.260704863916668,0.0
train,mb-mp-e-form-022462,data/cifs/mb-mp-e-form-022462.cif,-0.245863321666666,0.0
train,mb-mp-e-form-078120,data/cifs/mb-mp-e-form-078120.cif,-1.81956287256,0.0
train,mb-mp-e-form-046954,data/cifs/mb-mp-e-form-046954.cif,-0.7078287758333334,0.0
train,mb-mp-e-form-032405,data/cifs/mb-mp-e-form-032405.cif,-0.408465870416667,0.0
train,mb-mp-e-form-116201,data/cifs/mb-mp-e-form-116201.cif,-2.793499272175925,0.0
train,mb-mp-e-form-065314,data/cifs/mb-mp-e-form-065314.cif,-1.3743012492500015,0.0
train,mb-mp-e-form-058191,data/cifs/mb-mp-e-form-058191.cif,-1.0497245664236123,0.0
train,mb-mp-e-form-044677,data/cifs/mb-mp-e-form-044677.cif,-0.6436868812711861,0.0
train,mb-mp-e-form-101230,data/cifs/mb-mp-e-form-101230.cif,-2.427279850056572,0.0
train,mb-mp-e-form-098559,data/cifs/mb-mp-e-form-098559.cif,-2.3670585605825614,0.0
train,mb-mp-e-form-118369,data/cifs/mb-mp-e-form-118369.cif,-2.880288533455379,0.0
train,mb-mp-e-form-074184,data/cifs/mb-mp-e-form-074184.cif,-1.6871264757500009,0.0
train,mb-mp-e-form-116016,data/cifs/mb-mp-e-form-116016.cif,-2.8111382243730003,0.0
train,mb-mp-e-form-061925,data/cifs/mb-mp-e-form-061925.cif,-1.2128990958333337,0.0
train,mb-mp-e-form-074023,data/cifs/mb-mp-e-form-074023.cif,-1.6993135624999995,0.0
train,mb-mp-e-form-084369,data/cifs/mb-mp-e-form-084369.cif,-1.9830455798749995,0.0
train,mb-mp-e-form-082033,data/cifs/mb-mp-e-form-082033.cif,-1.911427948205,0.0
train,mb-mp-e-form-002350,data/cifs/mb-mp-e-form-002350.cif,0.7028327225000002,0.0
train,mb-mp-e-form-013753,data/cifs/mb-mp-e-form-013753.cif,-0.02706816,0.0
train,mb-mp-e-form-090770,data/cifs/mb-mp-e-form-090770.cif,-2.146657914479167,0.0
train,mb-mp-e-form-075651,data/cifs/mb-mp-e-form-075651.cif,-1.7189789664285715,0.0
train,mb-mp-e-form-077230,data/cifs/mb-mp-e-form-077230.cif,-1.7995367563460007,0.0
train,mb-mp-e-form-125912,data/cifs/mb-mp-e-form-125912.cif,-3.1965137840625,0.0
train,mb-mp-e-form-005050,data/cifs/mb-mp-e-form-005050.cif,0.2445601081249999,0.0
train,mb-mp-e-form-068504,data/cifs/mb-mp-e-form-068504.cif,-1.494274528409092,0.0
train,mb-mp-e-form-021714,data/cifs/mb-mp-e-form-021714.cif,-0.2203816312745098,0.0
train,mb-mp-e-form-020792,data/cifs/mb-mp-e-form-020792.cif,-0.1911587599999998,0.0
train,mb-mp-e-form-113231,data/cifs/mb-mp-e-form-113231.cif,-2.715498787613636,0.0
train,mb-mp-e-form-020920,data/cifs/mb-mp-e-form-020920.cif,-0.2190354985714275,0.0
train,mb-mp-e-form-011608,data/cifs/mb-mp-e-form-011608.cif,0.024403806315791,0.0
train,mb-mp-e-form-031149,data/cifs/mb-mp-e-form-031149.cif,-0.393051322777777,0.0
train,mb-mp-e-form-039215,data/cifs/mb-mp-e-form-039215.cif,-0.5508150533952781,0.0
train,mb-mp-e-form-086233,data/cifs/mb-mp-e-form-086233.cif,-2.0538249104375,0.0
train,mb-mp-e-form-029157,data/cifs/mb-mp-e-form-029157.cif,-0.372752899166667,0.0
train,mb-mp-e-form-081879,data/cifs/mb-mp-e-form-081879.cif,-1.9326603133928568,0.0
train,mb-mp-e-form-071203,data/cifs/mb-mp-e-form-071203.cif,-1.6061679209374995,0.0
train,mb-mp-e-form-094725,data/cifs/mb-mp-e-form-094725.cif,-2.278568803485632,0.0
train,mb-mp-e-form-104886,data/cifs/mb-mp-e-form-104886.cif,-2.526047912282965,0.0
train,mb-mp-e-form-069632,data/cifs/mb-mp-e-form-069632.cif,-1.5141177994028572,0.0
train,mb-mp-e-form-053640,data/cifs/mb-mp-e-form-053640.cif,-0.8957900008081823,0.0
train,mb-mp-e-form-075745,data/cifs/mb-mp-e-form-075745.cif,-1.7361298056250003,0.0
train,mb-mp-e-form-067407,data/cifs/mb-mp-e-form-067407.cif,-1.4350402667000002,0.0
train,mb-mp-e-form-121639,data/cifs/mb-mp-e-form-121639.cif,-2.9589648705912497,0.0
train,mb-mp-e-form-017649,data/cifs/mb-mp-e-form-017649.cif,-0.1108881514999993,0.0
train,mb-mp-e-form-095472,data/cifs/mb-mp-e-form-095472.cif,-2.297780323777778,0.0
train,mb-mp-e-form-065900,data/cifs/mb-mp-e-form-065900.cif,-1.408127402857142,0.0
train,mb-mp-e-form-008563,data/cifs/mb-mp-e-form-008563.cif,0.0952327374999999,0.0
train,mb-mp-e-form-095281,data/cifs/mb-mp-e-form-095281.cif,-2.2950837941577973,0.0
train,mb-mp-e-form-023345,data/cifs/mb-mp-e-form-023345.cif,-0.2631257925000009,0.0
train,mb-mp-e-form-097609,data/cifs/mb-mp-e-form-097609.cif,-2.3484338279520003,0.0
train,mb-mp-e-form-010034,data/cifs/mb-mp-e-form-010034.cif,0.0561594576785715,0.0
train,mb-mp-e-form-120888,data/cifs/mb-mp-e-form-120888.cif,-2.9816932809375,0.0
train,mb-mp-e-form-010823,data/cifs/mb-mp-e-form-010823.cif,0.0591465850000001,0.0
train,mb-mp-e-form-119134,data/cifs/mb-mp-e-form-119134.cif,-2.91634289989987,0.0
train,mb-mp-e-form-104778,data/cifs/mb-mp-e-form-104778.cif,-2.5271805053125007,0.0
train,mb-mp-e-form-100836,data/cifs/mb-mp-e-form-100836.cif,-2.4292448257738104,0.0
train,mb-mp-e-form-049869,data/cifs/mb-mp-e-form-049869.cif,-0.7711147139999994,0.0
train,mb-mp-e-form-097623,data/cifs/mb-mp-e-form-097623.cif,-2.344938835475834,0.0
train,mb-mp-e-form-020602,data/cifs/mb-mp-e-form-020602.cif,-0.1912227072222224,0.0
train,mb-mp-e-form-030692,data/cifs/mb-mp-e-form-030692.cif,-0.3753549019999997,0.0
train,mb-mp-e-form-016874,data/cifs/mb-mp-e-form-016874.cif,-0.0812830562500002,0.0
train,mb-mp-e-form-031892,data/cifs/mb-mp-e-form-031892.cif,-0.3911257093749993,0.0
train,mb-mp-e-form-012832,data/cifs/mb-mp-e-form-012832.cif,0.0,0.0
train,mb-mp-e-form-093991,data/cifs/mb-mp-e-form-093991.cif,-2.278627961914064,0.0
train,mb-mp-e-form-027992,data/cifs/mb-mp-e-form-027992.cif,-0.3513092208333337,0.0
train,mb-mp-e-form-036808,data/cifs/mb-mp-e-form-036808.cif,-0.4953568170833331,0.0
train,mb-mp-e-form-030344,data/cifs/mb-mp-e-form-030344.cif,-0.3772649842105259,0.0
train,mb-mp-e-form-004471,data/cifs/mb-mp-e-form-004471.cif,0.3573320837499998,0.0
train,mb-mp-e-form-035028,data/cifs/mb-mp-e-form-035028.cif,-0.4772542392857138,0.0
train,mb-mp-e-form-028403,data/cifs/mb-mp-e-form-028403.cif,-0.3517763222254466,0.0
train,mb-mp-e-form-029500,data/cifs/mb-mp-e-form-029500.cif,-0.3710875998809524,0.0
train,mb-mp-e-form-037255,data/cifs/mb-mp-e-form-037255.cif,-0.498409870909091,0.0
train,mb-mp-e-form-129931,data/cifs/mb-mp-e-form-129931.cif,-3.5542374997500006,0.0
train,mb-mp-e-form-130098,data/cifs/mb-mp-e-form-130098.cif,-3.500878735694444,0.0
train,mb-mp-e-form-024042,data/cifs/mb-mp-e-form-024042.cif,-0.2752275463594239,0.0
train,mb-mp-e-form-094111,data/cifs/mb-mp-e-form-094111.cif,-2.265636454674206,0.0
train,mb-mp-e-form-068594,data/cifs/mb-mp-e-form-068594.cif,-1.4784221857562958,0.0
train,mb-mp-e-form-047112,data/cifs/mb-mp-e-form-047112.cif,-0.7275434329166662,0.0
train,mb-mp-e-form-113572,data/cifs/mb-mp-e-form-113572.cif,-2.711955805902777,0.0
train,mb-mp-e-form-053281,data/cifs/mb-mp-e-form-053281.cif,-0.8886581573333345,0.0
train,mb-mp-e-form-004469,data/cifs/mb-mp-e-form-004469.cif,0.3768927749999999,0.0
train,mb-mp-e-form-080608,data/cifs/mb-mp-e-form-080608.cif,-1.8621197877618,0.0
train,mb-mp-e-form-105983,data/cifs/mb-mp-e-form-105983.cif,-2.535827236011904,0.0
train,mb-mp-e-form-039746,data/cifs/mb-mp-e-form-039746.cif,-0.5536259887499995,0.0
train,mb-mp-e-form-039275,data/cifs/mb-mp-e-form-039275.cif,-0.5384936699999999,0.0
train,mb-mp-e-form-043290,data/cifs/mb-mp-e-form-043290.cif,-0.6392794783333334,0.0
train,mb-mp-e-form-097936,data/cifs/mb-mp-e-form-097936.cif,-2.3751657743500005,0.0
train,mb-mp-e-form-123336,data/cifs/mb-mp-e-form-123336.cif,-3.051059581314,0.0
train,mb-mp-e-form-029694,data/cifs/mb-mp-e-form-029694.cif,-0.360455117631579,0.0
train,mb-mp-e-form-057561,data/cifs/mb-mp-e-form-057561.cif,-1.0081766175000002,0.0
train,mb-mp-e-form-004269,data/cifs/mb-mp-e-form-004269.cif,0.4207758437500004,0.0
train,mb-mp-e-form-036365,data/cifs/mb-mp-e-form-036365.cif,-0.4888160493587499,0.0
train,mb-mp-e-form-070543,data/cifs/mb-mp-e-form-070543.cif,-1.542648173289999,0.0
train,mb-mp-e-form-080485,data/cifs/mb-mp-e-form-080485.cif,-1.8632213889292308,0.0
train,mb-mp-e-form-053849,data/cifs/mb-mp-e-form-053849.cif,-0.8922848966666663,0.0
train,mb-mp-e-form-069441,data/cifs/mb-mp-e-form-069441.cif,-1.5151207684821435,0.0
train,mb-mp-e-form-063667,data/cifs/mb-mp-e-form-063667.cif,-1.258934081195,0.0
train,mb-mp-e-form-055839,data/cifs/mb-mp-e-form-055839.cif,-0.9487081347500002,0.0
train,mb-mp-e-form-108980,data/cifs/mb-mp-e-form-108980.cif,-2.5944496307110327,0.0
train,mb-mp-e-form-098838,data/cifs/mb-mp-e-form-098838.cif,-2.39173370246,0.0
train,mb-mp-e-form-115933,data/cifs/mb-mp-e-form-115933.cif,-2.813016028339843,0.0
train,mb-mp-e-form-056476,data/cifs/mb-mp-e-form-056476.cif,-0.9843652630208328,0.0
train,mb-mp-e-form-049304,data/cifs/mb-mp-e-form-049304.cif,-0.769941748123736,0.0
train,mb-mp-e-form-001210,data/cifs/mb-mp-e-form-001210.cif,1.4946989583333328,0.0
train,mb-mp-e-form-087743,data/cifs/mb-mp-e-form-087743.cif,-2.08736121175,0.0
train,mb-mp-e-form-084170,data/cifs/mb-mp-e-form-084170.cif,-1.995529498375,0.0
train,mb-mp-e-form-115761,data/cifs/mb-mp-e-form-115761.cif,-2.814284288284313,0.0
train,mb-mp-e-form-106643,data/cifs/mb-mp-e-form-106643.cif,-2.5391232559520005,0.0
train,mb-mp-e-form-093271,data/cifs/mb-mp-e-form-093271.cif,-2.2375723437619044,0.0
train,mb-mp-e-form-090608,data/cifs/mb-mp-e-form-090608.cif,-2.14805885,0.0
train,mb-mp-e-form-042281,data/cifs/mb-mp-e-form-042281.cif,-0.6055253471666667,0.0
train,mb-mp-e-form-010934,data/cifs/mb-mp-e-form-010934.cif,0.0196265600000007,0.0
train,mb-mp-e-form-116507,data/cifs/mb-mp-e-form-116507.cif,-2.8065697641466665,0.0
train,mb-mp-e-form-099112,data/cifs/mb-mp-e-form-099112.cif,-2.385393517180554,0.0
train,mb-mp-e-form-053451,data/cifs/mb-mp-e-form-053451.cif,-0.8832625216666663,0.0
train,mb-mp-e-form-019875,data/cifs/mb-mp-e-form-019875.cif,-0.1679123262409653,0.0
train,mb-mp-e-form-056599,data/cifs/mb-mp-e-form-056599.cif,-0.9815758650400008,0.0
train,mb-mp-e-form-082174,data/cifs/mb-mp-e-form-082174.cif,-1.9339216356089584,0.0
train,mb-mp-e-form-057082,data/cifs/mb-mp-e-form-057082.cif,-1.0267093032031245,0.0
train,mb-mp-e-form-111849,data/cifs/mb-mp-e-form-111849.cif,-2.671192049125,0.0
train,mb-mp-e-form-117661,data/cifs/mb-mp-e-form-117661.cif,-2.8231457345238096,0.0
train,mb-mp-e-form-029063,data/cifs/mb-mp-e-form-029063.cif,-0.3568999458194442,0.0
train,mb-mp-e-form-012210,data/cifs/mb-mp-e-form-012210.cif,-0.0061820544736839,0.0
train,mb-mp-e-form-025408,data/cifs/mb-mp-e-form-025408.cif,-0.3023583895646194,0.0
train,mb-mp-e-form-085195,data/cifs/mb-mp-e-form-085195.cif,-2.0175545539945654,0.0
train,mb-mp-e-form-110265,data/cifs/mb-mp-e-form-110265.cif,-2.638107401495536,0.0
train,mb-mp-e-form-090834,data/cifs/mb-mp-e-form-090834.cif,-2.1823503840561225,0.0
train,mb-mp-e-form-119116,data/cifs/mb-mp-e-form-119116.cif,-2.884648005171131,0.0
train,mb-mp-e-form-111777,data/cifs/mb-mp-e-form-111777.cif,-2.6750676834375,0.0
train,mb-mp-e-form-017361,data/cifs/mb-mp-e-form-017361.cif,-0.111730432894738,0.0
train,mb-mp-e-form-024113,data/cifs/mb-mp-e-form-024113.cif,-0.2856588675,0.0
train,mb-mp-e-form-051261,data/cifs/mb-mp-e-form-051261.cif,-0.8151104358333336,0.0
train,mb-mp-e-form-064918,data/cifs/mb-mp-e-form-064918.cif,-1.361260723166667,0.0
train,mb-mp-e-form-078128,data/cifs/mb-mp-e-form-078128.cif,-1.8334325322475,0.0
train,mb-mp-e-form-127760,data/cifs/mb-mp-e-form-127760.cif,-3.33343553931713,0.0
train,mb-mp-e-form-060842,data/cifs/mb-mp-e-form-060842.cif,-1.142106542152778,0.0
train,mb-mp-e-form-132687,data/cifs/mb-mp-e-form-132687.cif,-3.942047499250001,0.0
train,mb-mp-e-form-054141,data/cifs/mb-mp-e-form-054141.cif,-0.9125718124999996,0.0
train,mb-mp-e-form-009007,data/cifs/mb-mp-e-form-009007.cif,0.0748336087500001,0.0
train,mb-mp-e-form-007125,data/cifs/mb-mp-e-form-007125.cif,0.1517502946875002,0.0
train,mb-mp-e-form-105500,data/cifs/mb-mp-e-form-105500.cif,-2.5163922520039685,0.0
train,mb-mp-e-form-126512,data/cifs/mb-mp-e-form-126512.cif,-3.188722845644074,0.0
train,mb-mp-e-form-080782,data/cifs/mb-mp-e-form-080782.cif,-1.871033850789474,0.0
train,mb-mp-e-form-073185,data/cifs/mb-mp-e-form-073185.cif,-1.6733763870258618,0.0
train,mb-mp-e-form-012807,data/cifs/mb-mp-e-form-012807.cif,0.0,0.0
train,mb-mp-e-form-111550,data/cifs/mb-mp-e-form-111550.cif,-2.653309015309,0.0
train,mb-mp-e-form-055548,data/cifs/mb-mp-e-form-055548.cif,-0.9442331238541672,0.0
train,mb-mp-e-form-079502,data/cifs/mb-mp-e-form-079502.cif,-1.839217448611112,0.0
train,mb-mp-e-form-012950,data/cifs/mb-mp-e-form-012950.cif,-0.0175222918749999,0.0
train,mb-mp-e-form-076193,data/cifs/mb-mp-e-form-076193.cif,-1.7759527157139998,0.0
train,mb-mp-e-form-125441,data/cifs/mb-mp-e-form-125441.cif,-3.1596436367857152,0.0
train,mb-mp-e-form-018324,data/cifs/mb-mp-e-form-018324.cif,-0.1540526374999999,0.0
train,mb-mp-e-form-048901,data/cifs/mb-mp-e-form-048901.cif,-0.7784861249999997,0.0
train,mb-mp-e-form-062175,data/cifs/mb-mp-e-form-062175.cif,-1.2265535520168067,0.0
train,mb-mp-e-form-071144,data/cifs/mb-mp-e-form-071144.cif,-1.6003409001708273,0.0
train,mb-mp-e-form-053951,data/cifs/mb-mp-e-form-053951.cif,-0.9020633841666664,0.0
train,mb-mp-e-form-089894,data/cifs/mb-mp-e-form-089894.cif,-2.150784603959999,0.0
train,mb-mp-e-form-047385,data/cifs/mb-mp-e-form-047385.cif,-0.7213055516666671,0.0
train,mb-mp-e-form-079891,data/cifs/mb-mp-e-form-079891.cif,-1.862521979166667,0.0
train,mb-mp-e-form-123111,data/cifs/mb-mp-e-form-123111.cif,-3.0506299089722666,0.0
train,mb-mp-e-form-072011,data/cifs/mb-mp-e-form-072011.cif,-1.6130846842470248,0.0
train,mb-mp-e-form-015372,data/cifs/mb-mp-e-form-015372.cif,-0.0761667273214286,0.0
train,mb-mp-e-form-111921,data/cifs/mb-mp-e-form-111921.cif,-2.670128541595498,0.0
train,mb-mp-e-form-003013,data/cifs/mb-mp-e-form-003013.cif,0.4642683966666667,0.0
train,mb-mp-e-form-044410,data/cifs/mb-mp-e-form-044410.cif,-0.6592806079687493,0.0
train,mb-mp-e-form-126134,data/cifs/mb-mp-e-form-126134.cif,-3.215719744816322,0.0
train,mb-mp-e-form-062079,data/cifs/mb-mp-e-form-062079.cif,-1.2214420382352942,0.0
train,mb-mp-e-form-074742,data/cifs/mb-mp-e-form-074742.cif,-1.701688034715556,0.0
train,mb-mp-e-form-067417,data/cifs/mb-mp-e-form-067417.cif,-1.458299560234375,0.0
train,mb-mp-e-form-104777,data/cifs/mb-mp-e-form-104777.cif,-2.5111932896875,0.0
train,mb-mp-e-form-078143,data/cifs/mb-mp-e-form-078143.cif,-1.8306861019349991,0.0
train,mb-mp-e-form-086102,data/cifs/mb-mp-e-form-086102.cif,-2.0442226368749994,0.0
train,mb-mp-e-form-051740,data/cifs/mb-mp-e-form-051740.cif,-0.8299122992410717,0.0
train,mb-mp-e-form-080107,data/cifs/mb-mp-e-form-080107.cif,-1.8589518309974995,0.0
train,mb-mp-e-form-103894,data/cifs/mb-mp-e-form-103894.cif,-2.507380379838901,0.0
train,mb-mp-e-form-058919,data/cifs/mb-mp-e-form-058919.cif,-1.0841949766071437,0.0
train,mb-mp-e-form-039792,data/cifs/mb-mp-e-form-039792.cif,-0.5438965258096969,0.0
train,mb-mp-e-form-036374,data/cifs/mb-mp-e-form-036374.cif,-0.4923687927913856,0.0
train,mb-mp-e-form-046550,data/cifs/mb-mp-e-form-046550.cif,-0.6842564068027214,0.0
train,mb-mp-e-form-076939,data/cifs/mb-mp-e-form-076939.cif,-1.8035857067088883,0.0
train,mb-mp-e-form-081767,data/cifs/mb-mp-e-form-081767.cif,-1.8891455217829656,0.0
train,mb-mp-e-form-061641,data/cifs/mb-mp-e-form-061641.cif,-1.191321664285157,0.0
train,mb-mp-e-form-009362,data/cifs/mb-mp-e-form-009362.cif,0.0803989233333328,0.0
train,mb-mp-e-form-007692,data/cifs/mb-mp-e-form-007692.cif,0.1625723455240006,0.0
train,mb-mp-e-form-082554,data/cifs/mb-mp-e-form-082554.cif,-1.939252038139748,0.0
train,mb-mp-e-form-052030,data/cifs/mb-mp-e-form-052030.cif,-0.8400441902413789,0.0
train,mb-mp-e-form-094219,data/cifs/mb-mp-e-form-094219.cif,-2.2582059960204086,0.0
train,mb-mp-e-form-090906,data/cifs/mb-mp-e-form-090906.cif,-2.173749297760416,0.0
train,mb-mp-e-form-097268,data/cifs/mb-mp-e-form-097268.cif,-2.3573607380171424,0.0
train,mb-mp-e-form-057622,data/cifs/mb-mp-e-form-057622.cif,-1.012722023277,0.0
train,mb-mp-e-form-075851,data/cifs/mb-mp-e-form-075851.cif,-1.7561755490000004,0.0
train,mb-mp-e-form-093436,data/cifs/mb-mp-e-form-093436.cif,-2.234779947896667,0.0
train,mb-mp-e-form-123198,data/cifs/mb-mp-e-form-123198.cif,-3.048380437009803,0.0
train,mb-mp-e-form-091859,data/cifs/mb-mp-e-form-091859.cif,-2.202998658706005,0.0
train,mb-mp-e-form-118698,data/cifs/mb-mp-e-form-118698.cif,-2.861323688365386,0.0
train,mb-mp-e-form-003302,data/cifs/mb-mp-e-form-003302.cif,0.4778671437500001,0.0
train,mb-mp-e-form-113044,data/cifs/mb-mp-e-form-113044.cif,-2.7005975921875005,0.0
train,mb-mp-e-form-100669,data/cifs/mb-mp-e-form-100669.cif,-2.4221578457144446,0.0
train,mb-mp-e-form-076455,data/cifs/mb-mp-e-form-076455.cif,-1.7676034510184089,0.0
train,mb-mp-e-form-083409,data/cifs/mb-mp-e-form-083409.cif,-1.945470376119792,0.0
train,mb-mp-e-form-009596,data/cifs/mb-mp-e-form-009596.cif,0.0699965870833324,0.0
train,mb-mp-e-form-021546,data/cifs/mb-mp-e-form-021546.cif,-0.218135469,0.0
train,mb-mp-e-form-029739,data/cifs/mb-mp-e-form-029739.cif,-0.3659029178565625,0.0
train,mb-mp-e-form-129576,data/cifs/mb-mp-e-form-129576.cif,-3.490425036934285,0.0
train,mb-mp-e-form-029795,data/cifs/mb-mp-e-form-029795.cif,-0.3632901624999998,0.0
train,mb-mp-e-form-091330,data/cifs/mb-mp-e-form-091330.cif,-2.1830853977314826,0.0
train,mb-mp-e-form-028430,data/cifs/mb-mp-e-form-028430.cif,-0.343788149999999,0.0
train,mb-mp-e-form-127982,data/cifs/mb-mp-e-form-127982.cif,-3.3292000391799994,0.0
train,mb-mp-e-form-084804,data/cifs/mb-mp-e-form-084804.cif,-2.0303168314843747,0.0
train,mb-mp-e-form-018735,data/cifs/mb-mp-e-form-018735.cif,-0.1357076198616075,0.0
train,mb-mp-e-form-079606,data/cifs/mb-mp-e-form-079606.cif,-1.8374880360357149,0.0
train,mb-mp-e-form-130777,data/cifs/mb-mp-e-form-130777.cif,-3.806895297583001,0.0
train,mb-mp-e-form-040598,data/cifs/mb-mp-e-form-040598.cif,-0.5627026604999997,0.0
train,mb-mp-e-form-073140,data/cifs/mb-mp-e-form-073140.cif,-1.6737506384999996,0.0
train,mb-mp-e-form-126673,data/cifs/mb-mp-e-form-126673.cif,-3.18413143511875,0.0
train,mb-mp-e-form-127372,data/cifs/mb-mp-e-form-127372.cif,-3.299167314010833,0.0
train,mb-mp-e-form-052335,data/cifs/mb-mp-e-form-052335.cif,-0.8418123488600008,0.0
train,mb-mp-e-form-110805,data/cifs/mb-mp-e-form-110805.cif,-2.6418085188671867,0.0
train,mb-mp-e-form-027197,data/cifs/mb-mp-e-form-027197.cif,-0.3315417565885414,0.0
train,mb-mp-e-form-043362,data/cifs/mb-mp-e-form-043362.cif,-0.6265268168650001,0.0
train,mb-mp-e-form-076393,data/cifs/mb-mp-e-form-076393.cif,-1.7787258526785712,0.0
train,mb-mp-e-form-035469,data/cifs/mb-mp-e-form-035469.cif,-0.4747927592307694,0.0
train,mb-mp-e-form-094459,data/cifs/mb-mp-e-form-094459.cif,-2.2713537994387747,0.0
train,mb-mp-e-form-099793,data/cifs/mb-mp-e-form-099793.cif,-2.4123316092028566,0.0
train,mb-mp-e-form-123961,data/cifs/mb-mp-e-form-123961.cif,-3.0984955674310526,0.0
train,mb-mp-e-form-123899,data/cifs/mb-mp-e-form-123899.cif,-3.1083909764285704,0.0
train,mb-mp-e-form-069710,data/cifs/mb-mp-e-form-069710.cif,-1.5093259226470592,0.0
train,mb-mp-e-form-126935,data/cifs/mb-mp-e-form-126935.cif,-3.281430717964286,0.0
train,mb-mp-e-form-073430,data/cifs/mb-mp-e-form-073430.cif,-1.650692770309231,0.0
train,mb-mp-e-form-018068,data/cifs/mb-mp-e-form-018068.cif,-0.1566597362499999,0.0
train,mb-mp-e-form-071328,data/cifs/mb-mp-e-form-071328.cif,-1.6060600608333324,0.0
train,mb-mp-e-form-037901,data/cifs/mb-mp-e-form-037901.cif,-0.5220212133333343,0.0
train,mb-mp-e-form-111063,data/cifs/mb-mp-e-form-111063.cif,-2.649343267099,0.0
train,mb-mp-e-form-000442,data/cifs/mb-mp-e-form-000442.cif,1.67997825125,0.0
train,mb-mp-e-form-031142,data/cifs/mb-mp-e-form-031142.cif,-0.4042354179999989,0.0
train,mb-mp-e-form-106480,data/cifs/mb-mp-e-form-106480.cif,-2.53306533368517,0.0
train,mb-mp-e-form-053235,data/cifs/mb-mp-e-form-053235.cif,-0.8735895090340917,0.0
train,mb-mp-e-form-130156,data/cifs/mb-mp-e-form-130156.cif,-3.616009228984375,0.0
train,mb-mp-e-form-064110,data/cifs/mb-mp-e-form-064110.cif,-1.32147639288344,0.0
train,mb-mp-e-form-097508,data/cifs/mb-mp-e-form-097508.cif,-2.3414957447619043,0.0
train,mb-mp-e-form-087793,data/cifs/mb-mp-e-form-087793.cif,-2.1088471365208323,0.0
train,mb-mp-e-form-069147,data/cifs/mb-mp-e-form-069147.cif,-1.5082105086994737,0.0
train,mb-mp-e-form-034935,data/cifs/mb-mp-e-form-034935.cif,-0.4766913398177088,0.0
train,mb-mp-e-form-025688,data/cifs/mb-mp-e-form-025688.cif,-0.2906451986855553,0.0
train,mb-mp-e-form-103505,data/cifs/mb-mp-e-form-103505.cif,-2.4793235004773613,0.0
train,mb-mp-e-form-078034,data/cifs/mb-mp-e-form-078034.cif,-1.8172409382050003,0.0
train,mb-mp-e-form-046496,data/cifs/mb-mp-e-form-046496.cif,-0.6999816580208336,0.0
train,mb-mp-e-form-125894,data/cifs/mb-mp-e-form-125894.cif,-3.1943764797500007,0.0
train,mb-mp-e-form-095082,data/cifs/mb-mp-e-form-095082.cif,-2.283014098469388,0.0
train,mb-mp-e-form-055742,data/cifs/mb-mp-e-form-055742.cif,-0.9621273966718178,0.0
train,mb-mp-e-form-000539,data/cifs/mb-mp-e-form-000539.cif,1.6924604574999995,0.0
train,mb-mp-e-form-013294,data/cifs/mb-mp-e-form-013294.cif,-0.0198135411666663,0.0
train,mb-mp-e-form-036789,data/cifs/mb-mp-e-form-036789.cif,-0.4874770347808694,0.0
train,mb-mp-e-form-044928,data/cifs/mb-mp-e-form-044928.cif,-0.6758181680902785,0.0
train,mb-mp-e-form-045506,data/cifs/mb-mp-e-form-045506.cif,-0.6826546304166667,0.0
train,mb-mp-e-form-124954,data/cifs/mb-mp-e-form-124954.cif,-3.149645874421734,0.0
train,mb-mp-e-form-059157,data/cifs/mb-mp-e-form-059157.cif,-1.1002837721308771,0.0
train,mb-mp-e-form-061083,data/cifs/mb-mp-e-form-061083.cif,-1.1881972783437504,0.0
train,mb-mp-e-form-047555,data/cifs/mb-mp-e-form-047555.cif,-0.7248432094199995,0.0
train,mb-mp-e-form-105943,data/cifs/mb-mp-e-form-105943.cif,-2.5480032265608483,0.0
train,mb-mp-e-form-016329,data/cifs/mb-mp-e-form-016329.cif,-0.1010588395588235,0.0
train,mb-mp-e-form-102946,data/cifs/mb-mp-e-form-102946.cif,-2.485701196187501,0.0
train,mb-mp-e-form-003882,data/cifs/mb-mp-e-form-003882.cif,0.5629284224999997,0.0
train,mb-mp-e-form-089490,data/cifs/mb-mp-e-form-089490.cif,-2.1397385091333327,0.0
train,mb-mp-e-form-001132,data/cifs/mb-mp-e-form-001132.cif,1.221503675,0.0
train,mb-mp-e-form-027125,data/cifs/mb-mp-e-form-027125.cif,-0.3363149185156251,0.0
train,mb-mp-e-form-120496,data/cifs/mb-mp-e-form-120496.cif,-2.9473407121425,0.0
train,mb-mp-e-form-071165,data/cifs/mb-mp-e-form-071165.cif,-1.5812247405000008,0.0
train,mb-mp-e-form-100381,data/cifs/mb-mp-e-form-100381.cif,-2.406504513333333,0.0
train,mb-mp-e-form-041546,data/cifs/mb-mp-e-form-041546.cif,-0.5929594794479996,0.0
train,mb-mp-e-form-047820,data/cifs/mb-mp-e-form-047820.cif,-0.7199995299610019,0.0
train,mb-mp-e-form-037614,data/cifs/mb-mp-e-form-037614.cif,-0.5006036818749999,0.0
train,mb-mp-e-form-041875,data/cifs/mb-mp-e-form-041875.cif,-0.5834752450000003,0.0
train,mb-mp-e-form-000690,data/cifs/mb-mp-e-form-000690.cif,2.23802653625,0.0
train,mb-mp-e-form-087508,data/cifs/mb-mp-e-form-087508.cif,-2.08421483175,0.0
train,mb-mp-e-form-089949,data/cifs/mb-mp-e-form-089949.cif,-2.155003051530713,0.0
train,mb-mp-e-form-044058,data/cifs/mb-mp-e-form-044058.cif,-0.6558231545312493,0.0
train,mb-mp-e-form-116025,data/cifs/mb-mp-e-form-116025.cif,-2.8134211770661914,0.0
train,mb-mp-e-form-022170,data/cifs/mb-mp-e-form-022170.cif,-0.2457297883333337,0.0
train,mb-mp-e-form-040650,data/cifs/mb-mp-e-form-040650.cif,-0.576134454583333,0.0
train,mb-mp-e-form-052063,data/cifs/mb-mp-e-form-052063.cif,-0.8406543827916664,0.0
train,mb-mp-e-form-100232,data/cifs/mb-mp-e-form-100232.cif,-2.4203371837500005,0.0
train,mb-mp-e-form-044522,data/cifs/mb-mp-e-form-044522.cif,-0.6591743341133325,0.0
train,mb-mp-e-form-085499,data/cifs/mb-mp-e-form-085499.cif,-2.0106591839114287,0.0
train,mb-mp-e-form-103172,data/cifs/mb-mp-e-form-103172.cif,-2.479395233412698,0.0
train,mb-mp-e-form-120273,data/cifs/mb-mp-e-form-120273.cif,-2.920521818583334,0.0
train,mb-mp-e-form-066709,data/cifs/mb-mp-e-form-066709.cif,-1.402509526226001,0.0
train,mb-mp-e-form-048594,data/cifs/mb-mp-e-form-048594.cif,-0.7427948714285719,0.0
train,mb-mp-e-form-044482,data/cifs/mb-mp-e-form-044482.cif,-0.6539800624999996,0.0
train,mb-mp-e-form-031070,data/cifs/mb-mp-e-form-031070.cif,-0.4053417512499999,0.0
train,mb-mp-e-form-074500,data/cifs/mb-mp-e-form-074500.cif,-1.7083097660249655,0.0
train,mb-mp-e-form-018967,data/cifs/mb-mp-e-form-018967.cif,-0.1706418663333337,0.0
train,mb-mp-e-form-118496,data/cifs/mb-mp-e-form-118496.cif,-2.880167661666666,0.0
train,mb-mp-e-form-083835,data/cifs/mb-mp-e-form-083835.cif,-1.996010424615384,0.0
train,mb-mp-e-form-004746,data/cifs/mb-mp-e-form-004746.cif,0.3666231746233326,0.0
train,mb-mp-e-form-038432,data/cifs/mb-mp-e-form-038432.cif,-0.5179350122222223,0.0
train,mb-mp-e-form-077078,data/cifs/mb-mp-e-form-077078.cif,-1.7829064145684523,0.0
train,mb-mp-e-form-124293,data/cifs/mb-mp-e-form-124293.cif,-3.0747612955,0.0
train,mb-mp-e-form-017017,data/cifs/mb-mp-e-form-017017.cif,-0.1260863461538461,0.0
train,mb-mp-e-form-052932,data/cifs/mb-mp-e-form-052932.cif,-0.8909565194642864,0.0
train,mb-mp-e-form-009028,data/cifs/mb-mp-e-form-009028.cif,0.0800950606250001,0.0
train,mb-mp-e-form-103533,data/cifs/mb-mp-e-form-103533.cif,-2.470880582569445,0.0
train,mb-mp-e-form-051647,data/cifs/mb-mp-e-form-051647.cif,-0.8283567236552771,0.0
train,mb-mp-e-form-119321,data/cifs/mb-mp-e-form-119321.cif,-2.892717426428572,0.0
train,mb-mp-e-form-127107,data/cifs/mb-mp-e-form-127107.cif,-3.2648926273750005,0.0
train,mb-mp-e-form-125765,data/cifs/mb-mp-e-form-125765.cif,-3.180874453125,0.0
train,mb-mp-e-form-043658,data/cifs/mb-mp-e-form-043658.cif,-0.6393031904545449,0.0
train,mb-mp-e-form-089549,data/cifs/mb-mp-e-form-089549.cif,-2.129257539965278,0.0
train,mb-mp-e-form-129763,data/cifs/mb-mp-e-form-129763.cif,-3.605947308083001,0.0
train,mb-mp-e-form-125438,data/cifs/mb-mp-e-form-125438.cif,-3.1744652926116066,0.0
train,mb-mp-e-form-041128,data/cifs/mb-mp-e-form-041128.cif,-0.5848824612878797,0.0
train,mb-mp-e-form-110278,data/cifs/mb-mp-e-form-110278.cif,-2.632602232913678,0.0
train,mb-mp-e-form-130193,data/cifs/mb-mp-e-form-130193.cif,-3.522661997361112,0.0
train,mb-mp-e-form-060558,data/cifs/mb-mp-e-form-060558.cif,-1.1395133895312506,0.0
train,mb-mp-e-form-115712,data/cifs/mb-mp-e-form-115712.cif,-2.769100417989862,0.0
train,mb-mp-e-form-010527,data/cifs/mb-mp-e-form-010527.cif,0.0476532656172733,0.0
train,mb-mp-e-form-010477,data/cifs/mb-mp-e-form-010477.cif,0.0531444791015625,0.0
train,mb-mp-e-form-062752,data/cifs/mb-mp-e-form-062752.cif,-1.2272978152500005,0.0
train,mb-mp-e-form-117046,data/cifs/mb-mp-e-form-117046.cif,-2.845202724583332,0.0
train,mb-mp-e-form-122845,data/cifs/mb-mp-e-form-122845.cif,-3.064385097000001,0.0
train,mb-mp-e-form-001409,data/cifs/mb-mp-e-form-001409.cif,1.46937739625,0.0
train,mb-mp-e-form-007048,data/cifs/mb-mp-e-form-007048.cif,0.1549314764062499,0.0
train,mb-mp-e-form-095558,data/cifs/mb-mp-e-form-095558.cif,-2.299485544761904,0.0
train,mb-mp-e-form-084797,data/cifs/mb-mp-e-form-084797.cif,-2.007724426527779,0.0
train,mb-mp-e-form-112825,data/cifs/mb-mp-e-form-112825.cif,-2.7061757399708006,0.0
train,mb-mp-e-form-028872,data/cifs/mb-mp-e-form-028872.cif,-0.3401530362500002,0.0
train,mb-mp-e-form-006381,data/cifs/mb-mp-e-form-006381.cif,0.1994433232812502,0.0
train,mb-mp-e-form-024200,data/cifs/mb-mp-e-form-024200.cif,-0.2728564477358491,0.0
train,mb-mp-e-form-023546,data/cifs/mb-mp-e-form-023546.cif,-0.2560974991666671,0.0
train,mb-mp-e-form-118256,data/cifs/mb-mp-e-form-118256.cif,-2.873563405949666,0.0
train,mb-mp-e-form-076884,data/cifs/mb-mp-e-form-076884.cif,-1.8059844567875,0.0
train,mb-mp-e-form-022280,data/cifs/mb-mp-e-form-022280.cif,-0.2469481084999991,0.0
train,mb-mp-e-form-007187,data/cifs/mb-mp-e-form-007187.cif,0.1523425292410714,0.0
train,mb-mp-e-form-067916,data/cifs/mb-mp-e-form-067916.cif,-1.4736673065624997,0.0
train,mb-mp-e-form-029914,data/cifs/mb-mp-e-form-029914.cif,-0.3870736700000001,0.0
train,mb-mp-e-form-063677,data/cifs/mb-mp-e-form-063677.cif,-1.2750287158961495,0.0
train,mb-mp-e-form-097556,data/cifs/mb-mp-e-form-097556.cif,-2.3453290193981484,0.0
train,mb-mp-e-form-028992,data/cifs/mb-mp-e-form-028992.cif,-0.3572824136979164,0.0
train,mb-mp-e-form-055884,data/cifs/mb-mp-e-form-055884.cif,-0.9721420454759994,0.0
train,mb-mp-e-form-024472,data/cifs/mb-mp-e-form-024472.cif,-0.2823677075925922,0.0
train,mb-mp-e-form-050098,data/cifs/mb-mp-e-form-050098.cif,-0.7984015394054549,0.0
train,mb-mp-e-form-011670,data/cifs/mb-mp-e-form-011670.cif,0.0292731631249996,0.0
train,mb-mp-e-form-063120,data/cifs/mb-mp-e-form-063120.cif,-1.2796374428160002,0.0
train,mb-mp-e-form-046031,data/cifs/mb-mp-e-form-046031.cif,-0.7013228541116072,0.0
train,mb-mp-e-form-065001,data/cifs/mb-mp-e-form-065001.cif,-1.364910255711207,0.0
train,mb-mp-e-form-059367,data/cifs/mb-mp-e-form-059367.cif,-1.1167188417968754,0.0
train,mb-mp-e-form-127995,data/cifs/mb-mp-e-form-127995.cif,-3.339330659736842,0.0
train,mb-mp-e-form-109479,data/cifs/mb-mp-e-form-109479.cif,-2.617249777763158,0.0
train,mb-mp-e-form-030095,data/cifs/mb-mp-e-form-030095.cif,-0.3750494050000004,0.0
train,mb-mp-e-form-065845,data/cifs/mb-mp-e-form-065845.cif,-1.3643946751785725,0.0
train,mb-mp-e-form-069298,data/cifs/mb-mp-e-form-069298.cif,-1.5097001524400009,0.0
train,mb-mp-e-form-053628,data/cifs/mb-mp-e-form-053628.cif,-0.8723866884210526,0.0
train,mb-mp-e-form-088705,data/cifs/mb-mp-e-form-088705.cif,-2.1089836795565207,0.0
train,mb-mp-e-form-016460,data/cifs/mb-mp-e-form-016460.cif,-0.0845930049999985,0.0
train,mb-mp-e-form-103014,data/cifs/mb-mp-e-form-103014.cif,-2.47230003539286,0.0
train,mb-mp-e-form-091701,data/cifs/mb-mp-e-form-091701.cif,-2.1722510508132857,0.0
train,mb-mp-e-form-083126,data/cifs/mb-mp-e-form-083126.cif,-1.9506147295090013,0.0
train,mb-mp-e-form-029709,data/cifs/mb-mp-e-form-029709.cif,-0.3648303405555554,0.0
train,mb-mp-e-form-123115,data/cifs/mb-mp-e-form-123115.cif,-3.0342127115604387,0.0
train,mb-mp-e-form-111596,data/cifs/mb-mp-e-form-111596.cif,-2.6638765806168845,0.0
train,mb-mp-e-form-051632,data/cifs/mb-mp-e-form-051632.cif,-0.8313112870312498,0.0
train,mb-mp-e-form-097799,data/cifs/mb-mp-e-form-097799.cif,-2.3753138337500004,0.0
train,mb-mp-e-form-081249,data/cifs/mb-mp-e-form-081249.cif,-1.9068771708572327,0.0
train,mb-mp-e-form-113137,data/cifs/mb-mp-e-form-113137.cif,-2.6942260185714275,0.0
train,mb-mp-e-form-055824,data/cifs/mb-mp-e-form-055824.cif,-0.9491324362500002,0.0
train,mb-mp-e-form-112677,data/cifs/mb-mp-e-form-112677.cif,-2.6658140850923377,0.0
train,mb-mp-e-form-077213,data/cifs/mb-mp-e-form-077213.cif,-1.7830682603694736,0.0
train,mb-mp-e-form-011569,data/cifs/mb-mp-e-form-011569.cif,0.0210956016666668,0.0
train,mb-mp-e-form-033084,data/cifs/mb-mp-e-form-033084.cif,-0.4414316289999987,0.0
train,mb-mp-e-form-121772,data/cifs/mb-mp-e-form-121772.cif,-3.0072000674999995,0.0
train,mb-mp-e-form-104242,data/cifs/mb-mp-e-form-104242.cif,-2.49298598719738,0.0
train,mb-mp-e-form-102568,data/cifs/mb-mp-e-form-102568.cif,-2.4558514541855567,0.0
train,mb-mp-e-form-121108,data/cifs/mb-mp-e-form-121108.cif,-2.9597120007142865,0.0
train,mb-mp-e-form-008409,data/cifs/mb-mp-e-form-008409.cif,0.1043785862500004,0.0
train,mb-mp-e-form-007476,data/cifs/mb-mp-e-form-007476.cif,0.1278456600000002,0.0
train,mb-mp-e-form-114054,data/cifs/mb-mp-e-form-114054.cif,-2.722824957893518,0.0
train,mb-mp-e-form-099770,data/cifs/mb-mp-e-form-099770.cif,-2.4173221865625,0.0
train,mb-mp-e-form-088878,data/cifs/mb-mp-e-form-088878.cif,-2.13307845396,0.0
train,mb-mp-e-form-004039,data/cifs/mb-mp-e-form-004039.cif,0.31815806,0.0
train,mb-mp-e-form-077569,data/cifs/mb-mp-e-form-077569.cif,-1.8048128835918755,0.0
train,mb-mp-e-form-067123,data/cifs/mb-mp-e-form-067123.cif,-1.432173910000001,0.0
train,mb-mp-e-form-010125,data/cifs/mb-mp-e-form-010125.cif,0.0484360583333334,0.0
train,mb-mp-e-form-002201,data/cifs/mb-mp-e-form-002201.cif,0.9405181629166666,0.0
train,mb-mp-e-form-132378,data/cifs/mb-mp-e-form-132378.cif,-4.028309953571111,0.0
train,mb-mp-e-form-084499,data/cifs/mb-mp-e-form-084499.cif,-1.9891868093952776,0.0
train,mb-mp-e-form-041375,data/cifs/mb-mp-e-form-041375.cif,-0.584258369117647,0.0
train,mb-mp-e-form-060785,data/cifs/mb-mp-e-form-060785.cif,-1.1465968378260871,0.0
train,mb-mp-e-form-037064,data/cifs/mb-mp-e-form-037064.cif,-0.5018155604552386,0.0
train,mb-mp-e-form-045271,data/cifs/mb-mp-e-form-045271.cif,-0.6709653692857144,0.0
train,mb-mp-e-form-120132,data/cifs/mb-mp-e-form-120132.cif,-2.9171691011184224,0.0
train,mb-mp-e-form-112250,data/cifs/mb-mp-e-form-112250.cif,-2.675846984234693,0.0
train,mb-mp-e-form-070674,data/cifs/mb-mp-e-form-070674.cif,-1.5425368313636367,0.0
train,mb-mp-e-form-124725,data/cifs/mb-mp-e-form-124725.cif,-3.0894226249898624,0.0
train,mb-mp-e-form-076963,data/cifs/mb-mp-e-form-076963.cif,-1.80912830775,0.0
train,mb-mp-e-form-086106,data/cifs/mb-mp-e-form-086106.cif,-2.0356156945,0.0
train,mb-mp-e-form-049573,data/cifs/mb-mp-e-form-049573.cif,-0.7794407915000001,0.0
train,mb-mp-e-form-005735,data/cifs/mb-mp-e-form-005735.cif,0.2368823649999996,0.0
train,mb-mp-e-form-117351,data/cifs/mb-mp-e-form-117351.cif,-2.8200497152500006,0.0
train,mb-mp-e-form-073179,data/cifs/mb-mp-e-form-073179.cif,-1.662227715658204,0.0
train,mb-mp-e-form-085706,data/cifs/mb-mp-e-form-085706.cif,-2.0270662782266675,0.0
train,mb-mp-e-form-077753,data/cifs/mb-mp-e-form-077753.cif,-1.812023361596639,0.0
train,mb-mp-e-form-012235,data/cifs/mb-mp-e-form-012235.cif,0.0085927125,0.0
train,mb-mp-e-form-114340,data/cifs/mb-mp-e-form-114340.cif,-2.751227822831785,0.0
train,mb-mp-e-form-095794,data/cifs/mb-mp-e-form-095794.cif,-2.315846994318181,0.0
train,mb-mp-e-form-097442,data/cifs/mb-mp-e-form-097442.cif,-2.347829553555556,0.0
train,mb-mp-e-form-055929,data/cifs/mb-mp-e-form-055929.cif,-0.9743395283774996,0.0
train,mb-mp-e-form-120625,data/cifs/mb-mp-e-form-120625.cif,-2.9390313688099994,0.0
train,mb-mp-e-form-041007,data/cifs/mb-mp-e-form-041007.cif,-0.5806372441666667,0.0
train,mb-mp-e-form-007721,data/cifs/mb-mp-e-form-007721.cif,0.1452768537500002,0.0
train,mb-mp-e-form-107119,data/cifs/mb-mp-e-form-107119.cif,-2.565796991023809,0.0
train,mb-mp-e-form-004557,data/cifs/mb-mp-e-form-004557.cif,0.3271981050755556,0.0
train,mb-mp-e-form-101170,data/cifs/mb-mp-e-form-101170.cif,-2.44376973330357,0.0
train,mb-mp-e-form-011850,data/cifs/mb-mp-e-form-011850.cif,0.0203734743749999,0.0
train,mb-mp-e-form-113785,data/cifs/mb-mp-e-form-113785.cif,-2.7363512634975,0.0
train,mb-mp-e-form-036897,data/cifs/mb-mp-e-form-036897.cif,-0.488152241805555,0.0
train,mb-mp-e-form-065274,data/cifs/mb-mp-e-form-065274.cif,-1.3381195771874992,0.0
train,mb-mp-e-form-061258,data/cifs/mb-mp-e-form-061258.cif,-1.1662553905316095,0.0
train,mb-mp-e-form-069310,data/cifs/mb-mp-e-form-069310.cif,-1.5099079336220358,0.0
train,mb-mp-e-form-019723,data/cifs/mb-mp-e-form-019723.cif,-0.180040285,0.0
train,mb-mp-e-form-070957,data/cifs/mb-mp-e-form-070957.cif,-1.5802709585249652,0.0
train,mb-mp-e-form-069911,data/cifs/mb-mp-e-form-069911.cif,-1.5402175140625,0.0
train,mb-mp-e-form-051351,data/cifs/mb-mp-e-form-051351.cif,-0.8131356598926668,0.0
train,mb-mp-e-form-066061,data/cifs/mb-mp-e-form-066061.cif,-1.405750570818966,0.0
train,mb-mp-e-form-124223,data/cifs/mb-mp-e-form-124223.cif,-3.105629327903846,0.0
train,mb-mp-e-form-097573,data/cifs/mb-mp-e-form-097573.cif,-2.3363602072222225,0.0
train,mb-mp-e-form-078590,data/cifs/mb-mp-e-form-078590.cif,-1.8350057426562487,0.0
train,mb-mp-e-form-052337,data/cifs/mb-mp-e-form-052337.cif,-0.8580319961354168,0.0
train,mb-mp-e-form-096882,data/cifs/mb-mp-e-form-096882.cif,-2.357253226022728,0.0
train,mb-mp-e-form-006440,data/cifs/mb-mp-e-form-006440.cif,0.2142313769050012,0.0
train,mb-mp-e-form-080392,data/cifs/mb-mp-e-form-080392.cif,-1.8631907098218503,0.0
train,mb-mp-e-form-085998,data/cifs/mb-mp-e-form-085998.cif,-2.051656295595239,0.0
train,mb-mp-e-form-109111,data/cifs/mb-mp-e-form-109111.cif,-2.607453315442,0.0
train,mb-mp-e-form-027245,data/cifs/mb-mp-e-form-027245.cif,-0.3264707337301591,0.0
train,mb-mp-e-form-025557,data/cifs/mb-mp-e-form-025557.cif,-0.2968028087499998,0.0
train,mb-mp-e-form-009642,data/cifs/mb-mp-e-form-009642.cif,0.0795373083333335,0.0
train,mb-mp-e-form-029125,data/cifs/mb-mp-e-form-029125.cif,-0.3725386437499995,0.0
train,mb-mp-e-form-024153,data/cifs/mb-mp-e-form-024153.cif,-0.2810315409717868,0.0
train,mb-mp-e-form-066346,data/cifs/mb-mp-e-form-066346.cif,-1.386942447500001,0.0
train,mb-mp-e-form-110597,data/cifs/mb-mp-e-form-110597.cif,-2.6288656411904765,0.0
train,mb-mp-e-form-021383,data/cifs/mb-mp-e-form-021383.cif,-0.2274875843749993,0.0
train,mb-mp-e-form-043863,data/cifs/mb-mp-e-form-043863.cif,-0.6311430299999993,0.0
train,mb-mp-e-form-001524,data/cifs/mb-mp-e-form-001524.cif,1.1408097266933337,0.0
train,mb-mp-e-form-095417,data/cifs/mb-mp-e-form-095417.cif,-2.286641591413564,0.0
train,mb-mp-e-form-114599,data/cifs/mb-mp-e-form-114599.cif,-2.741256114523811,0.0
train,mb-mp-e-form-124801,data/cifs/mb-mp-e-form-124801.cif,-3.156582459686481,0.0
train,mb-mp-e-form-049068,data/cifs/mb-mp-e-form-049068.cif,-0.7732618297142854,0.0
train,mb-mp-e-form-081216,data/cifs/mb-mp-e-form-081216.cif,-1.8860255227777776,0.0
train,mb-mp-e-form-132069,data/cifs/mb-mp-e-form-132069.cif,-4.099859523126251,0.0
train,mb-mp-e-form-031417,data/cifs/mb-mp-e-form-031417.cif,-0.4032030624999998,0.0
train,mb-mp-e-form-048301,data/cifs/mb-mp-e-form-048301.cif,-0.7307008618385177,0.0
train,mb-mp-e-form-118746,data/cifs/mb-mp-e-form-118746.cif,-2.86389788625,0.0
train,mb-mp-e-form-036418,data/cifs/mb-mp-e-form-036418.cif,-0.481548488599999,0.0
train,mb-mp-e-form-018128,data/cifs/mb-mp-e-form-018128.cif,-0.1466491637500002,0.0
train,mb-mp-e-form-109181,data/cifs/mb-mp-e-form-109181.cif,-2.5980138507507693,0.0
train,mb-mp-e-form-046805,data/cifs/mb-mp-e-form-046805.cif,-0.6966429075000002,0.0
train,mb-mp-e-form-024971,data/cifs/mb-mp-e-form-024971.cif,-0.2880929978645839,0.0
train,mb-mp-e-form-093730,data/cifs/mb-mp-e-form-093730.cif,-2.2286659791346155,0.0
train,mb-mp-e-form-018167,data/cifs/mb-mp-e-form-018167.cif,-0.1404950038775508,0.0
train,mb-mp-e-form-050212,data/cifs/mb-mp-e-form-050212.cif,-0.8061465854237504,0.0
train,mb-mp-e-form-041760,data/cifs/mb-mp-e-form-041760.cif,-0.5801596032051282,0.0
train,mb-mp-e-form-042534,data/cifs/mb-mp-e-form-042534.cif,-0.6019100172222223,0.0
train,mb-mp-e-form-024250,data/cifs/mb-mp-e-form-024250.cif,-0.2764469309999995,0.0
train,mb-mp-e-form-026945,data/cifs/mb-mp-e-form-026945.cif,-0.3259703017622222,0.0
train,mb-mp-e-form-100840,data/cifs/mb-mp-e-form-100840.cif,-2.4410428011607146,0.0
train,mb-mp-e-form-032002,data/cifs/mb-mp-e-form-032002.cif,-0.4212796329166668,0.0
train,mb-mp-e-form-121808,data/cifs/mb-mp-e-form-121808.cif,-3.0013191675,0.0
train,mb-mp-e-form-003325,data/cifs/mb-mp-e-form-003325.cif,0.5450016796249999,0.0
train,mb-mp-e-form-091543,data/cifs/mb-mp-e-form-091543.cif,-2.196391933877552,0.0
train,mb-mp-e-form-113323,data/cifs/mb-mp-e-form-113323.cif,-2.708059993970586,0.0
train,mb-mp-e-form-060514,data/cifs/mb-mp-e-form-060514.cif,-1.1374823085312509,0.0
train,mb-mp-e-form-016768,data/cifs/mb-mp-e-form-016768.cif,-0.1019135862499993,0.0
train,mb-mp-e-form-088157,data/cifs/mb-mp-e-form-088157.cif,-2.104878629926593,0.0
train,mb-mp-e-form-106190,data/cifs/mb-mp-e-form-106190.cif,-2.547758363065477,0.0
train,mb-mp-e-form-048770,data/cifs/mb-mp-e-form-048770.cif,-0.7544958267291673,0.0
train,mb-mp-e-form-069570,data/cifs/mb-mp-e-form-069570.cif,-1.5070532161452377,0.0
train,mb-mp-e-form-092672,data/cifs/mb-mp-e-form-092672.cif,-2.22168372505,0.0
train,mb-mp-e-form-027884,data/cifs/mb-mp-e-form-027884.cif,-0.3362291887499991,0.0
train,mb-mp-e-form-106221,data/cifs/mb-mp-e-form-106221.cif,-2.5319500346800003,0.0
train,mb-mp-e-form-050297,data/cifs/mb-mp-e-form-050297.cif,-0.7855632117187497,0.0
train,mb-mp-e-form-085765,data/cifs/mb-mp-e-form-085765.cif,-2.0126679428333327,0.0
train,mb-mp-e-form-027185,data/cifs/mb-mp-e-form-027185.cif,-0.334765582624999,0.0
train,mb-mp-e-form-084636,data/cifs/mb-mp-e-form-084636.cif,-1.9791754635960004,0.0
train,mb-mp-e-form-059426,data/cifs/mb-mp-e-form-059426.cif,-1.0851728931648723,0.0
train,mb-mp-e-form-090959,data/cifs/mb-mp-e-form-090959.cif,-2.177832968125,0.0
train,mb-mp-e-form-021458,data/cifs/mb-mp-e-form-021458.cif,-0.2298650208333329,0.0
train,mb-mp-e-form-068565,data/cifs/mb-mp-e-form-068565.cif,-1.490038650340909,0.0
train,mb-mp-e-form-101539,data/cifs/mb-mp-e-form-101539.cif,-2.4332439967752104,0.0
train,mb-mp-e-form-054711,data/cifs/mb-mp-e-form-054711.cif,-0.9255167127586204,0.0
train,mb-mp-e-form-008037,data/cifs/mb-mp-e-form-008037.cif,0.1257953272321432,0.0
train,mb-mp-e-form-001142,data/cifs/mb-mp-e-form-001142.cif,1.4944575100000002,0.0
train,mb-mp-e-form-026180,data/cifs/mb-mp-e-form-026180.cif,-0.3172904462096287,0.0
train,mb-mp-e-form-115780,data/cifs/mb-mp-e-form-115780.cif,-2.814501645684999,0.0
train,mb-mp-e-form-015112,data/cifs/mb-mp-e-form-015112.cif,-0.0558712451508629,0.0
train,mb-mp-e-form-116099,data/cifs/mb-mp-e-form-116099.cif,-2.8173013563460003,0.0
train,mb-mp-e-form-094218,data/cifs/mb-mp-e-form-094218.cif,-2.2599913062882644,0.0
train,mb-mp-e-form-032554,data/cifs/mb-mp-e-form-032554.cif,-0.4241617760000004,0.0
train,mb-mp-e-form-037201,data/cifs/mb-mp-e-form-037201.cif,-0.5060402441249992,0.0
train,mb-mp-e-form-110405,data/cifs/mb-mp-e-form-110405.cif,-2.62635672125,0.0
train,mb-mp-e-form-002323,data/cifs/mb-mp-e-form-002323.cif,0.9432733965160006,0.0
train,mb-mp-e-form-039904,data/cifs/mb-mp-e-form-039904.cif,-0.5754582908333337,0.0
train,mb-mp-e-form-100968,data/cifs/mb-mp-e-form-100968.cif,-2.4321639182869994,0.0
train,mb-mp-e-form-095369,data/cifs/mb-mp-e-form-095369.cif,-2.302896502801428,0.0
train,mb-mp-e-form-009872,data/cifs/mb-mp-e-form-009872.cif,0.0621389137499992,0.0
train,mb-mp-e-form-123949,data/cifs/mb-mp-e-form-123949.cif,-3.1006907016289764,0.0
train,mb-mp-e-form-023057,data/cifs/mb-mp-e-form-023057.cif,-0.2610937774999999,0.0
train,mb-mp-e-form-115489,data/cifs/mb-mp-e-form-115489.cif,-2.78147113,0.0
train,mb-mp-e-form-062232,data/cifs/mb-mp-e-form-062232.cif,-1.2402840600781802,0.0
train,mb-mp-e-form-119730,data/cifs/mb-mp-e-form-119730.cif,-2.898313449253968,0.0
train,mb-mp-e-form-059984,data/cifs/mb-mp-e-form-059984.cif,-1.1416845002666665,0.0
train,mb-mp-e-form-125097,data/cifs/mb-mp-e-form-125097.cif,-3.133817795979286,0.0
train,mb-mp-e-form-031615,data/cifs/mb-mp-e-form-031615.cif,-0.4042054587142859,0.0
train,mb-mp-e-form-024844,data/cifs/mb-mp-e-form-024844.cif,-0.279729315,0.0
train,mb-mp-e-form-089269,data/cifs/mb-mp-e-form-089269.cif,-2.1341161163888893,0.0
train,mb-mp-e-form-046274,data/cifs/mb-mp-e-form-046274.cif,-0.6852504366666667,0.0
train,mb-mp-e-form-052651,data/cifs/mb-mp-e-form-052651.cif,-0.8492710115000002,0.0
train,mb-mp-e-form-096730,data/cifs/mb-mp-e-form-096730.cif,-2.3100484295511103,0.0
train,mb-mp-e-form-087600,data/cifs/mb-mp-e-form-087600.cif,-2.0642988513802067,0.0
train,mb-mp-e-form-112550,data/cifs/mb-mp-e-form-112550.cif,-2.6799274392084618,0.0
train,mb-mp-e-form-098880,data/cifs/mb-mp-e-form-098880.cif,-2.3989514353059995,0.0
train,mb-mp-e-form-111966,data/cifs/mb-mp-e-form-111966.cif,-2.668661217465062,0.0
train,mb-mp-e-form-022513,data/cifs/mb-mp-e-form-022513.cif,-0.2400822300000001,0.0
train,mb-mp-e-form-012437,data/cifs/mb-mp-e-form-012437.cif,-0.0004560094852947,0.0
train,mb-mp-e-form-094022,data/cifs/mb-mp-e-form-094022.cif,-2.2508956508253326,0.0
train,mb-mp-e-form-004022,data/cifs/mb-mp-e-form-004022.cif,0.3516805965,0.0
train,mb-mp-e-form-039121,data/cifs/mb-mp-e-form-039121.cif,-0.5466054025,0.0
train,mb-mp-e-form-030453,data/cifs/mb-mp-e-form-030453.cif,-0.3886210338690479,0.0
train,mb-mp-e-form-083151,data/cifs/mb-mp-e-form-083151.cif,-1.9652315915104168,0.0
train,mb-mp-e-form-089242,data/cifs/mb-mp-e-form-089242.cif,-2.135260581768334,0.0
train,mb-mp-e-form-083089,data/cifs/mb-mp-e-form-083089.cif,-1.9419600349375008,0.0
train,mb-mp-e-form-089110,data/cifs/mb-mp-e-form-089110.cif,-2.127345873860292,0.0
train,mb-mp-e-form-125262,data/cifs/mb-mp-e-form-125262.cif,-3.1497091378750013,0.0
train,mb-mp-e-form-025826,data/cifs/mb-mp-e-form-025826.cif,-0.2948865431249992,0.0
train,mb-mp-e-form-128766,data/cifs/mb-mp-e-form-128766.cif,-3.40823204575,0.0
train,mb-mp-e-form-063645,data/cifs/mb-mp-e-form-063645.cif,-1.2537076382183907,0.0
train,mb-mp-e-form-108995,data/cifs/mb-mp-e-form-108995.cif,-2.5939875749400487,0.0
train,mb-mp-e-form-088130,data/cifs/mb-mp-e-form-088130.cif,-2.10369368025,0.0
train,mb-mp-e-form-085578,data/cifs/mb-mp-e-form-085578.cif,-2.0240050016516675,0.0
train,mb-mp-e-form-032544,data/cifs/mb-mp-e-form-032544.cif,-0.4246253633333327,0.0
train,mb-mp-e-form-040991,data/cifs/mb-mp-e-form-040991.cif,-0.5896974099999994,0.0
train,mb-mp-e-form-125452,data/cifs/mb-mp-e-form-125452.cif,-3.1437248192505853,0.0
train,mb-mp-e-form-009235,data/cifs/mb-mp-e-form-009235.cif,0.0831155864999992,0.0
train,mb-mp-e-form-114589,data/cifs/mb-mp-e-form-114589.cif,-2.7500084098611115,0.0
train,mb-mp-e-form-043828,data/cifs/mb-mp-e-form-043828.cif,-0.6301839512499994,0.0
train,mb-mp-e-form-021436,data/cifs/mb-mp-e-form-021436.cif,-0.2120258781461907,0.0
train,mb-mp-e-form-079655,data/cifs/mb-mp-e-form-079655.cif,-1.841770512146668,0.0
train,mb-mp-e-form-001289,data/cifs/mb-mp-e-form-001289.cif,1.387885285,0.0
train,mb-mp-e-form-080061,data/cifs/mb-mp-e-form-080061.cif,-1.873373514871666,0.0
train,mb-mp-e-form-021912,data/cifs/mb-mp-e-form-021912.cif,-0.2386185328733331,0.0
train,mb-mp-e-form-042102,data/cifs/mb-mp-e-form-042102.cif,-0.6144601725000001,0.0
train,mb-mp-e-form-003096,data/cifs/mb-mp-e-form-003096.cif,0.5005090722222221,0.0
train,mb-mp-e-form-128268,data/cifs/mb-mp-e-form-128268.cif,-3.309405461348889,0.0
train,mb-mp-e-form-006494,data/cifs/mb-mp-e-form-006494.cif,0.1764394562499998,0.0
train,mb-mp-e-form-063337,data/cifs/mb-mp-e-form-063337.cif,-1.251232910416667,0.0
train,mb-mp-e-form-119822,data/cifs/mb-mp-e-form-119822.cif,-2.925353190625,0.0
train,mb-mp-e-form-094474,data/cifs/mb-mp-e-form-094474.cif,-2.270242216337142,0.0
train,mb-mp-e-form-029906,data/cifs/mb-mp-e-form-029906.cif,-0.3768966851724138,0.0
train,mb-mp-e-form-046418,data/cifs/mb-mp-e-form-046418.cif,-0.6840819792857141,0.0
train,mb-mp-e-form-118445,data/cifs/mb-mp-e-form-118445.cif,-2.855150516164118,0.0
train,mb-mp-e-form-003828,data/cifs/mb-mp-e-form-003828.cif,0.6050884937500003,0.0
train,mb-mp-e-form-048721,data/cifs/mb-mp-e-form-048721.cif,-0.7323253090349273,0.0
train,mb-mp-e-form-027656,data/cifs/mb-mp-e-form-027656.cif,-0.3381038308928573,0.0
train,mb-mp-e-form-053648,data/cifs/mb-mp-e-form-053648.cif,-0.8902470730809097,0.0
train,mb-mp-e-form-052770,data/cifs/mb-mp-e-form-052770.cif,-0.8551461140077642,0.0
train,mb-mp-e-form-080917,data/cifs/mb-mp-e-form-080917.cif,-1.881577242556,0.0
train,mb-mp-e-form-013498,data/cifs/mb-mp-e-form-013498.cif,-0.0271248947239996,0.0
train,mb-mp-e-form-104183,data/cifs/mb-mp-e-form-104183.cif,-2.4961732715,0.0
train,mb-mp-e-form-098333,data/cifs/mb-mp-e-form-098333.cif,-2.364851157395833,0.0
train,mb-mp-e-form-041831,data/cifs/mb-mp-e-form-041831.cif,-0.58247784875,0.0
train,mb-mp-e-form-074591,data/cifs/mb-mp-e-form-074591.cif,-1.7067996516666666,0.0
train,mb-mp-e-form-042339,data/cifs/mb-mp-e-form-042339.cif,-0.6069474531250009,0.0
train,mb-mp-e-form-077552,data/cifs/mb-mp-e-form-077552.cif,-1.799049825855264,0.0
train,mb-mp-e-form-032822,data/cifs/mb-mp-e-form-032822.cif,-0.4170221675000001,0.0
train,mb-mp-e-form-043419,data/cifs/mb-mp-e-form-043419.cif,-0.6269794292857144,0.0
train,mb-mp-e-form-046174,data/cifs/mb-mp-e-form-046174.cif,-0.6951195944062505,0.0
train,mb-mp-e-form-059101,data/cifs/mb-mp-e-form-059101.cif,-1.0949800998645327,0.0
train,mb-mp-e-form-016998,data/cifs/mb-mp-e-form-016998.cif,-0.1249604423010606,0.0
train,mb-mp-e-form-087217,data/cifs/mb-mp-e-form-087217.cif,-2.066944060000001,0.0
train,mb-mp-e-form-054048,data/cifs/mb-mp-e-form-054048.cif,-0.927522612388889,0.0
train,mb-mp-e-form-043441,data/cifs/mb-mp-e-form-043441.cif,-0.6359650783392853,0.0
train,mb-mp-e-form-032218,data/cifs/mb-mp-e-form-032218.cif,-0.4151020452559995,0.0
train,mb-mp-e-form-017938,data/cifs/mb-mp-e-form-017938.cif,-0.1366885781249998,0.0
train,mb-mp-e-form-070550,data/cifs/mb-mp-e-form-070550.cif,-1.5586566364271424,0.0
train,mb-mp-e-form-092665,data/cifs/mb-mp-e-form-092665.cif,-2.200781210257778,0.0
train,mb-mp-e-form-091336,data/cifs/mb-mp-e-form-091336.cif,-2.1833969695666657,0.0
train,mb-mp-e-form-018196,data/cifs/mb-mp-e-form-018196.cif,-0.1537561532644444,0.0
train,mb-mp-e-form-077155,data/cifs/mb-mp-e-form-077155.cif,-1.799540278476563,0.0
train,mb-mp-e-form-108874,data/cifs/mb-mp-e-form-108874.cif,-2.6064305717536627,0.0
train,mb-mp-e-form-130729,data/cifs/mb-mp-e-form-130729.cif,-3.495239656617646,0.0
train,mb-mp-e-form-086803,data/cifs/mb-mp-e-form-086803.cif,-2.065327864270833,0.0
train,mb-mp-e-form-015167,data/cifs/mb-mp-e-form-015167.cif,-0.0600773589655172,0.0
train,mb-mp-e-form-081639,data/cifs/mb-mp-e-form-081639.cif,-1.889713953103448,0.0
train,mb-mp-e-form-092042,data/cifs/mb-mp-e-form-092042.cif,-2.20049481699738,0.0
train,mb-mp-e-form-052974,data/cifs/mb-mp-e-form-052974.cif,-0.8853993644285716,0.0
train,mb-mp-e-form-026186,data/cifs/mb-mp-e-form-026186.cif,-0.3217791142984489,0.0
train,mb-mp-e-form-121163,data/cifs/mb-mp-e-form-121163.cif,-2.975409801805555,0.0
train,mb-mp-e-form-045633,data/cifs/mb-mp-e-form-045633.cif,-0.6607533930208334,0.0
train,mb-mp-e-form-124588,data/cifs/mb-mp-e-form-124588.cif,-3.1201217133585715,0.0
train,mb-mp-e-form-017794,data/cifs/mb-mp-e-form-017794.cif,-0.126788888839286,0.0
train,mb-mp-e-form-080751,data/cifs/mb-mp-e-form-080751.cif,-1.872798440555556,0.0
train,mb-mp-e-form-018469,data/cifs/mb-mp-e-form-018469.cif,-0.146025631936666,0.0
train,mb-mp-e-form-069324,data/cifs/mb-mp-e-form-069324.cif,-1.526554995833333,0.0
train,mb-mp-e-form-047199,data/cifs/mb-mp-e-form-047199.cif,-0.7074295126280349,0.0
train,mb-mp-e-form-001420,data/cifs/mb-mp-e-form-001420.cif,1.17899990625,0.0
train,mb-mp-e-form-127198,data/cifs/mb-mp-e-form-127198.cif,-3.2624969588446984,0.0
train,mb-mp-e-form-044276,data/cifs/mb-mp-e-form-044276.cif,-0.6495687133333335,0.0
train,mb-mp-e-form-085348,data/cifs/mb-mp-e-form-085348.cif,-2.0121082595833344,0.0
train,mb-mp-e-form-001205,data/cifs/mb-mp-e-form-001205.cif,1.3848374649999995,0.0
train,mb-mp-e-form-023632,data/cifs/mb-mp-e-form-023632.cif,-0.2586816750000006,0.0
train,mb-mp-e-form-014618,data/cifs/mb-mp-e-form-014618.cif,-0.0439840264583324,0.0
train,mb-mp-e-form-000233,data/cifs/mb-mp-e-form-000233.cif,2.35986801125,0.0
train,mb-mp-e-form-096960,data/cifs/mb-mp-e-form-096960.cif,-2.3394378723958327,0.0
train,mb-mp-e-form-049139,data/cifs/mb-mp-e-form-049139.cif,-0.7630068749999999,0.0
train,mb-mp-e-form-101950,data/cifs/mb-mp-e-form-101950.cif,-2.4638058332626,0.0
train,mb-mp-e-form-069288,data/cifs/mb-mp-e-form-069288.cif,-1.5212080181249998,0.0
train,mb-mp-e-form-024434,data/cifs/mb-mp-e-form-024434.cif,-0.2707135029761911,0.0
train,mb-mp-e-form-097605,data/cifs/mb-mp-e-form-097605.cif,-2.342616995437142,0.0
train,mb-mp-e-form-086091,data/cifs/mb-mp-e-form-086091.cif,-2.0593446031153846,0.0
train,mb-mp-e-form-075048,data/cifs/mb-mp-e-form-075048.cif,-1.7340640501906384,0.0
train,mb-mp-e-form-118926,data/cifs/mb-mp-e-form-118926.cif,-2.8885220147656248,0.0
train,mb-mp-e-form-022916,data/cifs/mb-mp-e-form-022916.cif,-0.2675267043750002,0.0
train,mb-mp-e-form-113809,data/cifs/mb-mp-e-form-113809.cif,-2.7314098100000006,0.0
train,mb-mp-e-form-078017,data/cifs/mb-mp-e-form-078017.cif,-1.817240109456,0.0
train,mb-mp-e-form-092929,data/cifs/mb-mp-e-form-092929.cif,-2.2410209423437504,0.0
train,mb-mp-e-form-112019,data/cifs/mb-mp-e-form-112019.cif,-2.671261723160154,0.0
train,mb-mp-e-form-085909,data/cifs/mb-mp-e-form-085909.cif,-2.0410701979559995,0.0
train,mb-mp-e-form-056952,data/cifs/mb-mp-e-form-056952.cif,-1.0311208266666678,0.0
train,mb-mp-e-form-048169,data/cifs/mb-mp-e-form-048169.cif,-0.7545945372493331,0.0
train,mb-mp-e-form-013629,data/cifs/mb-mp-e-form-013629.cif,-0.0180317407692314,0.0
train,mb-mp-e-form-020202,data/cifs/mb-mp-e-form-020202.cif,-0.1975086021758486,0.0
train,mb-mp-e-form-122274,data/cifs/mb-mp-e-form-122274.cif,-3.009534153942,0.0
train,mb-mp-e-form-112944,data/cifs/mb-mp-e-form-112944.cif,-2.708356604495614,0.0
train,mb-mp-e-form-068920,data/cifs/mb-mp-e-form-068920.cif,-1.5262745079513895,0.0
train,mb-mp-e-form-088395,data/cifs/mb-mp-e-form-088395.cif,-2.094258612692307,0.0
train,mb-mp-e-form-054696,data/cifs/mb-mp-e-form-054696.cif,-0.9069659844791672,0.0
train,mb-mp-e-form-074922,data/cifs/mb-mp-e-form-074922.cif,-1.7398171035756127,0.0
train,mb-mp-e-form-132579,data/cifs/mb-mp-e-form-132579.cif,-3.927670113906249,0.0
train,mb-mp-e-form-016182,data/cifs/mb-mp-e-form-016182.cif,-0.09486810875,0.0
train,mb-mp-e-form-026242,data/cifs/mb-mp-e-form-026242.cif,-0.3111873060000008,0.0
train,mb-mp-e-form-010289,data/cifs/mb-mp-e-form-010289.cif,0.0432513216104993,0.0
train,mb-mp-e-form-048429,data/cifs/mb-mp-e-form-048429.cif,-0.7501174120000001,0.0
train,mb-mp-e-form-062972,data/cifs/mb-mp-e-form-062972.cif,-1.2461749381666674,0.0
train,mb-mp-e-form-080863,data/cifs/mb-mp-e-form-080863.cif,-1.8942602723076924,0.0
train,mb-mp-e-form-087770,data/cifs/mb-mp-e-form-087770.cif,-2.087531033144,0.0
train,mb-mp-e-form-073461,data/cifs/mb-mp-e-form-073461.cif,-1.6771235883925,0.0
train,mb-mp-e-form-036565,data/cifs/mb-mp-e-form-036565.cif,-0.4910501083333334,0.0
train,mb-mp-e-form-040743,data/cifs/mb-mp-e-form-040743.cif,-0.5786948676388887,0.0
train,mb-mp-e-form-049561,data/cifs/mb-mp-e-form-049561.cif,-0.7818762188362067,0.0
train,mb-mp-e-form-005668,data/cifs/mb-mp-e-form-005668.cif,0.2921362000000002,0.0
train,mb-mp-e-form-129029,data/cifs/mb-mp-e-form-129029.cif,-3.3941987999537027,0.0
train,mb-mp-e-form-114717,data/cifs/mb-mp-e-form-114717.cif,-2.7442619677025,0.0
train,mb-mp-e-form-012214,data/cifs/mb-mp-e-form-012214.cif,0.0,0.0
train,mb-mp-e-form-038876,data/cifs/mb-mp-e-form-038876.cif,-0.531889217499999,0.0
train,mb-mp-e-form-058927,data/cifs/mb-mp-e-form-058927.cif,-1.087712699285714,0.0
train,mb-mp-e-form-026756,data/cifs/mb-mp-e-form-026756.cif,-0.3199568641666666,0.0
train,mb-mp-e-form-070467,data/cifs/mb-mp-e-form-070467.cif,-1.571758374448,0.0
train,mb-mp-e-form-008792,data/cifs/mb-mp-e-form-008792.cif,0.1063033941145832,0.0
train,mb-mp-e-form-075654,data/cifs/mb-mp-e-form-075654.cif,-1.7172360676041667,0.0
train,mb-mp-e-form-100185,data/cifs/mb-mp-e-form-100185.cif,-2.40481318975,0.0
train,mb-mp-e-form-001474,data/cifs/mb-mp-e-form-001474.cif,1.2129603250000005,0.0
train,mb-mp-e-form-047000,data/cifs/mb-mp-e-form-047000.cif,-0.7112583700000001,0.0
train,mb-mp-e-form-044418,data/cifs/mb-mp-e-form-044418.cif,-0.6594537733333325,0.0
train,mb-mp-e-form-075638,data/cifs/mb-mp-e-form-075638.cif,-1.7210581235406406,0.0
train,mb-mp-e-form-035316,data/cifs/mb-mp-e-form-035316.cif,-0.4652603082500007,0.0
train,mb-mp-e-form-035084,data/cifs/mb-mp-e-form-035084.cif,-0.4754050737500002,0.0
train,mb-mp-e-form-014048,data/cifs/mb-mp-e-form-014048.cif,-0.0432103483333327,0.0
train,mb-mp-e-form-062310,data/cifs/mb-mp-e-form-062310.cif,-1.2274717198749132,0.0
train,mb-mp-e-form-115335,data/cifs/mb-mp-e-form-115335.cif,-2.7631350131249994,0.0
train,mb-mp-e-form-032855,data/cifs/mb-mp-e-form-032855.cif,-0.4198109572500001,0.0
train,mb-mp-e-form-033197,data/cifs/mb-mp-e-form-033197.cif,-0.4367116117500004,0.0
train,mb-mp-e-form-113526,data/cifs/mb-mp-e-form-113526.cif,-2.712892093948333,0.0
train,mb-mp-e-form-025567,data/cifs/mb-mp-e-form-025567.cif,-0.2931587599999998,0.0
train,mb-mp-e-form-011474,data/cifs/mb-mp-e-form-011474.cif,0.0194001456250001,0.0
train,mb-mp-e-form-100974,data/cifs/mb-mp-e-form-100974.cif,-2.436083235231567,0.0
train,mb-mp-e-form-075199,data/cifs/mb-mp-e-form-075199.cif,-1.7334300765141422,0.0
train,mb-mp-e-form-128835,data/cifs/mb-mp-e-form-128835.cif,-3.4184595213484825,0.0
train,mb-mp-e-form-097252,data/cifs/mb-mp-e-form-097252.cif,-2.3573556977282,0.0
train,mb-mp-e-form-015575,data/cifs/mb-mp-e-form-015575.cif,-0.0696752175000003,0.0
train,mb-mp-e-form-012470,data/cifs/mb-mp-e-form-012470.cif,-0.005379020643125,0.0
train,mb-mp-e-form-010330,data/cifs/mb-mp-e-form-010330.cif,0.0465675420833333,0.0
train,mb-mp-e-form-091949,data/cifs/mb-mp-e-form-091949.cif,-2.204574308545918,0.0
train,mb-mp-e-form-126979,data/cifs/mb-mp-e-form-126979.cif,-3.2575725237362665,0.0
train,mb-mp-e-form-092131,data/cifs/mb-mp-e-form-092131.cif,-2.2040307833300004,0.0
train,mb-mp-e-form-075053,data/cifs/mb-mp-e-form-075053.cif,-1.7333794341666664,0.0
train,mb-mp-e-form-101475,data/cifs/mb-mp-e-form-101475.cif,-2.4429980188214286,0.0
train,mb-mp-e-form-073623,data/cifs/mb-mp-e-form-073623.cif,-1.6635869755555557,0.0
train,mb-mp-e-form-025386,data/cifs/mb-mp-e-form-025386.cif,-0.2983486097830591,0.0
train,mb-mp-e-form-017364,data/cifs/mb-mp-e-form-017364.cif,-0.1225411644047613,0.0
train,mb-mp-e-form-010213,data/cifs/mb-mp-e-form-010213.cif,0.0437828133333333,0.0
train,mb-mp-e-form-105185,data/cifs/mb-mp-e-form-105185.cif,-2.51119703875,0.0
train,mb-mp-e-form-095142,data/cifs/mb-mp-e-form-095142.cif,-2.306013167306452,0.0
train,mb-mp-e-form-028229,data/cifs/mb-mp-e-form-028229.cif,-0.3463329706387495,0.0
train,mb-mp-e-form-003415,data/cifs/mb-mp-e-form-003415.cif,0.6456605728125,0.0
train,mb-mp-e-form-009910,data/cifs/mb-mp-e-form-009910.cif,0.0656061700000001,0.0
train,mb-mp-e-form-022612,data/cifs/mb-mp-e-form-022612.cif,-0.2314091149999999,0.0
train,mb-mp-e-form-003233,data/cifs/mb-mp-e-form-003233.cif,0.5560198464999999,0.0
train,mb-mp-e-form-084154,data/cifs/mb-mp-e-form-084154.cif,-1.9962525667956523,0.0
train,mb-mp-e-form-075347,data/cifs/mb-mp-e-form-075347.cif,-1.7205087221428568,0.0
train,mb-mp-e-form-014751,data/cifs/mb-mp-e-form-014751.cif,-0.0460180545233335,0.0
train,mb-mp-e-form-009390,data/cifs/mb-mp-e-form-009390.cif,0.08317447128,0.0
train,mb-mp-e-form-035257,data/cifs/mb-mp-e-form-035257.cif,-0.46408593,0.0
train,mb-mp-e-form-129381,data/cifs/mb-mp-e-form-129381.cif,-3.469650971568667,0.0
train,mb-mp-e-form-014726,data/cifs/mb-mp-e-form-014726.cif,-0.0421359643103443,0.0
train,mb-mp-e-form-013834,data/cifs/mb-mp-e-form-013834.cif,-0.0245712816666658,0.0
train,mb-mp-e-form-115747,data/cifs/mb-mp-e-form-115747.cif,-2.7754561583333337,0.0
train,mb-mp-e-form-033473,data/cifs/mb-mp-e-form-033473.cif,-0.438007954166667,0.0
train,mb-mp-e-form-054448,data/cifs/mb-mp-e-form-054448.cif,-0.9281810112500004,0.0
train,mb-mp-e-form-010659,data/cifs/mb-mp-e-form-010659.cif,0.0388109449999998,0.0
train,mb-mp-e-form-012496,data/cifs/mb-mp-e-form-012496.cif,-0.0014211385714284,0.0
train,mb-mp-e-form-084125,data/cifs/mb-mp-e-form-084125.cif,-1.9752563567857149,0.0
train,mb-mp-e-form-085103,data/cifs/mb-mp-e-form-085103.cif,-2.030380747620968,0.0
train,mb-mp-e-form-095999,data/cifs/mb-mp-e-form-095999.cif,-2.3149495666250006,0.0
train,mb-mp-e-form-010351,data/cifs/mb-mp-e-form-010351.cif,0.0438129162500002,0.0
train,mb-mp-e-form-101719,data/cifs/mb-mp-e-form-101719.cif,-2.4364388968412114,0.0
train,mb-mp-e-form-103368,data/cifs/mb-mp-e-form-103368.cif,-2.4779646498214283,0.0
train,mb-mp-e-form-090383,data/cifs/mb-mp-e-form-090383.cif,-2.1697828811076185,0.0
train,mb-mp-e-form-027497,data/cifs/mb-mp-e-form-027497.cif,-0.3325520132291668,0.0
train,mb-mp-e-form-036714,data/cifs/mb-mp-e-form-036714.cif,-0.4880474195751723,0.0
train,mb-mp-e-form-024773,data/cifs/mb-mp-e-form-024773.cif,-0.2850356427142856,0.0
train,mb-mp-e-form-015759,data/cifs/mb-mp-e-form-015759.cif,-0.0765601999999988,0.0
train,mb-mp-e-form-089423,data/cifs/mb-mp-e-form-089423.cif,-2.141741860324735,0.0
train,mb-mp-e-form-034439,data/cifs/mb-mp-e-form-034439.cif,-0.4560711558333328,0.0
train,mb-mp-e-form-125415,data/cifs/mb-mp-e-form-125415.cif,-3.173354583452382,0.0
train,mb-mp-e-form-095925,data/cifs/mb-mp-e-form-095925.cif,-2.327050089583333,0.0
train,mb-mp-e-form-024571,data/cifs/mb-mp-e-form-024571.cif,-0.2743801370689655,0.0
train,mb-mp-e-form-131391,data/cifs/mb-mp-e-form-131391.cif,-3.67012872809,0.0
train,mb-mp-e-form-053006,data/cifs/mb-mp-e-form-053006.cif,-0.8906549851302087,0.0
train,mb-mp-e-form-067416,data/cifs/mb-mp-e-form-067416.cif,-1.4323593384559996,0.0
train,mb-mp-e-form-077503,data/cifs/mb-mp-e-form-077503.cif,-1.782774356336807,0.0
train,mb-mp-e-form-006576,data/cifs/mb-mp-e-form-006576.cif,0.1972152381249996,0.0
train,mb-mp-e-form-131416,data/cifs/mb-mp-e-form-131416.cif,-3.781317630582999,0.0
train,mb-mp-e-form-080854,data/cifs/mb-mp-e-form-080854.cif,-1.891579224722223,0.0
train,mb-mp-e-form-030779,data/cifs/mb-mp-e-form-030779.cif,-0.3853229443749999,0.0
train,mb-mp-e-form-124537,data/cifs/mb-mp-e-form-124537.cif,-3.114117977857142,0.0
train,mb-mp-e-form-118613,data/cifs/mb-mp-e-form-118613.cif,-2.863131609654117,0.0
train,mb-mp-e-form-075179,data/cifs/mb-mp-e-form-075179.cif,-1.7273806396146674,0.0
train,mb-mp-e-form-095187,data/cifs/mb-mp-e-form-095187.cif,-2.29865680497093,0.0
train,mb-mp-e-form-124282,data/cifs/mb-mp-e-form-124282.cif,-3.0782354583925,0.0
train,mb-mp-e-form-102818,data/cifs/mb-mp-e-form-102818.cif,-2.46769656975,0.0
train,mb-mp-e-form-095960,data/cifs/mb-mp-e-form-095960.cif,-2.3293118540715385,0.0
train,mb-mp-e-form-106685,data/cifs/mb-mp-e-form-106685.cif,-2.531113144801587,0.0
train,mb-mp-e-form-032457,data/cifs/mb-mp-e-form-032457.cif,-0.4253005270000002,0.0
train,mb-mp-e-form-067568,data/cifs/mb-mp-e-form-067568.cif,-1.4380018896451845,0.0
train,mb-mp-e-form-024159,data/cifs/mb-mp-e-form-024159.cif,-0.2811412070689649,0.0
train,mb-mp-e-form-052891,data/cifs/mb-mp-e-form-052891.cif,-0.896781915,0.0
train,mb-mp-e-form-112136,data/cifs/mb-mp-e-form-112136.cif,-2.66914086349624,0.0
train,mb-mp-e-form-080163,data/cifs/mb-mp-e-form-080163.cif,-1.8613371566225,0.0
train,mb-mp-e-form-034955,data/cifs/mb-mp-e-form-034955.cif,-0.4675971750000002,0.0
train,mb-mp-e-form-101327,data/cifs/mb-mp-e-form-101327.cif,-2.432686472424812,0.0
train,mb-mp-e-form-004446,data/cifs/mb-mp-e-form-004446.cif,0.3656722600000011,0.0
train,mb-mp-e-form-000291,data/cifs/mb-mp-e-form-000291.cif,1.5434399649999997,0.0
train,mb-mp-e-form-007464,data/cifs/mb-mp-e-form-007464.cif,0.150564212777778,0.0
train,mb-mp-e-form-006264,data/cifs/mb-mp-e-form-006264.cif,0.1832407749999998,0.0
train,mb-mp-e-form-045061,data/cifs/mb-mp-e-form-045061.cif,-0.6628350674999997,0.0
train,mb-mp-e-form-072491,data/cifs/mb-mp-e-form-072491.cif,-1.6140854245916028,0.0
train,mb-mp-e-form-128582,data/cifs/mb-mp-e-form-128582.cif,-3.361639495552083,0.0
train,mb-mp-e-form-040300,data/cifs/mb-mp-e-form-040300.cif,-0.5675056220273111,0.0
train,mb-mp-e-form-005761,data/cifs/mb-mp-e-form-005761.cif,0.24510127881,0.0
train,mb-mp-e-form-058428,data/cifs/mb-mp-e-form-058428.cif,-1.0456713575000007,0.0
train,mb-mp-e-form-032633,data/cifs/mb-mp-e-form-032633.cif,-0.4209913119999996,0.0
train,mb-mp-e-form-123984,data/cifs/mb-mp-e-form-123984.cif,-3.1204357854999984,0.0
train,mb-mp-e-form-108449,data/cifs/mb-mp-e-form-108449.cif,-2.593688227427392,0.0
train,mb-mp-e-form-096719,data/cifs/mb-mp-e-form-096719.cif,-2.326838744726563,0.0
train,mb-mp-e-form-047472,data/cifs/mb-mp-e-form-047472.cif,-0.7244974132142856,0.0
train,mb-mp-e-form-092904,data/cifs/mb-mp-e-form-092904.cif,-2.2398389480833343,0.0
train,mb-mp-e-form-008796,data/cifs/mb-mp-e-form-008796.cif,0.1042127700000001,0.0
train,mb-mp-e-form-050713,data/cifs/mb-mp-e-form-050713.cif,-0.8078467227083337,0.0
train,mb-mp-e-form-020955,data/cifs/mb-mp-e-form-020955.cif,-0.2098222408333333,0.0
train,mb-mp-e-form-047913,data/cifs/mb-mp-e-form-047913.cif,-0.7362324473214292,0.0
train,mb-mp-e-form-048263,data/cifs/mb-mp-e-form-048263.cif,-0.7362904614285719,0.0
train,mb-mp-e-form-024688,data/cifs/mb-mp-e-form-024688.cif,-0.2771992357142859,0.0
train,mb-mp-e-form-041266,data/cifs/mb-mp-e-form-041266.cif,-0.5930918474999997,0.0
train,mb-mp-e-form-027614,data/cifs/mb-mp-e-form-027614.cif,-0.3376195916666666,0.0
train,mb-mp-e-form-079513,data/cifs/mb-mp-e-form-079513.cif,-1.839585741272308,0.0
train,mb-mp-e-form-096644,data/cifs/mb-mp-e-form-096644.cif,-2.322097197301586,0.0
train,mb-mp-e-form-040963,data/cifs/mb-mp-e-form-040963.cif,-0.5946152891666667,0.0
train,mb-mp-e-form-113148,data/cifs/mb-mp-e-form-113148.cif,-2.718625201136364,0.0
train,mb-mp-e-form-132420,data/cifs/mb-mp-e-form-132420.cif,-3.9247116231266665,0.0
train,mb-mp-e-form-110136,data/cifs/mb-mp-e-form-110136.cif,-2.624913205625,0.0
train,mb-mp-e-form-015361,data/cifs/mb-mp-e-form-015361.cif,-0.0688103699999997,0.0
train,mb-mp-e-form-123782,data/cifs/mb-mp-e-form-123782.cif,-3.0950615318402783,0.0
train,mb-mp-e-form-057368,data/cifs/mb-mp-e-form-057368.cif,-1.0049781443214296,0.0
train,mb-mp-e-form-053292,data/cifs/mb-mp-e-form-053292.cif,-0.8921411792250005,0.0
train,mb-mp-e-form-118519,data/cifs/mb-mp-e-form-118519.cif,-2.8709171130921063,0.0
train,mb-mp-e-form-041216,data/cifs/mb-mp-e-form-041216.cif,-0.5918460914322908,0.0
train,mb-mp-e-form-040805,data/cifs/mb-mp-e-form-040805.cif,-0.5657073062499993,0.0
train,mb-mp-e-form-083005,data/cifs/mb-mp-e-form-083005.cif,-1.9655969593668825,0.0
train,mb-mp-e-form-109275,data/cifs/mb-mp-e-form-109275.cif,-2.60787587932143,0.0
train,mb-mp-e-form-006468,data/cifs/mb-mp-e-form-006468.cif,0.2166171467753577,0.0
train,mb-mp-e-form-118717,data/cifs/mb-mp-e-form-118717.cif,-2.860097332783334,0.0
train,mb-mp-e-form-045594,data/cifs/mb-mp-e-form-045594.cif,-0.6688515398214291,0.0
train,mb-mp-e-form-066174,data/cifs/mb-mp-e-form-066174.cif,-1.3857564162419995,0.0
train,mb-mp-e-form-057172,data/cifs/mb-mp-e-form-057172.cif,-1.0403116946428943,0.0
train,mb-mp-e-form-087104,data/cifs/mb-mp-e-form-087104.cif,-2.085939874027778,0.0
train,mb-mp-e-form-090133,data/cifs/mb-mp-e-form-090133.cif,-2.169534447142856,0.0
train,mb-mp-e-form-006155,data/cifs/mb-mp-e-form-006155.cif,0.1785316006249999,0.0
train,mb-mp-e-form-049451,data/cifs/mb-mp-e-form-049451.cif,-0.7774270475000004,0.0
train,mb-mp-e-form-078058,data/cifs/mb-mp-e-form-078058.cif,-1.81887620381,0.0
train,mb-mp-e-form-026885,data/cifs/mb-mp-e-form-026885.cif,-0.3200342829999997,0.0
train,mb-mp-e-form-023775,data/cifs/mb-mp-e-form-023775.cif,-0.2695831424999992,0.0
train,mb-mp-e-form-107175,data/cifs/mb-mp-e-form-107175.cif,-2.550388868230519,0.0
train,mb-mp-e-form-086204,data/cifs/mb-mp-e-form-086204.cif,-2.0374544076055203,0.0
train,mb-mp-e-form-068186,data/cifs/mb-mp-e-form-068186.cif,-1.466826538312593,0.0
train,mb-mp-e-form-120689,data/cifs/mb-mp-e-form-120689.cif,-2.944074494166666,0.0
train,mb-mp-e-form-002152,data/cifs/mb-mp-e-form-002152.cif,0.995998335,0.0
train,mb-mp-e-form-052726,data/cifs/mb-mp-e-form-052726.cif,-0.8608513670312503,0.0
train,mb-mp-e-form-024463,data/cifs/mb-mp-e-form-024463.cif,-0.2812163574999999,0.0
train,mb-mp-e-form-108362,data/cifs/mb-mp-e-form-108362.cif,-2.592702980288462,0.0
train,mb-mp-e-form-062247,data/cifs/mb-mp-e-form-062247.cif,-1.2369399721874998,0.0
train,mb-mp-e-form-128233,data/cifs/mb-mp-e-form-128233.cif,-3.349936385506332,0.0
train,mb-mp-e-form-038319,data/cifs/mb-mp-e-form-038319.cif,-0.5176308085371427,0.0
train,mb-mp-e-form-112552,data/cifs/mb-mp-e-form-112552.cif,-2.688055107415713,0.0
train,mb-mp-e-form-126871,data/cifs/mb-mp-e-form-126871.cif,-3.272990553601516,0.0
train,mb-mp-e-form-084383,data/cifs/mb-mp-e-form-084383.cif,-1.9910785904090904,0.0
train,mb-mp-e-form-072557,data/cifs/mb-mp-e-form-072557.cif,-1.6232386784999997,0.0
train,mb-mp-e-form-129685,data/cifs/mb-mp-e-form-129685.cif,-3.39493440195,0.0
train,mb-mp-e-form-004043,data/cifs/mb-mp-e-form-004043.cif,0.3240180862500001,0.0
train,mb-mp-e-form-030277,data/cifs/mb-mp-e-form-030277.cif,-0.3817901148995527,0.0
train,mb-mp-e-form-077283,data/cifs/mb-mp-e-form-077283.cif,-1.789650365785198,0.0
train,mb-mp-e-form-013637,data/cifs/mb-mp-e-form-013637.cif,-0.0101053857692308,0.0
train,mb-mp-e-form-073793,data/cifs/mb-mp-e-form-073793.cif,-1.66223967675,0.0
train,mb-mp-e-form-033201,data/cifs/mb-mp-e-form-033201.cif,-0.4429658274964083,0.0
train,mb-mp-e-form-065899,data/cifs/mb-mp-e-form-065899.cif,-1.3824707989285716,0.0
train,mb-mp-e-form-116605,data/cifs/mb-mp-e-form-116605.cif,-2.7903492646541177,0.0
train,mb-mp-e-form-102098,data/cifs/mb-mp-e-form-102098.cif,-2.4590264877785715,0.0
train,mb-mp-e-form-124503,data/cifs/mb-mp-e-form-124503.cif,-3.0986422510833336,0.0
train,mb-mp-e-form-040803,data/cifs/mb-mp-e-form-040803.cif,-0.5754125274999993,0.0
train,mb-mp-e-form-054910,data/cifs/mb-mp-e-form-054910.cif,-0.9447382581770836,0.0
train,mb-mp-e-form-009151,data/cifs/mb-mp-e-form-009151.cif,0.0649252862500002,0.0
train,mb-mp-e-form-095997,data/cifs/mb-mp-e-form-095997.cif,-2.3247593999032743,0.0
train,mb-mp-e-form-122024,data/cifs/mb-mp-e-form-122024.cif,-2.9896988721590905,0.0
train,mb-mp-e-form-035476,data/cifs/mb-mp-e-form-035476.cif,-0.4783036113095242,0.0
train,mb-mp-e-form-090277,data/cifs/mb-mp-e-form-090277.cif,-2.152454327135417,0.0
train,mb-mp-e-form-035416,data/cifs/mb-mp-e-form-035416.cif,-0.4674343289211314,0.0
train,mb-mp-e-form-081332,data/cifs/mb-mp-e-form-081332.cif,-1.9095964142500008,0.0
train,mb-mp-e-form-081213,data/cifs/mb-mp-e-form-081213.cif,-1.886960382083333,0.0
train,mb-mp-e-form-105871,data/cifs/mb-mp-e-form-105871.cif,-2.540860531380952,0.0
train,mb-mp-e-form-045971,data/cifs/mb-mp-e-form-045971.cif,-0.6896886720833333,0.0
train,mb-mp-e-form-120761,data/cifs/mb-mp-e-form-120761.cif,-2.984738734591837,0.0
train,mb-mp-e-form-040526,data/cifs/mb-mp-e-form-040526.cif,-0.5773213411111104,0.0
train,mb-mp-e-form-013803,data/cifs/mb-mp-e-form-013803.cif,-0.0115687693749997,0.0
train,mb-mp-e-form-082882,data/cifs/mb-mp-e-form-082882.cif,-1.959991991249999,0.0
train,mb-mp-e-form-016362,data/cifs/mb-mp-e-form-016362.cif,-0.0942256062499993,0.0
train,mb-mp-e-form-092807,data/cifs/mb-mp-e-form-092807.cif,-2.2304804412499992,0.0
train,mb-mp-e-form-030770,data/cifs/mb-mp-e-form-030770.cif,-0.3879526962500002,0.0
train,mb-mp-e-form-006354,data/cifs/mb-mp-e-form-006354.cif,0.1841661625000001,0.0
train,mb-mp-e-form-005525,data/cifs/mb-mp-e-form-005525.cif,0.2861110761637926,0.0
train,mb-mp-e-form-096681,data/cifs/mb-mp-e-form-096681.cif,-2.330405916984127,0.0
train,mb-mp-e-form-056635,data/cifs/mb-mp-e-form-056635.cif,-0.9715169888571432,0.0
train,mb-mp-e-form-094742,data/cifs/mb-mp-e-form-094742.cif,-2.2680455468269227,0.0
train,mb-mp-e-form-123125,data/cifs/mb-mp-e-form-123125.cif,-3.061937364886364,0.0
train,mb-mp-e-form-079692,data/cifs/mb-mp-e-form-079692.cif,-1.842206446634285,0.0
train,mb-mp-e-form-129633,data/cifs/mb-mp-e-form-129633.cif,-3.47161865444728,0.0
train,mb-mp-e-form-030190,data/cifs/mb-mp-e-form-030190.cif,-0.3896478427450988,0.0
train,mb-mp-e-form-016953,data/cifs/mb-mp-e-form-016953.cif,-0.1118993002083333,0.0
train,mb-mp-e-form-027762,data/cifs/mb-mp-e-form-027762.cif,-0.3371243299999999,0.0
train,mb-mp-e-form-055261,data/cifs/mb-mp-e-form-055261.cif,-0.941668217875,0.0
train,mb-mp-e-form-081484,data/cifs/mb-mp-e-form-081484.cif,-1.9084793952193104,0.0
train,mb-mp-e-form-057514,data/cifs/mb-mp-e-form-057514.cif,-1.0126239198571425,0.0
train,mb-mp-e-form-113411,data/cifs/mb-mp-e-form-113411.cif,-2.6977280207933334,0.0
train,mb-mp-e-form-122726,data/cifs/mb-mp-e-form-122726.cif,-2.9983400387500003,0.0
train,mb-mp-e-form-027543,data/cifs/mb-mp-e-form-027543.cif,-0.3238890142968751,0.0
train,mb-mp-e-form-006929,data/cifs/mb-mp-e-form-006929.cif,0.1404265966666678,0.0
train,mb-mp-e-form-004481,data/cifs/mb-mp-e-form-004481.cif,0.3634639675000004,0.0
train,mb-mp-e-form-008077,data/cifs/mb-mp-e-form-008077.cif,0.1105495761745691,0.0
train,mb-mp-e-form-001201,data/cifs/mb-mp-e-form-001201.cif,1.1101257475,0.0
train,mb-mp-e-form-026867,data/cifs/mb-mp-e-form-026867.cif,-0.3060615393750003,0.0
train,mb-mp-e-form-099177,data/cifs/mb-mp-e-form-099177.cif,-2.3818109260105365,0.0
train,mb-mp-e-form-113248,data/cifs/mb-mp-e-form-113248.cif,-2.708303621866882,0.0
train,mb-mp-e-form-106199,data/cifs/mb-mp-e-form-106199.cif,-2.547063316734694,0.0
train,mb-mp-e-form-069681,data/cifs/mb-mp-e-form-069681.cif,-1.5088032167382763,0.0
train,mb-mp-e-form-119135,data/cifs/mb-mp-e-form-119135.cif,-2.907064015243056,0.0
train,mb-mp-e-form-021717,data/cifs/mb-mp-e-form-021717.cif,-0.2186200287499981,0.0
train,mb-mp-e-form-057950,data/cifs/mb-mp-e-form-057950.cif,-1.0718546374999995,0.0
train,mb-mp-e-form-017278,data/cifs/mb-mp-e-form-017278.cif,-0.1147180968518523,0.0
train,mb-mp-e-form-036943,data/cifs/mb-mp-e-form-036943.cif,-0.5131330433333344,0.0
train,mb-mp-e-form-041823,data/cifs/mb-mp-e-form-041823.cif,-0.5950700181249999,0.0
train,mb-mp-e-form-047168,data/cifs/mb-mp-e-form-047168.cif,-0.7290690750000005,0.0
train,mb-mp-e-form-077828,data/cifs/mb-mp-e-form-077828.cif,-1.8323092729464283,0.0
train,mb-mp-e-form-118117,data/cifs/mb-mp-e-form-118117.cif,-2.87679421625,0.0
train,mb-mp-e-form-096180,data/cifs/mb-mp-e-form-096180.cif,-2.3343246975382663,0.0
train,mb-mp-e-form-042494,data/cifs/mb-mp-e-form-042494.cif,-0.6145107433333329,0.0
train,mb-mp-e-form-038971,data/cifs/mb-mp-e-form-038971.cif,-0.5531251506666663,0.0
train,mb-mp-e-form-111244,data/cifs/mb-mp-e-form-111244.cif,-2.656834461583334,0.0
train,mb-mp-e-form-000877,data/cifs/mb-mp-e-form-000877.cif,1.6575095052500004,0.0
train,mb-mp-e-form-002841,data/cifs/mb-mp-e-form-002841.cif,0.8756142887500005,0.0
train,mb-mp-e-form-046094,data/cifs/mb-mp-e-form-046094.cif,-0.6904714786538466,0.0
train,mb-mp-e-form-015524,data/cifs/mb-mp-e-form-015524.cif,-0.0723413392307704,0.0
train,mb-mp-e-form-031229,data/cifs/mb-mp-e-form-031229.cif,-0.3952647911363625,0.0
train,mb-mp-e-form-031963,data/cifs/mb-mp-e-form-031963.cif,-0.4211316266666666,0.0
train,mb-mp-e-form-032196,data/cifs/mb-mp-e-form-032196.cif,-0.4175543797833327,0.0
train,mb-mp-e-form-017632,data/cifs/mb-mp-e-form-017632.cif,-0.1199480249999993,0.0
train,mb-mp-e-form-067491,data/cifs/mb-mp-e-form-067491.cif,-1.4479251360014287,0.0
train,mb-mp-e-form-028482,data/cifs/mb-mp-e-form-028482.cif,-0.355164656197917,0.0
train,mb-mp-e-form-068003,data/cifs/mb-mp-e-form-068003.cif,-1.466916376153846,0.0
train,mb-mp-e-form-022040,data/cifs/mb-mp-e-form-022040.cif,-0.235784445,0.0
train,mb-mp-e-form-115320,data/cifs/mb-mp-e-form-115320.cif,-2.7618547437350003,0.0
train,mb-mp-e-form-055690,data/cifs/mb-mp-e-form-055690.cif,-0.956664188724001,0.0
train,mb-mp-e-form-043707,data/cifs/mb-mp-e-form-043707.cif,-0.6260310833854168,0.0
train,mb-mp-e-form-080541,data/cifs/mb-mp-e-form-080541.cif,-1.875649704821429,0.0
train,mb-mp-e-form-016554,data/cifs/mb-mp-e-form-016554.cif,-0.0965942416666667,0.0
train,mb-mp-e-form-008849,data/cifs/mb-mp-e-form-008849.cif,0.1081230379166668,0.0
train,mb-mp-e-form-020225,data/cifs/mb-mp-e-form-020225.cif,-0.190361878750001,0.0
train,mb-mp-e-form-002332,data/cifs/mb-mp-e-form-002332.cif,0.8440935447888896,0.0
train,mb-mp-e-form-077067,data/cifs/mb-mp-e-form-077067.cif,-1.7843011176054653,0.0
train,mb-mp-e-form-061941,data/cifs/mb-mp-e-form-061941.cif,-1.2265679293533325,0.0
train,mb-mp-e-form-026173,data/cifs/mb-mp-e-form-026173.cif,-0.3215616783971435,0.0
train,mb-mp-e-form-124365,data/cifs/mb-mp-e-form-124365.cif,-3.100514155175,0.0
train,mb-mp-e-form-093414,data/cifs/mb-mp-e-form-093414.cif,-2.2459983745918373,0.0
train,mb-mp-e-form-065136,data/cifs/mb-mp-e-form-065136.cif,-1.3459672515192609,0.0
train,mb-mp-e-form-034067,data/cifs/mb-mp-e-form-034067.cif,-0.4600435650000002,0.0
train,mb-mp-e-form-032888,data/cifs/mb-mp-e-form-032888.cif,-0.4113882774999999,0.0
train,mb-mp-e-form-048323,data/cifs/mb-mp-e-form-048323.cif,-0.7533020712500006,0.0
train,mb-mp-e-form-017483,data/cifs/mb-mp-e-form-017483.cif,-0.1293600771052632,0.0
train,mb-mp-e-form-000810,data/cifs/mb-mp-e-form-000810.cif,2.4155650375,0.0
train,mb-mp-e-form-003762,data/cifs/mb-mp-e-form-003762.cif,0.6502706387500012,0.0
train,mb-mp-e-form-130210,data/cifs/mb-mp-e-form-130210.cif,-3.557170011765834,0.0
train,mb-mp-e-form-004354,data/cifs/mb-mp-e-form-004354.cif,0.3908600990233335,0.0
train,mb-mp-e-form-111120,data/cifs/mb-mp-e-form-111120.cif,-2.65390685369738,0.0
train,mb-mp-e-form-015006,data/cifs/mb-mp-e-form-015006.cif,-0.0748432378571429,0.0
train,mb-mp-e-form-086887,data/cifs/mb-mp-e-form-086887.cif,-2.083984838556,0.0
train,mb-mp-e-form-125105,data/cifs/mb-mp-e-form-125105.cif,-3.130896698414892,0.0
train,mb-mp-e-form-003371,data/cifs/mb-mp-e-form-003371.cif,0.5336966456250014,0.0
train,mb-mp-e-form-051074,data/cifs/mb-mp-e-form-051074.cif,-0.8127425402413792,0.0
train,mb-mp-e-form-057846,data/cifs/mb-mp-e-form-057846.cif,-1.026252927779999,0.0
train,mb-mp-e-form-045241,data/cifs/mb-mp-e-form-045241.cif,-0.6776001055555554,0.0
train,mb-mp-e-form-021229,data/cifs/mb-mp-e-form-021229.cif,-0.2297163564999998,0.0
train,mb-mp-e-form-127190,data/cifs/mb-mp-e-form-127190.cif,-3.286350721734693,0.0
train,mb-mp-e-form-016758,data/cifs/mb-mp-e-form-016758.cif,-0.0878327196428573,0.0
train,mb-mp-e-form-062929,data/cifs/mb-mp-e-form-062929.cif,-1.2557291898124987,0.0
train,mb-mp-e-form-092700,data/cifs/mb-mp-e-form-092700.cif,-2.219909366598572,0.0
train,mb-mp-e-form-059929,data/cifs/mb-mp-e-form-059929.cif,-1.1526743180357144,0.0
train,mb-mp-e-form-038069,data/cifs/mb-mp-e-form-038069.cif,-0.5222199774285708,0.0
train,mb-mp-e-form-122170,data/cifs/mb-mp-e-form-122170.cif,-3.00962973775,0.0
train,mb-mp-e-form-085665,data/cifs/mb-mp-e-form-085665.cif,-2.0243844920408165,0.0
train,mb-mp-e-form-035294,data/cifs/mb-mp-e-form-035294.cif,-0.4791446226666664,0.0
train,mb-mp-e-form-024415,data/cifs/mb-mp-e-form-024415.cif,-0.2711040685937516,0.0
train,mb-mp-e-form-056175,data/cifs/mb-mp-e-form-056175.cif,-0.9852113770979998,0.0
train,mb-mp-e-form-044009,data/cifs/mb-mp-e-form-044009.cif,-0.6400563312500003,0.0
train,mb-mp-e-form-043239,data/cifs/mb-mp-e-form-043239.cif,-0.6331118218553852,0.0
train,mb-mp-e-form-083365,data/cifs/mb-mp-e-form-083365.cif,-1.943928666845,0.0
train,mb-mp-e-form-116755,data/cifs/mb-mp-e-form-116755.cif,-2.8225559836307417,0.0
train,mb-mp-e-form-121301,data/cifs/mb-mp-e-form-121301.cif,-2.973844495769,0.0
train,mb-mp-e-form-125132,data/cifs/mb-mp-e-form-125132.cif,-3.147076652130952,0.0
train,mb-mp-e-form-019938,data/cifs/mb-mp-e-form-019938.cif,-0.2038812266319448,0.0
train,mb-mp-e-form-028561,data/cifs/mb-mp-e-form-028561.cif,-0.3433355144444437,0.0
train,mb-mp-e-form-083198,data/cifs/mb-mp-e-form-083198.cif,-1.9622143202717404,0.0
train,mb-mp-e-form-073504,data/cifs/mb-mp-e-form-073504.cif,-1.6642948210342845,0.0
train,mb-mp-e-form-115686,data/cifs/mb-mp-e-form-115686.cif,-2.759301691094445,0.0
train,mb-mp-e-form-081284,data/cifs/mb-mp-e-form-081284.cif,-1.9013345434271431,0.0
train,mb-mp-e-form-021238,data/cifs/mb-mp-e-form-021238.cif,-0.2265370525000003,0.0
train,mb-mp-e-form-099110,data/cifs/mb-mp-e-form-099110.cif,-2.383725868398096,0.0
train,mb-mp-e-form-033962,data/cifs/mb-mp-e-form-033962.cif,-0.4572344520000001,0.0
train,mb-mp-e-form-122990,data/cifs/mb-mp-e-form-122990.cif,-3.0333531878749995,0.0
train,mb-mp-e-form-016817,data/cifs/mb-mp-e-form-016817.cif,-0.103850588333333,0.0
train,mb-mp-e-form-004615,data/cifs/mb-mp-e-form-004615.cif,0.3948473220238095,0.0
train,mb-mp-e-form-009030,data/cifs/mb-mp-e-form-009030.cif,0.0655615956249999,0.0
train,mb-mp-e-form-010338,data/cifs/mb-mp-e-form-010338.cif,0.04716834875,0.0
train,mb-mp-e-form-091479,data/cifs/mb-mp-e-form-091479.cif,-2.185397221496139,0.0
train,mb-mp-e-form-100240,data/cifs/mb-mp-e-form-100240.cif,-2.4043341160825893,0.0
train,mb-mp-e-form-048910,data/cifs/mb-mp-e-form-048910.cif,-0.7780778157142857,0.0
train,mb-mp-e-form-060008,data/cifs/mb-mp-e-form-060008.cif,-1.135284739375,0.0
train,mb-mp-e-form-010607,data/cifs/mb-mp-e-form-010607.cif,0.0516794489285707,0.0
train,mb-mp-e-form-069276,data/cifs/mb-mp-e-form-069276.cif,-1.5299282233004414,0.0
train,mb-mp-e-form-049509,data/cifs/mb-mp-e-form-049509.cif,-0.7621876819327733,0.0
train,mb-mp-e-form-081728,data/cifs/mb-mp-e-form-081728.cif,-1.9003804861546665,0.0
train,mb-mp-e-form-070400,data/cifs/mb-mp-e-form-070400.cif,-1.5560582433333332,0.0
train,mb-mp-e-form-033805,data/cifs/mb-mp-e-form-033805.cif,-0.4290753399999998,0.0
train,mb-mp-e-form-123417,data/cifs/mb-mp-e-form-123417.cif,-3.0396767708201065,0.0
train,mb-mp-e-form-121350,data/cifs/mb-mp-e-form-121350.cif,-2.959069378571112,0.0
train,mb-mp-e-form-017936,data/cifs/mb-mp-e-form-017936.cif,-0.1388351700000001,0.0
train,mb-mp-e-form-124144,data/cifs/mb-mp-e-form-124144.cif,-3.1123029994093416,0.0
train,mb-mp-e-form-061305,data/cifs/mb-mp-e-form-061305.cif,-1.158533574622954,0.0
train,mb-mp-e-form-047474,data/cifs/mb-mp-e-form-047474.cif,-0.7271981641666672,0.0
train,mb-mp-e-form-116390,data/cifs/mb-mp-e-form-116390.cif,-2.7865321495833344,0.0
train,mb-mp-e-form-017211,data/cifs/mb-mp-e-form-017211.cif,-0.1239675309459456,0.0
train,mb-mp-e-form-097499,data/cifs/mb-mp-e-form-097499.cif,-2.340791135803571,0.0
train,mb-mp-e-form-069475,data/cifs/mb-mp-e-form-069475.cif,-1.5050819287500008,0.0
train,mb-mp-e-form-131066,data/cifs/mb-mp-e-form-131066.cif,-3.752624715189394,0.0
train,mb-mp-e-form-066704,data/cifs/mb-mp-e-form-066704.cif,-1.4051988037499994,0.0
train,mb-mp-e-form-035606,data/cifs/mb-mp-e-form-035606.cif,-0.4627258330208335,0.0
train,mb-mp-e-form-124882,data/cifs/mb-mp-e-form-124882.cif,-3.138849191875001,0.0
train,mb-mp-e-form-064404,data/cifs/mb-mp-e-form-064404.cif,-1.3234289606249998,0.0
train,mb-mp-e-form-043942,data/cifs/mb-mp-e-form-043942.cif,-0.6446880801041672,0.0
train,mb-mp-e-form-094415,data/cifs/mb-mp-e-form-094415.cif,-2.2622457920238097,0.0
train,mb-mp-e-form-056789,data/cifs/mb-mp-e-form-056789.cif,-1.0000851754759998,0.0
train,mb-mp-e-form-027608,data/cifs/mb-mp-e-form-027608.cif,-0.3304350427083333,0.0
train,mb-mp-e-form-018057,data/cifs/mb-mp-e-form-018057.cif,-0.1510804027083326,0.0
train,mb-mp-e-form-121571,data/cifs/mb-mp-e-form-121571.cif,-2.9761107070012502,0.0
train,mb-mp-e-form-123321,data/cifs/mb-mp-e-form-123321.cif,-3.030641798663792,0.0
train,mb-mp-e-form-025372,data/cifs/mb-mp-e-form-025372.cif,-0.2903718454166673,0.0
train,mb-mp-e-form-045066,data/cifs/mb-mp-e-form-045066.cif,-0.6645724583333334,0.0
train,mb-mp-e-form-001921,data/cifs/mb-mp-e-form-001921.cif,1.3945839256249997,0.0
train,mb-mp-e-form-009470,data/cifs/mb-mp-e-form-009470.cif,0.0731149450000003,0.0
train,mb-mp-e-form-051638,data/cifs/mb-mp-e-form-051638.cif,-0.833628318472222,0.0
train,mb-mp-e-form-055269,data/cifs/mb-mp-e-form-055269.cif,-0.9343793587500002,0.0
train,mb-mp-e-form-119402,data/cifs/mb-mp-e-form-119402.cif,-2.905619084,0.0
train,mb-mp-e-form-116925,data/cifs/mb-mp-e-form-116925.cif,-2.8413933709615384,0.0
train,mb-mp-e-form-119039,data/cifs/mb-mp-e-form-119039.cif,-2.898458670970982,0.0
train,mb-mp-e-form-009053,data/cifs/mb-mp-e-form-009053.cif,0.0914316028125004,0.0
train,mb-mp-e-form-084573,data/cifs/mb-mp-e-form-084573.cif,-1.979522337413793,0.0
train,mb-mp-e-form-086550,data/cifs/mb-mp-e-form-086550.cif,-2.0364917978947368,0.0
train,mb-mp-e-form-076696,data/cifs/mb-mp-e-form-076696.cif,-1.7571010863888883,0.0
train,mb-mp-e-form-047617,data/cifs/mb-mp-e-form-047617.cif,-0.7065107932812502,0.0
train,mb-mp-e-form-110171,data/cifs/mb-mp-e-form-110171.cif,-2.618146293958332,0.0
train,mb-mp-e-form-026348,data/cifs/mb-mp-e-form-026348.cif,-0.3120250124374998,0.0
train,mb-mp-e-form-085332,data/cifs/mb-mp-e-form-085332.cif,-2.012808351339286,0.0
train,mb-mp-e-form-082585,data/cifs/mb-mp-e-form-082585.cif,-1.927170961442308,0.0
train,mb-mp-e-form-035868,data/cifs/mb-mp-e-form-035868.cif,-0.4631089474479999,0.0
train,mb-mp-e-form-011818,data/cifs/mb-mp-e-form-011818.cif,0.0219132308333334,0.0
train,mb-mp-e-form-119025,data/cifs/mb-mp-e-form-119025.cif,-2.91210371575,0.0
train,mb-mp-e-form-113280,data/cifs/mb-mp-e-form-113280.cif,-2.721287939304029,0.0
train,mb-mp-e-form-095175,data/cifs/mb-mp-e-form-095175.cif,-2.307776055831069,0.0
train,mb-mp-e-form-096529,data/cifs/mb-mp-e-form-096529.cif,-2.3223010522925,0.0
train,mb-mp-e-form-035565,data/cifs/mb-mp-e-form-035565.cif,-0.4786403782142854,0.0
train,mb-mp-e-form-052008,data/cifs/mb-mp-e-form-052008.cif,-0.8496344734074073,0.0
train,mb-mp-e-form-019466,data/cifs/mb-mp-e-form-019466.cif,-0.1684265984615376,0.0
train,mb-mp-e-form-080617,data/cifs/mb-mp-e-form-080617.cif,-1.86300018975,0.0
train,mb-mp-e-form-023794,data/cifs/mb-mp-e-form-023794.cif,-0.2532358437499997,0.0
train,mb-mp-e-form-082794,data/cifs/mb-mp-e-form-082794.cif,-1.9174200787499995,0.0
train,mb-mp-e-form-076671,data/cifs/mb-mp-e-form-076671.cif,-1.759780325,0.0
train,mb-mp-e-form-102128,data/cifs/mb-mp-e-form-102128.cif,-2.4557858419375003,0.0
train,mb-mp-e-form-082285,data/cifs/mb-mp-e-form-082285.cif,-1.9188543707379992,0.0
train,mb-mp-e-form-047564,data/cifs/mb-mp-e-form-047564.cif,-0.7058133757466661,0.0
train,mb-mp-e-form-060821,data/cifs/mb-mp-e-form-060821.cif,-1.129416294269714,0.0
train,mb-mp-e-form-048710,data/cifs/mb-mp-e-form-048710.cif,-0.7394648997222227,0.0
train,mb-mp-e-form-114604,data/cifs/mb-mp-e-form-114604.cif,-2.7222834781524714,0.0
train,mb-mp-e-form-067185,data/cifs/mb-mp-e-form-067185.cif,-1.4410397592733328,0.0
train,mb-mp-e-form-041447,data/cifs/mb-mp-e-form-041447.cif,-0.588355202499999,0.0
train,mb-mp-e-form-042411,data/cifs/mb-mp-e-form-042411.cif,-0.6169947333333331,0.0
train,mb-mp-e-form-063483,data/cifs/mb-mp-e-form-063483.cif,-1.286798984958334,0.0
train,mb-mp-e-form-019267,data/cifs/mb-mp-e-form-019267.cif,-0.1687964359444443,0.0
train,mb-mp-e-form-048693,data/cifs/mb-mp-e-form-048693.cif,-0.75405973022091,0.0
train,mb-mp-e-form-055532,data/cifs/mb-mp-e-form-055532.cif,-0.964457896813859,0.0
train,mb-mp-e-form-106994,data/cifs/mb-mp-e-form-106994.cif,-2.55336929375,0.0
train,mb-mp-e-form-030680,data/cifs/mb-mp-e-form-030680.cif,-0.3854613766666666,0.0
train,mb-mp-e-form-050128,data/cifs/mb-mp-e-form-050128.cif,-0.7903572687499996,0.0
train,mb-mp-e-form-016579,data/cifs/mb-mp-e-form-016579.cif,-0.0874071633984376,0.0
train,mb-mp-e-form-115445,data/cifs/mb-mp-e-form-115445.cif,-2.7774417311111126,0.0
train,mb-mp-e-form-027717,data/cifs/mb-mp-e-form-027717.cif,-0.3269755525325,0.0
train,mb-mp-e-form-004224,data/cifs/mb-mp-e-form-004224.cif,0.3369949060616666,0.0
train,mb-mp-e-form-111395,data/cifs/mb-mp-e-form-111395.cif,-2.6652607870491067,0.0
train,mb-mp-e-form-020082,data/cifs/mb-mp-e-form-020082.cif,-0.1844088137499993,0.0
train,mb-mp-e-form-046972,data/cifs/mb-mp-e-form-046972.cif,-0.714216460555555,0.0
train,mb-mp-e-form-119935,data/cifs/mb-mp-e-form-119935.cif,-2.944460337281745,0.0
train,mb-mp-e-form-061654,data/cifs/mb-mp-e-form-061654.cif,-1.1780077932142865,0.0
train,mb-mp-e-form-013065,data/cifs/mb-mp-e-form-013065.cif,-0.0087657158333331,0.0
train,mb-mp-e-form-095061,data/cifs/mb-mp-e-form-095061.cif,-2.28250147,0.0
train,mb-mp-e-form-016099,data/cifs/mb-mp-e-form-016099.cif,-0.1016834020649994,0.0
train,mb-mp-e-form-043063,data/cifs/mb-mp-e-form-043063.cif,-0.6300418078571438,0.0
train,mb-mp-e-form-053038,data/cifs/mb-mp-e-form-053038.cif,-0.8858702394000002,0.0
train,mb-mp-e-form-009471,data/cifs/mb-mp-e-form-009471.cif,0.0903258224999996,0.0
train,mb-mp-e-form-082441,data/cifs/mb-mp-e-form-082441.cif,-1.911135942007576,0.0
train,mb-mp-e-form-131744,data/cifs/mb-mp-e-form-131744.cif,-3.686559446802381,0.0
train,mb-mp-e-form-123256,data/cifs/mb-mp-e-form-123256.cif,-3.041563424722223,0.0
train,mb-mp-e-form-041882,data/cifs/mb-mp-e-form-041882.cif,-0.5885296274999998,0.0
train,mb-mp-e-form-098173,data/cifs/mb-mp-e-form-098173.cif,-2.365480200957792,0.0
train,mb-mp-e-form-090077,data/cifs/mb-mp-e-form-090077.cif,-2.156450037159714,0.0
train,mb-mp-e-form-051117,data/cifs/mb-mp-e-form-051117.cif,-0.8197536885156254,0.0
train,mb-mp-e-form-089262,data/cifs/mb-mp-e-form-089262.cif,-2.142861277718833,0.0
train,mb-mp-e-form-132635,data/cifs/mb-mp-e-form-132635.cif,-4.4063229245018185,0.0
train,mb-mp-e-form-048135,data/cifs/mb-mp-e-form-048135.cif,-0.7384214099999994,0.0
train,mb-mp-e-form-045468,data/cifs/mb-mp-e-form-045468.cif,-0.6759563084722231,0.0
train,mb-mp-e-form-083037,data/cifs/mb-mp-e-form-083037.cif,-1.966178181744792,0.0
train,mb-mp-e-form-128512,data/cifs/mb-mp-e-form-128512.cif,-3.313480378684211,0.0
train,mb-mp-e-form-065827,data/cifs/mb-mp-e-form-065827.cif,-1.3366451263630004,0.0
train,mb-mp-e-form-078486,data/cifs/mb-mp-e-form-078486.cif,-1.8318453435714293,0.0
train,mb-mp-e-form-125269,data/cifs/mb-mp-e-form-125269.cif,-3.174300456388889,0.0
train,mb-mp-e-form-076167,data/cifs/mb-mp-e-form-076167.cif,-1.7662098033992315,0.0
train,mb-mp-e-form-033358,data/cifs/mb-mp-e-form-033358.cif,-0.4440522124999996,0.0
train,mb-mp-e-form-128146,data/cifs/mb-mp-e-form-128146.cif,-3.3459027706944444,0.0
train,mb-mp-e-form-109166,data/cifs/mb-mp-e-form-109166.cif,-2.60076797055,0.0
train,mb-mp-e-form-015492,data/cifs/mb-mp-e-form-015492.cif,-0.0597376746153844,0.0
train,mb-mp-e-form-063491,data/cifs/mb-mp-e-form-063491.cif,-1.268961265491071,0.0
train,mb-mp-e-form-076329,data/cifs/mb-mp-e-form-076329.cif,-1.7576698227500005,0.0
train,mb-mp-e-form-009645,data/cifs/mb-mp-e-form-009645.cif,0.0692484437499998,0.0
train,mb-mp-e-form-072280,data/cifs/mb-mp-e-form-072280.cif,-1.6229979941326529,0.0
train,mb-mp-e-form-040715,data/cifs/mb-mp-e-form-040715.cif,-0.5619842106418753,0.0
train,mb-mp-e-form-130398,data/cifs/mb-mp-e-form-130398.cif,-3.522386802812501,0.0
train,mb-mp-e-form-131940,data/cifs/mb-mp-e-form-131940.cif,-4.423658243809166,0.0
train,mb-mp-e-form-010898,data/cifs/mb-mp-e-form-010898.cif,0.0374036206249996,0.0
train,mb-mp-e-form-025682,data/cifs/mb-mp-e-form-025682.cif,-0.2915341885714279,0.0
train,mb-mp-e-form-023881,data/cifs/mb-mp-e-form-023881.cif,-0.2605548731250002,0.0
train,mb-mp-e-form-033842,data/cifs/mb-mp-e-form-033842.cif,-0.4359670624999996,0.0
train,mb-mp-e-form-053967,data/cifs/mb-mp-e-form-053967.cif,-0.9172717425,0.0
train,mb-mp-e-form-121173,data/cifs/mb-mp-e-form-121173.cif,-2.9713788999278847,0.0
train,mb-mp-e-form-042575,data/cifs/mb-mp-e-form-042575.cif,-0.6029041070967746,0.0
train,mb-mp-e-form-130668,data/cifs/mb-mp-e-form-130668.cif,-3.494075220416667,0.0
train,mb-mp-e-form-083336,data/cifs/mb-mp-e-form-083336.cif,-1.9611871463858697,0.0
train,mb-mp-e-form-017390,data/cifs/mb-mp-e-form-017390.cif,-0.1093892513690484,0.0
train,mb-mp-e-form-092267,data/cifs/mb-mp-e-form-092267.cif,-2.2127548922500004,0.0
train,mb-mp-e-form-007945,data/cifs/mb-mp-e-form-007945.cif,0.1242991458333331,0.0
train,mb-mp-e-form-121418,data/cifs/mb-mp-e-form-121418.cif,-2.956703755199507,0.0
train,mb-mp-e-form-011423,data/cifs/mb-mp-e-form-011423.cif,0.0281424800000005,0.0
train,mb-mp-e-form-074533,data/cifs/mb-mp-e-form-074533.cif,-1.7074301790674602,0.0
train,mb-mp-e-form-075061,data/cifs/mb-mp-e-form-075061.cif,-1.7411004267091652,0.0
train,mb-mp-e-form-065519,data/cifs/mb-mp-e-form-065519.cif,-1.3699003160036085,0.0
train,mb-mp-e-form-073603,data/cifs/mb-mp-e-form-073603.cif,-1.6791638633333337,0.0
train,mb-mp-e-form-100907,data/cifs/mb-mp-e-form-100907.cif,-2.4392465942761112,0.0
train,mb-mp-e-form-008900,data/cifs/mb-mp-e-form-008900.cif,0.10454171125,0.0
train,mb-mp-e-form-096931,data/cifs/mb-mp-e-form-096931.cif,-2.3374253853409086,0.0
train,mb-mp-e-form-045601,data/cifs/mb-mp-e-form-045601.cif,-0.6808135741666668,0.0
train,mb-mp-e-form-085476,data/cifs/mb-mp-e-form-085476.cif,-2.0266217420911232,0.0
train,mb-mp-e-form-008719,data/cifs/mb-mp-e-form-008719.cif,0.1046291833928574,0.0
train,mb-mp-e-form-014759,data/cifs/mb-mp-e-form-014759.cif,-0.055780205625,0.0
train,mb-mp-e-form-109023,data/cifs/mb-mp-e-form-109023.cif,-2.6149527014870686,0.0
train,mb-mp-e-form-007431,data/cifs/mb-mp-e-form-007431.cif,0.1446624521428572,0.0
train,mb-mp-e-form-056383,data/cifs/mb-mp-e-form-056383.cif,-0.9841475193976292,0.0
train,mb-mp-e-form-129535,data/cifs/mb-mp-e-form-129535.cif,-3.474041947483333,0.0
train,mb-mp-e-form-012941,data/cifs/mb-mp-e-form-012941.cif,-0.0289338968749994,0.0
train,mb-mp-e-form-089964,data/cifs/mb-mp-e-form-089964.cif,-2.164979151997282,0.0
train,mb-mp-e-form-098528,data/cifs/mb-mp-e-form-098528.cif,-2.3640534743666666,0.0
train,mb-mp-e-form-072343,data/cifs/mb-mp-e-form-072343.cif,-1.6338996601005755,0.0
train,mb-mp-e-form-089203,data/cifs/mb-mp-e-form-089203.cif,-2.129264220580357,0.0
train,mb-mp-e-form-124518,data/cifs/mb-mp-e-form-124518.cif,-3.093193778211206,0.0
train,mb-mp-e-form-025380,data/cifs/mb-mp-e-form-025380.cif,-0.2943467736666669,0.0
train,mb-mp-e-form-114194,data/cifs/mb-mp-e-form-114194.cif,-2.7263691981355933,0.0
train,mb-mp-e-form-081212,data/cifs/mb-mp-e-form-081212.cif,-1.8889342858262856,0.0
train,mb-mp-e-form-114974,data/cifs/mb-mp-e-form-114974.cif,-2.772518437833001,0.0
train,mb-mp-e-form-069323,data/cifs/mb-mp-e-form-069323.cif,-1.518442797833039,0.0
train,mb-mp-e-form-044999,data/cifs/mb-mp-e-form-044999.cif,-0.6603217831250001,0.0
train,mb-mp-e-form-047930,data/cifs/mb-mp-e-form-047930.cif,-0.7465334768489585,0.0
train,mb-mp-e-form-100540,data/cifs/mb-mp-e-form-100540.cif,-2.410630365476192,0.0
train,mb-mp-e-form-118255,data/cifs/mb-mp-e-form-118255.cif,-2.8616737617500005,0.0
train,mb-mp-e-form-030824,data/cifs/mb-mp-e-form-030824.cif,-0.3752844901851857,0.0
train,mb-mp-e-form-108294,data/cifs/mb-mp-e-form-108294.cif,-2.582901559346,0.0
train,mb-mp-e-form-084844,data/cifs/mb-mp-e-form-084844.cif,-2.0023962357500005,0.0
train,mb-mp-e-form-041815,data/cifs/mb-mp-e-form-041815.cif,-0.5870145512500002,0.0
train,mb-mp-e-form-124649,data/cifs/mb-mp-e-form-124649.cif,-3.092515981938776,0.0
train,mb-mp-e-form-059340,data/cifs/mb-mp-e-form-059340.cif,-1.0848630911982289,0.0
train,mb-mp-e-form-126909,data/cifs/mb-mp-e-form-126909.cif,-3.2587910804687503,0.0
train,mb-mp-e-form-006745,data/cifs/mb-mp-e-form-006745.cif,0.1902615006666662,0.0
train,mb-mp-e-form-046105,data/cifs/mb-mp-e-form-046105.cif,-0.6933527281250003,0.0
train,mb-mp-e-form-052264,data/cifs/mb-mp-e-form-052264.cif,-0.8490278433333328,0.0
train,mb-mp-e-form-069501,data/cifs/mb-mp-e-form-069501.cif,-1.528977331796876,0.0
train,mb-mp-e-form-066934,data/cifs/mb-mp-e-form-066934.cif,-1.4304659128645827,0.0
train,mb-mp-e-form-094542,data/cifs/mb-mp-e-form-094542.cif,-2.253975381319444,0.0
train,mb-mp-e-form-034512,data/cifs/mb-mp-e-form-034512.cif,-0.4558004969285718,0.0
train,mb-mp-e-form-054814,data/cifs/mb-mp-e-form-054814.cif,-0.9126022250000004,0.0
train,mb-mp-e-form-094489,data/cifs/mb-mp-e-form-094489.cif,-2.2633615692346933,0.0
train,mb-mp-e-form-051655,data/cifs/mb-mp-e-form-051655.cif,-0.8316384194999991,0.0
train,mb-mp-e-form-090488,data/cifs/mb-mp-e-form-090488.cif,-2.1575098244628643,0.0
train,mb-mp-e-form-083300,data/cifs/mb-mp-e-form-083300.cif,-1.943212013611111,0.0
train,mb-mp-e-form-115260,data/cifs/mb-mp-e-form-115260.cif,-2.780926798691999,0.0
train,mb-mp-e-form-037277,data/cifs/mb-mp-e-form-037277.cif,-0.5160120552083338,0.0
train,mb-mp-e-form-126668,data/cifs/mb-mp-e-form-126668.cif,-3.188777401214,0.0
train,mb-mp-e-form-084392,data/cifs/mb-mp-e-form-084392.cif,-1.980412208068182,0.0
train,mb-mp-e-form-128275,data/cifs/mb-mp-e-form-128275.cif,-3.334841128702381,0.0
train,mb-mp-e-form-014940,data/cifs/mb-mp-e-form-014940.cif,-0.0696406387499997,0.0
train,mb-mp-e-form-068019,data/cifs/mb-mp-e-form-068019.cif,-1.4790970278846147,0.0
train,mb-mp-e-form-059221,data/cifs/mb-mp-e-form-059221.cif,-1.108831766255655,0.0
train,mb-mp-e-form-116122,data/cifs/mb-mp-e-form-116122.cif,-2.801659263283333,0.0
train,mb-mp-e-form-087219,data/cifs/mb-mp-e-form-087219.cif,-2.085180333840873,0.0
train,mb-mp-e-form-022423,data/cifs/mb-mp-e-form-022423.cif,-0.2431427804999998,0.0
train,mb-mp-e-form-078009,data/cifs/mb-mp-e-form-078009.cif,-1.8291463096,0.0
train,mb-mp-e-form-113803,data/cifs/mb-mp-e-form-113803.cif,-2.743869618125,0.0
train,mb-mp-e-form-132729,data/cifs/mb-mp-e-form-132729.cif,-3.895663406843752,0.0
train,mb-mp-e-form-017643,data/cifs/mb-mp-e-form-017643.cif,-0.1266758072222218,0.0
train,mb-mp-e-form-060889,data/cifs/mb-mp-e-form-060889.cif,-1.1798936595914284,0.0
train,mb-mp-e-form-049660,data/cifs/mb-mp-e-form-049660.cif,-0.7688291581250004,0.0
train,mb-mp-e-form-019412,data/cifs/mb-mp-e-form-019412.cif,-0.1690997215384614,0.0
train,mb-mp-e-form-061658,data/cifs/mb-mp-e-form-061658.cif,-1.18175224132353,0.0
train,mb-mp-e-form-111537,data/cifs/mb-mp-e-form-111537.cif,-2.663873789456668,0.0
train,mb-mp-e-form-107905,data/cifs/mb-mp-e-form-107905.cif,-2.587480544963475,0.0
train,mb-mp-e-form-078792,data/cifs/mb-mp-e-form-078792.cif,-1.8321039564285715,0.0
train,mb-mp-e-form-106289,data/cifs/mb-mp-e-form-106289.cif,-2.5408243266266664,0.0
train,mb-mp-e-form-073458,data/cifs/mb-mp-e-form-073458.cif,-1.6592894740216664,0.0
train,mb-mp-e-form-050496,data/cifs/mb-mp-e-form-050496.cif,-0.8023563639999999,0.0
train,mb-mp-e-form-123969,data/cifs/mb-mp-e-form-123969.cif,-3.1023031102499985,0.0
train,mb-mp-e-form-045855,data/cifs/mb-mp-e-form-045855.cif,-0.6717169451149427,0.0
train,mb-mp-e-form-130903,data/cifs/mb-mp-e-form-130903.cif,-3.666576510793332,0.0
train,mb-mp-e-form-067643,data/cifs/mb-mp-e-form-067643.cif,-1.4559650127433343,0.0
train,mb-mp-e-form-092985,data/cifs/mb-mp-e-form-092985.cif,-2.225448971503232,0.0
train,mb-mp-e-form-020111,data/cifs/mb-mp-e-form-020111.cif,-0.19352244375,0.0
train,mb-mp-e-form-128124,data/cifs/mb-mp-e-form-128124.cif,-3.381405309285714,0.0
train,mb-mp-e-form-132367,data/cifs/mb-mp-e-form-132367.cif,-4.3171110421425,0.0
train,mb-mp-e-form-001336,data/cifs/mb-mp-e-form-001336.cif,1.0883633962500006,0.0
train,mb-mp-e-form-014817,data/cifs/mb-mp-e-form-014817.cif,-0.0505017299999999,0.0
train,mb-mp-e-form-051041,data/cifs/mb-mp-e-form-051041.cif,-0.8199531388733329,0.0
train,mb-mp-e-form-045262,data/cifs/mb-mp-e-form-045262.cif,-0.6676080181617645,0.0
train,mb-mp-e-form-122984,data/cifs/mb-mp-e-form-122984.cif,-3.067329838250001,0.0
train,mb-mp-e-form-058813,data/cifs/mb-mp-e-form-058813.cif,-1.079543449461207,0.0
train,mb-mp-e-form-033130,data/cifs/mb-mp-e-form-033130.cif,-0.4441583743518522,0.0
train,mb-mp-e-form-027594,data/cifs/mb-mp-e-form-027594.cif,-0.3313445424759976,0.0
train,mb-mp-e-form-068823,data/cifs/mb-mp-e-form-068823.cif,-1.4663989522135417,0.0
train,mb-mp-e-form-019161,data/cifs/mb-mp-e-form-019161.cif,-0.1634838217857144,0.0
train,mb-mp-e-form-057067,data/cifs/mb-mp-e-form-057067.cif,-1.0129678938689657,0.0
train,mb-mp-e-form-023081,data/cifs/mb-mp-e-form-023081.cif,-0.2655279050000008,0.0
train,mb-mp-e-form-129796,data/cifs/mb-mp-e-form-129796.cif,-3.5718136945833328,0.0
train,mb-mp-e-form-054354,data/cifs/mb-mp-e-form-054354.cif,-0.9145376331640628,0.0
train,mb-mp-e-form-001191,data/cifs/mb-mp-e-form-001191.cif,1.3308523249999995,0.0
train,mb-mp-e-form-000065,data/cifs/mb-mp-e-form-000065.cif,1.6131277075000003,0.0
train,mb-mp-e-form-074993,data/cifs/mb-mp-e-form-074993.cif,-1.726489726339285,0.0
train,mb-mp-e-form-104295,data/cifs/mb-mp-e-form-104295.cif,-2.499196683784723,0.0
train,mb-mp-e-form-001986,data/cifs/mb-mp-e-form-001986.cif,0.9077284900000002,0.0
train,mb-mp-e-form-015435,data/cifs/mb-mp-e-form-015435.cif,-0.0781813071874992,0.0
train,mb-mp-e-form-130316,data/cifs/mb-mp-e-form-130316.cif,-3.5699621474800005,0.0
train,mb-mp-e-form-064802,data/cifs/mb-mp-e-form-064802.cif,-1.3061861972023812,0.0
train,mb-mp-e-form-067170,data/cifs/mb-mp-e-form-067170.cif,-1.4252251042105264,0.0
train,mb-mp-e-form-094562,data/cifs/mb-mp-e-form-094562.cif,-2.260981193454861,0.0
train,mb-mp-e-form-024990,data/cifs/mb-mp-e-form-024990.cif,-0.2964208140794335,0.0
train,mb-mp-e-form-118645,data/cifs/mb-mp-e-form-118645.cif,-2.853804895214,0.0
train,mb-mp-e-form-002265,data/cifs/mb-mp-e-form-002265.cif,0.9617076975,0.0
train,mb-mp-e-form-122401,data/cifs/mb-mp-e-form-122401.cif,-3.022688982361112,0.0
train,mb-mp-e-form-131300,data/cifs/mb-mp-e-form-131300.cif,-3.757341960916667,0.0
train,mb-mp-e-form-105239,data/cifs/mb-mp-e-form-105239.cif,-2.5240317367669185,0.0
train,mb-mp-e-form-073952,data/cifs/mb-mp-e-form-073952.cif,-1.6961501791973794,0.0
train,mb-mp-e-form-081393,data/cifs/mb-mp-e-form-081393.cif,-1.8953381658333333,0.0
train,mb-mp-e-form-023747,data/cifs/mb-mp-e-form-023747.cif,-0.260419183735119,0.0
train,mb-mp-e-form-067490,data/cifs/mb-mp-e-form-067490.cif,-1.42572700342262,0.0
train,mb-mp-e-form-040242,data/cifs/mb-mp-e-form-040242.cif,-0.5709366877155174,0.0
train,mb-mp-e-form-120999,data/cifs/mb-mp-e-form-120999.cif,-2.9701077131249995,0.0
train,mb-mp-e-form-013897,data/cifs/mb-mp-e-form-013897.cif,-0.0085103406250004,0.0
train,mb-mp-e-form-074887,data/cifs/mb-mp-e-form-074887.cif,-1.7238378224999995,0.0
train,mb-mp-e-form-078277,data/cifs/mb-mp-e-form-078277.cif,-1.827720579415556,0.0
train,mb-mp-e-form-071128,data/cifs/mb-mp-e-form-071128.cif,-1.582261307208796,0.0
train,mb-mp-e-form-096111,data/cifs/mb-mp-e-form-096111.cif,-2.3159122974402604,0.0
train,mb-mp-e-form-024703,data/cifs/mb-mp-e-form-024703.cif,-0.2825262599999997,0.0
train,mb-mp-e-form-082944,data/cifs/mb-mp-e-form-082944.cif,-1.945553128221,0.0
train,mb-mp-e-form-018788,data/cifs/mb-mp-e-form-018788.cif,-0.1468123837499999,0.0
train,mb-mp-e-form-011346,data/cifs/mb-mp-e-form-011346.cif,0.0168684082499999,0.0
train,mb-mp-e-form-013719,data/cifs/mb-mp-e-form-013719.cif,-0.0134714807499989,0.0
train,mb-mp-e-form-041131,data/cifs/mb-mp-e-form-041131.cif,-0.5825572123611108,0.0
train,mb-mp-e-form-090762,data/cifs/mb-mp-e-form-090762.cif,-2.169762404078948,0.0
train,mb-mp-e-form-040857,data/cifs/mb-mp-e-form-040857.cif,-0.5629957980468752,0.0
train,mb-mp-e-form-041563,data/cifs/mb-mp-e-form-041563.cif,-0.5898853873663636,0.0
train,mb-mp-e-form-112708,data/cifs/mb-mp-e-form-112708.cif,-2.69180418707,0.0
train,mb-mp-e-form-059480,data/cifs/mb-mp-e-form-059480.cif,-1.0837047920535707,0.0
train,mb-mp-e-form-113117,data/cifs/mb-mp-e-form-113117.cif,-2.707204865289855,0.0
train,mb-mp-e-form-109974,data/cifs/mb-mp-e-form-109974.cif,-2.622214297994428,0.0
train,mb-mp-e-form-069009,data/cifs/mb-mp-e-form-069009.cif,-1.5007955813749998,0.0
train,mb-mp-e-form-100749,data/cifs/mb-mp-e-form-100749.cif,-2.40286813425,0.0
train,mb-mp-e-form-031262,data/cifs/mb-mp-e-form-031262.cif,-0.4038390002083325,0.0
train,mb-mp-e-form-029237,data/cifs/mb-mp-e-form-029237.cif,-0.3588415648750687,0.0
train,mb-mp-e-form-102311,data/cifs/mb-mp-e-form-102311.cif,-2.450132651185065,0.0
train,mb-mp-e-form-064996,data/cifs/mb-mp-e-form-064996.cif,-1.3422805251034482,0.0
train,mb-mp-e-form-031199,data/cifs/mb-mp-e-form-031199.cif,-0.4045863664999999,0.0
train,mb-mp-e-form-043725,data/cifs/mb-mp-e-form-043725.cif,-0.6276116867500001,0.0
train,mb-mp-e-form-009414,data/cifs/mb-mp-e-form-009414.cif,0.0784742062500001,0.0
train,mb-mp-e-form-132696,data/cifs/mb-mp-e-form-132696.cif,-4.265651257457143,0.0
train,mb-mp-e-form-037130,data/cifs/mb-mp-e-form-037130.cif,-0.5135631981818201,0.0
train,mb-mp-e-form-083067,data/cifs/mb-mp-e-form-083067.cif,-1.9528644279166671,0.0
train,mb-mp-e-form-131351,data/cifs/mb-mp-e-form-131351.cif,-3.624997881562502,0.0
train,mb-mp-e-form-046340,data/cifs/mb-mp-e-form-046340.cif,-0.6916230758802087,0.0
train,mb-mp-e-form-048159,data/cifs/mb-mp-e-form-048159.cif,-0.7365366823214288,0.0
train,mb-mp-e-form-081542,data/cifs/mb-mp-e-form-081542.cif,-1.9018336529298283,0.0
train,mb-mp-e-form-042956,data/cifs/mb-mp-e-form-042956.cif,-0.6386686641666669,0.0
train,mb-mp-e-form-094476,data/cifs/mb-mp-e-form-094476.cif,-2.2632874940407146,0.0
train,mb-mp-e-form-115499,data/cifs/mb-mp-e-form-115499.cif,-2.756880457094348,0.0
train,mb-mp-e-form-070947,data/cifs/mb-mp-e-form-070947.cif,-1.596112278556,0.0
train,mb-mp-e-form-061678,data/cifs/mb-mp-e-form-061678.cif,-1.1719700445127266,0.0
train,mb-mp-e-form-070052,data/cifs/mb-mp-e-form-070052.cif,-1.5557084229545446,0.0
train,mb-mp-e-form-115684,data/cifs/mb-mp-e-form-115684.cif,-2.752577976094444,0.0
train,mb-mp-e-form-035154,data/cifs/mb-mp-e-form-035154.cif,-0.4770580821549484,0.0
train,mb-mp-e-form-044882,data/cifs/mb-mp-e-form-044882.cif,-0.6478399022983332,0.0
train,mb-mp-e-form-123934,data/cifs/mb-mp-e-form-123934.cif,-3.101199197872808,0.0
train,mb-mp-e-form-131766,data/cifs/mb-mp-e-form-131766.cif,-3.867133195249667,0.0
train,mb-mp-e-form-050511,data/cifs/mb-mp-e-form-050511.cif,-0.803286122,0.0
train,mb-mp-e-form-073096,data/cifs/mb-mp-e-form-073096.cif,-1.6661801007162491,0.0
train,mb-mp-e-form-010757,data/cifs/mb-mp-e-form-010757.cif,0.0493385395480004,0.0
train,mb-mp-e-form-107898,data/cifs/mb-mp-e-form-107898.cif,-2.589396439508929,0.0
train,mb-mp-e-form-015041,data/cifs/mb-mp-e-form-015041.cif,-0.059158002222222,0.0
train,mb-mp-e-form-130005,data/cifs/mb-mp-e-form-130005.cif,-3.599804910637254,0.0
train,mb-mp-e-form-079464,data/cifs/mb-mp-e-form-079464.cif,-1.853483828123077,0.0
train,mb-mp-e-form-038070,data/cifs/mb-mp-e-form-038070.cif,-0.5246419262499993,0.0
train,mb-mp-e-form-070031,data/cifs/mb-mp-e-form-070031.cif,-1.5599375117566665,0.0
train,mb-mp-e-form-004274,data/cifs/mb-mp-e-form-004274.cif,0.3003758431702896,0.0
train,mb-mp-e-form-071333,data/cifs/mb-mp-e-form-071333.cif,-1.6075572885714269,0.0
train,mb-mp-e-form-011365,data/cifs/mb-mp-e-form-011365.cif,0.0250434625000002,0.0
train,mb-mp-e-form-053683,data/cifs/mb-mp-e-form-053683.cif,-0.8722764254545458,0.0
train,mb-mp-e-form-118422,data/cifs/mb-mp-e-form-118422.cif,-2.881569094113547,0.0
train,mb-mp-e-form-127873,data/cifs/mb-mp-e-form-127873.cif,-3.383940198295455,0.0
train,mb-mp-e-form-081414,data/cifs/mb-mp-e-form-081414.cif,-1.8976424982225009,0.0
train,mb-mp-e-form-020039,data/cifs/mb-mp-e-form-020039.cif,-0.190269896597222,0.0
train,mb-mp-e-form-002322,data/cifs/mb-mp-e-form-002322.cif,0.9212607451545468,0.0
train,mb-mp-e-form-064401,data/cifs/mb-mp-e-form-064401.cif,-1.3188441906250006,0.0
train,mb-mp-e-form-073576,data/cifs/mb-mp-e-form-073576.cif,-1.6643929285060868,0.0
train,mb-mp-e-form-035990,data/cifs/mb-mp-e-form-035990.cif,-0.4870427038802085,0.0
train,mb-mp-e-form-106333,data/cifs/mb-mp-e-form-106333.cif,-2.5327746309090884,0.0
train,mb-mp-e-form-079472,data/cifs/mb-mp-e-form-079472.cif,-1.8428714792857133,0.0
train,mb-mp-e-form-020813,data/cifs/mb-mp-e-form-020813.cif,-0.1992525500000006,0.0
train,mb-mp-e-form-058356,data/cifs/mb-mp-e-form-058356.cif,-1.081046589104887,0.0
train,mb-mp-e-form-121105,data/cifs/mb-mp-e-form-121105.cif,-2.9779255487139995,0.0
train,mb-mp-e-form-069509,data/cifs/mb-mp-e-form-069509.cif,-1.5303206625905543,0.0
train,mb-mp-e-form-086086,data/cifs/mb-mp-e-form-086086.cif,-2.0379837270128074,0.0
train,mb-mp-e-form-036317,data/cifs/mb-mp-e-form-036317.cif,-0.4877626277139999,0.0
train,mb-mp-e-form-009889,data/cifs/mb-mp-e-form-009889.cif,0.0777302437499996,0.0
train,mb-mp-e-form-108564,data/cifs/mb-mp-e-form-108564.cif,-2.58069030486111,0.0
train,mb-mp-e-form-054347,data/cifs/mb-mp-e-form-054347.cif,-0.9005180970280001,0.0
train,mb-mp-e-form-099642,data/cifs/mb-mp-e-form-099642.cif,-2.393828103071428,0.0
train,mb-mp-e-form-066365,data/cifs/mb-mp-e-form-066365.cif,-1.3877452362950056,0.0
train,mb-mp-e-form-036958,data/cifs/mb-mp-e-form-036958.cif,-0.5081488697321431,0.0
train,mb-mp-e-form-029311,data/cifs/mb-mp-e-form-029311.cif,-0.3580441633333334,0.0
train,mb-mp-e-form-011551,data/cifs/mb-mp-e-form-011551.cif,0.0265975045043481,0.0
train,mb-mp-e-form-048286,data/cifs/mb-mp-e-form-048286.cif,-0.7387137544571424,0.0
train,mb-mp-e-form-112169,data/cifs/mb-mp-e-form-112169.cif,-2.685171807142858,0.0
train,mb-mp-e-form-006653,data/cifs/mb-mp-e-form-006653.cif,0.1945040507197553,0.0
train,mb-mp-e-form-071000,data/cifs/mb-mp-e-form-071000.cif,-1.5984410732899992,0.0
train,mb-mp-e-form-066689,data/cifs/mb-mp-e-form-066689.cif,-1.4065775098872737,0.0
train,mb-mp-e-form-011653,data/cifs/mb-mp-e-form-011653.cif,0.0187025350000009,0.0
train,mb-mp-e-form-097217,data/cifs/mb-mp-e-form-097217.cif,-2.3405316786907133,0.0
train,mb-mp-e-form-064511,data/cifs/mb-mp-e-form-064511.cif,-1.3042419917000003,0.0
train,mb-mp-e-form-051688,data/cifs/mb-mp-e-form-051688.cif,-0.8218416365277782,0.0
train,mb-mp-e-form-093487,data/cifs/mb-mp-e-form-093487.cif,-2.2246794603061235,0.0
train,mb-mp-e-form-094443,data/cifs/mb-mp-e-form-094443.cif,-2.250742952291667,0.0
train,mb-mp-e-form-126006,data/cifs/mb-mp-e-form-126006.cif,-3.215945147946429,0.0
train,mb-mp-e-form-032816,data/cifs/mb-mp-e-form-032816.cif,-0.4222875599999991,0.0
train,mb-mp-e-form-127729,data/cifs/mb-mp-e-form-127729.cif,-3.2512097775,0.0
train,mb-mp-e-form-052934,data/cifs/mb-mp-e-form-052934.cif,-0.8777739776562488,0.0
train,mb-mp-e-form-100925,data/cifs/mb-mp-e-form-100925.cif,-2.434256554327731,0.0
train,mb-mp-e-form-029012,data/cifs/mb-mp-e-form-029012.cif,-0.3702203516666671,0.0
train,mb-mp-e-form-006795,data/cifs/mb-mp-e-form-006795.cif,0.2163738595312487,0.0
train,mb-mp-e-form-022960,data/cifs/mb-mp-e-form-022960.cif,-0.2593128952380955,0.0
train,mb-mp-e-form-050815,data/cifs/mb-mp-e-form-050815.cif,-0.7879468524999997,0.0
train,mb-mp-e-form-021092,data/cifs/mb-mp-e-form-021092.cif,-0.2121728258333325,0.0
train,mb-mp-e-form-111026,data/cifs/mb-mp-e-form-111026.cif,-2.656467415450648,0.0
train,mb-mp-e-form-073051,data/cifs/mb-mp-e-form-073051.cif,-1.655216860861764,0.0
train,mb-mp-e-form-019428,data/cifs/mb-mp-e-form-019428.cif,-0.1756504670833334,0.0
train,mb-mp-e-form-024900,data/cifs/mb-mp-e-form-024900.cif,-0.2866272524999997,0.0
train,mb-mp-e-form-049568,data/cifs/mb-mp-e-form-049568.cif,-0.7601695616666669,0.0
train,mb-mp-e-form-122262,data/cifs/mb-mp-e-form-122262.cif,-3.003704556876418,0.0
train,mb-mp-e-form-070805,data/cifs/mb-mp-e-form-070805.cif,-1.5511265525000004,0.0
train,mb-mp-e-form-014390,data/cifs/mb-mp-e-form-014390.cif,-0.0454377862499999,0.0
train,mb-mp-e-form-039523,data/cifs/mb-mp-e-form-039523.cif,-0.5485445506250004,0.0
train,mb-mp-e-form-018119,data/cifs/mb-mp-e-form-018119.cif,-0.1555775531249992,0.0
train,mb-mp-e-form-055364,data/cifs/mb-mp-e-form-055364.cif,-0.936994683415179,0.0
train,mb-mp-e-form-048225,data/cifs/mb-mp-e-form-048225.cif,-0.7309918643333333,0.0
train,mb-mp-e-form-041178,data/cifs/mb-mp-e-form-041178.cif,-0.5959710297500009,0.0
train,mb-mp-e-form-115955,data/cifs/mb-mp-e-form-115955.cif,-2.800165342513999,0.0
train,mb-mp-e-form-025886,data/cifs/mb-mp-e-form-025886.cif,-0.2996801637500002,0.0
train,mb-mp-e-form-087369,data/cifs/mb-mp-e-form-087369.cif,-2.073221984850714,0.0
train,mb-mp-e-form-008526,data/cifs/mb-mp-e-form-008526.cif,0.1066857362499997,0.0
train,mb-mp-e-form-063468,data/cifs/mb-mp-e-form-063468.cif,-1.264864745,0.0
train,mb-mp-e-form-063839,data/cifs/mb-mp-e-form-063839.cif,-1.2649758160747129,0.0
train,mb-mp-e-form-047662,data/cifs/mb-mp-e-form-047662.cif,-0.7232955235445456,0.0
train,mb-mp-e-form-088294,data/cifs/mb-mp-e-form-088294.cif,-2.1079141852166665,0.0
train,mb-mp-e-form-124087,data/cifs/mb-mp-e-form-124087.cif,-3.1057954291130425,0.0
train,mb-mp-e-form-024109,data/cifs/mb-mp-e-form-024109.cif,-0.2779610629166651,0.0
train,mb-mp-e-form-113052,data/cifs/mb-mp-e-form-113052.cif,-2.719792788235293,0.0
train,mb-mp-e-form-129006,data/cifs/mb-mp-e-form-129006.cif,-3.3951800918421062,0.0
train,mb-mp-e-form-114028,data/cifs/mb-mp-e-form-114028.cif,-2.745095733837273,0.0
train,mb-mp-e-form-043840,data/cifs/mb-mp-e-form-043840.cif,-0.6195668833333343,0.0
train,mb-mp-e-form-004085,data/cifs/mb-mp-e-form-004085.cif,0.3613061079166666,0.0
train,mb-mp-e-form-021659,data/cifs/mb-mp-e-form-021659.cif,-0.2225693577449998,0.0
train,mb-mp-e-form-081919,data/cifs/mb-mp-e-form-081919.cif,-1.9394227501612893,0.0
train,mb-mp-e-form-034706,data/cifs/mb-mp-e-form-034706.cif,-0.456769496996528,0.0
train,mb-mp-e-form-083924,data/cifs/mb-mp-e-form-083924.cif,-1.9789974618489587,0.0
train,mb-mp-e-form-072429,data/cifs/mb-mp-e-form-072429.cif,-1.632173562555556,0.0
train,mb-mp-e-form-082097,data/cifs/mb-mp-e-form-082097.cif,-1.914904417044335,0.0
train,mb-mp-e-form-095491,data/cifs/mb-mp-e-form-095491.cif,-2.292710878529412,0.0
train,mb-mp-e-form-075637,data/cifs/mb-mp-e-form-075637.cif,-1.7391056072222222,0.0
train,mb-mp-e-form-075879,data/cifs/mb-mp-e-form-075879.cif,-1.770206514285714,0.0
train,mb-mp-e-form-043764,data/cifs/mb-mp-e-form-043764.cif,-0.6328360726016259,0.0
train,mb-mp-e-form-036272,data/cifs/mb-mp-e-form-036272.cif,-0.4910975329950744,0.0
train,mb-mp-e-form-113946,data/cifs/mb-mp-e-form-113946.cif,-2.7226239637500007,0.0
train,mb-mp-e-form-130497,data/cifs/mb-mp-e-form-130497.cif,-3.5125641469044444,0.0
train,mb-mp-e-form-051134,data/cifs/mb-mp-e-form-051134.cif,-0.8252515418749997,0.0
train,mb-mp-e-form-106035,data/cifs/mb-mp-e-form-106035.cif,-2.5468280469044444,0.0
train,mb-mp-e-form-051050,data/cifs/mb-mp-e-form-051050.cif,-0.8128214929706663,0.0
train,mb-mp-e-form-044431,data/cifs/mb-mp-e-form-044431.cif,-0.6517388535714284,0.0
train,mb-mp-e-form-062748,data/cifs/mb-mp-e-form-062748.cif,-1.2314157826666672,0.0
train,mb-mp-e-form-093213,data/cifs/mb-mp-e-form-093213.cif,-2.2371929180357144,0.0
train,mb-mp-e-form-078354,data/cifs/mb-mp-e-form-078354.cif,-1.8225095726330685,0.0
train,mb-mp-e-form-027833,data/cifs/mb-mp-e-form-027833.cif,-0.3363458016666669,0.0
train,mb-mp-e-form-069890,data/cifs/mb-mp-e-form-069890.cif,-1.5380988342857145,0.0
train,mb-mp-e-form-005936,data/cifs/mb-mp-e-form-005936.cif,0.1758900449999998,0.0
train,mb-mp-e-form-090593,data/cifs/mb-mp-e-form-090593.cif,-2.1621924356958133,0.0
train,mb-mp-e-form-114871,data/cifs/mb-mp-e-form-114871.cif,-2.7555717005032467,0.0
train,mb-mp-e-form-043254,data/cifs/mb-mp-e-form-043254.cif,-0.6231881707622221,0.0
train,mb-mp-e-form-008583,data/cifs/mb-mp-e-form-008583.cif,0.0971453374999988,0.0
train,mb-mp-e-form-101259,data/cifs/mb-mp-e-form-101259.cif,-2.430407272727273,0.0
train,mb-mp-e-form-082132,data/cifs/mb-mp-e-form-082132.cif,-1.9372431788492064,0.0
train,mb-mp-e-form-043181,data/cifs/mb-mp-e-form-043181.cif,-0.6390521233333324,0.0
train,mb-mp-e-form-001580,data/cifs/mb-mp-e-form-001580.cif,1.5153473421250006,0.0
train,mb-mp-e-form-087936,data/cifs/mb-mp-e-form-087936.cif,-2.110363616658333,0.0
train,mb-mp-e-form-013830,data/cifs/mb-mp-e-form-013830.cif,-0.007925793928571,0.0
train,mb-mp-e-form-082262,data/cifs/mb-mp-e-form-082262.cif,-1.9233916169200005,0.0
train,mb-mp-e-form-087406,data/cifs/mb-mp-e-form-087406.cif,-2.079824557222222,0.0
train,mb-mp-e-form-040822,data/cifs/mb-mp-e-form-040822.cif,-0.5639040939583335,0.0
train,mb-mp-e-form-048831,data/cifs/mb-mp-e-form-048831.cif,-0.7350121483333343,0.0
train,mb-mp-e-form-112918,data/cifs/mb-mp-e-form-112918.cif,-2.6987822899428577,0.0
train,mb-mp-e-form-042210,data/cifs/mb-mp-e-form-042210.cif,-0.6167659734132632,0.0
train,mb-mp-e-form-016164,data/cifs/mb-mp-e-form-016164.cif,-0.093707063750001,0.0
train,mb-mp-e-form-004980,data/cifs/mb-mp-e-form-004980.cif,0.226847703482143,0.0
train,mb-mp-e-form-122291,data/cifs/mb-mp-e-form-122291.cif,-2.9916861691071426,0.0
train,mb-mp-e-form-050139,data/cifs/mb-mp-e-form-050139.cif,-0.7944806031101189,0.0
train,mb-mp-e-form-046615,data/cifs/mb-mp-e-form-046615.cif,-0.7030623825000006,0.0
train,mb-mp-e-form-066787,data/cifs/mb-mp-e-form-066787.cif,-1.37685430246,0.0
train,mb-mp-e-form-006971,data/cifs/mb-mp-e-form-006971.cif,0.1313778875000002,0.0
train,mb-mp-e-form-115729,data/cifs/mb-mp-e-form-115729.cif,-2.782137040729167,0.0
train,mb-mp-e-form-071264,data/cifs/mb-mp-e-form-071264.cif,-1.6005030094425,0.0
train,mb-mp-e-form-025923,data/cifs/mb-mp-e-form-025923.cif,-0.3086740842857146,0.0
train,mb-mp-e-form-041324,data/cifs/mb-mp-e-form-041324.cif,-0.5845021854761906,0.0
train,mb-mp-e-form-104875,data/cifs/mb-mp-e-form-104875.cif,-2.519207201714285,0.0
train,mb-mp-e-form-117145,data/cifs/mb-mp-e-form-117145.cif,-2.839921233673808,0.0
train,mb-mp-e-form-064958,data/cifs/mb-mp-e-form-064958.cif,-1.3723992570689656,0.0
train,mb-mp-e-form-108892,data/cifs/mb-mp-e-form-108892.cif,-2.597815096534954,0.0
train,mb-mp-e-form-034751,data/cifs/mb-mp-e-form-034751.cif,-0.4456193882758627,0.0
train,mb-mp-e-form-098653,data/cifs/mb-mp-e-form-098653.cif,-2.3712484528,0.0
train,mb-mp-e-form-029679,data/cifs/mb-mp-e-form-029679.cif,-0.3722733233333323,0.0
train,mb-mp-e-form-059765,data/cifs/mb-mp-e-form-059765.cif,-1.093762186531609,0.0
train,mb-mp-e-form-005386,data/cifs/mb-mp-e-form-005386.cif,0.2790475065683336,0.0
train,mb-mp-e-form-104531,data/cifs/mb-mp-e-form-104531.cif,-2.5017874841447365,0.0
train,mb-mp-e-form-122586,data/cifs/mb-mp-e-form-122586.cif,-2.9902393083033334,0.0
train,mb-mp-e-form-057963,data/cifs/mb-mp-e-form-057963.cif,-1.0804523303385416,0.0
train,mb-mp-e-form-049532,data/cifs/mb-mp-e-form-049532.cif,-0.772376688611112,0.0
train,mb-mp-e-form-077540,data/cifs/mb-mp-e-form-077540.cif,-1.795794246458333,0.0
train,mb-mp-e-form-038797,data/cifs/mb-mp-e-form-038797.cif,-0.5184129450000006,0.0
train,mb-mp-e-form-013786,data/cifs/mb-mp-e-form-013786.cif,-0.006942833888889,0.0
train,mb-mp-e-form-095950,data/cifs/mb-mp-e-form-095950.cif,-2.3264144332991066,0.0
train,mb-mp-e-form-000699,data/cifs/mb-mp-e-form-000699.cif,1.8092655014583343,0.0
train,mb-mp-e-form-121103,data/cifs/mb-mp-e-form-121103.cif,-2.982799074678965,0.0
train,mb-mp-e-form-058165,data/cifs/mb-mp-e-form-058165.cif,-1.0651873159493326,0.0
train,mb-mp-e-form-033870,data/cifs/mb-mp-e-form-033870.cif,-0.4410927112499996,0.0
train,mb-mp-e-form-099299,data/cifs/mb-mp-e-form-099299.cif,-2.3977886921629987,0.0
train,mb-mp-e-form-104958,data/cifs/mb-mp-e-form-104958.cif,-2.51035491982143,0.0
train,mb-mp-e-form-014906,data/cifs/mb-mp-e-form-014906.cif,-0.041052319952,0.0
train,mb-mp-e-form-071437,data/cifs/mb-mp-e-form-071437.cif,-1.5929372039020002,0.0
train,mb-mp-e-form-053327,data/cifs/mb-mp-e-form-053327.cif,-0.8912601414166673,0.0
train,mb-mp-e-form-072465,data/cifs/mb-mp-e-form-072465.cif,-1.6133745299566662,0.0
train,mb-mp-e-form-069043,data/cifs/mb-mp-e-form-069043.cif,-1.529501097445454,0.0
train,mb-mp-e-form-113466,data/cifs/mb-mp-e-form-113466.cif,-2.7085377714560432,0.0
train,mb-mp-e-form-003709,data/cifs/mb-mp-e-form-003709.cif,0.4736878816666669,0.0
train,mb-mp-e-form-043156,data/cifs/mb-mp-e-form-043156.cif,-0.6324266437500006,0.0
train,mb-mp-e-form-099685,data/cifs/mb-mp-e-form-099685.cif,-2.394201206973684,0.0
train,mb-mp-e-form-013557,data/cifs/mb-mp-e-form-013557.cif,-0.0262685816666667,0.0
train,mb-mp-e-form-099401,data/cifs/mb-mp-e-form-099401.cif,-2.396540370678572,0.0
train,mb-mp-e-form-042542,data/cifs/mb-mp-e-form-042542.cif,-0.6059059486363633,0.0
train,mb-mp-e-form-065860,data/cifs/mb-mp-e-form-065860.cif,-1.4000670765560002,0.0
train,mb-mp-e-form-015066,data/cifs/mb-mp-e-form-015066.cif,-0.0630536574999998,0.0
train,mb-mp-e-form-125053,data/cifs/mb-mp-e-form-125053.cif,-3.134361262992424,0.0
train,mb-mp-e-form-039938,data/cifs/mb-mp-e-form-039938.cif,-0.5782823879166669,0.0
train,mb-mp-e-form-003785,data/cifs/mb-mp-e-form-003785.cif,0.5995580199650004,0.0
train,mb-mp-e-form-114782,data/cifs/mb-mp-e-form-114782.cif,-2.7762433569791662,0.0
train,mb-mp-e-form-128920,data/cifs/mb-mp-e-form-128920.cif,-3.3907787721590923,0.0
train,mb-mp-e-form-130960,data/cifs/mb-mp-e-form-130960.cif,-3.7312820886425,0.0
train,mb-mp-e-form-089940,data/cifs/mb-mp-e-form-089940.cif,-2.162700917024966,0.0
train,mb-mp-e-form-041345,data/cifs/mb-mp-e-form-041345.cif,-0.5964577248809514,0.0
train,mb-mp-e-form-124555,data/cifs/mb-mp-e-form-124555.cif,-3.099223235219157,0.0
train,mb-mp-e-form-030558,data/cifs/mb-mp-e-form-030558.cif,-0.3875526968750007,0.0
train,mb-mp-e-form-107171,data/cifs/mb-mp-e-form-107171.cif,-2.550742781412337,0.0
train,mb-mp-e-form-117313,data/cifs/mb-mp-e-form-117313.cif,-2.830961391052857,0.0
train,mb-mp-e-form-062880,data/cifs/mb-mp-e-form-062880.cif,-1.2790511466875003,0.0
train,mb-mp-e-form-083172,data/cifs/mb-mp-e-form-083172.cif,-1.942456552476852,0.0
train,mb-mp-e-form-096620,data/cifs/mb-mp-e-form-096620.cif,-2.324101645967291,0.0
train,mb-mp-e-form-125323,data/cifs/mb-mp-e-form-125323.cif,-3.151689805166256,0.0
train,mb-mp-e-form-031641,data/cifs/mb-mp-e-form-031641.cif,-0.3994218158333336,0.0
train,mb-mp-e-form-028509,data/cifs/mb-mp-e-form-028509.cif,-0.3449951922222219,0.0
train,mb-mp-e-form-090991,data/cifs/mb-mp-e-form-090991.cif,-2.1798096744999995,0.0
train,mb-mp-e-form-076767,data/cifs/mb-mp-e-form-076767.cif,-1.7552390917500005,0.0
train,mb-mp-e-form-036608,data/cifs/mb-mp-e-form-036608.cif,-0.4953659394444444,0.0
train,mb-mp-e-form-038130,data/cifs/mb-mp-e-form-038130.cif,-0.5242645387037044,0.0
train,mb-mp-e-form-014500,data/cifs/mb-mp-e-form-014500.cif,-0.0517401585526314,0.0
train,mb-mp-e-form-086272,data/cifs/mb-mp-e-form-086272.cif,-2.0584105601388885,0.0
train,mb-mp-e-form-102457,data/cifs/mb-mp-e-form-102457.cif,-2.453936183371818,0.0
train,mb-mp-e-form-063633,data/cifs/mb-mp-e-form-063633.cif,-1.2745597214944442,0.0
train,mb-mp-e-form-117627,data/cifs/mb-mp-e-form-117627.cif,-2.83752065075,0.0
train,mb-mp-e-form-047768,data/cifs/mb-mp-e-form-047768.cif,-0.7241561891222571,0.0
train,mb-mp-e-form-069565,data/cifs/mb-mp-e-form-069565.cif,-1.5231092014399996,0.0
train,mb-mp-e-form-066949,data/cifs/mb-mp-e-form-066949.cif,-1.4245105325999998,0.0
train,mb-mp-e-form-111593,data/cifs/mb-mp-e-form-111593.cif,-2.6640150268681326,0.0
train,mb-mp-e-form-101286,data/cifs/mb-mp-e-form-101286.cif,-2.433040666098901,0.0
train,mb-mp-e-form-117761,data/cifs/mb-mp-e-form-117761.cif,-2.87243106644643,0.0
train,mb-mp-e-form-057311,data/cifs/mb-mp-e-form-057311.cif,-1.023077474999092,0.0
train,mb-mp-e-form-012515,data/cifs/mb-mp-e-form-012515.cif,0.0047415000000003,0.0
train,mb-mp-e-form-058297,data/cifs/mb-mp-e-form-058297.cif,-1.0569344849791662,0.0
train,mb-mp-e-form-087702,data/cifs/mb-mp-e-form-087702.cif,-2.0785893499833343,0.0
train,mb-mp-e-form-105289,data/cifs/mb-mp-e-form-105289.cif,-2.5172118847500013,0.0
train,mb-mp-e-form-130641,data/cifs/mb-mp-e-form-130641.cif,-3.4972043957575765,0.0
train,mb-mp-e-form-098556,data/cifs/mb-mp-e-form-098556.cif,-2.3776705980357145,0.0
train,mb-mp-e-form-053540,data/cifs/mb-mp-e-form-053540.cif,-0.8958464168907923,0.0
train,mb-mp-e-form-119762,data/cifs/mb-mp-e-form-119762.cif,-2.9479559609642862,0.0
train,mb-mp-e-form-110002,data/cifs/mb-mp-e-form-110002.cif,-2.635950540565217,0.0
train,mb-mp-e-form-058314,data/cifs/mb-mp-e-form-058314.cif,-1.0819433258200002,0.0
train,mb-mp-e-form-024171,data/cifs/mb-mp-e-form-024171.cif,-0.2805909899549552,0.0
val,mb-mp-e-form-001595,data/cifs/mb-mp-e-form-001595.cif,1.0672908678125008,0.0
val,mb-mp-e-form-079025,data/cifs/mb-mp-e-form-079025.cif,-1.8502886769549984,0.0
val,mb-mp-e-form-128156,data/cifs/mb-mp-e-form-128156.cif,-3.3231675674725274,0.0
val,mb-mp-e-form-107443,data/cifs/mb-mp-e-form-107443.cif,-2.569851147142857,0.0
val,mb-mp-e-form-043741,data/cifs/mb-mp-e-form-043741.cif,-0.6279289817013891,0.0
val,mb-mp-e-form-041688,data/cifs/mb-mp-e-form-041688.cif,-0.5946597428110525,0.0
val,mb-mp-e-form-131626,data/cifs/mb-mp-e-form-131626.cif,-3.714629606250001,0.0
val,mb-mp-e-form-054464,data/cifs/mb-mp-e-form-054464.cif,-0.9023563832019996,0.0
val,mb-mp-e-form-088065,data/cifs/mb-mp-e-form-088065.cif,-2.1139861375787024,0.0
val,mb-mp-e-form-114413,data/cifs/mb-mp-e-form-114413.cif,-2.726918175252976,0.0
val,mb-mp-e-form-026508,data/cifs/mb-mp-e-form-026508.cif,-0.31786461,0.0
val,mb-mp-e-form-067774,data/cifs/mb-mp-e-form-067774.cif,-1.457674004537038,0.0
val,mb-mp-e-form-119261,data/cifs/mb-mp-e-form-119261.cif,-2.9019335596049807,0.0
val,mb-mp-e-form-075417,data/cifs/mb-mp-e-form-075417.cif,-1.7296208976658158,0.0
val,mb-mp-e-form-070564,data/cifs/mb-mp-e-form-070564.cif,-1.5468456858670592,0.0
val,mb-mp-e-form-103560,data/cifs/mb-mp-e-form-103560.cif,-2.473903657301587,0.0
val,mb-mp-e-form-111626,data/cifs/mb-mp-e-form-111626.cif,-2.658873002083334,0.0
val,mb-mp-e-form-000806,data/cifs/mb-mp-e-form-000806.cif,2.347187780833333,0.0
val,mb-mp-e-form-015067,data/cifs/mb-mp-e-form-015067.cif,-0.0631904299999999,0.0
val,mb-mp-e-form-131672,data/cifs/mb-mp-e-form-131672.cif,-3.69306874275,0.0
val,mb-mp-e-form-103310,data/cifs/mb-mp-e-form-103310.cif,-2.4827736764123385,0.0
val,mb-mp-e-form-086909,data/cifs/mb-mp-e-form-086909.cif,-2.0730956436250003,0.0
val,mb-mp-e-form-049944,data/cifs/mb-mp-e-form-049944.cif,-0.7845128525781261,0.0
val,mb-mp-e-form-010253,data/cifs/mb-mp-e-form-010253.cif,0.0445481487931034,0.0
val,mb-mp-e-form-016917,data/cifs/mb-mp-e-form-016917.cif,-0.1196165807533304,0.0
val,mb-mp-e-form-101496,data/cifs/mb-mp-e-form-101496.cif,-2.4242774728516068,0.0
val,mb-mp-e-form-064766,data/cifs/mb-mp-e-form-064766.cif,-1.2966788556666669,0.0
val,mb-mp-e-form-126762,data/cifs/mb-mp-e-form-126762.cif,-3.2438341007261906,0.0
val,mb-mp-e-form-031860,data/cifs/mb-mp-e-form-031860.cif,-0.4062244548333339,0.0
val,mb-mp-e-form-017296,data/cifs/mb-mp-e-form-017296.cif,-0.1218797451666667,0.0
val,mb-mp-e-form-039157,data/cifs/mb-mp-e-form-039157.cif,-0.5522812559999999,0.0
val,mb-mp-e-form-078770,data/cifs/mb-mp-e-form-078770.cif,-1.818433835,0.0
val,mb-mp-e-form-048581,data/cifs/mb-mp-e-form-048581.cif,-0.7433547478660714,0.0
val,mb-mp-e-form-098405,data/cifs/mb-mp-e-form-098405.cif,-2.363605097201164,0.0
val,mb-mp-e-form-023852,data/cifs/mb-mp-e-form-023852.cif,-0.2667861937499998,0.0
val,mb-mp-e-form-012954,data/cifs/mb-mp-e-form-012954.cif,-0.0135676175000001,0.0
val,mb-mp-e-form-073975,data/cifs/mb-mp-e-form-073975.cif,-1.705879085982143,0.0
val,mb-mp-e-form-054650,data/cifs/mb-mp-e-form-054650.cif,-0.9282718156250004,0.0
val,mb-mp-e-form-022413,data/cifs/mb-mp-e-form-022413.cif,-0.2501039118749988,0.0
val,mb-mp-e-form-054299,data/cifs/mb-mp-e-form-054299.cif,-0.9113645860185176,0.0
val,mb-mp-e-form-055037,data/cifs/mb-mp-e-form-055037.cif,-0.941944340666666,0.0
val,mb-mp-e-form-087123,data/cifs/mb-mp-e-form-087123.cif,-2.07425169759738,0.0
val,mb-mp-e-form-095268,data/cifs/mb-mp-e-form-095268.cif,-2.289317598090061,0.0
val,mb-mp-e-form-129100,data/cifs/mb-mp-e-form-129100.cif,-3.4079446159294866,0.0
val,mb-mp-e-form-087895,data/cifs/mb-mp-e-form-087895.cif,-2.111859783056,0.0
val,mb-mp-e-form-050071,data/cifs/mb-mp-e-form-050071.cif,-0.7910529195999999,0.0
val,mb-mp-e-form-098918,data/cifs/mb-mp-e-form-098918.cif,-2.387100996017857,0.0
val,mb-mp-e-form-107454,data/cifs/mb-mp-e-form-107454.cif,-2.5646103782983345,0.0
val,mb-mp-e-form-129054,data/cifs/mb-mp-e-form-129054.cif,-3.4110622571296307,0.0
val,mb-mp-e-form-070685,data/cifs/mb-mp-e-form-070685.cif,-1.537551441893939,0.0
val,mb-mp-e-form-117809,data/cifs/mb-mp-e-form-117809.cif,-2.8742408896875,0.0
val,mb-mp-e-form-129063,data/cifs/mb-mp-e-form-129063.cif,-3.453983239179688,0.0
val,mb-mp-e-form-090634,data/cifs/mb-mp-e-form-090634.cif,-2.16999050202381,0.0
val,mb-mp-e-form-051802,data/cifs/mb-mp-e-form-051802.cif,-0.831059395625,0.0
val,mb-mp-e-form-127560,data/cifs/mb-mp-e-form-127560.cif,-3.2627998741551587,0.0
val,mb-mp-e-form-105509,data/cifs/mb-mp-e-form-105509.cif,-2.5107207180032463,0.0
val,mb-mp-e-form-118910,data/cifs/mb-mp-e-form-118910.cif,-2.8869389707812494,0.0
val,mb-mp-e-form-106452,data/cifs/mb-mp-e-form-106452.cif,-2.540706859032393,0.0
val,mb-mp-e-form-028467,data/cifs/mb-mp-e-form-028467.cif,-0.3422775765885415,0.0
val,mb-mp-e-form-016385,data/cifs/mb-mp-e-form-016385.cif,-0.0900573658974366,0.0
val,mb-mp-e-form-055917,data/cifs/mb-mp-e-form-055917.cif,-0.989359473689999,0.0
val,mb-mp-e-form-128450,data/cifs/mb-mp-e-form-128450.cif,-3.367056718083333,0.0
val,mb-mp-e-form-117520,data/cifs/mb-mp-e-form-117520.cif,-2.81795569542517,0.0
val,mb-mp-e-form-121017,data/cifs/mb-mp-e-form-121017.cif,-2.971690942031734,0.0
val,mb-mp-e-form-012541,data/cifs/mb-mp-e-form-012541.cif,0.0028084265384616,0.0
val,mb-mp-e-form-001755,data/cifs/mb-mp-e-form-001755.cif,1.175166996644736,0.0
val,mb-mp-e-form-064603,data/cifs/mb-mp-e-form-064603.cif,-1.3295948786646907,0.0
val,mb-mp-e-form-124016,data/cifs/mb-mp-e-form-124016.cif,-3.0848373522826096,0.0
val,mb-mp-e-form-037310,data/cifs/mb-mp-e-form-037310.cif,-0.5171538113541674,0.0
val,mb-mp-e-form-104050,data/cifs/mb-mp-e-form-104050.cif,-2.5007385896590915,0.0
val,mb-mp-e-form-068971,data/cifs/mb-mp-e-form-068971.cif,-1.5288287572413792,0.0
val,mb-mp-e-form-106369,data/cifs/mb-mp-e-form-106369.cif,-2.5355421830714286,0.0
val,mb-mp-e-form-119902,data/cifs/mb-mp-e-form-119902.cif,-2.9434088829525,0.0
val,mb-mp-e-form-129265,data/cifs/mb-mp-e-form-129265.cif,-3.4780123915033343,0.0
val,mb-mp-e-form-010826,data/cifs/mb-mp-e-form-010826.cif,0.0416016712931034,0.0
val,mb-mp-e-form-057984,data/cifs/mb-mp-e-form-057984.cif,-1.0810283587847225,0.0
val,mb-mp-e-form-037271,data/cifs/mb-mp-e-form-037271.cif,-0.5064074775000004,0.0
val,mb-mp-e-form-017208,data/cifs/mb-mp-e-form-017208.cif,-0.1246351417346948,0.0
val,mb-mp-e-form-014516,data/cifs/mb-mp-e-form-014516.cif,-0.0550615786904759,0.0
val,mb-mp-e-form-089186,data/cifs/mb-mp-e-form-089186.cif,-2.123313987386988,0.0
val,mb-mp-e-form-039290,data/cifs/mb-mp-e-form-039290.cif,-0.5372531050000001,0.0
val,mb-mp-e-form-084899,data/cifs/mb-mp-e-form-084899.cif,-2.030493195714,0.0
val,mb-mp-e-form-066625,data/cifs/mb-mp-e-form-066625.cif,-1.4031478653048786,0.0
val,mb-mp-e-form-112290,data/cifs/mb-mp-e-form-112290.cif,-2.6782918097516664,0.0
val,mb-mp-e-form-061743,data/cifs/mb-mp-e-form-061743.cif,-1.1778554376562504,0.0
val,mb-mp-e-form-119018,data/cifs/mb-mp-e-form-119018.cif,-2.8846502162500007,0.0
val,mb-mp-e-form-068058,data/cifs/mb-mp-e-form-068058.cif,-1.4847761357500004,0.0
val,mb-mp-e-form-005170,data/cifs/mb-mp-e-form-005170.cif,0.2862649919781403,0.0
val,mb-mp-e-form-029219,data/cifs/mb-mp-e-form-029219.cif,-0.3710799443137255,0.0
val,mb-mp-e-form-105740,data/cifs/mb-mp-e-form-105740.cif,-2.516330511203416,0.0
val,mb-mp-e-form-096695,data/cifs/mb-mp-e-form-096695.cif,-2.331397018243265,0.0
val,mb-mp-e-form-028422,data/cifs/mb-mp-e-form-028422.cif,-0.3507162849999996,0.0
val,mb-mp-e-form-029026,data/cifs/mb-mp-e-form-029026.cif,-0.3619261737499997,0.0
val,mb-mp-e-form-120762,data/cifs/mb-mp-e-form-120762.cif,-2.9843613191666662,0.0
val,mb-mp-e-form-099088,data/cifs/mb-mp-e-form-099088.cif,-2.3849015011412216,0.0
val,mb-mp-e-form-087238,data/cifs/mb-mp-e-form-087238.cif,-2.0600594928683336,0.0
val,mb-mp-e-form-111131,data/cifs/mb-mp-e-form-111131.cif,-2.6460902497500003,0.0
val,mb-mp-e-form-034897,data/cifs/mb-mp-e-form-034897.cif,-0.4493725007019989,0.0
val,mb-mp-e-form-009776,data/cifs/mb-mp-e-form-009776.cif,0.0776066271729952,0.0
val,mb-mp-e-form-050823,data/cifs/mb-mp-e-form-050823.cif,-0.7910806637499999,0.0
val,mb-mp-e-form-084560,data/cifs/mb-mp-e-form-084560.cif,-1.97707349775,0.0
val,mb-mp-e-form-121972,data/cifs/mb-mp-e-form-121972.cif,-3.004542820782966,0.0
val,mb-mp-e-form-080880,data/cifs/mb-mp-e-form-080880.cif,-1.8980109205959992,0.0
val,mb-mp-e-form-047739,data/cifs/mb-mp-e-form-047739.cif,-0.7249961101354164,0.0
val,mb-mp-e-form-093866,data/cifs/mb-mp-e-form-093866.cif,-2.260010067440476,0.0
val,mb-mp-e-form-031139,data/cifs/mb-mp-e-form-031139.cif,-0.4027145794117643,0.0
val,mb-mp-e-form-083785,data/cifs/mb-mp-e-form-083785.cif,-1.95085507375,0.0
val,mb-mp-e-form-064475,data/cifs/mb-mp-e-form-064475.cif,-1.3261653179077382,0.0
val,mb-mp-e-form-011011,data/cifs/mb-mp-e-form-011011.cif,0.02804549375,0.0
val,mb-mp-e-form-091405,data/cifs/mb-mp-e-form-091405.cif,-2.195562057638889,0.0
val,mb-mp-e-form-028210,data/cifs/mb-mp-e-form-028210.cif,-0.343125565964883,0.0
val,mb-mp-e-form-025973,data/cifs/mb-mp-e-form-025973.cif,-0.30589058703125,0.0
val,mb-mp-e-form-043534,data/cifs/mb-mp-e-form-043534.cif,-0.6228083662500001,0.0
val,mb-mp-e-form-020323,data/cifs/mb-mp-e-form-020323.cif,-0.2042444941666671,0.0
val,mb-mp-e-form-131471,data/cifs/mb-mp-e-form-131471.cif,-3.7142194431666646,0.0
val,mb-mp-e-form-056234,data/cifs/mb-mp-e-form-056234.cif,-0.990208951480769,0.0
val,mb-mp-e-form-055740,data/cifs/mb-mp-e-form-055740.cif,-0.9557520106751528,0.0
val,mb-mp-e-form-043542,data/cifs/mb-mp-e-form-043542.cif,-0.6278525736842099,0.0
val,mb-mp-e-form-006726,data/cifs/mb-mp-e-form-006726.cif,0.1689623550000005,0.0
val,mb-mp-e-form-020230,data/cifs/mb-mp-e-form-020230.cif,-0.1976294157239991,0.0
val,mb-mp-e-form-064676,data/cifs/mb-mp-e-form-064676.cif,-1.322605272031251,0.0
val,mb-mp-e-form-066036,data/cifs/mb-mp-e-form-066036.cif,-1.38254572218006,0.0
val,mb-mp-e-form-017082,data/cifs/mb-mp-e-form-017082.cif,-0.1317044874999999,0.0
val,mb-mp-e-form-102728,data/cifs/mb-mp-e-form-102728.cif,-2.45450038552721,0.0
val,mb-mp-e-form-021795,data/cifs/mb-mp-e-form-021795.cif,-0.2193256505,0.0
val,mb-mp-e-form-036397,data/cifs/mb-mp-e-form-036397.cif,-0.4803474307407403,0.0
val,mb-mp-e-form-100876,data/cifs/mb-mp-e-form-100876.cif,-2.432026397059448,0.0
val,mb-mp-e-form-017095,data/cifs/mb-mp-e-form-017095.cif,-0.1192566875,0.0
val,mb-mp-e-form-071813,data/cifs/mb-mp-e-form-071813.cif,-1.5851901084782614,0.0
val,mb-mp-e-form-034300,data/cifs/mb-mp-e-form-034300.cif,-0.4481567422058825,0.0
val,mb-mp-e-form-110410,data/cifs/mb-mp-e-form-110410.cif,-2.63609033875,0.0
val,mb-mp-e-form-107785,data/cifs/mb-mp-e-form-107785.cif,-2.5920355986637933,0.0
val,mb-mp-e-form-044056,data/cifs/mb-mp-e-form-044056.cif,-0.6545958891666661,0.0
val,mb-mp-e-form-112010,data/cifs/mb-mp-e-form-112010.cif,-2.684460297352941,0.0
val,mb-mp-e-form-016049,data/cifs/mb-mp-e-form-016049.cif,-0.1019510633333341,0.0
val,mb-mp-e-form-031497,data/cifs/mb-mp-e-form-031497.cif,-0.4039804399999998,0.0
val,mb-mp-e-form-089698,data/cifs/mb-mp-e-form-089698.cif,-2.139020281982,0.0
val,mb-mp-e-form-089190,data/cifs/mb-mp-e-form-089190.cif,-2.133517668333334,0.0
val,mb-mp-e-form-058210,data/cifs/mb-mp-e-form-058210.cif,-1.0650876053645837,0.0
val,mb-mp-e-form-005400,data/cifs/mb-mp-e-form-005400.cif,0.2849348512500005,0.0
val,mb-mp-e-form-006388,data/cifs/mb-mp-e-form-006388.cif,0.202588047777778,0.0
val,mb-mp-e-form-094214,data/cifs/mb-mp-e-form-094214.cif,-2.266198682788463,0.0
val,mb-mp-e-form-132015,data/cifs/mb-mp-e-form-132015.cif,-3.868266651499999,0.0
val,mb-mp-e-form-026499,data/cifs/mb-mp-e-form-026499.cif,-0.3112622603061226,0.0
val,mb-mp-e-form-069437,data/cifs/mb-mp-e-form-069437.cif,-1.5316044849999992,0.0
val,mb-mp-e-form-051836,data/cifs/mb-mp-e-form-051836.cif,-0.8253899641666669,0.0
val,mb-mp-e-form-039011,data/cifs/mb-mp-e-form-039011.cif,-0.5379240412499993,0.0
val,mb-mp-e-form-105423,data/cifs/mb-mp-e-form-105423.cif,-2.509955091309523,0.0
val,mb-mp-e-form-020420,data/cifs/mb-mp-e-form-020420.cif,-0.1914945107500003,0.0
val,mb-mp-e-form-006249,data/cifs/mb-mp-e-form-006249.cif,0.1695983861111104,0.0
val,mb-mp-e-form-090917,data/cifs/mb-mp-e-form-090917.cif,-2.198379110714286,0.0
val,mb-mp-e-form-057141,data/cifs/mb-mp-e-form-057141.cif,-1.036953539362245,0.0
val,mb-mp-e-form-036337,data/cifs/mb-mp-e-form-036337.cif,-0.4974899394444436,0.0
val,mb-mp-e-form-045648,data/cifs/mb-mp-e-form-045648.cif,-0.669841942666667,0.0
val,mb-mp-e-form-129484,data/cifs/mb-mp-e-form-129484.cif,-3.4906583916145824,0.0
val,mb-mp-e-form-023123,data/cifs/mb-mp-e-form-023123.cif,-0.2680862087499989,0.0
val,mb-mp-e-form-132361,data/cifs/mb-mp-e-form-132361.cif,-3.9391026827499993,0.0
val,mb-mp-e-form-084530,data/cifs/mb-mp-e-form-084530.cif,-2.001253390416668,0.0
val,mb-mp-e-form-055240,data/cifs/mb-mp-e-form-055240.cif,-0.9616952134693518,0.0
val,mb-mp-e-form-119174,data/cifs/mb-mp-e-form-119174.cif,-2.9149755023188884,0.0
val,mb-mp-e-form-035118,data/cifs/mb-mp-e-form-035118.cif,-0.4686830168749996,0.0
val,mb-mp-e-form-006095,data/cifs/mb-mp-e-form-006095.cif,0.2129558082284484,0.0
val,mb-mp-e-form-117507,data/cifs/mb-mp-e-form-117507.cif,-2.833351515133928,0.0
val,mb-mp-e-form-117334,data/cifs/mb-mp-e-form-117334.cif,-2.848216800083334,0.0
val,mb-mp-e-form-017646,data/cifs/mb-mp-e-form-017646.cif,-0.1225882349999998,0.0
val,mb-mp-e-form-067469,data/cifs/mb-mp-e-form-067469.cif,-1.4212185226874994,0.0
val,mb-mp-e-form-107760,data/cifs/mb-mp-e-form-107760.cif,-2.5768445893750007,0.0
val,mb-mp-e-form-119460,data/cifs/mb-mp-e-form-119460.cif,-2.904749784344444,0.0
val,mb-mp-e-form-028847,data/cifs/mb-mp-e-form-028847.cif,-0.3407350991666664,0.0
val,mb-mp-e-form-100042,data/cifs/mb-mp-e-form-100042.cif,-2.4104545030731,0.0
val,mb-mp-e-form-066767,data/cifs/mb-mp-e-form-066767.cif,-1.411842861814999,0.0
val,mb-mp-e-form-013394,data/cifs/mb-mp-e-form-013394.cif,-0.013515451249999,0.0
val,mb-mp-e-form-079465,data/cifs/mb-mp-e-form-079465.cif,-1.843470102085,0.0
val,mb-mp-e-form-046010,data/cifs/mb-mp-e-form-046010.cif,-0.6858220204017856,0.0
val,mb-mp-e-form-088880,data/cifs/mb-mp-e-form-088880.cif,-2.1353519164599994,0.0
val,mb-mp-e-form-127364,data/cifs/mb-mp-e-form-127364.cif,-3.2717868886111123,0.0
val,mb-mp-e-form-006043,data/cifs/mb-mp-e-form-006043.cif,0.2091868381249999,0.0
val,mb-mp-e-form-067428,data/cifs/mb-mp-e-form-067428.cif,-1.4597943521428576,0.0
val,mb-mp-e-form-008468,data/cifs/mb-mp-e-form-008468.cif,0.1077783263316671,0.0
val,mb-mp-e-form-131106,data/cifs/mb-mp-e-form-131106.cif,-3.6373790515530313,0.0
val,mb-mp-e-form-041397,data/cifs/mb-mp-e-form-041397.cif,-0.5925638851258813,0.0
val,mb-mp-e-form-125643,data/cifs/mb-mp-e-form-125643.cif,-3.1244346450119056,0.0
val,mb-mp-e-form-124310,data/cifs/mb-mp-e-form-124310.cif,-3.076071788333332,0.0
val,mb-mp-e-form-086891,data/cifs/mb-mp-e-form-086891.cif,-2.0693757705559994,0.0
val,mb-mp-e-form-085952,data/cifs/mb-mp-e-form-085952.cif,-2.0527572337016657,0.0
val,mb-mp-e-form-101204,data/cifs/mb-mp-e-form-101204.cif,-2.4289673137912087,0.0
val,mb-mp-e-form-092325,data/cifs/mb-mp-e-form-092325.cif,-2.211334356666668,0.0
val,mb-mp-e-form-126186,data/cifs/mb-mp-e-form-126186.cif,-3.228919476249999,0.0
val,mb-mp-e-form-013655,data/cifs/mb-mp-e-form-013655.cif,-0.0143063084615376,0.0
val,mb-mp-e-form-113080,data/cifs/mb-mp-e-form-113080.cif,-2.7010892760833336,0.0
val,mb-mp-e-form-049147,data/cifs/mb-mp-e-form-049147.cif,-0.7751795068749994,0.0
val,mb-mp-e-form-081568,data/cifs/mb-mp-e-form-081568.cif,-1.8874399850505883,0.0
val,mb-mp-e-form-065085,data/cifs/mb-mp-e-form-065085.cif,-1.3628045290384612,0.0
val,mb-mp-e-form-017165,data/cifs/mb-mp-e-form-017165.cif,-0.1291057506521737,0.0
val,mb-mp-e-form-021288,data/cifs/mb-mp-e-form-021288.cif,-0.225670496402221,0.0
val,mb-mp-e-form-063590,data/cifs/mb-mp-e-form-063590.cif,-1.258231825134805,0.0
val,mb-mp-e-form-079613,data/cifs/mb-mp-e-form-079613.cif,-1.855906752180451,0.0
val,mb-mp-e-form-102739,data/cifs/mb-mp-e-form-102739.cif,-2.4516330177499994,0.0
val,mb-mp-e-form-030990,data/cifs/mb-mp-e-form-030990.cif,-0.3975240506666658,0.0
val,mb-mp-e-form-000431,data/cifs/mb-mp-e-form-000431.cif,2.0693253625,0.0
val,mb-mp-e-form-081210,data/cifs/mb-mp-e-form-081210.cif,-1.88427580475,0.0
val,mb-mp-e-form-089119,data/cifs/mb-mp-e-form-089119.cif,-2.122439952686345,0.0
val,mb-mp-e-form-026088,data/cifs/mb-mp-e-form-026088.cif,-0.3055411812500006,0.0
val,mb-mp-e-form-127805,data/cifs/mb-mp-e-form-127805.cif,-3.380036373341836,0.0
val,mb-mp-e-form-119698,data/cifs/mb-mp-e-form-119698.cif,-2.90483898997,0.0
val,mb-mp-e-form-079750,data/cifs/mb-mp-e-form-079750.cif,-1.855700252884285,0.0
val,mb-mp-e-form-096008,data/cifs/mb-mp-e-form-096008.cif,-2.311725563164063,0.0
val,mb-mp-e-form-042218,data/cifs/mb-mp-e-form-042218.cif,-0.5987561700000001,0.0
val,mb-mp-e-form-101883,data/cifs/mb-mp-e-form-101883.cif,-2.457778527005714,0.0
val,mb-mp-e-form-025908,data/cifs/mb-mp-e-form-025908.cif,-0.3099058249999995,0.0
val,mb-mp-e-form-023078,data/cifs/mb-mp-e-form-023078.cif,-0.2602637445833338,0.0
val,mb-mp-e-form-106744,data/cifs/mb-mp-e-form-106744.cif,-2.530644629778571,0.0
val,mb-mp-e-form-129297,data/cifs/mb-mp-e-form-129297.cif,-3.404017054126666,0.0
val,mb-mp-e-form-123148,data/cifs/mb-mp-e-form-123148.cif,-3.0602962395000004,0.0
val,mb-mp-e-form-099233,data/cifs/mb-mp-e-form-099233.cif,-2.3968448591071434,0.0
val,mb-mp-e-form-092622,data/cifs/mb-mp-e-form-092622.cif,-2.213331632222223,0.0
val,mb-mp-e-form-089589,data/cifs/mb-mp-e-form-089589.cif,-2.140254568977257,0.0
val,mb-mp-e-form-024418,data/cifs/mb-mp-e-form-024418.cif,-0.2795875238095239,0.0
val,mb-mp-e-form-024621,data/cifs/mb-mp-e-form-024621.cif,-0.2869791374999997,0.0
val,mb-mp-e-form-049154,data/cifs/mb-mp-e-form-049154.cif,-0.7751897804717646,0.0
val,mb-mp-e-form-058320,data/cifs/mb-mp-e-form-058320.cif,-1.0528697950000006,0.0
val,mb-mp-e-form-051460,data/cifs/mb-mp-e-form-051460.cif,-0.831039628046875,0.0
val,mb-mp-e-form-039747,data/cifs/mb-mp-e-form-039747.cif,-0.5538980728048772,0.0
val,mb-mp-e-form-038534,data/cifs/mb-mp-e-form-038534.cif,-0.5235907433333343,0.0
val,mb-mp-e-form-012051,data/cifs/mb-mp-e-form-012051.cif,0.0053786512500002,0.0
val,mb-mp-e-form-038975,data/cifs/mb-mp-e-form-038975.cif,-0.5556570257499999,0.0
val,mb-mp-e-form-107806,data/cifs/mb-mp-e-form-107806.cif,-2.5904977007142844,0.0
val,mb-mp-e-form-119380,data/cifs/mb-mp-e-form-119380.cif,-2.896491599382184,0.0
val,mb-mp-e-form-057874,data/cifs/mb-mp-e-form-057874.cif,-1.0266388504545434,0.0
val,mb-mp-e-form-031792,data/cifs/mb-mp-e-form-031792.cif,-0.4019823112500003,0.0
val,mb-mp-e-form-122898,data/cifs/mb-mp-e-form-122898.cif,-3.037638180906,0.0
val,mb-mp-e-form-126833,data/cifs/mb-mp-e-form-126833.cif,-3.2715554751620366,0.0
val,mb-mp-e-form-065290,data/cifs/mb-mp-e-form-065290.cif,-1.3370667530647509,0.0
val,mb-mp-e-form-006894,data/cifs/mb-mp-e-form-006894.cif,0.2114168562500005,0.0
val,mb-mp-e-form-096406,data/cifs/mb-mp-e-form-096406.cif,-2.320797709134615,0.0
val,mb-mp-e-form-122257,data/cifs/mb-mp-e-form-122257.cif,-3.0106921006081486,0.0
val,mb-mp-e-form-078833,data/cifs/mb-mp-e-form-078833.cif,-1.8504093876562493,0.0
val,mb-mp-e-form-120482,data/cifs/mb-mp-e-form-120482.cif,-2.942503225613334,0.0
val,mb-mp-e-form-044267,data/cifs/mb-mp-e-form-044267.cif,-0.6437570588888882,0.0
val,mb-mp-e-form-008488,data/cifs/mb-mp-e-form-008488.cif,0.1126593270833331,0.0
val,mb-mp-e-form-035511,data/cifs/mb-mp-e-form-035511.cif,-0.4725281837499997,0.0
val,mb-mp-e-form-099235,data/cifs/mb-mp-e-form-099235.cif,-2.3873813075089285,0.0
val,mb-mp-e-form-064031,data/cifs/mb-mp-e-form-064031.cif,-1.3135531756562493,0.0
val,mb-mp-e-form-053152,data/cifs/mb-mp-e-form-053152.cif,-0.8857129920634921,0.0
val,mb-mp-e-form-121512,data/cifs/mb-mp-e-form-121512.cif,-2.963248422416666,0.0
val,mb-mp-e-form-116368,data/cifs/mb-mp-e-form-116368.cif,-2.795039954140625,0.0
val,mb-mp-e-form-004306,data/cifs/mb-mp-e-form-004306.cif,0.4239588331899999,0.0
val,mb-mp-e-form-103103,data/cifs/mb-mp-e-form-103103.cif,-2.470745655294118,0.0
val,mb-mp-e-form-023141,data/cifs/mb-mp-e-form-023141.cif,-0.2624765549759999,0.0
val,mb-mp-e-form-041861,data/cifs/mb-mp-e-form-041861.cif,-0.5844787905555565,0.0
val,mb-mp-e-form-101508,data/cifs/mb-mp-e-form-101508.cif,-2.4274041938782056,0.0
val,mb-mp-e-form-077757,data/cifs/mb-mp-e-form-077757.cif,-1.8034921886911464,0.0
val,mb-mp-e-form-016904,data/cifs/mb-mp-e-form-016904.cif,-0.0893690029520001,0.0
val,mb-mp-e-form-091582,data/cifs/mb-mp-e-form-091582.cif,-2.178670319791666,0.0
val,mb-mp-e-form-007253,data/cifs/mb-mp-e-form-007253.cif,0.1313526866666663,0.0
val,mb-mp-e-form-023384,data/cifs/mb-mp-e-form-023384.cif,-0.2647389562499995,0.0
val,mb-mp-e-form-091053,data/cifs/mb-mp-e-form-091053.cif,-2.198552282222222,0.0
val,mb-mp-e-form-047932,data/cifs/mb-mp-e-form-047932.cif,-0.7410648613281255,0.0
val,mb-mp-e-form-094364,data/cifs/mb-mp-e-form-094364.cif,-2.273197703157467,0.0
val,mb-mp-e-form-077572,data/cifs/mb-mp-e-form-077572.cif,-1.8000169074642864,0.0
val,mb-mp-e-form-112346,data/cifs/mb-mp-e-form-112346.cif,-2.6657048930379523,0.0
val,mb-mp-e-form-058269,data/cifs/mb-mp-e-form-058269.cif,-1.0534716227777772,0.0
val,mb-mp-e-form-071754,data/cifs/mb-mp-e-form-071754.cif,-1.5984498604227946,0.0
val,mb-mp-e-form-118814,data/cifs/mb-mp-e-form-118814.cif,-2.8943536745312493,0.0
val,mb-mp-e-form-028590,data/cifs/mb-mp-e-form-028590.cif,-0.3523624097222221,0.0
val,mb-mp-e-form-041833,data/cifs/mb-mp-e-form-041833.cif,-0.5892028925000001,0.0
val,mb-mp-e-form-034909,data/cifs/mb-mp-e-form-034909.cif,-0.4777514833333332,0.0
val,mb-mp-e-form-114903,data/cifs/mb-mp-e-form-114903.cif,-2.7639452980219774,0.0
val,mb-mp-e-form-089631,data/cifs/mb-mp-e-form-089631.cif,-2.1303918724,0.0
val,mb-mp-e-form-067306,data/cifs/mb-mp-e-form-067306.cif,-1.4518923395874996,0.0
val,mb-mp-e-form-042404,data/cifs/mb-mp-e-form-042404.cif,-0.6174363116666655,0.0
val,mb-mp-e-form-103070,data/cifs/mb-mp-e-form-103070.cif,-2.473958076109693,0.0
val,mb-mp-e-form-068928,data/cifs/mb-mp-e-form-068928.cif,-1.5158893506250006,0.0
val,mb-mp-e-form-047200,data/cifs/mb-mp-e-form-047200.cif,-0.7237315832222222,0.0
val,mb-mp-e-form-127059,data/cifs/mb-mp-e-form-127059.cif,-3.25383039102564,0.0
val,mb-mp-e-form-084430,data/cifs/mb-mp-e-form-084430.cif,-1.9722567138194431,0.0
val,mb-mp-e-form-051036,data/cifs/mb-mp-e-form-051036.cif,-0.8203204008333328,0.0
val,mb-mp-e-form-052546,data/cifs/mb-mp-e-form-052546.cif,-0.840426894999999,0.0
val,mb-mp-e-form-062591,data/cifs/mb-mp-e-form-062591.cif,-1.217489435338571,0.0
val,mb-mp-e-form-117275,data/cifs/mb-mp-e-form-117275.cif,-2.8420281882857155,0.0
val,mb-mp-e-form-027059,data/cifs/mb-mp-e-form-027059.cif,-0.3345628541666672,0.0
val,mb-mp-e-form-126900,data/cifs/mb-mp-e-form-126900.cif,-3.2753743020486112,0.0
val,mb-mp-e-form-111184,data/cifs/mb-mp-e-form-111184.cif,-2.6512614502548257,0.0
val,mb-mp-e-form-040099,data/cifs/mb-mp-e-form-040099.cif,-0.5637200049999995,0.0
val,mb-mp-e-form-088018,data/cifs/mb-mp-e-form-088018.cif,-2.0935201610208325,0.0
val,mb-mp-e-form-033854,data/cifs/mb-mp-e-form-033854.cif,-0.4308067737499986,0.0
val,mb-mp-e-form-001652,data/cifs/mb-mp-e-form-001652.cif,1.2689551356466675,0.0
val,mb-mp-e-form-064552,data/cifs/mb-mp-e-form-064552.cif,-1.3140994155000003,0.0
val,mb-mp-e-form-089917,data/cifs/mb-mp-e-form-089917.cif,-2.1684953008333334,0.0
val,mb-mp-e-form-100167,data/cifs/mb-mp-e-form-100167.cif,-2.405901352656249,0.0
val,mb-mp-e-form-110851,data/cifs/mb-mp-e-form-110851.cif,-2.663517262142857,0.0
val,mb-mp-e-form-089635,data/cifs/mb-mp-e-form-089635.cif,-2.1413654674242864,0.0
val,mb-mp-e-form-088386,data/cifs/mb-mp-e-form-088386.cif,-2.117900004115853,0.0
val,mb-mp-e-form-015469,data/cifs/mb-mp-e-form-015469.cif,-0.0592347026098915,0.0
val,mb-mp-e-form-089712,data/cifs/mb-mp-e-form-089712.cif,-2.142078290357142,0.0
val,mb-mp-e-form-040428,data/cifs/mb-mp-e-form-040428.cif,-0.5745691359999995,0.0
val,mb-mp-e-form-127466,data/cifs/mb-mp-e-form-127466.cif,-3.255653795666666,0.0
val,mb-mp-e-form-067651,data/cifs/mb-mp-e-form-067651.cif,-1.453557602378958,0.0
val,mb-mp-e-form-064075,data/cifs/mb-mp-e-form-064075.cif,-1.2938489569444451,0.0
val,mb-mp-e-form-029583,data/cifs/mb-mp-e-form-029583.cif,-0.3683424344880002,0.0
val,mb-mp-e-form-032833,data/cifs/mb-mp-e-form-032833.cif,-0.4183386074999999,0.0
val,mb-mp-e-form-120458,data/cifs/mb-mp-e-form-120458.cif,-2.9428147386989787,0.0
val,mb-mp-e-form-036396,data/cifs/mb-mp-e-form-036396.cif,-0.4975535033333328,0.0
val,mb-mp-e-form-112002,data/cifs/mb-mp-e-form-112002.cif,-2.683265380249999,0.0
val,mb-mp-e-form-049538,data/cifs/mb-mp-e-form-049538.cif,-0.7660617666177774,0.0
val,mb-mp-e-form-041308,data/cifs/mb-mp-e-form-041308.cif,-0.5875027869620253,0.0
val,mb-mp-e-form-050679,data/cifs/mb-mp-e-form-050679.cif,-0.8061503674563629,0.0
val,mb-mp-e-form-051681,data/cifs/mb-mp-e-form-051681.cif,-0.8116991714519998,0.0
val,mb-mp-e-form-039607,data/cifs/mb-mp-e-form-039607.cif,-0.5420104950000001,0.0
val,mb-mp-e-form-072116,data/cifs/mb-mp-e-form-072116.cif,-1.6410202239548144,0.0
val,mb-mp-e-form-007980,data/cifs/mb-mp-e-form-007980.cif,0.1206506331250003,0.0
val,mb-mp-e-form-010028,data/cifs/mb-mp-e-form-010028.cif,0.0512392753125006,0.0
val,mb-mp-e-form-067634,data/cifs/mb-mp-e-form-067634.cif,-1.4362551416358174,0.0
val,mb-mp-e-form-099476,data/cifs/mb-mp-e-form-099476.cif,-2.3805647976507145,0.0
val,mb-mp-e-form-042867,data/cifs/mb-mp-e-form-042867.cif,-0.6173229566666668,0.0
val,mb-mp-e-form-088627,data/cifs/mb-mp-e-form-088627.cif,-2.1056753327814284,0.0
val,mb-mp-e-form-126891,data/cifs/mb-mp-e-form-126891.cif,-3.252012183632275,0.0
val,mb-mp-e-form-113391,data/cifs/mb-mp-e-form-113391.cif,-2.705669064665834,0.0
val,mb-mp-e-form-131886,data/cifs/mb-mp-e-form-131886.cif,-4.153468807206,0.0
val,mb-mp-e-form-014327,data/cifs/mb-mp-e-form-014327.cif,-0.0511386645845458,0.0
val,mb-mp-e-form-016312,data/cifs/mb-mp-e-form-016312.cif,-0.0866299425000001,0.0
val,mb-mp-e-form-072428,data/cifs/mb-mp-e-form-072428.cif,-1.6244818747323997,0.0
val,mb-mp-e-form-045454,data/cifs/mb-mp-e-form-045454.cif,-0.6659016236666659,0.0
val,mb-mp-e-form-115867,data/cifs/mb-mp-e-form-115867.cif,-2.789361660214843,0.0
val,mb-mp-e-form-020545,data/cifs/mb-mp-e-form-020545.cif,-0.2004950807142853,0.0
val,mb-mp-e-form-065602,data/cifs/mb-mp-e-form-065602.cif,-1.344213209596406,0.0
val,mb-mp-e-form-041180,data/cifs/mb-mp-e-form-041180.cif,-0.5818837388071876,0.0
val,mb-mp-e-form-115354,data/cifs/mb-mp-e-form-115354.cif,-2.7732225613888897,0.0
val,mb-mp-e-form-094706,data/cifs/mb-mp-e-form-094706.cif,-2.2604163046446684,0.0
val,mb-mp-e-form-063299,data/cifs/mb-mp-e-form-063299.cif,-1.2493829935925516,0.0
val,mb-mp-e-form-085045,data/cifs/mb-mp-e-form-085045.cif,-2.012780874464286,0.0
val,mb-mp-e-form-024187,data/cifs/mb-mp-e-form-024187.cif,-0.2710920947169816,0.0
val,mb-mp-e-form-125603,data/cifs/mb-mp-e-form-125603.cif,-3.151973415793334,0.0
val,mb-mp-e-form-107672,data/cifs/mb-mp-e-form-107672.cif,-2.568708037180535,0.0
val,mb-mp-e-form-073776,data/cifs/mb-mp-e-form-073776.cif,-1.6789375478571429,0.0
val,mb-mp-e-form-109684,data/cifs/mb-mp-e-form-109684.cif,-2.59741885115755,0.0
val,mb-mp-e-form-002673,data/cifs/mb-mp-e-form-002673.cif,0.7962913129366669,0.0
val,mb-mp-e-form-025444,data/cifs/mb-mp-e-form-025444.cif,-0.2929229599999998,0.0
val,mb-mp-e-form-068474,data/cifs/mb-mp-e-form-068474.cif,-1.4941377515896543,0.0
val,mb-mp-e-form-132266,data/cifs/mb-mp-e-form-132266.cif,-3.976366782182222,0.0
val,mb-mp-e-form-101723,data/cifs/mb-mp-e-form-101723.cif,-2.435039771649015,0.0
val,mb-mp-e-form-097377,data/cifs/mb-mp-e-form-097377.cif,-2.34998089414,0.0
val,mb-mp-e-form-043302,data/cifs/mb-mp-e-form-043302.cif,-0.6317464573291665,0.0
val,mb-mp-e-form-116836,data/cifs/mb-mp-e-form-116836.cif,-2.8438419459375,0.0
val,mb-mp-e-form-071634,data/cifs/mb-mp-e-form-071634.cif,-1.590592767142857,0.0
val,mb-mp-e-form-003399,data/cifs/mb-mp-e-form-003399.cif,0.4928148525,0.0
val,mb-mp-e-form-054017,data/cifs/mb-mp-e-form-054017.cif,-0.911476428683036,0.0
val,mb-mp-e-form-053734,data/cifs/mb-mp-e-form-053734.cif,-0.875833849891304,0.0
val,mb-mp-e-form-047518,data/cifs/mb-mp-e-form-047518.cif,-0.7214540758333333,0.0
val,mb-mp-e-form-115680,data/cifs/mb-mp-e-form-115680.cif,-2.7569934594620005,0.0
val,mb-mp-e-form-063795,data/cifs/mb-mp-e-form-063795.cif,-1.264537055,0.0
val,mb-mp-e-form-057084,data/cifs/mb-mp-e-form-057084.cif,-1.0425440459375004,0.0
val,mb-mp-e-form-019341,data/cifs/mb-mp-e-form-019341.cif,-0.1688160702564108,0.0
val,mb-mp-e-form-049201,data/cifs/mb-mp-e-form-049201.cif,-0.7579227936504166,0.0
val,mb-mp-e-form-101246,data/cifs/mb-mp-e-form-101246.cif,-2.438754087596153,0.0
val,mb-mp-e-form-066594,data/cifs/mb-mp-e-form-066594.cif,-1.3902700533618186,0.0
val,mb-mp-e-form-080683,data/cifs/mb-mp-e-form-080683.cif,-1.8794829346590909,0.0
val,mb-mp-e-form-000010,data/cifs/mb-mp-e-form-000010.cif,1.5329490188100006,0.0
val,mb-mp-e-form-033916,data/cifs/mb-mp-e-form-033916.cif,-0.4502056483333329,0.0
val,mb-mp-e-form-006569,data/cifs/mb-mp-e-form-006569.cif,0.1691546062499997,0.0
val,mb-mp-e-form-015202,data/cifs/mb-mp-e-form-015202.cif,-0.0622422749999991,0.0
val,mb-mp-e-form-088156,data/cifs/mb-mp-e-form-088156.cif,-2.117898697462962,0.0
val,mb-mp-e-form-127327,data/cifs/mb-mp-e-form-127327.cif,-3.29984893246,0.0
val,mb-mp-e-form-042163,data/cifs/mb-mp-e-form-042163.cif,-0.6052850006896551,0.0
val,mb-mp-e-form-119264,data/cifs/mb-mp-e-form-119264.cif,-2.886751795440408,0.0
val,mb-mp-e-form-093372,data/cifs/mb-mp-e-form-093372.cif,-2.2416893697829656,0.0
val,mb-mp-e-form-085778,data/cifs/mb-mp-e-form-085778.cif,-2.025592596207143,0.0
val,mb-mp-e-form-031406,data/cifs/mb-mp-e-form-031406.cif,-0.392618331250001,0.0
val,mb-mp-e-form-030877,data/cifs/mb-mp-e-form-030877.cif,-0.389283523125,0.0
val,mb-mp-e-form-028335,data/cifs/mb-mp-e-form-028335.cif,-0.3419540696575005,0.0
val,mb-mp-e-form-074895,data/cifs/mb-mp-e-form-074895.cif,-1.7246123400080815,0.0
val,mb-mp-e-form-078667,data/cifs/mb-mp-e-form-078667.cif,-1.813449801355556,0.0
val,mb-mp-e-form-033059,data/cifs/mb-mp-e-form-033059.cif,-0.4413168484635419,0.0
val,mb-mp-e-form-000681,data/cifs/mb-mp-e-form-000681.cif,2.2285980587500003,0.0
val,mb-mp-e-form-079262,data/cifs/mb-mp-e-form-079262.cif,-1.8492329880833327,0.0
val,mb-mp-e-form-044739,data/cifs/mb-mp-e-form-044739.cif,-0.6499301438315214,0.0
val,mb-mp-e-form-041642,data/cifs/mb-mp-e-form-041642.cif,-0.5936317352678567,0.0
val,mb-mp-e-form-029502,data/cifs/mb-mp-e-form-029502.cif,-0.3593462592857133,0.0
val,mb-mp-e-form-075619,data/cifs/mb-mp-e-form-075619.cif,-1.7161115431514289,0.0
val,mb-mp-e-form-076432,data/cifs/mb-mp-e-form-076432.cif,-1.7496777172601603,0.0
val,mb-mp-e-form-044934,data/cifs/mb-mp-e-form-044934.cif,-0.6739586399999998,0.0
val,mb-mp-e-form-006173,data/cifs/mb-mp-e-form-006173.cif,0.177985504375,0.0
val,mb-mp-e-form-024791,data/cifs/mb-mp-e-form-024791.cif,-0.27227756,0.0
val,mb-mp-e-form-065571,data/cifs/mb-mp-e-form-065571.cif,-1.33493343170387,0.0
val,mb-mp-e-form-061202,data/cifs/mb-mp-e-form-061202.cif,-1.1761969348585417,0.0
val,mb-mp-e-form-091267,data/cifs/mb-mp-e-form-091267.cif,-2.191267372732559,0.0
val,mb-mp-e-form-099965,data/cifs/mb-mp-e-form-099965.cif,-2.42321200949,0.0
val,mb-mp-e-form-014723,data/cifs/mb-mp-e-form-014723.cif,-0.0540378695000001,0.0
val,mb-mp-e-form-012312,data/cifs/mb-mp-e-form-012312.cif,0.0080796406896552,0.0
val,mb-mp-e-form-091100,data/cifs/mb-mp-e-form-091100.cif,-2.17836409,0.0
val,mb-mp-e-form-049580,data/cifs/mb-mp-e-form-049580.cif,-0.7576941320210726,0.0
val,mb-mp-e-form-068659,data/cifs/mb-mp-e-form-068659.cif,-1.4615805924489476,0.0
val,mb-mp-e-form-030152,data/cifs/mb-mp-e-form-030152.cif,-0.3766661920545975,0.0
val,mb-mp-e-form-110439,data/cifs/mb-mp-e-form-110439.cif,-2.6287727837589285,0.0
val,mb-mp-e-form-088281,data/cifs/mb-mp-e-form-088281.cif,-2.107897461904762,0.0
val,mb-mp-e-form-035388,data/cifs/mb-mp-e-form-035388.cif,-0.4671937420000002,0.0
val,mb-mp-e-form-028049,data/cifs/mb-mp-e-form-028049.cif,-0.3499837850000005,0.0
val,mb-mp-e-form-070811,data/cifs/mb-mp-e-form-070811.cif,-1.556093128541666,0.0
val,mb-mp-e-form-106055,data/cifs/mb-mp-e-form-106055.cif,-2.5430115154090904,0.0
val,mb-mp-e-form-123236,data/cifs/mb-mp-e-form-123236.cif,-3.046541688108667,0.0
val,mb-mp-e-form-089346,data/cifs/mb-mp-e-form-089346.cif,-2.1356840044725,0.0
val,mb-mp-e-form-028781,data/cifs/mb-mp-e-form-028781.cif,-0.3475399027923803,0.0
val,mb-mp-e-form-131782,data/cifs/mb-mp-e-form-131782.cif,-4.136368992814285,0.0
val,mb-mp-e-form-105332,data/cifs/mb-mp-e-form-105332.cif,-2.5288819454523805,0.0
val,mb-mp-e-form-058611,data/cifs/mb-mp-e-form-058611.cif,-1.077811649940942,0.0
val,mb-mp-e-form-017764,data/cifs/mb-mp-e-form-017764.cif,-0.1179775468750001,0.0
val,mb-mp-e-form-091347,data/cifs/mb-mp-e-form-091347.cif,-2.196339170277778,0.0
val,mb-mp-e-form-068578,data/cifs/mb-mp-e-form-068578.cif,-1.4713829469479998,0.0
val,mb-mp-e-form-043497,data/cifs/mb-mp-e-form-043497.cif,-0.6291293583333335,0.0
val,mb-mp-e-form-090052,data/cifs/mb-mp-e-form-090052.cif,-2.1461035706825,0.0
val,mb-mp-e-form-095165,data/cifs/mb-mp-e-form-095165.cif,-2.301794065136346,0.0
val,mb-mp-e-form-072971,data/cifs/mb-mp-e-form-072971.cif,-1.667149290815,0.0
val,mb-mp-e-form-128147,data/cifs/mb-mp-e-form-128147.cif,-3.310789711868132,0.0
val,mb-mp-e-form-060941,data/cifs/mb-mp-e-form-060941.cif,-1.1849619860267862,0.0
val,mb-mp-e-form-017392,data/cifs/mb-mp-e-form-017392.cif,-0.1293590481696434,0.0
val,mb-mp-e-form-090238,data/cifs/mb-mp-e-form-090238.cif,-2.1661354047500008,0.0
val,mb-mp-e-form-099611,data/cifs/mb-mp-e-form-099611.cif,-2.390836079523809,0.0
val,mb-mp-e-form-063934,data/cifs/mb-mp-e-form-063934.cif,-1.2903387144230776,0.0
val,mb-mp-e-form-059533,data/cifs/mb-mp-e-form-059533.cif,-1.1021407988645835,0.0
val,mb-mp-e-form-016428,data/cifs/mb-mp-e-form-016428.cif,-0.1020162975,0.0
val,mb-mp-e-form-074219,data/cifs/mb-mp-e-form-074219.cif,-1.6935604112499991,0.0
val,mb-mp-e-form-019248,data/cifs/mb-mp-e-form-019248.cif,-0.1808977157629311,0.0
val,mb-mp-e-form-000879,data/cifs/mb-mp-e-form-000879.cif,1.80577674225,0.0
val,mb-mp-e-form-123052,data/cifs/mb-mp-e-form-123052.cif,-3.062144308489583,0.0
val,mb-mp-e-form-049459,data/cifs/mb-mp-e-form-049459.cif,-0.7701660854444444,0.0
val,mb-mp-e-form-072261,data/cifs/mb-mp-e-form-072261.cif,-1.6189827520312503,0.0
val,mb-mp-e-form-043933,data/cifs/mb-mp-e-form-043933.cif,-0.6559645503125009,0.0
val,mb-mp-e-form-092676,data/cifs/mb-mp-e-form-092676.cif,-2.2240013806666665,0.0
val,mb-mp-e-form-069519,data/cifs/mb-mp-e-form-069519.cif,-1.5047472125961543,0.0
val,mb-mp-e-form-077332,data/cifs/mb-mp-e-form-077332.cif,-1.8050689243939384,0.0
val,mb-mp-e-form-030811,data/cifs/mb-mp-e-form-030811.cif,-0.3838775508333336,0.0
val,mb-mp-e-form-105732,data/cifs/mb-mp-e-form-105732.cif,-2.525825798572666,0.0
val,mb-mp-e-form-108339,data/cifs/mb-mp-e-form-108339.cif,-2.5868901572500005,0.0
val,mb-mp-e-form-041742,data/cifs/mb-mp-e-form-041742.cif,-0.590684775714286,0.0
val,mb-mp-e-form-089030,data/cifs/mb-mp-e-form-089030.cif,-2.123376298333333,0.0
val,mb-mp-e-form-099647,data/cifs/mb-mp-e-form-099647.cif,-2.382521538446428,0.0
val,mb-mp-e-form-092596,data/cifs/mb-mp-e-form-092596.cif,-2.2111587675,0.0
val,mb-mp-e-form-115189,data/cifs/mb-mp-e-form-115189.cif,-2.779313228083334,0.0
val,mb-mp-e-form-073037,data/cifs/mb-mp-e-form-073037.cif,-1.656792179249179,0.0
val,mb-mp-e-form-101726,data/cifs/mb-mp-e-form-101726.cif,-2.4252592874375,0.0
val,mb-mp-e-form-000052,data/cifs/mb-mp-e-form-000052.cif,2.2499281717619994,0.0
val,mb-mp-e-form-071023,data/cifs/mb-mp-e-form-071023.cif,-1.578728023533379,0.0
val,mb-mp-e-form-098364,data/cifs/mb-mp-e-form-098364.cif,-2.371947196583334,0.0
val,mb-mp-e-form-125199,data/cifs/mb-mp-e-form-125199.cif,-3.127400533053572,0.0
val,mb-mp-e-form-050201,data/cifs/mb-mp-e-form-050201.cif,-0.8017843272916659,0.0
val,mb-mp-e-form-009206,data/cifs/mb-mp-e-form-009206.cif,0.0714522049999999,0.0
val,mb-mp-e-form-108942,data/cifs/mb-mp-e-form-108942.cif,-2.6115300017499994,0.0
val,mb-mp-e-form-061709,data/cifs/mb-mp-e-form-061709.cif,-1.1842777992869995,0.0
val,mb-mp-e-form-064541,data/cifs/mb-mp-e-form-064541.cif,-1.315994087161459,0.0
val,mb-mp-e-form-008462,data/cifs/mb-mp-e-form-008462.cif,0.1237978803571425,0.0
val,mb-mp-e-form-071427,data/cifs/mb-mp-e-form-071427.cif,-1.5941279627678568,0.0
val,mb-mp-e-form-035323,data/cifs/mb-mp-e-form-035323.cif,-0.4790081316666672,0.0
val,mb-mp-e-form-010648,data/cifs/mb-mp-e-form-010648.cif,0.0343753175000003,0.0
val,mb-mp-e-form-028350,data/cifs/mb-mp-e-form-028350.cif,-0.3522405920000004,0.0
val,mb-mp-e-form-001706,data/cifs/mb-mp-e-form-001706.cif,1.1230492512500003,0.0
val,mb-mp-e-form-019982,data/cifs/mb-mp-e-form-019982.cif,-0.2019715544444456,0.0
val,mb-mp-e-form-124123,data/cifs/mb-mp-e-form-124123.cif,-3.0765818414760018,0.0
val,mb-mp-e-form-030531,data/cifs/mb-mp-e-form-030531.cif,-0.3801859225000008,0.0
val,mb-mp-e-form-113360,data/cifs/mb-mp-e-form-113360.cif,-2.70773476,0.0
val,mb-mp-e-form-091795,data/cifs/mb-mp-e-form-091795.cif,-2.224071606428572,0.0
val,mb-mp-e-form-041072,data/cifs/mb-mp-e-form-041072.cif,-0.5811275909364468,0.0
val,mb-mp-e-form-075520,data/cifs/mb-mp-e-form-075520.cif,-1.746480844727396,0.0
val,mb-mp-e-form-054084,data/cifs/mb-mp-e-form-054084.cif,-0.9163740316250006,0.0
val,mb-mp-e-form-013648,data/cifs/mb-mp-e-form-013648.cif,-0.0081956850000004,0.0
val,mb-mp-e-form-004961,data/cifs/mb-mp-e-form-004961.cif,0.2262745887500004,0.0
val,mb-mp-e-form-116271,data/cifs/mb-mp-e-form-116271.cif,-2.8049978287678736,0.0
val,mb-mp-e-form-042474,data/cifs/mb-mp-e-form-042474.cif,-0.614390485,0.0
val,mb-mp-e-form-043359,data/cifs/mb-mp-e-form-043359.cif,-0.6350997854761905,0.0
val,mb-mp-e-form-037774,data/cifs/mb-mp-e-form-037774.cif,-0.5060503195052086,0.0
val,mb-mp-e-form-022948,data/cifs/mb-mp-e-form-022948.cif,-0.2620257999999992,0.0
val,mb-mp-e-form-063511,data/cifs/mb-mp-e-form-063511.cif,-1.2457518447991072,0.0
val,mb-mp-e-form-018400,data/cifs/mb-mp-e-form-018400.cif,-0.150591863482143,0.0
val,mb-mp-e-form-015385,data/cifs/mb-mp-e-form-015385.cif,-0.0717773287179486,0.0
val,mb-mp-e-form-035831,data/cifs/mb-mp-e-form-035831.cif,-0.4721263593749995,0.0
val,mb-mp-e-form-107081,data/cifs/mb-mp-e-form-107081.cif,-2.5712937945000007,0.0
val,mb-mp-e-form-043287,data/cifs/mb-mp-e-form-043287.cif,-0.6375475177777782,0.0
val,mb-mp-e-form-063440,data/cifs/mb-mp-e-form-063440.cif,-1.247079898497816,0.0
val,mb-mp-e-form-125903,data/cifs/mb-mp-e-form-125903.cif,-3.2226739461250005,0.0
val,mb-mp-e-form-095661,data/cifs/mb-mp-e-form-095661.cif,-2.2990922638235305,0.0
val,mb-mp-e-form-097846,data/cifs/mb-mp-e-form-097846.cif,-2.3741548310714293,0.0
val,mb-mp-e-form-087065,data/cifs/mb-mp-e-form-087065.cif,-2.0598157575155898,0.0
val,mb-mp-e-form-006458,data/cifs/mb-mp-e-form-006458.cif,0.1962516369047613,0.0
val,mb-mp-e-form-059721,data/cifs/mb-mp-e-form-059721.cif,-1.108652323409091,0.0
val,mb-mp-e-form-106512,data/cifs/mb-mp-e-form-106512.cif,-2.54054405619898,0.0
val,mb-mp-e-form-098733,data/cifs/mb-mp-e-form-098733.cif,-2.3746565360092853,0.0
val,mb-mp-e-form-069356,data/cifs/mb-mp-e-form-069356.cif,-1.525623517734374,0.0
val,mb-mp-e-form-021062,data/cifs/mb-mp-e-form-021062.cif,-0.2216701850000002,0.0
val,mb-mp-e-form-023809,data/cifs/mb-mp-e-form-023809.cif,-0.2614936849999996,0.0
val,mb-mp-e-form-114462,data/cifs/mb-mp-e-form-114462.cif,-2.735481328465556,0.0
val,mb-mp-e-form-004383,data/cifs/mb-mp-e-form-004383.cif,0.3249075112500001,0.0
val,mb-mp-e-form-060071,data/cifs/mb-mp-e-form-060071.cif,-1.12790114875,0.0
val,mb-mp-e-form-118145,data/cifs/mb-mp-e-form-118145.cif,-2.8670330017129624,0.0
val,mb-mp-e-form-014434,data/cifs/mb-mp-e-form-014434.cif,-0.0414233724999997,0.0
val,mb-mp-e-form-070097,data/cifs/mb-mp-e-form-070097.cif,-1.541410228910793,0.0
val,mb-mp-e-form-122240,data/cifs/mb-mp-e-form-122240.cif,-3.0214088737887126,0.0
val,mb-mp-e-form-023130,data/cifs/mb-mp-e-form-023130.cif,-0.2594255091666664,0.0
val,mb-mp-e-form-078025,data/cifs/mb-mp-e-form-078025.cif,-1.821424953318069,0.0
val,mb-mp-e-form-124610,data/cifs/mb-mp-e-form-124610.cif,-3.1055743008500007,0.0
val,mb-mp-e-form-038204,data/cifs/mb-mp-e-form-038204.cif,-0.5271414547368419,0.0
val,mb-mp-e-form-131693,data/cifs/mb-mp-e-form-131693.cif,-3.715403402947533,0.0
val,mb-mp-e-form-090998,data/cifs/mb-mp-e-form-090998.cif,-2.1770181404310343,0.0
val,mb-mp-e-form-117847,data/cifs/mb-mp-e-form-117847.cif,-2.8663723654687496,0.0
val,mb-mp-e-form-082083,data/cifs/mb-mp-e-form-082083.cif,-1.9302450456163889,0.0
val,mb-mp-e-form-055862,data/cifs/mb-mp-e-form-055862.cif,-0.957955736071428,0.0
val,mb-mp-e-form-052831,data/cifs/mb-mp-e-form-052831.cif,-0.83843303,0.0
val,mb-mp-e-form-003365,data/cifs/mb-mp-e-form-003365.cif,0.5387704182812492,0.0
val,mb-mp-e-form-103068,data/cifs/mb-mp-e-form-103068.cif,-2.4767312625,0.0
val,mb-mp-e-form-041060,data/cifs/mb-mp-e-form-041060.cif,-0.5964978365972213,0.0
val,mb-mp-e-form-023031,data/cifs/mb-mp-e-form-023031.cif,-0.2670491739999995,0.0
val,mb-mp-e-form-018645,data/cifs/mb-mp-e-form-018645.cif,-0.1489300595000003,0.0
val,mb-mp-e-form-057877,data/cifs/mb-mp-e-form-057877.cif,-1.0732422810714288,0.0
val,mb-mp-e-form-028779,data/cifs/mb-mp-e-form-028779.cif,-0.354549034333333,0.0
val,mb-mp-e-form-019678,data/cifs/mb-mp-e-form-019678.cif,-0.1681967958823528,0.0
val,mb-mp-e-form-013453,data/cifs/mb-mp-e-form-013453.cif,-0.0144896971052647,0.0
val,mb-mp-e-form-129153,data/cifs/mb-mp-e-form-129153.cif,-3.389349258571429,0.0
val,mb-mp-e-form-062014,data/cifs/mb-mp-e-form-062014.cif,-1.2072591441474654,0.0
val,mb-mp-e-form-100559,data/cifs/mb-mp-e-form-100559.cif,-2.415627219101607,0.0
val,mb-mp-e-form-116200,data/cifs/mb-mp-e-form-116200.cif,-2.809397830452381,0.0
val,mb-mp-e-form-053058,data/cifs/mb-mp-e-form-053058.cif,-0.8858127591071424,0.0
val,mb-mp-e-form-087757,data/cifs/mb-mp-e-form-087757.cif,-2.082332178214286,0.0
val,mb-mp-e-form-122700,data/cifs/mb-mp-e-form-122700.cif,-3.019056135125,0.0
val,mb-mp-e-form-106497,data/cifs/mb-mp-e-form-106497.cif,-2.5481669610204087,0.0
val,mb-mp-e-form-041966,data/cifs/mb-mp-e-form-041966.cif,-0.6140295820312502,0.0
val,mb-mp-e-form-126405,data/cifs/mb-mp-e-form-126405.cif,-3.1971413756161966,0.0
val,mb-mp-e-form-015611,data/cifs/mb-mp-e-form-015611.cif,-0.0626458875,0.0
val,mb-mp-e-form-091443,data/cifs/mb-mp-e-form-091443.cif,-2.182758213163265,0.0
val,mb-mp-e-form-115708,data/cifs/mb-mp-e-form-115708.cif,-2.7832290637499995,0.0
val,mb-mp-e-form-046675,data/cifs/mb-mp-e-form-046675.cif,-0.6903439170971367,0.0
val,mb-mp-e-form-112979,data/cifs/mb-mp-e-form-112979.cif,-2.695720437095428,0.0
val,mb-mp-e-form-130417,data/cifs/mb-mp-e-form-130417.cif,-3.5182269661163,0.0
val,mb-mp-e-form-005965,data/cifs/mb-mp-e-form-005965.cif,0.207411222974138,0.0
val,mb-mp-e-form-081708,data/cifs/mb-mp-e-form-081708.cif,-1.8953429358333336,0.0
val,mb-mp-e-form-124176,data/cifs/mb-mp-e-form-124176.cif,-3.0835262137499995,0.0
val,mb-mp-e-form-039238,data/cifs/mb-mp-e-form-039238.cif,-0.5500052708750005,0.0
val,mb-mp-e-form-113801,data/cifs/mb-mp-e-form-113801.cif,-2.750525965625,0.0
val,mb-mp-e-form-013396,data/cifs/mb-mp-e-form-013396.cif,-0.0162866633333334,0.0
val,mb-mp-e-form-034851,data/cifs/mb-mp-e-form-034851.cif,-0.4560835020312502,0.0
val,mb-mp-e-form-095776,data/cifs/mb-mp-e-form-095776.cif,-2.3214316441666654,0.0
val,mb-mp-e-form-003837,data/cifs/mb-mp-e-form-003837.cif,0.4893860878450002,0.0
val,mb-mp-e-form-019492,data/cifs/mb-mp-e-form-019492.cif,-0.164439609473684,0.0
val,mb-mp-e-form-017526,data/cifs/mb-mp-e-form-017526.cif,-0.1211768599999996,0.0
val,mb-mp-e-form-128898,data/cifs/mb-mp-e-form-128898.cif,-3.4375283871875006,0.0
val,mb-mp-e-form-055809,data/cifs/mb-mp-e-form-055809.cif,-0.9419372425,0.0
val,mb-mp-e-form-047609,data/cifs/mb-mp-e-form-047609.cif,-0.7214678299999996,0.0
val,mb-mp-e-form-051633,data/cifs/mb-mp-e-form-051633.cif,-0.8290271821710522,0.0
val,mb-mp-e-form-132542,data/cifs/mb-mp-e-form-132542.cif,-3.85287251125,0.0
val,mb-mp-e-form-060250,data/cifs/mb-mp-e-form-060250.cif,-1.1463530832499993,0.0
val,mb-mp-e-form-129216,data/cifs/mb-mp-e-form-129216.cif,-3.440424116064813,0.0
val,mb-mp-e-form-103718,data/cifs/mb-mp-e-form-103718.cif,-2.4812934922916674,0.0
val,mb-mp-e-form-109391,data/cifs/mb-mp-e-form-109391.cif,-2.604092620569023,0.0
val,mb-mp-e-form-116071,data/cifs/mb-mp-e-form-116071.cif,-2.802804234317448,0.0
val,mb-mp-e-form-131056,data/cifs/mb-mp-e-form-131056.cif,-3.7624133970075775,0.0
val,mb-mp-e-form-129706,data/cifs/mb-mp-e-form-129706.cif,-3.390234980156251,0.0
val,mb-mp-e-form-007052,data/cifs/mb-mp-e-form-007052.cif,0.1463455233333329,0.0
val,mb-mp-e-form-115359,data/cifs/mb-mp-e-form-115359.cif,-2.7844367898939995,0.0
val,mb-mp-e-form-014541,data/cifs/mb-mp-e-form-014541.cif,-0.0549237037499992,0.0
val,mb-mp-e-form-008256,data/cifs/mb-mp-e-form-008256.cif,0.1257502918181824,0.0
val,mb-mp-e-form-088431,data/cifs/mb-mp-e-form-088431.cif,-2.094523633872857,0.0
val,mb-mp-e-form-041729,data/cifs/mb-mp-e-form-041729.cif,-0.5947579095312505,0.0
val,mb-mp-e-form-019371,data/cifs/mb-mp-e-form-019371.cif,-0.1702745199999995,0.0
val,mb-mp-e-form-012620,data/cifs/mb-mp-e-form-012620.cif,0.0,0.0
val,mb-mp-e-form-059334,data/cifs/mb-mp-e-form-059334.cif,-1.0853431636914286,0.0
val,mb-mp-e-form-073372,data/cifs/mb-mp-e-form-073372.cif,-1.6657259797916677,0.0
val,mb-mp-e-form-076768,data/cifs/mb-mp-e-form-076768.cif,-1.776959965681819,0.0
val,mb-mp-e-form-029241,data/cifs/mb-mp-e-form-029241.cif,-0.3665643199999995,0.0
val,mb-mp-e-form-114975,data/cifs/mb-mp-e-form-114975.cif,-2.7784823757200003,0.0
val,mb-mp-e-form-063341,data/cifs/mb-mp-e-form-063341.cif,-1.2743365971498335,0.0
val,mb-mp-e-form-029857,data/cifs/mb-mp-e-form-029857.cif,-0.3590899716666662,0.0
val,mb-mp-e-form-009136,data/cifs/mb-mp-e-form-009136.cif,0.07061055,0.0
val,mb-mp-e-form-057095,data/cifs/mb-mp-e-form-057095.cif,-1.0204587202337752,0.0
val,mb-mp-e-form-037367,data/cifs/mb-mp-e-form-037367.cif,-0.5113502491666667,0.0
val,mb-mp-e-form-082672,data/cifs/mb-mp-e-form-082672.cif,-1.9374882514583345,0.0
val,mb-mp-e-form-087032,data/cifs/mb-mp-e-form-087032.cif,-2.0688390156730767,0.0
val,mb-mp-e-form-046601,data/cifs/mb-mp-e-form-046601.cif,-0.6830798089655169,0.0
val,mb-mp-e-form-122414,data/cifs/mb-mp-e-form-122414.cif,-2.997877285297619,0.0
val,mb-mp-e-form-013535,data/cifs/mb-mp-e-form-013535.cif,-0.0276750006896548,0.0
val,mb-mp-e-form-105024,data/cifs/mb-mp-e-form-105024.cif,-2.5202529472499995,0.0
val,mb-mp-e-form-049214,data/cifs/mb-mp-e-form-049214.cif,-0.7675025142397033,0.0
val,mb-mp-e-form-043513,data/cifs/mb-mp-e-form-043513.cif,-0.6247322700000004,0.0
val,mb-mp-e-form-109688,data/cifs/mb-mp-e-form-109688.cif,-2.601436223950374,0.0
val,mb-mp-e-form-014578,data/cifs/mb-mp-e-form-014578.cif,-0.0442026465348121,0.0
val,mb-mp-e-form-130486,data/cifs/mb-mp-e-form-130486.cif,-3.6022574575542854,0.0
val,mb-mp-e-form-084532,data/cifs/mb-mp-e-form-084532.cif,-1.99992965625,0.0
val,mb-mp-e-form-013643,data/cifs/mb-mp-e-form-013643.cif,-0.0185708749999995,0.0
val,mb-mp-e-form-013233,data/cifs/mb-mp-e-form-013233.cif,-0.026875157313636,0.0
val,mb-mp-e-form-097626,data/cifs/mb-mp-e-form-097626.cif,-2.344056848597884,0.0
val,mb-mp-e-form-011887,data/cifs/mb-mp-e-form-011887.cif,0.0166146406249998,0.0
val,mb-mp-e-form-001480,data/cifs/mb-mp-e-form-001480.cif,1.23804957625,0.0
val,mb-mp-e-form-073254,data/cifs/mb-mp-e-form-073254.cif,-1.6664805760721295,0.0
val,mb-mp-e-form-103838,data/cifs/mb-mp-e-form-103838.cif,-2.494308500084666,0.0
val,mb-mp-e-form-017596,data/cifs/mb-mp-e-form-017596.cif,-0.1287947289963637,0.0
val,mb-mp-e-form-116402,data/cifs/mb-mp-e-form-116402.cif,-2.813158932094156,0.0
val,mb-mp-e-form-094555,data/cifs/mb-mp-e-form-094555.cif,-2.2745188379545453,0.0
val,mb-mp-e-form-111523,data/cifs/mb-mp-e-form-111523.cif,-2.656460149594155,0.0
val,mb-mp-e-form-110138,data/cifs/mb-mp-e-form-110138.cif,-2.6226161480747328,0.0
val,mb-mp-e-form-127511,data/cifs/mb-mp-e-form-127511.cif,-3.270816321035714,0.0
val,mb-mp-e-form-011872,data/cifs/mb-mp-e-form-011872.cif,0.0258601342499986,0.0
val,mb-mp-e-form-118167,data/cifs/mb-mp-e-form-118167.cif,-2.867060792608666,0.0
val,mb-mp-e-form-127978,data/cifs/mb-mp-e-form-127978.cif,-3.367525153166665,0.0
val,mb-mp-e-form-122768,data/cifs/mb-mp-e-form-122768.cif,-3.0636690780185725,0.0
val,mb-mp-e-form-109593,data/cifs/mb-mp-e-form-109593.cif,-2.6014569816666664,0.0
val,mb-mp-e-form-123623,data/cifs/mb-mp-e-form-123623.cif,-3.0375730151562497,0.0
val,mb-mp-e-form-093599,data/cifs/mb-mp-e-form-093599.cif,-2.22845868994898,0.0
val,mb-mp-e-form-062342,data/cifs/mb-mp-e-form-062342.cif,-1.214522537447917,0.0
val,mb-mp-e-form-035644,data/cifs/mb-mp-e-form-035644.cif,-0.4665290599999991,0.0
val,mb-mp-e-form-037152,data/cifs/mb-mp-e-form-037152.cif,-0.5041971850291667,0.0
val,mb-mp-e-form-096365,data/cifs/mb-mp-e-form-096365.cif,-2.3268485762115647,0.0
val,mb-mp-e-form-039120,data/cifs/mb-mp-e-form-039120.cif,-0.53941317,0.0
val,mb-mp-e-form-111353,data/cifs/mb-mp-e-form-111353.cif,-2.665675273765568,0.0
val,mb-mp-e-form-018658,data/cifs/mb-mp-e-form-018658.cif,-0.1488779197959189,0.0
val,mb-mp-e-form-035861,data/cifs/mb-mp-e-form-035861.cif,-0.4690273375000009,0.0
val,mb-mp-e-form-064983,data/cifs/mb-mp-e-form-064983.cif,-1.3648137742202475,0.0
val,mb-mp-e-form-088036,data/cifs/mb-mp-e-form-088036.cif,-2.1168700982936506,0.0
val,mb-mp-e-form-095587,data/cifs/mb-mp-e-form-095587.cif,-2.307980399771428,0.0
val,mb-mp-e-form-116012,data/cifs/mb-mp-e-form-116012.cif,-2.7866411331770826,0.0
val,mb-mp-e-form-068915,data/cifs/mb-mp-e-form-068915.cif,-1.5141218106457135,0.0
val,mb-mp-e-form-020911,data/cifs/mb-mp-e-form-020911.cif,-0.2091579233333331,0.0
val,mb-mp-e-form-066705,data/cifs/mb-mp-e-form-066705.cif,-1.3815506375000002,0.0
val,mb-mp-e-form-056259,data/cifs/mb-mp-e-form-056259.cif,-0.9964483537500008,0.0
val,mb-mp-e-form-017721,data/cifs/mb-mp-e-form-017721.cif,-0.1203142395652172,0.0
val,mb-mp-e-form-020009,data/cifs/mb-mp-e-form-020009.cif,-0.1877217371428565,0.0
val,mb-mp-e-form-131966,data/cifs/mb-mp-e-form-131966.cif,-4.333349964992856,0.0
val,mb-mp-e-form-007807,data/cifs/mb-mp-e-form-007807.cif,0.1336953909090907,0.0
val,mb-mp-e-form-099921,data/cifs/mb-mp-e-form-099921.cif,-2.402752443123296,0.0
val,mb-mp-e-form-079637,data/cifs/mb-mp-e-form-079637.cif,-1.8531477528743752,0.0
val,mb-mp-e-form-046883,data/cifs/mb-mp-e-form-046883.cif,-0.6895937550892859,0.0
val,mb-mp-e-form-002176,data/cifs/mb-mp-e-form-002176.cif,0.7231693629166666,0.0
val,mb-mp-e-form-115554,data/cifs/mb-mp-e-form-115554.cif,-2.7780700080418184,0.0
val,mb-mp-e-form-108369,data/cifs/mb-mp-e-form-108369.cif,-2.58246539175,0.0
val,mb-mp-e-form-068130,data/cifs/mb-mp-e-form-068130.cif,-1.4648163508403371,0.0
val,mb-mp-e-form-045887,data/cifs/mb-mp-e-form-045887.cif,-0.681569408,0.0
val,mb-mp-e-form-069941,data/cifs/mb-mp-e-form-069941.cif,-1.5533236360559997,0.0
val,mb-mp-e-form-106961,data/cifs/mb-mp-e-form-106961.cif,-2.56468131728022,0.0
val,mb-mp-e-form-076407,data/cifs/mb-mp-e-form-076407.cif,-1.761775686532812,0.0
val,mb-mp-e-form-109219,data/cifs/mb-mp-e-form-109219.cif,-2.612494203166667,0.0
val,mb-mp-e-form-037526,data/cifs/mb-mp-e-form-037526.cif,-0.5049430621130954,0.0
val,mb-mp-e-form-057555,data/cifs/mb-mp-e-form-057555.cif,-1.0317188740000005,0.0
val,mb-mp-e-form-016718,data/cifs/mb-mp-e-form-016718.cif,-0.0914093717968747,0.0
val,mb-mp-e-form-067557,data/cifs/mb-mp-e-form-067557.cif,-1.4189994595886664,0.0
val,mb-mp-e-form-013537,data/cifs/mb-mp-e-form-013537.cif,-0.0223435292307691,0.0
val,mb-mp-e-form-094112,data/cifs/mb-mp-e-form-094112.cif,-2.2570148876373626,0.0
val,mb-mp-e-form-105182,data/cifs/mb-mp-e-form-105182.cif,-2.518809630122549,0.0
val,mb-mp-e-form-053427,data/cifs/mb-mp-e-form-053427.cif,-0.8703473289090915,0.0
val,mb-mp-e-form-043472,data/cifs/mb-mp-e-form-043472.cif,-0.6380194137446125,0.0
val,mb-mp-e-form-045142,data/cifs/mb-mp-e-form-045142.cif,-0.6810439903030301,0.0
val,mb-mp-e-form-112554,data/cifs/mb-mp-e-form-112554.cif,-2.678987955457777,0.0
val,mb-mp-e-form-043694,data/cifs/mb-mp-e-form-043694.cif,-0.6375421315000004,0.0
val,mb-mp-e-form-045000,data/cifs/mb-mp-e-form-045000.cif,-0.6811584948452378,0.0
val,mb-mp-e-form-124304,data/cifs/mb-mp-e-form-124304.cif,-3.0831195477499995,0.0
val,mb-mp-e-form-023847,data/cifs/mb-mp-e-form-023847.cif,-0.2583848025000002,0.0
val,mb-mp-e-form-076213,data/cifs/mb-mp-e-form-076213.cif,-1.7487244213295456,0.0
val,mb-mp-e-form-073894,data/cifs/mb-mp-e-form-073894.cif,-1.6890691783499996,0.0
val,mb-mp-e-form-068748,data/cifs/mb-mp-e-form-068748.cif,-1.4672025190550606,0.0
val,mb-mp-e-form-032599,data/cifs/mb-mp-e-form-032599.cif,-0.4242018320312497,0.0
val,mb-mp-e-form-072496,data/cifs/mb-mp-e-form-072496.cif,-1.6113558816426286,0.0
val,mb-mp-e-form-013423,data/cifs/mb-mp-e-form-013423.cif,-0.0113793900000001,0.0
val,mb-mp-e-form-040515,data/cifs/mb-mp-e-form-040515.cif,-0.5620827930357146,0.0
val,mb-mp-e-form-046671,data/cifs/mb-mp-e-form-046671.cif,-0.683660839464285,0.0
val,mb-mp-e-form-080934,data/cifs/mb-mp-e-form-080934.cif,-1.8979832965625,0.0
val,mb-mp-e-form-111466,data/cifs/mb-mp-e-form-111466.cif,-2.651577726317408,0.0
val,mb-mp-e-form-087366,data/cifs/mb-mp-e-form-087366.cif,-2.080268906875,0.0
val,mb-mp-e-form-018899,data/cifs/mb-mp-e-form-018899.cif,-0.1472536974133792,0.0
val,mb-mp-e-form-078472,data/cifs/mb-mp-e-form-078472.cif,-1.814338290357142,0.0
val,mb-mp-e-form-020258,data/cifs/mb-mp-e-form-020258.cif,-0.199766133750001,0.0
val,mb-mp-e-form-131559,data/cifs/mb-mp-e-form-131559.cif,-3.6583691982291673,0.0
val,mb-mp-e-form-035222,data/cifs/mb-mp-e-form-035222.cif,-0.4646147355000004,0.0
val,mb-mp-e-form-019109,data/cifs/mb-mp-e-form-019109.cif,-0.1793159030357145,0.0
val,mb-mp-e-form-127077,data/cifs/mb-mp-e-form-127077.cif,-3.280233244626624,0.0
val,mb-mp-e-form-061220,data/cifs/mb-mp-e-form-061220.cif,-1.189666163888681,0.0
val,mb-mp-e-form-068995,data/cifs/mb-mp-e-form-068995.cif,-1.5042731174599986,0.0
val,mb-mp-e-form-082368,data/cifs/mb-mp-e-form-082368.cif,-1.923413190357144,0.0
val,mb-mp-e-form-123996,data/cifs/mb-mp-e-form-123996.cif,-3.119324696625,0.0
val,mb-mp-e-form-014785,data/cifs/mb-mp-e-form-014785.cif,-0.029924075833333,0.0
val,mb-mp-e-form-046237,data/cifs/mb-mp-e-form-046237.cif,-0.7026345940206272,0.0
val,mb-mp-e-form-076135,data/cifs/mb-mp-e-form-076135.cif,-1.7486020816666674,0.0
val,mb-mp-e-form-043923,data/cifs/mb-mp-e-form-043923.cif,-0.6502487312499996,0.0
val,mb-mp-e-form-079045,data/cifs/mb-mp-e-form-079045.cif,-1.8561036216224995,0.0
val,mb-mp-e-form-006349,data/cifs/mb-mp-e-form-006349.cif,0.1839256142857144,0.0
val,mb-mp-e-form-101056,data/cifs/mb-mp-e-form-101056.cif,-2.4367440007031256,0.0
val,mb-mp-e-form-088682,data/cifs/mb-mp-e-form-088682.cif,-2.095547694787958,0.0
val,mb-mp-e-form-022015,data/cifs/mb-mp-e-form-022015.cif,-0.2509120446153846,0.0
val,mb-mp-e-form-132011,data/cifs/mb-mp-e-form-132011.cif,-4.284490724009545,0.0
val,mb-mp-e-form-052727,data/cifs/mb-mp-e-form-052727.cif,-0.8609319750000011,0.0
val,mb-mp-e-form-031381,data/cifs/mb-mp-e-form-031381.cif,-0.4049152650000002,0.0
val,mb-mp-e-form-046264,data/cifs/mb-mp-e-form-046264.cif,-0.6932105880000001,0.0
val,mb-mp-e-form-012324,data/cifs/mb-mp-e-form-012324.cif,0.0009211110344825,0.0
val,mb-mp-e-form-008231,data/cifs/mb-mp-e-form-008231.cif,0.1053087833333338,0.0
val,mb-mp-e-form-080046,data/cifs/mb-mp-e-form-080046.cif,-1.8776267802883333,0.0
val,mb-mp-e-form-062900,data/cifs/mb-mp-e-form-062900.cif,-1.2667909338462495,0.0
val,mb-mp-e-form-073197,data/cifs/mb-mp-e-form-073197.cif,-1.6494590782101397,0.0
val,mb-mp-e-form-025873,data/cifs/mb-mp-e-form-025873.cif,-0.2888149170833332,0.0
val,mb-mp-e-form-009924,data/cifs/mb-mp-e-form-009924.cif,0.0730286734133341,0.0
val,mb-mp-e-form-032038,data/cifs/mb-mp-e-form-032038.cif,-0.4246673660391975,0.0
val,mb-mp-e-form-109728,data/cifs/mb-mp-e-form-109728.cif,-2.6045693855473333,0.0
val,mb-mp-e-form-129450,data/cifs/mb-mp-e-form-129450.cif,-3.4225536695,0.0
val,mb-mp-e-form-047480,data/cifs/mb-mp-e-form-047480.cif,-0.7222340870000004,0.0
val,mb-mp-e-form-085102,data/cifs/mb-mp-e-form-085102.cif,-2.0106827034375003,0.0
val,mb-mp-e-form-023055,data/cifs/mb-mp-e-form-023055.cif,-0.2636921112500001,0.0
val,mb-mp-e-form-099395,data/cifs/mb-mp-e-form-099395.cif,-2.385417197864584,0.0
val,mb-mp-e-form-051169,data/cifs/mb-mp-e-form-051169.cif,-0.8135353664359997,0.0
val,mb-mp-e-form-105419,data/cifs/mb-mp-e-form-105419.cif,-2.5136799645879124,0.0
val,mb-mp-e-form-063243,data/cifs/mb-mp-e-form-063243.cif,-1.2559976350689657,0.0
val,mb-mp-e-form-041360,data/cifs/mb-mp-e-form-041360.cif,-0.5949140234166677,0.0
val,mb-mp-e-form-131311,data/cifs/mb-mp-e-form-131311.cif,-3.7151518713140006,0.0
val,mb-mp-e-form-103854,data/cifs/mb-mp-e-form-103854.cif,-2.4879903070238094,0.0
val,mb-mp-e-form-101352,data/cifs/mb-mp-e-form-101352.cif,-2.433059766919644,0.0
val,mb-mp-e-form-104058,data/cifs/mb-mp-e-form-104058.cif,-2.505442226227058,0.0
val,mb-mp-e-form-008386,data/cifs/mb-mp-e-form-008386.cif,0.1042504716666664,0.0
val,mb-mp-e-form-010441,data/cifs/mb-mp-e-form-010441.cif,0.0364471912499997,0.0
val,mb-mp-e-form-102426,data/cifs/mb-mp-e-form-102426.cif,-2.4632851093478267,0.0
val,mb-mp-e-form-127791,data/cifs/mb-mp-e-form-127791.cif,-3.3271107863125,0.0
val,mb-mp-e-form-065898,data/cifs/mb-mp-e-form-065898.cif,-1.4064501304166666,0.0
val,mb-mp-e-form-006496,data/cifs/mb-mp-e-form-006496.cif,0.16843901375,0.0
val,mb-mp-e-form-062547,data/cifs/mb-mp-e-form-062547.cif,-1.2145320010814595,0.0
val,mb-mp-e-form-096704,data/cifs/mb-mp-e-form-096704.cif,-2.313756569455714,0.0
val,mb-mp-e-form-123747,data/cifs/mb-mp-e-form-123747.cif,-3.0420136520833343,0.0
val,mb-mp-e-form-011302,data/cifs/mb-mp-e-form-011302.cif,0.0239097175,0.0
val,mb-mp-e-form-016794,data/cifs/mb-mp-e-form-016794.cif,-0.092425625,0.0
val,mb-mp-e-form-057250,data/cifs/mb-mp-e-form-057250.cif,-1.0382947266666676,0.0
val,mb-mp-e-form-116900,data/cifs/mb-mp-e-form-116900.cif,-2.8394594304300766,0.0
val,mb-mp-e-form-032469,data/cifs/mb-mp-e-form-032469.cif,-0.4091940158333334,0.0
val,mb-mp-e-form-109046,data/cifs/mb-mp-e-form-109046.cif,-2.614266484677083,0.0
val,mb-mp-e-form-058094,data/cifs/mb-mp-e-form-058094.cif,-1.081248210714287,0.0
val,mb-mp-e-form-121863,data/cifs/mb-mp-e-form-121863.cif,-2.988507256015625,0.0
val,mb-mp-e-form-103413,data/cifs/mb-mp-e-form-103413.cif,-2.473748967321429,0.0
val,mb-mp-e-form-114921,data/cifs/mb-mp-e-form-114921.cif,-2.780013028472222,0.0
val,mb-mp-e-form-016251,data/cifs/mb-mp-e-form-016251.cif,-0.0924496435000008,0.0
val,mb-mp-e-form-020665,data/cifs/mb-mp-e-form-020665.cif,-0.1889630591249997,0.0
val,mb-mp-e-form-097108,data/cifs/mb-mp-e-form-097108.cif,-2.357634893392858,0.0
val,mb-mp-e-form-028782,data/cifs/mb-mp-e-form-028782.cif,-0.3477657107291675,0.0
val,mb-mp-e-form-096322,data/cifs/mb-mp-e-form-096322.cif,-2.314848348694325,0.0
val,mb-mp-e-form-057010,data/cifs/mb-mp-e-form-057010.cif,-1.025722075833335,0.0
val,mb-mp-e-form-082337,data/cifs/mb-mp-e-form-082337.cif,-1.9400524888992408,0.0
val,mb-mp-e-form-040729,data/cifs/mb-mp-e-form-040729.cif,-0.5727042744444452,0.0
val,mb-mp-e-form-088002,data/cifs/mb-mp-e-form-088002.cif,-2.109458601583333,0.0
val,mb-mp-e-form-111234,data/cifs/mb-mp-e-form-111234.cif,-2.6518294033891663,0.0
val,mb-mp-e-form-003517,data/cifs/mb-mp-e-form-003517.cif,0.6143146185624996,0.0
val,mb-mp-e-form-078138,data/cifs/mb-mp-e-form-078138.cif,-1.817104940685,0.0
val,mb-mp-e-form-057714,data/cifs/mb-mp-e-form-057714.cif,-1.0261681924330364,0.0
val,mb-mp-e-form-103875,data/cifs/mb-mp-e-form-103875.cif,-2.492616846731862,0.0
val,mb-mp-e-form-071394,data/cifs/mb-mp-e-form-071394.cif,-1.5782638232030308,0.0
val,mb-mp-e-form-004668,data/cifs/mb-mp-e-form-004668.cif,0.3186438813888894,0.0
val,mb-mp-e-form-015901,data/cifs/mb-mp-e-form-015901.cif,-0.0754090874999997,0.0
val,mb-mp-e-form-105343,data/cifs/mb-mp-e-form-105343.cif,-2.5235263111363646,0.0
val,mb-mp-e-form-024290,data/cifs/mb-mp-e-form-024290.cif,-0.2855785068749998,0.0
val,mb-mp-e-form-104493,data/cifs/mb-mp-e-form-104493.cif,-2.4943323279846945,0.0
val,mb-mp-e-form-119570,data/cifs/mb-mp-e-form-119570.cif,-2.907991249956,0.0
val,mb-mp-e-form-121456,data/cifs/mb-mp-e-form-121456.cif,-2.966425672500003,0.0
val,mb-mp-e-form-014956,data/cifs/mb-mp-e-form-014956.cif,-0.0608771315624996,0.0
val,mb-mp-e-form-026821,data/cifs/mb-mp-e-form-026821.cif,-0.3196142375000002,0.0
val,mb-mp-e-form-082051,data/cifs/mb-mp-e-form-082051.cif,-1.9229856606632656,0.0
val,mb-mp-e-form-043774,data/cifs/mb-mp-e-form-043774.cif,-0.6323712661304755,0.0
val,mb-mp-e-form-111147,data/cifs/mb-mp-e-form-111147.cif,-2.642853229027777,0.0
val,mb-mp-e-form-065654,data/cifs/mb-mp-e-form-065654.cif,-1.351140523806207,0.0
val,mb-mp-e-form-052764,data/cifs/mb-mp-e-form-052764.cif,-0.8615133842490909,0.0
val,mb-mp-e-form-099292,data/cifs/mb-mp-e-form-099292.cif,-2.395845660218572,0.0
val,mb-mp-e-form-009781,data/cifs/mb-mp-e-form-009781.cif,0.0859885033333327,0.0
val,mb-mp-e-form-017729,data/cifs/mb-mp-e-form-017729.cif,-0.1147589167857136,0.0
val,mb-mp-e-form-091414,data/cifs/mb-mp-e-form-091414.cif,-2.1727888922288923,0.0
val,mb-mp-e-form-103064,data/cifs/mb-mp-e-form-103064.cif,-2.476024980750001,0.0
val,mb-mp-e-form-021642,data/cifs/mb-mp-e-form-021642.cif,-0.2291650074999998,0.0
val,mb-mp-e-form-052268,data/cifs/mb-mp-e-form-052268.cif,-0.8452410786363636,0.0
val,mb-mp-e-form-031120,data/cifs/mb-mp-e-form-031120.cif,-0.4028038245833336,0.0
val,mb-mp-e-form-118858,data/cifs/mb-mp-e-form-118858.cif,-2.9115241484675,0.0
val,mb-mp-e-form-057090,data/cifs/mb-mp-e-form-057090.cif,-1.0308250882124992,0.0
val,mb-mp-e-form-024121,data/cifs/mb-mp-e-form-024121.cif,-0.2859137649999997,0.0
val,mb-mp-e-form-123701,data/cifs/mb-mp-e-form-123701.cif,-3.0434896794111115,0.0
val,mb-mp-e-form-056338,data/cifs/mb-mp-e-form-056338.cif,-0.9777460584745832,0.0
val,mb-mp-e-form-086883,data/cifs/mb-mp-e-form-086883.cif,-2.0848749677260003,0.0
val,mb-mp-e-form-100145,data/cifs/mb-mp-e-form-100145.cif,-2.40463889375,0.0
val,mb-mp-e-form-121434,data/cifs/mb-mp-e-form-121434.cif,-2.9651425507552087,0.0
val,mb-mp-e-form-034152,data/cifs/mb-mp-e-form-034152.cif,-0.4507266493749995,0.0
val,mb-mp-e-form-106359,data/cifs/mb-mp-e-form-106359.cif,-2.5329735824489794,0.0
val,mb-mp-e-form-103250,data/cifs/mb-mp-e-form-103250.cif,-2.4738876737157147,0.0
val,mb-mp-e-form-036087,data/cifs/mb-mp-e-form-036087.cif,-0.4834331141666667,0.0
val,mb-mp-e-form-055080,data/cifs/mb-mp-e-form-055080.cif,-0.9340722800000004,0.0
val,mb-mp-e-form-058065,data/cifs/mb-mp-e-form-058065.cif,-1.0507826386,0.0
val,mb-mp-e-form-054161,data/cifs/mb-mp-e-form-054161.cif,-0.9269225871875004,0.0
val,mb-mp-e-form-012502,data/cifs/mb-mp-e-form-012502.cif,-0.0038283166447375,0.0
val,mb-mp-e-form-093326,data/cifs/mb-mp-e-form-093326.cif,-2.2266084112239994,0.0
val,mb-mp-e-form-102586,data/cifs/mb-mp-e-form-102586.cif,-2.445521995,0.0
val,mb-mp-e-form-019163,data/cifs/mb-mp-e-form-019163.cif,-0.1687697748275868,0.0
val,mb-mp-e-form-035976,data/cifs/mb-mp-e-form-035976.cif,-0.4837662888888895,0.0
val,mb-mp-e-form-027437,data/cifs/mb-mp-e-form-027437.cif,-0.3255846333333328,0.0
val,mb-mp-e-form-110492,data/cifs/mb-mp-e-form-110492.cif,-2.6228919199775,0.0
val,mb-mp-e-form-068924,data/cifs/mb-mp-e-form-068924.cif,-1.5048364652083333,0.0
val,mb-mp-e-form-056015,data/cifs/mb-mp-e-form-056015.cif,-1.002466740000001,0.0
val,mb-mp-e-form-103676,data/cifs/mb-mp-e-form-103676.cif,-2.47975697850029,0.0
val,mb-mp-e-form-107447,data/cifs/mb-mp-e-form-107447.cif,-2.5599342905442177,0.0
val,mb-mp-e-form-049841,data/cifs/mb-mp-e-form-049841.cif,-0.7692257387499994,0.0
val,mb-mp-e-form-068962,data/cifs/mb-mp-e-form-068962.cif,-1.505715050056,0.0
val,mb-mp-e-form-000392,data/cifs/mb-mp-e-form-000392.cif,1.5328293862499995,0.0
val,mb-mp-e-form-082876,data/cifs/mb-mp-e-form-082876.cif,-1.9456950075868056,0.0
val,mb-mp-e-form-022827,data/cifs/mb-mp-e-form-022827.cif,-0.2375994419333334,0.0
val,mb-mp-e-form-124911,data/cifs/mb-mp-e-form-124911.cif,-3.133116929166667,0.0
val,mb-mp-e-form-124608,data/cifs/mb-mp-e-form-124608.cif,-3.120313873571112,0.0
val,mb-mp-e-form-089142,data/cifs/mb-mp-e-form-089142.cif,-2.144533738912338,0.0
val,mb-mp-e-form-106342,data/cifs/mb-mp-e-form-106342.cif,-2.5455449199520004,0.0
val,mb-mp-e-form-068293,data/cifs/mb-mp-e-form-068293.cif,-1.4891524821127504,0.0
val,mb-mp-e-form-119562,data/cifs/mb-mp-e-form-119562.cif,-2.903484537115219,0.0
val,mb-mp-e-form-016594,data/cifs/mb-mp-e-form-016594.cif,-0.0935368974999999,0.0
val,mb-mp-e-form-005446,data/cifs/mb-mp-e-form-005446.cif,0.2525457012499998,0.0
val,mb-mp-e-form-072643,data/cifs/mb-mp-e-form-072643.cif,-1.6346592137449996,0.0
val,mb-mp-e-form-010215,data/cifs/mb-mp-e-form-010215.cif,0.0468123537499998,0.0
val,mb-mp-e-form-105373,data/cifs/mb-mp-e-form-105373.cif,-2.526231255957792,0.0
val,mb-mp-e-form-091263,data/cifs/mb-mp-e-form-091263.cif,-2.1823293007812508,0.0
val,mb-mp-e-form-025606,data/cifs/mb-mp-e-form-025606.cif,-0.2872693256666669,0.0
val,mb-mp-e-form-092435,data/cifs/mb-mp-e-form-092435.cif,-2.208733078041667,0.0
val,mb-mp-e-form-019604,data/cifs/mb-mp-e-form-019604.cif,-0.16859844,0.0
val,mb-mp-e-form-029576,data/cifs/mb-mp-e-form-029576.cif,-0.36054910175,0.0
val,mb-mp-e-form-054346,data/cifs/mb-mp-e-form-054346.cif,-0.9087304321413342,0.0
val,mb-mp-e-form-057803,data/cifs/mb-mp-e-form-057803.cif,-1.0164989048749995,0.0
val,mb-mp-e-form-094641,data/cifs/mb-mp-e-form-094641.cif,-2.258306036196429,0.0
val,mb-mp-e-form-090713,data/cifs/mb-mp-e-form-090713.cif,-2.1471102858,0.0
val,mb-mp-e-form-023478,data/cifs/mb-mp-e-form-023478.cif,-0.2637661250000001,0.0
val,mb-mp-e-form-020625,data/cifs/mb-mp-e-form-020625.cif,-0.1974087619999998,0.0
val,mb-mp-e-form-016213,data/cifs/mb-mp-e-form-016213.cif,-0.0807689644827586,0.0
val,mb-mp-e-form-011933,data/cifs/mb-mp-e-form-011933.cif,-0.0042704399999999,0.0
val,mb-mp-e-form-046073,data/cifs/mb-mp-e-form-046073.cif,-0.6947835415972219,0.0
val,mb-mp-e-form-089706,data/cifs/mb-mp-e-form-089706.cif,-2.135797129285714,0.0
val,mb-mp-e-form-131041,data/cifs/mb-mp-e-form-131041.cif,-3.819935837916669,0.0
val,mb-mp-e-form-010417,data/cifs/mb-mp-e-form-010417.cif,0.0394737241666662,0.0
val,mb-mp-e-form-108989,data/cifs/mb-mp-e-form-108989.cif,-2.6090731781373284,0.0
val,mb-mp-e-form-075337,data/cifs/mb-mp-e-form-075337.cif,-1.7227454558928568,0.0
val,mb-mp-e-form-034583,data/cifs/mb-mp-e-form-034583.cif,-0.4530620937499998,0.0
val,mb-mp-e-form-078073,data/cifs/mb-mp-e-form-078073.cif,-1.8232795459975,0.0
val,mb-mp-e-form-045146,data/cifs/mb-mp-e-form-045146.cif,-0.6620505253571422,0.0
val,mb-mp-e-form-033064,data/cifs/mb-mp-e-form-033064.cif,-0.4375412899999995,0.0
val,mb-mp-e-form-068934,data/cifs/mb-mp-e-form-068934.cif,-1.511817647321429,0.0
val,mb-mp-e-form-096446,data/cifs/mb-mp-e-form-096446.cif,-2.309817085,0.0
val,mb-mp-e-form-087636,data/cifs/mb-mp-e-form-087636.cif,-2.081049809881539,0.0
val,mb-mp-e-form-113863,data/cifs/mb-mp-e-form-113863.cif,-2.7375344004687494,0.0
val,mb-mp-e-form-042487,data/cifs/mb-mp-e-form-042487.cif,-0.6155085299999996,0.0
val,mb-mp-e-form-074735,data/cifs/mb-mp-e-form-074735.cif,-1.6882496297058818,0.0
val,mb-mp-e-form-065081,data/cifs/mb-mp-e-form-065081.cif,-1.3417548444523073,0.0
val,mb-mp-e-form-098015,data/cifs/mb-mp-e-form-098015.cif,-2.370347225864878,0.0
val,mb-mp-e-form-123717,data/cifs/mb-mp-e-form-123717.cif,-3.0390606471425,0.0
val,mb-mp-e-form-120023,data/cifs/mb-mp-e-form-120023.cif,-2.9457167171550003,0.0
val,mb-mp-e-form-125265,data/cifs/mb-mp-e-form-125265.cif,-3.1288548200793644,0.0
val,mb-mp-e-form-120932,data/cifs/mb-mp-e-form-120932.cif,-2.961078875125,0.0
val,mb-mp-e-form-111251,data/cifs/mb-mp-e-form-111251.cif,-2.6444968877500004,0.0
val,mb-mp-e-form-047966,data/cifs/mb-mp-e-form-047966.cif,-0.7442634657812506,0.0
val,mb-mp-e-form-007332,data/cifs/mb-mp-e-form-007332.cif,0.1498238708333333,0.0
val,mb-mp-e-form-111423,data/cifs/mb-mp-e-form-111423.cif,-2.6629867312857134,0.0
val,mb-mp-e-form-095317,data/cifs/mb-mp-e-form-095317.cif,-2.297443847895833,0.0
val,mb-mp-e-form-095727,data/cifs/mb-mp-e-form-095727.cif,-2.2816594819913787,0.0
val,mb-mp-e-form-006807,data/cifs/mb-mp-e-form-006807.cif,0.1771463133333336,0.0
val,mb-mp-e-form-070751,data/cifs/mb-mp-e-form-070751.cif,-1.5576668429411764,0.0
val,mb-mp-e-form-081131,data/cifs/mb-mp-e-form-081131.cif,-1.9009433268492315,0.0
val,mb-mp-e-form-009653,data/cifs/mb-mp-e-form-009653.cif,0.0649888770000004,0.0
val,mb-mp-e-form-009879,data/cifs/mb-mp-e-form-009879.cif,0.0649822646551723,0.0
val,mb-mp-e-form-108131,data/cifs/mb-mp-e-form-108131.cif,-2.589226763124999,0.0
val,mb-mp-e-form-047337,data/cifs/mb-mp-e-form-047337.cif,-0.7251441119471156,0.0
val,mb-mp-e-form-072205,data/cifs/mb-mp-e-form-072205.cif,-1.6268916494862502,0.0
val,mb-mp-e-form-044321,data/cifs/mb-mp-e-form-044321.cif,-0.6477012561111124,0.0
val,mb-mp-e-form-117720,data/cifs/mb-mp-e-form-117720.cif,-2.8304183872222217,0.0
val,mb-mp-e-form-007275,data/cifs/mb-mp-e-form-007275.cif,0.1480131175000001,0.0
val,mb-mp-e-form-017531,data/cifs/mb-mp-e-form-017531.cif,-0.1215738032142856,0.0
val,mb-mp-e-form-068441,data/cifs/mb-mp-e-form-068441.cif,-1.4736237546428568,0.0
val,mb-mp-e-form-084925,data/cifs/mb-mp-e-form-084925.cif,-2.0222694327247623,0.0
val,mb-mp-e-form-036806,data/cifs/mb-mp-e-form-036806.cif,-0.4826647472222218,0.0
val,mb-mp-e-form-120674,data/cifs/mb-mp-e-form-120674.cif,-2.949599537113749,0.0
val,mb-mp-e-form-121588,data/cifs/mb-mp-e-form-121588.cif,-2.96378006246625,0.0
val,mb-mp-e-form-072701,data/cifs/mb-mp-e-form-072701.cif,-1.6138072335733329,0.0
val,mb-mp-e-form-122101,data/cifs/mb-mp-e-form-122101.cif,-3.007939450520832,0.0
val,mb-mp-e-form-010614,data/cifs/mb-mp-e-form-010614.cif,0.0488204319230766,0.0
val,mb-mp-e-form-113545,data/cifs/mb-mp-e-form-113545.cif,-2.703254065297792,0.0
val,mb-mp-e-form-088591,data/cifs/mb-mp-e-form-088591.cif,-2.1025810707499994,0.0
val,mb-mp-e-form-075953,data/cifs/mb-mp-e-form-075953.cif,-1.7522705283500002,0.0
val,mb-mp-e-form-045269,data/cifs/mb-mp-e-form-045269.cif,-0.6701179527586197,0.0
val,mb-mp-e-form-093914,data/cifs/mb-mp-e-form-093914.cif,-2.2679522471861904,0.0
val,mb-mp-e-form-065934,data/cifs/mb-mp-e-form-065934.cif,-1.394402548848039,0.0
val,mb-mp-e-form-002084,data/cifs/mb-mp-e-form-002084.cif,0.9203052860526324,0.0
val,mb-mp-e-form-105807,data/cifs/mb-mp-e-form-105807.cif,-2.5381198412500003,0.0
val,mb-mp-e-form-094016,data/cifs/mb-mp-e-form-094016.cif,-2.2780404886477394,0.0
val,mb-mp-e-form-088646,data/cifs/mb-mp-e-form-088646.cif,-2.093395286505681,0.0
val,mb-mp-e-form-022754,data/cifs/mb-mp-e-form-022754.cif,-0.2502827720588235,0.0
val,mb-mp-e-form-084674,data/cifs/mb-mp-e-form-084674.cif,-1.980069739615,0.0
val,mb-mp-e-form-044560,data/cifs/mb-mp-e-form-044560.cif,-0.6500145586111111,0.0
val,mb-mp-e-form-002540,data/cifs/mb-mp-e-form-002540.cif,0.6680220565411119,0.0
val,mb-mp-e-form-020727,data/cifs/mb-mp-e-form-020727.cif,-0.2048727088194442,0.0
val,mb-mp-e-form-033611,data/cifs/mb-mp-e-form-033611.cif,-0.4426651749999992,0.0
val,mb-mp-e-form-118976,data/cifs/mb-mp-e-form-118976.cif,-2.915348958519841,0.0
val,mb-mp-e-form-085878,data/cifs/mb-mp-e-form-085878.cif,-2.0543694313068177,0.0
val,mb-mp-e-form-082857,data/cifs/mb-mp-e-form-082857.cif,-1.968230505892858,0.0
val,mb-mp-e-form-031795,data/cifs/mb-mp-e-form-031795.cif,-0.4033901687499996,0.0
val,mb-mp-e-form-074999,data/cifs/mb-mp-e-form-074999.cif,-1.7178727006250003,0.0
val,mb-mp-e-form-040205,data/cifs/mb-mp-e-form-040205.cif,-0.5766124604337831,0.0
val,mb-mp-e-form-015133,data/cifs/mb-mp-e-form-015133.cif,-0.0691655711979167,0.0
val,mb-mp-e-form-057086,data/cifs/mb-mp-e-form-057086.cif,-1.0249903544140624,0.0
val,mb-mp-e-form-092269,data/cifs/mb-mp-e-form-092269.cif,-2.203188927501736,0.0
val,mb-mp-e-form-077947,data/cifs/mb-mp-e-form-077947.cif,-1.8291458303724992,0.0
val,mb-mp-e-form-118607,data/cifs/mb-mp-e-form-118607.cif,-2.866417841458333,0.0
val,mb-mp-e-form-009547,data/cifs/mb-mp-e-form-009547.cif,0.0804717553124998,0.0
val,mb-mp-e-form-127503,data/cifs/mb-mp-e-form-127503.cif,-3.2827676454276324,0.0
val,mb-mp-e-form-073605,data/cifs/mb-mp-e-form-073605.cif,-1.6808156039583335,0.0
val,mb-mp-e-form-119620,data/cifs/mb-mp-e-form-119620.cif,-2.8952355126136364,0.0
val,mb-mp-e-form-069472,data/cifs/mb-mp-e-form-069472.cif,-1.5298508432638884,0.0
val,mb-mp-e-form-110950,data/cifs/mb-mp-e-form-110950.cif,-2.645596448425167,0.0
val,mb-mp-e-form-045485,data/cifs/mb-mp-e-form-045485.cif,-0.660352078469388,0.0
val,mb-mp-e-form-056963,data/cifs/mb-mp-e-form-056963.cif,-1.0400480294759986,0.0
val,mb-mp-e-form-012782,data/cifs/mb-mp-e-form-012782.cif,0.0116378020689663,0.0
val,mb-mp-e-form-014113,data/cifs/mb-mp-e-form-014113.cif,-0.0358653916666664,0.0
val,mb-mp-e-form-071626,data/cifs/mb-mp-e-form-071626.cif,-1.5835567679166669,0.0
val,mb-mp-e-form-075355,data/cifs/mb-mp-e-form-075355.cif,-1.7397499121562503,0.0
val,mb-mp-e-form-054291,data/cifs/mb-mp-e-form-054291.cif,-0.9001502319279993,0.0
val,mb-mp-e-form-099265,data/cifs/mb-mp-e-form-099265.cif,-2.388789733649572,0.0
val,mb-mp-e-form-043319,data/cifs/mb-mp-e-form-043319.cif,-0.6276805705729167,0.0
val,mb-mp-e-form-073056,data/cifs/mb-mp-e-form-073056.cif,-1.6604156133512498,0.0
val,mb-mp-e-form-108638,data/cifs/mb-mp-e-form-108638.cif,-2.573109321455661,0.0
val,mb-mp-e-form-009945,data/cifs/mb-mp-e-form-009945.cif,0.0364766275000003,0.0
val,mb-mp-e-form-026327,data/cifs/mb-mp-e-form-026327.cif,-0.3167006396428578,0.0
val,mb-mp-e-form-066977,data/cifs/mb-mp-e-form-066977.cif,-1.4584830059759994,0.0
val,mb-mp-e-form-031887,data/cifs/mb-mp-e-form-031887.cif,-0.4005495374999999,0.0
val,mb-mp-e-form-122660,data/cifs/mb-mp-e-form-122660.cif,-3.0088674938756617,0.0
val,mb-mp-e-form-085390,data/cifs/mb-mp-e-form-085390.cif,-2.016271829722222,0.0
val,mb-mp-e-form-001976,data/cifs/mb-mp-e-form-001976.cif,0.8184071575000003,0.0
val,mb-mp-e-form-069491,data/cifs/mb-mp-e-form-069491.cif,-1.5033414856944436,0.0
val,mb-mp-e-form-130305,data/cifs/mb-mp-e-form-130305.cif,-3.499718898055556,0.0
val,mb-mp-e-form-088572,data/cifs/mb-mp-e-form-088572.cif,-2.112888884999999,0.0
val,mb-mp-e-form-023684,data/cifs/mb-mp-e-form-023684.cif,-0.2551824008333335,0.0
val,mb-mp-e-form-123744,data/cifs/mb-mp-e-form-123744.cif,-3.0617916155448723,0.0
val,mb-mp-e-form-070684,data/cifs/mb-mp-e-form-070684.cif,-1.5570523197500008,0.0
val,mb-mp-e-form-010312,data/cifs/mb-mp-e-form-010312.cif,0.054182039583333,0.0
val,mb-mp-e-form-126042,data/cifs/mb-mp-e-form-126042.cif,-3.217487113967392,0.0
val,mb-mp-e-form-110373,data/cifs/mb-mp-e-form-110373.cif,-2.628227205428572,0.0
val,mb-mp-e-form-095606,data/cifs/mb-mp-e-form-095606.cif,-2.305393065477143,0.0
val,mb-mp-e-form-083559,data/cifs/mb-mp-e-form-083559.cif,-1.950366198093144,0.0
val,mb-mp-e-form-090814,data/cifs/mb-mp-e-form-090814.cif,-2.198009090249999,0.0
val,mb-mp-e-form-039287,data/cifs/mb-mp-e-form-039287.cif,-0.5553842483333332,0.0
val,mb-mp-e-form-126764,data/cifs/mb-mp-e-form-126764.cif,-3.241204649,0.0
val,mb-mp-e-form-125157,data/cifs/mb-mp-e-form-125157.cif,-3.1628390613970594,0.0
val,mb-mp-e-form-043370,data/cifs/mb-mp-e-form-043370.cif,-0.6300706583333332,0.0
val,mb-mp-e-form-127537,data/cifs/mb-mp-e-form-127537.cif,-3.2914634645833334,0.0
val,mb-mp-e-form-073479,data/cifs/mb-mp-e-form-073479.cif,-1.667243101899583,0.0
val,mb-mp-e-form-033341,data/cifs/mb-mp-e-form-033341.cif,-0.4392091876666697,0.0
val,mb-mp-e-form-070902,data/cifs/mb-mp-e-form-070902.cif,-1.601776271082974,0.0
val,mb-mp-e-form-066166,data/cifs/mb-mp-e-form-066166.cif,-1.4073824960695993,0.0
val,mb-mp-e-form-038332,data/cifs/mb-mp-e-form-038332.cif,-0.5203385210714292,0.0
val,mb-mp-e-form-120703,data/cifs/mb-mp-e-form-120703.cif,-2.9417771163488093,0.0
val,mb-mp-e-form-004539,data/cifs/mb-mp-e-form-004539.cif,0.4292659027663541,0.0
val,mb-mp-e-form-005929,data/cifs/mb-mp-e-form-005929.cif,0.2124806455769229,0.0
val,mb-mp-e-form-064266,data/cifs/mb-mp-e-form-064266.cif,-1.3084235523588332,0.0
val,mb-mp-e-form-015718,data/cifs/mb-mp-e-form-015718.cif,-0.0653833816666669,0.0
val,mb-mp-e-form-073780,data/cifs/mb-mp-e-form-073780.cif,-1.6620013348214289,0.0
val,mb-mp-e-form-061309,data/cifs/mb-mp-e-form-061309.cif,-1.199780143644826,0.0
val,mb-mp-e-form-090901,data/cifs/mb-mp-e-form-090901.cif,-2.1956207939560004,0.0
val,mb-mp-e-form-053346,data/cifs/mb-mp-e-form-053346.cif,-0.8803288274999991,0.0
val,mb-mp-e-form-055815,data/cifs/mb-mp-e-form-055815.cif,-0.9588408180000002,0.0
val,mb-mp-e-form-072182,data/cifs/mb-mp-e-form-072182.cif,-1.6363679746499984,0.0
val,mb-mp-e-form-042078,data/cifs/mb-mp-e-form-042078.cif,-0.6178637775544442,0.0
val,mb-mp-e-form-023062,data/cifs/mb-mp-e-form-023062.cif,-0.2571194412500004,0.0
val,mb-mp-e-form-023150,data/cifs/mb-mp-e-form-023150.cif,-0.2636683231250014,0.0
val,mb-mp-e-form-022868,data/cifs/mb-mp-e-form-022868.cif,-0.2328785330357146,0.0
val,mb-mp-e-form-071966,data/cifs/mb-mp-e-form-071966.cif,-1.6307329116562506,0.0
val,mb-mp-e-form-041520,data/cifs/mb-mp-e-form-041520.cif,-0.5944529711111117,0.0
val,mb-mp-e-form-124683,data/cifs/mb-mp-e-form-124683.cif,-3.081183384,0.0
val,mb-mp-e-form-072246,data/cifs/mb-mp-e-form-072246.cif,-1.6115981690731709,0.0
val,mb-mp-e-form-107369,data/cifs/mb-mp-e-form-107369.cif,-2.556963168942372,0.0
val,mb-mp-e-form-001104,data/cifs/mb-mp-e-form-001104.cif,1.2270211125000006,0.0
val,mb-mp-e-form-118954,data/cifs/mb-mp-e-form-118954.cif,-2.896039993846983,0.0
val,mb-mp-e-form-098851,data/cifs/mb-mp-e-form-098851.cif,-2.395214308955661,0.0
val,mb-mp-e-form-068511,data/cifs/mb-mp-e-form-068511.cif,-1.4735691741666663,0.0
val,mb-mp-e-form-102751,data/cifs/mb-mp-e-form-102751.cif,-2.44988882404762,0.0
val,mb-mp-e-form-103065,data/cifs/mb-mp-e-form-103065.cif,-2.479818685694445,0.0
val,mb-mp-e-form-018885,data/cifs/mb-mp-e-form-018885.cif,-0.1361071816666665,0.0
val,mb-mp-e-form-037735,data/cifs/mb-mp-e-form-037735.cif,-0.5066278549815391,0.0
val,mb-mp-e-form-026919,data/cifs/mb-mp-e-form-026919.cif,-0.3253817923809531,0.0
val,mb-mp-e-form-069327,data/cifs/mb-mp-e-form-069327.cif,-1.5161515608333336,0.0
val,mb-mp-e-form-088303,data/cifs/mb-mp-e-form-088303.cif,-2.0901523268124995,0.0
val,mb-mp-e-form-003084,data/cifs/mb-mp-e-form-003084.cif,0.6566222762500001,0.0
val,mb-mp-e-form-040079,data/cifs/mb-mp-e-form-040079.cif,-0.5742557319095237,0.0
val,mb-mp-e-form-015043,data/cifs/mb-mp-e-form-015043.cif,-0.0786811250000001,0.0
val,mb-mp-e-form-078759,data/cifs/mb-mp-e-form-078759.cif,-1.83270280025,0.0
val,mb-mp-e-form-129619,data/cifs/mb-mp-e-form-129619.cif,-3.429268347857142,0.0
val,mb-mp-e-form-041768,data/cifs/mb-mp-e-form-041768.cif,-0.5911320164079996,0.0
val,mb-mp-e-form-126139,data/cifs/mb-mp-e-form-126139.cif,-3.2119356600602864,0.0
val,mb-mp-e-form-066570,data/cifs/mb-mp-e-form-066570.cif,-1.4124618150249653,0.0
val,mb-mp-e-form-059795,data/cifs/mb-mp-e-form-059795.cif,-1.106827042857143,0.0
val,mb-mp-e-form-099646,data/cifs/mb-mp-e-form-099646.cif,-2.387568609234695,0.0
val,mb-mp-e-form-043715,data/cifs/mb-mp-e-form-043715.cif,-0.6314756278833329,0.0
val,mb-mp-e-form-120622,data/cifs/mb-mp-e-form-120622.cif,-2.9295661351388893,0.0
val,mb-mp-e-form-123601,data/cifs/mb-mp-e-form-123601.cif,-3.029610337840909,0.0
val,mb-mp-e-form-112197,data/cifs/mb-mp-e-form-112197.cif,-2.6904907134419984,0.0
val,mb-mp-e-form-119697,data/cifs/mb-mp-e-form-119697.cif,-2.905337530060909,0.0
val,mb-mp-e-form-071015,data/cifs/mb-mp-e-form-071015.cif,-1.5982041561038962,0.0
val,mb-mp-e-form-015751,data/cifs/mb-mp-e-form-015751.cif,-0.0741608953125005,0.0
val,mb-mp-e-form-054228,data/cifs/mb-mp-e-form-054228.cif,-0.9091052169,0.0
val,mb-mp-e-form-100558,data/cifs/mb-mp-e-form-100558.cif,-2.423487395817144,0.0
val,mb-mp-e-form-053824,data/cifs/mb-mp-e-form-053824.cif,-0.8865819441666671,0.0
val,mb-mp-e-form-120381,data/cifs/mb-mp-e-form-120381.cif,-2.9369902506342367,0.0
val,mb-mp-e-form-115739,data/cifs/mb-mp-e-form-115739.cif,-2.7807003967499995,0.0
val,mb-mp-e-form-110327,data/cifs/mb-mp-e-form-110327.cif,-2.625629247561852,0.0
val,mb-mp-e-form-042395,data/cifs/mb-mp-e-form-042395.cif,-0.6134967644155839,0.0
val,mb-mp-e-form-029510,data/cifs/mb-mp-e-form-029510.cif,-0.3706817877698416,0.0
val,mb-mp-e-form-041010,data/cifs/mb-mp-e-form-041010.cif,-0.5966233466666656,0.0
val,mb-mp-e-form-126528,data/cifs/mb-mp-e-form-126528.cif,-3.227993021043956,0.0
val,mb-mp-e-form-117485,data/cifs/mb-mp-e-form-117485.cif,-2.8257763653333337,0.0
val,mb-mp-e-form-072060,data/cifs/mb-mp-e-form-072060.cif,-1.6340268969140626,0.0
val,mb-mp-e-form-011754,data/cifs/mb-mp-e-form-011754.cif,0.016413355,0.0
val,mb-mp-e-form-019044,data/cifs/mb-mp-e-form-019044.cif,-0.1740403531435298,0.0
val,mb-mp-e-form-026394,data/cifs/mb-mp-e-form-026394.cif,-0.319957610555555,0.0
val,mb-mp-e-form-070027,data/cifs/mb-mp-e-form-070027.cif,-1.5437401455926725,0.0
val,mb-mp-e-form-016973,data/cifs/mb-mp-e-form-016973.cif,-0.120235324865833,0.0
val,mb-mp-e-form-080597,data/cifs/mb-mp-e-form-080597.cif,-1.864584539205279,0.0
val,mb-mp-e-form-098099,data/cifs/mb-mp-e-form-098099.cif,-2.361231528173078,0.0
val,mb-mp-e-form-055668,data/cifs/mb-mp-e-form-055668.cif,-0.9497133521088444,0.0
val,mb-mp-e-form-027531,data/cifs/mb-mp-e-form-027531.cif,-0.3282169674999995,0.0
val,mb-mp-e-form-047293,data/cifs/mb-mp-e-form-047293.cif,-0.7166925133333327,0.0
val,mb-mp-e-form-046097,data/cifs/mb-mp-e-form-046097.cif,-0.6854655437499995,0.0
val,mb-mp-e-form-029230,data/cifs/mb-mp-e-form-029230.cif,-0.3592700567159994,0.0
val,mb-mp-e-form-015325,data/cifs/mb-mp-e-form-015325.cif,-0.0669510137499997,0.0
val,mb-mp-e-form-015294,data/cifs/mb-mp-e-form-015294.cif,-0.0774315430000001,0.0
val,mb-mp-e-form-097970,data/cifs/mb-mp-e-form-097970.cif,-2.374314800656563,0.0
val,mb-mp-e-form-023005,data/cifs/mb-mp-e-form-023005.cif,-0.251644315,0.0
val,mb-mp-e-form-115435,data/cifs/mb-mp-e-form-115435.cif,-2.76862792747263,0.0
val,mb-mp-e-form-081059,data/cifs/mb-mp-e-form-081059.cif,-1.8821350973716664,0.0
val,mb-mp-e-form-102206,data/cifs/mb-mp-e-form-102206.cif,-2.4602540244072952,0.0
val,mb-mp-e-form-093622,data/cifs/mb-mp-e-form-093622.cif,-2.2373072139328563,0.0
val,mb-mp-e-form-130697,data/cifs/mb-mp-e-form-130697.cif,-3.521615201249999,0.0
val,mb-mp-e-form-120290,data/cifs/mb-mp-e-form-120290.cif,-2.935499099460785,0.0
val,mb-mp-e-form-130147,data/cifs/mb-mp-e-form-130147.cif,-3.4998952720833336,0.0
val,mb-mp-e-form-120925,data/cifs/mb-mp-e-form-120925.cif,-2.9778530965234373,0.0
val,mb-mp-e-form-108083,data/cifs/mb-mp-e-form-108083.cif,-2.590021486083333,0.0
test,mb-mp-e-form-039175,data/cifs/mb-mp-e-form-039175.cif,-0.5412019119444457,0.0
test,mb-mp-e-form-028901,data/cifs/mb-mp-e-form-028901.cif,-0.3412693367968753,0.0
test,mb-mp-e-form-030878,data/cifs/mb-mp-e-form-030878.cif,-0.3869530537500001,0.0
test,mb-mp-e-form-100112,data/cifs/mb-mp-e-form-100112.cif,-2.408843572973651,0.0
test,mb-mp-e-form-105121,data/cifs/mb-mp-e-form-105121.cif,-2.5232085635576924,0.0
test,mb-mp-e-form-122560,data/cifs/mb-mp-e-form-122560.cif,-3.017014742492308,0.0
test,mb-mp-e-form-111891,data/cifs/mb-mp-e-form-111891.cif,-2.686744036782966,0.0
test,mb-mp-e-form-063381,data/cifs/mb-mp-e-form-063381.cif,-1.2521903983967242,0.0
test,mb-mp-e-form-100541,data/cifs/mb-mp-e-form-100541.cif,-2.4181434431250004,0.0
test,mb-mp-e-form-128023,data/cifs/mb-mp-e-form-128023.cif,-3.3085325906175007,0.0
test,mb-mp-e-form-053223,data/cifs/mb-mp-e-form-053223.cif,-0.8755824506895242,0.0
test,mb-mp-e-form-098527,data/cifs/mb-mp-e-form-098527.cif,-2.36590244228022,0.0
test,mb-mp-e-form-107035,data/cifs/mb-mp-e-form-107035.cif,-2.552577016071428,0.0
test,mb-mp-e-form-058732,data/cifs/mb-mp-e-form-058732.cif,-1.0767667395833334,0.0
test,mb-mp-e-form-029172,data/cifs/mb-mp-e-form-029172.cif,-0.3593780991421432,0.0
test,mb-mp-e-form-081962,data/cifs/mb-mp-e-form-081962.cif,-1.9132336023716665,0.0
test,mb-mp-e-form-016827,data/cifs/mb-mp-e-form-016827.cif,-0.1027624000000004,0.0
test,mb-mp-e-form-049070,data/cifs/mb-mp-e-form-049070.cif,-0.7658062668135289,0.0
test,mb-mp-e-form-013446,data/cifs/mb-mp-e-form-013446.cif,-0.0218304104343332,0.0
test,mb-mp-e-form-015495,data/cifs/mb-mp-e-form-015495.cif,-0.0797642884722217,0.0
test,mb-mp-e-form-030457,data/cifs/mb-mp-e-form-030457.cif,-0.3795827583333331,0.0
test,mb-mp-e-form-043292,data/cifs/mb-mp-e-form-043292.cif,-0.6219456533333331,0.0
test,mb-mp-e-form-040905,data/cifs/mb-mp-e-form-040905.cif,-0.5892117147500002,0.0
test,mb-mp-e-form-058348,data/cifs/mb-mp-e-form-058348.cif,-1.078385896607143,0.0
test,mb-mp-e-form-069796,data/cifs/mb-mp-e-form-069796.cif,-1.5314291202675,0.0
test,mb-mp-e-form-077835,data/cifs/mb-mp-e-form-077835.cif,-1.8214848161538464,0.0
test,mb-mp-e-form-089164,data/cifs/mb-mp-e-form-089164.cif,-2.135879094151836,0.0
test,mb-mp-e-form-055544,data/cifs/mb-mp-e-form-055544.cif,-0.9333863687799336,0.0
test,mb-mp-e-form-124154,data/cifs/mb-mp-e-form-124154.cif,-3.098685000357144,0.0
test,mb-mp-e-form-031158,data/cifs/mb-mp-e-form-031158.cif,-0.3934147181890908,0.0
test,mb-mp-e-form-115734,data/cifs/mb-mp-e-form-115734.cif,-2.7812829197500006,0.0
test,mb-mp-e-form-114566,data/cifs/mb-mp-e-form-114566.cif,-2.7396202711325004,0.0
test,mb-mp-e-form-063917,data/cifs/mb-mp-e-form-063917.cif,-1.3219579903571426,0.0
test,mb-mp-e-form-001500,data/cifs/mb-mp-e-form-001500.cif,1.133497492395832,0.0
test,mb-mp-e-form-042274,data/cifs/mb-mp-e-form-042274.cif,-0.6013852094897959,0.0
test,mb-mp-e-form-113504,data/cifs/mb-mp-e-form-113504.cif,-2.7192484978703177,0.0
test,mb-mp-e-form-080426,data/cifs/mb-mp-e-form-080426.cif,-1.8749812940234367,0.0
test,mb-mp-e-form-013534,data/cifs/mb-mp-e-form-013534.cif,-0.0247539190384622,0.0
test,mb-mp-e-form-088339,data/cifs/mb-mp-e-form-088339.cif,-2.0991277722204966,0.0
test,mb-mp-e-form-051916,data/cifs/mb-mp-e-form-051916.cif,-0.840208960857143,0.0
test,mb-mp-e-form-096679,data/cifs/mb-mp-e-form-096679.cif,-2.315906682321429,0.0
test,mb-mp-e-form-104549,data/cifs/mb-mp-e-form-104549.cif,-2.488438560304622,0.0
test,mb-mp-e-form-014306,data/cifs/mb-mp-e-form-014306.cif,-0.0331199949999998,0.0
test,mb-mp-e-form-048237,data/cifs/mb-mp-e-form-048237.cif,-0.7544691926587311,0.0
test,mb-mp-e-form-030691,data/cifs/mb-mp-e-form-030691.cif,-0.3852055177500005,0.0
test,mb-mp-e-form-091304,data/cifs/mb-mp-e-form-091304.cif,-2.1806452399,0.0
test,mb-mp-e-form-052239,data/cifs/mb-mp-e-form-052239.cif,-0.8465394741,0.0
test,mb-mp-e-form-084985,data/cifs/mb-mp-e-form-084985.cif,-2.0167929348512046,0.0
test,mb-mp-e-form-004917,data/cifs/mb-mp-e-form-004917.cif,0.4359939488100011,0.0
test,mb-mp-e-form-001914,data/cifs/mb-mp-e-form-001914.cif,1.1707320487499993,0.0
test,mb-mp-e-form-092733,data/cifs/mb-mp-e-form-092733.cif,-2.1995198222222223,0.0
test,mb-mp-e-form-037305,data/cifs/mb-mp-e-form-037305.cif,-0.5065858328409095,0.0
test,mb-mp-e-form-034142,data/cifs/mb-mp-e-form-034142.cif,-0.4591371043750003,0.0
test,mb-mp-e-form-087474,data/cifs/mb-mp-e-form-087474.cif,-2.0642840821412194,0.0
test,mb-mp-e-form-019741,data/cifs/mb-mp-e-form-019741.cif,-0.1764606018750001,0.0
test,mb-mp-e-form-050963,data/cifs/mb-mp-e-form-050963.cif,-0.8146150250000005,0.0
test,mb-mp-e-form-045758,data/cifs/mb-mp-e-form-045758.cif,-0.668509711149333,0.0
test,mb-mp-e-form-073464,data/cifs/mb-mp-e-form-073464.cif,-1.64915697125,0.0
test,mb-mp-e-form-056425,data/cifs/mb-mp-e-form-056425.cif,-0.9730216059259268,0.0
test,mb-mp-e-form-081743,data/cifs/mb-mp-e-form-081743.cif,-1.8819127424733333,0.0
test,mb-mp-e-form-083525,data/cifs/mb-mp-e-form-083525.cif,-1.9532080610379992,0.0
test,mb-mp-e-form-007579,data/cifs/mb-mp-e-form-007579.cif,0.1494703569642861,0.0
test,mb-mp-e-form-066045,data/cifs/mb-mp-e-form-066045.cif,-1.4078102591900514,0.0
test,mb-mp-e-form-098104,data/cifs/mb-mp-e-form-098104.cif,-2.365419593624999,0.0
test,mb-mp-e-form-017403,data/cifs/mb-mp-e-form-017403.cif,-0.1312889008333329,0.0
test,mb-mp-e-form-073634,data/cifs/mb-mp-e-form-073634.cif,-1.6706698900000003,0.0
test,mb-mp-e-form-067689,data/cifs/mb-mp-e-form-067689.cif,-1.4412903082954551,0.0
test,mb-mp-e-form-024877,data/cifs/mb-mp-e-form-024877.cif,-0.2867303899999998,0.0
test,mb-mp-e-form-058721,data/cifs/mb-mp-e-form-058721.cif,-1.0557325312784371,0.0
test,mb-mp-e-form-088812,data/cifs/mb-mp-e-form-088812.cif,-2.143686046030909,0.0
test,mb-mp-e-form-085510,data/cifs/mb-mp-e-form-085510.cif,-2.0067548794826666,0.0
test,mb-mp-e-form-051925,data/cifs/mb-mp-e-form-051925.cif,-0.8522158701785715,0.0
test,mb-mp-e-form-034522,data/cifs/mb-mp-e-form-034522.cif,-0.4520352588888888,0.0
test,mb-mp-e-form-040733,data/cifs/mb-mp-e-form-040733.cif,-0.5745097065178572,0.0
test,mb-mp-e-form-088525,data/cifs/mb-mp-e-form-088525.cif,-2.1018150900793646,0.0
test,mb-mp-e-form-078618,data/cifs/mb-mp-e-form-078618.cif,-1.8223938086931823,0.0
test,mb-mp-e-form-026438,data/cifs/mb-mp-e-form-026438.cif,-0.3056614574999997,0.0
test,mb-mp-e-form-037036,data/cifs/mb-mp-e-form-037036.cif,-0.5160193235294109,0.0
test,mb-mp-e-form-022540,data/cifs/mb-mp-e-form-022540.cif,-0.2346234426923082,0.0
test,mb-mp-e-form-025548,data/cifs/mb-mp-e-form-025548.cif,-0.2890724320833335,0.0
test,mb-mp-e-form-093083,data/cifs/mb-mp-e-form-093083.cif,-2.243566212836145,0.0
test,mb-mp-e-form-025927,data/cifs/mb-mp-e-form-025927.cif,-0.310967230520833,0.0
test,mb-mp-e-form-043557,data/cifs/mb-mp-e-form-043557.cif,-0.6269104096428575,0.0
test,mb-mp-e-form-003022,data/cifs/mb-mp-e-form-003022.cif,0.4762447433333345,0.0
test,mb-mp-e-form-131623,data/cifs/mb-mp-e-form-131623.cif,-3.8190141700925913,0.0
test,mb-mp-e-form-019793,data/cifs/mb-mp-e-form-019793.cif,-0.1767435525000003,0.0
test,mb-mp-e-form-059905,data/cifs/mb-mp-e-form-059905.cif,-1.1264111599485704,0.0
test,mb-mp-e-form-127021,data/cifs/mb-mp-e-form-127021.cif,-3.259246886477744,0.0
test,mb-mp-e-form-034794,data/cifs/mb-mp-e-form-034794.cif,-0.4499481875554283,0.0
test,mb-mp-e-form-087040,data/cifs/mb-mp-e-form-087040.cif,-2.088453939216123,0.0
test,mb-mp-e-form-092062,data/cifs/mb-mp-e-form-092062.cif,-2.218758770797873,0.0
test,mb-mp-e-form-103260,data/cifs/mb-mp-e-form-103260.cif,-2.4774168614062497,0.0
test,mb-mp-e-form-127633,data/cifs/mb-mp-e-form-127633.cif,-3.2416669717445044,0.0
test,mb-mp-e-form-043571,data/cifs/mb-mp-e-form-043571.cif,-0.6196628942857144,0.0
test,mb-mp-e-form-114312,data/cifs/mb-mp-e-form-114312.cif,-2.731826479285714,0.0
test,mb-mp-e-form-038806,data/cifs/mb-mp-e-form-038806.cif,-0.5295213937500001,0.0
test,mb-mp-e-form-012351,data/cifs/mb-mp-e-form-012351.cif,0.0044042031250004,0.0
test,mb-mp-e-form-094983,data/cifs/mb-mp-e-form-094983.cif,-2.288716672990582,0.0
test,mb-mp-e-form-127368,data/cifs/mb-mp-e-form-127368.cif,-3.2589161172222223,0.0
test,mb-mp-e-form-023745,data/cifs/mb-mp-e-form-023745.cif,-0.2550664355660372,0.0
test,mb-mp-e-form-088940,data/cifs/mb-mp-e-form-088940.cif,-2.1379823985560003,0.0
test,mb-mp-e-form-033113,data/cifs/mb-mp-e-form-033113.cif,-0.4262782662500006,0.0
test,mb-mp-e-form-051814,data/cifs/mb-mp-e-form-051814.cif,-0.8269475137500013,0.0
test,mb-mp-e-form-065120,data/cifs/mb-mp-e-form-065120.cif,-1.3679796166071732,0.0
test,mb-mp-e-form-119923,data/cifs/mb-mp-e-form-119923.cif,-2.9254405078125,0.0
test,mb-mp-e-form-085840,data/cifs/mb-mp-e-form-085840.cif,-2.0487087177631578,0.0
test,mb-mp-e-form-056294,data/cifs/mb-mp-e-form-056294.cif,-0.9786925057266668,0.0
test,mb-mp-e-form-053594,data/cifs/mb-mp-e-form-053594.cif,-0.8979956866071436,0.0
test,mb-mp-e-form-081951,data/cifs/mb-mp-e-form-081951.cif,-1.927938160720999,0.0
test,mb-mp-e-form-043065,data/cifs/mb-mp-e-form-043065.cif,-0.633298190277778,0.0
test,mb-mp-e-form-060793,data/cifs/mb-mp-e-form-060793.cif,-1.1383333277987502,0.0
test,mb-mp-e-form-060303,data/cifs/mb-mp-e-form-060303.cif,-1.1212245597182544,0.0
test,mb-mp-e-form-010393,data/cifs/mb-mp-e-form-010393.cif,0.0442407187500002,0.0
test,mb-mp-e-form-072424,data/cifs/mb-mp-e-form-072424.cif,-1.6125999856817388,0.0
test,mb-mp-e-form-093345,data/cifs/mb-mp-e-form-093345.cif,-2.2345635122500007,0.0
test,mb-mp-e-form-067343,data/cifs/mb-mp-e-form-067343.cif,-1.41938485246,0.0
test,mb-mp-e-form-107774,data/cifs/mb-mp-e-form-107774.cif,-2.578119663146552,0.0
test,mb-mp-e-form-088557,data/cifs/mb-mp-e-form-088557.cif,-2.107340251730434,0.0
test,mb-mp-e-form-127927,data/cifs/mb-mp-e-form-127927.cif,-3.32599164723599,0.0
test,mb-mp-e-form-131403,data/cifs/mb-mp-e-form-131403.cif,-3.675738472500001,0.0
test,mb-mp-e-form-118476,data/cifs/mb-mp-e-form-118476.cif,-2.862469282168,0.0
test,mb-mp-e-form-103691,data/cifs/mb-mp-e-form-103691.cif,-2.485638567093144,0.0
test,mb-mp-e-form-075189,data/cifs/mb-mp-e-form-075189.cif,-1.7318580832369843,0.0
test,mb-mp-e-form-006219,data/cifs/mb-mp-e-form-006219.cif,0.1680078676562502,0.0
test,mb-mp-e-form-102889,data/cifs/mb-mp-e-form-102889.cif,-2.472766620032824,0.0
test,mb-mp-e-form-087520,data/cifs/mb-mp-e-form-087520.cif,-2.078964120267857,0.0
test,mb-mp-e-form-095598,data/cifs/mb-mp-e-form-095598.cif,-2.308529714203296,0.0
test,mb-mp-e-form-002027,data/cifs/mb-mp-e-form-002027.cif,0.9422882387439998,0.0
test,mb-mp-e-form-077257,data/cifs/mb-mp-e-form-077257.cif,-1.7937904268033331,0.0
test,mb-mp-e-form-103054,data/cifs/mb-mp-e-form-103054.cif,-2.485897823333333,0.0
test,mb-mp-e-form-063956,data/cifs/mb-mp-e-form-063956.cif,-1.325446401985556,0.0
test,mb-mp-e-form-116477,data/cifs/mb-mp-e-form-116477.cif,-2.785537683977273,0.0
test,mb-mp-e-form-005138,data/cifs/mb-mp-e-form-005138.cif,0.2565315572656255,0.0
test,mb-mp-e-form-130017,data/cifs/mb-mp-e-form-130017.cif,-3.529789885978518,0.0
test,mb-mp-e-form-036882,data/cifs/mb-mp-e-form-036882.cif,-0.4979852190909097,0.0
test,mb-mp-e-form-016295,data/cifs/mb-mp-e-form-016295.cif,-0.0860287666666668,0.0
test,mb-mp-e-form-062309,data/cifs/mb-mp-e-form-062309.cif,-1.2381760069312069,0.0
test,mb-mp-e-form-088032,data/cifs/mb-mp-e-form-088032.cif,-2.092050761790526,0.0
test,mb-mp-e-form-079736,data/cifs/mb-mp-e-form-079736.cif,-1.8440470439772727,0.0
test,mb-mp-e-form-068723,data/cifs/mb-mp-e-form-068723.cif,-1.4860499386399997,0.0
test,mb-mp-e-form-037472,data/cifs/mb-mp-e-form-037472.cif,-0.5030450860714284,0.0
test,mb-mp-e-form-002327,data/cifs/mb-mp-e-form-002327.cif,0.7487161324818752,0.0
test,mb-mp-e-form-071051,data/cifs/mb-mp-e-form-071051.cif,-1.5960816120233332,0.0
test,mb-mp-e-form-064984,data/cifs/mb-mp-e-form-064984.cif,-1.3359717357758618,0.0
test,mb-mp-e-form-081438,data/cifs/mb-mp-e-form-081438.cif,-1.892200059773708,0.0
test,mb-mp-e-form-115274,data/cifs/mb-mp-e-form-115274.cif,-2.783278156600053,0.0
test,mb-mp-e-form-060397,data/cifs/mb-mp-e-form-060397.cif,-1.1453860464062506,0.0
test,mb-mp-e-form-122105,data/cifs/mb-mp-e-form-122105.cif,-3.0042589233422,0.0
test,mb-mp-e-form-088234,data/cifs/mb-mp-e-form-088234.cif,-2.0967375621249995,0.0
test,mb-mp-e-form-012837,data/cifs/mb-mp-e-form-012837.cif,0.0025123316666662,0.0
test,mb-mp-e-form-068917,data/cifs/mb-mp-e-form-068917.cif,-1.5310963873958332,0.0
test,mb-mp-e-form-001296,data/cifs/mb-mp-e-form-001296.cif,1.13511255,0.0
test,mb-mp-e-form-070847,data/cifs/mb-mp-e-form-070847.cif,-1.594724080729166,0.0
test,mb-mp-e-form-080464,data/cifs/mb-mp-e-form-080464.cif,-1.87253022118,0.0
test,mb-mp-e-form-005710,data/cifs/mb-mp-e-form-005710.cif,0.2786855619999983,0.0
test,mb-mp-e-form-049793,data/cifs/mb-mp-e-form-049793.cif,-0.7746570385714294,0.0
test,mb-mp-e-form-038107,data/cifs/mb-mp-e-form-038107.cif,-0.5299196037499998,0.0
test,mb-mp-e-form-031361,data/cifs/mb-mp-e-form-031361.cif,-0.4024952633333329,0.0
test,mb-mp-e-form-003116,data/cifs/mb-mp-e-form-003116.cif,0.5694853750000001,0.0
test,mb-mp-e-form-054701,data/cifs/mb-mp-e-form-054701.cif,-0.9044641640895996,0.0
test,mb-mp-e-form-020437,data/cifs/mb-mp-e-form-020437.cif,-0.1888041333333336,0.0
test,mb-mp-e-form-011301,data/cifs/mb-mp-e-form-011301.cif,0.0162031124999999,0.0
test,mb-mp-e-form-036094,data/cifs/mb-mp-e-form-036094.cif,-0.4811823749305554,0.0
test,mb-mp-e-form-105572,data/cifs/mb-mp-e-form-105572.cif,-2.525616035422078,0.0
test,mb-mp-e-form-034298,data/cifs/mb-mp-e-form-034298.cif,-0.444921571197917,0.0
test,mb-mp-e-form-116662,data/cifs/mb-mp-e-form-116662.cif,-2.8016102903571425,0.0
test,mb-mp-e-form-086952,data/cifs/mb-mp-e-form-086952.cif,-2.078396972035,0.0
test,mb-mp-e-form-064799,data/cifs/mb-mp-e-form-064799.cif,-1.292087928070723,0.0
test,mb-mp-e-form-028154,data/cifs/mb-mp-e-form-028154.cif,-0.3391892711979999,0.0
test,mb-mp-e-form-106767,data/cifs/mb-mp-e-form-106767.cif,-2.55877038625,0.0
test,mb-mp-e-form-027244,data/cifs/mb-mp-e-form-027244.cif,-0.3259496477999999,0.0
test,mb-mp-e-form-084789,data/cifs/mb-mp-e-form-084789.cif,-2.000592099916666,0.0
test,mb-mp-e-form-010947,data/cifs/mb-mp-e-form-010947.cif,0.0312827499999999,0.0
test,mb-mp-e-form-073762,data/cifs/mb-mp-e-form-073762.cif,-1.6651191081818175,0.0
test,mb-mp-e-form-031788,data/cifs/mb-mp-e-form-031788.cif,-0.3964344037499998,0.0
test,mb-mp-e-form-022791,data/cifs/mb-mp-e-form-022791.cif,-0.2378771899999998,0.0
test,mb-mp-e-form-076958,data/cifs/mb-mp-e-form-076958.cif,-1.7945363863249657,0.0
test,mb-mp-e-form-024792,data/cifs/mb-mp-e-form-024792.cif,-0.2862580987500003,0.0
test,mb-mp-e-form-024405,data/cifs/mb-mp-e-form-024405.cif,-0.2721924789575007,0.0
test,mb-mp-e-form-026460,data/cifs/mb-mp-e-form-026460.cif,-0.3179260995781249,0.0
test,mb-mp-e-form-040625,data/cifs/mb-mp-e-form-040625.cif,-0.5782534876562506,0.0
test,mb-mp-e-form-106868,data/cifs/mb-mp-e-form-106868.cif,-2.565495779314,0.0
test,mb-mp-e-form-082123,data/cifs/mb-mp-e-form-082123.cif,-1.9351119599079167,0.0
test,mb-mp-e-form-112589,data/cifs/mb-mp-e-form-112589.cif,-2.676696800162038,0.0
test,mb-mp-e-form-060496,data/cifs/mb-mp-e-form-060496.cif,-1.148736348830222,0.0
test,mb-mp-e-form-058066,data/cifs/mb-mp-e-form-058066.cif,-1.0570956812758625,0.0
test,mb-mp-e-form-114614,data/cifs/mb-mp-e-form-114614.cif,-2.7311513447500007,0.0
test,mb-mp-e-form-008776,data/cifs/mb-mp-e-form-008776.cif,0.1253430245125004,0.0
test,mb-mp-e-form-021762,data/cifs/mb-mp-e-form-021762.cif,-0.2206797770263639,0.0
test,mb-mp-e-form-104697,data/cifs/mb-mp-e-form-104697.cif,-2.504038989569328,0.0
test,mb-mp-e-form-007524,data/cifs/mb-mp-e-form-007524.cif,0.1343173415642858,0.0
test,mb-mp-e-form-040986,data/cifs/mb-mp-e-form-040986.cif,-0.5829827886666663,0.0
test,mb-mp-e-form-127963,data/cifs/mb-mp-e-form-127963.cif,-3.3141020731348894,0.0
test,mb-mp-e-form-004156,data/cifs/mb-mp-e-form-004156.cif,0.4279006949999999,0.0
test,mb-mp-e-form-009082,data/cifs/mb-mp-e-form-009082.cif,0.0708894581250003,0.0
test,mb-mp-e-form-045830,data/cifs/mb-mp-e-form-045830.cif,-0.6813224978571425,0.0
test,mb-mp-e-form-062728,data/cifs/mb-mp-e-form-062728.cif,-1.2248254246153836,0.0
test,mb-mp-e-form-042723,data/cifs/mb-mp-e-form-042723.cif,-0.6151298063636365,0.0
test,mb-mp-e-form-033699,data/cifs/mb-mp-e-form-033699.cif,-0.4408566387499997,0.0
test,mb-mp-e-form-118490,data/cifs/mb-mp-e-form-118490.cif,-2.859403036688751,0.0
test,mb-mp-e-form-000072,data/cifs/mb-mp-e-form-000072.cif,1.9965605854166668,0.0
test,mb-mp-e-form-091687,data/cifs/mb-mp-e-form-091687.cif,-2.1866217259325005,0.0
test,mb-mp-e-form-070206,data/cifs/mb-mp-e-form-070206.cif,-1.5528792205092303,0.0
test,mb-mp-e-form-055161,data/cifs/mb-mp-e-form-055161.cif,-0.9330843349479174,0.0
test,mb-mp-e-form-012385,data/cifs/mb-mp-e-form-012385.cif,-0.0043047637499998,0.0
test,mb-mp-e-form-118868,data/cifs/mb-mp-e-form-118868.cif,-2.9058916514843744,0.0
test,mb-mp-e-form-015705,data/cifs/mb-mp-e-form-015705.cif,-0.0653261595000003,0.0
test,mb-mp-e-form-112233,data/cifs/mb-mp-e-form-112233.cif,-2.665734943941999,0.0
test,mb-mp-e-form-002586,data/cifs/mb-mp-e-form-002586.cif,0.9637481650000002,0.0
test,mb-mp-e-form-122832,data/cifs/mb-mp-e-form-122832.cif,-3.0493408519375,0.0
test,mb-mp-e-form-037681,data/cifs/mb-mp-e-form-037681.cif,-0.5080638802392861,0.0
test,mb-mp-e-form-026651,data/cifs/mb-mp-e-form-026651.cif,-0.3189877855382609,0.0
test,mb-mp-e-form-043453,data/cifs/mb-mp-e-form-043453.cif,-0.6320456166666671,0.0
test,mb-mp-e-form-121492,data/cifs/mb-mp-e-form-121492.cif,-2.957133524435731,0.0
test,mb-mp-e-form-123919,data/cifs/mb-mp-e-form-123919.cif,-3.108885464346,0.0
test,mb-mp-e-form-121207,data/cifs/mb-mp-e-form-121207.cif,-2.9513804984962406,0.0
test,mb-mp-e-form-041951,data/cifs/mb-mp-e-form-041951.cif,-0.6128277061899992,0.0
test,mb-mp-e-form-030428,data/cifs/mb-mp-e-form-030428.cif,-0.3814410016666668,0.0
test,mb-mp-e-form-124050,data/cifs/mb-mp-e-form-124050.cif,-3.09159428987069,0.0
test,mb-mp-e-form-017130,data/cifs/mb-mp-e-form-017130.cif,-0.1157432165511104,0.0
test,mb-mp-e-form-112676,data/cifs/mb-mp-e-form-112676.cif,-2.6668091691566667,0.0
test,mb-mp-e-form-118547,data/cifs/mb-mp-e-form-118547.cif,-2.8808080793337494,0.0
test,mb-mp-e-form-107461,data/cifs/mb-mp-e-form-107461.cif,-2.5651325984821423,0.0
test,mb-mp-e-form-092273,data/cifs/mb-mp-e-form-092273.cif,-2.2012365862500007,0.0
test,mb-mp-e-form-052034,data/cifs/mb-mp-e-form-052034.cif,-0.8612052580689656,0.0
test,mb-mp-e-form-083836,data/cifs/mb-mp-e-form-083836.cif,-1.9911413870000003,0.0
test,mb-mp-e-form-057621,data/cifs/mb-mp-e-form-057621.cif,-1.0346202652812506,0.0
test,mb-mp-e-form-042464,data/cifs/mb-mp-e-form-042464.cif,-0.6063095433333329,0.0
test,mb-mp-e-form-119055,data/cifs/mb-mp-e-form-119055.cif,-2.8966256125000003,0.0
test,mb-mp-e-form-081184,data/cifs/mb-mp-e-form-081184.cif,-1.884571337652652,0.0
test,mb-mp-e-form-114173,data/cifs/mb-mp-e-form-114173.cif,-2.747034800714285,0.0
test,mb-mp-e-form-028612,data/cifs/mb-mp-e-form-028612.cif,-0.3487157322222221,0.0
test,mb-mp-e-form-065250,data/cifs/mb-mp-e-form-065250.cif,-1.3694309624433332,0.0
test,mb-mp-e-form-028352,data/cifs/mb-mp-e-form-028352.cif,-0.3534149555555561,0.0
test,mb-mp-e-form-110142,data/cifs/mb-mp-e-form-110142.cif,-2.634689371925199,0.0
test,mb-mp-e-form-022137,data/cifs/mb-mp-e-form-022137.cif,-0.2450678649999993,0.0
test,mb-mp-e-form-050343,data/cifs/mb-mp-e-form-050343.cif,-0.7944993314444446,0.0
test,mb-mp-e-form-129068,data/cifs/mb-mp-e-form-129068.cif,-3.434459305442,0.0
test,mb-mp-e-form-038166,data/cifs/mb-mp-e-form-038166.cif,-0.518419896111111,0.0
test,mb-mp-e-form-024295,data/cifs/mb-mp-e-form-024295.cif,-0.270724665990001,0.0
test,mb-mp-e-form-093706,data/cifs/mb-mp-e-form-093706.cif,-2.231306755698758,0.0
test,mb-mp-e-form-020847,data/cifs/mb-mp-e-form-020847.cif,-0.1954143107500003,0.0
test,mb-mp-e-form-022533,data/cifs/mb-mp-e-form-022533.cif,-0.2457899762499993,0.0
test,mb-mp-e-form-037070,data/cifs/mb-mp-e-form-037070.cif,-0.5082873124999995,0.0
test,mb-mp-e-form-096641,data/cifs/mb-mp-e-form-096641.cif,-2.31145986525,0.0
test,mb-mp-e-form-098783,data/cifs/mb-mp-e-form-098783.cif,-2.381413452421876,0.0
test,mb-mp-e-form-023139,data/cifs/mb-mp-e-form-023139.cif,-0.2595351993749997,0.0
test,mb-mp-e-form-013888,data/cifs/mb-mp-e-form-013888.cif,-0.0078109474999998,0.0
test,mb-mp-e-form-035267,data/cifs/mb-mp-e-form-035267.cif,-0.4695903090517239,0.0
test,mb-mp-e-form-059382,data/cifs/mb-mp-e-form-059382.cif,-1.1055897960576917,0.0
test,mb-mp-e-form-009751,data/cifs/mb-mp-e-form-009751.cif,0.0924015550000003,0.0
test,mb-mp-e-form-102788,data/cifs/mb-mp-e-form-102788.cif,-2.4795758597297293,0.0
test,mb-mp-e-form-071268,data/cifs/mb-mp-e-form-071268.cif,-1.5962861758988562,0.0
test,mb-mp-e-form-043575,data/cifs/mb-mp-e-form-043575.cif,-0.6236207396875001,0.0
test,mb-mp-e-form-069585,data/cifs/mb-mp-e-form-069585.cif,-1.5144450085612498,0.0
test,mb-mp-e-form-023593,data/cifs/mb-mp-e-form-023593.cif,-0.2662866249553572,0.0
test,mb-mp-e-form-060726,data/cifs/mb-mp-e-form-060726.cif,-1.1528701415094342,0.0
test,mb-mp-e-form-075170,data/cifs/mb-mp-e-form-075170.cif,-1.7208541096875003,0.0
test,mb-mp-e-form-032471,data/cifs/mb-mp-e-form-032471.cif,-0.420812887000001,0.0
test,mb-mp-e-form-091185,data/cifs/mb-mp-e-form-091185.cif,-2.181930417708333,0.0
test,mb-mp-e-form-107842,data/cifs/mb-mp-e-form-107842.cif,-2.573613049246032,0.0
test,mb-mp-e-form-093653,data/cifs/mb-mp-e-form-093653.cif,-2.23396912166,0.0
test,mb-mp-e-form-113676,data/cifs/mb-mp-e-form-113676.cif,-2.7089364729640004,0.0
test,mb-mp-e-form-119684,data/cifs/mb-mp-e-form-119684.cif,-2.884237234421584,0.0
test,mb-mp-e-form-070542,data/cifs/mb-mp-e-form-070542.cif,-1.5661434409792498,0.0
test,mb-mp-e-form-111296,data/cifs/mb-mp-e-form-111296.cif,-2.665203939047619,0.0
test,mb-mp-e-form-120985,data/cifs/mb-mp-e-form-120985.cif,-2.9699555485156246,0.0
test,mb-mp-e-form-029621,data/cifs/mb-mp-e-form-029621.cif,-0.3594473414285713,0.0
test,mb-mp-e-form-020960,data/cifs/mb-mp-e-form-020960.cif,-0.2256421399999995,0.0
test,mb-mp-e-form-090582,data/cifs/mb-mp-e-form-090582.cif,-2.1457429627699987,0.0
test,mb-mp-e-form-030569,data/cifs/mb-mp-e-form-030569.cif,-0.3885002343452382,0.0
test,mb-mp-e-form-115990,data/cifs/mb-mp-e-form-115990.cif,-2.796453743943965,0.0
test,mb-mp-e-form-059601,data/cifs/mb-mp-e-form-059601.cif,-1.0905640753977277,0.0
test,mb-mp-e-form-024356,data/cifs/mb-mp-e-form-024356.cif,-0.2731095448611119,0.0
test,mb-mp-e-form-007092,data/cifs/mb-mp-e-form-007092.cif,0.1647504515409483,0.0
test,mb-mp-e-form-043543,data/cifs/mb-mp-e-form-043543.cif,-0.6246972666666663,0.0
test,mb-mp-e-form-062779,data/cifs/mb-mp-e-form-062779.cif,-1.2150359482974142,0.0
test,mb-mp-e-form-120310,data/cifs/mb-mp-e-form-120310.cif,-2.9278644858356784,0.0
test,mb-mp-e-form-013241,data/cifs/mb-mp-e-form-013241.cif,-0.0171122168960003,0.0
test,mb-mp-e-form-076358,data/cifs/mb-mp-e-form-076358.cif,-1.7496495717499996,0.0
test,mb-mp-e-form-026907,data/cifs/mb-mp-e-form-026907.cif,-0.33853548,0.0
test,mb-mp-e-form-128089,data/cifs/mb-mp-e-form-128089.cif,-3.3745925033036714,0.0
test,mb-mp-e-form-100986,data/cifs/mb-mp-e-form-100986.cif,-2.425157741467391,0.0
test,mb-mp-e-form-024873,data/cifs/mb-mp-e-form-024873.cif,-0.2716292262499999,0.0
test,mb-mp-e-form-071596,data/cifs/mb-mp-e-form-071596.cif,-1.5740208677133325,0.0
test,mb-mp-e-form-064916,data/cifs/mb-mp-e-form-064916.cif,-1.3496477003124998,0.0
test,mb-mp-e-form-121314,data/cifs/mb-mp-e-form-121314.cif,-2.9660525532499995,0.0
test,mb-mp-e-form-106309,data/cifs/mb-mp-e-form-106309.cif,-2.533834899226884,0.0
test,mb-mp-e-form-015453,data/cifs/mb-mp-e-form-015453.cif,-0.0741616004999997,0.0
test,mb-mp-e-form-114835,data/cifs/mb-mp-e-form-114835.cif,-2.7653012596875,0.0
test,mb-mp-e-form-060377,data/cifs/mb-mp-e-form-060377.cif,-1.1308816346875,0.0
test,mb-mp-e-form-004148,data/cifs/mb-mp-e-form-004148.cif,0.4352569683333331,0.0
test,mb-mp-e-form-098254,data/cifs/mb-mp-e-form-098254.cif,-2.372373399479168,0.0
test,mb-mp-e-form-126400,data/cifs/mb-mp-e-form-126400.cif,-3.1928602139583333,0.0
test,mb-mp-e-form-025501,data/cifs/mb-mp-e-form-025501.cif,-0.3014583680952378,0.0
test,mb-mp-e-form-076787,data/cifs/mb-mp-e-form-076787.cif,-1.7685131729519994,0.0
test,mb-mp-e-form-073743,data/cifs/mb-mp-e-form-073743.cif,-1.6619666837643672,0.0
test,mb-mp-e-form-073807,data/cifs/mb-mp-e-form-073807.cif,-1.646532341008928,0.0
test,mb-mp-e-form-027220,data/cifs/mb-mp-e-form-027220.cif,-0.3254201901249999,0.0
test,mb-mp-e-form-060820,data/cifs/mb-mp-e-form-060820.cif,-1.1352572776250005,0.0
test,mb-mp-e-form-064927,data/cifs/mb-mp-e-form-064927.cif,-1.3680382720312507,0.0
test,mb-mp-e-form-131523,data/cifs/mb-mp-e-form-131523.cif,-3.71769830534091,0.0
test,mb-mp-e-form-068994,data/cifs/mb-mp-e-form-068994.cif,-1.523494985937501,0.0
test,mb-mp-e-form-009270,data/cifs/mb-mp-e-form-009270.cif,0.0878116542857141,0.0
test,mb-mp-e-form-082027,data/cifs/mb-mp-e-form-082027.cif,-1.930359491121666,0.0
test,mb-mp-e-form-015305,data/cifs/mb-mp-e-form-015305.cif,-0.0775356225624999,0.0
test,mb-mp-e-form-034773,data/cifs/mb-mp-e-form-034773.cif,-0.4586698527539537,0.0
test,mb-mp-e-form-033592,data/cifs/mb-mp-e-form-033592.cif,-0.4320548832368751,0.0
test,mb-mp-e-form-130187,data/cifs/mb-mp-e-form-130187.cif,-3.5580149215625005,0.0
test,mb-mp-e-form-112065,data/cifs/mb-mp-e-form-112065.cif,-2.6697138211538456,0.0
test,mb-mp-e-form-013972,data/cifs/mb-mp-e-form-013972.cif,-0.0328661446874998,0.0
test,mb-mp-e-form-113491,data/cifs/mb-mp-e-form-113491.cif,-2.6999707075189976,0.0
test,mb-mp-e-form-028416,data/cifs/mb-mp-e-form-028416.cif,-0.3530174266666669,0.0
test,mb-mp-e-form-132090,data/cifs/mb-mp-e-form-132090.cif,-3.867107145277777,0.0
test,mb-mp-e-form-065903,data/cifs/mb-mp-e-form-065903.cif,-1.4044711687500002,0.0
test,mb-mp-e-form-093144,data/cifs/mb-mp-e-form-093144.cif,-2.236222719375,0.0
test,mb-mp-e-form-042388,data/cifs/mb-mp-e-form-042388.cif,-0.6126128361538457,0.0
test,mb-mp-e-form-097564,data/cifs/mb-mp-e-form-097564.cif,-2.347391461703296,0.0
test,mb-mp-e-form-002591,data/cifs/mb-mp-e-form-002591.cif,0.9900364199741378,0.0
test,mb-mp-e-form-064681,data/cifs/mb-mp-e-form-064681.cif,-1.3290403773809525,0.0
test,mb-mp-e-form-121807,data/cifs/mb-mp-e-form-121807.cif,-3.000044331822916,0.0
test,mb-mp-e-form-069531,data/cifs/mb-mp-e-form-069531.cif,-1.513830788750001,0.0
test,mb-mp-e-form-010794,data/cifs/mb-mp-e-form-010794.cif,0.0406334412727269,0.0
test,mb-mp-e-form-064454,data/cifs/mb-mp-e-form-064454.cif,-1.3049690462916663,0.0
test,mb-mp-e-form-064444,data/cifs/mb-mp-e-form-064444.cif,-1.3243564909999996,0.0
test,mb-mp-e-form-124201,data/cifs/mb-mp-e-form-124201.cif,-3.0904580409583344,0.0
test,mb-mp-e-form-050026,data/cifs/mb-mp-e-form-050026.cif,-0.7905978250000002,0.0
test,mb-mp-e-form-082078,data/cifs/mb-mp-e-form-082078.cif,-1.9392862414318184,0.0
test,mb-mp-e-form-043986,data/cifs/mb-mp-e-form-043986.cif,-0.6504180516071426,0.0
test,mb-mp-e-form-010564,data/cifs/mb-mp-e-form-010564.cif,0.0559445159598217,0.0
test,mb-mp-e-form-011024,data/cifs/mb-mp-e-form-011024.cif,0.0304899250000003,0.0
test,mb-mp-e-form-064731,data/cifs/mb-mp-e-form-064731.cif,-1.305772147211428,0.0
test,mb-mp-e-form-041100,data/cifs/mb-mp-e-form-041100.cif,-0.5933115525420175,0.0
test,mb-mp-e-form-056455,data/cifs/mb-mp-e-form-056455.cif,-0.9808006001785716,0.0
test,mb-mp-e-form-093452,data/cifs/mb-mp-e-form-093452.cif,-2.231196064587912,0.0
test,mb-mp-e-form-122746,data/cifs/mb-mp-e-form-122746.cif,-3.0117856010000006,0.0
test,mb-mp-e-form-016835,data/cifs/mb-mp-e-form-016835.cif,-0.093201101875,0.0
test,mb-mp-e-form-024366,data/cifs/mb-mp-e-form-024366.cif,-0.2776223216666658,0.0
test,mb-mp-e-form-078401,data/cifs/mb-mp-e-form-078401.cif,-1.8222359542222213,0.0
test,mb-mp-e-form-108709,data/cifs/mb-mp-e-form-108709.cif,-2.5841399421875,0.0
test,mb-mp-e-form-065882,data/cifs/mb-mp-e-form-065882.cif,-1.4013785165,0.0
test,mb-mp-e-form-036849,data/cifs/mb-mp-e-form-036849.cif,-0.4859121320357142,0.0
test,mb-mp-e-form-108912,data/cifs/mb-mp-e-form-108912.cif,-2.605859367461334,0.0
test,mb-mp-e-form-075895,data/cifs/mb-mp-e-form-075895.cif,-1.7739067893749991,0.0
test,mb-mp-e-form-069918,data/cifs/mb-mp-e-form-069918.cif,-1.5700872764285714,0.0
test,mb-mp-e-form-080629,data/cifs/mb-mp-e-form-080629.cif,-1.860974517611666,0.0
test,mb-mp-e-form-030253,data/cifs/mb-mp-e-form-030253.cif,-0.3908971437499985,0.0
test,mb-mp-e-form-073551,data/cifs/mb-mp-e-form-073551.cif,-1.6615833461281868,0.0
test,mb-mp-e-form-028326,data/cifs/mb-mp-e-form-028326.cif,-0.353129646153846,0.0
test,mb-mp-e-form-058593,data/cifs/mb-mp-e-form-058593.cif,-1.0701303973437506,0.0
test,mb-mp-e-form-037560,data/cifs/mb-mp-e-form-037560.cif,-0.5067389232499998,0.0
test,mb-mp-e-form-018170,data/cifs/mb-mp-e-form-018170.cif,-0.1450035264285714,0.0
test,mb-mp-e-form-034953,data/cifs/mb-mp-e-form-034953.cif,-0.4783676749999997,0.0
test,mb-mp-e-form-029978,data/cifs/mb-mp-e-form-029978.cif,-0.3898135099999997,0.0
test,mb-mp-e-form-079727,data/cifs/mb-mp-e-form-079727.cif,-1.839617098522728,0.0
test,mb-mp-e-form-122221,data/cifs/mb-mp-e-form-122221.cif,-3.018695178349999,0.0
test,mb-mp-e-form-101158,data/cifs/mb-mp-e-form-101158.cif,-2.432647591537143,0.0
test,mb-mp-e-form-049194,data/cifs/mb-mp-e-form-049194.cif,-0.767171808246753,0.0
test,mb-mp-e-form-010536,data/cifs/mb-mp-e-form-010536.cif,0.0405929587499995,0.0
test,mb-mp-e-form-106931,data/cifs/mb-mp-e-form-106931.cif,-2.569202442142859,0.0
test,mb-mp-e-form-026286,data/cifs/mb-mp-e-form-026286.cif,-0.3133111474218744,0.0
test,mb-mp-e-form-045573,data/cifs/mb-mp-e-form-045573.cif,-0.6647277791,0.0
test,mb-mp-e-form-093559,data/cifs/mb-mp-e-form-093559.cif,-2.240624185914968,0.0
test,mb-mp-e-form-071612,data/cifs/mb-mp-e-form-071612.cif,-1.5979822220209066,0.0
test,mb-mp-e-form-102454,data/cifs/mb-mp-e-form-102454.cif,-2.46468944840136,0.0
test,mb-mp-e-form-037912,data/cifs/mb-mp-e-form-037912.cif,-0.53172189,0.0
test,mb-mp-e-form-079601,data/cifs/mb-mp-e-form-079601.cif,-1.8465267325016663,0.0
test,mb-mp-e-form-100256,data/cifs/mb-mp-e-form-100256.cif,-2.416876973250001,0.0
test,mb-mp-e-form-112709,data/cifs/mb-mp-e-form-112709.cif,-2.679072881816112,0.0
test,mb-mp-e-form-047164,data/cifs/mb-mp-e-form-047164.cif,-0.7250688764285723,0.0
test,mb-mp-e-form-058224,data/cifs/mb-mp-e-form-058224.cif,-1.0707160660582005,0.0
test,mb-mp-e-form-050882,data/cifs/mb-mp-e-form-050882.cif,-0.7940910649999999,0.0
test,mb-mp-e-form-008438,data/cifs/mb-mp-e-form-008438.cif,0.1146134933333347,0.0
test,mb-mp-e-form-113784,data/cifs/mb-mp-e-form-113784.cif,-2.7234046578124995,0.0
test,mb-mp-e-form-088818,data/cifs/mb-mp-e-form-088818.cif,-2.128396896734695,0.0
test,mb-mp-e-form-013093,data/cifs/mb-mp-e-form-013093.cif,-0.0247191158333333,0.0
test,mb-mp-e-form-118625,data/cifs/mb-mp-e-form-118625.cif,-2.8612614432443606,0.0
test,mb-mp-e-form-119747,data/cifs/mb-mp-e-form-119747.cif,-2.897224435375,0.0
test,mb-mp-e-form-107052,data/cifs/mb-mp-e-form-107052.cif,-2.5678533779464283,0.0
test,mb-mp-e-form-070282,data/cifs/mb-mp-e-form-070282.cif,-1.5594540337236835,0.0
test,mb-mp-e-form-010217,data/cifs/mb-mp-e-form-010217.cif,0.0376820341959991,0.0
test,mb-mp-e-form-096083,data/cifs/mb-mp-e-form-096083.cif,-2.311731532857143,0.0
test,mb-mp-e-form-114735,data/cifs/mb-mp-e-form-114735.cif,-2.7360787441266674,0.0
test,mb-mp-e-form-119486,data/cifs/mb-mp-e-form-119486.cif,-2.8877653671425003,0.0
test,mb-mp-e-form-052309,data/cifs/mb-mp-e-form-052309.cif,-0.8622245499986202,0.0
test,mb-mp-e-form-017109,data/cifs/mb-mp-e-form-017109.cif,-0.1275919781250003,0.0
test,mb-mp-e-form-038635,data/cifs/mb-mp-e-form-038635.cif,-0.5228708962499997,0.0
test,mb-mp-e-form-065472,data/cifs/mb-mp-e-form-065472.cif,-1.338503790322625,0.0
test,mb-mp-e-form-091407,data/cifs/mb-mp-e-form-091407.cif,-2.174466789722222,0.0
test,mb-mp-e-form-055347,data/cifs/mb-mp-e-form-055347.cif,-0.9472782808333337,0.0
test,mb-mp-e-form-072729,data/cifs/mb-mp-e-form-072729.cif,-1.627622340147692,0.0
test,mb-mp-e-form-125437,data/cifs/mb-mp-e-form-125437.cif,-3.142654168287036,0.0
test,mb-mp-e-form-038492,data/cifs/mb-mp-e-form-038492.cif,-0.5351047662499995,0.0
test,mb-mp-e-form-076444,data/cifs/mb-mp-e-form-076444.cif,-1.775106312338889,0.0
test,mb-mp-e-form-097439,data/cifs/mb-mp-e-form-097439.cif,-2.3507967895918376,0.0
test,mb-mp-e-form-069663,data/cifs/mb-mp-e-form-069663.cif,-1.5088318509745058,0.0
test,mb-mp-e-form-048562,data/cifs/mb-mp-e-form-048562.cif,-0.7418270112500007,0.0
test,mb-mp-e-form-058473,data/cifs/mb-mp-e-form-058473.cif,-1.0448516432142867,0.0
test,mb-mp-e-form-086100,data/cifs/mb-mp-e-form-086100.cif,-2.042655732717392,0.0
test,mb-mp-e-form-047509,data/cifs/mb-mp-e-form-047509.cif,-0.7199693858333328,0.0
test,mb-mp-e-form-049551,data/cifs/mb-mp-e-form-049551.cif,-0.7660872997128568,0.0
test,mb-mp-e-form-053512,data/cifs/mb-mp-e-form-053512.cif,-0.8886269950000001,0.0
test,mb-mp-e-form-004959,data/cifs/mb-mp-e-form-004959.cif,0.2298356537500003,0.0
test,mb-mp-e-form-086049,data/cifs/mb-mp-e-form-086049.cif,-2.0439817699375,0.0
test,mb-mp-e-form-116262,data/cifs/mb-mp-e-form-116262.cif,-2.7984846633166667,0.0
test,mb-mp-e-form-125088,data/cifs/mb-mp-e-form-125088.cif,-3.1749813921250007,0.0
test,mb-mp-e-form-082730,data/cifs/mb-mp-e-form-082730.cif,-1.9390860585596088,0.0
test,mb-mp-e-form-091792,data/cifs/mb-mp-e-form-091792.cif,-2.217358341305804,0.0
test,mb-mp-e-form-080953,data/cifs/mb-mp-e-form-080953.cif,-1.909790318245,0.0
test,mb-mp-e-form-043541,data/cifs/mb-mp-e-form-043541.cif,-0.6211537949999997,0.0
test,mb-mp-e-form-123906,data/cifs/mb-mp-e-form-123906.cif,-3.108435501558209,0.0
test,mb-mp-e-form-131396,data/cifs/mb-mp-e-form-131396.cif,-3.652795079431821,0.0
test,mb-mp-e-form-105717,data/cifs/mb-mp-e-form-105717.cif,-2.5079168535889784,0.0
test,mb-mp-e-form-082916,data/cifs/mb-mp-e-form-082916.cif,-1.95541680295538,0.0
test,mb-mp-e-form-131482,data/cifs/mb-mp-e-form-131482.cif,-3.788093415991378,0.0
test,mb-mp-e-form-062439,data/cifs/mb-mp-e-form-062439.cif,-1.2400776033333338,0.0
test,mb-mp-e-form-108869,data/cifs/mb-mp-e-form-108869.cif,-2.606108182169665,0.0
test,mb-mp-e-form-065178,data/cifs/mb-mp-e-form-065178.cif,-1.3692464767499997,0.0
test,mb-mp-e-form-125829,data/cifs/mb-mp-e-form-125829.cif,-3.227967010555556,0.0
test,mb-mp-e-form-069515,data/cifs/mb-mp-e-form-069515.cif,-1.524473676694,0.0
test,mb-mp-e-form-036211,data/cifs/mb-mp-e-form-036211.cif,-0.4977493959579806,0.0
test,mb-mp-e-form-104589,data/cifs/mb-mp-e-form-104589.cif,-2.487910687857142,0.0
test,mb-mp-e-form-006554,data/cifs/mb-mp-e-form-006554.cif,0.1865261274999996,0.0
test,mb-mp-e-form-100095,data/cifs/mb-mp-e-form-100095.cif,-2.405085028500001,0.0
test,mb-mp-e-form-055265,data/cifs/mb-mp-e-form-055265.cif,-0.9643998397619046,0.0
test,mb-mp-e-form-055858,data/cifs/mb-mp-e-form-055858.cif,-0.9667843256249996,0.0
test,mb-mp-e-form-103764,data/cifs/mb-mp-e-form-103764.cif,-2.489927427929688,0.0
test,mb-mp-e-form-121381,data/cifs/mb-mp-e-form-121381.cif,-2.979123855324957,0.0
test,mb-mp-e-form-069560,data/cifs/mb-mp-e-form-069560.cif,-1.5349757085622224,0.0
test,mb-mp-e-form-081714,data/cifs/mb-mp-e-form-081714.cif,-1.8950958503149995,0.0
test,mb-mp-e-form-057178,data/cifs/mb-mp-e-form-057178.cif,-1.0141734609892852,0.0
test,mb-mp-e-form-113688,data/cifs/mb-mp-e-form-113688.cif,-2.695215708736667,0.0
test,mb-mp-e-form-043414,data/cifs/mb-mp-e-form-043414.cif,-0.6341558754496848,0.0
test,mb-mp-e-form-020961,data/cifs/mb-mp-e-form-020961.cif,-0.2171464096849997,0.0
test,mb-mp-e-form-126377,data/cifs/mb-mp-e-form-126377.cif,-3.2215341521739136,0.0
test,mb-mp-e-form-020737,data/cifs/mb-mp-e-form-020737.cif,-0.190696275371352,0.0
test,mb-mp-e-form-093498,data/cifs/mb-mp-e-form-093498.cif,-2.224818672712765,0.0
test,mb-mp-e-form-054960,data/cifs/mb-mp-e-form-054960.cif,-0.9391527137500008,0.0
test,mb-mp-e-form-051299,data/cifs/mb-mp-e-form-051299.cif,-0.8161268496666679,0.0
test,mb-mp-e-form-121398,data/cifs/mb-mp-e-form-121398.cif,-2.9629264321527784,0.0
test,mb-mp-e-form-041094,data/cifs/mb-mp-e-form-041094.cif,-0.5864048149999999,0.0
test,mb-mp-e-form-109051,data/cifs/mb-mp-e-form-109051.cif,-2.6098311864999992,0.0
test,mb-mp-e-form-024640,data/cifs/mb-mp-e-form-024640.cif,-0.2811921962499997,0.0
test,mb-mp-e-form-036106,data/cifs/mb-mp-e-form-036106.cif,-0.4819194958333335,0.0
test,mb-mp-e-form-057593,data/cifs/mb-mp-e-form-057593.cif,-1.0391697038990664,0.0
test,mb-mp-e-form-094563,data/cifs/mb-mp-e-form-094563.cif,-2.250651360641447,0.0
test,mb-mp-e-form-085997,data/cifs/mb-mp-e-form-085997.cif,-2.047690330368333,0.0
test,mb-mp-e-form-104288,data/cifs/mb-mp-e-form-104288.cif,-2.4948469979166665,0.0
test,mb-mp-e-form-035441,data/cifs/mb-mp-e-form-035441.cif,-0.4718967228571427,0.0
test,mb-mp-e-form-129632,data/cifs/mb-mp-e-form-129632.cif,-3.3891316520431034,0.0
test,mb-mp-e-form-071657,data/cifs/mb-mp-e-form-071657.cif,-1.599646458928572,0.0
test,mb-mp-e-form-129547,data/cifs/mb-mp-e-form-129547.cif,-3.4723417430833337,0.0
test,mb-mp-e-form-069334,data/cifs/mb-mp-e-form-069334.cif,-1.505251174046875,0.0
test,mb-mp-e-form-101626,data/cifs/mb-mp-e-form-101626.cif,-2.441576574384643,0.0
test,mb-mp-e-form-018702,data/cifs/mb-mp-e-form-018702.cif,-0.1320899431666665,0.0
test,mb-mp-e-form-086638,data/cifs/mb-mp-e-form-086638.cif,-2.048122618568181,0.0
test,mb-mp-e-form-034135,data/cifs/mb-mp-e-form-034135.cif,-0.4468393993750013,0.0
test,mb-mp-e-form-024036,data/cifs/mb-mp-e-form-024036.cif,-0.2744112843749996,0.0
test,mb-mp-e-form-019367,data/cifs/mb-mp-e-form-019367.cif,-0.1688432814583317,0.0
test,mb-mp-e-form-092288,data/cifs/mb-mp-e-form-092288.cif,-2.211212492124999,0.0
test,mb-mp-e-form-119857,data/cifs/mb-mp-e-form-119857.cif,-2.9424416335416663,0.0
test,mb-mp-e-form-009318,data/cifs/mb-mp-e-form-009318.cif,0.0778690955555549,0.0
test,mb-mp-e-form-108405,data/cifs/mb-mp-e-form-108405.cif,-2.5885082582933334,0.0
test,mb-mp-e-form-062834,data/cifs/mb-mp-e-form-062834.cif,-1.2090912654312156,0.0
test,mb-mp-e-form-109042,data/cifs/mb-mp-e-form-109042.cif,-2.6070515570982145,0.0
test,mb-mp-e-form-128700,data/cifs/mb-mp-e-form-128700.cif,-3.3385965161904765,0.0
test,mb-mp-e-form-111387,data/cifs/mb-mp-e-form-111387.cif,-2.66367967875538,0.0
test,mb-mp-e-form-129094,data/cifs/mb-mp-e-form-129094.cif,-3.466781608083334,0.0
test,mb-mp-e-form-075138,data/cifs/mb-mp-e-form-075138.cif,-1.742566874789261,0.0
test,mb-mp-e-form-007171,data/cifs/mb-mp-e-form-007171.cif,0.1374706809375001,0.0
test,mb-mp-e-form-095508,data/cifs/mb-mp-e-form-095508.cif,-2.290605939026,0.0
test,mb-mp-e-form-085082,data/cifs/mb-mp-e-form-085082.cif,-2.030569939641072,0.0
test,mb-mp-e-form-107959,data/cifs/mb-mp-e-form-107959.cif,-2.5886329003895576,0.0
test,mb-mp-e-form-051931,data/cifs/mb-mp-e-form-051931.cif,-0.8366078599999994,0.0
test,mb-mp-e-form-058377,data/cifs/mb-mp-e-form-058377.cif,-1.0641289839880963,0.0
test,mb-mp-e-form-020807,data/cifs/mb-mp-e-form-020807.cif,-0.2022530424999988,0.0
test,mb-mp-e-form-094433,data/cifs/mb-mp-e-form-094433.cif,-2.2586147845312494,0.0
test,mb-mp-e-form-004442,data/cifs/mb-mp-e-form-004442.cif,0.3628527275000004,0.0
test,mb-mp-e-form-124807,data/cifs/mb-mp-e-form-124807.cif,-3.143104199250001,0.0
test,mb-mp-e-form-031801,data/cifs/mb-mp-e-form-031801.cif,-0.3950150756249995,0.0
test,mb-mp-e-form-083795,data/cifs/mb-mp-e-form-083795.cif,-1.9696854836111104,0.0
test,mb-mp-e-form-033218,data/cifs/mb-mp-e-form-033218.cif,-0.4425848046317238,0.0
test,mb-mp-e-form-076257,data/cifs/mb-mp-e-form-076257.cif,-1.749290474315,0.0
test,mb-mp-e-form-126869,data/cifs/mb-mp-e-form-126869.cif,-3.286695923522727,0.0
test,mb-mp-e-form-088734,data/cifs/mb-mp-e-form-088734.cif,-2.100633926536458,0.0
test,mb-mp-e-form-010155,data/cifs/mb-mp-e-form-010155.cif,0.0506274116666665,0.0
test,mb-mp-e-form-078891,data/cifs/mb-mp-e-form-078891.cif,-1.8370078216225,0.0
test,mb-mp-e-form-019282,data/cifs/mb-mp-e-form-019282.cif,-0.1825154989999994,0.0
test,mb-mp-e-form-112692,data/cifs/mb-mp-e-form-112692.cif,-2.677112367371668,0.0
test,mb-mp-e-form-068492,data/cifs/mb-mp-e-form-068492.cif,-1.474402524886363,0.0
test,mb-mp-e-form-070715,data/cifs/mb-mp-e-form-070715.cif,-1.5705676206696435,0.0
test,mb-mp-e-form-122148,data/cifs/mb-mp-e-form-122148.cif,-3.010640509427084,0.0
test,mb-mp-e-form-070499,data/cifs/mb-mp-e-form-070499.cif,-1.5452180613659092,0.0
test,mb-mp-e-form-129080,data/cifs/mb-mp-e-form-129080.cif,-3.4875275640277783,0.0
test,mb-mp-e-form-051797,data/cifs/mb-mp-e-form-051797.cif,-0.8199072144642859,0.0
test,mb-mp-e-form-019574,data/cifs/mb-mp-e-form-019574.cif,-0.1709116400000003,0.0
test,mb-mp-e-form-056366,data/cifs/mb-mp-e-form-056366.cif,-0.9998540750075996,0.0
test,mb-mp-e-form-010315,data/cifs/mb-mp-e-form-010315.cif,0.05911333375,0.0
test,mb-mp-e-form-117009,data/cifs/mb-mp-e-form-117009.cif,-2.8422524977063635,0.0
test,mb-mp-e-form-075988,data/cifs/mb-mp-e-form-075988.cif,-1.753625456625001,0.0
test,mb-mp-e-form-058207,data/cifs/mb-mp-e-form-058207.cif,-1.0501296154166662,0.0
test,mb-mp-e-form-109398,data/cifs/mb-mp-e-form-109398.cif,-2.600232603838384,0.0
test,mb-mp-e-form-076040,data/cifs/mb-mp-e-form-076040.cif,-1.7711743982499997,0.0
test,mb-mp-e-form-067807,data/cifs/mb-mp-e-form-067807.cif,-1.4239263050000002,0.0
test,mb-mp-e-form-093889,data/cifs/mb-mp-e-form-093889.cif,-2.276328761282966,0.0
test,mb-mp-e-form-062033,data/cifs/mb-mp-e-form-062033.cif,-1.2078123628571424,0.0
test,mb-mp-e-form-027931,data/cifs/mb-mp-e-form-027931.cif,-0.3412137741145831,0.0
test,mb-mp-e-form-074377,data/cifs/mb-mp-e-form-074377.cif,-1.708449101859733,0.0
test,mb-mp-e-form-072043,data/cifs/mb-mp-e-form-072043.cif,-1.6204809908399993,0.0
test,mb-mp-e-form-031518,data/cifs/mb-mp-e-form-031518.cif,-0.4027282787499997,0.0
test,mb-mp-e-form-012838,data/cifs/mb-mp-e-form-012838.cif,-3.550295199943321e-05,0.0
test,mb-mp-e-form-010068,data/cifs/mb-mp-e-form-010068.cif,0.0339094112500002,0.0
test,mb-mp-e-form-039893,data/cifs/mb-mp-e-form-039893.cif,-0.542704338285715,0.0
test,mb-mp-e-form-053212,data/cifs/mb-mp-e-form-053212.cif,-0.8740709435937495,0.0
test,mb-mp-e-form-072173,data/cifs/mb-mp-e-form-072173.cif,-1.6255126551838226,0.0
test,mb-mp-e-form-100301,data/cifs/mb-mp-e-form-100301.cif,-2.408126438461537,0.0
test,mb-mp-e-form-124595,data/cifs/mb-mp-e-form-124595.cif,-3.077547347126363,0.0
test,mb-mp-e-form-123822,data/cifs/mb-mp-e-form-123822.cif,-3.086130927846,0.0
test,mb-mp-e-form-036394,data/cifs/mb-mp-e-form-036394.cif,-0.492679635833334,0.0
test,mb-mp-e-form-039521,data/cifs/mb-mp-e-form-039521.cif,-0.550075744090908,0.0
test,mb-mp-e-form-126509,data/cifs/mb-mp-e-form-126509.cif,-3.222500665422932,0.0
test,mb-mp-e-form-062281,data/cifs/mb-mp-e-form-062281.cif,-1.2056664729999995,0.0
test,mb-mp-e-form-038569,data/cifs/mb-mp-e-form-038569.cif,-0.5220439307500001,0.0
test,mb-mp-e-form-000932,data/cifs/mb-mp-e-form-000932.cif,1.2712971731250002,0.0
test,mb-mp-e-form-029068,data/cifs/mb-mp-e-form-029068.cif,-0.372314698409091,0.0
test,mb-mp-e-form-073404,data/cifs/mb-mp-e-form-073404.cif,-1.6540183106086668,0.0
test,mb-mp-e-form-037845,data/cifs/mb-mp-e-form-037845.cif,-0.5081301725,0.0
test,mb-mp-e-form-068228,data/cifs/mb-mp-e-form-068228.cif,-1.4754976038333325,0.0
test,mb-mp-e-form-130039,data/cifs/mb-mp-e-form-130039.cif,-3.60570818835,0.0
test,mb-mp-e-form-101826,data/cifs/mb-mp-e-form-101826.cif,-2.455499004916667,0.0
test,mb-mp-e-form-077115,data/cifs/mb-mp-e-form-077115.cif,-1.7837345651566667,0.0
test,mb-mp-e-form-029895,data/cifs/mb-mp-e-form-029895.cif,-0.359138730833334,0.0
test,mb-mp-e-form-115740,data/cifs/mb-mp-e-form-115740.cif,-2.7756195857500003,0.0
test,mb-mp-e-form-111018,data/cifs/mb-mp-e-form-111018.cif,-2.6530764533630955,0.0
test,mb-mp-e-form-109200,data/cifs/mb-mp-e-form-109200.cif,-2.605566037,0.0
test,mb-mp-e-form-008347,data/cifs/mb-mp-e-form-008347.cif,0.1202378040909085,0.0
test,mb-mp-e-form-073767,data/cifs/mb-mp-e-form-073767.cif,-1.6496700728030302,0.0
test,mb-mp-e-form-043884,data/cifs/mb-mp-e-form-043884.cif,-0.6185898849999996,0.0
test,mb-mp-e-form-112884,data/cifs/mb-mp-e-form-112884.cif,-2.706005722500001,0.0
test,mb-mp-e-form-016321,data/cifs/mb-mp-e-form-016321.cif,-0.1035653600000004,0.0
test,mb-mp-e-form-007887,data/cifs/mb-mp-e-form-007887.cif,0.1420987764080459,0.0
test,mb-mp-e-form-052781,data/cifs/mb-mp-e-form-052781.cif,-0.8440410131250005,0.0
test,mb-mp-e-form-096946,data/cifs/mb-mp-e-form-096946.cif,-2.3417992016964284,0.0
test,mb-mp-e-form-021658,data/cifs/mb-mp-e-form-021658.cif,-0.2270470899999992,0.0
test,mb-mp-e-form-077375,data/cifs/mb-mp-e-form-077375.cif,-1.809521556041667,0.0
test,mb-mp-e-form-101413,data/cifs/mb-mp-e-form-101413.cif,-2.427476434354454,0.0
test,mb-mp-e-form-033407,data/cifs/mb-mp-e-form-033407.cif,-0.4292219158333334,0.0
test,mb-mp-e-form-081582,data/cifs/mb-mp-e-form-081582.cif,-1.8989464117500008,0.0
test,mb-mp-e-form-006794,data/cifs/mb-mp-e-form-006794.cif,0.198359183333333,0.0
test,mb-mp-e-form-034352,data/cifs/mb-mp-e-form-034352.cif,-0.4560458485802469,0.0
test,mb-mp-e-form-070042,data/cifs/mb-mp-e-form-070042.cif,-1.5431703987884615,0.0
test,mb-mp-e-form-092458,data/cifs/mb-mp-e-form-092458.cif,-2.2148350177577782,0.0
test,mb-mp-e-form-065230,data/cifs/mb-mp-e-form-065230.cif,-1.3435587518906658,0.0
test,mb-mp-e-form-116261,data/cifs/mb-mp-e-form-116261.cif,-2.8022323546242864,0.0
test,mb-mp-e-form-092658,data/cifs/mb-mp-e-form-092658.cif,-2.221396386136666,0.0
test,mb-mp-e-form-034618,data/cifs/mb-mp-e-form-034618.cif,-0.4511597476666679,0.0
test,mb-mp-e-form-025041,data/cifs/mb-mp-e-form-025041.cif,-0.2940447058333326,0.0
test,mb-mp-e-form-071766,data/cifs/mb-mp-e-form-071766.cif,-1.6026958164285716,0.0
test,mb-mp-e-form-102804,data/cifs/mb-mp-e-form-102804.cif,-2.474495491830357,0.0
test,mb-mp-e-form-017288,data/cifs/mb-mp-e-form-017288.cif,-0.1150166469374994,0.0
test,mb-mp-e-form-044185,data/cifs/mb-mp-e-form-044185.cif,-0.6551103345833335,0.0
test,mb-mp-e-form-008304,data/cifs/mb-mp-e-form-008304.cif,0.0962805295454542,0.0
test,mb-mp-e-form-004972,data/cifs/mb-mp-e-form-004972.cif,0.2948956884821432,0.0
test,mb-mp-e-form-046423,data/cifs/mb-mp-e-form-046423.cif,-0.6845884074999997,0.0
test,mb-mp-e-form-010763,data/cifs/mb-mp-e-form-010763.cif,0.0403930104687499,0.0
test,mb-mp-e-form-022939,data/cifs/mb-mp-e-form-022939.cif,-0.2601227027083332,0.0
test,mb-mp-e-form-106149,data/cifs/mb-mp-e-form-106149.cif,-2.535989245821429,0.0
test,mb-mp-e-form-022936,data/cifs/mb-mp-e-form-022936.cif,-0.2691759124999997,0.0
test,mb-mp-e-form-112894,data/cifs/mb-mp-e-form-112894.cif,-2.6926450521428578,0.0
test,mb-mp-e-form-060248,data/cifs/mb-mp-e-form-060248.cif,-1.1426393349329411,0.0
test,mb-mp-e-form-025695,data/cifs/mb-mp-e-form-025695.cif,-0.2887452565492957,0.0
test,mb-mp-e-form-045231,data/cifs/mb-mp-e-form-045231.cif,-0.6669700423684198,0.0
test,mb-mp-e-form-095669,data/cifs/mb-mp-e-form-095669.cif,-2.3009948196137864,0.0
test,mb-mp-e-form-097114,data/cifs/mb-mp-e-form-097114.cif,-2.3517921575,0.0
test,mb-mp-e-form-059009,data/cifs/mb-mp-e-form-059009.cif,-1.0857276705208332,0.0
test,mb-mp-e-form-025062,data/cifs/mb-mp-e-form-025062.cif,-0.2903486369845099,0.0
test,mb-mp-e-form-079108,data/cifs/mb-mp-e-form-079108.cif,-1.853685329747499,0.0
test,mb-mp-e-form-125941,data/cifs/mb-mp-e-form-125941.cif,-3.183576898717948,0.0
test,mb-mp-e-form-064215,data/cifs/mb-mp-e-form-064215.cif,-1.323295874199334,0.0
test,mb-mp-e-form-107029,data/cifs/mb-mp-e-form-107029.cif,-2.562769988333334,0.0
test,mb-mp-e-form-053536,data/cifs/mb-mp-e-form-053536.cif,-0.8875095470000002,0.0
test,mb-mp-e-form-072883,data/cifs/mb-mp-e-form-072883.cif,-1.6670324529807696,0.0
test,mb-mp-e-form-054656,data/cifs/mb-mp-e-form-054656.cif,-0.9186377425520836,0.0
test,mb-mp-e-form-070567,data/cifs/mb-mp-e-form-070567.cif,-1.5557107520641762,0.0
test,mb-mp-e-form-032989,data/cifs/mb-mp-e-form-032989.cif,-0.4337810833333332,0.0
test,mb-mp-e-form-086739,data/cifs/mb-mp-e-form-086739.cif,-2.0459795080714294,0.0
test,mb-mp-e-form-095263,data/cifs/mb-mp-e-form-095263.cif,-2.3003911856324404,0.0
test,mb-mp-e-form-074140,data/cifs/mb-mp-e-form-074140.cif,-1.7131789992278164,0.0
test,mb-mp-e-form-054832,data/cifs/mb-mp-e-form-054832.cif,-0.9226271476953124,0.0
test,mb-mp-e-form-014771,data/cifs/mb-mp-e-form-014771.cif,-0.0480523236842106,0.0
test,mb-mp-e-form-129159,data/cifs/mb-mp-e-form-129159.cif,-3.394331836625001,0.0
test,mb-mp-e-form-048853,data/cifs/mb-mp-e-form-048853.cif,-0.7428238183333331,0.0
test,mb-mp-e-form-016033,data/cifs/mb-mp-e-form-016033.cif,-0.1065574482533325,0.0
test,mb-mp-e-form-119074,data/cifs/mb-mp-e-form-119074.cif,-2.885749736416668,0.0
test,mb-mp-e-form-099273,data/cifs/mb-mp-e-form-099273.cif,-2.3890029655000005,0.0
test,mb-mp-e-form-000129,data/cifs/mb-mp-e-form-000129.cif,2.442245583750001,0.0
test,mb-mp-e-form-033702,data/cifs/mb-mp-e-form-033702.cif,-0.443503655138888,0.0
test,mb-mp-e-form-045793,data/cifs/mb-mp-e-form-045793.cif,-0.6740621816666663,0.0
test,mb-mp-e-form-084799,data/cifs/mb-mp-e-form-084799.cif,-2.0202728569200006,0.0
test,mb-mp-e-form-013497,data/cifs/mb-mp-e-form-013497.cif,-0.0202906779999999,0.0
test,mb-mp-e-form-073522,data/cifs/mb-mp-e-form-073522.cif,-1.6748931105270022,0.0
test,mb-mp-e-form-092572,data/cifs/mb-mp-e-form-092572.cif,-2.2159991826361107,0.0
test,mb-mp-e-form-097746,data/cifs/mb-mp-e-form-097746.cif,-2.3472419038750005,0.0
test,mb-mp-e-form-040246,data/cifs/mb-mp-e-form-040246.cif,-0.5755425478742299,0.0
test,mb-mp-e-form-111269,data/cifs/mb-mp-e-form-111269.cif,-2.645859239475833,0.0
test,mb-mp-e-form-130204,data/cifs/mb-mp-e-form-130204.cif,-3.5783475435,0.0
test,mb-mp-e-form-054080,data/cifs/mb-mp-e-form-054080.cif,-0.9109729615024632,0.0
test,mb-mp-e-form-102679,data/cifs/mb-mp-e-form-102679.cif,-2.450408302421111,0.0
test,mb-mp-e-form-063828,data/cifs/mb-mp-e-form-063828.cif,-1.272149206818966,0.0
test,mb-mp-e-form-067494,data/cifs/mb-mp-e-form-067494.cif,-1.4211765058974368,0.0
test,mb-mp-e-form-011634,data/cifs/mb-mp-e-form-011634.cif,0.0295392550000004,0.0
test,mb-mp-e-form-041930,data/cifs/mb-mp-e-form-041930.cif,-0.6093935501041668,0.0
test,mb-mp-e-form-082050,data/cifs/mb-mp-e-form-082050.cif,-1.9189860897222224,0.0
test,mb-mp-e-form-032793,data/cifs/mb-mp-e-form-032793.cif,-0.4206565998611111,0.0
test,mb-mp-e-form-005940,data/cifs/mb-mp-e-form-005940.cif,0.2125650274999996,0.0
test,mb-mp-e-form-045952,data/cifs/mb-mp-e-form-045952.cif,-0.7031985254760003,0.0
test,mb-mp-e-form-064707,data/cifs/mb-mp-e-form-064707.cif,-1.331066819090909,0.0
test,mb-mp-e-form-073741,data/cifs/mb-mp-e-form-073741.cif,-1.6788635381249997,0.0
test,mb-mp-e-form-071934,data/cifs/mb-mp-e-form-071934.cif,-1.6379533347685715,0.0
test,mb-mp-e-form-026503,data/cifs/mb-mp-e-form-026503.cif,-0.3104200486538448,0.0
test,mb-mp-e-form-114503,data/cifs/mb-mp-e-form-114503.cif,-2.731307413125,0.0
test,mb-mp-e-form-050342,data/cifs/mb-mp-e-form-050342.cif,-0.7999464500000012,0.0
test,mb-mp-e-form-086751,data/cifs/mb-mp-e-form-086751.cif,-2.051036244285714,0.0
test,mb-mp-e-form-072611,data/cifs/mb-mp-e-form-072611.cif,-1.6124038668266654,0.0
test,mb-mp-e-form-132724,data/cifs/mb-mp-e-form-132724.cif,-3.91006510295538,0.0
test,mb-mp-e-form-029381,data/cifs/mb-mp-e-form-029381.cif,-0.3632817192968751,0.0
test,mb-mp-e-form-054893,data/cifs/mb-mp-e-form-054893.cif,-0.955078855428571,0.0
test,mb-mp-e-form-096583,data/cifs/mb-mp-e-form-096583.cif,-2.3305638592032967,0.0
test,mb-mp-e-form-036225,data/cifs/mb-mp-e-form-036225.cif,-0.4837406578120529,0.0
test,mb-mp-e-form-067309,data/cifs/mb-mp-e-form-067309.cif,-1.420249395169512,0.0
test,mb-mp-e-form-041651,data/cifs/mb-mp-e-form-041651.cif,-0.5910573266666667,0.0
test,mb-mp-e-form-039442,data/cifs/mb-mp-e-form-039442.cif,-0.5458718298275863,0.0
test,mb-mp-e-form-091607,data/cifs/mb-mp-e-form-091607.cif,-2.192734851121031,0.0
test,mb-mp-e-form-120755,data/cifs/mb-mp-e-form-120755.cif,-2.9743376788775504,0.0
test,mb-mp-e-form-003389,data/cifs/mb-mp-e-form-003389.cif,0.6478216197413793,0.0
test,mb-mp-e-form-105381,data/cifs/mb-mp-e-form-105381.cif,-2.513568316468254,0.0
test,mb-mp-e-form-047030,data/cifs/mb-mp-e-form-047030.cif,-0.7119708398809527,0.0
test,mb-mp-e-form-110873,data/cifs/mb-mp-e-form-110873.cif,-2.6624054477900003,0.0
test,mb-mp-e-form-010554,data/cifs/mb-mp-e-form-010554.cif,0.0362562516666666,0.0
test,mb-mp-e-form-004652,data/cifs/mb-mp-e-form-004652.cif,0.323228598,0.0
test,mb-mp-e-form-095371,data/cifs/mb-mp-e-form-095371.cif,-2.3029829921715392,0.0
test,mb-mp-e-form-100213,data/cifs/mb-mp-e-form-100213.cif,-2.4181675247499994,0.0
test,mb-mp-e-form-099955,data/cifs/mb-mp-e-form-099955.cif,-2.4056391195312496,0.0
test,mb-mp-e-form-102475,data/cifs/mb-mp-e-form-102475.cif,-2.4634404739880944,0.0
test,mb-mp-e-form-110841,data/cifs/mb-mp-e-form-110841.cif,-2.6497301774999986,0.0
test,mb-mp-e-form-057048,data/cifs/mb-mp-e-form-057048.cif,-1.0289310372206897,0.0
test,mb-mp-e-form-005265,data/cifs/mb-mp-e-form-005265.cif,0.294888448333334,0.0
test,mb-mp-e-form-087779,data/cifs/mb-mp-e-form-087779.cif,-2.063118448749999,0.0
test,mb-mp-e-form-016260,data/cifs/mb-mp-e-form-016260.cif,-0.0994966205555544,0.0
test,mb-mp-e-form-102747,data/cifs/mb-mp-e-form-102747.cif,-2.445932267857143,0.0
test,mb-mp-e-form-063591,data/cifs/mb-mp-e-form-063591.cif,-1.2550459179166669,0.0
test,mb-mp-e-form-095524,data/cifs/mb-mp-e-form-095524.cif,-2.3065754602975,0.0
test,mb-mp-e-form-015857,data/cifs/mb-mp-e-form-015857.cif,-0.056192715833333,0.0
test,mb-mp-e-form-051391,data/cifs/mb-mp-e-form-051391.cif,-0.8248392717738103,0.0
test,mb-mp-e-form-108717,data/cifs/mb-mp-e-form-108717.cif,-2.5913890861575504,0.0
test,mb-mp-e-form-124976,data/cifs/mb-mp-e-form-124976.cif,-3.1541713701558067,0.0
test,mb-mp-e-form-021328,data/cifs/mb-mp-e-form-021328.cif,-0.2162378671428566,0.0
test,mb-mp-e-form-108379,data/cifs/mb-mp-e-form-108379.cif,-2.5925433257305186,0.0
test,mb-mp-e-form-085301,data/cifs/mb-mp-e-form-085301.cif,-2.0310570826388883,0.0
test,mb-mp-e-form-047229,data/cifs/mb-mp-e-form-047229.cif,-0.7299527845137281,0.0
test,mb-mp-e-form-076088,data/cifs/mb-mp-e-form-076088.cif,-1.7736220670684535,0.0
test,mb-mp-e-form-003170,data/cifs/mb-mp-e-form-003170.cif,0.5998823617241378,0.0
test,mb-mp-e-form-053519,data/cifs/mb-mp-e-form-053519.cif,-0.890118792152942,0.0
test,mb-mp-e-form-114325,data/cifs/mb-mp-e-form-114325.cif,-2.723857255,0.0
test,mb-mp-e-form-081150,data/cifs/mb-mp-e-form-081150.cif,-1.8932611017522327,0.0
test,mb-mp-e-form-104411,data/cifs/mb-mp-e-form-104411.cif,-2.487853460068028,0.0
test,mb-mp-e-form-022101,data/cifs/mb-mp-e-form-022101.cif,-0.2456731100000002,0.0
test,mb-mp-e-form-102805,data/cifs/mb-mp-e-form-102805.cif,-2.476157665424106,0.0
test,mb-mp-e-form-129353,data/cifs/mb-mp-e-form-129353.cif,-3.4213293897500003,0.0
test,mb-mp-e-form-094813,data/cifs/mb-mp-e-form-094813.cif,-2.3059038839062502,0.0
test,mb-mp-e-form-072902,data/cifs/mb-mp-e-form-072902.cif,-1.6745009476909527,0.0
test,mb-mp-e-form-031249,data/cifs/mb-mp-e-form-031249.cif,-0.4042310008655552,0.0
test,mb-mp-e-form-067158,data/cifs/mb-mp-e-form-067158.cif,-1.4529854873049604,0.0
test,mb-mp-e-form-034440,data/cifs/mb-mp-e-form-034440.cif,-0.455744678333333,0.0
test,mb-mp-e-form-030387,data/cifs/mb-mp-e-form-030387.cif,-0.3890002513026821,0.0
test,mb-mp-e-form-034066,data/cifs/mb-mp-e-form-034066.cif,-0.4534760364705886,0.0
test,mb-mp-e-form-120064,data/cifs/mb-mp-e-form-120064.cif,-2.950665664681715,0.0
test,mb-mp-e-form-022611,data/cifs/mb-mp-e-form-022611.cif,-0.2457397130952377,0.0
test,mb-mp-e-form-070294,data/cifs/mb-mp-e-form-070294.cif,-1.5496233453437505,0.0
test,mb-mp-e-form-073119,data/cifs/mb-mp-e-form-073119.cif,-1.6515402489236115,0.0
test,mb-mp-e-form-108909,data/cifs/mb-mp-e-form-108909.cif,-2.6064833589944287,0.0
test,mb-mp-e-form-122684,data/cifs/mb-mp-e-form-122684.cif,-3.006676414525417,0.0
test,mb-mp-e-form-059777,data/cifs/mb-mp-e-form-059777.cif,-1.108627126136364,0.0
test,mb-mp-e-form-099186,data/cifs/mb-mp-e-form-099186.cif,-2.387626933541668,0.0
test,mb-mp-e-form-111978,data/cifs/mb-mp-e-form-111978.cif,-2.6773222796074285,0.0
test,mb-mp-e-form-131295,data/cifs/mb-mp-e-form-131295.cif,-3.755513325833334,0.0
test,mb-mp-e-form-013427,data/cifs/mb-mp-e-form-013427.cif,-0.0132682905333333,0.0
test,mb-mp-e-form-129245,data/cifs/mb-mp-e-form-129245.cif,-3.4763668025000007,0.0
test,mb-mp-e-form-118056,data/cifs/mb-mp-e-form-118056.cif,-2.8671080270394738,0.0
test,mb-mp-e-form-092389,data/cifs/mb-mp-e-form-092389.cif,-2.220399676251637,0.0
test,mb-mp-e-form-048612,data/cifs/mb-mp-e-form-048612.cif,-0.7498594723181554,0.0
test,mb-mp-e-form-130531,data/cifs/mb-mp-e-form-130531.cif,-3.583847506979167,0.0
test,mb-mp-e-form-028387,data/cifs/mb-mp-e-form-028387.cif,-0.3424590427777776,0.0
test,mb-mp-e-form-044120,data/cifs/mb-mp-e-form-044120.cif,-0.6497253219305558,0.0
test,mb-mp-e-form-007933,data/cifs/mb-mp-e-form-007933.cif,0.1121740199999998,0.0
test,mb-mp-e-form-026915,data/cifs/mb-mp-e-form-026915.cif,-0.3308569858333333,0.0
test,mb-mp-e-form-029318,data/cifs/mb-mp-e-form-029318.cif,-0.3649572074999998,0.0
test,mb-mp-e-form-101589,data/cifs/mb-mp-e-form-101589.cif,-2.4427609787993934,0.0
test,mb-mp-e-form-016671,data/cifs/mb-mp-e-form-016671.cif,-0.1015671366666666,0.0
test,mb-mp-e-form-070505,data/cifs/mb-mp-e-form-070505.cif,-1.5645221809177785,0.0
test,mb-mp-e-form-017336,data/cifs/mb-mp-e-form-017336.cif,-0.1234794623333343,0.0
test,mb-mp-e-form-063416,data/cifs/mb-mp-e-form-063416.cif,-1.2643480078566658,0.0
test,mb-mp-e-form-096687,data/cifs/mb-mp-e-form-096687.cif,-2.3209214595583347,0.0
test,mb-mp-e-form-078650,data/cifs/mb-mp-e-form-078650.cif,-1.823733496647727,0.0
test,mb-mp-e-form-058773,data/cifs/mb-mp-e-form-058773.cif,-1.077000470532,0.0
test,mb-mp-e-form-010776,data/cifs/mb-mp-e-form-010776.cif,0.0399234197916662,0.0
test,mb-mp-e-form-098031,data/cifs/mb-mp-e-form-098031.cif,-2.368325918252551,0.0
test,mb-mp-e-form-098865,data/cifs/mb-mp-e-form-098865.cif,-2.400623464809448,0.0
test,mb-mp-e-form-080773,data/cifs/mb-mp-e-form-080773.cif,-1.85919200269338,0.0
test,mb-mp-e-form-073231,data/cifs/mb-mp-e-form-073231.cif,-1.660109885000001,0.0
test,mb-mp-e-form-062385,data/cifs/mb-mp-e-form-062385.cif,-1.2434232156250005,0.0
test,mb-mp-e-form-106010,data/cifs/mb-mp-e-form-106010.cif,-2.5413736871423813,0.0
test,mb-mp-e-form-085682,data/cifs/mb-mp-e-form-085682.cif,-2.02632875257653,0.0
test,mb-mp-e-form-082983,data/cifs/mb-mp-e-form-082983.cif,-1.9681579303994248,0.0
test,mb-mp-e-form-119458,data/cifs/mb-mp-e-form-119458.cif,-2.8927039977567715,0.0
test,mb-mp-e-form-091849,data/cifs/mb-mp-e-form-091849.cif,-2.220248646250001,0.0
test,mb-mp-e-form-074866,data/cifs/mb-mp-e-form-074866.cif,-1.7274478943269242,0.0
test,mb-mp-e-form-028990,data/cifs/mb-mp-e-form-028990.cif,-0.3663198529999988,0.0
test,mb-mp-e-form-038854,data/cifs/mb-mp-e-form-038854.cif,-0.5341680200000004,0.0
test,mb-mp-e-form-036916,data/cifs/mb-mp-e-form-036916.cif,-0.4988043263392855,0.0
test,mb-mp-e-form-007027,data/cifs/mb-mp-e-form-007027.cif,0.1485670212499998,0.0
test,mb-mp-e-form-039853,data/cifs/mb-mp-e-form-039853.cif,-0.5562890387878784,0.0
test,mb-mp-e-form-033946,data/cifs/mb-mp-e-form-033946.cif,-0.4524806504687504,0.0
test,mb-mp-e-form-088062,data/cifs/mb-mp-e-form-088062.cif,-2.0937543250694444,0.0
test,mb-mp-e-form-125024,data/cifs/mb-mp-e-form-125024.cif,-3.172009531111112,0.0
test,mb-mp-e-form-046428,data/cifs/mb-mp-e-form-046428.cif,-0.6904245745312503,0.0
test,mb-mp-e-form-099936,data/cifs/mb-mp-e-form-099936.cif,-2.420552527459677,0.0
test,mb-mp-e-form-109329,data/cifs/mb-mp-e-form-109329.cif,-2.610001307098766,0.0
test,mb-mp-e-form-066993,data/cifs/mb-mp-e-form-066993.cif,-1.431968361803429,0.0
test,mb-mp-e-form-011774,data/cifs/mb-mp-e-form-011774.cif,0.028603032,0.0
test,mb-mp-e-form-001853,data/cifs/mb-mp-e-form-001853.cif,1.3312878458333326,0.0
test,mb-mp-e-form-053074,data/cifs/mb-mp-e-form-053074.cif,-0.899320558333334,0.0
test,mb-mp-e-form-116293,data/cifs/mb-mp-e-form-116293.cif,-2.8028510377651528,0.0
test,mb-mp-e-form-095593,data/cifs/mb-mp-e-form-095593.cif,-2.298819577678572,0.0
test,mb-mp-e-form-078809,data/cifs/mb-mp-e-form-078809.cif,-1.8248826322500016,0.0
test,mb-mp-e-form-042485,data/cifs/mb-mp-e-form-042485.cif,-0.6169441318571429,0.0
test,mb-mp-e-form-071080,data/cifs/mb-mp-e-form-071080.cif,-1.6040833798046883,0.0
test,mb-mp-e-form-025970,data/cifs/mb-mp-e-form-025970.cif,-0.3082286907407408,0.0
test,mb-mp-e-form-051935,data/cifs/mb-mp-e-form-051935.cif,-0.8386376961309517,0.0
test,mb-mp-e-form-045497,data/cifs/mb-mp-e-form-045497.cif,-0.6657681641666664,0.0
test,mb-mp-e-form-098466,data/cifs/mb-mp-e-form-098466.cif,-2.37697757651852,0.0
test,mb-mp-e-form-072207,data/cifs/mb-mp-e-form-072207.cif,-1.621181877410715,0.0
test,mb-mp-e-form-021881,data/cifs/mb-mp-e-form-021881.cif,-0.2122795749999997,0.0
test,mb-mp-e-form-008441,data/cifs/mb-mp-e-form-008441.cif,0.1041601041666654,0.0
test,mb-mp-e-form-119109,data/cifs/mb-mp-e-form-119109.cif,-2.8886073435,0.0
test,mb-mp-e-form-091875,data/cifs/mb-mp-e-form-091875.cif,-2.2183372444559994,0.0
test,mb-mp-e-form-030656,data/cifs/mb-mp-e-form-030656.cif,-0.3764905077941178,0.0
test,mb-mp-e-form-118727,data/cifs/mb-mp-e-form-118727.cif,-2.879748330822857,0.0
test,mb-mp-e-form-015386,data/cifs/mb-mp-e-form-015386.cif,-0.0791597812500004,0.0
test,mb-mp-e-form-086020,data/cifs/mb-mp-e-form-086020.cif,-2.0341457498856546,0.0
test,mb-mp-e-form-108483,data/cifs/mb-mp-e-form-108483.cif,-2.587091570826668,0.0
test,mb-mp-e-form-116497,data/cifs/mb-mp-e-form-116497.cif,-2.800631671471,0.0
test,mb-mp-e-form-023271,data/cifs/mb-mp-e-form-023271.cif,-0.2679397513541666,0.0
test,mb-mp-e-form-112022,data/cifs/mb-mp-e-form-112022.cif,-2.67990823025,0.0
test,mb-mp-e-form-027410,data/cifs/mb-mp-e-form-027410.cif,-0.32254524875,0.0
test,mb-mp-e-form-012536,data/cifs/mb-mp-e-form-012536.cif,0.0116940662499999,0.0
test,mb-mp-e-form-005994,data/cifs/mb-mp-e-form-005994.cif,0.182734976041667,0.0
test,mb-mp-e-form-081618,data/cifs/mb-mp-e-form-081618.cif,-1.8844832871875,0.0
test,mb-mp-e-form-030318,data/cifs/mb-mp-e-form-030318.cif,-0.3843208991666671,0.0
test,mb-mp-e-form-010712,data/cifs/mb-mp-e-form-010712.cif,0.0416543950000001,0.0
test,mb-mp-e-form-034619,data/cifs/mb-mp-e-form-034619.cif,-0.4608528566666668,0.0
test,mb-mp-e-form-035387,data/cifs/mb-mp-e-form-035387.cif,-0.4687205320000004,0.0
test,mb-mp-e-form-055541,data/cifs/mb-mp-e-form-055541.cif,-0.933110434285715,0.0
test,mb-mp-e-form-050796,data/cifs/mb-mp-e-form-050796.cif,-0.7916653282019986,0.0
test,mb-mp-e-form-011425,data/cifs/mb-mp-e-form-011425.cif,0.0258191143750003,0.0
test,mb-mp-e-form-021709,data/cifs/mb-mp-e-form-021709.cif,-0.2081497524499762,0.0
test,mb-mp-e-form-031961,data/cifs/mb-mp-e-form-031961.cif,-0.4191522737499994,0.0
test,mb-mp-e-form-101381,data/cifs/mb-mp-e-form-101381.cif,-2.437823667034438,0.0
test,mb-mp-e-form-019422,data/cifs/mb-mp-e-form-019422.cif,-0.1800933000000005,0.0
test,mb-mp-e-form-056407,data/cifs/mb-mp-e-form-056407.cif,-0.983882195852273,0.0
test,mb-mp-e-form-107816,data/cifs/mb-mp-e-form-107816.cif,-2.587810700957793,0.0
test,mb-mp-e-form-093113,data/cifs/mb-mp-e-form-093113.cif,-2.2497410243061227,0.0
test,mb-mp-e-form-014698,data/cifs/mb-mp-e-form-014698.cif,-0.0527789118181807,0.0
test,mb-mp-e-form-083906,data/cifs/mb-mp-e-form-083906.cif,-1.995820326556,0.0
test,mb-mp-e-form-102936,data/cifs/mb-mp-e-form-102936.cif,-2.4756895727500003,0.0
test,mb-mp-e-form-012452,data/cifs/mb-mp-e-form-012452.cif,-0.0038824975862071,0.0
test,mb-mp-e-form-130887,data/cifs/mb-mp-e-form-130887.cif,-3.763798370859742,0.0
test,mb-mp-e-form-061595,data/cifs/mb-mp-e-form-061595.cif,-1.1678983907792209,0.0
test,mb-mp-e-form-051943,data/cifs/mb-mp-e-form-051943.cif,-0.853847111111111,0.0
test,mb-mp-e-form-079904,data/cifs/mb-mp-e-form-079904.cif,-1.8604271715249656,0.0
test,mb-mp-e-form-108878,data/cifs/mb-mp-e-form-108878.cif,-2.594608338049364,0.0
test,mb-mp-e-form-106567,data/cifs/mb-mp-e-form-106567.cif,-2.529360901715428,0.0
test,mb-mp-e-form-038288,data/cifs/mb-mp-e-form-038288.cif,-0.5348749025000004,0.0
test,mb-mp-e-form-116633,data/cifs/mb-mp-e-form-116633.cif,-2.793785625093958,0.0
test,mb-mp-e-form-055295,data/cifs/mb-mp-e-form-055295.cif,-0.951242687614942,0.0
test,mb-mp-e-form-048196,data/cifs/mb-mp-e-form-048196.cif,-0.7502346162236351,0.0
test,mb-mp-e-form-090371,data/cifs/mb-mp-e-form-090371.cif,-2.1633808044794995,0.0
test,mb-mp-e-form-122686,data/cifs/mb-mp-e-form-122686.cif,-3.0072009644060005,0.0
test,mb-mp-e-form-047822,data/cifs/mb-mp-e-form-047822.cif,-0.7075462307466669,0.0
test,mb-mp-e-form-061957,data/cifs/mb-mp-e-form-061957.cif,-1.2244335975000002,0.0
test,mb-mp-e-form-096200,data/cifs/mb-mp-e-form-096200.cif,-2.3272588371785714,0.0
test,mb-mp-e-form-030794,data/cifs/mb-mp-e-form-030794.cif,-0.3887425725,0.0
test,mb-mp-e-form-113251,data/cifs/mb-mp-e-form-113251.cif,-2.717161297312728,0.0
test,mb-mp-e-form-058016,data/cifs/mb-mp-e-form-058016.cif,-1.0583334024999995,0.0
test,mb-mp-e-form-020959,data/cifs/mb-mp-e-form-020959.cif,-0.2263954766666671,0.0
test,mb-mp-e-form-112781,data/cifs/mb-mp-e-form-112781.cif,-2.716950188125,0.0
test,mb-mp-e-form-118122,data/cifs/mb-mp-e-form-118122.cif,-2.854479737307692,0.0
test,mb-mp-e-form-129724,data/cifs/mb-mp-e-form-129724.cif,-3.4521829820833334,0.0
test,mb-mp-e-form-016867,data/cifs/mb-mp-e-form-016867.cif,-0.0829745674999999,0.0
test,mb-mp-e-form-025112,data/cifs/mb-mp-e-form-025112.cif,-0.3051805500000002,0.0
test,mb-mp-e-form-018956,data/cifs/mb-mp-e-form-018956.cif,-0.1763372264285713,0.0
test,mb-mp-e-form-032444,data/cifs/mb-mp-e-form-032444.cif,-0.4222336729999995,0.0
test,mb-mp-e-form-092327,data/cifs/mb-mp-e-form-092327.cif,-2.2140850925884026,0.0
test,mb-mp-e-form-117737,data/cifs/mb-mp-e-form-117737.cif,-2.8198865820833343,0.0
test,mb-mp-e-form-101584,data/cifs/mb-mp-e-form-101584.cif,-2.4412721415642857,0.0
test,mb-mp-e-form-047310,data/cifs/mb-mp-e-form-047310.cif,-0.7291249604220553,0.0
test,mb-mp-e-form-051845,data/cifs/mb-mp-e-form-051845.cif,-0.8191245433333331,0.0
test,mb-mp-e-form-060691,data/cifs/mb-mp-e-form-060691.cif,-1.1495441144335938,0.0
test,mb-mp-e-form-085083,data/cifs/mb-mp-e-form-085083.cif,-2.022623884425286,0.0
test,mb-mp-e-form-013212,data/cifs/mb-mp-e-form-013212.cif,-0.0242145541666666,0.0
test,mb-mp-e-form-131781,data/cifs/mb-mp-e-form-131781.cif,-3.9200091032327578,0.0
test,mb-mp-e-form-051930,data/cifs/mb-mp-e-form-051930.cif,-0.8615573795754308,0.0
test,mb-mp-e-form-091808,data/cifs/mb-mp-e-form-091808.cif,-2.2010494367719784,0.0
test,mb-mp-e-form-050603,data/cifs/mb-mp-e-form-050603.cif,-0.7962363550000001,0.0
test,mb-mp-e-form-107329,data/cifs/mb-mp-e-form-107329.cif,-2.559472560892858,0.0
test,mb-mp-e-form-044773,data/cifs/mb-mp-e-form-044773.cif,-0.6499695358184532,0.0
test,mb-mp-e-form-064017,data/cifs/mb-mp-e-form-064017.cif,-1.3290388671875002,0.0
test,mb-mp-e-form-005535,data/cifs/mb-mp-e-form-005535.cif,0.2910714875000018,0.0
test,mb-mp-e-form-070189,data/cifs/mb-mp-e-form-070189.cif,-1.5727892294236905,0.0
test,mb-mp-e-form-022968,data/cifs/mb-mp-e-form-022968.cif,-0.2583439120000008,0.0
test,mb-mp-e-form-050549,data/cifs/mb-mp-e-form-050549.cif,-0.8019440606250008,0.0
test,mb-mp-e-form-073774,data/cifs/mb-mp-e-form-073774.cif,-1.6602273371276597,0.0
test,mb-mp-e-form-120431,data/cifs/mb-mp-e-form-120431.cif,-2.9179696885105355,0.0
test,mb-mp-e-form-036925,data/cifs/mb-mp-e-form-036925.cif,-0.510769069375,0.0
test,mb-mp-e-form-099169,data/cifs/mb-mp-e-form-099169.cif,-2.381237316428571,0.0
test,mb-mp-e-form-039375,data/cifs/mb-mp-e-form-039375.cif,-0.5482165558630966,0.0
test,mb-mp-e-form-052096,data/cifs/mb-mp-e-form-052096.cif,-0.8437634222193873,0.0
test,mb-mp-e-form-014193,data/cifs/mb-mp-e-form-014193.cif,-0.0549873748911117,0.0
test,mb-mp-e-form-055571,data/cifs/mb-mp-e-form-055571.cif,-0.9421464894999992,0.0
test,mb-mp-e-form-117851,data/cifs/mb-mp-e-form-117851.cif,-2.8802829153906244,0.0
test,mb-mp-e-form-082801,data/cifs/mb-mp-e-form-082801.cif,-1.969811058035715,0.0
test,mb-mp-e-form-020656,data/cifs/mb-mp-e-form-020656.cif,-0.1881492999999992,0.0
test,mb-mp-e-form-005622,data/cifs/mb-mp-e-form-005622.cif,0.2754311668750002,0.0
test,mb-mp-e-form-098332,data/cifs/mb-mp-e-form-098332.cif,-2.366961000154111,0.0
test,mb-mp-e-form-105184,data/cifs/mb-mp-e-form-105184.cif,-2.5159790836793325,0.0
test,mb-mp-e-form-099872,data/cifs/mb-mp-e-form-099872.cif,-2.4060757380560007,0.0
test,mb-mp-e-form-075954,data/cifs/mb-mp-e-form-075954.cif,-1.7735854543999998,0.0
test,mb-mp-e-form-065367,data/cifs/mb-mp-e-form-065367.cif,-1.3719869275,0.0
test,mb-mp-e-form-011857,data/cifs/mb-mp-e-form-011857.cif,0.031951845,0.0
test,mb-mp-e-form-124675,data/cifs/mb-mp-e-form-124675.cif,-3.114250819166668,0.0
test,mb-mp-e-form-108338,data/cifs/mb-mp-e-form-108338.cif,-2.585726376297081,0.0
test,mb-mp-e-form-112101,data/cifs/mb-mp-e-form-112101.cif,-2.675507692585403,0.0
test,mb-mp-e-form-086378,data/cifs/mb-mp-e-form-086378.cif,-2.05649245851619,0.0
test,mb-mp-e-form-058677,data/cifs/mb-mp-e-form-058677.cif,-1.057276907296875,0.0
test,mb-mp-e-form-033929,data/cifs/mb-mp-e-form-033929.cif,-0.4507102366666672,0.0
test,mb-mp-e-form-007725,data/cifs/mb-mp-e-form-007725.cif,0.1368348666666659,0.0
test,mb-mp-e-form-077935,data/cifs/mb-mp-e-form-077935.cif,-1.83048957756,0.0
test,mb-mp-e-form-031685,data/cifs/mb-mp-e-form-031685.cif,-0.4080484846301025,0.0
test,mb-mp-e-form-090947,data/cifs/mb-mp-e-form-090947.cif,-2.183057709050866,0.0
test,mb-mp-e-form-058876,data/cifs/mb-mp-e-form-058876.cif,-1.1131028136899994,0.0
test,mb-mp-e-form-000907,data/cifs/mb-mp-e-form-000907.cif,1.7648958291666663,0.0
test,mb-mp-e-form-051290,data/cifs/mb-mp-e-form-051290.cif,-0.8260154532142868,0.0
test,mb-mp-e-form-025202,data/cifs/mb-mp-e-form-025202.cif,-0.2886476732039313,0.0
test,mb-mp-e-form-054761,data/cifs/mb-mp-e-form-054761.cif,-0.9102143753533316,0.0
test,mb-mp-e-form-118768,data/cifs/mb-mp-e-form-118768.cif,-2.8835028525000004,0.0
test,mb-mp-e-form-058208,data/cifs/mb-mp-e-form-058208.cif,-1.0722054271291543,0.0
test,mb-mp-e-form-115869,data/cifs/mb-mp-e-form-115869.cif,-2.801219533300108,0.0
test,mb-mp-e-form-078150,data/cifs/mb-mp-e-form-078150.cif,-1.81778921381,0.0
test,mb-mp-e-form-105785,data/cifs/mb-mp-e-form-105785.cif,-2.535078868229167,0.0
test,mb-mp-e-form-071708,data/cifs/mb-mp-e-form-071708.cif,-1.5748759017500007,0.0
test,mb-mp-e-form-121649,data/cifs/mb-mp-e-form-121649.cif,-2.976329093189224,0.0
test,mb-mp-e-form-101049,data/cifs/mb-mp-e-form-101049.cif,-2.425305783095238,0.0
test,mb-mp-e-form-066833,data/cifs/mb-mp-e-form-066833.cif,-1.4102336435714289,0.0
test,mb-mp-e-form-127427,data/cifs/mb-mp-e-form-127427.cif,-3.2730356416666675,0.0
test,mb-mp-e-form-051360,data/cifs/mb-mp-e-form-051360.cif,-0.8117256191666679,0.0
test,mb-mp-e-form-097550,data/cifs/mb-mp-e-form-097550.cif,-2.353889877142858,0.0
test,mb-mp-e-form-018256,data/cifs/mb-mp-e-form-018256.cif,-0.158548549999999,0.0
test,mb-mp-e-form-080138,data/cifs/mb-mp-e-form-080138.cif,-1.868386694435,0.0
test,mb-mp-e-form-059705,data/cifs/mb-mp-e-form-059705.cif,-1.1109041258430232,0.0
test,mb-mp-e-form-056990,data/cifs/mb-mp-e-form-056990.cif,-1.0301302939375006,0.0
test,mb-mp-e-form-003883,data/cifs/mb-mp-e-form-003883.cif,0.5575876666666684,0.0
test,mb-mp-e-form-117213,data/cifs/mb-mp-e-form-117213.cif,-2.827126397233333,0.0
test,mb-mp-e-form-033716,data/cifs/mb-mp-e-form-033716.cif,-0.4436247720138873,0.0
test,mb-mp-e-form-112987,data/cifs/mb-mp-e-form-112987.cif,-2.6989261752849543,0.0
test,mb-mp-e-form-086132,data/cifs/mb-mp-e-form-086132.cif,-2.0517336117140004,0.0
test,mb-mp-e-form-119606,data/cifs/mb-mp-e-form-119606.cif,-2.8822286332291664,0.0
test,mb-mp-e-form-052089,data/cifs/mb-mp-e-form-052089.cif,-0.8606212549305552,0.0
test,mb-mp-e-form-107263,data/cifs/mb-mp-e-form-107263.cif,-2.5614322233859665,0.0
test,mb-mp-e-form-084792,data/cifs/mb-mp-e-form-084792.cif,-1.9769111569444449,0.0
test,mb-mp-e-form-032841,data/cifs/mb-mp-e-form-032841.cif,-0.4173944458333332,0.0
test,mb-mp-e-form-004621,data/cifs/mb-mp-e-form-004621.cif,0.3074816400000003,0.0
test,mb-mp-e-form-047593,data/cifs/mb-mp-e-form-047593.cif,-0.7164162261899998,0.0
test,mb-mp-e-form-017571,data/cifs/mb-mp-e-form-017571.cif,-0.1231647712499981,0.0
test,mb-mp-e-form-057053,data/cifs/mb-mp-e-form-057053.cif,-1.034931716775862,0.0
test,mb-mp-e-form-034841,data/cifs/mb-mp-e-form-034841.cif,-0.4504391000000005,0.0
test,mb-mp-e-form-012742,data/cifs/mb-mp-e-form-012742.cif,0.0009479376973675,0.0
test,mb-mp-e-form-034295,data/cifs/mb-mp-e-form-034295.cif,-0.4600365444444436,0.0
test,mb-mp-e-form-111958,data/cifs/mb-mp-e-form-111958.cif,-2.6919467968454294,0.0
test,mb-mp-e-form-085958,data/cifs/mb-mp-e-form-085958.cif,-2.054434806201666,0.0
test,mb-mp-e-form-053752,data/cifs/mb-mp-e-form-053752.cif,-0.8782628227377773,0.0
test,mb-mp-e-form-122359,data/cifs/mb-mp-e-form-122359.cif,-3.003857613948413,0.0
test,mb-mp-e-form-130653,data/cifs/mb-mp-e-form-130653.cif,-3.518854073576069,0.0
test,mb-mp-e-form-015652,data/cifs/mb-mp-e-form-015652.cif,-0.0617610979511355,0.0
test,mb-mp-e-form-021800,data/cifs/mb-mp-e-form-021800.cif,-0.2127338458333329,0.0
test,mb-mp-e-form-014406,data/cifs/mb-mp-e-form-014406.cif,-0.0300056017500011,0.0
test,mb-mp-e-form-077820,data/cifs/mb-mp-e-form-077820.cif,-1.81546762619,0.0
test,mb-mp-e-form-125793,data/cifs/mb-mp-e-form-125793.cif,-3.190842800694444,0.0
test,mb-mp-e-form-042984,data/cifs/mb-mp-e-form-042984.cif,-0.6353121472036638,0.0
test,mb-mp-e-form-085789,data/cifs/mb-mp-e-form-085789.cif,-2.0124292069444443,0.0
test,mb-mp-e-form-037841,data/cifs/mb-mp-e-form-037841.cif,-0.5036140487500003,0.0
test,mb-mp-e-form-010207,data/cifs/mb-mp-e-form-010207.cif,0.0409409375000002,0.0
test,mb-mp-e-form-047197,data/cifs/mb-mp-e-form-047197.cif,-0.709710981100611,0.0
test,mb-mp-e-form-085369,data/cifs/mb-mp-e-form-085369.cif,-2.0164055590833336,0.0
test,mb-mp-e-form-084279,data/cifs/mb-mp-e-form-084279.cif,-1.983189966691176,0.0
test,mb-mp-e-form-089927,data/cifs/mb-mp-e-form-089927.cif,-2.1558179097829653,0.0
test,mb-mp-e-form-091198,data/cifs/mb-mp-e-form-091198.cif,-2.1778835103124994,0.0
test,mb-mp-e-form-051719,data/cifs/mb-mp-e-form-051719.cif,-0.8152101530742856,0.0
test,mb-mp-e-form-041378,data/cifs/mb-mp-e-form-041378.cif,-0.5859665766666655,0.0
test,mb-mp-e-form-111492,data/cifs/mb-mp-e-form-111492.cif,-2.6545941120238106,0.0
test,mb-mp-e-form-047962,data/cifs/mb-mp-e-form-047962.cif,-0.7352664199999985,0.0
test,mb-mp-e-form-029646,data/cifs/mb-mp-e-form-029646.cif,-0.3592655445588235,0.0
test,mb-mp-e-form-000522,data/cifs/mb-mp-e-form-000522.cif,1.7577059941666664,0.0
test,mb-mp-e-form-076741,data/cifs/mb-mp-e-form-076741.cif,-1.7497312549766662,0.0
test,mb-mp-e-form-085686,data/cifs/mb-mp-e-form-085686.cif,-2.012040131002156,0.0
test,mb-mp-e-form-128480,data/cifs/mb-mp-e-form-128480.cif,-3.3711035514289995,0.0
test,mb-mp-e-form-001050,data/cifs/mb-mp-e-form-001050.cif,1.36401281,0.0
test,mb-mp-e-form-036288,data/cifs/mb-mp-e-form-036288.cif,-0.4869178401785717,0.0
test,mb-mp-e-form-005398,data/cifs/mb-mp-e-form-005398.cif,0.2637919712499998,0.0
test,mb-mp-e-form-059857,data/cifs/mb-mp-e-form-059857.cif,-1.1126804124279983,0.0
test,mb-mp-e-form-108629,data/cifs/mb-mp-e-form-108629.cif,-2.585738273713474,0.0
test,mb-mp-e-form-080548,data/cifs/mb-mp-e-form-080548.cif,-1.872492045716,0.0
test,mb-mp-e-form-046057,data/cifs/mb-mp-e-form-046057.cif,-0.6875085905555558,0.0
test,mb-mp-e-form-088676,data/cifs/mb-mp-e-form-088676.cif,-2.106440003333333,0.0
test,mb-mp-e-form-035636,data/cifs/mb-mp-e-form-035636.cif,-0.4721217929999994,0.0
test,mb-mp-e-form-036624,data/cifs/mb-mp-e-form-036624.cif,-0.4849571737499993,0.0
test,mb-mp-e-form-010510,data/cifs/mb-mp-e-form-010510.cif,0.0559621429166661,0.0
test,mb-mp-e-form-116574,data/cifs/mb-mp-e-form-116574.cif,-2.8072199658133337,0.0
test,mb-mp-e-form-056759,data/cifs/mb-mp-e-form-056759.cif,-0.9706067648205874,0.0
test,mb-mp-e-form-072927,data/cifs/mb-mp-e-form-072927.cif,-1.6486128808893334,0.0
test,mb-mp-e-form-098397,data/cifs/mb-mp-e-form-098397.cif,-2.3740793855952376,0.0
test,mb-mp-e-form-075671,data/cifs/mb-mp-e-form-075671.cif,-1.7304201934613332,0.0
test,mb-mp-e-form-019062,data/cifs/mb-mp-e-form-019062.cif,-0.1770700387500001,0.0
test,mb-mp-e-form-086065,data/cifs/mb-mp-e-form-086065.cif,-2.043961310703125,0.0
test,mb-mp-e-form-075680,data/cifs/mb-mp-e-form-075680.cif,-1.7339520756728568,0.0
test,mb-mp-e-form-089794,data/cifs/mb-mp-e-form-089794.cif,-2.148622404609375,0.0
test,mb-mp-e-form-125597,data/cifs/mb-mp-e-form-125597.cif,-3.158536809126668,0.0
test,mb-mp-e-form-092258,data/cifs/mb-mp-e-form-092258.cif,-2.219181533282968,0.0
test,mb-mp-e-form-129596,data/cifs/mb-mp-e-form-129596.cif,-3.4837891316666663,0.0
test,mb-mp-e-form-105787,data/cifs/mb-mp-e-form-105787.cif,-2.543767034270834,0.0
test,mb-mp-e-form-094061,data/cifs/mb-mp-e-form-094061.cif,-2.253637468074713,0.0
test,mb-mp-e-form-002213,data/cifs/mb-mp-e-form-002213.cif,0.9236629200000002,0.0
test,mb-mp-e-form-105329,data/cifs/mb-mp-e-form-105329.cif,-2.509433571261905,0.0
test,mb-mp-e-form-027068,data/cifs/mb-mp-e-form-027068.cif,-0.3275175737500002,0.0
test,mb-mp-e-form-088550,data/cifs/mb-mp-e-form-088550.cif,-2.107007853936666,0.0
test,mb-mp-e-form-048588,data/cifs/mb-mp-e-form-048588.cif,-0.7364585594791669,0.0
test,mb-mp-e-form-013642,data/cifs/mb-mp-e-form-013642.cif,-0.0110921493457944,0.0
test,mb-mp-e-form-025019,data/cifs/mb-mp-e-form-025019.cif,-0.2922481907692308,0.0
test,mb-mp-e-form-094571,data/cifs/mb-mp-e-form-094571.cif,-2.279091492916668,0.0
test,mb-mp-e-form-011290,data/cifs/mb-mp-e-form-011290.cif,0.0322083849999996,0.0
test,mb-mp-e-form-123349,data/cifs/mb-mp-e-form-123349.cif,-3.03330954803,0.0
test,mb-mp-e-form-081704,data/cifs/mb-mp-e-form-081704.cif,-1.900062514947272,0.0
test,mb-mp-e-form-112480,data/cifs/mb-mp-e-form-112480.cif,-2.666714437391428,0.0
test,mb-mp-e-form-129350,data/cifs/mb-mp-e-form-129350.cif,-3.484489611564516,0.0
test,mb-mp-e-form-002190,data/cifs/mb-mp-e-form-002190.cif,0.9618426024999996,0.0
test,mb-mp-e-form-056697,data/cifs/mb-mp-e-form-056697.cif,-0.972568053472906,0.0
test,mb-mp-e-form-103134,data/cifs/mb-mp-e-form-103134.cif,-2.482316723750001,0.0
test,mb-mp-e-form-100998,data/cifs/mb-mp-e-form-100998.cif,-2.4299481002205887,0.0
test,mb-mp-e-form-016222,data/cifs/mb-mp-e-form-016222.cif,-0.0835844614062502,0.0
test,mb-mp-e-form-051056,data/cifs/mb-mp-e-form-051056.cif,-0.8349912449999998,0.0
test,mb-mp-e-form-112463,data/cifs/mb-mp-e-form-112463.cif,-2.6715434637254334,0.0
test,mb-mp-e-form-015801,data/cifs/mb-mp-e-form-015801.cif,-0.0768870875000002,0.0
test,mb-mp-e-form-010378,data/cifs/mb-mp-e-form-010378.cif,0.0353379199999999,0.0
test,mb-mp-e-form-045886,data/cifs/mb-mp-e-form-045886.cif,-0.6705051756250002,0.0
test,mb-mp-e-form-111094,data/cifs/mb-mp-e-form-111094.cif,-2.655814160343636,0.0
test,mb-mp-e-form-000698,data/cifs/mb-mp-e-form-000698.cif,1.883853039683333,0.0
test,mb-mp-e-form-013447,data/cifs/mb-mp-e-form-013447.cif,-0.0214889796428569,0.0
test,mb-mp-e-form-011358,data/cifs/mb-mp-e-form-011358.cif,0.0314780331249995,0.0
test,mb-mp-e-form-057331,data/cifs/mb-mp-e-form-057331.cif,-1.0167615838333337,0.0
test,mb-mp-e-form-077099,data/cifs/mb-mp-e-form-077099.cif,-1.7840103514224144,0.0
test,mb-mp-e-form-098339,data/cifs/mb-mp-e-form-098339.cif,-2.361691834022108,0.0
test,mb-mp-e-form-015819,data/cifs/mb-mp-e-form-015819.cif,-0.0646017074999996,0.0
test,mb-mp-e-form-047321,data/cifs/mb-mp-e-form-047321.cif,-0.715575870624999,0.0
test,mb-mp-e-form-059177,data/cifs/mb-mp-e-form-059177.cif,-1.0860688352708323,0.0
test,mb-mp-e-form-027743,data/cifs/mb-mp-e-form-027743.cif,-0.33192478,0.0
test,mb-mp-e-form-040453,data/cifs/mb-mp-e-form-040453.cif,-0.5654781900000003,0.0
test,mb-mp-e-form-086154,data/cifs/mb-mp-e-form-086154.cif,-2.038854448076875,0.0
test,mb-mp-e-form-092987,data/cifs/mb-mp-e-form-092987.cif,-2.240288167119473,0.0
test,mb-mp-e-form-125458,data/cifs/mb-mp-e-form-125458.cif,-3.154914357261112,0.0
test,mb-mp-e-form-015388,data/cifs/mb-mp-e-form-015388.cif,-0.0697716560000003,0.0
test,mb-mp-e-form-011982,data/cifs/mb-mp-e-form-011982.cif,0.005858860625,0.0
test,mb-mp-e-form-128075,data/cifs/mb-mp-e-form-128075.cif,-3.321891912083333,0.0
test,mb-mp-e-form-073954,data/cifs/mb-mp-e-form-073954.cif,-1.6997137598582988,0.0
test,mb-mp-e-form-122665,data/cifs/mb-mp-e-form-122665.cif,-2.9963941258171416,0.0
test,mb-mp-e-form-107804,data/cifs/mb-mp-e-form-107804.cif,-2.587676607222223,0.0
test,mb-mp-e-form-003831,data/cifs/mb-mp-e-form-003831.cif,0.5670952590000002,0.0
test,mb-mp-e-form-088836,data/cifs/mb-mp-e-form-088836.cif,-2.1220763422500006,0.0
test,mb-mp-e-form-093586,data/cifs/mb-mp-e-form-093586.cif,-2.233933115673,0.0
test,mb-mp-e-form-043862,data/cifs/mb-mp-e-form-043862.cif,-0.6214788578571433,0.0
test,mb-mp-e-form-041017,data/cifs/mb-mp-e-form-041017.cif,-0.5821701118183332,0.0
test,mb-mp-e-form-023764,data/cifs/mb-mp-e-form-023764.cif,-0.2545057458333334,0.0
test,mb-mp-e-form-113556,data/cifs/mb-mp-e-form-113556.cif,-2.7059804125,0.0
test,mb-mp-e-form-050262,data/cifs/mb-mp-e-form-050262.cif,-0.8049510308333341,0.0
test,mb-mp-e-form-063872,data/cifs/mb-mp-e-form-063872.cif,-1.304138174047619,0.0
test,mb-mp-e-form-113458,data/cifs/mb-mp-e-form-113458.cif,-2.694482066875,0.0
test,mb-mp-e-form-117673,data/cifs/mb-mp-e-form-117673.cif,-2.82329319996,0.0
test,mb-mp-e-form-120507,data/cifs/mb-mp-e-form-120507.cif,-2.916852544366883,0.0
test,mb-mp-e-form-059932,data/cifs/mb-mp-e-form-059932.cif,-1.1303649369999988,0.0
test,mb-mp-e-form-115695,data/cifs/mb-mp-e-form-115695.cif,-2.7693379223529413,0.0
test,mb-mp-e-form-036505,data/cifs/mb-mp-e-form-036505.cif,-0.4835973866666663,0.0
test,mb-mp-e-form-100361,data/cifs/mb-mp-e-form-100361.cif,-2.410759078121853,0.0
test,mb-mp-e-form-036520,data/cifs/mb-mp-e-form-036520.cif,-0.4885461709500003,0.0
test,mb-mp-e-form-055096,data/cifs/mb-mp-e-form-055096.cif,-0.9522497067499998,0.0
test,mb-mp-e-form-038680,data/cifs/mb-mp-e-form-038680.cif,-0.517937356038961,0.0
test,mb-mp-e-form-031959,data/cifs/mb-mp-e-form-031959.cif,-0.4243202696666671,0.0
test,mb-mp-e-form-121178,data/cifs/mb-mp-e-form-121178.cif,-2.9638394266670214,0.0
test,mb-mp-e-form-022364,data/cifs/mb-mp-e-form-022364.cif,-0.2468497013888893,0.0
test,mb-mp-e-form-010462,data/cifs/mb-mp-e-form-010462.cif,0.0361743424999998,0.0
test,mb-mp-e-form-066590,data/cifs/mb-mp-e-form-066590.cif,-1.3959992802240002,0.0
test,mb-mp-e-form-043122,data/cifs/mb-mp-e-form-043122.cif,-0.625405970493529,0.0
test,mb-mp-e-form-093174,data/cifs/mb-mp-e-form-093174.cif,-2.232470307948,0.0
test,mb-mp-e-form-010828,data/cifs/mb-mp-e-form-010828.cif,0.0392535550000001,0.0
test,mb-mp-e-form-013740,data/cifs/mb-mp-e-form-013740.cif,-0.0199721656249991,0.0
test,mb-mp-e-form-003716,data/cifs/mb-mp-e-form-003716.cif,0.5821863138014294,0.0
test,mb-mp-e-form-033707,data/cifs/mb-mp-e-form-033707.cif,-0.4321531731146159,0.0
test,mb-mp-e-form-034890,data/cifs/mb-mp-e-form-034890.cif,-0.4585418857589278,0.0
test,mb-mp-e-form-067737,data/cifs/mb-mp-e-form-067737.cif,-1.4408757346575,0.0
test,mb-mp-e-form-083573,data/cifs/mb-mp-e-form-083573.cif,-1.9518008631649988,0.0
test,mb-mp-e-form-062915,data/cifs/mb-mp-e-form-062915.cif,-1.2695219393181816,0.0
test,mb-mp-e-form-109497,data/cifs/mb-mp-e-form-109497.cif,-2.6159115276116065,0.0
test,mb-mp-e-form-108535,data/cifs/mb-mp-e-form-108535.cif,-2.589716668372566,0.0
test,mb-mp-e-form-043642,data/cifs/mb-mp-e-form-043642.cif,-0.6223534271428578,0.0
test,mb-mp-e-form-108149,data/cifs/mb-mp-e-form-108149.cif,-2.5738906442824065,0.0
test,mb-mp-e-form-039231,data/cifs/mb-mp-e-form-039231.cif,-0.5364608330555554,0.0
test,mb-mp-e-form-013933,data/cifs/mb-mp-e-form-013933.cif,-0.0482786668749999,0.0
test,mb-mp-e-form-027520,data/cifs/mb-mp-e-form-027520.cif,-0.3265104826315789,0.0
test,mb-mp-e-form-056167,data/cifs/mb-mp-e-form-056167.cif,-0.9735499799305556,0.0
test,mb-mp-e-form-127361,data/cifs/mb-mp-e-form-127361.cif,-3.282798522381818,0.0
test,mb-mp-e-form-072108,data/cifs/mb-mp-e-form-072108.cif,-1.6396879539575997,0.0
test,mb-mp-e-form-124948,data/cifs/mb-mp-e-form-124948.cif,-3.133914238912338,0.0
test,mb-mp-e-form-062025,data/cifs/mb-mp-e-form-062025.cif,-1.2165351651302083,0.0
test,mb-mp-e-form-112256,data/cifs/mb-mp-e-form-112256.cif,-2.6861963208928565,0.0
test,mb-mp-e-form-088811,data/cifs/mb-mp-e-form-088811.cif,-2.141775804027777,0.0
test,mb-mp-e-form-044249,data/cifs/mb-mp-e-form-044249.cif,-0.6438751178947385,0.0
test,mb-mp-e-form-055283,data/cifs/mb-mp-e-form-055283.cif,-0.9491268543049572,0.0
test,mb-mp-e-form-026245,data/cifs/mb-mp-e-form-026245.cif,-0.3148587229999997,0.0
test,mb-mp-e-form-061217,data/cifs/mb-mp-e-form-061217.cif,-1.175312996815477,0.0
test,mb-mp-e-form-122571,data/cifs/mb-mp-e-form-122571.cif,-3.01720794631,0.0
test,mb-mp-e-form-013819,data/cifs/mb-mp-e-form-013819.cif,-0.0112706582842849,0.0
test,mb-mp-e-form-039603,data/cifs/mb-mp-e-form-039603.cif,-0.553961647333334,0.0
test,mb-mp-e-form-128428,data/cifs/mb-mp-e-form-128428.cif,-3.334864526309524,0.0
test,mb-mp-e-form-077294,data/cifs/mb-mp-e-form-077294.cif,-1.8071034778725,0.0
test,mb-mp-e-form-046592,data/cifs/mb-mp-e-form-046592.cif,-0.6975251776631946,0.0
test,mb-mp-e-form-034113,data/cifs/mb-mp-e-form-034113.cif,-0.4484597399999996,0.0
test,mb-mp-e-form-112452,data/cifs/mb-mp-e-form-112452.cif,-2.678172489991497,0.0
test,mb-mp-e-form-007643,data/cifs/mb-mp-e-form-007643.cif,0.1461880418749999,0.0
test,mb-mp-e-form-016893,data/cifs/mb-mp-e-form-016893.cif,-0.0930014874999995,0.0
test,mb-mp-e-form-036202,data/cifs/mb-mp-e-form-036202.cif,-0.4862857393750008,0.0
test,mb-mp-e-form-040788,data/cifs/mb-mp-e-form-040788.cif,-0.5667626662499998,0.0
test,mb-mp-e-form-018162,data/cifs/mb-mp-e-form-018162.cif,-0.1550051275862074,0.0
test,mb-mp-e-form-094876,data/cifs/mb-mp-e-form-094876.cif,-2.289250871736112,0.0
test,mb-mp-e-form-021463,data/cifs/mb-mp-e-form-021463.cif,-0.2182891983333341,0.0
test,mb-mp-e-form-025874,data/cifs/mb-mp-e-form-025874.cif,-0.2883088037499997,0.0
test,mb-mp-e-form-017176,data/cifs/mb-mp-e-form-017176.cif,-0.1106432167500003,0.0
test,mb-mp-e-form-024317,data/cifs/mb-mp-e-form-024317.cif,-0.2731256819999984,0.0
test,mb-mp-e-form-038065,data/cifs/mb-mp-e-form-038065.cif,-0.5254136141666077,0.0
test,mb-mp-e-form-122809,data/cifs/mb-mp-e-form-122809.cif,-3.0648043537499987,0.0
test,mb-mp-e-form-077399,data/cifs/mb-mp-e-form-077399.cif,-1.7900053635714284,0.0
test,mb-mp-e-form-059076,data/cifs/mb-mp-e-form-059076.cif,-1.0959009134999995,0.0
test,mb-mp-e-form-022696,data/cifs/mb-mp-e-form-022696.cif,-0.2357872683333326,0.0
test,mb-mp-e-form-089138,data/cifs/mb-mp-e-form-089138.cif,-2.12126171364926,0.0
test,mb-mp-e-form-005135,data/cifs/mb-mp-e-form-005135.cif,0.2834656757031248,0.0
test,mb-mp-e-form-059995,data/cifs/mb-mp-e-form-059995.cif,-1.12951817824138,0.0
test,mb-mp-e-form-042666,data/cifs/mb-mp-e-form-042666.cif,-0.6068962719999987,0.0
test,mb-mp-e-form-059745,data/cifs/mb-mp-e-form-059745.cif,-1.0960549005544438,0.0
test,mb-mp-e-form-095902,data/cifs/mb-mp-e-form-095902.cif,-2.321036579854921,0.0
test,mb-mp-e-form-047699,data/cifs/mb-mp-e-form-047699.cif,-0.7086225322082226,0.0
test,mb-mp-e-form-100444,data/cifs/mb-mp-e-form-100444.cif,-2.418018512172501,0.0
test,mb-mp-e-form-122922,data/cifs/mb-mp-e-form-122922.cif,-3.0315411896425,0.0
test,mb-mp-e-form-112806,data/cifs/mb-mp-e-form-112806.cif,-2.7186126985272985,0.0
test,mb-mp-e-form-122918,data/cifs/mb-mp-e-form-122918.cif,-3.037855442541087,0.0
test,mb-mp-e-form-107503,data/cifs/mb-mp-e-form-107503.cif,-2.568003934728978,0.0
test,mb-mp-e-form-108147,data/cifs/mb-mp-e-form-108147.cif,-2.587551325142752,0.0
test,mb-mp-e-form-085007,data/cifs/mb-mp-e-form-085007.cif,-2.0182142960937504,0.0
test,mb-mp-e-form-038612,data/cifs/mb-mp-e-form-038612.cif,-0.5210293884374999,0.0
test,mb-mp-e-form-096095,data/cifs/mb-mp-e-form-096095.cif,-2.327978372234196,0.0
test,mb-mp-e-form-020352,data/cifs/mb-mp-e-form-020352.cif,-0.1969719699999987,0.0
test,mb-mp-e-form-065841,data/cifs/mb-mp-e-form-065841.cif,-1.3641630728571426,0.0
test,mb-mp-e-form-049134,data/cifs/mb-mp-e-form-049134.cif,-0.766139303958334,0.0
test,mb-mp-e-form-122833,data/cifs/mb-mp-e-form-122833.cif,-3.0527693478571414,0.0
test,mb-mp-e-form-071250,data/cifs/mb-mp-e-form-071250.cif,-1.5884858774375004,0.0
test,mb-mp-e-form-006663,data/cifs/mb-mp-e-form-006663.cif,0.1982408632031251,0.0
test,mb-mp-e-form-077529,data/cifs/mb-mp-e-form-077529.cif,-1.8005728906548912,0.0
test,mb-mp-e-form-040340,data/cifs/mb-mp-e-form-040340.cif,-0.5672408088541658,0.0
test,mb-mp-e-form-054459,data/cifs/mb-mp-e-form-054459.cif,-0.9082295080977616,0.0
test,mb-mp-e-form-039812,data/cifs/mb-mp-e-form-039812.cif,-0.5531421200000004,0.0
test,mb-mp-e-form-092562,data/cifs/mb-mp-e-form-092562.cif,-2.2083279239583327,0.0
test,mb-mp-e-form-003290,data/cifs/mb-mp-e-form-003290.cif,0.5869024403449998,0.0
test,mb-mp-e-form-048029,data/cifs/mb-mp-e-form-048029.cif,-0.7437204947727271,0.0
test,mb-mp-e-form-104680,data/cifs/mb-mp-e-form-104680.cif,-2.492209480625,0.0
test,mb-mp-e-form-123307,data/cifs/mb-mp-e-form-123307.cif,-3.042646912237778,0.0
test,mb-mp-e-form-077276,data/cifs/mb-mp-e-form-077276.cif,-1.7858801923988972,0.0
test,mb-mp-e-form-106952,data/cifs/mb-mp-e-form-106952.cif,-2.550937014588294,0.0
test,mb-mp-e-form-023664,data/cifs/mb-mp-e-form-023664.cif,-0.2595565056107951,0.0
test,mb-mp-e-form-035544,data/cifs/mb-mp-e-form-035544.cif,-0.4666960441666665,0.0
test,mb-mp-e-form-056671,data/cifs/mb-mp-e-form-056671.cif,-0.9848413146875004,0.0
test,mb-mp-e-form-048600,data/cifs/mb-mp-e-form-048600.cif,-0.7419568043750004,0.0
test,mb-mp-e-form-038253,data/cifs/mb-mp-e-form-038253.cif,-0.5291533566840287,0.0
test,mb-mp-e-form-088615,data/cifs/mb-mp-e-form-088615.cif,-2.1007483025,0.0
test,mb-mp-e-form-111898,data/cifs/mb-mp-e-form-111898.cif,-2.684831004788713,0.0
test,mb-mp-e-form-025104,data/cifs/mb-mp-e-form-025104.cif,-0.2993762537499997,0.0
test,mb-mp-e-form-059262,data/cifs/mb-mp-e-form-059262.cif,-1.0858201814589474,0.0
test,mb-mp-e-form-032100,data/cifs/mb-mp-e-form-032100.cif,-0.4207051449999994,0.0
test,mb-mp-e-form-099910,data/cifs/mb-mp-e-form-099910.cif,-2.422350539591837,0.0
test,mb-mp-e-form-125723,data/cifs/mb-mp-e-form-125723.cif,-3.1390357860833324,0.0
test,mb-mp-e-form-100091,data/cifs/mb-mp-e-form-100091.cif,-2.4217774423,0.0
test,mb-mp-e-form-120810,data/cifs/mb-mp-e-form-120810.cif,-2.95578249234375,0.0
test,mb-mp-e-form-052918,data/cifs/mb-mp-e-form-052918.cif,-0.8905377684722227,0.0
test,mb-mp-e-form-131484,data/cifs/mb-mp-e-form-131484.cif,-3.6345312963157896,0.0
test,mb-mp-e-form-032684,data/cifs/mb-mp-e-form-032684.cif,-0.4198816450000002,0.0
test,mb-mp-e-form-080611,data/cifs/mb-mp-e-form-080611.cif,-1.876244200655632,0.0
test,mb-mp-e-form-048967,data/cifs/mb-mp-e-form-048967.cif,-0.7676562675000002,0.0
test,mb-mp-e-form-076394,data/cifs/mb-mp-e-form-076394.cif,-1.7789299661533338,0.0
test,mb-mp-e-form-118228,data/cifs/mb-mp-e-form-118228.cif,-2.856223808229167,0.0
test,mb-mp-e-form-007495,data/cifs/mb-mp-e-form-007495.cif,0.1576426537499999,0.0
test,mb-mp-e-form-063672,data/cifs/mb-mp-e-form-063672.cif,-1.2761761966935483,0.0
test,mb-mp-e-form-002982,data/cifs/mb-mp-e-form-002982.cif,0.6575934423883929,0.0
test,mb-mp-e-form-037886,data/cifs/mb-mp-e-form-037886.cif,-0.5099962887499991,0.0
test,mb-mp-e-form-032483,data/cifs/mb-mp-e-form-032483.cif,-0.4192474291666658,0.0
test,mb-mp-e-form-068676,data/cifs/mb-mp-e-form-068676.cif,-1.4694988637899835,0.0
test,mb-mp-e-form-116990,data/cifs/mb-mp-e-form-116990.cif,-2.8186325487140005,0.0
test,mb-mp-e-form-013269,data/cifs/mb-mp-e-form-013269.cif,-0.0152618849999996,0.0
test,mb-mp-e-form-017267,data/cifs/mb-mp-e-form-017267.cif,-0.1172728391274997,0.0
test,mb-mp-e-form-012709,data/cifs/mb-mp-e-form-012709.cif,0.0049237406666691,0.0
test,mb-mp-e-form-122297,data/cifs/mb-mp-e-form-122297.cif,-2.99145945475,0.0
test,mb-mp-e-form-055402,data/cifs/mb-mp-e-form-055402.cif,-0.9394377669999998,0.0
test,mb-mp-e-form-127603,data/cifs/mb-mp-e-form-127603.cif,-3.2569110319166668,0.0
test,mb-mp-e-form-062150,data/cifs/mb-mp-e-form-062150.cif,-1.2326321036,0.0
test,mb-mp-e-form-017800,data/cifs/mb-mp-e-form-017800.cif,-0.1134633774999998,0.0
test,mb-mp-e-form-119674,data/cifs/mb-mp-e-form-119674.cif,-2.894315976293334,0.0
test,mb-mp-e-form-122613,data/cifs/mb-mp-e-form-122613.cif,-3.007791073050194,0.0
test,mb-mp-e-form-107232,data/cifs/mb-mp-e-form-107232.cif,-2.5630143230252105,0.0
test,mb-mp-e-form-116803,data/cifs/mb-mp-e-form-116803.cif,-2.844262063203125,0.0
test,mb-mp-e-form-009943,data/cifs/mb-mp-e-form-009943.cif,0.0404547525800017,0.0
test,mb-mp-e-form-065179,data/cifs/mb-mp-e-form-065179.cif,-1.3412455048473335,0.0
test,mb-mp-e-form-078463,data/cifs/mb-mp-e-form-078463.cif,-1.827479920721758,0.0
test,mb-mp-e-form-034854,data/cifs/mb-mp-e-form-034854.cif,-0.4565258700000001,0.0
test,mb-mp-e-form-019909,data/cifs/mb-mp-e-form-019909.cif,-0.2055107359615391,0.0
test,mb-mp-e-form-110875,data/cifs/mb-mp-e-form-110875.cif,-2.6443830036904763,0.0
test,mb-mp-e-form-128753,data/cifs/mb-mp-e-form-128753.cif,-3.411796730526316,0.0
test,mb-mp-e-form-083374,data/cifs/mb-mp-e-form-083374.cif,-1.9526814867934783,0.0
test,mb-mp-e-form-096790,data/cifs/mb-mp-e-form-096790.cif,-2.339177660156251,0.0
test,mb-mp-e-form-026320,data/cifs/mb-mp-e-form-026320.cif,-0.3132931115789469,0.0
test,mb-mp-e-form-069567,data/cifs/mb-mp-e-form-069567.cif,-1.5135861960714283,0.0
test,mb-mp-e-form-051532,data/cifs/mb-mp-e-form-051532.cif,-0.813589029083334,0.0
test,mb-mp-e-form-094733,data/cifs/mb-mp-e-form-094733.cif,-2.2707765809520004,0.0
test,mb-mp-e-form-058450,data/cifs/mb-mp-e-form-058450.cif,-1.0658284011426666,0.0
test,mb-mp-e-form-108427,data/cifs/mb-mp-e-form-108427.cif,-2.573403154251428,0.0
test,mb-mp-e-form-128403,data/cifs/mb-mp-e-form-128403.cif,-3.3047514755014284,0.0
test,mb-mp-e-form-001620,data/cifs/mb-mp-e-form-001620.cif,1.0522546495454548,0.0
test,mb-mp-e-form-079631,data/cifs/mb-mp-e-form-079631.cif,-1.838881160357144,0.0
test,mb-mp-e-form-127135,data/cifs/mb-mp-e-form-127135.cif,-3.29519623323052,0.0
test,mb-mp-e-form-104693,data/cifs/mb-mp-e-form-104693.cif,-2.499901047435064,0.0
test,mb-mp-e-form-020824,data/cifs/mb-mp-e-form-020824.cif,-0.1950489318749984,0.0
test,mb-mp-e-form-076802,data/cifs/mb-mp-e-form-076802.cif,-1.7771123435714296,0.0
test,mb-mp-e-form-023191,data/cifs/mb-mp-e-form-023191.cif,-0.2641491691417278,0.0
test,mb-mp-e-form-014702,data/cifs/mb-mp-e-form-014702.cif,-0.0467949926923076,0.0
test,mb-mp-e-form-053590,data/cifs/mb-mp-e-form-053590.cif,-0.8845394354999996,0.0
test,mb-mp-e-form-118427,data/cifs/mb-mp-e-form-118427.cif,-2.872001319781746,0.0
test,mb-mp-e-form-015213,data/cifs/mb-mp-e-form-015213.cif,-0.0688205687500005,0.0
test,mb-mp-e-form-060629,data/cifs/mb-mp-e-form-060629.cif,-1.120603701130556,0.0
test,mb-mp-e-form-039449,data/cifs/mb-mp-e-form-039449.cif,-0.555602800666666,0.0
test,mb-mp-e-form-099028,data/cifs/mb-mp-e-form-099028.cif,-2.39889434175,0.0
test,mb-mp-e-form-051485,data/cifs/mb-mp-e-form-051485.cif,-0.8197636506666669,0.0
test,mb-mp-e-form-039163,data/cifs/mb-mp-e-form-039163.cif,-0.5499612274074066,0.0
test,mb-mp-e-form-003688,data/cifs/mb-mp-e-form-003688.cif,0.5061059263099992,0.0
test,mb-mp-e-form-011322,data/cifs/mb-mp-e-form-011322.cif,0.0324554175000004,0.0
test,mb-mp-e-form-108226,data/cifs/mb-mp-e-form-108226.cif,-2.5856129343750007,0.0
test,mb-mp-e-form-048859,data/cifs/mb-mp-e-form-048859.cif,-0.7305747866666662,0.0
test,mb-mp-e-form-017441,data/cifs/mb-mp-e-form-017441.cif,-0.1171149865555555,0.0
test,mb-mp-e-form-129097,data/cifs/mb-mp-e-form-129097.cif,-3.4195804816730004,0.0
test,mb-mp-e-form-043677,data/cifs/mb-mp-e-form-043677.cif,-0.6320558401960781,0.0
test,mb-mp-e-form-090719,data/cifs/mb-mp-e-form-090719.cif,-2.1600269881250003,0.0
test,mb-mp-e-form-002185,data/cifs/mb-mp-e-form-002185.cif,0.9213466887500004,0.0
test,mb-mp-e-form-045845,data/cifs/mb-mp-e-form-045845.cif,-0.6661266116666669,0.0
test,mb-mp-e-form-029994,data/cifs/mb-mp-e-form-029994.cif,-0.3824815776190474,0.0
test,mb-mp-e-form-002333,data/cifs/mb-mp-e-form-002333.cif,0.8325002478028324,0.0
test,mb-mp-e-form-122062,data/cifs/mb-mp-e-form-122062.cif,-3.001435807788462,0.0
test,mb-mp-e-form-004086,data/cifs/mb-mp-e-form-004086.cif,0.3700778766666666,0.0
test,mb-mp-e-form-080475,data/cifs/mb-mp-e-form-080475.cif,-1.8712723923944807,0.0
test,mb-mp-e-form-087531,data/cifs/mb-mp-e-form-087531.cif,-2.074231549714,0.0
test,mb-mp-e-form-029441,data/cifs/mb-mp-e-form-029441.cif,-0.3623240566666658,0.0
test,mb-mp-e-form-096612,data/cifs/mb-mp-e-form-096612.cif,-2.3140119742857146,0.0
test,mb-mp-e-form-057479,data/cifs/mb-mp-e-form-057479.cif,-1.0369858320003005,0.0
test,mb-mp-e-form-050498,data/cifs/mb-mp-e-form-050498.cif,-0.7988907380000001,0.0
test,mb-mp-e-form-063149,data/cifs/mb-mp-e-form-063149.cif,-1.2514476698875,0.0
test,mb-mp-e-form-023426,data/cifs/mb-mp-e-form-023426.cif,-0.2577427150000005,0.0
test,mb-mp-e-form-097659,data/cifs/mb-mp-e-form-097659.cif,-2.351774728746123,0.0
test,mb-mp-e-form-081705,data/cifs/mb-mp-e-form-081705.cif,-1.8877561988157907,0.0
test,mb-mp-e-form-068608,data/cifs/mb-mp-e-form-068608.cif,-1.4621675549847233,0.0
test,mb-mp-e-form-029580,data/cifs/mb-mp-e-form-029580.cif,-0.3588092822727265,0.0
test,mb-mp-e-form-124876,data/cifs/mb-mp-e-form-124876.cif,-3.150184937625002,0.0
test,mb-mp-e-form-021318,data/cifs/mb-mp-e-form-021318.cif,-0.2258026507692299,0.0
test,mb-mp-e-form-083250,data/cifs/mb-mp-e-form-083250.cif,-1.963738377857143,0.0
test,mb-mp-e-form-089933,data/cifs/mb-mp-e-form-089933.cif,-2.166136095024965,0.0
test,mb-mp-e-form-111375,data/cifs/mb-mp-e-form-111375.cif,-2.661916294996408,0.0
test,mb-mp-e-form-089452,data/cifs/mb-mp-e-form-089452.cif,-2.1316518732305187,0.0
test,mb-mp-e-form-035984,data/cifs/mb-mp-e-form-035984.cif,-0.4819220176666647,0.0
test,mb-mp-e-form-123758,data/cifs/mb-mp-e-form-123758.cif,-3.0921405110714297,0.0
test,mb-mp-e-form-120655,data/cifs/mb-mp-e-form-120655.cif,-2.92225494996,0.0
test,mb-mp-e-form-058107,data/cifs/mb-mp-e-form-058107.cif,-1.074736666476,0.0
test,mb-mp-e-form-107349,data/cifs/mb-mp-e-form-107349.cif,-2.556725930357143,0.0
test,mb-mp-e-form-030917,data/cifs/mb-mp-e-form-030917.cif,-0.4049008899999998,0.0
test,mb-mp-e-form-064518,data/cifs/mb-mp-e-form-064518.cif,-1.3312689912413795,0.0
test,mb-mp-e-form-039827,data/cifs/mb-mp-e-form-039827.cif,-0.5494067999999999,0.0
test,mb-mp-e-form-053894,data/cifs/mb-mp-e-form-053894.cif,-0.9047215950000008,0.0
test,mb-mp-e-form-066471,data/cifs/mb-mp-e-form-066471.cif,-1.3953840724399995,0.0
test,mb-mp-e-form-126428,data/cifs/mb-mp-e-form-126428.cif,-3.235302104042609,0.0
test,mb-mp-e-form-016039,data/cifs/mb-mp-e-form-016039.cif,-0.0952450333459277,0.0
test,mb-mp-e-form-042326,data/cifs/mb-mp-e-form-042326.cif,-0.5983727141666666,0.0
test,mb-mp-e-form-079783,data/cifs/mb-mp-e-form-079783.cif,-1.853851965917256,0.0
test,mb-mp-e-form-115294,data/cifs/mb-mp-e-form-115294.cif,-2.7573141014062497,0.0
test,mb-mp-e-form-025660,data/cifs/mb-mp-e-form-025660.cif,-0.2959887879166665,0.0
test,mb-mp-e-form-023860,data/cifs/mb-mp-e-form-023860.cif,-0.2583590162499991,0.0
test,mb-mp-e-form-025118,data/cifs/mb-mp-e-form-025118.cif,-0.3010260375000002,0.0
test,mb-mp-e-form-003557,data/cifs/mb-mp-e-form-003557.cif,0.5377450403333327,0.0
test,mb-mp-e-form-018824,data/cifs/mb-mp-e-form-018824.cif,-0.1499343046874995,0.0
test,mb-mp-e-form-080166,data/cifs/mb-mp-e-form-080166.cif,-1.8582940819349991,0.0
test,mb-mp-e-form-115560,data/cifs/mb-mp-e-form-115560.cif,-2.7822023987500017,0.0
test,mb-mp-e-form-049309,data/cifs/mb-mp-e-form-049309.cif,-0.7639650412931549,0.0
test,mb-mp-e-form-112177,data/cifs/mb-mp-e-form-112177.cif,-2.6664809431372203,0.0
test,mb-mp-e-form-098030,data/cifs/mb-mp-e-form-098030.cif,-2.3769547901562493,0.0
test,mb-mp-e-form-070039,data/cifs/mb-mp-e-form-070039.cif,-1.556305339268572,0.0
test,mb-mp-e-form-128767,data/cifs/mb-mp-e-form-128767.cif,-3.391631292857141,0.0
test,mb-mp-e-form-051653,data/cifs/mb-mp-e-form-051653.cif,-0.8302878635763891,0.0
test,mb-mp-e-form-043043,data/cifs/mb-mp-e-form-043043.cif,-0.6316964580519482,0.0
test,mb-mp-e-form-077236,data/cifs/mb-mp-e-form-077236.cif,-1.811609170681819,0.0
test,mb-mp-e-form-033321,data/cifs/mb-mp-e-form-033321.cif,-0.439648318333333,0.0
test,mb-mp-e-form-093541,data/cifs/mb-mp-e-form-093541.cif,-2.229025465336537,0.0
test,mb-mp-e-form-032285,data/cifs/mb-mp-e-form-032285.cif,-0.4113093347499997,0.0
test,mb-mp-e-form-101568,data/cifs/mb-mp-e-form-101568.cif,-2.4319763300918,0.0
test,mb-mp-e-form-015387,data/cifs/mb-mp-e-form-015387.cif,-0.0747538924999995,0.0
test,mb-mp-e-form-009351,data/cifs/mb-mp-e-form-009351.cif,0.0841109656250003,0.0
test,mb-mp-e-form-000292,data/cifs/mb-mp-e-form-000292.cif,2.0472253100000004,0.0
test,mb-mp-e-form-059529,data/cifs/mb-mp-e-form-059529.cif,-1.1019058537499995,0.0
test,mb-mp-e-form-033725,data/cifs/mb-mp-e-form-033725.cif,-0.4297398413444442,0.0
test,mb-mp-e-form-076858,data/cifs/mb-mp-e-form-076858.cif,-1.7995480385576916,0.0
test,mb-mp-e-form-101622,data/cifs/mb-mp-e-form-101622.cif,-2.426912458032456,0.0
test,mb-mp-e-form-015592,data/cifs/mb-mp-e-form-015592.cif,-0.071977013333333,0.0
test,mb-mp-e-form-091005,data/cifs/mb-mp-e-form-091005.cif,-2.176383604766607,0.0
test,mb-mp-e-form-025674,data/cifs/mb-mp-e-form-025674.cif,-0.2876642233333329,0.0
test,mb-mp-e-form-115404,data/cifs/mb-mp-e-form-115404.cif,-2.77201678625,0.0
test,mb-mp-e-form-012020,data/cifs/mb-mp-e-form-012020.cif,0.0035619253125001,0.0
test,mb-mp-e-form-035356,data/cifs/mb-mp-e-form-035356.cif,-0.4716201418018023,0.0
test,mb-mp-e-form-073751,data/cifs/mb-mp-e-form-073751.cif,-1.6560541446354995,0.0
test,mb-mp-e-form-065533,data/cifs/mb-mp-e-form-065533.cif,-1.3702767707046162,0.0
test,mb-mp-e-form-128604,data/cifs/mb-mp-e-form-128604.cif,-3.3174873145312507,0.0
test,mb-mp-e-form-030512,data/cifs/mb-mp-e-form-030512.cif,-0.3840713875362308,0.0
test,mb-mp-e-form-123637,data/cifs/mb-mp-e-form-123637.cif,-3.037771677346666,0.0
test,mb-mp-e-form-111072,data/cifs/mb-mp-e-form-111072.cif,-2.6619560375833347,0.0
test,mb-mp-e-form-090164,data/cifs/mb-mp-e-form-090164.cif,-2.167708540937501,0.0
test,mb-mp-e-form-014185,data/cifs/mb-mp-e-form-014185.cif,-0.0337812140768747,0.0
test,mb-mp-e-form-075487,data/cifs/mb-mp-e-form-075487.cif,-1.744098987448607,0.0
test,mb-mp-e-form-015664,data/cifs/mb-mp-e-form-015664.cif,-0.0765393394957983,0.0
test,mb-mp-e-form-049895,data/cifs/mb-mp-e-form-049895.cif,-0.7952825949999998,0.0
test,mb-mp-e-form-113168,data/cifs/mb-mp-e-form-113168.cif,-2.6971479475000004,0.0
test,mb-mp-e-form-034468,data/cifs/mb-mp-e-form-034468.cif,-0.4492413092857136,0.0
test,mb-mp-e-form-131028,data/cifs/mb-mp-e-form-131028.cif,-3.625862732750001,0.0
test,mb-mp-e-form-092576,data/cifs/mb-mp-e-form-092576.cif,-2.2015746459340666,0.0
test,mb-mp-e-form-097821,data/cifs/mb-mp-e-form-097821.cif,-2.3584164040480013,0.0
test,mb-mp-e-form-038528,data/cifs/mb-mp-e-form-038528.cif,-0.5248397341266658,0.0
test,mb-mp-e-form-074261,data/cifs/mb-mp-e-form-074261.cif,-1.7092656958679464,0.0
test,mb-mp-e-form-094200,data/cifs/mb-mp-e-form-094200.cif,-2.257627272964,0.0
test,mb-mp-e-form-088463,data/cifs/mb-mp-e-form-088463.cif,-2.116809906195,0.0
test,mb-mp-e-form-102197,data/cifs/mb-mp-e-form-102197.cif,-2.4580491604761896,0.0
test,mb-mp-e-form-063531,data/cifs/mb-mp-e-form-063531.cif,-1.2744490604836367,0.0
test,mb-mp-e-form-130686,data/cifs/mb-mp-e-form-130686.cif,-3.585565483170001,0.0
test,mb-mp-e-form-066526,data/cifs/mb-mp-e-form-066526.cif,-1.3838305898303127,0.0
test,mb-mp-e-form-027592,data/cifs/mb-mp-e-form-027592.cif,-0.3241970308333333,0.0
test,mb-mp-e-form-061978,data/cifs/mb-mp-e-form-061978.cif,-1.2027850260999997,0.0
test,mb-mp-e-form-051858,data/cifs/mb-mp-e-form-051858.cif,-0.8158783208333323,0.0
test,mb-mp-e-form-039846,data/cifs/mb-mp-e-form-039846.cif,-0.5445429337499998,0.0
test,mb-mp-e-form-007560,data/cifs/mb-mp-e-form-007560.cif,0.1497124262500002,0.0
test,mb-mp-e-form-071465,data/cifs/mb-mp-e-form-071465.cif,-1.6043330558928568,0.0
test,mb-mp-e-form-054275,data/cifs/mb-mp-e-form-054275.cif,-0.9090418762500008,0.0
test,mb-mp-e-form-126251,data/cifs/mb-mp-e-form-126251.cif,-3.1966161263888875,0.0
test,mb-mp-e-form-086243,data/cifs/mb-mp-e-form-086243.cif,-2.0356545581640635,0.0
test,mb-mp-e-form-009054,data/cifs/mb-mp-e-form-009054.cif,0.0670211677083338,0.0
test,mb-mp-e-form-076806,data/cifs/mb-mp-e-form-076806.cif,-1.7625166806250006,0.0
test,mb-mp-e-form-015934,data/cifs/mb-mp-e-form-015934.cif,-0.0913804068749999,0.0
test,mb-mp-e-form-099011,data/cifs/mb-mp-e-form-099011.cif,-2.394013015371297,0.0
test,mb-mp-e-form-070634,data/cifs/mb-mp-e-form-070634.cif,-1.5389154685331805,0.0
test,mb-mp-e-form-111611,data/cifs/mb-mp-e-form-111611.cif,-2.6486597023694274,0.0
test,mb-mp-e-form-031452,data/cifs/mb-mp-e-form-031452.cif,-0.4012455141666666,0.0
test,mb-mp-e-form-112120,data/cifs/mb-mp-e-form-112120.cif,-2.681539996253461,0.0
test,mb-mp-e-form-028943,data/cifs/mb-mp-e-form-028943.cif,-0.3695866229999993,0.0
test,mb-mp-e-form-050497,data/cifs/mb-mp-e-form-050497.cif,-0.8009347973409527,0.0
test,mb-mp-e-form-123182,data/cifs/mb-mp-e-form-123182.cif,-3.049463151377552,0.0
test,mb-mp-e-form-101166,data/cifs/mb-mp-e-form-101166.cif,-2.4269979229251697,0.0
test,mb-mp-e-form-030052,data/cifs/mb-mp-e-form-030052.cif,-0.3855162223148143,0.0
test,mb-mp-e-form-020267,data/cifs/mb-mp-e-form-020267.cif,-0.1905179291015626,0.0
test,mb-mp-e-form-120940,data/cifs/mb-mp-e-form-120940.cif,-2.9708912454375,0.0
test,mb-mp-e-form-013541,data/cifs/mb-mp-e-form-013541.cif,-0.0133728700000001,0.0
test,mb-mp-e-form-119270,data/cifs/mb-mp-e-form-119270.cif,-2.8923674009274327,0.0
test,mb-mp-e-form-083104,data/cifs/mb-mp-e-form-083104.cif,-1.951290235875001,0.0
test,mb-mp-e-form-014469,data/cifs/mb-mp-e-form-014469.cif,-0.0396894897708335,0.0
test,mb-mp-e-form-105999,data/cifs/mb-mp-e-form-105999.cif,-2.533563575595,0.0
test,mb-mp-e-form-010318,data/cifs/mb-mp-e-form-010318.cif,0.0558289158333327,0.0
test,mb-mp-e-form-063938,data/cifs/mb-mp-e-form-063938.cif,-1.3219343970833333,0.0
test,mb-mp-e-form-081304,data/cifs/mb-mp-e-form-081304.cif,-1.8863883776785728,0.0
test,mb-mp-e-form-030922,data/cifs/mb-mp-e-form-030922.cif,-0.4019619174999995,0.0
test,mb-mp-e-form-087244,data/cifs/mb-mp-e-form-087244.cif,-2.085237482430555,0.0
test,mb-mp-e-form-082506,data/cifs/mb-mp-e-form-082506.cif,-1.921775175178572,0.0
test,mb-mp-e-form-039900,data/cifs/mb-mp-e-form-039900.cif,-0.5707526499999993,0.0
test,mb-mp-e-form-105410,data/cifs/mb-mp-e-form-105410.cif,-2.5234863135000003,0.0
test,mb-mp-e-form-088009,data/cifs/mb-mp-e-form-088009.cif,-2.107862890297544,0.0
test,mb-mp-e-form-048433,data/cifs/mb-mp-e-form-048433.cif,-0.7403842981398812,0.0
test,mb-mp-e-form-019704,data/cifs/mb-mp-e-form-019704.cif,-0.1761519808124997,0.0
test,mb-mp-e-form-001798,data/cifs/mb-mp-e-form-001798.cif,1.1312871842857142,0.0
test,mb-mp-e-form-075375,data/cifs/mb-mp-e-form-075375.cif,-1.7439281615705482,0.0
test,mb-mp-e-form-104233,data/cifs/mb-mp-e-form-104233.cif,-2.498041896964286,0.0
test,mb-mp-e-form-027813,data/cifs/mb-mp-e-form-027813.cif,-0.330627808125,0.0
test,mb-mp-e-form-007175,data/cifs/mb-mp-e-form-007175.cif,0.1601934174999999,0.0
test,mb-mp-e-form-010006,data/cifs/mb-mp-e-form-010006.cif,0.0612230837499998,0.0
test,mb-mp-e-form-092565,data/cifs/mb-mp-e-form-092565.cif,-2.2109962702883337,0.0
test,mb-mp-e-form-084302,data/cifs/mb-mp-e-form-084302.cif,-1.987379099967533,0.0
test,mb-mp-e-form-060270,data/cifs/mb-mp-e-form-060270.cif,-1.1297452382332325,0.0
test,mb-mp-e-form-096660,data/cifs/mb-mp-e-form-096660.cif,-2.3189308208333337,0.0
test,mb-mp-e-form-003509,data/cifs/mb-mp-e-form-003509.cif,0.4932068799999998,0.0
test,mb-mp-e-form-101959,data/cifs/mb-mp-e-form-101959.cif,-2.457576771991421,0.0
test,mb-mp-e-form-054917,data/cifs/mb-mp-e-form-054917.cif,-0.961181386510417,0.0
test,mb-mp-e-form-126642,data/cifs/mb-mp-e-form-126642.cif,-3.1780653006349207,0.0
test,mb-mp-e-form-014344,data/cifs/mb-mp-e-form-014344.cif,-0.0504246102678571,0.0
test,mb-mp-e-form-108780,data/cifs/mb-mp-e-form-108780.cif,-2.6067511131250005,0.0
test,mb-mp-e-form-049511,data/cifs/mb-mp-e-form-049511.cif,-0.7814501374999985,0.0
test,mb-mp-e-form-129982,data/cifs/mb-mp-e-form-129982.cif,-3.577773712349999,0.0
test,mb-mp-e-form-034482,data/cifs/mb-mp-e-form-034482.cif,-0.4609124675,0.0
test,mb-mp-e-form-059841,data/cifs/mb-mp-e-form-059841.cif,-1.1116683191789771,0.0
test,mb-mp-e-form-121458,data/cifs/mb-mp-e-form-121458.cif,-2.963615578359153,0.0
test,mb-mp-e-form-082424,data/cifs/mb-mp-e-form-082424.cif,-1.940782668268572,0.0
test,mb-mp-e-form-074232,data/cifs/mb-mp-e-form-074232.cif,-1.702536756102857,0.0
test,mb-mp-e-form-129478,data/cifs/mb-mp-e-form-129478.cif,-3.474090983576069,0.0
test,mb-mp-e-form-071826,data/cifs/mb-mp-e-form-071826.cif,-1.5955380512499993,0.0
test,mb-mp-e-form-008056,data/cifs/mb-mp-e-form-008056.cif,0.1031576945833332,0.0
test,mb-mp-e-form-011583,data/cifs/mb-mp-e-form-011583.cif,0.0263348457499986,0.0
test,mb-mp-e-form-121450,data/cifs/mb-mp-e-form-121450.cif,-2.969570232386362,0.0
test,mb-mp-e-form-088163,data/cifs/mb-mp-e-form-088163.cif,-2.090095028630953,0.0
test,mb-mp-e-form-091292,data/cifs/mb-mp-e-form-091292.cif,-2.192178733629231,0.0
test,mb-mp-e-form-060591,data/cifs/mb-mp-e-form-060591.cif,-1.1334339592652531,0.0
test,mb-mp-e-form-044361,data/cifs/mb-mp-e-form-044361.cif,-0.6477804835714284,0.0
test,mb-mp-e-form-061913,data/cifs/mb-mp-e-form-061913.cif,-1.227857894345,0.0
test,mb-mp-e-form-075864,data/cifs/mb-mp-e-form-075864.cif,-1.7488192838461534,0.0
test,mb-mp-e-form-054755,data/cifs/mb-mp-e-form-054755.cif,-0.9076072539285716,0.0
test,mb-mp-e-form-004597,data/cifs/mb-mp-e-form-004597.cif,0.3942683950624996,0.0
test,mb-mp-e-form-127911,data/cifs/mb-mp-e-form-127911.cif,-3.336995065348572,0.0
test,mb-mp-e-form-068747,data/cifs/mb-mp-e-form-068747.cif,-1.469725440111608,0.0
test,mb-mp-e-form-007596,data/cifs/mb-mp-e-form-007596.cif,0.146626334,0.0
test,mb-mp-e-form-007782,data/cifs/mb-mp-e-form-007782.cif,0.1442671033333334,0.0
test,mb-mp-e-form-122136,data/cifs/mb-mp-e-form-122136.cif,-3.0138781372794115,0.0
test,mb-mp-e-form-106835,data/cifs/mb-mp-e-form-106835.cif,-2.56160985632926,0.0
test,mb-mp-e-form-093850,data/cifs/mb-mp-e-form-093850.cif,-2.27807532019,0.0
test,mb-mp-e-form-064697,data/cifs/mb-mp-e-form-064697.cif,-1.3185845715659998,0.0
test,mb-mp-e-form-107976,data/cifs/mb-mp-e-form-107976.cif,-2.582712116788899,0.0
test,mb-mp-e-form-062101,data/cifs/mb-mp-e-form-062101.cif,-1.220787095082499,0.0
test,mb-mp-e-form-103124,data/cifs/mb-mp-e-form-103124.cif,-2.480326682678572,0.0
test,mb-mp-e-form-034757,data/cifs/mb-mp-e-form-034757.cif,-0.4500181804545459,0.0
test,mb-mp-e-form-122391,data/cifs/mb-mp-e-form-122391.cif,-3.0122529082103173,0.0
test,mb-mp-e-form-030198,data/cifs/mb-mp-e-form-030198.cif,-0.3806523686613582,0.0
test,mb-mp-e-form-130997,data/cifs/mb-mp-e-form-130997.cif,-3.75696750075,0.0
test,mb-mp-e-form-054312,data/cifs/mb-mp-e-form-054312.cif,-0.9082638559283324,0.0
test,mb-mp-e-form-010961,data/cifs/mb-mp-e-form-010961.cif,0.0182982281250003,0.0
test,mb-mp-e-form-083157,data/cifs/mb-mp-e-form-083157.cif,-1.9497420279375008,0.0
test,mb-mp-e-form-050408,data/cifs/mb-mp-e-form-050408.cif,-0.8083738694642852,0.0
test,mb-mp-e-form-062692,data/cifs/mb-mp-e-form-062692.cif,-1.23217886229657,0.0
test,mb-mp-e-form-007117,data/cifs/mb-mp-e-form-007117.cif,0.1378112745000002,0.0
test,mb-mp-e-form-017358,data/cifs/mb-mp-e-form-017358.cif,-0.1189146853508783,0.0
test,mb-mp-e-form-129562,data/cifs/mb-mp-e-form-129562.cif,-3.4024080166581467,0.0
test,mb-mp-e-form-125042,data/cifs/mb-mp-e-form-125042.cif,-3.16226743718006,0.0
test,mb-mp-e-form-006111,data/cifs/mb-mp-e-form-006111.cif,0.2023910398660717,0.0
test,mb-mp-e-form-084712,data/cifs/mb-mp-e-form-084712.cif,-1.974633428392856,0.0
test,mb-mp-e-form-098784,data/cifs/mb-mp-e-form-098784.cif,-2.3977233171093744,0.0
test,mb-mp-e-form-023255,data/cifs/mb-mp-e-form-023255.cif,-0.2601329978571429,0.0
test,mb-mp-e-form-042321,data/cifs/mb-mp-e-form-042321.cif,-0.6076308077777779,0.0
test,mb-mp-e-form-000388,data/cifs/mb-mp-e-form-000388.cif,1.8693073566666665,0.0
test,mb-mp-e-form-031061,data/cifs/mb-mp-e-form-031061.cif,-0.4028866475231475,0.0
test,mb-mp-e-form-036922,data/cifs/mb-mp-e-form-036922.cif,-0.5081358162500003,0.0
test,mb-mp-e-form-132452,data/cifs/mb-mp-e-form-132452.cif,-4.106602180263158,0.0
test,mb-mp-e-form-042231,data/cifs/mb-mp-e-form-042231.cif,-0.6005586436507943,0.0
test,mb-mp-e-form-107278,data/cifs/mb-mp-e-form-107278.cif,-2.5607788467500003,0.0
test,mb-mp-e-form-007734,data/cifs/mb-mp-e-form-007734.cif,0.1371406857103943,0.0
test,mb-mp-e-form-076196,data/cifs/mb-mp-e-form-076196.cif,-1.7679266798495246,0.0
test,mb-mp-e-form-099927,data/cifs/mb-mp-e-form-099927.cif,-2.4209215418903165,0.0
test,mb-mp-e-form-077857,data/cifs/mb-mp-e-form-077857.cif,-1.8188096233823527,0.0
test,mb-mp-e-form-121953,data/cifs/mb-mp-e-form-121953.cif,-2.9934767062500014,0.0
test,mb-mp-e-form-106526,data/cifs/mb-mp-e-form-106526.cif,-2.5349898210850785,0.0
test,mb-mp-e-form-126685,data/cifs/mb-mp-e-form-126685.cif,-3.235466478443809,0.0
test,mb-mp-e-form-022700,data/cifs/mb-mp-e-form-022700.cif,-0.2320450919999999,0.0
test,mb-mp-e-form-048900,data/cifs/mb-mp-e-form-048900.cif,-0.7580693200000006,0.0
test,mb-mp-e-form-128926,data/cifs/mb-mp-e-form-128926.cif,-3.462136667817448,0.0
test,mb-mp-e-form-127219,data/cifs/mb-mp-e-form-127219.cif,-3.2994206575487026,0.0
test,mb-mp-e-form-061675,data/cifs/mb-mp-e-form-061675.cif,-1.1925547884186505,0.0
test,mb-mp-e-form-075166,data/cifs/mb-mp-e-form-075166.cif,-1.7437543597423817,0.0
test,mb-mp-e-form-077696,data/cifs/mb-mp-e-form-077696.cif,-1.8076455313333328,0.0
test,mb-mp-e-form-089112,data/cifs/mb-mp-e-form-089112.cif,-2.121170994452773,0.0
test,mb-mp-e-form-025106,data/cifs/mb-mp-e-form-025106.cif,-0.3019629943749997,0.0
test,mb-mp-e-form-079730,data/cifs/mb-mp-e-form-079730.cif,-1.844919005371364,0.0
test,mb-mp-e-form-090574,data/cifs/mb-mp-e-form-090574.cif,-2.170563676125,0.0
test,mb-mp-e-form-107227,data/cifs/mb-mp-e-form-107227.cif,-2.5701349476359736,0.0
test,mb-mp-e-form-059278,data/cifs/mb-mp-e-form-059278.cif,-1.113073144190748,0.0
test,mb-mp-e-form-048550,data/cifs/mb-mp-e-form-048550.cif,-0.7542874500535716,0.0
test,mb-mp-e-form-109932,data/cifs/mb-mp-e-form-109932.cif,-2.632783628742064,0.0
test,mb-mp-e-form-132669,data/cifs/mb-mp-e-form-132669.cif,-3.965659466416666,0.0
test,mb-mp-e-form-125825,data/cifs/mb-mp-e-form-125825.cif,-3.19604973275,0.0
test,mb-mp-e-form-100113,data/cifs/mb-mp-e-form-100113.cif,-2.4080466711197914,0.0
test,mb-mp-e-form-085839,data/cifs/mb-mp-e-form-085839.cif,-2.0345166184659083,0.0
test,mb-mp-e-form-119143,data/cifs/mb-mp-e-form-119143.cif,-2.894343785704493,0.0
test,mb-mp-e-form-018261,data/cifs/mb-mp-e-form-018261.cif,-0.1386493300000001,0.0
test,mb-mp-e-form-075672,data/cifs/mb-mp-e-form-075672.cif,-1.7378728359588882,0.0
test,mb-mp-e-form-099763,data/cifs/mb-mp-e-form-099763.cif,-2.4064686303571428,0.0
test,mb-mp-e-form-085732,data/cifs/mb-mp-e-form-085732.cif,-2.021696263318334,0.0
test,mb-mp-e-form-055892,data/cifs/mb-mp-e-form-055892.cif,-0.9737046896775,0.0
test,mb-mp-e-form-074827,data/cifs/mb-mp-e-form-074827.cif,-1.73019095075,0.0
test,mb-mp-e-form-132005,data/cifs/mb-mp-e-form-132005.cif,-4.184639995833333,0.0
test,mb-mp-e-form-122518,data/cifs/mb-mp-e-form-122518.cif,-3.0224156313093333,0.0
test,mb-mp-e-form-019873,data/cifs/mb-mp-e-form-019873.cif,-0.1696120037499999,0.0
test,mb-mp-e-form-103759,data/cifs/mb-mp-e-form-103759.cif,-2.496853527416667,0.0
test,mb-mp-e-form-110178,data/cifs/mb-mp-e-form-110178.cif,-2.6409157747435903,0.0
test,mb-mp-e-form-047138,data/cifs/mb-mp-e-form-047138.cif,-0.7073360900000001,0.0
test,mb-mp-e-form-015283,data/cifs/mb-mp-e-form-015283.cif,-0.0790597406862733,0.0
test,mb-mp-e-form-033455,data/cifs/mb-mp-e-form-033455.cif,-0.4306245758333335,0.0
test,mb-mp-e-form-128648,data/cifs/mb-mp-e-form-128648.cif,-3.3343952697499994,0.0
test,mb-mp-e-form-117166,data/cifs/mb-mp-e-form-117166.cif,-2.8452751448958344,0.0
test,mb-mp-e-form-032777,data/cifs/mb-mp-e-form-032777.cif,-0.4205003001420395,0.0
test,mb-mp-e-form-049283,data/cifs/mb-mp-e-form-049283.cif,-0.7669309885156258,0.0
test,mb-mp-e-form-032666,data/cifs/mb-mp-e-form-032666.cif,-0.4157651324999989,0.0
test,mb-mp-e-form-048258,data/cifs/mb-mp-e-form-048258.cif,-0.7322970930000003,0.0
test,mb-mp-e-form-102040,data/cifs/mb-mp-e-form-102040.cif,-2.4568362346839074,0.0
test,mb-mp-e-form-027237,data/cifs/mb-mp-e-form-027237.cif,-0.3275393080000001,0.0
test,mb-mp-e-form-063850,data/cifs/mb-mp-e-form-063850.cif,-1.2526407094230774,0.0
test,mb-mp-e-form-072717,data/cifs/mb-mp-e-form-072717.cif,-1.6279971352800002,0.0
test,mb-mp-e-form-042449,data/cifs/mb-mp-e-form-042449.cif,-0.6148176145000008,0.0
test,mb-mp-e-form-078366,data/cifs/mb-mp-e-form-078366.cif,-1.818736710192308,0.0
test,mb-mp-e-form-044203,data/cifs/mb-mp-e-form-044203.cif,-0.6478125489772721,0.0
test,mb-mp-e-form-001292,data/cifs/mb-mp-e-form-001292.cif,1.201567355,0.0
test,mb-mp-e-form-018833,data/cifs/mb-mp-e-form-018833.cif,-0.1523872762499998,0.0
test,mb-mp-e-form-085080,data/cifs/mb-mp-e-form-085080.cif,-2.0265553959767857,0.0
test,mb-mp-e-form-079377,data/cifs/mb-mp-e-form-079377.cif,-1.8445726907105648,0.0
test,mb-mp-e-form-013223,data/cifs/mb-mp-e-form-013223.cif,-0.0139098616666674,0.0
test,mb-mp-e-form-069746,data/cifs/mb-mp-e-form-069746.cif,-1.5059268081250003,0.0
test,mb-mp-e-form-090205,data/cifs/mb-mp-e-form-090205.cif,-2.15058227914727,0.0
test,mb-mp-e-form-034945,data/cifs/mb-mp-e-form-034945.cif,-0.4661989260227266,0.0
test,mb-mp-e-form-011125,data/cifs/mb-mp-e-form-011125.cif,0.0258408274999997,0.0
test,mb-mp-e-form-081926,data/cifs/mb-mp-e-form-081926.cif,-1.9122746294949995,0.0
test,mb-mp-e-form-015777,data/cifs/mb-mp-e-form-015777.cif,-0.0763263712499999,0.0
test,mb-mp-e-form-091881,data/cifs/mb-mp-e-form-091881.cif,-2.205318889197379,0.0
test,mb-mp-e-form-076389,data/cifs/mb-mp-e-form-076389.cif,-1.761526341155303,0.0
test,mb-mp-e-form-113121,data/cifs/mb-mp-e-form-113121.cif,-2.7104908208695657,0.0
test,mb-mp-e-form-001681,data/cifs/mb-mp-e-form-001681.cif,1.3936448126666665,0.0
test,mb-mp-e-form-044741,data/cifs/mb-mp-e-form-044741.cif,-0.6503845544852943,0.0
test,mb-mp-e-form-002937,data/cifs/mb-mp-e-form-002937.cif,0.5476159870312491,0.0
test,mb-mp-e-form-059807,data/cifs/mb-mp-e-form-059807.cif,-1.0936507148946533,0.0
test,mb-mp-e-form-025010,data/cifs/mb-mp-e-form-025010.cif,-0.3022984621428587,0.0
test,mb-mp-e-form-080157,data/cifs/mb-mp-e-form-080157.cif,-1.8688963041225,0.0
test,mb-mp-e-form-033159,data/cifs/mb-mp-e-form-033159.cif,-0.4378763540476185,0.0
test,mb-mp-e-form-107348,data/cifs/mb-mp-e-form-107348.cif,-2.570240148202582,0.0
test,mb-mp-e-form-125528,data/cifs/mb-mp-e-form-125528.cif,-3.149860906428572,0.0
test,mb-mp-e-form-060346,data/cifs/mb-mp-e-form-060346.cif,-1.136427551741071,0.0
test,mb-mp-e-form-001829,data/cifs/mb-mp-e-form-001829.cif,1.46573280375,0.0
test,mb-mp-e-form-093089,data/cifs/mb-mp-e-form-093089.cif,-2.227342150351564,0.0
test,mb-mp-e-form-060966,data/cifs/mb-mp-e-form-060966.cif,-1.1624653553645832,0.0
test,mb-mp-e-form-052531,data/cifs/mb-mp-e-form-052531.cif,-0.8668152432164291,0.0
test,mb-mp-e-form-107746,data/cifs/mb-mp-e-form-107746.cif,-2.5500411367500004,0.0
test,mb-mp-e-form-081504,data/cifs/mb-mp-e-form-081504.cif,-1.8840726319613803,0.0
test,mb-mp-e-form-082534,data/cifs/mb-mp-e-form-082534.cif,-1.916522450305112,0.0
test,mb-mp-e-form-102581,data/cifs/mb-mp-e-form-102581.cif,-2.4506433017346945,0.0
test,mb-mp-e-form-010944,data/cifs/mb-mp-e-form-010944.cif,0.0230702850800028,0.0
test,mb-mp-e-form-039308,data/cifs/mb-mp-e-form-039308.cif,-0.5484581455681821,0.0
test,mb-mp-e-form-094548,data/cifs/mb-mp-e-form-094548.cif,-2.255035953125,0.0
test,mb-mp-e-form-062469,data/cifs/mb-mp-e-form-062469.cif,-1.214813328922413,0.0
test,mb-mp-e-form-131762,data/cifs/mb-mp-e-form-131762.cif,-4.238649254146667,0.0
test,mb-mp-e-form-125137,data/cifs/mb-mp-e-form-125137.cif,-3.146801862083335,0.0
test,mb-mp-e-form-109102,data/cifs/mb-mp-e-form-109102.cif,-2.6078837408908044,0.0
test,mb-mp-e-form-037462,data/cifs/mb-mp-e-form-037462.cif,-0.5163209233333331,0.0
test,mb-mp-e-form-001773,data/cifs/mb-mp-e-form-001773.cif,1.0683000030614287,0.0
test,mb-mp-e-form-125908,data/cifs/mb-mp-e-form-125908.cif,-3.2248742475000003,0.0
test,mb-mp-e-form-114383,data/cifs/mb-mp-e-form-114383.cif,-2.7432515554657138,0.0
test,mb-mp-e-form-098059,data/cifs/mb-mp-e-form-098059.cif,-2.365649026488095,0.0
test,mb-mp-e-form-040423,data/cifs/mb-mp-e-form-040423.cif,-0.57746226,0.0
test,mb-mp-e-form-122344,data/cifs/mb-mp-e-form-122344.cif,-2.992547642798296,0.0
test,mb-mp-e-form-063314,data/cifs/mb-mp-e-form-063314.cif,-1.26850066994,0.0
test,mb-mp-e-form-003754,data/cifs/mb-mp-e-form-003754.cif,0.5444614011492854,0.0
test,mb-mp-e-form-018132,data/cifs/mb-mp-e-form-018132.cif,-0.1353490625000004,0.0
test,mb-mp-e-form-044160,data/cifs/mb-mp-e-form-044160.cif,-0.6457260738888885,0.0
test,mb-mp-e-form-050200,data/cifs/mb-mp-e-form-050200.cif,-0.793869700614035,0.0
test,mb-mp-e-form-006831,data/cifs/mb-mp-e-form-006831.cif,0.2068307137500005,0.0
test,mb-mp-e-form-048075,data/cifs/mb-mp-e-form-048075.cif,-0.7487875483618028,0.0
test,mb-mp-e-form-061097,data/cifs/mb-mp-e-form-061097.cif,-1.1795560288694862,0.0
test,mb-mp-e-form-054826,data/cifs/mb-mp-e-form-054826.cif,-0.9009097782081282,0.0
test,mb-mp-e-form-098549,data/cifs/mb-mp-e-form-098549.cif,-2.3776451294714502,0.0
test,mb-mp-e-form-040790,data/cifs/mb-mp-e-form-040790.cif,-0.564407374258929,0.0
test,mb-mp-e-form-081904,data/cifs/mb-mp-e-form-081904.cif,-1.910410793956,0.0
test,mb-mp-e-form-074977,data/cifs/mb-mp-e-form-074977.cif,-1.7412000293749994,0.0
test,mb-mp-e-form-063022,data/cifs/mb-mp-e-form-063022.cif,-1.2680672204022987,0.0
test,mb-mp-e-form-105029,data/cifs/mb-mp-e-form-105029.cif,-2.5175345438045444,0.0
test,mb-mp-e-form-111583,data/cifs/mb-mp-e-form-111583.cif,-2.655593721031666,0.0
test,mb-mp-e-form-048101,data/cifs/mb-mp-e-form-048101.cif,-0.7523871129166674,0.0
test,mb-mp-e-form-033379,data/cifs/mb-mp-e-form-033379.cif,-0.4343487483333332,0.0
test,mb-mp-e-form-124646,data/cifs/mb-mp-e-form-124646.cif,-3.073784844821429,0.0
test,mb-mp-e-form-098668,data/cifs/mb-mp-e-form-098668.cif,-2.370040971805556,0.0
test,mb-mp-e-form-128764,data/cifs/mb-mp-e-form-128764.cif,-3.44240516175,0.0
test,mb-mp-e-form-072446,data/cifs/mb-mp-e-form-072446.cif,-1.633024363229166,0.0
test,mb-mp-e-form-102723,data/cifs/mb-mp-e-form-102723.cif,-2.448607683131428,0.0
test,mb-mp-e-form-078798,data/cifs/mb-mp-e-form-078798.cif,-1.8237891911363624,0.0
test,mb-mp-e-form-049246,data/cifs/mb-mp-e-form-049246.cif,-0.7729012521174567,0.0
test,mb-mp-e-form-081115,data/cifs/mb-mp-e-form-081115.cif,-1.8930705666,0.0
test,mb-mp-e-form-100245,data/cifs/mb-mp-e-form-100245.cif,-2.413498903341836,0.0
test,mb-mp-e-form-028316,data/cifs/mb-mp-e-form-028316.cif,-0.343158573666,0.0
test,mb-mp-e-form-071608,data/cifs/mb-mp-e-form-071608.cif,-1.5816363092611516,0.0
test,mb-mp-e-form-021412,data/cifs/mb-mp-e-form-021412.cif,-0.2181090662499991,0.0
test,mb-mp-e-form-112616,data/cifs/mb-mp-e-form-112616.cif,-2.670969232247671,0.0
test,mb-mp-e-form-099366,data/cifs/mb-mp-e-form-099366.cif,-2.395820019974489,0.0
test,mb-mp-e-form-061527,data/cifs/mb-mp-e-form-061527.cif,-1.20155228875,0.0
test,mb-mp-e-form-066970,data/cifs/mb-mp-e-form-066970.cif,-1.428020951179848,0.0
test,mb-mp-e-form-092020,data/cifs/mb-mp-e-form-092020.cif,-2.204587859275,0.0
test,mb-mp-e-form-030431,data/cifs/mb-mp-e-form-030431.cif,-0.3832917449999999,0.0
test,mb-mp-e-form-027429,data/cifs/mb-mp-e-form-027429.cif,-0.33652487,0.0
test,mb-mp-e-form-053841,data/cifs/mb-mp-e-form-053841.cif,-0.8784888518749998,0.0
test,mb-mp-e-form-071784,data/cifs/mb-mp-e-form-071784.cif,-1.5784610183047618,0.0
test,mb-mp-e-form-057812,data/cifs/mb-mp-e-form-057812.cif,-1.0377392233333325,0.0
test,mb-mp-e-form-006563,data/cifs/mb-mp-e-form-006563.cif,0.1710194662499997,0.0
test,mb-mp-e-form-024896,data/cifs/mb-mp-e-form-024896.cif,-0.277698066517857,0.0
test,mb-mp-e-form-061207,data/cifs/mb-mp-e-form-061207.cif,-1.1870072860712495,0.0
test,mb-mp-e-form-082396,data/cifs/mb-mp-e-form-082396.cif,-1.9384508274230527,0.0
test,mb-mp-e-form-074857,data/cifs/mb-mp-e-form-074857.cif,-1.7171722507142857,0.0
test,mb-mp-e-form-061413,data/cifs/mb-mp-e-form-061413.cif,-1.1651456366379307,0.0
test,mb-mp-e-form-045784,data/cifs/mb-mp-e-form-045784.cif,-0.6711035700312508,0.0
test,mb-mp-e-form-104247,data/cifs/mb-mp-e-form-104247.cif,-2.5008210114130422,0.0
test,mb-mp-e-form-049247,data/cifs/mb-mp-e-form-049247.cif,-0.7761020394811313,0.0
test,mb-mp-e-form-101321,data/cifs/mb-mp-e-form-101321.cif,-2.4340052892346944,0.0
test,mb-mp-e-form-003771,data/cifs/mb-mp-e-form-003771.cif,0.6564380012499997,0.0
test,mb-mp-e-form-015676,data/cifs/mb-mp-e-form-015676.cif,-0.0700832845,0.0
test,mb-mp-e-form-086839,data/cifs/mb-mp-e-form-086839.cif,-2.088682261589333,0.0
test,mb-mp-e-form-067014,data/cifs/mb-mp-e-form-067014.cif,-1.4556007326081477,0.0
test,mb-mp-e-form-047106,data/cifs/mb-mp-e-form-047106.cif,-0.7062399112904097,0.0
test,mb-mp-e-form-128609,data/cifs/mb-mp-e-form-128609.cif,-3.3329412922619057,0.0
test,mb-mp-e-form-115102,data/cifs/mb-mp-e-form-115102.cif,-2.7648721149722224,0.0
test,mb-mp-e-form-052156,data/cifs/mb-mp-e-form-052156.cif,-0.8597259606043473,0.0
test,mb-mp-e-form-069026,data/cifs/mb-mp-e-form-069026.cif,-1.5139539357499998,0.0
test,mb-mp-e-form-056458,data/cifs/mb-mp-e-form-056458.cif,-0.9972043217559516,0.0
test,mb-mp-e-form-074445,data/cifs/mb-mp-e-form-074445.cif,-1.6929587519206253,0.0
test,mb-mp-e-form-127610,data/cifs/mb-mp-e-form-127610.cif,-3.278548086249999,0.0
test,mb-mp-e-form-032081,data/cifs/mb-mp-e-form-032081.cif,-0.413127146666667,0.0
test,mb-mp-e-form-085000,data/cifs/mb-mp-e-form-085000.cif,-2.0040162416366667,0.0
test,mb-mp-e-form-005894,data/cifs/mb-mp-e-form-005894.cif,0.2387202171875007,0.0
test,mb-mp-e-form-006575,data/cifs/mb-mp-e-form-006575.cif,0.1951875831249996,0.0
test,mb-mp-e-form-132723,data/cifs/mb-mp-e-form-132723.cif,-3.911156551802381,0.0
test,mb-mp-e-form-121397,data/cifs/mb-mp-e-form-121397.cif,-2.980492116666666,0.0
test,mb-mp-e-form-041501,data/cifs/mb-mp-e-form-041501.cif,-0.5914005616666668,0.0
test,mb-mp-e-form-034871,data/cifs/mb-mp-e-form-034871.cif,-0.4534505612500004,0.0
test,mb-mp-e-form-029647,data/cifs/mb-mp-e-form-029647.cif,-0.3582783616666664,0.0
test,mb-mp-e-form-089777,data/cifs/mb-mp-e-form-089777.cif,-2.1624536495312494,0.0
test,mb-mp-e-form-044772,data/cifs/mb-mp-e-form-044772.cif,-0.6576481387499999,0.0
test,mb-mp-e-form-066562,data/cifs/mb-mp-e-form-066562.cif,-1.386991996197379,0.0
test,mb-mp-e-form-101226,data/cifs/mb-mp-e-form-101226.cif,-2.433989695526072,0.0
test,mb-mp-e-form-007652,data/cifs/mb-mp-e-form-007652.cif,0.1470867675000011,0.0
test,mb-mp-e-form-084677,data/cifs/mb-mp-e-form-084677.cif,-1.9789472848015872,0.0
test,mb-mp-e-form-086368,data/cifs/mb-mp-e-form-086368.cif,-2.037515086373333,0.0
test,mb-mp-e-form-105671,data/cifs/mb-mp-e-form-105671.cif,-2.515622712801333,0.0
test,mb-mp-e-form-095733,data/cifs/mb-mp-e-form-095733.cif,-2.3015904541666665,0.0
test,mb-mp-e-form-132484,data/cifs/mb-mp-e-form-132484.cif,-4.313801504369412,0.0
test,mb-mp-e-form-013009,data/cifs/mb-mp-e-form-013009.cif,-0.0284878512499997,0.0
test,mb-mp-e-form-073355,data/cifs/mb-mp-e-form-073355.cif,-1.6725038599547823,0.0
test,mb-mp-e-form-025971,data/cifs/mb-mp-e-form-025971.cif,-0.3193567733333332,0.0
test,mb-mp-e-form-060125,data/cifs/mb-mp-e-form-060125.cif,-1.1384001846019352,0.0
test,mb-mp-e-form-063634,data/cifs/mb-mp-e-form-063634.cif,-1.2757949111233335,0.0
test,mb-mp-e-form-087737,data/cifs/mb-mp-e-form-087737.cif,-2.076855284375001,0.0
test,mb-mp-e-form-029909,data/cifs/mb-mp-e-form-029909.cif,-0.3831708249999996,0.0
test,mb-mp-e-form-025267,data/cifs/mb-mp-e-form-025267.cif,-0.2915898521428569,0.0
test,mb-mp-e-form-087003,data/cifs/mb-mp-e-form-087003.cif,-2.060014824750001,0.0
test,mb-mp-e-form-035030,data/cifs/mb-mp-e-form-035030.cif,-0.4707504367499993,0.0
test,mb-mp-e-form-106349,data/cifs/mb-mp-e-form-106349.cif,-2.535573886734693,0.0
test,mb-mp-e-form-005738,data/cifs/mb-mp-e-form-005738.cif,0.2554837054577425,0.0
test,mb-mp-e-form-126987,data/cifs/mb-mp-e-form-126987.cif,-3.2561874635439567,0.0
test,mb-mp-e-form-126537,data/cifs/mb-mp-e-form-126537.cif,-3.190478488690475,0.0
test,mb-mp-e-form-014809,data/cifs/mb-mp-e-form-014809.cif,-0.0552587668749993,0.0
test,mb-mp-e-form-094659,data/cifs/mb-mp-e-form-094659.cif,-2.2653277260204083,0.0
test,mb-mp-e-form-046322,data/cifs/mb-mp-e-form-046322.cif,-0.6861488250000013,0.0
test,mb-mp-e-form-041679,data/cifs/mb-mp-e-form-041679.cif,-0.5856110766666666,0.0
test,mb-mp-e-form-058199,data/cifs/mb-mp-e-form-058199.cif,-1.0464116285576932,0.0
test,mb-mp-e-form-036345,data/cifs/mb-mp-e-form-036345.cif,-0.4888017393750008,0.0
test,mb-mp-e-form-012797,data/cifs/mb-mp-e-form-012797.cif,0.0106936096731251,0.0
test,mb-mp-e-form-041154,data/cifs/mb-mp-e-form-041154.cif,-0.5827129569754381,0.0
test,mb-mp-e-form-058931,data/cifs/mb-mp-e-form-058931.cif,-1.0852284925000006,0.0
test,mb-mp-e-form-026461,data/cifs/mb-mp-e-form-026461.cif,-0.3134531112499998,0.0
test,mb-mp-e-form-061829,data/cifs/mb-mp-e-form-061829.cif,-1.1628171815740749,0.0
test,mb-mp-e-form-037913,data/cifs/mb-mp-e-form-037913.cif,-0.5283597241666674,0.0
test,mb-mp-e-form-064559,data/cifs/mb-mp-e-form-064559.cif,-1.325808016726428,0.0
test,mb-mp-e-form-069222,data/cifs/mb-mp-e-form-069222.cif,-1.504782615220588,0.0
test,mb-mp-e-form-081172,data/cifs/mb-mp-e-form-081172.cif,-1.901333782261904,0.0
test,mb-mp-e-form-028841,data/cifs/mb-mp-e-form-028841.cif,-0.3449516095833327,0.0
test,mb-mp-e-form-071957,data/cifs/mb-mp-e-form-071957.cif,-1.641490013499216,0.0
test,mb-mp-e-form-015111,data/cifs/mb-mp-e-form-015111.cif,-0.0778417762500005,0.0
test,mb-mp-e-form-057554,data/cifs/mb-mp-e-form-057554.cif,-1.0060255796599629,0.0
test,mb-mp-e-form-126540,data/cifs/mb-mp-e-form-126540.cif,-3.17869544625,0.0
test,mb-mp-e-form-087712,data/cifs/mb-mp-e-form-087712.cif,-2.0851962275,0.0
test,mb-mp-e-form-004253,data/cifs/mb-mp-e-form-004253.cif,0.3258644730270918,0.0
test,mb-mp-e-form-095034,data/cifs/mb-mp-e-form-095034.cif,-2.2990461109690625,0.0
test,mb-mp-e-form-022764,data/cifs/mb-mp-e-form-022764.cif,-0.2313102029515815,0.0
test,mb-mp-e-form-023969,data/cifs/mb-mp-e-form-023969.cif,-0.2706218672222213,0.0
test,mb-mp-e-form-060157,data/cifs/mb-mp-e-form-060157.cif,-1.1359273835193968,0.0
test,mb-mp-e-form-033117,data/cifs/mb-mp-e-form-033117.cif,-0.4371388175000001,0.0
test,mb-mp-e-form-093838,data/cifs/mb-mp-e-form-093838.cif,-2.280333083035714,0.0
test,mb-mp-e-form-083580,data/cifs/mb-mp-e-form-083580.cif,-1.9545245753493776,0.0
test,mb-mp-e-form-112729,data/cifs/mb-mp-e-form-112729.cif,-2.6865626589389,0.0
test,mb-mp-e-form-098958,data/cifs/mb-mp-e-form-098958.cif,-2.3987462704375004,0.0
test,mb-mp-e-form-039106,data/cifs/mb-mp-e-form-039106.cif,-0.557822848300001,0.0
test,mb-mp-e-form-045675,data/cifs/mb-mp-e-form-045675.cif,-0.6745848883333334,0.0
test,mb-mp-e-form-122537,data/cifs/mb-mp-e-form-122537.cif,-3.010180739647959,0.0
test,mb-mp-e-form-033181,data/cifs/mb-mp-e-form-033181.cif,-0.4393678736175759,0.0
test,mb-mp-e-form-013539,data/cifs/mb-mp-e-form-013539.cif,-0.0107842400000004,0.0
test,mb-mp-e-form-078985,data/cifs/mb-mp-e-form-078985.cif,-1.8535978481935709,0.0
test,mb-mp-e-form-047067,data/cifs/mb-mp-e-form-047067.cif,-0.7148547466666678,0.0
test,mb-mp-e-form-081808,data/cifs/mb-mp-e-form-081808.cif,-1.916890926329722,0.0
test,mb-mp-e-form-096339,data/cifs/mb-mp-e-form-096339.cif,-2.311441642495333,0.0
test,mb-mp-e-form-128510,data/cifs/mb-mp-e-form-128510.cif,-3.3350428477045457,0.0
test,mb-mp-e-form-045294,data/cifs/mb-mp-e-form-045294.cif,-0.664274665156249,0.0
test,mb-mp-e-form-043917,data/cifs/mb-mp-e-form-043917.cif,-0.64743101375,0.0
test,mb-mp-e-form-116216,data/cifs/mb-mp-e-form-116216.cif,-2.7871421965000005,0.0
test,mb-mp-e-form-039321,data/cifs/mb-mp-e-form-039321.cif,-0.5500443399107142,0.0
test,mb-mp-e-form-114598,data/cifs/mb-mp-e-form-114598.cif,-2.7277057569086023,0.0
test,mb-mp-e-form-062523,data/cifs/mb-mp-e-form-062523.cif,-1.2075360599038458,0.0
test,mb-mp-e-form-097251,data/cifs/mb-mp-e-form-097251.cif,-2.35735620697479,0.0
test,mb-mp-e-form-031283,data/cifs/mb-mp-e-form-031283.cif,-0.4073639212068959,0.0
test,mb-mp-e-form-029851,data/cifs/mb-mp-e-form-029851.cif,-0.3668803566122451,0.0
test,mb-mp-e-form-002334,data/cifs/mb-mp-e-form-002334.cif,0.6636554325624999,0.0
test,mb-mp-e-form-053146,data/cifs/mb-mp-e-form-053146.cif,-0.869543681621094,0.0
test,mb-mp-e-form-103682,data/cifs/mb-mp-e-form-103682.cif,-2.466030211061532,0.0
test,mb-mp-e-form-044830,data/cifs/mb-mp-e-form-044830.cif,-0.6455213800000008,0.0
test,mb-mp-e-form-044886,data/cifs/mb-mp-e-form-044886.cif,-0.6555540782692322,0.0
test,mb-mp-e-form-047676,data/cifs/mb-mp-e-form-047676.cif,-0.7081451350706848,0.0
test,mb-mp-e-form-083552,data/cifs/mb-mp-e-form-083552.cif,-1.957954221230665,0.0
test,mb-mp-e-form-050968,data/cifs/mb-mp-e-form-050968.cif,-0.8213204799999995,0.0
test,mb-mp-e-form-093123,data/cifs/mb-mp-e-form-093123.cif,-2.237158876442308,0.0
test,mb-mp-e-form-100979,data/cifs/mb-mp-e-form-100979.cif,-2.435423396826922,0.0
test,mb-mp-e-form-110740,data/cifs/mb-mp-e-form-110740.cif,-2.619361785384615,0.0
test,mb-mp-e-form-116007,data/cifs/mb-mp-e-form-116007.cif,-2.800399358880742,0.0
test,mb-mp-e-form-122048,data/cifs/mb-mp-e-form-122048.cif,-2.987766482619048,0.0
test,mb-mp-e-form-082190,data/cifs/mb-mp-e-form-082190.cif,-1.92839085096875,0.0
test,mb-mp-e-form-037450,data/cifs/mb-mp-e-form-037450.cif,-0.5037447016666677,0.0
test,mb-mp-e-form-052847,data/cifs/mb-mp-e-form-052847.cif,-0.841846673750001,0.0
test,mb-mp-e-form-049535,data/cifs/mb-mp-e-form-049535.cif,-0.7704302675000001,0.0
test,mb-mp-e-form-061816,data/cifs/mb-mp-e-form-061816.cif,-1.1823118641666668,0.0
test,mb-mp-e-form-086582,data/cifs/mb-mp-e-form-086582.cif,-2.050228732053572,0.0
test,mb-mp-e-form-129392,data/cifs/mb-mp-e-form-129392.cif,-3.4368644646002084,0.0
test,mb-mp-e-form-058103,data/cifs/mb-mp-e-form-058103.cif,-1.0539047191250006,0.0
test,mb-mp-e-form-072009,data/cifs/mb-mp-e-form-072009.cif,-1.6245944354224544,0.0
test,mb-mp-e-form-046037,data/cifs/mb-mp-e-form-046037.cif,-0.6972634254722219,0.0
test,mb-mp-e-form-130639,data/cifs/mb-mp-e-form-130639.cif,-3.521807095079365,0.0
test,mb-mp-e-form-052404,data/cifs/mb-mp-e-form-052404.cif,-0.8594035500000003,0.0
test,mb-mp-e-form-123296,data/cifs/mb-mp-e-form-123296.cif,-3.045722803250001,0.0
test,mb-mp-e-form-002603,data/cifs/mb-mp-e-form-002603.cif,0.9320323759999992,0.0
test,mb-mp-e-form-072584,data/cifs/mb-mp-e-form-072584.cif,-1.616713992916667,0.0
test,mb-mp-e-form-027205,data/cifs/mb-mp-e-form-027205.cif,-0.3348340505115149,0.0
test,mb-mp-e-form-082054,data/cifs/mb-mp-e-form-082054.cif,-1.9125407002312924,0.0
test,mb-mp-e-form-041223,data/cifs/mb-mp-e-form-041223.cif,-0.5874525666666663,0.0
test,mb-mp-e-form-013675,data/cifs/mb-mp-e-form-013675.cif,-0.0166085659375013,0.0
test,mb-mp-e-form-035484,data/cifs/mb-mp-e-form-035484.cif,-0.4790461192857138,0.0
test,mb-mp-e-form-075240,data/cifs/mb-mp-e-form-075240.cif,-1.7383143407692303,0.0
test,mb-mp-e-form-031653,data/cifs/mb-mp-e-form-031653.cif,-0.4011717786666665,0.0
test,mb-mp-e-form-032184,data/cifs/mb-mp-e-form-032184.cif,-0.422890206069999,0.0
test,mb-mp-e-form-024519,data/cifs/mb-mp-e-form-024519.cif,-0.2855515825000001,0.0
test,mb-mp-e-form-093446,data/cifs/mb-mp-e-form-093446.cif,-2.246243837281668,0.0
test,mb-mp-e-form-049873,data/cifs/mb-mp-e-form-049873.cif,-0.7578674774999996,0.0
test,mb-mp-e-form-064844,data/cifs/mb-mp-e-form-064844.cif,-1.3294915268749996,0.0
test,mb-mp-e-form-074539,data/cifs/mb-mp-e-form-074539.cif,-1.6983927121280935,0.0
test,mb-mp-e-form-060773,data/cifs/mb-mp-e-form-060773.cif,-1.1575477250892865,0.0
test,mb-mp-e-form-027873,data/cifs/mb-mp-e-form-027873.cif,-0.3363387652149994,0.0
test,mb-mp-e-form-019852,data/cifs/mb-mp-e-form-019852.cif,-0.16256366625,0.0
test,mb-mp-e-form-044784,data/cifs/mb-mp-e-form-044784.cif,-0.6455322839583335,0.0
test,mb-mp-e-form-001695,data/cifs/mb-mp-e-form-001695.cif,1.4602670268749995,0.0
test,mb-mp-e-form-034101,data/cifs/mb-mp-e-form-034101.cif,-0.4538845195833336,0.0
test,mb-mp-e-form-101045,data/cifs/mb-mp-e-form-101045.cif,-2.43113685675,0.0
test,mb-mp-e-form-118610,data/cifs/mb-mp-e-form-118610.cif,-2.855969696096938,0.0
test,mb-mp-e-form-106429,data/cifs/mb-mp-e-form-106429.cif,-2.543034956448413,0.0
test,mb-mp-e-form-051998,data/cifs/mb-mp-e-form-051998.cif,-0.8575630457142859,0.0
test,mb-mp-e-form-010691,data/cifs/mb-mp-e-form-010691.cif,0.0490898366666664,0.0
test,mb-mp-e-form-051869,data/cifs/mb-mp-e-form-051869.cif,-0.8336640025,0.0
test,mb-mp-e-form-036945,data/cifs/mb-mp-e-form-036945.cif,-0.5145089728571425,0.0
test,mb-mp-e-form-014188,data/cifs/mb-mp-e-form-014188.cif,-0.0415671186842117,0.0
test,mb-mp-e-form-010732,data/cifs/mb-mp-e-form-010732.cif,0.0514448037500008,0.0
test,mb-mp-e-form-032392,data/cifs/mb-mp-e-form-032392.cif,-0.422137035000001,0.0
test,mb-mp-e-form-085712,data/cifs/mb-mp-e-form-085712.cif,-2.01135553034,0.0
test,mb-mp-e-form-110543,data/cifs/mb-mp-e-form-110543.cif,-2.628535774075398,0.0
test,mb-mp-e-form-113908,data/cifs/mb-mp-e-form-113908.cif,-2.7304470289123373,0.0
test,mb-mp-e-form-097558,data/cifs/mb-mp-e-form-097558.cif,-2.347676181369047,0.0
test,mb-mp-e-form-044565,data/cifs/mb-mp-e-form-044565.cif,-0.6579930600000004,0.0
test,mb-mp-e-form-012880,data/cifs/mb-mp-e-form-012880.cif,0.0098081645833332,0.0
test,mb-mp-e-form-016707,data/cifs/mb-mp-e-form-016707.cif,-0.0836248566666662,0.0
test,mb-mp-e-form-038794,data/cifs/mb-mp-e-form-038794.cif,-0.5259757758258932,0.0
test,mb-mp-e-form-039618,data/cifs/mb-mp-e-form-039618.cif,-0.5482174299999999,0.0
test,mb-mp-e-form-099255,data/cifs/mb-mp-e-form-099255.cif,-2.380726803181308,0.0
test,mb-mp-e-form-006164,data/cifs/mb-mp-e-form-006164.cif,0.2072961322370692,0.0
test,mb-mp-e-form-118283,data/cifs/mb-mp-e-form-118283.cif,-2.866005654264705,0.0
test,mb-mp-e-form-079014,data/cifs/mb-mp-e-form-079014.cif,-1.841821685336427,0.0
test,mb-mp-e-form-114631,data/cifs/mb-mp-e-form-114631.cif,-2.730568511198413,0.0
test,mb-mp-e-form-126714,data/cifs/mb-mp-e-form-126714.cif,-3.2240632407922223,0.0
test,mb-mp-e-form-006273,data/cifs/mb-mp-e-form-006273.cif,0.1949790208333333,0.0
test,mb-mp-e-form-044472,data/cifs/mb-mp-e-form-044472.cif,-0.6490866144905814,0.0
test,mb-mp-e-form-072239,data/cifs/mb-mp-e-form-072239.cif,-1.6204351792968748,0.0
test,mb-mp-e-form-117499,data/cifs/mb-mp-e-form-117499.cif,-2.827294782750001,0.0
test,mb-mp-e-form-104066,data/cifs/mb-mp-e-form-104066.cif,-2.498597131777143,0.0
test,mb-mp-e-form-025116,data/cifs/mb-mp-e-form-025116.cif,-0.2892363224999998,0.0
test,mb-mp-e-form-095622,data/cifs/mb-mp-e-form-095622.cif,-2.2907737706250004,0.0
test,mb-mp-e-form-025986,data/cifs/mb-mp-e-form-025986.cif,-0.3131950051666664,0.0
test,mb-mp-e-form-123155,data/cifs/mb-mp-e-form-123155.cif,-3.0443416167006814,0.0
test,mb-mp-e-form-122797,data/cifs/mb-mp-e-form-122797.cif,-3.055276405930452,0.0
test,mb-mp-e-form-064268,data/cifs/mb-mp-e-form-064268.cif,-1.3032993674304003,0.0
test,mb-mp-e-form-105331,data/cifs/mb-mp-e-form-105331.cif,-2.5119100083623707,0.0
test,mb-mp-e-form-030074,data/cifs/mb-mp-e-form-030074.cif,-0.3821189125000002,0.0
test,mb-mp-e-form-112142,data/cifs/mb-mp-e-form-112142.cif,-2.688226560357143,0.0
test,mb-mp-e-form-106781,data/cifs/mb-mp-e-form-106781.cif,-2.5505911084375,0.0
test,mb-mp-e-form-108169,data/cifs/mb-mp-e-form-108169.cif,-2.592079340510204,0.0
test,mb-mp-e-form-099999,data/cifs/mb-mp-e-form-099999.cif,-2.419641745923913,0.0
test,mb-mp-e-form-023490,data/cifs/mb-mp-e-form-023490.cif,-0.2665986642857145,0.0
test,mb-mp-e-form-057438,data/cifs/mb-mp-e-form-057438.cif,-1.018941001269842,0.0
test,mb-mp-e-form-020639,data/cifs/mb-mp-e-form-020639.cif,-0.1894695063888889,0.0
test,mb-mp-e-form-069362,data/cifs/mb-mp-e-form-069362.cif,-1.5058104454807697,0.0
test,mb-mp-e-form-095639,data/cifs/mb-mp-e-form-095639.cif,-2.299469366845237,0.0
test,mb-mp-e-form-099160,data/cifs/mb-mp-e-form-099160.cif,-2.386187378461538,0.0
test,mb-mp-e-form-059420,data/cifs/mb-mp-e-form-059420.cif,-1.1167075814375012,0.0
test,mb-mp-e-form-131679,data/cifs/mb-mp-e-form-131679.cif,-3.785889325921053,0.0
test,mb-mp-e-form-108745,data/cifs/mb-mp-e-form-108745.cif,-2.5811257282933333,0.0
test,mb-mp-e-form-042465,data/cifs/mb-mp-e-form-042465.cif,-0.6028722970312508,0.0
test,mb-mp-e-form-075060,data/cifs/mb-mp-e-form-075060.cif,-1.7158257347799997,0.0
test,mb-mp-e-form-076986,data/cifs/mb-mp-e-form-076986.cif,-1.7915095925599989,0.0
test,mb-mp-e-form-123046,data/cifs/mb-mp-e-form-123046.cif,-3.0371838751371416,0.0
test,mb-mp-e-form-050872,data/cifs/mb-mp-e-form-050872.cif,-0.7997703774279998,0.0
test,mb-mp-e-form-131232,data/cifs/mb-mp-e-form-131232.cif,-3.650301372875,0.0
test,mb-mp-e-form-017422,data/cifs/mb-mp-e-form-017422.cif,-0.1153739899999997,0.0
test,mb-mp-e-form-095893,data/cifs/mb-mp-e-form-095893.cif,-2.316210258188254,0.0
test,mb-mp-e-form-028227,data/cifs/mb-mp-e-form-028227.cif,-0.3520446740517243,0.0
test,mb-mp-e-form-001020,data/cifs/mb-mp-e-form-001020.cif,1.4645961890479997,0.0
test,mb-mp-e-form-016864,data/cifs/mb-mp-e-form-016864.cif,-0.0872122006249997,0.0
test,mb-mp-e-form-089505,data/cifs/mb-mp-e-form-089505.cif,-2.1406521483622223,0.0
test,mb-mp-e-form-013659,data/cifs/mb-mp-e-form-013659.cif,-0.0280617599999999,0.0
test,mb-mp-e-form-071290,data/cifs/mb-mp-e-form-071290.cif,-1.5744012246435592,0.0
test,mb-mp-e-form-001000,data/cifs/mb-mp-e-form-001000.cif,1.2786206898333343,0.0
test,mb-mp-e-form-054855,data/cifs/mb-mp-e-form-054855.cif,-0.9158158554279991,0.0
test,mb-mp-e-form-110822,data/cifs/mb-mp-e-form-110822.cif,-2.654771759375001,0.0
test,mb-mp-e-form-000903,data/cifs/mb-mp-e-form-000903.cif,1.5420701323333337,0.0
test,mb-mp-e-form-039167,data/cifs/mb-mp-e-form-039167.cif,-0.5451522966964291,0.0
test,mb-mp-e-form-107776,data/cifs/mb-mp-e-form-107776.cif,-2.576255756041667,0.0
test,mb-mp-e-form-026252,data/cifs/mb-mp-e-form-026252.cif,-0.3115952319999998,0.0
test,mb-mp-e-form-057104,data/cifs/mb-mp-e-form-057104.cif,-1.0320971497499998,0.0
test,mb-mp-e-form-008770,data/cifs/mb-mp-e-form-008770.cif,0.1150641700000001,0.0
test,mb-mp-e-form-075896,data/cifs/mb-mp-e-form-075896.cif,-1.7523766288095233,0.0
test,mb-mp-e-form-107859,data/cifs/mb-mp-e-form-107859.cif,-2.583594216620371,0.0
test,mb-mp-e-form-080681,data/cifs/mb-mp-e-form-080681.cif,-1.8660872579166667,0.0
test,mb-mp-e-form-047192,data/cifs/mb-mp-e-form-047192.cif,-0.718087698188,0.0
test,mb-mp-e-form-041305,data/cifs/mb-mp-e-form-041305.cif,-0.5916098511111118,0.0
test,mb-mp-e-form-098351,data/cifs/mb-mp-e-form-098351.cif,-2.367534713944285,0.0
test,mb-mp-e-form-018998,data/cifs/mb-mp-e-form-018998.cif,-0.1743939527777792,0.0
test,mb-mp-e-form-030056,data/cifs/mb-mp-e-form-030056.cif,-0.3785208512499993,0.0
test,mb-mp-e-form-096230,data/cifs/mb-mp-e-form-096230.cif,-2.324459904107144,0.0
test,mb-mp-e-form-094626,data/cifs/mb-mp-e-form-094626.cif,-2.268041717307692,0.0
test,mb-mp-e-form-055859,data/cifs/mb-mp-e-form-055859.cif,-0.9648526982112068,0.0
test,mb-mp-e-form-103996,data/cifs/mb-mp-e-form-103996.cif,-2.496766919565,0.0
test,mb-mp-e-form-041645,data/cifs/mb-mp-e-form-041645.cif,-0.5920253888095239,0.0
test,mb-mp-e-form-116405,data/cifs/mb-mp-e-form-116405.cif,-2.7897096511111124,0.0
test,mb-mp-e-form-088952,data/cifs/mb-mp-e-form-088952.cif,-2.1239596545833326,0.0
test,mb-mp-e-form-121664,data/cifs/mb-mp-e-form-121664.cif,-2.97029034723375,0.0
test,mb-mp-e-form-061862,data/cifs/mb-mp-e-form-061862.cif,-1.194384574722222,0.0
test,mb-mp-e-form-057750,data/cifs/mb-mp-e-form-057750.cif,-1.0413466655861117,0.0
test,mb-mp-e-form-078026,data/cifs/mb-mp-e-form-078026.cif,-1.82959416219738,0.0
test,mb-mp-e-form-053617,data/cifs/mb-mp-e-form-053617.cif,-0.8784061082802495,0.0
test,mb-mp-e-form-073505,data/cifs/mb-mp-e-form-073505.cif,-1.6474487519081824,0.0
test,mb-mp-e-form-061691,data/cifs/mb-mp-e-form-061691.cif,-1.1875461402990908,0.0
test,mb-mp-e-form-030859,data/cifs/mb-mp-e-form-030859.cif,-0.3877925599999994,0.0
test,mb-mp-e-form-038928,data/cifs/mb-mp-e-form-038928.cif,-0.5447439049999991,0.0
test,mb-mp-e-form-011605,data/cifs/mb-mp-e-form-011605.cif,0.0141717228906257,0.0
test,mb-mp-e-form-040848,data/cifs/mb-mp-e-form-040848.cif,-0.567666678333333,0.0
test,mb-mp-e-form-081848,data/cifs/mb-mp-e-form-081848.cif,-1.93478672025,0.0
test,mb-mp-e-form-125860,data/cifs/mb-mp-e-form-125860.cif,-3.205078428125,0.0
test,mb-mp-e-form-013171,data/cifs/mb-mp-e-form-013171.cif,-0.02910165,0.0
test,mb-mp-e-form-034194,data/cifs/mb-mp-e-form-034194.cif,-0.4491131767440474,0.0
test,mb-mp-e-form-083705,data/cifs/mb-mp-e-form-083705.cif,-1.94404918775,0.0
test,mb-mp-e-form-025767,data/cifs/mb-mp-e-form-025767.cif,-0.3007196062500004,0.0
test,mb-mp-e-form-120809,data/cifs/mb-mp-e-form-120809.cif,-2.9604484521093752,0.0
test,mb-mp-e-form-084151,data/cifs/mb-mp-e-form-084151.cif,-1.9896674153708336,0.0
test,mb-mp-e-form-077315,data/cifs/mb-mp-e-form-077315.cif,-1.8025836686533327,0.0
test,mb-mp-e-form-117919,data/cifs/mb-mp-e-form-117919.cif,-2.860668329750001,0.0
test,mb-mp-e-form-091227,data/cifs/mb-mp-e-form-091227.cif,-2.187268575993333,0.0
test,mb-mp-e-form-034167,data/cifs/mb-mp-e-form-034167.cif,-0.4471726720969225,0.0
test,mb-mp-e-form-105913,data/cifs/mb-mp-e-form-105913.cif,-2.544733985817792,0.0
test,mb-mp-e-form-038712,data/cifs/mb-mp-e-form-038712.cif,-0.5312131044936366,0.0
test,mb-mp-e-form-089330,data/cifs/mb-mp-e-form-089330.cif,-2.129257446210937,0.0
test,mb-mp-e-form-004874,data/cifs/mb-mp-e-form-004874.cif,0.3802189685349999,0.0
test,mb-mp-e-form-006610,data/cifs/mb-mp-e-form-006610.cif,0.1744419608333336,0.0
test,mb-mp-e-form-047544,data/cifs/mb-mp-e-form-047544.cif,-0.7211188529121425,0.0
test,mb-mp-e-form-040030,data/cifs/mb-mp-e-form-040030.cif,-0.5649788536363641,0.0
test,mb-mp-e-form-105342,data/cifs/mb-mp-e-form-105342.cif,-2.5208246275714288,0.0
test,mb-mp-e-form-079671,data/cifs/mb-mp-e-form-079671.cif,-1.8433377225,0.0
test,mb-mp-e-form-034044,data/cifs/mb-mp-e-form-034044.cif,-0.4612257410125009,0.0
test,mb-mp-e-form-091192,data/cifs/mb-mp-e-form-091192.cif,-2.192605057416666,0.0
test,mb-mp-e-form-064491,data/cifs/mb-mp-e-form-064491.cif,-1.31699129119,0.0
test,mb-mp-e-form-068791,data/cifs/mb-mp-e-form-068791.cif,-1.4763435324500005,0.0
test,mb-mp-e-form-082392,data/cifs/mb-mp-e-form-082392.cif,-1.9368674829807688,0.0
test,mb-mp-e-form-128691,data/cifs/mb-mp-e-form-128691.cif,-3.369879522613635,0.0
test,mb-mp-e-form-003915,data/cifs/mb-mp-e-form-003915.cif,0.4937484306250006,0.0
test,mb-mp-e-form-103374,data/cifs/mb-mp-e-form-103374.cif,-2.4849488859848488,0.0
test,mb-mp-e-form-101596,data/cifs/mb-mp-e-form-101596.cif,-2.4251626052977784,0.0
test,mb-mp-e-form-117273,data/cifs/mb-mp-e-form-117273.cif,-2.834656725625,0.0
test,mb-mp-e-form-108319,data/cifs/mb-mp-e-form-108319.cif,-2.5896482035642867,0.0
test,mb-mp-e-form-077357,data/cifs/mb-mp-e-form-077357.cif,-1.79737838284,0.0
test,mb-mp-e-form-019035,data/cifs/mb-mp-e-form-019035.cif,-0.1592513874999999,0.0
test,mb-mp-e-form-032611,data/cifs/mb-mp-e-form-032611.cif,-0.4251406017968748,0.0
test,mb-mp-e-form-129173,data/cifs/mb-mp-e-form-129173.cif,-3.4771064171920294,0.0
test,mb-mp-e-form-053855,data/cifs/mb-mp-e-form-053855.cif,-0.87354355,0.0
test,mb-mp-e-form-126577,data/cifs/mb-mp-e-form-126577.cif,-3.191813189172079,0.0
test,mb-mp-e-form-070256,data/cifs/mb-mp-e-form-070256.cif,-1.540052294352808,0.0
test,mb-mp-e-form-108520,data/cifs/mb-mp-e-form-108520.cif,-2.585848676440748,0.0
test,mb-mp-e-form-092629,data/cifs/mb-mp-e-form-092629.cif,-2.2210930770238098,0.0
test,mb-mp-e-form-023368,data/cifs/mb-mp-e-form-023368.cif,-0.2617013612500001,0.0
test,mb-mp-e-form-106866,data/cifs/mb-mp-e-form-106866.cif,-2.568063707314,0.0
test,mb-mp-e-form-128043,data/cifs/mb-mp-e-form-128043.cif,-3.388112295531123,0.0
test,mb-mp-e-form-113989,data/cifs/mb-mp-e-form-113989.cif,-2.7522562955644454,0.0
test,mb-mp-e-form-019144,data/cifs/mb-mp-e-form-019144.cif,-0.17911322125,0.0
test,mb-mp-e-form-062919,data/cifs/mb-mp-e-form-062919.cif,-1.283168525677084,0.0
test,mb-mp-e-form-034513,data/cifs/mb-mp-e-form-034513.cif,-0.4584997007142846,0.0
test,mb-mp-e-form-127581,data/cifs/mb-mp-e-form-127581.cif,-3.262367466,0.0
test,mb-mp-e-form-034252,data/cifs/mb-mp-e-form-034252.cif,-0.4584666257499989,0.0
test,mb-mp-e-form-081495,data/cifs/mb-mp-e-form-081495.cif,-1.8969405308333336,0.0
test,mb-mp-e-form-094115,data/cifs/mb-mp-e-form-094115.cif,-2.250760628035714,0.0
test,mb-mp-e-form-022752,data/cifs/mb-mp-e-form-022752.cif,-0.2480222913888893,0.0
test,mb-mp-e-form-102838,data/cifs/mb-mp-e-form-102838.cif,-2.4799577170238103,0.0
test,mb-mp-e-form-034527,data/cifs/mb-mp-e-form-034527.cif,-0.4556079066666667,0.0
test,mb-mp-e-form-073527,data/cifs/mb-mp-e-form-073527.cif,-1.673531985955126,0.0
test,mb-mp-e-form-054450,data/cifs/mb-mp-e-form-054450.cif,-0.915366173877142,0.0
test,mb-mp-e-form-014075,data/cifs/mb-mp-e-form-014075.cif,-0.0381376483333332,0.0
test,mb-mp-e-form-099039,data/cifs/mb-mp-e-form-099039.cif,-2.381300923839286,0.0
test,mb-mp-e-form-021110,data/cifs/mb-mp-e-form-021110.cif,-0.2252795343749998,0.0
test,mb-mp-e-form-089345,data/cifs/mb-mp-e-form-089345.cif,-2.125667512272728,0.0
test,mb-mp-e-form-077548,data/cifs/mb-mp-e-form-077548.cif,-1.7839076873437492,0.0
test,mb-mp-e-form-115834,data/cifs/mb-mp-e-form-115834.cif,-2.8043675346875,0.0
test,mb-mp-e-form-126974,data/cifs/mb-mp-e-form-126974.cif,-3.2561291545562496,0.0
test,mb-mp-e-form-037465,data/cifs/mb-mp-e-form-037465.cif,-0.5069334049999996,0.0
test,mb-mp-e-form-049697,data/cifs/mb-mp-e-form-049697.cif,-0.780214063793104,0.0
test,mb-mp-e-form-114419,data/cifs/mb-mp-e-form-114419.cif,-2.7250972234420003,0.0
test,mb-mp-e-form-089238,data/cifs/mb-mp-e-form-089238.cif,-2.125977976875,0.0
test,mb-mp-e-form-083529,data/cifs/mb-mp-e-form-083529.cif,-1.9532473694800008,0.0
test,mb-mp-e-form-067152,data/cifs/mb-mp-e-form-067152.cif,-1.4494779015847574,0.0
test,mb-mp-e-form-104368,data/cifs/mb-mp-e-form-104368.cif,-2.497502942386363,0.0
test,mb-mp-e-form-102753,data/cifs/mb-mp-e-form-102753.cif,-2.4447162665,0.0
test,mb-mp-e-form-085910,data/cifs/mb-mp-e-form-085910.cif,-2.0399835921285714,0.0
test,mb-mp-e-form-066997,data/cifs/mb-mp-e-form-066997.cif,-1.457115510087292,0.0
test,mb-mp-e-form-011552,data/cifs/mb-mp-e-form-011552.cif,0.0317069189093659,0.0
test,mb-mp-e-form-117628,data/cifs/mb-mp-e-form-117628.cif,-2.818664455053572,0.0
test,mb-mp-e-form-103001,data/cifs/mb-mp-e-form-103001.cif,-2.470699197408461,0.0
test,mb-mp-e-form-030260,data/cifs/mb-mp-e-form-030260.cif,-0.379350636904762,0.0
test,mb-mp-e-form-023006,data/cifs/mb-mp-e-form-023006.cif,-0.2586325333333334,0.0
test,mb-mp-e-form-113195,data/cifs/mb-mp-e-form-113195.cif,-2.6939898770238098,0.0
test,mb-mp-e-form-064434,data/cifs/mb-mp-e-form-064434.cif,-1.319092444468751,0.0
test,mb-mp-e-form-057851,data/cifs/mb-mp-e-form-057851.cif,-1.0391542801249996,0.0
test,mb-mp-e-form-035995,data/cifs/mb-mp-e-form-035995.cif,-0.4797258828787882,0.0
test,mb-mp-e-form-007381,data/cifs/mb-mp-e-form-007381.cif,0.1366826617857144,0.0
test,mb-mp-e-form-054593,data/cifs/mb-mp-e-form-054593.cif,-0.9179950692816092,0.0
test,mb-mp-e-form-011522,data/cifs/mb-mp-e-form-011522.cif,0.0137311161121145,0.0
test,mb-mp-e-form-016485,data/cifs/mb-mp-e-form-016485.cif,-0.0841474266666676,0.0
test,mb-mp-e-form-036844,data/cifs/mb-mp-e-form-036844.cif,-0.4798008120238097,0.0
test,mb-mp-e-form-031397,data/cifs/mb-mp-e-form-031397.cif,-0.400753288015873,0.0
test,mb-mp-e-form-013741,data/cifs/mb-mp-e-form-013741.cif,-0.0095250167506374,0.0
test,mb-mp-e-form-060237,data/cifs/mb-mp-e-form-060237.cif,-1.1307565212051638,0.0
test,mb-mp-e-form-000966,data/cifs/mb-mp-e-form-000966.cif,1.04396637,0.0
test,mb-mp-e-form-062245,data/cifs/mb-mp-e-form-062245.cif,-1.22753135925,0.0
test,mb-mp-e-form-116140,data/cifs/mb-mp-e-form-116140.cif,-2.791213158928572,0.0
test,mb-mp-e-form-130984,data/cifs/mb-mp-e-form-130984.cif,-3.64242178375,0.0
test,mb-mp-e-form-058554,data/cifs/mb-mp-e-form-058554.cif,-1.0504606330952388,0.0
test,mb-mp-e-form-045073,data/cifs/mb-mp-e-form-045073.cif,-0.6817649535896166,0.0
test,mb-mp-e-form-038925,data/cifs/mb-mp-e-form-038925.cif,-0.5469939262500004,0.0
test,mb-mp-e-form-110748,data/cifs/mb-mp-e-form-110748.cif,-2.6261704054411763,0.0
test,mb-mp-e-form-119021,data/cifs/mb-mp-e-form-119021.cif,-2.8946813884565,0.0
test,mb-mp-e-form-104827,data/cifs/mb-mp-e-form-104827.cif,-2.529037682359694,0.0
test,mb-mp-e-form-024530,data/cifs/mb-mp-e-form-024530.cif,-0.277861755,0.0
test,mb-mp-e-form-058866,data/cifs/mb-mp-e-form-058866.cif,-1.058780524807692,0.0
test,mb-mp-e-form-110923,data/cifs/mb-mp-e-form-110923.cif,-2.648610605446444,0.0
test,mb-mp-e-form-051080,data/cifs/mb-mp-e-form-051080.cif,-0.8142658760714294,0.0
test,mb-mp-e-form-103185,data/cifs/mb-mp-e-form-103185.cif,-2.4801742459304505,0.0
test,mb-mp-e-form-078517,data/cifs/mb-mp-e-form-078517.cif,-1.8151229413866667,0.0
test,mb-mp-e-form-048493,data/cifs/mb-mp-e-form-048493.cif,-0.7361090496666677,0.0
test,mb-mp-e-form-100342,data/cifs/mb-mp-e-form-100342.cif,-2.41977616385375,0.0
test,mb-mp-e-form-084305,data/cifs/mb-mp-e-form-084305.cif,-1.993303146090504,0.0
test,mb-mp-e-form-092967,data/cifs/mb-mp-e-form-092967.cif,-2.2255950141666667,0.0
test,mb-mp-e-form-113717,data/cifs/mb-mp-e-form-113717.cif,-2.7037243089130434,0.0
test,mb-mp-e-form-130886,data/cifs/mb-mp-e-form-130886.cif,-3.715793616833461,0.0
test,mb-mp-e-form-096774,data/cifs/mb-mp-e-form-096774.cif,-2.356107974396552,0.0
test,mb-mp-e-form-058411,data/cifs/mb-mp-e-form-058411.cif,-1.073169612173611,0.0
test,mb-mp-e-form-074751,data/cifs/mb-mp-e-form-074751.cif,-1.7031079147155563,0.0
test,mb-mp-e-form-103048,data/cifs/mb-mp-e-form-103048.cif,-2.482231780606,0.0
test,mb-mp-e-form-096869,data/cifs/mb-mp-e-form-096869.cif,-2.340895183365385,0.0
test,mb-mp-e-form-028931,data/cifs/mb-mp-e-form-028931.cif,-0.3696542685937511,0.0
test,mb-mp-e-form-121255,data/cifs/mb-mp-e-form-121255.cif,-2.982603330138889,0.0
test,mb-mp-e-form-063721,data/cifs/mb-mp-e-form-063721.cif,-1.2797985581250009,0.0
test,mb-mp-e-form-065261,data/cifs/mb-mp-e-form-065261.cif,-1.3401494875862072,0.0
test,mb-mp-e-form-012434,data/cifs/mb-mp-e-form-012434.cif,0.0027879833495145,0.0
test,mb-mp-e-form-090264,data/cifs/mb-mp-e-form-090264.cif,-2.154408300865,0.0
test,mb-mp-e-form-105434,data/cifs/mb-mp-e-form-105434.cif,-2.516476657091837,0.0
test,mb-mp-e-form-015447,data/cifs/mb-mp-e-form-015447.cif,-0.0730530333333341,0.0
test,mb-mp-e-form-049903,data/cifs/mb-mp-e-form-049903.cif,-0.7936336050000001,0.0
test,mb-mp-e-form-034071,data/cifs/mb-mp-e-form-034071.cif,-0.4474165084453125,0.0
test,mb-mp-e-form-001708,data/cifs/mb-mp-e-form-001708.cif,1.3281443410243057,0.0
test,mb-mp-e-form-103385,data/cifs/mb-mp-e-form-103385.cif,-2.475370858912338,0.0
test,mb-mp-e-form-012573,data/cifs/mb-mp-e-form-012573.cif,-0.0053128038461539,0.0
test,mb-mp-e-form-079626,data/cifs/mb-mp-e-form-079626.cif,-1.853735954239584,0.0
test,mb-mp-e-form-083521,data/cifs/mb-mp-e-form-083521.cif,-1.9513971025379988,0.0
test,mb-mp-e-form-102596,data/cifs/mb-mp-e-form-102596.cif,-2.4501755187500005,0.0
test,mb-mp-e-form-117776,data/cifs/mb-mp-e-form-117776.cif,-2.854165882187499,0.0
test,mb-mp-e-form-077270,data/cifs/mb-mp-e-form-077270.cif,-1.8001080509606493,0.0
test,mb-mp-e-form-042560,data/cifs/mb-mp-e-form-042560.cif,-0.5983223030539775,0.0
test,mb-mp-e-form-122407,data/cifs/mb-mp-e-form-122407.cif,-2.998116256587301,0.0
test,mb-mp-e-form-000317,data/cifs/mb-mp-e-form-000317.cif,1.7120955524999997,0.0
test,mb-mp-e-form-120200,data/cifs/mb-mp-e-form-120200.cif,-2.917160875750001,0.0
test,mb-mp-e-form-079805,data/cifs/mb-mp-e-form-079805.cif,-1.8493338335714284,0.0
test,mb-mp-e-form-075645,data/cifs/mb-mp-e-form-075645.cif,-1.7407145926785716,0.0
test,mb-mp-e-form-128391,data/cifs/mb-mp-e-form-128391.cif,-3.3160003557065227,0.0
test,mb-mp-e-form-032244,data/cifs/mb-mp-e-form-032244.cif,-0.40948679625,0.0
test,mb-mp-e-form-116312,data/cifs/mb-mp-e-form-116312.cif,-2.78794064375,0.0
test,mb-mp-e-form-121152,data/cifs/mb-mp-e-form-121152.cif,-2.9567666748863632,0.0
test,mb-mp-e-form-015947,data/cifs/mb-mp-e-form-015947.cif,-0.0827261257733328,0.0
test,mb-mp-e-form-023174,data/cifs/mb-mp-e-form-023174.cif,-0.2696276572413796,0.0
test,mb-mp-e-form-131882,data/cifs/mb-mp-e-form-131882.cif,-4.242548086633,0.0
test,mb-mp-e-form-087313,data/cifs/mb-mp-e-form-087313.cif,-2.072455331220396,0.0
test,mb-mp-e-form-124266,data/cifs/mb-mp-e-form-124266.cif,-3.094684046583333,0.0
test,mb-mp-e-form-003442,data/cifs/mb-mp-e-form-003442.cif,0.47853828625,0.0
test,mb-mp-e-form-132371,data/cifs/mb-mp-e-form-132371.cif,-3.887288578703334,0.0
test,mb-mp-e-form-017145,data/cifs/mb-mp-e-form-017145.cif,-0.1277171928799999,0.0
test,mb-mp-e-form-021640,data/cifs/mb-mp-e-form-021640.cif,-0.2250723684375003,0.0
test,mb-mp-e-form-099123,data/cifs/mb-mp-e-form-099123.cif,-2.383302413979697,0.0
test,mb-mp-e-form-063196,data/cifs/mb-mp-e-form-063196.cif,-1.264265560147059,0.0
test,mb-mp-e-form-081095,data/cifs/mb-mp-e-form-081095.cif,-1.881557240340909,0.0
test,mb-mp-e-form-121338,data/cifs/mb-mp-e-form-121338.cif,-2.973883499285716,0.0
test,mb-mp-e-form-050036,data/cifs/mb-mp-e-form-050036.cif,-0.7977019289434525,0.0
test,mb-mp-e-form-053294,data/cifs/mb-mp-e-form-053294.cif,-0.8935709274999999,0.0
test,mb-mp-e-form-013768,data/cifs/mb-mp-e-form-013768.cif,-0.0181597224999994,0.0
test,mb-mp-e-form-086612,data/cifs/mb-mp-e-form-086612.cif,-2.044293448124999,0.0
test,mb-mp-e-form-120554,data/cifs/mb-mp-e-form-120554.cif,-2.946774821889535,0.0
test,mb-mp-e-form-111336,data/cifs/mb-mp-e-form-111336.cif,-2.650137229799106,0.0
test,mb-mp-e-form-034435,data/cifs/mb-mp-e-form-034435.cif,-0.4536417900000004,0.0
test,mb-mp-e-form-108391,data/cifs/mb-mp-e-form-108391.cif,-2.588500280453229,0.0
test,mb-mp-e-form-100988,data/cifs/mb-mp-e-form-100988.cif,-2.4279490258680565,0.0
test,mb-mp-e-form-089699,data/cifs/mb-mp-e-form-089699.cif,-2.1428945210052914,0.0
test,mb-mp-e-form-055442,data/cifs/mb-mp-e-form-055442.cif,-0.9599775774801584,0.0
test,mb-mp-e-form-003169,data/cifs/mb-mp-e-form-003169.cif,0.4487198553735634,0.0
test,mb-mp-e-form-107450,data/cifs/mb-mp-e-form-107450.cif,-2.5550111543750003,0.0
test,mb-mp-e-form-094083,data/cifs/mb-mp-e-form-094083.cif,-2.266904434114584,0.0
test,mb-mp-e-form-021294,data/cifs/mb-mp-e-form-021294.cif,-0.2191364547058829,0.0
test,mb-mp-e-form-087759,data/cifs/mb-mp-e-form-087759.cif,-2.062978292181122,0.0
test,mb-mp-e-form-039753,data/cifs/mb-mp-e-form-039753.cif,-0.5389420387499998,0.0
test,mb-mp-e-form-007861,data/cifs/mb-mp-e-form-007861.cif,0.1349936772727273,0.0
test,mb-mp-e-form-130733,data/cifs/mb-mp-e-form-130733.cif,-3.5540506644663337,0.0
test,mb-mp-e-form-118953,data/cifs/mb-mp-e-form-118953.cif,-2.896863771815733,0.0
test,mb-mp-e-form-080858,data/cifs/mb-mp-e-form-080858.cif,-1.8964296232894728,0.0
test,mb-mp-e-form-112761,data/cifs/mb-mp-e-form-112761.cif,-2.7202324523162966,0.0
test,mb-mp-e-form-071046,data/cifs/mb-mp-e-form-071046.cif,-1.597138310130208,0.0
test,mb-mp-e-form-066975,data/cifs/mb-mp-e-form-066975.cif,-1.4499277311458336,0.0
test,mb-mp-e-form-018031,data/cifs/mb-mp-e-form-018031.cif,-0.1403529870833324,0.0
test,mb-mp-e-form-056236,data/cifs/mb-mp-e-form-056236.cif,-0.999923492796666,0.0
test,mb-mp-e-form-057855,data/cifs/mb-mp-e-form-057855.cif,-1.0201592295233342,0.0
test,mb-mp-e-form-127970,data/cifs/mb-mp-e-form-127970.cif,-3.365798824817428,0.0
test,mb-mp-e-form-013072,data/cifs/mb-mp-e-form-013072.cif,-0.0200482266666668,0.0
test,mb-mp-e-form-035342,data/cifs/mb-mp-e-form-035342.cif,-0.4748081662499999,0.0
test,mb-mp-e-form-029506,data/cifs/mb-mp-e-form-029506.cif,-0.3621818828422629,0.0
test,mb-mp-e-form-067784,data/cifs/mb-mp-e-form-067784.cif,-1.4578693314899998,0.0
test,mb-mp-e-form-082425,data/cifs/mb-mp-e-form-082425.cif,-1.921399785808823,0.0
test,mb-mp-e-form-010131,data/cifs/mb-mp-e-form-010131.cif,0.0355433975000001,0.0
test,mb-mp-e-form-080902,data/cifs/mb-mp-e-form-080902.cif,-1.8812796493103447,0.0
test,mb-mp-e-form-014494,data/cifs/mb-mp-e-form-014494.cif,-0.0432719015476198,0.0
test,mb-mp-e-form-026980,data/cifs/mb-mp-e-form-026980.cif,-0.3342985254374998,0.0
test,mb-mp-e-form-016757,data/cifs/mb-mp-e-form-016757.cif,-0.1003814500000004,0.0
test,mb-mp-e-form-010884,data/cifs/mb-mp-e-form-010884.cif,0.0582249811637929,0.0
test,mb-mp-e-form-093177,data/cifs/mb-mp-e-form-093177.cif,-2.2405660961769045,0.0
test,mb-mp-e-form-034196,data/cifs/mb-mp-e-form-034196.cif,-0.449891228684674,0.0
test,mb-mp-e-form-068242,data/cifs/mb-mp-e-form-068242.cif,-1.4991220534942309,0.0
test,mb-mp-e-form-020896,data/cifs/mb-mp-e-form-020896.cif,-0.2005290319133791,0.0
test,mb-mp-e-form-031446,data/cifs/mb-mp-e-form-031446.cif,-0.3955764444444433,0.0
test,mb-mp-e-form-083944,data/cifs/mb-mp-e-form-083944.cif,-1.976597711220999,0.0
test,mb-mp-e-form-025569,data/cifs/mb-mp-e-form-025569.cif,-0.2976360714705885,0.0
test,mb-mp-e-form-063431,data/cifs/mb-mp-e-form-063431.cif,-1.255669426875001,0.0
test,mb-mp-e-form-043078,data/cifs/mb-mp-e-form-043078.cif,-0.6392961807142855,0.0
test,mb-mp-e-form-109486,data/cifs/mb-mp-e-form-109486.cif,-2.600522633983516,0.0
test,mb-mp-e-form-114512,data/cifs/mb-mp-e-form-114512.cif,-2.743641827663044,0.0
test,mb-mp-e-form-050945,data/cifs/mb-mp-e-form-050945.cif,-0.8215054942447928,0.0
test,mb-mp-e-form-123319,data/cifs/mb-mp-e-form-123319.cif,-3.027880471458333,0.0
test,mb-mp-e-form-119366,data/cifs/mb-mp-e-form-119366.cif,-2.896611684077814,0.0
test,mb-mp-e-form-116481,data/cifs/mb-mp-e-form-116481.cif,-2.796231436666666,0.0
test,mb-mp-e-form-044171,data/cifs/mb-mp-e-form-044171.cif,-0.6458941845833331,0.0
test,mb-mp-e-form-062454,data/cifs/mb-mp-e-form-062454.cif,-1.2176854512843414,0.0
test,mb-mp-e-form-031526,data/cifs/mb-mp-e-form-031526.cif,-0.4049858547499998,0.0
test,mb-mp-e-form-129731,data/cifs/mb-mp-e-form-129731.cif,-3.429123673428572,0.0
test,mb-mp-e-form-062198,data/cifs/mb-mp-e-form-062198.cif,-1.2329152350521668,0.0
test,mb-mp-e-form-039816,data/cifs/mb-mp-e-form-039816.cif,-0.5570981075000001,0.0
test,mb-mp-e-form-060175,data/cifs/mb-mp-e-form-060175.cif,-1.1452764553392858,0.0
test,mb-mp-e-form-019920,data/cifs/mb-mp-e-form-019920.cif,-0.1862722833333319,0.0
test,mb-mp-e-form-121423,data/cifs/mb-mp-e-form-121423.cif,-2.9581741931497305,0.0
test,mb-mp-e-form-018015,data/cifs/mb-mp-e-form-018015.cif,-0.1325402908333342,0.0
test,mb-mp-e-form-014844,data/cifs/mb-mp-e-form-014844.cif,-0.0525499812499994,0.0
test,mb-mp-e-form-126337,data/cifs/mb-mp-e-form-126337.cif,-3.196382045544872,0.0
test,mb-mp-e-form-038568,data/cifs/mb-mp-e-form-038568.cif,-0.5340012517857146,0.0
test,mb-mp-e-form-060227,data/cifs/mb-mp-e-form-060227.cif,-1.1334397875181246,0.0
test,mb-mp-e-form-112011,data/cifs/mb-mp-e-form-112011.cif,-2.670542943947369,0.0
test,mb-mp-e-form-088494,data/cifs/mb-mp-e-form-088494.cif,-2.090878662097725,0.0
test,mb-mp-e-form-086337,data/cifs/mb-mp-e-form-086337.cif,-2.0532723431250006,0.0
test,mb-mp-e-form-010265,data/cifs/mb-mp-e-form-010265.cif,0.0391819100000001,0.0
test,mb-mp-e-form-123337,data/cifs/mb-mp-e-form-123337.cif,-3.044072386826923,0.0
test,mb-mp-e-form-091365,data/cifs/mb-mp-e-form-091365.cif,-2.187860296428571,0.0
test,mb-mp-e-form-129306,data/cifs/mb-mp-e-form-129306.cif,-3.4906867915997024,0.0
test,mb-mp-e-form-038202,data/cifs/mb-mp-e-form-038202.cif,-0.5260526830870589,0.0
test,mb-mp-e-form-093380,data/cifs/mb-mp-e-form-093380.cif,-2.241700687083333,0.0
test,mb-mp-e-form-021651,data/cifs/mb-mp-e-form-021651.cif,-0.2257290737499999,0.0
test,mb-mp-e-form-022504,data/cifs/mb-mp-e-form-022504.cif,-0.2349591903571427,0.0
test,mb-mp-e-form-049706,data/cifs/mb-mp-e-form-049706.cif,-0.7633653423333335,0.0
test,mb-mp-e-form-055574,data/cifs/mb-mp-e-form-055574.cif,-0.95939963,0.0
test,mb-mp-e-form-108327,data/cifs/mb-mp-e-form-108327.cif,-2.5922450819854626,0.0
test,mb-mp-e-form-048468,data/cifs/mb-mp-e-form-048468.cif,-0.7436924408928586,0.0
test,mb-mp-e-form-069211,data/cifs/mb-mp-e-form-069211.cif,-1.516854876875,0.0
test,mb-mp-e-form-048253,data/cifs/mb-mp-e-form-048253.cif,-0.7470264883333336,0.0
test,mb-mp-e-form-001230,data/cifs/mb-mp-e-form-001230.cif,1.13416585625,0.0
test,mb-mp-e-form-064201,data/cifs/mb-mp-e-form-064201.cif,-1.293627926489763,0.0
test,mb-mp-e-form-020833,data/cifs/mb-mp-e-form-020833.cif,-0.1896204949999997,0.0
test,mb-mp-e-form-097693,data/cifs/mb-mp-e-form-097693.cif,-2.354606112568028,0.0
test,mb-mp-e-form-059774,data/cifs/mb-mp-e-form-059774.cif,-1.0926303775000008,0.0
test,mb-mp-e-form-011726,data/cifs/mb-mp-e-form-011726.cif,0.0301530374999998,0.0
test,mb-mp-e-form-065464,data/cifs/mb-mp-e-form-065464.cif,-1.3574429584314278,0.0
test,mb-mp-e-form-071338,data/cifs/mb-mp-e-form-071338.cif,-1.594947541749999,0.0
test,mb-mp-e-form-049670,data/cifs/mb-mp-e-form-049670.cif,-0.7657822430303031,0.0
test,mb-mp-e-form-053004,data/cifs/mb-mp-e-form-053004.cif,-0.880594533831169,0.0
test,mb-mp-e-form-092210,data/cifs/mb-mp-e-form-092210.cif,-2.199892071441543,0.0
test,mb-mp-e-form-114295,data/cifs/mb-mp-e-form-114295.cif,-2.729640455951999,0.0
test,mb-mp-e-form-032292,data/cifs/mb-mp-e-form-032292.cif,-0.4131950316666669,0.0
test,mb-mp-e-form-016474,data/cifs/mb-mp-e-form-016474.cif,-0.0961379691666666,0.0
test,mb-mp-e-form-085187,data/cifs/mb-mp-e-form-085187.cif,-2.013254078342392,0.0
test,mb-mp-e-form-099760,data/cifs/mb-mp-e-form-099760.cif,-2.4119871295279296,0.0
test,mb-mp-e-form-052026,data/cifs/mb-mp-e-form-052026.cif,-0.8548295250689655,0.0
test,mb-mp-e-form-007311,data/cifs/mb-mp-e-form-007311.cif,0.1415411895454542,0.0
test,mb-mp-e-form-094293,data/cifs/mb-mp-e-form-094293.cif,-2.279196423697379,0.0
test,mb-mp-e-form-079596,data/cifs/mb-mp-e-form-079596.cif,-1.857485158546666,0.0
test,mb-mp-e-form-073874,data/cifs/mb-mp-e-form-073874.cif,-1.7121963048684212,0.0
test,mb-mp-e-form-065743,data/cifs/mb-mp-e-form-065743.cif,-1.3346668272114286,0.0
test,mb-mp-e-form-002614,data/cifs/mb-mp-e-form-002614.cif,0.7084177750000009,0.0
test,mb-mp-e-form-023332,data/cifs/mb-mp-e-form-023332.cif,-0.2563571326530628,0.0
test,mb-mp-e-form-014668,data/cifs/mb-mp-e-form-014668.cif,-0.0355199141666666,0.0
test,mb-mp-e-form-074004,data/cifs/mb-mp-e-form-074004.cif,-1.6978224978124992,0.0
test,mb-mp-e-form-008530,data/cifs/mb-mp-e-form-008530.cif,0.1089615174999991,0.0
test,mb-mp-e-form-100783,data/cifs/mb-mp-e-form-100783.cif,-2.432761137878788,0.0
test,mb-mp-e-form-115103,data/cifs/mb-mp-e-form-115103.cif,-2.773343075638889,0.0
test,mb-mp-e-form-129399,data/cifs/mb-mp-e-form-129399.cif,-3.4167516926357138,0.0
test,mb-mp-e-form-033781,data/cifs/mb-mp-e-form-033781.cif,-0.4328727359449995,0.0
test,mb-mp-e-form-100002,data/cifs/mb-mp-e-form-100002.cif,-2.4194639559156657,0.0
test,mb-mp-e-form-060319,data/cifs/mb-mp-e-form-060319.cif,-1.1253475842336311,0.0
test,mb-mp-e-form-016347,data/cifs/mb-mp-e-form-016347.cif,-0.0829625185416661,0.0
