id,source,split,cif_path,y_true,formula,natoms,structure_failure
mb-mp-e-form-109201,matbench_mp_e_form,train,<RUNS_ROOT>/official_benchmark_214/matbench_e_form_5fold/fold0/dataset/cifs/mb-mp-e-form-109201.cif,-2.6150670905,Sr2CoWO6,10,
mb-mp-e-form-055202,matbench_mp_e_form,train,<RUNS_ROOT>/official_benchmark_214/matbench_e_form_5fold/fold0/dataset/cifs/mb-mp-e-form-055202.cif,-0.9571769549878254,NiH9C4(NO2)3,92,
mb-mp-e-form-132489,matbench_mp_e_form,train,<RUNS_ROOT>/official_benchmark_214/matbench_e_form_5fold/fold0/dataset/cifs/mb-mp-e-form-132489.cif,-4.136365133666667,SmTh4O10,15,
mb-mp-e-form-076291,matbench_mp_e_form,train,<RUNS_ROOT>/official_benchmark_214/matbench_e_form_5fold/fold0/dataset/cifs/mb-mp-e-form-076291.cif,-1.75468017169335,CsNa5(FeO3)2,56,
mb-mp-e-form-114654,matbench_mp_e_form,train,<RUNS_ROOT>/official_benchmark_214/matbench_e_form_5fold/fold0/dataset/cifs/mb-mp-e-form-114654.cif,-2.7354888887762963,LiV2(OF)3,27,
mb-mp-e-form-116015,matbench_mp_e_form,train,<RUNS_ROOT>/official_benchmark_214/matbench_e_form_5fold/fold0/dataset/cifs/mb-mp-e-form-116015.cif,-2.798868930706333,Na5Pr4Ge4O16F,30,
mb-mp-e-form-113702,matbench_mp_e_form,train,<RUNS_ROOT>/official_benchmark_214/matbench_e_form_5fold/fold0/dataset/cifs/mb-mp-e-form-113702.cif,-2.7068858141541354,Li2V2(PO4)3,76,
mb-mp-e-form-039976,matbench_mp_e_form,train,<RUNS_ROOT>/official_benchmark_214/matbench_e_form_5fold/fold0/dataset/cifs/mb-mp-e-form-039976.cif,-0.5724872608333319,NdCuSn,6,
mb-mp-e-form-017613,matbench_mp_e_form,train,<RUNS_ROOT>/official_benchmark_214/matbench_e_form_5fold/fold0/dataset/cifs/mb-mp-e-form-017613.cif,-0.121504793839,S4(BrN)3,40,
mb-mp-e-form-047778,matbench_mp_e_form,train,<RUNS_ROOT>/official_benchmark_214/matbench_e_form_5fold/fold0/dataset/cifs/mb-mp-e-form-047778.cif,-0.7159898001341466,K(Zr3I7)4,164,
mb-mp-e-form-037538,matbench_mp_e_form,train,<RUNS_ROOT>/official_benchmark_214/matbench_e_form_5fold/fold0/dataset/cifs/mb-mp-e-form-037538.cif,-0.4993769279629624,Eu(BIr)4,18,
mb-mp-e-form-087511,matbench_mp_e_form,train,<RUNS_ROOT>/official_benchmark_214/matbench_e_form_5fold/fold0/dataset/cifs/mb-mp-e-form-087511.cif,-2.083966280108696,Dy2(BiO2)7,23,
mb-mp-e-form-034622,matbench_mp_e_form,train,<RUNS_ROOT>/official_benchmark_214/matbench_e_form_5fold/fold0/dataset/cifs/mb-mp-e-form-034622.cif,-0.4497299322222226,LiGa3Te5,36,
mb-mp-e-form-053715,matbench_mp_e_form,train,<RUNS_ROOT>/official_benchmark_214/matbench_e_form_5fold/fold0/dataset/cifs/mb-mp-e-form-053715.cif,-0.8914195750411094,H3ClO5,36,
mb-mp-e-form-095255,matbench_mp_e_form,train,<RUNS_ROOT>/official_benchmark_214/matbench_e_form_5fold/fold0/dataset/cifs/mb-mp-e-form-095255.cif,-2.289411622291667,Ba2PdO3,6,
mb-mp-e-form-055395,matbench_mp_e_form,train,<RUNS_ROOT>/official_benchmark_214/matbench_e_form_5fold/fold0/dataset/cifs/mb-mp-e-form-055395.cif,-0.949852016730596,In2AgS3Cl,14,
mb-mp-e-form-006484,matbench_mp_e_form,train,<RUNS_ROOT>/official_benchmark_214/matbench_e_form_5fold/fold0/dataset/cifs/mb-mp-e-form-006484.cif,0.1732126025000004,Ac3Ce,4,
mb-mp-e-form-073491,matbench_mp_e_form,train,<RUNS_ROOT>/official_benchmark_214/matbench_e_form_5fold/fold0/dataset/cifs/mb-mp-e-form-073491.cif,-1.650849915232,BeH8(NF2)2,60,
mb-mp-e-form-052933,matbench_mp_e_form,train,<RUNS_ROOT>/official_benchmark_214/matbench_e_form_5fold/fold0/dataset/cifs/mb-mp-e-form-052933.cif,-0.8672056438461531,MgCu2(NiO4)2,52,
mb-mp-e-form-122123,matbench_mp_e_form,train,<RUNS_ROOT>/official_benchmark_214/matbench_e_form_5fold/fold0/dataset/cifs/mb-mp-e-form-122123.cif,-2.9868674845000003,Ca2ScReO6,20,
mb-mp-e-form-128310,matbench_mp_e_form,train,<RUNS_ROOT>/official_benchmark_214/matbench_e_form_5fold/fold0/dataset/cifs/mb-mp-e-form-128310.cif,-3.3754823344958624,Cs2RbZrOF5,10,
mb-mp-e-form-104416,matbench_mp_e_form,train,<RUNS_ROOT>/official_benchmark_214/matbench_e_form_5fold/fold0/dataset/cifs/mb-mp-e-form-104416.cif,-2.5041164169419776,Li2Mn(PO4)2,104,
mb-mp-e-form-083430,matbench_mp_e_form,train,<RUNS_ROOT>/official_benchmark_214/matbench_e_form_5fold/fold0/dataset/cifs/mb-mp-e-form-083430.cif,-1.9610707943220336,Fe15(Ge2O9)4,59,
mb-mp-e-form-125607,matbench_mp_e_form,train,<RUNS_ROOT>/official_benchmark_214/matbench_e_form_5fold/fold0/dataset/cifs/mb-mp-e-form-125607.cif,-3.1519522387140007,Li3VF6,20,
mb-mp-e-form-033656,matbench_mp_e_form,train,<RUNS_ROOT>/official_benchmark_214/matbench_e_form_5fold/fold0/dataset/cifs/mb-mp-e-form-033656.cif,-0.4331249810000003,Ho(CrSi)2,5,
mb-mp-e-form-026577,matbench_mp_e_form,train,<RUNS_ROOT>/official_benchmark_214/matbench_e_form_5fold/fold0/dataset/cifs/mb-mp-e-form-026577.cif,-0.3122082516666668,LaNi2,6,
mb-mp-e-form-025543,matbench_mp_e_form,train,<RUNS_ROOT>/official_benchmark_214/matbench_e_form_5fold/fold0/dataset/cifs/mb-mp-e-form-025543.cif,-0.2984112804166665,CaIn2Cu,8,
mb-mp-e-form-124089,matbench_mp_e_form,train,<RUNS_ROOT>/official_benchmark_214/matbench_e_form_5fold/fold0/dataset/cifs/mb-mp-e-form-124089.cif,-3.117493378751837,Rb2ErTi(PO4)3,76,
mb-mp-e-form-006307,matbench_mp_e_form,train,<RUNS_ROOT>/official_benchmark_214/matbench_e_form_5fold/fold0/dataset/cifs/mb-mp-e-form-006307.cif,0.2147526218181813,Mg4Si7,22,
mb-mp-e-form-010975,matbench_mp_e_form,train,<RUNS_ROOT>/official_benchmark_214/matbench_e_form_5fold/fold0/dataset/cifs/mb-mp-e-form-010975.cif,0.0234517706250003,Mg6SiSn,8,
mb-mp-e-form-095805,matbench_mp_e_form,train,<RUNS_ROOT>/official_benchmark_214/matbench_e_form_5fold/fold0/dataset/cifs/mb-mp-e-form-095805.cif,-2.319649362252747,Nb2Zn2BiO8,26,
mb-mp-e-form-001877,matbench_mp_e_form,train,<RUNS_ROOT>/official_benchmark_214/matbench_e_form_5fold/fold0/dataset/cifs/mb-mp-e-form-001877.cif,1.1149563166666674,TaAuBr,3,
mb-mp-e-form-124155,matbench_mp_e_form,train,<RUNS_ROOT>/official_benchmark_214/matbench_e_form_5fold/fold0/dataset/cifs/mb-mp-e-form-124155.cif,-3.0841421273958325,Ca4TiSi4Sn3O20,32,
mb-mp-e-form-009979,matbench_mp_e_form,train,<RUNS_ROOT>/official_benchmark_214/matbench_e_form_5fold/fold0/dataset/cifs/mb-mp-e-form-009979.cif,0.0524758231250004,Mg6CoSb,8,
mb-mp-e-form-055357,matbench_mp_e_form,train,<RUNS_ROOT>/official_benchmark_214/matbench_e_form_5fold/fold0/dataset/cifs/mb-mp-e-form-055357.cif,-0.957215069598214,Ti3(TeSe)2,7,
mb-mp-e-form-076219,matbench_mp_e_form,train,<RUNS_ROOT>/official_benchmark_214/matbench_e_form_5fold/fold0/dataset/cifs/mb-mp-e-form-076219.cif,-1.7770284115476196,In(PO4)3,32,
mb-mp-e-form-019569,matbench_mp_e_form,train,<RUNS_ROOT>/official_benchmark_214/matbench_e_form_5fold/fold0/dataset/cifs/mb-mp-e-form-019569.cif,-0.1840690968571429,Zn3P2,40,
mb-mp-e-form-001295,matbench_mp_e_form,train,<RUNS_ROOT>/official_benchmark_214/matbench_e_form_5fold/fold0/dataset/cifs/mb-mp-e-form-001295.cif,1.3033686299999996,Mg2GaPd,4,
mb-mp-e-form-030839,matbench_mp_e_form,train,<RUNS_ROOT>/official_benchmark_214/matbench_e_form_5fold/fold0/dataset/cifs/mb-mp-e-form-030839.cif,-0.3769924424999997,La2TlCd,4,
mb-mp-e-form-045658,matbench_mp_e_form,train,<RUNS_ROOT>/official_benchmark_214/matbench_e_form_5fold/fold0/dataset/cifs/mb-mp-e-form-045658.cif,-0.664302351507731,SnHg6(P2Cl3)2,68,
mb-mp-e-form-105204,matbench_mp_e_form,train,<RUNS_ROOT>/official_benchmark_214/matbench_e_form_5fold/fold0/dataset/cifs/mb-mp-e-form-105204.cif,-2.5117714946008047,RbTlF4,24,
mb-mp-e-form-065923,matbench_mp_e_form,train,<RUNS_ROOT>/official_benchmark_214/matbench_e_form_5fold/fold0/dataset/cifs/mb-mp-e-form-065923.cif,-1.381680410850001,KFeO3,20,
mb-mp-e-form-035344,matbench_mp_e_form,train,<RUNS_ROOT>/official_benchmark_214/matbench_e_form_5fold/fold0/dataset/cifs/mb-mp-e-form-035344.cif,-0.4735178700000008,TmAlNi4,6,
mb-mp-e-form-113051,matbench_mp_e_form,train,<RUNS_ROOT>/official_benchmark_214/matbench_e_form_5fold/fold0/dataset/cifs/mb-mp-e-form-113051.cif,-2.7145900433749994,Ca5Cr3O12,80,
mb-mp-e-form-042648,matbench_mp_e_form,train,<RUNS_ROOT>/official_benchmark_214/matbench_e_form_5fold/fold0/dataset/cifs/mb-mp-e-form-042648.cif,-0.6114126710938631,NaH12C4S2BrO2,88,
mb-mp-e-form-053730,matbench_mp_e_form,train,<RUNS_ROOT>/official_benchmark_214/matbench_e_form_5fold/fold0/dataset/cifs/mb-mp-e-form-053730.cif,-0.8944421140909085,BiIr3(CO)9,44,
mb-mp-e-form-101718,matbench_mp_e_form,train,<RUNS_ROOT>/official_benchmark_214/matbench_e_form_5fold/fold0/dataset/cifs/mb-mp-e-form-101718.cif,-2.432178184299365,Mn2CrFe3(PO4)6,36,
mb-mp-e-form-011182,matbench_mp_e_form,train,<RUNS_ROOT>/official_benchmark_214/matbench_e_form_5fold/fold0/dataset/cifs/mb-mp-e-form-011182.cif,0.0256365825,CaC2,6,
mb-mp-e-form-086768,matbench_mp_e_form,train,<RUNS_ROOT>/official_benchmark_214/matbench_e_form_5fold/fold0/dataset/cifs/mb-mp-e-form-086768.cif,-2.042051913461538,Ca2Bi3O8,13,
mb-mp-e-form-009182,matbench_mp_e_form,train,<RUNS_ROOT>/official_benchmark_214/matbench_e_form_5fold/fold0/dataset/cifs/mb-mp-e-form-009182.cif,0.0768420981250002,Mg14AlV,16,
mb-mp-e-form-030440,matbench_mp_e_form,train,<RUNS_ROOT>/official_benchmark_214/matbench_e_form_5fold/fold0/dataset/cifs/mb-mp-e-form-030440.cif,-0.3755474699107144,GaAgGeSe4,7,
mb-mp-e-form-040915,matbench_mp_e_form,train,<RUNS_ROOT>/official_benchmark_214/matbench_e_form_5fold/fold0/dataset/cifs/mb-mp-e-form-040915.cif,-0.5899178951736109,Mo(WSe3)2,9,
mb-mp-e-form-034031,matbench_mp_e_form,train,<RUNS_ROOT>/official_benchmark_214/matbench_e_form_5fold/fold0/dataset/cifs/mb-mp-e-form-034031.cif,-0.4580274112499997,Ag(Mo3Se4)2,15,
mb-mp-e-form-117408,matbench_mp_e_form,train,<RUNS_ROOT>/official_benchmark_214/matbench_e_form_5fold/fold0/dataset/cifs/mb-mp-e-form-117408.cif,-2.844454927385532,Al(PO3)3,78,
mb-mp-e-form-015547,matbench_mp_e_form,train,<RUNS_ROOT>/official_benchmark_214/matbench_e_form_5fold/fold0/dataset/cifs/mb-mp-e-form-015547.cif,-0.0638020935,CdHg4Te5,10,
mb-mp-e-form-041162,matbench_mp_e_form,train,<RUNS_ROOT>/official_benchmark_214/matbench_e_form_5fold/fold0/dataset/cifs/mb-mp-e-form-041162.cif,-0.5915195819047618,Ta13Co40Si31,168,
mb-mp-e-form-079719,matbench_mp_e_form,train,<RUNS_ROOT>/official_benchmark_214/matbench_e_form_5fold/fold0/dataset/cifs/mb-mp-e-form-079719.cif,-1.8505687517857143,Li2Fe3BiO8,14,
mb-mp-e-form-006967,matbench_mp_e_form,train,<RUNS_ROOT>/official_benchmark_214/matbench_e_form_5fold/fold0/dataset/cifs/mb-mp-e-form-006967.cif,0.1315540106249999,LaHfMg6,8,
mb-mp-e-form-101484,matbench_mp_e_form,train,<RUNS_ROOT>/official_benchmark_214/matbench_e_form_5fold/fold0/dataset/cifs/mb-mp-e-form-101484.cif,-2.43254353875,Li2VCrO4,16,
mb-mp-e-form-082217,matbench_mp_e_form,train,<RUNS_ROOT>/official_benchmark_214/matbench_e_form_5fold/fold0/dataset/cifs/mb-mp-e-form-082217.cif,-1.9137797374600003,NaBrF4,12,
mb-mp-e-form-103280,matbench_mp_e_form,train,<RUNS_ROOT>/official_benchmark_214/matbench_e_form_5fold/fold0/dataset/cifs/mb-mp-e-form-103280.cif,-2.468013722622504,Cs4UC3O11,38,
mb-mp-e-form-097762,matbench_mp_e_form,train,<RUNS_ROOT>/official_benchmark_214/matbench_e_form_5fold/fold0/dataset/cifs/mb-mp-e-form-097762.cif,-2.375336336428571,Zn2SiO4,28,
mb-mp-e-form-060304,matbench_mp_e_form,train,<RUNS_ROOT>/official_benchmark_214/matbench_e_form_5fold/fold0/dataset/cifs/mb-mp-e-form-060304.cif,-1.1479157896938883,ZnCu15H24(ClO3)8,72,
mb-mp-e-form-028165,matbench_mp_e_form,train,<RUNS_ROOT>/official_benchmark_214/matbench_e_form_5fold/fold0/dataset/cifs/mb-mp-e-form-028165.cif,-0.3434675916666674,HfFe2,24,
mb-mp-e-form-047993,matbench_mp_e_form,train,<RUNS_ROOT>/official_benchmark_214/matbench_e_form_5fold/fold0/dataset/cifs/mb-mp-e-form-047993.cif,-0.7460604058333326,ZnO2,3,
mb-mp-e-form-004267,matbench_mp_e_form,train,<RUNS_ROOT>/official_benchmark_214/matbench_e_form_5fold/fold0/dataset/cifs/mb-mp-e-form-004267.cif,0.3959540137440008,Pd(NCl)2,5,
mb-mp-e-form-021319,matbench_mp_e_form,train,<RUNS_ROOT>/official_benchmark_214/matbench_e_form_5fold/fold0/dataset/cifs/mb-mp-e-form-021319.cif,-0.223843934999999,ZrUAl4,6,
mb-mp-e-form-025823,matbench_mp_e_form,train,<RUNS_ROOT>/official_benchmark_214/matbench_e_form_5fold/fold0/dataset/cifs/mb-mp-e-form-025823.cif,-0.3033291041666666,Li2AcPb,4,
mb-mp-e-form-041303,matbench_mp_e_form,train,<RUNS_ROOT>/official_benchmark_214/matbench_e_form_5fold/fold0/dataset/cifs/mb-mp-e-form-041303.cif,-0.5958727693939397,Tb4Si7,11,
mb-mp-e-form-075298,matbench_mp_e_form,train,<RUNS_ROOT>/official_benchmark_214/matbench_e_form_5fold/fold0/dataset/cifs/mb-mp-e-form-075298.cif,-1.7147442822133765,Na4P4H10N4O11,66,
mb-mp-e-form-038466,matbench_mp_e_form,train,<RUNS_ROOT>/official_benchmark_214/matbench_e_form_5fold/fold0/dataset/cifs/mb-mp-e-form-038466.cif,-0.5205378246484376,Cd2TeSe,4,
mb-mp-e-form-031048,matbench_mp_e_form,train,<RUNS_ROOT>/official_benchmark_214/matbench_e_form_5fold/fold0/dataset/cifs/mb-mp-e-form-031048.cif,-0.3911843220512818,Tb2Al6Si4Au,13,
mb-mp-e-form-032528,matbench_mp_e_form,train,<RUNS_ROOT>/official_benchmark_214/matbench_e_form_5fold/fold0/dataset/cifs/mb-mp-e-form-032528.cif,-0.4217439280000007,Ce(MgSi)2,5,
mb-mp-e-form-029410,matbench_mp_e_form,train,<RUNS_ROOT>/official_benchmark_214/matbench_e_form_5fold/fold0/dataset/cifs/mb-mp-e-form-029410.cif,-0.3580846232834782,H10PtC4(NCl3)2,23,
mb-mp-e-form-126573,matbench_mp_e_form,train,<RUNS_ROOT>/official_benchmark_214/matbench_e_form_5fold/fold0/dataset/cifs/mb-mp-e-form-126573.cif,-3.227148077954545,Ba4HfO6,22,
mb-mp-e-form-125256,matbench_mp_e_form,train,<RUNS_ROOT>/official_benchmark_214/matbench_e_form_5fold/fold0/dataset/cifs/mb-mp-e-form-125256.cif,-3.125673348303571,ZrP2O7,40,
mb-mp-e-form-104274,matbench_mp_e_form,train,<RUNS_ROOT>/official_benchmark_214/matbench_e_form_5fold/fold0/dataset/cifs/mb-mp-e-form-104274.cif,-2.5052116592346936,NaZnPO4,28,
mb-mp-e-form-056446,matbench_mp_e_form,train,<RUNS_ROOT>/official_benchmark_214/matbench_e_form_5fold/fold0/dataset/cifs/mb-mp-e-form-056446.cif,-0.9921361610416662,RuS2,12,
mb-mp-e-form-098232,matbench_mp_e_form,train,<RUNS_ROOT>/official_benchmark_214/matbench_e_form_5fold/fold0/dataset/cifs/mb-mp-e-form-098232.cif,-2.373969180625,TmBi2BrO4,8,
mb-mp-e-form-064542,matbench_mp_e_form,train,<RUNS_ROOT>/official_benchmark_214/matbench_e_form_5fold/fold0/dataset/cifs/mb-mp-e-form-064542.cif,-1.2889994494886372,BaLi(BS2)3,22,
mb-mp-e-form-041858,matbench_mp_e_form,train,<RUNS_ROOT>/official_benchmark_214/matbench_e_form_5fold/fold0/dataset/cifs/mb-mp-e-form-041858.cif,-0.5940986857499994,Np(SiPd)2,5,
mb-mp-e-form-131979,matbench_mp_e_form,train,<RUNS_ROOT>/official_benchmark_214/matbench_e_form_5fold/fold0/dataset/cifs/mb-mp-e-form-131979.cif,-4.257229756481111,ErZrF7,18,
mb-mp-e-form-119057,matbench_mp_e_form,train,<RUNS_ROOT>/official_benchmark_214/matbench_e_form_5fold/fold0/dataset/cifs/mb-mp-e-form-119057.cif,-2.897296531782966,Rb2AlAuF6,10,
mb-mp-e-form-020845,matbench_mp_e_form,train,<RUNS_ROOT>/official_benchmark_214/matbench_e_form_5fold/fold0/dataset/cifs/mb-mp-e-form-020845.cif,-0.1958577999999997,HfZnCu2,4,
mb-mp-e-form-048459,matbench_mp_e_form,train,<RUNS_ROOT>/official_benchmark_214/matbench_e_form_5fold/fold0/dataset/cifs/mb-mp-e-form-048459.cif,-0.7348605424999999,DyZnRh,12,
mb-mp-e-form-037651,matbench_mp_e_form,train,<RUNS_ROOT>/official_benchmark_214/matbench_e_form_5fold/fold0/dataset/cifs/mb-mp-e-form-037651.cif,-0.5001890720370368,Er4NiB13,36,
mb-mp-e-form-020530,matbench_mp_e_form,train,<RUNS_ROOT>/official_benchmark_214/matbench_e_form_5fold/fold0/dataset/cifs/mb-mp-e-form-020530.cif,-0.2052947132142861,Al6Re,14,
mb-mp-e-form-126135,matbench_mp_e_form,train,<RUNS_ROOT>/official_benchmark_214/matbench_e_form_5fold/fold0/dataset/cifs/mb-mp-e-form-126135.cif,-3.2159996621666664,CePr4O10,15,
mb-mp-e-form-106486,matbench_mp_e_form,train,<RUNS_ROOT>/official_benchmark_214/matbench_e_form_5fold/fold0/dataset/cifs/mb-mp-e-form-106486.cif,-2.545551928235294,Li6Co(SiO4)2,17,
mb-mp-e-form-090711,matbench_mp_e_form,train,<RUNS_ROOT>/official_benchmark_214/matbench_e_form_5fold/fold0/dataset/cifs/mb-mp-e-form-090711.cif,-2.161905627211428,Li2MnCr3O8,14,
mb-mp-e-form-096411,matbench_mp_e_form,train,<RUNS_ROOT>/official_benchmark_214/matbench_e_form_5fold/fold0/dataset/cifs/mb-mp-e-form-096411.cif,-2.3133463201151714,Na5P3H2O11,42,
mb-mp-e-form-055672,matbench_mp_e_form,train,<RUNS_ROOT>/official_benchmark_214/matbench_e_form_5fold/fold0/dataset/cifs/mb-mp-e-form-055672.cif,-0.9534118152413796,CsSnI3,10,
mb-mp-e-form-053723,matbench_mp_e_form,train,<RUNS_ROOT>/official_benchmark_214/matbench_e_form_5fold/fold0/dataset/cifs/mb-mp-e-form-053723.cif,-0.8732572778375993,Mn2SnC10(ClO5)2,100,
mb-mp-e-form-105131,matbench_mp_e_form,train,<RUNS_ROOT>/official_benchmark_214/matbench_e_form_5fold/fold0/dataset/cifs/mb-mp-e-form-105131.cif,-2.5104587554456463,Li2InP2HO8,28,
mb-mp-e-form-123266,matbench_mp_e_form,train,<RUNS_ROOT>/official_benchmark_214/matbench_e_form_5fold/fold0/dataset/cifs/mb-mp-e-form-123266.cif,-3.041346120833216,NbO2F,16,
mb-mp-e-form-109494,matbench_mp_e_form,train,<RUNS_ROOT>/official_benchmark_214/matbench_e_form_5fold/fold0/dataset/cifs/mb-mp-e-form-109494.cif,-2.6073428237500007,Li2CrSiO4,16,
mb-mp-e-form-000095,matbench_mp_e_form,train,<RUNS_ROOT>/official_benchmark_214/matbench_e_form_5fold/fold0/dataset/cifs/mb-mp-e-form-000095.cif,1.9663626925,Sc2CdRu,4,
mb-mp-e-form-124593,matbench_mp_e_form,train,<RUNS_ROOT>/official_benchmark_214/matbench_e_form_5fold/fold0/dataset/cifs/mb-mp-e-form-124593.cif,-3.070224363022222,LiV2OF5,18,
mb-mp-e-form-096243,matbench_mp_e_form,train,<RUNS_ROOT>/official_benchmark_214/matbench_e_form_5fold/fold0/dataset/cifs/mb-mp-e-form-096243.cif,-2.310107131388889,Ce(TeO3)2,36,
mb-mp-e-form-075510,matbench_mp_e_form,train,<RUNS_ROOT>/official_benchmark_214/matbench_e_form_5fold/fold0/dataset/cifs/mb-mp-e-form-075510.cif,-1.7353411792966666,K2CuCl3,24,
mb-mp-e-form-038096,matbench_mp_e_form,train,<RUNS_ROOT>/official_benchmark_214/matbench_e_form_5fold/fold0/dataset/cifs/mb-mp-e-form-038096.cif,-0.5273527637500006,EuAu3,4,
mb-mp-e-form-101435,matbench_mp_e_form,train,<RUNS_ROOT>/official_benchmark_214/matbench_e_form_5fold/fold0/dataset/cifs/mb-mp-e-form-101435.cif,-2.433468072513333,Li4Mn3O5F3,15,
mb-mp-e-form-086923,matbench_mp_e_form,train,<RUNS_ROOT>/official_benchmark_214/matbench_e_form_5fold/fold0/dataset/cifs/mb-mp-e-form-086923.cif,-2.071897085769,Li6Mn3CoO10,20,
mb-mp-e-form-066379,matbench_mp_e_form,train,<RUNS_ROOT>/official_benchmark_214/matbench_e_form_5fold/fold0/dataset/cifs/mb-mp-e-form-066379.cif,-1.3803044190312508,KGaS2,32,
mb-mp-e-form-032419,matbench_mp_e_form,train,<RUNS_ROOT>/official_benchmark_214/matbench_e_form_5fold/fold0/dataset/cifs/mb-mp-e-form-032419.cif,-0.4088229999895237,In2AgTe3Cl,7,
mb-mp-e-form-127429,matbench_mp_e_form,train,<RUNS_ROOT>/official_benchmark_214/matbench_e_form_5fold/fold0/dataset/cifs/mb-mp-e-form-127429.cif,-3.251675622000001,SiO2,60,
mb-mp-e-form-045478,matbench_mp_e_form,train,<RUNS_ROOT>/official_benchmark_214/matbench_e_form_5fold/fold0/dataset/cifs/mb-mp-e-form-045478.cif,-0.6774121622222206,GdInIr,9,
mb-mp-e-form-091594,matbench_mp_e_form,train,<RUNS_ROOT>/official_benchmark_214/matbench_e_form_5fold/fold0/dataset/cifs/mb-mp-e-form-091594.cif,-2.1894501391050003,Li24Mn11CrO36,72,
mb-mp-e-form-011066,matbench_mp_e_form,train,<RUNS_ROOT>/official_benchmark_214/matbench_e_form_5fold/fold0/dataset/cifs/mb-mp-e-form-011066.cif,0.0292043650000002,LaMg14Cu,16,
mb-mp-e-form-130059,matbench_mp_e_form,train,<RUNS_ROOT>/official_benchmark_214/matbench_e_form_5fold/fold0/dataset/cifs/mb-mp-e-form-130059.cif,-3.594828714833,BaAlCdF7,40,
mb-mp-e-form-021992,matbench_mp_e_form,train,<RUNS_ROOT>/official_benchmark_214/matbench_e_form_5fold/fold0/dataset/cifs/mb-mp-e-form-021992.cif,-0.2386363150111609,TlBiSe2,28,
mb-mp-e-form-046732,matbench_mp_e_form,train,<RUNS_ROOT>/official_benchmark_214/matbench_e_form_5fold/fold0/dataset/cifs/mb-mp-e-form-046732.cif,-0.6883921370511362,K2Mn(SnSe3)2,44,
mb-mp-e-form-070562,matbench_mp_e_form,train,<RUNS_ROOT>/official_benchmark_214/matbench_e_form_5fold/fold0/dataset/cifs/mb-mp-e-form-070562.cif,-1.5518313450716092,RbHO,6,
mb-mp-e-form-028656,matbench_mp_e_form,train,<RUNS_ROOT>/official_benchmark_214/matbench_e_form_5fold/fold0/dataset/cifs/mb-mp-e-form-028656.cif,-0.3397889449999998,Ge5Ir4,36,
mb-mp-e-form-073671,matbench_mp_e_form,train,<RUNS_ROOT>/official_benchmark_214/matbench_e_form_5fold/fold0/dataset/cifs/mb-mp-e-form-073671.cif,-1.658872567083333,BaCaI4,24,
mb-mp-e-form-046834,matbench_mp_e_form,train,<RUNS_ROOT>/official_benchmark_214/matbench_e_form_5fold/fold0/dataset/cifs/mb-mp-e-form-046834.cif,-0.7001524272817451,Ti13Si31Ni40,168,
mb-mp-e-form-100495,matbench_mp_e_form,train,<RUNS_ROOT>/official_benchmark_214/matbench_e_form_5fold/fold0/dataset/cifs/mb-mp-e-form-100495.cif,-2.415659244470714,Mg3Mn4O7,14,
mb-mp-e-form-073742,matbench_mp_e_form,train,<RUNS_ROOT>/official_benchmark_214/matbench_e_form_5fold/fold0/dataset/cifs/mb-mp-e-form-073742.cif,-1.6473973206271428,Na10Mn2O9,21,
mb-mp-e-form-109331,matbench_mp_e_form,train,<RUNS_ROOT>/official_benchmark_214/matbench_e_form_5fold/fold0/dataset/cifs/mb-mp-e-form-109331.cif,-2.603409450484694,Na3Ga(PO4)2,56,
mb-mp-e-form-088307,matbench_mp_e_form,train,<RUNS_ROOT>/official_benchmark_214/matbench_e_form_5fold/fold0/dataset/cifs/mb-mp-e-form-088307.cif,-2.096534681553572,P2PtO7,40,
mb-mp-e-form-046917,matbench_mp_e_form,train,<RUNS_ROOT>/official_benchmark_214/matbench_e_form_5fold/fold0/dataset/cifs/mb-mp-e-form-046917.cif,-0.7210270966666664,ThAu2,3,
mb-mp-e-form-000977,matbench_mp_e_form,train,<RUNS_ROOT>/official_benchmark_214/matbench_e_form_5fold/fold0/dataset/cifs/mb-mp-e-form-000977.cif,1.1104927684374997,S,4,
mb-mp-e-form-106062,matbench_mp_e_form,train,<RUNS_ROOT>/official_benchmark_214/matbench_e_form_5fold/fold0/dataset/cifs/mb-mp-e-form-106062.cif,-2.53309033468254,NaNbWO6,18,
mb-mp-e-form-073502,matbench_mp_e_form,train,<RUNS_ROOT>/official_benchmark_214/matbench_e_form_5fold/fold0/dataset/cifs/mb-mp-e-form-073502.cif,-1.6663269552799995,FeHO2,16,
mb-mp-e-form-060390,matbench_mp_e_form,train,<RUNS_ROOT>/official_benchmark_214/matbench_e_form_5fold/fold0/dataset/cifs/mb-mp-e-form-060390.cif,-1.1263717493921426,RbSm2Ag3Se5,22,
mb-mp-e-form-031456,matbench_mp_e_form,train,<RUNS_ROOT>/official_benchmark_214/matbench_e_form_5fold/fold0/dataset/cifs/mb-mp-e-form-031456.cif,-0.4071129599107139,GaAgSnSe4,7,
mb-mp-e-form-030617,matbench_mp_e_form,train,<RUNS_ROOT>/official_benchmark_214/matbench_e_form_5fold/fold0/dataset/cifs/mb-mp-e-form-030617.cif,-0.3788853466666673,TaSbRu,3,
mb-mp-e-form-098206,matbench_mp_e_form,train,<RUNS_ROOT>/official_benchmark_214/matbench_e_form_5fold/fold0/dataset/cifs/mb-mp-e-form-098206.cif,-2.370668154861109,TbCu(WO4)2,24,
mb-mp-e-form-032314,matbench_mp_e_form,train,<RUNS_ROOT>/official_benchmark_214/matbench_e_form_5fold/fold0/dataset/cifs/mb-mp-e-form-032314.cif,-0.4228608125433332,LiH2CN5,36,
mb-mp-e-form-076498,matbench_mp_e_form,train,<RUNS_ROOT>/official_benchmark_214/matbench_e_form_5fold/fold0/dataset/cifs/mb-mp-e-form-076498.cif,-1.776389544941999,GdMn4(CuO4)3,20,
mb-mp-e-form-067706,matbench_mp_e_form,train,<RUNS_ROOT>/official_benchmark_214/matbench_e_form_5fold/fold0/dataset/cifs/mb-mp-e-form-067706.cif,-1.4516351281249993,Li17Ni11O28,56,
mb-mp-e-form-045438,matbench_mp_e_form,train,<RUNS_ROOT>/official_benchmark_214/matbench_e_form_5fold/fold0/dataset/cifs/mb-mp-e-form-045438.cif,-0.6616862648015874,AlPPd4,18,
mb-mp-e-form-011393,matbench_mp_e_form,train,<RUNS_ROOT>/official_benchmark_214/matbench_e_form_5fold/fold0/dataset/cifs/mb-mp-e-form-011393.cif,0.0243282899999996,Na3Ga,8,
mb-mp-e-form-130626,matbench_mp_e_form,train,<RUNS_ROOT>/official_benchmark_214/matbench_e_form_5fold/fold0/dataset/cifs/mb-mp-e-form-130626.cif,-3.5322161498366675,ErClO,6,
mb-mp-e-form-066991,matbench_mp_e_form,train,<RUNS_ROOT>/official_benchmark_214/matbench_e_form_5fold/fold0/dataset/cifs/mb-mp-e-form-066991.cif,-1.456757838937062,RbCd6C12ClO26,46,
mb-mp-e-form-082894,matbench_mp_e_form,train,<RUNS_ROOT>/official_benchmark_214/matbench_e_form_5fold/fold0/dataset/cifs/mb-mp-e-form-082894.cif,-1.9489460428571428,LiVCuO4,14,
mb-mp-e-form-079986,matbench_mp_e_form,train,<RUNS_ROOT>/official_benchmark_214/matbench_e_form_5fold/fold0/dataset/cifs/mb-mp-e-form-079986.cif,-1.8689697728364283,Li4MnCo2O7,28,
mb-mp-e-form-010350,matbench_mp_e_form,train,<RUNS_ROOT>/official_benchmark_214/matbench_e_form_5fold/fold0/dataset/cifs/mb-mp-e-form-010350.cif,0.03970470875,CdHg3,4,
mb-mp-e-form-058667,matbench_mp_e_form,train,<RUNS_ROOT>/official_benchmark_214/matbench_e_form_5fold/fold0/dataset/cifs/mb-mp-e-form-058667.cif,-1.0488159353354165,WSeS2Cl5,36,
mb-mp-e-form-014686,matbench_mp_e_form,train,<RUNS_ROOT>/official_benchmark_214/matbench_e_form_5fold/fold0/dataset/cifs/mb-mp-e-form-014686.cif,-0.0335170766666645,PrOs2,6,
mb-mp-e-form-030979,matbench_mp_e_form,train,<RUNS_ROOT>/official_benchmark_214/matbench_e_form_5fold/fold0/dataset/cifs/mb-mp-e-form-030979.cif,-0.3947743017968754,Tl2SiHgSe4,8,
mb-mp-e-form-060208,matbench_mp_e_form,train,<RUNS_ROOT>/official_benchmark_214/matbench_e_form_5fold/fold0/dataset/cifs/mb-mp-e-form-060208.cif,-1.1268491914252865,CoPH3CO4,40,
mb-mp-e-form-117727,matbench_mp_e_form,train,<RUNS_ROOT>/official_benchmark_214/matbench_e_form_5fold/fold0/dataset/cifs/mb-mp-e-form-117727.cif,-2.8303828729957887,Ca2Mn2(SiO4)3,76,
mb-mp-e-form-034554,matbench_mp_e_form,train,<RUNS_ROOT>/official_benchmark_214/matbench_e_form_5fold/fold0/dataset/cifs/mb-mp-e-form-034554.cif,-0.4539732147499989,U2Mn3Si5,40,
mb-mp-e-form-108731,matbench_mp_e_form,train,<RUNS_ROOT>/official_benchmark_214/matbench_e_form_5fold/fold0/dataset/cifs/mb-mp-e-form-108731.cif,-2.582181922024966,RbSrCl3,5,
mb-mp-e-form-006337,matbench_mp_e_form,train,<RUNS_ROOT>/official_benchmark_214/matbench_e_form_5fold/fold0/dataset/cifs/mb-mp-e-form-006337.cif,0.1846998064285716,Mg5Si9,28,
mb-mp-e-form-091274,matbench_mp_e_form,train,<RUNS_ROOT>/official_benchmark_214/matbench_e_form_5fold/fold0/dataset/cifs/mb-mp-e-form-091274.cif,-2.1924120192893333,Sc7BCl12,20,
mb-mp-e-form-004314,matbench_mp_e_form,train,<RUNS_ROOT>/official_benchmark_214/matbench_e_form_5fold/fold0/dataset/cifs/mb-mp-e-form-004314.cif,0.3323986412499997,Cd3Fe,4,
mb-mp-e-form-044382,matbench_mp_e_form,train,<RUNS_ROOT>/official_benchmark_214/matbench_e_form_5fold/fold0/dataset/cifs/mb-mp-e-form-044382.cif,-0.6453518268035054,Zn3P6N12Cl,22,
mb-mp-e-form-129415,matbench_mp_e_form,train,<RUNS_ROOT>/official_benchmark_214/matbench_e_form_5fold/fold0/dataset/cifs/mb-mp-e-form-129415.cif,-3.411145525416667,La2TiZnO6,20,
mb-mp-e-form-033030,matbench_mp_e_form,train,<RUNS_ROOT>/official_benchmark_214/matbench_e_form_5fold/fold0/dataset/cifs/mb-mp-e-form-033030.cif,-0.4354028619708332,BH6N,16,
mb-mp-e-form-001105,matbench_mp_e_form,train,<RUNS_ROOT>/official_benchmark_214/matbench_e_form_5fold/fold0/dataset/cifs/mb-mp-e-form-001105.cif,1.1605984925,Ca2CdGe,4,
mb-mp-e-form-101150,matbench_mp_e_form,train,<RUNS_ROOT>/official_benchmark_214/matbench_e_form_5fold/fold0/dataset/cifs/mb-mp-e-form-101150.cif,-2.4322907546617576,Li3MnPCO7,26,
mb-mp-e-form-115297,matbench_mp_e_form,train,<RUNS_ROOT>/official_benchmark_214/matbench_e_form_5fold/fold0/dataset/cifs/mb-mp-e-form-115297.cif,-2.7565966625657894,Si6O13,76,
mb-mp-e-form-024097,matbench_mp_e_form,train,<RUNS_ROOT>/official_benchmark_214/matbench_e_form_5fold/fold0/dataset/cifs/mb-mp-e-form-024097.cif,-0.2756093270833335,NaAcIn2,4,
mb-mp-e-form-065715,matbench_mp_e_form,train,<RUNS_ROOT>/official_benchmark_214/matbench_e_form_5fold/fold0/dataset/cifs/mb-mp-e-form-065715.cif,-1.3656620515740738,Co(BiO3)2,27,
mb-mp-e-form-048509,matbench_mp_e_form,train,<RUNS_ROOT>/official_benchmark_214/matbench_e_form_5fold/fold0/dataset/cifs/mb-mp-e-form-048509.cif,-0.7502738914635417,K2In3CuSe6,48,
mb-mp-e-form-116496,matbench_mp_e_form,train,<RUNS_ROOT>/official_benchmark_214/matbench_e_form_5fold/fold0/dataset/cifs/mb-mp-e-form-116496.cif,-2.8176597372222223,Li2Fe3(Si3O8)2,54,
mb-mp-e-form-110386,matbench_mp_e_form,train,<RUNS_ROOT>/official_benchmark_214/matbench_e_form_5fold/fold0/dataset/cifs/mb-mp-e-form-110386.cif,-2.621307624,Sr2CoWO6,20,
mb-mp-e-form-085357,matbench_mp_e_form,train,<RUNS_ROOT>/official_benchmark_214/matbench_e_form_5fold/fold0/dataset/cifs/mb-mp-e-form-085357.cif,-2.0263134539732137,SmZnPO,8,
mb-mp-e-form-057166,matbench_mp_e_form,train,<RUNS_ROOT>/official_benchmark_214/matbench_e_form_5fold/fold0/dataset/cifs/mb-mp-e-form-057166.cif,-1.0219013619236033,Mn2(SeO4)3,68,
mb-mp-e-form-079515,matbench_mp_e_form,train,<RUNS_ROOT>/official_benchmark_214/matbench_e_form_5fold/fold0/dataset/cifs/mb-mp-e-form-079515.cif,-1.845349925854156,Cs2MgH12(SO7)2,62,
mb-mp-e-form-049844,matbench_mp_e_form,train,<RUNS_ROOT>/official_benchmark_214/matbench_e_form_5fold/fold0/dataset/cifs/mb-mp-e-form-049844.cif,-0.7821246662500005,HoCoSi2,8,
mb-mp-e-form-082402,matbench_mp_e_form,train,<RUNS_ROOT>/official_benchmark_214/matbench_e_form_5fold/fold0/dataset/cifs/mb-mp-e-form-082402.cif,-1.9357066469230768,V2Co3O8,26,
mb-mp-e-form-053340,matbench_mp_e_form,train,<RUNS_ROOT>/official_benchmark_214/matbench_e_form_5fold/fold0/dataset/cifs/mb-mp-e-form-053340.cif,-0.88980048038206,Hf27(Si3P5)2,43,
mb-mp-e-form-047180,matbench_mp_e_form,train,<RUNS_ROOT>/official_benchmark_214/matbench_e_form_5fold/fold0/dataset/cifs/mb-mp-e-form-047180.cif,-0.7123915134099832,Cs3SnPSe7,24,
mb-mp-e-form-089168,matbench_mp_e_form,train,<RUNS_ROOT>/official_benchmark_214/matbench_e_form_5fold/fold0/dataset/cifs/mb-mp-e-form-089168.cif,-2.139807605937501,LaSI,24,
mb-mp-e-form-114825,matbench_mp_e_form,train,<RUNS_ROOT>/official_benchmark_214/matbench_e_form_5fold/fold0/dataset/cifs/mb-mp-e-form-114825.cif,-2.759120224375,HfMg14SnO16,32,
mb-mp-e-form-040754,matbench_mp_e_form,train,<RUNS_ROOT>/official_benchmark_214/matbench_e_form_5fold/fold0/dataset/cifs/mb-mp-e-form-040754.cif,-0.5776897080468748,TlGaSe2,32,
mb-mp-e-form-016742,matbench_mp_e_form,train,<RUNS_ROOT>/official_benchmark_214/matbench_e_form_5fold/fold0/dataset/cifs/mb-mp-e-form-016742.cif,-0.1053719558333335,La4MgCo,24,
mb-mp-e-form-060181,matbench_mp_e_form,train,<RUNS_ROOT>/official_benchmark_214/matbench_e_form_5fold/fold0/dataset/cifs/mb-mp-e-form-060181.cif,-1.1239968044172977,Zn3H12C9O13,148,
mb-mp-e-form-116259,matbench_mp_e_form,train,<RUNS_ROOT>/official_benchmark_214/matbench_e_form_5fold/fold0/dataset/cifs/mb-mp-e-form-116259.cif,-2.80433422022365,Mg2PHO5,144,
mb-mp-e-form-126064,matbench_mp_e_form,train,<RUNS_ROOT>/official_benchmark_214/matbench_e_form_5fold/fold0/dataset/cifs/mb-mp-e-form-126064.cif,-3.2102238985602867,SrLaMnNbO6,20,
mb-mp-e-form-009922,matbench_mp_e_form,train,<RUNS_ROOT>/official_benchmark_214/matbench_e_form_5fold/fold0/dataset/cifs/mb-mp-e-form-009922.cif,0.0923141366666667,WO2,6,
mb-mp-e-form-051253,matbench_mp_e_form,train,<RUNS_ROOT>/official_benchmark_214/matbench_e_form_5fold/fold0/dataset/cifs/mb-mp-e-form-051253.cif,-0.8154921237499995,YSnPt2,8,
mb-mp-e-form-125539,matbench_mp_e_form,train,<RUNS_ROOT>/official_benchmark_214/matbench_e_form_5fold/fold0/dataset/cifs/mb-mp-e-form-125539.cif,-3.1374678624330343,Sr2LiNb3O10,16,
mb-mp-e-form-128645,matbench_mp_e_form,train,<RUNS_ROOT>/official_benchmark_214/matbench_e_form_5fold/fold0/dataset/cifs/mb-mp-e-form-128645.cif,-3.369262130218752,Dy2SeO2,5,
mb-mp-e-form-084631,matbench_mp_e_form,train,<RUNS_ROOT>/official_benchmark_214/matbench_e_form_5fold/fold0/dataset/cifs/mb-mp-e-form-084631.cif,-1.997629929375,K5YO4,80,
mb-mp-e-form-130787,matbench_mp_e_form,train,<RUNS_ROOT>/official_benchmark_214/matbench_e_form_5fold/fold0/dataset/cifs/mb-mp-e-form-130787.cif,-3.734909186750001,LaAlO3,10,
mb-mp-e-form-061664,matbench_mp_e_form,train,<RUNS_ROOT>/official_benchmark_214/matbench_e_form_5fold/fold0/dataset/cifs/mb-mp-e-form-061664.cif,-1.1688651611774437,Rb5Re3S7,30,
mb-mp-e-form-027089,matbench_mp_e_form,train,<RUNS_ROOT>/official_benchmark_214/matbench_e_form_5fold/fold0/dataset/cifs/mb-mp-e-form-027089.cif,-0.3323718825000004,GdDyZn2,4,
mb-mp-e-form-110235,matbench_mp_e_form,train,<RUNS_ROOT>/official_benchmark_214/matbench_e_form_5fold/fold0/dataset/cifs/mb-mp-e-form-110235.cif,-2.618078890340909,Ho2Ru2O7,22,
mb-mp-e-form-114263,matbench_mp_e_form,train,<RUNS_ROOT>/official_benchmark_214/matbench_e_form_5fold/fold0/dataset/cifs/mb-mp-e-form-114263.cif,-2.7307601230833343,VBO3,10,
mb-mp-e-form-111669,matbench_mp_e_form,train,<RUNS_ROOT>/official_benchmark_214/matbench_e_form_5fold/fold0/dataset/cifs/mb-mp-e-form-111669.cif,-2.653172740823333,V2O3F,24,
mb-mp-e-form-003007,matbench_mp_e_form,train,<RUNS_ROOT>/official_benchmark_214/matbench_e_form_5fold/fold0/dataset/cifs/mb-mp-e-form-003007.cif,0.5660297693229168,Mg6TiC,8,
mb-mp-e-form-129611,matbench_mp_e_form,train,<RUNS_ROOT>/official_benchmark_214/matbench_e_form_5fold/fold0/dataset/cifs/mb-mp-e-form-129611.cif,-3.413087949291126,Th4P6O23,66,
mb-mp-e-form-019632,matbench_mp_e_form,train,<RUNS_ROOT>/official_benchmark_214/matbench_e_form_5fold/fold0/dataset/cifs/mb-mp-e-form-019632.cif,-0.1633324824999995,NiGe2,12,
mb-mp-e-form-126757,matbench_mp_e_form,train,<RUNS_ROOT>/official_benchmark_214/matbench_e_form_5fold/fold0/dataset/cifs/mb-mp-e-form-126757.cif,-3.253568437453703,Ca2B2O5,36,
mb-mp-e-form-006603,matbench_mp_e_form,train,<RUNS_ROOT>/official_benchmark_214/matbench_e_form_5fold/fold0/dataset/cifs/mb-mp-e-form-006603.cif,0.2117877537499999,Sr3Dy,8,
mb-mp-e-form-086630,matbench_mp_e_form,train,<RUNS_ROOT>/official_benchmark_214/matbench_e_form_5fold/fold0/dataset/cifs/mb-mp-e-form-086630.cif,-2.0368171764285714,LiVNiO4,14,
mb-mp-e-form-001236,matbench_mp_e_form,train,<RUNS_ROOT>/official_benchmark_214/matbench_e_form_5fold/fold0/dataset/cifs/mb-mp-e-form-001236.cif,1.1766017575000003,LiMgSn2,4,
mb-mp-e-form-094460,matbench_mp_e_form,train,<RUNS_ROOT>/official_benchmark_214/matbench_e_form_5fold/fold0/dataset/cifs/mb-mp-e-form-094460.cif,-2.2740573229976464,Li10Mn2V3Cr3O16,34,
mb-mp-e-form-109695,matbench_mp_e_form,train,<RUNS_ROOT>/official_benchmark_214/matbench_e_form_5fold/fold0/dataset/cifs/mb-mp-e-form-109695.cif,-2.6098446953031105,Li2Mn3(SiO4)2,45,
mb-mp-e-form-079038,matbench_mp_e_form,train,<RUNS_ROOT>/official_benchmark_214/matbench_e_form_5fold/fold0/dataset/cifs/mb-mp-e-form-079038.cif,-1.8565102741225,Li9Mn2Co5O16,32,
mb-mp-e-form-065813,matbench_mp_e_form,train,<RUNS_ROOT>/official_benchmark_214/matbench_e_form_5fold/fold0/dataset/cifs/mb-mp-e-form-065813.cif,-1.3350346320312507,HfTlCuS3,12,
mb-mp-e-form-060632,matbench_mp_e_form,train,<RUNS_ROOT>/official_benchmark_214/matbench_e_form_5fold/fold0/dataset/cifs/mb-mp-e-form-060632.cif,-1.1417572038709682,Pr12Fe2I17,31,
mb-mp-e-form-001300,matbench_mp_e_form,train,<RUNS_ROOT>/official_benchmark_214/matbench_e_form_5fold/fold0/dataset/cifs/mb-mp-e-form-001300.cif,1.41835642875,ScZn2Cd,4,
mb-mp-e-form-045064,matbench_mp_e_form,train,<RUNS_ROOT>/official_benchmark_214/matbench_e_form_5fold/fold0/dataset/cifs/mb-mp-e-form-045064.cif,-0.6650128449999997,URh3,4,
mb-mp-e-form-002248,matbench_mp_e_form,train,<RUNS_ROOT>/official_benchmark_214/matbench_e_form_5fold/fold0/dataset/cifs/mb-mp-e-form-002248.cif,0.9896059870833332,LiCdIn2,4,
mb-mp-e-form-065326,matbench_mp_e_form,train,<RUNS_ROOT>/official_benchmark_214/matbench_e_form_5fold/fold0/dataset/cifs/mb-mp-e-form-065326.cif,-1.3337602722580002,Ba10Br4N5Cl,20,
mb-mp-e-form-055801,matbench_mp_e_form,train,<RUNS_ROOT>/official_benchmark_214/matbench_e_form_5fold/fold0/dataset/cifs/mb-mp-e-form-055801.cif,-0.9552399968571428,Ba(PRh)2,5,
mb-mp-e-form-120017,matbench_mp_e_form,train,<RUNS_ROOT>/official_benchmark_214/matbench_e_form_5fold/fold0/dataset/cifs/mb-mp-e-form-120017.cif,-2.930640233177084,Yb2TiO5,64,
mb-mp-e-form-047942,matbench_mp_e_form,train,<RUNS_ROOT>/official_benchmark_214/matbench_e_form_5fold/fold0/dataset/cifs/mb-mp-e-form-047942.cif,-0.7402022814830764,Ca5(OsN3)2,52,
mb-mp-e-form-124696,matbench_mp_e_form,train,<RUNS_ROOT>/official_benchmark_214/matbench_e_form_5fold/fold0/dataset/cifs/mb-mp-e-form-124696.cif,-3.1173869920099992,KNa2Li3Zr2(Si2O5)6,100,
mb-mp-e-form-061952,matbench_mp_e_form,train,<RUNS_ROOT>/official_benchmark_214/matbench_e_form_5fold/fold0/dataset/cifs/mb-mp-e-form-061952.cif,-1.2338992084821432,Eu(AlSe2)2,14,
mb-mp-e-form-076989,matbench_mp_e_form,train,<RUNS_ROOT>/official_benchmark_214/matbench_e_form_5fold/fold0/dataset/cifs/mb-mp-e-form-076989.cif,-1.7991336419349988,Li4MnCo3O8,16,
mb-mp-e-form-038092,matbench_mp_e_form,train,<RUNS_ROOT>/official_benchmark_214/matbench_e_form_5fold/fold0/dataset/cifs/mb-mp-e-form-038092.cif,-0.52104676625,CeZnAu2,4,
mb-mp-e-form-119608,matbench_mp_e_form,train,<RUNS_ROOT>/official_benchmark_214/matbench_e_form_5fold/fold0/dataset/cifs/mb-mp-e-form-119608.cif,-2.894069768810372,Li2Mn3(Si3O8)2,54,
mb-mp-e-form-080687,matbench_mp_e_form,train,<RUNS_ROOT>/official_benchmark_214/matbench_e_form_5fold/fold0/dataset/cifs/mb-mp-e-form-080687.cif,-1.8663524773684208,Li9(CoO4)2,38,
mb-mp-e-form-093762,matbench_mp_e_form,train,<RUNS_ROOT>/official_benchmark_214/matbench_e_form_5fold/fold0/dataset/cifs/mb-mp-e-form-093762.cif,-2.24658990725,Mg2VIrO6,20,
mb-mp-e-form-013373,matbench_mp_e_form,train,<RUNS_ROOT>/official_benchmark_214/matbench_e_form_5fold/fold0/dataset/cifs/mb-mp-e-form-013373.cif,-0.0162645224999999,Mg5Ge,6,
mb-mp-e-form-069730,matbench_mp_e_form,train,<RUNS_ROOT>/official_benchmark_214/matbench_e_form_5fold/fold0/dataset/cifs/mb-mp-e-form-069730.cif,-1.5229323367063898,Rb8Fe2O7,68,
mb-mp-e-form-013878,matbench_mp_e_form,train,<RUNS_ROOT>/official_benchmark_214/matbench_e_form_5fold/fold0/dataset/cifs/mb-mp-e-form-013878.cif,-0.0087360099999997,Hf3Bi,4,
mb-mp-e-form-044369,matbench_mp_e_form,train,<RUNS_ROOT>/official_benchmark_214/matbench_e_form_5fold/fold0/dataset/cifs/mb-mp-e-form-044369.cif,-0.6596083135714293,Ce2(Ga3Ir)3,28,
mb-mp-e-form-073618,matbench_mp_e_form,train,<RUNS_ROOT>/official_benchmark_214/matbench_e_form_5fold/fold0/dataset/cifs/mb-mp-e-form-073618.cif,-1.66774231037037,Sr2CaI6,27,
mb-mp-e-form-058435,matbench_mp_e_form,train,<RUNS_ROOT>/official_benchmark_214/matbench_e_form_5fold/fold0/dataset/cifs/mb-mp-e-form-058435.cif,-1.0644495775000005,YAs,2,
mb-mp-e-form-105015,matbench_mp_e_form,train,<RUNS_ROOT>/official_benchmark_214/matbench_e_form_5fold/fold0/dataset/cifs/mb-mp-e-form-105015.cif,-2.507971075401399,Na7Mn5P3H6O15F13,196,
mb-mp-e-form-046688,matbench_mp_e_form,train,<RUNS_ROOT>/official_benchmark_214/matbench_e_form_5fold/fold0/dataset/cifs/mb-mp-e-form-046688.cif,-0.6967346224603167,Hf4NbGe4,36,
mb-mp-e-form-024038,matbench_mp_e_form,train,<RUNS_ROOT>/official_benchmark_214/matbench_e_form_5fold/fold0/dataset/cifs/mb-mp-e-form-024038.cif,-0.2779718645428124,SbC2SCl3O,64,
mb-mp-e-form-096132,matbench_mp_e_form,train,<RUNS_ROOT>/official_benchmark_214/matbench_e_form_5fold/fold0/dataset/cifs/mb-mp-e-form-096132.cif,-2.3307310907031265,Er4MgS7,12,
mb-mp-e-form-074074,matbench_mp_e_form,train,<RUNS_ROOT>/official_benchmark_214/matbench_e_form_5fold/fold0/dataset/cifs/mb-mp-e-form-074074.cif,-1.6982357467500002,SrPdO3,5,
mb-mp-e-form-113899,matbench_mp_e_form,train,<RUNS_ROOT>/official_benchmark_214/matbench_e_form_5fold/fold0/dataset/cifs/mb-mp-e-form-113899.cif,-2.7431120224206347,MgV(PO3)4,36,
mb-mp-e-form-118298,matbench_mp_e_form,train,<RUNS_ROOT>/official_benchmark_214/matbench_e_form_5fold/fold0/dataset/cifs/mb-mp-e-form-118298.cif,-2.877503518003246,SrFeP2O7,44,
mb-mp-e-form-086845,matbench_mp_e_form,train,<RUNS_ROOT>/official_benchmark_214/matbench_e_form_5fold/fold0/dataset/cifs/mb-mp-e-form-086845.cif,-2.0851070053571426,ZnCr2O4,28,
mb-mp-e-form-073712,matbench_mp_e_form,train,<RUNS_ROOT>/official_benchmark_214/matbench_e_form_5fold/fold0/dataset/cifs/mb-mp-e-form-073712.cif,-1.6715065887499998,Li2Cr4O13,57,
mb-mp-e-form-073483,matbench_mp_e_form,train,<RUNS_ROOT>/official_benchmark_214/matbench_e_form_5fold/fold0/dataset/cifs/mb-mp-e-form-073483.cif,-1.6772334184166664,K4CO4,18,
mb-mp-e-form-076051,matbench_mp_e_form,train,<RUNS_ROOT>/official_benchmark_214/matbench_e_form_5fold/fold0/dataset/cifs/mb-mp-e-form-076051.cif,-1.765580742083334,BaO2,24,
mb-mp-e-form-102511,matbench_mp_e_form,train,<RUNS_ROOT>/official_benchmark_214/matbench_e_form_5fold/fold0/dataset/cifs/mb-mp-e-form-102511.cif,-2.463746412115384,Na3VSiCO7,26,
mb-mp-e-form-072242,matbench_mp_e_form,train,<RUNS_ROOT>/official_benchmark_214/matbench_e_form_5fold/fold0/dataset/cifs/mb-mp-e-form-072242.cif,-1.6186424711250005,Li5Co4NiO10,20,
mb-mp-e-form-085708,matbench_mp_e_form,train,<RUNS_ROOT>/official_benchmark_214/matbench_e_form_5fold/fold0/dataset/cifs/mb-mp-e-form-085708.cif,-2.014960015818334,Fe4O5F3,24,
mb-mp-e-form-027974,matbench_mp_e_form,train,<RUNS_ROOT>/official_benchmark_214/matbench_e_form_5fold/fold0/dataset/cifs/mb-mp-e-form-027974.cif,-0.3494374717968753,ZnAg2SnSe4,8,
mb-mp-e-form-033744,matbench_mp_e_form,train,<RUNS_ROOT>/official_benchmark_214/matbench_e_form_5fold/fold0/dataset/cifs/mb-mp-e-form-033744.cif,-0.4384864002844829,RbAg4I5,40,
mb-mp-e-form-040810,matbench_mp_e_form,train,<RUNS_ROOT>/official_benchmark_214/matbench_e_form_5fold/fold0/dataset/cifs/mb-mp-e-form-040810.cif,-0.5667449074999995,PaAlRu2,4,
mb-mp-e-form-074319,matbench_mp_e_form,train,<RUNS_ROOT>/official_benchmark_214/matbench_e_form_5fold/fold0/dataset/cifs/mb-mp-e-form-074319.cif,-1.682219222692308,Cd3(AsO4)2,52,
mb-mp-e-form-003398,matbench_mp_e_form,train,<RUNS_ROOT>/official_benchmark_214/matbench_e_form_5fold/fold0/dataset/cifs/mb-mp-e-form-003398.cif,0.5207007858333332,Sr3Ti,4,
mb-mp-e-form-113441,matbench_mp_e_form,train,<RUNS_ROOT>/official_benchmark_214/matbench_e_form_5fold/fold0/dataset/cifs/mb-mp-e-form-113441.cif,-2.705504339266529,Na2TiSi4H4O13,48,
mb-mp-e-form-075703,matbench_mp_e_form,train,<RUNS_ROOT>/official_benchmark_214/matbench_e_form_5fold/fold0/dataset/cifs/mb-mp-e-form-075703.cif,-1.7342901309374996,Li3Co4SnO8,16,
mb-mp-e-form-030273,matbench_mp_e_form,train,<RUNS_ROOT>/official_benchmark_214/matbench_e_form_5fold/fold0/dataset/cifs/mb-mp-e-form-030273.cif,-0.3788883132758626,Ti6Co16Ge7,29,
mb-mp-e-form-022149,matbench_mp_e_form,train,<RUNS_ROOT>/official_benchmark_214/matbench_e_form_5fold/fold0/dataset/cifs/mb-mp-e-form-022149.cif,-0.2448348887499998,YbZn3,8,
mb-mp-e-form-059810,matbench_mp_e_form,train,<RUNS_ROOT>/official_benchmark_214/matbench_e_form_5fold/fold0/dataset/cifs/mb-mp-e-form-059810.cif,-1.115216620833334,Na3NiO2,24,
mb-mp-e-form-081751,matbench_mp_e_form,train,<RUNS_ROOT>/official_benchmark_214/matbench_e_form_5fold/fold0/dataset/cifs/mb-mp-e-form-081751.cif,-1.9039417434879995,Fe5O7F3,30,
mb-mp-e-form-098498,matbench_mp_e_form,train,<RUNS_ROOT>/official_benchmark_214/matbench_e_form_5fold/fold0/dataset/cifs/mb-mp-e-form-098498.cif,-2.36510700625,NaV3O6,10,
mb-mp-e-form-002636,matbench_mp_e_form,train,<RUNS_ROOT>/official_benchmark_214/matbench_e_form_5fold/fold0/dataset/cifs/mb-mp-e-form-002636.cif,0.75258788273,Nd2MnSi2H,6,
mb-mp-e-form-097777,matbench_mp_e_form,train,<RUNS_ROOT>/official_benchmark_214/matbench_e_form_5fold/fold0/dataset/cifs/mb-mp-e-form-097777.cif,-2.358000716271552,RbMg6FeO8,16,
mb-mp-e-form-046741,matbench_mp_e_form,train,<RUNS_ROOT>/official_benchmark_214/matbench_e_form_5fold/fold0/dataset/cifs/mb-mp-e-form-046741.cif,-0.6997440936363636,Ce3Ge5Pd14,88,
mb-mp-e-form-018358,matbench_mp_e_form,train,<RUNS_ROOT>/official_benchmark_214/matbench_e_form_5fold/fold0/dataset/cifs/mb-mp-e-form-018358.cif,-0.1494047714682551,TiBe4Nb,6,
mb-mp-e-form-104896,matbench_mp_e_form,train,<RUNS_ROOT>/official_benchmark_214/matbench_e_form_5fold/fold0/dataset/cifs/mb-mp-e-form-104896.cif,-2.514042410966032,LiMnV(PO4)3,36,
mb-mp-e-form-088930,matbench_mp_e_form,train,<RUNS_ROOT>/official_benchmark_214/matbench_e_form_5fold/fold0/dataset/cifs/mb-mp-e-form-088930.cif,-2.123950686024965,Rb2LuCuCl6,10,
mb-mp-e-form-097718,matbench_mp_e_form,train,<RUNS_ROOT>/official_benchmark_214/matbench_e_form_5fold/fold0/dataset/cifs/mb-mp-e-form-097718.cif,-2.3410469973,KYb(CO3)2,20,
mb-mp-e-form-042959,matbench_mp_e_form,train,<RUNS_ROOT>/official_benchmark_214/matbench_e_form_5fold/fold0/dataset/cifs/mb-mp-e-form-042959.cif,-0.6233916239583337,TeMoWSe2S,12,
mb-mp-e-form-003489,matbench_mp_e_form,train,<RUNS_ROOT>/official_benchmark_214/matbench_e_form_5fold/fold0/dataset/cifs/mb-mp-e-form-003489.cif,0.562479594380938,PdS(NO)3,32,
mb-mp-e-form-076266,matbench_mp_e_form,train,<RUNS_ROOT>/official_benchmark_214/matbench_e_form_5fold/fold0/dataset/cifs/mb-mp-e-form-076266.cif,-1.750105386749166,NaNi2H3(SO5)2,18,
mb-mp-e-form-110793,matbench_mp_e_form,train,<RUNS_ROOT>/official_benchmark_214/matbench_e_form_5fold/fold0/dataset/cifs/mb-mp-e-form-110793.cif,-2.6476960757589287,SrMg6NbO8,16,
mb-mp-e-form-015604,matbench_mp_e_form,train,<RUNS_ROOT>/official_benchmark_214/matbench_e_form_5fold/fold0/dataset/cifs/mb-mp-e-form-015604.cif,-0.0616878680950003,Ni3N,8,
mb-mp-e-form-104036,matbench_mp_e_form,train,<RUNS_ROOT>/official_benchmark_214/matbench_e_form_5fold/fold0/dataset/cifs/mb-mp-e-form-104036.cif,-2.4872658814130424,Ba3FeGe5O14,23,
mb-mp-e-form-062052,matbench_mp_e_form,train,<RUNS_ROOT>/official_benchmark_214/matbench_e_form_5fold/fold0/dataset/cifs/mb-mp-e-form-062052.cif,-1.2324966173500005,KSbO3,10,
mb-mp-e-form-126765,matbench_mp_e_form,train,<RUNS_ROOT>/official_benchmark_214/matbench_e_form_5fold/fold0/dataset/cifs/mb-mp-e-form-126765.cif,-3.242113205250001,MgSiO3,80,
mb-mp-e-form-121802,matbench_mp_e_form,train,<RUNS_ROOT>/official_benchmark_214/matbench_e_form_5fold/fold0/dataset/cifs/mb-mp-e-form-121802.cif,-2.988939842890625,Mg30VZnO32,64,
mb-mp-e-form-043969,matbench_mp_e_form,train,<RUNS_ROOT>/official_benchmark_214/matbench_e_form_5fold/fold0/dataset/cifs/mb-mp-e-form-043969.cif,-0.6446203289583335,TeMoWSe2S,12,
mb-mp-e-form-065772,matbench_mp_e_form,train,<RUNS_ROOT>/official_benchmark_214/matbench_e_form_5fold/fold0/dataset/cifs/mb-mp-e-form-065772.cif,-1.364625323250086,Cs3NO4,64,
mb-mp-e-form-012506,matbench_mp_e_form,train,<RUNS_ROOT>/official_benchmark_214/matbench_e_form_5fold/fold0/dataset/cifs/mb-mp-e-form-012506.cif,-0.0053444625641007,Tb(Fe3Mo)3,13,
mb-mp-e-form-057247,matbench_mp_e_form,train,<RUNS_ROOT>/official_benchmark_214/matbench_e_form_5fold/fold0/dataset/cifs/mb-mp-e-form-057247.cif,-1.0212139632499997,Sm2I2O,5,
mb-mp-e-form-013884,matbench_mp_e_form,train,<RUNS_ROOT>/official_benchmark_214/matbench_e_form_5fold/fold0/dataset/cifs/mb-mp-e-form-013884.cif,-0.018635705,Li2Mg,6,
mb-mp-e-form-024575,matbench_mp_e_form,train,<RUNS_ROOT>/official_benchmark_214/matbench_e_form_5fold/fold0/dataset/cifs/mb-mp-e-form-024575.cif,-0.2819428218123216,TeSeS(NCl)2,56,
mb-mp-e-form-027201,matbench_mp_e_form,train,<RUNS_ROOT>/official_benchmark_214/matbench_e_form_5fold/fold0/dataset/cifs/mb-mp-e-form-027201.cif,-0.3260926994806699,PCSN3O2,64,
mb-mp-e-form-066345,matbench_mp_e_form,train,<RUNS_ROOT>/official_benchmark_214/matbench_e_form_5fold/fold0/dataset/cifs/mb-mp-e-form-066345.cif,-1.4100506411899998,CaCeN2,4,
mb-mp-e-form-034010,matbench_mp_e_form,train,<RUNS_ROOT>/official_benchmark_214/matbench_e_form_5fold/fold0/dataset/cifs/mb-mp-e-form-034010.cif,-0.4530422919444443,ZrTi2Ni9,12,
mb-mp-e-form-006605,matbench_mp_e_form,train,<RUNS_ROOT>/official_benchmark_214/matbench_e_form_5fold/fold0/dataset/cifs/mb-mp-e-form-006605.cif,0.2046393266666664,Sr3Tb,8,
mb-mp-e-form-099377,matbench_mp_e_form,train,<RUNS_ROOT>/official_benchmark_214/matbench_e_form_5fold/fold0/dataset/cifs/mb-mp-e-form-099377.cif,-2.401070067023809,FePO4,36,
mb-mp-e-form-036450,matbench_mp_e_form,train,<RUNS_ROOT>/official_benchmark_214/matbench_e_form_5fold/fold0/dataset/cifs/mb-mp-e-form-036450.cif,-0.49448568,Hf3AlGe5,18,
mb-mp-e-form-012649,matbench_mp_e_form,train,<RUNS_ROOT>/official_benchmark_214/matbench_e_form_5fold/fold0/dataset/cifs/mb-mp-e-form-012649.cif,0.0044134012499998,C,2,
mb-mp-e-form-061993,matbench_mp_e_form,train,<RUNS_ROOT>/official_benchmark_214/matbench_e_form_5fold/fold0/dataset/cifs/mb-mp-e-form-061993.cif,-1.2421925532413791,Cs2PrAgI6,10,
mb-mp-e-form-120631,matbench_mp_e_form,train,<RUNS_ROOT>/official_benchmark_214/matbench_e_form_5fold/fold0/dataset/cifs/mb-mp-e-form-120631.cif,-2.9430352573809526,LiTiVO4,14,
mb-mp-e-form-005301,matbench_mp_e_form,train,<RUNS_ROOT>/official_benchmark_214/matbench_e_form_5fold/fold0/dataset/cifs/mb-mp-e-form-005301.cif,0.2339003825000004,MgTi,12,
mb-mp-e-form-093543,matbench_mp_e_form,train,<RUNS_ROOT>/official_benchmark_214/matbench_e_form_5fold/fold0/dataset/cifs/mb-mp-e-form-093543.cif,-2.245969077278604,Rb2S2O7,44,
mb-mp-e-form-064129,matbench_mp_e_form,train,<RUNS_ROOT>/official_benchmark_214/matbench_e_form_5fold/fold0/dataset/cifs/mb-mp-e-form-064129.cif,-1.3281887570435993,LuH9C5(NO4)2,50,
mb-mp-e-form-012445,matbench_mp_e_form,train,<RUNS_ROOT>/official_benchmark_214/matbench_e_form_5fold/fold0/dataset/cifs/mb-mp-e-form-012445.cif,0.0067460452386669,In(NF2)3,10,
mb-mp-e-form-071844,matbench_mp_e_form,train,<RUNS_ROOT>/official_benchmark_214/matbench_e_form_5fold/fold0/dataset/cifs/mb-mp-e-form-071844.cif,-1.644408418750001,NaOsO3,5,
mb-mp-e-form-052365,matbench_mp_e_form,train,<RUNS_ROOT>/official_benchmark_214/matbench_e_form_5fold/fold0/dataset/cifs/mb-mp-e-form-052365.cif,-0.8636744099999998,TmAgTe2,4,
mb-mp-e-form-049265,matbench_mp_e_form,train,<RUNS_ROOT>/official_benchmark_214/matbench_e_form_5fold/fold0/dataset/cifs/mb-mp-e-form-049265.cif,-0.7693251160233331,NaIn(NF3)2,10,
mb-mp-e-form-077336,matbench_mp_e_form,train,<RUNS_ROOT>/official_benchmark_214/matbench_e_form_5fold/fold0/dataset/cifs/mb-mp-e-form-077336.cif,-1.8044332160834005,Na2ZnH8(SO6)2,50,
mb-mp-e-form-042975,matbench_mp_e_form,train,<RUNS_ROOT>/official_benchmark_214/matbench_e_form_5fold/fold0/dataset/cifs/mb-mp-e-form-042975.cif,-0.6348624621395127,Na15W7N19,82,
mb-mp-e-form-004373,matbench_mp_e_form,train,<RUNS_ROOT>/official_benchmark_214/matbench_e_form_5fold/fold0/dataset/cifs/mb-mp-e-form-004373.cif,0.3435390975000003,Li3Ce,4,
mb-mp-e-form-095509,matbench_mp_e_form,train,<RUNS_ROOT>/official_benchmark_214/matbench_e_form_5fold/fold0/dataset/cifs/mb-mp-e-form-095509.cif,-2.308880136694287,LiMn2O3F,14,
mb-mp-e-form-124589,matbench_mp_e_form,train,<RUNS_ROOT>/official_benchmark_214/matbench_e_form_5fold/fold0/dataset/cifs/mb-mp-e-form-124589.cif,-3.0893642930155565,Li2VF6,9,
mb-mp-e-form-106164,matbench_mp_e_form,train,<RUNS_ROOT>/official_benchmark_214/matbench_e_form_5fold/fold0/dataset/cifs/mb-mp-e-form-106164.cif,-2.54426519775,SmRhO3,20,
mb-mp-e-form-030398,matbench_mp_e_form,train,<RUNS_ROOT>/official_benchmark_214/matbench_e_form_5fold/fold0/dataset/cifs/mb-mp-e-form-030398.cif,-0.3881224557142862,NbSiGe,9,
mb-mp-e-form-096673,matbench_mp_e_form,train,<RUNS_ROOT>/official_benchmark_214/matbench_e_form_5fold/fold0/dataset/cifs/mb-mp-e-form-096673.cif,-2.326093448813025,LiCuP4O11,68,
mb-mp-e-form-128473,matbench_mp_e_form,train,<RUNS_ROOT>/official_benchmark_214/matbench_e_form_5fold/fold0/dataset/cifs/mb-mp-e-form-128473.cif,-3.356503151,LiSc(SiO3)2,40,
mb-mp-e-form-088345,matbench_mp_e_form,train,<RUNS_ROOT>/official_benchmark_214/matbench_e_form_5fold/fold0/dataset/cifs/mb-mp-e-form-088345.cif,-2.1138504335157142,Al(HO)3,14,
mb-mp-e-form-080632,matbench_mp_e_form,train,<RUNS_ROOT>/official_benchmark_214/matbench_e_form_5fold/fold0/dataset/cifs/mb-mp-e-form-080632.cif,-1.8621940321428576,LiCoSnO4,14,
mb-mp-e-form-008021,matbench_mp_e_form,train,<RUNS_ROOT>/official_benchmark_214/matbench_e_form_5fold/fold0/dataset/cifs/mb-mp-e-form-008021.cif,0.11189309375,YMg6Co,8,
mb-mp-e-form-028543,matbench_mp_e_form,train,<RUNS_ROOT>/official_benchmark_214/matbench_e_form_5fold/fold0/dataset/cifs/mb-mp-e-form-028543.cif,-0.3534247161111115,GePt2,9,
mb-mp-e-form-034255,matbench_mp_e_form,train,<RUNS_ROOT>/official_benchmark_214/matbench_e_form_5fold/fold0/dataset/cifs/mb-mp-e-form-034255.cif,-0.4474693355555554,Pr3(GaNi2)2,9,
mb-mp-e-form-044804,matbench_mp_e_form,train,<RUNS_ROOT>/official_benchmark_214/matbench_e_form_5fold/fold0/dataset/cifs/mb-mp-e-form-044804.cif,-0.6419339891666676,LiTiRh2,4,
mb-mp-e-form-040304,matbench_mp_e_form,train,<RUNS_ROOT>/official_benchmark_214/matbench_e_form_5fold/fold0/dataset/cifs/mb-mp-e-form-040304.cif,-0.5661464917105263,Nd3(Al3Os)4,38,
mb-mp-e-form-069673,matbench_mp_e_form,train,<RUNS_ROOT>/official_benchmark_214/matbench_e_form_5fold/fold0/dataset/cifs/mb-mp-e-form-069673.cif,-1.5280500874999998,Li4(CuO2)3,13,
mb-mp-e-form-066231,matbench_mp_e_form,train,<RUNS_ROOT>/official_benchmark_214/matbench_e_form_5fold/fold0/dataset/cifs/mb-mp-e-form-066231.cif,-1.3909015075884834,RbSm(ClO)4,20,
mb-mp-e-form-056468,matbench_mp_e_form,train,<RUNS_ROOT>/official_benchmark_214/matbench_e_form_5fold/fold0/dataset/cifs/mb-mp-e-form-056468.cif,-0.9813118738888886,CeSnPt,9,
mb-mp-e-form-129132,matbench_mp_e_form,train,<RUNS_ROOT>/official_benchmark_214/matbench_e_form_5fold/fold0/dataset/cifs/mb-mp-e-form-129132.cif,-3.4241586934553787,CsBeF3,20,
mb-mp-e-form-076539,matbench_mp_e_form,train,<RUNS_ROOT>/official_benchmark_214/matbench_e_form_5fold/fold0/dataset/cifs/mb-mp-e-form-076539.cif,-1.775745537291667,NaFe2O3,24,
mb-mp-e-form-053178,matbench_mp_e_form,train,<RUNS_ROOT>/official_benchmark_214/matbench_e_form_5fold/fold0/dataset/cifs/mb-mp-e-form-053178.cif,-0.8684472644458131,Cs3SnTe3,28,
mb-mp-e-form-040664,matbench_mp_e_form,train,<RUNS_ROOT>/official_benchmark_214/matbench_e_form_5fold/fold0/dataset/cifs/mb-mp-e-form-040664.cif,-0.5644832295023156,Tl2S,27,
mb-mp-e-form-020983,matbench_mp_e_form,train,<RUNS_ROOT>/official_benchmark_214/matbench_e_form_5fold/fold0/dataset/cifs/mb-mp-e-form-020983.cif,-0.2085011107142865,Zr4Sn3,14,
mb-mp-e-form-021126,matbench_mp_e_form,train,<RUNS_ROOT>/official_benchmark_214/matbench_e_form_5fold/fold0/dataset/cifs/mb-mp-e-form-021126.cif,-0.2144002187499989,TaFe2Ge,4,
mb-mp-e-form-117890,matbench_mp_e_form,train,<RUNS_ROOT>/official_benchmark_214/matbench_e_form_5fold/fold0/dataset/cifs/mb-mp-e-form-117890.cif,-2.863296792128489,RbNaMg30O31,63,
mb-mp-e-form-117461,matbench_mp_e_form,train,<RUNS_ROOT>/official_benchmark_214/matbench_e_form_5fold/fold0/dataset/cifs/mb-mp-e-form-117461.cif,-2.833384601813492,K2Nb6Ag(PO8)3,36,
mb-mp-e-form-015821,matbench_mp_e_form,train,<RUNS_ROOT>/official_benchmark_214/matbench_e_form_5fold/fold0/dataset/cifs/mb-mp-e-form-015821.cif,-0.0623979799999996,Li2CeAl,4,
mb-mp-e-form-013531,matbench_mp_e_form,train,<RUNS_ROOT>/official_benchmark_214/matbench_e_form_5fold/fold0/dataset/cifs/mb-mp-e-form-013531.cif,-0.0200315946153849,YCrFe11,13,
mb-mp-e-form-051326,matbench_mp_e_form,train,<RUNS_ROOT>/official_benchmark_214/matbench_e_form_5fold/fold0/dataset/cifs/mb-mp-e-form-051326.cif,-0.8121150292968746,Hf9Mo4O3,32,
mb-mp-e-form-023024,matbench_mp_e_form,train,<RUNS_ROOT>/official_benchmark_214/matbench_e_form_5fold/fold0/dataset/cifs/mb-mp-e-form-023024.cif,-0.2594314260416668,Tl2Hg3Se4,18,
mb-mp-e-form-100142,matbench_mp_e_form,train,<RUNS_ROOT>/official_benchmark_214/matbench_e_form_5fold/fold0/dataset/cifs/mb-mp-e-form-100142.cif,-2.409130426880699,AgMo5P8O33,94,
mb-mp-e-form-071539,matbench_mp_e_form,train,<RUNS_ROOT>/official_benchmark_214/matbench_e_form_5fold/fold0/dataset/cifs/mb-mp-e-form-071539.cif,-1.5946309011899995,AlN,4,
mb-mp-e-form-087106,matbench_mp_e_form,train,<RUNS_ROOT>/official_benchmark_214/matbench_e_form_5fold/fold0/dataset/cifs/mb-mp-e-form-087106.cif,-2.0616511493214285,KUVIO10,56,
mb-mp-e-form-081579,matbench_mp_e_form,train,<RUNS_ROOT>/official_benchmark_214/matbench_e_form_5fold/fold0/dataset/cifs/mb-mp-e-form-081579.cif,-1.8896575600000003,Li4Fe3Co3(SbO8)2,28,
mb-mp-e-form-026134,matbench_mp_e_form,train,<RUNS_ROOT>/official_benchmark_214/matbench_e_form_5fold/fold0/dataset/cifs/mb-mp-e-form-026134.cif,-0.311716920535714,Y3P,4,
mb-mp-e-form-051139,matbench_mp_e_form,train,<RUNS_ROOT>/official_benchmark_214/matbench_e_form_5fold/fold0/dataset/cifs/mb-mp-e-form-051139.cif,-0.819016618671875,HfTl2PbSe4,16,
mb-mp-e-form-120883,matbench_mp_e_form,train,<RUNS_ROOT>/official_benchmark_214/matbench_e_form_5fold/fold0/dataset/cifs/mb-mp-e-form-120883.cif,-2.9627069292187493,BaCaMg30O32,64,
mb-mp-e-form-110782,matbench_mp_e_form,train,<RUNS_ROOT>/official_benchmark_214/matbench_e_form_5fold/fold0/dataset/cifs/mb-mp-e-form-110782.cif,-2.6572791650000003,Mg6CrCuO8,16,
mb-mp-e-form-060139,matbench_mp_e_form,train,<RUNS_ROOT>/official_benchmark_214/matbench_e_form_5fold/fold0/dataset/cifs/mb-mp-e-form-060139.cif,-1.1416650393140786,NaCu5Se2Cl3O8,76,
mb-mp-e-form-042784,matbench_mp_e_form,train,<RUNS_ROOT>/official_benchmark_214/matbench_e_form_5fold/fold0/dataset/cifs/mb-mp-e-form-042784.cif,-0.6087496033333331,CaSb2,6,
mb-mp-e-form-007610,matbench_mp_e_form,train,<RUNS_ROOT>/official_benchmark_214/matbench_e_form_5fold/fold0/dataset/cifs/mb-mp-e-form-007610.cif,0.1439468774999999,LiPr3,4,
mb-mp-e-form-012600,matbench_mp_e_form,train,<RUNS_ROOT>/official_benchmark_214/matbench_e_form_5fold/fold0/dataset/cifs/mb-mp-e-form-012600.cif,-0.0061721833333336,Be2Co,3,
mb-mp-e-form-054591,matbench_mp_e_form,train,<RUNS_ROOT>/official_benchmark_214/matbench_e_form_5fold/fold0/dataset/cifs/mb-mp-e-form-054591.cif,-0.9319274843925004,KN3O4,32,
mb-mp-e-form-119335,matbench_mp_e_form,train,<RUNS_ROOT>/official_benchmark_214/matbench_e_form_5fold/fold0/dataset/cifs/mb-mp-e-form-119335.cif,-2.915654251428572,NaTmGeO4,28,
mb-mp-e-form-128324,matbench_mp_e_form,train,<RUNS_ROOT>/official_benchmark_214/matbench_e_form_5fold/fold0/dataset/cifs/mb-mp-e-form-128324.cif,-3.3872403328972864,K2NbF7,40,
mb-mp-e-form-000799,matbench_mp_e_form,train,<RUNS_ROOT>/official_benchmark_214/matbench_e_form_5fold/fold0/dataset/cifs/mb-mp-e-form-000799.cif,2.2630986366666668,Nd2As3Au,6,
mb-mp-e-form-007196,matbench_mp_e_form,train,<RUNS_ROOT>/official_benchmark_214/matbench_e_form_5fold/fold0/dataset/cifs/mb-mp-e-form-007196.cif,0.1483720525,SnBi3,8,
mb-mp-e-form-068383,matbench_mp_e_form,train,<RUNS_ROOT>/official_benchmark_214/matbench_e_form_5fold/fold0/dataset/cifs/mb-mp-e-form-068383.cif,-1.49415881818765,Rb2ZnH12(SeO7)2,62,
mb-mp-e-form-115144,matbench_mp_e_form,train,<RUNS_ROOT>/official_benchmark_214/matbench_e_form_5fold/fold0/dataset/cifs/mb-mp-e-form-115144.cif,-2.785049602625,Mg4FeO5,10,
mb-mp-e-form-128783,matbench_mp_e_form,train,<RUNS_ROOT>/official_benchmark_214/matbench_e_form_5fold/fold0/dataset/cifs/mb-mp-e-form-128783.cif,-3.433836624255625,Ba2AlCo2F11,48,
mb-mp-e-form-131132,matbench_mp_e_form,train,<RUNS_ROOT>/official_benchmark_214/matbench_e_form_5fold/fold0/dataset/cifs/mb-mp-e-form-131132.cif,-3.6322999164285728,BaSrGd4O8,28,
mb-mp-e-form-104211,matbench_mp_e_form,train,<RUNS_ROOT>/official_benchmark_214/matbench_e_form_5fold/fold0/dataset/cifs/mb-mp-e-form-104211.cif,-2.489220285714286,Sr2RuO4,7,
mb-mp-e-form-046986,matbench_mp_e_form,train,<RUNS_ROOT>/official_benchmark_214/matbench_e_form_5fold/fold0/dataset/cifs/mb-mp-e-form-046986.cif,-0.7126652227777773,LiDyGe,9,
mb-mp-e-form-091328,matbench_mp_e_form,train,<RUNS_ROOT>/official_benchmark_214/matbench_e_form_5fold/fold0/dataset/cifs/mb-mp-e-form-091328.cif,-2.175444146058263,Rb2U3(IO5)4,29,
mb-mp-e-form-047807,matbench_mp_e_form,train,<RUNS_ROOT>/official_benchmark_214/matbench_e_form_5fold/fold0/dataset/cifs/mb-mp-e-form-047807.cif,-0.7151704474485712,Ba3FeN3,14,
mb-mp-e-form-094752,matbench_mp_e_form,train,<RUNS_ROOT>/official_benchmark_214/matbench_e_form_5fold/fold0/dataset/cifs/mb-mp-e-form-094752.cif,-2.260349881,Mg2CuWO6,20,
mb-mp-e-form-046155,matbench_mp_e_form,train,<RUNS_ROOT>/official_benchmark_214/matbench_e_form_5fold/fold0/dataset/cifs/mb-mp-e-form-046155.cif,-0.6882761529166667,CdIO,24,
mb-mp-e-form-043836,matbench_mp_e_form,train,<RUNS_ROOT>/official_benchmark_214/matbench_e_form_5fold/fold0/dataset/cifs/mb-mp-e-form-043836.cif,-0.6305715312500002,Pm2SiAu,4,
mb-mp-e-form-012974,matbench_mp_e_form,train,<RUNS_ROOT>/official_benchmark_214/matbench_e_form_5fold/fold0/dataset/cifs/mb-mp-e-form-012974.cif,-0.0154279578124998,Mg15Sn,16,
mb-mp-e-form-095493,matbench_mp_e_form,train,<RUNS_ROOT>/official_benchmark_214/matbench_e_form_5fold/fold0/dataset/cifs/mb-mp-e-form-095493.cif,-2.291780645245536,NaNi2P3O10,32,
mb-mp-e-form-043314,matbench_mp_e_form,train,<RUNS_ROOT>/official_benchmark_214/matbench_e_form_5fold/fold0/dataset/cifs/mb-mp-e-form-043314.cif,-0.6371474500000005,TcAgO2,16,
mb-mp-e-form-029839,matbench_mp_e_form,train,<RUNS_ROOT>/official_benchmark_214/matbench_e_form_5fold/fold0/dataset/cifs/mb-mp-e-form-029839.cif,-0.3620323337499997,Sm2TlCd,4,
mb-mp-e-form-040101,matbench_mp_e_form,train,<RUNS_ROOT>/official_benchmark_214/matbench_e_form_5fold/fold0/dataset/cifs/mb-mp-e-form-040101.cif,-0.5628407750000006,Er2CuAu,4,
mb-mp-e-form-120640,matbench_mp_e_form,train,<RUNS_ROOT>/official_benchmark_214/matbench_e_form_5fold/fold0/dataset/cifs/mb-mp-e-form-120640.cif,-2.9219855107236845,Ca5Ge3O11,38,
mb-mp-e-form-085933,matbench_mp_e_form,train,<RUNS_ROOT>/official_benchmark_214/matbench_e_form_5fold/fold0/dataset/cifs/mb-mp-e-form-085933.cif,-2.0352596322690006,Li6Mn3CoO10,20,
mb-mp-e-form-109843,matbench_mp_e_form,train,<RUNS_ROOT>/official_benchmark_214/matbench_e_form_5fold/fold0/dataset/cifs/mb-mp-e-form-109843.cif,-2.635846989285715,CaCr2O4,14,
mb-mp-e-form-060794,matbench_mp_e_form,train,<RUNS_ROOT>/official_benchmark_214/matbench_e_form_5fold/fold0/dataset/cifs/mb-mp-e-form-060794.cif,-1.1373508494975004,SbN3(O3F)3,32,
mb-mp-e-form-059837,matbench_mp_e_form,train,<RUNS_ROOT>/official_benchmark_214/matbench_e_form_5fold/fold0/dataset/cifs/mb-mp-e-form-059837.cif,-1.1062351789519993,Yb3N2,10,
mb-mp-e-form-012311,matbench_mp_e_form,train,<RUNS_ROOT>/official_benchmark_214/matbench_e_form_5fold/fold0/dataset/cifs/mb-mp-e-form-012311.cif,0.0049417536206895,Mg16Al12Ge,29,
mb-mp-e-form-068933,matbench_mp_e_form,train,<RUNS_ROOT>/official_benchmark_214/matbench_e_form_5fold/fold0/dataset/cifs/mb-mp-e-form-068933.cif,-1.5225904041964284,Y2CdSe4,14,
mb-mp-e-form-043213,matbench_mp_e_form,train,<RUNS_ROOT>/official_benchmark_214/matbench_e_form_5fold/fold0/dataset/cifs/mb-mp-e-form-043213.cif,-0.6301152786206903,Sc6Ga16Ir7,29,
mb-mp-e-form-001444,matbench_mp_e_form,train,<RUNS_ROOT>/official_benchmark_214/matbench_e_form_5fold/fold0/dataset/cifs/mb-mp-e-form-001444.cif,1.03422987,Mg2CuAu,4,
mb-mp-e-form-025899,matbench_mp_e_form,train,<RUNS_ROOT>/official_benchmark_214/matbench_e_form_5fold/fold0/dataset/cifs/mb-mp-e-form-025899.cif,-0.2968578504166661,TiFeCoSb,4,
mb-mp-e-form-042331,matbench_mp_e_form,train,<RUNS_ROOT>/official_benchmark_214/matbench_e_form_5fold/fold0/dataset/cifs/mb-mp-e-form-042331.cif,-0.5983253560216669,C3IF2,24,
mb-mp-e-form-069005,matbench_mp_e_form,train,<RUNS_ROOT>/official_benchmark_214/matbench_e_form_5fold/fold0/dataset/cifs/mb-mp-e-form-069005.cif,-1.5123914308333326,MgO2,3,
mb-mp-e-form-007199,matbench_mp_e_form,train,<RUNS_ROOT>/official_benchmark_214/matbench_e_form_5fold/fold0/dataset/cifs/mb-mp-e-form-007199.cif,0.1470825700000002,Mn,1,
mb-mp-e-form-079539,matbench_mp_e_form,train,<RUNS_ROOT>/official_benchmark_214/matbench_e_form_5fold/fold0/dataset/cifs/mb-mp-e-form-079539.cif,-1.8568044179494048,K2Cu3S3O13,84,
mb-mp-e-form-017627,matbench_mp_e_form,train,<RUNS_ROOT>/official_benchmark_214/matbench_e_form_5fold/fold0/dataset/cifs/mb-mp-e-form-017627.cif,-0.1293456731999995,B3H5,32,
mb-mp-e-form-092820,matbench_mp_e_form,train,<RUNS_ROOT>/official_benchmark_214/matbench_e_form_5fold/fold0/dataset/cifs/mb-mp-e-form-092820.cif,-2.2313045491666657,Mg(MoO3)2,18,
mb-mp-e-form-124359,matbench_mp_e_form,train,<RUNS_ROOT>/official_benchmark_214/matbench_e_form_5fold/fold0/dataset/cifs/mb-mp-e-form-124359.cif,-3.111891380211539,K3LuSi2O7,26,
mb-mp-e-form-008011,matbench_mp_e_form,train,<RUNS_ROOT>/official_benchmark_214/matbench_e_form_5fold/fold0/dataset/cifs/mb-mp-e-form-008011.cif,0.1122595229166663,Mg6ZrTi,8,
mb-mp-e-form-044152,matbench_mp_e_form,train,<RUNS_ROOT>/official_benchmark_214/matbench_e_form_5fold/fold0/dataset/cifs/mb-mp-e-form-044152.cif,-0.6555974474999999,ZrScRu2,4,
mb-mp-e-form-079246,matbench_mp_e_form,train,<RUNS_ROOT>/official_benchmark_214/matbench_e_form_5fold/fold0/dataset/cifs/mb-mp-e-form-079246.cif,-1.8563688652678567,LiCu2PO4,16,
mb-mp-e-form-115065,matbench_mp_e_form,train,<RUNS_ROOT>/official_benchmark_214/matbench_e_form_5fold/fold0/dataset/cifs/mb-mp-e-form-115065.cif,-2.7564872991447373,Yb6NpO12,19,
mb-mp-e-form-010562,matbench_mp_e_form,train,<RUNS_ROOT>/official_benchmark_214/matbench_e_form_5fold/fold0/dataset/cifs/mb-mp-e-form-010562.cif,0.0527431499999998,Sr4Rh,10,
mb-mp-e-form-062566,matbench_mp_e_form,train,<RUNS_ROOT>/official_benchmark_214/matbench_e_form_5fold/fold0/dataset/cifs/mb-mp-e-form-062566.cif,-1.2200264750689649,RbVBr3,10,
mb-mp-e-form-121336,matbench_mp_e_form,train,<RUNS_ROOT>/official_benchmark_214/matbench_e_form_5fold/fold0/dataset/cifs/mb-mp-e-form-121336.cif,-2.9736915184412127,TbCd2F8,11,
mb-mp-e-form-091696,matbench_mp_e_form,train,<RUNS_ROOT>/official_benchmark_214/matbench_e_form_5fold/fold0/dataset/cifs/mb-mp-e-form-091696.cif,-2.1890727263,LiFe6O7F5,19,
mb-mp-e-form-070480,matbench_mp_e_form,train,<RUNS_ROOT>/official_benchmark_214/matbench_e_form_5fold/fold0/dataset/cifs/mb-mp-e-form-070480.cif,-1.54159589455925,KHg2S(ClO)3,20,
mb-mp-e-form-064809,matbench_mp_e_form,train,<RUNS_ROOT>/official_benchmark_214/matbench_e_form_5fold/fold0/dataset/cifs/mb-mp-e-form-064809.cif,-1.3017272093263883,CaSnS3,90,
mb-mp-e-form-085947,matbench_mp_e_form,train,<RUNS_ROOT>/official_benchmark_214/matbench_e_form_5fold/fold0/dataset/cifs/mb-mp-e-form-085947.cif,-2.0382347602690003,Li6Mn3CoO10,20,
mb-mp-e-form-031302,matbench_mp_e_form,train,<RUNS_ROOT>/official_benchmark_214/matbench_e_form_5fold/fold0/dataset/cifs/mb-mp-e-form-031302.cif,-0.393726082222222,Gd3Zn5Ge,9,
mb-mp-e-form-009628,matbench_mp_e_form,train,<RUNS_ROOT>/official_benchmark_214/matbench_e_form_5fold/fold0/dataset/cifs/mb-mp-e-form-009628.cif,0.0771035288811766,Zn(ClO7)2,17,
mb-mp-e-form-109297,matbench_mp_e_form,train,<RUNS_ROOT>/official_benchmark_214/matbench_e_form_5fold/fold0/dataset/cifs/mb-mp-e-form-109297.cif,-2.6079066753214284,Li3Mo2(PO4)3,80,
mb-mp-e-form-128360,matbench_mp_e_form,train,<RUNS_ROOT>/official_benchmark_214/matbench_e_form_5fold/fold0/dataset/cifs/mb-mp-e-form-128360.cif,-3.3706548222526926,Rb5Nb3OF18,54,
mb-mp-e-form-017610,matbench_mp_e_form,train,<RUNS_ROOT>/official_benchmark_214/matbench_e_form_5fold/fold0/dataset/cifs/mb-mp-e-form-017610.cif,-0.1257543714285713,Ti3Cu4,7,
mb-mp-e-form-092779,matbench_mp_e_form,train,<RUNS_ROOT>/official_benchmark_214/matbench_e_form_5fold/fold0/dataset/cifs/mb-mp-e-form-092779.cif,-2.243761715561112,KMg6BO7,15,
mb-mp-e-form-075809,matbench_mp_e_form,train,<RUNS_ROOT>/official_benchmark_214/matbench_e_form_5fold/fold0/dataset/cifs/mb-mp-e-form-075809.cif,-1.7463971945833332,Zn2Cr2O5,18,
mb-mp-e-form-112689,matbench_mp_e_form,train,<RUNS_ROOT>/official_benchmark_214/matbench_e_form_5fold/fold0/dataset/cifs/mb-mp-e-form-112689.cif,-2.682860515533424,Li8TiMn3(PO4)6,42,
mb-mp-e-form-102164,matbench_mp_e_form,train,<RUNS_ROOT>/official_benchmark_214/matbench_e_form_5fold/fold0/dataset/cifs/mb-mp-e-form-102164.cif,-2.445884675263976,Li2Sn3(P2O7)2,23,
mb-mp-e-form-004287,matbench_mp_e_form,train,<RUNS_ROOT>/official_benchmark_214/matbench_e_form_5fold/fold0/dataset/cifs/mb-mp-e-form-004287.cif,0.374423027178889,KAu(CN)2,18,
mb-mp-e-form-118804,matbench_mp_e_form,train,<RUNS_ROOT>/official_benchmark_214/matbench_e_form_5fold/fold0/dataset/cifs/mb-mp-e-form-118804.cif,-2.8859702150000004,Mg14VCoO16,32,
mb-mp-e-form-125033,matbench_mp_e_form,train,<RUNS_ROOT>/official_benchmark_214/matbench_e_form_5fold/fold0/dataset/cifs/mb-mp-e-form-125033.cif,-3.148058619598765,Ta6TiTl2O18,27,
mb-mp-e-form-070462,matbench_mp_e_form,train,<RUNS_ROOT>/official_benchmark_214/matbench_e_form_5fold/fold0/dataset/cifs/mb-mp-e-form-070462.cif,-1.5614889807500003,TePbO3,20,
mb-mp-e-form-039314,matbench_mp_e_form,train,<RUNS_ROOT>/official_benchmark_214/matbench_e_form_5fold/fold0/dataset/cifs/mb-mp-e-form-039314.cif,-0.547010518,Li2WO12,60,
mb-mp-e-form-071452,matbench_mp_e_form,train,<RUNS_ROOT>/official_benchmark_214/matbench_e_form_5fold/fold0/dataset/cifs/mb-mp-e-form-071452.cif,-1.5861766142375997,MgTlAs(H6O5)2,50,
mb-mp-e-form-095539,matbench_mp_e_form,train,<RUNS_ROOT>/official_benchmark_214/matbench_e_form_5fold/fold0/dataset/cifs/mb-mp-e-form-095539.cif,-2.301100563818682,Li12Co3NiP4(CO7)4,52,
mb-mp-e-form-093614,matbench_mp_e_form,train,<RUNS_ROOT>/official_benchmark_214/matbench_e_form_5fold/fold0/dataset/cifs/mb-mp-e-form-093614.cif,-2.2451938974404766,Li4Ti2Co3Sn3O16,28,
mb-mp-e-form-087835,matbench_mp_e_form,train,<RUNS_ROOT>/official_benchmark_214/matbench_e_form_5fold/fold0/dataset/cifs/mb-mp-e-form-087835.cif,-2.116130187125264,Ba2Mg2Mn3Tl2O10,19,
mb-mp-e-form-033556,matbench_mp_e_form,train,<RUNS_ROOT>/official_benchmark_214/matbench_e_form_5fold/fold0/dataset/cifs/mb-mp-e-form-033556.cif,-0.4427442325000008,U3Fe2Si7,12,
mb-mp-e-form-069610,matbench_mp_e_form,train,<RUNS_ROOT>/official_benchmark_214/matbench_e_form_5fold/fold0/dataset/cifs/mb-mp-e-form-069610.cif,-1.5218256823437502,ReHg2O5,32,
mb-mp-e-form-091946,matbench_mp_e_form,train,<RUNS_ROOT>/official_benchmark_214/matbench_e_form_5fold/fold0/dataset/cifs/mb-mp-e-form-091946.cif,-2.2174490236094253,RbNi2F6,18,
mb-mp-e-form-092993,matbench_mp_e_form,train,<RUNS_ROOT>/official_benchmark_214/matbench_e_form_5fold/fold0/dataset/cifs/mb-mp-e-form-092993.cif,-2.2374542910112183,CsP(HO2)2,32,
mb-mp-e-form-065761,matbench_mp_e_form,train,<RUNS_ROOT>/official_benchmark_214/matbench_e_form_5fold/fold0/dataset/cifs/mb-mp-e-form-065761.cif,-1.374752923750001,Na2O,9,
mb-mp-e-form-024426,matbench_mp_e_form,train,<RUNS_ROOT>/official_benchmark_214/matbench_e_form_5fold/fold0/dataset/cifs/mb-mp-e-form-024426.cif,-0.2784101331473201,Hf8Mo5S,28,
mb-mp-e-form-115922,matbench_mp_e_form,train,<RUNS_ROOT>/official_benchmark_214/matbench_e_form_5fold/fold0/dataset/cifs/mb-mp-e-form-115922.cif,-2.8143953015625,La7Sm(FeO3)8,40,
mb-mp-e-form-050040,matbench_mp_e_form,train,<RUNS_ROOT>/official_benchmark_214/matbench_e_form_5fold/fold0/dataset/cifs/mb-mp-e-form-050040.cif,-0.7947557249999999,HoAlAu,12,
mb-mp-e-form-013041,matbench_mp_e_form,train,<RUNS_ROOT>/official_benchmark_214/matbench_e_form_5fold/fold0/dataset/cifs/mb-mp-e-form-013041.cif,-0.02264103125,MgCd3,4,
mb-mp-e-form-047069,matbench_mp_e_form,train,<RUNS_ROOT>/official_benchmark_214/matbench_e_form_5fold/fold0/dataset/cifs/mb-mp-e-form-047069.cif,-0.7272760489583332,Tb5Sn3,16,
mb-mp-e-form-020121,matbench_mp_e_form,train,<RUNS_ROOT>/official_benchmark_214/matbench_e_form_5fold/fold0/dataset/cifs/mb-mp-e-form-020121.cif,-0.2047135898214289,Nb2TcRu,4,
mb-mp-e-form-024564,matbench_mp_e_form,train,<RUNS_ROOT>/official_benchmark_214/matbench_e_form_5fold/fold0/dataset/cifs/mb-mp-e-form-024564.cif,-0.2869748467499988,ThRu3C,5,
mb-mp-e-form-029867,matbench_mp_e_form,train,<RUNS_ROOT>/official_benchmark_214/matbench_e_form_5fold/fold0/dataset/cifs/mb-mp-e-form-029867.cif,-0.3594960845833328,Lu2ZnIn,4,
mb-mp-e-form-040961,matbench_mp_e_form,train,<RUNS_ROOT>/official_benchmark_214/matbench_e_form_5fold/fold0/dataset/cifs/mb-mp-e-form-040961.cif,-0.5874893200000008,TmAlGe,6,
mb-mp-e-form-038725,matbench_mp_e_form,train,<RUNS_ROOT>/official_benchmark_214/matbench_e_form_5fold/fold0/dataset/cifs/mb-mp-e-form-038725.cif,-0.5292575564376797,RbHgSbSe3,24,
mb-mp-e-form-030683,matbench_mp_e_form,train,<RUNS_ROOT>/official_benchmark_214/matbench_e_form_5fold/fold0/dataset/cifs/mb-mp-e-form-030683.cif,-0.3855997119999997,Te3Pt2,10,
mb-mp-e-form-079297,matbench_mp_e_form,train,<RUNS_ROOT>/official_benchmark_214/matbench_e_form_5fold/fold0/dataset/cifs/mb-mp-e-form-079297.cif,-1.8450489812500004,BaCr2AsO10,28,
mb-mp-e-form-076355,matbench_mp_e_form,train,<RUNS_ROOT>/official_benchmark_214/matbench_e_form_5fold/fold0/dataset/cifs/mb-mp-e-form-076355.cif,-1.7787896100835416,TiH8N2F5,64,
mb-mp-e-form-103132,matbench_mp_e_form,train,<RUNS_ROOT>/official_benchmark_214/matbench_e_form_5fold/fold0/dataset/cifs/mb-mp-e-form-103132.cif,-2.469443987692308,LiYMo3O8,13,
mb-mp-e-form-037167,matbench_mp_e_form,train,<RUNS_ROOT>/official_benchmark_214/matbench_e_form_5fold/fold0/dataset/cifs/mb-mp-e-form-037167.cif,-0.5094023990586927,Cd2Se3N2O15,44,
mb-mp-e-form-074721,matbench_mp_e_form,train,<RUNS_ROOT>/official_benchmark_214/matbench_e_form_5fold/fold0/dataset/cifs/mb-mp-e-form-074721.cif,-1.6817701889285712,Li4Fe3Cu3(SnO8)2,28,
mb-mp-e-form-124428,matbench_mp_e_form,train,<RUNS_ROOT>/official_benchmark_214/matbench_e_form_5fold/fold0/dataset/cifs/mb-mp-e-form-124428.cif,-3.099957831583333,Ba2TbSbO6,10,
mb-mp-e-form-112458,matbench_mp_e_form,train,<RUNS_ROOT>/official_benchmark_214/matbench_e_form_5fold/fold0/dataset/cifs/mb-mp-e-form-112458.cif,-2.6716144087605564,Mn12O5F19,36,
mb-mp-e-form-105931,matbench_mp_e_form,train,<RUNS_ROOT>/official_benchmark_214/matbench_e_form_5fold/fold0/dataset/cifs/mb-mp-e-form-105931.cif,-2.540838026776315,Th2Te3MoO13,76,
mb-mp-e-form-028261,matbench_mp_e_form,train,<RUNS_ROOT>/official_benchmark_214/matbench_e_form_5fold/fold0/dataset/cifs/mb-mp-e-form-028261.cif,-0.3478687233333322,Pr2AgGe6,9,
mb-mp-e-form-017119,matbench_mp_e_form,train,<RUNS_ROOT>/official_benchmark_214/matbench_e_form_5fold/fold0/dataset/cifs/mb-mp-e-form-017119.cif,-0.1179110425000002,Pr3Pd,4,
mb-mp-e-form-036008,matbench_mp_e_form,train,<RUNS_ROOT>/official_benchmark_214/matbench_e_form_5fold/fold0/dataset/cifs/mb-mp-e-form-036008.cif,-0.4841661966666667,NaCaSb,3,
mb-mp-e-form-034262,matbench_mp_e_form,train,<RUNS_ROOT>/official_benchmark_214/matbench_e_form_5fold/fold0/dataset/cifs/mb-mp-e-form-034262.cif,-0.4584956404133791,CsYbH3,5,
mb-mp-e-form-007794,matbench_mp_e_form,train,<RUNS_ROOT>/official_benchmark_214/matbench_e_form_5fold/fold0/dataset/cifs/mb-mp-e-form-007794.cif,0.1346093916666658,ZrCoSb,3,
mb-mp-e-form-094872,matbench_mp_e_form,train,<RUNS_ROOT>/official_benchmark_214/matbench_e_form_5fold/fold0/dataset/cifs/mb-mp-e-form-094872.cif,-2.280560800416666,Ta2Co4O9,60,
mb-mp-e-form-050169,matbench_mp_e_form,train,<RUNS_ROOT>/official_benchmark_214/matbench_e_form_5fold/fold0/dataset/cifs/mb-mp-e-form-050169.cif,-0.7992748269047625,Dy2Co12P7,21,
mb-mp-e-form-009593,matbench_mp_e_form,train,<RUNS_ROOT>/official_benchmark_214/matbench_e_form_5fold/fold0/dataset/cifs/mb-mp-e-form-009593.cif,0.0898804698737496,TaS2N,8,
mb-mp-e-form-055391,matbench_mp_e_form,train,<RUNS_ROOT>/official_benchmark_214/matbench_e_form_5fold/fold0/dataset/cifs/mb-mp-e-form-055391.cif,-0.959518361857144,LaPr3(CoP)8,20,
mb-mp-e-form-090209,matbench_mp_e_form,train,<RUNS_ROOT>/official_benchmark_214/matbench_e_form_5fold/fold0/dataset/cifs/mb-mp-e-form-090209.cif,-2.1564871447777776,KSbWO6,18,
mb-mp-e-form-126063,matbench_mp_e_form,train,<RUNS_ROOT>/official_benchmark_214/matbench_e_form_5fold/fold0/dataset/cifs/mb-mp-e-form-126063.cif,-3.210983905,SrLaVO4,14,
mb-mp-e-form-054870,matbench_mp_e_form,train,<RUNS_ROOT>/official_benchmark_214/matbench_e_form_5fold/fold0/dataset/cifs/mb-mp-e-form-054870.cif,-0.9015529046153848,Mg(NiO2)4,13,
mb-mp-e-form-027516,matbench_mp_e_form,train,<RUNS_ROOT>/official_benchmark_214/matbench_e_form_5fold/fold0/dataset/cifs/mb-mp-e-form-027516.cif,-0.3293690666666666,LuCuPb,6,
mb-mp-e-form-060729,matbench_mp_e_form,train,<RUNS_ROOT>/official_benchmark_214/matbench_e_form_5fold/fold0/dataset/cifs/mb-mp-e-form-060729.cif,-1.133572322738,K5NO4,10,
mb-mp-e-form-011602,matbench_mp_e_form,train,<RUNS_ROOT>/official_benchmark_214/matbench_e_form_5fold/fold0/dataset/cifs/mb-mp-e-form-011602.cif,0.0322870899999996,PtAu,2,
mb-mp-e-form-007779,matbench_mp_e_form,train,<RUNS_ROOT>/official_benchmark_214/matbench_e_form_5fold/fold0/dataset/cifs/mb-mp-e-form-007779.cif,0.1475177500000004,Ge,8,
mb-mp-e-form-079351,matbench_mp_e_form,train,<RUNS_ROOT>/official_benchmark_214/matbench_e_form_5fold/fold0/dataset/cifs/mb-mp-e-form-079351.cif,-1.84237818453125,HfS,2,
mb-mp-e-form-020228,matbench_mp_e_form,train,<RUNS_ROOT>/official_benchmark_214/matbench_e_form_5fold/fold0/dataset/cifs/mb-mp-e-form-020228.cif,-0.2047979537499999,LaMgNi2,8,
mb-mp-e-form-065272,matbench_mp_e_form,train,<RUNS_ROOT>/official_benchmark_214/matbench_e_form_5fold/fold0/dataset/cifs/mb-mp-e-form-065272.cif,-1.3509332614999985,SbPbIO2,5,
mb-mp-e-form-062234,matbench_mp_e_form,train,<RUNS_ROOT>/official_benchmark_214/matbench_e_form_5fold/fold0/dataset/cifs/mb-mp-e-form-062234.cif,-1.2273368166875016,Tm2Sn3(PbS4)3,40,
mb-mp-e-form-042110,matbench_mp_e_form,train,<RUNS_ROOT>/official_benchmark_214/matbench_e_form_5fold/fold0/dataset/cifs/mb-mp-e-form-042110.cif,-0.61217933,ThAu3,4,
mb-mp-e-form-033887,matbench_mp_e_form,train,<RUNS_ROOT>/official_benchmark_214/matbench_e_form_5fold/fold0/dataset/cifs/mb-mp-e-form-033887.cif,-0.4376551547023819,TiNbRu2,4,
mb-mp-e-form-050442,matbench_mp_e_form,train,<RUNS_ROOT>/official_benchmark_214/matbench_e_form_5fold/fold0/dataset/cifs/mb-mp-e-form-050442.cif,-0.7903178367361102,Na2CuAg2(SO)2,9,
mb-mp-e-form-087654,matbench_mp_e_form,train,<RUNS_ROOT>/official_benchmark_214/matbench_e_form_5fold/fold0/dataset/cifs/mb-mp-e-form-087654.cif,-2.06139764625,Li8Te2O9,76,
mb-mp-e-form-083930,matbench_mp_e_form,train,<RUNS_ROOT>/official_benchmark_214/matbench_e_form_5fold/fold0/dataset/cifs/mb-mp-e-form-083930.cif,-1.97968999115625,KSm2CuS4,16,
mb-mp-e-form-055296,matbench_mp_e_form,train,<RUNS_ROOT>/official_benchmark_214/matbench_e_form_5fold/fold0/dataset/cifs/mb-mp-e-form-055296.cif,-0.9346543058476784,Nb(NF4)3,16,
mb-mp-e-form-018809,matbench_mp_e_form,train,<RUNS_ROOT>/official_benchmark_214/matbench_e_form_5fold/fold0/dataset/cifs/mb-mp-e-form-018809.cif,-0.146741574196428,Cr2CoSe4,56,
mb-mp-e-form-046185,matbench_mp_e_form,train,<RUNS_ROOT>/official_benchmark_214/matbench_e_form_5fold/fold0/dataset/cifs/mb-mp-e-form-046185.cif,-0.6966508381278833,H12C5S2N2O5,52,
mb-mp-e-form-128495,matbench_mp_e_form,train,<RUNS_ROOT>/official_benchmark_214/matbench_e_form_5fold/fold0/dataset/cifs/mb-mp-e-form-128495.cif,-3.319988203214286,CaMgSiO4,28,
mb-mp-e-form-081379,matbench_mp_e_form,train,<RUNS_ROOT>/official_benchmark_214/matbench_e_form_5fold/fold0/dataset/cifs/mb-mp-e-form-081379.cif,-1.8934923333062488,KPd2F5,32,
mb-mp-e-form-114862,matbench_mp_e_form,train,<RUNS_ROOT>/official_benchmark_214/matbench_e_form_5fold/fold0/dataset/cifs/mb-mp-e-form-114862.cif,-2.77498115890625,CaMg14BiO16,32,
mb-mp-e-form-104914,matbench_mp_e_form,train,<RUNS_ROOT>/official_benchmark_214/matbench_e_form_5fold/fold0/dataset/cifs/mb-mp-e-form-104914.cif,-2.5274489555867348,Li4Nb3V3(FeO8)2,28,
mb-mp-e-form-010946,matbench_mp_e_form,train,<RUNS_ROOT>/official_benchmark_214/matbench_e_form_5fold/fold0/dataset/cifs/mb-mp-e-form-010946.cif,0.0199768800000001,Mg3Al,4,
mb-mp-e-form-020432,matbench_mp_e_form,train,<RUNS_ROOT>/official_benchmark_214/matbench_e_form_5fold/fold0/dataset/cifs/mb-mp-e-form-020432.cif,-0.1897095099999997,Li2MgAg,4,
mb-mp-e-form-130870,matbench_mp_e_form,train,<RUNS_ROOT>/official_benchmark_214/matbench_e_form_5fold/fold0/dataset/cifs/mb-mp-e-form-130870.cif,-3.7074715705771433,Sr3Al2P(O2F5)2,80,
mb-mp-e-form-000779,matbench_mp_e_form,train,<RUNS_ROOT>/official_benchmark_214/matbench_e_form_5fold/fold0/dataset/cifs/mb-mp-e-form-000779.cif,2.45592946,Sm2MnSb3,6,
mb-mp-e-form-091379,matbench_mp_e_form,train,<RUNS_ROOT>/official_benchmark_214/matbench_e_form_5fold/fold0/dataset/cifs/mb-mp-e-form-091379.cif,-2.1992387583975,Sb2Te(SeF5)2,240,
mb-mp-e-form-070745,matbench_mp_e_form,train,<RUNS_ROOT>/official_benchmark_214/matbench_e_form_5fold/fold0/dataset/cifs/mb-mp-e-form-070745.cif,-1.5388888145312496,Te3WO12,16,
mb-mp-e-form-037715,matbench_mp_e_form,train,<RUNS_ROOT>/official_benchmark_214/matbench_e_form_5fold/fold0/dataset/cifs/mb-mp-e-form-037715.cif,-0.5132303364583333,Ca5Pb3,48,
mb-mp-e-form-101472,matbench_mp_e_form,train,<RUNS_ROOT>/official_benchmark_214/matbench_e_form_5fold/fold0/dataset/cifs/mb-mp-e-form-101472.cif,-2.4327222219196423,Sn5P6O25,36,
mb-mp-e-form-082541,matbench_mp_e_form,train,<RUNS_ROOT>/official_benchmark_214/matbench_e_form_5fold/fold0/dataset/cifs/mb-mp-e-form-082541.cif,-1.9106282789687503,K2HS2NO6,24,
mb-mp-e-form-059040,matbench_mp_e_form,train,<RUNS_ROOT>/official_benchmark_214/matbench_e_form_5fold/fold0/dataset/cifs/mb-mp-e-form-059040.cif,-1.1110305850000006,HoGaPt,12,
mb-mp-e-form-040666,matbench_mp_e_form,train,<RUNS_ROOT>/official_benchmark_214/matbench_e_form_5fold/fold0/dataset/cifs/mb-mp-e-form-040666.cif,-0.5700856475122222,H5C2ClO,36,
mb-mp-e-form-043997,matbench_mp_e_form,train,<RUNS_ROOT>/official_benchmark_214/matbench_e_form_5fold/fold0/dataset/cifs/mb-mp-e-form-043997.cif,-0.6532555040000005,Ba(NiAs)2,5,
mb-mp-e-form-089047,matbench_mp_e_form,train,<RUNS_ROOT>/official_benchmark_214/matbench_e_form_5fold/fold0/dataset/cifs/mb-mp-e-form-089047.cif,-2.138547729702382,NaNdB6O13,42,
mb-mp-e-form-059178,matbench_mp_e_form,train,<RUNS_ROOT>/official_benchmark_214/matbench_e_form_5fold/fold0/dataset/cifs/mb-mp-e-form-059178.cif,-1.0939546350130211,BaAl4Se7,24,
mb-mp-e-form-093560,matbench_mp_e_form,train,<RUNS_ROOT>/official_benchmark_214/matbench_e_form_5fold/fold0/dataset/cifs/mb-mp-e-form-093560.cif,-2.2443589853472226,Li3Ti(CoO3)2,12,
mb-mp-e-form-069596,matbench_mp_e_form,train,<RUNS_ROOT>/official_benchmark_214/matbench_e_form_5fold/fold0/dataset/cifs/mb-mp-e-form-069596.cif,-1.530630427665,BaH2O3,12,
mb-mp-e-form-063859,matbench_mp_e_form,train,<RUNS_ROOT>/official_benchmark_214/matbench_e_form_5fold/fold0/dataset/cifs/mb-mp-e-form-063859.cif,-1.248460902916667,Mg2Ag2O5,18,
mb-mp-e-form-030332,matbench_mp_e_form,train,<RUNS_ROOT>/official_benchmark_214/matbench_e_form_5fold/fold0/dataset/cifs/mb-mp-e-form-030332.cif,-0.3803495140000009,UCoNiGe2,10,
mb-mp-e-form-108402,matbench_mp_e_form,train,<RUNS_ROOT>/official_benchmark_214/matbench_e_form_5fold/fold0/dataset/cifs/mb-mp-e-form-108402.cif,-2.578172716846,SrLaMnRuO6,20,
mb-mp-e-form-080178,matbench_mp_e_form,train,<RUNS_ROOT>/official_benchmark_214/matbench_e_form_5fold/fold0/dataset/cifs/mb-mp-e-form-080178.cif,-1.8602082428725,Li9Mn2Co5O16,32,
mb-mp-e-form-117679,matbench_mp_e_form,train,<RUNS_ROOT>/official_benchmark_214/matbench_e_form_5fold/fold0/dataset/cifs/mb-mp-e-form-117679.cif,-2.830403276626667,LiFeF4,48,
mb-mp-e-form-128092,matbench_mp_e_form,train,<RUNS_ROOT>/official_benchmark_214/matbench_e_form_5fold/fold0/dataset/cifs/mb-mp-e-form-128092.cif,-3.322220089949404,K3Ti8O17,28,
mb-mp-e-form-018505,matbench_mp_e_form,train,<RUNS_ROOT>/official_benchmark_214/matbench_e_form_5fold/fold0/dataset/cifs/mb-mp-e-form-018505.cif,-0.1554301133269475,Cs4Sn21Hg2,54,
mb-mp-e-form-060976,matbench_mp_e_form,train,<RUNS_ROOT>/official_benchmark_214/matbench_e_form_5fold/fold0/dataset/cifs/mb-mp-e-form-060976.cif,-1.1861149341666664,ErAsPt,12,
mb-mp-e-form-034494,matbench_mp_e_form,train,<RUNS_ROOT>/official_benchmark_214/matbench_e_form_5fold/fold0/dataset/cifs/mb-mp-e-form-034494.cif,-0.4575263649999996,GePd,8,
mb-mp-e-form-124401,matbench_mp_e_form,train,<RUNS_ROOT>/official_benchmark_214/matbench_e_form_5fold/fold0/dataset/cifs/mb-mp-e-form-124401.cif,-3.071121893484546,Na5Cr3F14,44,
mb-mp-e-form-067273,matbench_mp_e_form,train,<RUNS_ROOT>/official_benchmark_214/matbench_e_form_5fold/fold0/dataset/cifs/mb-mp-e-form-067273.cif,-1.453891294041667,Ta4MoS10,15,
mb-mp-e-form-046693,matbench_mp_e_form,train,<RUNS_ROOT>/official_benchmark_214/matbench_e_form_5fold/fold0/dataset/cifs/mb-mp-e-form-046693.cif,-0.7034203865277777,Tl4SnS4,36,
mb-mp-e-form-122226,matbench_mp_e_form,train,<RUNS_ROOT>/official_benchmark_214/matbench_e_form_5fold/fold0/dataset/cifs/mb-mp-e-form-122226.cif,-3.0047958136842112,Ba4ScReWO12,19,
mb-mp-e-form-053826,matbench_mp_e_form,train,<RUNS_ROOT>/official_benchmark_214/matbench_e_form_5fold/fold0/dataset/cifs/mb-mp-e-form-053826.cif,-0.88745605125,Yb2BiAu,4,
mb-mp-e-form-048974,matbench_mp_e_form,train,<RUNS_ROOT>/official_benchmark_214/matbench_e_form_5fold/fold0/dataset/cifs/mb-mp-e-form-048974.cif,-0.7802573601790008,Na2ZnCl4O3,10,
mb-mp-e-form-092913,matbench_mp_e_form,train,<RUNS_ROOT>/official_benchmark_214/matbench_e_form_5fold/fold0/dataset/cifs/mb-mp-e-form-092913.cif,-2.240726214010416,LiV2(SO4)3,72,
mb-mp-e-form-085130,matbench_mp_e_form,train,<RUNS_ROOT>/official_benchmark_214/matbench_e_form_5fold/fold0/dataset/cifs/mb-mp-e-form-085130.cif,-2.0175856012209525,Zr6MnCl14,42,
mb-mp-e-form-010101,matbench_mp_e_form,train,<RUNS_ROOT>/official_benchmark_214/matbench_e_form_5fold/fold0/dataset/cifs/mb-mp-e-form-010101.cif,0.0392465578125005,Mg14MnBi,16,
mb-mp-e-form-110973,matbench_mp_e_form,train,<RUNS_ROOT>/official_benchmark_214/matbench_e_form_5fold/fold0/dataset/cifs/mb-mp-e-form-110973.cif,-2.6478616413694285,Li3MnV(PO4)3,40,
mb-mp-e-form-012163,matbench_mp_e_form,train,<RUNS_ROOT>/official_benchmark_214/matbench_e_form_5fold/fold0/dataset/cifs/mb-mp-e-form-012163.cif,0.0058205650000004,MgGa2,6,
mb-mp-e-form-101614,matbench_mp_e_form,train,<RUNS_ROOT>/official_benchmark_214/matbench_e_form_5fold/fold0/dataset/cifs/mb-mp-e-form-101614.cif,-2.4356753276964285,LiCr4(PO4)3,80,
mb-mp-e-form-098589,matbench_mp_e_form,train,<RUNS_ROOT>/official_benchmark_214/matbench_e_form_5fold/fold0/dataset/cifs/mb-mp-e-form-098589.cif,-2.3674888757692303,Li2V3O8,26,
mb-mp-e-form-121374,matbench_mp_e_form,train,<RUNS_ROOT>/official_benchmark_214/matbench_e_form_5fold/fold0/dataset/cifs/mb-mp-e-form-121374.cif,-2.977695684374999,Li2BeSiO4,16,
mb-mp-e-form-119560,matbench_mp_e_form,train,<RUNS_ROOT>/official_benchmark_214/matbench_e_form_5fold/fold0/dataset/cifs/mb-mp-e-form-119560.cif,-2.9129073094117643,Li2Fe(Si2O5)2,68,
mb-mp-e-form-086752,matbench_mp_e_form,train,<RUNS_ROOT>/official_benchmark_214/matbench_e_form_5fold/fold0/dataset/cifs/mb-mp-e-form-086752.cif,-2.0558758032142848,Sm(CuO2)2,14,
mb-mp-e-form-054707,matbench_mp_e_form,train,<RUNS_ROOT>/official_benchmark_214/matbench_e_form_5fold/fold0/dataset/cifs/mb-mp-e-form-054707.cif,-0.9297686513636372,Eu3(AsPd)4,11,
mb-mp-e-form-083990,matbench_mp_e_form,train,<RUNS_ROOT>/official_benchmark_214/matbench_e_form_5fold/fold0/dataset/cifs/mb-mp-e-form-083990.cif,-1.9856313499038465,BaYbCo4O7,26,
mb-mp-e-form-061242,matbench_mp_e_form,train,<RUNS_ROOT>/official_benchmark_214/matbench_e_form_5fold/fold0/dataset/cifs/mb-mp-e-form-061242.cif,-1.1603509649668524,CdRe2H8C2S2(NO2)4,54,
mb-mp-e-form-028770,matbench_mp_e_form,train,<RUNS_ROOT>/official_benchmark_214/matbench_e_form_5fold/fold0/dataset/cifs/mb-mp-e-form-028770.cif,-0.3510179841218181,Na3H7Ru,44,
mb-mp-e-form-093954,matbench_mp_e_form,train,<RUNS_ROOT>/official_benchmark_214/matbench_e_form_5fold/fold0/dataset/cifs/mb-mp-e-form-093954.cif,-2.268847184085999,LaMn7O12,20,
mb-mp-e-form-016244,matbench_mp_e_form,train,<RUNS_ROOT>/official_benchmark_214/matbench_e_form_5fold/fold0/dataset/cifs/mb-mp-e-form-016244.cif,-0.0978499702450982,La2Co14B,68,
mb-mp-e-form-007164,matbench_mp_e_form,train,<RUNS_ROOT>/official_benchmark_214/matbench_e_form_5fold/fold0/dataset/cifs/mb-mp-e-form-007164.cif,0.1419223056249998,CaMg14Fe,16,
mb-mp-e-form-110631,matbench_mp_e_form,train,<RUNS_ROOT>/official_benchmark_214/matbench_e_form_5fold/fold0/dataset/cifs/mb-mp-e-form-110631.cif,-2.63323232829762,Li5V3P8O29,90,
mb-mp-e-form-064304,matbench_mp_e_form,train,<RUNS_ROOT>/official_benchmark_214/matbench_e_form_5fold/fold0/dataset/cifs/mb-mp-e-form-064304.cif,-1.3116317883928577,Y3CBr3,14,
mb-mp-e-form-058069,matbench_mp_e_form,train,<RUNS_ROOT>/official_benchmark_214/matbench_e_form_5fold/fold0/dataset/cifs/mb-mp-e-form-058069.cif,-1.0695905460413793,Cs2KAuBr6,10,
mb-mp-e-form-034036,matbench_mp_e_form,train,<RUNS_ROOT>/official_benchmark_214/matbench_e_form_5fold/fold0/dataset/cifs/mb-mp-e-form-034036.cif,-0.4529054100000006,Y(Fe2Si)2,14,
mb-mp-e-form-073319,matbench_mp_e_form,train,<RUNS_ROOT>/official_benchmark_214/matbench_e_form_5fold/fold0/dataset/cifs/mb-mp-e-form-073319.cif,-1.672633160942,MnCoO3,10,
mb-mp-e-form-075558,matbench_mp_e_form,train,<RUNS_ROOT>/official_benchmark_214/matbench_e_form_5fold/fold0/dataset/cifs/mb-mp-e-form-075558.cif,-1.7433888076562505,Lu2Se3,40,
mb-mp-e-form-045264,matbench_mp_e_form,train,<RUNS_ROOT>/official_benchmark_214/matbench_e_form_5fold/fold0/dataset/cifs/mb-mp-e-form-045264.cif,-0.662661443421052,Yb5(Si5Ir2)2,38,
mb-mp-e-form-080997,matbench_mp_e_form,train,<RUNS_ROOT>/official_benchmark_214/matbench_e_form_5fold/fold0/dataset/cifs/mb-mp-e-form-080997.cif,-1.884198321407857,Li4MnCo2O7,28,
mb-mp-e-form-053255,matbench_mp_e_form,train,<RUNS_ROOT>/official_benchmark_214/matbench_e_form_5fold/fold0/dataset/cifs/mb-mp-e-form-053255.cif,-0.8742140543743746,NaH3CN2O,128,
mb-mp-e-form-018050,matbench_mp_e_form,train,<RUNS_ROOT>/official_benchmark_214/matbench_e_form_5fold/fold0/dataset/cifs/mb-mp-e-form-018050.cif,-0.1579372779537771,Th6Mn23H16,90,
mb-mp-e-form-116650,matbench_mp_e_form,train,<RUNS_ROOT>/official_benchmark_214/matbench_e_form_5fold/fold0/dataset/cifs/mb-mp-e-form-116650.cif,-2.81517014875,BaO,32,
mb-mp-e-form-031183,matbench_mp_e_form,train,<RUNS_ROOT>/official_benchmark_214/matbench_e_form_5fold/fold0/dataset/cifs/mb-mp-e-form-031183.cif,-0.4048201061642854,CoH12C2(I2N)2,168,
mb-mp-e-form-092789,matbench_mp_e_form,train,<RUNS_ROOT>/official_benchmark_214/matbench_e_form_5fold/fold0/dataset/cifs/mb-mp-e-form-092789.cif,-2.2298516821428573,Mg(FeO2)2,42,
mb-mp-e-form-103905,matbench_mp_e_form,train,<RUNS_ROOT>/official_benchmark_214/matbench_e_form_5fold/fold0/dataset/cifs/mb-mp-e-form-103905.cif,-2.503145470755714,Li8Mn7Sn(PO4)12,76,
mb-mp-e-form-022705,matbench_mp_e_form,train,<RUNS_ROOT>/official_benchmark_214/matbench_e_form_5fold/fold0/dataset/cifs/mb-mp-e-form-022705.cif,-0.2326875504999996,H3AuC2NCl,16,
mb-mp-e-form-114763,matbench_mp_e_form,train,<RUNS_ROOT>/official_benchmark_214/matbench_e_form_5fold/fold0/dataset/cifs/mb-mp-e-form-114763.cif,-2.7539881329251696,NaLi2B(PO4)2,28,
mb-mp-e-form-009193,matbench_mp_e_form,train,<RUNS_ROOT>/official_benchmark_214/matbench_e_form_5fold/fold0/dataset/cifs/mb-mp-e-form-009193.cif,0.0894209900000007,Mg14CrNi,16,
mb-mp-e-form-087041,matbench_mp_e_form,train,<RUNS_ROOT>/official_benchmark_214/matbench_e_form_5fold/fold0/dataset/cifs/mb-mp-e-form-087041.cif,-2.0609869553731825,ScC6(O2F3)3,88,
mb-mp-e-form-028426,matbench_mp_e_form,train,<RUNS_ROOT>/official_benchmark_214/matbench_e_form_5fold/fold0/dataset/cifs/mb-mp-e-form-028426.cif,-0.3556794064999998,Mn3Sn2Pd5,20,
mb-mp-e-form-087280,matbench_mp_e_form,train,<RUNS_ROOT>/official_benchmark_214/matbench_e_form_5fold/fold0/dataset/cifs/mb-mp-e-form-087280.cif,-2.08290235625,Sr2DyCu3(PbO4)2,16,
mb-mp-e-form-099968,matbench_mp_e_form,train,<RUNS_ROOT>/official_benchmark_214/matbench_e_form_5fold/fold0/dataset/cifs/mb-mp-e-form-099968.cif,-2.4220233045,CaAl2(SiO5)2,30,
mb-mp-e-form-055706,matbench_mp_e_form,train,<RUNS_ROOT>/official_benchmark_214/matbench_e_form_5fold/fold0/dataset/cifs/mb-mp-e-form-055706.cif,-0.967675417222223,Ru(CO)4,18,
mb-mp-e-form-108229,matbench_mp_e_form,train,<RUNS_ROOT>/official_benchmark_214/matbench_e_form_5fold/fold0/dataset/cifs/mb-mp-e-form-108229.cif,-2.5892795641666666,U(SbO3)2,9,
mb-mp-e-form-119596,matbench_mp_e_form,train,<RUNS_ROOT>/official_benchmark_214/matbench_e_form_5fold/fold0/dataset/cifs/mb-mp-e-form-119596.cif,-2.8871265741603844,Mg11Mn2O13,26,
mb-mp-e-form-041200,matbench_mp_e_form,train,<RUNS_ROOT>/official_benchmark_214/matbench_e_form_5fold/fold0/dataset/cifs/mb-mp-e-form-041200.cif,-0.5866009040740744,Tm(BRh)4,54,
mb-mp-e-form-098974,matbench_mp_e_form,train,<RUNS_ROOT>/official_benchmark_214/matbench_e_form_5fold/fold0/dataset/cifs/mb-mp-e-form-098974.cif,-2.395511518402812,Na5Mn3S4(O4F)4,32,
mb-mp-e-form-099162,matbench_mp_e_form,train,<RUNS_ROOT>/official_benchmark_214/matbench_e_form_5fold/fold0/dataset/cifs/mb-mp-e-form-099162.cif,-2.401365105865384,Na5Nd(WO4)4,52,
mb-mp-e-form-068342,matbench_mp_e_form,train,<RUNS_ROOT>/official_benchmark_214/matbench_e_form_5fold/fold0/dataset/cifs/mb-mp-e-form-068342.cif,-1.4977045825727373,CsSm2CuSe4,16,
mb-mp-e-form-079700,matbench_mp_e_form,train,<RUNS_ROOT>/official_benchmark_214/matbench_e_form_5fold/fold0/dataset/cifs/mb-mp-e-form-079700.cif,-1.8576654026250004,Li10Fe3Co7O20,40,
mb-mp-e-form-077330,matbench_mp_e_form,train,<RUNS_ROOT>/official_benchmark_214/matbench_e_form_5fold/fold0/dataset/cifs/mb-mp-e-form-077330.cif,-1.8101874735249648,RbCdCl3,20,
mb-mp-e-form-041070,matbench_mp_e_form,train,<RUNS_ROOT>/official_benchmark_214/matbench_e_form_5fold/fold0/dataset/cifs/mb-mp-e-form-041070.cif,-0.5822595870236356,Cd(NO4)2,44,
mb-mp-e-form-094018,matbench_mp_e_form,train,<RUNS_ROOT>/official_benchmark_214/matbench_e_form_5fold/fold0/dataset/cifs/mb-mp-e-form-094018.cif,-2.2625410870833327,YbTl(WO4)2,24,
mb-mp-e-form-122643,matbench_mp_e_form,train,<RUNS_ROOT>/official_benchmark_214/matbench_e_form_5fold/fold0/dataset/cifs/mb-mp-e-form-122643.cif,-3.0004460781712496,LiMn2F5,32,
mb-mp-e-form-097505,matbench_mp_e_form,train,<RUNS_ROOT>/official_benchmark_214/matbench_e_form_5fold/fold0/dataset/cifs/mb-mp-e-form-097505.cif,-2.345098231636904,Li2FePCO7,48,
mb-mp-e-form-037939,matbench_mp_e_form,train,<RUNS_ROOT>/official_benchmark_214/matbench_e_form_5fold/fold0/dataset/cifs/mb-mp-e-form-037939.cif,-0.5268037008593751,Te2MoWSeS,12,
mb-mp-e-form-046344,matbench_mp_e_form,train,<RUNS_ROOT>/official_benchmark_214/matbench_e_form_5fold/fold0/dataset/cifs/mb-mp-e-form-046344.cif,-0.6928866650000002,Er2(Ga3Rh)3,28,
mb-mp-e-form-020163,matbench_mp_e_form,train,<RUNS_ROOT>/official_benchmark_214/matbench_e_form_5fold/fold0/dataset/cifs/mb-mp-e-form-020163.cif,-0.2015452043571426,K(GeAs)3,28,
mb-mp-e-form-117971,matbench_mp_e_form,train,<RUNS_ROOT>/official_benchmark_214/matbench_e_form_5fold/fold0/dataset/cifs/mb-mp-e-form-117971.cif,-2.8609364639804986,La7SmMn7CuO24,40,
mb-mp-e-form-048031,matbench_mp_e_form,train,<RUNS_ROOT>/official_benchmark_214/matbench_e_form_5fold/fold0/dataset/cifs/mb-mp-e-form-048031.cif,-0.7350068726257183,Rb8BiO3,12,
mb-mp-e-form-051341,matbench_mp_e_form,train,<RUNS_ROOT>/official_benchmark_214/matbench_e_form_5fold/fold0/dataset/cifs/mb-mp-e-form-051341.cif,-0.8201093543939403,Dy5(In2Pt)2,22,
mb-mp-e-form-092236,matbench_mp_e_form,train,<RUNS_ROOT>/official_benchmark_214/matbench_e_form_5fold/fold0/dataset/cifs/mb-mp-e-form-092236.cif,-2.216204983392857,Mg(FeO2)2,56,
mb-mp-e-form-096636,matbench_mp_e_form,train,<RUNS_ROOT>/official_benchmark_214/matbench_e_form_5fold/fold0/dataset/cifs/mb-mp-e-form-096636.cif,-2.314047045069445,Na3Bi(BO3)2,48,
mb-mp-e-form-073998,matbench_mp_e_form,train,<RUNS_ROOT>/official_benchmark_214/matbench_e_form_5fold/fold0/dataset/cifs/mb-mp-e-form-073998.cif,-1.704223200982142,Li4Co3O7,28,
mb-mp-e-form-073878,matbench_mp_e_form,train,<RUNS_ROOT>/official_benchmark_214/matbench_e_form_5fold/fold0/dataset/cifs/mb-mp-e-form-073878.cif,-1.71238422875,AsWO5,28,
mb-mp-e-form-085678,matbench_mp_e_form,train,<RUNS_ROOT>/official_benchmark_214/matbench_e_form_5fold/fold0/dataset/cifs/mb-mp-e-form-085678.cif,-2.016092084209999,Li4Mn3Sn3(TeO8)2,28,
mb-mp-e-form-107684,matbench_mp_e_form,train,<RUNS_ROOT>/official_benchmark_214/matbench_e_form_5fold/fold0/dataset/cifs/mb-mp-e-form-107684.cif,-2.567261288048889,V3O5F,18,
mb-mp-e-form-111093,matbench_mp_e_form,train,<RUNS_ROOT>/official_benchmark_214/matbench_e_form_5fold/fold0/dataset/cifs/mb-mp-e-form-111093.cif,-2.6605020401914827,RbPr2Cl7,80,
mb-mp-e-form-065978,matbench_mp_e_form,train,<RUNS_ROOT>/official_benchmark_214/matbench_e_form_5fold/fold0/dataset/cifs/mb-mp-e-form-065978.cif,-1.414074080056,K2TlAuCl6,10,
mb-mp-e-form-105992,matbench_mp_e_form,train,<RUNS_ROOT>/official_benchmark_214/matbench_e_form_5fold/fold0/dataset/cifs/mb-mp-e-form-105992.cif,-2.5395096027500004,NaSm(CO3)2,20,
mb-mp-e-form-130571,matbench_mp_e_form,train,<RUNS_ROOT>/official_benchmark_214/matbench_e_form_5fold/fold0/dataset/cifs/mb-mp-e-form-130571.cif,-3.598641877883332,Ca14La6Mg3Ti17O60,100,
mb-mp-e-form-083146,matbench_mp_e_form,train,<RUNS_ROOT>/official_benchmark_214/matbench_e_form_5fold/fold0/dataset/cifs/mb-mp-e-form-083146.cif,-1.9494516659375,MgZn7O8,16,
mb-mp-e-form-121356,matbench_mp_e_form,train,<RUNS_ROOT>/official_benchmark_214/matbench_e_form_5fold/fold0/dataset/cifs/mb-mp-e-form-121356.cif,-2.9526191113003653,CaNb4O8,78,
mb-mp-e-form-131519,matbench_mp_e_form,train,<RUNS_ROOT>/official_benchmark_214/matbench_e_form_5fold/fold0/dataset/cifs/mb-mp-e-form-131519.cif,-3.7144461831439375,Gd2Ti2O7,88,
mb-mp-e-form-098114,matbench_mp_e_form,train,<RUNS_ROOT>/official_benchmark_214/matbench_e_form_5fold/fold0/dataset/cifs/mb-mp-e-form-098114.cif,-2.358573270803571,Ba3Nd3(Co3O8)2,28,
mb-mp-e-form-079069,matbench_mp_e_form,train,<RUNS_ROOT>/official_benchmark_214/matbench_e_form_5fold/fold0/dataset/cifs/mb-mp-e-form-079069.cif,-1.8489456966225,Li9Mn2Co5O16,32,
mb-mp-e-form-107787,matbench_mp_e_form,train,<RUNS_ROOT>/official_benchmark_214/matbench_e_form_5fold/fold0/dataset/cifs/mb-mp-e-form-107787.cif,-2.592380368085937,Mg14SiCO16,32,
mb-mp-e-form-123826,matbench_mp_e_form,train,<RUNS_ROOT>/official_benchmark_214/matbench_e_form_5fold/fold0/dataset/cifs/mb-mp-e-form-123826.cif,-3.1041095821428573,BaHo2O4,7,
mb-mp-e-form-054290,matbench_mp_e_form,train,<RUNS_ROOT>/official_benchmark_214/matbench_e_form_5fold/fold0/dataset/cifs/mb-mp-e-form-054290.cif,-0.9102309458908042,RbYbZnTe3,12,
mb-mp-e-form-054530,matbench_mp_e_form,train,<RUNS_ROOT>/official_benchmark_214/matbench_e_form_5fold/fold0/dataset/cifs/mb-mp-e-form-054530.cif,-0.9042016517307696,Mo(CO)6,52,
mb-mp-e-form-034340,matbench_mp_e_form,train,<RUNS_ROOT>/official_benchmark_214/matbench_e_form_5fold/fold0/dataset/cifs/mb-mp-e-form-034340.cif,-0.4576669691441443,AlZn10(B4Rh9)2,74,
mb-mp-e-form-036528,matbench_mp_e_form,train,<RUNS_ROOT>/official_benchmark_214/matbench_e_form_5fold/fold0/dataset/cifs/mb-mp-e-form-036528.cif,-0.4979938122727267,Al9Rh2,22,
mb-mp-e-form-067952,matbench_mp_e_form,train,<RUNS_ROOT>/official_benchmark_214/matbench_e_form_5fold/fold0/dataset/cifs/mb-mp-e-form-067952.cif,-1.4880302471874995,CoSO5,14,
mb-mp-e-form-073704,matbench_mp_e_form,train,<RUNS_ROOT>/official_benchmark_214/matbench_e_form_5fold/fold0/dataset/cifs/mb-mp-e-form-073704.cif,-1.6767246052400004,Mn3TeO8,12,
mb-mp-e-form-011971,matbench_mp_e_form,train,<RUNS_ROOT>/official_benchmark_214/matbench_e_form_5fold/fold0/dataset/cifs/mb-mp-e-form-011971.cif,-0.002295605,Mg6GaCu,8,
mb-mp-e-form-010331,matbench_mp_e_form,train,<RUNS_ROOT>/official_benchmark_214/matbench_e_form_5fold/fold0/dataset/cifs/mb-mp-e-form-010331.cif,0.0588799637499999,Ba3Na,4,
mb-mp-e-form-120473,matbench_mp_e_form,train,<RUNS_ROOT>/official_benchmark_214/matbench_e_form_5fold/fold0/dataset/cifs/mb-mp-e-form-120473.cif,-2.9341969415154625,CsNd(PO3)4,72,
mb-mp-e-form-091448,matbench_mp_e_form,train,<RUNS_ROOT>/official_benchmark_214/matbench_e_form_5fold/fold0/dataset/cifs/mb-mp-e-form-091448.cif,-2.190072239980001,BiOF,12,
mb-mp-e-form-089974,matbench_mp_e_form,train,<RUNS_ROOT>/official_benchmark_214/matbench_e_form_5fold/fold0/dataset/cifs/mb-mp-e-form-089974.cif,-2.148547404402142,Li4Mn3O7,28,
mb-mp-e-form-121445,matbench_mp_e_form,train,<RUNS_ROOT>/official_benchmark_214/matbench_e_form_5fold/fold0/dataset/cifs/mb-mp-e-form-121445.cif,-2.9787219723137497,Na2VOF4,32,
mb-mp-e-form-116826,matbench_mp_e_form,train,<RUNS_ROOT>/official_benchmark_214/matbench_e_form_5fold/fold0/dataset/cifs/mb-mp-e-form-116826.cif,-2.839109369375,SrMg14CuO16,32,
mb-mp-e-form-091596,matbench_mp_e_form,train,<RUNS_ROOT>/official_benchmark_214/matbench_e_form_5fold/fold0/dataset/cifs/mb-mp-e-form-091596.cif,-2.1897980664661114,Li24Mn11CrO36,72,
mb-mp-e-form-101232,matbench_mp_e_form,train,<RUNS_ROOT>/official_benchmark_214/matbench_e_form_5fold/fold0/dataset/cifs/mb-mp-e-form-101232.cif,-2.4401579950425365,Cs3Yb(SO4)3,38,
mb-mp-e-form-046203,matbench_mp_e_form,train,<RUNS_ROOT>/official_benchmark_214/matbench_e_form_5fold/fold0/dataset/cifs/mb-mp-e-form-046203.cif,-0.695556440825042,ZnH12C3SeS3(N3O2)2,120,
mb-mp-e-form-099852,matbench_mp_e_form,train,<RUNS_ROOT>/official_benchmark_214/matbench_e_form_5fold/fold0/dataset/cifs/mb-mp-e-form-099852.cif,-2.4186073320222223,K2FeOF5,18,
mb-mp-e-form-056645,matbench_mp_e_form,train,<RUNS_ROOT>/official_benchmark_214/matbench_e_form_5fold/fold0/dataset/cifs/mb-mp-e-form-056645.cif,-0.9886191221263644,CeTl5Fe2(NO2)12,88,
mb-mp-e-form-034931,matbench_mp_e_form,train,<RUNS_ROOT>/official_benchmark_214/matbench_e_form_5fold/fold0/dataset/cifs/mb-mp-e-form-034931.cif,-0.475763195651042,Te4MoW3(SeS)2,12,
mb-mp-e-form-104197,matbench_mp_e_form,train,<RUNS_ROOT>/official_benchmark_214/matbench_e_form_5fold/fold0/dataset/cifs/mb-mp-e-form-104197.cif,-2.4958964466071425,LiV(PO4)2,24,
mb-mp-e-form-078023,matbench_mp_e_form,train,<RUNS_ROOT>/official_benchmark_214/matbench_e_form_5fold/fold0/dataset/cifs/mb-mp-e-form-078023.cif,-1.8323433857318616,Cs2RbTlCl6,10,
mb-mp-e-form-019293,matbench_mp_e_form,train,<RUNS_ROOT>/official_benchmark_214/matbench_e_form_5fold/fold0/dataset/cifs/mb-mp-e-form-019293.cif,-0.1833879110714278,ZnSnP2,4,
mb-mp-e-form-095687,matbench_mp_e_form,train,<RUNS_ROOT>/official_benchmark_214/matbench_e_form_5fold/fold0/dataset/cifs/mb-mp-e-form-095687.cif,-2.285751372246241,LiCr2P3O13,38,
mb-mp-e-form-058516,matbench_mp_e_form,train,<RUNS_ROOT>/official_benchmark_214/matbench_e_form_5fold/fold0/dataset/cifs/mb-mp-e-form-058516.cif,-1.0688159306828713,Na2B2S5,36,
mb-mp-e-form-020738,matbench_mp_e_form,train,<RUNS_ROOT>/official_benchmark_214/matbench_e_form_5fold/fold0/dataset/cifs/mb-mp-e-form-020738.cif,-0.204484427647059,Bi8Te9,17,
mb-mp-e-form-101602,matbench_mp_e_form,train,<RUNS_ROOT>/official_benchmark_214/matbench_e_form_5fold/fold0/dataset/cifs/mb-mp-e-form-101602.cif,-2.42473341425611,Li8MnFe7(BO3)8,48,
mb-mp-e-form-073951,matbench_mp_e_form,train,<RUNS_ROOT>/official_benchmark_214/matbench_e_form_5fold/fold0/dataset/cifs/mb-mp-e-form-073951.cif,-1.6894972335307128,Cs2InHgCl6,10,
mb-mp-e-form-096333,matbench_mp_e_form,train,<RUNS_ROOT>/official_benchmark_214/matbench_e_form_5fold/fold0/dataset/cifs/mb-mp-e-form-096333.cif,-2.324189478550825,Na4Ni3P4O15,104,
mb-mp-e-form-131202,matbench_mp_e_form,train,<RUNS_ROOT>/official_benchmark_214/matbench_e_form_5fold/fold0/dataset/cifs/mb-mp-e-form-131202.cif,-3.7300688429758337,UF3,24,
mb-mp-e-form-001216,matbench_mp_e_form,train,<RUNS_ROOT>/official_benchmark_214/matbench_e_form_5fold/fold0/dataset/cifs/mb-mp-e-form-001216.cif,1.3029050833333335,LiTiAu2,4,
mb-mp-e-form-061474,matbench_mp_e_form,train,<RUNS_ROOT>/official_benchmark_214/matbench_e_form_5fold/fold0/dataset/cifs/mb-mp-e-form-061474.cif,-1.183117175977778,Tl3PdCl5,72,
mb-mp-e-form-112893,matbench_mp_e_form,train,<RUNS_ROOT>/official_benchmark_214/matbench_e_form_5fold/fold0/dataset/cifs/mb-mp-e-form-112893.cif,-2.7013520114829643,Sr3Ca5TiMn7O20,144,
mb-mp-e-form-034076,matbench_mp_e_form,train,<RUNS_ROOT>/official_benchmark_214/matbench_e_form_5fold/fold0/dataset/cifs/mb-mp-e-form-034076.cif,-0.4489147152084843,Ca(BH4)2,22,
mb-mp-e-form-088971,matbench_mp_e_form,train,<RUNS_ROOT>/official_benchmark_214/matbench_e_form_5fold/fold0/dataset/cifs/mb-mp-e-form-088971.cif,-2.143565106545,Li4Mn3O7,28,
mb-mp-e-form-128852,matbench_mp_e_form,train,<RUNS_ROOT>/official_benchmark_214/matbench_e_form_5fold/fold0/dataset/cifs/mb-mp-e-form-128852.cif,-3.4081420142140004,Na3YF6,10,
mb-mp-e-form-052197,matbench_mp_e_form,train,<RUNS_ROOT>/official_benchmark_214/matbench_e_form_5fold/fold0/dataset/cifs/mb-mp-e-form-052197.cif,-0.8524496456003746,NaMnH6C3S3(NO)3,40,
mb-mp-e-form-087789,matbench_mp_e_form,train,<RUNS_ROOT>/official_benchmark_214/matbench_e_form_5fold/fold0/dataset/cifs/mb-mp-e-form-087789.cif,-2.109948799375,DyS2,6,
mb-mp-e-form-011413,matbench_mp_e_form,train,<RUNS_ROOT>/official_benchmark_214/matbench_e_form_5fold/fold0/dataset/cifs/mb-mp-e-form-011413.cif,0.0276313256250002,Pm3Dy,8,
mb-mp-e-form-017949,matbench_mp_e_form,train,<RUNS_ROOT>/official_benchmark_214/matbench_e_form_5fold/fold0/dataset/cifs/mb-mp-e-form-017949.cif,-0.15249077,ThCd3,8,
mb-mp-e-form-036557,matbench_mp_e_form,train,<RUNS_ROOT>/official_benchmark_214/matbench_e_form_5fold/fold0/dataset/cifs/mb-mp-e-form-036557.cif,-0.4795654966666665,TbHg,2,
mb-mp-e-form-111161,matbench_mp_e_form,train,<RUNS_ROOT>/official_benchmark_214/matbench_e_form_5fold/fold0/dataset/cifs/mb-mp-e-form-111161.cif,-2.660032034942,Sr2PrMn3O9,30,
mb-mp-e-form-085204,matbench_mp_e_form,train,<RUNS_ROOT>/official_benchmark_214/matbench_e_form_5fold/fold0/dataset/cifs/mb-mp-e-form-085204.cif,-2.021377383799999,Na3Al3Ge3O16,50,
mb-mp-e-form-131085,matbench_mp_e_form,train,<RUNS_ROOT>/official_benchmark_214/matbench_e_form_5fold/fold0/dataset/cifs/mb-mp-e-form-131085.cif,-3.773304824366885,La8ScTi6NbO28,88,
mb-mp-e-form-050230,matbench_mp_e_form,train,<RUNS_ROOT>/official_benchmark_214/matbench_e_form_5fold/fold0/dataset/cifs/mb-mp-e-form-050230.cif,-0.8059985608337499,MnN2F5,32,
mb-mp-e-form-017217,matbench_mp_e_form,train,<RUNS_ROOT>/official_benchmark_214/matbench_e_form_5fold/fold0/dataset/cifs/mb-mp-e-form-017217.cif,-0.1248821643877547,Ga40GeMo8,49,
mb-mp-e-form-024458,matbench_mp_e_form,train,<RUNS_ROOT>/official_benchmark_214/matbench_e_form_5fold/fold0/dataset/cifs/mb-mp-e-form-024458.cif,-0.2720149675000011,Ce2CoRu3,6,
mb-mp-e-form-063542,matbench_mp_e_form,train,<RUNS_ROOT>/official_benchmark_214/matbench_e_form_5fold/fold0/dataset/cifs/mb-mp-e-form-063542.cif,-1.2789870723945531,PH7CN3O3F,64,
mb-mp-e-form-122620,matbench_mp_e_form,train,<RUNS_ROOT>/official_benchmark_214/matbench_e_form_5fold/fold0/dataset/cifs/mb-mp-e-form-122620.cif,-3.0070806784,La7(FeO8)2,25,
mb-mp-e-form-097443,matbench_mp_e_form,train,<RUNS_ROOT>/official_benchmark_214/matbench_e_form_5fold/fold0/dataset/cifs/mb-mp-e-form-097443.cif,-2.3354935318277312,Sb(PO3)4,68,
mb-mp-e-form-100065,matbench_mp_e_form,train,<RUNS_ROOT>/official_benchmark_214/matbench_e_form_5fold/fold0/dataset/cifs/mb-mp-e-form-100065.cif,-2.4218511799999987,Ca3Fe3(SbO6)2,80,
mb-mp-e-form-042508,matbench_mp_e_form,train,<RUNS_ROOT>/official_benchmark_214/matbench_e_form_5fold/fold0/dataset/cifs/mb-mp-e-form-042508.cif,-0.611375798000001,Ba(CoAs)2,5,
mb-mp-e-form-106152,matbench_mp_e_form,train,<RUNS_ROOT>/official_benchmark_214/matbench_e_form_5fold/fold0/dataset/cifs/mb-mp-e-form-106152.cif,-2.535350171571429,Li3Fe2(PO4)3,40,
mb-mp-e-form-064865,matbench_mp_e_form,train,<RUNS_ROOT>/official_benchmark_214/matbench_e_form_5fold/fold0/dataset/cifs/mb-mp-e-form-064865.cif,-1.35440746119,PrN,2,
mb-mp-e-form-110490,matbench_mp_e_form,train,<RUNS_ROOT>/official_benchmark_214/matbench_e_form_5fold/fold0/dataset/cifs/mb-mp-e-form-110490.cif,-2.6339451709180004,LiMnOF2,40,
mb-mp-e-form-017257,matbench_mp_e_form,train,<RUNS_ROOT>/official_benchmark_214/matbench_e_form_5fold/fold0/dataset/cifs/mb-mp-e-form-017257.cif,-0.1202431784821434,Nd2Co23B3,112,
mb-mp-e-form-060186,matbench_mp_e_form,train,<RUNS_ROOT>/official_benchmark_214/matbench_e_form_5fold/fold0/dataset/cifs/mb-mp-e-form-060186.cif,-1.1558401009615795,ErH2Cl3O13,38,
mb-mp-e-form-038448,matbench_mp_e_form,train,<RUNS_ROOT>/official_benchmark_214/matbench_e_form_5fold/fold0/dataset/cifs/mb-mp-e-form-038448.cif,-0.5215160126805548,Er4LuNi10(B2C)5,30,
mb-mp-e-form-124531,matbench_mp_e_form,train,<RUNS_ROOT>/official_benchmark_214/matbench_e_form_5fold/fold0/dataset/cifs/mb-mp-e-form-124531.cif,-3.085838196083334,La4Bi2O9,15,
mb-mp-e-form-027828,matbench_mp_e_form,train,<RUNS_ROOT>/official_benchmark_214/matbench_e_form_5fold/fold0/dataset/cifs/mb-mp-e-form-027828.cif,-0.3340019124999998,GaAs,4,
mb-mp-e-form-110428,matbench_mp_e_form,train,<RUNS_ROOT>/official_benchmark_214/matbench_e_form_5fold/fold0/dataset/cifs/mb-mp-e-form-110428.cif,-2.6334793757823123,Li3Cr(PO4)2,42,
mb-mp-e-form-115039,matbench_mp_e_form,train,<RUNS_ROOT>/official_benchmark_214/matbench_e_form_5fold/fold0/dataset/cifs/mb-mp-e-form-115039.cif,-2.763603109400901,CsBe2P2HO8,56,
mb-mp-e-form-101728,matbench_mp_e_form,train,<RUNS_ROOT>/official_benchmark_214/matbench_e_form_5fold/fold0/dataset/cifs/mb-mp-e-form-101728.cif,-2.440162219234693,Li4FeCo3(PO4)4,28,
mb-mp-e-form-002489,matbench_mp_e_form,train,<RUNS_ROOT>/official_benchmark_214/matbench_e_form_5fold/fold0/dataset/cifs/mb-mp-e-form-002489.cif,0.871075989966667,CuN2(Cl2O)2,18,
mb-mp-e-form-088239,matbench_mp_e_form,train,<RUNS_ROOT>/official_benchmark_214/matbench_e_form_5fold/fold0/dataset/cifs/mb-mp-e-form-088239.cif,-2.097733625773809,Zr3PO2,6,
mb-mp-e-form-131116,matbench_mp_e_form,train,<RUNS_ROOT>/official_benchmark_214/matbench_e_form_5fold/fold0/dataset/cifs/mb-mp-e-form-131116.cif,-3.6929777921428593,BaSr2Y6O12,21,
mb-mp-e-form-062202,matbench_mp_e_form,train,<RUNS_ROOT>/official_benchmark_214/matbench_e_form_5fold/fold0/dataset/cifs/mb-mp-e-form-062202.cif,-1.2251212824404765,BaMoI4O15,84,
mb-mp-e-form-047605,matbench_mp_e_form,train,<RUNS_ROOT>/official_benchmark_214/matbench_e_form_5fold/fold0/dataset/cifs/mb-mp-e-form-047605.cif,-0.7182489890000007,Y2Sn5Rh3,20,
mb-mp-e-form-116425,matbench_mp_e_form,train,<RUNS_ROOT>/official_benchmark_214/matbench_e_form_5fold/fold0/dataset/cifs/mb-mp-e-form-116425.cif,-2.7991619909638565,Na4Al11Si13Ag7O48,83,
mb-mp-e-form-129881,matbench_mp_e_form,train,<RUNS_ROOT>/official_benchmark_214/matbench_e_form_5fold/fold0/dataset/cifs/mb-mp-e-form-129881.cif,-3.584779798333334,Ba8CaY2U4O24,156,
mb-mp-e-form-071481,matbench_mp_e_form,train,<RUNS_ROOT>/official_benchmark_214/matbench_e_form_5fold/fold0/dataset/cifs/mb-mp-e-form-071481.cif,-1.6036327735714275,Co2GeO4,14,
mb-mp-e-form-038637,matbench_mp_e_form,train,<RUNS_ROOT>/official_benchmark_214/matbench_e_form_5fold/fold0/dataset/cifs/mb-mp-e-form-038637.cif,-0.5335651866666667,BaCuBi,6,
mb-mp-e-form-120861,matbench_mp_e_form,train,<RUNS_ROOT>/official_benchmark_214/matbench_e_form_5fold/fold0/dataset/cifs/mb-mp-e-form-120861.cif,-2.9651981571093744,HfMg30AlO32,64,
mb-mp-e-form-032359,matbench_mp_e_form,train,<RUNS_ROOT>/official_benchmark_214/matbench_e_form_5fold/fold0/dataset/cifs/mb-mp-e-form-032359.cif,-0.4184684495161291,V20As11,31,
mb-mp-e-form-128407,matbench_mp_e_form,train,<RUNS_ROOT>/official_benchmark_214/matbench_e_form_5fold/fold0/dataset/cifs/mb-mp-e-form-128407.cif,-3.316458506431579,K2Mn2Be3F12,76,
mb-mp-e-form-091083,matbench_mp_e_form,train,<RUNS_ROOT>/official_benchmark_214/matbench_e_form_5fold/fold0/dataset/cifs/mb-mp-e-form-091083.cif,-2.1732028419375,YbGdS3,20,
mb-mp-e-form-050254,matbench_mp_e_form,train,<RUNS_ROOT>/official_benchmark_214/matbench_e_form_5fold/fold0/dataset/cifs/mb-mp-e-form-050254.cif,-0.7979711166666669,HfAsPd,9,
mb-mp-e-form-055279,matbench_mp_e_form,train,<RUNS_ROOT>/official_benchmark_214/matbench_e_form_5fold/fold0/dataset/cifs/mb-mp-e-form-055279.cif,-0.9342383154589848,Sr3Sb4Se9,64,
mb-mp-e-form-106473,matbench_mp_e_form,train,<RUNS_ROOT>/official_benchmark_214/matbench_e_form_5fold/fold0/dataset/cifs/mb-mp-e-form-106473.cif,-2.5371392417140006,LiNiF3,10,
mb-mp-e-form-052150,matbench_mp_e_form,train,<RUNS_ROOT>/official_benchmark_214/matbench_e_form_5fold/fold0/dataset/cifs/mb-mp-e-form-052150.cif,-0.8583913942006273,CsSm2Ag3Te5,22,
mb-mp-e-form-057373,matbench_mp_e_form,train,<RUNS_ROOT>/official_benchmark_214/matbench_e_form_5fold/fold0/dataset/cifs/mb-mp-e-form-057373.cif,-1.0126672860599868,KRb(Fe2S3)2,12,
mb-mp-e-form-038621,matbench_mp_e_form,train,<RUNS_ROOT>/official_benchmark_214/matbench_e_form_5fold/fold0/dataset/cifs/mb-mp-e-form-038621.cif,-0.5201333633333333,SrCuBi,6,
mb-mp-e-form-120169,matbench_mp_e_form,train,<RUNS_ROOT>/official_benchmark_214/matbench_e_form_5fold/fold0/dataset/cifs/mb-mp-e-form-120169.cif,-2.9302979022642504,CsEuPO4,28,
mb-mp-e-form-078413,matbench_mp_e_form,train,<RUNS_ROOT>/official_benchmark_214/matbench_e_form_5fold/fold0/dataset/cifs/mb-mp-e-form-078413.cif,-1.826655816442986,Cs3Y7Se12,44,
mb-mp-e-form-069025,matbench_mp_e_form,train,<RUNS_ROOT>/official_benchmark_214/matbench_e_form_5fold/fold0/dataset/cifs/mb-mp-e-form-069025.cif,-1.52927674735,KAsO3,5,
mb-mp-e-form-033299,matbench_mp_e_form,train,<RUNS_ROOT>/official_benchmark_214/matbench_e_form_5fold/fold0/dataset/cifs/mb-mp-e-form-033299.cif,-0.4416506490208339,K2TaAgS2,24,
mb-mp-e-form-046877,matbench_mp_e_form,train,<RUNS_ROOT>/official_benchmark_214/matbench_e_form_5fold/fold0/dataset/cifs/mb-mp-e-form-046877.cif,-0.6969765530599998,H2CO,32,
mb-mp-e-form-020976,matbench_mp_e_form,train,<RUNS_ROOT>/official_benchmark_214/matbench_e_form_5fold/fold0/dataset/cifs/mb-mp-e-form-020976.cif,-0.2175889806034483,CsHg,8,
mb-mp-e-form-026999,matbench_mp_e_form,train,<RUNS_ROOT>/official_benchmark_214/matbench_e_form_5fold/fold0/dataset/cifs/mb-mp-e-form-026999.cif,-0.3353459487096779,Te16Rh15,31,
mb-mp-e-form-105460,matbench_mp_e_form,train,<RUNS_ROOT>/official_benchmark_214/matbench_e_form_5fold/fold0/dataset/cifs/mb-mp-e-form-105460.cif,-2.5202701489583337,Li2TiCoO4,8,
mb-mp-e-form-025632,matbench_mp_e_form,train,<RUNS_ROOT>/official_benchmark_214/matbench_e_form_5fold/fold0/dataset/cifs/mb-mp-e-form-025632.cif,-0.3045027074375007,Bi2TeSe2,5,
mb-mp-e-form-111653,matbench_mp_e_form,train,<RUNS_ROOT>/official_benchmark_214/matbench_e_form_5fold/fold0/dataset/cifs/mb-mp-e-form-111653.cif,-2.6501298489483323,Li2VO2F,12,
mb-mp-e-form-052707,matbench_mp_e_form,train,<RUNS_ROOT>/official_benchmark_214/matbench_e_form_5fold/fold0/dataset/cifs/mb-mp-e-form-052707.cif,-0.8357635005991546,V2P4S13,38,
mb-mp-e-form-097596,matbench_mp_e_form,train,<RUNS_ROOT>/official_benchmark_214/matbench_e_form_5fold/fold0/dataset/cifs/mb-mp-e-form-097596.cif,-2.347209898202,Zr2N2O,40,
mb-mp-e-form-072580,matbench_mp_e_form,train,<RUNS_ROOT>/official_benchmark_214/matbench_e_form_5fold/fold0/dataset/cifs/mb-mp-e-form-072580.cif,-1.632736593333333,SrCa2I6,9,
mb-mp-e-form-054215,matbench_mp_e_form,train,<RUNS_ROOT>/official_benchmark_214/matbench_e_form_5fold/fold0/dataset/cifs/mb-mp-e-form-054215.cif,-0.9262450192269563,CuH9C4(NO2)3,92,
mb-mp-e-form-053887,matbench_mp_e_form,train,<RUNS_ROOT>/official_benchmark_214/matbench_e_form_5fold/fold0/dataset/cifs/mb-mp-e-form-053887.cif,-0.929737043333334,HoBiPd,3,
mb-mp-e-form-016065,matbench_mp_e_form,train,<RUNS_ROOT>/official_benchmark_214/matbench_e_form_5fold/fold0/dataset/cifs/mb-mp-e-form-016065.cif,-0.0856020698351657,Nb6Zn7,13,
mb-mp-e-form-083926,matbench_mp_e_form,train,<RUNS_ROOT>/official_benchmark_214/matbench_e_form_5fold/fold0/dataset/cifs/mb-mp-e-form-083926.cif,-1.998735799955,Cu3AsF12,16,
mb-mp-e-form-126884,matbench_mp_e_form,train,<RUNS_ROOT>/official_benchmark_214/matbench_e_form_5fold/fold0/dataset/cifs/mb-mp-e-form-126884.cif,-3.2836847641785725,ThP2O7,80,
mb-mp-e-form-024957,matbench_mp_e_form,train,<RUNS_ROOT>/official_benchmark_214/matbench_e_form_5fold/fold0/dataset/cifs/mb-mp-e-form-024957.cif,-0.3044806001666671,Gd(BC)2,10,
mb-mp-e-form-071859,matbench_mp_e_form,train,<RUNS_ROOT>/official_benchmark_214/matbench_e_form_5fold/fold0/dataset/cifs/mb-mp-e-form-071859.cif,-1.6207411759420003,MgMn4(CuO4)3,20,
mb-mp-e-form-045008,matbench_mp_e_form,train,<RUNS_ROOT>/official_benchmark_214/matbench_e_form_5fold/fold0/dataset/cifs/mb-mp-e-form-045008.cif,-0.6706045558333334,HoCoGe,12,
mb-mp-e-form-075436,matbench_mp_e_form,train,<RUNS_ROOT>/official_benchmark_214/matbench_e_form_5fold/fold0/dataset/cifs/mb-mp-e-form-075436.cif,-1.7451494386774993,SmMnSbO,8,
mb-mp-e-form-108582,matbench_mp_e_form,train,<RUNS_ROOT>/official_benchmark_214/matbench_e_form_5fold/fold0/dataset/cifs/mb-mp-e-form-108582.cif,-2.5811077689583337,Li2TiFeO4,16,
mb-mp-e-form-105399,matbench_mp_e_form,train,<RUNS_ROOT>/official_benchmark_214/matbench_e_form_5fold/fold0/dataset/cifs/mb-mp-e-form-105399.cif,-2.525888774286592,Li3Mn3(PO4)4,52,
mb-mp-e-form-124538,matbench_mp_e_form,train,<RUNS_ROOT>/official_benchmark_214/matbench_e_form_5fold/fold0/dataset/cifs/mb-mp-e-form-124538.cif,-3.0860702243750007,NdO,2,
mb-mp-e-form-080391,matbench_mp_e_form,train,<RUNS_ROOT>/official_benchmark_214/matbench_e_form_5fold/fold0/dataset/cifs/mb-mp-e-form-080391.cif,-1.87219243171,Mn3Zn(FeO2)8,28,
mb-mp-e-form-075555,matbench_mp_e_form,train,<RUNS_ROOT>/official_benchmark_214/matbench_e_form_5fold/fold0/dataset/cifs/mb-mp-e-form-075555.cif,-1.7411556120366665,AgIrF7,36,
mb-mp-e-form-014896,matbench_mp_e_form,train,<RUNS_ROOT>/official_benchmark_214/matbench_e_form_5fold/fold0/dataset/cifs/mb-mp-e-form-014896.cif,-0.0516976499999999,Ag3Pd,4,
mb-mp-e-form-047330,matbench_mp_e_form,train,<RUNS_ROOT>/official_benchmark_214/matbench_e_form_5fold/fold0/dataset/cifs/mb-mp-e-form-047330.cif,-0.7262465866666664,La5SbPb3,18,
mb-mp-e-form-119772,matbench_mp_e_form,train,<RUNS_ROOT>/official_benchmark_214/matbench_e_form_5fold/fold0/dataset/cifs/mb-mp-e-form-119772.cif,-2.9195088108333334,SrMg14TiO16,32,
mb-mp-e-form-021235,matbench_mp_e_form,train,<RUNS_ROOT>/official_benchmark_214/matbench_e_form_5fold/fold0/dataset/cifs/mb-mp-e-form-021235.cif,-0.2273829155357152,MnFe2P,4,
mb-mp-e-form-008767,matbench_mp_e_form,train,<RUNS_ROOT>/official_benchmark_214/matbench_e_form_5fold/fold0/dataset/cifs/mb-mp-e-form-008767.cif,0.1003286554166689,CeMn10Cu,24,
mb-mp-e-form-052922,matbench_mp_e_form,train,<RUNS_ROOT>/official_benchmark_214/matbench_e_form_5fold/fold0/dataset/cifs/mb-mp-e-form-052922.cif,-0.8972613711979172,TeW2S3,12,
mb-mp-e-form-131137,matbench_mp_e_form,train,<RUNS_ROOT>/official_benchmark_214/matbench_e_form_5fold/fold0/dataset/cifs/mb-mp-e-form-131137.cif,-3.631885666964288,CaCe4Si3O13,42,
mb-mp-e-form-047325,matbench_mp_e_form,train,<RUNS_ROOT>/official_benchmark_214/matbench_e_form_5fold/fold0/dataset/cifs/mb-mp-e-form-047325.cif,-0.7087791325315624,PrS2NO12,64,
mb-mp-e-form-096107,matbench_mp_e_form,train,<RUNS_ROOT>/official_benchmark_214/matbench_e_form_5fold/fold0/dataset/cifs/mb-mp-e-form-096107.cif,-2.3173698834523795,NaV6O14,21,
mb-mp-e-form-105737,matbench_mp_e_form,train,<RUNS_ROOT>/official_benchmark_214/matbench_e_form_5fold/fold0/dataset/cifs/mb-mp-e-form-105737.cif,-2.519101714166668,MgV2O6,9,
mb-mp-e-form-088593,matbench_mp_e_form,train,<RUNS_ROOT>/official_benchmark_214/matbench_e_form_5fold/fold0/dataset/cifs/mb-mp-e-form-088593.cif,-2.100636445193014,Dy2(SeO4)3,68,
mb-mp-e-form-067669,matbench_mp_e_form,train,<RUNS_ROOT>/official_benchmark_214/matbench_e_form_5fold/fold0/dataset/cifs/mb-mp-e-form-067669.cif,-1.4278192001693326,NaH3(CO2)2,60,
mb-mp-e-form-065760,matbench_mp_e_form,train,<RUNS_ROOT>/official_benchmark_214/matbench_e_form_5fold/fold0/dataset/cifs/mb-mp-e-form-065760.cif,-1.3527868091000002,KLiNiO2,10,
mb-mp-e-form-087978,matbench_mp_e_form,train,<RUNS_ROOT>/official_benchmark_214/matbench_e_form_5fold/fold0/dataset/cifs/mb-mp-e-form-087978.cif,-2.0929433532638893,Ba2ThS6,18,
mb-mp-e-form-045568,matbench_mp_e_form,train,<RUNS_ROOT>/official_benchmark_214/matbench_e_form_5fold/fold0/dataset/cifs/mb-mp-e-form-045568.cif,-0.6821687583333337,LaTlPd,9,
mb-mp-e-form-031443,matbench_mp_e_form,train,<RUNS_ROOT>/official_benchmark_214/matbench_e_form_5fold/fold0/dataset/cifs/mb-mp-e-form-031443.cif,-0.4025227861111102,Ho9Er3(MnBi2)2,18,
mb-mp-e-form-012992,matbench_mp_e_form,train,<RUNS_ROOT>/official_benchmark_214/matbench_e_form_5fold/fold0/dataset/cifs/mb-mp-e-form-012992.cif,-0.0085652984374997,LaMg14Sb,16,
mb-mp-e-form-130945,matbench_mp_e_form,train,<RUNS_ROOT>/official_benchmark_214/matbench_e_form_5fold/fold0/dataset/cifs/mb-mp-e-form-130945.cif,-3.7451268542674567,Rb2LaF5,32,
mb-mp-e-form-001313,matbench_mp_e_form,train,<RUNS_ROOT>/official_benchmark_214/matbench_e_form_5fold/fold0/dataset/cifs/mb-mp-e-form-001313.cif,1.16114201125,Ba2NaMg,4,
mb-mp-e-form-056440,matbench_mp_e_form,train,<RUNS_ROOT>/official_benchmark_214/matbench_e_form_5fold/fold0/dataset/cifs/mb-mp-e-form-056440.cif,-0.9888717807142856,Dy4Sb3,14,
mb-mp-e-form-069065,matbench_mp_e_form,train,<RUNS_ROOT>/official_benchmark_214/matbench_e_form_5fold/fold0/dataset/cifs/mb-mp-e-form-069065.cif,-1.522706763159341,Nb4VS8,26,
mb-mp-e-form-034214,matbench_mp_e_form,train,<RUNS_ROOT>/official_benchmark_214/matbench_e_form_5fold/fold0/dataset/cifs/mb-mp-e-form-034214.cif,-0.4487885344122218,BHN4,72,
mb-mp-e-form-091771,matbench_mp_e_form,train,<RUNS_ROOT>/official_benchmark_214/matbench_e_form_5fold/fold0/dataset/cifs/mb-mp-e-form-091771.cif,-2.2076840565312503,KLuS2,4,
mb-mp-e-form-092748,matbench_mp_e_form,train,<RUNS_ROOT>/official_benchmark_214/matbench_e_form_5fold/fold0/dataset/cifs/mb-mp-e-form-092748.cif,-2.21444342625,Al2W2O7,22,
mb-mp-e-form-023706,matbench_mp_e_form,train,<RUNS_ROOT>/official_benchmark_214/matbench_e_form_5fold/fold0/dataset/cifs/mb-mp-e-form-023706.cif,-0.2546709555208337,Ag2S,12,
mb-mp-e-form-015786,matbench_mp_e_form,train,<RUNS_ROOT>/official_benchmark_214/matbench_e_form_5fold/fold0/dataset/cifs/mb-mp-e-form-015786.cif,-0.0767218984228561,NaH18C9I(NO)3,70,
mb-mp-e-form-073721,matbench_mp_e_form,train,<RUNS_ROOT>/official_benchmark_214/matbench_e_form_5fold/fold0/dataset/cifs/mb-mp-e-form-073721.cif,-1.6531595600685711,Li2MnCo3O8,14,
mb-mp-e-form-089130,matbench_mp_e_form,train,<RUNS_ROOT>/official_benchmark_214/matbench_e_form_5fold/fold0/dataset/cifs/mb-mp-e-form-089130.cif,-2.144774084994037,LaH3CSO7,52,
mb-mp-e-form-015754,matbench_mp_e_form,train,<RUNS_ROOT>/official_benchmark_214/matbench_e_form_5fold/fold0/dataset/cifs/mb-mp-e-form-015754.cif,-0.0793596699999994,Zn5B3Ir7,30,
mb-mp-e-form-053308,matbench_mp_e_form,train,<RUNS_ROOT>/official_benchmark_214/matbench_e_form_5fold/fold0/dataset/cifs/mb-mp-e-form-053308.cif,-0.8909791966335234,Sc2TlCu3Se5,22,
mb-mp-e-form-071374,matbench_mp_e_form,train,<RUNS_ROOT>/official_benchmark_214/matbench_e_form_5fold/fold0/dataset/cifs/mb-mp-e-form-071374.cif,-1.5770650572727265,Zn(Bi3O5)4,33,
mb-mp-e-form-041396,matbench_mp_e_form,train,<RUNS_ROOT>/official_benchmark_214/matbench_e_form_5fold/fold0/dataset/cifs/mb-mp-e-form-041396.cif,-0.5895644652413793,CsTaTe3,10,
mb-mp-e-form-114154,matbench_mp_e_form,train,<RUNS_ROOT>/official_benchmark_214/matbench_e_form_5fold/fold0/dataset/cifs/mb-mp-e-form-114154.cif,-2.739269403068181,YTaBi2O7,22,
mb-mp-e-form-062723,matbench_mp_e_form,train,<RUNS_ROOT>/official_benchmark_214/matbench_e_form_5fold/fold0/dataset/cifs/mb-mp-e-form-062723.cif,-1.24225181894,SbH5(Cl3O)2,28,
mb-mp-e-form-044939,matbench_mp_e_form,train,<RUNS_ROOT>/official_benchmark_214/matbench_e_form_5fold/fold0/dataset/cifs/mb-mp-e-form-044939.cif,-0.6734295953057138,Sr3IrN3,14,
mb-mp-e-form-072228,matbench_mp_e_form,train,<RUNS_ROOT>/official_benchmark_214/matbench_e_form_5fold/fold0/dataset/cifs/mb-mp-e-form-072228.cif,-1.631067968621667,Na3MnCoNiO6,12,
mb-mp-e-form-005034,matbench_mp_e_form,train,<RUNS_ROOT>/official_benchmark_214/matbench_e_form_5fold/fold0/dataset/cifs/mb-mp-e-form-005034.cif,0.2262217991666668,Mg6TiCr,8,
mb-mp-e-form-116045,matbench_mp_e_form,train,<RUNS_ROOT>/official_benchmark_214/matbench_e_form_5fold/fold0/dataset/cifs/mb-mp-e-form-116045.cif,-2.815818077553572,NaNbO3,80,
mb-mp-e-form-094190,matbench_mp_e_form,train,<RUNS_ROOT>/official_benchmark_214/matbench_e_form_5fold/fold0/dataset/cifs/mb-mp-e-form-094190.cif,-2.25662161578,Sr(AlCl4)2,88,
mb-mp-e-form-131337,matbench_mp_e_form,train,<RUNS_ROOT>/official_benchmark_214/matbench_e_form_5fold/fold0/dataset/cifs/mb-mp-e-form-131337.cif,-3.769827101098486,Y2Ti2O7,22,
mb-mp-e-form-036022,matbench_mp_e_form,train,<RUNS_ROOT>/official_benchmark_214/matbench_e_form_5fold/fold0/dataset/cifs/mb-mp-e-form-036022.cif,-0.4803055136363635,Dy2Ga8Co,11,
mb-mp-e-form-001466,matbench_mp_e_form,train,<RUNS_ROOT>/official_benchmark_214/matbench_e_form_5fold/fold0/dataset/cifs/mb-mp-e-form-001466.cif,1.2106554100000004,LiAlGa2,4,
mb-mp-e-form-067478,matbench_mp_e_form,train,<RUNS_ROOT>/official_benchmark_214/matbench_e_form_5fold/fold0/dataset/cifs/mb-mp-e-form-067478.cif,-1.440824082066995,NiPH16NO10,58,
mb-mp-e-form-130019,matbench_mp_e_form,train,<RUNS_ROOT>/official_benchmark_214/matbench_e_form_5fold/fold0/dataset/cifs/mb-mp-e-form-130019.cif,-3.556205506446112,LuTiClO3,12,
mb-mp-e-form-067883,matbench_mp_e_form,train,<RUNS_ROOT>/official_benchmark_214/matbench_e_form_5fold/fold0/dataset/cifs/mb-mp-e-form-067883.cif,-1.4842044923958326,Sr2Cu2NiO7,24,
mb-mp-e-form-062425,matbench_mp_e_form,train,<RUNS_ROOT>/official_benchmark_214/matbench_e_form_5fold/fold0/dataset/cifs/mb-mp-e-form-062425.cif,-1.2391177190333331,Tl3FeCl5,18,
mb-mp-e-form-103125,matbench_mp_e_form,train,<RUNS_ROOT>/official_benchmark_214/matbench_e_form_5fold/fold0/dataset/cifs/mb-mp-e-form-103125.cif,-2.473779668941999,BaMnO3,15,
mb-mp-e-form-033015,matbench_mp_e_form,train,<RUNS_ROOT>/official_benchmark_214/matbench_e_form_5fold/fold0/dataset/cifs/mb-mp-e-form-033015.cif,-0.4327463735709086,Ni(N3O2)2,11,
mb-mp-e-form-027108,matbench_mp_e_form,train,<RUNS_ROOT>/official_benchmark_214/matbench_e_form_5fold/fold0/dataset/cifs/mb-mp-e-form-027108.cif,-0.3352686356944442,Mo2W2O5,9,
mb-mp-e-form-090074,matbench_mp_e_form,train,<RUNS_ROOT>/official_benchmark_214/matbench_e_form_5fold/fold0/dataset/cifs/mb-mp-e-form-090074.cif,-2.148674212867632,Rb3NpH4O7,60,
mb-mp-e-form-018686,matbench_mp_e_form,train,<RUNS_ROOT>/official_benchmark_214/matbench_e_form_5fold/fold0/dataset/cifs/mb-mp-e-form-018686.cif,-0.1447004249999987,MnFeAs,6,
mb-mp-e-form-041316,matbench_mp_e_form,train,<RUNS_ROOT>/official_benchmark_214/matbench_e_form_5fold/fold0/dataset/cifs/mb-mp-e-form-041316.cif,-0.5938101892857139,Sm2FeGe4,7,
mb-mp-e-form-127602,matbench_mp_e_form,train,<RUNS_ROOT>/official_benchmark_214/matbench_e_form_5fold/fold0/dataset/cifs/mb-mp-e-form-127602.cif,-3.279132035375001,Ca4Y2Al7Cr2SiO24,80,
mb-mp-e-form-006020,matbench_mp_e_form,train,<RUNS_ROOT>/official_benchmark_214/matbench_e_form_5fold/fold0/dataset/cifs/mb-mp-e-form-006020.cif,0.1953379337499998,LaMg6V,8,
mb-mp-e-form-099368,matbench_mp_e_form,train,<RUNS_ROOT>/official_benchmark_214/matbench_e_form_5fold/fold0/dataset/cifs/mb-mp-e-form-099368.cif,-2.3974235461904763,LiCr2(PO4)3,72,
mb-mp-e-form-066646,matbench_mp_e_form,train,<RUNS_ROOT>/official_benchmark_214/matbench_e_form_5fold/fold0/dataset/cifs/mb-mp-e-form-066646.cif,-1.4058778851084737,Ca10Al6Si13N30,59,
mb-mp-e-form-087434,matbench_mp_e_form,train,<RUNS_ROOT>/official_benchmark_214/matbench_e_form_5fold/fold0/dataset/cifs/mb-mp-e-form-087434.cif,-2.082395310658572,Al(HO)3,14,
mb-mp-e-form-003352,matbench_mp_e_form,train,<RUNS_ROOT>/official_benchmark_214/matbench_e_form_5fold/fold0/dataset/cifs/mb-mp-e-form-003352.cif,0.659031274,K3Ce,4,
mb-mp-e-form-075920,matbench_mp_e_form,train,<RUNS_ROOT>/official_benchmark_214/matbench_e_form_5fold/fold0/dataset/cifs/mb-mp-e-form-075920.cif,-1.7780259696759262,V2Bi8O17,27,
mb-mp-e-form-007699,matbench_mp_e_form,train,<RUNS_ROOT>/official_benchmark_214/matbench_e_form_5fold/fold0/dataset/cifs/mb-mp-e-form-007699.cif,0.1398662265238096,Ni(H2Cl)2,21,
mb-mp-e-form-120372,matbench_mp_e_form,train,<RUNS_ROOT>/official_benchmark_214/matbench_e_form_5fold/fold0/dataset/cifs/mb-mp-e-form-120372.cif,-2.950370872095,KF,2,
mb-mp-e-form-105424,matbench_mp_e_form,train,<RUNS_ROOT>/official_benchmark_214/matbench_e_form_5fold/fold0/dataset/cifs/mb-mp-e-form-105424.cif,-2.5128518680952374,LiSiBiO4,84,
mb-mp-e-form-117080,matbench_mp_e_form,train,<RUNS_ROOT>/official_benchmark_214/matbench_e_form_5fold/fold0/dataset/cifs/mb-mp-e-form-117080.cif,-2.831450917686169,Si18O29,188,
mb-mp-e-form-122276,matbench_mp_e_form,train,<RUNS_ROOT>/official_benchmark_214/matbench_e_form_5fold/fold0/dataset/cifs/mb-mp-e-form-122276.cif,-2.986410164128789,Tb2Mo2O7,22,
mb-mp-e-form-114219,matbench_mp_e_form,train,<RUNS_ROOT>/official_benchmark_214/matbench_e_form_5fold/fold0/dataset/cifs/mb-mp-e-form-114219.cif,-2.7235672608823536,La2(MoO4)3,34,
mb-mp-e-form-010374,matbench_mp_e_form,train,<RUNS_ROOT>/official_benchmark_214/matbench_e_form_5fold/fold0/dataset/cifs/mb-mp-e-form-010374.cif,0.04649606125,Cu3As,8,
mb-mp-e-form-128669,matbench_mp_e_form,train,<RUNS_ROOT>/official_benchmark_214/matbench_e_form_5fold/fold0/dataset/cifs/mb-mp-e-form-128669.cif,-3.30280304638889,Tm2WO6,36,
mb-mp-e-form-033677,matbench_mp_e_form,train,<RUNS_ROOT>/official_benchmark_214/matbench_e_form_5fold/fold0/dataset/cifs/mb-mp-e-form-033677.cif,-0.443111043055556,La2Rh7,36,
mb-mp-e-form-085285,matbench_mp_e_form,train,<RUNS_ROOT>/official_benchmark_214/matbench_e_form_5fold/fold0/dataset/cifs/mb-mp-e-form-085285.cif,-2.0024972565033328,CrClO,6,
mb-mp-e-form-005109,matbench_mp_e_form,train,<RUNS_ROOT>/official_benchmark_214/matbench_e_form_5fold/fold0/dataset/cifs/mb-mp-e-form-005109.cif,0.2479841350000002,Mg6MnCr,8,
mb-mp-e-form-059195,matbench_mp_e_form,train,<RUNS_ROOT>/official_benchmark_214/matbench_e_form_5fold/fold0/dataset/cifs/mb-mp-e-form-059195.cif,-1.083506111137334,CaCd2(ClO)6,30,
mb-mp-e-form-023769,matbench_mp_e_form,train,<RUNS_ROOT>/official_benchmark_214/matbench_e_form_5fold/fold0/dataset/cifs/mb-mp-e-form-023769.cif,-0.2663251674999998,NiSb,4,
mb-mp-e-form-062678,matbench_mp_e_form,train,<RUNS_ROOT>/official_benchmark_214/matbench_e_form_5fold/fold0/dataset/cifs/mb-mp-e-form-062678.cif,-1.2043815772876427,ZnPH7C2N4O5,80,
mb-mp-e-form-111940,matbench_mp_e_form,train,<RUNS_ROOT>/official_benchmark_214/matbench_e_form_5fold/fold0/dataset/cifs/mb-mp-e-form-111940.cif,-2.6715259113781054,Li6V3P8O29,92,
mb-mp-e-form-075721,matbench_mp_e_form,train,<RUNS_ROOT>/official_benchmark_214/matbench_e_form_5fold/fold0/dataset/cifs/mb-mp-e-form-075721.cif,-1.7398970433333336,Li3Co3TeO8,15,
mb-mp-e-form-053205,matbench_mp_e_form,train,<RUNS_ROOT>/official_benchmark_214/matbench_e_form_5fold/fold0/dataset/cifs/mb-mp-e-form-053205.cif,-0.882770471185097,CaH24C6Br2(N2O)6,102,
mb-mp-e-form-112080,matbench_mp_e_form,train,<RUNS_ROOT>/official_benchmark_214/matbench_e_form_5fold/fold0/dataset/cifs/mb-mp-e-form-112080.cif,-2.6819499631666672,KLa(WO4)2,24,
mb-mp-e-form-053449,matbench_mp_e_form,train,<RUNS_ROOT>/official_benchmark_214/matbench_e_form_5fold/fold0/dataset/cifs/mb-mp-e-form-053449.cif,-0.8729017642000002,K2ZnTe2,10,
mb-mp-e-form-034207,matbench_mp_e_form,train,<RUNS_ROOT>/official_benchmark_214/matbench_e_form_5fold/fold0/dataset/cifs/mb-mp-e-form-034207.cif,-0.4550212820769231,H9C2(N3O2)3,52,
mb-mp-e-form-015205,matbench_mp_e_form,train,<RUNS_ROOT>/official_benchmark_214/matbench_e_form_5fold/fold0/dataset/cifs/mb-mp-e-form-015205.cif,-0.0688455137500001,NaCd2Ag,4,
mb-mp-e-form-074580,matbench_mp_e_form,train,<RUNS_ROOT>/official_benchmark_214/matbench_e_form_5fold/fold0/dataset/cifs/mb-mp-e-form-074580.cif,-1.6834381866666668,BaSrI4,24,
mb-mp-e-form-095536,matbench_mp_e_form,train,<RUNS_ROOT>/official_benchmark_214/matbench_e_form_5fold/fold0/dataset/cifs/mb-mp-e-form-095536.cif,-2.298992954990988,Li12MnNi3P4(CO7)4,52,
mb-mp-e-form-087997,matbench_mp_e_form,train,<RUNS_ROOT>/official_benchmark_214/matbench_e_form_5fold/fold0/dataset/cifs/mb-mp-e-form-087997.cif,-2.092858184484199,CsHSO4,28,
mb-mp-e-form-001884,matbench_mp_e_form,train,<RUNS_ROOT>/official_benchmark_214/matbench_e_form_5fold/fold0/dataset/cifs/mb-mp-e-form-001884.cif,1.1186394514999995,CdCO3,10,
mb-mp-e-form-015580,matbench_mp_e_form,train,<RUNS_ROOT>/official_benchmark_214/matbench_e_form_5fold/fold0/dataset/cifs/mb-mp-e-form-015580.cif,-0.069745233421052,Cu15Si4,38,
mb-mp-e-form-101423,matbench_mp_e_form,train,<RUNS_ROOT>/official_benchmark_214/matbench_e_form_5fold/fold0/dataset/cifs/mb-mp-e-form-101423.cif,-2.440796090788722,Li3MnVP2(HO5)2,19,
mb-mp-e-form-021279,matbench_mp_e_form,train,<RUNS_ROOT>/official_benchmark_214/matbench_e_form_5fold/fold0/dataset/cifs/mb-mp-e-form-021279.cif,-0.2199291590000001,Mg7Ir3,20,
mb-mp-e-form-047718,matbench_mp_e_form,train,<RUNS_ROOT>/official_benchmark_214/matbench_e_form_5fold/fold0/dataset/cifs/mb-mp-e-form-047718.cif,-0.712258944119643,CuH10SO9,42,
mb-mp-e-form-099365,matbench_mp_e_form,train,<RUNS_ROOT>/official_benchmark_214/matbench_e_form_5fold/fold0/dataset/cifs/mb-mp-e-form-099365.cif,-2.3917712417255563,Ca5Si2HO9F,36,
mb-mp-e-form-126289,matbench_mp_e_form,train,<RUNS_ROOT>/official_benchmark_214/matbench_e_form_5fold/fold0/dataset/cifs/mb-mp-e-form-126289.cif,-3.18877093027052,NaCaNb2O6F,22,
mb-mp-e-form-128877,matbench_mp_e_form,train,<RUNS_ROOT>/official_benchmark_214/matbench_e_form_5fold/fold0/dataset/cifs/mb-mp-e-form-128877.cif,-3.452267005353684,Na3Sr4Cr5F26,152,
mb-mp-e-form-061732,matbench_mp_e_form,train,<RUNS_ROOT>/official_benchmark_214/matbench_e_form_5fold/fold0/dataset/cifs/mb-mp-e-form-061732.cif,-1.191274986354167,Li3CuS2,24,
mb-mp-e-form-018744,matbench_mp_e_form,train,<RUNS_ROOT>/official_benchmark_214/matbench_e_form_5fold/fold0/dataset/cifs/mb-mp-e-form-018744.cif,-0.1437167819186669,KB(CN)4,20,
mb-mp-e-form-009101,matbench_mp_e_form,train,<RUNS_ROOT>/official_benchmark_214/matbench_e_form_5fold/fold0/dataset/cifs/mb-mp-e-form-009101.cif,0.0621194515625003,HfMg14Cu,16,
mb-mp-e-form-058894,matbench_mp_e_form,train,<RUNS_ROOT>/official_benchmark_214/matbench_e_form_5fold/fold0/dataset/cifs/mb-mp-e-form-058894.cif,-1.093555177213542,MoWSeS3,12,
mb-mp-e-form-128606,matbench_mp_e_form,train,<RUNS_ROOT>/official_benchmark_214/matbench_e_form_5fold/fold0/dataset/cifs/mb-mp-e-form-128606.cif,-3.383568194112069,KAl11O17,58,
mb-mp-e-form-042794,matbench_mp_e_form,train,<RUNS_ROOT>/official_benchmark_214/matbench_e_form_5fold/fold0/dataset/cifs/mb-mp-e-form-042794.cif,-0.6119570620312502,TlCdS2,4,
mb-mp-e-form-089958,matbench_mp_e_form,train,<RUNS_ROOT>/official_benchmark_214/matbench_e_form_5fold/fold0/dataset/cifs/mb-mp-e-form-089958.cif,-2.1711447279661025,Sr12Ru11O36,118,
mb-mp-e-form-080177,matbench_mp_e_form,train,<RUNS_ROOT>/official_benchmark_214/matbench_e_form_5fold/fold0/dataset/cifs/mb-mp-e-form-080177.cif,-1.86650614381,Li9Mn2Co5O16,32,
mb-mp-e-form-058862,matbench_mp_e_form,train,<RUNS_ROOT>/official_benchmark_214/matbench_e_form_5fold/fold0/dataset/cifs/mb-mp-e-form-058862.cif,-1.0767647562500002,PrTlTe2,4,
mb-mp-e-form-101685,matbench_mp_e_form,train,<RUNS_ROOT>/official_benchmark_214/matbench_e_form_5fold/fold0/dataset/cifs/mb-mp-e-form-101685.cif,-2.443346272890001,Li2Mn3(BO3)3,34,
mb-mp-e-form-060456,matbench_mp_e_form,train,<RUNS_ROOT>/official_benchmark_214/matbench_e_form_5fold/fold0/dataset/cifs/mb-mp-e-form-060456.cif,-1.141519511825,AuF5,48,
mb-mp-e-form-111364,matbench_mp_e_form,train,<RUNS_ROOT>/official_benchmark_214/matbench_e_form_5fold/fold0/dataset/cifs/mb-mp-e-form-111364.cif,-2.651337478609693,BaNb2Bi2O9,28,
mb-mp-e-form-029792,matbench_mp_e_form,train,<RUNS_ROOT>/official_benchmark_214/matbench_e_form_5fold/fold0/dataset/cifs/mb-mp-e-form-029792.cif,-0.3667279437500004,Pm2TlCd,4,
mb-mp-e-form-124066,matbench_mp_e_form,train,<RUNS_ROOT>/official_benchmark_214/matbench_e_form_5fold/fold0/dataset/cifs/mb-mp-e-form-124066.cif,-3.0821028546428573,SrNdGaO4,7,
mb-mp-e-form-119597,matbench_mp_e_form,train,<RUNS_ROOT>/official_benchmark_214/matbench_e_form_5fold/fold0/dataset/cifs/mb-mp-e-form-119597.cif,-2.894509352105455,Li4MnOF5,11,
mb-mp-e-form-047875,matbench_mp_e_form,train,<RUNS_ROOT>/official_benchmark_214/matbench_e_form_5fold/fold0/dataset/cifs/mb-mp-e-form-047875.cif,-0.7191376366958325,HgH6I3NO,24,
mb-mp-e-form-117265,matbench_mp_e_form,train,<RUNS_ROOT>/official_benchmark_214/matbench_e_form_5fold/fold0/dataset/cifs/mb-mp-e-form-117265.cif,-2.84626819075,Ba5Y2CuMo2O15,50,
mb-mp-e-form-063718,matbench_mp_e_form,train,<RUNS_ROOT>/official_benchmark_214/matbench_e_form_5fold/fold0/dataset/cifs/mb-mp-e-form-063718.cif,-1.2557661045312505,Li3CrS4,8,
mb-mp-e-form-081830,matbench_mp_e_form,train,<RUNS_ROOT>/official_benchmark_214/matbench_e_form_5fold/fold0/dataset/cifs/mb-mp-e-form-081830.cif,-1.933986548472222,BaAlCoCuO5,9,
mb-mp-e-form-053725,matbench_mp_e_form,train,<RUNS_ROOT>/official_benchmark_214/matbench_e_form_5fold/fold0/dataset/cifs/mb-mp-e-form-053725.cif,-0.8749455393750001,Er5Sb3,32,
mb-mp-e-form-002342,matbench_mp_e_form,train,<RUNS_ROOT>/official_benchmark_214/matbench_e_form_5fold/fold0/dataset/cifs/mb-mp-e-form-002342.cif,0.7219509607012506,AlC5NCl,16,
mb-mp-e-form-055558,matbench_mp_e_form,train,<RUNS_ROOT>/official_benchmark_214/matbench_e_form_5fold/fold0/dataset/cifs/mb-mp-e-form-055558.cif,-0.9356863337325716,Cd2PCl2,20,
mb-mp-e-form-124462,matbench_mp_e_form,train,<RUNS_ROOT>/official_benchmark_214/matbench_e_form_5fold/fold0/dataset/cifs/mb-mp-e-form-124462.cif,-3.095878160952381,Sr2La6TiCu3O16,28,
mb-mp-e-form-080946,matbench_mp_e_form,train,<RUNS_ROOT>/official_benchmark_214/matbench_e_form_5fold/fold0/dataset/cifs/mb-mp-e-form-080946.cif,-1.90843788387,Li2MnCoO4,16,
mb-mp-e-form-129702,matbench_mp_e_form,train,<RUNS_ROOT>/official_benchmark_214/matbench_e_form_5fold/fold0/dataset/cifs/mb-mp-e-form-129702.cif,-3.430826962546296,LuTa7O19,54,
mb-mp-e-form-068371,matbench_mp_e_form,train,<RUNS_ROOT>/official_benchmark_214/matbench_e_form_5fold/fold0/dataset/cifs/mb-mp-e-form-068371.cif,-1.4609847078571423,Pb3O4,28,
mb-mp-e-form-027425,matbench_mp_e_form,train,<RUNS_ROOT>/official_benchmark_214/matbench_e_form_5fold/fold0/dataset/cifs/mb-mp-e-form-027425.cif,-0.3290632056640628,Hg2SeS,4,
mb-mp-e-form-009527,matbench_mp_e_form,train,<RUNS_ROOT>/official_benchmark_214/matbench_e_form_5fold/fold0/dataset/cifs/mb-mp-e-form-009527.cif,0.073906655,Tb3Ce,8,
mb-mp-e-form-084709,matbench_mp_e_form,train,<RUNS_ROOT>/official_benchmark_214/matbench_e_form_5fold/fold0/dataset/cifs/mb-mp-e-form-084709.cif,-1.9751724229957883,Li2Mn2Cr3O12,76,
mb-mp-e-form-070483,matbench_mp_e_form,train,<RUNS_ROOT>/official_benchmark_214/matbench_e_form_5fold/fold0/dataset/cifs/mb-mp-e-form-070483.cif,-1.5658604750781546,InHSeO4,28,
mb-mp-e-form-080449,matbench_mp_e_form,train,<RUNS_ROOT>/official_benchmark_214/matbench_e_form_5fold/fold0/dataset/cifs/mb-mp-e-form-080449.cif,-1.8636466815625,Ce(SeO4)2,88,
mb-mp-e-form-083474,matbench_mp_e_form,train,<RUNS_ROOT>/official_benchmark_214/matbench_e_form_5fold/fold0/dataset/cifs/mb-mp-e-form-083474.cif,-1.9555697113632853,KCuPH2O5,40,
mb-mp-e-form-126507,matbench_mp_e_form,train,<RUNS_ROOT>/official_benchmark_214/matbench_e_form_5fold/fold0/dataset/cifs/mb-mp-e-form-126507.cif,-3.220010352301588,Li4Ti5O12,42,
mb-mp-e-form-129438,matbench_mp_e_form,train,<RUNS_ROOT>/official_benchmark_214/matbench_e_form_5fold/fold0/dataset/cifs/mb-mp-e-form-129438.cif,-3.464372612105264,Ca2Zr(SiO3)4,38,
mb-mp-e-form-091581,matbench_mp_e_form,train,<RUNS_ROOT>/official_benchmark_214/matbench_e_form_5fold/fold0/dataset/cifs/mb-mp-e-form-091581.cif,-2.195546021049449,K3NiPCO7,26,
mb-mp-e-form-009802,matbench_mp_e_form,train,<RUNS_ROOT>/official_benchmark_214/matbench_e_form_5fold/fold0/dataset/cifs/mb-mp-e-form-009802.cif,0.0871248850000014,ErMn2,6,
mb-mp-e-form-018952,matbench_mp_e_form,train,<RUNS_ROOT>/official_benchmark_214/matbench_e_form_5fold/fold0/dataset/cifs/mb-mp-e-form-018952.cif,-0.1661044166666663,YbCu4Ni,6,
mb-mp-e-form-107756,matbench_mp_e_form,train,<RUNS_ROOT>/official_benchmark_214/matbench_e_form_5fold/fold0/dataset/cifs/mb-mp-e-form-107756.cif,-2.574088205625001,ZrO,2,
mb-mp-e-form-090045,matbench_mp_e_form,train,<RUNS_ROOT>/official_benchmark_214/matbench_e_form_5fold/fold0/dataset/cifs/mb-mp-e-form-090045.cif,-2.146661136833332,Na5Li(Mo3O10)3,90,
mb-mp-e-form-019137,matbench_mp_e_form,train,<RUNS_ROOT>/official_benchmark_214/matbench_e_form_5fold/fold0/dataset/cifs/mb-mp-e-form-019137.cif,-0.1800099949999998,Lu3Tl5,16,
mb-mp-e-form-087589,matbench_mp_e_form,train,<RUNS_ROOT>/official_benchmark_214/matbench_e_form_5fold/fold0/dataset/cifs/mb-mp-e-form-087589.cif,-2.067633001611842,Ge2(WO3)9,38,
mb-mp-e-form-087686,matbench_mp_e_form,train,<RUNS_ROOT>/official_benchmark_214/matbench_e_form_5fold/fold0/dataset/cifs/mb-mp-e-form-087686.cif,-2.085673281964285,Li4Cr2Fe3Sn3O16,28,
mb-mp-e-form-083270,matbench_mp_e_form,train,<RUNS_ROOT>/official_benchmark_214/matbench_e_form_5fold/fold0/dataset/cifs/mb-mp-e-form-083270.cif,-1.96927541869,ErN,2,
mb-mp-e-form-116439,matbench_mp_e_form,train,<RUNS_ROOT>/official_benchmark_214/matbench_e_form_5fold/fold0/dataset/cifs/mb-mp-e-form-116439.cif,-2.794901443333333,Ba3LaIn(WO6)2,19,
mb-mp-e-form-096822,matbench_mp_e_form,train,<RUNS_ROOT>/official_benchmark_214/matbench_e_form_5fold/fold0/dataset/cifs/mb-mp-e-form-096822.cif,-2.339018746375,Sr4CaCo2(SO3)2,15,
mb-mp-e-form-129016,matbench_mp_e_form,train,<RUNS_ROOT>/official_benchmark_214/matbench_e_form_5fold/fold0/dataset/cifs/mb-mp-e-form-129016.cif,-3.4814749534642844,Ca2YNbO6,20,
mb-mp-e-form-043616,matbench_mp_e_form,train,<RUNS_ROOT>/official_benchmark_214/matbench_e_form_5fold/fold0/dataset/cifs/mb-mp-e-form-043616.cif,-0.6243331795000003,Nd(FeSi)2,5,
mb-mp-e-form-040735,matbench_mp_e_form,train,<RUNS_ROOT>/official_benchmark_214/matbench_e_form_5fold/fold0/dataset/cifs/mb-mp-e-form-040735.cif,-0.5612151503448286,Hf6Fe16Si7,29,
mb-mp-e-form-063779,matbench_mp_e_form,train,<RUNS_ROOT>/official_benchmark_214/matbench_e_form_5fold/fold0/dataset/cifs/mb-mp-e-form-063779.cif,-1.2460549856250005,Li5SbS4,80,
mb-mp-e-form-018215,matbench_mp_e_form,train,<RUNS_ROOT>/official_benchmark_214/matbench_e_form_5fold/fold0/dataset/cifs/mb-mp-e-form-018215.cif,-0.1500957543589738,Yb(Ga2Cu)4,39,
mb-mp-e-form-113140,matbench_mp_e_form,train,<RUNS_ROOT>/official_benchmark_214/matbench_e_form_5fold/fold0/dataset/cifs/mb-mp-e-form-113140.cif,-2.708332181356666,SrCaMnGaO5,18,
mb-mp-e-form-012209,matbench_mp_e_form,train,<RUNS_ROOT>/official_benchmark_214/matbench_e_form_5fold/fold0/dataset/cifs/mb-mp-e-form-012209.cif,-0.0005959293333333,In2Te3,15,
mb-mp-e-form-047302,matbench_mp_e_form,train,<RUNS_ROOT>/official_benchmark_214/matbench_e_form_5fold/fold0/dataset/cifs/mb-mp-e-form-047302.cif,-0.713310175833333,TaSiPt,12,
mb-mp-e-form-015558,matbench_mp_e_form,train,<RUNS_ROOT>/official_benchmark_214/matbench_e_form_5fold/fold0/dataset/cifs/mb-mp-e-form-015558.cif,-0.0618799857894735,Ce2Co16Cu,38,
mb-mp-e-form-070328,matbench_mp_e_form,train,<RUNS_ROOT>/official_benchmark_214/matbench_e_form_5fold/fold0/dataset/cifs/mb-mp-e-form-070328.cif,-1.5518808618606326,Cs2PbO3,12,
mb-mp-e-form-115562,matbench_mp_e_form,train,<RUNS_ROOT>/official_benchmark_214/matbench_e_form_5fold/fold0/dataset/cifs/mb-mp-e-form-115562.cif,-2.7622011555952386,Na2SmPCO7,24,
mb-mp-e-form-122568,matbench_mp_e_form,train,<RUNS_ROOT>/official_benchmark_214/matbench_e_form_5fold/fold0/dataset/cifs/mb-mp-e-form-122568.cif,-3.004788910869048,BaLiCaVP2O9,60,
mb-mp-e-form-018029,matbench_mp_e_form,train,<RUNS_ROOT>/official_benchmark_214/matbench_e_form_5fold/fold0/dataset/cifs/mb-mp-e-form-018029.cif,-0.158359672857143,Si2Bi2Rh3,14,
mb-mp-e-form-069773,matbench_mp_e_form,train,<RUNS_ROOT>/official_benchmark_214/matbench_e_form_5fold/fold0/dataset/cifs/mb-mp-e-form-069773.cif,-1.5090839106249998,NaCoO2,8,
mb-mp-e-form-098484,matbench_mp_e_form,train,<RUNS_ROOT>/official_benchmark_214/matbench_e_form_5fold/fold0/dataset/cifs/mb-mp-e-form-098484.cif,-2.376065609629629,Li5Fe8(BO3)8,45,
mb-mp-e-form-100102,matbench_mp_e_form,train,<RUNS_ROOT>/official_benchmark_214/matbench_e_form_5fold/fold0/dataset/cifs/mb-mp-e-form-100102.cif,-2.415299891190476,MgInGaO4,7,
mb-mp-e-form-006506,matbench_mp_e_form,train,<RUNS_ROOT>/official_benchmark_214/matbench_e_form_5fold/fold0/dataset/cifs/mb-mp-e-form-006506.cif,0.1683202909482757,CsBa3,4,
mb-mp-e-form-125698,matbench_mp_e_form,train,<RUNS_ROOT>/official_benchmark_214/matbench_e_form_5fold/fold0/dataset/cifs/mb-mp-e-form-125698.cif,-3.1380351977712504,V4OF11,32,
mb-mp-e-form-068875,matbench_mp_e_form,train,<RUNS_ROOT>/official_benchmark_214/matbench_e_form_5fold/fold0/dataset/cifs/mb-mp-e-form-068875.cif,-1.510854917045454,MgFe2CoO7,88,
mb-mp-e-form-094076,matbench_mp_e_form,train,<RUNS_ROOT>/official_benchmark_214/matbench_e_form_5fold/fold0/dataset/cifs/mb-mp-e-form-094076.cif,-2.260908885625,SrMg3O4,8,
mb-mp-e-form-008197,matbench_mp_e_form,train,<RUNS_ROOT>/official_benchmark_214/matbench_e_form_5fold/fold0/dataset/cifs/mb-mp-e-form-008197.cif,0.1135923066666668,CaMg,6,
mb-mp-e-form-044419,matbench_mp_e_form,train,<RUNS_ROOT>/official_benchmark_214/matbench_e_form_5fold/fold0/dataset/cifs/mb-mp-e-form-044419.cif,-0.6446693266666669,Nd2NiGe3,6,
mb-mp-e-form-008457,matbench_mp_e_form,train,<RUNS_ROOT>/official_benchmark_214/matbench_e_form_5fold/fold0/dataset/cifs/mb-mp-e-form-008457.cif,0.1089616740794886,TiSi2C4(NCl2)2,52,
mb-mp-e-form-014806,matbench_mp_e_form,train,<RUNS_ROOT>/official_benchmark_214/matbench_e_form_5fold/fold0/dataset/cifs/mb-mp-e-form-014806.cif,-0.049267816875,LiRu2W,4,
mb-mp-e-form-086931,matbench_mp_e_form,train,<RUNS_ROOT>/official_benchmark_214/matbench_e_form_5fold/fold0/dataset/cifs/mb-mp-e-form-086931.cif,-2.075587042868333,Li7Mn4CoO12,24,
mb-mp-e-form-065660,matbench_mp_e_form,train,<RUNS_ROOT>/official_benchmark_214/matbench_e_form_5fold/fold0/dataset/cifs/mb-mp-e-form-065660.cif,-1.3504550704166658,Na3CuO2,12,
mb-mp-e-form-129861,matbench_mp_e_form,train,<RUNS_ROOT>/official_benchmark_214/matbench_e_form_5fold/fold0/dataset/cifs/mb-mp-e-form-129861.cif,-3.5311327984333327,Na3Sr14La3Ti20O60,100,
mb-mp-e-form-124079,matbench_mp_e_form,train,<RUNS_ROOT>/official_benchmark_214/matbench_e_form_5fold/fold0/dataset/cifs/mb-mp-e-form-124079.cif,-3.0983487664642864,SrCaNbCrO6,20,
mb-mp-e-form-064460,matbench_mp_e_form,train,<RUNS_ROOT>/official_benchmark_214/matbench_e_form_5fold/fold0/dataset/cifs/mb-mp-e-form-064460.cif,-1.317296087301137,Na4Ga2S5,44,
mb-mp-e-form-099333,matbench_mp_e_form,train,<RUNS_ROOT>/official_benchmark_214/matbench_e_form_5fold/fold0/dataset/cifs/mb-mp-e-form-099333.cif,-2.395904383897059,Ba4Y(CuO3)3,34,
mb-mp-e-form-105249,matbench_mp_e_form,train,<RUNS_ROOT>/official_benchmark_214/matbench_e_form_5fold/fold0/dataset/cifs/mb-mp-e-form-105249.cif,-2.5201749499107144,NaNbO2,8,
mb-mp-e-form-100501,matbench_mp_e_form,train,<RUNS_ROOT>/official_benchmark_214/matbench_e_form_5fold/fold0/dataset/cifs/mb-mp-e-form-100501.cif,-2.405433105549451,Li12VCr3P4(CO7)4,52,
mb-mp-e-form-015920,matbench_mp_e_form,train,<RUNS_ROOT>/official_benchmark_214/matbench_e_form_5fold/fold0/dataset/cifs/mb-mp-e-form-015920.cif,-0.0912595781249998,CeMg6Sb,8,
mb-mp-e-form-037062,matbench_mp_e_form,train,<RUNS_ROOT>/official_benchmark_214/matbench_e_form_5fold/fold0/dataset/cifs/mb-mp-e-form-037062.cif,-0.5006069391800005,K3ReC4(N2O)2,14,
mb-mp-e-form-070630,matbench_mp_e_form,train,<RUNS_ROOT>/official_benchmark_214/matbench_e_form_5fold/fold0/dataset/cifs/mb-mp-e-form-070630.cif,-1.5423076440488497,InPH4NO5,96,
mb-mp-e-form-094313,matbench_mp_e_form,train,<RUNS_ROOT>/official_benchmark_214/matbench_e_form_5fold/fold0/dataset/cifs/mb-mp-e-form-094313.cif,-2.2532539156537355,RbV2SbO8,48,
mb-mp-e-form-061890,matbench_mp_e_form,train,<RUNS_ROOT>/official_benchmark_214/matbench_e_form_5fold/fold0/dataset/cifs/mb-mp-e-form-061890.cif,-1.2330485984615387,Zn2Co3O8,26,
mb-mp-e-form-047767,matbench_mp_e_form,train,<RUNS_ROOT>/official_benchmark_214/matbench_e_form_5fold/fold0/dataset/cifs/mb-mp-e-form-047767.cif,-0.7102292188515444,Re3(SeCl)7,68,
mb-mp-e-form-019006,matbench_mp_e_form,train,<RUNS_ROOT>/official_benchmark_214/matbench_e_form_5fold/fold0/dataset/cifs/mb-mp-e-form-019006.cif,-0.1669378864285714,BaGe6,14,
mb-mp-e-form-045542,matbench_mp_e_form,train,<RUNS_ROOT>/official_benchmark_214/matbench_e_form_5fold/fold0/dataset/cifs/mb-mp-e-form-045542.cif,-0.6659519370312506,TlSbS2,16,
mb-mp-e-form-056331,matbench_mp_e_form,train,<RUNS_ROOT>/official_benchmark_214/matbench_e_form_5fold/fold0/dataset/cifs/mb-mp-e-form-056331.cif,-0.9717122986979168,Zn2InCuS4,8,
mb-mp-e-form-037672,matbench_mp_e_form,train,<RUNS_ROOT>/official_benchmark_214/matbench_e_form_5fold/fold0/dataset/cifs/mb-mp-e-form-037672.cif,-0.5126624404545449,Ce4Co2Sn5,11,
mb-mp-e-form-032919,matbench_mp_e_form,train,<RUNS_ROOT>/official_benchmark_214/matbench_e_form_5fold/fold0/dataset/cifs/mb-mp-e-form-032919.cif,-0.4410492457142858,ScGa5Ni,7,
mb-mp-e-form-092872,matbench_mp_e_form,train,<RUNS_ROOT>/official_benchmark_214/matbench_e_form_5fold/fold0/dataset/cifs/mb-mp-e-form-092872.cif,-2.237902844821429,LiNiP2O7,22,
mb-mp-e-form-117006,matbench_mp_e_form,train,<RUNS_ROOT>/official_benchmark_214/matbench_e_form_5fold/fold0/dataset/cifs/mb-mp-e-form-117006.cif,-2.834285118942309,Sm3B3O7,26,
mb-mp-e-form-106552,matbench_mp_e_form,train,<RUNS_ROOT>/official_benchmark_214/matbench_e_form_5fold/fold0/dataset/cifs/mb-mp-e-form-106552.cif,-2.535275318682491,LiMn2(PO4)2,78,
mb-mp-e-form-128452,matbench_mp_e_form,train,<RUNS_ROOT>/official_benchmark_214/matbench_e_form_5fold/fold0/dataset/cifs/mb-mp-e-form-128452.cif,-3.3203852127887123,Cs2NaTiF6,30,
mb-mp-e-form-105187,matbench_mp_e_form,train,<RUNS_ROOT>/official_benchmark_214/matbench_e_form_5fold/fold0/dataset/cifs/mb-mp-e-form-105187.cif,-2.512233140919717,CsMnP3HO10,16,
mb-mp-e-form-011938,matbench_mp_e_form,train,<RUNS_ROOT>/official_benchmark_214/matbench_e_form_5fold/fold0/dataset/cifs/mb-mp-e-form-011938.cif,0.0083679212500005,CrFeCoNi,8,
mb-mp-e-form-008946,matbench_mp_e_form,train,<RUNS_ROOT>/official_benchmark_214/matbench_e_form_5fold/fold0/dataset/cifs/mb-mp-e-form-008946.cif,0.0786782212500001,CeMg7,8,
mb-mp-e-form-127115,matbench_mp_e_form,train,<RUNS_ROOT>/official_benchmark_214/matbench_e_form_5fold/fold0/dataset/cifs/mb-mp-e-form-127115.cif,-3.300280524285716,Ba3LaNb3O12,19,
mb-mp-e-form-076749,matbench_mp_e_form,train,<RUNS_ROOT>/official_benchmark_214/matbench_e_form_5fold/fold0/dataset/cifs/mb-mp-e-form-076749.cif,-1.7653014234374993,Li3Co4SbO8,16,
mb-mp-e-form-056322,matbench_mp_e_form,train,<RUNS_ROOT>/official_benchmark_214/matbench_e_form_5fold/fold0/dataset/cifs/mb-mp-e-form-056322.cif,-0.9890269366466669,C3OF2,24,
mb-mp-e-form-046677,matbench_mp_e_form,train,<RUNS_ROOT>/official_benchmark_214/matbench_e_form_5fold/fold0/dataset/cifs/mb-mp-e-form-046677.cif,-0.7022921300921934,Rb3Ta2AgSe12,72,
mb-mp-e-form-059978,matbench_mp_e_form,train,<RUNS_ROOT>/official_benchmark_214/matbench_e_form_5fold/fold0/dataset/cifs/mb-mp-e-form-059978.cif,-1.1232488975000003,Sc3As2,20,
mb-mp-e-form-088073,matbench_mp_e_form,train,<RUNS_ROOT>/official_benchmark_214/matbench_e_form_5fold/fold0/dataset/cifs/mb-mp-e-form-088073.cif,-2.0932302734657147,As2PHCl3F11,144,
mb-mp-e-form-023522,matbench_mp_e_form,train,<RUNS_ROOT>/official_benchmark_214/matbench_e_form_5fold/fold0/dataset/cifs/mb-mp-e-form-023522.cif,-0.2566490072916663,BPd3,16,
mb-mp-e-form-114646,matbench_mp_e_form,train,<RUNS_ROOT>/official_benchmark_214/matbench_e_form_5fold/fold0/dataset/cifs/mb-mp-e-form-114646.cif,-2.7452474654766075,Li2MnVP2(O4F)2,32,
mb-mp-e-form-031883,matbench_mp_e_form,train,<RUNS_ROOT>/official_benchmark_214/matbench_e_form_5fold/fold0/dataset/cifs/mb-mp-e-form-031883.cif,-0.3991009077380951,MgP,6,
mb-mp-e-form-010799,matbench_mp_e_form,train,<RUNS_ROOT>/official_benchmark_214/matbench_e_form_5fold/fold0/dataset/cifs/mb-mp-e-form-010799.cif,0.054581095,Sn,1,
mb-mp-e-form-056045,matbench_mp_e_form,train,<RUNS_ROOT>/official_benchmark_214/matbench_e_form_5fold/fold0/dataset/cifs/mb-mp-e-form-056045.cif,-0.9696461401,K2HgSbBr6,10,
mb-mp-e-form-096617,matbench_mp_e_form,train,<RUNS_ROOT>/official_benchmark_214/matbench_e_form_5fold/fold0/dataset/cifs/mb-mp-e-form-096617.cif,-2.311363443125001,Li5V5(FeO6)2,24,
mb-mp-e-form-054872,matbench_mp_e_form,train,<RUNS_ROOT>/official_benchmark_214/matbench_e_form_5fold/fold0/dataset/cifs/mb-mp-e-form-054872.cif,-0.9317565375565212,Ca11(MnN5)2,23,
mb-mp-e-form-094847,matbench_mp_e_form,train,<RUNS_ROOT>/official_benchmark_214/matbench_e_form_5fold/fold0/dataset/cifs/mb-mp-e-form-094847.cif,-2.282171523750001,Sr6Ca2Fe7CoO24,40,
mb-mp-e-form-008968,matbench_mp_e_form,train,<RUNS_ROOT>/official_benchmark_214/matbench_e_form_5fold/fold0/dataset/cifs/mb-mp-e-form-008968.cif,0.0853770171249999,KMg6Bi,8,
mb-mp-e-form-022501,matbench_mp_e_form,train,<RUNS_ROOT>/official_benchmark_214/matbench_e_form_5fold/fold0/dataset/cifs/mb-mp-e-form-022501.cif,-0.2348458602500002,La10Ga3Co7,40,
mb-mp-e-form-040572,matbench_mp_e_form,train,<RUNS_ROOT>/official_benchmark_214/matbench_e_form_5fold/fold0/dataset/cifs/mb-mp-e-form-040572.cif,-0.5783591425000001,MoBr3,16,
mb-mp-e-form-027110,matbench_mp_e_form,train,<RUNS_ROOT>/official_benchmark_214/matbench_e_form_5fold/fold0/dataset/cifs/mb-mp-e-form-027110.cif,-0.3321982937500003,NaGdHg2,4,
mb-mp-e-form-008523,matbench_mp_e_form,train,<RUNS_ROOT>/official_benchmark_214/matbench_e_form_5fold/fold0/dataset/cifs/mb-mp-e-form-008523.cif,0.1139830900000005,EuEr,2,
mb-mp-e-form-062791,matbench_mp_e_form,train,<RUNS_ROOT>/official_benchmark_214/matbench_e_form_5fold/fold0/dataset/cifs/mb-mp-e-form-062791.cif,-1.2082263681562495,PrCrSe3,20,
mb-mp-e-form-061011,matbench_mp_e_form,train,<RUNS_ROOT>/official_benchmark_214/matbench_e_form_5fold/fold0/dataset/cifs/mb-mp-e-form-061011.cif,-1.16493769675,Er7FeI12,20,
mb-mp-e-form-093813,matbench_mp_e_form,train,<RUNS_ROOT>/official_benchmark_214/matbench_e_form_5fold/fold0/dataset/cifs/mb-mp-e-form-093813.cif,-2.26626886859375,CaBiWO5,32,
mb-mp-e-form-118941,matbench_mp_e_form,train,<RUNS_ROOT>/official_benchmark_214/matbench_e_form_5fold/fold0/dataset/cifs/mb-mp-e-form-118941.cif,-2.9132649576256613,NaMg30BO31,63,
mb-mp-e-form-058662,matbench_mp_e_form,train,<RUNS_ROOT>/official_benchmark_214/matbench_e_form_5fold/fold0/dataset/cifs/mb-mp-e-form-058662.cif,-1.054351375,TmTe,2,
mb-mp-e-form-111798,matbench_mp_e_form,train,<RUNS_ROOT>/official_benchmark_214/matbench_e_form_5fold/fold0/dataset/cifs/mb-mp-e-form-111798.cif,-2.6744312410998323,RbHfMg14O15,31,
mb-mp-e-form-061311,matbench_mp_e_form,train,<RUNS_ROOT>/official_benchmark_214/matbench_e_form_5fold/fold0/dataset/cifs/mb-mp-e-form-061311.cif,-1.164232902724167,FeH4N2F5,48,
mb-mp-e-form-099166,matbench_mp_e_form,train,<RUNS_ROOT>/official_benchmark_214/matbench_e_form_5fold/fold0/dataset/cifs/mb-mp-e-form-099166.cif,-2.3914513283690466,P2W2O11,60,
mb-mp-e-form-017992,matbench_mp_e_form,train,<RUNS_ROOT>/official_benchmark_214/matbench_e_form_5fold/fold0/dataset/cifs/mb-mp-e-form-017992.cif,-0.1358397612500006,ZrSn3,8,
mb-mp-e-form-034415,matbench_mp_e_form,train,<RUNS_ROOT>/official_benchmark_214/matbench_e_form_5fold/fold0/dataset/cifs/mb-mp-e-form-034415.cif,-0.4590578403566665,InGa3N4,8,
mb-mp-e-form-033173,matbench_mp_e_form,train,<RUNS_ROOT>/official_benchmark_214/matbench_e_form_5fold/fold0/dataset/cifs/mb-mp-e-form-033173.cif,-0.4305948369216322,Nb4Fe2N,28,
mb-mp-e-form-053969,matbench_mp_e_form,train,<RUNS_ROOT>/official_benchmark_214/matbench_e_form_5fold/fold0/dataset/cifs/mb-mp-e-form-053969.cif,-0.9287402549999998,BaAsAu,6,
mb-mp-e-form-096542,matbench_mp_e_form,train,<RUNS_ROOT>/official_benchmark_214/matbench_e_form_5fold/fold0/dataset/cifs/mb-mp-e-form-096542.cif,-2.3252538459166665,Li5BO4,80,
mb-mp-e-form-122235,matbench_mp_e_form,train,<RUNS_ROOT>/official_benchmark_214/matbench_e_form_5fold/fold0/dataset/cifs/mb-mp-e-form-122235.cif,-2.99859230375,Al8Zn3CoO16,28,
mb-mp-e-form-034058,matbench_mp_e_form,train,<RUNS_ROOT>/official_benchmark_214/matbench_e_form_5fold/fold0/dataset/cifs/mb-mp-e-form-034058.cif,-0.4511154166666671,HfGa2,12,
mb-mp-e-form-041524,matbench_mp_e_form,train,<RUNS_ROOT>/official_benchmark_214/matbench_e_form_5fold/fold0/dataset/cifs/mb-mp-e-form-041524.cif,-0.5851250700000001,Ga3Pd7,10,
mb-mp-e-form-098183,matbench_mp_e_form,train,<RUNS_ROOT>/official_benchmark_214/matbench_e_form_5fold/fold0/dataset/cifs/mb-mp-e-form-098183.cif,-2.364361736750308,Rb2SO4,28,
mb-mp-e-form-048060,matbench_mp_e_form,train,<RUNS_ROOT>/official_benchmark_214/matbench_e_form_5fold/fold0/dataset/cifs/mb-mp-e-form-048060.cif,-0.7422508185999999,K2TlAsI6,10,
mb-mp-e-form-099892,matbench_mp_e_form,train,<RUNS_ROOT>/official_benchmark_214/matbench_e_form_5fold/fold0/dataset/cifs/mb-mp-e-form-099892.cif,-2.40408542545538,Cs2TlAgF6,10,
mb-mp-e-form-091789,matbench_mp_e_form,train,<RUNS_ROOT>/official_benchmark_214/matbench_e_form_5fold/fold0/dataset/cifs/mb-mp-e-form-091789.cif,-2.215365186979166,Mg6BSbO8,16,
mb-mp-e-form-105723,matbench_mp_e_form,train,<RUNS_ROOT>/official_benchmark_214/matbench_e_form_5fold/fold0/dataset/cifs/mb-mp-e-form-105723.cif,-2.50968955952381,LiGeBO4,7,
mb-mp-e-form-054282,matbench_mp_e_form,train,<RUNS_ROOT>/official_benchmark_214/matbench_e_form_5fold/fold0/dataset/cifs/mb-mp-e-form-054282.cif,-0.9151827052083332,Tb5BiPt2,16,
mb-mp-e-form-003787,matbench_mp_e_form,train,<RUNS_ROOT>/official_benchmark_214/matbench_e_form_5fold/fold0/dataset/cifs/mb-mp-e-form-003787.cif,0.4488691913420837,CSeN,24,
mb-mp-e-form-014309,matbench_mp_e_form,train,<RUNS_ROOT>/official_benchmark_214/matbench_e_form_5fold/fold0/dataset/cifs/mb-mp-e-form-014309.cif,-0.0389442848275865,Yb(Mg4Al3)4,29,
mb-mp-e-form-102572,matbench_mp_e_form,train,<RUNS_ROOT>/official_benchmark_214/matbench_e_form_5fold/fold0/dataset/cifs/mb-mp-e-form-102572.cif,-2.4495087844214294,LiFeF5,28,
mb-mp-e-form-061344,matbench_mp_e_form,train,<RUNS_ROOT>/official_benchmark_214/matbench_e_form_5fold/fold0/dataset/cifs/mb-mp-e-form-061344.cif,-1.169523469934871,UH14C6(NO2)6,78,
mb-mp-e-form-036171,matbench_mp_e_form,train,<RUNS_ROOT>/official_benchmark_214/matbench_e_form_5fold/fold0/dataset/cifs/mb-mp-e-form-036171.cif,-0.4859664161111101,PrCrB4,24,
mb-mp-e-form-041057,matbench_mp_e_form,train,<RUNS_ROOT>/official_benchmark_214/matbench_e_form_5fold/fold0/dataset/cifs/mb-mp-e-form-041057.cif,-0.5827664512500004,YBr3O8,48,
mb-mp-e-form-003300,matbench_mp_e_form,train,<RUNS_ROOT>/official_benchmark_214/matbench_e_form_5fold/fold0/dataset/cifs/mb-mp-e-form-003300.cif,0.6056459093749993,Eu3Re,4,
mb-mp-e-form-093745,matbench_mp_e_form,train,<RUNS_ROOT>/official_benchmark_214/matbench_e_form_5fold/fold0/dataset/cifs/mb-mp-e-form-093745.cif,-2.238216456153847,V3Zn2O8,13,
mb-mp-e-form-091157,matbench_mp_e_form,train,<RUNS_ROOT>/official_benchmark_214/matbench_e_form_5fold/fold0/dataset/cifs/mb-mp-e-form-091157.cif,-2.178388268365385,Ba4PrLu(Cu3O7)2,26,
mb-mp-e-form-101665,matbench_mp_e_form,train,<RUNS_ROOT>/official_benchmark_214/matbench_e_form_5fold/fold0/dataset/cifs/mb-mp-e-form-101665.cif,-2.431920806136364,Ba4PdO6,22,
mb-mp-e-form-125490,matbench_mp_e_form,train,<RUNS_ROOT>/official_benchmark_214/matbench_e_form_5fold/fold0/dataset/cifs/mb-mp-e-form-125490.cif,-3.172916287178572,SrNbO3,5,
mb-mp-e-form-035233,matbench_mp_e_form,train,<RUNS_ROOT>/official_benchmark_214/matbench_e_form_5fold/fold0/dataset/cifs/mb-mp-e-form-035233.cif,-0.4708925991176471,Tb6(Ga3Co)7,68,
mb-mp-e-form-057346,matbench_mp_e_form,train,<RUNS_ROOT>/official_benchmark_214/matbench_e_form_5fold/fold0/dataset/cifs/mb-mp-e-form-057346.cif,-1.0444971643055547,Sb2O7,18,
mb-mp-e-form-007294,matbench_mp_e_form,train,<RUNS_ROOT>/official_benchmark_214/matbench_e_form_5fold/fold0/dataset/cifs/mb-mp-e-form-007294.cif,0.1447479572727275,Mg6Si5,22,
mb-mp-e-form-120003,matbench_mp_e_form,train,<RUNS_ROOT>/official_benchmark_214/matbench_e_form_5fold/fold0/dataset/cifs/mb-mp-e-form-120003.cif,-2.9235701257500004,LaFeO3,10,
mb-mp-e-form-088967,matbench_mp_e_form,train,<RUNS_ROOT>/official_benchmark_214/matbench_e_form_5fold/fold0/dataset/cifs/mb-mp-e-form-088967.cif,-2.144204465473571,Li4Mn3O7,28,
mb-mp-e-form-055725,matbench_mp_e_form,train,<RUNS_ROOT>/official_benchmark_214/matbench_e_form_5fold/fold0/dataset/cifs/mb-mp-e-form-055725.cif,-0.9647755352403196,Ce25Ni49P33,107,
mb-mp-e-form-117651,matbench_mp_e_form,train,<RUNS_ROOT>/official_benchmark_214/matbench_e_form_5fold/fold0/dataset/cifs/mb-mp-e-form-117651.cif,-2.819012778129879,BaNb3NO7,24,
mb-mp-e-form-030068,matbench_mp_e_form,train,<RUNS_ROOT>/official_benchmark_214/matbench_e_form_5fold/fold0/dataset/cifs/mb-mp-e-form-030068.cif,-0.38277418375,Er2CdHg,4,
mb-mp-e-form-042035,matbench_mp_e_form,train,<RUNS_ROOT>/official_benchmark_214/matbench_e_form_5fold/fold0/dataset/cifs/mb-mp-e-form-042035.cif,-0.6061065858333331,EuBi2,12,
mb-mp-e-form-119337,matbench_mp_e_form,train,<RUNS_ROOT>/official_benchmark_214/matbench_e_form_5fold/fold0/dataset/cifs/mb-mp-e-form-119337.cif,-2.884254507857144,Ba2Co(BO2)6,21,
mb-mp-e-form-053586,matbench_mp_e_form,train,<RUNS_ROOT>/official_benchmark_214/matbench_e_form_5fold/fold0/dataset/cifs/mb-mp-e-form-053586.cif,-0.8927894620833331,In5AgS8,14,
mb-mp-e-form-062442,matbench_mp_e_form,train,<RUNS_ROOT>/official_benchmark_214/matbench_e_form_5fold/fold0/dataset/cifs/mb-mp-e-form-062442.cif,-1.2027362348778734,Rb3Ge2Br7,48,
mb-mp-e-form-109667,matbench_mp_e_form,train,<RUNS_ROOT>/official_benchmark_214/matbench_e_form_5fold/fold0/dataset/cifs/mb-mp-e-form-109667.cif,-2.6133977847444285,Li3MnV(PO4)3,80,
mb-mp-e-form-035460,matbench_mp_e_form,train,<RUNS_ROOT>/official_benchmark_214/matbench_e_form_5fold/fold0/dataset/cifs/mb-mp-e-form-035460.cif,-0.4714276469999987,Ce2Ga5Au3,10,
mb-mp-e-form-071185,matbench_mp_e_form,train,<RUNS_ROOT>/official_benchmark_214/matbench_e_form_5fold/fold0/dataset/cifs/mb-mp-e-form-071185.cif,-1.5852714716249998,SmRe3O16,80,
mb-mp-e-form-114727,matbench_mp_e_form,train,<RUNS_ROOT>/official_benchmark_214/matbench_e_form_5fold/fold0/dataset/cifs/mb-mp-e-form-114727.cif,-2.722842442828353,Ca5La10Mn14(NiO24)2,79,
mb-mp-e-form-091621,matbench_mp_e_form,train,<RUNS_ROOT>/official_benchmark_214/matbench_e_form_5fold/fold0/dataset/cifs/mb-mp-e-form-091621.cif,-2.199306739285713,Li2V3FeO8,14,
mb-mp-e-form-067198,matbench_mp_e_form,train,<RUNS_ROOT>/official_benchmark_214/matbench_e_form_5fold/fold0/dataset/cifs/mb-mp-e-form-067198.cif,-1.4301856285000014,Y(AsO)2,20,
mb-mp-e-form-046568,matbench_mp_e_form,train,<RUNS_ROOT>/official_benchmark_214/matbench_e_form_5fold/fold0/dataset/cifs/mb-mp-e-form-046568.cif,-0.6942701355555548,DyInIr,9,
mb-mp-e-form-132170,matbench_mp_e_form,train,<RUNS_ROOT>/official_benchmark_214/matbench_e_form_5fold/fold0/dataset/cifs/mb-mp-e-form-132170.cif,-4.267855156100833,NdF3,24,
mb-mp-e-form-047250,matbench_mp_e_form,train,<RUNS_ROOT>/official_benchmark_214/matbench_e_form_5fold/fold0/dataset/cifs/mb-mp-e-form-047250.cif,-0.7095669381249996,Hf2(NiAs)3,32,
mb-mp-e-form-027657,matbench_mp_e_form,train,<RUNS_ROOT>/official_benchmark_214/matbench_e_form_5fold/fold0/dataset/cifs/mb-mp-e-form-027657.cif,-0.3225166895000004,SrAg,40,
mb-mp-e-form-008971,matbench_mp_e_form,train,<RUNS_ROOT>/official_benchmark_214/matbench_e_form_5fold/fold0/dataset/cifs/mb-mp-e-form-008971.cif,0.0634991247916669,Mg6TiCd,8,
mb-mp-e-form-097578,matbench_mp_e_form,train,<RUNS_ROOT>/official_benchmark_214/matbench_e_form_5fold/fold0/dataset/cifs/mb-mp-e-form-097578.cif,-2.341548821860001,LiFeOF,4,
mb-mp-e-form-023696,matbench_mp_e_form,train,<RUNS_ROOT>/official_benchmark_214/matbench_e_form_5fold/fold0/dataset/cifs/mb-mp-e-form-023696.cif,-0.2548847804022987,CsHg2,6,
mb-mp-e-form-021975,matbench_mp_e_form,train,<RUNS_ROOT>/official_benchmark_214/matbench_e_form_5fold/fold0/dataset/cifs/mb-mp-e-form-021975.cif,-0.2308966256681031,RbCd4As3,8,
mb-mp-e-form-120309,matbench_mp_e_form,train,<RUNS_ROOT>/official_benchmark_214/matbench_e_form_5fold/fold0/dataset/cifs/mb-mp-e-form-120309.cif,-2.9337870906342363,RbSm(PO3)4,36,
mb-mp-e-form-003510,matbench_mp_e_form,train,<RUNS_ROOT>/official_benchmark_214/matbench_e_form_5fold/fold0/dataset/cifs/mb-mp-e-form-003510.cif,0.5189508563437499,Yb3TlSe6,10,
mb-mp-e-form-038176,matbench_mp_e_form,train,<RUNS_ROOT>/official_benchmark_214/matbench_e_form_5fold/fold0/dataset/cifs/mb-mp-e-form-038176.cif,-0.5190568052777778,Sc3Mn3Al7Si5,36,
mb-mp-e-form-080113,matbench_mp_e_form,train,<RUNS_ROOT>/official_benchmark_214/matbench_e_form_5fold/fold0/dataset/cifs/mb-mp-e-form-080113.cif,-1.86651852131,Li9Mn2Co5O16,32,
mb-mp-e-form-093244,matbench_mp_e_form,train,<RUNS_ROOT>/official_benchmark_214/matbench_e_form_5fold/fold0/dataset/cifs/mb-mp-e-form-093244.cif,-2.2363896502500005,PaBr3O,10,
mb-mp-e-form-101899,matbench_mp_e_form,train,<RUNS_ROOT>/official_benchmark_214/matbench_e_form_5fold/fold0/dataset/cifs/mb-mp-e-form-101899.cif,-2.4525193303377777,Li8Mn3Fe5(BO3)8,48,
mb-mp-e-form-111083,matbench_mp_e_form,train,<RUNS_ROOT>/official_benchmark_214/matbench_e_form_5fold/fold0/dataset/cifs/mb-mp-e-form-111083.cif,-2.6525261718164828,RbTm2Cl7,40,
mb-mp-e-form-109602,matbench_mp_e_form,train,<RUNS_ROOT>/official_benchmark_214/matbench_e_form_5fold/fold0/dataset/cifs/mb-mp-e-form-109602.cif,-2.611657183293333,ZnF2,12,
mb-mp-e-form-016590,matbench_mp_e_form,train,<RUNS_ROOT>/official_benchmark_214/matbench_e_form_5fold/fold0/dataset/cifs/mb-mp-e-form-016590.cif,-0.094960320833333,Cu2GeTe3,6,
mb-mp-e-form-082231,matbench_mp_e_form,train,<RUNS_ROOT>/official_benchmark_214/matbench_e_form_5fold/fold0/dataset/cifs/mb-mp-e-form-082231.cif,-1.9108356330494207,CsH3(SO4)2,56,
mb-mp-e-form-017998,matbench_mp_e_form,train,<RUNS_ROOT>/official_benchmark_214/matbench_e_form_5fold/fold0/dataset/cifs/mb-mp-e-form-017998.cif,-0.1399333025000002,Mg2Sb,12,
mb-mp-e-form-036493,matbench_mp_e_form,train,<RUNS_ROOT>/official_benchmark_214/matbench_e_form_5fold/fold0/dataset/cifs/mb-mp-e-form-036493.cif,-0.4872558442187504,Bi4(TeS)3,10,
mb-mp-e-form-117653,matbench_mp_e_form,train,<RUNS_ROOT>/official_benchmark_214/matbench_e_form_5fold/fold0/dataset/cifs/mb-mp-e-form-117653.cif,-2.84561089246,LiFeF4,12,
mb-mp-e-form-060106,matbench_mp_e_form,train,<RUNS_ROOT>/official_benchmark_214/matbench_e_form_5fold/fold0/dataset/cifs/mb-mp-e-form-060106.cif,-1.1326693812500008,V(MoS2)2,28,
mb-mp-e-form-090493,matbench_mp_e_form,train,<RUNS_ROOT>/official_benchmark_214/matbench_e_form_5fold/fold0/dataset/cifs/mb-mp-e-form-090493.cif,-2.163723165595,LiAgF2,16,
mb-mp-e-form-081783,matbench_mp_e_form,train,<RUNS_ROOT>/official_benchmark_214/matbench_e_form_5fold/fold0/dataset/cifs/mb-mp-e-form-081783.cif,-1.8927420399358987,Ca(TiS2)4,13,
mb-mp-e-form-117643,matbench_mp_e_form,train,<RUNS_ROOT>/official_benchmark_214/matbench_e_form_5fold/fold0/dataset/cifs/mb-mp-e-form-117643.cif,-2.8217328742140007,LiFeF3,20,
mb-mp-e-form-055298,matbench_mp_e_form,train,<RUNS_ROOT>/official_benchmark_214/matbench_e_form_5fold/fold0/dataset/cifs/mb-mp-e-form-055298.cif,-0.9482671393303584,NaPO6,32,
mb-mp-e-form-078185,matbench_mp_e_form,train,<RUNS_ROOT>/official_benchmark_214/matbench_e_form_5fold/fold0/dataset/cifs/mb-mp-e-form-078185.cif,-1.829851670685,Li9Mn2Co5O16,32,
mb-mp-e-form-072225,matbench_mp_e_form,train,<RUNS_ROOT>/official_benchmark_214/matbench_e_form_5fold/fold0/dataset/cifs/mb-mp-e-form-072225.cif,-1.626305770377502,Nd3AlSi5N10O,40,
mb-mp-e-form-076332,matbench_mp_e_form,train,<RUNS_ROOT>/official_benchmark_214/matbench_e_form_5fold/fold0/dataset/cifs/mb-mp-e-form-076332.cif,-1.749155960475833,RhF3,12,
mb-mp-e-form-030082,matbench_mp_e_form,train,<RUNS_ROOT>/official_benchmark_214/matbench_e_form_5fold/fold0/dataset/cifs/mb-mp-e-form-030082.cif,-0.3839535887500007,HoTmAl2,4,
mb-mp-e-form-050790,matbench_mp_e_form,train,<RUNS_ROOT>/official_benchmark_214/matbench_e_form_5fold/fold0/dataset/cifs/mb-mp-e-form-050790.cif,-0.7976696312019989,Ge2N2O,10,
mb-mp-e-form-032519,matbench_mp_e_form,train,<RUNS_ROOT>/official_benchmark_214/matbench_e_form_5fold/fold0/dataset/cifs/mb-mp-e-form-032519.cif,-0.422293907231527,Cs6K3AlSb4,28,
mb-mp-e-form-027744,matbench_mp_e_form,train,<RUNS_ROOT>/official_benchmark_214/matbench_e_form_5fold/fold0/dataset/cifs/mb-mp-e-form-027744.cif,-0.3241135250000004,Sc2TcNi,4,
mb-mp-e-form-011025,matbench_mp_e_form,train,<RUNS_ROOT>/official_benchmark_214/matbench_e_form_5fold/fold0/dataset/cifs/mb-mp-e-form-011025.cif,0.0272403802083336,Mg14TiGa,16,
mb-mp-e-form-063719,matbench_mp_e_form,train,<RUNS_ROOT>/official_benchmark_214/matbench_e_form_5fold/fold0/dataset/cifs/mb-mp-e-form-063719.cif,-1.2801187436433792,CsClO3,10,
mb-mp-e-form-096452,matbench_mp_e_form,train,<RUNS_ROOT>/official_benchmark_214/matbench_e_form_5fold/fold0/dataset/cifs/mb-mp-e-form-096452.cif,-2.326923253571429,LiCoSiO4,28,
mb-mp-e-form-083569,matbench_mp_e_form,train,<RUNS_ROOT>/official_benchmark_214/matbench_e_form_5fold/fold0/dataset/cifs/mb-mp-e-form-083569.cif,-1.955505133375,Li4SbTe2WO12,20,
mb-mp-e-form-090977,matbench_mp_e_form,train,<RUNS_ROOT>/official_benchmark_214/matbench_e_form_5fold/fold0/dataset/cifs/mb-mp-e-form-090977.cif,-2.179938103799019,Ag3B5O9,68,
mb-mp-e-form-052141,matbench_mp_e_form,train,<RUNS_ROOT>/official_benchmark_214/matbench_e_form_5fold/fold0/dataset/cifs/mb-mp-e-form-052141.cif,-0.8541968001960782,Tb4Ge6Ir7,17,
mb-mp-e-form-057808,matbench_mp_e_form,train,<RUNS_ROOT>/official_benchmark_214/matbench_e_form_5fold/fold0/dataset/cifs/mb-mp-e-form-057808.cif,-1.009732504375,CaPmPt2,4,
mb-mp-e-form-071625,matbench_mp_e_form,train,<RUNS_ROOT>/official_benchmark_214/matbench_e_form_5fold/fold0/dataset/cifs/mb-mp-e-form-071625.cif,-1.5876182987500005,Li(BiO2)3,20,
mb-mp-e-form-048776,matbench_mp_e_form,train,<RUNS_ROOT>/official_benchmark_214/matbench_e_form_5fold/fold0/dataset/cifs/mb-mp-e-form-048776.cif,-0.7484688770312514,Tl2GeS3,12,
mb-mp-e-form-039429,matbench_mp_e_form,train,<RUNS_ROOT>/official_benchmark_214/matbench_e_form_5fold/fold0/dataset/cifs/mb-mp-e-form-039429.cif,-0.5530446299999994,La2Mn3FeSi4,10,
mb-mp-e-form-005757,matbench_mp_e_form,train,<RUNS_ROOT>/official_benchmark_214/matbench_e_form_5fold/fold0/dataset/cifs/mb-mp-e-form-005757.cif,0.2805176868749996,GaAs,16,
mb-mp-e-form-006115,matbench_mp_e_form,train,<RUNS_ROOT>/official_benchmark_214/matbench_e_form_5fold/fold0/dataset/cifs/mb-mp-e-form-006115.cif,0.1735283786160715,BaMg14Nb,16,
mb-mp-e-form-011899,matbench_mp_e_form,train,<RUNS_ROOT>/official_benchmark_214/matbench_e_form_5fold/fold0/dataset/cifs/mb-mp-e-form-011899.cif,0.0241605375000002,Dy3Y,4,
mb-mp-e-form-056863,matbench_mp_e_form,train,<RUNS_ROOT>/official_benchmark_214/matbench_e_form_5fold/fold0/dataset/cifs/mb-mp-e-form-056863.cif,-0.9715433244230766,Zn(CrS2)4,13,
mb-mp-e-form-087154,matbench_mp_e_form,train,<RUNS_ROOT>/official_benchmark_214/matbench_e_form_5fold/fold0/dataset/cifs/mb-mp-e-form-087154.cif,-2.084920108550586,Co2BP3(H3O7)2,104,
mb-mp-e-form-131428,matbench_mp_e_form,train,<RUNS_ROOT>/official_benchmark_214/matbench_e_form_5fold/fold0/dataset/cifs/mb-mp-e-form-131428.cif,-3.688678277559167,TiF3,8,
mb-mp-e-form-092528,matbench_mp_e_form,train,<RUNS_ROOT>/official_benchmark_214/matbench_e_form_5fold/fold0/dataset/cifs/mb-mp-e-form-092528.cif,-2.21781527556,Li8MnO5F,15,
mb-mp-e-form-123315,matbench_mp_e_form,train,<RUNS_ROOT>/official_benchmark_214/matbench_e_form_5fold/fold0/dataset/cifs/mb-mp-e-form-123315.cif,-3.0481894874942856,La4Mn5(Si2O11)2,35,
mb-mp-e-form-084374,matbench_mp_e_form,train,<RUNS_ROOT>/official_benchmark_214/matbench_e_form_5fold/fold0/dataset/cifs/mb-mp-e-form-084374.cif,-1.9729224508925007,CoPtF6,8,
mb-mp-e-form-052058,matbench_mp_e_form,train,<RUNS_ROOT>/official_benchmark_214/matbench_e_form_5fold/fold0/dataset/cifs/mb-mp-e-form-052058.cif,-0.8521390884293822,LiCrP2S7,11,
mb-mp-e-form-007143,matbench_mp_e_form,train,<RUNS_ROOT>/official_benchmark_214/matbench_e_form_5fold/fold0/dataset/cifs/mb-mp-e-form-007143.cif,0.1476381735937502,Mg14ZnW,16,
mb-mp-e-form-064964,matbench_mp_e_form,train,<RUNS_ROOT>/official_benchmark_214/matbench_e_form_5fold/fold0/dataset/cifs/mb-mp-e-form-064964.cif,-1.3592732385999995,K2LiYI6,10,
mb-mp-e-form-036670,matbench_mp_e_form,train,<RUNS_ROOT>/official_benchmark_214/matbench_e_form_5fold/fold0/dataset/cifs/mb-mp-e-form-036670.cif,-0.4943488711488968,Ta2Tl4Se11,34,
mb-mp-e-form-012116,matbench_mp_e_form,train,<RUNS_ROOT>/official_benchmark_214/matbench_e_form_5fold/fold0/dataset/cifs/mb-mp-e-form-012116.cif,0.0068227275000003,O2,8,
mb-mp-e-form-034116,matbench_mp_e_form,train,<RUNS_ROOT>/official_benchmark_214/matbench_e_form_5fold/fold0/dataset/cifs/mb-mp-e-form-034116.cif,-0.4587751093750007,Ta2ReTc,4,
mb-mp-e-form-089637,matbench_mp_e_form,train,<RUNS_ROOT>/official_benchmark_214/matbench_e_form_5fold/fold0/dataset/cifs/mb-mp-e-form-089637.cif,-2.1410343641186658,Ti2N2O,40,
mb-mp-e-form-012695,matbench_mp_e_form,train,<RUNS_ROOT>/official_benchmark_214/matbench_e_form_5fold/fold0/dataset/cifs/mb-mp-e-form-012695.cif,0.0032367382795697,Na2B29,31,
mb-mp-e-form-077268,matbench_mp_e_form,train,<RUNS_ROOT>/official_benchmark_214/matbench_e_form_5fold/fold0/dataset/cifs/mb-mp-e-form-077268.cif,-1.810187984910714,La(ErSe2)2,14,
mb-mp-e-form-053772,matbench_mp_e_form,train,<RUNS_ROOT>/official_benchmark_214/matbench_e_form_5fold/fold0/dataset/cifs/mb-mp-e-form-053772.cif,-0.8977455203733328,H9PtN2ClO2,60,
mb-mp-e-form-061806,matbench_mp_e_form,train,<RUNS_ROOT>/official_benchmark_214/matbench_e_form_5fold/fold0/dataset/cifs/mb-mp-e-form-061806.cif,-1.1645585011111104,Co5SnO12,18,
mb-mp-e-form-047616,matbench_mp_e_form,train,<RUNS_ROOT>/official_benchmark_214/matbench_e_form_5fold/fold0/dataset/cifs/mb-mp-e-form-047616.cif,-0.7065919467968751,ZnSe,4,
mb-mp-e-form-112009,matbench_mp_e_form,train,<RUNS_ROOT>/official_benchmark_214/matbench_e_form_5fold/fold0/dataset/cifs/mb-mp-e-form-112009.cif,-2.68846403275,Sr2ZnWO6,40,
mb-mp-e-form-125969,matbench_mp_e_form,train,<RUNS_ROOT>/official_benchmark_214/matbench_e_form_5fold/fold0/dataset/cifs/mb-mp-e-form-125969.cif,-3.2093425903656474,Ba5P3O13,42,
mb-mp-e-form-030151,matbench_mp_e_form,train,<RUNS_ROOT>/official_benchmark_214/matbench_e_form_5fold/fold0/dataset/cifs/mb-mp-e-form-030151.cif,-0.3869918216666667,Tb8Rh5C12,25,
mb-mp-e-form-101953,matbench_mp_e_form,train,<RUNS_ROOT>/official_benchmark_214/matbench_e_form_5fold/fold0/dataset/cifs/mb-mp-e-form-101953.cif,-2.460827800104168,Tm2S3,30,
mb-mp-e-form-119673,matbench_mp_e_form,train,<RUNS_ROOT>/official_benchmark_214/matbench_e_form_5fold/fold0/dataset/cifs/mb-mp-e-form-119673.cif,-2.9022787034533324,LiMnF4,12,
mb-mp-e-form-109533,matbench_mp_e_form,train,<RUNS_ROOT>/official_benchmark_214/matbench_e_form_5fold/fold0/dataset/cifs/mb-mp-e-form-109533.cif,-2.60364858909864,LiVFe(P2O7)2,84,
mb-mp-e-form-084429,matbench_mp_e_form,train,<RUNS_ROOT>/official_benchmark_214/matbench_e_form_5fold/fold0/dataset/cifs/mb-mp-e-form-084429.cif,-1.9800753395238104,Zn2GeO4,42,
mb-mp-e-form-095841,matbench_mp_e_form,train,<RUNS_ROOT>/official_benchmark_214/matbench_e_form_5fold/fold0/dataset/cifs/mb-mp-e-form-095841.cif,-2.309782666313125,BaCuSF,8,
mb-mp-e-form-038577,matbench_mp_e_form,train,<RUNS_ROOT>/official_benchmark_214/matbench_e_form_5fold/fold0/dataset/cifs/mb-mp-e-form-038577.cif,-0.5362730124999997,SnPd,8,
mb-mp-e-form-062351,matbench_mp_e_form,train,<RUNS_ROOT>/official_benchmark_214/matbench_e_form_5fold/fold0/dataset/cifs/mb-mp-e-form-062351.cif,-1.2199664299375002,Ba10Ge7O3,20,
mb-mp-e-form-004540,matbench_mp_e_form,train,<RUNS_ROOT>/official_benchmark_214/matbench_e_form_5fold/fold0/dataset/cifs/mb-mp-e-form-004540.cif,0.4169796835069448,CuB5,96,
mb-mp-e-form-125177,matbench_mp_e_form,train,<RUNS_ROOT>/official_benchmark_214/matbench_e_form_5fold/fold0/dataset/cifs/mb-mp-e-form-125177.cif,-3.123541216608667,LuMnO3,30,
mb-mp-e-form-075536,matbench_mp_e_form,train,<RUNS_ROOT>/official_benchmark_214/matbench_e_form_5fold/fold0/dataset/cifs/mb-mp-e-form-075536.cif,-1.7458615847077776,VCuHPbO5,36,
mb-mp-e-form-032362,matbench_mp_e_form,train,<RUNS_ROOT>/official_benchmark_214/matbench_e_form_5fold/fold0/dataset/cifs/mb-mp-e-form-032362.cif,-0.4190050490909091,Ti3Cr3Si5,22,
mb-mp-e-form-058968,matbench_mp_e_form,train,<RUNS_ROOT>/official_benchmark_214/matbench_e_form_5fold/fold0/dataset/cifs/mb-mp-e-form-058968.cif,-1.0849749757291665,CeSe2,12,
mb-mp-e-form-120959,matbench_mp_e_form,train,<RUNS_ROOT>/official_benchmark_214/matbench_e_form_5fold/fold0/dataset/cifs/mb-mp-e-form-120959.cif,-2.952971749945055,SrMgCr(PO4)2,26,
mb-mp-e-form-027010,matbench_mp_e_form,train,<RUNS_ROOT>/official_benchmark_214/matbench_e_form_5fold/fold0/dataset/cifs/mb-mp-e-form-027010.cif,-0.3344447107692299,Lu(MnAl2)4,13,
mb-mp-e-form-044792,matbench_mp_e_form,train,<RUNS_ROOT>/official_benchmark_214/matbench_e_form_5fold/fold0/dataset/cifs/mb-mp-e-form-044792.cif,-0.6404012408333344,Ti2CoIr,4,
mb-mp-e-form-056138,matbench_mp_e_form,train,<RUNS_ROOT>/official_benchmark_214/matbench_e_form_5fold/fold0/dataset/cifs/mb-mp-e-form-056138.cif,-0.9963605665768,MgMn2As2(PbO9)2,25,
mb-mp-e-form-015521,matbench_mp_e_form,train,<RUNS_ROOT>/official_benchmark_214/matbench_e_form_5fold/fold0/dataset/cifs/mb-mp-e-form-015521.cif,-0.0674942520000001,Fe4Si,5,
mb-mp-e-form-058147,matbench_mp_e_form,train,<RUNS_ROOT>/official_benchmark_214/matbench_e_form_5fold/fold0/dataset/cifs/mb-mp-e-form-058147.cif,-1.0480700413660713,LiAl(PS3)2,20,
mb-mp-e-form-013708,matbench_mp_e_form,train,<RUNS_ROOT>/official_benchmark_214/matbench_e_form_5fold/fold0/dataset/cifs/mb-mp-e-form-013708.cif,-0.0234534080952371,Cr3Ga4,21,
mb-mp-e-form-104552,matbench_mp_e_form,train,<RUNS_ROOT>/official_benchmark_214/matbench_e_form_5fold/fold0/dataset/cifs/mb-mp-e-form-104552.cif,-2.494062850306123,LiFePO4,14,
mb-mp-e-form-081180,matbench_mp_e_form,train,<RUNS_ROOT>/official_benchmark_214/matbench_e_form_5fold/fold0/dataset/cifs/mb-mp-e-form-081180.cif,-1.883086211329828,Zn3P2(H2O3)4,100,
mb-mp-e-form-015881,matbench_mp_e_form,train,<RUNS_ROOT>/official_benchmark_214/matbench_e_form_5fold/fold0/dataset/cifs/mb-mp-e-form-015881.cif,-0.0607967981250001,SmMg2Sc,4,
mb-mp-e-form-110085,matbench_mp_e_form,train,<RUNS_ROOT>/official_benchmark_214/matbench_e_form_5fold/fold0/dataset/cifs/mb-mp-e-form-110085.cif,-2.621079872678572,DyWO5,28,
mb-mp-e-form-041644,matbench_mp_e_form,train,<RUNS_ROOT>/official_benchmark_214/matbench_e_form_5fold/fold0/dataset/cifs/mb-mp-e-form-041644.cif,-0.5928671967500001,Tl3BiI6,40,
mb-mp-e-form-076070,matbench_mp_e_form,train,<RUNS_ROOT>/official_benchmark_214/matbench_e_form_5fold/fold0/dataset/cifs/mb-mp-e-form-076070.cif,-1.7753309780677775,KLi2(HO)3,18,
mb-mp-e-form-005842,matbench_mp_e_form,train,<RUNS_ROOT>/official_benchmark_214/matbench_e_form_5fold/fold0/dataset/cifs/mb-mp-e-form-005842.cif,0.2316379700000004,Ge,2,
mb-mp-e-form-036250,matbench_mp_e_form,train,<RUNS_ROOT>/official_benchmark_214/matbench_e_form_5fold/fold0/dataset/cifs/mb-mp-e-form-036250.cif,-0.4843068415034404,TiH19C6N3Cl2,124,
mb-mp-e-form-029539,matbench_mp_e_form,train,<RUNS_ROOT>/official_benchmark_214/matbench_e_form_5fold/fold0/dataset/cifs/mb-mp-e-form-029539.cif,-0.3629170257499993,CeRh3C,5,
mb-mp-e-form-132616,matbench_mp_e_form,train,<RUNS_ROOT>/official_benchmark_214/matbench_e_form_5fold/fold0/dataset/cifs/mb-mp-e-form-132616.cif,-3.9080862806875,Sm11Y5O24,40,
mb-mp-e-form-071273,matbench_mp_e_form,train,<RUNS_ROOT>/official_benchmark_214/matbench_e_form_5fold/fold0/dataset/cifs/mb-mp-e-form-071273.cif,-1.5870638011718752,LiNdSe2,4,
mb-mp-e-form-063967,matbench_mp_e_form,train,<RUNS_ROOT>/official_benchmark_214/matbench_e_form_5fold/fold0/dataset/cifs/mb-mp-e-form-063967.cif,-1.3023074004,K3GaBr6,10,
mb-mp-e-form-028926,matbench_mp_e_form,train,<RUNS_ROOT>/official_benchmark_214/matbench_e_form_5fold/fold0/dataset/cifs/mb-mp-e-form-028926.cif,-0.3715149474600008,LiRuN,12,
mb-mp-e-form-104509,matbench_mp_e_form,train,<RUNS_ROOT>/official_benchmark_214/matbench_e_form_5fold/fold0/dataset/cifs/mb-mp-e-form-104509.cif,-2.490422213743809,Mn2VFe3(PO4)6,36,
mb-mp-e-form-025316,matbench_mp_e_form,train,<RUNS_ROOT>/official_benchmark_214/matbench_e_form_5fold/fold0/dataset/cifs/mb-mp-e-form-025316.cif,-0.2914209091666666,Ce3Co8Si,24,
mb-mp-e-form-065567,matbench_mp_e_form,train,<RUNS_ROOT>/official_benchmark_214/matbench_e_form_5fold/fold0/dataset/cifs/mb-mp-e-form-065567.cif,-1.3611008027213547,Nd3CuSiSe7,24,
mb-mp-e-form-096599,matbench_mp_e_form,train,<RUNS_ROOT>/official_benchmark_214/matbench_e_form_5fold/fold0/dataset/cifs/mb-mp-e-form-096599.cif,-2.3146195298956043,K3ZnPCO7,26,
mb-mp-e-form-127096,matbench_mp_e_form,train,<RUNS_ROOT>/official_benchmark_214/matbench_e_form_5fold/fold0/dataset/cifs/mb-mp-e-form-127096.cif,-3.268218494324732,Ca4Mg4P4O17F3,32,
mb-mp-e-form-116376,matbench_mp_e_form,train,<RUNS_ROOT>/official_benchmark_214/matbench_e_form_5fold/fold0/dataset/cifs/mb-mp-e-form-116376.cif,-2.789424217466122,Ba9Sm6Cl34,49,
mb-mp-e-form-105490,matbench_mp_e_form,train,<RUNS_ROOT>/official_benchmark_214/matbench_e_form_5fold/fold0/dataset/cifs/mb-mp-e-form-105490.cif,-2.5266958264484125,LiFe(PO3)4,72,
mb-mp-e-form-017059,matbench_mp_e_form,train,<RUNS_ROOT>/official_benchmark_214/matbench_e_form_5fold/fold0/dataset/cifs/mb-mp-e-form-017059.cif,-0.1209384242088881,KOsBr4NO2,18,
mb-mp-e-form-002613,matbench_mp_e_form,train,<RUNS_ROOT>/official_benchmark_214/matbench_e_form_5fold/fold0/dataset/cifs/mb-mp-e-form-002613.cif,0.7220800490000002,U4Fe,10,
mb-mp-e-form-040058,matbench_mp_e_form,train,<RUNS_ROOT>/official_benchmark_214/matbench_e_form_5fold/fold0/dataset/cifs/mb-mp-e-form-040058.cif,-0.5613581812499993,Tb3Ir,16,
mb-mp-e-form-032559,matbench_mp_e_form,train,<RUNS_ROOT>/official_benchmark_214/matbench_e_form_5fold/fold0/dataset/cifs/mb-mp-e-form-032559.cif,-0.4169151831250002,PrCr2Si2C,6,
mb-mp-e-form-019292,matbench_mp_e_form,train,<RUNS_ROOT>/official_benchmark_214/matbench_e_form_5fold/fold0/dataset/cifs/mb-mp-e-form-019292.cif,-0.1774145260714288,ZnGeP2,4,
mb-mp-e-form-052514,matbench_mp_e_form,train,<RUNS_ROOT>/official_benchmark_214/matbench_e_form_5fold/fold0/dataset/cifs/mb-mp-e-form-052514.cif,-0.8538344210714277,Ce3(GeRh)2,28,
mb-mp-e-form-019619,matbench_mp_e_form,train,<RUNS_ROOT>/official_benchmark_214/matbench_e_form_5fold/fold0/dataset/cifs/mb-mp-e-form-019619.cif,-0.1748194053124999,Ca4Ni3C5,12,
mb-mp-e-form-011713,matbench_mp_e_form,train,<RUNS_ROOT>/official_benchmark_214/matbench_e_form_5fold/fold0/dataset/cifs/mb-mp-e-form-011713.cif,0.0157890250000001,UIn3,4,
mb-mp-e-form-027234,matbench_mp_e_form,train,<RUNS_ROOT>/official_benchmark_214/matbench_e_form_5fold/fold0/dataset/cifs/mb-mp-e-form-027234.cif,-0.3245596757499996,UMn2SiC,10,
mb-mp-e-form-066050,matbench_mp_e_form,train,<RUNS_ROOT>/official_benchmark_214/matbench_e_form_5fold/fold0/dataset/cifs/mb-mp-e-form-066050.cif,-1.4078258429110413,LaH2SNO7,48,
mb-mp-e-form-078713,matbench_mp_e_form,train,<RUNS_ROOT>/official_benchmark_214/matbench_e_form_5fold/fold0/dataset/cifs/mb-mp-e-form-078713.cif,-1.8327064568750009,Li3Fe4CuO8,16,
mb-mp-e-form-086995,matbench_mp_e_form,train,<RUNS_ROOT>/official_benchmark_214/matbench_e_form_5fold/fold0/dataset/cifs/mb-mp-e-form-086995.cif,-2.068129897278647,TiSO6,32,
mb-mp-e-form-043646,matbench_mp_e_form,train,<RUNS_ROOT>/official_benchmark_214/matbench_e_form_5fold/fold0/dataset/cifs/mb-mp-e-form-043646.cif,-0.6275569191666671,ScNiSn,12,
mb-mp-e-form-028633,matbench_mp_e_form,train,<RUNS_ROOT>/official_benchmark_214/matbench_e_form_5fold/fold0/dataset/cifs/mb-mp-e-form-028633.cif,-0.3559443850000008,ZrAlCu2,4,
mb-mp-e-form-025965,matbench_mp_e_form,train,<RUNS_ROOT>/official_benchmark_214/matbench_e_form_5fold/fold0/dataset/cifs/mb-mp-e-form-025965.cif,-0.3156639328571436,Cr(Te2Rh)2,7,
mb-mp-e-form-114217,matbench_mp_e_form,train,<RUNS_ROOT>/official_benchmark_214/matbench_e_form_5fold/fold0/dataset/cifs/mb-mp-e-form-114217.cif,-2.7357141333504003,Li2MgZr2H4(OF3)4,25,
mb-mp-e-form-071098,matbench_mp_e_form,train,<RUNS_ROOT>/official_benchmark_214/matbench_e_form_5fold/fold0/dataset/cifs/mb-mp-e-form-071098.cif,-1.6022388215104173,Ba2InAgS4,32,
mb-mp-e-form-096556,matbench_mp_e_form,train,<RUNS_ROOT>/official_benchmark_214/matbench_e_form_5fold/fold0/dataset/cifs/mb-mp-e-form-096556.cif,-2.3310033701648343,Na5LiFe2P2(CO7)2,26,
mb-mp-e-form-102755,matbench_mp_e_form,train,<RUNS_ROOT>/official_benchmark_214/matbench_e_form_5fold/fold0/dataset/cifs/mb-mp-e-form-102755.cif,-2.466954832437501,Ce(YS2)3,20,
mb-mp-e-form-046096,matbench_mp_e_form,train,<RUNS_ROOT>/official_benchmark_214/matbench_e_form_5fold/fold0/dataset/cifs/mb-mp-e-form-046096.cif,-0.7016928812499996,CaSbPd2,4,
mb-mp-e-form-099208,matbench_mp_e_form,train,<RUNS_ROOT>/official_benchmark_214/matbench_e_form_5fold/fold0/dataset/cifs/mb-mp-e-form-099208.cif,-2.398913829621848,Fe(PO3)4,34,
mb-mp-e-form-016857,matbench_mp_e_form,train,<RUNS_ROOT>/official_benchmark_214/matbench_e_form_5fold/fold0/dataset/cifs/mb-mp-e-form-016857.cif,-0.0910529999999996,MgCu,4,
mb-mp-e-form-121561,matbench_mp_e_form,train,<RUNS_ROOT>/official_benchmark_214/matbench_e_form_5fold/fold0/dataset/cifs/mb-mp-e-form-121561.cif,-2.96871739068,Li2CrF4,28,
mb-mp-e-form-084559,matbench_mp_e_form,train,<RUNS_ROOT>/official_benchmark_214/matbench_e_form_5fold/fold0/dataset/cifs/mb-mp-e-form-084559.cif,-1.9908328747959192,Li2NbCo3O8,28,
mb-mp-e-form-022716,matbench_mp_e_form,train,<RUNS_ROOT>/official_benchmark_214/matbench_e_form_5fold/fold0/dataset/cifs/mb-mp-e-form-022716.cif,-0.2415233482558134,Sm26Ga6Co11,86,
mb-mp-e-form-067206,matbench_mp_e_form,train,<RUNS_ROOT>/official_benchmark_214/matbench_e_form_5fold/fold0/dataset/cifs/mb-mp-e-form-067206.cif,-1.4559591234482758,Rb3MnBr5,18,
mb-mp-e-form-087571,matbench_mp_e_form,train,<RUNS_ROOT>/official_benchmark_214/matbench_e_form_5fold/fold0/dataset/cifs/mb-mp-e-form-087571.cif,-2.084077063030302,Li11Cr3Fe3O16,33,
mb-mp-e-form-123227,matbench_mp_e_form,train,<RUNS_ROOT>/official_benchmark_214/matbench_e_form_5fold/fold0/dataset/cifs/mb-mp-e-form-123227.cif,-3.068250382094156,NaCeP2O7,44,
mb-mp-e-form-071482,matbench_mp_e_form,train,<RUNS_ROOT>/official_benchmark_214/matbench_e_form_5fold/fold0/dataset/cifs/mb-mp-e-form-071482.cif,-1.6032726855263153,Ba(RuO2)6,76,
mb-mp-e-form-109498,matbench_mp_e_form,train,<RUNS_ROOT>/official_benchmark_214/matbench_e_form_5fold/fold0/dataset/cifs/mb-mp-e-form-109498.cif,-2.59413112304889,V3O5F,18,
mb-mp-e-form-086167,matbench_mp_e_form,train,<RUNS_ROOT>/official_benchmark_214/matbench_e_form_5fold/fold0/dataset/cifs/mb-mp-e-form-086167.cif,-2.047706865757273,FeNiAg2F7,22,
mb-mp-e-form-064299,matbench_mp_e_form,train,<RUNS_ROOT>/official_benchmark_214/matbench_e_form_5fold/fold0/dataset/cifs/mb-mp-e-form-064299.cif,-1.299463660884285,AlCuO4F,14,
mb-mp-e-form-020171,matbench_mp_e_form,train,<RUNS_ROOT>/official_benchmark_214/matbench_e_form_5fold/fold0/dataset/cifs/mb-mp-e-form-020171.cif,-0.194219449306999,SnH6C4(SN)2,30,
mb-mp-e-form-050775,matbench_mp_e_form,train,<RUNS_ROOT>/official_benchmark_214/matbench_e_form_5fold/fold0/dataset/cifs/mb-mp-e-form-050775.cif,-0.8048076137211113,NaH2BrO5,36,
mb-mp-e-form-042027,matbench_mp_e_form,train,<RUNS_ROOT>/official_benchmark_214/matbench_e_form_5fold/fold0/dataset/cifs/mb-mp-e-form-042027.cif,-0.6002955758333334,Na2YbCdSb2,12,
mb-mp-e-form-008771,matbench_mp_e_form,train,<RUNS_ROOT>/official_benchmark_214/matbench_e_form_5fold/fold0/dataset/cifs/mb-mp-e-form-008771.cif,0.1049706806666677,Cr8Co7,30,
mb-mp-e-form-055999,matbench_mp_e_form,train,<RUNS_ROOT>/official_benchmark_214/matbench_e_form_5fold/fold0/dataset/cifs/mb-mp-e-form-055999.cif,-0.9685828791666676,Bi(Mo3S4)2,15,
mb-mp-e-form-028195,matbench_mp_e_form,train,<RUNS_ROOT>/official_benchmark_214/matbench_e_form_5fold/fold0/dataset/cifs/mb-mp-e-form-028195.cif,-0.3520963841771427,ZnTe(H2N)4,56,
mb-mp-e-form-079114,matbench_mp_e_form,train,<RUNS_ROOT>/official_benchmark_214/matbench_e_form_5fold/fold0/dataset/cifs/mb-mp-e-form-079114.cif,-1.85230316631,Li9Mn2Co5O16,32,
mb-mp-e-form-101022,matbench_mp_e_form,train,<RUNS_ROOT>/official_benchmark_214/matbench_e_form_5fold/fold0/dataset/cifs/mb-mp-e-form-101022.cif,-2.4327588767861745,Mg3H2(SO5)2,68,
mb-mp-e-form-124156,matbench_mp_e_form,train,<RUNS_ROOT>/official_benchmark_214/matbench_e_form_5fold/fold0/dataset/cifs/mb-mp-e-form-124156.cif,-3.081803654218749,Ca4ZrTi3(GeO5)4,32,
mb-mp-e-form-100449,matbench_mp_e_form,train,<RUNS_ROOT>/official_benchmark_214/matbench_e_form_5fold/fold0/dataset/cifs/mb-mp-e-form-100449.cif,-2.421340374668094,Li2VFeP2(HO5)2,54,
mb-mp-e-form-005856,matbench_mp_e_form,train,<RUNS_ROOT>/official_benchmark_214/matbench_e_form_5fold/fold0/dataset/cifs/mb-mp-e-form-005856.cif,0.2298072687500001,ZnCr3,4,
mb-mp-e-form-006621,matbench_mp_e_form,train,<RUNS_ROOT>/official_benchmark_214/matbench_e_form_5fold/fold0/dataset/cifs/mb-mp-e-form-006621.cif,0.1893605162499998,Yb3Sc,8,
mb-mp-e-form-105539,matbench_mp_e_form,train,<RUNS_ROOT>/official_benchmark_214/matbench_e_form_5fold/fold0/dataset/cifs/mb-mp-e-form-105539.cif,-2.524905533220001,LiFe3OF5,20,
mb-mp-e-form-108490,matbench_mp_e_form,train,<RUNS_ROOT>/official_benchmark_214/matbench_e_form_5fold/fold0/dataset/cifs/mb-mp-e-form-108490.cif,-2.584601559298471,LiV(PO3)3,56,
mb-mp-e-form-104566,matbench_mp_e_form,train,<RUNS_ROOT>/official_benchmark_214/matbench_e_form_5fold/fold0/dataset/cifs/mb-mp-e-form-104566.cif,-2.506495481346154,Li3CrSiCO7,26,
mb-mp-e-form-029711,matbench_mp_e_form,train,<RUNS_ROOT>/official_benchmark_214/matbench_e_form_5fold/fold0/dataset/cifs/mb-mp-e-form-029711.cif,-0.359141273333333,InCuPt2,4,
mb-mp-e-form-009479,matbench_mp_e_form,train,<RUNS_ROOT>/official_benchmark_214/matbench_e_form_5fold/fold0/dataset/cifs/mb-mp-e-form-009479.cif,0.0745180399999998,LiYb3,4,
mb-mp-e-form-009882,matbench_mp_e_form,train,<RUNS_ROOT>/official_benchmark_214/matbench_e_form_5fold/fold0/dataset/cifs/mb-mp-e-form-009882.cif,0.0710428509913791,Rb3Na,4,
mb-mp-e-form-053584,matbench_mp_e_form,train,<RUNS_ROOT>/official_benchmark_214/matbench_e_form_5fold/fold0/dataset/cifs/mb-mp-e-form-053584.cif,-0.8832147079999999,Ce(SiRu)2,5,
mb-mp-e-form-040795,matbench_mp_e_form,train,<RUNS_ROOT>/official_benchmark_214/matbench_e_form_5fold/fold0/dataset/cifs/mb-mp-e-form-040795.cif,-0.5668090818749998,NdGa3,8,
mb-mp-e-form-020861,matbench_mp_e_form,train,<RUNS_ROOT>/official_benchmark_214/matbench_e_form_5fold/fold0/dataset/cifs/mb-mp-e-form-020861.cif,-0.2031502333333333,USiAu,3,
mb-mp-e-form-079218,matbench_mp_e_form,train,<RUNS_ROOT>/official_benchmark_214/matbench_e_form_5fold/fold0/dataset/cifs/mb-mp-e-form-079218.cif,-1.8536504109974992,Li9Mn2Co5O16,32,
mb-mp-e-form-072430,matbench_mp_e_form,train,<RUNS_ROOT>/official_benchmark_214/matbench_e_form_5fold/fold0/dataset/cifs/mb-mp-e-form-072430.cif,-1.6178616681261382,Cs3ClO,20,
mb-mp-e-form-002102,matbench_mp_e_form,train,<RUNS_ROOT>/official_benchmark_214/matbench_e_form_5fold/fold0/dataset/cifs/mb-mp-e-form-002102.cif,0.90558705625,Ba2NaPb,4,
mb-mp-e-form-019354,matbench_mp_e_form,train,<RUNS_ROOT>/official_benchmark_214/matbench_e_form_5fold/fold0/dataset/cifs/mb-mp-e-form-019354.cif,-0.1686324012499997,SmDyC4,6,
mb-mp-e-form-028539,matbench_mp_e_form,train,<RUNS_ROOT>/official_benchmark_214/matbench_e_form_5fold/fold0/dataset/cifs/mb-mp-e-form-028539.cif,-0.3536842279999998,CaGa4,5,
mb-mp-e-form-056976,matbench_mp_e_form,train,<RUNS_ROOT>/official_benchmark_214/matbench_e_form_5fold/fold0/dataset/cifs/mb-mp-e-form-056976.cif,-1.022491484464286,Zn(GaS2)2,7,
mb-mp-e-form-108301,matbench_mp_e_form,train,<RUNS_ROOT>/official_benchmark_214/matbench_e_form_5fold/fold0/dataset/cifs/mb-mp-e-form-108301.cif,-2.575786496,Sr2ZnReO6,20,
mb-mp-e-form-098270,matbench_mp_e_form,train,<RUNS_ROOT>/official_benchmark_214/matbench_e_form_5fold/fold0/dataset/cifs/mb-mp-e-form-098270.cif,-2.3750170076449835,RbV2CrO7,22,
mb-mp-e-form-046381,matbench_mp_e_form,train,<RUNS_ROOT>/official_benchmark_214/matbench_e_form_5fold/fold0/dataset/cifs/mb-mp-e-form-046381.cif,-0.703657008720238,TiCrCuSe4,14,
mb-mp-e-form-114689,matbench_mp_e_form,train,<RUNS_ROOT>/official_benchmark_214/matbench_e_form_5fold/fold0/dataset/cifs/mb-mp-e-form-114689.cif,-2.745722144416668,LiTiV2O6,10,
mb-mp-e-form-109511,matbench_mp_e_form,train,<RUNS_ROOT>/official_benchmark_214/matbench_e_form_5fold/fold0/dataset/cifs/mb-mp-e-form-109511.cif,-2.6050101179538774,LiMnV(P2O7)2,21,
mb-mp-e-form-021811,matbench_mp_e_form,train,<RUNS_ROOT>/official_benchmark_214/matbench_e_form_5fold/fold0/dataset/cifs/mb-mp-e-form-021811.cif,-0.2204050013541667,Fe2S,21,
mb-mp-e-form-128118,matbench_mp_e_form,train,<RUNS_ROOT>/official_benchmark_214/matbench_e_form_5fold/fold0/dataset/cifs/mb-mp-e-form-128118.cif,-3.341242932453846,CaAl2F10,13,
mb-mp-e-form-132198,matbench_mp_e_form,train,<RUNS_ROOT>/official_benchmark_214/matbench_e_form_5fold/fold0/dataset/cifs/mb-mp-e-form-132198.cif,-4.440404155684167,NdF3,24,
mb-mp-e-form-041109,matbench_mp_e_form,train,<RUNS_ROOT>/official_benchmark_214/matbench_e_form_5fold/fold0/dataset/cifs/mb-mp-e-form-041109.cif,-0.5873404135416669,La3In4Ge,16,
mb-mp-e-form-018812,matbench_mp_e_form,train,<RUNS_ROOT>/official_benchmark_214/matbench_e_form_5fold/fold0/dataset/cifs/mb-mp-e-form-018812.cif,-0.1497019499999989,V3Ni,8,
mb-mp-e-form-124534,matbench_mp_e_form,train,<RUNS_ROOT>/official_benchmark_214/matbench_e_form_5fold/fold0/dataset/cifs/mb-mp-e-form-124534.cif,-3.103505900714286,Gd2CdO4,14,
mb-mp-e-form-029555,matbench_mp_e_form,train,<RUNS_ROOT>/official_benchmark_214/matbench_e_form_5fold/fold0/dataset/cifs/mb-mp-e-form-029555.cif,-0.3670444802150001,UH3,8,
mb-mp-e-form-008128,matbench_mp_e_form,train,<RUNS_ROOT>/official_benchmark_214/matbench_e_form_5fold/fold0/dataset/cifs/mb-mp-e-form-008128.cif,0.1102432543750002,LaMg14Fe,16,
mb-mp-e-form-041620,matbench_mp_e_form,train,<RUNS_ROOT>/official_benchmark_214/matbench_e_form_5fold/fold0/dataset/cifs/mb-mp-e-form-041620.cif,-0.579630912499999,Ta5Si3,16,
mb-mp-e-form-096736,matbench_mp_e_form,train,<RUNS_ROOT>/official_benchmark_214/matbench_e_form_5fold/fold0/dataset/cifs/mb-mp-e-form-096736.cif,-2.311340635274285,CaMn2O4,14,
mb-mp-e-form-097622,matbench_mp_e_form,train,<RUNS_ROOT>/official_benchmark_214/matbench_e_form_5fold/fold0/dataset/cifs/mb-mp-e-form-097622.cif,-2.351165016510989,Na3Li3Fe2P2(CO7)2,52,
mb-mp-e-form-074994,matbench_mp_e_form,train,<RUNS_ROOT>/official_benchmark_214/matbench_e_form_5fold/fold0/dataset/cifs/mb-mp-e-form-074994.cif,-1.7180500577083346,Li7Co5O12,24,
mb-mp-e-form-125704,matbench_mp_e_form,train,<RUNS_ROOT>/official_benchmark_214/matbench_e_form_5fold/fold0/dataset/cifs/mb-mp-e-form-125704.cif,-3.1376963311904755,AlPO4,6,
mb-mp-e-form-009807,matbench_mp_e_form,train,<RUNS_ROOT>/official_benchmark_214/matbench_e_form_5fold/fold0/dataset/cifs/mb-mp-e-form-009807.cif,0.0739202890000001,Mn3Sn2,20,
mb-mp-e-form-106561,matbench_mp_e_form,train,<RUNS_ROOT>/official_benchmark_214/matbench_e_form_5fold/fold0/dataset/cifs/mb-mp-e-form-106561.cif,-2.530462114126044,Mn(PO3)3,78,
mb-mp-e-form-011884,matbench_mp_e_form,train,<RUNS_ROOT>/official_benchmark_214/matbench_e_form_5fold/fold0/dataset/cifs/mb-mp-e-form-011884.cif,0.0257531856249997,SmEr3,4,
mb-mp-e-form-077384,matbench_mp_e_form,train,<RUNS_ROOT>/official_benchmark_214/matbench_e_form_5fold/fold0/dataset/cifs/mb-mp-e-form-077384.cif,-1.7925692190340912,Ba3(CrS3)2,22,
mb-mp-e-form-123590,matbench_mp_e_form,train,<RUNS_ROOT>/official_benchmark_214/matbench_e_form_5fold/fold0/dataset/cifs/mb-mp-e-form-123590.cif,-3.0316470901136365,Y2Ge2O7,44,
mb-mp-e-form-130093,matbench_mp_e_form,train,<RUNS_ROOT>/official_benchmark_214/matbench_e_form_5fold/fold0/dataset/cifs/mb-mp-e-form-130093.cif,-3.563673076428572,SrLaAlO4,7,
mb-mp-e-form-040350,matbench_mp_e_form,train,<RUNS_ROOT>/official_benchmark_214/matbench_e_form_5fold/fold0/dataset/cifs/mb-mp-e-form-040350.cif,-0.5639410291964282,ZnCr4CdSe8,14,
mb-mp-e-form-029545,matbench_mp_e_form,train,<RUNS_ROOT>/official_benchmark_214/matbench_e_form_5fold/fold0/dataset/cifs/mb-mp-e-form-029545.cif,-0.3681318224999996,LiBi,2,
mb-mp-e-form-068763,matbench_mp_e_form,train,<RUNS_ROOT>/official_benchmark_214/matbench_e_form_5fold/fold0/dataset/cifs/mb-mp-e-form-068763.cif,-1.4953351806249993,Bi3IO4,32,
mb-mp-e-form-035487,matbench_mp_e_form,train,<RUNS_ROOT>/official_benchmark_214/matbench_e_form_5fold/fold0/dataset/cifs/mb-mp-e-form-035487.cif,-0.4719529683333323,As2Ir,12,
mb-mp-e-form-125147,matbench_mp_e_form,train,<RUNS_ROOT>/official_benchmark_214/matbench_e_form_5fold/fold0/dataset/cifs/mb-mp-e-form-125147.cif,-3.15572372875,Al3CrO6,10,
mb-mp-e-form-095420,matbench_mp_e_form,train,<RUNS_ROOT>/official_benchmark_214/matbench_e_form_5fold/fold0/dataset/cifs/mb-mp-e-form-095420.cif,-2.2970506194975084,Li3Fe3P8O29,86,
mb-mp-e-form-067201,matbench_mp_e_form,train,<RUNS_ROOT>/official_benchmark_214/matbench_e_form_5fold/fold0/dataset/cifs/mb-mp-e-form-067201.cif,-1.4424483046875003,Sr2TlI5,32,
mb-mp-e-form-031451,matbench_mp_e_form,train,<RUNS_ROOT>/official_benchmark_214/matbench_e_form_5fold/fold0/dataset/cifs/mb-mp-e-form-031451.cif,-0.3971633609375002,Hf3ScGa12,16,
mb-mp-e-form-053682,matbench_mp_e_form,train,<RUNS_ROOT>/official_benchmark_214/matbench_e_form_5fold/fold0/dataset/cifs/mb-mp-e-form-053682.cif,-0.881378538333332,GdNiSb,3,
mb-mp-e-form-107094,matbench_mp_e_form,train,<RUNS_ROOT>/official_benchmark_214/matbench_e_form_5fold/fold0/dataset/cifs/mb-mp-e-form-107094.cif,-2.564616705815972,Ba2Pb(SO4)3,72,
mb-mp-e-form-032020,matbench_mp_e_form,train,<RUNS_ROOT>/official_benchmark_214/matbench_e_form_5fold/fold0/dataset/cifs/mb-mp-e-form-032020.cif,-0.412007761071428,Ni(BW)3,14,
mb-mp-e-form-018687,matbench_mp_e_form,train,<RUNS_ROOT>/official_benchmark_214/matbench_e_form_5fold/fold0/dataset/cifs/mb-mp-e-form-018687.cif,-0.1428440566666668,Sn2Ru,6,
mb-mp-e-form-037470,matbench_mp_e_form,train,<RUNS_ROOT>/official_benchmark_214/matbench_e_form_5fold/fold0/dataset/cifs/mb-mp-e-form-037470.cif,-0.5056655478645832,AsIrSe,12,
mb-mp-e-form-068897,matbench_mp_e_form,train,<RUNS_ROOT>/official_benchmark_214/matbench_e_form_5fold/fold0/dataset/cifs/mb-mp-e-form-068897.cif,-1.5176296724999991,ZnFeO2,16,
mb-mp-e-form-100653,matbench_mp_e_form,train,<RUNS_ROOT>/official_benchmark_214/matbench_e_form_5fold/fold0/dataset/cifs/mb-mp-e-form-100653.cif,-2.420875048839444,Li8MnFe7(BO3)8,48,
mb-mp-e-form-109864,matbench_mp_e_form,train,<RUNS_ROOT>/official_benchmark_214/matbench_e_form_5fold/fold0/dataset/cifs/mb-mp-e-form-109864.cif,-2.6226079812400003,V2O3F,24,
mb-mp-e-form-000143,matbench_mp_e_form,train,<RUNS_ROOT>/official_benchmark_214/matbench_e_form_5fold/fold0/dataset/cifs/mb-mp-e-form-000143.cif,1.7765258224999996,YZn2Pt,4,
mb-mp-e-form-063567,matbench_mp_e_form,train,<RUNS_ROOT>/official_benchmark_214/matbench_e_form_5fold/fold0/dataset/cifs/mb-mp-e-form-063567.cif,-1.246811329799107,Tl2SeO4,28,
mb-mp-e-form-049066,matbench_mp_e_form,train,<RUNS_ROOT>/official_benchmark_214/matbench_e_form_5fold/fold0/dataset/cifs/mb-mp-e-form-049066.cif,-0.7641385637499996,NdAu,2,
mb-mp-e-form-125786,matbench_mp_e_form,train,<RUNS_ROOT>/official_benchmark_214/matbench_e_form_5fold/fold0/dataset/cifs/mb-mp-e-form-125786.cif,-3.220295849429,Ba2MgMn2CuF14,40,
mb-mp-e-form-075382,matbench_mp_e_form,train,<RUNS_ROOT>/official_benchmark_214/matbench_e_form_5fold/fold0/dataset/cifs/mb-mp-e-form-075382.cif,-1.7413161880969834,P(HO)4,72,
mb-mp-e-form-122056,matbench_mp_e_form,train,<RUNS_ROOT>/official_benchmark_214/matbench_e_form_5fold/fold0/dataset/cifs/mb-mp-e-form-122056.cif,-3.02340421619,KNaAl6Si6(HO6)4,168,
mb-mp-e-form-093137,matbench_mp_e_form,train,<RUNS_ROOT>/official_benchmark_214/matbench_e_form_5fold/fold0/dataset/cifs/mb-mp-e-form-093137.cif,-2.2453247901536235,BaFe2P4H4O17,56,
mb-mp-e-form-101863,matbench_mp_e_form,train,<RUNS_ROOT>/official_benchmark_214/matbench_e_form_5fold/fold0/dataset/cifs/mb-mp-e-form-101863.cif,-2.4586471130680687,Cs3SmCl6,10,
mb-mp-e-form-026006,matbench_mp_e_form,train,<RUNS_ROOT>/official_benchmark_214/matbench_e_form_5fold/fold0/dataset/cifs/mb-mp-e-form-026006.cif,-0.3196305833333343,SbTeRu,12,
mb-mp-e-form-054705,matbench_mp_e_form,train,<RUNS_ROOT>/official_benchmark_214/matbench_e_form_5fold/fold0/dataset/cifs/mb-mp-e-form-054705.cif,-0.9285321391666675,EuSnPt,12,
mb-mp-e-form-121310,matbench_mp_e_form,train,<RUNS_ROOT>/official_benchmark_214/matbench_e_form_5fold/fold0/dataset/cifs/mb-mp-e-form-121310.cif,-2.97298418725,Eu(BO2)3,20,
mb-mp-e-form-028003,matbench_mp_e_form,train,<RUNS_ROOT>/official_benchmark_214/matbench_e_form_5fold/fold0/dataset/cifs/mb-mp-e-form-028003.cif,-0.3417255552380953,Tb5Ru2,14,
mb-mp-e-form-060601,matbench_mp_e_form,train,<RUNS_ROOT>/official_benchmark_214/matbench_e_form_5fold/fold0/dataset/cifs/mb-mp-e-form-060601.cif,-1.13997477984375,ZnS,32,
mb-mp-e-form-040782,matbench_mp_e_form,train,<RUNS_ROOT>/official_benchmark_214/matbench_e_form_5fold/fold0/dataset/cifs/mb-mp-e-form-040782.cif,-0.5743696505208327,ScB2C,32,
mb-mp-e-form-056461,matbench_mp_e_form,train,<RUNS_ROOT>/official_benchmark_214/matbench_e_form_5fold/fold0/dataset/cifs/mb-mp-e-form-056461.cif,-0.9746127600000004,LuPd,2,
mb-mp-e-form-036890,matbench_mp_e_form,train,<RUNS_ROOT>/official_benchmark_214/matbench_e_form_5fold/fold0/dataset/cifs/mb-mp-e-form-036890.cif,-0.4808341131249998,AgAuO2,8,
mb-mp-e-form-040091,matbench_mp_e_form,train,<RUNS_ROOT>/official_benchmark_214/matbench_e_form_5fold/fold0/dataset/cifs/mb-mp-e-form-040091.cif,-0.57449856587611,BaC2S2(NO)2,18,
mb-mp-e-form-128922,matbench_mp_e_form,train,<RUNS_ROOT>/official_benchmark_214/matbench_e_form_5fold/fold0/dataset/cifs/mb-mp-e-form-128922.cif,-3.4662595448332865,BaUPO6F,40,
mb-mp-e-form-077418,matbench_mp_e_form,train,<RUNS_ROOT>/official_benchmark_214/matbench_e_form_5fold/fold0/dataset/cifs/mb-mp-e-form-077418.cif,-1.800635695308182,Ni2Hg2OF6,22,
mb-mp-e-form-098763,matbench_mp_e_form,train,<RUNS_ROOT>/official_benchmark_214/matbench_e_form_5fold/fold0/dataset/cifs/mb-mp-e-form-098763.cif,-2.385920595953614,CsPPb(IF3)2,11,
mb-mp-e-form-104169,matbench_mp_e_form,train,<RUNS_ROOT>/official_benchmark_214/matbench_e_form_5fold/fold0/dataset/cifs/mb-mp-e-form-104169.cif,-2.493505404366883,LiSbP2O7,22,
mb-mp-e-form-122689,matbench_mp_e_form,train,<RUNS_ROOT>/official_benchmark_214/matbench_e_form_5fold/fold0/dataset/cifs/mb-mp-e-form-122689.cif,-2.997840260581951,Li11V6O5F19,41,
mb-mp-e-form-015659,matbench_mp_e_form,train,<RUNS_ROOT>/official_benchmark_214/matbench_e_form_5fold/fold0/dataset/cifs/mb-mp-e-form-015659.cif,-0.0575020610379466,P3Se4I,32,
mb-mp-e-form-024891,matbench_mp_e_form,train,<RUNS_ROOT>/official_benchmark_214/matbench_e_form_5fold/fold0/dataset/cifs/mb-mp-e-form-024891.cif,-0.2800958837500005,Be3Ni,8,
mb-mp-e-form-084311,matbench_mp_e_form,train,<RUNS_ROOT>/official_benchmark_214/matbench_e_form_5fold/fold0/dataset/cifs/mb-mp-e-form-084311.cif,-1.989460603003247,Hg2P2O7,22,
mb-mp-e-form-058485,matbench_mp_e_form,train,<RUNS_ROOT>/official_benchmark_214/matbench_e_form_5fold/fold0/dataset/cifs/mb-mp-e-form-058485.cif,-1.0549717403525638,In(IO3)3,26,
mb-mp-e-form-075705,matbench_mp_e_form,train,<RUNS_ROOT>/official_benchmark_214/matbench_e_form_5fold/fold0/dataset/cifs/mb-mp-e-form-075705.cif,-1.7212446964285717,Li2Fe3CoO8,28,
mb-mp-e-form-103802,matbench_mp_e_form,train,<RUNS_ROOT>/official_benchmark_214/matbench_e_form_5fold/fold0/dataset/cifs/mb-mp-e-form-103802.cif,-2.502719598061225,Y4V13Si2(SbO14)2,49,
mb-mp-e-form-016587,matbench_mp_e_form,train,<RUNS_ROOT>/official_benchmark_214/matbench_e_form_5fold/fold0/dataset/cifs/mb-mp-e-form-016587.cif,-0.0905195866666668,TiCu3,8,
mb-mp-e-form-037647,matbench_mp_e_form,train,<RUNS_ROOT>/official_benchmark_214/matbench_e_form_5fold/fold0/dataset/cifs/mb-mp-e-form-037647.cif,-0.5032954091964287,Ga2HgSe4,7,
mb-mp-e-form-019050,matbench_mp_e_form,train,<RUNS_ROOT>/official_benchmark_214/matbench_e_form_5fold/fold0/dataset/cifs/mb-mp-e-form-019050.cif,-0.1795096132638889,CdGaCu3Se4,9,
mb-mp-e-form-015616,matbench_mp_e_form,train,<RUNS_ROOT>/official_benchmark_214/matbench_e_form_5fold/fold0/dataset/cifs/mb-mp-e-form-015616.cif,-0.0806650910000001,Fe2CuGe2,10,
mb-mp-e-form-092742,matbench_mp_e_form,train,<RUNS_ROOT>/official_benchmark_214/matbench_e_form_5fold/fold0/dataset/cifs/mb-mp-e-form-092742.cif,-2.218382904917143,MgMn2O4,28,
mb-mp-e-form-099952,matbench_mp_e_form,train,<RUNS_ROOT>/official_benchmark_214/matbench_e_form_5fold/fold0/dataset/cifs/mb-mp-e-form-099952.cif,-2.418588743442,CaMnO3,20,
mb-mp-e-form-034500,matbench_mp_e_form,train,<RUNS_ROOT>/official_benchmark_214/matbench_e_form_5fold/fold0/dataset/cifs/mb-mp-e-form-034500.cif,-0.461552226807143,K2GaP2,40,
mb-mp-e-form-022783,matbench_mp_e_form,train,<RUNS_ROOT>/official_benchmark_214/matbench_e_form_5fold/fold0/dataset/cifs/mb-mp-e-form-022783.cif,-0.2450464789999998,Pr2CdCu2,10,
mb-mp-e-form-120076,matbench_mp_e_form,train,<RUNS_ROOT>/official_benchmark_214/matbench_e_form_5fold/fold0/dataset/cifs/mb-mp-e-form-120076.cif,-2.949237662,MgSiO3,40,
mb-mp-e-form-012909,matbench_mp_e_form,train,<RUNS_ROOT>/official_benchmark_214/matbench_e_form_5fold/fold0/dataset/cifs/mb-mp-e-form-012909.cif,-0.0175265442857153,ZrB6,7,
mb-mp-e-form-016785,matbench_mp_e_form,train,<RUNS_ROOT>/official_benchmark_214/matbench_e_form_5fold/fold0/dataset/cifs/mb-mp-e-form-016785.cif,-0.0964481588793095,Cr21(WC3)2,29,
mb-mp-e-form-107000,matbench_mp_e_form,train,<RUNS_ROOT>/official_benchmark_214/matbench_e_form_5fold/fold0/dataset/cifs/mb-mp-e-form-107000.cif,-2.551821656845,LiTmF2,16,
mb-mp-e-form-123879,matbench_mp_e_form,train,<RUNS_ROOT>/official_benchmark_214/matbench_e_form_5fold/fold0/dataset/cifs/mb-mp-e-form-123879.cif,-3.0842903278333336,Na12Mg5Al2Si29O72,120,
mb-mp-e-form-114516,matbench_mp_e_form,train,<RUNS_ROOT>/official_benchmark_214/matbench_e_form_5fold/fold0/dataset/cifs/mb-mp-e-form-114516.cif,-2.7290009179545454,Li2Co(SiO3)2,22,
mb-mp-e-form-035266,matbench_mp_e_form,train,<RUNS_ROOT>/official_benchmark_214/matbench_e_form_5fold/fold0/dataset/cifs/mb-mp-e-form-035266.cif,-0.4791755586785712,SmPOs2C,10,
mb-mp-e-form-016366,matbench_mp_e_form,train,<RUNS_ROOT>/official_benchmark_214/matbench_e_form_5fold/fold0/dataset/cifs/mb-mp-e-form-016366.cif,-0.0835483723076934,YV2(FeCo)5,13,
mb-mp-e-form-107689,matbench_mp_e_form,train,<RUNS_ROOT>/official_benchmark_214/matbench_e_form_5fold/fold0/dataset/cifs/mb-mp-e-form-107689.cif,-2.564763962799619,Li5Mn4(P2O7)4,90,
mb-mp-e-form-033109,matbench_mp_e_form,train,<RUNS_ROOT>/official_benchmark_214/matbench_e_form_5fold/fold0/dataset/cifs/mb-mp-e-form-033109.cif,-0.4345283320833331,Pr2TlIn,4,
mb-mp-e-form-103116,matbench_mp_e_form,train,<RUNS_ROOT>/official_benchmark_214/matbench_e_form_5fold/fold0/dataset/cifs/mb-mp-e-form-103116.cif,-2.473726056750001,SrTcO3,5,
mb-mp-e-form-055449,matbench_mp_e_form,train,<RUNS_ROOT>/official_benchmark_214/matbench_e_form_5fold/fold0/dataset/cifs/mb-mp-e-form-055449.cif,-0.9484051510416668,FeS2,6,
mb-mp-e-form-065206,matbench_mp_e_form,train,<RUNS_ROOT>/official_benchmark_214/matbench_e_form_5fold/fold0/dataset/cifs/mb-mp-e-form-065206.cif,-1.3435523228124997,Li2IO,16,
mb-mp-e-form-091507,matbench_mp_e_form,train,<RUNS_ROOT>/official_benchmark_214/matbench_e_form_5fold/fold0/dataset/cifs/mb-mp-e-form-091507.cif,-2.177714451575574,CsMnH4(OF2)2,24,
mb-mp-e-form-070620,matbench_mp_e_form,train,<RUNS_ROOT>/official_benchmark_214/matbench_e_form_5fold/fold0/dataset/cifs/mb-mp-e-form-070620.cif,-1.5528545743000006,Li4(CoO2)7,25,
mb-mp-e-form-118105,matbench_mp_e_form,train,<RUNS_ROOT>/official_benchmark_214/matbench_e_form_5fold/fold0/dataset/cifs/mb-mp-e-form-118105.cif,-2.879832310833333,Y3GeO8,24,
mb-mp-e-form-097763,matbench_mp_e_form,train,<RUNS_ROOT>/official_benchmark_214/matbench_e_form_5fold/fold0/dataset/cifs/mb-mp-e-form-097763.cif,-2.361188768693061,Rb4B2S4O17,108,
mb-mp-e-form-002669,matbench_mp_e_form,train,<RUNS_ROOT>/official_benchmark_214/matbench_e_form_5fold/fold0/dataset/cifs/mb-mp-e-form-002669.cif,0.9583603469642858,Be13W,56,
mb-mp-e-form-051190,matbench_mp_e_form,train,<RUNS_ROOT>/official_benchmark_214/matbench_e_form_5fold/fold0/dataset/cifs/mb-mp-e-form-051190.cif,-0.8157497750187659,AlSiPH9C3NCl6,176,
mb-mp-e-form-122856,matbench_mp_e_form,train,<RUNS_ROOT>/official_benchmark_214/matbench_e_form_5fold/fold0/dataset/cifs/mb-mp-e-form-122856.cif,-3.053078639336531,Nb2O2F3,14,
mb-mp-e-form-052463,matbench_mp_e_form,train,<RUNS_ROOT>/official_benchmark_214/matbench_e_form_5fold/fold0/dataset/cifs/mb-mp-e-form-052463.cif,-0.8571023456718754,K2VAgSe4,16,
mb-mp-e-form-097655,matbench_mp_e_form,train,<RUNS_ROOT>/official_benchmark_214/matbench_e_form_5fold/fold0/dataset/cifs/mb-mp-e-form-097655.cif,-2.3456535947816666,Li2FeO2F,24,
mb-mp-e-form-121776,matbench_mp_e_form,train,<RUNS_ROOT>/official_benchmark_214/matbench_e_form_5fold/fold0/dataset/cifs/mb-mp-e-form-121776.cif,-3.023698287083333,LiMg14TiO16,32,
mb-mp-e-form-072127,matbench_mp_e_form,train,<RUNS_ROOT>/official_benchmark_214/matbench_e_form_5fold/fold0/dataset/cifs/mb-mp-e-form-072127.cif,-1.633302431517858,ThMo2O11,56,
mb-mp-e-form-068826,matbench_mp_e_form,train,<RUNS_ROOT>/official_benchmark_214/matbench_e_form_5fold/fold0/dataset/cifs/mb-mp-e-form-068826.cif,-1.48254828875,AlMoO3,5,
mb-mp-e-form-092047,matbench_mp_e_form,train,<RUNS_ROOT>/official_benchmark_214/matbench_e_form_5fold/fold0/dataset/cifs/mb-mp-e-form-092047.cif,-2.2118930469375,SrHfS3,20,
mb-mp-e-form-008475,matbench_mp_e_form,train,<RUNS_ROOT>/official_benchmark_214/matbench_e_form_5fold/fold0/dataset/cifs/mb-mp-e-form-008475.cif,0.1014179187547505,Ag3S(NO)3,40,
mb-mp-e-form-060246,matbench_mp_e_form,train,<RUNS_ROOT>/official_benchmark_214/matbench_e_form_5fold/fold0/dataset/cifs/mb-mp-e-form-060246.cif,-1.1575617611309528,LiCr4InS8,14,
mb-mp-e-form-060212,matbench_mp_e_form,train,<RUNS_ROOT>/official_benchmark_214/matbench_e_form_5fold/fold0/dataset/cifs/mb-mp-e-form-060212.cif,-1.1227520356321838,Rb2MoBr6,9,
mb-mp-e-form-092330,matbench_mp_e_form,train,<RUNS_ROOT>/official_benchmark_214/matbench_e_form_5fold/fold0/dataset/cifs/mb-mp-e-form-092330.cif,-2.199653336416667,BaRuO3,15,
mb-mp-e-form-073109,matbench_mp_e_form,train,<RUNS_ROOT>/official_benchmark_214/matbench_e_form_5fold/fold0/dataset/cifs/mb-mp-e-form-073109.cif,-1.667388032910749,MnSeO3,40,
mb-mp-e-form-091528,matbench_mp_e_form,train,<RUNS_ROOT>/official_benchmark_214/matbench_e_form_5fold/fold0/dataset/cifs/mb-mp-e-form-091528.cif,-2.1955925018606326,Cs2PrO3,12,
mb-mp-e-form-121325,matbench_mp_e_form,train,<RUNS_ROOT>/official_benchmark_214/matbench_e_form_5fold/fold0/dataset/cifs/mb-mp-e-form-121325.cif,-2.9663409250000004,La2NiO4,7,
mb-mp-e-form-011226,matbench_mp_e_form,train,<RUNS_ROOT>/official_benchmark_214/matbench_e_form_5fold/fold0/dataset/cifs/mb-mp-e-form-011226.cif,0.0223142808333332,YMg,12,
mb-mp-e-form-102184,matbench_mp_e_form,train,<RUNS_ROOT>/official_benchmark_214/matbench_e_form_5fold/fold0/dataset/cifs/mb-mp-e-form-102184.cif,-2.4540293121875,Sm2S3,40,
mb-mp-e-form-091574,matbench_mp_e_form,train,<RUNS_ROOT>/official_benchmark_214/matbench_e_form_5fold/fold0/dataset/cifs/mb-mp-e-form-091574.cif,-2.175449430736624,NaMnPCO7,44,
mb-mp-e-form-024179,matbench_mp_e_form,train,<RUNS_ROOT>/official_benchmark_214/matbench_e_form_5fold/fold0/dataset/cifs/mb-mp-e-form-024179.cif,-0.277002070420167,H7C2SN5,120,
mb-mp-e-form-028701,matbench_mp_e_form,train,<RUNS_ROOT>/official_benchmark_214/matbench_e_form_5fold/fold0/dataset/cifs/mb-mp-e-form-028701.cif,-0.3443986199999997,PrAl3,4,
mb-mp-e-form-029145,matbench_mp_e_form,train,<RUNS_ROOT>/official_benchmark_214/matbench_e_form_5fold/fold0/dataset/cifs/mb-mp-e-form-029145.cif,-0.3646742600000001,Zr3Sn,8,
mb-mp-e-form-103559,matbench_mp_e_form,train,<RUNS_ROOT>/official_benchmark_214/matbench_e_form_5fold/fold0/dataset/cifs/mb-mp-e-form-103559.cif,-2.470877843315217,Li2Cr5B3O13,46,
mb-mp-e-form-119434,matbench_mp_e_form,train,<RUNS_ROOT>/official_benchmark_214/matbench_e_form_5fold/fold0/dataset/cifs/mb-mp-e-form-119434.cif,-2.9035944791841373,RbFeF4,6,
mb-mp-e-form-029405,matbench_mp_e_form,train,<RUNS_ROOT>/official_benchmark_214/matbench_e_form_5fold/fold0/dataset/cifs/mb-mp-e-form-029405.cif,-0.3718038786607143,Hg6S4IBr3,28,
mb-mp-e-form-011661,matbench_mp_e_form,train,<RUNS_ROOT>/official_benchmark_214/matbench_e_form_5fold/fold0/dataset/cifs/mb-mp-e-form-011661.cif,0.0160967274999999,DyEr,2,
mb-mp-e-form-088724,matbench_mp_e_form,train,<RUNS_ROOT>/official_benchmark_214/matbench_e_form_5fold/fold0/dataset/cifs/mb-mp-e-form-088724.cif,-2.098533813719999,LiCo3(OF3)2,24,
mb-mp-e-form-080978,matbench_mp_e_form,train,<RUNS_ROOT>/official_benchmark_214/matbench_e_form_5fold/fold0/dataset/cifs/mb-mp-e-form-080978.cif,-1.897588288205,Li7Mn2(CoO4)3,24,
mb-mp-e-form-031803,matbench_mp_e_form,train,<RUNS_ROOT>/official_benchmark_214/matbench_e_form_5fold/fold0/dataset/cifs/mb-mp-e-form-031803.cif,-0.4018082245833332,Ho2CdIn,4,
mb-mp-e-form-058438,matbench_mp_e_form,train,<RUNS_ROOT>/official_benchmark_214/matbench_e_form_5fold/fold0/dataset/cifs/mb-mp-e-form-058438.cif,-1.06130029192888,Rb2S5,28,
mb-mp-e-form-075580,matbench_mp_e_form,train,<RUNS_ROOT>/official_benchmark_214/matbench_e_form_5fold/fold0/dataset/cifs/mb-mp-e-form-075580.cif,-1.73491617012409,CaRe2H6C(NO5)2,44,
mb-mp-e-form-094519,matbench_mp_e_form,train,<RUNS_ROOT>/official_benchmark_214/matbench_e_form_5fold/fold0/dataset/cifs/mb-mp-e-form-094519.cif,-2.2624960567361114,LiCoBO3,18,
mb-mp-e-form-043659,matbench_mp_e_form,train,<RUNS_ROOT>/official_benchmark_214/matbench_e_form_5fold/fold0/dataset/cifs/mb-mp-e-form-043659.cif,-0.6191619106250001,Tl(CoS)2,5,
mb-mp-e-form-104628,matbench_mp_e_form,train,<RUNS_ROOT>/official_benchmark_214/matbench_e_form_5fold/fold0/dataset/cifs/mb-mp-e-form-104628.cif,-2.499677924489645,Li7Mn8(BO3)8,47,
mb-mp-e-form-097087,matbench_mp_e_form,train,<RUNS_ROOT>/official_benchmark_214/matbench_e_form_5fold/fold0/dataset/cifs/mb-mp-e-form-097087.cif,-2.3361661673697927,Dy4MgS7,12,
mb-mp-e-form-011980,matbench_mp_e_form,train,<RUNS_ROOT>/official_benchmark_214/matbench_e_form_5fold/fold0/dataset/cifs/mb-mp-e-form-011980.cif,0.006966024375,Mg6AlBi,8,
mb-mp-e-form-072367,matbench_mp_e_form,train,<RUNS_ROOT>/official_benchmark_214/matbench_e_form_5fold/fold0/dataset/cifs/mb-mp-e-form-072367.cif,-1.6420994388457135,Mn2CuO4,14,
mb-mp-e-form-014258,matbench_mp_e_form,train,<RUNS_ROOT>/official_benchmark_214/matbench_e_form_5fold/fold0/dataset/cifs/mb-mp-e-form-014258.cif,-0.0319289158620691,Mg17Al11Ga,29,
mb-mp-e-form-089296,matbench_mp_e_form,train,<RUNS_ROOT>/official_benchmark_214/matbench_e_form_5fold/fold0/dataset/cifs/mb-mp-e-form-089296.cif,-2.122833569483282,VBP2H5NO9,76,
mb-mp-e-form-002266,matbench_mp_e_form,train,<RUNS_ROOT>/official_benchmark_214/matbench_e_form_5fold/fold0/dataset/cifs/mb-mp-e-form-002266.cif,0.8988193975000001,NaMg2Cd,4,
mb-mp-e-form-103597,matbench_mp_e_form,train,<RUNS_ROOT>/official_benchmark_214/matbench_e_form_5fold/fold0/dataset/cifs/mb-mp-e-form-103597.cif,-2.477702564152464,Li3Mn4(BO3)4,23,
mb-mp-e-form-115656,matbench_mp_e_form,train,<RUNS_ROOT>/official_benchmark_214/matbench_e_form_5fold/fold0/dataset/cifs/mb-mp-e-form-115656.cif,-2.759448089983333,V6O7F5,18,
mb-mp-e-form-060269,matbench_mp_e_form,train,<RUNS_ROOT>/official_benchmark_214/matbench_e_form_5fold/fold0/dataset/cifs/mb-mp-e-form-060269.cif,-1.130346261822976,CsTb(NbBr3)6,52,
mb-mp-e-form-019355,matbench_mp_e_form,train,<RUNS_ROOT>/official_benchmark_214/matbench_e_form_5fold/fold0/dataset/cifs/mb-mp-e-form-019355.cif,-0.1737245556250002,SmEr(Co2Ni3)2,12,
mb-mp-e-form-118084,matbench_mp_e_form,train,<RUNS_ROOT>/official_benchmark_214/matbench_e_form_5fold/fold0/dataset/cifs/mb-mp-e-form-118084.cif,-2.872970114955,NaSbF6,32,
mb-mp-e-form-071623,matbench_mp_e_form,train,<RUNS_ROOT>/official_benchmark_214/matbench_e_form_5fold/fold0/dataset/cifs/mb-mp-e-form-071623.cif,-1.607914082627316,Li2Ti2S5,18,
mb-mp-e-form-126717,matbench_mp_e_form,train,<RUNS_ROOT>/official_benchmark_214/matbench_e_form_5fold/fold0/dataset/cifs/mb-mp-e-form-126717.cif,-3.228845486904762,LiTi2O4,28,
mb-mp-e-form-040638,matbench_mp_e_form,train,<RUNS_ROOT>/official_benchmark_214/matbench_e_form_5fold/fold0/dataset/cifs/mb-mp-e-form-040638.cif,-0.572087037068453,NiPS,12,
mb-mp-e-form-127976,matbench_mp_e_form,train,<RUNS_ROOT>/official_benchmark_214/matbench_e_form_5fold/fold0/dataset/cifs/mb-mp-e-form-127976.cif,-3.348962782916666,La2TiCoO6,20,
mb-mp-e-form-074584,matbench_mp_e_form,train,<RUNS_ROOT>/official_benchmark_214/matbench_e_form_5fold/fold0/dataset/cifs/mb-mp-e-form-074584.cif,-1.682934318020833,Na6SbO5,24,
mb-mp-e-form-013700,matbench_mp_e_form,train,<RUNS_ROOT>/official_benchmark_214/matbench_e_form_5fold/fold0/dataset/cifs/mb-mp-e-form-013700.cif,-0.0092948006249997,SnHgP14,64,
mb-mp-e-form-071840,matbench_mp_e_form,train,<RUNS_ROOT>/official_benchmark_214/matbench_e_form_5fold/fold0/dataset/cifs/mb-mp-e-form-071840.cif,-1.641163499027381,SrMgP3N5O2,48,
mb-mp-e-form-066527,matbench_mp_e_form,train,<RUNS_ROOT>/official_benchmark_214/matbench_e_form_5fold/fold0/dataset/cifs/mb-mp-e-form-066527.cif,-1.3870665301086966,Na8(CuO2)5,23,
mb-mp-e-form-020287,matbench_mp_e_form,train,<RUNS_ROOT>/official_benchmark_214/matbench_e_form_5fold/fold0/dataset/cifs/mb-mp-e-form-020287.cif,-0.190479163076923,DyFe6(Sn2Ge)2,13,
mb-mp-e-form-086760,matbench_mp_e_form,train,<RUNS_ROOT>/official_benchmark_214/matbench_e_form_5fold/fold0/dataset/cifs/mb-mp-e-form-086760.cif,-2.035567650865385,YCr3O9,13,
mb-mp-e-form-098555,matbench_mp_e_form,train,<RUNS_ROOT>/official_benchmark_214/matbench_e_form_5fold/fold0/dataset/cifs/mb-mp-e-form-098555.cif,-2.378750620769232,LiV3CrO8,26,
mb-mp-e-form-040413,matbench_mp_e_form,train,<RUNS_ROOT>/official_benchmark_214/matbench_e_form_5fold/fold0/dataset/cifs/mb-mp-e-form-040413.cif,-0.5719234534821435,Mo2RuSe4,14,
mb-mp-e-form-080282,matbench_mp_e_form,train,<RUNS_ROOT>/official_benchmark_214/matbench_e_form_5fold/fold0/dataset/cifs/mb-mp-e-form-080282.cif,-1.874584384349999,NaCd4(GeO3)5,50,
mb-mp-e-form-038716,matbench_mp_e_form,train,<RUNS_ROOT>/official_benchmark_214/matbench_e_form_5fold/fold0/dataset/cifs/mb-mp-e-form-038716.cif,-0.5327586366666666,Gd(CoB)2,5,
mb-mp-e-form-054653,matbench_mp_e_form,train,<RUNS_ROOT>/official_benchmark_214/matbench_e_form_5fold/fold0/dataset/cifs/mb-mp-e-form-054653.cif,-0.9056800734558612,CuH12C4(NO)6,116,
mb-mp-e-form-025614,matbench_mp_e_form,train,<RUNS_ROOT>/official_benchmark_214/matbench_e_form_5fold/fold0/dataset/cifs/mb-mp-e-form-025614.cif,-0.289672553333333,CoBr2,3,
mb-mp-e-form-113142,matbench_mp_e_form,train,<RUNS_ROOT>/official_benchmark_214/matbench_e_form_5fold/fold0/dataset/cifs/mb-mp-e-form-113142.cif,-2.704510778708571,Sr3CaMn2O8,14,
mb-mp-e-form-095246,matbench_mp_e_form,train,<RUNS_ROOT>/official_benchmark_214/matbench_e_form_5fold/fold0/dataset/cifs/mb-mp-e-form-095246.cif,-2.29474061453125,SiBi2O5,16,
mb-mp-e-form-079627,matbench_mp_e_form,train,<RUNS_ROOT>/official_benchmark_214/matbench_e_form_5fold/fold0/dataset/cifs/mb-mp-e-form-079627.cif,-1.843596926847827,Sc22Fe7S40,69,
mb-mp-e-form-025223,matbench_mp_e_form,train,<RUNS_ROOT>/official_benchmark_214/matbench_e_form_5fold/fold0/dataset/cifs/mb-mp-e-form-025223.cif,-0.2940912436229379,SiB2H50C21N2,304,
mb-mp-e-form-035284,matbench_mp_e_form,train,<RUNS_ROOT>/official_benchmark_214/matbench_e_form_5fold/fold0/dataset/cifs/mb-mp-e-form-035284.cif,-0.4766369509558819,Sm23Cd4Rh7,68,
mb-mp-e-form-127081,matbench_mp_e_form,train,<RUNS_ROOT>/official_benchmark_214/matbench_e_form_5fold/fold0/dataset/cifs/mb-mp-e-form-127081.cif,-3.275338414631137,CsMgInF6,18,
mb-mp-e-form-046590,matbench_mp_e_form,train,<RUNS_ROOT>/official_benchmark_214/matbench_e_form_5fold/fold0/dataset/cifs/mb-mp-e-form-046590.cif,-0.7055511646289068,Sn5Sb2S9,64,
mb-mp-e-form-021101,matbench_mp_e_form,train,<RUNS_ROOT>/official_benchmark_214/matbench_e_form_5fold/fold0/dataset/cifs/mb-mp-e-form-021101.cif,-0.2119752733333335,MgNi2,6,
mb-mp-e-form-051924,matbench_mp_e_form,train,<RUNS_ROOT>/official_benchmark_214/matbench_e_form_5fold/fold0/dataset/cifs/mb-mp-e-form-051924.cif,-0.8634932273214295,Mg(CoS2)2,14,
mb-mp-e-form-026182,matbench_mp_e_form,train,<RUNS_ROOT>/official_benchmark_214/matbench_e_form_5fold/fold0/dataset/cifs/mb-mp-e-form-026182.cif,-0.3077316842610526,MnBi2(IO)8,38,
mb-mp-e-form-000080,matbench_mp_e_form,train,<RUNS_ROOT>/official_benchmark_214/matbench_e_form_5fold/fold0/dataset/cifs/mb-mp-e-form-000080.cif,1.8521129575,La2GaCu,4,
mb-mp-e-form-129583,matbench_mp_e_form,train,<RUNS_ROOT>/official_benchmark_214/matbench_e_form_5fold/fold0/dataset/cifs/mb-mp-e-form-129583.cif,-3.43762421421875,Tm2SeO2,5,
mb-mp-e-form-128605,matbench_mp_e_form,train,<RUNS_ROOT>/official_benchmark_214/matbench_e_form_5fold/fold0/dataset/cifs/mb-mp-e-form-128605.cif,-3.319216594804688,Al12PbO19,64,
mb-mp-e-form-061751,matbench_mp_e_form,train,<RUNS_ROOT>/official_benchmark_214/matbench_e_form_5fold/fold0/dataset/cifs/mb-mp-e-form-061751.cif,-1.197966255625,Zn2Ni3O5,10,
mb-mp-e-form-006404,matbench_mp_e_form,train,<RUNS_ROOT>/official_benchmark_214/matbench_e_form_5fold/fold0/dataset/cifs/mb-mp-e-form-006404.cif,0.1860449280555549,MgTi2,12,
mb-mp-e-form-007167,matbench_mp_e_form,train,<RUNS_ROOT>/official_benchmark_214/matbench_e_form_5fold/fold0/dataset/cifs/mb-mp-e-form-007167.cif,0.1398862970312504,Mg14AlW,16,
mb-mp-e-form-036892,matbench_mp_e_form,train,<RUNS_ROOT>/official_benchmark_214/matbench_e_form_5fold/fold0/dataset/cifs/mb-mp-e-form-036892.cif,-0.4956030269999999,TlAgBr3,5,
mb-mp-e-form-087969,matbench_mp_e_form,train,<RUNS_ROOT>/official_benchmark_214/matbench_e_form_5fold/fold0/dataset/cifs/mb-mp-e-form-087969.cif,-2.091588259750001,CaRhO3,20,
mb-mp-e-form-051306,matbench_mp_e_form,train,<RUNS_ROOT>/official_benchmark_214/matbench_e_form_5fold/fold0/dataset/cifs/mb-mp-e-form-051306.cif,-0.8349480392857147,NaLaCuTe4,14,
mb-mp-e-form-116798,matbench_mp_e_form,train,<RUNS_ROOT>/official_benchmark_214/matbench_e_form_5fold/fold0/dataset/cifs/mb-mp-e-form-116798.cif,-2.824876355691964,SrMg14NbO16,32,
mb-mp-e-form-108345,matbench_mp_e_form,train,<RUNS_ROOT>/official_benchmark_214/matbench_e_form_5fold/fold0/dataset/cifs/mb-mp-e-form-108345.cif,-2.579269750833335,UVAgO6,36,
mb-mp-e-form-105454,matbench_mp_e_form,train,<RUNS_ROOT>/official_benchmark_214/matbench_e_form_5fold/fold0/dataset/cifs/mb-mp-e-form-105454.cif,-2.526077764635285,CsFeBP2HO9,60,
mb-mp-e-form-023594,matbench_mp_e_form,train,<RUNS_ROOT>/official_benchmark_214/matbench_e_form_5fold/fold0/dataset/cifs/mb-mp-e-form-023594.cif,-0.2528023739772729,C3S8,22,
mb-mp-e-form-029315,matbench_mp_e_form,train,<RUNS_ROOT>/official_benchmark_214/matbench_e_form_5fold/fold0/dataset/cifs/mb-mp-e-form-029315.cif,-0.3636357529166667,Zn2InAgTe4,8,
mb-mp-e-form-085282,matbench_mp_e_form,train,<RUNS_ROOT>/official_benchmark_214/matbench_e_form_5fold/fold0/dataset/cifs/mb-mp-e-form-085282.cif,-2.0102727299711685,NdP2H9O10,88,
mb-mp-e-form-080399,matbench_mp_e_form,train,<RUNS_ROOT>/official_benchmark_214/matbench_e_form_5fold/fold0/dataset/cifs/mb-mp-e-form-080399.cif,-1.8695032274999992,LaPdO4,6,
mb-mp-e-form-131702,matbench_mp_e_form,train,<RUNS_ROOT>/official_benchmark_214/matbench_e_form_5fold/fold0/dataset/cifs/mb-mp-e-form-131702.cif,-3.6917961903084415,Sm3NbO7,44,
mb-mp-e-form-074469,matbench_mp_e_form,train,<RUNS_ROOT>/official_benchmark_214/matbench_e_form_5fold/fold0/dataset/cifs/mb-mp-e-form-074469.cif,-1.6850639763263884,K2Se2O5,144,
mb-mp-e-form-049125,matbench_mp_e_form,train,<RUNS_ROOT>/official_benchmark_214/matbench_e_form_5fold/fold0/dataset/cifs/mb-mp-e-form-049125.cif,-0.7628810699999997,NdAs2Au,16,
mb-mp-e-form-038095,matbench_mp_e_form,train,<RUNS_ROOT>/official_benchmark_214/matbench_e_form_5fold/fold0/dataset/cifs/mb-mp-e-form-038095.cif,-0.5350128475,Eu2AgAu,4,
mb-mp-e-form-024377,matbench_mp_e_form,train,<RUNS_ROOT>/official_benchmark_214/matbench_e_form_5fold/fold0/dataset/cifs/mb-mp-e-form-024377.cif,-0.2851474507142863,NbAlFe,12,
mb-mp-e-form-002609,matbench_mp_e_form,train,<RUNS_ROOT>/official_benchmark_214/matbench_e_form_5fold/fold0/dataset/cifs/mb-mp-e-form-002609.cif,0.7372481744200003,ZnRu2Br7N6,32,
mb-mp-e-form-102377,matbench_mp_e_form,train,<RUNS_ROOT>/official_benchmark_214/matbench_e_form_5fold/fold0/dataset/cifs/mb-mp-e-form-102377.cif,-2.4637465620238097,V2Cu(PO4)3,36,
mb-mp-e-form-090178,matbench_mp_e_form,train,<RUNS_ROOT>/official_benchmark_214/matbench_e_form_5fold/fold0/dataset/cifs/mb-mp-e-form-090178.cif,-2.148199988749999,Sr4La(CoO3)5,25,
mb-mp-e-form-111204,matbench_mp_e_form,train,<RUNS_ROOT>/official_benchmark_214/matbench_e_form_5fold/fold0/dataset/cifs/mb-mp-e-form-111204.cif,-2.6626268241919986,Ca3HoMn4O12,20,
mb-mp-e-form-065109,matbench_mp_e_form,train,<RUNS_ROOT>/official_benchmark_214/matbench_e_form_5fold/fold0/dataset/cifs/mb-mp-e-form-065109.cif,-1.3597199462853709,MgH7C3NO6,108,
mb-mp-e-form-115408,matbench_mp_e_form,train,<RUNS_ROOT>/official_benchmark_214/matbench_e_form_5fold/fold0/dataset/cifs/mb-mp-e-form-115408.cif,-2.752325004911347,Ce6Ge9(BO15)2,94,
mb-mp-e-form-018378,matbench_mp_e_form,train,<RUNS_ROOT>/official_benchmark_214/matbench_e_form_5fold/fold0/dataset/cifs/mb-mp-e-form-018378.cif,-0.1330630624999997,TaCo6Mo,8,
mb-mp-e-form-112066,matbench_mp_e_form,train,<RUNS_ROOT>/official_benchmark_214/matbench_e_form_5fold/fold0/dataset/cifs/mb-mp-e-form-112066.cif,-2.670732010133929,Nb9P2O25,36,
mb-mp-e-form-022830,matbench_mp_e_form,train,<RUNS_ROOT>/official_benchmark_214/matbench_e_form_5fold/fold0/dataset/cifs/mb-mp-e-form-022830.cif,-0.2463546542857138,BeNbRu2,4,
mb-mp-e-form-058200,matbench_mp_e_form,train,<RUNS_ROOT>/official_benchmark_214/matbench_e_form_5fold/fold0/dataset/cifs/mb-mp-e-form-058200.cif,-1.0553576578642858,MoCl5O,56,
mb-mp-e-form-109525,matbench_mp_e_form,train,<RUNS_ROOT>/official_benchmark_214/matbench_e_form_5fold/fold0/dataset/cifs/mb-mp-e-form-109525.cif,-2.615665542420634,LiV(PO3)4,36,
mb-mp-e-form-079534,matbench_mp_e_form,train,<RUNS_ROOT>/official_benchmark_214/matbench_e_form_5fold/fold0/dataset/cifs/mb-mp-e-form-079534.cif,-1.844816665911459,Sm3CuGeS7,24,
mb-mp-e-form-044454,matbench_mp_e_form,train,<RUNS_ROOT>/official_benchmark_214/matbench_e_form_5fold/fold0/dataset/cifs/mb-mp-e-form-044454.cif,-0.6397304183333331,ErCuSi,3,
mb-mp-e-form-096227,matbench_mp_e_form,train,<RUNS_ROOT>/official_benchmark_214/matbench_e_form_5fold/fold0/dataset/cifs/mb-mp-e-form-096227.cif,-2.321819712637362,Li3Co3(PO4)4,52,
mb-mp-e-form-098207,matbench_mp_e_form,train,<RUNS_ROOT>/official_benchmark_214/matbench_e_form_5fold/fold0/dataset/cifs/mb-mp-e-form-098207.cif,-2.3723835662499995,YCu(WO4)2,24,
mb-mp-e-form-076509,matbench_mp_e_form,train,<RUNS_ROOT>/official_benchmark_214/matbench_e_form_5fold/fold0/dataset/cifs/mb-mp-e-form-076509.cif,-1.7636699718219038,As3Pb5ClO12,42,
mb-mp-e-form-090364,matbench_mp_e_form,train,<RUNS_ROOT>/official_benchmark_214/matbench_e_form_5fold/fold0/dataset/cifs/mb-mp-e-form-090364.cif,-2.164603332051112,MnVSbO6,36,
mb-mp-e-form-116703,matbench_mp_e_form,train,<RUNS_ROOT>/official_benchmark_214/matbench_e_form_5fold/fold0/dataset/cifs/mb-mp-e-form-116703.cif,-2.810497964299365,Ti3Mn2Co(PO4)6,36,
mb-mp-e-form-021053,matbench_mp_e_form,train,<RUNS_ROOT>/official_benchmark_214/matbench_e_form_5fold/fold0/dataset/cifs/mb-mp-e-form-021053.cif,-0.2119564203124996,Ag3AsS3,14,
mb-mp-e-form-093195,matbench_mp_e_form,train,<RUNS_ROOT>/official_benchmark_214/matbench_e_form_5fold/fold0/dataset/cifs/mb-mp-e-form-093195.cif,-2.247434437163266,KNiPO4,28,
mb-mp-e-form-051673,matbench_mp_e_form,train,<RUNS_ROOT>/official_benchmark_214/matbench_e_form_5fold/fold0/dataset/cifs/mb-mp-e-form-051673.cif,-0.8331256108571431,Sr(CoP)2,5,
mb-mp-e-form-114789,matbench_mp_e_form,train,<RUNS_ROOT>/official_benchmark_214/matbench_e_form_5fold/fold0/dataset/cifs/mb-mp-e-form-114789.cif,-2.75253564,Mg6VFeO8,16,
mb-mp-e-form-087321,matbench_mp_e_form,train,<RUNS_ROOT>/official_benchmark_214/matbench_e_form_5fold/fold0/dataset/cifs/mb-mp-e-form-087321.cif,-2.0817741508925005,HgPbF6,8,
mb-mp-e-form-026811,matbench_mp_e_form,train,<RUNS_ROOT>/official_benchmark_214/matbench_e_form_5fold/fold0/dataset/cifs/mb-mp-e-form-026811.cif,-0.3093672175000002,Lu2GaTc,4,
mb-mp-e-form-014800,matbench_mp_e_form,train,<RUNS_ROOT>/official_benchmark_214/matbench_e_form_5fold/fold0/dataset/cifs/mb-mp-e-form-014800.cif,-0.0340497682222209,Cr7Ni20Mo3,90,
mb-mp-e-form-114160,matbench_mp_e_form,train,<RUNS_ROOT>/official_benchmark_214/matbench_e_form_5fold/fold0/dataset/cifs/mb-mp-e-form-114160.cif,-2.7457931035714296,SrYCoO4,7,
mb-mp-e-form-132590,matbench_mp_e_form,train,<RUNS_ROOT>/official_benchmark_214/matbench_e_form_5fold/fold0/dataset/cifs/mb-mp-e-form-132590.cif,-3.993256630499999,Y15TmO24,40,
mb-mp-e-form-102456,matbench_mp_e_form,train,<RUNS_ROOT>/official_benchmark_214/matbench_e_form_5fold/fold0/dataset/cifs/mb-mp-e-form-102456.cif,-2.449049965337302,Sn(PO3)2,72,
mb-mp-e-form-070597,matbench_mp_e_form,train,<RUNS_ROOT>/official_benchmark_214/matbench_e_form_5fold/fold0/dataset/cifs/mb-mp-e-form-070597.cif,-1.5722125648429806,Cs4Zr3S14,42,
mb-mp-e-form-103745,matbench_mp_e_form,train,<RUNS_ROOT>/official_benchmark_214/matbench_e_form_5fold/fold0/dataset/cifs/mb-mp-e-form-103745.cif,-2.470266319,Ca3Ge3(BiO6)2,80,
mb-mp-e-form-093476,matbench_mp_e_form,train,<RUNS_ROOT>/official_benchmark_214/matbench_e_form_5fold/fold0/dataset/cifs/mb-mp-e-form-093476.cif,-2.2494133192685704,Cr3(OF)2,14,
mb-mp-e-form-087000,matbench_mp_e_form,train,<RUNS_ROOT>/official_benchmark_214/matbench_e_form_5fold/fold0/dataset/cifs/mb-mp-e-form-087000.cif,-2.067334776152,CaFeClO2,10,
mb-mp-e-form-089857,matbench_mp_e_form,train,<RUNS_ROOT>/official_benchmark_214/matbench_e_form_5fold/fold0/dataset/cifs/mb-mp-e-form-089857.cif,-2.1648100612499994,Sm2Ag2O5,18,
mb-mp-e-form-069633,matbench_mp_e_form,train,<RUNS_ROOT>/official_benchmark_214/matbench_e_form_5fold/fold0/dataset/cifs/mb-mp-e-form-069633.cif,-1.5185950047370007,K3GeH2NO3,20,
mb-mp-e-form-034981,matbench_mp_e_form,train,<RUNS_ROOT>/official_benchmark_214/matbench_e_form_5fold/fold0/dataset/cifs/mb-mp-e-form-034981.cif,-0.4693882979999998,U2SnPt2,10,
mb-mp-e-form-126740,matbench_mp_e_form,train,<RUNS_ROOT>/official_benchmark_214/matbench_e_form_5fold/fold0/dataset/cifs/mb-mp-e-form-126740.cif,-3.236132452333,Ba2CaCuSn2F14,40,
mb-mp-e-form-042117,matbench_mp_e_form,train,<RUNS_ROOT>/official_benchmark_214/matbench_e_form_5fold/fold0/dataset/cifs/mb-mp-e-form-042117.cif,-0.6023067973611107,Nd5Ge3C,18,
mb-mp-e-form-040452,matbench_mp_e_form,train,<RUNS_ROOT>/official_benchmark_214/matbench_e_form_5fold/fold0/dataset/cifs/mb-mp-e-form-040452.cif,-0.573567654615384,Er4CuGe8,13,
mb-mp-e-form-004356,matbench_mp_e_form,train,<RUNS_ROOT>/official_benchmark_214/matbench_e_form_5fold/fold0/dataset/cifs/mb-mp-e-form-004356.cif,0.3613428728125001,Ho3Np,8,
mb-mp-e-form-105970,matbench_mp_e_form,train,<RUNS_ROOT>/official_benchmark_214/matbench_e_form_5fold/fold0/dataset/cifs/mb-mp-e-form-105970.cif,-2.54270805035044,RbHfC(OF)4,44,
mb-mp-e-form-088980,matbench_mp_e_form,train,<RUNS_ROOT>/official_benchmark_214/matbench_e_form_5fold/fold0/dataset/cifs/mb-mp-e-form-088980.cif,-2.138255177259285,Li4Mn3O7,28,
mb-mp-e-form-050891,matbench_mp_e_form,train,<RUNS_ROOT>/official_benchmark_214/matbench_e_form_5fold/fold0/dataset/cifs/mb-mp-e-form-050891.cif,-0.8214280175000006,LaAu,4,
mb-mp-e-form-107823,matbench_mp_e_form,train,<RUNS_ROOT>/official_benchmark_214/matbench_e_form_5fold/fold0/dataset/cifs/mb-mp-e-form-107823.cif,-2.5879847023346665,Sr5Ca3TiMn7O24,40,
mb-mp-e-form-019887,matbench_mp_e_form,train,<RUNS_ROOT>/official_benchmark_214/matbench_e_form_5fold/fold0/dataset/cifs/mb-mp-e-form-019887.cif,-0.1616313950000005,Ta2FeMo,4,
mb-mp-e-form-109410,matbench_mp_e_form,train,<RUNS_ROOT>/official_benchmark_214/matbench_e_form_5fold/fold0/dataset/cifs/mb-mp-e-form-109410.cif,-2.603821619687499,Sm2Se2O,20,
mb-mp-e-form-115229,matbench_mp_e_form,train,<RUNS_ROOT>/official_benchmark_214/matbench_e_form_5fold/fold0/dataset/cifs/mb-mp-e-form-115229.cif,-2.775530621666666,HoCrO4,12,
mb-mp-e-form-014179,matbench_mp_e_form,train,<RUNS_ROOT>/official_benchmark_214/matbench_e_form_5fold/fold0/dataset/cifs/mb-mp-e-form-014179.cif,-0.0380998303289936,Rb3P11,28,
mb-mp-e-form-055524,matbench_mp_e_form,train,<RUNS_ROOT>/official_benchmark_214/matbench_e_form_5fold/fold0/dataset/cifs/mb-mp-e-form-055524.cif,-0.9589897545878574,PICl6,16,
mb-mp-e-form-004730,matbench_mp_e_form,train,<RUNS_ROOT>/official_benchmark_214/matbench_e_form_5fold/fold0/dataset/cifs/mb-mp-e-form-004730.cif,0.3909697780000002,Th3Si2,10,
mb-mp-e-form-132567,matbench_mp_e_form,train,<RUNS_ROOT>/official_benchmark_214/matbench_e_form_5fold/fold0/dataset/cifs/mb-mp-e-form-132567.cif,-3.881808911249999,Ho2Zr2O7,22,
mb-mp-e-form-005293,matbench_mp_e_form,train,<RUNS_ROOT>/official_benchmark_214/matbench_e_form_5fold/fold0/dataset/cifs/mb-mp-e-form-005293.cif,0.2804165161904753,Nb,12,
mb-mp-e-form-040704,matbench_mp_e_form,train,<RUNS_ROOT>/official_benchmark_214/matbench_e_form_5fold/fold0/dataset/cifs/mb-mp-e-form-040704.cif,-0.5677565277499994,NdCoSb3,40,
mb-mp-e-form-130871,matbench_mp_e_form,train,<RUNS_ROOT>/official_benchmark_214/matbench_e_form_5fold/fold0/dataset/cifs/mb-mp-e-form-130871.cif,-3.8002986895564974,Y4Si3O11F2,40,
mb-mp-e-form-091865,matbench_mp_e_form,train,<RUNS_ROOT>/official_benchmark_214/matbench_e_form_5fold/fold0/dataset/cifs/mb-mp-e-form-091865.cif,-2.2061997819444445,Ba(AsO3)2,18,
mb-mp-e-form-067624,matbench_mp_e_form,train,<RUNS_ROOT>/official_benchmark_214/matbench_e_form_5fold/fold0/dataset/cifs/mb-mp-e-form-067624.cif,-1.423739945892354,YAl6Si30(N15O)3,85,
mb-mp-e-form-124132,matbench_mp_e_form,train,<RUNS_ROOT>/official_benchmark_214/matbench_e_form_5fold/fold0/dataset/cifs/mb-mp-e-form-124132.cif,-3.093504200648149,La4Ti5(TeO8)3,36,
mb-mp-e-form-026969,matbench_mp_e_form,train,<RUNS_ROOT>/official_benchmark_214/matbench_e_form_5fold/fold0/dataset/cifs/mb-mp-e-form-026969.cif,-0.3336755198287493,GaSi3C3N,8,
mb-mp-e-form-022488,matbench_mp_e_form,train,<RUNS_ROOT>/official_benchmark_214/matbench_e_form_5fold/fold0/dataset/cifs/mb-mp-e-form-022488.cif,-0.2335430799999992,DyMnAl,6,
mb-mp-e-form-030667,matbench_mp_e_form,train,<RUNS_ROOT>/official_benchmark_214/matbench_e_form_5fold/fold0/dataset/cifs/mb-mp-e-form-030667.cif,-0.3802969085227271,Hf2Al4C5,11,
mb-mp-e-form-026903,matbench_mp_e_form,train,<RUNS_ROOT>/official_benchmark_214/matbench_e_form_5fold/fold0/dataset/cifs/mb-mp-e-form-026903.cif,-0.3145920811899998,MoN,4,
mb-mp-e-form-073560,matbench_mp_e_form,train,<RUNS_ROOT>/official_benchmark_214/matbench_e_form_5fold/fold0/dataset/cifs/mb-mp-e-form-073560.cif,-1.6482499395488333,H5CSO5F3,60,
mb-mp-e-form-065568,matbench_mp_e_form,train,<RUNS_ROOT>/official_benchmark_214/matbench_e_form_5fold/fold0/dataset/cifs/mb-mp-e-form-065568.cif,-1.3737877189230765,CuH4Pb2(ClO2)2,13,
mb-mp-e-form-034158,matbench_mp_e_form,train,<RUNS_ROOT>/official_benchmark_214/matbench_e_form_5fold/fold0/dataset/cifs/mb-mp-e-form-034158.cif,-0.4577605932812497,TlHgAsS3,24,
mb-mp-e-form-105959,matbench_mp_e_form,train,<RUNS_ROOT>/official_benchmark_214/matbench_e_form_5fold/fold0/dataset/cifs/mb-mp-e-form-105959.cif,-2.5450562841875013,LaYS3,40,
mb-mp-e-form-020223,matbench_mp_e_form,train,<RUNS_ROOT>/official_benchmark_214/matbench_e_form_5fold/fold0/dataset/cifs/mb-mp-e-form-020223.cif,-0.2039851026086947,Pr(Al10V)2,46,
mb-mp-e-form-043428,matbench_mp_e_form,train,<RUNS_ROOT>/official_benchmark_214/matbench_e_form_5fold/fold0/dataset/cifs/mb-mp-e-form-043428.cif,-0.6258164594155847,Na4Eu2GeP4,22,
mb-mp-e-form-009482,matbench_mp_e_form,train,<RUNS_ROOT>/official_benchmark_214/matbench_e_form_5fold/fold0/dataset/cifs/mb-mp-e-form-009482.cif,0.0850017825000009,LaCe3,4,
mb-mp-e-form-050793,matbench_mp_e_form,train,<RUNS_ROOT>/official_benchmark_214/matbench_e_form_5fold/fold0/dataset/cifs/mb-mp-e-form-050793.cif,-0.7949696848571435,Ba(PPd)2,5,
mb-mp-e-form-078753,matbench_mp_e_form,train,<RUNS_ROOT>/official_benchmark_214/matbench_e_form_5fold/fold0/dataset/cifs/mb-mp-e-form-078753.cif,-1.8358488819900003,Fe2O3F,30,
mb-mp-e-form-118649,matbench_mp_e_form,train,<RUNS_ROOT>/official_benchmark_214/matbench_e_form_5fold/fold0/dataset/cifs/mb-mp-e-form-118649.cif,-2.850646111501538,Li2Fe3F8,13,
mb-mp-e-form-046703,matbench_mp_e_form,train,<RUNS_ROOT>/official_benchmark_214/matbench_e_form_5fold/fold0/dataset/cifs/mb-mp-e-form-046703.cif,-0.6838106966666656,YPbAu,3,
mb-mp-e-form-106963,matbench_mp_e_form,train,<RUNS_ROOT>/official_benchmark_214/matbench_e_form_5fold/fold0/dataset/cifs/mb-mp-e-form-106963.cif,-2.5523628580472177,CsGaP3HO10,32,
mb-mp-e-form-002541,matbench_mp_e_form,train,<RUNS_ROOT>/official_benchmark_214/matbench_e_form_5fold/fold0/dataset/cifs/mb-mp-e-form-002541.cif,0.7572481806436376,HgC6(N4Cl)3,44,
mb-mp-e-form-098497,matbench_mp_e_form,train,<RUNS_ROOT>/official_benchmark_214/matbench_e_form_5fold/fold0/dataset/cifs/mb-mp-e-form-098497.cif,-2.3703753774489806,LiCoPO4,14,
mb-mp-e-form-122449,matbench_mp_e_form,train,<RUNS_ROOT>/official_benchmark_214/matbench_e_form_5fold/fold0/dataset/cifs/mb-mp-e-form-122449.cif,-3.0019956400976,K5Eu2Si4O13F,50,
mb-mp-e-form-041330,matbench_mp_e_form,train,<RUNS_ROOT>/official_benchmark_214/matbench_e_form_5fold/fold0/dataset/cifs/mb-mp-e-form-041330.cif,-0.5812428975000004,Nd2Mn3FeSi4,10,
mb-mp-e-form-045163,matbench_mp_e_form,train,<RUNS_ROOT>/official_benchmark_214/matbench_e_form_5fold/fold0/dataset/cifs/mb-mp-e-form-045163.cif,-0.6629445119717268,Tl5Ag3(PS3)4,48,
mb-mp-e-form-064371,matbench_mp_e_form,train,<RUNS_ROOT>/official_benchmark_214/matbench_e_form_5fold/fold0/dataset/cifs/mb-mp-e-form-064371.cif,-1.2971549506250004,Mg(ScSe2)2,28,
mb-mp-e-form-061608,matbench_mp_e_form,train,<RUNS_ROOT>/official_benchmark_214/matbench_e_form_5fold/fold0/dataset/cifs/mb-mp-e-form-061608.cif,-1.1913218301733337,Bi3(TeCl5)2,30,
mb-mp-e-form-071149,matbench_mp_e_form,train,<RUNS_ROOT>/official_benchmark_214/matbench_e_form_5fold/fold0/dataset/cifs/mb-mp-e-form-071149.cif,-1.608538683623571,Na5H4BrO4,112,
mb-mp-e-form-075769,matbench_mp_e_form,train,<RUNS_ROOT>/official_benchmark_214/matbench_e_form_5fold/fold0/dataset/cifs/mb-mp-e-form-075769.cif,-1.7260256741266666,HgF2,3,
mb-mp-e-form-005436,matbench_mp_e_form,train,<RUNS_ROOT>/official_benchmark_214/matbench_e_form_5fold/fold0/dataset/cifs/mb-mp-e-form-005436.cif,0.274620091250001,Cu3Ru,8,
mb-mp-e-form-052439,matbench_mp_e_form,train,<RUNS_ROOT>/official_benchmark_214/matbench_e_form_5fold/fold0/dataset/cifs/mb-mp-e-form-052439.cif,-0.8500741162499992,CeY(GaPd2)2,16,
mb-mp-e-form-040776,matbench_mp_e_form,train,<RUNS_ROOT>/official_benchmark_214/matbench_e_form_5fold/fold0/dataset/cifs/mb-mp-e-form-040776.cif,-0.5748095481249997,Yb3Ge5,8,
mb-mp-e-form-071308,matbench_mp_e_form,train,<RUNS_ROOT>/official_benchmark_214/matbench_e_form_5fold/fold0/dataset/cifs/mb-mp-e-form-071308.cif,-1.5867552137902294,Fe2P2H6C2O13,50,
mb-mp-e-form-132188,matbench_mp_e_form,train,<RUNS_ROOT>/official_benchmark_214/matbench_e_form_5fold/fold0/dataset/cifs/mb-mp-e-form-132188.cif,-4.174294026309167,CeF3,24,
mb-mp-e-form-084489,matbench_mp_e_form,train,<RUNS_ROOT>/official_benchmark_214/matbench_e_form_5fold/fold0/dataset/cifs/mb-mp-e-form-084489.cif,-1.9874214750652432,RbPH4O5,44,
mb-mp-e-form-005662,matbench_mp_e_form,train,<RUNS_ROOT>/official_benchmark_214/matbench_e_form_5fold/fold0/dataset/cifs/mb-mp-e-form-005662.cif,0.2849479846754278,NbH4,5,
mb-mp-e-form-022025,matbench_mp_e_form,train,<RUNS_ROOT>/official_benchmark_214/matbench_e_form_5fold/fold0/dataset/cifs/mb-mp-e-form-022025.cif,-0.2392059175000014,B3Rh7,20,
mb-mp-e-form-061730,matbench_mp_e_form,train,<RUNS_ROOT>/official_benchmark_214/matbench_e_form_5fold/fold0/dataset/cifs/mb-mp-e-form-061730.cif,-1.1599573905027187,Li10Fe4S9,46,
mb-mp-e-form-121931,matbench_mp_e_form,train,<RUNS_ROOT>/official_benchmark_214/matbench_e_form_5fold/fold0/dataset/cifs/mb-mp-e-form-121931.cif,-2.987128160818965,RbTaO3,5,
mb-mp-e-form-007644,matbench_mp_e_form,train,<RUNS_ROOT>/official_benchmark_214/matbench_e_form_5fold/fold0/dataset/cifs/mb-mp-e-form-007644.cif,0.1540050374999992,SrLa3,8,
mb-mp-e-form-014943,matbench_mp_e_form,train,<RUNS_ROOT>/official_benchmark_214/matbench_e_form_5fold/fold0/dataset/cifs/mb-mp-e-form-014943.cif,-0.0561586381249998,Mg6GaSn,8,
mb-mp-e-form-107596,matbench_mp_e_form,train,<RUNS_ROOT>/official_benchmark_214/matbench_e_form_5fold/fold0/dataset/cifs/mb-mp-e-form-107596.cif,-2.56961586875,Li2AlFeO4,16,
mb-mp-e-form-078348,matbench_mp_e_form,train,<RUNS_ROOT>/official_benchmark_214/matbench_e_form_5fold/fold0/dataset/cifs/mb-mp-e-form-078348.cif,-1.825338645416667,NaCr2FeO8,12,
mb-mp-e-form-073993,matbench_mp_e_form,train,<RUNS_ROOT>/official_benchmark_214/matbench_e_form_5fold/fold0/dataset/cifs/mb-mp-e-form-073993.cif,-1.6911963314583336,Li7Co5O12,24,
mb-mp-e-form-063487,matbench_mp_e_form,train,<RUNS_ROOT>/official_benchmark_214/matbench_e_form_5fold/fold0/dataset/cifs/mb-mp-e-form-063487.cif,-1.2633605434722226,Na4SnS4,18,
mb-mp-e-form-090659,matbench_mp_e_form,train,<RUNS_ROOT>/official_benchmark_214/matbench_e_form_5fold/fold0/dataset/cifs/mb-mp-e-form-090659.cif,-2.1650471352941185,Cr2(WO4)3,68,
mb-mp-e-form-116964,matbench_mp_e_form,train,<RUNS_ROOT>/official_benchmark_214/matbench_e_form_5fold/fold0/dataset/cifs/mb-mp-e-form-116964.cif,-2.8236964190277782,Eu2V2O5,18,
mb-mp-e-form-127303,matbench_mp_e_form,train,<RUNS_ROOT>/official_benchmark_214/matbench_e_form_5fold/fold0/dataset/cifs/mb-mp-e-form-127303.cif,-3.24503463875,SiO2,144,
mb-mp-e-form-105988,matbench_mp_e_form,train,<RUNS_ROOT>/official_benchmark_214/matbench_e_form_5fold/fold0/dataset/cifs/mb-mp-e-form-105988.cif,-2.532552957123708,Rb2NdCl5,32,
mb-mp-e-form-010282,matbench_mp_e_form,train,<RUNS_ROOT>/official_benchmark_214/matbench_e_form_5fold/fold0/dataset/cifs/mb-mp-e-form-010282.cif,0.0457665655769239,Nd(MnCo2)4,13,
mb-mp-e-form-102765,matbench_mp_e_form,train,<RUNS_ROOT>/official_benchmark_214/matbench_e_form_5fold/fold0/dataset/cifs/mb-mp-e-form-102765.cif,-2.485706241896552,RbLaMg6O8,16,
mb-mp-e-form-074610,matbench_mp_e_form,train,<RUNS_ROOT>/official_benchmark_214/matbench_e_form_5fold/fold0/dataset/cifs/mb-mp-e-form-074610.cif,-1.6958722960044632,Bi11PO20,32,
mb-mp-e-form-119862,matbench_mp_e_form,train,<RUNS_ROOT>/official_benchmark_214/matbench_e_form_5fold/fold0/dataset/cifs/mb-mp-e-form-119862.cif,-2.937788894252232,Mg30NbCuO32,64,
mb-mp-e-form-067968,matbench_mp_e_form,train,<RUNS_ROOT>/official_benchmark_214/matbench_e_form_5fold/fold0/dataset/cifs/mb-mp-e-form-067968.cif,-1.4647227422893336,Na2InCuCl6,10,
mb-mp-e-form-131307,matbench_mp_e_form,train,<RUNS_ROOT>/official_benchmark_214/matbench_e_form_5fold/fold0/dataset/cifs/mb-mp-e-form-131307.cif,-3.6931827512499993,NdTaO4,12,
mb-mp-e-form-115804,matbench_mp_e_form,train,<RUNS_ROOT>/official_benchmark_214/matbench_e_form_5fold/fold0/dataset/cifs/mb-mp-e-form-115804.cif,-2.8112064775,NaMg14SbO16,32,
mb-mp-e-form-082373,matbench_mp_e_form,train,<RUNS_ROOT>/official_benchmark_214/matbench_e_form_5fold/fold0/dataset/cifs/mb-mp-e-form-082373.cif,-1.9154313220535728,Sr(GdSe2)2,14,
mb-mp-e-form-043597,matbench_mp_e_form,train,<RUNS_ROOT>/official_benchmark_214/matbench_e_form_5fold/fold0/dataset/cifs/mb-mp-e-form-043597.cif,-0.6242311024599996,SrLiN,6,
mb-mp-e-form-020117,matbench_mp_e_form,train,<RUNS_ROOT>/official_benchmark_214/matbench_e_form_5fold/fold0/dataset/cifs/mb-mp-e-form-020117.cif,-0.19621803375,NaHg3,8,
mb-mp-e-form-101021,matbench_mp_e_form,train,<RUNS_ROOT>/official_benchmark_214/matbench_e_form_5fold/fold0/dataset/cifs/mb-mp-e-form-101021.cif,-2.428895761388889,Na2Hf(MoO4)3,36,
mb-mp-e-form-081722,matbench_mp_e_form,train,<RUNS_ROOT>/official_benchmark_214/matbench_e_form_5fold/fold0/dataset/cifs/mb-mp-e-form-081722.cif,-1.8932666598983328,Mn4O7F,24,
mb-mp-e-form-096808,matbench_mp_e_form,train,<RUNS_ROOT>/official_benchmark_214/matbench_e_form_5fold/fold0/dataset/cifs/mb-mp-e-form-096808.cif,-2.3507088179807694,Sr2YGaW2O7,26,
mb-mp-e-form-119607,matbench_mp_e_form,train,<RUNS_ROOT>/official_benchmark_214/matbench_e_form_5fold/fold0/dataset/cifs/mb-mp-e-form-119607.cif,-2.8976120635000013,AlVO3,40,
mb-mp-e-form-094007,matbench_mp_e_form,train,<RUNS_ROOT>/official_benchmark_214/matbench_e_form_5fold/fold0/dataset/cifs/mb-mp-e-form-094007.cif,-2.275957377867646,Na2Si3SnO11,34,
mb-mp-e-form-129896,matbench_mp_e_form,train,<RUNS_ROOT>/official_benchmark_214/matbench_e_form_5fold/fold0/dataset/cifs/mb-mp-e-form-129896.cif,-3.4977085673484845,Ba3NaSm3(Si3O10)2,66,
mb-mp-e-form-004184,matbench_mp_e_form,train,<RUNS_ROOT>/official_benchmark_214/matbench_e_form_5fold/fold0/dataset/cifs/mb-mp-e-form-004184.cif,0.3414962121428573,BiB6,7,
mb-mp-e-form-037142,matbench_mp_e_form,train,<RUNS_ROOT>/official_benchmark_214/matbench_e_form_5fold/fold0/dataset/cifs/mb-mp-e-form-037142.cif,-0.5096207020689655,Ti6Al16Co7,29,
mb-mp-e-form-051721,matbench_mp_e_form,train,<RUNS_ROOT>/official_benchmark_214/matbench_e_form_5fold/fold0/dataset/cifs/mb-mp-e-form-051721.cif,-0.8159841662586812,In2Sn3S7,24,
mb-mp-e-form-102685,matbench_mp_e_form,train,<RUNS_ROOT>/official_benchmark_214/matbench_e_form_5fold/fold0/dataset/cifs/mb-mp-e-form-102685.cif,-2.444353705250302,LiMn2(BO3)2,66,
mb-mp-e-form-014376,matbench_mp_e_form,train,<RUNS_ROOT>/official_benchmark_214/matbench_e_form_5fold/fold0/dataset/cifs/mb-mp-e-form-014376.cif,-0.0443330978804347,Sm5Mg41,46,
mb-mp-e-form-110347,matbench_mp_e_form,train,<RUNS_ROOT>/official_benchmark_214/matbench_e_form_5fold/fold0/dataset/cifs/mb-mp-e-form-110347.cif,-2.626232559195651,KBa3Ca4V7Cu3O28,92,
mb-mp-e-form-114929,matbench_mp_e_form,train,<RUNS_ROOT>/official_benchmark_214/matbench_e_form_5fold/fold0/dataset/cifs/mb-mp-e-form-114929.cif,-2.7551761170953832,CsHfMg14O15,31,
mb-mp-e-form-080344,matbench_mp_e_form,train,<RUNS_ROOT>/official_benchmark_214/matbench_e_form_5fold/fold0/dataset/cifs/mb-mp-e-form-080344.cif,-1.8667395609640005,Na3Pd5F12,20,
mb-mp-e-form-003062,matbench_mp_e_form,train,<RUNS_ROOT>/official_benchmark_214/matbench_e_form_5fold/fold0/dataset/cifs/mb-mp-e-form-003062.cif,0.6511200277500002,K3Mn,8,
mb-mp-e-form-114927,matbench_mp_e_form,train,<RUNS_ROOT>/official_benchmark_214/matbench_e_form_5fold/fold0/dataset/cifs/mb-mp-e-form-114927.cif,-2.7688545408925003,FeF3,24,
mb-mp-e-form-011590,matbench_mp_e_form,train,<RUNS_ROOT>/official_benchmark_214/matbench_e_form_5fold/fold0/dataset/cifs/mb-mp-e-form-011590.cif,0.032973965,SnSb,2,
mb-mp-e-form-115716,matbench_mp_e_form,train,<RUNS_ROOT>/official_benchmark_214/matbench_e_form_5fold/fold0/dataset/cifs/mb-mp-e-form-115716.cif,-2.7538106367829656,RbSnF3,5,
mb-mp-e-form-097577,matbench_mp_e_form,train,<RUNS_ROOT>/official_benchmark_214/matbench_e_form_5fold/fold0/dataset/cifs/mb-mp-e-form-097577.cif,-2.3542072955714284,Li3Co2(PO4)3,40,
mb-mp-e-form-074678,matbench_mp_e_form,train,<RUNS_ROOT>/official_benchmark_214/matbench_e_form_5fold/fold0/dataset/cifs/mb-mp-e-form-074678.cif,-1.6986385018749992,Li3Ni2SnO6,12,
mb-mp-e-form-132400,matbench_mp_e_form,train,<RUNS_ROOT>/official_benchmark_214/matbench_e_form_5fold/fold0/dataset/cifs/mb-mp-e-form-132400.cif,-4.006869823947369,Lu4Zr3O12,38,
mb-mp-e-form-034580,matbench_mp_e_form,train,<RUNS_ROOT>/official_benchmark_214/matbench_e_form_5fold/fold0/dataset/cifs/mb-mp-e-form-034580.cif,-0.4504176366666663,DyIn,2,
mb-mp-e-form-065083,matbench_mp_e_form,train,<RUNS_ROOT>/official_benchmark_214/matbench_e_form_5fold/fold0/dataset/cifs/mb-mp-e-form-065083.cif,-1.338253128839286,Ca2SiSe4,28,
mb-mp-e-form-019439,matbench_mp_e_form,train,<RUNS_ROOT>/official_benchmark_214/matbench_e_form_5fold/fold0/dataset/cifs/mb-mp-e-form-019439.cif,-0.1690887965384615,Ho(GaFe)6,13,
mb-mp-e-form-098817,matbench_mp_e_form,train,<RUNS_ROOT>/official_benchmark_214/matbench_e_form_5fold/fold0/dataset/cifs/mb-mp-e-form-098817.cif,-2.3933724187499994,Ba2AlTlV2O7,13,
mb-mp-e-form-104503,matbench_mp_e_form,train,<RUNS_ROOT>/official_benchmark_214/matbench_e_form_5fold/fold0/dataset/cifs/mb-mp-e-form-104503.cif,-2.4913017445769223,Mn5O3F5,13,
mb-mp-e-form-127053,matbench_mp_e_form,train,<RUNS_ROOT>/official_benchmark_214/matbench_e_form_5fold/fold0/dataset/cifs/mb-mp-e-form-127053.cif,-3.241951593809524,LiTiAlO4,14,
mb-mp-e-form-035440,matbench_mp_e_form,train,<RUNS_ROOT>/official_benchmark_214/matbench_e_form_5fold/fold0/dataset/cifs/mb-mp-e-form-035440.cif,-0.4680450166666669,DyAlNi4,6,
mb-mp-e-form-055563,matbench_mp_e_form,train,<RUNS_ROOT>/official_benchmark_214/matbench_e_form_5fold/fold0/dataset/cifs/mb-mp-e-form-055563.cif,-0.9589290266266666,Au(OF3)2,9,
mb-mp-e-form-015235,matbench_mp_e_form,train,<RUNS_ROOT>/official_benchmark_214/matbench_e_form_5fold/fold0/dataset/cifs/mb-mp-e-form-015235.cif,-0.0586113381250008,VW3,4,
mb-mp-e-form-004628,matbench_mp_e_form,train,<RUNS_ROOT>/official_benchmark_214/matbench_e_form_5fold/fold0/dataset/cifs/mb-mp-e-form-004628.cif,0.384056360617917,InAg3(CN)6,16,
mb-mp-e-form-075805,matbench_mp_e_form,train,<RUNS_ROOT>/official_benchmark_214/matbench_e_form_5fold/fold0/dataset/cifs/mb-mp-e-form-075805.cif,-1.7316557946428566,Mg(FeO2)2,28,
mb-mp-e-form-108371,matbench_mp_e_form,train,<RUNS_ROOT>/official_benchmark_214/matbench_e_form_5fold/fold0/dataset/cifs/mb-mp-e-form-108371.cif,-2.5730759670918366,Li3Bi(PO4)2,42,
mb-mp-e-form-093102,matbench_mp_e_form,train,<RUNS_ROOT>/official_benchmark_214/matbench_e_form_5fold/fold0/dataset/cifs/mb-mp-e-form-093102.cif,-2.2363616756730766,LuZn4FeO7,26,
mb-mp-e-form-103549,matbench_mp_e_form,train,<RUNS_ROOT>/official_benchmark_214/matbench_e_form_5fold/fold0/dataset/cifs/mb-mp-e-form-103549.cif,-2.477282538392857,Li2NbVO4,16,
mb-mp-e-form-027578,matbench_mp_e_form,train,<RUNS_ROOT>/official_benchmark_214/matbench_e_form_5fold/fold0/dataset/cifs/mb-mp-e-form-027578.cif,-0.3348795224999996,HoAg,2,
mb-mp-e-form-044937,matbench_mp_e_form,train,<RUNS_ROOT>/official_benchmark_214/matbench_e_form_5fold/fold0/dataset/cifs/mb-mp-e-form-044937.cif,-0.6803603359375003,Te2MoWS2,12,
mb-mp-e-form-052763,matbench_mp_e_form,train,<RUNS_ROOT>/official_benchmark_214/matbench_e_form_5fold/fold0/dataset/cifs/mb-mp-e-form-052763.cif,-0.847263313401487,HOs7C20O19,188,
mb-mp-e-form-005179,matbench_mp_e_form,train,<RUNS_ROOT>/official_benchmark_214/matbench_e_form_5fold/fold0/dataset/cifs/mb-mp-e-form-005179.cif,0.2820457862284482,RbMg14Mo,16,
mb-mp-e-form-087477,matbench_mp_e_form,train,<RUNS_ROOT>/official_benchmark_214/matbench_e_form_5fold/fold0/dataset/cifs/mb-mp-e-form-087477.cif,-2.060296625704762,Li4Mn5O12,42,
mb-mp-e-form-109348,matbench_mp_e_form,train,<RUNS_ROOT>/official_benchmark_214/matbench_e_form_5fold/fold0/dataset/cifs/mb-mp-e-form-109348.cif,-2.6097796668459994,Ca2MnSbO6,20,
mb-mp-e-form-125196,matbench_mp_e_form,train,<RUNS_ROOT>/official_benchmark_214/matbench_e_form_5fold/fold0/dataset/cifs/mb-mp-e-form-125196.cif,-3.164155693416668,SrTbO3,20,
mb-mp-e-form-007583,matbench_mp_e_form,train,<RUNS_ROOT>/official_benchmark_214/matbench_e_form_5fold/fold0/dataset/cifs/mb-mp-e-form-007583.cif,0.145111882500001,EuHo3,4,
mb-mp-e-form-130949,matbench_mp_e_form,train,<RUNS_ROOT>/official_benchmark_214/matbench_e_form_5fold/fold0/dataset/cifs/mb-mp-e-form-130949.cif,-3.723908573939091,Na2MgScF7,22,
mb-mp-e-form-078421,matbench_mp_e_form,train,<RUNS_ROOT>/official_benchmark_214/matbench_e_form_5fold/fold0/dataset/cifs/mb-mp-e-form-078421.cif,-1.8263812915993791,CaU2(PO9)2,23,
mb-mp-e-form-012597,matbench_mp_e_form,train,<RUNS_ROOT>/official_benchmark_214/matbench_e_form_5fold/fold0/dataset/cifs/mb-mp-e-form-012597.cif,-0.0031457879999985,Cr30As11C4,45,
mb-mp-e-form-095410,matbench_mp_e_form,train,<RUNS_ROOT>/official_benchmark_214/matbench_e_form_5fold/fold0/dataset/cifs/mb-mp-e-form-095410.cif,-2.3046360405,NaLaCoWO6,80,
mb-mp-e-form-077800,matbench_mp_e_form,train,<RUNS_ROOT>/official_benchmark_214/matbench_e_form_5fold/fold0/dataset/cifs/mb-mp-e-form-077800.cif,-1.7960194692499996,Zn2FeSbO6,20,
mb-mp-e-form-042416,matbench_mp_e_form,train,<RUNS_ROOT>/official_benchmark_214/matbench_e_form_5fold/fold0/dataset/cifs/mb-mp-e-form-042416.cif,-0.6000659555064936,K4Ba2SnP4,22,
mb-mp-e-form-071003,matbench_mp_e_form,train,<RUNS_ROOT>/official_benchmark_214/matbench_e_form_5fold/fold0/dataset/cifs/mb-mp-e-form-071003.cif,-1.5874469147074994,Pb10S(ClO3)4,54,
mb-mp-e-form-001907,matbench_mp_e_form,train,<RUNS_ROOT>/official_benchmark_214/matbench_e_form_5fold/fold0/dataset/cifs/mb-mp-e-form-001907.cif,1.2714141847413796,Rb3Tc,4,
mb-mp-e-form-053713,matbench_mp_e_form,train,<RUNS_ROOT>/official_benchmark_214/matbench_e_form_5fold/fold0/dataset/cifs/mb-mp-e-form-053713.cif,-0.8679218725000002,DyGe2Pt,16,
mb-mp-e-form-128851,matbench_mp_e_form,train,<RUNS_ROOT>/official_benchmark_214/matbench_e_form_5fold/fold0/dataset/cifs/mb-mp-e-form-128851.cif,-3.460202190582966,KRb2AlF6,10,
mb-mp-e-form-033527,matbench_mp_e_form,train,<RUNS_ROOT>/official_benchmark_214/matbench_e_form_5fold/fold0/dataset/cifs/mb-mp-e-form-033527.cif,-0.4278303619999996,Ce(NiSn)2,5,
mb-mp-e-form-073834,matbench_mp_e_form,train,<RUNS_ROOT>/official_benchmark_214/matbench_e_form_5fold/fold0/dataset/cifs/mb-mp-e-form-073834.cif,-1.681130656116724,CsNaICl,4,
mb-mp-e-form-074449,matbench_mp_e_form,train,<RUNS_ROOT>/official_benchmark_214/matbench_e_form_5fold/fold0/dataset/cifs/mb-mp-e-form-074449.cif,-1.7042817002719737,K2BeH4(SeO5)2,76,
mb-mp-e-form-026267,matbench_mp_e_form,train,<RUNS_ROOT>/official_benchmark_214/matbench_e_form_5fold/fold0/dataset/cifs/mb-mp-e-form-026267.cif,-0.3106413913980256,Zn4SO14,38,
mb-mp-e-form-124031,matbench_mp_e_form,train,<RUNS_ROOT>/official_benchmark_214/matbench_e_form_5fold/fold0/dataset/cifs/mb-mp-e-form-124031.cif,-3.120679095931372,DyMg(BO2)5,68,
mb-mp-e-form-027613,matbench_mp_e_form,train,<RUNS_ROOT>/official_benchmark_214/matbench_e_form_5fold/fold0/dataset/cifs/mb-mp-e-form-027613.cif,-0.3306819711111117,Ti2Sn,6,
mb-mp-e-form-041298,matbench_mp_e_form,train,<RUNS_ROOT>/official_benchmark_214/matbench_e_form_5fold/fold0/dataset/cifs/mb-mp-e-form-041298.cif,-0.585126079389882,TiNbAlC,8,
mb-mp-e-form-038521,matbench_mp_e_form,train,<RUNS_ROOT>/official_benchmark_214/matbench_e_form_5fold/fold0/dataset/cifs/mb-mp-e-form-038521.cif,-0.5275293671874994,Sc2GaC,8,
mb-mp-e-form-039889,matbench_mp_e_form,train,<RUNS_ROOT>/official_benchmark_214/matbench_e_form_5fold/fold0/dataset/cifs/mb-mp-e-form-039889.cif,-0.5513411212500001,Dy2OsPd,4,
mb-mp-e-form-006270,matbench_mp_e_form,train,<RUNS_ROOT>/official_benchmark_214/matbench_e_form_5fold/fold0/dataset/cifs/mb-mp-e-form-006270.cif,0.1746082008333331,MgSi2,24,
mb-mp-e-form-095854,matbench_mp_e_form,train,<RUNS_ROOT>/official_benchmark_214/matbench_e_form_5fold/fold0/dataset/cifs/mb-mp-e-form-095854.cif,-2.3127678516071435,Ti3Fe9O16,56,
mb-mp-e-form-047941,matbench_mp_e_form,train,<RUNS_ROOT>/official_benchmark_214/matbench_e_form_5fold/fold0/dataset/cifs/mb-mp-e-form-047941.cif,-0.7346928320233322,Mg2MnN3,12,
mb-mp-e-form-081240,matbench_mp_e_form,train,<RUNS_ROOT>/official_benchmark_214/matbench_e_form_5fold/fold0/dataset/cifs/mb-mp-e-form-081240.cif,-1.9069438468304605,CsYC4O9,30,
mb-mp-e-form-093070,matbench_mp_e_form,train,<RUNS_ROOT>/official_benchmark_214/matbench_e_form_5fold/fold0/dataset/cifs/mb-mp-e-form-093070.cif,-2.241845665916668,TiFeBiPbO6,10,
mb-mp-e-form-055812,matbench_mp_e_form,train,<RUNS_ROOT>/official_benchmark_214/matbench_e_form_5fold/fold0/dataset/cifs/mb-mp-e-form-055812.cif,-0.93488028375,Sr2SbAu,4,
mb-mp-e-form-052320,matbench_mp_e_form,train,<RUNS_ROOT>/official_benchmark_214/matbench_e_form_5fold/fold0/dataset/cifs/mb-mp-e-form-052320.cif,-0.8554847785035364,P5N6(Cl4O)2,42,
mb-mp-e-form-018863,matbench_mp_e_form,train,<RUNS_ROOT>/official_benchmark_214/matbench_e_form_5fold/fold0/dataset/cifs/mb-mp-e-form-018863.cif,-0.1332132772222216,TiCoAs,3,
mb-mp-e-form-006344,matbench_mp_e_form,train,<RUNS_ROOT>/official_benchmark_214/matbench_e_form_5fold/fold0/dataset/cifs/mb-mp-e-form-006344.cif,0.1704502432142856,Mg5Si9,28,
mb-mp-e-form-013299,matbench_mp_e_form,train,<RUNS_ROOT>/official_benchmark_214/matbench_e_form_5fold/fold0/dataset/cifs/mb-mp-e-form-013299.cif,-0.0285984808270832,Mg149S,150,
mb-mp-e-form-024491,matbench_mp_e_form,train,<RUNS_ROOT>/official_benchmark_214/matbench_e_form_5fold/fold0/dataset/cifs/mb-mp-e-form-024491.cif,-0.284210530963542,NiSe,6,
mb-mp-e-form-021034,matbench_mp_e_form,train,<RUNS_ROOT>/official_benchmark_214/matbench_e_form_5fold/fold0/dataset/cifs/mb-mp-e-form-021034.cif,-0.2209902557499994,V(BrO2)3,20,
mb-mp-e-form-057120,matbench_mp_e_form,train,<RUNS_ROOT>/official_benchmark_214/matbench_e_form_5fold/fold0/dataset/cifs/mb-mp-e-form-057120.cif,-1.017429877354165,NiH5CN(ClO)2,24,
mb-mp-e-form-116738,matbench_mp_e_form,train,<RUNS_ROOT>/official_benchmark_214/matbench_e_form_5fold/fold0/dataset/cifs/mb-mp-e-form-116738.cif,-2.8154585029928567,ZnCrF5,14,
mb-mp-e-form-110747,matbench_mp_e_form,train,<RUNS_ROOT>/official_benchmark_214/matbench_e_form_5fold/fold0/dataset/cifs/mb-mp-e-form-110747.cif,-2.6306753512499994,Mg3Si3(BiO6)2,80,
mb-mp-e-form-081305,matbench_mp_e_form,train,<RUNS_ROOT>/official_benchmark_214/matbench_e_form_5fold/fold0/dataset/cifs/mb-mp-e-form-081305.cif,-1.891381434783783,CsMnH5(SO5)2,19,
mb-mp-e-form-030425,matbench_mp_e_form,train,<RUNS_ROOT>/official_benchmark_214/matbench_e_form_5fold/fold0/dataset/cifs/mb-mp-e-form-030425.cif,-0.3770540991428573,K3SnSb3,7,
mb-mp-e-form-008954,matbench_mp_e_form,train,<RUNS_ROOT>/official_benchmark_214/matbench_e_form_5fold/fold0/dataset/cifs/mb-mp-e-form-008954.cif,0.0665779293750006,HfMg6Si,8,
mb-mp-e-form-116780,matbench_mp_e_form,train,<RUNS_ROOT>/official_benchmark_214/matbench_e_form_5fold/fold0/dataset/cifs/mb-mp-e-form-116780.cif,-2.8455851004687496,HfMg14GaO16,32,
mb-mp-e-form-056923,matbench_mp_e_form,train,<RUNS_ROOT>/official_benchmark_214/matbench_e_form_5fold/fold0/dataset/cifs/mb-mp-e-form-056923.cif,-1.0231432524399997,LiVN2,16,
mb-mp-e-form-042000,matbench_mp_e_form,train,<RUNS_ROOT>/official_benchmark_214/matbench_e_form_5fold/fold0/dataset/cifs/mb-mp-e-form-042000.cif,-0.5992225180288884,Pt(NO3)2,9,
mb-mp-e-form-004755,matbench_mp_e_form,train,<RUNS_ROOT>/official_benchmark_214/matbench_e_form_5fold/fold0/dataset/cifs/mb-mp-e-form-004755.cif,0.3367108209375011,Np3Al,4,
mb-mp-e-form-117369,matbench_mp_e_form,train,<RUNS_ROOT>/official_benchmark_214/matbench_e_form_5fold/fold0/dataset/cifs/mb-mp-e-form-117369.cif,-2.8182223451973667,Er4Mo4O11,76,
mb-mp-e-form-091575,matbench_mp_e_form,train,<RUNS_ROOT>/official_benchmark_214/matbench_e_form_5fold/fold0/dataset/cifs/mb-mp-e-form-091575.cif,-2.18793140460026,NaMnPCO7,22,
mb-mp-e-form-070952,matbench_mp_e_form,train,<RUNS_ROOT>/official_benchmark_214/matbench_e_form_5fold/fold0/dataset/cifs/mb-mp-e-form-070952.cif,-1.5951417246973796,Cs2HgSbCl6,10,
mb-mp-e-form-092535,matbench_mp_e_form,train,<RUNS_ROOT>/official_benchmark_214/matbench_e_form_5fold/fold0/dataset/cifs/mb-mp-e-form-092535.cif,-2.201333860803572,Na2AsPCO7,24,
mb-mp-e-form-102496,matbench_mp_e_form,train,<RUNS_ROOT>/official_benchmark_214/matbench_e_form_5fold/fold0/dataset/cifs/mb-mp-e-form-102496.cif,-2.448722272291667,LiAlCoO3,12,
mb-mp-e-form-033860,matbench_mp_e_form,train,<RUNS_ROOT>/official_benchmark_214/matbench_e_form_5fold/fold0/dataset/cifs/mb-mp-e-form-033860.cif,-0.443240453125,K5As2Au,16,
mb-mp-e-form-048736,matbench_mp_e_form,train,<RUNS_ROOT>/official_benchmark_214/matbench_e_form_5fold/fold0/dataset/cifs/mb-mp-e-form-048736.cif,-0.7413458810794605,Cs4Zr3Te16,92,
mb-mp-e-form-080430,matbench_mp_e_form,train,<RUNS_ROOT>/official_benchmark_214/matbench_e_form_5fold/fold0/dataset/cifs/mb-mp-e-form-080430.cif,-1.858454405607144,KLaSiS4,14,
mb-mp-e-form-049927,matbench_mp_e_form,train,<RUNS_ROOT>/official_benchmark_214/matbench_e_form_5fold/fold0/dataset/cifs/mb-mp-e-form-049927.cif,-0.8054950959114594,Te2Mo3W(SeS2)2,12,
mb-mp-e-form-112450,matbench_mp_e_form,train,<RUNS_ROOT>/official_benchmark_214/matbench_e_form_5fold/fold0/dataset/cifs/mb-mp-e-form-112450.cif,-2.674171266339285,Li2VP3O10,64,
mb-mp-e-form-033634,matbench_mp_e_form,train,<RUNS_ROOT>/official_benchmark_214/matbench_e_form_5fold/fold0/dataset/cifs/mb-mp-e-form-033634.cif,-0.4263360705555554,Na5SnAs3,36,
mb-mp-e-form-067532,matbench_mp_e_form,train,<RUNS_ROOT>/official_benchmark_214/matbench_e_form_5fold/fold0/dataset/cifs/mb-mp-e-form-067532.cif,-1.4470059129629629,Na2UBr6,27,
mb-mp-e-form-010196,matbench_mp_e_form,train,<RUNS_ROOT>/official_benchmark_214/matbench_e_form_5fold/fold0/dataset/cifs/mb-mp-e-form-010196.cif,0.0548338042857139,Mg4Si3,14,
mb-mp-e-form-006979,matbench_mp_e_form,train,<RUNS_ROOT>/official_benchmark_214/matbench_e_form_5fold/fold0/dataset/cifs/mb-mp-e-form-006979.cif,0.13772510125,LiMg6Cr,8,
mb-mp-e-form-014049,matbench_mp_e_form,train,<RUNS_ROOT>/official_benchmark_214/matbench_e_form_5fold/fold0/dataset/cifs/mb-mp-e-form-014049.cif,-0.031295171607143,Ni2O5,14,
mb-mp-e-form-121538,matbench_mp_e_form,train,<RUNS_ROOT>/official_benchmark_214/matbench_e_form_5fold/fold0/dataset/cifs/mb-mp-e-form-121538.cif,-2.9722710898884,Li3Mn(Si2O5)3,100,
mb-mp-e-form-107911,matbench_mp_e_form,train,<RUNS_ROOT>/official_benchmark_214/matbench_e_form_5fold/fold0/dataset/cifs/mb-mp-e-form-107911.cif,-2.5883638734862022,Li4V3P8O29,88,
mb-mp-e-form-020626,matbench_mp_e_form,train,<RUNS_ROOT>/official_benchmark_214/matbench_e_form_5fold/fold0/dataset/cifs/mb-mp-e-form-020626.cif,-0.1854187633333331,BaZn2,6,
mb-mp-e-form-014140,matbench_mp_e_form,train,<RUNS_ROOT>/official_benchmark_214/matbench_e_form_5fold/fold0/dataset/cifs/mb-mp-e-form-014140.cif,-0.039694970572917,PuB2C,12,
mb-mp-e-form-086650,matbench_mp_e_form,train,<RUNS_ROOT>/official_benchmark_214/matbench_e_form_5fold/fold0/dataset/cifs/mb-mp-e-form-086650.cif,-2.052626624907408,In2WO6,36,
mb-mp-e-form-037952,matbench_mp_e_form,train,<RUNS_ROOT>/official_benchmark_214/matbench_e_form_5fold/fold0/dataset/cifs/mb-mp-e-form-037952.cif,-0.5183622007552083,Te2Mo3WSe6,12,
mb-mp-e-form-118171,matbench_mp_e_form,train,<RUNS_ROOT>/official_benchmark_214/matbench_e_form_5fold/fold0/dataset/cifs/mb-mp-e-form-118171.cif,-2.8803831947500016,Sr3CaV4O12,20,
mb-mp-e-form-110663,matbench_mp_e_form,train,<RUNS_ROOT>/official_benchmark_214/matbench_e_form_5fold/fold0/dataset/cifs/mb-mp-e-form-110663.cif,-2.625036937752976,Li2CrP2O7,24,
mb-mp-e-form-114261,matbench_mp_e_form,train,<RUNS_ROOT>/official_benchmark_214/matbench_e_form_5fold/fold0/dataset/cifs/mb-mp-e-form-114261.cif,-2.7441083030032463,LiVP2O7,22,
mb-mp-e-form-019261,matbench_mp_e_form,train,<RUNS_ROOT>/official_benchmark_214/matbench_e_form_5fold/fold0/dataset/cifs/mb-mp-e-form-019261.cif,-0.1622786976923064,Mg(MnGe)6,13,
mb-mp-e-form-109249,matbench_mp_e_form,train,<RUNS_ROOT>/official_benchmark_214/matbench_e_form_5fold/fold0/dataset/cifs/mb-mp-e-form-109249.cif,-2.6068117123634456,LiCr2P3O11,34,
mb-mp-e-form-003660,matbench_mp_e_form,train,<RUNS_ROOT>/official_benchmark_214/matbench_e_form_5fold/fold0/dataset/cifs/mb-mp-e-form-003660.cif,0.4403453060841381,Co2Cu3(CN)12,29,
mb-mp-e-form-097389,matbench_mp_e_form,train,<RUNS_ROOT>/official_benchmark_214/matbench_e_form_5fold/fold0/dataset/cifs/mb-mp-e-form-097389.cif,-2.3489183008885712,Li7VO5F,14,
mb-mp-e-form-053455,matbench_mp_e_form,train,<RUNS_ROOT>/official_benchmark_214/matbench_e_form_5fold/fold0/dataset/cifs/mb-mp-e-form-053455.cif,-0.8731738550000001,TmAgTe2,4,
mb-mp-e-form-115807,matbench_mp_e_form,train,<RUNS_ROOT>/official_benchmark_214/matbench_e_form_5fold/fold0/dataset/cifs/mb-mp-e-form-115807.cif,-2.786333581875,BaMg14CrO16,32,
mb-mp-e-form-081819,matbench_mp_e_form,train,<RUNS_ROOT>/official_benchmark_214/matbench_e_form_5fold/fold0/dataset/cifs/mb-mp-e-form-081819.cif,-1.9239140660200005,RuF6,7,
mb-mp-e-form-055798,matbench_mp_e_form,train,<RUNS_ROOT>/official_benchmark_214/matbench_e_form_5fold/fold0/dataset/cifs/mb-mp-e-form-055798.cif,-0.960899233854167,LiCuS,12,
mb-mp-e-form-006269,matbench_mp_e_form,train,<RUNS_ROOT>/official_benchmark_214/matbench_e_form_5fold/fold0/dataset/cifs/mb-mp-e-form-006269.cif,0.1686667604166665,MgSi2,24,
mb-mp-e-form-104520,matbench_mp_e_form,train,<RUNS_ROOT>/official_benchmark_214/matbench_e_form_5fold/fold0/dataset/cifs/mb-mp-e-form-104520.cif,-2.49313591080743,Li5Mn6(BO3)6,70,
mb-mp-e-form-047958,matbench_mp_e_form,train,<RUNS_ROOT>/official_benchmark_214/matbench_e_form_5fold/fold0/dataset/cifs/mb-mp-e-form-047958.cif,-0.7331414070000009,EuSi3Ir,5,
mb-mp-e-form-130095,matbench_mp_e_form,train,<RUNS_ROOT>/official_benchmark_214/matbench_e_form_5fold/fold0/dataset/cifs/mb-mp-e-form-130095.cif,-3.5958895428125004,SrLaAl3O7,24,
mb-mp-e-form-083080,matbench_mp_e_form,train,<RUNS_ROOT>/official_benchmark_214/matbench_e_form_5fold/fold0/dataset/cifs/mb-mp-e-form-083080.cif,-1.9520483954166656,Sn2Bi2O7,132,
mb-mp-e-form-123049,matbench_mp_e_form,train,<RUNS_ROOT>/official_benchmark_214/matbench_e_form_5fold/fold0/dataset/cifs/mb-mp-e-form-123049.cif,-3.0300458615126664,Sr2TiMnO6,10,
mb-mp-e-form-075465,matbench_mp_e_form,train,<RUNS_ROOT>/official_benchmark_214/matbench_e_form_5fold/fold0/dataset/cifs/mb-mp-e-form-075465.cif,-1.7245370304166674,Na4CO4,9,
mb-mp-e-form-023987,matbench_mp_e_form,train,<RUNS_ROOT>/official_benchmark_214/matbench_e_form_5fold/fold0/dataset/cifs/mb-mp-e-form-023987.cif,-0.2840138428794648,Cu9S5,14,
mb-mp-e-form-066245,matbench_mp_e_form,train,<RUNS_ROOT>/official_benchmark_214/matbench_e_form_5fold/fold0/dataset/cifs/mb-mp-e-form-066245.cif,-1.3943057768314482,RbTb(SO6)2,64,
mb-mp-e-form-115399,matbench_mp_e_form,train,<RUNS_ROOT>/official_benchmark_214/matbench_e_form_5fold/fold0/dataset/cifs/mb-mp-e-form-115399.cif,-2.7773975527362285,Rb2Bi3F11,16,
mb-mp-e-form-034960,matbench_mp_e_form,train,<RUNS_ROOT>/official_benchmark_214/matbench_e_form_5fold/fold0/dataset/cifs/mb-mp-e-form-034960.cif,-0.4644400360000006,Al3Ru2,5,
mb-mp-e-form-095032,matbench_mp_e_form,train,<RUNS_ROOT>/official_benchmark_214/matbench_e_form_5fold/fold0/dataset/cifs/mb-mp-e-form-095032.cif,-2.2921833745243334,UH2(SO5)2,60,
mb-mp-e-form-104518,matbench_mp_e_form,train,<RUNS_ROOT>/official_benchmark_214/matbench_e_form_5fold/fold0/dataset/cifs/mb-mp-e-form-104518.cif,-2.492465713219697,Tb2Pb2O7,44,
mb-mp-e-form-126862,matbench_mp_e_form,train,<RUNS_ROOT>/official_benchmark_214/matbench_e_form_5fold/fold0/dataset/cifs/mb-mp-e-form-126862.cif,-3.2725990581018505,Tb2Y2O5,9,
mb-mp-e-form-061627,matbench_mp_e_form,train,<RUNS_ROOT>/official_benchmark_214/matbench_e_form_5fold/fold0/dataset/cifs/mb-mp-e-form-061627.cif,-1.1758505379102897,Li7P3S11,42,
mb-mp-e-form-073047,matbench_mp_e_form,train,<RUNS_ROOT>/official_benchmark_214/matbench_e_form_5fold/fold0/dataset/cifs/mb-mp-e-form-073047.cif,-1.666836542867,PtC2S2(O4F)2,60,
mb-mp-e-form-042652,matbench_mp_e_form,train,<RUNS_ROOT>/official_benchmark_214/matbench_e_form_5fold/fold0/dataset/cifs/mb-mp-e-form-042652.cif,-0.6159462001562499,Cu2HgGeS4,16,
mb-mp-e-form-004006,matbench_mp_e_form,train,<RUNS_ROOT>/official_benchmark_214/matbench_e_form_5fold/fold0/dataset/cifs/mb-mp-e-form-004006.cif,0.3659512814062498,LaMg6C,8,
mb-mp-e-form-130360,matbench_mp_e_form,train,<RUNS_ROOT>/official_benchmark_214/matbench_e_form_5fold/fold0/dataset/cifs/mb-mp-e-form-130360.cif,-3.5921324293936365,Na3HfF7,11,
mb-mp-e-form-114569,matbench_mp_e_form,train,<RUNS_ROOT>/official_benchmark_214/matbench_e_form_5fold/fold0/dataset/cifs/mb-mp-e-form-114569.cif,-2.7501855022542854,Li2MnOF3,14,
mb-mp-e-form-128827,matbench_mp_e_form,train,<RUNS_ROOT>/official_benchmark_214/matbench_e_form_5fold/fold0/dataset/cifs/mb-mp-e-form-128827.cif,-3.3924514247368425,Ho5(MoO6)2,19,
mb-mp-e-form-116253,matbench_mp_e_form,train,<RUNS_ROOT>/official_benchmark_214/matbench_e_form_5fold/fold0/dataset/cifs/mb-mp-e-form-116253.cif,-2.8143893901547616,KNaEuNbO5,18,
mb-mp-e-form-120514,matbench_mp_e_form,train,<RUNS_ROOT>/official_benchmark_214/matbench_e_form_5fold/fold0/dataset/cifs/mb-mp-e-form-120514.cif,-2.9233365061419936,Rb3Nb5P2O19,174,
mb-mp-e-form-073022,matbench_mp_e_form,train,<RUNS_ROOT>/official_benchmark_214/matbench_e_form_5fold/fold0/dataset/cifs/mb-mp-e-form-073022.cif,-1.6624804275000002,Bi3(AsO5)2,30,
mb-mp-e-form-027989,matbench_mp_e_form,train,<RUNS_ROOT>/official_benchmark_214/matbench_e_form_5fold/fold0/dataset/cifs/mb-mp-e-form-027989.cif,-0.3394354174999995,Ce2Au,12,
mb-mp-e-form-045968,matbench_mp_e_form,train,<RUNS_ROOT>/official_benchmark_214/matbench_e_form_5fold/fold0/dataset/cifs/mb-mp-e-form-045968.cif,-0.6870713166666668,DyMgPd,9,
mb-mp-e-form-019141,matbench_mp_e_form,train,<RUNS_ROOT>/official_benchmark_214/matbench_e_form_5fold/fold0/dataset/cifs/mb-mp-e-form-019141.cif,-0.1671455240981814,BaReH9,22,
mb-mp-e-form-122814,matbench_mp_e_form,train,<RUNS_ROOT>/official_benchmark_214/matbench_e_form_5fold/fold0/dataset/cifs/mb-mp-e-form-122814.cif,-3.0285628690476187,Ti2AlO4,14,
mb-mp-e-form-050427,matbench_mp_e_form,train,<RUNS_ROOT>/official_benchmark_214/matbench_e_form_5fold/fold0/dataset/cifs/mb-mp-e-form-050427.cif,-0.7970010959999996,Ce2Al3GaPd4,10,
mb-mp-e-form-115687,matbench_mp_e_form,train,<RUNS_ROOT>/official_benchmark_214/matbench_e_form_5fold/fold0/dataset/cifs/mb-mp-e-form-115687.cif,-2.7823314340625007,PuO,2,
mb-mp-e-form-019265,matbench_mp_e_form,train,<RUNS_ROOT>/official_benchmark_214/matbench_e_form_5fold/fold0/dataset/cifs/mb-mp-e-form-019265.cif,-0.1637117870833341,La4MgNi,24,
mb-mp-e-form-085022,matbench_mp_e_form,train,<RUNS_ROOT>/official_benchmark_214/matbench_e_form_5fold/fold0/dataset/cifs/mb-mp-e-form-085022.cif,-2.0263929542752064,Tl2ZnP4(HO2)8,31,
mb-mp-e-form-084036,matbench_mp_e_form,train,<RUNS_ROOT>/official_benchmark_214/matbench_e_form_5fold/fold0/dataset/cifs/mb-mp-e-form-084036.cif,-2.0017210679419994,MnInO3,30,
mb-mp-e-form-089529,matbench_mp_e_form,train,<RUNS_ROOT>/official_benchmark_214/matbench_e_form_5fold/fold0/dataset/cifs/mb-mp-e-form-089529.cif,-2.1448905719149995,Li8MnCr3O12,24,
mb-mp-e-form-077047,matbench_mp_e_form,train,<RUNS_ROOT>/official_benchmark_214/matbench_e_form_5fold/fold0/dataset/cifs/mb-mp-e-form-077047.cif,-1.7816669536200005,KBaV5O18,100,
mb-mp-e-form-061303,matbench_mp_e_form,train,<RUNS_ROOT>/official_benchmark_214/matbench_e_form_5fold/fold0/dataset/cifs/mb-mp-e-form-061303.cif,-1.1989643344285714,K2MoBr4,14,
mb-mp-e-form-102777,matbench_mp_e_form,train,<RUNS_ROOT>/official_benchmark_214/matbench_e_form_5fold/fold0/dataset/cifs/mb-mp-e-form-102777.cif,-2.4775815184092136,RbMg14CO16,32,
mb-mp-e-form-016069,matbench_mp_e_form,train,<RUNS_ROOT>/official_benchmark_214/matbench_e_form_5fold/fold0/dataset/cifs/mb-mp-e-form-016069.cif,-0.0850915347368425,Ce2Co17,19,
mb-mp-e-form-052559,matbench_mp_e_form,train,<RUNS_ROOT>/official_benchmark_214/matbench_e_form_5fold/fold0/dataset/cifs/mb-mp-e-form-052559.cif,-0.8358839087499996,LaSi2Ru,8,
mb-mp-e-form-025307,matbench_mp_e_form,train,<RUNS_ROOT>/official_benchmark_214/matbench_e_form_5fold/fold0/dataset/cifs/mb-mp-e-form-025307.cif,-0.2972891423863628,Er4C7,22,
mb-mp-e-form-047184,matbench_mp_e_form,train,<RUNS_ROOT>/official_benchmark_214/matbench_e_form_5fold/fold0/dataset/cifs/mb-mp-e-form-047184.cif,-0.7237475852054548,CuC3N2O5,22,
mb-mp-e-form-009664,matbench_mp_e_form,train,<RUNS_ROOT>/official_benchmark_214/matbench_e_form_5fold/fold0/dataset/cifs/mb-mp-e-form-009664.cif,0.0694080891071422,NbMo3C4,8,
mb-mp-e-form-130943,matbench_mp_e_form,train,<RUNS_ROOT>/official_benchmark_214/matbench_e_form_5fold/fold0/dataset/cifs/mb-mp-e-form-130943.cif,-3.816946317327832,RbZrF5,42,
mb-mp-e-form-030235,matbench_mp_e_form,train,<RUNS_ROOT>/official_benchmark_214/matbench_e_form_5fold/fold0/dataset/cifs/mb-mp-e-form-030235.cif,-0.3773290420000002,Ce(AgGe)2,5,
mb-mp-e-form-057742,matbench_mp_e_form,train,<RUNS_ROOT>/official_benchmark_214/matbench_e_form_5fold/fold0/dataset/cifs/mb-mp-e-form-057742.cif,-1.036844014695918,PH8N3O2,56,
mb-mp-e-form-060328,matbench_mp_e_form,train,<RUNS_ROOT>/official_benchmark_214/matbench_e_form_5fold/fold0/dataset/cifs/mb-mp-e-form-060328.cif,-1.1517552646633331,Mn3Zn(IO3)8,36,
mb-mp-e-form-028202,matbench_mp_e_form,train,<RUNS_ROOT>/official_benchmark_214/matbench_e_form_5fold/fold0/dataset/cifs/mb-mp-e-form-028202.cif,-0.3398001449267737,V2H6C8N2O13,62,
mb-mp-e-form-124321,matbench_mp_e_form,train,<RUNS_ROOT>/official_benchmark_214/matbench_e_form_5fold/fold0/dataset/cifs/mb-mp-e-form-124321.cif,-3.103516975795,Rb4Nb2Si8O23,37,
mb-mp-e-form-112202,matbench_mp_e_form,train,<RUNS_ROOT>/official_benchmark_214/matbench_e_form_5fold/fold0/dataset/cifs/mb-mp-e-form-112202.cif,-2.684220794722223,SrV2O6,36,
mb-mp-e-form-087691,matbench_mp_e_form,train,<RUNS_ROOT>/official_benchmark_214/matbench_e_form_5fold/fold0/dataset/cifs/mb-mp-e-form-087691.cif,-2.067065297220588,K8Al2O7,68,
mb-mp-e-form-074800,matbench_mp_e_form,train,<RUNS_ROOT>/official_benchmark_214/matbench_e_form_5fold/fold0/dataset/cifs/mb-mp-e-form-074800.cif,-1.7116299380468751,NaGdSe2,4,
mb-mp-e-form-036865,matbench_mp_e_form,train,<RUNS_ROOT>/official_benchmark_214/matbench_e_form_5fold/fold0/dataset/cifs/mb-mp-e-form-036865.cif,-0.4815811574999999,Sm2RuAu,4,
mb-mp-e-form-075855,matbench_mp_e_form,train,<RUNS_ROOT>/official_benchmark_214/matbench_e_form_5fold/fold0/dataset/cifs/mb-mp-e-form-075855.cif,-1.7780176532954537,CaBi3O7,44,
mb-mp-e-form-101394,matbench_mp_e_form,train,<RUNS_ROOT>/official_benchmark_214/matbench_e_form_5fold/fold0/dataset/cifs/mb-mp-e-form-101394.cif,-2.4241725230744446,Mn6O5F7,36,
mb-mp-e-form-122527,matbench_mp_e_form,train,<RUNS_ROOT>/official_benchmark_214/matbench_e_form_5fold/fold0/dataset/cifs/mb-mp-e-form-122527.cif,-2.988972284166666,Ho2TeO6,18,
mb-mp-e-form-012242,matbench_mp_e_form,train,<RUNS_ROOT>/official_benchmark_214/matbench_e_form_5fold/fold0/dataset/cifs/mb-mp-e-form-012242.cif,0.0089595674999998,CeLuMg2,4,
mb-mp-e-form-019095,matbench_mp_e_form,train,<RUNS_ROOT>/official_benchmark_214/matbench_e_form_5fold/fold0/dataset/cifs/mb-mp-e-form-019095.cif,-0.1597526562499998,Mg2CdAg,4,
mb-mp-e-form-058655,matbench_mp_e_form,train,<RUNS_ROOT>/official_benchmark_214/matbench_e_form_5fold/fold0/dataset/cifs/mb-mp-e-form-058655.cif,-1.0550138911877396,Rb2TeBr6,9,
mb-mp-e-form-073885,matbench_mp_e_form,train,<RUNS_ROOT>/official_benchmark_214/matbench_e_form_5fold/fold0/dataset/cifs/mb-mp-e-form-073885.cif,-1.7067208512499992,CaWO2,16,
mb-mp-e-form-114252,matbench_mp_e_form,train,<RUNS_ROOT>/official_benchmark_214/matbench_e_form_5fold/fold0/dataset/cifs/mb-mp-e-form-114252.cif,-2.7392092858925,CdSnF6,8,
mb-mp-e-form-022508,matbench_mp_e_form,train,<RUNS_ROOT>/official_benchmark_214/matbench_e_form_5fold/fold0/dataset/cifs/mb-mp-e-form-022508.cif,-0.2418802032894734,Ba7Cd31,38,
mb-mp-e-form-022730,matbench_mp_e_form,train,<RUNS_ROOT>/official_benchmark_214/matbench_e_form_5fold/fold0/dataset/cifs/mb-mp-e-form-022730.cif,-0.2305522924759998,Mn3RhN,5,
mb-mp-e-form-076727,matbench_mp_e_form,train,<RUNS_ROOT>/official_benchmark_214/matbench_e_form_5fold/fold0/dataset/cifs/mb-mp-e-form-076727.cif,-1.7481612761311809,CsTi(NbCl3)6,52,
mb-mp-e-form-014948,matbench_mp_e_form,train,<RUNS_ROOT>/official_benchmark_214/matbench_e_form_5fold/fold0/dataset/cifs/mb-mp-e-form-014948.cif,-0.0729795124999999,YMg6Ga,8,
mb-mp-e-form-083984,matbench_mp_e_form,train,<RUNS_ROOT>/official_benchmark_214/matbench_e_form_5fold/fold0/dataset/cifs/mb-mp-e-form-083984.cif,-1.995484918711,Mn7SiO12,80,
mb-mp-e-form-065936,matbench_mp_e_form,train,<RUNS_ROOT>/official_benchmark_214/matbench_e_form_5fold/fold0/dataset/cifs/mb-mp-e-form-065936.cif,-1.4166313661979164,ErAsSe,12,
mb-mp-e-form-084850,matbench_mp_e_form,train,<RUNS_ROOT>/official_benchmark_214/matbench_e_form_5fold/fold0/dataset/cifs/mb-mp-e-form-084850.cif,-2.013521993229168,Cr5O7,24,
mb-mp-e-form-006327,matbench_mp_e_form,train,<RUNS_ROOT>/official_benchmark_214/matbench_e_form_5fold/fold0/dataset/cifs/mb-mp-e-form-006327.cif,0.2089115892857143,Mg3Si4,14,
mb-mp-e-form-085774,matbench_mp_e_form,train,<RUNS_ROOT>/official_benchmark_214/matbench_e_form_5fold/fold0/dataset/cifs/mb-mp-e-form-085774.cif,-2.0134391615625,MoO3,16,
mb-mp-e-form-071884,matbench_mp_e_form,train,<RUNS_ROOT>/official_benchmark_214/matbench_e_form_5fold/fold0/dataset/cifs/mb-mp-e-form-071884.cif,-1.6128898802413794,CsDyBr3,10,
mb-mp-e-form-108486,matbench_mp_e_form,train,<RUNS_ROOT>/official_benchmark_214/matbench_e_form_5fold/fold0/dataset/cifs/mb-mp-e-form-108486.cif,-2.591124800496032,LiV2(PO4)3,72,
mb-mp-e-form-115832,matbench_mp_e_form,train,<RUNS_ROOT>/official_benchmark_214/matbench_e_form_5fold/fold0/dataset/cifs/mb-mp-e-form-115832.cif,-2.785614481093749,Mg14CdCuO16,32,
mb-mp-e-form-006456,matbench_mp_e_form,train,<RUNS_ROOT>/official_benchmark_214/matbench_e_form_5fold/fold0/dataset/cifs/mb-mp-e-form-006456.cif,0.1906073537499987,NpOs2,6,
mb-mp-e-form-008740,matbench_mp_e_form,train,<RUNS_ROOT>/official_benchmark_214/matbench_e_form_5fold/fold0/dataset/cifs/mb-mp-e-form-008740.cif,0.1234700799999997,Fe2PtRh,4,
mb-mp-e-form-046899,matbench_mp_e_form,train,<RUNS_ROOT>/official_benchmark_214/matbench_e_form_5fold/fold0/dataset/cifs/mb-mp-e-form-046899.cif,-0.7094192775000003,PrBi,2,
mb-mp-e-form-098256,matbench_mp_e_form,train,<RUNS_ROOT>/official_benchmark_214/matbench_e_form_5fold/fold0/dataset/cifs/mb-mp-e-form-098256.cif,-2.3768033437916665,KLaCr2O8,48,
mb-mp-e-form-101363,matbench_mp_e_form,train,<RUNS_ROOT>/official_benchmark_214/matbench_e_form_5fold/fold0/dataset/cifs/mb-mp-e-form-101363.cif,-2.426341990769232,LiFe2(SiO4)2,39,
mb-mp-e-form-078004,matbench_mp_e_form,train,<RUNS_ROOT>/official_benchmark_214/matbench_e_form_5fold/fold0/dataset/cifs/mb-mp-e-form-078004.cif,-1.833590581923077,W3O10,13,
mb-mp-e-form-124688,matbench_mp_e_form,train,<RUNS_ROOT>/official_benchmark_214/matbench_e_form_5fold/fold0/dataset/cifs/mb-mp-e-form-124688.cif,-3.104925652625,KYO2,4,
mb-mp-e-form-054835,matbench_mp_e_form,train,<RUNS_ROOT>/official_benchmark_214/matbench_e_form_5fold/fold0/dataset/cifs/mb-mp-e-form-054835.cif,-0.9069855800000006,Sc2GaPt,4,
mb-mp-e-form-008363,matbench_mp_e_form,train,<RUNS_ROOT>/official_benchmark_214/matbench_e_form_5fold/fold0/dataset/cifs/mb-mp-e-form-008363.cif,0.10910613875,Bi,8,
mb-mp-e-form-079324,matbench_mp_e_form,train,<RUNS_ROOT>/official_benchmark_214/matbench_e_form_5fold/fold0/dataset/cifs/mb-mp-e-form-079324.cif,-1.8533891936108369,Rb4Te(MoO4)6,70,
mb-mp-e-form-023460,matbench_mp_e_form,train,<RUNS_ROOT>/official_benchmark_214/matbench_e_form_5fold/fold0/dataset/cifs/mb-mp-e-form-023460.cif,-0.2530001962499995,AlSiMo6,8,
mb-mp-e-form-132690,matbench_mp_e_form,train,<RUNS_ROOT>/official_benchmark_214/matbench_e_form_5fold/fold0/dataset/cifs/mb-mp-e-form-132690.cif,-4.328040622372667,BaY3F11,60,
mb-mp-e-form-015684,matbench_mp_e_form,train,<RUNS_ROOT>/official_benchmark_214/matbench_e_form_5fold/fold0/dataset/cifs/mb-mp-e-form-015684.cif,-0.0569966143617019,Sr9Mg38,94,
mb-mp-e-form-020108,matbench_mp_e_form,train,<RUNS_ROOT>/official_benchmark_214/matbench_e_form_5fold/fold0/dataset/cifs/mb-mp-e-form-020108.cif,-0.1952353850000001,MnPd2Au,4,
mb-mp-e-form-034235,matbench_mp_e_form,train,<RUNS_ROOT>/official_benchmark_214/matbench_e_form_5fold/fold0/dataset/cifs/mb-mp-e-form-034235.cif,-0.4477072474040007,SbS8N6Cl5,80,
mb-mp-e-form-111779,matbench_mp_e_form,train,<RUNS_ROOT>/official_benchmark_214/matbench_e_form_5fold/fold0/dataset/cifs/mb-mp-e-form-111779.cif,-2.67479136875,La2ZnRhO6,20,
mb-mp-e-form-021557,matbench_mp_e_form,train,<RUNS_ROOT>/official_benchmark_214/matbench_e_form_5fold/fold0/dataset/cifs/mb-mp-e-form-021557.cif,-0.2116364943749999,NpSb,4,
mb-mp-e-form-125459,matbench_mp_e_form,train,<RUNS_ROOT>/official_benchmark_214/matbench_e_form_5fold/fold0/dataset/cifs/mb-mp-e-form-125459.cif,-3.17329816952381,LiZr2(PO4)3,36,
mb-mp-e-form-076799,matbench_mp_e_form,train,<RUNS_ROOT>/official_benchmark_214/matbench_e_form_5fold/fold0/dataset/cifs/mb-mp-e-form-076799.cif,-1.7522318117500006,AlAgO3,20,
mb-mp-e-form-065238,matbench_mp_e_form,train,<RUNS_ROOT>/official_benchmark_214/matbench_e_form_5fold/fold0/dataset/cifs/mb-mp-e-form-065238.cif,-1.373754768725248,Cs3Re6(S4Cl3)2,46,
mb-mp-e-form-081253,matbench_mp_e_form,train,<RUNS_ROOT>/official_benchmark_214/matbench_e_form_5fold/fold0/dataset/cifs/mb-mp-e-form-081253.cif,-1.8977619205468743,YbErSe2,4,
mb-mp-e-form-132143,matbench_mp_e_form,train,<RUNS_ROOT>/official_benchmark_214/matbench_e_form_5fold/fold0/dataset/cifs/mb-mp-e-form-132143.cif,-3.849394636904444,NaSrAlF6,72,
mb-mp-e-form-035772,matbench_mp_e_form,train,<RUNS_ROOT>/official_benchmark_214/matbench_e_form_5fold/fold0/dataset/cifs/mb-mp-e-form-035772.cif,-0.4688900040018744,H21C6N2Cl3,64,
mb-mp-e-form-031387,matbench_mp_e_form,train,<RUNS_ROOT>/official_benchmark_214/matbench_e_form_5fold/fold0/dataset/cifs/mb-mp-e-form-031387.cif,-0.4082366950000005,Sn2Pd3Au,6,
mb-mp-e-form-008638,matbench_mp_e_form,train,<RUNS_ROOT>/official_benchmark_214/matbench_e_form_5fold/fold0/dataset/cifs/mb-mp-e-form-008638.cif,0.1212016054310352,Si,232,
mb-mp-e-form-050020,matbench_mp_e_form,train,<RUNS_ROOT>/official_benchmark_214/matbench_e_form_5fold/fold0/dataset/cifs/mb-mp-e-form-050020.cif,-0.7962932162351208,PRuS,12,
mb-mp-e-form-049506,matbench_mp_e_form,train,<RUNS_ROOT>/official_benchmark_214/matbench_e_form_5fold/fold0/dataset/cifs/mb-mp-e-form-049506.cif,-0.7579707828571429,Ba(MnP)2,5,
mb-mp-e-form-118129,matbench_mp_e_form,train,<RUNS_ROOT>/official_benchmark_214/matbench_e_form_5fold/fold0/dataset/cifs/mb-mp-e-form-118129.cif,-2.8546679877638894,K3Tb(BO3)2,24,
mb-mp-e-form-001729,matbench_mp_e_form,train,<RUNS_ROOT>/official_benchmark_214/matbench_e_form_5fold/fold0/dataset/cifs/mb-mp-e-form-001729.cif,1.1792674901785714,Yb2Zn25Rh,56,
mb-mp-e-form-040719,matbench_mp_e_form,train,<RUNS_ROOT>/official_benchmark_214/matbench_e_form_5fold/fold0/dataset/cifs/mb-mp-e-form-040719.cif,-0.5790890083333325,EuNiGe,12,
mb-mp-e-form-084583,matbench_mp_e_form,train,<RUNS_ROOT>/official_benchmark_214/matbench_e_form_5fold/fold0/dataset/cifs/mb-mp-e-form-084583.cif,-1.990606370386668,Co2OF3,24,
mb-mp-e-form-106258,matbench_mp_e_form,train,<RUNS_ROOT>/official_benchmark_214/matbench_e_form_5fold/fold0/dataset/cifs/mb-mp-e-form-106258.cif,-2.5379005035520827,K3CaV5O15,96,
mb-mp-e-form-064429,matbench_mp_e_form,train,<RUNS_ROOT>/official_benchmark_214/matbench_e_form_5fold/fold0/dataset/cifs/mb-mp-e-form-064429.cif,-1.2916587547344447,KLi2(HO)3,18,
mb-mp-e-form-014264,matbench_mp_e_form,train,<RUNS_ROOT>/official_benchmark_214/matbench_e_form_5fold/fold0/dataset/cifs/mb-mp-e-form-014264.cif,-0.0348347549999998,MgHg3,4,
mb-mp-e-form-080189,matbench_mp_e_form,train,<RUNS_ROOT>/official_benchmark_214/matbench_e_form_5fold/fold0/dataset/cifs/mb-mp-e-form-080189.cif,-1.8608201456849995,Li9Mn2Co5O16,32,
mb-mp-e-form-066252,matbench_mp_e_form,train,<RUNS_ROOT>/official_benchmark_214/matbench_e_form_5fold/fold0/dataset/cifs/mb-mp-e-form-066252.cif,-1.392261675716667,K4C2O9,30,
mb-mp-e-form-029690,matbench_mp_e_form,train,<RUNS_ROOT>/official_benchmark_214/matbench_e_form_5fold/fold0/dataset/cifs/mb-mp-e-form-029690.cif,-0.3561039669999999,SnI4,5,
mb-mp-e-form-129010,matbench_mp_e_form,train,<RUNS_ROOT>/official_benchmark_214/matbench_e_form_5fold/fold0/dataset/cifs/mb-mp-e-form-129010.cif,-3.427488678499998,EuNpO3,20,
mb-mp-e-form-013051,matbench_mp_e_form,train,<RUNS_ROOT>/official_benchmark_214/matbench_e_form_5fold/fold0/dataset/cifs/mb-mp-e-form-013051.cif,-0.0266181162499998,Mg3Cd,4,
mb-mp-e-form-062635,matbench_mp_e_form,train,<RUNS_ROOT>/official_benchmark_214/matbench_e_form_5fold/fold0/dataset/cifs/mb-mp-e-form-062635.cif,-1.2068317065517498,AgAsS6N4(OF3)2,80,
mb-mp-e-form-033957,matbench_mp_e_form,train,<RUNS_ROOT>/official_benchmark_214/matbench_e_form_5fold/fold0/dataset/cifs/mb-mp-e-form-033957.cif,-0.4458722080000001,Yb(ZnSb)2,5,
mb-mp-e-form-022109,matbench_mp_e_form,train,<RUNS_ROOT>/official_benchmark_214/matbench_e_form_5fold/fold0/dataset/cifs/mb-mp-e-form-022109.cif,-0.2400214670833325,Lu3In,8,
mb-mp-e-form-131697,matbench_mp_e_form,train,<RUNS_ROOT>/official_benchmark_214/matbench_e_form_5fold/fold0/dataset/cifs/mb-mp-e-form-131697.cif,-3.686647601562501,Sr3Hf2O7,12,
mb-mp-e-form-061853,matbench_mp_e_form,train,<RUNS_ROOT>/official_benchmark_214/matbench_e_form_5fold/fold0/dataset/cifs/mb-mp-e-form-061853.cif,-1.1662064736226667,InGeCl3,5,
mb-mp-e-form-071835,matbench_mp_e_form,train,<RUNS_ROOT>/official_benchmark_214/matbench_e_form_5fold/fold0/dataset/cifs/mb-mp-e-form-071835.cif,-1.6414016244335938,Ce2HfSe5,32,
mb-mp-e-form-020964,matbench_mp_e_form,train,<RUNS_ROOT>/official_benchmark_214/matbench_e_form_5fold/fold0/dataset/cifs/mb-mp-e-form-020964.cif,-0.2267705634375003,NpTe3,8,
mb-mp-e-form-122009,matbench_mp_e_form,train,<RUNS_ROOT>/official_benchmark_214/matbench_e_form_5fold/fold0/dataset/cifs/mb-mp-e-form-122009.cif,-2.985664668703704,CaTi2O6,36,
mb-mp-e-form-115007,matbench_mp_e_form,train,<RUNS_ROOT>/official_benchmark_214/matbench_e_form_5fold/fold0/dataset/cifs/mb-mp-e-form-115007.cif,-2.7720118872753328,HoMnO3,30,
mb-mp-e-form-082619,matbench_mp_e_form,train,<RUNS_ROOT>/official_benchmark_214/matbench_e_form_5fold/fold0/dataset/cifs/mb-mp-e-form-082619.cif,-1.911725124535,Na2MnO3,24,
mb-mp-e-form-076753,matbench_mp_e_form,train,<RUNS_ROOT>/official_benchmark_214/matbench_e_form_5fold/fold0/dataset/cifs/mb-mp-e-form-076753.cif,-1.7487045473749994,Y(Bi5O8)3,40,
mb-mp-e-form-112299,matbench_mp_e_form,train,<RUNS_ROOT>/official_benchmark_214/matbench_e_form_5fold/fold0/dataset/cifs/mb-mp-e-form-112299.cif,-2.66622109759375,KPr(SO4)2,24,
mb-mp-e-form-086494,matbench_mp_e_form,train,<RUNS_ROOT>/official_benchmark_214/matbench_e_form_5fold/fold0/dataset/cifs/mb-mp-e-form-086494.cif,-2.0516354030786665,BH4NF4,40,
mb-mp-e-form-037783,matbench_mp_e_form,train,<RUNS_ROOT>/official_benchmark_214/matbench_e_form_5fold/fold0/dataset/cifs/mb-mp-e-form-037783.cif,-0.5130469634320171,Cu23(Sb4S13)2,171,
mb-mp-e-form-027955,matbench_mp_e_form,train,<RUNS_ROOT>/official_benchmark_214/matbench_e_form_5fold/fold0/dataset/cifs/mb-mp-e-form-027955.cif,-0.3411180016666666,YbCu4Au,6,
mb-mp-e-form-000923,matbench_mp_e_form,train,<RUNS_ROOT>/official_benchmark_214/matbench_e_form_5fold/fold0/dataset/cifs/mb-mp-e-form-000923.cif,1.5221225128125002,Hg3C,4,
mb-mp-e-form-061897,matbench_mp_e_form,train,<RUNS_ROOT>/official_benchmark_214/matbench_e_form_5fold/fold0/dataset/cifs/mb-mp-e-form-061897.cif,-1.2042582156818185,Mg(Cu2O3)2,22,
mb-mp-e-form-043335,matbench_mp_e_form,train,<RUNS_ROOT>/official_benchmark_214/matbench_e_form_5fold/fold0/dataset/cifs/mb-mp-e-form-043335.cif,-0.6268091093889469,Nd(NO5)3,38,
mb-mp-e-form-031090,matbench_mp_e_form,train,<RUNS_ROOT>/official_benchmark_214/matbench_e_form_5fold/fold0/dataset/cifs/mb-mp-e-form-031090.cif,-0.3960414762499997,HoTmRu2,4,
mb-mp-e-form-022476,matbench_mp_e_form,train,<RUNS_ROOT>/official_benchmark_214/matbench_e_form_5fold/fold0/dataset/cifs/mb-mp-e-form-022476.cif,-0.2447432211538464,Er(MnAl)6,13,
mb-mp-e-form-095568,matbench_mp_e_form,train,<RUNS_ROOT>/official_benchmark_214/matbench_e_form_5fold/fold0/dataset/cifs/mb-mp-e-form-095568.cif,-2.297724432426472,Sc3Bi3O11,68,
mb-mp-e-form-105142,matbench_mp_e_form,train,<RUNS_ROOT>/official_benchmark_214/matbench_e_form_5fold/fold0/dataset/cifs/mb-mp-e-form-105142.cif,-2.5151928873097624,CsMo2P3O13,38,
mb-mp-e-form-050273,matbench_mp_e_form,train,<RUNS_ROOT>/official_benchmark_214/matbench_e_form_5fold/fold0/dataset/cifs/mb-mp-e-form-050273.cif,-0.8059543660000003,Tm3(SbPd2)4,30,
mb-mp-e-form-021346,matbench_mp_e_form,train,<RUNS_ROOT>/official_benchmark_214/matbench_e_form_5fold/fold0/dataset/cifs/mb-mp-e-form-021346.cif,-0.2106733150000002,TlAsPd6,8,
mb-mp-e-form-029372,matbench_mp_e_form,train,<RUNS_ROOT>/official_benchmark_214/matbench_e_form_5fold/fold0/dataset/cifs/mb-mp-e-form-029372.cif,-0.3585348168597563,Nd9Ni24Sn49,82,
mb-mp-e-form-108693,matbench_mp_e_form,train,<RUNS_ROOT>/official_benchmark_214/matbench_e_form_5fold/fold0/dataset/cifs/mb-mp-e-form-108693.cif,-2.589464074622566,Li4V3P8O29,88,
mb-mp-e-form-103945,matbench_mp_e_form,train,<RUNS_ROOT>/official_benchmark_214/matbench_e_form_5fold/fold0/dataset/cifs/mb-mp-e-form-103945.cif,-2.503194849375,HoCO4,24,
mb-mp-e-form-012647,matbench_mp_e_form,train,<RUNS_ROOT>/official_benchmark_214/matbench_e_form_5fold/fold0/dataset/cifs/mb-mp-e-form-012647.cif,-0.0025114474999989,AlCrCu2,4,
mb-mp-e-form-000680,matbench_mp_e_form,train,<RUNS_ROOT>/official_benchmark_214/matbench_e_form_5fold/fold0/dataset/cifs/mb-mp-e-form-000680.cif,1.9428044325,LiSc2Hg,4,
mb-mp-e-form-070346,matbench_mp_e_form,train,<RUNS_ROOT>/official_benchmark_214/matbench_e_form_5fold/fold0/dataset/cifs/mb-mp-e-form-070346.cif,-1.5457550400622222,K2OsCl6,9,
mb-mp-e-form-123061,matbench_mp_e_form,train,<RUNS_ROOT>/official_benchmark_214/matbench_e_form_5fold/fold0/dataset/cifs/mb-mp-e-form-123061.cif,-3.057544434907264,Rb2V2Si8O21,66,
mb-mp-e-form-025880,matbench_mp_e_form,train,<RUNS_ROOT>/official_benchmark_214/matbench_e_form_5fold/fold0/dataset/cifs/mb-mp-e-form-025880.cif,-0.2982695237500001,Tl3Br,4,
mb-mp-e-form-017934,matbench_mp_e_form,train,<RUNS_ROOT>/official_benchmark_214/matbench_e_form_5fold/fold0/dataset/cifs/mb-mp-e-form-017934.cif,-0.135872255,Ba2Zn,3,
mb-mp-e-form-003913,matbench_mp_e_form,train,<RUNS_ROOT>/official_benchmark_214/matbench_e_form_5fold/fold0/dataset/cifs/mb-mp-e-form-003913.cif,0.5581355291666661,NdB4,5,
mb-mp-e-form-121102,matbench_mp_e_form,train,<RUNS_ROOT>/official_benchmark_214/matbench_e_form_5fold/fold0/dataset/cifs/mb-mp-e-form-121102.cif,-2.967226897576069,Cs3FeF6,10,
mb-mp-e-form-100544,matbench_mp_e_form,train,<RUNS_ROOT>/official_benchmark_214/matbench_e_form_5fold/fold0/dataset/cifs/mb-mp-e-form-100544.cif,-2.4181050437500007,Li4VCr3O8,32,
mb-mp-e-form-030375,matbench_mp_e_form,train,<RUNS_ROOT>/official_benchmark_214/matbench_e_form_5fold/fold0/dataset/cifs/mb-mp-e-form-030375.cif,-0.3786414130949995,Sr2LiN,4,
mb-mp-e-form-020705,matbench_mp_e_form,train,<RUNS_ROOT>/official_benchmark_214/matbench_e_form_5fold/fold0/dataset/cifs/mb-mp-e-form-020705.cif,-0.2053230954873507,TlPAuSe3,12,
mb-mp-e-form-004725,matbench_mp_e_form,train,<RUNS_ROOT>/official_benchmark_214/matbench_e_form_5fold/fold0/dataset/cifs/mb-mp-e-form-004725.cif,0.3839971542500002,Pt3PbC,5,
mb-mp-e-form-127961,matbench_mp_e_form,train,<RUNS_ROOT>/official_benchmark_214/matbench_e_form_5fold/fold0/dataset/cifs/mb-mp-e-form-127961.cif,-3.37518512733156,Na3Sm9B8O27,47,
mb-mp-e-form-059235,matbench_mp_e_form,train,<RUNS_ROOT>/official_benchmark_214/matbench_e_form_5fold/fold0/dataset/cifs/mb-mp-e-form-059235.cif,-1.0986535620890587,Nb5H50C12(NO7)3,182,
mb-mp-e-form-095367,matbench_mp_e_form,train,<RUNS_ROOT>/official_benchmark_214/matbench_e_form_5fold/fold0/dataset/cifs/mb-mp-e-form-095367.cif,-2.299070289587143,Sm(HO)3,14,
mb-mp-e-form-046297,matbench_mp_e_form,train,<RUNS_ROOT>/official_benchmark_214/matbench_e_form_5fold/fold0/dataset/cifs/mb-mp-e-form-046297.cif,-0.6986145491145832,TbZrO14,32,
mb-mp-e-form-118325,matbench_mp_e_form,train,<RUNS_ROOT>/official_benchmark_214/matbench_e_form_5fold/fold0/dataset/cifs/mb-mp-e-form-118325.cif,-2.8712294670312497,Ba2WO5,32,
mb-mp-e-form-010928,matbench_mp_e_form,train,<RUNS_ROOT>/official_benchmark_214/matbench_e_form_5fold/fold0/dataset/cifs/mb-mp-e-form-010928.cif,0.0330016433333337,Ac,1,
mb-mp-e-form-121136,matbench_mp_e_form,train,<RUNS_ROOT>/official_benchmark_214/matbench_e_form_5fold/fold0/dataset/cifs/mb-mp-e-form-121136.cif,-2.966148098005149,Mg2Ti5(PO4)6,37,
mb-mp-e-form-061974,matbench_mp_e_form,train,<RUNS_ROOT>/official_benchmark_214/matbench_e_form_5fold/fold0/dataset/cifs/mb-mp-e-form-061974.cif,-1.229889076134483,K2RbSbBr6,10,
mb-mp-e-form-035810,matbench_mp_e_form,train,<RUNS_ROOT>/official_benchmark_214/matbench_e_form_5fold/fold0/dataset/cifs/mb-mp-e-form-035810.cif,-0.4775549037499997,Tm2NiRu,4,
mb-mp-e-form-030010,matbench_mp_e_form,train,<RUNS_ROOT>/official_benchmark_214/matbench_e_form_5fold/fold0/dataset/cifs/mb-mp-e-form-030010.cif,-0.3869891682507697,Co(NO5)2,13,
mb-mp-e-form-071321,matbench_mp_e_form,train,<RUNS_ROOT>/official_benchmark_214/matbench_e_form_5fold/fold0/dataset/cifs/mb-mp-e-form-071321.cif,-1.5952718737841245,RbTiS2,4,
mb-mp-e-form-004486,matbench_mp_e_form,train,<RUNS_ROOT>/official_benchmark_214/matbench_e_form_5fold/fold0/dataset/cifs/mb-mp-e-form-004486.cif,0.3665958756249994,Na3Rh,16,
mb-mp-e-form-010031,matbench_mp_e_form,train,<RUNS_ROOT>/official_benchmark_214/matbench_e_form_5fold/fold0/dataset/cifs/mb-mp-e-form-010031.cif,0.0567821076785715,Mg14NbCd,16,
mb-mp-e-form-078053,matbench_mp_e_form,train,<RUNS_ROOT>/official_benchmark_214/matbench_e_form_5fold/fold0/dataset/cifs/mb-mp-e-form-078053.cif,-1.8272820946221424,Li4MnCo2O7,28,
mb-mp-e-form-128357,matbench_mp_e_form,train,<RUNS_ROOT>/official_benchmark_214/matbench_e_form_5fold/fold0/dataset/cifs/mb-mp-e-form-128357.cif,-3.366538181405885,Sr10P6BrO24F,84,
mb-mp-e-form-010646,matbench_mp_e_form,train,<RUNS_ROOT>/official_benchmark_214/matbench_e_form_5fold/fold0/dataset/cifs/mb-mp-e-form-010646.cif,0.0553809123333356,Mo3Ru2,30,
mb-mp-e-form-015893,matbench_mp_e_form,train,<RUNS_ROOT>/official_benchmark_214/matbench_e_form_5fold/fold0/dataset/cifs/mb-mp-e-form-015893.cif,-0.077868655,Na3Tl,4,
mb-mp-e-form-094473,matbench_mp_e_form,train,<RUNS_ROOT>/official_benchmark_214/matbench_e_form_5fold/fold0/dataset/cifs/mb-mp-e-form-094473.cif,-2.272155868467,Li3Ni5OF11,20,
mb-mp-e-form-042893,matbench_mp_e_form,train,<RUNS_ROOT>/official_benchmark_214/matbench_e_form_5fold/fold0/dataset/cifs/mb-mp-e-form-042893.cif,-0.61445159740625,Al13(CuSe8)3,40,
mb-mp-e-form-082476,matbench_mp_e_form,train,<RUNS_ROOT>/official_benchmark_214/matbench_e_form_5fold/fold0/dataset/cifs/mb-mp-e-form-082476.cif,-1.9374777681250004,YbBi2IO4,8,
mb-mp-e-form-019134,matbench_mp_e_form,train,<RUNS_ROOT>/official_benchmark_214/matbench_e_form_5fold/fold0/dataset/cifs/mb-mp-e-form-019134.cif,-0.1801411755263152,Ta2Be17,19,
mb-mp-e-form-057819,matbench_mp_e_form,train,<RUNS_ROOT>/official_benchmark_214/matbench_e_form_5fold/fold0/dataset/cifs/mb-mp-e-form-057819.cif,-1.029238720877142,Gd5(C2Cl)3,28,
mb-mp-e-form-003766,matbench_mp_e_form,train,<RUNS_ROOT>/official_benchmark_214/matbench_e_form_5fold/fold0/dataset/cifs/mb-mp-e-form-003766.cif,0.5261384625000001,BaBe2Te,4,
mb-mp-e-form-032766,matbench_mp_e_form,train,<RUNS_ROOT>/official_benchmark_214/matbench_e_form_5fold/fold0/dataset/cifs/mb-mp-e-form-032766.cif,-0.4177821198611116,NdNi4B,36,
mb-mp-e-form-060488,matbench_mp_e_form,train,<RUNS_ROOT>/official_benchmark_214/matbench_e_form_5fold/fold0/dataset/cifs/mb-mp-e-form-060488.cif,-1.1517253615942031,Ti7Br16,46,
mb-mp-e-form-035803,matbench_mp_e_form,train,<RUNS_ROOT>/official_benchmark_214/matbench_e_form_5fold/fold0/dataset/cifs/mb-mp-e-form-035803.cif,-0.4675595850000009,Pm2CuGe,4,
mb-mp-e-form-119610,matbench_mp_e_form,train,<RUNS_ROOT>/official_benchmark_214/matbench_e_form_5fold/fold0/dataset/cifs/mb-mp-e-form-119610.cif,-2.9113913404642857,Li4Mn2OF7,14,
mb-mp-e-form-078632,matbench_mp_e_form,train,<RUNS_ROOT>/official_benchmark_214/matbench_e_form_5fold/fold0/dataset/cifs/mb-mp-e-form-078632.cif,-1.8269128290384609,MnH6(OF)3,52,
mb-mp-e-form-112774,matbench_mp_e_form,train,<RUNS_ROOT>/official_benchmark_214/matbench_e_form_5fold/fold0/dataset/cifs/mb-mp-e-form-112774.cif,-2.7100628134375,YMg6CdO8,16,
mb-mp-e-form-022620,matbench_mp_e_form,train,<RUNS_ROOT>/official_benchmark_214/matbench_e_form_5fold/fold0/dataset/cifs/mb-mp-e-form-022620.cif,-0.2318650724895832,TlBSe3,10,
mb-mp-e-form-002267,matbench_mp_e_form,train,<RUNS_ROOT>/official_benchmark_214/matbench_e_form_5fold/fold0/dataset/cifs/mb-mp-e-form-002267.cif,0.8114098977439994,Fe(NCl)2,5,
mb-mp-e-form-061826,matbench_mp_e_form,train,<RUNS_ROOT>/official_benchmark_214/matbench_e_form_5fold/fold0/dataset/cifs/mb-mp-e-form-061826.cif,-1.16040651375,ZnGaO3,5,
mb-mp-e-form-002359,matbench_mp_e_form,train,<RUNS_ROOT>/official_benchmark_214/matbench_e_form_5fold/fold0/dataset/cifs/mb-mp-e-form-002359.cif,0.7016518700000001,BaPa3,4,
mb-mp-e-form-130516,matbench_mp_e_form,train,<RUNS_ROOT>/official_benchmark_214/matbench_e_form_5fold/fold0/dataset/cifs/mb-mp-e-form-130516.cif,-3.541058825943191,Y6Pb8OF32,47,
mb-mp-e-form-126771,matbench_mp_e_form,train,<RUNS_ROOT>/official_benchmark_214/matbench_e_form_5fold/fold0/dataset/cifs/mb-mp-e-form-126771.cif,-3.260704863916668,CaLaTiFeO6,20,
mb-mp-e-form-116201,matbench_mp_e_form,train,<RUNS_ROOT>/official_benchmark_214/matbench_e_form_5fold/fold0/dataset/cifs/mb-mp-e-form-116201.cif,-2.793499272175925,Ba5SrNd2Fe4O15,54,
mb-mp-e-form-074023,matbench_mp_e_form,train,<RUNS_ROOT>/official_benchmark_214/matbench_e_form_5fold/fold0/dataset/cifs/mb-mp-e-form-074023.cif,-1.6993135624999995,Li9Co7O16,32,
mb-mp-e-form-020792,matbench_mp_e_form,train,<RUNS_ROOT>/official_benchmark_214/matbench_e_form_5fold/fold0/dataset/cifs/mb-mp-e-form-020792.cif,-0.1911587599999998,NaAlGe,6,
mb-mp-e-form-011608,matbench_mp_e_form,train,<RUNS_ROOT>/official_benchmark_214/matbench_e_form_5fold/fold0/dataset/cifs/mb-mp-e-form-011608.cif,0.024403806315791,Pr2Cr2Co15,19,
mb-mp-e-form-071203,matbench_mp_e_form,train,<RUNS_ROOT>/official_benchmark_214/matbench_e_form_5fold/fold0/dataset/cifs/mb-mp-e-form-071203.cif,-1.6061679209374995,LiGd(C2O5)2,64,
mb-mp-e-form-053640,matbench_mp_e_form,train,<RUNS_ROOT>/official_benchmark_214/matbench_e_form_5fold/fold0/dataset/cifs/mb-mp-e-form-053640.cif,-0.8957900008081823,KC(NO2)3,44,
mb-mp-e-form-095472,matbench_mp_e_form,train,<RUNS_ROOT>/official_benchmark_214/matbench_e_form_5fold/fold0/dataset/cifs/mb-mp-e-form-095472.cif,-2.297780323777778,Li3TiFe3O8,30,
mb-mp-e-form-104778,matbench_mp_e_form,train,<RUNS_ROOT>/official_benchmark_214/matbench_e_form_5fold/fold0/dataset/cifs/mb-mp-e-form-104778.cif,-2.5271805053125007,Mg6CrSnO8,16,
mb-mp-e-form-100836,matbench_mp_e_form,train,<RUNS_ROOT>/official_benchmark_214/matbench_e_form_5fold/fold0/dataset/cifs/mb-mp-e-form-100836.cif,-2.4292448257738104,V3Cu2Sn(PO4)6,36,
mb-mp-e-form-049869,matbench_mp_e_form,train,<RUNS_ROOT>/official_benchmark_214/matbench_e_form_5fold/fold0/dataset/cifs/mb-mp-e-form-049869.cif,-0.7711147139999994,Dy2MgGe2,10,
mb-mp-e-form-097623,matbench_mp_e_form,train,<RUNS_ROOT>/official_benchmark_214/matbench_e_form_5fold/fold0/dataset/cifs/mb-mp-e-form-097623.cif,-2.344938835475834,LiFe2F9,24,
mb-mp-e-form-004471,matbench_mp_e_form,train,<RUNS_ROOT>/official_benchmark_214/matbench_e_form_5fold/fold0/dataset/cifs/mb-mp-e-form-004471.cif,0.3573320837499998,VHg3,8,
mb-mp-e-form-024042,matbench_mp_e_form,train,<RUNS_ROOT>/official_benchmark_214/matbench_e_form_5fold/fold0/dataset/cifs/mb-mp-e-form-024042.cif,-0.2752275463594239,KFe3H6(SO7)2,26,
mb-mp-e-form-047112,matbench_mp_e_form,train,<RUNS_ROOT>/official_benchmark_214/matbench_e_form_5fold/fold0/dataset/cifs/mb-mp-e-form-047112.cif,-0.7275434329166662,CoBrO,24,
mb-mp-e-form-080608,matbench_mp_e_form,train,<RUNS_ROOT>/official_benchmark_214/matbench_e_form_5fold/fold0/dataset/cifs/mb-mp-e-form-080608.cif,-1.8621197877618,K2MnH8(SO6)2,100,
mb-mp-e-form-123336,matbench_mp_e_form,train,<RUNS_ROOT>/official_benchmark_214/matbench_e_form_5fold/fold0/dataset/cifs/mb-mp-e-form-123336.cif,-3.051059581314,KVF3,5,
mb-mp-e-form-029694,matbench_mp_e_form,train,<RUNS_ROOT>/official_benchmark_214/matbench_e_form_5fold/fold0/dataset/cifs/mb-mp-e-form-029694.cif,-0.360455117631579,Eu(Ni2B)6,19,
mb-mp-e-form-080485,matbench_mp_e_form,train,<RUNS_ROOT>/official_benchmark_214/matbench_e_form_5fold/fold0/dataset/cifs/mb-mp-e-form-080485.cif,-1.8632213889292308,Na2Ti3Cl8,13,
mb-mp-e-form-069441,matbench_mp_e_form,train,<RUNS_ROOT>/official_benchmark_214/matbench_e_form_5fold/fold0/dataset/cifs/mb-mp-e-form-069441.cif,-1.5151207684821435,Ho2CdSe4,14,
mb-mp-e-form-115933,matbench_mp_e_form,train,<RUNS_ROOT>/official_benchmark_214/matbench_e_form_5fold/fold0/dataset/cifs/mb-mp-e-form-115933.cif,-2.813016028339843,Mg30SnCO32,64,
mb-mp-e-form-115761,matbench_mp_e_form,train,<RUNS_ROOT>/official_benchmark_214/matbench_e_form_5fold/fold0/dataset/cifs/mb-mp-e-form-115761.cif,-2.814284288284313,EuZn(BO2)5,68,
mb-mp-e-form-106643,matbench_mp_e_form,train,<RUNS_ROOT>/official_benchmark_214/matbench_e_form_5fold/fold0/dataset/cifs/mb-mp-e-form-106643.cif,-2.5391232559520005,Hf2N2O,40,
mb-mp-e-form-099112,matbench_mp_e_form,train,<RUNS_ROOT>/official_benchmark_214/matbench_e_form_5fold/fold0/dataset/cifs/mb-mp-e-form-099112.cif,-2.385393517180554,KBaV3Cd2O11,72,
mb-mp-e-form-117661,matbench_mp_e_form,train,<RUNS_ROOT>/official_benchmark_214/matbench_e_form_5fold/fold0/dataset/cifs/mb-mp-e-form-117661.cif,-2.8231457345238096,Ti3CrFe2(PO4)6,36,
mb-mp-e-form-012210,matbench_mp_e_form,train,<RUNS_ROOT>/official_benchmark_214/matbench_e_form_5fold/fold0/dataset/cifs/mb-mp-e-form-012210.cif,-0.0061820544736839,Nd2Ga2Fe15,19,
mb-mp-e-form-017361,matbench_mp_e_form,train,<RUNS_ROOT>/official_benchmark_214/matbench_e_form_5fold/fold0/dataset/cifs/mb-mp-e-form-017361.cif,-0.111730432894738,Sm4Fe31Si3,38,
mb-mp-e-form-105500,matbench_mp_e_form,train,<RUNS_ROOT>/official_benchmark_214/matbench_e_form_5fold/fold0/dataset/cifs/mb-mp-e-form-105500.cif,-2.5163922520039685,LiP4WO12,36,
mb-mp-e-form-073185,matbench_mp_e_form,train,<RUNS_ROOT>/official_benchmark_214/matbench_e_form_5fold/fold0/dataset/cifs/mb-mp-e-form-073185.cif,-1.6733763870258618,CsSr2I5,32,
mb-mp-e-form-111550,matbench_mp_e_form,train,<RUNS_ROOT>/official_benchmark_214/matbench_e_form_5fold/fold0/dataset/cifs/mb-mp-e-form-111550.cif,-2.653309015309,LiMn7(OF3)3,20,
mb-mp-e-form-079502,matbench_mp_e_form,train,<RUNS_ROOT>/official_benchmark_214/matbench_e_form_5fold/fold0/dataset/cifs/mb-mp-e-form-079502.cif,-1.839217448611112,In2TeO6,27,
mb-mp-e-form-079891,matbench_mp_e_form,train,<RUNS_ROOT>/official_benchmark_214/matbench_e_form_5fold/fold0/dataset/cifs/mb-mp-e-form-079891.cif,-1.862521979166667,Sr2Fe23O38,63,
mb-mp-e-form-111921,matbench_mp_e_form,train,<RUNS_ROOT>/official_benchmark_214/matbench_e_form_5fold/fold0/dataset/cifs/mb-mp-e-form-111921.cif,-2.670128541595498,Li6V3P8O29,92,
mb-mp-e-form-074742,matbench_mp_e_form,train,<RUNS_ROOT>/official_benchmark_214/matbench_e_form_5fold/fold0/dataset/cifs/mb-mp-e-form-074742.cif,-1.701688034715556,Fe3O5F,18,
mb-mp-e-form-086102,matbench_mp_e_form,train,<RUNS_ROOT>/official_benchmark_214/matbench_e_form_5fold/fold0/dataset/cifs/mb-mp-e-form-086102.cif,-2.0442226368749994,Mg2CO5,32,
mb-mp-e-form-058919,matbench_mp_e_form,train,<RUNS_ROOT>/official_benchmark_214/matbench_e_form_5fold/fold0/dataset/cifs/mb-mp-e-form-058919.cif,-1.0841949766071437,Ca(FeS2)2,14,
mb-mp-e-form-046550,matbench_mp_e_form,train,<RUNS_ROOT>/official_benchmark_214/matbench_e_form_5fold/fold0/dataset/cifs/mb-mp-e-form-046550.cif,-0.6842564068027214,Th(Fe2P)2,42,
mb-mp-e-form-081767,matbench_mp_e_form,train,<RUNS_ROOT>/official_benchmark_214/matbench_e_form_5fold/fold0/dataset/cifs/mb-mp-e-form-081767.cif,-1.8891455217829656,RbAgF3,5,
mb-mp-e-form-061641,matbench_mp_e_form,train,<RUNS_ROOT>/official_benchmark_214/matbench_e_form_5fold/fold0/dataset/cifs/mb-mp-e-form-061641.cif,-1.191321664285157,K3Cr11S18,32,
mb-mp-e-form-009362,matbench_mp_e_form,train,<RUNS_ROOT>/official_benchmark_214/matbench_e_form_5fold/fold0/dataset/cifs/mb-mp-e-form-009362.cif,0.0803989233333328,ScSiAg,3,
mb-mp-e-form-003302,matbench_mp_e_form,train,<RUNS_ROOT>/official_benchmark_214/matbench_e_form_5fold/fold0/dataset/cifs/mb-mp-e-form-003302.cif,0.4778671437500001,Eu3Tc,4,
mb-mp-e-form-113044,matbench_mp_e_form,train,<RUNS_ROOT>/official_benchmark_214/matbench_e_form_5fold/fold0/dataset/cifs/mb-mp-e-form-113044.cif,-2.7005975921875005,Na2ZnB6O11,40,
mb-mp-e-form-009596,matbench_mp_e_form,train,<RUNS_ROOT>/official_benchmark_214/matbench_e_form_5fold/fold0/dataset/cifs/mb-mp-e-form-009596.cif,0.0699965870833324,Y(BRu)2,40,
mb-mp-e-form-029739,matbench_mp_e_form,train,<RUNS_ROOT>/official_benchmark_214/matbench_e_form_5fold/fold0/dataset/cifs/mb-mp-e-form-029739.cif,-0.3659029178565625,CuSi2H18C9O2,128,
mb-mp-e-form-129576,matbench_mp_e_form,train,<RUNS_ROOT>/official_benchmark_214/matbench_e_form_5fold/fold0/dataset/cifs/mb-mp-e-form-129576.cif,-3.490425036934285,Eu4O3F7,14,
mb-mp-e-form-091330,matbench_mp_e_form,train,<RUNS_ROOT>/official_benchmark_214/matbench_e_form_5fold/fold0/dataset/cifs/mb-mp-e-form-091330.cif,-2.1830853977314826,NaLiCO3,54,
mb-mp-e-form-127982,matbench_mp_e_form,train,<RUNS_ROOT>/official_benchmark_214/matbench_e_form_5fold/fold0/dataset/cifs/mb-mp-e-form-127982.cif,-3.3292000391799994,K3NaBe2F8,14,
mb-mp-e-form-018735,matbench_mp_e_form,train,<RUNS_ROOT>/official_benchmark_214/matbench_e_form_5fold/fold0/dataset/cifs/mb-mp-e-form-018735.cif,-0.1357076198616075,Cu2P8Se3I2,60,
mb-mp-e-form-126673,matbench_mp_e_form,train,<RUNS_ROOT>/official_benchmark_214/matbench_e_form_5fold/fold0/dataset/cifs/mb-mp-e-form-126673.cif,-3.18413143511875,Li2VF5,32,
mb-mp-e-form-127372,matbench_mp_e_form,train,<RUNS_ROOT>/official_benchmark_214/matbench_e_form_5fold/fold0/dataset/cifs/mb-mp-e-form-127372.cif,-3.299167314010833,TbCl2F,8,
mb-mp-e-form-099793,matbench_mp_e_form,train,<RUNS_ROOT>/official_benchmark_214/matbench_e_form_5fold/fold0/dataset/cifs/mb-mp-e-form-099793.cif,-2.4123316092028566,CaMn2O4,28,
mb-mp-e-form-069710,matbench_mp_e_form,train,<RUNS_ROOT>/official_benchmark_214/matbench_e_form_5fold/fold0/dataset/cifs/mb-mp-e-form-069710.cif,-1.5093259226470592,Cr4CuO12,17,
mb-mp-e-form-037901,matbench_mp_e_form,train,<RUNS_ROOT>/official_benchmark_214/matbench_e_form_5fold/fold0/dataset/cifs/mb-mp-e-form-037901.cif,-0.5220212133333343,LiCeSn,24,
mb-mp-e-form-064110,matbench_mp_e_form,train,<RUNS_ROOT>/official_benchmark_214/matbench_e_form_5fold/fold0/dataset/cifs/mb-mp-e-form-064110.cif,-1.32147639288344,CsSeO4,24,
mb-mp-e-form-069147,matbench_mp_e_form,train,<RUNS_ROOT>/official_benchmark_214/matbench_e_form_5fold/fold0/dataset/cifs/mb-mp-e-form-069147.cif,-1.5082105086994737,Sr4Li2Ta2Al2N8O,38,
mb-mp-e-form-055742,matbench_mp_e_form,train,<RUNS_ROOT>/official_benchmark_214/matbench_e_form_5fold/fold0/dataset/cifs/mb-mp-e-form-055742.cif,-0.9621273966718178,YTl5Co2(NO2)12,88,
mb-mp-e-form-036789,matbench_mp_e_form,train,<RUNS_ROOT>/official_benchmark_214/matbench_e_form_5fold/fold0/dataset/cifs/mb-mp-e-form-036789.cif,-0.4874770347808694,Na2Ni(H7N3)2,46,
mb-mp-e-form-045506,matbench_mp_e_form,train,<RUNS_ROOT>/official_benchmark_214/matbench_e_form_5fold/fold0/dataset/cifs/mb-mp-e-form-045506.cif,-0.6826546304166667,CaIn2Pt,8,
mb-mp-e-form-001132,matbench_mp_e_form,train,<RUNS_ROOT>/official_benchmark_214/matbench_e_form_5fold/fold0/dataset/cifs/mb-mp-e-form-001132.cif,1.221503675,YMg,4,
mb-mp-e-form-120496,matbench_mp_e_form,train,<RUNS_ROOT>/official_benchmark_214/matbench_e_form_5fold/fold0/dataset/cifs/mb-mp-e-form-120496.cif,-2.9473407121425,GaF3,8,
mb-mp-e-form-100381,matbench_mp_e_form,train,<RUNS_ROOT>/official_benchmark_214/matbench_e_form_5fold/fold0/dataset/cifs/mb-mp-e-form-100381.cif,-2.406504513333333,Na4SiO4,18,
mb-mp-e-form-087508,matbench_mp_e_form,train,<RUNS_ROOT>/official_benchmark_214/matbench_e_form_5fold/fold0/dataset/cifs/mb-mp-e-form-087508.cif,-2.08421483175,Ba2YBr7,40,
mb-mp-e-form-017017,matbench_mp_e_form,train,<RUNS_ROOT>/official_benchmark_214/matbench_e_form_5fold/fold0/dataset/cifs/mb-mp-e-form-017017.cif,-0.1260863461538461,Sr8Rh5,13,
mb-mp-e-form-009028,matbench_mp_e_form,train,<RUNS_ROOT>/official_benchmark_214/matbench_e_form_5fold/fold0/dataset/cifs/mb-mp-e-form-009028.cif,0.0800950606250001,CaHfMg6,8,
mb-mp-e-form-041128,matbench_mp_e_form,train,<RUNS_ROOT>/official_benchmark_214/matbench_e_form_5fold/fold0/dataset/cifs/mb-mp-e-form-041128.cif,-0.5848824612878797,Dy3B7W,22,
mb-mp-e-form-110278,matbench_mp_e_form,train,<RUNS_ROOT>/official_benchmark_214/matbench_e_form_5fold/fold0/dataset/cifs/mb-mp-e-form-110278.cif,-2.632602232913678,Li6Mn5(P2O7)4,94,
mb-mp-e-form-062752,matbench_mp_e_form,train,<RUNS_ROOT>/official_benchmark_214/matbench_e_form_5fold/fold0/dataset/cifs/mb-mp-e-form-062752.cif,-1.2272978152500005,CoPbO3,20,
mb-mp-e-form-117046,matbench_mp_e_form,train,<RUNS_ROOT>/official_benchmark_214/matbench_e_form_5fold/fold0/dataset/cifs/mb-mp-e-form-117046.cif,-2.845202724583332,Gd3GeO8,24,
mb-mp-e-form-118256,matbench_mp_e_form,train,<RUNS_ROOT>/official_benchmark_214/matbench_e_form_5fold/fold0/dataset/cifs/mb-mp-e-form-118256.cif,-2.873563405949666,Rb2Cu2Si8O19,62,
mb-mp-e-form-097556,matbench_mp_e_form,train,<RUNS_ROOT>/official_benchmark_214/matbench_e_form_5fold/fold0/dataset/cifs/mb-mp-e-form-097556.cif,-2.3453290193981484,LiCoB2O5,36,
mb-mp-e-form-024472,matbench_mp_e_form,train,<RUNS_ROOT>/official_benchmark_214/matbench_e_form_5fold/fold0/dataset/cifs/mb-mp-e-form-024472.cif,-0.2823677075925922,Ba4Zn2CuGe20,54,
mb-mp-e-form-050098,matbench_mp_e_form,train,<RUNS_ROOT>/official_benchmark_214/matbench_e_form_5fold/fold0/dataset/cifs/mb-mp-e-form-050098.cif,-0.7984015394054549,Mn(C2O3)2,33,
mb-mp-e-form-011670,matbench_mp_e_form,train,<RUNS_ROOT>/official_benchmark_214/matbench_e_form_5fold/fold0/dataset/cifs/mb-mp-e-form-011670.cif,0.0292731631249996,Cu(Bi4Ir)3,16,
mb-mp-e-form-059367,matbench_mp_e_form,train,<RUNS_ROOT>/official_benchmark_214/matbench_e_form_5fold/fold0/dataset/cifs/mb-mp-e-form-059367.cif,-1.1167188417968754,YAgSe2,4,
mb-mp-e-form-127995,matbench_mp_e_form,train,<RUNS_ROOT>/official_benchmark_214/matbench_e_form_5fold/fold0/dataset/cifs/mb-mp-e-form-127995.cif,-3.339330659736842,Er6TeO12,19,
mb-mp-e-form-109479,matbench_mp_e_form,train,<RUNS_ROOT>/official_benchmark_214/matbench_e_form_5fold/fold0/dataset/cifs/mb-mp-e-form-109479.cif,-2.617249777763158,Li4Co2Si3O10,38,
mb-mp-e-form-088705,matbench_mp_e_form,train,<RUNS_ROOT>/official_benchmark_214/matbench_e_form_5fold/fold0/dataset/cifs/mb-mp-e-form-088705.cif,-2.1089836795565207,Li6Mn5O12,46,
mb-mp-e-form-091701,matbench_mp_e_form,train,<RUNS_ROOT>/official_benchmark_214/matbench_e_form_5fold/fold0/dataset/cifs/mb-mp-e-form-091701.cif,-2.1722510508132857,LiCrPH2O5,40,
mb-mp-e-form-083126,matbench_mp_e_form,train,<RUNS_ROOT>/official_benchmark_214/matbench_e_form_5fold/fold0/dataset/cifs/mb-mp-e-form-083126.cif,-1.9506147295090013,Mn2O3,80,
mb-mp-e-form-123115,matbench_mp_e_form,train,<RUNS_ROOT>/official_benchmark_214/matbench_e_form_5fold/fold0/dataset/cifs/mb-mp-e-form-123115.cif,-3.0342127115604387,K2Zr(PO4)2,13,
mb-mp-e-form-113137,matbench_mp_e_form,train,<RUNS_ROOT>/official_benchmark_214/matbench_e_form_5fold/fold0/dataset/cifs/mb-mp-e-form-113137.cif,-2.6942260185714275,SrGdCoO4,14,
mb-mp-e-form-104242,matbench_mp_e_form,train,<RUNS_ROOT>/official_benchmark_214/matbench_e_form_5fold/fold0/dataset/cifs/mb-mp-e-form-104242.cif,-2.49298598719738,Cs2NaHoCl6,10,
mb-mp-e-form-121108,matbench_mp_e_form,train,<RUNS_ROOT>/official_benchmark_214/matbench_e_form_5fold/fold0/dataset/cifs/mb-mp-e-form-121108.cif,-2.9597120007142865,Pr2CoO4,7,
mb-mp-e-form-114054,matbench_mp_e_form,train,<RUNS_ROOT>/official_benchmark_214/matbench_e_form_5fold/fold0/dataset/cifs/mb-mp-e-form-114054.cif,-2.722824957893518,Ba2B5O11,72,
mb-mp-e-form-099770,matbench_mp_e_form,train,<RUNS_ROOT>/official_benchmark_214/matbench_e_form_5fold/fold0/dataset/cifs/mb-mp-e-form-099770.cif,-2.4173221865625,Mg6CoBiO8,16,
mb-mp-e-form-077569,matbench_mp_e_form,train,<RUNS_ROOT>/official_benchmark_214/matbench_e_form_5fold/fold0/dataset/cifs/mb-mp-e-form-077569.cif,-1.8048128835918755,Ce8Fe8As8O7F,32,
mb-mp-e-form-132378,matbench_mp_e_form,train,<RUNS_ROOT>/official_benchmark_214/matbench_e_form_5fold/fold0/dataset/cifs/mb-mp-e-form-132378.cif,-4.028309953571111,SrMgF4,72,
mb-mp-e-form-041375,matbench_mp_e_form,train,<RUNS_ROOT>/official_benchmark_214/matbench_e_form_5fold/fold0/dataset/cifs/mb-mp-e-form-041375.cif,-0.584258369117647,Er6Ge11,34,
mb-mp-e-form-045271,matbench_mp_e_form,train,<RUNS_ROOT>/official_benchmark_214/matbench_e_form_5fold/fold0/dataset/cifs/mb-mp-e-form-045271.cif,-0.6709653692857144,Tm2(Al3Pd)3,28,
mb-mp-e-form-077753,matbench_mp_e_form,train,<RUNS_ROOT>/official_benchmark_214/matbench_e_form_5fold/fold0/dataset/cifs/mb-mp-e-form-077753.cif,-1.812023361596639,LiNb(TeO4)3,17,
mb-mp-e-form-041007,matbench_mp_e_form,train,<RUNS_ROOT>/official_benchmark_214/matbench_e_form_5fold/fold0/dataset/cifs/mb-mp-e-form-041007.cif,-0.5806372441666667,UAs2,12,
mb-mp-e-form-004557,matbench_mp_e_form,train,<RUNS_ROOT>/official_benchmark_214/matbench_e_form_5fold/fold0/dataset/cifs/mb-mp-e-form-004557.cif,0.3271981050755556,Tc(NCl3)2,9,
mb-mp-e-form-036897,matbench_mp_e_form,train,<RUNS_ROOT>/official_benchmark_214/matbench_e_form_5fold/fold0/dataset/cifs/mb-mp-e-form-036897.cif,-0.488152241805555,Zn2Ag2O5,18,
mb-mp-e-form-069310,matbench_mp_e_form,train,<RUNS_ROOT>/official_benchmark_214/matbench_e_form_5fold/fold0/dataset/cifs/mb-mp-e-form-069310.cif,-1.5099079336220358,Cs2WSO4,16,
mb-mp-e-form-019723,matbench_mp_e_form,train,<RUNS_ROOT>/official_benchmark_214/matbench_e_form_5fold/fold0/dataset/cifs/mb-mp-e-form-019723.cif,-0.180040285,AgI,4,
mb-mp-e-form-051351,matbench_mp_e_form,train,<RUNS_ROOT>/official_benchmark_214/matbench_e_form_5fold/fold0/dataset/cifs/mb-mp-e-form-051351.cif,-0.8131356598926668,C3F2,60,
mb-mp-e-form-052337,matbench_mp_e_form,train,<RUNS_ROOT>/official_benchmark_214/matbench_e_form_5fold/fold0/dataset/cifs/mb-mp-e-form-052337.cif,-0.8580319961354168,In9Sn4S17,60,
mb-mp-e-form-080392,matbench_mp_e_form,train,<RUNS_ROOT>/official_benchmark_214/matbench_e_form_5fold/fold0/dataset/cifs/mb-mp-e-form-080392.cif,-1.8631907098218503,MnCo5(BO5)2,36,
mb-mp-e-form-027245,matbench_mp_e_form,train,<RUNS_ROOT>/official_benchmark_214/matbench_e_form_5fold/fold0/dataset/cifs/mb-mp-e-form-027245.cif,-0.3264707337301591,Si4P4Os,9,
mb-mp-e-form-025557,matbench_mp_e_form,train,<RUNS_ROOT>/official_benchmark_214/matbench_e_form_5fold/fold0/dataset/cifs/mb-mp-e-form-025557.cif,-0.2968028087499998,Ti3Sn,8,
mb-mp-e-form-029125,matbench_mp_e_form,train,<RUNS_ROOT>/official_benchmark_214/matbench_e_form_5fold/fold0/dataset/cifs/mb-mp-e-form-029125.cif,-0.3725386437499995,SbPd3,4,
mb-mp-e-form-024153,matbench_mp_e_form,train,<RUNS_ROOT>/official_benchmark_214/matbench_e_form_5fold/fold0/dataset/cifs/mb-mp-e-form-024153.cif,-0.2810315409717868,Rb2Cd5As4,22,
mb-mp-e-form-110597,matbench_mp_e_form,train,<RUNS_ROOT>/official_benchmark_214/matbench_e_form_5fold/fold0/dataset/cifs/mb-mp-e-form-110597.cif,-2.6288656411904765,V5Cr(PO4)6,36,
mb-mp-e-form-114599,matbench_mp_e_form,train,<RUNS_ROOT>/official_benchmark_214/matbench_e_form_5fold/fold0/dataset/cifs/mb-mp-e-form-114599.cif,-2.741256114523811,NbVO4,12,
mb-mp-e-form-018167,matbench_mp_e_form,train,<RUNS_ROOT>/official_benchmark_214/matbench_e_form_5fold/fold0/dataset/cifs/mb-mp-e-form-018167.cif,-0.1404950038775508,Nb9Ni4Ge,28,
mb-mp-e-form-024250,matbench_mp_e_form,train,<RUNS_ROOT>/official_benchmark_214/matbench_e_form_5fold/fold0/dataset/cifs/mb-mp-e-form-024250.cif,-0.2764469309999995,Sm2CdCu2,10,
mb-mp-e-form-026945,matbench_mp_e_form,train,<RUNS_ROOT>/official_benchmark_214/matbench_e_form_5fold/fold0/dataset/cifs/mb-mp-e-form-026945.cif,-0.3259703017622222,TiNiH,6,
mb-mp-e-form-100840,matbench_mp_e_form,train,<RUNS_ROOT>/official_benchmark_214/matbench_e_form_5fold/fold0/dataset/cifs/mb-mp-e-form-100840.cif,-2.4410428011607146,Sr3Sc2Fe2As2O5,14,
mb-mp-e-form-032002,matbench_mp_e_form,train,<RUNS_ROOT>/official_benchmark_214/matbench_e_form_5fold/fold0/dataset/cifs/mb-mp-e-form-032002.cif,-0.4212796329166668,SrEuIn2,4,
mb-mp-e-form-121808,matbench_mp_e_form,train,<RUNS_ROOT>/official_benchmark_214/matbench_e_form_5fold/fold0/dataset/cifs/mb-mp-e-form-121808.cif,-3.0013191675,LiMg30FeO32,64,
mb-mp-e-form-003325,matbench_mp_e_form,train,<RUNS_ROOT>/official_benchmark_214/matbench_e_form_5fold/fold0/dataset/cifs/mb-mp-e-form-003325.cif,0.5450016796249999,K3Nd,4,
mb-mp-e-form-016768,matbench_mp_e_form,train,<RUNS_ROOT>/official_benchmark_214/matbench_e_form_5fold/fold0/dataset/cifs/mb-mp-e-form-016768.cif,-0.1019135862499993,NpNiSn,12,
mb-mp-e-form-085765,matbench_mp_e_form,train,<RUNS_ROOT>/official_benchmark_214/matbench_e_form_5fold/fold0/dataset/cifs/mb-mp-e-form-085765.cif,-2.0126679428333327,MgV2(BiO5)2,30,
mb-mp-e-form-027185,matbench_mp_e_form,train,<RUNS_ROOT>/official_benchmark_214/matbench_e_form_5fold/fold0/dataset/cifs/mb-mp-e-form-027185.cif,-0.334765582624999,Sm3Ge13Os4,40,
mb-mp-e-form-084636,matbench_mp_e_form,train,<RUNS_ROOT>/official_benchmark_214/matbench_e_form_5fold/fold0/dataset/cifs/mb-mp-e-form-084636.cif,-1.9791754635960004,LiMn(CO3)2,10,
mb-mp-e-form-068565,matbench_mp_e_form,train,<RUNS_ROOT>/official_benchmark_214/matbench_e_form_5fold/fold0/dataset/cifs/mb-mp-e-form-068565.cif,-1.490038650340909,Cd2Os2O7,22,
mb-mp-e-form-115780,matbench_mp_e_form,train,<RUNS_ROOT>/official_benchmark_214/matbench_e_form_5fold/fold0/dataset/cifs/mb-mp-e-form-115780.cif,-2.814501645684999,LiMg6MnO8,16,
mb-mp-e-form-116099,matbench_mp_e_form,train,<RUNS_ROOT>/official_benchmark_214/matbench_e_form_5fold/fold0/dataset/cifs/mb-mp-e-form-116099.cif,-2.8173013563460003,Ho2MnNiO6,20,
mb-mp-e-form-110405,matbench_mp_e_form,train,<RUNS_ROOT>/official_benchmark_214/matbench_e_form_5fold/fold0/dataset/cifs/mb-mp-e-form-110405.cif,-2.62635672125,ZrBiO4,24,
mb-mp-e-form-002323,matbench_mp_e_form,train,<RUNS_ROOT>/official_benchmark_214/matbench_e_form_5fold/fold0/dataset/cifs/mb-mp-e-form-002323.cif,0.9432733965160006,HgC8(I2N)2,60,
mb-mp-e-form-009872,matbench_mp_e_form,train,<RUNS_ROOT>/official_benchmark_214/matbench_e_form_5fold/fold0/dataset/cifs/mb-mp-e-form-009872.cif,0.0621389137499992,LuRu3,4,
mb-mp-e-form-023057,matbench_mp_e_form,train,<RUNS_ROOT>/official_benchmark_214/matbench_e_form_5fold/fold0/dataset/cifs/mb-mp-e-form-023057.cif,-0.2610937774999999,CaYbZn2,4,
mb-mp-e-form-119730,matbench_mp_e_form,train,<RUNS_ROOT>/official_benchmark_214/matbench_e_form_5fold/fold0/dataset/cifs/mb-mp-e-form-119730.cif,-2.898313449253968,KCe(PO3)4,36,
mb-mp-e-form-125097,matbench_mp_e_form,train,<RUNS_ROOT>/official_benchmark_214/matbench_e_form_5fold/fold0/dataset/cifs/mb-mp-e-form-125097.cif,-3.133817795979286,KBa2Ni2F9,14,
mb-mp-e-form-089269,matbench_mp_e_form,train,<RUNS_ROOT>/official_benchmark_214/matbench_e_form_5fold/fold0/dataset/cifs/mb-mp-e-form-089269.cif,-2.1341161163888893,V2CoO6,9,
mb-mp-e-form-112550,matbench_mp_e_form,train,<RUNS_ROOT>/official_benchmark_214/matbench_e_form_5fold/fold0/dataset/cifs/mb-mp-e-form-112550.cif,-2.6799274392084618,Li3MnSi2O7,13,
mb-mp-e-form-094022,matbench_mp_e_form,train,<RUNS_ROOT>/official_benchmark_214/matbench_e_form_5fold/fold0/dataset/cifs/mb-mp-e-form-094022.cif,-2.2508956508253326,V2Fe2Pb(O4F)2,15,
mb-mp-e-form-030453,matbench_mp_e_form,train,<RUNS_ROOT>/official_benchmark_214/matbench_e_form_5fold/fold0/dataset/cifs/mb-mp-e-form-030453.cif,-0.3886210338690479,Fe5Ni4P3,48,
mb-mp-e-form-089242,matbench_mp_e_form,train,<RUNS_ROOT>/official_benchmark_214/matbench_e_form_5fold/fold0/dataset/cifs/mb-mp-e-form-089242.cif,-2.135260581768334,Ba5Co5O13F,48,
mb-mp-e-form-089110,matbench_mp_e_form,train,<RUNS_ROOT>/official_benchmark_214/matbench_e_form_5fold/fold0/dataset/cifs/mb-mp-e-form-089110.cif,-2.127345873860292,Cs2V2Cu(ClO3)2,104,
mb-mp-e-form-108995,matbench_mp_e_form,train,<RUNS_ROOT>/official_benchmark_214/matbench_e_form_5fold/fold0/dataset/cifs/mb-mp-e-form-108995.cif,-2.5939875749400487,RbMnP2O7,44,
mb-mp-e-form-088130,matbench_mp_e_form,train,<RUNS_ROOT>/official_benchmark_214/matbench_e_form_5fold/fold0/dataset/cifs/mb-mp-e-form-088130.cif,-2.10369368025,Eu2NiPtO6,20,
mb-mp-e-form-009235,matbench_mp_e_form,train,<RUNS_ROOT>/official_benchmark_214/matbench_e_form_5fold/fold0/dataset/cifs/mb-mp-e-form-009235.cif,0.0831155864999992,Mg2Si3,20,
mb-mp-e-form-021436,matbench_mp_e_form,train,<RUNS_ROOT>/official_benchmark_214/matbench_e_form_5fold/fold0/dataset/cifs/mb-mp-e-form-021436.cif,-0.2120258781461907,HoTiFe11N,14,
mb-mp-e-form-080061,matbench_mp_e_form,train,<RUNS_ROOT>/official_benchmark_214/matbench_e_form_5fold/fold0/dataset/cifs/mb-mp-e-form-080061.cif,-1.873373514871666,Li7Mn2(CoO4)3,24,
mb-mp-e-form-003096,matbench_mp_e_form,train,<RUNS_ROOT>/official_benchmark_214/matbench_e_form_5fold/fold0/dataset/cifs/mb-mp-e-form-003096.cif,0.5005090722222221,Si,9,
mb-mp-e-form-128268,matbench_mp_e_form,train,<RUNS_ROOT>/official_benchmark_214/matbench_e_form_5fold/fold0/dataset/cifs/mb-mp-e-form-128268.cif,-3.309405461348889,Ba2PdF6,18,
mb-mp-e-form-006494,matbench_mp_e_form,train,<RUNS_ROOT>/official_benchmark_214/matbench_e_form_5fold/fold0/dataset/cifs/mb-mp-e-form-006494.cif,0.1764394562499998,Ba3La,8,
mb-mp-e-form-003828,matbench_mp_e_form,train,<RUNS_ROOT>/official_benchmark_214/matbench_e_form_5fold/fold0/dataset/cifs/mb-mp-e-form-003828.cif,0.6050884937500003,Sb3Mo,4,
mb-mp-e-form-048721,matbench_mp_e_form,train,<RUNS_ROOT>/official_benchmark_214/matbench_e_form_5fold/fold0/dataset/cifs/mb-mp-e-form-048721.cif,-0.7323253090349273,Sb8Pb7S19,68,
mb-mp-e-form-027656,matbench_mp_e_form,train,<RUNS_ROOT>/official_benchmark_214/matbench_e_form_5fold/fold0/dataset/cifs/mb-mp-e-form-027656.cif,-0.3381038308928573,Tb2B2C3,7,
mb-mp-e-form-104183,matbench_mp_e_form,train,<RUNS_ROOT>/official_benchmark_214/matbench_e_form_5fold/fold0/dataset/cifs/mb-mp-e-form-104183.cif,-2.4961732715,Sr2CoReO6,10,
mb-mp-e-form-098333,matbench_mp_e_form,train,<RUNS_ROOT>/official_benchmark_214/matbench_e_form_5fold/fold0/dataset/cifs/mb-mp-e-form-098333.cif,-2.364851157395833,NaCaGaSi2O7,48,
mb-mp-e-form-043419,matbench_mp_e_form,train,<RUNS_ROOT>/official_benchmark_214/matbench_e_form_5fold/fold0/dataset/cifs/mb-mp-e-form-043419.cif,-0.6269794292857144,Nd2FeSb4,7,
mb-mp-e-form-046174,matbench_mp_e_form,train,<RUNS_ROOT>/official_benchmark_214/matbench_e_form_5fold/fold0/dataset/cifs/mb-mp-e-form-046174.cif,-0.6951195944062505,FeSO8,40,
mb-mp-e-form-016998,matbench_mp_e_form,train,<RUNS_ROOT>/official_benchmark_214/matbench_e_form_5fold/fold0/dataset/cifs/mb-mp-e-form-016998.cif,-0.1249604423010606,Cs2Sn11,52,
mb-mp-e-form-043441,matbench_mp_e_form,train,<RUNS_ROOT>/official_benchmark_214/matbench_e_form_5fold/fold0/dataset/cifs/mb-mp-e-form-043441.cif,-0.6359650783392853,KCr5Se8,14,
mb-mp-e-form-130729,matbench_mp_e_form,train,<RUNS_ROOT>/official_benchmark_214/matbench_e_form_5fold/fold0/dataset/cifs/mb-mp-e-form-130729.cif,-3.495239656617646,Li2La2Ti3O10,17,
mb-mp-e-form-081639,matbench_mp_e_form,train,<RUNS_ROOT>/official_benchmark_214/matbench_e_form_5fold/fold0/dataset/cifs/mb-mp-e-form-081639.cif,-1.889713953103448,Cs5YO4,20,
mb-mp-e-form-121163,matbench_mp_e_form,train,<RUNS_ROOT>/official_benchmark_214/matbench_e_form_5fold/fold0/dataset/cifs/mb-mp-e-form-121163.cif,-2.975409801805555,Ba6Sm2Ga4O15,54,
mb-mp-e-form-080751,matbench_mp_e_form,train,<RUNS_ROOT>/official_benchmark_214/matbench_e_form_5fold/fold0/dataset/cifs/mb-mp-e-form-080751.cif,-1.872798440555556,Ti2Co3Te3O16,24,
mb-mp-e-form-018469,matbench_mp_e_form,train,<RUNS_ROOT>/official_benchmark_214/matbench_e_form_5fold/fold0/dataset/cifs/mb-mp-e-form-018469.cif,-0.146025631936666,Hg2CNCl5,18,
mb-mp-e-form-049139,matbench_mp_e_form,train,<RUNS_ROOT>/official_benchmark_214/matbench_e_form_5fold/fold0/dataset/cifs/mb-mp-e-form-049139.cif,-0.7630068749999999,Yb2RhAu,4,
mb-mp-e-form-086091,matbench_mp_e_form,train,<RUNS_ROOT>/official_benchmark_214/matbench_e_form_5fold/fold0/dataset/cifs/mb-mp-e-form-086091.cif,-2.0593446031153846,Sr5(Sb11O19)2,130,
mb-mp-e-form-112019,matbench_mp_e_form,train,<RUNS_ROOT>/official_benchmark_214/matbench_e_form_5fold/fold0/dataset/cifs/mb-mp-e-form-112019.cif,-2.671261723160154,Ba3Li2B10(H3O11)2,86,
mb-mp-e-form-056952,matbench_mp_e_form,train,<RUNS_ROOT>/official_benchmark_214/matbench_e_form_5fold/fold0/dataset/cifs/mb-mp-e-form-056952.cif,-1.0311208266666678,LaAsIr,6,
mb-mp-e-form-048169,matbench_mp_e_form,train,<RUNS_ROOT>/official_benchmark_214/matbench_e_form_5fold/fold0/dataset/cifs/mb-mp-e-form-048169.cif,-0.7545945372493331,H6Pt(NO)4,60,
mb-mp-e-form-122274,matbench_mp_e_form,train,<RUNS_ROOT>/official_benchmark_214/matbench_e_form_5fold/fold0/dataset/cifs/mb-mp-e-form-122274.cif,-3.009534153942,LaMnO3,10,
mb-mp-e-form-010289,matbench_mp_e_form,train,<RUNS_ROOT>/official_benchmark_214/matbench_e_form_5fold/fold0/dataset/cifs/mb-mp-e-form-010289.cif,0.0432513216104993,S3N2,10,
mb-mp-e-form-080863,matbench_mp_e_form,train,<RUNS_ROOT>/official_benchmark_214/matbench_e_form_5fold/fold0/dataset/cifs/mb-mp-e-form-080863.cif,-1.8942602723076924,Ba(SnO2)4,13,
mb-mp-e-form-087770,matbench_mp_e_form,train,<RUNS_ROOT>/official_benchmark_214/matbench_e_form_5fold/fold0/dataset/cifs/mb-mp-e-form-087770.cif,-2.087531033144,MnF4,10,
mb-mp-e-form-005668,matbench_mp_e_form,train,<RUNS_ROOT>/official_benchmark_214/matbench_e_form_5fold/fold0/dataset/cifs/mb-mp-e-form-005668.cif,0.2921362000000002,Lu4Co,10,
mb-mp-e-form-114717,matbench_mp_e_form,train,<RUNS_ROOT>/official_benchmark_214/matbench_e_form_5fold/fold0/dataset/cifs/mb-mp-e-form-114717.cif,-2.7442619677025,KBaSiHO4,16,
mb-mp-e-form-012214,matbench_mp_e_form,train,<RUNS_ROOT>/official_benchmark_214/matbench_e_form_5fold/fold0/dataset/cifs/mb-mp-e-form-012214.cif,0.0,Np,8,
mb-mp-e-form-038876,matbench_mp_e_form,train,<RUNS_ROOT>/official_benchmark_214/matbench_e_form_5fold/fold0/dataset/cifs/mb-mp-e-form-038876.cif,-0.531889217499999,CuSiRh2,4,
mb-mp-e-form-008792,matbench_mp_e_form,train,<RUNS_ROOT>/official_benchmark_214/matbench_e_form_5fold/fold0/dataset/cifs/mb-mp-e-form-008792.cif,0.1063033941145832,PuCo3,12,
mb-mp-e-form-001474,matbench_mp_e_form,train,<RUNS_ROOT>/official_benchmark_214/matbench_e_form_5fold/fold0/dataset/cifs/mb-mp-e-form-001474.cif,1.2129603250000005,NaAg2Sn,4,
mb-mp-e-form-032855,matbench_mp_e_form,train,<RUNS_ROOT>/official_benchmark_214/matbench_e_form_5fold/fold0/dataset/cifs/mb-mp-e-form-032855.cif,-0.4198109572500001,HoAl3,20,
mb-mp-e-form-011474,matbench_mp_e_form,train,<RUNS_ROOT>/official_benchmark_214/matbench_e_form_5fold/fold0/dataset/cifs/mb-mp-e-form-011474.cif,0.0194001456250001,Tb3Sm,8,
mb-mp-e-form-075199,matbench_mp_e_form,train,<RUNS_ROOT>/official_benchmark_214/matbench_e_form_5fold/fold0/dataset/cifs/mb-mp-e-form-075199.cif,-1.7334300765141422,Na3P2H19O16,160,
mb-mp-e-form-097252,matbench_mp_e_form,train,<RUNS_ROOT>/official_benchmark_214/matbench_e_form_5fold/fold0/dataset/cifs/mb-mp-e-form-097252.cif,-2.3573556977282,Cs2NiF6,9,
mb-mp-e-form-012470,matbench_mp_e_form,train,<RUNS_ROOT>/official_benchmark_214/matbench_e_form_5fold/fold0/dataset/cifs/mb-mp-e-form-012470.cif,-0.005379020643125,CSN2,16,
mb-mp-e-form-010330,matbench_mp_e_form,train,<RUNS_ROOT>/official_benchmark_214/matbench_e_form_5fold/fold0/dataset/cifs/mb-mp-e-form-010330.cif,0.0465675420833333,AcPr3,8,
mb-mp-e-form-091949,matbench_mp_e_form,train,<RUNS_ROOT>/official_benchmark_214/matbench_e_form_5fold/fold0/dataset/cifs/mb-mp-e-form-091949.cif,-2.204574308545918,Na3Si2PO8,56,
mb-mp-e-form-075053,matbench_mp_e_form,train,<RUNS_ROOT>/official_benchmark_214/matbench_e_form_5fold/fold0/dataset/cifs/mb-mp-e-form-075053.cif,-1.7333794341666664,BaSrI4,12,
mb-mp-e-form-003415,matbench_mp_e_form,train,<RUNS_ROOT>/official_benchmark_214/matbench_e_form_5fold/fold0/dataset/cifs/mb-mp-e-form-003415.cif,0.6456605728125,Tb3Np,8,
mb-mp-e-form-075347,matbench_mp_e_form,train,<RUNS_ROOT>/official_benchmark_214/matbench_e_form_5fold/fold0/dataset/cifs/mb-mp-e-form-075347.cif,-1.7205087221428568,Tl2MoO4,14,
mb-mp-e-form-129381,matbench_mp_e_form,train,<RUNS_ROOT>/official_benchmark_214/matbench_e_form_5fold/fold0/dataset/cifs/mb-mp-e-form-129381.cif,-3.469650971568667,La3Si2Cl3O7,30,
mb-mp-e-form-115747,matbench_mp_e_form,train,<RUNS_ROOT>/official_benchmark_214/matbench_e_form_5fold/fold0/dataset/cifs/mb-mp-e-form-115747.cif,-2.7754561583333337,Ti2ZnO4,42,
mb-mp-e-form-010659,matbench_mp_e_form,train,<RUNS_ROOT>/official_benchmark_214/matbench_e_form_5fold/fold0/dataset/cifs/mb-mp-e-form-010659.cif,0.0388109449999998,LaTh,2,
mb-mp-e-form-095999,matbench_mp_e_form,train,<RUNS_ROOT>/official_benchmark_214/matbench_e_form_5fold/fold0/dataset/cifs/mb-mp-e-form-095999.cif,-2.3149495666250006,Na9Sc(MoO4)6,80,
mb-mp-e-form-010351,matbench_mp_e_form,train,<RUNS_ROOT>/official_benchmark_214/matbench_e_form_5fold/fold0/dataset/cifs/mb-mp-e-form-010351.cif,0.0438129162500002,CdPb3,4,
mb-mp-e-form-090383,matbench_mp_e_form,train,<RUNS_ROOT>/official_benchmark_214/matbench_e_form_5fold/fold0/dataset/cifs/mb-mp-e-form-090383.cif,-2.1697828811076185,Ca2As3Pb3ClO12,42,
mb-mp-e-form-027497,matbench_mp_e_form,train,<RUNS_ROOT>/official_benchmark_214/matbench_e_form_5fold/fold0/dataset/cifs/mb-mp-e-form-027497.cif,-0.3325520132291668,IrSe2,24,
mb-mp-e-form-036714,matbench_mp_e_form,train,<RUNS_ROOT>/official_benchmark_214/matbench_e_form_5fold/fold0/dataset/cifs/mb-mp-e-form-036714.cif,-0.4880474195751723,SnH16C4(Br3N)2,58,
mb-mp-e-form-015759,matbench_mp_e_form,train,<RUNS_ROOT>/official_benchmark_214/matbench_e_form_5fold/fold0/dataset/cifs/mb-mp-e-form-015759.cif,-0.0765601999999988,CeCu4Sn,24,
mb-mp-e-form-089423,matbench_mp_e_form,train,<RUNS_ROOT>/official_benchmark_214/matbench_e_form_5fold/fold0/dataset/cifs/mb-mp-e-form-089423.cif,-2.141741860324735,Ce4Si4N7ClO3,76,
mb-mp-e-form-125415,matbench_mp_e_form,train,<RUNS_ROOT>/official_benchmark_214/matbench_e_form_5fold/fold0/dataset/cifs/mb-mp-e-form-125415.cif,-3.173354583452382,LiEuTiO4,28,
mb-mp-e-form-095925,matbench_mp_e_form,train,<RUNS_ROOT>/official_benchmark_214/matbench_e_form_5fold/fold0/dataset/cifs/mb-mp-e-form-095925.cif,-2.327050089583333,Li2FeBO4,32,
mb-mp-e-form-053006,matbench_mp_e_form,train,<RUNS_ROOT>/official_benchmark_214/matbench_e_form_5fold/fold0/dataset/cifs/mb-mp-e-form-053006.cif,-0.8906549851302087,HfTl2Se3,12,
mb-mp-e-form-131416,matbench_mp_e_form,train,<RUNS_ROOT>/official_benchmark_214/matbench_e_form_5fold/fold0/dataset/cifs/mb-mp-e-form-131416.cif,-3.781317630582999,BaCaCrF7,40,
mb-mp-e-form-030779,matbench_mp_e_form,train,<RUNS_ROOT>/official_benchmark_214/matbench_e_form_5fold/fold0/dataset/cifs/mb-mp-e-form-030779.cif,-0.3853229443749999,SmAg2Sn,4,
mb-mp-e-form-118613,matbench_mp_e_form,train,<RUNS_ROOT>/official_benchmark_214/matbench_e_form_5fold/fold0/dataset/cifs/mb-mp-e-form-118613.cif,-2.863131609654117,Ba3La2Cl12,34,
mb-mp-e-form-095187,matbench_mp_e_form,train,<RUNS_ROOT>/official_benchmark_214/matbench_e_form_5fold/fold0/dataset/cifs/mb-mp-e-form-095187.cif,-2.29865680497093,Ce2B12Br2O27,86,
mb-mp-e-form-102818,matbench_mp_e_form,train,<RUNS_ROOT>/official_benchmark_214/matbench_e_form_5fold/fold0/dataset/cifs/mb-mp-e-form-102818.cif,-2.46769656975,LaZnCr2O6,20,
mb-mp-e-form-032457,matbench_mp_e_form,train,<RUNS_ROOT>/official_benchmark_214/matbench_e_form_5fold/fold0/dataset/cifs/mb-mp-e-form-032457.cif,-0.4253005270000002,CeZnGa3,5,
mb-mp-e-form-101327,matbench_mp_e_form,train,<RUNS_ROOT>/official_benchmark_214/matbench_e_form_5fold/fold0/dataset/cifs/mb-mp-e-form-101327.cif,-2.432686472424812,Li2Cu(PO3)4,76,
mb-mp-e-form-004446,matbench_mp_e_form,train,<RUNS_ROOT>/official_benchmark_214/matbench_e_form_5fold/fold0/dataset/cifs/mb-mp-e-form-004446.cif,0.3656722600000011,Th3Mo,8,
mb-mp-e-form-128582,matbench_mp_e_form,train,<RUNS_ROOT>/official_benchmark_214/matbench_e_form_5fold/fold0/dataset/cifs/mb-mp-e-form-128582.cif,-3.361639495552083,Tb2SeO2,10,
mb-mp-e-form-040300,matbench_mp_e_form,train,<RUNS_ROOT>/official_benchmark_214/matbench_e_form_5fold/fold0/dataset/cifs/mb-mp-e-form-040300.cif,-0.5675056220273111,Np(FeP3)4,17,
mb-mp-e-form-005761,matbench_mp_e_form,train,<RUNS_ROOT>/official_benchmark_214/matbench_e_form_5fold/fold0/dataset/cifs/mb-mp-e-form-005761.cif,0.24510127881,NiN,2,
mb-mp-e-form-058428,matbench_mp_e_form,train,<RUNS_ROOT>/official_benchmark_214/matbench_e_form_5fold/fold0/dataset/cifs/mb-mp-e-form-058428.cif,-1.0456713575000007,PaAs,2,
mb-mp-e-form-092904,matbench_mp_e_form,train,<RUNS_ROOT>/official_benchmark_214/matbench_e_form_5fold/fold0/dataset/cifs/mb-mp-e-form-092904.cif,-2.2398389480833343,TiCuO3,5,
mb-mp-e-form-024688,matbench_mp_e_form,train,<RUNS_ROOT>/official_benchmark_214/matbench_e_form_5fold/fold0/dataset/cifs/mb-mp-e-form-024688.cif,-0.2771992357142859,Ni4B3,14,
mb-mp-e-form-079513,matbench_mp_e_form,train,<RUNS_ROOT>/official_benchmark_214/matbench_e_form_5fold/fold0/dataset/cifs/mb-mp-e-form-079513.cif,-1.839585741272308,FeSnH12(OF)6,26,
mb-mp-e-form-015361,matbench_mp_e_form,train,<RUNS_ROOT>/official_benchmark_214/matbench_e_form_5fold/fold0/dataset/cifs/mb-mp-e-form-015361.cif,-0.0688103699999997,Al4SiC4,18,
mb-mp-e-form-053292,matbench_mp_e_form,train,<RUNS_ROOT>/official_benchmark_214/matbench_e_form_5fold/fold0/dataset/cifs/mb-mp-e-form-053292.cif,-0.8921411792250005,K(CoS)2,5,
mb-mp-e-form-006468,matbench_mp_e_form,train,<RUNS_ROOT>/official_benchmark_214/matbench_e_form_5fold/fold0/dataset/cifs/mb-mp-e-form-006468.cif,0.2166171467753577,PbCS(BrN)2,14,
mb-mp-e-form-045594,matbench_mp_e_form,train,<RUNS_ROOT>/official_benchmark_214/matbench_e_form_5fold/fold0/dataset/cifs/mb-mp-e-form-045594.cif,-0.6688515398214291,Cu2Ag2O3,14,
mb-mp-e-form-078058,matbench_mp_e_form,train,<RUNS_ROOT>/official_benchmark_214/matbench_e_form_5fold/fold0/dataset/cifs/mb-mp-e-form-078058.cif,-1.81887620381,Li9Mn2Co5O16,32,
mb-mp-e-form-068186,matbench_mp_e_form,train,<RUNS_ROOT>/official_benchmark_214/matbench_e_form_5fold/fold0/dataset/cifs/mb-mp-e-form-068186.cif,-1.466826538312593,MgH16(ClO4)2,108,
mb-mp-e-form-002152,matbench_mp_e_form,train,<RUNS_ROOT>/official_benchmark_214/matbench_e_form_5fold/fold0/dataset/cifs/mb-mp-e-form-002152.cif,0.995998335,Sr2GaHg,4,
mb-mp-e-form-108362,matbench_mp_e_form,train,<RUNS_ROOT>/official_benchmark_214/matbench_e_form_5fold/fold0/dataset/cifs/mb-mp-e-form-108362.cif,-2.592702980288462,Na2Zn2Si2O7,26,
mb-mp-e-form-128233,matbench_mp_e_form,train,<RUNS_ROOT>/official_benchmark_214/matbench_e_form_5fold/fold0/dataset/cifs/mb-mp-e-form-128233.cif,-3.349936385506332,BaTi18Mn3O38,60,
mb-mp-e-form-030277,matbench_mp_e_form,train,<RUNS_ROOT>/official_benchmark_214/matbench_e_form_5fold/fold0/dataset/cifs/mb-mp-e-form-030277.cif,-0.3817901148995527,Ta20Te5S3,56,
mb-mp-e-form-033201,matbench_mp_e_form,train,<RUNS_ROOT>/official_benchmark_214/matbench_e_form_5fold/fold0/dataset/cifs/mb-mp-e-form-033201.cif,-0.4429658274964083,CsAg7S4,48,
mb-mp-e-form-065899,matbench_mp_e_form,train,<RUNS_ROOT>/official_benchmark_214/matbench_e_form_5fold/fold0/dataset/cifs/mb-mp-e-form-065899.cif,-1.3824707989285716,Zn(WO2)2,28,
mb-mp-e-form-116605,matbench_mp_e_form,train,<RUNS_ROOT>/official_benchmark_214/matbench_e_form_5fold/fold0/dataset/cifs/mb-mp-e-form-116605.cif,-2.7903492646541177,Ba3Y2Cl12,68,
mb-mp-e-form-102098,matbench_mp_e_form,train,<RUNS_ROOT>/official_benchmark_214/matbench_e_form_5fold/fold0/dataset/cifs/mb-mp-e-form-102098.cif,-2.4590264877785715,KPO3,10,
mb-mp-e-form-090277,matbench_mp_e_form,train,<RUNS_ROOT>/official_benchmark_214/matbench_e_form_5fold/fold0/dataset/cifs/mb-mp-e-form-090277.cif,-2.152454327135417,Na2SO3,12,
mb-mp-e-form-081332,matbench_mp_e_form,train,<RUNS_ROOT>/official_benchmark_214/matbench_e_form_5fold/fold0/dataset/cifs/mb-mp-e-form-081332.cif,-1.9095964142500008,TlV2AgO6,20,
mb-mp-e-form-040526,matbench_mp_e_form,train,<RUNS_ROOT>/official_benchmark_214/matbench_e_form_5fold/fold0/dataset/cifs/mb-mp-e-form-040526.cif,-0.5773213411111104,Li2BPt3,24,
mb-mp-e-form-082882,matbench_mp_e_form,train,<RUNS_ROOT>/official_benchmark_214/matbench_e_form_5fold/fold0/dataset/cifs/mb-mp-e-form-082882.cif,-1.959991991249999,Na2Cr2O5,18,
mb-mp-e-form-005525,matbench_mp_e_form,train,<RUNS_ROOT>/official_benchmark_214/matbench_e_form_5fold/fold0/dataset/cifs/mb-mp-e-form-005525.cif,0.2861110761637926,RbEu3,4,
mb-mp-e-form-094742,matbench_mp_e_form,train,<RUNS_ROOT>/official_benchmark_214/matbench_e_form_5fold/fold0/dataset/cifs/mb-mp-e-form-094742.cif,-2.2680455468269227,Sr2AlGaNi2O7,26,
mb-mp-e-form-129633,matbench_mp_e_form,train,<RUNS_ROOT>/official_benchmark_214/matbench_e_form_5fold/fold0/dataset/cifs/mb-mp-e-form-129633.cif,-3.47161865444728,Li3La5Ti6Nb2O26,42,
mb-mp-e-form-081484,matbench_mp_e_form,train,<RUNS_ROOT>/official_benchmark_214/matbench_e_form_5fold/fold0/dataset/cifs/mb-mp-e-form-081484.cif,-1.9084793952193104,Cs2SnCl6,9,
mb-mp-e-form-004481,matbench_mp_e_form,train,<RUNS_ROOT>/official_benchmark_214/matbench_e_form_5fold/fold0/dataset/cifs/mb-mp-e-form-004481.cif,0.3634639675000004,Yb3Cr,4,
mb-mp-e-form-008077,matbench_mp_e_form,train,<RUNS_ROOT>/official_benchmark_214/matbench_e_form_5fold/fold0/dataset/cifs/mb-mp-e-form-008077.cif,0.1105495761745691,CsMg14Sb,16,
mb-mp-e-form-001201,matbench_mp_e_form,train,<RUNS_ROOT>/official_benchmark_214/matbench_e_form_5fold/fold0/dataset/cifs/mb-mp-e-form-001201.cif,1.1101257475,Zn2AgPd,4,
mb-mp-e-form-119135,matbench_mp_e_form,train,<RUNS_ROOT>/official_benchmark_214/matbench_e_form_5fold/fold0/dataset/cifs/mb-mp-e-form-119135.cif,-2.907064015243056,BaNd2In2O7,48,
mb-mp-e-form-021717,matbench_mp_e_form,train,<RUNS_ROOT>/official_benchmark_214/matbench_e_form_5fold/fold0/dataset/cifs/mb-mp-e-form-021717.cif,-0.2186200287499981,TaCo2,24,
mb-mp-e-form-036943,matbench_mp_e_form,train,<RUNS_ROOT>/official_benchmark_214/matbench_e_form_5fold/fold0/dataset/cifs/mb-mp-e-form-036943.cif,-0.5131330433333344,PrPd2,3,
mb-mp-e-form-046094,matbench_mp_e_form,train,<RUNS_ROOT>/official_benchmark_214/matbench_e_form_5fold/fold0/dataset/cifs/mb-mp-e-form-046094.cif,-0.6904714786538466,Al(MoS2)4,13,
mb-mp-e-form-017632,matbench_mp_e_form,train,<RUNS_ROOT>/official_benchmark_214/matbench_e_form_5fold/fold0/dataset/cifs/mb-mp-e-form-017632.cif,-0.1199480249999993,TmAg3,4,
mb-mp-e-form-115320,matbench_mp_e_form,train,<RUNS_ROOT>/official_benchmark_214/matbench_e_form_5fold/fold0/dataset/cifs/mb-mp-e-form-115320.cif,-2.7618547437350003,NaYbCO3F2,32,
mb-mp-e-form-002332,matbench_mp_e_form,train,<RUNS_ROOT>/official_benchmark_214/matbench_e_form_5fold/fold0/dataset/cifs/mb-mp-e-form-002332.cif,0.8440935447888896,CoBr3N5,36,
mb-mp-e-form-034067,matbench_mp_e_form,train,<RUNS_ROOT>/official_benchmark_214/matbench_e_form_5fold/fold0/dataset/cifs/mb-mp-e-form-034067.cif,-0.4600435650000002,Nd2Al3Ge4,18,
mb-mp-e-form-004354,matbench_mp_e_form,train,<RUNS_ROOT>/official_benchmark_214/matbench_e_form_5fold/fold0/dataset/cifs/mb-mp-e-form-004354.cif,0.3908600990233335,InH,4,
mb-mp-e-form-051074,matbench_mp_e_form,train,<RUNS_ROOT>/official_benchmark_214/matbench_e_form_5fold/fold0/dataset/cifs/mb-mp-e-form-051074.cif,-0.8127425402413792,Cs2AlAuI6,10,
mb-mp-e-form-057846,matbench_mp_e_form,train,<RUNS_ROOT>/official_benchmark_214/matbench_e_form_5fold/fold0/dataset/cifs/mb-mp-e-form-057846.cif,-1.026252927779999,CuHO2,4,
mb-mp-e-form-127190,matbench_mp_e_form,train,<RUNS_ROOT>/official_benchmark_214/matbench_e_form_5fold/fold0/dataset/cifs/mb-mp-e-form-127190.cif,-3.286350721734693,Sr5P3BrO12,42,
mb-mp-e-form-092700,matbench_mp_e_form,train,<RUNS_ROOT>/official_benchmark_214/matbench_e_form_5fold/fold0/dataset/cifs/mb-mp-e-form-092700.cif,-2.219909366598572,Li7Co(O2F)2,28,
mb-mp-e-form-056175,matbench_mp_e_form,train,<RUNS_ROOT>/official_benchmark_214/matbench_e_form_5fold/fold0/dataset/cifs/mb-mp-e-form-056175.cif,-0.9852113770979998,Te2H18N4O11,70,
mb-mp-e-form-083365,matbench_mp_e_form,train,<RUNS_ROOT>/official_benchmark_214/matbench_e_form_5fold/fold0/dataset/cifs/mb-mp-e-form-083365.cif,-1.943928666845,SbIrC2(OF3)2,96,
mb-mp-e-form-125132,matbench_mp_e_form,train,<RUNS_ROOT>/official_benchmark_214/matbench_e_form_5fold/fold0/dataset/cifs/mb-mp-e-form-125132.cif,-3.147076652130952,BaNaTiNbO6,10,
mb-mp-e-form-016817,matbench_mp_e_form,train,<RUNS_ROOT>/official_benchmark_214/matbench_e_form_5fold/fold0/dataset/cifs/mb-mp-e-form-016817.cif,-0.103850588333333,RhI2,6,
mb-mp-e-form-009030,matbench_mp_e_form,train,<RUNS_ROOT>/official_benchmark_214/matbench_e_form_5fold/fold0/dataset/cifs/mb-mp-e-form-009030.cif,0.0655615956249999,NaCaMg6,8,
mb-mp-e-form-060008,matbench_mp_e_form,train,<RUNS_ROOT>/official_benchmark_214/matbench_e_form_5fold/fold0/dataset/cifs/mb-mp-e-form-060008.cif,-1.135284739375,NaCuO2,4,
mb-mp-e-form-070400,matbench_mp_e_form,train,<RUNS_ROOT>/official_benchmark_214/matbench_e_form_5fold/fold0/dataset/cifs/mb-mp-e-form-070400.cif,-1.5560582433333332,SrLaI4,12,
mb-mp-e-form-033805,matbench_mp_e_form,train,<RUNS_ROOT>/official_benchmark_214/matbench_e_form_5fold/fold0/dataset/cifs/mb-mp-e-form-033805.cif,-0.4290753399999998,GaCuPt2,4,
mb-mp-e-form-017936,matbench_mp_e_form,train,<RUNS_ROOT>/official_benchmark_214/matbench_e_form_5fold/fold0/dataset/cifs/mb-mp-e-form-017936.cif,-0.1388351700000001,Ge2Mo,3,
mb-mp-e-form-069475,matbench_mp_e_form,train,<RUNS_ROOT>/official_benchmark_214/matbench_e_form_5fold/fold0/dataset/cifs/mb-mp-e-form-069475.cif,-1.5050819287500008,Tl2CO3,12,
mb-mp-e-form-064404,matbench_mp_e_form,train,<RUNS_ROOT>/official_benchmark_214/matbench_e_form_5fold/fold0/dataset/cifs/mb-mp-e-form-064404.cif,-1.3234289606249998,CoO,4,
mb-mp-e-form-121571,matbench_mp_e_form,train,<RUNS_ROOT>/official_benchmark_214/matbench_e_form_5fold/fold0/dataset/cifs/mb-mp-e-form-121571.cif,-2.9761107070012502,Li2VOF4,32,
mb-mp-e-form-085332,matbench_mp_e_form,train,<RUNS_ROOT>/official_benchmark_214/matbench_e_form_5fold/fold0/dataset/cifs/mb-mp-e-form-085332.cif,-2.012808351339286,La3Se4,14,
mb-mp-e-form-035868,matbench_mp_e_form,train,<RUNS_ROOT>/official_benchmark_214/matbench_e_form_5fold/fold0/dataset/cifs/mb-mp-e-form-035868.cif,-0.4631089474479999,Sr(GaH)2,5,
mb-mp-e-form-052008,matbench_mp_e_form,train,<RUNS_ROOT>/official_benchmark_214/matbench_e_form_5fold/fold0/dataset/cifs/mb-mp-e-form-052008.cif,-0.8496344734074073,KZnB(H2Cl)2,18,
mb-mp-e-form-048710,matbench_mp_e_form,train,<RUNS_ROOT>/official_benchmark_214/matbench_e_form_5fold/fold0/dataset/cifs/mb-mp-e-form-048710.cif,-0.7394648997222227,SmInAu,9,
mb-mp-e-form-067185,matbench_mp_e_form,train,<RUNS_ROOT>/official_benchmark_214/matbench_e_form_5fold/fold0/dataset/cifs/mb-mp-e-form-067185.cif,-1.4410397592733328,NaMnIO6,9,
mb-mp-e-form-063483,matbench_mp_e_form,train,<RUNS_ROOT>/official_benchmark_214/matbench_e_form_5fold/fold0/dataset/cifs/mb-mp-e-form-063483.cif,-1.286798984958334,Na5InS4,20,
mb-mp-e-form-055532,matbench_mp_e_form,train,<RUNS_ROOT>/official_benchmark_214/matbench_e_form_5fold/fold0/dataset/cifs/mb-mp-e-form-055532.cif,-0.964457896813859,Sr4Bi6Se13,46,
mb-mp-e-form-106994,matbench_mp_e_form,train,<RUNS_ROOT>/official_benchmark_214/matbench_e_form_5fold/fold0/dataset/cifs/mb-mp-e-form-106994.cif,-2.55336929375,NdMoO5,28,
mb-mp-e-form-050128,matbench_mp_e_form,train,<RUNS_ROOT>/official_benchmark_214/matbench_e_form_5fold/fold0/dataset/cifs/mb-mp-e-form-050128.cif,-0.7903572687499996,FeAgO3,5,
mb-mp-e-form-046972,matbench_mp_e_form,train,<RUNS_ROOT>/official_benchmark_214/matbench_e_form_5fold/fold0/dataset/cifs/mb-mp-e-form-046972.cif,-0.714216460555555,Er3(CoGe2)2,9,
mb-mp-e-form-119935,matbench_mp_e_form,train,<RUNS_ROOT>/official_benchmark_214/matbench_e_form_5fold/fold0/dataset/cifs/mb-mp-e-form-119935.cif,-2.944460337281745,NaHfMg30O31,63,
mb-mp-e-form-043063,matbench_mp_e_form,train,<RUNS_ROOT>/official_benchmark_214/matbench_e_form_5fold/fold0/dataset/cifs/mb-mp-e-form-043063.cif,-0.6300418078571438,Ho(Ni2As)2,14,
mb-mp-e-form-009471,matbench_mp_e_form,train,<RUNS_ROOT>/official_benchmark_214/matbench_e_form_5fold/fold0/dataset/cifs/mb-mp-e-form-009471.cif,0.0903258224999996,LaYb3,4,
mb-mp-e-form-131744,matbench_mp_e_form,train,<RUNS_ROOT>/official_benchmark_214/matbench_e_form_5fold/fold0/dataset/cifs/mb-mp-e-form-131744.cif,-3.686559446802381,YTiF5,7,
mb-mp-e-form-089262,matbench_mp_e_form,train,<RUNS_ROOT>/official_benchmark_214/matbench_e_form_5fold/fold0/dataset/cifs/mb-mp-e-form-089262.cif,-2.142861277718833,RbCr4O8,13,
mb-mp-e-form-048135,matbench_mp_e_form,train,<RUNS_ROOT>/official_benchmark_214/matbench_e_form_5fold/fold0/dataset/cifs/mb-mp-e-form-048135.cif,-0.7384214099999994,Sc2Co3Si5,20,
mb-mp-e-form-045468,matbench_mp_e_form,train,<RUNS_ROOT>/official_benchmark_214/matbench_e_form_5fold/fold0/dataset/cifs/mb-mp-e-form-045468.cif,-0.6759563084722231,Tl2Fe3S4,18,
mb-mp-e-form-076167,matbench_mp_e_form,train,<RUNS_ROOT>/official_benchmark_214/matbench_e_form_5fold/fold0/dataset/cifs/mb-mp-e-form-076167.cif,-1.7662098033992315,Rb11Mn8O16,140,
mb-mp-e-form-033358,matbench_mp_e_form,train,<RUNS_ROOT>/official_benchmark_214/matbench_e_form_5fold/fold0/dataset/cifs/mb-mp-e-form-033358.cif,-0.4440522124999996,SmAlZn,6,
mb-mp-e-form-109166,matbench_mp_e_form,train,<RUNS_ROOT>/official_benchmark_214/matbench_e_form_5fold/fold0/dataset/cifs/mb-mp-e-form-109166.cif,-2.60076797055,Ba4Sr(SnO3)5,25,
mb-mp-e-form-121173,matbench_mp_e_form,train,<RUNS_ROOT>/official_benchmark_214/matbench_e_form_5fold/fold0/dataset/cifs/mb-mp-e-form-121173.cif,-2.9713788999278847,Y4US5O3,52,
mb-mp-e-form-083336,matbench_mp_e_form,train,<RUNS_ROOT>/official_benchmark_214/matbench_e_form_5fold/fold0/dataset/cifs/mb-mp-e-form-083336.cif,-1.9611871463858697,Sr17(Ta5S21)2,69,
mb-mp-e-form-017390,matbench_mp_e_form,train,<RUNS_ROOT>/official_benchmark_214/matbench_e_form_5fold/fold0/dataset/cifs/mb-mp-e-form-017390.cif,-0.1093892513690484,Nb3Fe8Si,12,
mb-mp-e-form-121418,matbench_mp_e_form,train,<RUNS_ROOT>/official_benchmark_214/matbench_e_form_5fold/fold0/dataset/cifs/mb-mp-e-form-121418.cif,-2.956703755199507,CsUGa(PO5)2,30,
mb-mp-e-form-008900,matbench_mp_e_form,train,<RUNS_ROOT>/official_benchmark_214/matbench_e_form_5fold/fold0/dataset/cifs/mb-mp-e-form-008900.cif,0.10454171125,Yb3Ru,4,
mb-mp-e-form-045601,matbench_mp_e_form,train,<RUNS_ROOT>/official_benchmark_214/matbench_e_form_5fold/fold0/dataset/cifs/mb-mp-e-form-045601.cif,-0.6808135741666668,SmGa2,3,
mb-mp-e-form-109023,matbench_mp_e_form,train,<RUNS_ROOT>/official_benchmark_214/matbench_e_form_5fold/fold0/dataset/cifs/mb-mp-e-form-109023.cif,-2.6149527014870686,RbDy(MoO4)2,48,
mb-mp-e-form-072343,matbench_mp_e_form,train,<RUNS_ROOT>/official_benchmark_214/matbench_e_form_5fold/fold0/dataset/cifs/mb-mp-e-form-072343.cif,-1.6338996601005755,Cs3InO3,28,
mb-mp-e-form-069323,matbench_mp_e_form,train,<RUNS_ROOT>/official_benchmark_214/matbench_e_form_5fold/fold0/dataset/cifs/mb-mp-e-form-069323.cif,-1.518442797833039,CsIn3H6(Se3O10)2,144,
mb-mp-e-form-118255,matbench_mp_e_form,train,<RUNS_ROOT>/official_benchmark_214/matbench_e_form_5fold/fold0/dataset/cifs/mb-mp-e-form-118255.cif,-2.8616737617500005,Sr2YRuO6,20,
mb-mp-e-form-041815,matbench_mp_e_form,train,<RUNS_ROOT>/official_benchmark_214/matbench_e_form_5fold/fold0/dataset/cifs/mb-mp-e-form-041815.cif,-0.5870145512500002,ZrCdPd2,4,
mb-mp-e-form-124649,matbench_mp_e_form,train,<RUNS_ROOT>/official_benchmark_214/matbench_e_form_5fold/fold0/dataset/cifs/mb-mp-e-form-124649.cif,-3.092515981938776,Li2Ti3NbO8,56,
mb-mp-e-form-126909,matbench_mp_e_form,train,<RUNS_ROOT>/official_benchmark_214/matbench_e_form_5fold/fold0/dataset/cifs/mb-mp-e-form-126909.cif,-3.2587910804687503,LiAl(Si2O5)2,32,
mb-mp-e-form-094489,matbench_mp_e_form,train,<RUNS_ROOT>/official_benchmark_214/matbench_e_form_5fold/fold0/dataset/cifs/mb-mp-e-form-094489.cif,-2.2633615692346933,Li4CuNi3(PO4)4,28,
mb-mp-e-form-051655,matbench_mp_e_form,train,<RUNS_ROOT>/official_benchmark_214/matbench_e_form_5fold/fold0/dataset/cifs/mb-mp-e-form-051655.cif,-0.8316384194999991,Ag5GeO4,40,
mb-mp-e-form-083300,matbench_mp_e_form,train,<RUNS_ROOT>/official_benchmark_214/matbench_e_form_5fold/fold0/dataset/cifs/mb-mp-e-form-083300.cif,-1.943212013611111,Ga2TeO6,18,
mb-mp-e-form-014940,matbench_mp_e_form,train,<RUNS_ROOT>/official_benchmark_214/matbench_e_form_5fold/fold0/dataset/cifs/mb-mp-e-form-014940.cif,-0.0696406387499997,Mg6SnSb,8,
mb-mp-e-form-068019,matbench_mp_e_form,train,<RUNS_ROOT>/official_benchmark_214/matbench_e_form_5fold/fold0/dataset/cifs/mb-mp-e-form-068019.cif,-1.4790970278846147,V3O10,26,
mb-mp-e-form-116122,matbench_mp_e_form,train,<RUNS_ROOT>/official_benchmark_214/matbench_e_form_5fold/fold0/dataset/cifs/mb-mp-e-form-116122.cif,-2.801659263283333,Zr3Ti2(PbO3)5,25,
mb-mp-e-form-022423,matbench_mp_e_form,train,<RUNS_ROOT>/official_benchmark_214/matbench_e_form_5fold/fold0/dataset/cifs/mb-mp-e-form-022423.cif,-0.2431427804999998,Mg3Zn3As4,10,
mb-mp-e-form-113803,matbench_mp_e_form,train,<RUNS_ROOT>/official_benchmark_214/matbench_e_form_5fold/fold0/dataset/cifs/mb-mp-e-form-113803.cif,-2.743869618125,YMg6AlO8,16,
mb-mp-e-form-132729,matbench_mp_e_form,train,<RUNS_ROOT>/official_benchmark_214/matbench_e_form_5fold/fold0/dataset/cifs/mb-mp-e-form-132729.cif,-3.895663406843752,Sm27Y5O48,80,
mb-mp-e-form-061658,matbench_mp_e_form,train,<RUNS_ROOT>/official_benchmark_214/matbench_e_form_5fold/fold0/dataset/cifs/mb-mp-e-form-061658.cif,-1.18175224132353,Li3(Mo3S4)2,34,
mb-mp-e-form-130903,matbench_mp_e_form,train,<RUNS_ROOT>/official_benchmark_214/matbench_e_form_5fold/fold0/dataset/cifs/mb-mp-e-form-130903.cif,-3.666576510793332,Ba2FeF6,9,
mb-mp-e-form-045262,matbench_mp_e_form,train,<RUNS_ROOT>/official_benchmark_214/matbench_e_form_5fold/fold0/dataset/cifs/mb-mp-e-form-045262.cif,-0.6676080181617645,Zr9NiMo4O3,34,
mb-mp-e-form-129796,matbench_mp_e_form,train,<RUNS_ROOT>/official_benchmark_214/matbench_e_form_5fold/fold0/dataset/cifs/mb-mp-e-form-129796.cif,-3.5718136945833328,Eu2Sc2O5,18,
mb-mp-e-form-001986,matbench_mp_e_form,train,<RUNS_ROOT>/official_benchmark_214/matbench_e_form_5fold/fold0/dataset/cifs/mb-mp-e-form-001986.cif,0.9077284900000002,Mo,1,
mb-mp-e-form-015435,matbench_mp_e_form,train,<RUNS_ROOT>/official_benchmark_214/matbench_e_form_5fold/fold0/dataset/cifs/mb-mp-e-form-015435.cif,-0.0781813071874992,Sm2Fe15Si2C,20,
mb-mp-e-form-064802,matbench_mp_e_form,train,<RUNS_ROOT>/official_benchmark_214/matbench_e_form_5fold/fold0/dataset/cifs/mb-mp-e-form-064802.cif,-1.3061861972023812,BaBSbS4,28,
mb-mp-e-form-118645,matbench_mp_e_form,train,<RUNS_ROOT>/official_benchmark_214/matbench_e_form_5fold/fold0/dataset/cifs/mb-mp-e-form-118645.cif,-2.853804895214,LiFeF3,20,
mb-mp-e-form-122401,matbench_mp_e_form,train,<RUNS_ROOT>/official_benchmark_214/matbench_e_form_5fold/fold0/dataset/cifs/mb-mp-e-form-122401.cif,-3.022688982361112,SiO2,144,
mb-mp-e-form-073952,matbench_mp_e_form,train,<RUNS_ROOT>/official_benchmark_214/matbench_e_form_5fold/fold0/dataset/cifs/mb-mp-e-form-073952.cif,-1.6961501791973794,Cs2GaAgCl6,10,
mb-mp-e-form-078277,matbench_mp_e_form,train,<RUNS_ROOT>/official_benchmark_214/matbench_e_form_5fold/fold0/dataset/cifs/mb-mp-e-form-078277.cif,-1.827720579415556,SrH2(CO2)2,36,
mb-mp-e-form-096111,matbench_mp_e_form,train,<RUNS_ROOT>/official_benchmark_214/matbench_e_form_5fold/fold0/dataset/cifs/mb-mp-e-form-096111.cif,-2.3159122974402604,Na2NbO3F5,44,
mb-mp-e-form-013719,matbench_mp_e_form,train,<RUNS_ROOT>/official_benchmark_214/matbench_e_form_5fold/fold0/dataset/cifs/mb-mp-e-form-013719.cif,-0.0134714807499989,Mn3SnC,5,
mb-mp-e-form-041131,matbench_mp_e_form,train,<RUNS_ROOT>/official_benchmark_214/matbench_e_form_5fold/fold0/dataset/cifs/mb-mp-e-form-041131.cif,-0.5825572123611108,SmCrB4,24,
mb-mp-e-form-043725,matbench_mp_e_form,train,<RUNS_ROOT>/official_benchmark_214/matbench_e_form_5fold/fold0/dataset/cifs/mb-mp-e-form-043725.cif,-0.6276116867500001,Er2Mn3Si5,40,
mb-mp-e-form-081542,matbench_mp_e_form,train,<RUNS_ROOT>/official_benchmark_214/matbench_e_form_5fold/fold0/dataset/cifs/mb-mp-e-form-081542.cif,-1.9018336529298283,Zn2FeP2(H2O3)4,50,
mb-mp-e-form-004274,matbench_mp_e_form,train,<RUNS_ROOT>/official_benchmark_214/matbench_e_form_5fold/fold0/dataset/cifs/mb-mp-e-form-004274.cif,0.3003758431702896,Mo3C8S13N2,26,
mb-mp-e-form-071333,matbench_mp_e_form,train,<RUNS_ROOT>/official_benchmark_214/matbench_e_form_5fold/fold0/dataset/cifs/mb-mp-e-form-071333.cif,-1.6075572885714269,SnMo5O8,56,
mb-mp-e-form-127873,matbench_mp_e_form,train,<RUNS_ROOT>/official_benchmark_214/matbench_e_form_5fold/fold0/dataset/cifs/mb-mp-e-form-127873.cif,-3.383940198295455,Dy3ReO7,22,
mb-mp-e-form-081414,matbench_mp_e_form,train,<RUNS_ROOT>/official_benchmark_214/matbench_e_form_5fold/fold0/dataset/cifs/mb-mp-e-form-081414.cif,-1.8976424982225009,As2S3(NF6)2,38,
mb-mp-e-form-064401,matbench_mp_e_form,train,<RUNS_ROOT>/official_benchmark_214/matbench_e_form_5fold/fold0/dataset/cifs/mb-mp-e-form-064401.cif,-1.3188441906250006,FeO,4,
mb-mp-e-form-069509,matbench_mp_e_form,train,<RUNS_ROOT>/official_benchmark_214/matbench_e_form_5fold/fold0/dataset/cifs/mb-mp-e-form-069509.cif,-1.5303206625905543,TiH8C4NO10,72,
mb-mp-e-form-036958,matbench_mp_e_form,train,<RUNS_ROOT>/official_benchmark_214/matbench_e_form_5fold/fold0/dataset/cifs/mb-mp-e-form-036958.cif,-0.5081488697321431,Tl2Rh3S2,7,
mb-mp-e-form-066689,matbench_mp_e_form,train,<RUNS_ROOT>/official_benchmark_214/matbench_e_form_5fold/fold0/dataset/cifs/mb-mp-e-form-066689.cif,-1.4065775098872737,K2Mo2H12C4N(OF3)3,66,
mb-mp-e-form-032816,matbench_mp_e_form,train,<RUNS_ROOT>/official_benchmark_214/matbench_e_form_5fold/fold0/dataset/cifs/mb-mp-e-form-032816.cif,-0.4222875599999991,PaAlAu2,4,
mb-mp-e-form-100925,matbench_mp_e_form,train,<RUNS_ROOT>/official_benchmark_214/matbench_e_form_5fold/fold0/dataset/cifs/mb-mp-e-form-100925.cif,-2.434256554327731,Cr(PO3)4,68,
mb-mp-e-form-029012,matbench_mp_e_form,train,<RUNS_ROOT>/official_benchmark_214/matbench_e_form_5fold/fold0/dataset/cifs/mb-mp-e-form-029012.cif,-0.3702203516666671,CrSiNi,12,
mb-mp-e-form-006795,matbench_mp_e_form,train,<RUNS_ROOT>/official_benchmark_214/matbench_e_form_5fold/fold0/dataset/cifs/mb-mp-e-form-006795.cif,0.2163738595312487,Np5Ge3,16,
mb-mp-e-form-022960,matbench_mp_e_form,train,<RUNS_ROOT>/official_benchmark_214/matbench_e_form_5fold/fold0/dataset/cifs/mb-mp-e-form-022960.cif,-0.2593128952380955,PrIn5Co,7,
mb-mp-e-form-055364,matbench_mp_e_form,train,<RUNS_ROOT>/official_benchmark_214/matbench_e_form_5fold/fold0/dataset/cifs/mb-mp-e-form-055364.cif,-0.936994683415179,TaNb(Cu3S4)2,16,
mb-mp-e-form-063839,matbench_mp_e_form,train,<RUNS_ROOT>/official_benchmark_214/matbench_e_form_5fold/fold0/dataset/cifs/mb-mp-e-form-063839.cif,-1.2649758160747129,Cs2TlInBr6,10,
mb-mp-e-form-113052,matbench_mp_e_form,train,<RUNS_ROOT>/official_benchmark_214/matbench_e_form_5fold/fold0/dataset/cifs/mb-mp-e-form-113052.cif,-2.719792788235293,Y2(MoO4)3,34,
mb-mp-e-form-083924,matbench_mp_e_form,train,<RUNS_ROOT>/official_benchmark_214/matbench_e_form_5fold/fold0/dataset/cifs/mb-mp-e-form-083924.cif,-1.9789974618489587,Ba2CuSeO2,6,
mb-mp-e-form-095491,matbench_mp_e_form,train,<RUNS_ROOT>/official_benchmark_214/matbench_e_form_5fold/fold0/dataset/cifs/mb-mp-e-form-095491.cif,-2.292710878529412,Li5V3CrO8,34,
mb-mp-e-form-043764,matbench_mp_e_form,train,<RUNS_ROOT>/official_benchmark_214/matbench_e_form_5fold/fold0/dataset/cifs/mb-mp-e-form-043764.cif,-0.6328360726016259,Tb6In23Pt12,41,
mb-mp-e-form-113946,matbench_mp_e_form,train,<RUNS_ROOT>/official_benchmark_214/matbench_e_form_5fold/fold0/dataset/cifs/mb-mp-e-form-113946.cif,-2.7226239637500007,CaWO4,12,
mb-mp-e-form-044431,matbench_mp_e_form,train,<RUNS_ROOT>/official_benchmark_214/matbench_e_form_5fold/fold0/dataset/cifs/mb-mp-e-form-044431.cif,-0.6517388535714284,Mg(BrO2)2,7,
mb-mp-e-form-078354,matbench_mp_e_form,train,<RUNS_ROOT>/official_benchmark_214/matbench_e_form_5fold/fold0/dataset/cifs/mb-mp-e-form-078354.cif,-1.8225095726330685,KUHSeO7,44,
mb-mp-e-form-069890,matbench_mp_e_form,train,<RUNS_ROOT>/official_benchmark_214/matbench_e_form_5fold/fold0/dataset/cifs/mb-mp-e-form-069890.cif,-1.5380988342857145,Ca(CuO2)2,14,
mb-mp-e-form-090593,matbench_mp_e_form,train,<RUNS_ROOT>/official_benchmark_214/matbench_e_form_5fold/fold0/dataset/cifs/mb-mp-e-form-090593.cif,-2.1621924356958133,Cs3LaO3,28,
mb-mp-e-form-008583,matbench_mp_e_form,train,<RUNS_ROOT>/official_benchmark_214/matbench_e_form_5fold/fold0/dataset/cifs/mb-mp-e-form-008583.cif,0.0971453374999988,TaTi3,4,
mb-mp-e-form-082132,matbench_mp_e_form,train,<RUNS_ROOT>/official_benchmark_214/matbench_e_form_5fold/fold0/dataset/cifs/mb-mp-e-form-082132.cif,-1.9372431788492064,CrB2(PbO2)6,84,
mb-mp-e-form-001580,matbench_mp_e_form,train,<RUNS_ROOT>/official_benchmark_214/matbench_e_form_5fold/fold0/dataset/cifs/mb-mp-e-form-001580.cif,1.5153473421250006,K3W,4,
mb-mp-e-form-040822,matbench_mp_e_form,train,<RUNS_ROOT>/official_benchmark_214/matbench_e_form_5fold/fold0/dataset/cifs/mb-mp-e-form-040822.cif,-0.5639040939583335,Ti2ReOs,4,
mb-mp-e-form-042210,matbench_mp_e_form,train,<RUNS_ROOT>/official_benchmark_214/matbench_e_form_5fold/fold0/dataset/cifs/mb-mp-e-form-042210.cif,-0.6167659734132632,ZnSb4H18S7N6,72,
mb-mp-e-form-066787,matbench_mp_e_form,train,<RUNS_ROOT>/official_benchmark_214/matbench_e_form_5fold/fold0/dataset/cifs/mb-mp-e-form-066787.cif,-1.37685430246,Hf2N,6,
mb-mp-e-form-025923,matbench_mp_e_form,train,<RUNS_ROOT>/official_benchmark_214/matbench_e_form_5fold/fold0/dataset/cifs/mb-mp-e-form-025923.cif,-0.3086740842857146,ZnAsPt5,7,
mb-mp-e-form-104875,matbench_mp_e_form,train,<RUNS_ROOT>/official_benchmark_214/matbench_e_form_5fold/fold0/dataset/cifs/mb-mp-e-form-104875.cif,-2.519207201714285,K3YbV2O8,14,
mb-mp-e-form-098653,matbench_mp_e_form,train,<RUNS_ROOT>/official_benchmark_214/matbench_e_form_5fold/fold0/dataset/cifs/mb-mp-e-form-098653.cif,-2.3712484528,MnOF,6,
mb-mp-e-form-059765,matbench_mp_e_form,train,<RUNS_ROOT>/official_benchmark_214/matbench_e_form_5fold/fold0/dataset/cifs/mb-mp-e-form-059765.cif,-1.093762186531609,KRbO,6,
mb-mp-e-form-005386,matbench_mp_e_form,train,<RUNS_ROOT>/official_benchmark_214/matbench_e_form_5fold/fold0/dataset/cifs/mb-mp-e-form-005386.cif,0.2790475065683336,Cu2C4NCl5,48,
mb-mp-e-form-122586,matbench_mp_e_form,train,<RUNS_ROOT>/official_benchmark_214/matbench_e_form_5fold/fold0/dataset/cifs/mb-mp-e-form-122586.cif,-2.9902393083033334,LiVOF3,12,
mb-mp-e-form-077540,matbench_mp_e_form,train,<RUNS_ROOT>/official_benchmark_214/matbench_e_form_5fold/fold0/dataset/cifs/mb-mp-e-form-077540.cif,-1.795794246458333,Ba2Na(CuO2)3,24,
mb-mp-e-form-099299,matbench_mp_e_form,train,<RUNS_ROOT>/official_benchmark_214/matbench_e_form_5fold/fold0/dataset/cifs/mb-mp-e-form-099299.cif,-2.3977886921629987,CaMn6SiO12,80,
mb-mp-e-form-072465,matbench_mp_e_form,train,<RUNS_ROOT>/official_benchmark_214/matbench_e_form_5fold/fold0/dataset/cifs/mb-mp-e-form-072465.cif,-1.6133745299566662,NaHO,6,
mb-mp-e-form-113466,matbench_mp_e_form,train,<RUNS_ROOT>/official_benchmark_214/matbench_e_form_5fold/fold0/dataset/cifs/mb-mp-e-form-113466.cif,-2.7085377714560432,Li2Nb(PO4)2,52,
mb-mp-e-form-003709,matbench_mp_e_form,train,<RUNS_ROOT>/official_benchmark_214/matbench_e_form_5fold/fold0/dataset/cifs/mb-mp-e-form-003709.cif,0.4736878816666669,ZnI2,6,
mb-mp-e-form-042542,matbench_mp_e_form,train,<RUNS_ROOT>/official_benchmark_214/matbench_e_form_5fold/fold0/dataset/cifs/mb-mp-e-form-042542.cif,-0.6059059486363633,Hg5(BrO2)2,22,
mb-mp-e-form-065860,matbench_mp_e_form,train,<RUNS_ROOT>/official_benchmark_214/matbench_e_form_5fold/fold0/dataset/cifs/mb-mp-e-form-065860.cif,-1.4000670765560002,KCoCl3,10,
mb-mp-e-form-128920,matbench_mp_e_form,train,<RUNS_ROOT>/official_benchmark_214/matbench_e_form_5fold/fold0/dataset/cifs/mb-mp-e-form-128920.cif,-3.3907787721590923,La3MoO7,44,
mb-mp-e-form-041345,matbench_mp_e_form,train,<RUNS_ROOT>/official_benchmark_214/matbench_e_form_5fold/fold0/dataset/cifs/mb-mp-e-form-041345.cif,-0.5964577248809514,Mn2FeCoP2,12,
mb-mp-e-form-083172,matbench_mp_e_form,train,<RUNS_ROOT>/official_benchmark_214/matbench_e_form_5fold/fold0/dataset/cifs/mb-mp-e-form-083172.cif,-1.942456552476852,CaCO4,54,
mb-mp-e-form-096620,matbench_mp_e_form,train,<RUNS_ROOT>/official_benchmark_214/matbench_e_form_5fold/fold0/dataset/cifs/mb-mp-e-form-096620.cif,-2.324101645967291,Li2Cr3P4(HO4)4,58,
mb-mp-e-form-125323,matbench_mp_e_form,train,<RUNS_ROOT>/official_benchmark_214/matbench_e_form_5fold/fold0/dataset/cifs/mb-mp-e-form-125323.cif,-3.151689805166256,Ba6Na2Nb2P2O17,29,
mb-mp-e-form-031641,matbench_mp_e_form,train,<RUNS_ROOT>/official_benchmark_214/matbench_e_form_5fold/fold0/dataset/cifs/mb-mp-e-form-031641.cif,-0.3994218158333336,TbCoSn2,8,
mb-mp-e-form-090991,matbench_mp_e_form,train,<RUNS_ROOT>/official_benchmark_214/matbench_e_form_5fold/fold0/dataset/cifs/mb-mp-e-form-090991.cif,-2.1798096744999995,Na9Fe(MoO4)6,80,
mb-mp-e-form-102457,matbench_mp_e_form,train,<RUNS_ROOT>/official_benchmark_214/matbench_e_form_5fold/fold0/dataset/cifs/mb-mp-e-form-102457.cif,-2.453936183371818,Li5MnO3F2,11,
mb-mp-e-form-117627,matbench_mp_e_form,train,<RUNS_ROOT>/official_benchmark_214/matbench_e_form_5fold/fold0/dataset/cifs/mb-mp-e-form-117627.cif,-2.83752065075,LuBiO3,10,
mb-mp-e-form-047768,matbench_mp_e_form,train,<RUNS_ROOT>/official_benchmark_214/matbench_e_form_5fold/fold0/dataset/cifs/mb-mp-e-form-047768.cif,-0.7241561891222571,RbW3Br7,44,
mb-mp-e-form-111593,matbench_mp_e_form,train,<RUNS_ROOT>/official_benchmark_214/matbench_e_form_5fold/fold0/dataset/cifs/mb-mp-e-form-111593.cif,-2.6640150268681326,LiV2(PO4)2,26,
mb-mp-e-form-101286,matbench_mp_e_form,train,<RUNS_ROOT>/official_benchmark_214/matbench_e_form_5fold/fold0/dataset/cifs/mb-mp-e-form-101286.cif,-2.433040666098901,Li2Fe(PO4)2,26,
mb-mp-e-form-117761,matbench_mp_e_form,train,<RUNS_ROOT>/official_benchmark_214/matbench_e_form_5fold/fold0/dataset/cifs/mb-mp-e-form-117761.cif,-2.87243106644643,Na3Al2(PO4)3,80,
mb-mp-e-form-087702,matbench_mp_e_form,train,<RUNS_ROOT>/official_benchmark_214/matbench_e_form_5fold/fold0/dataset/cifs/mb-mp-e-form-087702.cif,-2.0785893499833343,Fe6O7F5,18,
mb-mp-e-form-098556,matbench_mp_e_form,train,<RUNS_ROOT>/official_benchmark_214/matbench_e_form_5fold/fold0/dataset/cifs/mb-mp-e-form-098556.cif,-2.3776705980357145,Li4Ti3Ni3(WO8)2,28,
mb-mp-e-form-058314,matbench_mp_e_form,train,<RUNS_ROOT>/official_benchmark_214/matbench_e_form_5fold/fold0/dataset/cifs/mb-mp-e-form-058314.cif,-1.0819433258200002,Hf5Si3N,18,
mb-mp-e-form-001595,matbench_mp_e_form,val,<RUNS_ROOT>/official_benchmark_214/matbench_e_form_5fold/fold0/dataset/cifs/mb-mp-e-form-001595.cif,1.0672908678125008,Pu2HgGe,4,
mb-mp-e-form-079025,matbench_mp_e_form,val,<RUNS_ROOT>/official_benchmark_214/matbench_e_form_5fold/fold0/dataset/cifs/mb-mp-e-form-079025.cif,-1.8502886769549984,Li7Mn2(CoO4)3,24,
mb-mp-e-form-128156,matbench_mp_e_form,val,<RUNS_ROOT>/official_benchmark_214/matbench_e_form_5fold/fold0/dataset/cifs/mb-mp-e-form-128156.cif,-3.3231675674725274,Ca19Mg2(PO4)14,91,
mb-mp-e-form-107443,matbench_mp_e_form,val,<RUNS_ROOT>/official_benchmark_214/matbench_e_form_5fold/fold0/dataset/cifs/mb-mp-e-form-107443.cif,-2.569851147142857,LiFeSiO4,14,
mb-mp-e-form-043741,matbench_mp_e_form,val,<RUNS_ROOT>/official_benchmark_214/matbench_e_form_5fold/fold0/dataset/cifs/mb-mp-e-form-043741.cif,-0.6279289817013891,As9Pb7S20,72,
mb-mp-e-form-041688,matbench_mp_e_form,val,<RUNS_ROOT>/official_benchmark_214/matbench_e_form_5fold/fold0/dataset/cifs/mb-mp-e-form-041688.cif,-0.5946597428110525,CoH18C4N7O8,76,
mb-mp-e-form-131626,matbench_mp_e_form,val,<RUNS_ROOT>/official_benchmark_214/matbench_e_form_5fold/fold0/dataset/cifs/mb-mp-e-form-131626.cif,-3.714629606250001,Er2Si2O7,22,
mb-mp-e-form-054464,matbench_mp_e_form,val,<RUNS_ROOT>/official_benchmark_214/matbench_e_form_5fold/fold0/dataset/cifs/mb-mp-e-form-054464.cif,-0.9023563832019996,Mg3N2,40,
mb-mp-e-form-088065,matbench_mp_e_form,val,<RUNS_ROOT>/official_benchmark_214/matbench_e_form_5fold/fold0/dataset/cifs/mb-mp-e-form-088065.cif,-2.1139861375787024,K2GeB4O11,36,
mb-mp-e-form-114413,matbench_mp_e_form,val,<RUNS_ROOT>/official_benchmark_214/matbench_e_form_5fold/fold0/dataset/cifs/mb-mp-e-form-114413.cif,-2.726918175252976,LaNb2CuBrO7,12,
mb-mp-e-form-026508,matbench_mp_e_form,val,<RUNS_ROOT>/official_benchmark_214/matbench_e_form_5fold/fold0/dataset/cifs/mb-mp-e-form-026508.cif,-0.31786461,HoCd,2,
mb-mp-e-form-067774,matbench_mp_e_form,val,<RUNS_ROOT>/official_benchmark_214/matbench_e_form_5fold/fold0/dataset/cifs/mb-mp-e-form-067774.cif,-1.457674004537038,Na8Co5O14,54,
mb-mp-e-form-119261,matbench_mp_e_form,val,<RUNS_ROOT>/official_benchmark_214/matbench_e_form_5fold/fold0/dataset/cifs/mb-mp-e-form-119261.cif,-2.9019335596049807,KRbMnF6,9,
mb-mp-e-form-075417,matbench_mp_e_form,val,<RUNS_ROOT>/official_benchmark_214/matbench_e_form_5fold/fold0/dataset/cifs/mb-mp-e-form-075417.cif,-1.7296208976658158,P2S2O3,28,
mb-mp-e-form-070564,matbench_mp_e_form,val,<RUNS_ROOT>/official_benchmark_214/matbench_e_form_5fold/fold0/dataset/cifs/mb-mp-e-form-070564.cif,-1.5468456858670592,Fe2CuAs2(HO5)2,17,
mb-mp-e-form-103560,matbench_mp_e_form,val,<RUNS_ROOT>/official_benchmark_214/matbench_e_form_5fold/fold0/dataset/cifs/mb-mp-e-form-103560.cif,-2.473903657301587,CrFe(PO4)2,36,
mb-mp-e-form-111626,matbench_mp_e_form,val,<RUNS_ROOT>/official_benchmark_214/matbench_e_form_5fold/fold0/dataset/cifs/mb-mp-e-form-111626.cif,-2.658873002083334,Li2TiCrO4,16,
mb-mp-e-form-000806,matbench_mp_e_form,val,<RUNS_ROOT>/official_benchmark_214/matbench_e_form_5fold/fold0/dataset/cifs/mb-mp-e-form-000806.cif,2.347187780833333,Pr2CuSb3,6,
mb-mp-e-form-015067,matbench_mp_e_form,val,<RUNS_ROOT>/official_benchmark_214/matbench_e_form_5fold/fold0/dataset/cifs/mb-mp-e-form-015067.cif,-0.0631904299999999,LiMg,2,
mb-mp-e-form-131672,matbench_mp_e_form,val,<RUNS_ROOT>/official_benchmark_214/matbench_e_form_5fold/fold0/dataset/cifs/mb-mp-e-form-131672.cif,-3.69306874275,LaAlO3,30,
mb-mp-e-form-103310,matbench_mp_e_form,val,<RUNS_ROOT>/official_benchmark_214/matbench_e_form_5fold/fold0/dataset/cifs/mb-mp-e-form-103310.cif,-2.4827736764123385,LiSbP2O7,44,
mb-mp-e-form-086909,matbench_mp_e_form,val,<RUNS_ROOT>/official_benchmark_214/matbench_e_form_5fold/fold0/dataset/cifs/mb-mp-e-form-086909.cif,-2.0730956436250003,Ba4Cu3ReO12,20,
mb-mp-e-form-049944,matbench_mp_e_form,val,<RUNS_ROOT>/official_benchmark_214/matbench_e_form_5fold/fold0/dataset/cifs/mb-mp-e-form-049944.cif,-0.7845128525781261,Te2Mo3W(SeS2)2,12,
mb-mp-e-form-010253,matbench_mp_e_form,val,<RUNS_ROOT>/official_benchmark_214/matbench_e_form_5fold/fold0/dataset/cifs/mb-mp-e-form-010253.cif,0.0445481487931034,Cs,2,"RuntimeError: The cutoff is too small, resulting in material graph with no bonds"
mb-mp-e-form-016917,matbench_mp_e_form,val,<RUNS_ROOT>/official_benchmark_214/matbench_e_form_5fold/fold0/dataset/cifs/mb-mp-e-form-016917.cif,-0.1196165807533304,CrN2,12,
mb-mp-e-form-101496,matbench_mp_e_form,val,<RUNS_ROOT>/official_benchmark_214/matbench_e_form_5fold/fold0/dataset/cifs/mb-mp-e-form-101496.cif,-2.4242774728516068,Mn2PO5,32,
mb-mp-e-form-064766,matbench_mp_e_form,val,<RUNS_ROOT>/official_benchmark_214/matbench_e_form_5fold/fold0/dataset/cifs/mb-mp-e-form-064766.cif,-1.2966788556666669,Li4Co13O28,45,
mb-mp-e-form-126762,matbench_mp_e_form,val,<RUNS_ROOT>/official_benchmark_214/matbench_e_form_5fold/fold0/dataset/cifs/mb-mp-e-form-126762.cif,-3.2438341007261906,La4B10O21,140,
mb-mp-e-form-031860,matbench_mp_e_form,val,<RUNS_ROOT>/official_benchmark_214/matbench_e_form_5fold/fold0/dataset/cifs/mb-mp-e-form-031860.cif,-0.4062244548333339,Tb2ReC2,20,
mb-mp-e-form-017296,matbench_mp_e_form,val,<RUNS_ROOT>/official_benchmark_214/matbench_e_form_5fold/fold0/dataset/cifs/mb-mp-e-form-017296.cif,-0.1218797451666667,ZrTi4Be5,10,
mb-mp-e-form-039157,matbench_mp_e_form,val,<RUNS_ROOT>/official_benchmark_214/matbench_e_form_5fold/fold0/dataset/cifs/mb-mp-e-form-039157.cif,-0.5522812559999999,Ga7Pt3,20,
mb-mp-e-form-078770,matbench_mp_e_form,val,<RUNS_ROOT>/official_benchmark_214/matbench_e_form_5fold/fold0/dataset/cifs/mb-mp-e-form-078770.cif,-1.818433835,LuBr3,8,
mb-mp-e-form-048581,matbench_mp_e_form,val,<RUNS_ROOT>/official_benchmark_214/matbench_e_form_5fold/fold0/dataset/cifs/mb-mp-e-form-048581.cif,-0.7433547478660714,SnPS3,20,
mb-mp-e-form-098405,matbench_mp_e_form,val,<RUNS_ROOT>/official_benchmark_214/matbench_e_form_5fold/fold0/dataset/cifs/mb-mp-e-form-098405.cif,-2.363605097201164,Li2Cr2P4H3O16,27,
mb-mp-e-form-023852,matbench_mp_e_form,val,<RUNS_ROOT>/official_benchmark_214/matbench_e_form_5fold/fold0/dataset/cifs/mb-mp-e-form-023852.cif,-0.2667861937499998,NdCoC2,8,
mb-mp-e-form-012954,matbench_mp_e_form,val,<RUNS_ROOT>/official_benchmark_214/matbench_e_form_5fold/fold0/dataset/cifs/mb-mp-e-form-012954.cif,-0.0135676175000001,YMg6Si,8,
mb-mp-e-form-073975,matbench_mp_e_form,val,<RUNS_ROOT>/official_benchmark_214/matbench_e_form_5fold/fold0/dataset/cifs/mb-mp-e-form-073975.cif,-1.705879085982143,Li4Co3O7,28,
mb-mp-e-form-054650,matbench_mp_e_form,val,<RUNS_ROOT>/official_benchmark_214/matbench_e_form_5fold/fold0/dataset/cifs/mb-mp-e-form-054650.cif,-0.9282718156250004,Ag2BiO3,24,
mb-mp-e-form-022413,matbench_mp_e_form,val,<RUNS_ROOT>/official_benchmark_214/matbench_e_form_5fold/fold0/dataset/cifs/mb-mp-e-form-022413.cif,-0.2501039118749988,Mn9Al4V3,16,
mb-mp-e-form-054299,matbench_mp_e_form,val,<RUNS_ROOT>/official_benchmark_214/matbench_e_form_5fold/fold0/dataset/cifs/mb-mp-e-form-054299.cif,-0.9113645860185176,Nd3TiSb5,18,
mb-mp-e-form-055037,matbench_mp_e_form,val,<RUNS_ROOT>/official_benchmark_214/matbench_e_form_5fold/fold0/dataset/cifs/mb-mp-e-form-055037.cif,-0.941944340666666,SrAg2(IO2)4,15,
mb-mp-e-form-087123,matbench_mp_e_form,val,<RUNS_ROOT>/official_benchmark_214/matbench_e_form_5fold/fold0/dataset/cifs/mb-mp-e-form-087123.cif,-2.07425169759738,Rb3Zr6BeCl15,50,
mb-mp-e-form-095268,matbench_mp_e_form,val,<RUNS_ROOT>/official_benchmark_214/matbench_e_form_5fold/fold0/dataset/cifs/mb-mp-e-form-095268.cif,-2.289317598090061,Li2Ni3(P2O7)2,46,
mb-mp-e-form-129100,matbench_mp_e_form,val,<RUNS_ROOT>/official_benchmark_214/matbench_e_form_5fold/fold0/dataset/cifs/mb-mp-e-form-129100.cif,-3.4079446159294866,Na2Ti12O25,39,
mb-mp-e-form-087895,matbench_mp_e_form,val,<RUNS_ROOT>/official_benchmark_214/matbench_e_form_5fold/fold0/dataset/cifs/mb-mp-e-form-087895.cif,-2.111859783056,K2NaAlCl6,10,
mb-mp-e-form-050071,matbench_mp_e_form,val,<RUNS_ROOT>/official_benchmark_214/matbench_e_form_5fold/fold0/dataset/cifs/mb-mp-e-form-050071.cif,-0.7910529195999999,KAuBr3,10,
mb-mp-e-form-098918,matbench_mp_e_form,val,<RUNS_ROOT>/official_benchmark_214/matbench_e_form_5fold/fold0/dataset/cifs/mb-mp-e-form-098918.cif,-2.387100996017857,Li5Fe6P5O24,40,
mb-mp-e-form-107454,matbench_mp_e_form,val,<RUNS_ROOT>/official_benchmark_214/matbench_e_form_5fold/fold0/dataset/cifs/mb-mp-e-form-107454.cif,-2.5646103782983345,Fe4OF7,24,
mb-mp-e-form-129054,matbench_mp_e_form,val,<RUNS_ROOT>/official_benchmark_214/matbench_e_form_5fold/fold0/dataset/cifs/mb-mp-e-form-129054.cif,-3.4110622571296307,TaTiAlO6,18,
mb-mp-e-form-070685,matbench_mp_e_form,val,<RUNS_ROOT>/official_benchmark_214/matbench_e_form_5fold/fold0/dataset/cifs/mb-mp-e-form-070685.cif,-1.537551441893939,Li2Fe2NiO6,33,
mb-mp-e-form-117809,matbench_mp_e_form,val,<RUNS_ROOT>/official_benchmark_214/matbench_e_form_5fold/fold0/dataset/cifs/mb-mp-e-form-117809.cif,-2.8742408896875,Mg14VCoO16,32,
mb-mp-e-form-129063,matbench_mp_e_form,val,<RUNS_ROOT>/official_benchmark_214/matbench_e_form_5fold/fold0/dataset/cifs/mb-mp-e-form-129063.cif,-3.453983239179688,SrAl12O19,64,
mb-mp-e-form-090634,matbench_mp_e_form,val,<RUNS_ROOT>/official_benchmark_214/matbench_e_form_5fold/fold0/dataset/cifs/mb-mp-e-form-090634.cif,-2.16999050202381,Fe3CoNi2(PO4)6,36,
mb-mp-e-form-051802,matbench_mp_e_form,val,<RUNS_ROOT>/official_benchmark_214/matbench_e_form_5fold/fold0/dataset/cifs/mb-mp-e-form-051802.cif,-0.831059395625,Al2ZnSe4,7,
mb-mp-e-form-127560,matbench_mp_e_form,val,<RUNS_ROOT>/official_benchmark_214/matbench_e_form_5fold/fold0/dataset/cifs/mb-mp-e-form-127560.cif,-3.2627998741551587,CsTiNb(O2F)2,18,
mb-mp-e-form-105509,matbench_mp_e_form,val,<RUNS_ROOT>/official_benchmark_214/matbench_e_form_5fold/fold0/dataset/cifs/mb-mp-e-form-105509.cif,-2.5107207180032463,LiFeP2O7,22,
mb-mp-e-form-118910,matbench_mp_e_form,val,<RUNS_ROOT>/official_benchmark_214/matbench_e_form_5fold/fold0/dataset/cifs/mb-mp-e-form-118910.cif,-2.8869389707812494,HfMg30SbO32,64,
mb-mp-e-form-106452,matbench_mp_e_form,val,<RUNS_ROOT>/official_benchmark_214/matbench_e_form_5fold/fold0/dataset/cifs/mb-mp-e-form-106452.cif,-2.540706859032393,Li3V3P8O29,86,
mb-mp-e-form-028467,matbench_mp_e_form,val,<RUNS_ROOT>/official_benchmark_214/matbench_e_form_5fold/fold0/dataset/cifs/mb-mp-e-form-028467.cif,-0.3422775765885415,GaCuNiSe3,48,
mb-mp-e-form-016385,matbench_mp_e_form,val,<RUNS_ROOT>/official_benchmark_214/matbench_e_form_5fold/fold0/dataset/cifs/mb-mp-e-form-016385.cif,-0.0900573658974366,TmTiFe11,13,
mb-mp-e-form-055917,matbench_mp_e_form,val,<RUNS_ROOT>/official_benchmark_214/matbench_e_form_5fold/fold0/dataset/cifs/mb-mp-e-form-055917.cif,-0.989359473689999,Ca2MnN3,48,
mb-mp-e-form-128450,matbench_mp_e_form,val,<RUNS_ROOT>/official_benchmark_214/matbench_e_form_5fold/fold0/dataset/cifs/mb-mp-e-form-128450.cif,-3.367056718083333,GdBO3,10,
mb-mp-e-form-117520,matbench_mp_e_form,val,<RUNS_ROOT>/official_benchmark_214/matbench_e_form_5fold/fold0/dataset/cifs/mb-mp-e-form-117520.cif,-2.81795569542517,Li3Ti(PO4)2,28,
mb-mp-e-form-121017,matbench_mp_e_form,val,<RUNS_ROOT>/official_benchmark_214/matbench_e_form_5fold/fold0/dataset/cifs/mb-mp-e-form-121017.cif,-2.971690942031734,Rb3NbF6,10,
mb-mp-e-form-012541,matbench_mp_e_form,val,<RUNS_ROOT>/official_benchmark_214/matbench_e_form_5fold/fold0/dataset/cifs/mb-mp-e-form-012541.cif,0.0028084265384616,Na5Si34,39,
mb-mp-e-form-001755,matbench_mp_e_form,val,<RUNS_ROOT>/official_benchmark_214/matbench_e_form_5fold/fold0/dataset/cifs/mb-mp-e-form-001755.cif,1.175166996644736,Sb(MoS2)6,19,
mb-mp-e-form-064603,matbench_mp_e_form,val,<RUNS_ROOT>/official_benchmark_214/matbench_e_form_5fold/fold0/dataset/cifs/mb-mp-e-form-064603.cif,-1.3295948786646907,CsCeCdSe3,12,
mb-mp-e-form-124016,matbench_mp_e_form,val,<RUNS_ROOT>/official_benchmark_214/matbench_e_form_5fold/fold0/dataset/cifs/mb-mp-e-form-124016.cif,-3.0848373522826096,La3HfGa5O14,23,
mb-mp-e-form-037310,matbench_mp_e_form,val,<RUNS_ROOT>/official_benchmark_214/matbench_e_form_5fold/fold0/dataset/cifs/mb-mp-e-form-037310.cif,-0.5171538113541674,CaIn2Rh,32,
mb-mp-e-form-104050,matbench_mp_e_form,val,<RUNS_ROOT>/official_benchmark_214/matbench_e_form_5fold/fold0/dataset/cifs/mb-mp-e-form-104050.cif,-2.5007385896590915,Ta3Zn2Bi3O14,22,
mb-mp-e-form-068971,matbench_mp_e_form,val,<RUNS_ROOT>/official_benchmark_214/matbench_e_form_5fold/fold0/dataset/cifs/mb-mp-e-form-068971.cif,-1.5288287572413792,Cs2PrCuBr6,10,
mb-mp-e-form-106369,matbench_mp_e_form,val,<RUNS_ROOT>/official_benchmark_214/matbench_e_form_5fold/fold0/dataset/cifs/mb-mp-e-form-106369.cif,-2.5355421830714286,Li6Cr3Ni(PO4)6,40,
mb-mp-e-form-119902,matbench_mp_e_form,val,<RUNS_ROOT>/official_benchmark_214/matbench_e_form_5fold/fold0/dataset/cifs/mb-mp-e-form-119902.cif,-2.9434088829525,KMg30MnO32,64,
mb-mp-e-form-129265,matbench_mp_e_form,val,<RUNS_ROOT>/official_benchmark_214/matbench_e_form_5fold/fold0/dataset/cifs/mb-mp-e-form-129265.cif,-3.4780123915033343,YClO,6,
mb-mp-e-form-010826,matbench_mp_e_form,val,<RUNS_ROOT>/official_benchmark_214/matbench_e_form_5fold/fold0/dataset/cifs/mb-mp-e-form-010826.cif,0.0416016712931034,Cs,4,"RuntimeError: The cutoff is too small, resulting in material graph with no bonds"
mb-mp-e-form-057984,matbench_mp_e_form,val,<RUNS_ROOT>/official_benchmark_214/matbench_e_form_5fold/fold0/dataset/cifs/mb-mp-e-form-057984.cif,-1.0810283587847225,CeSe2,36,
mb-mp-e-form-037271,matbench_mp_e_form,val,<RUNS_ROOT>/official_benchmark_214/matbench_e_form_5fold/fold0/dataset/cifs/mb-mp-e-form-037271.cif,-0.5064074775000004,YCo5As3,36,
mb-mp-e-form-017208,matbench_mp_e_form,val,<RUNS_ROOT>/official_benchmark_214/matbench_e_form_5fold/fold0/dataset/cifs/mb-mp-e-form-017208.cif,-0.1246351417346948,Ga40SnMo8,49,
mb-mp-e-form-014516,matbench_mp_e_form,val,<RUNS_ROOT>/official_benchmark_214/matbench_e_form_5fold/fold0/dataset/cifs/mb-mp-e-form-014516.cif,-0.0550615786904759,NbFe4Si,12,
mb-mp-e-form-089186,matbench_mp_e_form,val,<RUNS_ROOT>/official_benchmark_214/matbench_e_form_5fold/fold0/dataset/cifs/mb-mp-e-form-089186.cif,-2.123313987386988,Yb6Mn25(Cl3O10)4,83,
mb-mp-e-form-039290,matbench_mp_e_form,val,<RUNS_ROOT>/official_benchmark_214/matbench_e_form_5fold/fold0/dataset/cifs/mb-mp-e-form-039290.cif,-0.5372531050000001,TmMnSi,12,
mb-mp-e-form-084899,matbench_mp_e_form,val,<RUNS_ROOT>/official_benchmark_214/matbench_e_form_5fold/fold0/dataset/cifs/mb-mp-e-form-084899.cif,-2.030493195714,Na2AgPdF6,10,
mb-mp-e-form-066625,matbench_mp_e_form,val,<RUNS_ROOT>/official_benchmark_214/matbench_e_form_5fold/fold0/dataset/cifs/mb-mp-e-form-066625.cif,-1.4031478653048786,Ta14(CuS8)3,41,
mb-mp-e-form-112290,matbench_mp_e_form,val,<RUNS_ROOT>/official_benchmark_214/matbench_e_form_5fold/fold0/dataset/cifs/mb-mp-e-form-112290.cif,-2.6782918097516664,WOF4,24,
mb-mp-e-form-061743,matbench_mp_e_form,val,<RUNS_ROOT>/official_benchmark_214/matbench_e_form_5fold/fold0/dataset/cifs/mb-mp-e-form-061743.cif,-1.1778554376562504,Li3SbS4,8,
mb-mp-e-form-119018,matbench_mp_e_form,val,<RUNS_ROOT>/official_benchmark_214/matbench_e_form_5fold/fold0/dataset/cifs/mb-mp-e-form-119018.cif,-2.8846502162500007,La2Cr2O5,18,
mb-mp-e-form-068058,matbench_mp_e_form,val,<RUNS_ROOT>/official_benchmark_214/matbench_e_form_5fold/fold0/dataset/cifs/mb-mp-e-form-068058.cif,-1.4847761357500004,EuAuO3,5,
mb-mp-e-form-005170,matbench_mp_e_form,val,<RUNS_ROOT>/official_benchmark_214/matbench_e_form_5fold/fold0/dataset/cifs/mb-mp-e-form-005170.cif,0.2862649919781403,CsMg14Nb,16,
mb-mp-e-form-029219,matbench_mp_e_form,val,<RUNS_ROOT>/official_benchmark_214/matbench_e_form_5fold/fold0/dataset/cifs/mb-mp-e-form-029219.cif,-0.3710799443137255,Sc44Ir7,102,
mb-mp-e-form-105740,matbench_mp_e_form,val,<RUNS_ROOT>/official_benchmark_214/matbench_e_form_5fold/fold0/dataset/cifs/mb-mp-e-form-105740.cif,-2.516330511203416,Al2Fe3(PO5)3,92,
mb-mp-e-form-096695,matbench_mp_e_form,val,<RUNS_ROOT>/official_benchmark_214/matbench_e_form_5fold/fold0/dataset/cifs/mb-mp-e-form-096695.cif,-2.331397018243265,LiFe2P2HO8,56,
mb-mp-e-form-028422,matbench_mp_e_form,val,<RUNS_ROOT>/official_benchmark_214/matbench_e_form_5fold/fold0/dataset/cifs/mb-mp-e-form-028422.cif,-0.3507162849999996,MnFeSi4,6,
mb-mp-e-form-029026,matbench_mp_e_form,val,<RUNS_ROOT>/official_benchmark_214/matbench_e_form_5fold/fold0/dataset/cifs/mb-mp-e-form-029026.cif,-0.3619261737499997,AsPd3,16,
mb-mp-e-form-120762,matbench_mp_e_form,val,<RUNS_ROOT>/official_benchmark_214/matbench_e_form_5fold/fold0/dataset/cifs/mb-mp-e-form-120762.cif,-2.9843613191666662,LiMg6TiO8,16,
mb-mp-e-form-099088,matbench_mp_e_form,val,<RUNS_ROOT>/official_benchmark_214/matbench_e_form_5fold/fold0/dataset/cifs/mb-mp-e-form-099088.cif,-2.3849015011412216,RbSO3F,24,
mb-mp-e-form-087238,matbench_mp_e_form,val,<RUNS_ROOT>/official_benchmark_214/matbench_e_form_5fold/fold0/dataset/cifs/mb-mp-e-form-087238.cif,-2.0600594928683336,BaMn3Fe3O11,36,
mb-mp-e-form-111131,matbench_mp_e_form,val,<RUNS_ROOT>/official_benchmark_214/matbench_e_form_5fold/fold0/dataset/cifs/mb-mp-e-form-111131.cif,-2.6460902497500003,Eu3Ga5O12,80,
mb-mp-e-form-034897,matbench_mp_e_form,val,<RUNS_ROOT>/official_benchmark_214/matbench_e_form_5fold/fold0/dataset/cifs/mb-mp-e-form-034897.cif,-0.4493725007019989,BaCa3(CuN2)2,40,
mb-mp-e-form-009776,matbench_mp_e_form,val,<RUNS_ROOT>/official_benchmark_214/matbench_e_form_5fold/fold0/dataset/cifs/mb-mp-e-form-009776.cif,0.0776066271729952,Y3(Fe31B7)2,79,
mb-mp-e-form-050823,matbench_mp_e_form,val,<RUNS_ROOT>/official_benchmark_214/matbench_e_form_5fold/fold0/dataset/cifs/mb-mp-e-form-050823.cif,-0.7910806637499999,YbHoRh2,4,
mb-mp-e-form-084560,matbench_mp_e_form,val,<RUNS_ROOT>/official_benchmark_214/matbench_e_form_5fold/fold0/dataset/cifs/mb-mp-e-form-084560.cif,-1.97707349775,Li4VFe(TeO6)2,20,
mb-mp-e-form-121972,matbench_mp_e_form,val,<RUNS_ROOT>/official_benchmark_214/matbench_e_form_5fold/fold0/dataset/cifs/mb-mp-e-form-121972.cif,-3.004542820782966,Rb2AlCuF6,10,
mb-mp-e-form-080880,matbench_mp_e_form,val,<RUNS_ROOT>/official_benchmark_214/matbench_e_form_5fold/fold0/dataset/cifs/mb-mp-e-form-080880.cif,-1.8980109205959992,MnPb2WO6,10,
mb-mp-e-form-047739,matbench_mp_e_form,val,<RUNS_ROOT>/official_benchmark_214/matbench_e_form_5fold/fold0/dataset/cifs/mb-mp-e-form-047739.cif,-0.7249961101354164,Sb8Pb5S17,60,
mb-mp-e-form-093866,matbench_mp_e_form,val,<RUNS_ROOT>/official_benchmark_214/matbench_e_form_5fold/fold0/dataset/cifs/mb-mp-e-form-093866.cif,-2.260010067440476,ZnFe(PO4)2,24,
mb-mp-e-form-031139,matbench_mp_e_form,val,<RUNS_ROOT>/official_benchmark_214/matbench_e_form_5fold/fold0/dataset/cifs/mb-mp-e-form-031139.cif,-0.4027145794117643,La(Ge3Pt)4,17,
mb-mp-e-form-083785,matbench_mp_e_form,val,<RUNS_ROOT>/official_benchmark_214/matbench_e_form_5fold/fold0/dataset/cifs/mb-mp-e-form-083785.cif,-1.95085507375,AlCuO3,10,
mb-mp-e-form-064475,matbench_mp_e_form,val,<RUNS_ROOT>/official_benchmark_214/matbench_e_form_5fold/fold0/dataset/cifs/mb-mp-e-form-064475.cif,-1.3261653179077382,K3BS3,28,
mb-mp-e-form-011011,matbench_mp_e_form,val,<RUNS_ROOT>/official_benchmark_214/matbench_e_form_5fold/fold0/dataset/cifs/mb-mp-e-form-011011.cif,0.02804549375,Mg6AlNi,8,
mb-mp-e-form-091405,matbench_mp_e_form,val,<RUNS_ROOT>/official_benchmark_214/matbench_e_form_5fold/fold0/dataset/cifs/mb-mp-e-form-091405.cif,-2.195562057638889,Na8Ga42O67,117,
mb-mp-e-form-028210,matbench_mp_e_form,val,<RUNS_ROOT>/official_benchmark_214/matbench_e_form_5fold/fold0/dataset/cifs/mb-mp-e-form-028210.cif,-0.343125565964883,CdSi3AsH27C9I2,344,
mb-mp-e-form-025973,matbench_mp_e_form,val,<RUNS_ROOT>/official_benchmark_214/matbench_e_form_5fold/fold0/dataset/cifs/mb-mp-e-form-025973.cif,-0.30589058703125,SnPbS2,8,
mb-mp-e-form-043534,matbench_mp_e_form,val,<RUNS_ROOT>/official_benchmark_214/matbench_e_form_5fold/fold0/dataset/cifs/mb-mp-e-form-043534.cif,-0.6228083662500001,Ba3Sn5,16,
mb-mp-e-form-020323,matbench_mp_e_form,val,<RUNS_ROOT>/official_benchmark_214/matbench_e_form_5fold/fold0/dataset/cifs/mb-mp-e-form-020323.cif,-0.2042444941666671,Zr3Mn8Al,12,
mb-mp-e-form-131471,matbench_mp_e_form,val,<RUNS_ROOT>/official_benchmark_214/matbench_e_form_5fold/fold0/dataset/cifs/mb-mp-e-form-131471.cif,-3.7142194431666646,Zr9ScO20,30,
mb-mp-e-form-056234,matbench_mp_e_form,val,<RUNS_ROOT>/official_benchmark_214/matbench_e_form_5fold/fold0/dataset/cifs/mb-mp-e-form-056234.cif,-0.990208951480769,Er2V10O53,65,
mb-mp-e-form-055740,matbench_mp_e_form,val,<RUNS_ROOT>/official_benchmark_214/matbench_e_form_5fold/fold0/dataset/cifs/mb-mp-e-form-055740.cif,-0.9557520106751528,P5HC(NCl6)3,112,
mb-mp-e-form-043542,matbench_mp_e_form,val,<RUNS_ROOT>/official_benchmark_214/matbench_e_form_5fold/fold0/dataset/cifs/mb-mp-e-form-043542.cif,-0.6278525736842099,U7Te12,19,
mb-mp-e-form-006726,matbench_mp_e_form,val,<RUNS_ROOT>/official_benchmark_214/matbench_e_form_5fold/fold0/dataset/cifs/mb-mp-e-form-006726.cif,0.1689623550000005,FeCu,2,
mb-mp-e-form-020230,matbench_mp_e_form,val,<RUNS_ROOT>/official_benchmark_214/matbench_e_form_5fold/fold0/dataset/cifs/mb-mp-e-form-020230.cif,-0.1976294157239991,AlFe3H,5,
mb-mp-e-form-064676,matbench_mp_e_form,val,<RUNS_ROOT>/official_benchmark_214/matbench_e_form_5fold/fold0/dataset/cifs/mb-mp-e-form-064676.cif,-1.322605272031251,ZrTlCuS3,12,
mb-mp-e-form-066036,matbench_mp_e_form,val,<RUNS_ROOT>/official_benchmark_214/matbench_e_form_5fold/fold0/dataset/cifs/mb-mp-e-form-066036.cif,-1.38254572218006,Li2SeO4,42,
mb-mp-e-form-017082,matbench_mp_e_form,val,<RUNS_ROOT>/official_benchmark_214/matbench_e_form_5fold/fold0/dataset/cifs/mb-mp-e-form-017082.cif,-0.1317044874999999,HgPd3,4,
mb-mp-e-form-102728,matbench_mp_e_form,val,<RUNS_ROOT>/official_benchmark_214/matbench_e_form_5fold/fold0/dataset/cifs/mb-mp-e-form-102728.cif,-2.45450038552721,CaCo2(P2O7)2,21,
mb-mp-e-form-021795,matbench_mp_e_form,val,<RUNS_ROOT>/official_benchmark_214/matbench_e_form_5fold/fold0/dataset/cifs/mb-mp-e-form-021795.cif,-0.2193256505,HN,40,
mb-mp-e-form-036397,matbench_mp_e_form,val,<RUNS_ROOT>/official_benchmark_214/matbench_e_form_5fold/fold0/dataset/cifs/mb-mp-e-form-036397.cif,-0.4803474307407403,PrB4(IrOs)2,18,
mb-mp-e-form-100876,matbench_mp_e_form,val,<RUNS_ROOT>/official_benchmark_214/matbench_e_form_5fold/fold0/dataset/cifs/mb-mp-e-form-100876.cif,-2.432026397059448,Rb3LuCl6,10,
mb-mp-e-form-017095,matbench_mp_e_form,val,<RUNS_ROOT>/official_benchmark_214/matbench_e_form_5fold/fold0/dataset/cifs/mb-mp-e-form-017095.cif,-0.1192566875,LiSiAg2,4,
mb-mp-e-form-071813,matbench_mp_e_form,val,<RUNS_ROOT>/official_benchmark_214/matbench_e_form_5fold/fold0/dataset/cifs/mb-mp-e-form-071813.cif,-1.5851901084782614,Ba2Mg3Tl2(NiO3)4,23,
mb-mp-e-form-034300,matbench_mp_e_form,val,<RUNS_ROOT>/official_benchmark_214/matbench_e_form_5fold/fold0/dataset/cifs/mb-mp-e-form-034300.cif,-0.4481567422058825,SrC6(BrO4)2,34,
mb-mp-e-form-110410,matbench_mp_e_form,val,<RUNS_ROOT>/official_benchmark_214/matbench_e_form_5fold/fold0/dataset/cifs/mb-mp-e-form-110410.cif,-2.63609033875,SmTlO2,8,
mb-mp-e-form-107785,matbench_mp_e_form,val,<RUNS_ROOT>/official_benchmark_214/matbench_e_form_5fold/fold0/dataset/cifs/mb-mp-e-form-107785.cif,-2.5920355986637933,CsHfMg6O7,15,
mb-mp-e-form-044056,matbench_mp_e_form,val,<RUNS_ROOT>/official_benchmark_214/matbench_e_form_5fold/fold0/dataset/cifs/mb-mp-e-form-044056.cif,-0.6545958891666661,Er2Au,12,
mb-mp-e-form-112010,matbench_mp_e_form,val,<RUNS_ROOT>/official_benchmark_214/matbench_e_form_5fold/fold0/dataset/cifs/mb-mp-e-form-112010.cif,-2.684460297352941,Gd2(MoO4)3,34,
mb-mp-e-form-016049,matbench_mp_e_form,val,<RUNS_ROOT>/official_benchmark_214/matbench_e_form_5fold/fold0/dataset/cifs/mb-mp-e-form-016049.cif,-0.1019510633333341,CaNi5,12,
mb-mp-e-form-031497,matbench_mp_e_form,val,<RUNS_ROOT>/official_benchmark_214/matbench_e_form_5fold/fold0/dataset/cifs/mb-mp-e-form-031497.cif,-0.4039804399999998,Ba2Ga7Ag,10,
mb-mp-e-form-089698,matbench_mp_e_form,val,<RUNS_ROOT>/official_benchmark_214/matbench_e_form_5fold/fold0/dataset/cifs/mb-mp-e-form-089698.cif,-2.139020281982,Fe10O11F9,30,
mb-mp-e-form-089190,matbench_mp_e_form,val,<RUNS_ROOT>/official_benchmark_214/matbench_e_form_5fold/fold0/dataset/cifs/mb-mp-e-form-089190.cif,-2.133517668333334,TiFe5O8,14,
mb-mp-e-form-058210,matbench_mp_e_form,val,<RUNS_ROOT>/official_benchmark_214/matbench_e_form_5fold/fold0/dataset/cifs/mb-mp-e-form-058210.cif,-1.0650876053645837,MgS2O9,48,
mb-mp-e-form-005400,matbench_mp_e_form,val,<RUNS_ROOT>/official_benchmark_214/matbench_e_form_5fold/fold0/dataset/cifs/mb-mp-e-form-005400.cif,0.2849348512500005,AgGe3,4,
mb-mp-e-form-006388,matbench_mp_e_form,val,<RUNS_ROOT>/official_benchmark_214/matbench_e_form_5fold/fold0/dataset/cifs/mb-mp-e-form-006388.cif,0.202588047777778,Mg2Ti,6,
mb-mp-e-form-094214,matbench_mp_e_form,val,<RUNS_ROOT>/official_benchmark_214/matbench_e_form_5fold/fold0/dataset/cifs/mb-mp-e-form-094214.cif,-2.266198682788463,Sr(ReO3)3,52,
mb-mp-e-form-132015,matbench_mp_e_form,val,<RUNS_ROOT>/official_benchmark_214/matbench_e_form_5fold/fold0/dataset/cifs/mb-mp-e-form-132015.cif,-3.868266651499999,ThU4O10,15,
mb-mp-e-form-026499,matbench_mp_e_form,val,<RUNS_ROOT>/official_benchmark_214/matbench_e_form_5fold/fold0/dataset/cifs/mb-mp-e-form-026499.cif,-0.3112622603061226,PPd6,28,
mb-mp-e-form-069437,matbench_mp_e_form,val,<RUNS_ROOT>/official_benchmark_214/matbench_e_form_5fold/fold0/dataset/cifs/mb-mp-e-form-069437.cif,-1.5316044849999992,Fe2CuO4,42,
mb-mp-e-form-051836,matbench_mp_e_form,val,<RUNS_ROOT>/official_benchmark_214/matbench_e_form_5fold/fold0/dataset/cifs/mb-mp-e-form-051836.cif,-0.8253899641666669,AcAgTe2,4,
mb-mp-e-form-039011,matbench_mp_e_form,val,<RUNS_ROOT>/official_benchmark_214/matbench_e_form_5fold/fold0/dataset/cifs/mb-mp-e-form-039011.cif,-0.5379240412499993,CaSiNi2,8,
mb-mp-e-form-105423,matbench_mp_e_form,val,<RUNS_ROOT>/official_benchmark_214/matbench_e_form_5fold/fold0/dataset/cifs/mb-mp-e-form-105423.cif,-2.509955091309523,LiSn(PO3)4,36,
mb-mp-e-form-020420,matbench_mp_e_form,val,<RUNS_ROOT>/official_benchmark_214/matbench_e_form_5fold/fold0/dataset/cifs/mb-mp-e-form-020420.cif,-0.1914945107500003,Mn4Co11Ge5,20,
mb-mp-e-form-006249,matbench_mp_e_form,val,<RUNS_ROOT>/official_benchmark_214/matbench_e_form_5fold/fold0/dataset/cifs/mb-mp-e-form-006249.cif,0.1695983861111104,In2Cu,6,
mb-mp-e-form-090917,matbench_mp_e_form,val,<RUNS_ROOT>/official_benchmark_214/matbench_e_form_5fold/fold0/dataset/cifs/mb-mp-e-form-090917.cif,-2.198379110714286,LiCr2O4,7,
mb-mp-e-form-057141,matbench_mp_e_form,val,<RUNS_ROOT>/official_benchmark_214/matbench_e_form_5fold/fold0/dataset/cifs/mb-mp-e-form-057141.cif,-1.036953539362245,Nb2NiS4,28,
mb-mp-e-form-036337,matbench_mp_e_form,val,<RUNS_ROOT>/official_benchmark_214/matbench_e_form_5fold/fold0/dataset/cifs/mb-mp-e-form-036337.cif,-0.4974899394444436,Ce5AgSn3,18,
mb-mp-e-form-045648,matbench_mp_e_form,val,<RUNS_ROOT>/official_benchmark_214/matbench_e_form_5fold/fold0/dataset/cifs/mb-mp-e-form-045648.cif,-0.669841942666667,PbI2,15,
mb-mp-e-form-129484,matbench_mp_e_form,val,<RUNS_ROOT>/official_benchmark_214/matbench_e_form_5fold/fold0/dataset/cifs/mb-mp-e-form-129484.cif,-3.4906583916145824,CaTiSiO5,16,
mb-mp-e-form-023123,matbench_mp_e_form,val,<RUNS_ROOT>/official_benchmark_214/matbench_e_form_5fold/fold0/dataset/cifs/mb-mp-e-form-023123.cif,-0.2680862087499989,Ta2ReW,4,
mb-mp-e-form-132361,matbench_mp_e_form,val,<RUNS_ROOT>/official_benchmark_214/matbench_e_form_5fold/fold0/dataset/cifs/mb-mp-e-form-132361.cif,-3.9391026827499993,Y2O3,15,
mb-mp-e-form-084530,matbench_mp_e_form,val,<RUNS_ROOT>/official_benchmark_214/matbench_e_form_5fold/fold0/dataset/cifs/mb-mp-e-form-084530.cif,-2.001253390416668,Zr2O,18,
mb-mp-e-form-055240,matbench_mp_e_form,val,<RUNS_ROOT>/official_benchmark_214/matbench_e_form_5fold/fold0/dataset/cifs/mb-mp-e-form-055240.cif,-0.9616952134693518,P6H17S6(NO)7,86,
mb-mp-e-form-119174,matbench_mp_e_form,val,<RUNS_ROOT>/official_benchmark_214/matbench_e_form_5fold/fold0/dataset/cifs/mb-mp-e-form-119174.cif,-2.9149755023188884,V3Pb5F19,54,
mb-mp-e-form-035118,matbench_mp_e_form,val,<RUNS_ROOT>/official_benchmark_214/matbench_e_form_5fold/fold0/dataset/cifs/mb-mp-e-form-035118.cif,-0.4686830168749996,PmPrHg2,4,
mb-mp-e-form-006095,matbench_mp_e_form,val,<RUNS_ROOT>/official_benchmark_214/matbench_e_form_5fold/fold0/dataset/cifs/mb-mp-e-form-006095.cif,0.2129558082284484,KRbMg14,16,
mb-mp-e-form-117507,matbench_mp_e_form,val,<RUNS_ROOT>/official_benchmark_214/matbench_e_form_5fold/fold0/dataset/cifs/mb-mp-e-form-117507.cif,-2.833351515133928,Li4Ti3NbO8,16,
mb-mp-e-form-117334,matbench_mp_e_form,val,<RUNS_ROOT>/official_benchmark_214/matbench_e_form_5fold/fold0/dataset/cifs/mb-mp-e-form-117334.cif,-2.848216800083334,NaTi2BiO6,10,
mb-mp-e-form-017646,matbench_mp_e_form,val,<RUNS_ROOT>/official_benchmark_214/matbench_e_form_5fold/fold0/dataset/cifs/mb-mp-e-form-017646.cif,-0.1225882349999998,CdSiAs2,8,
mb-mp-e-form-067469,matbench_mp_e_form,val,<RUNS_ROOT>/official_benchmark_214/matbench_e_form_5fold/fold0/dataset/cifs/mb-mp-e-form-067469.cif,-1.4212185226874994,Dy(CrS2)3,80,
mb-mp-e-form-107760,matbench_mp_e_form,val,<RUNS_ROOT>/official_benchmark_214/matbench_e_form_5fold/fold0/dataset/cifs/mb-mp-e-form-107760.cif,-2.5768445893750007,Mg6CrSiO8,16,
mb-mp-e-form-119460,matbench_mp_e_form,val,<RUNS_ROOT>/official_benchmark_214/matbench_e_form_5fold/fold0/dataset/cifs/mb-mp-e-form-119460.cif,-2.904749784344444,K2MnF6,18,
mb-mp-e-form-028847,matbench_mp_e_form,val,<RUNS_ROOT>/official_benchmark_214/matbench_e_form_5fold/fold0/dataset/cifs/mb-mp-e-form-028847.cif,-0.3407350991666664,AcSi3,8,
mb-mp-e-form-100042,matbench_mp_e_form,val,<RUNS_ROOT>/official_benchmark_214/matbench_e_form_5fold/fold0/dataset/cifs/mb-mp-e-form-100042.cif,-2.4104545030731,RbCu(PO3)3,56,
mb-mp-e-form-066767,matbench_mp_e_form,val,<RUNS_ROOT>/official_benchmark_214/matbench_e_form_5fold/fold0/dataset/cifs/mb-mp-e-form-066767.cif,-1.411842861814999,BeSiN2,16,
mb-mp-e-form-013394,matbench_mp_e_form,val,<RUNS_ROOT>/official_benchmark_214/matbench_e_form_5fold/fold0/dataset/cifs/mb-mp-e-form-013394.cif,-0.013515451249999,Mn3Co,8,
mb-mp-e-form-079465,matbench_mp_e_form,val,<RUNS_ROOT>/official_benchmark_214/matbench_e_form_5fold/fold0/dataset/cifs/mb-mp-e-form-079465.cif,-1.843470102085,MgH2Cl2O,24,
mb-mp-e-form-046010,matbench_mp_e_form,val,<RUNS_ROOT>/official_benchmark_214/matbench_e_form_5fold/fold0/dataset/cifs/mb-mp-e-form-046010.cif,-0.6858220204017856,POsS,12,
mb-mp-e-form-088880,matbench_mp_e_form,val,<RUNS_ROOT>/official_benchmark_214/matbench_e_form_5fold/fold0/dataset/cifs/mb-mp-e-form-088880.cif,-2.1353519164599994,Li9Mn7O16,32,
mb-mp-e-form-127364,matbench_mp_e_form,val,<RUNS_ROOT>/official_benchmark_214/matbench_e_form_5fold/fold0/dataset/cifs/mb-mp-e-form-127364.cif,-3.2717868886111123,SiO2,36,
mb-mp-e-form-006043,matbench_mp_e_form,val,<RUNS_ROOT>/official_benchmark_214/matbench_e_form_5fold/fold0/dataset/cifs/mb-mp-e-form-006043.cif,0.2091868381249999,Mg6FeBi,8,
mb-mp-e-form-067428,matbench_mp_e_form,val,<RUNS_ROOT>/official_benchmark_214/matbench_e_form_5fold/fold0/dataset/cifs/mb-mp-e-form-067428.cif,-1.4597943521428576,La3AsI3,28,
mb-mp-e-form-008468,matbench_mp_e_form,val,<RUNS_ROOT>/official_benchmark_214/matbench_e_form_5fold/fold0/dataset/cifs/mb-mp-e-form-008468.cif,0.1077783263316671,ClO5,24,
mb-mp-e-form-131106,matbench_mp_e_form,val,<RUNS_ROOT>/official_benchmark_214/matbench_e_form_5fold/fold0/dataset/cifs/mb-mp-e-form-131106.cif,-3.6373790515530313,CaZrTi2O7,44,
mb-mp-e-form-041397,matbench_mp_e_form,val,<RUNS_ROOT>/official_benchmark_214/matbench_e_form_5fold/fold0/dataset/cifs/mb-mp-e-form-041397.cif,-0.5925638851258813,Ag4C(NO3)3,34,
mb-mp-e-form-125643,matbench_mp_e_form,val,<RUNS_ROOT>/official_benchmark_214/matbench_e_form_5fold/fold0/dataset/cifs/mb-mp-e-form-125643.cif,-3.1244346450119056,KTa2PO8,36,
mb-mp-e-form-124310,matbench_mp_e_form,val,<RUNS_ROOT>/official_benchmark_214/matbench_e_form_5fold/fold0/dataset/cifs/mb-mp-e-form-124310.cif,-3.076071788333332,TaO2,48,
mb-mp-e-form-086891,matbench_mp_e_form,val,<RUNS_ROOT>/official_benchmark_214/matbench_e_form_5fold/fold0/dataset/cifs/mb-mp-e-form-086891.cif,-2.0693757705559994,K2PrCuCl6,10,
mb-mp-e-form-085952,matbench_mp_e_form,val,<RUNS_ROOT>/official_benchmark_214/matbench_e_form_5fold/fold0/dataset/cifs/mb-mp-e-form-085952.cif,-2.0527572337016657,Li7Mn4CoO12,24,
mb-mp-e-form-101204,matbench_mp_e_form,val,<RUNS_ROOT>/official_benchmark_214/matbench_e_form_5fold/fold0/dataset/cifs/mb-mp-e-form-101204.cif,-2.4289673137912087,Li2Fe(PO4)2,26,
mb-mp-e-form-092325,matbench_mp_e_form,val,<RUNS_ROOT>/official_benchmark_214/matbench_e_form_5fold/fold0/dataset/cifs/mb-mp-e-form-092325.cif,-2.211334356666668,Fe2BO4,56,
mb-mp-e-form-126186,matbench_mp_e_form,val,<RUNS_ROOT>/official_benchmark_214/matbench_e_form_5fold/fold0/dataset/cifs/mb-mp-e-form-126186.cif,-3.228919476249999,NaTa3O8,24,
mb-mp-e-form-013655,matbench_mp_e_form,val,<RUNS_ROOT>/official_benchmark_214/matbench_e_form_5fold/fold0/dataset/cifs/mb-mp-e-form-013655.cif,-0.0143063084615376,Gd(Co5Mo)2,13,
mb-mp-e-form-113080,matbench_mp_e_form,val,<RUNS_ROOT>/official_benchmark_214/matbench_e_form_5fold/fold0/dataset/cifs/mb-mp-e-form-113080.cif,-2.7010892760833336,SrTi4(CuO4)3,20,
mb-mp-e-form-049147,matbench_mp_e_form,val,<RUNS_ROOT>/official_benchmark_214/matbench_e_form_5fold/fold0/dataset/cifs/mb-mp-e-form-049147.cif,-0.7751795068749994,Lu3Ge3Ru2,16,
mb-mp-e-form-081568,matbench_mp_e_form,val,<RUNS_ROOT>/official_benchmark_214/matbench_e_form_5fold/fold0/dataset/cifs/mb-mp-e-form-081568.cif,-1.8874399850505883,SiH8(NF3)2,34,
mb-mp-e-form-065085,matbench_mp_e_form,val,<RUNS_ROOT>/official_benchmark_214/matbench_e_form_5fold/fold0/dataset/cifs/mb-mp-e-form-065085.cif,-1.3628045290384612,Na3(CO4)2,26,
mb-mp-e-form-017165,matbench_mp_e_form,val,<RUNS_ROOT>/official_benchmark_214/matbench_e_form_5fold/fold0/dataset/cifs/mb-mp-e-form-017165.cif,-0.1291057506521737,Zr(Zn10Fe)2,46,
mb-mp-e-form-021288,matbench_mp_e_form,val,<RUNS_ROOT>/official_benchmark_214/matbench_e_form_5fold/fold0/dataset/cifs/mb-mp-e-form-021288.cif,-0.225670496402221,KH2OsBr4N,18,
mb-mp-e-form-063590,matbench_mp_e_form,val,<RUNS_ROOT>/official_benchmark_214/matbench_e_form_5fold/fold0/dataset/cifs/mb-mp-e-form-063590.cif,-1.258231825134805,SnPCl9,22,
mb-mp-e-form-079613,matbench_mp_e_form,val,<RUNS_ROOT>/official_benchmark_214/matbench_e_form_5fold/fold0/dataset/cifs/mb-mp-e-form-079613.cif,-1.855906752180451,Cu4(PO4)3,38,
mb-mp-e-form-102739,matbench_mp_e_form,val,<RUNS_ROOT>/official_benchmark_214/matbench_e_form_5fold/fold0/dataset/cifs/mb-mp-e-form-102739.cif,-2.4516330177499994,Ca2BiSbO6,20,
mb-mp-e-form-030990,matbench_mp_e_form,val,<RUNS_ROOT>/official_benchmark_214/matbench_e_form_5fold/fold0/dataset/cifs/mb-mp-e-form-030990.cif,-0.3975240506666658,Lu2InCu2,10,
mb-mp-e-form-000431,matbench_mp_e_form,val,<RUNS_ROOT>/official_benchmark_214/matbench_e_form_5fold/fold0/dataset/cifs/mb-mp-e-form-000431.cif,2.0693253625,Sc2GaNi,4,
mb-mp-e-form-081210,matbench_mp_e_form,val,<RUNS_ROOT>/official_benchmark_214/matbench_e_form_5fold/fold0/dataset/cifs/mb-mp-e-form-081210.cif,-1.88427580475,HoSbO3,5,
mb-mp-e-form-089119,matbench_mp_e_form,val,<RUNS_ROOT>/official_benchmark_214/matbench_e_form_5fold/fold0/dataset/cifs/mb-mp-e-form-089119.cif,-2.122439952686345,PrH3CSO7,52,
mb-mp-e-form-026088,matbench_mp_e_form,val,<RUNS_ROOT>/official_benchmark_214/matbench_e_form_5fold/fold0/dataset/cifs/mb-mp-e-form-026088.cif,-0.3055411812500006,HoBi3,8,
mb-mp-e-form-127805,matbench_mp_e_form,val,<RUNS_ROOT>/official_benchmark_214/matbench_e_form_5fold/fold0/dataset/cifs/mb-mp-e-form-127805.cif,-3.380036373341836,UNbO5,28,
mb-mp-e-form-119698,matbench_mp_e_form,val,<RUNS_ROOT>/official_benchmark_214/matbench_e_form_5fold/fold0/dataset/cifs/mb-mp-e-form-119698.cif,-2.90483898997,Li9Fe3(OF7)2,28,
mb-mp-e-form-079750,matbench_mp_e_form,val,<RUNS_ROOT>/official_benchmark_214/matbench_e_form_5fold/fold0/dataset/cifs/mb-mp-e-form-079750.cif,-1.855700252884285,Li2Mn3CuO8,56,
mb-mp-e-form-096008,matbench_mp_e_form,val,<RUNS_ROOT>/official_benchmark_214/matbench_e_form_5fold/fold0/dataset/cifs/mb-mp-e-form-096008.cif,-2.311725563164063,Pr2HfS5,32,
mb-mp-e-form-042218,matbench_mp_e_form,val,<RUNS_ROOT>/official_benchmark_214/matbench_e_form_5fold/fold0/dataset/cifs/mb-mp-e-form-042218.cif,-0.5987561700000001,Lu3Ga5,32,
mb-mp-e-form-101883,matbench_mp_e_form,val,<RUNS_ROOT>/official_benchmark_214/matbench_e_form_5fold/fold0/dataset/cifs/mb-mp-e-form-101883.cif,-2.457778527005714,K2SrCl4,7,
mb-mp-e-form-025908,matbench_mp_e_form,val,<RUNS_ROOT>/official_benchmark_214/matbench_e_form_5fold/fold0/dataset/cifs/mb-mp-e-form-025908.cif,-0.3099058249999995,MgSnAs2,8,
mb-mp-e-form-023078,matbench_mp_e_form,val,<RUNS_ROOT>/official_benchmark_214/matbench_e_form_5fold/fold0/dataset/cifs/mb-mp-e-form-023078.cif,-0.2602637445833338,Ho2InOs,4,
mb-mp-e-form-106744,matbench_mp_e_form,val,<RUNS_ROOT>/official_benchmark_214/matbench_e_form_5fold/fold0/dataset/cifs/mb-mp-e-form-106744.cif,-2.530644629778571,ZnWF5,28,
mb-mp-e-form-129297,matbench_mp_e_form,val,<RUNS_ROOT>/official_benchmark_214/matbench_e_form_5fold/fold0/dataset/cifs/mb-mp-e-form-129297.cif,-3.404017054126666,Ba2CuF6,18,
mb-mp-e-form-123148,matbench_mp_e_form,val,<RUNS_ROOT>/official_benchmark_214/matbench_e_form_5fold/fold0/dataset/cifs/mb-mp-e-form-123148.cif,-3.0602962395000004,CaZr4(PbO4)3,40,
mb-mp-e-form-099233,matbench_mp_e_form,val,<RUNS_ROOT>/official_benchmark_214/matbench_e_form_5fold/fold0/dataset/cifs/mb-mp-e-form-099233.cif,-2.3968448591071434,Nd2SmS4,14,
mb-mp-e-form-092622,matbench_mp_e_form,val,<RUNS_ROOT>/official_benchmark_214/matbench_e_form_5fold/fold0/dataset/cifs/mb-mp-e-form-092622.cif,-2.213331632222223,VCr2O6,36,
mb-mp-e-form-089589,matbench_mp_e_form,val,<RUNS_ROOT>/official_benchmark_214/matbench_e_form_5fold/fold0/dataset/cifs/mb-mp-e-form-089589.cif,-2.140254568977257,Sb2P4H3O16,25,
mb-mp-e-form-024418,matbench_mp_e_form,val,<RUNS_ROOT>/official_benchmark_214/matbench_e_form_5fold/fold0/dataset/cifs/mb-mp-e-form-024418.cif,-0.2795875238095239,In2CuTe3I,7,
mb-mp-e-form-024621,matbench_mp_e_form,val,<RUNS_ROOT>/official_benchmark_214/matbench_e_form_5fold/fold0/dataset/cifs/mb-mp-e-form-024621.cif,-0.2869791374999997,YZn5,6,
mb-mp-e-form-049154,matbench_mp_e_form,val,<RUNS_ROOT>/official_benchmark_214/matbench_e_form_5fold/fold0/dataset/cifs/mb-mp-e-form-049154.cif,-0.7751897804717646,K2Pt(N2O5)2,17,
mb-mp-e-form-058320,matbench_mp_e_form,val,<RUNS_ROOT>/official_benchmark_214/matbench_e_form_5fold/fold0/dataset/cifs/mb-mp-e-form-058320.cif,-1.0528697950000006,DySiRh,12,
mb-mp-e-form-051460,matbench_mp_e_form,val,<RUNS_ROOT>/official_benchmark_214/matbench_e_form_5fold/fold0/dataset/cifs/mb-mp-e-form-051460.cif,-0.831039628046875,NaSe,8,
mb-mp-e-form-039747,matbench_mp_e_form,val,<RUNS_ROOT>/official_benchmark_214/matbench_e_form_5fold/fold0/dataset/cifs/mb-mp-e-form-039747.cif,-0.5538980728048772,Ce4Sn25Pt12,41,
mb-mp-e-form-038534,matbench_mp_e_form,val,<RUNS_ROOT>/official_benchmark_214/matbench_e_form_5fold/fold0/dataset/cifs/mb-mp-e-form-038534.cif,-0.5235907433333343,GdAl2,6,
mb-mp-e-form-012051,matbench_mp_e_form,val,<RUNS_ROOT>/official_benchmark_214/matbench_e_form_5fold/fold0/dataset/cifs/mb-mp-e-form-012051.cif,0.0053786512500002,NaMg14Sn,16,
mb-mp-e-form-038975,matbench_mp_e_form,val,<RUNS_ROOT>/official_benchmark_214/matbench_e_form_5fold/fold0/dataset/cifs/mb-mp-e-form-038975.cif,-0.5556570257499999,LuRh3C,5,
mb-mp-e-form-107806,matbench_mp_e_form,val,<RUNS_ROOT>/official_benchmark_214/matbench_e_form_5fold/fold0/dataset/cifs/mb-mp-e-form-107806.cif,-2.5904977007142844,MgV2O4,14,
mb-mp-e-form-119380,matbench_mp_e_form,val,<RUNS_ROOT>/official_benchmark_214/matbench_e_form_5fold/fold0/dataset/cifs/mb-mp-e-form-119380.cif,-2.896491599382184,Rb2Si2O5,36,
mb-mp-e-form-057874,matbench_mp_e_form,val,<RUNS_ROOT>/official_benchmark_214/matbench_e_form_5fold/fold0/dataset/cifs/mb-mp-e-form-057874.cif,-1.0266388504545434,ZnCo3O7,88,
mb-mp-e-form-031792,matbench_mp_e_form,val,<RUNS_ROOT>/official_benchmark_214/matbench_e_form_5fold/fold0/dataset/cifs/mb-mp-e-form-031792.cif,-0.4019823112500003,LiHf2Os,4,
mb-mp-e-form-122898,matbench_mp_e_form,val,<RUNS_ROOT>/official_benchmark_214/matbench_e_form_5fold/fold0/dataset/cifs/mb-mp-e-form-122898.cif,-3.037638180906,LiMnF3,20,
mb-mp-e-form-126833,matbench_mp_e_form,val,<RUNS_ROOT>/official_benchmark_214/matbench_e_form_5fold/fold0/dataset/cifs/mb-mp-e-form-126833.cif,-3.2715554751620366,SrLiTi4CrO11,72,
mb-mp-e-form-065290,matbench_mp_e_form,val,<RUNS_ROOT>/official_benchmark_214/matbench_e_form_5fold/fold0/dataset/cifs/mb-mp-e-form-065290.cif,-1.3370667530647509,MnCu(SeO3)2,20,
mb-mp-e-form-006894,matbench_mp_e_form,val,<RUNS_ROOT>/official_benchmark_214/matbench_e_form_5fold/fold0/dataset/cifs/mb-mp-e-form-006894.cif,0.2114168562500005,Li3Dy,8,
mb-mp-e-form-096406,matbench_mp_e_form,val,<RUNS_ROOT>/official_benchmark_214/matbench_e_form_5fold/fold0/dataset/cifs/mb-mp-e-form-096406.cif,-2.320797709134615,V4O9,52,
mb-mp-e-form-122257,matbench_mp_e_form,val,<RUNS_ROOT>/official_benchmark_214/matbench_e_form_5fold/fold0/dataset/cifs/mb-mp-e-form-122257.cif,-3.0106921006081486,Na2GeF6,27,
mb-mp-e-form-078833,matbench_mp_e_form,val,<RUNS_ROOT>/official_benchmark_214/matbench_e_form_5fold/fold0/dataset/cifs/mb-mp-e-form-078833.cif,-1.8504093876562493,CaCoBiO5,32,
mb-mp-e-form-120482,matbench_mp_e_form,val,<RUNS_ROOT>/official_benchmark_214/matbench_e_form_5fold/fold0/dataset/cifs/mb-mp-e-form-120482.cif,-2.942503225613334,Ti2MnO4,14,
mb-mp-e-form-044267,matbench_mp_e_form,val,<RUNS_ROOT>/official_benchmark_214/matbench_e_form_5fold/fold0/dataset/cifs/mb-mp-e-form-044267.cif,-0.6437570588888882,Ni(CO)4,72,
mb-mp-e-form-008488,matbench_mp_e_form,val,<RUNS_ROOT>/official_benchmark_214/matbench_e_form_5fold/fold0/dataset/cifs/mb-mp-e-form-008488.cif,0.1126593270833331,Ba3Ac,8,
mb-mp-e-form-035511,matbench_mp_e_form,val,<RUNS_ROOT>/official_benchmark_214/matbench_e_form_5fold/fold0/dataset/cifs/mb-mp-e-form-035511.cif,-0.4725281837499997,HfCuSi2,8,
mb-mp-e-form-099235,matbench_mp_e_form,val,<RUNS_ROOT>/official_benchmark_214/matbench_e_form_5fold/fold0/dataset/cifs/mb-mp-e-form-099235.cif,-2.3873813075089285,K2SO4,28,
mb-mp-e-form-064031,matbench_mp_e_form,val,<RUNS_ROOT>/official_benchmark_214/matbench_e_form_5fold/fold0/dataset/cifs/mb-mp-e-form-064031.cif,-1.3135531756562493,KCu3(AsO5)2,16,
mb-mp-e-form-053152,matbench_mp_e_form,val,<RUNS_ROOT>/official_benchmark_214/matbench_e_form_5fold/fold0/dataset/cifs/mb-mp-e-form-053152.cif,-0.8857129920634921,Eu3(GaP2)2,18,
mb-mp-e-form-121512,matbench_mp_e_form,val,<RUNS_ROOT>/official_benchmark_214/matbench_e_form_5fold/fold0/dataset/cifs/mb-mp-e-form-121512.cif,-2.963248422416666,ErInO3,20,
mb-mp-e-form-116368,matbench_mp_e_form,val,<RUNS_ROOT>/official_benchmark_214/matbench_e_form_5fold/fold0/dataset/cifs/mb-mp-e-form-116368.cif,-2.795039954140625,Sr9Cr5O18,64,
mb-mp-e-form-004306,matbench_mp_e_form,val,<RUNS_ROOT>/official_benchmark_214/matbench_e_form_5fold/fold0/dataset/cifs/mb-mp-e-form-004306.cif,0.4239588331899999,BeH,4,
mb-mp-e-form-103103,matbench_mp_e_form,val,<RUNS_ROOT>/official_benchmark_214/matbench_e_form_5fold/fold0/dataset/cifs/mb-mp-e-form-103103.cif,-2.470745655294118,Eu2Mo(WO6)2,34,
mb-mp-e-form-023141,matbench_mp_e_form,val,<RUNS_ROOT>/official_benchmark_214/matbench_e_form_5fold/fold0/dataset/cifs/mb-mp-e-form-023141.cif,-0.2624765549759999,Hg(OF)2,20,
mb-mp-e-form-041861,matbench_mp_e_form,val,<RUNS_ROOT>/official_benchmark_214/matbench_e_form_5fold/fold0/dataset/cifs/mb-mp-e-form-041861.cif,-0.5844787905555565,TiSnPd,3,
mb-mp-e-form-101508,matbench_mp_e_form,val,<RUNS_ROOT>/official_benchmark_214/matbench_e_form_5fold/fold0/dataset/cifs/mb-mp-e-form-101508.cif,-2.4274041938782056,Li3SiBiBO7,26,
mb-mp-e-form-077757,matbench_mp_e_form,val,<RUNS_ROOT>/official_benchmark_214/matbench_e_form_5fold/fold0/dataset/cifs/mb-mp-e-form-077757.cif,-1.8034921886911464,Mn21O40,61,
mb-mp-e-form-016904,matbench_mp_e_form,val,<RUNS_ROOT>/official_benchmark_214/matbench_e_form_5fold/fold0/dataset/cifs/mb-mp-e-form-016904.cif,-0.0893690029520001,Ca(CoN)2,5,
mb-mp-e-form-091582,matbench_mp_e_form,val,<RUNS_ROOT>/official_benchmark_214/matbench_e_form_5fold/fold0/dataset/cifs/mb-mp-e-form-091582.cif,-2.178670319791666,Li2CrFeO4,24,
mb-mp-e-form-007253,matbench_mp_e_form,val,<RUNS_ROOT>/official_benchmark_214/matbench_e_form_5fold/fold0/dataset/cifs/mb-mp-e-form-007253.cif,0.1313526866666663,MgSi2,12,
mb-mp-e-form-023384,matbench_mp_e_form,val,<RUNS_ROOT>/official_benchmark_214/matbench_e_form_5fold/fold0/dataset/cifs/mb-mp-e-form-023384.cif,-0.2647389562499995,MnNiSnRh,4,
mb-mp-e-form-091053,matbench_mp_e_form,val,<RUNS_ROOT>/official_benchmark_214/matbench_e_form_5fold/fold0/dataset/cifs/mb-mp-e-form-091053.cif,-2.198552282222222,NdCrTeO6,18,
mb-mp-e-form-047932,matbench_mp_e_form,val,<RUNS_ROOT>/official_benchmark_214/matbench_e_form_5fold/fold0/dataset/cifs/mb-mp-e-form-047932.cif,-0.7410648613281255,Te2MoW3(SeS2)2,12,
mb-mp-e-form-094364,matbench_mp_e_form,val,<RUNS_ROOT>/official_benchmark_214/matbench_e_form_5fold/fold0/dataset/cifs/mb-mp-e-form-094364.cif,-2.273197703157467,LiNi(PO3)5,44,
mb-mp-e-form-077572,matbench_mp_e_form,val,<RUNS_ROOT>/official_benchmark_214/matbench_e_form_5fold/fold0/dataset/cifs/mb-mp-e-form-077572.cif,-1.8000169074642864,MgNb5O9,15,
mb-mp-e-form-112346,matbench_mp_e_form,val,<RUNS_ROOT>/official_benchmark_214/matbench_e_form_5fold/fold0/dataset/cifs/mb-mp-e-form-112346.cif,-2.6657048930379523,Rb2Mn(PO3)4,76,
mb-mp-e-form-058269,matbench_mp_e_form,val,<RUNS_ROOT>/official_benchmark_214/matbench_e_form_5fold/fold0/dataset/cifs/mb-mp-e-form-058269.cif,-1.0534716227777772,TbNiAs,3,
mb-mp-e-form-071754,matbench_mp_e_form,val,<RUNS_ROOT>/official_benchmark_214/matbench_e_form_5fold/fold0/dataset/cifs/mb-mp-e-form-071754.cif,-1.5984498604227946,Ni2(SO4)3,136,
mb-mp-e-form-118814,matbench_mp_e_form,val,<RUNS_ROOT>/official_benchmark_214/matbench_e_form_5fold/fold0/dataset/cifs/mb-mp-e-form-118814.cif,-2.8943536745312493,NaMg14FeO16,32,
mb-mp-e-form-028590,matbench_mp_e_form,val,<RUNS_ROOT>/official_benchmark_214/matbench_e_form_5fold/fold0/dataset/cifs/mb-mp-e-form-028590.cif,-0.3523624097222221,Hg6Sb5Br7,72,
mb-mp-e-form-041833,matbench_mp_e_form,val,<RUNS_ROOT>/official_benchmark_214/matbench_e_form_5fold/fold0/dataset/cifs/mb-mp-e-form-041833.cif,-0.5892028925000001,LaYbHg2,4,
mb-mp-e-form-034909,matbench_mp_e_form,val,<RUNS_ROOT>/official_benchmark_214/matbench_e_form_5fold/fold0/dataset/cifs/mb-mp-e-form-034909.cif,-0.4777514833333332,PrSiAg,6,
mb-mp-e-form-114903,matbench_mp_e_form,val,<RUNS_ROOT>/official_benchmark_214/matbench_e_form_5fold/fold0/dataset/cifs/mb-mp-e-form-114903.cif,-2.7639452980219774,SrMgCu(PO4)2,26,
mb-mp-e-form-089631,matbench_mp_e_form,val,<RUNS_ROOT>/official_benchmark_214/matbench_e_form_5fold/fold0/dataset/cifs/mb-mp-e-form-089631.cif,-2.1303918724,Li3Mn5Cr3O16,27,
mb-mp-e-form-067306,matbench_mp_e_form,val,<RUNS_ROOT>/official_benchmark_214/matbench_e_form_5fold/fold0/dataset/cifs/mb-mp-e-form-067306.cif,-1.4518923395874996,GaH6N2F3,12,
mb-mp-e-form-042404,matbench_mp_e_form,val,<RUNS_ROOT>/official_benchmark_214/matbench_e_form_5fold/fold0/dataset/cifs/mb-mp-e-form-042404.cif,-0.6174363116666655,LuCuGe,3,
mb-mp-e-form-103070,matbench_mp_e_form,val,<RUNS_ROOT>/official_benchmark_214/matbench_e_form_5fold/fold0/dataset/cifs/mb-mp-e-form-103070.cif,-2.473958076109693,V3P4WO20,28,
mb-mp-e-form-068928,matbench_mp_e_form,val,<RUNS_ROOT>/official_benchmark_214/matbench_e_form_5fold/fold0/dataset/cifs/mb-mp-e-form-068928.cif,-1.5158893506250006,GaAuO2,8,
mb-mp-e-form-047200,matbench_mp_e_form,val,<RUNS_ROOT>/official_benchmark_214/matbench_e_form_5fold/fold0/dataset/cifs/mb-mp-e-form-047200.cif,-0.7237315832222222,Ba5(In2Sb3)2,60,
mb-mp-e-form-127059,matbench_mp_e_form,val,<RUNS_ROOT>/official_benchmark_214/matbench_e_form_5fold/fold0/dataset/cifs/mb-mp-e-form-127059.cif,-3.25383039102564,La2Ti2CuO8,13,
mb-mp-e-form-084430,matbench_mp_e_form,val,<RUNS_ROOT>/official_benchmark_214/matbench_e_form_5fold/fold0/dataset/cifs/mb-mp-e-form-084430.cif,-1.9722567138194431,TlIn(MoO4)2,48,
mb-mp-e-form-051036,matbench_mp_e_form,val,<RUNS_ROOT>/official_benchmark_214/matbench_e_form_5fold/fold0/dataset/cifs/mb-mp-e-form-051036.cif,-0.8203204008333328,PrGaPd,12,
mb-mp-e-form-052546,matbench_mp_e_form,val,<RUNS_ROOT>/official_benchmark_214/matbench_e_form_5fold/fold0/dataset/cifs/mb-mp-e-form-052546.cif,-0.840426894999999,ZrAs2,12,
mb-mp-e-form-062591,matbench_mp_e_form,val,<RUNS_ROOT>/official_benchmark_214/matbench_e_form_5fold/fold0/dataset/cifs/mb-mp-e-form-062591.cif,-1.217489435338571,FeHC2O3,28,
mb-mp-e-form-117275,matbench_mp_e_form,val,<RUNS_ROOT>/official_benchmark_214/matbench_e_form_5fold/fold0/dataset/cifs/mb-mp-e-form-117275.cif,-2.8420281882857155,SmP5O14,80,
mb-mp-e-form-027059,matbench_mp_e_form,val,<RUNS_ROOT>/official_benchmark_214/matbench_e_form_5fold/fold0/dataset/cifs/mb-mp-e-form-027059.cif,-0.3345628541666672,AcRh2Pb,4,
mb-mp-e-form-126900,matbench_mp_e_form,val,<RUNS_ROOT>/official_benchmark_214/matbench_e_form_5fold/fold0/dataset/cifs/mb-mp-e-form-126900.cif,-3.2753743020486112,SiO2,288,
mb-mp-e-form-111184,matbench_mp_e_form,val,<RUNS_ROOT>/official_benchmark_214/matbench_e_form_5fold/fold0/dataset/cifs/mb-mp-e-form-111184.cif,-2.6512614502548257,K2AlFeB2P4(HO9)2,30,
mb-mp-e-form-040099,matbench_mp_e_form,val,<RUNS_ROOT>/official_benchmark_214/matbench_e_form_5fold/fold0/dataset/cifs/mb-mp-e-form-040099.cif,-0.5637200049999995,CePbAu2,4,
mb-mp-e-form-088018,matbench_mp_e_form,val,<RUNS_ROOT>/official_benchmark_214/matbench_e_form_5fold/fold0/dataset/cifs/mb-mp-e-form-088018.cif,-2.0935201610208325,Sm3InS6,40,
mb-mp-e-form-033854,matbench_mp_e_form,val,<RUNS_ROOT>/official_benchmark_214/matbench_e_form_5fold/fold0/dataset/cifs/mb-mp-e-form-033854.cif,-0.4308067737499986,Ta4Ni2C,28,
mb-mp-e-form-001652,matbench_mp_e_form,val,<RUNS_ROOT>/official_benchmark_214/matbench_e_form_5fold/fold0/dataset/cifs/mb-mp-e-form-001652.cif,1.2689551356466675,CuC8(NCl2)2,60,
mb-mp-e-form-064552,matbench_mp_e_form,val,<RUNS_ROOT>/official_benchmark_214/matbench_e_form_5fold/fold0/dataset/cifs/mb-mp-e-form-064552.cif,-1.3140994155000003,Bi4Au2O9,120,
mb-mp-e-form-089917,matbench_mp_e_form,val,<RUNS_ROOT>/official_benchmark_214/matbench_e_form_5fold/fold0/dataset/cifs/mb-mp-e-form-089917.cif,-2.1684953008333334,BaO2,3,
mb-mp-e-form-100167,matbench_mp_e_form,val,<RUNS_ROOT>/official_benchmark_214/matbench_e_form_5fold/fold0/dataset/cifs/mb-mp-e-form-100167.cif,-2.405901352656249,LiV2O5,16,
mb-mp-e-form-110851,matbench_mp_e_form,val,<RUNS_ROOT>/official_benchmark_214/matbench_e_form_5fold/fold0/dataset/cifs/mb-mp-e-form-110851.cif,-2.663517262142857,MgV2O4,14,
mb-mp-e-form-089635,matbench_mp_e_form,val,<RUNS_ROOT>/official_benchmark_214/matbench_e_form_5fold/fold0/dataset/cifs/mb-mp-e-form-089635.cif,-2.1413654674242864,Li4Mn3Cr2Sn3O16,28,
mb-mp-e-form-088386,matbench_mp_e_form,val,<RUNS_ROOT>/official_benchmark_214/matbench_e_form_5fold/fold0/dataset/cifs/mb-mp-e-form-088386.cif,-2.117900004115853,U3Ag6Mo5O27,82,
mb-mp-e-form-015469,matbench_mp_e_form,val,<RUNS_ROOT>/official_benchmark_214/matbench_e_form_5fold/fold0/dataset/cifs/mb-mp-e-form-015469.cif,-0.0592347026098915,NbFe,26,
mb-mp-e-form-089712,matbench_mp_e_form,val,<RUNS_ROOT>/official_benchmark_214/matbench_e_form_5fold/fold0/dataset/cifs/mb-mp-e-form-089712.cif,-2.142078290357142,CoPO4,12,
mb-mp-e-form-040428,matbench_mp_e_form,val,<RUNS_ROOT>/official_benchmark_214/matbench_e_form_5fold/fold0/dataset/cifs/mb-mp-e-form-040428.cif,-0.5745691359999995,La2Ga5Au3,10,
mb-mp-e-form-127466,matbench_mp_e_form,val,<RUNS_ROOT>/official_benchmark_214/matbench_e_form_5fold/fold0/dataset/cifs/mb-mp-e-form-127466.cif,-3.255653795666666,SiO2,120,
mb-mp-e-form-067651,matbench_mp_e_form,val,<RUNS_ROOT>/official_benchmark_214/matbench_e_form_5fold/fold0/dataset/cifs/mb-mp-e-form-067651.cif,-1.453557602378958,KH3(SeO3)2,48,
mb-mp-e-form-064075,matbench_mp_e_form,val,<RUNS_ROOT>/official_benchmark_214/matbench_e_form_5fold/fold0/dataset/cifs/mb-mp-e-form-064075.cif,-1.2938489569444451,Ba2SmGaTe5,18,
mb-mp-e-form-029583,matbench_mp_e_form,val,<RUNS_ROOT>/official_benchmark_214/matbench_e_form_5fold/fold0/dataset/cifs/mb-mp-e-form-029583.cif,-0.3683424344880002,CBr3F,20,
mb-mp-e-form-032833,matbench_mp_e_form,val,<RUNS_ROOT>/official_benchmark_214/matbench_e_form_5fold/fold0/dataset/cifs/mb-mp-e-form-032833.cif,-0.4183386074999999,Li2HgPd,4,
mb-mp-e-form-120458,matbench_mp_e_form,val,<RUNS_ROOT>/official_benchmark_214/matbench_e_form_5fold/fold0/dataset/cifs/mb-mp-e-form-120458.cif,-2.9428147386989787,Na5Ca2Al(PO4)4,56,
mb-mp-e-form-036396,matbench_mp_e_form,val,<RUNS_ROOT>/official_benchmark_214/matbench_e_form_5fold/fold0/dataset/cifs/mb-mp-e-form-036396.cif,-0.4975535033333328,PrYAl4,6,
mb-mp-e-form-112002,matbench_mp_e_form,val,<RUNS_ROOT>/official_benchmark_214/matbench_e_form_5fold/fold0/dataset/cifs/mb-mp-e-form-112002.cif,-2.683265380249999,KHo(WO4)2,24,
mb-mp-e-form-049538,matbench_mp_e_form,val,<RUNS_ROOT>/official_benchmark_214/matbench_e_form_5fold/fold0/dataset/cifs/mb-mp-e-form-049538.cif,-0.7660617666177774,PtCl2,18,
mb-mp-e-form-041308,matbench_mp_e_form,val,<RUNS_ROOT>/official_benchmark_214/matbench_e_form_5fold/fold0/dataset/cifs/mb-mp-e-form-041308.cif,-0.5875027869620253,Tb20In40Rh19,79,
mb-mp-e-form-050679,matbench_mp_e_form,val,<RUNS_ROOT>/official_benchmark_214/matbench_e_form_5fold/fold0/dataset/cifs/mb-mp-e-form-050679.cif,-0.8061503674563629,Ca5(CoN2)2,44,
mb-mp-e-form-051681,matbench_mp_e_form,val,<RUNS_ROOT>/official_benchmark_214/matbench_e_form_5fold/fold0/dataset/cifs/mb-mp-e-form-051681.cif,-0.8116991714519998,Sr2GeN2,20,
mb-mp-e-form-039607,matbench_mp_e_form,val,<RUNS_ROOT>/official_benchmark_214/matbench_e_form_5fold/fold0/dataset/cifs/mb-mp-e-form-039607.cif,-0.5420104950000001,Ca2Pb,12,
mb-mp-e-form-072116,matbench_mp_e_form,val,<RUNS_ROOT>/official_benchmark_214/matbench_e_form_5fold/fold0/dataset/cifs/mb-mp-e-form-072116.cif,-1.6410202239548144,Tb4Te3N2,36,
mb-mp-e-form-007980,matbench_mp_e_form,val,<RUNS_ROOT>/official_benchmark_214/matbench_e_form_5fold/fold0/dataset/cifs/mb-mp-e-form-007980.cif,0.1206506331250003,Mg6VBi,8,
mb-mp-e-form-010028,matbench_mp_e_form,val,<RUNS_ROOT>/official_benchmark_214/matbench_e_form_5fold/fold0/dataset/cifs/mb-mp-e-form-010028.cif,0.0512392753125006,Mg14CrBi,16,
mb-mp-e-form-067634,matbench_mp_e_form,val,<RUNS_ROOT>/official_benchmark_214/matbench_e_form_5fold/fold0/dataset/cifs/mb-mp-e-form-067634.cif,-1.4362551416358174,Ba4Nd7Si12BN27,51,
mb-mp-e-form-099476,matbench_mp_e_form,val,<RUNS_ROOT>/official_benchmark_214/matbench_e_form_5fold/fold0/dataset/cifs/mb-mp-e-form-099476.cif,-2.3805647976507145,Li5Co7O3F13,28,
mb-mp-e-form-042867,matbench_mp_e_form,val,<RUNS_ROOT>/official_benchmark_214/matbench_e_form_5fold/fold0/dataset/cifs/mb-mp-e-form-042867.cif,-0.6173229566666668,Ho6Bi2Rh,9,
mb-mp-e-form-088627,matbench_mp_e_form,val,<RUNS_ROOT>/official_benchmark_214/matbench_e_form_5fold/fold0/dataset/cifs/mb-mp-e-form-088627.cif,-2.1056753327814284,Li7Mn3(WO8)2,28,
mb-mp-e-form-126891,matbench_mp_e_form,val,<RUNS_ROOT>/official_benchmark_214/matbench_e_form_5fold/fold0/dataset/cifs/mb-mp-e-form-126891.cif,-3.252012183632275,KLi3Ca7Ti2(Si6O19)2,126,
mb-mp-e-form-113391,matbench_mp_e_form,val,<RUNS_ROOT>/official_benchmark_214/matbench_e_form_5fold/fold0/dataset/cifs/mb-mp-e-form-113391.cif,-2.705669064665834,Ti3H2O7,24,
mb-mp-e-form-131886,matbench_mp_e_form,val,<RUNS_ROOT>/official_benchmark_214/matbench_e_form_5fold/fold0/dataset/cifs/mb-mp-e-form-131886.cif,-4.153468807206,Ca5Zr3F22,60,
mb-mp-e-form-014327,matbench_mp_e_form,val,<RUNS_ROOT>/official_benchmark_214/matbench_e_form_5fold/fold0/dataset/cifs/mb-mp-e-form-014327.cif,-0.0511386645845458,Nd2Fe17H3,22,
mb-mp-e-form-016312,matbench_mp_e_form,val,<RUNS_ROOT>/official_benchmark_214/matbench_e_form_5fold/fold0/dataset/cifs/mb-mp-e-form-016312.cif,-0.0866299425000001,TeAsOs,12,
mb-mp-e-form-072428,matbench_mp_e_form,val,<RUNS_ROOT>/official_benchmark_214/matbench_e_form_5fold/fold0/dataset/cifs/mb-mp-e-form-072428.cif,-1.6244818747323997,CsTmCoS3,12,
mb-mp-e-form-045454,matbench_mp_e_form,val,<RUNS_ROOT>/official_benchmark_214/matbench_e_form_5fold/fold0/dataset/cifs/mb-mp-e-form-045454.cif,-0.6659016236666659,Ca(BIr)2,10,
mb-mp-e-form-115867,matbench_mp_e_form,val,<RUNS_ROOT>/official_benchmark_214/matbench_e_form_5fold/fold0/dataset/cifs/mb-mp-e-form-115867.cif,-2.789361660214843,Mg30BiCO32,64,
mb-mp-e-form-020545,matbench_mp_e_form,val,<RUNS_ROOT>/official_benchmark_214/matbench_e_form_5fold/fold0/dataset/cifs/mb-mp-e-form-020545.cif,-0.2004950807142853,Cr2AgTe4,14,
mb-mp-e-form-065602,matbench_mp_e_form,val,<RUNS_ROOT>/official_benchmark_214/matbench_e_form_5fold/fold0/dataset/cifs/mb-mp-e-form-065602.cif,-1.344213209596406,Cu3H4SO8,64,
mb-mp-e-form-041180,matbench_mp_e_form,val,<RUNS_ROOT>/official_benchmark_214/matbench_e_form_5fold/fold0/dataset/cifs/mb-mp-e-form-041180.cif,-0.5818837388071876,H30Ru2C10S5Cl4O5,224,
mb-mp-e-form-115354,matbench_mp_e_form,val,<RUNS_ROOT>/official_benchmark_214/matbench_e_form_5fold/fold0/dataset/cifs/mb-mp-e-form-115354.cif,-2.7732225613888897,Ca2YAs(WO6)2,36,
mb-mp-e-form-094706,matbench_mp_e_form,val,<RUNS_ROOT>/official_benchmark_214/matbench_e_form_5fold/fold0/dataset/cifs/mb-mp-e-form-094706.cif,-2.2604163046446684,Fe10O9F11,30,
mb-mp-e-form-063299,matbench_mp_e_form,val,<RUNS_ROOT>/official_benchmark_214/matbench_e_form_5fold/fold0/dataset/cifs/mb-mp-e-form-063299.cif,-1.2493829935925516,CeP2N2O9,28,
mb-mp-e-form-085045,matbench_mp_e_form,val,<RUNS_ROOT>/official_benchmark_214/matbench_e_form_5fold/fold0/dataset/cifs/mb-mp-e-form-085045.cif,-2.012780874464286,Er2PbS4,28,
mb-mp-e-form-024187,matbench_mp_e_form,val,<RUNS_ROOT>/official_benchmark_214/matbench_e_form_5fold/fold0/dataset/cifs/mb-mp-e-form-024187.cif,-0.2710920947169816,Tb6Al43Cr4,106,
mb-mp-e-form-125603,matbench_mp_e_form,val,<RUNS_ROOT>/official_benchmark_214/matbench_e_form_5fold/fold0/dataset/cifs/mb-mp-e-form-125603.cif,-3.151973415793334,LiVF4,24,
mb-mp-e-form-107672,matbench_mp_e_form,val,<RUNS_ROOT>/official_benchmark_214/matbench_e_form_5fold/fold0/dataset/cifs/mb-mp-e-form-107672.cif,-2.568708037180535,Li2MnP3O10,64,
mb-mp-e-form-073776,matbench_mp_e_form,val,<RUNS_ROOT>/official_benchmark_214/matbench_e_form_5fold/fold0/dataset/cifs/mb-mp-e-form-073776.cif,-1.6789375478571429,LiFeCoO4,14,
mb-mp-e-form-109684,matbench_mp_e_form,val,<RUNS_ROOT>/official_benchmark_214/matbench_e_form_5fold/fold0/dataset/cifs/mb-mp-e-form-109684.cif,-2.59741885115755,LiMnPO4,28,
mb-mp-e-form-002673,matbench_mp_e_form,val,<RUNS_ROOT>/official_benchmark_214/matbench_e_form_5fold/fold0/dataset/cifs/mb-mp-e-form-002673.cif,0.7962913129366669,AuBr4N,12,
mb-mp-e-form-025444,matbench_mp_e_form,val,<RUNS_ROOT>/official_benchmark_214/matbench_e_form_5fold/fold0/dataset/cifs/mb-mp-e-form-025444.cif,-0.2929229599999998,Ga2Ni7Ge2,11,
mb-mp-e-form-068474,matbench_mp_e_form,val,<RUNS_ROOT>/official_benchmark_214/matbench_e_form_5fold/fold0/dataset/cifs/mb-mp-e-form-068474.cif,-1.4941377515896543,CsH5O3,72,
mb-mp-e-form-132266,matbench_mp_e_form,val,<RUNS_ROOT>/official_benchmark_214/matbench_e_form_5fold/fold0/dataset/cifs/mb-mp-e-form-132266.cif,-3.976366782182222,NaYF4,18,
mb-mp-e-form-101723,matbench_mp_e_form,val,<RUNS_ROOT>/official_benchmark_214/matbench_e_form_5fold/fold0/dataset/cifs/mb-mp-e-form-101723.cif,-2.435039771649015,Mn6P4H2O17,58,
mb-mp-e-form-097377,matbench_mp_e_form,val,<RUNS_ROOT>/official_benchmark_214/matbench_e_form_5fold/fold0/dataset/cifs/mb-mp-e-form-097377.cif,-2.34998089414,Fe3(OF2)2,18,
mb-mp-e-form-043302,matbench_mp_e_form,val,<RUNS_ROOT>/official_benchmark_214/matbench_e_form_5fold/fold0/dataset/cifs/mb-mp-e-form-043302.cif,-0.6317464573291665,S(NF3)2,9,
mb-mp-e-form-116836,matbench_mp_e_form,val,<RUNS_ROOT>/official_benchmark_214/matbench_e_form_5fold/fold0/dataset/cifs/mb-mp-e-form-116836.cif,-2.8438419459375,Mg14ZnCdO16,32,
mb-mp-e-form-071634,matbench_mp_e_form,val,<RUNS_ROOT>/official_benchmark_214/matbench_e_form_5fold/fold0/dataset/cifs/mb-mp-e-form-071634.cif,-1.590592767142857,SrLaI5,14,
mb-mp-e-form-003399,matbench_mp_e_form,val,<RUNS_ROOT>/official_benchmark_214/matbench_e_form_5fold/fold0/dataset/cifs/mb-mp-e-form-003399.cif,0.4928148525,Sr3Zr,4,
mb-mp-e-form-054017,matbench_mp_e_form,val,<RUNS_ROOT>/official_benchmark_214/matbench_e_form_5fold/fold0/dataset/cifs/mb-mp-e-form-054017.cif,-0.911476428683036,CaSn4S9,28,
mb-mp-e-form-053734,matbench_mp_e_form,val,<RUNS_ROOT>/official_benchmark_214/matbench_e_form_5fold/fold0/dataset/cifs/mb-mp-e-form-053734.cif,-0.875833849891304,Bi2Ru3(CO)9,92,
mb-mp-e-form-047518,matbench_mp_e_form,val,<RUNS_ROOT>/official_benchmark_214/matbench_e_form_5fold/fold0/dataset/cifs/mb-mp-e-form-047518.cif,-0.7214540758333333,SiRh2,12,
mb-mp-e-form-115680,matbench_mp_e_form,val,<RUNS_ROOT>/official_benchmark_214/matbench_e_form_5fold/fold0/dataset/cifs/mb-mp-e-form-115680.cif,-2.7569934594620005,V6O5F19,30,
mb-mp-e-form-063795,matbench_mp_e_form,val,<RUNS_ROOT>/official_benchmark_214/matbench_e_form_5fold/fold0/dataset/cifs/mb-mp-e-form-063795.cif,-1.264537055,LaMgI5,14,
mb-mp-e-form-057084,matbench_mp_e_form,val,<RUNS_ROOT>/official_benchmark_214/matbench_e_form_5fold/fold0/dataset/cifs/mb-mp-e-form-057084.cif,-1.0425440459375004,TeO3,32,
mb-mp-e-form-019341,matbench_mp_e_form,val,<RUNS_ROOT>/official_benchmark_214/matbench_e_form_5fold/fold0/dataset/cifs/mb-mp-e-form-019341.cif,-0.1688160702564108,Tb(GaFe)6,13,
mb-mp-e-form-049201,matbench_mp_e_form,val,<RUNS_ROOT>/official_benchmark_214/matbench_e_form_5fold/fold0/dataset/cifs/mb-mp-e-form-049201.cif,-0.7579227936504166,AgAsS16N16(O4F3)2,96,
mb-mp-e-form-101246,matbench_mp_e_form,val,<RUNS_ROOT>/official_benchmark_214/matbench_e_form_5fold/fold0/dataset/cifs/mb-mp-e-form-101246.cif,-2.438754087596153,NdSbMo2O9,52,
mb-mp-e-form-066594,matbench_mp_e_form,val,<RUNS_ROOT>/official_benchmark_214/matbench_e_form_5fold/fold0/dataset/cifs/mb-mp-e-form-066594.cif,-1.3902700533618186,Ba(H2O3)2,22,
mb-mp-e-form-080683,matbench_mp_e_form,val,<RUNS_ROOT>/official_benchmark_214/matbench_e_form_5fold/fold0/dataset/cifs/mb-mp-e-form-080683.cif,-1.8794829346590909,Li2Cr2O7,44,
mb-mp-e-form-000010,matbench_mp_e_form,val,<RUNS_ROOT>/official_benchmark_214/matbench_e_form_5fold/fold0/dataset/cifs/mb-mp-e-form-000010.cif,1.5329490188100006,AgN,2,
mb-mp-e-form-033916,matbench_mp_e_form,val,<RUNS_ROOT>/official_benchmark_214/matbench_e_form_5fold/fold0/dataset/cifs/mb-mp-e-form-033916.cif,-0.4502056483333329,DyAlZn,6,
mb-mp-e-form-006569,matbench_mp_e_form,val,<RUNS_ROOT>/official_benchmark_214/matbench_e_form_5fold/fold0/dataset/cifs/mb-mp-e-form-006569.cif,0.1691546062499997,MnCd3,4,
mb-mp-e-form-015202,matbench_mp_e_form,val,<RUNS_ROOT>/official_benchmark_214/matbench_e_form_5fold/fold0/dataset/cifs/mb-mp-e-form-015202.cif,-0.0622422749999991,NiPt3,4,
mb-mp-e-form-088156,matbench_mp_e_form,val,<RUNS_ROOT>/official_benchmark_214/matbench_e_form_5fold/fold0/dataset/cifs/mb-mp-e-form-088156.cif,-2.117898697462962,Zn(W18O49)2,135,
mb-mp-e-form-127327,matbench_mp_e_form,val,<RUNS_ROOT>/official_benchmark_214/matbench_e_form_5fold/fold0/dataset/cifs/mb-mp-e-form-127327.cif,-3.29984893246,AlTlF4,12,
mb-mp-e-form-042163,matbench_mp_e_form,val,<RUNS_ROOT>/official_benchmark_214/matbench_e_form_5fold/fold0/dataset/cifs/mb-mp-e-form-042163.cif,-0.6052850006896551,Sc6Al16Ni7,29,
mb-mp-e-form-119264,matbench_mp_e_form,val,<RUNS_ROOT>/official_benchmark_214/matbench_e_form_5fold/fold0/dataset/cifs/mb-mp-e-form-119264.cif,-2.886751795440408,K2NbO3F,7,
mb-mp-e-form-093372,matbench_mp_e_form,val,<RUNS_ROOT>/official_benchmark_214/matbench_e_form_5fold/fold0/dataset/cifs/mb-mp-e-form-093372.cif,-2.2416893697829656,RbHgF3,5,
mb-mp-e-form-085778,matbench_mp_e_form,val,<RUNS_ROOT>/official_benchmark_214/matbench_e_form_5fold/fold0/dataset/cifs/mb-mp-e-form-085778.cif,-2.025592596207143,ZnCuF5,28,
mb-mp-e-form-031406,matbench_mp_e_form,val,<RUNS_ROOT>/official_benchmark_214/matbench_e_form_5fold/fold0/dataset/cifs/mb-mp-e-form-031406.cif,-0.392618331250001,NdCu3Pd2,6,
mb-mp-e-form-030877,matbench_mp_e_form,val,<RUNS_ROOT>/official_benchmark_214/matbench_e_form_5fold/fold0/dataset/cifs/mb-mp-e-form-030877.cif,-0.389283523125,SmGe3,8,
mb-mp-e-form-028335,matbench_mp_e_form,val,<RUNS_ROOT>/official_benchmark_214/matbench_e_form_5fold/fold0/dataset/cifs/mb-mp-e-form-028335.cif,-0.3419540696575005,CNO2,64,
mb-mp-e-form-074895,matbench_mp_e_form,val,<RUNS_ROOT>/official_benchmark_214/matbench_e_form_5fold/fold0/dataset/cifs/mb-mp-e-form-074895.cif,-1.7246123400080815,RbSmSe2,4,
mb-mp-e-form-078667,matbench_mp_e_form,val,<RUNS_ROOT>/official_benchmark_214/matbench_e_form_5fold/fold0/dataset/cifs/mb-mp-e-form-078667.cif,-1.813449801355556,Ni3OF5,18,
mb-mp-e-form-033059,matbench_mp_e_form,val,<RUNS_ROOT>/official_benchmark_214/matbench_e_form_5fold/fold0/dataset/cifs/mb-mp-e-form-033059.cif,-0.4413168484635419,FeSO10,72,
mb-mp-e-form-000681,matbench_mp_e_form,val,<RUNS_ROOT>/official_benchmark_214/matbench_e_form_5fold/fold0/dataset/cifs/mb-mp-e-form-000681.cif,2.2285980587500003,Y2MgZn,4,
mb-mp-e-form-079262,matbench_mp_e_form,val,<RUNS_ROOT>/official_benchmark_214/matbench_e_form_5fold/fold0/dataset/cifs/mb-mp-e-form-079262.cif,-1.8492329880833327,Tl2Sn(GeO3)3,90,
mb-mp-e-form-044739,matbench_mp_e_form,val,<RUNS_ROOT>/official_benchmark_214/matbench_e_form_5fold/fold0/dataset/cifs/mb-mp-e-form-044739.cif,-0.6499301438315214,Fe3C9S2O9,46,
mb-mp-e-form-041642,matbench_mp_e_form,val,<RUNS_ROOT>/official_benchmark_214/matbench_e_form_5fold/fold0/dataset/cifs/mb-mp-e-form-041642.cif,-0.5936317352678567,Ga2PbSe4,56,
mb-mp-e-form-029502,matbench_mp_e_form,val,<RUNS_ROOT>/official_benchmark_214/matbench_e_form_5fold/fold0/dataset/cifs/mb-mp-e-form-029502.cif,-0.3593462592857133,Fe3P,16,
mb-mp-e-form-075619,matbench_mp_e_form,val,<RUNS_ROOT>/official_benchmark_214/matbench_e_form_5fold/fold0/dataset/cifs/mb-mp-e-form-075619.cif,-1.7161115431514289,KCo2As2HO8,56,
mb-mp-e-form-076432,matbench_mp_e_form,val,<RUNS_ROOT>/official_benchmark_214/matbench_e_form_5fold/fold0/dataset/cifs/mb-mp-e-form-076432.cif,-1.7496777172601603,K2FeH12(SO7)2,62,
mb-mp-e-form-044934,matbench_mp_e_form,val,<RUNS_ROOT>/official_benchmark_214/matbench_e_form_5fold/fold0/dataset/cifs/mb-mp-e-form-044934.cif,-0.6739586399999998,Te2Mo3W(Se2S)2,12,
mb-mp-e-form-006173,matbench_mp_e_form,val,<RUNS_ROOT>/official_benchmark_214/matbench_e_form_5fold/fold0/dataset/cifs/mb-mp-e-form-006173.cif,0.177985504375,Mg14VCo,16,
mb-mp-e-form-024791,matbench_mp_e_form,val,<RUNS_ROOT>/official_benchmark_214/matbench_e_form_5fold/fold0/dataset/cifs/mb-mp-e-form-024791.cif,-0.27227756,PaPbAu2,4,
mb-mp-e-form-065571,matbench_mp_e_form,val,<RUNS_ROOT>/official_benchmark_214/matbench_e_form_5fold/fold0/dataset/cifs/mb-mp-e-form-065571.cif,-1.33493343170387,Li2SeO4,42,
mb-mp-e-form-061202,matbench_mp_e_form,val,<RUNS_ROOT>/official_benchmark_214/matbench_e_form_5fold/fold0/dataset/cifs/mb-mp-e-form-061202.cif,-1.1761969348585417,CoH4S(NO2)2,48,
mb-mp-e-form-091267,matbench_mp_e_form,val,<RUNS_ROOT>/official_benchmark_214/matbench_e_form_5fold/fold0/dataset/cifs/mb-mp-e-form-091267.cif,-2.191267372732559,Na3(WO3)10,43,
mb-mp-e-form-099965,matbench_mp_e_form,val,<RUNS_ROOT>/official_benchmark_214/matbench_e_form_5fold/fold0/dataset/cifs/mb-mp-e-form-099965.cif,-2.42321200949,K2Sn2OF6,22,
mb-mp-e-form-014723,matbench_mp_e_form,val,<RUNS_ROOT>/official_benchmark_214/matbench_e_form_5fold/fold0/dataset/cifs/mb-mp-e-form-014723.cif,-0.0540378695000001,Na2PtC2,5,
mb-mp-e-form-012312,matbench_mp_e_form,val,<RUNS_ROOT>/official_benchmark_214/matbench_e_form_5fold/fold0/dataset/cifs/mb-mp-e-form-012312.cif,0.0080796406896552,Mg16Al12Mo,29,
mb-mp-e-form-091100,matbench_mp_e_form,val,<RUNS_ROOT>/official_benchmark_214/matbench_e_form_5fold/fold0/dataset/cifs/mb-mp-e-form-091100.cif,-2.17836409,Sr2GdCu2IrO8,14,
mb-mp-e-form-049580,matbench_mp_e_form,val,<RUNS_ROOT>/official_benchmark_214/matbench_e_form_5fold/fold0/dataset/cifs/mb-mp-e-form-049580.cif,-0.7576941320210726,Rb2PdI6,36,
mb-mp-e-form-068659,matbench_mp_e_form,val,<RUNS_ROOT>/official_benchmark_214/matbench_e_form_5fold/fold0/dataset/cifs/mb-mp-e-form-068659.cif,-1.4615805924489476,HC5N3(OF4)2,76,
mb-mp-e-form-030152,matbench_mp_e_form,val,<RUNS_ROOT>/official_benchmark_214/matbench_e_form_5fold/fold0/dataset/cifs/mb-mp-e-form-030152.cif,-0.3766661920545975,Cs2Sb,24,
mb-mp-e-form-110439,matbench_mp_e_form,val,<RUNS_ROOT>/official_benchmark_214/matbench_e_form_5fold/fold0/dataset/cifs/mb-mp-e-form-110439.cif,-2.6287727837589285,Li6V3P6WO24,40,
mb-mp-e-form-088281,matbench_mp_e_form,val,<RUNS_ROOT>/official_benchmark_214/matbench_e_form_5fold/fold0/dataset/cifs/mb-mp-e-form-088281.cif,-2.107897461904762,Li2CrO4,42,
mb-mp-e-form-035388,matbench_mp_e_form,val,<RUNS_ROOT>/official_benchmark_214/matbench_e_form_5fold/fold0/dataset/cifs/mb-mp-e-form-035388.cif,-0.4671937420000002,Pr(ZnGa)2,5,
mb-mp-e-form-028049,matbench_mp_e_form,val,<RUNS_ROOT>/official_benchmark_214/matbench_e_form_5fold/fold0/dataset/cifs/mb-mp-e-form-028049.cif,-0.3499837850000005,BeTe,4,
mb-mp-e-form-070811,matbench_mp_e_form,val,<RUNS_ROOT>/official_benchmark_214/matbench_e_form_5fold/fold0/dataset/cifs/mb-mp-e-form-070811.cif,-1.556093128541666,Na3Cd2IrO6,12,
mb-mp-e-form-106055,matbench_mp_e_form,val,<RUNS_ROOT>/official_benchmark_214/matbench_e_form_5fold/fold0/dataset/cifs/mb-mp-e-form-106055.cif,-2.5430115154090904,Sr10CaY4(CoO3)10,55,
mb-mp-e-form-123236,matbench_mp_e_form,val,<RUNS_ROOT>/official_benchmark_214/matbench_e_form_5fold/fold0/dataset/cifs/mb-mp-e-form-123236.cif,-3.046541688108667,TbMnO3,20,
mb-mp-e-form-089346,matbench_mp_e_form,val,<RUNS_ROOT>/official_benchmark_214/matbench_e_form_5fold/fold0/dataset/cifs/mb-mp-e-form-089346.cif,-2.1356840044725,Na3SO4F,9,
mb-mp-e-form-028781,matbench_mp_e_form,val,<RUNS_ROOT>/official_benchmark_214/matbench_e_form_5fold/fold0/dataset/cifs/mb-mp-e-form-028781.cif,-0.3475399027923803,B5PH4Cl,176,
mb-mp-e-form-131782,matbench_mp_e_form,val,<RUNS_ROOT>/official_benchmark_214/matbench_e_form_5fold/fold0/dataset/cifs/mb-mp-e-form-131782.cif,-4.136368992814285,YbAlF5,56,
mb-mp-e-form-105332,matbench_mp_e_form,val,<RUNS_ROOT>/official_benchmark_214/matbench_e_form_5fold/fold0/dataset/cifs/mb-mp-e-form-105332.cif,-2.5288819454523805,V2P2PbO10,60,
mb-mp-e-form-058611,matbench_mp_e_form,val,<RUNS_ROOT>/official_benchmark_214/matbench_e_form_5fold/fold0/dataset/cifs/mb-mp-e-form-058611.cif,-1.077811649940942,Rb2Mn(PS3)2,22,
mb-mp-e-form-017764,matbench_mp_e_form,val,<RUNS_ROOT>/official_benchmark_214/matbench_e_form_5fold/fold0/dataset/cifs/mb-mp-e-form-017764.cif,-0.1179775468750001,NdMg2Ag,4,
mb-mp-e-form-091347,matbench_mp_e_form,val,<RUNS_ROOT>/official_benchmark_214/matbench_e_form_5fold/fold0/dataset/cifs/mb-mp-e-form-091347.cif,-2.196339170277778,V2CdO6,9,
mb-mp-e-form-068578,matbench_mp_e_form,val,<RUNS_ROOT>/official_benchmark_214/matbench_e_form_5fold/fold0/dataset/cifs/mb-mp-e-form-068578.cif,-1.4713829469479998,Zn(HO)2,5,
mb-mp-e-form-043497,matbench_mp_e_form,val,<RUNS_ROOT>/official_benchmark_214/matbench_e_form_5fold/fold0/dataset/cifs/mb-mp-e-form-043497.cif,-0.6291293583333335,LaNiSn,12,
mb-mp-e-form-090052,matbench_mp_e_form,val,<RUNS_ROOT>/official_benchmark_214/matbench_e_form_5fold/fold0/dataset/cifs/mb-mp-e-form-090052.cif,-2.1461035706825,K4LiH3(SO4)4,112,
mb-mp-e-form-095165,matbench_mp_e_form,val,<RUNS_ROOT>/official_benchmark_214/matbench_e_form_5fold/fold0/dataset/cifs/mb-mp-e-form-095165.cif,-2.301794065136346,K2Na3Al15H30(SO7)10,130,
mb-mp-e-form-072971,matbench_mp_e_form,val,<RUNS_ROOT>/official_benchmark_214/matbench_e_form_5fold/fold0/dataset/cifs/mb-mp-e-form-072971.cif,-1.667149290815,Pb2CCl2O3,32,
mb-mp-e-form-128147,matbench_mp_e_form,val,<RUNS_ROOT>/official_benchmark_214/matbench_e_form_5fold/fold0/dataset/cifs/mb-mp-e-form-128147.cif,-3.310789711868132,Ba2Sr(PO4)2,13,
mb-mp-e-form-060941,matbench_mp_e_form,val,<RUNS_ROOT>/official_benchmark_214/matbench_e_form_5fold/fold0/dataset/cifs/mb-mp-e-form-060941.cif,-1.1849619860267862,Na2Zn2S3,14,
mb-mp-e-form-017392,matbench_mp_e_form,val,<RUNS_ROOT>/official_benchmark_214/matbench_e_form_5fold/fold0/dataset/cifs/mb-mp-e-form-017392.cif,-0.1293590481696434,Nb12Ga3Ge,16,
mb-mp-e-form-090238,matbench_mp_e_form,val,<RUNS_ROOT>/official_benchmark_214/matbench_e_form_5fold/fold0/dataset/cifs/mb-mp-e-form-090238.cif,-2.1661354047500008,Ba3BiIrRuO9,30,
mb-mp-e-form-099611,matbench_mp_e_form,val,<RUNS_ROOT>/official_benchmark_214/matbench_e_form_5fold/fold0/dataset/cifs/mb-mp-e-form-099611.cif,-2.390836079523809,LiSb(PO4)2,24,
mb-mp-e-form-063934,matbench_mp_e_form,val,<RUNS_ROOT>/official_benchmark_214/matbench_e_form_5fold/fold0/dataset/cifs/mb-mp-e-form-063934.cif,-1.2903387144230776,Ca2Sn3S8,13,
mb-mp-e-form-059533,matbench_mp_e_form,val,<RUNS_ROOT>/official_benchmark_214/matbench_e_form_5fold/fold0/dataset/cifs/mb-mp-e-form-059533.cif,-1.1021407988645835,KNaSe,12,
mb-mp-e-form-016428,matbench_mp_e_form,val,<RUNS_ROOT>/official_benchmark_214/matbench_e_form_5fold/fold0/dataset/cifs/mb-mp-e-form-016428.cif,-0.1020162975,PrYMg6,8,
mb-mp-e-form-074219,matbench_mp_e_form,val,<RUNS_ROOT>/official_benchmark_214/matbench_e_form_5fold/fold0/dataset/cifs/mb-mp-e-form-074219.cif,-1.6935604112499991,LaWO2,16,
mb-mp-e-form-019248,matbench_mp_e_form,val,<RUNS_ROOT>/official_benchmark_214/matbench_e_form_5fold/fold0/dataset/cifs/mb-mp-e-form-019248.cif,-0.1808977157629311,Rb2LiS2,5,
mb-mp-e-form-000879,matbench_mp_e_form,val,<RUNS_ROOT>/official_benchmark_214/matbench_e_form_5fold/fold0/dataset/cifs/mb-mp-e-form-000879.cif,1.80577674225,Ce3PbC,5,
mb-mp-e-form-123052,matbench_mp_e_form,val,<RUNS_ROOT>/official_benchmark_214/matbench_e_form_5fold/fold0/dataset/cifs/mb-mp-e-form-123052.cif,-3.062144308489583,SrCaTi2(GeO5)2,32,
mb-mp-e-form-049459,matbench_mp_e_form,val,<RUNS_ROOT>/official_benchmark_214/matbench_e_form_5fold/fold0/dataset/cifs/mb-mp-e-form-049459.cif,-0.7701660854444444,Ca2ZnSb2,45,
mb-mp-e-form-072261,matbench_mp_e_form,val,<RUNS_ROOT>/official_benchmark_214/matbench_e_form_5fold/fold0/dataset/cifs/mb-mp-e-form-072261.cif,-1.6189827520312503,CaMnS2,4,
mb-mp-e-form-043933,matbench_mp_e_form,val,<RUNS_ROOT>/official_benchmark_214/matbench_e_form_5fold/fold0/dataset/cifs/mb-mp-e-form-043933.cif,-0.6559645503125009,Te2Mo2W(SeS)2,9,
mb-mp-e-form-092676,matbench_mp_e_form,val,<RUNS_ROOT>/official_benchmark_214/matbench_e_form_5fold/fold0/dataset/cifs/mb-mp-e-form-092676.cif,-2.2240013806666665,Li3Cr3FeO8,15,
mb-mp-e-form-069519,matbench_mp_e_form,val,<RUNS_ROOT>/official_benchmark_214/matbench_e_form_5fold/fold0/dataset/cifs/mb-mp-e-form-069519.cif,-1.5047472125961543,Dy(IO3)3,52,
mb-mp-e-form-077332,matbench_mp_e_form,val,<RUNS_ROOT>/official_benchmark_214/matbench_e_form_5fold/fold0/dataset/cifs/mb-mp-e-form-077332.cif,-1.8050689243939384,Si(Bi3O5)4,33,
mb-mp-e-form-030811,matbench_mp_e_form,val,<RUNS_ROOT>/official_benchmark_214/matbench_e_form_5fold/fold0/dataset/cifs/mb-mp-e-form-030811.cif,-0.3838775508333336,Lu2InAg,4,
mb-mp-e-form-105732,matbench_mp_e_form,val,<RUNS_ROOT>/official_benchmark_214/matbench_e_form_5fold/fold0/dataset/cifs/mb-mp-e-form-105732.cif,-2.525825798572666,MnInF3,5,
mb-mp-e-form-108339,matbench_mp_e_form,val,<RUNS_ROOT>/official_benchmark_214/matbench_e_form_5fold/fold0/dataset/cifs/mb-mp-e-form-108339.cif,-2.5868901572500005,Ba3NdRu2O9,30,
mb-mp-e-form-041742,matbench_mp_e_form,val,<RUNS_ROOT>/official_benchmark_214/matbench_e_form_5fold/fold0/dataset/cifs/mb-mp-e-form-041742.cif,-0.590684775714286,CdI2,42,
mb-mp-e-form-089030,matbench_mp_e_form,val,<RUNS_ROOT>/official_benchmark_214/matbench_e_form_5fold/fold0/dataset/cifs/mb-mp-e-form-089030.cif,-2.123376298333333,Li3VFe3O8,30,
mb-mp-e-form-099647,matbench_mp_e_form,val,<RUNS_ROOT>/official_benchmark_214/matbench_e_form_5fold/fold0/dataset/cifs/mb-mp-e-form-099647.cif,-2.382521538446428,Li4Fe5Sb(PO4)6,40,
mb-mp-e-form-092596,matbench_mp_e_form,val,<RUNS_ROOT>/official_benchmark_214/matbench_e_form_5fold/fold0/dataset/cifs/mb-mp-e-form-092596.cif,-2.2111587675,V4CrCoO12,18,
mb-mp-e-form-115189,matbench_mp_e_form,val,<RUNS_ROOT>/official_benchmark_214/matbench_e_form_5fold/fold0/dataset/cifs/mb-mp-e-form-115189.cif,-2.779313228083334,Al7Cr(Bi2O9)2,30,
mb-mp-e-form-073037,matbench_mp_e_form,val,<RUNS_ROOT>/official_benchmark_214/matbench_e_form_5fold/fold0/dataset/cifs/mb-mp-e-form-073037.cif,-1.656792179249179,RbV2PO11,60,
mb-mp-e-form-101726,matbench_mp_e_form,val,<RUNS_ROOT>/official_benchmark_214/matbench_e_form_5fold/fold0/dataset/cifs/mb-mp-e-form-101726.cif,-2.4252592874375,Pm2S3,10,
mb-mp-e-form-000052,matbench_mp_e_form,val,<RUNS_ROOT>/official_benchmark_214/matbench_e_form_5fold/fold0/dataset/cifs/mb-mp-e-form-000052.cif,2.2499281717619994,B9N,10,
mb-mp-e-form-071023,matbench_mp_e_form,val,<RUNS_ROOT>/official_benchmark_214/matbench_e_form_5fold/fold0/dataset/cifs/mb-mp-e-form-071023.cif,-1.578728023533379,Cs2MoN(Cl2O)2,20,
mb-mp-e-form-098364,matbench_mp_e_form,val,<RUNS_ROOT>/official_benchmark_214/matbench_e_form_5fold/fold0/dataset/cifs/mb-mp-e-form-098364.cif,-2.371947196583334,LiSi2(BiO3)3,60,
mb-mp-e-form-125199,matbench_mp_e_form,val,<RUNS_ROOT>/official_benchmark_214/matbench_e_form_5fold/fold0/dataset/cifs/mb-mp-e-form-125199.cif,-3.127400533053572,CeP2O7,40,
mb-mp-e-form-050201,matbench_mp_e_form,val,<RUNS_ROOT>/official_benchmark_214/matbench_e_form_5fold/fold0/dataset/cifs/mb-mp-e-form-050201.cif,-0.8017843272916659,Ti12AlSi3C8,48,
mb-mp-e-form-009206,matbench_mp_e_form,val,<RUNS_ROOT>/official_benchmark_214/matbench_e_form_5fold/fold0/dataset/cifs/mb-mp-e-form-009206.cif,0.0714522049999999,MgAl,2,
mb-mp-e-form-108942,matbench_mp_e_form,val,<RUNS_ROOT>/official_benchmark_214/matbench_e_form_5fold/fold0/dataset/cifs/mb-mp-e-form-108942.cif,-2.6115300017499994,CaAl2(SiO5)2,120,
mb-mp-e-form-061709,matbench_mp_e_form,val,<RUNS_ROOT>/official_benchmark_214/matbench_e_form_5fold/fold0/dataset/cifs/mb-mp-e-form-061709.cif,-1.1842777992869995,KH(IO3)2,80,
mb-mp-e-form-064541,matbench_mp_e_form,val,<RUNS_ROOT>/official_benchmark_214/matbench_e_form_5fold/fold0/dataset/cifs/mb-mp-e-form-064541.cif,-1.315994087161459,BaCr4S7,48,
mb-mp-e-form-008462,matbench_mp_e_form,val,<RUNS_ROOT>/official_benchmark_214/matbench_e_form_5fold/fold0/dataset/cifs/mb-mp-e-form-008462.cif,0.1237978803571425,MgIO12,28,
mb-mp-e-form-071427,matbench_mp_e_form,val,<RUNS_ROOT>/official_benchmark_214/matbench_e_form_5fold/fold0/dataset/cifs/mb-mp-e-form-071427.cif,-1.5941279627678568,Yb3Se4,28,
mb-mp-e-form-035323,matbench_mp_e_form,val,<RUNS_ROOT>/official_benchmark_214/matbench_e_form_5fold/fold0/dataset/cifs/mb-mp-e-form-035323.cif,-0.4790081316666672,ZrAlCo,12,
mb-mp-e-form-010648,matbench_mp_e_form,val,<RUNS_ROOT>/official_benchmark_214/matbench_e_form_5fold/fold0/dataset/cifs/mb-mp-e-form-010648.cif,0.0343753175000003,MnCrSb2,4,
mb-mp-e-form-028350,matbench_mp_e_form,val,<RUNS_ROOT>/official_benchmark_214/matbench_e_form_5fold/fold0/dataset/cifs/mb-mp-e-form-028350.cif,-0.3522405920000004,YAl3Ag,5,
mb-mp-e-form-001706,matbench_mp_e_form,val,<RUNS_ROOT>/official_benchmark_214/matbench_e_form_5fold/fold0/dataset/cifs/mb-mp-e-form-001706.cif,1.1230492512500003,Cu6O,7,
mb-mp-e-form-019982,matbench_mp_e_form,val,<RUNS_ROOT>/official_benchmark_214/matbench_e_form_5fold/fold0/dataset/cifs/mb-mp-e-form-019982.cif,-0.2019715544444456,LaCo4B,12,
mb-mp-e-form-124123,matbench_mp_e_form,val,<RUNS_ROOT>/official_benchmark_214/matbench_e_form_5fold/fold0/dataset/cifs/mb-mp-e-form-124123.cif,-3.0765818414760018,LaZrNO2,20,
mb-mp-e-form-030531,matbench_mp_e_form,val,<RUNS_ROOT>/official_benchmark_214/matbench_e_form_5fold/fold0/dataset/cifs/mb-mp-e-form-030531.cif,-0.3801859225000008,GdTl,2,
mb-mp-e-form-113360,matbench_mp_e_form,val,<RUNS_ROOT>/official_benchmark_214/matbench_e_form_5fold/fold0/dataset/cifs/mb-mp-e-form-113360.cif,-2.70773476,Na2ZrGeO5,72,
mb-mp-e-form-091795,matbench_mp_e_form,val,<RUNS_ROOT>/official_benchmark_214/matbench_e_form_5fold/fold0/dataset/cifs/mb-mp-e-form-091795.cif,-2.224071606428572,Mg(MoO2)2,42,
mb-mp-e-form-041072,matbench_mp_e_form,val,<RUNS_ROOT>/official_benchmark_214/matbench_e_form_5fold/fold0/dataset/cifs/mb-mp-e-form-041072.cif,-0.5811275909364468,CuH7C3SN3O4,76,
mb-mp-e-form-075520,matbench_mp_e_form,val,<RUNS_ROOT>/official_benchmark_214/matbench_e_form_5fold/fold0/dataset/cifs/mb-mp-e-form-075520.cif,-1.746480844727396,CsNb4Cl11,32,
mb-mp-e-form-054084,matbench_mp_e_form,val,<RUNS_ROOT>/official_benchmark_214/matbench_e_form_5fold/fold0/dataset/cifs/mb-mp-e-form-054084.cif,-0.9163740316250006,NaNi2BiO6,80,
mb-mp-e-form-013648,matbench_mp_e_form,val,<RUNS_ROOT>/official_benchmark_214/matbench_e_form_5fold/fold0/dataset/cifs/mb-mp-e-form-013648.cif,-0.0081956850000004,FeCo,2,
mb-mp-e-form-004961,matbench_mp_e_form,val,<RUNS_ROOT>/official_benchmark_214/matbench_e_form_5fold/fold0/dataset/cifs/mb-mp-e-form-004961.cif,0.2262745887500004,SrMg6Cr,8,
mb-mp-e-form-116271,matbench_mp_e_form,val,<RUNS_ROOT>/official_benchmark_214/matbench_e_form_5fold/fold0/dataset/cifs/mb-mp-e-form-116271.cif,-2.8049978287678736,NbSeF9,44,
mb-mp-e-form-042474,matbench_mp_e_form,val,<RUNS_ROOT>/official_benchmark_214/matbench_e_form_5fold/fold0/dataset/cifs/mb-mp-e-form-042474.cif,-0.614390485,YCuSn,6,
mb-mp-e-form-043359,matbench_mp_e_form,val,<RUNS_ROOT>/official_benchmark_214/matbench_e_form_5fold/fold0/dataset/cifs/mb-mp-e-form-043359.cif,-0.6350997854761905,Ca5Ni9As7,21,
mb-mp-e-form-037774,matbench_mp_e_form,val,<RUNS_ROOT>/official_benchmark_214/matbench_e_form_5fold/fold0/dataset/cifs/mb-mp-e-form-037774.cif,-0.5060503195052086,InGaSe2,16,
mb-mp-e-form-022948,matbench_mp_e_form,val,<RUNS_ROOT>/official_benchmark_214/matbench_e_form_5fold/fold0/dataset/cifs/mb-mp-e-form-022948.cif,-0.2620257999999992,Nd2CdCu2,5,
mb-mp-e-form-063511,matbench_mp_e_form,val,<RUNS_ROOT>/official_benchmark_214/matbench_e_form_5fold/fold0/dataset/cifs/mb-mp-e-form-063511.cif,-1.2457518447991072,Tl2SeO4,28,
mb-mp-e-form-018400,matbench_mp_e_form,val,<RUNS_ROOT>/official_benchmark_214/matbench_e_form_5fold/fold0/dataset/cifs/mb-mp-e-form-018400.cif,-0.150591863482143,Nb6AlSb,8,
mb-mp-e-form-015385,matbench_mp_e_form,val,<RUNS_ROOT>/official_benchmark_214/matbench_e_form_5fold/fold0/dataset/cifs/mb-mp-e-form-015385.cif,-0.0717773287179486,YIn7Cu5,13,
mb-mp-e-form-035831,matbench_mp_e_form,val,<RUNS_ROOT>/official_benchmark_214/matbench_e_form_5fold/fold0/dataset/cifs/mb-mp-e-form-035831.cif,-0.4721263593749995,Pu(SiPt)2,10,
mb-mp-e-form-107081,matbench_mp_e_form,val,<RUNS_ROOT>/official_benchmark_214/matbench_e_form_5fold/fold0/dataset/cifs/mb-mp-e-form-107081.cif,-2.5712937945000007,Ca9Y3(CoO6)4,40,
mb-mp-e-form-043287,matbench_mp_e_form,val,<RUNS_ROOT>/official_benchmark_214/matbench_e_form_5fold/fold0/dataset/cifs/mb-mp-e-form-043287.cif,-0.6375475177777782,Er2Al4CoGe2,9,
mb-mp-e-form-063440,matbench_mp_e_form,val,<RUNS_ROOT>/official_benchmark_214/matbench_e_form_5fold/fold0/dataset/cifs/mb-mp-e-form-063440.cif,-1.247079898497816,CsCu2Cl3,12,
mb-mp-e-form-125903,matbench_mp_e_form,val,<RUNS_ROOT>/official_benchmark_214/matbench_e_form_5fold/fold0/dataset/cifs/mb-mp-e-form-125903.cif,-3.2226739461250005,YbPuO3,5,
mb-mp-e-form-095661,matbench_mp_e_form,val,<RUNS_ROOT>/official_benchmark_214/matbench_e_form_5fold/fold0/dataset/cifs/mb-mp-e-form-095661.cif,-2.2990922638235305,V5O12,17,
mb-mp-e-form-097846,matbench_mp_e_form,val,<RUNS_ROOT>/official_benchmark_214/matbench_e_form_5fold/fold0/dataset/cifs/mb-mp-e-form-097846.cif,-2.3741548310714293,NaV5O8,14,
mb-mp-e-form-087065,matbench_mp_e_form,val,<RUNS_ROOT>/official_benchmark_214/matbench_e_form_5fold/fold0/dataset/cifs/mb-mp-e-form-087065.cif,-2.0598157575155898,Cs2UNb6(Cl5O)3,54,
mb-mp-e-form-006458,matbench_mp_e_form,val,<RUNS_ROOT>/official_benchmark_214/matbench_e_form_5fold/fold0/dataset/cifs/mb-mp-e-form-006458.cif,0.1962516369047613,Nb2Sb,21,
mb-mp-e-form-059721,matbench_mp_e_form,val,<RUNS_ROOT>/official_benchmark_214/matbench_e_form_5fold/fold0/dataset/cifs/mb-mp-e-form-059721.cif,-1.108652323409091,Er7(CuTe4)3,22,
mb-mp-e-form-106512,matbench_mp_e_form,val,<RUNS_ROOT>/official_benchmark_214/matbench_e_form_5fold/fold0/dataset/cifs/mb-mp-e-form-106512.cif,-2.54054405619898,LiFePO4,56,
mb-mp-e-form-098733,matbench_mp_e_form,val,<RUNS_ROOT>/official_benchmark_214/matbench_e_form_5fold/fold0/dataset/cifs/mb-mp-e-form-098733.cif,-2.3746565360092853,Y2Mn3O9,28,
mb-mp-e-form-069356,matbench_mp_e_form,val,<RUNS_ROOT>/official_benchmark_214/matbench_e_form_5fold/fold0/dataset/cifs/mb-mp-e-form-069356.cif,-1.525623517734374,PuSe,2,
mb-mp-e-form-021062,matbench_mp_e_form,val,<RUNS_ROOT>/official_benchmark_214/matbench_e_form_5fold/fold0/dataset/cifs/mb-mp-e-form-021062.cif,-0.2216701850000002,Cd3Pd,8,
mb-mp-e-form-023809,matbench_mp_e_form,val,<RUNS_ROOT>/official_benchmark_214/matbench_e_form_5fold/fold0/dataset/cifs/mb-mp-e-form-023809.cif,-0.2614936849999996,LuMgCd2,4,
mb-mp-e-form-114462,matbench_mp_e_form,val,<RUNS_ROOT>/official_benchmark_214/matbench_e_form_5fold/fold0/dataset/cifs/mb-mp-e-form-114462.cif,-2.735481328465556,La4TiMn5(PbO9)2,30,
mb-mp-e-form-004383,matbench_mp_e_form,val,<RUNS_ROOT>/official_benchmark_214/matbench_e_form_5fold/fold0/dataset/cifs/mb-mp-e-form-004383.cif,0.3249075112500001,NaCu3,4,
mb-mp-e-form-060071,matbench_mp_e_form,val,<RUNS_ROOT>/official_benchmark_214/matbench_e_form_5fold/fold0/dataset/cifs/mb-mp-e-form-060071.cif,-1.12790114875,GaFeO3,5,
mb-mp-e-form-118145,matbench_mp_e_form,val,<RUNS_ROOT>/official_benchmark_214/matbench_e_form_5fold/fold0/dataset/cifs/mb-mp-e-form-118145.cif,-2.8670330017129624,BaSmCuBO5,18,
mb-mp-e-form-014434,matbench_mp_e_form,val,<RUNS_ROOT>/official_benchmark_214/matbench_e_form_5fold/fold0/dataset/cifs/mb-mp-e-form-014434.cif,-0.0414233724999997,ZnCu,2,
mb-mp-e-form-070097,matbench_mp_e_form,val,<RUNS_ROOT>/official_benchmark_214/matbench_e_form_5fold/fold0/dataset/cifs/mb-mp-e-form-070097.cif,-1.541410228910793,Fe2AsH19SO18,82,
mb-mp-e-form-122240,matbench_mp_e_form,val,<RUNS_ROOT>/official_benchmark_214/matbench_e_form_5fold/fold0/dataset/cifs/mb-mp-e-form-122240.cif,-3.0214088737887126,Cs2NaInF6,10,
mb-mp-e-form-023130,matbench_mp_e_form,val,<RUNS_ROOT>/official_benchmark_214/matbench_e_form_5fold/fold0/dataset/cifs/mb-mp-e-form-023130.cif,-0.2594255091666664,TiCrTc2,4,
mb-mp-e-form-078025,matbench_mp_e_form,val,<RUNS_ROOT>/official_benchmark_214/matbench_e_form_5fold/fold0/dataset/cifs/mb-mp-e-form-078025.cif,-1.821424953318069,Cs3TlCl6,10,
mb-mp-e-form-124610,matbench_mp_e_form,val,<RUNS_ROOT>/official_benchmark_214/matbench_e_form_5fold/fold0/dataset/cifs/mb-mp-e-form-124610.cif,-3.1055743008500007,LiVF5,14,
mb-mp-e-form-038204,matbench_mp_e_form,val,<RUNS_ROOT>/official_benchmark_214/matbench_e_form_5fold/fold0/dataset/cifs/mb-mp-e-form-038204.cif,-0.5271414547368419,Tm5(Ge5Os2)2,38,
mb-mp-e-form-131693,matbench_mp_e_form,val,<RUNS_ROOT>/official_benchmark_214/matbench_e_form_5fold/fold0/dataset/cifs/mb-mp-e-form-131693.cif,-3.715403402947533,Tm5Ti5O17,54,
mb-mp-e-form-090998,matbench_mp_e_form,val,<RUNS_ROOT>/official_benchmark_214/matbench_e_form_5fold/fold0/dataset/cifs/mb-mp-e-form-090998.cif,-2.1770181404310343,Rb2LiFe(MoO4)3,76,
mb-mp-e-form-117847,matbench_mp_e_form,val,<RUNS_ROOT>/official_benchmark_214/matbench_e_form_5fold/fold0/dataset/cifs/mb-mp-e-form-117847.cif,-2.8663723654687496,HfMg14AlO16,32,
mb-mp-e-form-082083,matbench_mp_e_form,val,<RUNS_ROOT>/official_benchmark_214/matbench_e_form_5fold/fold0/dataset/cifs/mb-mp-e-form-082083.cif,-1.9302450456163889,Na2TiH4O5,24,
mb-mp-e-form-055862,matbench_mp_e_form,val,<RUNS_ROOT>/official_benchmark_214/matbench_e_form_5fold/fold0/dataset/cifs/mb-mp-e-form-055862.cif,-0.957955736071428,Zn(NiO2)2,28,
mb-mp-e-form-052831,matbench_mp_e_form,val,<RUNS_ROOT>/official_benchmark_214/matbench_e_form_5fold/fold0/dataset/cifs/mb-mp-e-form-052831.cif,-0.83843303,LiSiRh2,4,
mb-mp-e-form-003365,matbench_mp_e_form,val,<RUNS_ROOT>/official_benchmark_214/matbench_e_form_5fold/fold0/dataset/cifs/mb-mp-e-form-003365.cif,0.5387704182812492,Na3Pu,8,
mb-mp-e-form-103068,matbench_mp_e_form,val,<RUNS_ROOT>/official_benchmark_214/matbench_e_form_5fold/fold0/dataset/cifs/mb-mp-e-form-103068.cif,-2.4767312625,Al2FeSiO5,72,
mb-mp-e-form-041060,matbench_mp_e_form,val,<RUNS_ROOT>/official_benchmark_214/matbench_e_form_5fold/fold0/dataset/cifs/mb-mp-e-form-041060.cif,-0.5964978365972213,ScZnCu3Se4,9,
mb-mp-e-form-023031,matbench_mp_e_form,val,<RUNS_ROOT>/official_benchmark_214/matbench_e_form_5fold/fold0/dataset/cifs/mb-mp-e-form-023031.cif,-0.2670491739999995,Ca(AlSb)2,5,
mb-mp-e-form-018645,matbench_mp_e_form,val,<RUNS_ROOT>/official_benchmark_214/matbench_e_form_5fold/fold0/dataset/cifs/mb-mp-e-form-018645.cif,-0.1489300595000003,Al4W,15,
mb-mp-e-form-057877,matbench_mp_e_form,val,<RUNS_ROOT>/official_benchmark_214/matbench_e_form_5fold/fold0/dataset/cifs/mb-mp-e-form-057877.cif,-1.0732422810714288,DyP,2,
mb-mp-e-form-028779,matbench_mp_e_form,val,<RUNS_ROOT>/official_benchmark_214/matbench_e_form_5fold/fold0/dataset/cifs/mb-mp-e-form-028779.cif,-0.354549034333333,KHgAs,6,
mb-mp-e-form-019678,matbench_mp_e_form,val,<RUNS_ROOT>/official_benchmark_214/matbench_e_form_5fold/fold0/dataset/cifs/mb-mp-e-form-019678.cif,-0.1681967958823528,Pr(Sb3Os)4,17,
mb-mp-e-form-013453,matbench_mp_e_form,val,<RUNS_ROOT>/official_benchmark_214/matbench_e_form_5fold/fold0/dataset/cifs/mb-mp-e-form-013453.cif,-0.0144896971052647,Y2Fe17,38,
mb-mp-e-form-129153,matbench_mp_e_form,val,<RUNS_ROOT>/official_benchmark_214/matbench_e_form_5fold/fold0/dataset/cifs/mb-mp-e-form-129153.cif,-3.389349258571429,Ca2SiO4,14,
mb-mp-e-form-062014,matbench_mp_e_form,val,<RUNS_ROOT>/official_benchmark_214/matbench_e_form_5fold/fold0/dataset/cifs/mb-mp-e-form-062014.cif,-1.2072591441474654,Li10Zn(PS4)4,62,
mb-mp-e-form-100559,matbench_mp_e_form,val,<RUNS_ROOT>/official_benchmark_214/matbench_e_form_5fold/fold0/dataset/cifs/mb-mp-e-form-100559.cif,-2.415627219101607,Mn2PO5,32,
mb-mp-e-form-116200,matbench_mp_e_form,val,<RUNS_ROOT>/official_benchmark_214/matbench_e_form_5fold/fold0/dataset/cifs/mb-mp-e-form-116200.cif,-2.809397830452381,Ba2V(PO5)2,15,
mb-mp-e-form-053058,matbench_mp_e_form,val,<RUNS_ROOT>/official_benchmark_214/matbench_e_form_5fold/fold0/dataset/cifs/mb-mp-e-form-053058.cif,-0.8858127591071424,Sm3Sb4Pt7,14,
mb-mp-e-form-087757,matbench_mp_e_form,val,<RUNS_ROOT>/official_benchmark_214/matbench_e_form_5fold/fold0/dataset/cifs/mb-mp-e-form-087757.cif,-2.082332178214286,ZnCr2O4,28,
mb-mp-e-form-122700,matbench_mp_e_form,val,<RUNS_ROOT>/official_benchmark_214/matbench_e_form_5fold/fold0/dataset/cifs/mb-mp-e-form-122700.cif,-3.019056135125,KLaO2,4,
mb-mp-e-form-106497,matbench_mp_e_form,val,<RUNS_ROOT>/official_benchmark_214/matbench_e_form_5fold/fold0/dataset/cifs/mb-mp-e-form-106497.cif,-2.5481669610204087,Li4V3Co(PO4)4,28,
mb-mp-e-form-041966,matbench_mp_e_form,val,<RUNS_ROOT>/official_benchmark_214/matbench_e_form_5fold/fold0/dataset/cifs/mb-mp-e-form-041966.cif,-0.6140295820312502,CrAgS2,4,
mb-mp-e-form-126405,matbench_mp_e_form,val,<RUNS_ROOT>/official_benchmark_214/matbench_e_form_5fold/fold0/dataset/cifs/mb-mp-e-form-126405.cif,-3.1971413756161966,Ba6Nb14Si4O47,142,
mb-mp-e-form-015611,matbench_mp_e_form,val,<RUNS_ROOT>/official_benchmark_214/matbench_e_form_5fold/fold0/dataset/cifs/mb-mp-e-form-015611.cif,-0.0626458875,CuTe,4,
mb-mp-e-form-091443,matbench_mp_e_form,val,<RUNS_ROOT>/official_benchmark_214/matbench_e_form_5fold/fold0/dataset/cifs/mb-mp-e-form-091443.cif,-2.182758213163265,LiCuPO4,28,
mb-mp-e-form-115708,matbench_mp_e_form,val,<RUNS_ROOT>/official_benchmark_214/matbench_e_form_5fold/fold0/dataset/cifs/mb-mp-e-form-115708.cif,-2.7832290637499995,YbGeO3,5,
mb-mp-e-form-046675,matbench_mp_e_form,val,<RUNS_ROOT>/official_benchmark_214/matbench_e_form_5fold/fold0/dataset/cifs/mb-mp-e-form-046675.cif,-0.6903439170971367,Cs4P2Se9,30,
mb-mp-e-form-112979,matbench_mp_e_form,val,<RUNS_ROOT>/official_benchmark_214/matbench_e_form_5fold/fold0/dataset/cifs/mb-mp-e-form-112979.cif,-2.695720437095428,Li6MnV3(PO4)6,80,
mb-mp-e-form-130417,matbench_mp_e_form,val,<RUNS_ROOT>/official_benchmark_214/matbench_e_form_5fold/fold0/dataset/cifs/mb-mp-e-form-130417.cif,-3.5182269661163,RbMgF3,30,
mb-mp-e-form-005965,matbench_mp_e_form,val,<RUNS_ROOT>/official_benchmark_214/matbench_e_form_5fold/fold0/dataset/cifs/mb-mp-e-form-005965.cif,0.207411222974138,CsBaMg6,8,
mb-mp-e-form-081708,matbench_mp_e_form,val,<RUNS_ROOT>/official_benchmark_214/matbench_e_form_5fold/fold0/dataset/cifs/mb-mp-e-form-081708.cif,-1.8953429358333336,V3Fe3(TeO8)2,24,
mb-mp-e-form-124176,matbench_mp_e_form,val,<RUNS_ROOT>/official_benchmark_214/matbench_e_form_5fold/fold0/dataset/cifs/mb-mp-e-form-124176.cif,-3.0835262137499995,AlSi3O8,24,
mb-mp-e-form-039238,matbench_mp_e_form,val,<RUNS_ROOT>/official_benchmark_214/matbench_e_form_5fold/fold0/dataset/cifs/mb-mp-e-form-039238.cif,-0.5500052708750005,Yb3Ge13Pt4,80,
mb-mp-e-form-113801,matbench_mp_e_form,val,<RUNS_ROOT>/official_benchmark_214/matbench_e_form_5fold/fold0/dataset/cifs/mb-mp-e-form-113801.cif,-2.750525965625,Mg6AlNiO8,16,
mb-mp-e-form-013396,matbench_mp_e_form,val,<RUNS_ROOT>/official_benchmark_214/matbench_e_form_5fold/fold0/dataset/cifs/mb-mp-e-form-013396.cif,-0.0162866633333334,MgPb2,6,
mb-mp-e-form-034851,matbench_mp_e_form,val,<RUNS_ROOT>/official_benchmark_214/matbench_e_form_5fold/fold0/dataset/cifs/mb-mp-e-form-034851.cif,-0.4560835020312502,HgS,6,
mb-mp-e-form-095776,matbench_mp_e_form,val,<RUNS_ROOT>/official_benchmark_214/matbench_e_form_5fold/fold0/dataset/cifs/mb-mp-e-form-095776.cif,-2.3214316441666654,VO2,36,
mb-mp-e-form-003837,matbench_mp_e_form,val,<RUNS_ROOT>/official_benchmark_214/matbench_e_form_5fold/fold0/dataset/cifs/mb-mp-e-form-003837.cif,0.4893860878450002,Ni3H,4,
mb-mp-e-form-019492,matbench_mp_e_form,val,<RUNS_ROOT>/official_benchmark_214/matbench_e_form_5fold/fold0/dataset/cifs/mb-mp-e-form-019492.cif,-0.164439609473684,Ca2AlZn16,19,
mb-mp-e-form-017526,matbench_mp_e_form,val,<RUNS_ROOT>/official_benchmark_214/matbench_e_form_5fold/fold0/dataset/cifs/mb-mp-e-form-017526.cif,-0.1211768599999996,Hf2Ag,3,
mb-mp-e-form-128898,matbench_mp_e_form,val,<RUNS_ROOT>/official_benchmark_214/matbench_e_form_5fold/fold0/dataset/cifs/mb-mp-e-form-128898.cif,-3.4375283871875006,BaAl4O7,48,
mb-mp-e-form-055809,matbench_mp_e_form,val,<RUNS_ROOT>/official_benchmark_214/matbench_e_form_5fold/fold0/dataset/cifs/mb-mp-e-form-055809.cif,-0.9419372425,LiAlPt2,4,
mb-mp-e-form-047609,matbench_mp_e_form,val,<RUNS_ROOT>/official_benchmark_214/matbench_e_form_5fold/fold0/dataset/cifs/mb-mp-e-form-047609.cif,-0.7214678299999996,Er2FeSi2,10,
mb-mp-e-form-051633,matbench_mp_e_form,val,<RUNS_ROOT>/official_benchmark_214/matbench_e_form_5fold/fold0/dataset/cifs/mb-mp-e-form-051633.cif,-0.8290271821710522,Ag7(PbO3)3,76,
mb-mp-e-form-132542,matbench_mp_e_form,val,<RUNS_ROOT>/official_benchmark_214/matbench_e_form_5fold/fold0/dataset/cifs/mb-mp-e-form-132542.cif,-3.85287251125,Y3AlO6,20,
mb-mp-e-form-060250,matbench_mp_e_form,val,<RUNS_ROOT>/official_benchmark_214/matbench_e_form_5fold/fold0/dataset/cifs/mb-mp-e-form-060250.cif,-1.1463530832499993,KReO2,16,
mb-mp-e-form-129216,matbench_mp_e_form,val,<RUNS_ROOT>/official_benchmark_214/matbench_e_form_5fold/fold0/dataset/cifs/mb-mp-e-form-129216.cif,-3.440424116064813,DyTa7O19,54,
mb-mp-e-form-103718,matbench_mp_e_form,val,<RUNS_ROOT>/official_benchmark_214/matbench_e_form_5fold/fold0/dataset/cifs/mb-mp-e-form-103718.cif,-2.4812934922916674,Li2VO3,12,
mb-mp-e-form-109391,matbench_mp_e_form,val,<RUNS_ROOT>/official_benchmark_214/matbench_e_form_5fold/fold0/dataset/cifs/mb-mp-e-form-109391.cif,-2.604092620569023,CaP4(HO6)2,38,
mb-mp-e-form-116071,matbench_mp_e_form,val,<RUNS_ROOT>/official_benchmark_214/matbench_e_form_5fold/fold0/dataset/cifs/mb-mp-e-form-116071.cif,-2.802804234317448,Rb3SbF6,10,
mb-mp-e-form-131056,matbench_mp_e_form,val,<RUNS_ROOT>/official_benchmark_214/matbench_e_form_5fold/fold0/dataset/cifs/mb-mp-e-form-131056.cif,-3.7624133970075775,LaY3Ti4O14,22,
mb-mp-e-form-129706,matbench_mp_e_form,val,<RUNS_ROOT>/official_benchmark_214/matbench_e_form_5fold/fold0/dataset/cifs/mb-mp-e-form-129706.cif,-3.390234980156251,Ti3O5,16,
mb-mp-e-form-007052,matbench_mp_e_form,val,<RUNS_ROOT>/official_benchmark_214/matbench_e_form_5fold/fold0/dataset/cifs/mb-mp-e-form-007052.cif,0.1463455233333329,FeNiSn,6,
mb-mp-e-form-115359,matbench_mp_e_form,val,<RUNS_ROOT>/official_benchmark_214/matbench_e_form_5fold/fold0/dataset/cifs/mb-mp-e-form-115359.cif,-2.7844367898939995,Ba4CeMn3O12,20,
mb-mp-e-form-014541,matbench_mp_e_form,val,<RUNS_ROOT>/official_benchmark_214/matbench_e_form_5fold/fold0/dataset/cifs/mb-mp-e-form-014541.cif,-0.0549237037499992,Mn4Sb3As,8,
mb-mp-e-form-008256,matbench_mp_e_form,val,<RUNS_ROOT>/official_benchmark_214/matbench_e_form_5fold/fold0/dataset/cifs/mb-mp-e-form-008256.cif,0.1257502918181824,Mg6Si5,22,
mb-mp-e-form-088431,matbench_mp_e_form,val,<RUNS_ROOT>/official_benchmark_214/matbench_e_form_5fold/fold0/dataset/cifs/mb-mp-e-form-088431.cif,-2.094523633872857,Al(HO)3,56,
mb-mp-e-form-041729,matbench_mp_e_form,val,<RUNS_ROOT>/official_benchmark_214/matbench_e_form_5fold/fold0/dataset/cifs/mb-mp-e-form-041729.cif,-0.5947579095312505,TlAgAs2PbS5,20,
mb-mp-e-form-019371,matbench_mp_e_form,val,<RUNS_ROOT>/official_benchmark_214/matbench_e_form_5fold/fold0/dataset/cifs/mb-mp-e-form-019371.cif,-0.1702745199999995,Ni4(GeAs3)3,16,
mb-mp-e-form-012620,matbench_mp_e_form,val,<RUNS_ROOT>/official_benchmark_214/matbench_e_form_5fold/fold0/dataset/cifs/mb-mp-e-form-012620.cif,0.0,Mo,1,
mb-mp-e-form-059334,matbench_mp_e_form,val,<RUNS_ROOT>/official_benchmark_214/matbench_e_form_5fold/fold0/dataset/cifs/mb-mp-e-form-059334.cif,-1.0853431636914286,Mn(O2F)2,28,
mb-mp-e-form-073372,matbench_mp_e_form,val,<RUNS_ROOT>/official_benchmark_214/matbench_e_form_5fold/fold0/dataset/cifs/mb-mp-e-form-073372.cif,-1.6657259797916677,Na2RuO3,12,
mb-mp-e-form-076768,matbench_mp_e_form,val,<RUNS_ROOT>/official_benchmark_214/matbench_e_form_5fold/fold0/dataset/cifs/mb-mp-e-form-076768.cif,-1.776959965681819,Sn5O6,22,
mb-mp-e-form-029241,matbench_mp_e_form,val,<RUNS_ROOT>/official_benchmark_214/matbench_e_form_5fold/fold0/dataset/cifs/mb-mp-e-form-029241.cif,-0.3665643199999995,Zr6NiBi2,9,
mb-mp-e-form-114975,matbench_mp_e_form,val,<RUNS_ROOT>/official_benchmark_214/matbench_e_form_5fold/fold0/dataset/cifs/mb-mp-e-form-114975.cif,-2.7784823757200003,Li5Fe3(OF5)2,20,
mb-mp-e-form-063341,matbench_mp_e_form,val,<RUNS_ROOT>/official_benchmark_214/matbench_e_form_5fold/fold0/dataset/cifs/mb-mp-e-form-063341.cif,-1.2743365971498335,TbH18(BrO6)3,80,
mb-mp-e-form-029857,matbench_mp_e_form,val,<RUNS_ROOT>/official_benchmark_214/matbench_e_form_5fold/fold0/dataset/cifs/mb-mp-e-form-029857.cif,-0.3590899716666662,ZrAsRh,3,
mb-mp-e-form-009136,matbench_mp_e_form,val,<RUNS_ROOT>/official_benchmark_214/matbench_e_form_5fold/fold0/dataset/cifs/mb-mp-e-form-009136.cif,0.07061055,Mg14ZrCo,16,
mb-mp-e-form-057095,matbench_mp_e_form,val,<RUNS_ROOT>/official_benchmark_214/matbench_e_form_5fold/fold0/dataset/cifs/mb-mp-e-form-057095.cif,-1.0204587202337752,CaPNO11,28,
mb-mp-e-form-037367,matbench_mp_e_form,val,<RUNS_ROOT>/official_benchmark_214/matbench_e_form_5fold/fold0/dataset/cifs/mb-mp-e-form-037367.cif,-0.5113502491666667,SmSbPd,6,
mb-mp-e-form-082672,matbench_mp_e_form,val,<RUNS_ROOT>/official_benchmark_214/matbench_e_form_5fold/fold0/dataset/cifs/mb-mp-e-form-082672.cif,-1.9374882514583345,Li5V2Co5O12,24,
mb-mp-e-form-087032,matbench_mp_e_form,val,<RUNS_ROOT>/official_benchmark_214/matbench_e_form_5fold/fold0/dataset/cifs/mb-mp-e-form-087032.cif,-2.0688390156730767,NaAsW2O9,52,
mb-mp-e-form-046601,matbench_mp_e_form,val,<RUNS_ROOT>/official_benchmark_214/matbench_e_form_5fold/fold0/dataset/cifs/mb-mp-e-form-046601.cif,-0.6830798089655169,Rb2Cd3Te4,36,
mb-mp-e-form-122414,matbench_mp_e_form,val,<RUNS_ROOT>/official_benchmark_214/matbench_e_form_5fold/fold0/dataset/cifs/mb-mp-e-form-122414.cif,-2.997877285297619,Ca2NbInO6,20,
mb-mp-e-form-013535,matbench_mp_e_form,val,<RUNS_ROOT>/official_benchmark_214/matbench_e_form_5fold/fold0/dataset/cifs/mb-mp-e-form-013535.cif,-0.0276750006896548,Y4Mg25,29,
mb-mp-e-form-105024,matbench_mp_e_form,val,<RUNS_ROOT>/official_benchmark_214/matbench_e_form_5fold/fold0/dataset/cifs/mb-mp-e-form-105024.cif,-2.5202529472499995,Ba2CdMoO6,10,
mb-mp-e-form-049214,matbench_mp_e_form,val,<RUNS_ROOT>/official_benchmark_214/matbench_e_form_5fold/fold0/dataset/cifs/mb-mp-e-form-049214.cif,-0.7675025142397033,NiB10(H13O4)2,90,
mb-mp-e-form-043513,matbench_mp_e_form,val,<RUNS_ROOT>/official_benchmark_214/matbench_e_form_5fold/fold0/dataset/cifs/mb-mp-e-form-043513.cif,-0.6247322700000004,BaAs3,8,
mb-mp-e-form-109688,matbench_mp_e_form,val,<RUNS_ROOT>/official_benchmark_214/matbench_e_form_5fold/fold0/dataset/cifs/mb-mp-e-form-109688.cif,-2.601436223950374,LiMn(PO3)3,84,
mb-mp-e-form-014578,matbench_mp_e_form,val,<RUNS_ROOT>/official_benchmark_214/matbench_e_form_5fold/fold0/dataset/cifs/mb-mp-e-form-014578.cif,-0.0442026465348121,Ho8Fe68C3,79,
mb-mp-e-form-130486,matbench_mp_e_form,val,<RUNS_ROOT>/official_benchmark_214/matbench_e_form_5fold/fold0/dataset/cifs/mb-mp-e-form-130486.cif,-3.6022574575542854,Nd3Si2ClO8,28,
mb-mp-e-form-084532,matbench_mp_e_form,val,<RUNS_ROOT>/official_benchmark_214/matbench_e_form_5fold/fold0/dataset/cifs/mb-mp-e-form-084532.cif,-1.99992965625,SiBi3O7,22,
mb-mp-e-form-013643,matbench_mp_e_form,val,<RUNS_ROOT>/official_benchmark_214/matbench_e_form_5fold/fold0/dataset/cifs/mb-mp-e-form-013643.cif,-0.0185708749999995,GaAg3,4,
mb-mp-e-form-013233,matbench_mp_e_form,val,<RUNS_ROOT>/official_benchmark_214/matbench_e_form_5fold/fold0/dataset/cifs/mb-mp-e-form-013233.cif,-0.026875157313636,RhN3Cl6O,44,
mb-mp-e-form-097626,matbench_mp_e_form,val,<RUNS_ROOT>/official_benchmark_214/matbench_e_form_5fold/fold0/dataset/cifs/mb-mp-e-form-097626.cif,-2.344056848597884,TiNi3Sn2(PO4)6,36,
mb-mp-e-form-011887,matbench_mp_e_form,val,<RUNS_ROOT>/official_benchmark_214/matbench_e_form_5fold/fold0/dataset/cifs/mb-mp-e-form-011887.cif,0.0166146406249998,Sm3Dy,4,
mb-mp-e-form-001480,matbench_mp_e_form,val,<RUNS_ROOT>/official_benchmark_214/matbench_e_form_5fold/fold0/dataset/cifs/mb-mp-e-form-001480.cif,1.23804957625,NaSr2Ca,4,
mb-mp-e-form-073254,matbench_mp_e_form,val,<RUNS_ROOT>/official_benchmark_214/matbench_e_form_5fold/fold0/dataset/cifs/mb-mp-e-form-073254.cif,-1.6664805760721295,KMg2P2H31O23,59,
mb-mp-e-form-103838,matbench_mp_e_form,val,<RUNS_ROOT>/official_benchmark_214/matbench_e_form_5fold/fold0/dataset/cifs/mb-mp-e-form-103838.cif,-2.494308500084666,Ca7MgTiMn7O24,40,
mb-mp-e-form-017596,matbench_mp_e_form,val,<RUNS_ROOT>/official_benchmark_214/matbench_e_form_5fold/fold0/dataset/cifs/mb-mp-e-form-017596.cif,-0.1287947289963637,Mg(AlH4)2,11,
mb-mp-e-form-116402,matbench_mp_e_form,val,<RUNS_ROOT>/official_benchmark_214/matbench_e_form_5fold/fold0/dataset/cifs/mb-mp-e-form-116402.cif,-2.813158932094156,BaCdP2O7,22,
mb-mp-e-form-094555,matbench_mp_e_form,val,<RUNS_ROOT>/official_benchmark_214/matbench_e_form_5fold/fold0/dataset/cifs/mb-mp-e-form-094555.cif,-2.2745188379545453,LiSiSbCO7,22,
mb-mp-e-form-111523,matbench_mp_e_form,val,<RUNS_ROOT>/official_benchmark_214/matbench_e_form_5fold/fold0/dataset/cifs/mb-mp-e-form-111523.cif,-2.656460149594155,LiVP2O7,44,
mb-mp-e-form-110138,matbench_mp_e_form,val,<RUNS_ROOT>/official_benchmark_214/matbench_e_form_5fold/fold0/dataset/cifs/mb-mp-e-form-110138.cif,-2.6226161480747328,Li4Ga4P4O17F3,32,
mb-mp-e-form-127511,matbench_mp_e_form,val,<RUNS_ROOT>/official_benchmark_214/matbench_e_form_5fold/fold0/dataset/cifs/mb-mp-e-form-127511.cif,-3.270816321035714,Ba3MgNb2O9,15,
mb-mp-e-form-011872,matbench_mp_e_form,val,<RUNS_ROOT>/official_benchmark_214/matbench_e_form_5fold/fold0/dataset/cifs/mb-mp-e-form-011872.cif,0.0258601342499986,NiRuO3,5,
mb-mp-e-form-118167,matbench_mp_e_form,val,<RUNS_ROOT>/official_benchmark_214/matbench_e_form_5fold/fold0/dataset/cifs/mb-mp-e-form-118167.cif,-2.867060792608666,SrLa2Mn3O9,60,
mb-mp-e-form-127978,matbench_mp_e_form,val,<RUNS_ROOT>/official_benchmark_214/matbench_e_form_5fold/fold0/dataset/cifs/mb-mp-e-form-127978.cif,-3.367525153166665,KNdTiO4,28,
mb-mp-e-form-122768,matbench_mp_e_form,val,<RUNS_ROOT>/official_benchmark_214/matbench_e_form_5fold/fold0/dataset/cifs/mb-mp-e-form-122768.cif,-3.0636690780185725,Pr2AlNO3,7,
mb-mp-e-form-109593,matbench_mp_e_form,val,<RUNS_ROOT>/official_benchmark_214/matbench_e_form_5fold/fold0/dataset/cifs/mb-mp-e-form-109593.cif,-2.6014569816666664,TaAsO4,24,
mb-mp-e-form-123623,matbench_mp_e_form,val,<RUNS_ROOT>/official_benchmark_214/matbench_e_form_5fold/fold0/dataset/cifs/mb-mp-e-form-123623.cif,-3.0375730151562497,Li2V(Si2O5)3,48,
mb-mp-e-form-093599,matbench_mp_e_form,val,<RUNS_ROOT>/official_benchmark_214/matbench_e_form_5fold/fold0/dataset/cifs/mb-mp-e-form-093599.cif,-2.22845868994898,LiNbCuO4,28,
mb-mp-e-form-062342,matbench_mp_e_form,val,<RUNS_ROOT>/official_benchmark_214/matbench_e_form_5fold/fold0/dataset/cifs/mb-mp-e-form-062342.cif,-1.214522537447917,DyTl2InS4,8,
mb-mp-e-form-035644,matbench_mp_e_form,val,<RUNS_ROOT>/official_benchmark_214/matbench_e_form_5fold/fold0/dataset/cifs/mb-mp-e-form-035644.cif,-0.4665290599999991,Ca(MnAs)2,5,
mb-mp-e-form-037152,matbench_mp_e_form,val,<RUNS_ROOT>/official_benchmark_214/matbench_e_form_5fold/fold0/dataset/cifs/mb-mp-e-form-037152.cif,-0.5041971850291667,H6PbCI3N,48,
mb-mp-e-form-096365,matbench_mp_e_form,val,<RUNS_ROOT>/official_benchmark_214/matbench_e_form_5fold/fold0/dataset/cifs/mb-mp-e-form-096365.cif,-2.3268485762115647,Cs3Mn3V4O16,26,
mb-mp-e-form-039120,matbench_mp_e_form,val,<RUNS_ROOT>/official_benchmark_214/matbench_e_form_5fold/fold0/dataset/cifs/mb-mp-e-form-039120.cif,-0.53941317,Ba3Te,4,
mb-mp-e-form-111353,matbench_mp_e_form,val,<RUNS_ROOT>/official_benchmark_214/matbench_e_form_5fold/fold0/dataset/cifs/mb-mp-e-form-111353.cif,-2.665675273765568,KZnB(PO4)2,52,
mb-mp-e-form-018658,matbench_mp_e_form,val,<RUNS_ROOT>/official_benchmark_214/matbench_e_form_5fold/fold0/dataset/cifs/mb-mp-e-form-018658.cif,-0.1488779197959189,Zn36Ga5Ni8,49,
mb-mp-e-form-035861,matbench_mp_e_form,val,<RUNS_ROOT>/official_benchmark_214/matbench_e_form_5fold/fold0/dataset/cifs/mb-mp-e-form-035861.cif,-0.4690273375000009,Nd2ZnIr,4,
mb-mp-e-form-064983,matbench_mp_e_form,val,<RUNS_ROOT>/official_benchmark_214/matbench_e_form_5fold/fold0/dataset/cifs/mb-mp-e-form-064983.cif,-1.3648137742202475,CsTbCdSe3,12,
mb-mp-e-form-088036,matbench_mp_e_form,val,<RUNS_ROOT>/official_benchmark_214/matbench_e_form_5fold/fold0/dataset/cifs/mb-mp-e-form-088036.cif,-2.1168700982936506,TlVPO6,72,
mb-mp-e-form-095587,matbench_mp_e_form,val,<RUNS_ROOT>/official_benchmark_214/matbench_e_form_5fold/fold0/dataset/cifs/mb-mp-e-form-095587.cif,-2.307980399771428,Na5Fe2P2(CO7)2,50,
mb-mp-e-form-116012,matbench_mp_e_form,val,<RUNS_ROOT>/official_benchmark_214/matbench_e_form_5fold/fold0/dataset/cifs/mb-mp-e-form-116012.cif,-2.7866411331770826,BaSO4,24,
mb-mp-e-form-068915,matbench_mp_e_form,val,<RUNS_ROOT>/official_benchmark_214/matbench_e_form_5fold/fold0/dataset/cifs/mb-mp-e-form-068915.cif,-1.5141218106457135,Ti3N4,28,
mb-mp-e-form-020911,matbench_mp_e_form,val,<RUNS_ROOT>/official_benchmark_214/matbench_e_form_5fold/fold0/dataset/cifs/mb-mp-e-form-020911.cif,-0.2091579233333331,MnAsRu,9,
mb-mp-e-form-066705,matbench_mp_e_form,val,<RUNS_ROOT>/official_benchmark_214/matbench_e_form_5fold/fold0/dataset/cifs/mb-mp-e-form-066705.cif,-1.3815506375000002,SrPt3O4,16,
mb-mp-e-form-056259,matbench_mp_e_form,val,<RUNS_ROOT>/official_benchmark_214/matbench_e_form_5fold/fold0/dataset/cifs/mb-mp-e-form-056259.cif,-0.9964483537500008,Y5SbPt2,16,
mb-mp-e-form-017721,matbench_mp_e_form,val,<RUNS_ROOT>/official_benchmark_214/matbench_e_form_5fold/fold0/dataset/cifs/mb-mp-e-form-017721.cif,-0.1203142395652172,Mg21Zn25,92,
mb-mp-e-form-020009,matbench_mp_e_form,val,<RUNS_ROOT>/official_benchmark_214/matbench_e_form_5fold/fold0/dataset/cifs/mb-mp-e-form-020009.cif,-0.1877217371428565,Pr5Ru2,14,
mb-mp-e-form-131966,matbench_mp_e_form,val,<RUNS_ROOT>/official_benchmark_214/matbench_e_form_5fold/fold0/dataset/cifs/mb-mp-e-form-131966.cif,-4.333349964992856,KLu3F10,56,
mb-mp-e-form-007807,matbench_mp_e_form,val,<RUNS_ROOT>/official_benchmark_214/matbench_e_form_5fold/fold0/dataset/cifs/mb-mp-e-form-007807.cif,0.1336953909090907,Mg5Si6,11,
mb-mp-e-form-099921,matbench_mp_e_form,val,<RUNS_ROOT>/official_benchmark_214/matbench_e_form_5fold/fold0/dataset/cifs/mb-mp-e-form-099921.cif,-2.402752443123296,Li3MnPCO7,26,
mb-mp-e-form-079637,matbench_mp_e_form,val,<RUNS_ROOT>/official_benchmark_214/matbench_e_form_5fold/fold0/dataset/cifs/mb-mp-e-form-079637.cif,-1.8531477528743752,YH2C4O9,64,
mb-mp-e-form-046883,matbench_mp_e_form,val,<RUNS_ROOT>/official_benchmark_214/matbench_e_form_5fold/fold0/dataset/cifs/mb-mp-e-form-046883.cif,-0.6895937550892859,CaNi4O9,28,
mb-mp-e-form-002176,matbench_mp_e_form,val,<RUNS_ROOT>/official_benchmark_214/matbench_e_form_5fold/fold0/dataset/cifs/mb-mp-e-form-002176.cif,0.7231693629166666,TlInHg2,4,
mb-mp-e-form-115554,matbench_mp_e_form,val,<RUNS_ROOT>/official_benchmark_214/matbench_e_form_5fold/fold0/dataset/cifs/mb-mp-e-form-115554.cif,-2.7780700080418184,Li2Mn(SiO3)2,22,
mb-mp-e-form-108369,matbench_mp_e_form,val,<RUNS_ROOT>/official_benchmark_214/matbench_e_form_5fold/fold0/dataset/cifs/mb-mp-e-form-108369.cif,-2.58246539175,Mg4Sb2O9,30,
mb-mp-e-form-068130,matbench_mp_e_form,val,<RUNS_ROOT>/official_benchmark_214/matbench_e_form_5fold/fold0/dataset/cifs/mb-mp-e-form-068130.cif,-1.4648163508403371,Zn2Fe(PO6)2,34,
mb-mp-e-form-045887,matbench_mp_e_form,val,<RUNS_ROOT>/official_benchmark_214/matbench_e_form_5fold/fold0/dataset/cifs/mb-mp-e-form-045887.cif,-0.681569408,TlGeBr3,5,
mb-mp-e-form-069941,matbench_mp_e_form,val,<RUNS_ROOT>/official_benchmark_214/matbench_e_form_5fold/fold0/dataset/cifs/mb-mp-e-form-069941.cif,-1.5533236360559997,K2CuSbCl6,10,
mb-mp-e-form-106961,matbench_mp_e_form,val,<RUNS_ROOT>/official_benchmark_214/matbench_e_form_5fold/fold0/dataset/cifs/mb-mp-e-form-106961.cif,-2.56468131728022,Na2YbPWO8,52,
mb-mp-e-form-076407,matbench_mp_e_form,val,<RUNS_ROOT>/official_benchmark_214/matbench_e_form_5fold/fold0/dataset/cifs/mb-mp-e-form-076407.cif,-1.761775686532812,MnH2SO4,32,
mb-mp-e-form-109219,matbench_mp_e_form,val,<RUNS_ROOT>/official_benchmark_214/matbench_e_form_5fold/fold0/dataset/cifs/mb-mp-e-form-109219.cif,-2.612494203166667,KY(MoO4)2,48,
mb-mp-e-form-037526,matbench_mp_e_form,val,<RUNS_ROOT>/official_benchmark_214/matbench_e_form_5fold/fold0/dataset/cifs/mb-mp-e-form-037526.cif,-0.5049430621130954,In2Co3S2,7,
mb-mp-e-form-057555,matbench_mp_e_form,val,<RUNS_ROOT>/official_benchmark_214/matbench_e_form_5fold/fold0/dataset/cifs/mb-mp-e-form-057555.cif,-1.0317188740000005,La(SiPt)2,5,
mb-mp-e-form-016718,matbench_mp_e_form,val,<RUNS_ROOT>/official_benchmark_214/matbench_e_form_5fold/fold0/dataset/cifs/mb-mp-e-form-016718.cif,-0.0914093717968747,SeBr,16,
mb-mp-e-form-067557,matbench_mp_e_form,val,<RUNS_ROOT>/official_benchmark_214/matbench_e_form_5fold/fold0/dataset/cifs/mb-mp-e-form-067557.cif,-1.4189994595886664,NaH9O5,30,
mb-mp-e-form-013537,matbench_mp_e_form,val,<RUNS_ROOT>/official_benchmark_214/matbench_e_form_5fold/fold0/dataset/cifs/mb-mp-e-form-013537.cif,-0.0223435292307691,Y(Co5Mo)2,13,
mb-mp-e-form-094112,matbench_mp_e_form,val,<RUNS_ROOT>/official_benchmark_214/matbench_e_form_5fold/fold0/dataset/cifs/mb-mp-e-form-094112.cif,-2.2570148876373626,Fe2Ni(PO4)2,26,
mb-mp-e-form-105182,matbench_mp_e_form,val,<RUNS_ROOT>/official_benchmark_214/matbench_e_form_5fold/fold0/dataset/cifs/mb-mp-e-form-105182.cif,-2.518809630122549,B5Pb2BrO9,68,
mb-mp-e-form-053427,matbench_mp_e_form,val,<RUNS_ROOT>/official_benchmark_214/matbench_e_form_5fold/fold0/dataset/cifs/mb-mp-e-form-053427.cif,-0.8703473289090915,CdH6(NCl)2,11,
mb-mp-e-form-043472,matbench_mp_e_form,val,<RUNS_ROOT>/official_benchmark_214/matbench_e_form_5fold/fold0/dataset/cifs/mb-mp-e-form-043472.cif,-0.6380194137446125,Cu2Bi8Pb3Se3S13,29,
mb-mp-e-form-045142,matbench_mp_e_form,val,<RUNS_ROOT>/official_benchmark_214/matbench_e_form_5fold/fold0/dataset/cifs/mb-mp-e-form-045142.cif,-0.6810439903030301,Lu5(In2Pd)2,22,
mb-mp-e-form-112554,matbench_mp_e_form,val,<RUNS_ROOT>/official_benchmark_214/matbench_e_form_5fold/fold0/dataset/cifs/mb-mp-e-form-112554.cif,-2.678987955457777,LiMn2OF5,36,
mb-mp-e-form-043694,matbench_mp_e_form,val,<RUNS_ROOT>/official_benchmark_214/matbench_e_form_5fold/fold0/dataset/cifs/mb-mp-e-form-043694.cif,-0.6375421315000004,GeBr4,40,
mb-mp-e-form-045000,matbench_mp_e_form,val,<RUNS_ROOT>/official_benchmark_214/matbench_e_form_5fold/fold0/dataset/cifs/mb-mp-e-form-045000.cif,-0.6811584948452378,TbPRu2C,10,
mb-mp-e-form-124304,matbench_mp_e_form,val,<RUNS_ROOT>/official_benchmark_214/matbench_e_form_5fold/fold0/dataset/cifs/mb-mp-e-form-124304.cif,-3.0831195477499995,NaTaO3,10,
mb-mp-e-form-023847,matbench_mp_e_form,val,<RUNS_ROOT>/official_benchmark_214/matbench_e_form_5fold/fold0/dataset/cifs/mb-mp-e-form-023847.cif,-0.2583848025000002,Sm2AgRu,4,
mb-mp-e-form-076213,matbench_mp_e_form,val,<RUNS_ROOT>/official_benchmark_214/matbench_e_form_5fold/fold0/dataset/cifs/mb-mp-e-form-076213.cif,-1.7487244213295456,KV3CdCu4O13,44,
mb-mp-e-form-073894,matbench_mp_e_form,val,<RUNS_ROOT>/official_benchmark_214/matbench_e_form_5fold/fold0/dataset/cifs/mb-mp-e-form-073894.cif,-1.6890691783499996,KCrO3,5,
mb-mp-e-form-068748,matbench_mp_e_form,val,<RUNS_ROOT>/official_benchmark_214/matbench_e_form_5fold/fold0/dataset/cifs/mb-mp-e-form-068748.cif,-1.4672025190550606,Li2NbS3,24,
mb-mp-e-form-032599,matbench_mp_e_form,val,<RUNS_ROOT>/official_benchmark_214/matbench_e_form_5fold/fold0/dataset/cifs/mb-mp-e-form-032599.cif,-0.4242018320312497,Hg3TeBr4,64,
mb-mp-e-form-072496,matbench_mp_e_form,val,<RUNS_ROOT>/official_benchmark_214/matbench_e_form_5fold/fold0/dataset/cifs/mb-mp-e-form-072496.cif,-1.6113558816426286,Bi14SO24,39,
mb-mp-e-form-013423,matbench_mp_e_form,val,<RUNS_ROOT>/official_benchmark_214/matbench_e_form_5fold/fold0/dataset/cifs/mb-mp-e-form-013423.cif,-0.0113793900000001,Yb2Mg,6,
mb-mp-e-form-040515,matbench_mp_e_form,val,<RUNS_ROOT>/official_benchmark_214/matbench_e_form_5fold/fold0/dataset/cifs/mb-mp-e-form-040515.cif,-0.5620827930357146,MgNi2P,16,
mb-mp-e-form-046671,matbench_mp_e_form,val,<RUNS_ROOT>/official_benchmark_214/matbench_e_form_5fold/fold0/dataset/cifs/mb-mp-e-form-046671.cif,-0.683660839464285,Np3Te4,14,
mb-mp-e-form-080934,matbench_mp_e_form,val,<RUNS_ROOT>/official_benchmark_214/matbench_e_form_5fold/fold0/dataset/cifs/mb-mp-e-form-080934.cif,-1.8979832965625,Zn3Sn2O7,24,
mb-mp-e-form-111466,matbench_mp_e_form,val,<RUNS_ROOT>/official_benchmark_214/matbench_e_form_5fold/fold0/dataset/cifs/mb-mp-e-form-111466.cif,-2.651577726317408,Mg3Mn3(BO5)2,36,
mb-mp-e-form-087366,matbench_mp_e_form,val,<RUNS_ROOT>/official_benchmark_214/matbench_e_form_5fold/fold0/dataset/cifs/mb-mp-e-form-087366.cif,-2.080268906875,CaCuO2,16,
mb-mp-e-form-018899,matbench_mp_e_form,val,<RUNS_ROOT>/official_benchmark_214/matbench_e_form_5fold/fold0/dataset/cifs/mb-mp-e-form-018899.cif,-0.1472536974133792,Cs2AlGaH6,10,
mb-mp-e-form-078472,matbench_mp_e_form,val,<RUNS_ROOT>/official_benchmark_214/matbench_e_form_5fold/fold0/dataset/cifs/mb-mp-e-form-078472.cif,-1.814338290357142,NaSb5O8,28,
mb-mp-e-form-020258,matbench_mp_e_form,val,<RUNS_ROOT>/official_benchmark_214/matbench_e_form_5fold/fold0/dataset/cifs/mb-mp-e-form-020258.cif,-0.199766133750001,Sm4MgRu,24,
mb-mp-e-form-131559,matbench_mp_e_form,val,<RUNS_ROOT>/official_benchmark_214/matbench_e_form_5fold/fold0/dataset/cifs/mb-mp-e-form-131559.cif,-3.6583691982291673,Ba3Hf2O7,12,
mb-mp-e-form-035222,matbench_mp_e_form,val,<RUNS_ROOT>/official_benchmark_214/matbench_e_form_5fold/fold0/dataset/cifs/mb-mp-e-form-035222.cif,-0.4646147355000004,SmSn3Ru,40,
mb-mp-e-form-019109,matbench_mp_e_form,val,<RUNS_ROOT>/official_benchmark_214/matbench_e_form_5fold/fold0/dataset/cifs/mb-mp-e-form-019109.cif,-0.1793159030357145,NbGaOs2,4,
mb-mp-e-form-127077,matbench_mp_e_form,val,<RUNS_ROOT>/official_benchmark_214/matbench_e_form_5fold/fold0/dataset/cifs/mb-mp-e-form-127077.cif,-3.280233244626624,Gd2NbGaO7,22,
mb-mp-e-form-061220,matbench_mp_e_form,val,<RUNS_ROOT>/official_benchmark_214/matbench_e_form_5fold/fold0/dataset/cifs/mb-mp-e-form-061220.cif,-1.189666163888681,Rb2Bi(IO3)5,46,
mb-mp-e-form-068995,matbench_mp_e_form,val,<RUNS_ROOT>/official_benchmark_214/matbench_e_form_5fold/fold0/dataset/cifs/mb-mp-e-form-068995.cif,-1.5042731174599986,VN(OF)2,24,
mb-mp-e-form-082368,matbench_mp_e_form,val,<RUNS_ROOT>/official_benchmark_214/matbench_e_form_5fold/fold0/dataset/cifs/mb-mp-e-form-082368.cif,-1.923413190357144,LiNi2(PO4)3,36,
mb-mp-e-form-123996,matbench_mp_e_form,val,<RUNS_ROOT>/official_benchmark_214/matbench_e_form_5fold/fold0/dataset/cifs/mb-mp-e-form-123996.cif,-3.119324696625,Sr3Er2(GeO4)3,80,
mb-mp-e-form-014785,matbench_mp_e_form,val,<RUNS_ROOT>/official_benchmark_214/matbench_e_form_5fold/fold0/dataset/cifs/mb-mp-e-form-014785.cif,-0.029924075833333,Ag2Te,12,
mb-mp-e-form-046237,matbench_mp_e_form,val,<RUNS_ROOT>/official_benchmark_214/matbench_e_form_5fold/fold0/dataset/cifs/mb-mp-e-form-046237.cif,-0.7026345940206272,P2H12N8O3,50,
mb-mp-e-form-076135,matbench_mp_e_form,val,<RUNS_ROOT>/official_benchmark_214/matbench_e_form_5fold/fold0/dataset/cifs/mb-mp-e-form-076135.cif,-1.7486020816666674,YBCO7,80,
mb-mp-e-form-043923,matbench_mp_e_form,val,<RUNS_ROOT>/official_benchmark_214/matbench_e_form_5fold/fold0/dataset/cifs/mb-mp-e-form-043923.cif,-0.6502487312499996,LuAl2Ni,8,
mb-mp-e-form-079045,matbench_mp_e_form,val,<RUNS_ROOT>/official_benchmark_214/matbench_e_form_5fold/fold0/dataset/cifs/mb-mp-e-form-079045.cif,-1.8561036216224995,Li9Mn2Co5O16,32,
mb-mp-e-form-006349,matbench_mp_e_form,val,<RUNS_ROOT>/official_benchmark_214/matbench_e_form_5fold/fold0/dataset/cifs/mb-mp-e-form-006349.cif,0.1839256142857144,Mg5Si9,28,
mb-mp-e-form-101056,matbench_mp_e_form,val,<RUNS_ROOT>/official_benchmark_214/matbench_e_form_5fold/fold0/dataset/cifs/mb-mp-e-form-101056.cif,-2.4367440007031256,Sr3LaGaCo2O9,16,
mb-mp-e-form-088682,matbench_mp_e_form,val,<RUNS_ROOT>/official_benchmark_214/matbench_e_form_5fold/fold0/dataset/cifs/mb-mp-e-form-088682.cif,-2.095547694787958,Na5Mn2P(CO4)4,56,
mb-mp-e-form-022015,matbench_mp_e_form,val,<RUNS_ROOT>/official_benchmark_214/matbench_e_form_5fold/fold0/dataset/cifs/mb-mp-e-form-022015.cif,-0.2509120446153846,Mg(NiGe)6,13,
mb-mp-e-form-132011,matbench_mp_e_form,val,<RUNS_ROOT>/official_benchmark_214/matbench_e_form_5fold/fold0/dataset/cifs/mb-mp-e-form-132011.cif,-4.284490724009545,Y7(O2F3)3,44,
mb-mp-e-form-052727,matbench_mp_e_form,val,<RUNS_ROOT>/official_benchmark_214/matbench_e_form_5fold/fold0/dataset/cifs/mb-mp-e-form-052727.cif,-0.8609319750000011,RuC4(IO2)2,22,
mb-mp-e-form-031381,matbench_mp_e_form,val,<RUNS_ROOT>/official_benchmark_214/matbench_e_form_5fold/fold0/dataset/cifs/mb-mp-e-form-031381.cif,-0.4049152650000002,SrCdGa,6,
mb-mp-e-form-046264,matbench_mp_e_form,val,<RUNS_ROOT>/official_benchmark_214/matbench_e_form_5fold/fold0/dataset/cifs/mb-mp-e-form-046264.cif,-0.6932105880000001,Tm2MgSi2,10,
mb-mp-e-form-012324,matbench_mp_e_form,val,<RUNS_ROOT>/official_benchmark_214/matbench_e_form_5fold/fold0/dataset/cifs/mb-mp-e-form-012324.cif,0.0009211110344825,Mg16MnAl12,29,
mb-mp-e-form-008231,matbench_mp_e_form,val,<RUNS_ROOT>/official_benchmark_214/matbench_e_form_5fold/fold0/dataset/cifs/mb-mp-e-form-008231.cif,0.1053087833333338,MgSi2,12,
mb-mp-e-form-080046,matbench_mp_e_form,val,<RUNS_ROOT>/official_benchmark_214/matbench_e_form_5fold/fold0/dataset/cifs/mb-mp-e-form-080046.cif,-1.8776267802883333,Li7Mn2(CoO4)3,24,
mb-mp-e-form-062900,matbench_mp_e_form,val,<RUNS_ROOT>/official_benchmark_214/matbench_e_form_5fold/fold0/dataset/cifs/mb-mp-e-form-062900.cif,-1.2667909338462495,LiTaN2,64,
mb-mp-e-form-073197,matbench_mp_e_form,val,<RUNS_ROOT>/official_benchmark_214/matbench_e_form_5fold/fold0/dataset/cifs/mb-mp-e-form-073197.cif,-1.6494590782101397,ZrH8C2S(OF2)2,72,
mb-mp-e-form-025873,matbench_mp_e_form,val,<RUNS_ROOT>/official_benchmark_214/matbench_e_form_5fold/fold0/dataset/cifs/mb-mp-e-form-025873.cif,-0.2888149170833332,TbCdAg2,4,
mb-mp-e-form-009924,matbench_mp_e_form,val,<RUNS_ROOT>/official_benchmark_214/matbench_e_form_5fold/fold0/dataset/cifs/mb-mp-e-form-009924.cif,0.0730286734133341,CrN2,6,
mb-mp-e-form-032038,matbench_mp_e_form,val,<RUNS_ROOT>/official_benchmark_214/matbench_e_form_5fold/fold0/dataset/cifs/mb-mp-e-form-032038.cif,-0.4246673660391975,RbCuPdSe5,16,
mb-mp-e-form-109728,matbench_mp_e_form,val,<RUNS_ROOT>/official_benchmark_214/matbench_e_form_5fold/fold0/dataset/cifs/mb-mp-e-form-109728.cif,-2.6045693855473333,NaTl2InF6,10,
mb-mp-e-form-129450,matbench_mp_e_form,val,<RUNS_ROOT>/official_benchmark_214/matbench_e_form_5fold/fold0/dataset/cifs/mb-mp-e-form-129450.cif,-3.4225536695,SrSiO3,40,
mb-mp-e-form-047480,matbench_mp_e_form,val,<RUNS_ROOT>/official_benchmark_214/matbench_e_form_5fold/fold0/dataset/cifs/mb-mp-e-form-047480.cif,-0.7222340870000004,CeSi3Ru,5,
mb-mp-e-form-085102,matbench_mp_e_form,val,<RUNS_ROOT>/official_benchmark_214/matbench_e_form_5fold/fold0/dataset/cifs/mb-mp-e-form-085102.cif,-2.0106827034375003,Na4Sn2Ge5O17,56,
mb-mp-e-form-023055,matbench_mp_e_form,val,<RUNS_ROOT>/official_benchmark_214/matbench_e_form_5fold/fold0/dataset/cifs/mb-mp-e-form-023055.cif,-0.2636921112500001,CaCd3,8,
mb-mp-e-form-099395,matbench_mp_e_form,val,<RUNS_ROOT>/official_benchmark_214/matbench_e_form_5fold/fold0/dataset/cifs/mb-mp-e-form-099395.cif,-2.385417197864584,TiBi2O5,16,
mb-mp-e-form-051169,matbench_mp_e_form,val,<RUNS_ROOT>/official_benchmark_214/matbench_e_form_5fold/fold0/dataset/cifs/mb-mp-e-form-051169.cif,-0.8135353664359997,ZnC2(N2O)4,30,
mb-mp-e-form-105419,matbench_mp_e_form,val,<RUNS_ROOT>/official_benchmark_214/matbench_e_form_5fold/fold0/dataset/cifs/mb-mp-e-form-105419.cif,-2.5136799645879124,Li3BePCO7,26,
mb-mp-e-form-063243,matbench_mp_e_form,val,<RUNS_ROOT>/official_benchmark_214/matbench_e_form_5fold/fold0/dataset/cifs/mb-mp-e-form-063243.cif,-1.2559976350689657,RbTmI3,20,
mb-mp-e-form-041360,matbench_mp_e_form,val,<RUNS_ROOT>/official_benchmark_214/matbench_e_form_5fold/fold0/dataset/cifs/mb-mp-e-form-041360.cif,-0.5949140234166677,La3InGe,40,
mb-mp-e-form-131311,matbench_mp_e_form,val,<RUNS_ROOT>/official_benchmark_214/matbench_e_form_5fold/fold0/dataset/cifs/mb-mp-e-form-131311.cif,-3.7151518713140006,KCaF3,5,
mb-mp-e-form-103854,matbench_mp_e_form,val,<RUNS_ROOT>/official_benchmark_214/matbench_e_form_5fold/fold0/dataset/cifs/mb-mp-e-form-103854.cif,-2.4879903070238094,LiMo(PO4)2,12,
mb-mp-e-form-101352,matbench_mp_e_form,val,<RUNS_ROOT>/official_benchmark_214/matbench_e_form_5fold/fold0/dataset/cifs/mb-mp-e-form-101352.cif,-2.433059766919644,Li2NiP2O7,48,
mb-mp-e-form-104058,matbench_mp_e_form,val,<RUNS_ROOT>/official_benchmark_214/matbench_e_form_5fold/fold0/dataset/cifs/mb-mp-e-form-104058.cif,-2.505442226227058,Sr7Mn7O20,34,
mb-mp-e-form-008386,matbench_mp_e_form,val,<RUNS_ROOT>/official_benchmark_214/matbench_e_form_5fold/fold0/dataset/cifs/mb-mp-e-form-008386.cif,0.1042504716666664,Sr2Mg,6,
mb-mp-e-form-010441,matbench_mp_e_form,val,<RUNS_ROOT>/official_benchmark_214/matbench_e_form_5fold/fold0/dataset/cifs/mb-mp-e-form-010441.cif,0.0364471912499997,Na3Ga,4,
mb-mp-e-form-102426,matbench_mp_e_form,val,<RUNS_ROOT>/official_benchmark_214/matbench_e_form_5fold/fold0/dataset/cifs/mb-mp-e-form-102426.cif,-2.4632851093478267,Li6V5O12,23,
mb-mp-e-form-127791,matbench_mp_e_form,val,<RUNS_ROOT>/official_benchmark_214/matbench_e_form_5fold/fold0/dataset/cifs/mb-mp-e-form-127791.cif,-3.3271107863125,La7SmTi3V5O24,40,
mb-mp-e-form-065898,matbench_mp_e_form,val,<RUNS_ROOT>/official_benchmark_214/matbench_e_form_5fold/fold0/dataset/cifs/mb-mp-e-form-065898.cif,-1.4064501304166666,FeO2,24,
mb-mp-e-form-006496,matbench_mp_e_form,val,<RUNS_ROOT>/official_benchmark_214/matbench_e_form_5fold/fold0/dataset/cifs/mb-mp-e-form-006496.cif,0.16843901375,Bi3Au,4,
mb-mp-e-form-062547,matbench_mp_e_form,val,<RUNS_ROOT>/official_benchmark_214/matbench_e_form_5fold/fold0/dataset/cifs/mb-mp-e-form-062547.cif,-1.2145320010814595,NiP2H24(C2O7)2,90,
mb-mp-e-form-096704,matbench_mp_e_form,val,<RUNS_ROOT>/official_benchmark_214/matbench_e_form_5fold/fold0/dataset/cifs/mb-mp-e-form-096704.cif,-2.313756569455714,Li7Fe(O2F)2,28,
mb-mp-e-form-123747,matbench_mp_e_form,val,<RUNS_ROOT>/official_benchmark_214/matbench_e_form_5fold/fold0/dataset/cifs/mb-mp-e-form-123747.cif,-3.0420136520833343,YCrO3,30,
mb-mp-e-form-011302,matbench_mp_e_form,val,<RUNS_ROOT>/official_benchmark_214/matbench_e_form_5fold/fold0/dataset/cifs/mb-mp-e-form-011302.cif,0.0239097175,BaYb3,4,
mb-mp-e-form-016794,matbench_mp_e_form,val,<RUNS_ROOT>/official_benchmark_214/matbench_e_form_5fold/fold0/dataset/cifs/mb-mp-e-form-016794.cif,-0.092425625,Cu2GeTe3,12,
mb-mp-e-form-057250,matbench_mp_e_form,val,<RUNS_ROOT>/official_benchmark_214/matbench_e_form_5fold/fold0/dataset/cifs/mb-mp-e-form-057250.cif,-1.0382947266666676,ErNiAs,3,
mb-mp-e-form-116900,matbench_mp_e_form,val,<RUNS_ROOT>/official_benchmark_214/matbench_e_form_5fold/fold0/dataset/cifs/mb-mp-e-form-116900.cif,-2.8394594304300766,KRbMg30O31,63,
mb-mp-e-form-032469,matbench_mp_e_form,val,<RUNS_ROOT>/official_benchmark_214/matbench_e_form_5fold/fold0/dataset/cifs/mb-mp-e-form-032469.cif,-0.4091940158333334,CeNi2B3,24,
mb-mp-e-form-109046,matbench_mp_e_form,val,<RUNS_ROOT>/official_benchmark_214/matbench_e_form_5fold/fold0/dataset/cifs/mb-mp-e-form-109046.cif,-2.614266484677083,KSc(SO4)2,12,
mb-mp-e-form-058094,matbench_mp_e_form,val,<RUNS_ROOT>/official_benchmark_214/matbench_e_form_5fold/fold0/dataset/cifs/mb-mp-e-form-058094.cif,-1.081248210714287,Li(NiO2)2,14,
mb-mp-e-form-121863,matbench_mp_e_form,val,<RUNS_ROOT>/official_benchmark_214/matbench_e_form_5fold/fold0/dataset/cifs/mb-mp-e-form-121863.cif,-2.988507256015625,Mg30AlZnO32,64,
mb-mp-e-form-103413,matbench_mp_e_form,val,<RUNS_ROOT>/official_benchmark_214/matbench_e_form_5fold/fold0/dataset/cifs/mb-mp-e-form-103413.cif,-2.473748967321429,Li3Sb2(PO4)3,40,
mb-mp-e-form-114921,matbench_mp_e_form,val,<RUNS_ROOT>/official_benchmark_214/matbench_e_form_5fold/fold0/dataset/cifs/mb-mp-e-form-114921.cif,-2.780013028472222,Sm2Fe2O5,18,
mb-mp-e-form-016251,matbench_mp_e_form,val,<RUNS_ROOT>/official_benchmark_214/matbench_e_form_5fold/fold0/dataset/cifs/mb-mp-e-form-016251.cif,-0.0924496435000008,Sm6Fe13Pb,40,
mb-mp-e-form-020665,matbench_mp_e_form,val,<RUNS_ROOT>/official_benchmark_214/matbench_e_form_5fold/fold0/dataset/cifs/mb-mp-e-form-020665.cif,-0.1889630591249997,PuRh3C,5,
mb-mp-e-form-097108,matbench_mp_e_form,val,<RUNS_ROOT>/official_benchmark_214/matbench_e_form_5fold/fold0/dataset/cifs/mb-mp-e-form-097108.cif,-2.357634893392858,Ca(ScS2)2,28,
mb-mp-e-form-028782,matbench_mp_e_form,val,<RUNS_ROOT>/official_benchmark_214/matbench_e_form_5fold/fold0/dataset/cifs/mb-mp-e-form-028782.cif,-0.3477657107291675,FeSe2,6,
mb-mp-e-form-096322,matbench_mp_e_form,val,<RUNS_ROOT>/official_benchmark_214/matbench_e_form_5fold/fold0/dataset/cifs/mb-mp-e-form-096322.cif,-2.314848348694325,CsV(SO4)2,12,
mb-mp-e-form-057010,matbench_mp_e_form,val,<RUNS_ROOT>/official_benchmark_214/matbench_e_form_5fold/fold0/dataset/cifs/mb-mp-e-form-057010.cif,-1.025722075833335,EuSiPt,12,
mb-mp-e-form-082337,matbench_mp_e_form,val,<RUNS_ROOT>/official_benchmark_214/matbench_e_form_5fold/fold0/dataset/cifs/mb-mp-e-form-082337.cif,-1.9400524888992408,CaB2H10O9,44,
mb-mp-e-form-040729,matbench_mp_e_form,val,<RUNS_ROOT>/official_benchmark_214/matbench_e_form_5fold/fold0/dataset/cifs/mb-mp-e-form-040729.cif,-0.5727042744444452,Tb4InIr,24,
mb-mp-e-form-088002,matbench_mp_e_form,val,<RUNS_ROOT>/official_benchmark_214/matbench_e_form_5fold/fold0/dataset/cifs/mb-mp-e-form-088002.cif,-2.109458601583333,V2Re2O11,30,
mb-mp-e-form-111234,matbench_mp_e_form,val,<RUNS_ROOT>/official_benchmark_214/matbench_e_form_5fold/fold0/dataset/cifs/mb-mp-e-form-111234.cif,-2.6518294033891663,Ca3Mn2O7,24,
mb-mp-e-form-003517,matbench_mp_e_form,val,<RUNS_ROOT>/official_benchmark_214/matbench_e_form_5fold/fold0/dataset/cifs/mb-mp-e-form-003517.cif,0.6143146185624996,Tl2NiSe2,5,
mb-mp-e-form-078138,matbench_mp_e_form,val,<RUNS_ROOT>/official_benchmark_214/matbench_e_form_5fold/fold0/dataset/cifs/mb-mp-e-form-078138.cif,-1.817104940685,Li9Mn2Co5O16,32,
mb-mp-e-form-057714,matbench_mp_e_form,val,<RUNS_ROOT>/official_benchmark_214/matbench_e_form_5fold/fold0/dataset/cifs/mb-mp-e-form-057714.cif,-1.0261681924330364,CrC5SO7,112,
mb-mp-e-form-103875,matbench_mp_e_form,val,<RUNS_ROOT>/official_benchmark_214/matbench_e_form_5fold/fold0/dataset/cifs/mb-mp-e-form-103875.cif,-2.492616846731862,Cs2RbErCl6,10,
mb-mp-e-form-071394,matbench_mp_e_form,val,<RUNS_ROOT>/official_benchmark_214/matbench_e_form_5fold/fold0/dataset/cifs/mb-mp-e-form-071394.cif,-1.5782638232030308,Ce4B2N5,11,
mb-mp-e-form-004668,matbench_mp_e_form,val,<RUNS_ROOT>/official_benchmark_214/matbench_e_form_5fold/fold0/dataset/cifs/mb-mp-e-form-004668.cif,0.3186438813888894,SmMnIn,3,
mb-mp-e-form-015901,matbench_mp_e_form,val,<RUNS_ROOT>/official_benchmark_214/matbench_e_form_5fold/fold0/dataset/cifs/mb-mp-e-form-015901.cif,-0.0754090874999997,ZnCu,2,
mb-mp-e-form-105343,matbench_mp_e_form,val,<RUNS_ROOT>/official_benchmark_214/matbench_e_form_5fold/fold0/dataset/cifs/mb-mp-e-form-105343.cif,-2.5235263111363646,Sr3LiIrO6,22,
mb-mp-e-form-024290,matbench_mp_e_form,val,<RUNS_ROOT>/official_benchmark_214/matbench_e_form_5fold/fold0/dataset/cifs/mb-mp-e-form-024290.cif,-0.2855785068749998,Ho5Tl3,16,
mb-mp-e-form-104493,matbench_mp_e_form,val,<RUNS_ROOT>/official_benchmark_214/matbench_e_form_5fold/fold0/dataset/cifs/mb-mp-e-form-104493.cif,-2.4943323279846945,LiFePO4,56,
mb-mp-e-form-119570,matbench_mp_e_form,val,<RUNS_ROOT>/official_benchmark_214/matbench_e_form_5fold/fold0/dataset/cifs/mb-mp-e-form-119570.cif,-2.907991249956,V3OF11,30,
mb-mp-e-form-121456,matbench_mp_e_form,val,<RUNS_ROOT>/official_benchmark_214/matbench_e_form_5fold/fold0/dataset/cifs/mb-mp-e-form-121456.cif,-2.966425672500003,Eu2BrO2,10,
mb-mp-e-form-014956,matbench_mp_e_form,val,<RUNS_ROOT>/official_benchmark_214/matbench_e_form_5fold/fold0/dataset/cifs/mb-mp-e-form-014956.cif,-0.0608771315624996,LaMg14Sb,16,
mb-mp-e-form-026821,matbench_mp_e_form,val,<RUNS_ROOT>/official_benchmark_214/matbench_e_form_5fold/fold0/dataset/cifs/mb-mp-e-form-026821.cif,-0.3196142375000002,Na2TlSb,4,
mb-mp-e-form-082051,matbench_mp_e_form,val,<RUNS_ROOT>/official_benchmark_214/matbench_e_form_5fold/fold0/dataset/cifs/mb-mp-e-form-082051.cif,-1.9229856606632656,Tl2PO4,28,
mb-mp-e-form-043774,matbench_mp_e_form,val,<RUNS_ROOT>/official_benchmark_214/matbench_e_form_5fold/fold0/dataset/cifs/mb-mp-e-form-043774.cif,-0.6323712661304755,MnH12C2(NCl2)2,42,
mb-mp-e-form-111147,matbench_mp_e_form,val,<RUNS_ROOT>/official_benchmark_214/matbench_e_form_5fold/fold0/dataset/cifs/mb-mp-e-form-111147.cif,-2.642853229027777,Ba6Gd2Fe4O15,54,
mb-mp-e-form-065654,matbench_mp_e_form,val,<RUNS_ROOT>/official_benchmark_214/matbench_e_form_5fold/fold0/dataset/cifs/mb-mp-e-form-065654.cif,-1.351140523806207,RbNO2,12,
mb-mp-e-form-052764,matbench_mp_e_form,val,<RUNS_ROOT>/official_benchmark_214/matbench_e_form_5fold/fold0/dataset/cifs/mb-mp-e-form-052764.cif,-0.8615133842490909,BaH8PtC4(NO)4,44,
mb-mp-e-form-099292,matbench_mp_e_form,val,<RUNS_ROOT>/official_benchmark_214/matbench_e_form_5fold/fold0/dataset/cifs/mb-mp-e-form-099292.cif,-2.395845660218572,P2RhClF6,80,
mb-mp-e-form-009781,matbench_mp_e_form,val,<RUNS_ROOT>/official_benchmark_214/matbench_e_form_5fold/fold0/dataset/cifs/mb-mp-e-form-009781.cif,0.0859885033333327,U2Mo,3,
mb-mp-e-form-017729,matbench_mp_e_form,val,<RUNS_ROOT>/official_benchmark_214/matbench_e_form_5fold/fold0/dataset/cifs/mb-mp-e-form-017729.cif,-0.1147589167857136,CaCu9Sn4,28,
mb-mp-e-form-091414,matbench_mp_e_form,val,<RUNS_ROOT>/official_benchmark_214/matbench_e_form_5fold/fold0/dataset/cifs/mb-mp-e-form-091414.cif,-2.1727888922288923,RbNa2P3(HO2)6,48,
mb-mp-e-form-103064,matbench_mp_e_form,val,<RUNS_ROOT>/official_benchmark_214/matbench_e_form_5fold/fold0/dataset/cifs/mb-mp-e-form-103064.cif,-2.476024980750001,Ba3PrIr2O9,30,
mb-mp-e-form-021642,matbench_mp_e_form,val,<RUNS_ROOT>/official_benchmark_214/matbench_e_form_5fold/fold0/dataset/cifs/mb-mp-e-form-021642.cif,-0.2291650074999998,GaAu,8,
mb-mp-e-form-052268,matbench_mp_e_form,val,<RUNS_ROOT>/official_benchmark_214/matbench_e_form_5fold/fold0/dataset/cifs/mb-mp-e-form-052268.cif,-0.8452410786363636,Er7(TePd)2,11,
mb-mp-e-form-031120,matbench_mp_e_form,val,<RUNS_ROOT>/official_benchmark_214/matbench_e_form_5fold/fold0/dataset/cifs/mb-mp-e-form-031120.cif,-0.4028038245833336,Sr2TlIn,4,
mb-mp-e-form-118858,matbench_mp_e_form,val,<RUNS_ROOT>/official_benchmark_214/matbench_e_form_5fold/fold0/dataset/cifs/mb-mp-e-form-118858.cif,-2.9115241484675,Mg14MnAlO16,32,
mb-mp-e-form-057090,matbench_mp_e_form,val,<RUNS_ROOT>/official_benchmark_214/matbench_e_form_5fold/fold0/dataset/cifs/mb-mp-e-form-057090.cif,-1.0308250882124992,NaAl3Fe6(SO19)2,50,
mb-mp-e-form-024121,matbench_mp_e_form,val,<RUNS_ROOT>/official_benchmark_214/matbench_e_form_5fold/fold0/dataset/cifs/mb-mp-e-form-024121.cif,-0.2859137649999997,ErMnGa,18,
mb-mp-e-form-123701,matbench_mp_e_form,val,<RUNS_ROOT>/official_benchmark_214/matbench_e_form_5fold/fold0/dataset/cifs/mb-mp-e-form-123701.cif,-3.0434896794111115,LiV2OF5,36,
mb-mp-e-form-056338,matbench_mp_e_form,val,<RUNS_ROOT>/official_benchmark_214/matbench_e_form_5fold/fold0/dataset/cifs/mb-mp-e-form-056338.cif,-0.9777460584745832,Ti4Al2CN,8,
mb-mp-e-form-086883,matbench_mp_e_form,val,<RUNS_ROOT>/official_benchmark_214/matbench_e_form_5fold/fold0/dataset/cifs/mb-mp-e-form-086883.cif,-2.0848749677260003,Pb2OF2,20,
mb-mp-e-form-100145,matbench_mp_e_form,val,<RUNS_ROOT>/official_benchmark_214/matbench_e_form_5fold/fold0/dataset/cifs/mb-mp-e-form-100145.cif,-2.40463889375,Ce3S4,14,
mb-mp-e-form-121434,matbench_mp_e_form,val,<RUNS_ROOT>/official_benchmark_214/matbench_e_form_5fold/fold0/dataset/cifs/mb-mp-e-form-121434.cif,-2.9651425507552087,NaSrB5O9,64,
mb-mp-e-form-034152,matbench_mp_e_form,val,<RUNS_ROOT>/official_benchmark_214/matbench_e_form_5fold/fold0/dataset/cifs/mb-mp-e-form-034152.cif,-0.4507266493749995,Ta3Al2C,24,
mb-mp-e-form-106359,matbench_mp_e_form,val,<RUNS_ROOT>/official_benchmark_214/matbench_e_form_5fold/fold0/dataset/cifs/mb-mp-e-form-106359.cif,-2.5329735824489794,LiCrPO4,56,
mb-mp-e-form-103250,matbench_mp_e_form,val,<RUNS_ROOT>/official_benchmark_214/matbench_e_form_5fold/fold0/dataset/cifs/mb-mp-e-form-103250.cif,-2.4738876737157147,Y2C(NO)2,14,
mb-mp-e-form-036087,matbench_mp_e_form,val,<RUNS_ROOT>/official_benchmark_214/matbench_e_form_5fold/fold0/dataset/cifs/mb-mp-e-form-036087.cif,-0.4834331141666667,MgHg2(BrO)6,30,
mb-mp-e-form-055080,matbench_mp_e_form,val,<RUNS_ROOT>/official_benchmark_214/matbench_e_form_5fold/fold0/dataset/cifs/mb-mp-e-form-055080.cif,-0.9340722800000004,ZrSi,4,
mb-mp-e-form-058065,matbench_mp_e_form,val,<RUNS_ROOT>/official_benchmark_214/matbench_e_form_5fold/fold0/dataset/cifs/mb-mp-e-form-058065.cif,-1.0507826386,K2GaAgBr6,10,
mb-mp-e-form-054161,matbench_mp_e_form,val,<RUNS_ROOT>/official_benchmark_214/matbench_e_form_5fold/fold0/dataset/cifs/mb-mp-e-form-054161.cif,-0.9269225871875004,BO3,24,
mb-mp-e-form-012502,matbench_mp_e_form,val,<RUNS_ROOT>/official_benchmark_214/matbench_e_form_5fold/fold0/dataset/cifs/mb-mp-e-form-012502.cif,-0.0038283166447375,Tb3SmFe34,38,
mb-mp-e-form-093326,matbench_mp_e_form,val,<RUNS_ROOT>/official_benchmark_214/matbench_e_form_5fold/fold0/dataset/cifs/mb-mp-e-form-093326.cif,-2.2266084112239994,NaAlH2CO5,20,
mb-mp-e-form-102586,matbench_mp_e_form,val,<RUNS_ROOT>/official_benchmark_214/matbench_e_form_5fold/fold0/dataset/cifs/mb-mp-e-form-102586.cif,-2.445521995,VO2,12,
mb-mp-e-form-019163,matbench_mp_e_form,val,<RUNS_ROOT>/official_benchmark_214/matbench_e_form_5fold/fold0/dataset/cifs/mb-mp-e-form-019163.cif,-0.1687697748275868,Mn3(Ni10B3)2,29,
mb-mp-e-form-035976,matbench_mp_e_form,val,<RUNS_ROOT>/official_benchmark_214/matbench_e_form_5fold/fold0/dataset/cifs/mb-mp-e-form-035976.cif,-0.4837662888888895,PrAlNi,9,
mb-mp-e-form-027437,matbench_mp_e_form,val,<RUNS_ROOT>/official_benchmark_214/matbench_e_form_5fold/fold0/dataset/cifs/mb-mp-e-form-027437.cif,-0.3255846333333328,HfTaSi,12,
mb-mp-e-form-110492,matbench_mp_e_form,val,<RUNS_ROOT>/official_benchmark_214/matbench_e_form_5fold/fold0/dataset/cifs/mb-mp-e-form-110492.cif,-2.6228919199775,Li3CoOF3,16,
mb-mp-e-form-068924,matbench_mp_e_form,val,<RUNS_ROOT>/official_benchmark_214/matbench_e_form_5fold/fold0/dataset/cifs/mb-mp-e-form-068924.cif,-1.5048364652083333,TlInO2,4,
mb-mp-e-form-056015,matbench_mp_e_form,val,<RUNS_ROOT>/official_benchmark_214/matbench_e_form_5fold/fold0/dataset/cifs/mb-mp-e-form-056015.cif,-1.002466740000001,Y3Si3Rh2,16,
mb-mp-e-form-103676,matbench_mp_e_form,val,<RUNS_ROOT>/official_benchmark_214/matbench_e_form_5fold/fold0/dataset/cifs/mb-mp-e-form-103676.cif,-2.47975697850029,Li3Mn4(BO3)4,46,
mb-mp-e-form-107447,matbench_mp_e_form,val,<RUNS_ROOT>/official_benchmark_214/matbench_e_form_5fold/fold0/dataset/cifs/mb-mp-e-form-107447.cif,-2.5599342905442177,Li3Fe(PO4)2,42,
mb-mp-e-form-049841,matbench_mp_e_form,val,<RUNS_ROOT>/official_benchmark_214/matbench_e_form_5fold/fold0/dataset/cifs/mb-mp-e-form-049841.cif,-0.7692257387499994,ScZnRh2,4,
mb-mp-e-form-068962,matbench_mp_e_form,val,<RUNS_ROOT>/official_benchmark_214/matbench_e_form_5fold/fold0/dataset/cifs/mb-mp-e-form-068962.cif,-1.505715050056,K2HgSbCl6,10,
mb-mp-e-form-000392,matbench_mp_e_form,val,<RUNS_ROOT>/official_benchmark_214/matbench_e_form_5fold/fold0/dataset/cifs/mb-mp-e-form-000392.cif,1.5328293862499995,La2SnHg,4,
mb-mp-e-form-082876,matbench_mp_e_form,val,<RUNS_ROOT>/official_benchmark_214/matbench_e_form_5fold/fold0/dataset/cifs/mb-mp-e-form-082876.cif,-1.9456950075868056,BaTbAgS3,12,
mb-mp-e-form-022827,matbench_mp_e_form,val,<RUNS_ROOT>/official_benchmark_214/matbench_e_form_5fold/fold0/dataset/cifs/mb-mp-e-form-022827.cif,-0.2375994419333334,K2SrIn7,20,
mb-mp-e-form-124911,matbench_mp_e_form,val,<RUNS_ROOT>/official_benchmark_214/matbench_e_form_5fold/fold0/dataset/cifs/mb-mp-e-form-124911.cif,-3.133116929166667,PrVO4,24,
mb-mp-e-form-124608,matbench_mp_e_form,val,<RUNS_ROOT>/official_benchmark_214/matbench_e_form_5fold/fold0/dataset/cifs/mb-mp-e-form-124608.cif,-3.120313873571112,Li2VF6,18,
mb-mp-e-form-089142,matbench_mp_e_form,val,<RUNS_ROOT>/official_benchmark_214/matbench_e_form_5fold/fold0/dataset/cifs/mb-mp-e-form-089142.cif,-2.144533738912338,ZnP2PdO7,44,
mb-mp-e-form-106342,matbench_mp_e_form,val,<RUNS_ROOT>/official_benchmark_214/matbench_e_form_5fold/fold0/dataset/cifs/mb-mp-e-form-106342.cif,-2.5455449199520004,Hf2N2O,40,
mb-mp-e-form-068293,matbench_mp_e_form,val,<RUNS_ROOT>/official_benchmark_214/matbench_e_form_5fold/fold0/dataset/cifs/mb-mp-e-form-068293.cif,-1.4891524821127504,Mn3Cu(SeO3)4,20,
mb-mp-e-form-119562,matbench_mp_e_form,val,<RUNS_ROOT>/official_benchmark_214/matbench_e_form_5fold/fold0/dataset/cifs/mb-mp-e-form-119562.cif,-2.903484537115219,Li3V4P2O8F9,52,
mb-mp-e-form-016594,matbench_mp_e_form,val,<RUNS_ROOT>/official_benchmark_214/matbench_e_form_5fold/fold0/dataset/cifs/mb-mp-e-form-016594.cif,-0.0935368974999999,FeNi3,4,
mb-mp-e-form-005446,matbench_mp_e_form,val,<RUNS_ROOT>/official_benchmark_214/matbench_e_form_5fold/fold0/dataset/cifs/mb-mp-e-form-005446.cif,0.2525457012499998,Eu3Th,4,
mb-mp-e-form-072643,matbench_mp_e_form,val,<RUNS_ROOT>/official_benchmark_214/matbench_e_form_5fold/fold0/dataset/cifs/mb-mp-e-form-072643.cif,-1.6346592137449996,Fe4O7F,24,
mb-mp-e-form-010215,matbench_mp_e_form,val,<RUNS_ROOT>/official_benchmark_214/matbench_e_form_5fold/fold0/dataset/cifs/mb-mp-e-form-010215.cif,0.0468123537499998,Ca,8,
mb-mp-e-form-105373,matbench_mp_e_form,val,<RUNS_ROOT>/official_benchmark_214/matbench_e_form_5fold/fold0/dataset/cifs/mb-mp-e-form-105373.cif,-2.526231255957792,LiBiP2O7,44,
mb-mp-e-form-091263,matbench_mp_e_form,val,<RUNS_ROOT>/official_benchmark_214/matbench_e_form_5fold/fold0/dataset/cifs/mb-mp-e-form-091263.cif,-2.1823293007812508,LiErS2,8,
mb-mp-e-form-025606,matbench_mp_e_form,val,<RUNS_ROOT>/official_benchmark_214/matbench_e_form_5fold/fold0/dataset/cifs/mb-mp-e-form-025606.cif,-0.2872693256666669,Zn2BIr2,30,
mb-mp-e-form-092435,matbench_mp_e_form,val,<RUNS_ROOT>/official_benchmark_214/matbench_e_form_5fold/fold0/dataset/cifs/mb-mp-e-form-092435.cif,-2.208733078041667,Na2Ga11O17,60,
mb-mp-e-form-019604,matbench_mp_e_form,val,<RUNS_ROOT>/official_benchmark_214/matbench_e_form_5fold/fold0/dataset/cifs/mb-mp-e-form-019604.cif,-0.16859844,HgTe,2,
mb-mp-e-form-029576,matbench_mp_e_form,val,<RUNS_ROOT>/official_benchmark_214/matbench_e_form_5fold/fold0/dataset/cifs/mb-mp-e-form-029576.cif,-0.36054910175,Li3P7,40,
mb-mp-e-form-054346,matbench_mp_e_form,val,<RUNS_ROOT>/official_benchmark_214/matbench_e_form_5fold/fold0/dataset/cifs/mb-mp-e-form-054346.cif,-0.9087304321413342,CrH6CN3ClO3,60,
mb-mp-e-form-057803,matbench_mp_e_form,val,<RUNS_ROOT>/official_benchmark_214/matbench_e_form_5fold/fold0/dataset/cifs/mb-mp-e-form-057803.cif,-1.0164989048749995,Sb2S2O,10,
mb-mp-e-form-094641,matbench_mp_e_form,val,<RUNS_ROOT>/official_benchmark_214/matbench_e_form_5fold/fold0/dataset/cifs/mb-mp-e-form-094641.cif,-2.258306036196429,Li4Co2Ni3Sn(PO4)6,40,
mb-mp-e-form-090713,matbench_mp_e_form,val,<RUNS_ROOT>/official_benchmark_214/matbench_e_form_5fold/fold0/dataset/cifs/mb-mp-e-form-090713.cif,-2.1471102858,Co3OF5,18,
mb-mp-e-form-023478,matbench_mp_e_form,val,<RUNS_ROOT>/official_benchmark_214/matbench_e_form_5fold/fold0/dataset/cifs/mb-mp-e-form-023478.cif,-0.2637661250000001,Hf2Al,6,
mb-mp-e-form-020625,matbench_mp_e_form,val,<RUNS_ROOT>/official_benchmark_214/matbench_e_form_5fold/fold0/dataset/cifs/mb-mp-e-form-020625.cif,-0.1974087619999998,ScAg4,5,
mb-mp-e-form-016213,matbench_mp_e_form,val,<RUNS_ROOT>/official_benchmark_214/matbench_e_form_5fold/fold0/dataset/cifs/mb-mp-e-form-016213.cif,-0.0807689644827586,Al5Re24,29,
mb-mp-e-form-011933,matbench_mp_e_form,val,<RUNS_ROOT>/official_benchmark_214/matbench_e_form_5fold/fold0/dataset/cifs/mb-mp-e-form-011933.cif,-0.0042704399999999,CrTe,2,
mb-mp-e-form-046073,matbench_mp_e_form,val,<RUNS_ROOT>/official_benchmark_214/matbench_e_form_5fold/fold0/dataset/cifs/mb-mp-e-form-046073.cif,-0.6947835415972219,YMgCu3Se4,9,
mb-mp-e-form-089706,matbench_mp_e_form,val,<RUNS_ROOT>/official_benchmark_214/matbench_e_form_5fold/fold0/dataset/cifs/mb-mp-e-form-089706.cif,-2.135797129285714,NaCr2O4,14,
mb-mp-e-form-131041,matbench_mp_e_form,val,<RUNS_ROOT>/official_benchmark_214/matbench_e_form_5fold/fold0/dataset/cifs/mb-mp-e-form-131041.cif,-3.819935837916669,Nd4Zr3TiO14,22,
mb-mp-e-form-010417,matbench_mp_e_form,val,<RUNS_ROOT>/official_benchmark_214/matbench_e_form_5fold/fold0/dataset/cifs/mb-mp-e-form-010417.cif,0.0394737241666662,La3Tb,4,
mb-mp-e-form-108989,matbench_mp_e_form,val,<RUNS_ROOT>/official_benchmark_214/matbench_e_form_5fold/fold0/dataset/cifs/mb-mp-e-form-108989.cif,-2.6090731781373284,Ca2VP3H4O13,46,
mb-mp-e-form-075337,matbench_mp_e_form,val,<RUNS_ROOT>/official_benchmark_214/matbench_e_form_5fold/fold0/dataset/cifs/mb-mp-e-form-075337.cif,-1.7227454558928568,Ca4Sb2O,7,
mb-mp-e-form-034583,matbench_mp_e_form,val,<RUNS_ROOT>/official_benchmark_214/matbench_e_form_5fold/fold0/dataset/cifs/mb-mp-e-form-034583.cif,-0.4530620937499998,DyNi,8,
mb-mp-e-form-078073,matbench_mp_e_form,val,<RUNS_ROOT>/official_benchmark_214/matbench_e_form_5fold/fold0/dataset/cifs/mb-mp-e-form-078073.cif,-1.8232795459975,Li9Mn2Co5O16,32,
mb-mp-e-form-045146,matbench_mp_e_form,val,<RUNS_ROOT>/official_benchmark_214/matbench_e_form_5fold/fold0/dataset/cifs/mb-mp-e-form-045146.cif,-0.6620505253571422,La(Sn2Rh)2,28,
mb-mp-e-form-033064,matbench_mp_e_form,val,<RUNS_ROOT>/official_benchmark_214/matbench_e_form_5fold/fold0/dataset/cifs/mb-mp-e-form-033064.cif,-0.4375412899999995,AlGaCo2,4,
mb-mp-e-form-068934,matbench_mp_e_form,val,<RUNS_ROOT>/official_benchmark_214/matbench_e_form_5fold/fold0/dataset/cifs/mb-mp-e-form-068934.cif,-1.511817647321429,Yb(GaS2)2,14,
mb-mp-e-form-096446,matbench_mp_e_form,val,<RUNS_ROOT>/official_benchmark_214/matbench_e_form_5fold/fold0/dataset/cifs/mb-mp-e-form-096446.cif,-2.309817085,Li4VCr(WO6)2,20,
mb-mp-e-form-087636,matbench_mp_e_form,val,<RUNS_ROOT>/official_benchmark_214/matbench_e_form_5fold/fold0/dataset/cifs/mb-mp-e-form-087636.cif,-2.081049809881539,Na3MnAsCO7,26,
mb-mp-e-form-113863,matbench_mp_e_form,val,<RUNS_ROOT>/official_benchmark_214/matbench_e_form_5fold/fold0/dataset/cifs/mb-mp-e-form-113863.cif,-2.7375344004687494,YMg14BiO16,32,
mb-mp-e-form-042487,matbench_mp_e_form,val,<RUNS_ROOT>/official_benchmark_214/matbench_e_form_5fold/fold0/dataset/cifs/mb-mp-e-form-042487.cif,-0.6155085299999996,Al2Pd,3,
mb-mp-e-form-074735,matbench_mp_e_form,val,<RUNS_ROOT>/official_benchmark_214/matbench_e_form_5fold/fold0/dataset/cifs/mb-mp-e-form-074735.cif,-1.6882496297058818,Li5(CoO2)4,34,
mb-mp-e-form-065081,matbench_mp_e_form,val,<RUNS_ROOT>/official_benchmark_214/matbench_e_form_5fold/fold0/dataset/cifs/mb-mp-e-form-065081.cif,-1.3417548444523073,Mn3Sb2(IO)4,26,
mb-mp-e-form-098015,matbench_mp_e_form,val,<RUNS_ROOT>/official_benchmark_214/matbench_e_form_5fold/fold0/dataset/cifs/mb-mp-e-form-098015.cif,-2.370347225864878,Na6Ni3B9P6H3O38,130,
mb-mp-e-form-123717,matbench_mp_e_form,val,<RUNS_ROOT>/official_benchmark_214/matbench_e_form_5fold/fold0/dataset/cifs/mb-mp-e-form-123717.cif,-3.0390606471425,ZrPdF6,8,
mb-mp-e-form-120023,matbench_mp_e_form,val,<RUNS_ROOT>/official_benchmark_214/matbench_e_form_5fold/fold0/dataset/cifs/mb-mp-e-form-120023.cif,-2.9457167171550003,SmHO2,16,
mb-mp-e-form-125265,matbench_mp_e_form,val,<RUNS_ROOT>/official_benchmark_214/matbench_e_form_5fold/fold0/dataset/cifs/mb-mp-e-form-125265.cif,-3.1288548200793644,AlPO4,18,
mb-mp-e-form-120932,matbench_mp_e_form,val,<RUNS_ROOT>/official_benchmark_214/matbench_e_form_5fold/fold0/dataset/cifs/mb-mp-e-form-120932.cif,-2.961078875125,KMg30GaO32,64,
mb-mp-e-form-111251,matbench_mp_e_form,val,<RUNS_ROOT>/official_benchmark_214/matbench_e_form_5fold/fold0/dataset/cifs/mb-mp-e-form-111251.cif,-2.6444968877500004,YCoO3,20,
mb-mp-e-form-047966,matbench_mp_e_form,val,<RUNS_ROOT>/official_benchmark_214/matbench_e_form_5fold/fold0/dataset/cifs/mb-mp-e-form-047966.cif,-0.7442634657812506,CdCu2SnS4,8,
mb-mp-e-form-007332,matbench_mp_e_form,val,<RUNS_ROOT>/official_benchmark_214/matbench_e_form_5fold/fold0/dataset/cifs/mb-mp-e-form-007332.cif,0.1498238708333333,Mg2Si,12,
mb-mp-e-form-111423,matbench_mp_e_form,val,<RUNS_ROOT>/official_benchmark_214/matbench_e_form_5fold/fold0/dataset/cifs/mb-mp-e-form-111423.cif,-2.6629867312857134,K2V2P4O15,184,
mb-mp-e-form-095317,matbench_mp_e_form,val,<RUNS_ROOT>/official_benchmark_214/matbench_e_form_5fold/fold0/dataset/cifs/mb-mp-e-form-095317.cif,-2.297443847895833,K2CaAs2O7,48,
mb-mp-e-form-095727,matbench_mp_e_form,val,<RUNS_ROOT>/official_benchmark_214/matbench_e_form_5fold/fold0/dataset/cifs/mb-mp-e-form-095727.cif,-2.2816594819913787,CsGdO3,5,
mb-mp-e-form-006807,matbench_mp_e_form,val,<RUNS_ROOT>/official_benchmark_214/matbench_e_form_5fold/fold0/dataset/cifs/mb-mp-e-form-006807.cif,0.1771463133333336,CdCuSb,3,
mb-mp-e-form-070751,matbench_mp_e_form,val,<RUNS_ROOT>/official_benchmark_214/matbench_e_form_5fold/fold0/dataset/cifs/mb-mp-e-form-070751.cif,-1.5576668429411764,LiSb(TeO4)3,17,
mb-mp-e-form-081131,matbench_mp_e_form,val,<RUNS_ROOT>/official_benchmark_214/matbench_e_form_5fold/fold0/dataset/cifs/mb-mp-e-form-081131.cif,-1.9009433268492315,Th(NF2)4,26,
mb-mp-e-form-009653,matbench_mp_e_form,val,<RUNS_ROOT>/official_benchmark_214/matbench_e_form_5fold/fold0/dataset/cifs/mb-mp-e-form-009653.cif,0.0649888770000004,RuRh4,5,
mb-mp-e-form-009879,matbench_mp_e_form,val,<RUNS_ROOT>/official_benchmark_214/matbench_e_form_5fold/fold0/dataset/cifs/mb-mp-e-form-009879.cif,0.0649822646551723,Rb,8,
mb-mp-e-form-108131,matbench_mp_e_form,val,<RUNS_ROOT>/official_benchmark_214/matbench_e_form_5fold/fold0/dataset/cifs/mb-mp-e-form-108131.cif,-2.589226763124999,La4Ni3WO12,20,
mb-mp-e-form-047337,matbench_mp_e_form,val,<RUNS_ROOT>/official_benchmark_214/matbench_e_form_5fold/fold0/dataset/cifs/mb-mp-e-form-047337.cif,-0.7251441119471156,MgSO11,52,
mb-mp-e-form-072205,matbench_mp_e_form,val,<RUNS_ROOT>/official_benchmark_214/matbench_e_form_5fold/fold0/dataset/cifs/mb-mp-e-form-072205.cif,-1.6268916494862502,Zr4CN3,8,
mb-mp-e-form-044321,matbench_mp_e_form,val,<RUNS_ROOT>/official_benchmark_214/matbench_e_form_5fold/fold0/dataset/cifs/mb-mp-e-form-044321.cif,-0.6477012561111124,TmFeB4,24,
mb-mp-e-form-117720,matbench_mp_e_form,val,<RUNS_ROOT>/official_benchmark_214/matbench_e_form_5fold/fold0/dataset/cifs/mb-mp-e-form-117720.cif,-2.8304183872222217,TaInO4,12,
mb-mp-e-form-007275,matbench_mp_e_form,val,<RUNS_ROOT>/official_benchmark_214/matbench_e_form_5fold/fold0/dataset/cifs/mb-mp-e-form-007275.cif,0.1480131175000001,MgSi,4,
mb-mp-e-form-017531,matbench_mp_e_form,val,<RUNS_ROOT>/official_benchmark_214/matbench_e_form_5fold/fold0/dataset/cifs/mb-mp-e-form-017531.cif,-0.1215738032142856,Zn13Rh,14,
mb-mp-e-form-068441,matbench_mp_e_form,val,<RUNS_ROOT>/official_benchmark_214/matbench_e_form_5fold/fold0/dataset/cifs/mb-mp-e-form-068441.cif,-1.4736237546428568,La5TlTe8,14,
mb-mp-e-form-084925,matbench_mp_e_form,val,<RUNS_ROOT>/official_benchmark_214/matbench_e_form_5fold/fold0/dataset/cifs/mb-mp-e-form-084925.cif,-2.0222694327247623,NbFeNi(O2F)2,18,
mb-mp-e-form-036806,matbench_mp_e_form,val,<RUNS_ROOT>/official_benchmark_214/matbench_e_form_5fold/fold0/dataset/cifs/mb-mp-e-form-036806.cif,-0.4826647472222218,LiYbGe,9,
mb-mp-e-form-120674,matbench_mp_e_form,val,<RUNS_ROOT>/official_benchmark_214/matbench_e_form_5fold/fold0/dataset/cifs/mb-mp-e-form-120674.cif,-2.949599537113749,Li2MnF5,32,
mb-mp-e-form-121588,matbench_mp_e_form,val,<RUNS_ROOT>/official_benchmark_214/matbench_e_form_5fold/fold0/dataset/cifs/mb-mp-e-form-121588.cif,-2.96378006246625,V4(OF3)3,16,
mb-mp-e-form-072701,matbench_mp_e_form,val,<RUNS_ROOT>/official_benchmark_214/matbench_e_form_5fold/fold0/dataset/cifs/mb-mp-e-form-072701.cif,-1.6138072335733329,Mn3CoO8,12,
mb-mp-e-form-122101,matbench_mp_e_form,val,<RUNS_ROOT>/official_benchmark_214/matbench_e_form_5fold/fold0/dataset/cifs/mb-mp-e-form-122101.cif,-3.007939450520832,NdSO,24,
mb-mp-e-form-010614,matbench_mp_e_form,val,<RUNS_ROOT>/official_benchmark_214/matbench_e_form_5fold/fold0/dataset/cifs/mb-mp-e-form-010614.cif,0.0488204319230766,Si3Au10,26,
mb-mp-e-form-113545,matbench_mp_e_form,val,<RUNS_ROOT>/official_benchmark_214/matbench_e_form_5fold/fold0/dataset/cifs/mb-mp-e-form-113545.cif,-2.703254065297792,Li4MnV3(P2O7)4,88,
mb-mp-e-form-088591,matbench_mp_e_form,val,<RUNS_ROOT>/official_benchmark_214/matbench_e_form_5fold/fold0/dataset/cifs/mb-mp-e-form-088591.cif,-2.1025810707499994,LaAgO3,10,
mb-mp-e-form-075953,matbench_mp_e_form,val,<RUNS_ROOT>/official_benchmark_214/matbench_e_form_5fold/fold0/dataset/cifs/mb-mp-e-form-075953.cif,-1.7522705283500002,K2LiNdBr6,10,
mb-mp-e-form-045269,matbench_mp_e_form,val,<RUNS_ROOT>/official_benchmark_214/matbench_e_form_5fold/fold0/dataset/cifs/mb-mp-e-form-045269.cif,-0.6701179527586197,Y6Si7Ni16,29,
mb-mp-e-form-093914,matbench_mp_e_form,val,<RUNS_ROOT>/official_benchmark_214/matbench_e_form_5fold/fold0/dataset/cifs/mb-mp-e-form-093914.cif,-2.2679522471861904,Li4Ti2Mn3Sb3O16,28,
mb-mp-e-form-065934,matbench_mp_e_form,val,<RUNS_ROOT>/official_benchmark_214/matbench_e_form_5fold/fold0/dataset/cifs/mb-mp-e-form-065934.cif,-1.394402548848039,V2Bi4O11,102,
mb-mp-e-form-002084,matbench_mp_e_form,val,<RUNS_ROOT>/official_benchmark_214/matbench_e_form_5fold/fold0/dataset/cifs/mb-mp-e-form-002084.cif,0.9203052860526324,Si18Sn,19,
mb-mp-e-form-105807,matbench_mp_e_form,val,<RUNS_ROOT>/official_benchmark_214/matbench_e_form_5fold/fold0/dataset/cifs/mb-mp-e-form-105807.cif,-2.5381198412500003,Eu2Fe2O5,18,
mb-mp-e-form-094016,matbench_mp_e_form,val,<RUNS_ROOT>/official_benchmark_214/matbench_e_form_5fold/fold0/dataset/cifs/mb-mp-e-form-094016.cif,-2.2780404886477394,Rb2CuF6,9,
mb-mp-e-form-088646,matbench_mp_e_form,val,<RUNS_ROOT>/official_benchmark_214/matbench_e_form_5fold/fold0/dataset/cifs/mb-mp-e-form-088646.cif,-2.093395286505681,NaCrCSO7,22,
mb-mp-e-form-022754,matbench_mp_e_form,val,<RUNS_ROOT>/official_benchmark_214/matbench_e_form_5fold/fold0/dataset/cifs/mb-mp-e-form-022754.cif,-0.2502827720588235,Li13Si4,34,
mb-mp-e-form-084674,matbench_mp_e_form,val,<RUNS_ROOT>/official_benchmark_214/matbench_e_form_5fold/fold0/dataset/cifs/mb-mp-e-form-084674.cif,-1.980069739615,Li3Mn4NiO8,16,
mb-mp-e-form-044560,matbench_mp_e_form,val,<RUNS_ROOT>/official_benchmark_214/matbench_e_form_5fold/fold0/dataset/cifs/mb-mp-e-form-044560.cif,-0.6500145586111111,SrInAu,12,
mb-mp-e-form-002540,matbench_mp_e_form,val,<RUNS_ROOT>/official_benchmark_214/matbench_e_form_5fold/fold0/dataset/cifs/mb-mp-e-form-002540.cif,0.6680220565411119,PtC3I4N,72,
mb-mp-e-form-020727,matbench_mp_e_form,val,<RUNS_ROOT>/official_benchmark_214/matbench_e_form_5fold/fold0/dataset/cifs/mb-mp-e-form-020727.cif,-0.2048727088194442,SiC,54,
mb-mp-e-form-033611,matbench_mp_e_form,val,<RUNS_ROOT>/official_benchmark_214/matbench_e_form_5fold/fold0/dataset/cifs/mb-mp-e-form-033611.cif,-0.4426651749999992,VPt3,4,
mb-mp-e-form-118976,matbench_mp_e_form,val,<RUNS_ROOT>/official_benchmark_214/matbench_e_form_5fold/fold0/dataset/cifs/mb-mp-e-form-118976.cif,-2.915348958519841,KLiMg30O31,63,
mb-mp-e-form-085878,matbench_mp_e_form,val,<RUNS_ROOT>/official_benchmark_214/matbench_e_form_5fold/fold0/dataset/cifs/mb-mp-e-form-085878.cif,-2.0543694313068177,V6AgO15,44,
mb-mp-e-form-082857,matbench_mp_e_form,val,<RUNS_ROOT>/official_benchmark_214/matbench_e_form_5fold/fold0/dataset/cifs/mb-mp-e-form-082857.cif,-1.968230505892858,Ba2AlW3O8,14,
mb-mp-e-form-031795,matbench_mp_e_form,val,<RUNS_ROOT>/official_benchmark_214/matbench_e_form_5fold/fold0/dataset/cifs/mb-mp-e-form-031795.cif,-0.4033901687499996,PaSnAu2,4,
mb-mp-e-form-074999,matbench_mp_e_form,val,<RUNS_ROOT>/official_benchmark_214/matbench_e_form_5fold/fold0/dataset/cifs/mb-mp-e-form-074999.cif,-1.7178727006250003,Li7Co5O12,24,
mb-mp-e-form-040205,matbench_mp_e_form,val,<RUNS_ROOT>/official_benchmark_214/matbench_e_form_5fold/fold0/dataset/cifs/mb-mp-e-form-040205.cif,-0.5766124604337831,CsNb2PSe10,56,
mb-mp-e-form-015133,matbench_mp_e_form,val,<RUNS_ROOT>/official_benchmark_214/matbench_e_form_5fold/fold0/dataset/cifs/mb-mp-e-form-015133.cif,-0.0691655711979167,Bi2Se,12,
mb-mp-e-form-057086,matbench_mp_e_form,val,<RUNS_ROOT>/official_benchmark_214/matbench_e_form_5fold/fold0/dataset/cifs/mb-mp-e-form-057086.cif,-1.0249903544140624,NaAgSO5,16,
mb-mp-e-form-092269,matbench_mp_e_form,val,<RUNS_ROOT>/official_benchmark_214/matbench_e_form_5fold/fold0/dataset/cifs/mb-mp-e-form-092269.cif,-2.203188927501736,Sb24(Cl7F17)5,144,
mb-mp-e-form-077947,matbench_mp_e_form,val,<RUNS_ROOT>/official_benchmark_214/matbench_e_form_5fold/fold0/dataset/cifs/mb-mp-e-form-077947.cif,-1.8291458303724992,Li9Mn2Co5O16,32,
mb-mp-e-form-118607,matbench_mp_e_form,val,<RUNS_ROOT>/official_benchmark_214/matbench_e_form_5fold/fold0/dataset/cifs/mb-mp-e-form-118607.cif,-2.866417841458333,Li3Al2VO6,12,
mb-mp-e-form-009547,matbench_mp_e_form,val,<RUNS_ROOT>/official_benchmark_214/matbench_e_form_5fold/fold0/dataset/cifs/mb-mp-e-form-009547.cif,0.0804717553124998,Fe2NiC,16,
mb-mp-e-form-127503,matbench_mp_e_form,val,<RUNS_ROOT>/official_benchmark_214/matbench_e_form_5fold/fold0/dataset/cifs/mb-mp-e-form-127503.cif,-3.2827676454276324,Ba5Er8Zn4O21,38,
mb-mp-e-form-073605,matbench_mp_e_form,val,<RUNS_ROOT>/official_benchmark_214/matbench_e_form_5fold/fold0/dataset/cifs/mb-mp-e-form-073605.cif,-1.6808156039583335,SrCu2O3,12,
mb-mp-e-form-119620,matbench_mp_e_form,val,<RUNS_ROOT>/official_benchmark_214/matbench_e_form_5fold/fold0/dataset/cifs/mb-mp-e-form-119620.cif,-2.8952355126136364,V2Si2O7,11,
mb-mp-e-form-069472,matbench_mp_e_form,val,<RUNS_ROOT>/official_benchmark_214/matbench_e_form_5fold/fold0/dataset/cifs/mb-mp-e-form-069472.cif,-1.5298508432638884,Na9Co2O7,72,
mb-mp-e-form-110950,matbench_mp_e_form,val,<RUNS_ROOT>/official_benchmark_214/matbench_e_form_5fold/fold0/dataset/cifs/mb-mp-e-form-110950.cif,-2.645596448425167,Li7Mn4(P2O7)4,94,
mb-mp-e-form-045485,matbench_mp_e_form,val,<RUNS_ROOT>/official_benchmark_214/matbench_e_form_5fold/fold0/dataset/cifs/mb-mp-e-form-045485.cif,-0.660352078469388,U(Ni2P)2,14,
mb-mp-e-form-056963,matbench_mp_e_form,val,<RUNS_ROOT>/official_benchmark_214/matbench_e_form_5fold/fold0/dataset/cifs/mb-mp-e-form-056963.cif,-1.0400480294759986,Hf3AlN,10,
mb-mp-e-form-012782,matbench_mp_e_form,val,<RUNS_ROOT>/official_benchmark_214/matbench_e_form_5fold/fold0/dataset/cifs/mb-mp-e-form-012782.cif,0.0116378020689663,Ho6Mn23,29,
mb-mp-e-form-014113,matbench_mp_e_form,val,<RUNS_ROOT>/official_benchmark_214/matbench_e_form_5fold/fold0/dataset/cifs/mb-mp-e-form-014113.cif,-0.0358653916666664,MgGa2,6,
mb-mp-e-form-071626,matbench_mp_e_form,val,<RUNS_ROOT>/official_benchmark_214/matbench_e_form_5fold/fold0/dataset/cifs/mb-mp-e-form-071626.cif,-1.5835567679166669,SrCaI4,24,
mb-mp-e-form-075355,matbench_mp_e_form,val,<RUNS_ROOT>/official_benchmark_214/matbench_e_form_5fold/fold0/dataset/cifs/mb-mp-e-form-075355.cif,-1.7397499121562503,YbCeSe3,10,
mb-mp-e-form-054291,matbench_mp_e_form,val,<RUNS_ROOT>/official_benchmark_214/matbench_e_form_5fold/fold0/dataset/cifs/mb-mp-e-form-054291.cif,-0.9001502319279993,Sc(NF2)3,20,
mb-mp-e-form-099265,matbench_mp_e_form,val,<RUNS_ROOT>/official_benchmark_214/matbench_e_form_5fold/fold0/dataset/cifs/mb-mp-e-form-099265.cif,-2.388789733649572,MnP2O7,40,
mb-mp-e-form-043319,matbench_mp_e_form,val,<RUNS_ROOT>/official_benchmark_214/matbench_e_form_5fold/fold0/dataset/cifs/mb-mp-e-form-043319.cif,-0.6276805705729167,Sm2CuSe2O,6,
mb-mp-e-form-073056,matbench_mp_e_form,val,<RUNS_ROOT>/official_benchmark_214/matbench_e_form_5fold/fold0/dataset/cifs/mb-mp-e-form-073056.cif,-1.6604156133512498,SnH3NF3,32,
mb-mp-e-form-108638,matbench_mp_e_form,val,<RUNS_ROOT>/official_benchmark_214/matbench_e_form_5fold/fold0/dataset/cifs/mb-mp-e-form-108638.cif,-2.573109321455661,TiMn3Cr2(PO4)6,36,
mb-mp-e-form-009945,matbench_mp_e_form,val,<RUNS_ROOT>/official_benchmark_214/matbench_e_form_5fold/fold0/dataset/cifs/mb-mp-e-form-009945.cif,0.0364766275000003,Mg3Cu,4,
mb-mp-e-form-026327,matbench_mp_e_form,val,<RUNS_ROOT>/official_benchmark_214/matbench_e_form_5fold/fold0/dataset/cifs/mb-mp-e-form-026327.cif,-0.3167006396428578,Zr4NbAl3,16,
mb-mp-e-form-066977,matbench_mp_e_form,val,<RUNS_ROOT>/official_benchmark_214/matbench_e_form_5fold/fold0/dataset/cifs/mb-mp-e-form-066977.cif,-1.4584830059759994,Zn(OF)2,10,
mb-mp-e-form-031887,matbench_mp_e_form,val,<RUNS_ROOT>/official_benchmark_214/matbench_e_form_5fold/fold0/dataset/cifs/mb-mp-e-form-031887.cif,-0.4005495374999999,TmAl3,8,
mb-mp-e-form-122660,matbench_mp_e_form,val,<RUNS_ROOT>/official_benchmark_214/matbench_e_form_5fold/fold0/dataset/cifs/mb-mp-e-form-122660.cif,-3.0088674938756617,NaTi2(PO4)3,36,
mb-mp-e-form-085390,matbench_mp_e_form,val,<RUNS_ROOT>/official_benchmark_214/matbench_e_form_5fold/fold0/dataset/cifs/mb-mp-e-form-085390.cif,-2.016271829722222,YbCu2(MoO4)3,36,
mb-mp-e-form-001976,matbench_mp_e_form,val,<RUNS_ROOT>/official_benchmark_214/matbench_e_form_5fold/fold0/dataset/cifs/mb-mp-e-form-001976.cif,0.8184071575000003,MnSn,2,
mb-mp-e-form-069491,matbench_mp_e_form,val,<RUNS_ROOT>/official_benchmark_214/matbench_e_form_5fold/fold0/dataset/cifs/mb-mp-e-form-069491.cif,-1.5033414856944436,Ag2Ge2O5,108,
mb-mp-e-form-130305,matbench_mp_e_form,val,<RUNS_ROOT>/official_benchmark_214/matbench_e_form_5fold/fold0/dataset/cifs/mb-mp-e-form-130305.cif,-3.499718898055556,CaTa2O6,36,
mb-mp-e-form-088572,matbench_mp_e_form,val,<RUNS_ROOT>/official_benchmark_214/matbench_e_form_5fold/fold0/dataset/cifs/mb-mp-e-form-088572.cif,-2.112888884999999,V3FeO8,24,
mb-mp-e-form-023684,matbench_mp_e_form,val,<RUNS_ROOT>/official_benchmark_214/matbench_e_form_5fold/fold0/dataset/cifs/mb-mp-e-form-023684.cif,-0.2551824008333335,Ho4CdCo,24,
mb-mp-e-form-123744,matbench_mp_e_form,val,<RUNS_ROOT>/official_benchmark_214/matbench_e_form_5fold/fold0/dataset/cifs/mb-mp-e-form-123744.cif,-3.0617916155448723,CaTi5O7,26,
mb-mp-e-form-070684,matbench_mp_e_form,val,<RUNS_ROOT>/official_benchmark_214/matbench_e_form_5fold/fold0/dataset/cifs/mb-mp-e-form-070684.cif,-1.5570523197500008,Li3Fe5O12,40,
mb-mp-e-form-010312,matbench_mp_e_form,val,<RUNS_ROOT>/official_benchmark_214/matbench_e_form_5fold/fold0/dataset/cifs/mb-mp-e-form-010312.cif,0.054182039583333,AcLa3,8,
mb-mp-e-form-126042,matbench_mp_e_form,val,<RUNS_ROOT>/official_benchmark_214/matbench_e_form_5fold/fold0/dataset/cifs/mb-mp-e-form-126042.cif,-3.217487113967392,Ba5Yb2ZrAl2O13,46,
mb-mp-e-form-110373,matbench_mp_e_form,val,<RUNS_ROOT>/official_benchmark_214/matbench_e_form_5fold/fold0/dataset/cifs/mb-mp-e-form-110373.cif,-2.628227205428572,NaPO3,40,
mb-mp-e-form-095606,matbench_mp_e_form,val,<RUNS_ROOT>/official_benchmark_214/matbench_e_form_5fold/fold0/dataset/cifs/mb-mp-e-form-095606.cif,-2.305393065477143,Mn3Ni(PO4)4,24,
mb-mp-e-form-083559,matbench_mp_e_form,val,<RUNS_ROOT>/official_benchmark_214/matbench_e_form_5fold/fold0/dataset/cifs/mb-mp-e-form-083559.cif,-1.950366198093144,Li8Mn6(FeO6)3,70,
mb-mp-e-form-090814,matbench_mp_e_form,val,<RUNS_ROOT>/official_benchmark_214/matbench_e_form_5fold/fold0/dataset/cifs/mb-mp-e-form-090814.cif,-2.198009090249999,LaMgFeNiO6,20,
mb-mp-e-form-039287,matbench_mp_e_form,val,<RUNS_ROOT>/official_benchmark_214/matbench_e_form_5fold/fold0/dataset/cifs/mb-mp-e-form-039287.cif,-0.5553842483333332,LiMgSb,3,
mb-mp-e-form-126764,matbench_mp_e_form,val,<RUNS_ROOT>/official_benchmark_214/matbench_e_form_5fold/fold0/dataset/cifs/mb-mp-e-form-126764.cif,-3.241204649,MgSiO3,80,
mb-mp-e-form-125157,matbench_mp_e_form,val,<RUNS_ROOT>/official_benchmark_214/matbench_e_form_5fold/fold0/dataset/cifs/mb-mp-e-form-125157.cif,-3.1628390613970594,Nd4Re2O11,68,
mb-mp-e-form-043370,matbench_mp_e_form,val,<RUNS_ROOT>/official_benchmark_214/matbench_e_form_5fold/fold0/dataset/cifs/mb-mp-e-form-043370.cif,-0.6300706583333332,Zr2SiNi3,12,
mb-mp-e-form-127537,matbench_mp_e_form,val,<RUNS_ROOT>/official_benchmark_214/matbench_e_form_5fold/fold0/dataset/cifs/mb-mp-e-form-127537.cif,-3.2914634645833334,Sr24Ta8O43,75,
mb-mp-e-form-073479,matbench_mp_e_form,val,<RUNS_ROOT>/official_benchmark_214/matbench_e_form_5fold/fold0/dataset/cifs/mb-mp-e-form-073479.cif,-1.667243101899583,La3BCCl3,16,
mb-mp-e-form-033341,matbench_mp_e_form,val,<RUNS_ROOT>/official_benchmark_214/matbench_e_form_5fold/fold0/dataset/cifs/mb-mp-e-form-033341.cif,-0.4392091876666697,Ti2FeB2Ru2Rh3,20,
mb-mp-e-form-070902,matbench_mp_e_form,val,<RUNS_ROOT>/official_benchmark_214/matbench_e_form_5fold/fold0/dataset/cifs/mb-mp-e-form-070902.cif,-1.601776271082974,CsYbS2,8,
mb-mp-e-form-066166,matbench_mp_e_form,val,<RUNS_ROOT>/official_benchmark_214/matbench_e_form_5fold/fold0/dataset/cifs/mb-mp-e-form-066166.cif,-1.4073824960695993,V4CoH4C4(NO5)2,50,
mb-mp-e-form-038332,matbench_mp_e_form,val,<RUNS_ROOT>/official_benchmark_214/matbench_e_form_5fold/fold0/dataset/cifs/mb-mp-e-form-038332.cif,-0.5203385210714292,Er2(Ga3Ru)3,28,
mb-mp-e-form-120703,matbench_mp_e_form,val,<RUNS_ROOT>/official_benchmark_214/matbench_e_form_5fold/fold0/dataset/cifs/mb-mp-e-form-120703.cif,-2.9417771163488093,PF5,12,
mb-mp-e-form-004539,matbench_mp_e_form,val,<RUNS_ROOT>/official_benchmark_214/matbench_e_form_5fold/fold0/dataset/cifs/mb-mp-e-form-004539.cif,0.4292659027663541,TiC7(NO)12,64,
mb-mp-e-form-005929,matbench_mp_e_form,val,<RUNS_ROOT>/official_benchmark_214/matbench_e_form_5fold/fold0/dataset/cifs/mb-mp-e-form-005929.cif,0.2124806455769229,B12W,13,
mb-mp-e-form-064266,matbench_mp_e_form,val,<RUNS_ROOT>/official_benchmark_214/matbench_e_form_5fold/fold0/dataset/cifs/mb-mp-e-form-064266.cif,-1.3084235523588332,NaCaB5(H7O4)3,80,
mb-mp-e-form-015718,matbench_mp_e_form,val,<RUNS_ROOT>/official_benchmark_214/matbench_e_form_5fold/fold0/dataset/cifs/mb-mp-e-form-015718.cif,-0.0653833816666669,BaRh2,6,
mb-mp-e-form-073780,matbench_mp_e_form,val,<RUNS_ROOT>/official_benchmark_214/matbench_e_form_5fold/fold0/dataset/cifs/mb-mp-e-form-073780.cif,-1.6620013348214289,Ca2SnS4,28,
mb-mp-e-form-061309,matbench_mp_e_form,val,<RUNS_ROOT>/official_benchmark_214/matbench_e_form_5fold/fold0/dataset/cifs/mb-mp-e-form-061309.cif,-1.199780143644826,H12PdC4(NO5)2,58,
mb-mp-e-form-090901,matbench_mp_e_form,val,<RUNS_ROOT>/official_benchmark_214/matbench_e_form_5fold/fold0/dataset/cifs/mb-mp-e-form-090901.cif,-2.1956207939560004,Na2LiPrCl6,10,
mb-mp-e-form-053346,matbench_mp_e_form,val,<RUNS_ROOT>/official_benchmark_214/matbench_e_form_5fold/fold0/dataset/cifs/mb-mp-e-form-053346.cif,-0.8803288274999991,ErSbIr,12,
mb-mp-e-form-055815,matbench_mp_e_form,val,<RUNS_ROOT>/official_benchmark_214/matbench_e_form_5fold/fold0/dataset/cifs/mb-mp-e-form-055815.cif,-0.9588408180000002,Sr2CdAs2,10,
mb-mp-e-form-072182,matbench_mp_e_form,val,<RUNS_ROOT>/official_benchmark_214/matbench_e_form_5fold/fold0/dataset/cifs/mb-mp-e-form-072182.cif,-1.6363679746499984,KCo3Cu(AsO4)3,40,
mb-mp-e-form-042078,matbench_mp_e_form,val,<RUNS_ROOT>/official_benchmark_214/matbench_e_form_5fold/fold0/dataset/cifs/mb-mp-e-form-042078.cif,-0.6178637775544442,H4N2O3,36,
mb-mp-e-form-023062,matbench_mp_e_form,val,<RUNS_ROOT>/official_benchmark_214/matbench_e_form_5fold/fold0/dataset/cifs/mb-mp-e-form-023062.cif,-0.2571194412500004,Eu2MgTl,4,
mb-mp-e-form-023150,matbench_mp_e_form,val,<RUNS_ROOT>/official_benchmark_214/matbench_e_form_5fold/fold0/dataset/cifs/mb-mp-e-form-023150.cif,-0.2636683231250014,YWC2,16,
mb-mp-e-form-022868,matbench_mp_e_form,val,<RUNS_ROOT>/official_benchmark_214/matbench_e_form_5fold/fold0/dataset/cifs/mb-mp-e-form-022868.cif,-0.2328785330357146,MgNbRu2,4,
mb-mp-e-form-071966,matbench_mp_e_form,val,<RUNS_ROOT>/official_benchmark_214/matbench_e_form_5fold/fold0/dataset/cifs/mb-mp-e-form-071966.cif,-1.6307329116562506,YbSmSe3,10,
mb-mp-e-form-041520,matbench_mp_e_form,val,<RUNS_ROOT>/official_benchmark_214/matbench_e_form_5fold/fold0/dataset/cifs/mb-mp-e-form-041520.cif,-0.5944529711111117,Th5Sn4,18,
mb-mp-e-form-124683,matbench_mp_e_form,val,<RUNS_ROOT>/official_benchmark_214/matbench_e_form_5fold/fold0/dataset/cifs/mb-mp-e-form-124683.cif,-3.081183384,Ca3WO6,20,
mb-mp-e-form-072246,matbench_mp_e_form,val,<RUNS_ROOT>/official_benchmark_214/matbench_e_form_5fold/fold0/dataset/cifs/mb-mp-e-form-072246.cif,-1.6115981690731709,K4Ni7(AsO4)6,41,
mb-mp-e-form-107369,matbench_mp_e_form,val,<RUNS_ROOT>/official_benchmark_214/matbench_e_form_5fold/fold0/dataset/cifs/mb-mp-e-form-107369.cif,-2.556963168942372,Mn9Al2Si8(HO4)8,59,
mb-mp-e-form-001104,matbench_mp_e_form,val,<RUNS_ROOT>/official_benchmark_214/matbench_e_form_5fold/fold0/dataset/cifs/mb-mp-e-form-001104.cif,1.2270211125000006,YPbAu2,4,
mb-mp-e-form-118954,matbench_mp_e_form,val,<RUNS_ROOT>/official_benchmark_214/matbench_e_form_5fold/fold0/dataset/cifs/mb-mp-e-form-118954.cif,-2.896039993846983,CsLaMg30O32,64,
mb-mp-e-form-098851,matbench_mp_e_form,val,<RUNS_ROOT>/official_benchmark_214/matbench_e_form_5fold/fold0/dataset/cifs/mb-mp-e-form-098851.cif,-2.395214308955661,TiMn3Co2(PO4)6,36,
mb-mp-e-form-068511,matbench_mp_e_form,val,<RUNS_ROOT>/official_benchmark_214/matbench_e_form_5fold/fold0/dataset/cifs/mb-mp-e-form-068511.cif,-1.4735691741666663,BiO2,12,
mb-mp-e-form-102751,matbench_mp_e_form,val,<RUNS_ROOT>/official_benchmark_214/matbench_e_form_5fold/fold0/dataset/cifs/mb-mp-e-form-102751.cif,-2.44988882404762,MgCr2O4,42,
mb-mp-e-form-103065,matbench_mp_e_form,val,<RUNS_ROOT>/official_benchmark_214/matbench_e_form_5fold/fold0/dataset/cifs/mb-mp-e-form-103065.cif,-2.479818685694445,Ba3CoO5,18,
mb-mp-e-form-018885,matbench_mp_e_form,val,<RUNS_ROOT>/official_benchmark_214/matbench_e_form_5fold/fold0/dataset/cifs/mb-mp-e-form-018885.cif,-0.1361071816666665,MgNi,6,
mb-mp-e-form-037735,matbench_mp_e_form,val,<RUNS_ROOT>/official_benchmark_214/matbench_e_form_5fold/fold0/dataset/cifs/mb-mp-e-form-037735.cif,-0.5066278549815391,Ag4Te(NO3)2,52,
mb-mp-e-form-026919,matbench_mp_e_form,val,<RUNS_ROOT>/official_benchmark_214/matbench_e_form_5fold/fold0/dataset/cifs/mb-mp-e-form-026919.cif,-0.3253817923809531,TiGa5Co,7,
mb-mp-e-form-069327,matbench_mp_e_form,val,<RUNS_ROOT>/official_benchmark_214/matbench_e_form_5fold/fold0/dataset/cifs/mb-mp-e-form-069327.cif,-1.5161515608333336,SbO2,24,
mb-mp-e-form-088303,matbench_mp_e_form,val,<RUNS_ROOT>/official_benchmark_214/matbench_e_form_5fold/fold0/dataset/cifs/mb-mp-e-form-088303.cif,-2.0901523268124995,Nd3S2Br5,40,
mb-mp-e-form-003084,matbench_mp_e_form,val,<RUNS_ROOT>/official_benchmark_214/matbench_e_form_5fold/fold0/dataset/cifs/mb-mp-e-form-003084.cif,0.6566222762500001,NaLi2Hg,4,
mb-mp-e-form-040079,matbench_mp_e_form,val,<RUNS_ROOT>/official_benchmark_214/matbench_e_form_5fold/fold0/dataset/cifs/mb-mp-e-form-040079.cif,-0.5742557319095237,Re3(Cl5O4)2,84,
mb-mp-e-form-015043,matbench_mp_e_form,val,<RUNS_ROOT>/official_benchmark_214/matbench_e_form_5fold/fold0/dataset/cifs/mb-mp-e-form-015043.cif,-0.0786811250000001,Mg2Ga,12,
mb-mp-e-form-078759,matbench_mp_e_form,val,<RUNS_ROOT>/official_benchmark_214/matbench_e_form_5fold/fold0/dataset/cifs/mb-mp-e-form-078759.cif,-1.83270280025,CdSnO3,20,
mb-mp-e-form-129619,matbench_mp_e_form,val,<RUNS_ROOT>/official_benchmark_214/matbench_e_form_5fold/fold0/dataset/cifs/mb-mp-e-form-129619.cif,-3.429268347857142,Ca2SiO4,28,
mb-mp-e-form-041768,matbench_mp_e_form,val,<RUNS_ROOT>/official_benchmark_214/matbench_e_form_5fold/fold0/dataset/cifs/mb-mp-e-form-041768.cif,-0.5911320164079996,CuH8C2NCl3,60,
mb-mp-e-form-126139,matbench_mp_e_form,val,<RUNS_ROOT>/official_benchmark_214/matbench_e_form_5fold/fold0/dataset/cifs/mb-mp-e-form-126139.cif,-3.2119356600602864,CaLaMnNbO6,20,
mb-mp-e-form-066570,matbench_mp_e_form,val,<RUNS_ROOT>/official_benchmark_214/matbench_e_form_5fold/fold0/dataset/cifs/mb-mp-e-form-066570.cif,-1.4124618150249653,RbCuCl3,10,
mb-mp-e-form-059795,matbench_mp_e_form,val,<RUNS_ROOT>/official_benchmark_214/matbench_e_form_5fold/fold0/dataset/cifs/mb-mp-e-form-059795.cif,-1.106827042857143,Co2HgO4,28,
mb-mp-e-form-099646,matbench_mp_e_form,val,<RUNS_ROOT>/official_benchmark_214/matbench_e_form_5fold/fold0/dataset/cifs/mb-mp-e-form-099646.cif,-2.387568609234695,LiCoPO4,28,
mb-mp-e-form-043715,matbench_mp_e_form,val,<RUNS_ROOT>/official_benchmark_214/matbench_e_form_5fold/fold0/dataset/cifs/mb-mp-e-form-043715.cif,-0.6314756278833329,CoH32C8S4(NO5)2,114,
mb-mp-e-form-120622,matbench_mp_e_form,val,<RUNS_ROOT>/official_benchmark_214/matbench_e_form_5fold/fold0/dataset/cifs/mb-mp-e-form-120622.cif,-2.9295661351388893,Sr3GeO5,18,
mb-mp-e-form-123601,matbench_mp_e_form,val,<RUNS_ROOT>/official_benchmark_214/matbench_e_form_5fold/fold0/dataset/cifs/mb-mp-e-form-123601.cif,-3.029610337840909,Sm2Ge2O7,44,
mb-mp-e-form-112197,matbench_mp_e_form,val,<RUNS_ROOT>/official_benchmark_214/matbench_e_form_5fold/fold0/dataset/cifs/mb-mp-e-form-112197.cif,-2.6904907134419984,BaYMn2O6,20,
mb-mp-e-form-119697,matbench_mp_e_form,val,<RUNS_ROOT>/official_benchmark_214/matbench_e_form_5fold/fold0/dataset/cifs/mb-mp-e-form-119697.cif,-2.905337530060909,Dy2Mn2O7,22,
mb-mp-e-form-071015,matbench_mp_e_form,val,<RUNS_ROOT>/official_benchmark_214/matbench_e_form_5fold/fold0/dataset/cifs/mb-mp-e-form-071015.cif,-1.5982041561038962,CaPIO8,22,
mb-mp-e-form-015751,matbench_mp_e_form,val,<RUNS_ROOT>/official_benchmark_214/matbench_e_form_5fold/fold0/dataset/cifs/mb-mp-e-form-015751.cif,-0.0741608953125005,Fe13Ge3,16,
mb-mp-e-form-054228,matbench_mp_e_form,val,<RUNS_ROOT>/official_benchmark_214/matbench_e_form_5fold/fold0/dataset/cifs/mb-mp-e-form-054228.cif,-0.9091052169,Ni(BO3)6,50,
mb-mp-e-form-100558,matbench_mp_e_form,val,<RUNS_ROOT>/official_benchmark_214/matbench_e_form_5fold/fold0/dataset/cifs/mb-mp-e-form-100558.cif,-2.423487395817144,Li4Ti3Mn3(CoO8)2,28,
mb-mp-e-form-053824,matbench_mp_e_form,val,<RUNS_ROOT>/official_benchmark_214/matbench_e_form_5fold/fold0/dataset/cifs/mb-mp-e-form-053824.cif,-0.8865819441666671,TiSiRu2,4,
mb-mp-e-form-120381,matbench_mp_e_form,val,<RUNS_ROOT>/official_benchmark_214/matbench_e_form_5fold/fold0/dataset/cifs/mb-mp-e-form-120381.cif,-2.9369902506342367,RbTm(PO3)4,72,
mb-mp-e-form-115739,matbench_mp_e_form,val,<RUNS_ROOT>/official_benchmark_214/matbench_e_form_5fold/fold0/dataset/cifs/mb-mp-e-form-115739.cif,-2.7807003967499995,Ca2TaCuO6,20,
mb-mp-e-form-110327,matbench_mp_e_form,val,<RUNS_ROOT>/official_benchmark_214/matbench_e_form_5fold/fold0/dataset/cifs/mb-mp-e-form-110327.cif,-2.625629247561852,KBCF6,36,
mb-mp-e-form-042395,matbench_mp_e_form,val,<RUNS_ROOT>/official_benchmark_214/matbench_e_form_5fold/fold0/dataset/cifs/mb-mp-e-form-042395.cif,-0.6134967644155839,Na4Eu2SnP4,22,
mb-mp-e-form-029510,matbench_mp_e_form,val,<RUNS_ROOT>/official_benchmark_214/matbench_e_form_5fold/fold0/dataset/cifs/mb-mp-e-form-029510.cif,-0.3706817877698416,K3InP2,12,
mb-mp-e-form-041010,matbench_mp_e_form,val,<RUNS_ROOT>/official_benchmark_214/matbench_e_form_5fold/fold0/dataset/cifs/mb-mp-e-form-041010.cif,-0.5966233466666656,HfCrSi,12,
mb-mp-e-form-126528,matbench_mp_e_form,val,<RUNS_ROOT>/official_benchmark_214/matbench_e_form_5fold/fold0/dataset/cifs/mb-mp-e-form-126528.cif,-3.227993021043956,Na2Ca17V2(PO4)14,182,
mb-mp-e-form-117485,matbench_mp_e_form,val,<RUNS_ROOT>/official_benchmark_214/matbench_e_form_5fold/fold0/dataset/cifs/mb-mp-e-form-117485.cif,-2.8257763653333337,Ca8V7ZnBiO28,90,
mb-mp-e-form-072060,matbench_mp_e_form,val,<RUNS_ROOT>/official_benchmark_214/matbench_e_form_5fold/fold0/dataset/cifs/mb-mp-e-form-072060.cif,-1.6340268969140626,Na6Zn3As4O19,128,
mb-mp-e-form-011754,matbench_mp_e_form,val,<RUNS_ROOT>/official_benchmark_214/matbench_e_form_5fold/fold0/dataset/cifs/mb-mp-e-form-011754.cif,0.016413355,Li,8,
mb-mp-e-form-019044,matbench_mp_e_form,val,<RUNS_ROOT>/official_benchmark_214/matbench_e_form_5fold/fold0/dataset/cifs/mb-mp-e-form-019044.cif,-0.1740403531435298,LiMg(AlH4)3,68,
mb-mp-e-form-026394,matbench_mp_e_form,val,<RUNS_ROOT>/official_benchmark_214/matbench_e_form_5fold/fold0/dataset/cifs/mb-mp-e-form-026394.cif,-0.319957610555555,MnFeB,6,
mb-mp-e-form-070027,matbench_mp_e_form,val,<RUNS_ROOT>/official_benchmark_214/matbench_e_form_5fold/fold0/dataset/cifs/mb-mp-e-form-070027.cif,-1.5437401455926725,CsDy2Cu3S5,22,
mb-mp-e-form-016973,matbench_mp_e_form,val,<RUNS_ROOT>/official_benchmark_214/matbench_e_form_5fold/fold0/dataset/cifs/mb-mp-e-form-016973.cif,-0.120235324865833,InSiCN,8,
mb-mp-e-form-080597,matbench_mp_e_form,val,<RUNS_ROOT>/official_benchmark_214/matbench_e_form_5fold/fold0/dataset/cifs/mb-mp-e-form-080597.cif,-1.864584539205279,NaH3C4S4(OF)12,144,
mb-mp-e-form-098099,matbench_mp_e_form,val,<RUNS_ROOT>/official_benchmark_214/matbench_e_form_5fold/fold0/dataset/cifs/mb-mp-e-form-098099.cif,-2.361231528173078,Ca2La5Sb5O14,26,
mb-mp-e-form-055668,matbench_mp_e_form,val,<RUNS_ROOT>/official_benchmark_214/matbench_e_form_5fold/fold0/dataset/cifs/mb-mp-e-form-055668.cif,-0.9497133521088444,Ca3InP3,28,
mb-mp-e-form-027531,matbench_mp_e_form,val,<RUNS_ROOT>/official_benchmark_214/matbench_e_form_5fold/fold0/dataset/cifs/mb-mp-e-form-027531.cif,-0.3282169674999995,CeAl,8,
mb-mp-e-form-047293,matbench_mp_e_form,val,<RUNS_ROOT>/official_benchmark_214/matbench_e_form_5fold/fold0/dataset/cifs/mb-mp-e-form-047293.cif,-0.7166925133333327,TiAsRu,18,
mb-mp-e-form-046097,matbench_mp_e_form,val,<RUNS_ROOT>/official_benchmark_214/matbench_e_form_5fold/fold0/dataset/cifs/mb-mp-e-form-046097.cif,-0.6854655437499995,CeAs3,4,
mb-mp-e-form-029230,matbench_mp_e_form,val,<RUNS_ROOT>/official_benchmark_214/matbench_e_form_5fold/fold0/dataset/cifs/mb-mp-e-form-029230.cif,-0.3592700567159994,KLa2N7,40,
mb-mp-e-form-015325,matbench_mp_e_form,val,<RUNS_ROOT>/official_benchmark_214/matbench_e_form_5fold/fold0/dataset/cifs/mb-mp-e-form-015325.cif,-0.0669510137499997,CeCuSi2,8,
mb-mp-e-form-015294,matbench_mp_e_form,val,<RUNS_ROOT>/official_benchmark_214/matbench_e_form_5fold/fold0/dataset/cifs/mb-mp-e-form-015294.cif,-0.0774315430000001,La6Fe13Sn,40,
mb-mp-e-form-097970,matbench_mp_e_form,val,<RUNS_ROOT>/official_benchmark_214/matbench_e_form_5fold/fold0/dataset/cifs/mb-mp-e-form-097970.cif,-2.374314800656563,Na3FeS2(O4F)2,64,
mb-mp-e-form-023005,matbench_mp_e_form,val,<RUNS_ROOT>/official_benchmark_214/matbench_e_form_5fold/fold0/dataset/cifs/mb-mp-e-form-023005.cif,-0.251644315,FeTeAs,12,
mb-mp-e-form-115435,matbench_mp_e_form,val,<RUNS_ROOT>/official_benchmark_214/matbench_e_form_5fold/fold0/dataset/cifs/mb-mp-e-form-115435.cif,-2.76862792747263,CaAl2Si2(H2O5)2,38,
mb-mp-e-form-081059,matbench_mp_e_form,val,<RUNS_ROOT>/official_benchmark_214/matbench_e_form_5fold/fold0/dataset/cifs/mb-mp-e-form-081059.cif,-1.8821350973716664,Li7Mn2(CoO4)3,24,
mb-mp-e-form-102206,matbench_mp_e_form,val,<RUNS_ROOT>/official_benchmark_214/matbench_e_form_5fold/fold0/dataset/cifs/mb-mp-e-form-102206.cif,-2.4602540244072952,Li6Co5(P2O7)4,94,
mb-mp-e-form-093622,matbench_mp_e_form,val,<RUNS_ROOT>/official_benchmark_214/matbench_e_form_5fold/fold0/dataset/cifs/mb-mp-e-form-093622.cif,-2.2373072139328563,Mn7Sb(PO4)12,68,
mb-mp-e-form-130697,matbench_mp_e_form,val,<RUNS_ROOT>/official_benchmark_214/matbench_e_form_5fold/fold0/dataset/cifs/mb-mp-e-form-130697.cif,-3.521615201249999,PrHfO4,48,
mb-mp-e-form-120290,matbench_mp_e_form,val,<RUNS_ROOT>/official_benchmark_214/matbench_e_form_5fold/fold0/dataset/cifs/mb-mp-e-form-120290.cif,-2.935499099460785,NdZn(BO2)5,68,
mb-mp-e-form-130147,matbench_mp_e_form,val,<RUNS_ROOT>/official_benchmark_214/matbench_e_form_5fold/fold0/dataset/cifs/mb-mp-e-form-130147.cif,-3.4998952720833336,LuBO3,10,
mb-mp-e-form-120925,matbench_mp_e_form,val,<RUNS_ROOT>/official_benchmark_214/matbench_e_form_5fold/fold0/dataset/cifs/mb-mp-e-form-120925.cif,-2.9778530965234373,LiMg30WO32,64,
mb-mp-e-form-108083,matbench_mp_e_form,val,<RUNS_ROOT>/official_benchmark_214/matbench_e_form_5fold/fold0/dataset/cifs/mb-mp-e-form-108083.cif,-2.590021486083333,Ba3CeIr2O9,30,
mb-mp-e-form-039175,matbench_mp_e_form,test,<RUNS_ROOT>/official_benchmark_214/matbench_e_form_5fold/fold0/dataset/cifs/mb-mp-e-form-039175.cif,-0.5412019119444457,UFeB4,24,
mb-mp-e-form-028901,matbench_mp_e_form,test,<RUNS_ROOT>/official_benchmark_214/matbench_e_form_5fold/fold0/dataset/cifs/mb-mp-e-form-028901.cif,-0.3412693367968753,TlCdSe2,4,
mb-mp-e-form-030878,matbench_mp_e_form,test,<RUNS_ROOT>/official_benchmark_214/matbench_e_form_5fold/fold0/dataset/cifs/mb-mp-e-form-030878.cif,-0.3869530537500001,Tm2CdHg,4,
mb-mp-e-form-100112,matbench_mp_e_form,test,<RUNS_ROOT>/official_benchmark_214/matbench_e_form_5fold/fold0/dataset/cifs/mb-mp-e-form-100112.cif,-2.408843572973651,K2FeP2H3(O4F)2,36,
mb-mp-e-form-105121,matbench_mp_e_form,test,<RUNS_ROOT>/official_benchmark_214/matbench_e_form_5fold/fold0/dataset/cifs/mb-mp-e-form-105121.cif,-2.5232085635576924,NaLaTa2O9,13,
mb-mp-e-form-122560,matbench_mp_e_form,test,<RUNS_ROOT>/official_benchmark_214/matbench_e_form_5fold/fold0/dataset/cifs/mb-mp-e-form-122560.cif,-3.017014742492308,Li2Mn3F8,52,
mb-mp-e-form-111891,matbench_mp_e_form,test,<RUNS_ROOT>/official_benchmark_214/matbench_e_form_5fold/fold0/dataset/cifs/mb-mp-e-form-111891.cif,-2.686744036782966,Rb2GaCuF6,10,
mb-mp-e-form-063381,matbench_mp_e_form,test,<RUNS_ROOT>/official_benchmark_214/matbench_e_form_5fold/fold0/dataset/cifs/mb-mp-e-form-063381.cif,-1.2521903983967242,CsCNO,8,
mb-mp-e-form-100541,matbench_mp_e_form,test,<RUNS_ROOT>/official_benchmark_214/matbench_e_form_5fold/fold0/dataset/cifs/mb-mp-e-form-100541.cif,-2.4181434431250004,Li4VCr3O8,32,
mb-mp-e-form-128023,matbench_mp_e_form,test,<RUNS_ROOT>/official_benchmark_214/matbench_e_form_5fold/fold0/dataset/cifs/mb-mp-e-form-128023.cif,-3.3085325906175007,Y6Ge2O13F3,24,
mb-mp-e-form-053223,matbench_mp_e_form,test,<RUNS_ROOT>/official_benchmark_214/matbench_e_form_5fold/fold0/dataset/cifs/mb-mp-e-form-053223.cif,-0.8755824506895242,Hg3H4(IO6)2,84,
mb-mp-e-form-098527,matbench_mp_e_form,test,<RUNS_ROOT>/official_benchmark_214/matbench_e_form_5fold/fold0/dataset/cifs/mb-mp-e-form-098527.cif,-2.36590244228022,Li3FePCO7,52,
mb-mp-e-form-107035,matbench_mp_e_form,test,<RUNS_ROOT>/official_benchmark_214/matbench_e_form_5fold/fold0/dataset/cifs/mb-mp-e-form-107035.cif,-2.552577016071428,SrNdNiO4,14,
mb-mp-e-form-058732,matbench_mp_e_form,test,<RUNS_ROOT>/official_benchmark_214/matbench_e_form_5fold/fold0/dataset/cifs/mb-mp-e-form-058732.cif,-1.0767667395833334,Ag2CO3,36,
mb-mp-e-form-029172,matbench_mp_e_form,test,<RUNS_ROOT>/official_benchmark_214/matbench_e_form_5fold/fold0/dataset/cifs/mb-mp-e-form-029172.cif,-0.3593780991421432,AgH2CS2N,28,
mb-mp-e-form-081962,matbench_mp_e_form,test,<RUNS_ROOT>/official_benchmark_214/matbench_e_form_5fold/fold0/dataset/cifs/mb-mp-e-form-081962.cif,-1.9132336023716665,Li7Mn2(CoO4)3,24,
mb-mp-e-form-016827,matbench_mp_e_form,test,<RUNS_ROOT>/official_benchmark_214/matbench_e_form_5fold/fold0/dataset/cifs/mb-mp-e-form-016827.cif,-0.1027624000000004,HfCdCu2,4,
mb-mp-e-form-049070,matbench_mp_e_form,test,<RUNS_ROOT>/official_benchmark_214/matbench_e_form_5fold/fold0/dataset/cifs/mb-mp-e-form-049070.cif,-0.7658062668135289,Na11N7O16,34,
mb-mp-e-form-013446,matbench_mp_e_form,test,<RUNS_ROOT>/official_benchmark_214/matbench_e_form_5fold/fold0/dataset/cifs/mb-mp-e-form-013446.cif,-0.0218304104343332,FeC4S2N3O5,30,
mb-mp-e-form-015495,matbench_mp_e_form,test,<RUNS_ROOT>/official_benchmark_214/matbench_e_form_5fold/fold0/dataset/cifs/mb-mp-e-form-015495.cif,-0.0797642884722217,Li13Zn11Ge12,36,
mb-mp-e-form-030457,matbench_mp_e_form,test,<RUNS_ROOT>/official_benchmark_214/matbench_e_form_5fold/fold0/dataset/cifs/mb-mp-e-form-030457.cif,-0.3795827583333331,LaAl2Cu3,6,
mb-mp-e-form-043292,matbench_mp_e_form,test,<RUNS_ROOT>/official_benchmark_214/matbench_e_form_5fold/fold0/dataset/cifs/mb-mp-e-form-043292.cif,-0.6219456533333331,DyAlSi,6,
mb-mp-e-form-040905,matbench_mp_e_form,test,<RUNS_ROOT>/official_benchmark_214/matbench_e_form_5fold/fold0/dataset/cifs/mb-mp-e-form-040905.cif,-0.5892117147500002,HgRhO3,5,
mb-mp-e-form-058348,matbench_mp_e_form,test,<RUNS_ROOT>/official_benchmark_214/matbench_e_form_5fold/fold0/dataset/cifs/mb-mp-e-form-058348.cif,-1.078385896607143,VCrCuS4,14,
mb-mp-e-form-069796,matbench_mp_e_form,test,<RUNS_ROOT>/official_benchmark_214/matbench_e_form_5fold/fold0/dataset/cifs/mb-mp-e-form-069796.cif,-1.5314291202675,LiAgF6,32,
mb-mp-e-form-077835,matbench_mp_e_form,test,<RUNS_ROOT>/official_benchmark_214/matbench_e_form_5fold/fold0/dataset/cifs/mb-mp-e-form-077835.cif,-1.8214848161538464,Mg2Bi3O8,26,
mb-mp-e-form-089164,matbench_mp_e_form,test,<RUNS_ROOT>/official_benchmark_214/matbench_e_form_5fold/fold0/dataset/cifs/mb-mp-e-form-089164.cif,-2.135879094151836,Mn2PO4,28,
mb-mp-e-form-055544,matbench_mp_e_form,test,<RUNS_ROOT>/official_benchmark_214/matbench_e_form_5fold/fold0/dataset/cifs/mb-mp-e-form-055544.cif,-0.9333863687799336,CsBi3S5,36,
mb-mp-e-form-124154,matbench_mp_e_form,test,<RUNS_ROOT>/official_benchmark_214/matbench_e_form_5fold/fold0/dataset/cifs/mb-mp-e-form-124154.cif,-3.098685000357144,CaNdGaO4,14,
mb-mp-e-form-031158,matbench_mp_e_form,test,<RUNS_ROOT>/official_benchmark_214/matbench_e_form_5fold/fold0/dataset/cifs/mb-mp-e-form-031158.cif,-0.3934147181890908,BaReH9,22,
mb-mp-e-form-115734,matbench_mp_e_form,test,<RUNS_ROOT>/official_benchmark_214/matbench_e_form_5fold/fold0/dataset/cifs/mb-mp-e-form-115734.cif,-2.7812829197500006,La2MgNiO6,10,
mb-mp-e-form-114566,matbench_mp_e_form,test,<RUNS_ROOT>/official_benchmark_214/matbench_e_form_5fold/fold0/dataset/cifs/mb-mp-e-form-114566.cif,-2.7396202711325004,MnF3,16,
mb-mp-e-form-063917,matbench_mp_e_form,test,<RUNS_ROOT>/official_benchmark_214/matbench_e_form_5fold/fold0/dataset/cifs/mb-mp-e-form-063917.cif,-1.3219579903571426,Ca(AgO2)2,28,
mb-mp-e-form-001500,matbench_mp_e_form,test,<RUNS_ROOT>/official_benchmark_214/matbench_e_form_5fold/fold0/dataset/cifs/mb-mp-e-form-001500.cif,1.133497492395832,CuCS,12,
mb-mp-e-form-042274,matbench_mp_e_form,test,<RUNS_ROOT>/official_benchmark_214/matbench_e_form_5fold/fold0/dataset/cifs/mb-mp-e-form-042274.cif,-0.6013852094897959,Y(ZnP)3,14,
mb-mp-e-form-113504,matbench_mp_e_form,test,<RUNS_ROOT>/official_benchmark_214/matbench_e_form_5fold/fold0/dataset/cifs/mb-mp-e-form-113504.cif,-2.7192484978703177,Li2VPO4F,72,
mb-mp-e-form-080426,matbench_mp_e_form,test,<RUNS_ROOT>/official_benchmark_214/matbench_e_form_5fold/fold0/dataset/cifs/mb-mp-e-form-080426.cif,-1.8749812940234367,Bi13Mo6(AsO14)3,128,
mb-mp-e-form-013534,matbench_mp_e_form,test,<RUNS_ROOT>/official_benchmark_214/matbench_e_form_5fold/fold0/dataset/cifs/mb-mp-e-form-013534.cif,-0.0247539190384622,YFe6Co5W,13,
mb-mp-e-form-088339,matbench_mp_e_form,test,<RUNS_ROOT>/official_benchmark_214/matbench_e_form_5fold/fold0/dataset/cifs/mb-mp-e-form-088339.cif,-2.0991277722204966,Co3Ag2(P2O7)2,46,
mb-mp-e-form-051916,matbench_mp_e_form,test,<RUNS_ROOT>/official_benchmark_214/matbench_e_form_5fold/fold0/dataset/cifs/mb-mp-e-form-051916.cif,-0.840208960857143,Zr(NiP)2,5,
mb-mp-e-form-096679,matbench_mp_e_form,test,<RUNS_ROOT>/official_benchmark_214/matbench_e_form_5fold/fold0/dataset/cifs/mb-mp-e-form-096679.cif,-2.315906682321429,V2O5,14,
mb-mp-e-form-104549,matbench_mp_e_form,test,<RUNS_ROOT>/official_benchmark_214/matbench_e_form_5fold/fold0/dataset/cifs/mb-mp-e-form-104549.cif,-2.488438560304622,SnP6(WO8)3,34,
mb-mp-e-form-014306,matbench_mp_e_form,test,<RUNS_ROOT>/official_benchmark_214/matbench_e_form_5fold/fold0/dataset/cifs/mb-mp-e-form-014306.cif,-0.0331199949999998,V3Cr,4,
mb-mp-e-form-048237,matbench_mp_e_form,test,<RUNS_ROOT>/official_benchmark_214/matbench_e_form_5fold/fold0/dataset/cifs/mb-mp-e-form-048237.cif,-0.7544691926587311,PrCo5P3,36,
mb-mp-e-form-030691,matbench_mp_e_form,test,<RUNS_ROOT>/official_benchmark_214/matbench_e_form_5fold/fold0/dataset/cifs/mb-mp-e-form-030691.cif,-0.3852055177500005,Np(SiNi)2,5,
mb-mp-e-form-091304,matbench_mp_e_form,test,<RUNS_ROOT>/official_benchmark_214/matbench_e_form_5fold/fold0/dataset/cifs/mb-mp-e-form-091304.cif,-2.1806452399,Li2Cu5(Si2O7)2,25,
mb-mp-e-form-052239,matbench_mp_e_form,test,<RUNS_ROOT>/official_benchmark_214/matbench_e_form_5fold/fold0/dataset/cifs/mb-mp-e-form-052239.cif,-0.8465394741,Na5(AsO9)2,50,
mb-mp-e-form-084985,matbench_mp_e_form,test,<RUNS_ROOT>/official_benchmark_214/matbench_e_form_5fold/fold0/dataset/cifs/mb-mp-e-form-084985.cif,-2.0167929348512046,Na4Mn2C4SO16,54,
mb-mp-e-form-004917,matbench_mp_e_form,test,<RUNS_ROOT>/official_benchmark_214/matbench_e_form_5fold/fold0/dataset/cifs/mb-mp-e-form-004917.cif,0.4359939488100011,OsN,4,
mb-mp-e-form-001914,matbench_mp_e_form,test,<RUNS_ROOT>/official_benchmark_214/matbench_e_form_5fold/fold0/dataset/cifs/mb-mp-e-form-001914.cif,1.1707320487499993,LaEuZn2,4,
mb-mp-e-form-092733,matbench_mp_e_form,test,<RUNS_ROOT>/official_benchmark_214/matbench_e_form_5fold/fold0/dataset/cifs/mb-mp-e-form-092733.cif,-2.1995198222222223,CaFeWO6,18,
mb-mp-e-form-037305,matbench_mp_e_form,test,<RUNS_ROOT>/official_benchmark_214/matbench_e_form_5fold/fold0/dataset/cifs/mb-mp-e-form-037305.cif,-0.5065858328409095,Dy3Ga15Ru4,88,
mb-mp-e-form-034142,matbench_mp_e_form,test,<RUNS_ROOT>/official_benchmark_214/matbench_e_form_5fold/fold0/dataset/cifs/mb-mp-e-form-034142.cif,-0.4591371043750003,Ce5Ga2Ge,16,
mb-mp-e-form-087474,matbench_mp_e_form,test,<RUNS_ROOT>/official_benchmark_214/matbench_e_form_5fold/fold0/dataset/cifs/mb-mp-e-form-087474.cif,-2.0642840821412194,Mg4Al3(HO)17,41,
mb-mp-e-form-019741,matbench_mp_e_form,test,<RUNS_ROOT>/official_benchmark_214/matbench_e_form_5fold/fold0/dataset/cifs/mb-mp-e-form-019741.cif,-0.1764606018750001,Ca3Hg,16,
mb-mp-e-form-050963,matbench_mp_e_form,test,<RUNS_ROOT>/official_benchmark_214/matbench_e_form_5fold/fold0/dataset/cifs/mb-mp-e-form-050963.cif,-0.8146150250000005,Eu(AsPd)2,5,
mb-mp-e-form-045758,matbench_mp_e_form,test,<RUNS_ROOT>/official_benchmark_214/matbench_e_form_5fold/fold0/dataset/cifs/mb-mp-e-form-045758.cif,-0.668509711149333,H6PtN2ClO5,120,
mb-mp-e-form-073464,matbench_mp_e_form,test,<RUNS_ROOT>/official_benchmark_214/matbench_e_form_5fold/fold0/dataset/cifs/mb-mp-e-form-073464.cif,-1.64915697125,GePb3O5,9,
mb-mp-e-form-056425,matbench_mp_e_form,test,<RUNS_ROOT>/official_benchmark_214/matbench_e_form_5fold/fold0/dataset/cifs/mb-mp-e-form-056425.cif,-0.9730216059259268,ErSi3Rh5,54,
mb-mp-e-form-081743,matbench_mp_e_form,test,<RUNS_ROOT>/official_benchmark_214/matbench_e_form_5fold/fold0/dataset/cifs/mb-mp-e-form-081743.cif,-1.8819127424733333,Co3(OF2)2,18,
mb-mp-e-form-083525,matbench_mp_e_form,test,<RUNS_ROOT>/official_benchmark_214/matbench_e_form_5fold/fold0/dataset/cifs/mb-mp-e-form-083525.cif,-1.9532080610379992,LiMn3O6,40,
mb-mp-e-form-007579,matbench_mp_e_form,test,<RUNS_ROOT>/official_benchmark_214/matbench_e_form_5fold/fold0/dataset/cifs/mb-mp-e-form-007579.cif,0.1494703569642861,Ga3P,4,
mb-mp-e-form-066045,matbench_mp_e_form,test,<RUNS_ROOT>/official_benchmark_214/matbench_e_form_5fold/fold0/dataset/cifs/mb-mp-e-form-066045.cif,-1.4078102591900514,BaP2S2O9,28,
mb-mp-e-form-098104,matbench_mp_e_form,test,<RUNS_ROOT>/official_benchmark_214/matbench_e_form_5fold/fold0/dataset/cifs/mb-mp-e-form-098104.cif,-2.365419593624999,BaSr4(FeO2)5,20,
mb-mp-e-form-017403,matbench_mp_e_form,test,<RUNS_ROOT>/official_benchmark_214/matbench_e_form_5fold/fold0/dataset/cifs/mb-mp-e-form-017403.cif,-0.1312889008333329,Mn2CdTe3,6,
mb-mp-e-form-073634,matbench_mp_e_form,test,<RUNS_ROOT>/official_benchmark_214/matbench_e_form_5fold/fold0/dataset/cifs/mb-mp-e-form-073634.cif,-1.6706698900000003,Mg2Co7O12,42,
mb-mp-e-form-067689,matbench_mp_e_form,test,<RUNS_ROOT>/official_benchmark_214/matbench_e_form_5fold/fold0/dataset/cifs/mb-mp-e-form-067689.cif,-1.4412903082954551,Li6MnS4,22,
mb-mp-e-form-024877,matbench_mp_e_form,test,<RUNS_ROOT>/official_benchmark_214/matbench_e_form_5fold/fold0/dataset/cifs/mb-mp-e-form-024877.cif,-0.2867303899999998,PaAgAu2,4,
mb-mp-e-form-058721,matbench_mp_e_form,test,<RUNS_ROOT>/official_benchmark_214/matbench_e_form_5fold/fold0/dataset/cifs/mb-mp-e-form-058721.cif,-1.0557325312784371,MoSe2Cl4O,64,
mb-mp-e-form-088812,matbench_mp_e_form,test,<RUNS_ROOT>/official_benchmark_214/matbench_e_form_5fold/fold0/dataset/cifs/mb-mp-e-form-088812.cif,-2.143686046030909,MgMn4O6,22,
mb-mp-e-form-085510,matbench_mp_e_form,test,<RUNS_ROOT>/official_benchmark_214/matbench_e_form_5fold/fold0/dataset/cifs/mb-mp-e-form-085510.cif,-2.0067548794826666,Na2SnGe2(HO4)2,30,
mb-mp-e-form-051925,matbench_mp_e_form,test,<RUNS_ROOT>/official_benchmark_214/matbench_e_form_5fold/fold0/dataset/cifs/mb-mp-e-form-051925.cif,-0.8522158701785715,Al(FeS2)2,14,
mb-mp-e-form-034522,matbench_mp_e_form,test,<RUNS_ROOT>/official_benchmark_214/matbench_e_form_5fold/fold0/dataset/cifs/mb-mp-e-form-034522.cif,-0.4520352588888888,SrIn2,6,
mb-mp-e-form-040733,matbench_mp_e_form,test,<RUNS_ROOT>/official_benchmark_214/matbench_e_form_5fold/fold0/dataset/cifs/mb-mp-e-form-040733.cif,-0.5745097065178572,Hg2Pb(SBr)2,28,
mb-mp-e-form-088525,matbench_mp_e_form,test,<RUNS_ROOT>/official_benchmark_214/matbench_e_form_5fold/fold0/dataset/cifs/mb-mp-e-form-088525.cif,-2.1018150900793646,FeNi(PO4)2,36,
mb-mp-e-form-078618,matbench_mp_e_form,test,<RUNS_ROOT>/official_benchmark_214/matbench_e_form_5fold/fold0/dataset/cifs/mb-mp-e-form-078618.cif,-1.8223938086931823,K5NaFe2(CO2)12,176,
mb-mp-e-form-026438,matbench_mp_e_form,test,<RUNS_ROOT>/official_benchmark_214/matbench_e_form_5fold/fold0/dataset/cifs/mb-mp-e-form-026438.cif,-0.3056614574999997,Eu2Co5Ge3,10,
mb-mp-e-form-037036,matbench_mp_e_form,test,<RUNS_ROOT>/official_benchmark_214/matbench_e_form_5fold/fold0/dataset/cifs/mb-mp-e-form-037036.cif,-0.5160193235294109,Y4Ga12Fe,17,
mb-mp-e-form-022540,matbench_mp_e_form,test,<RUNS_ROOT>/official_benchmark_214/matbench_e_form_5fold/fold0/dataset/cifs/mb-mp-e-form-022540.cif,-0.2346234426923082,Mn3Al10,26,
mb-mp-e-form-025548,matbench_mp_e_form,test,<RUNS_ROOT>/official_benchmark_214/matbench_e_form_5fold/fold0/dataset/cifs/mb-mp-e-form-025548.cif,-0.2890724320833335,InGaTe2,8,
mb-mp-e-form-093083,matbench_mp_e_form,test,<RUNS_ROOT>/official_benchmark_214/matbench_e_form_5fold/fold0/dataset/cifs/mb-mp-e-form-093083.cif,-2.243566212836145,SmB7H7O17,64,
mb-mp-e-form-025927,matbench_mp_e_form,test,<RUNS_ROOT>/official_benchmark_214/matbench_e_form_5fold/fold0/dataset/cifs/mb-mp-e-form-025927.cif,-0.310967230520833,Te4Mo2WSe2,9,
mb-mp-e-form-043557,matbench_mp_e_form,test,<RUNS_ROOT>/official_benchmark_214/matbench_e_form_5fold/fold0/dataset/cifs/mb-mp-e-form-043557.cif,-0.6269104096428575,Hf3(NbGe2)2,36,
mb-mp-e-form-003022,matbench_mp_e_form,test,<RUNS_ROOT>/official_benchmark_214/matbench_e_form_5fold/fold0/dataset/cifs/mb-mp-e-form-003022.cif,0.4762447433333345,MnCoSn,6,
mb-mp-e-form-131623,matbench_mp_e_form,test,<RUNS_ROOT>/official_benchmark_214/matbench_e_form_5fold/fold0/dataset/cifs/mb-mp-e-form-131623.cif,-3.8190141700925913,ThU8O18,27,
mb-mp-e-form-019793,matbench_mp_e_form,test,<RUNS_ROOT>/official_benchmark_214/matbench_e_form_5fold/fold0/dataset/cifs/mb-mp-e-form-019793.cif,-0.1767435525000003,Sn3Ru2,20,
mb-mp-e-form-059905,matbench_mp_e_form,test,<RUNS_ROOT>/official_benchmark_214/matbench_e_form_5fold/fold0/dataset/cifs/mb-mp-e-form-059905.cif,-1.1264111599485704,Ca7SiN6,56,
mb-mp-e-form-127021,matbench_mp_e_form,test,<RUNS_ROOT>/official_benchmark_214/matbench_e_form_5fold/fold0/dataset/cifs/mb-mp-e-form-127021.cif,-3.259246886477744,Sr3TiNb4O15,46,
mb-mp-e-form-034794,matbench_mp_e_form,test,<RUNS_ROOT>/official_benchmark_214/matbench_e_form_5fold/fold0/dataset/cifs/mb-mp-e-form-034794.cif,-0.4499481875554283,NiH18(I5N3)2,70,
mb-mp-e-form-087040,matbench_mp_e_form,test,<RUNS_ROOT>/official_benchmark_214/matbench_e_form_5fold/fold0/dataset/cifs/mb-mp-e-form-087040.cif,-2.088453939216123,NaNdP2H2CO7,56,
mb-mp-e-form-092062,matbench_mp_e_form,test,<RUNS_ROOT>/official_benchmark_214/matbench_e_form_5fold/fold0/dataset/cifs/mb-mp-e-form-092062.cif,-2.218758770797873,Li12(WO4)7,47,
mb-mp-e-form-103260,matbench_mp_e_form,test,<RUNS_ROOT>/official_benchmark_214/matbench_e_form_5fold/fold0/dataset/cifs/mb-mp-e-form-103260.cif,-2.4774168614062497,La3GaS5O,40,
mb-mp-e-form-127633,matbench_mp_e_form,test,<RUNS_ROOT>/official_benchmark_214/matbench_e_form_5fold/fold0/dataset/cifs/mb-mp-e-form-127633.cif,-3.2416669717445044,LaNb3O9,26,
mb-mp-e-form-043571,matbench_mp_e_form,test,<RUNS_ROOT>/official_benchmark_214/matbench_e_form_5fold/fold0/dataset/cifs/mb-mp-e-form-043571.cif,-0.6196628942857144,Th3Bi4,14,
mb-mp-e-form-114312,matbench_mp_e_form,test,<RUNS_ROOT>/official_benchmark_214/matbench_e_form_5fold/fold0/dataset/cifs/mb-mp-e-form-114312.cif,-2.731826479285714,Al2NiO4,14,
mb-mp-e-form-038806,matbench_mp_e_form,test,<RUNS_ROOT>/official_benchmark_214/matbench_e_form_5fold/fold0/dataset/cifs/mb-mp-e-form-038806.cif,-0.5295213937500001,Pm2ZnGe,4,
mb-mp-e-form-012351,matbench_mp_e_form,test,<RUNS_ROOT>/official_benchmark_214/matbench_e_form_5fold/fold0/dataset/cifs/mb-mp-e-form-012351.cif,0.0044042031250004,NdLu3,8,
mb-mp-e-form-094983,matbench_mp_e_form,test,<RUNS_ROOT>/official_benchmark_214/matbench_e_form_5fold/fold0/dataset/cifs/mb-mp-e-form-094983.cif,-2.288716672990582,Al3P2(H4O7)2,54,
mb-mp-e-form-127368,matbench_mp_e_form,test,<RUNS_ROOT>/official_benchmark_214/matbench_e_form_5fold/fold0/dataset/cifs/mb-mp-e-form-127368.cif,-3.2589161172222223,SiO2,72,
mb-mp-e-form-023745,matbench_mp_e_form,test,<RUNS_ROOT>/official_benchmark_214/matbench_e_form_5fold/fold0/dataset/cifs/mb-mp-e-form-023745.cif,-0.2550664355660372,Gd6Ta4Al43,106,
mb-mp-e-form-088940,matbench_mp_e_form,test,<RUNS_ROOT>/official_benchmark_214/matbench_e_form_5fold/fold0/dataset/cifs/mb-mp-e-form-088940.cif,-2.1379823985560003,K2TmAgCl6,10,
mb-mp-e-form-033113,matbench_mp_e_form,test,<RUNS_ROOT>/official_benchmark_214/matbench_e_form_5fold/fold0/dataset/cifs/mb-mp-e-form-033113.cif,-0.4262782662500006,Sm2GaAg,4,
mb-mp-e-form-051814,matbench_mp_e_form,test,<RUNS_ROOT>/official_benchmark_214/matbench_e_form_5fold/fold0/dataset/cifs/mb-mp-e-form-051814.cif,-0.8269475137500013,Sc2IrRu,4,
mb-mp-e-form-065120,matbench_mp_e_form,test,<RUNS_ROOT>/official_benchmark_214/matbench_e_form_5fold/fold0/dataset/cifs/mb-mp-e-form-065120.cif,-1.3679796166071732,Mn4Se4O15,46,
mb-mp-e-form-119923,matbench_mp_e_form,test,<RUNS_ROOT>/official_benchmark_214/matbench_e_form_5fold/fold0/dataset/cifs/mb-mp-e-form-119923.cif,-2.9254405078125,BaSrMg30O32,64,
mb-mp-e-form-085840,matbench_mp_e_form,test,<RUNS_ROOT>/official_benchmark_214/matbench_e_form_5fold/fold0/dataset/cifs/mb-mp-e-form-085840.cif,-2.0487087177631578,Ba2Mg2Tl2Sn3O10,19,
mb-mp-e-form-056294,matbench_mp_e_form,test,<RUNS_ROOT>/official_benchmark_214/matbench_e_form_5fold/fold0/dataset/cifs/mb-mp-e-form-056294.cif,-0.9786925057266668,K2Cu(Cl2O)2,18,
mb-mp-e-form-053594,matbench_mp_e_form,test,<RUNS_ROOT>/official_benchmark_214/matbench_e_form_5fold/fold0/dataset/cifs/mb-mp-e-form-053594.cif,-0.8979956866071436,Ga2CoS4,7,
mb-mp-e-form-081951,matbench_mp_e_form,test,<RUNS_ROOT>/official_benchmark_214/matbench_e_form_5fold/fold0/dataset/cifs/mb-mp-e-form-081951.cif,-1.927938160720999,Li3MnCoO5,20,
mb-mp-e-form-043065,matbench_mp_e_form,test,<RUNS_ROOT>/official_benchmark_214/matbench_e_form_5fold/fold0/dataset/cifs/mb-mp-e-form-043065.cif,-0.633298190277778,TbGaNi,12,
mb-mp-e-form-060793,matbench_mp_e_form,test,<RUNS_ROOT>/official_benchmark_214/matbench_e_form_5fold/fold0/dataset/cifs/mb-mp-e-form-060793.cif,-1.1383333277987502,La(ClO4)3,32,
mb-mp-e-form-060303,matbench_mp_e_form,test,<RUNS_ROOT>/official_benchmark_214/matbench_e_form_5fold/fold0/dataset/cifs/mb-mp-e-form-060303.cif,-1.1212245597182544,Ti17CuP12,120,
mb-mp-e-form-010393,matbench_mp_e_form,test,<RUNS_ROOT>/official_benchmark_214/matbench_e_form_5fold/fold0/dataset/cifs/mb-mp-e-form-010393.cif,0.0442407187500002,Hf3Ni,4,
mb-mp-e-form-072424,matbench_mp_e_form,test,<RUNS_ROOT>/official_benchmark_214/matbench_e_form_5fold/fold0/dataset/cifs/mb-mp-e-form-072424.cif,-1.6125999856817388,TeC6(ClF7)2,46,
mb-mp-e-form-093345,matbench_mp_e_form,test,<RUNS_ROOT>/official_benchmark_214/matbench_e_form_5fold/fold0/dataset/cifs/mb-mp-e-form-093345.cif,-2.2345635122500007,YbCoO3,20,
mb-mp-e-form-067343,matbench_mp_e_form,test,<RUNS_ROOT>/official_benchmark_214/matbench_e_form_5fold/fold0/dataset/cifs/mb-mp-e-form-067343.cif,-1.41938485246,AgAuF4,12,
mb-mp-e-form-107774,matbench_mp_e_form,test,<RUNS_ROOT>/official_benchmark_214/matbench_e_form_5fold/fold0/dataset/cifs/mb-mp-e-form-107774.cif,-2.578119663146552,RbYMg6O8,16,
mb-mp-e-form-088557,matbench_mp_e_form,test,<RUNS_ROOT>/official_benchmark_214/matbench_e_form_5fold/fold0/dataset/cifs/mb-mp-e-form-088557.cif,-2.107340251730434,Li6Mn5O12,23,
mb-mp-e-form-127927,matbench_mp_e_form,test,<RUNS_ROOT>/official_benchmark_214/matbench_e_form_5fold/fold0/dataset/cifs/mb-mp-e-form-127927.cif,-3.32599164723599,Cs2Th(Si2O5)3,96,
mb-mp-e-form-131403,matbench_mp_e_form,test,<RUNS_ROOT>/official_benchmark_214/matbench_e_form_5fold/fold0/dataset/cifs/mb-mp-e-form-131403.cif,-3.675738472500001,Y3BrO4,16,
mb-mp-e-form-118476,matbench_mp_e_form,test,<RUNS_ROOT>/official_benchmark_214/matbench_e_form_5fold/fold0/dataset/cifs/mb-mp-e-form-118476.cif,-2.862469282168,Ca3La5Mn7CrO24,40,
mb-mp-e-form-103691,matbench_mp_e_form,test,<RUNS_ROOT>/official_benchmark_214/matbench_e_form_5fold/fold0/dataset/cifs/mb-mp-e-form-103691.cif,-2.485638567093144,Li5Mn6(BO3)6,70,
mb-mp-e-form-075189,matbench_mp_e_form,test,<RUNS_ROOT>/official_benchmark_214/matbench_e_form_5fold/fold0/dataset/cifs/mb-mp-e-form-075189.cif,-1.7318580832369843,LiPH3NO3,36,
mb-mp-e-form-006219,matbench_mp_e_form,test,<RUNS_ROOT>/official_benchmark_214/matbench_e_form_5fold/fold0/dataset/cifs/mb-mp-e-form-006219.cif,0.1680078676562502,Mg14NiW,16,
mb-mp-e-form-102889,matbench_mp_e_form,test,<RUNS_ROOT>/official_benchmark_214/matbench_e_form_5fold/fold0/dataset/cifs/mb-mp-e-form-102889.cif,-2.472766620032824,Sr4La13Cu17O35F16,85,
mb-mp-e-form-087520,matbench_mp_e_form,test,<RUNS_ROOT>/official_benchmark_214/matbench_e_form_5fold/fold0/dataset/cifs/mb-mp-e-form-087520.cif,-2.078964120267857,Li3Cu3(PO4)2,16,
mb-mp-e-form-095598,matbench_mp_e_form,test,<RUNS_ROOT>/official_benchmark_214/matbench_e_form_5fold/fold0/dataset/cifs/mb-mp-e-form-095598.cif,-2.308529714203296,Na3FePCO7,26,
mb-mp-e-form-002027,matbench_mp_e_form,test,<RUNS_ROOT>/official_benchmark_214/matbench_e_form_5fold/fold0/dataset/cifs/mb-mp-e-form-002027.cif,0.9422882387439998,Pt(NCl)2,10,
mb-mp-e-form-077257,matbench_mp_e_form,test,<RUNS_ROOT>/official_benchmark_214/matbench_e_form_5fold/fold0/dataset/cifs/mb-mp-e-form-077257.cif,-1.7937904268033331,MnBi12W2(ClO8)3,42,
mb-mp-e-form-103054,matbench_mp_e_form,test,<RUNS_ROOT>/official_benchmark_214/matbench_e_form_5fold/fold0/dataset/cifs/mb-mp-e-form-103054.cif,-2.485897823333333,GdTl(WO4)2,24,
mb-mp-e-form-063956,matbench_mp_e_form,test,<RUNS_ROOT>/official_benchmark_214/matbench_e_form_5fold/fold0/dataset/cifs/mb-mp-e-form-063956.cif,-1.325446401985556,ZnCuH3ClO3,18,
mb-mp-e-form-116477,matbench_mp_e_form,test,<RUNS_ROOT>/official_benchmark_214/matbench_e_form_5fold/fold0/dataset/cifs/mb-mp-e-form-116477.cif,-2.785537683977273,Zr2Bi2O7,22,
mb-mp-e-form-005138,matbench_mp_e_form,test,<RUNS_ROOT>/official_benchmark_214/matbench_e_form_5fold/fold0/dataset/cifs/mb-mp-e-form-005138.cif,0.2565315572656255,Mg14SbC,16,
mb-mp-e-form-130017,matbench_mp_e_form,test,<RUNS_ROOT>/official_benchmark_214/matbench_e_form_5fold/fold0/dataset/cifs/mb-mp-e-form-130017.cif,-3.529789885978518,Na3LiTi2F12,36,
mb-mp-e-form-036882,matbench_mp_e_form,test,<RUNS_ROOT>/official_benchmark_214/matbench_e_form_5fold/fold0/dataset/cifs/mb-mp-e-form-036882.cif,-0.4979852190909097,U3(SiNi)4,11,
mb-mp-e-form-016295,matbench_mp_e_form,test,<RUNS_ROOT>/official_benchmark_214/matbench_e_form_5fold/fold0/dataset/cifs/mb-mp-e-form-016295.cif,-0.0860287666666668,CePb2,3,
mb-mp-e-form-062309,matbench_mp_e_form,test,<RUNS_ROOT>/official_benchmark_214/matbench_e_form_5fold/fold0/dataset/cifs/mb-mp-e-form-062309.cif,-1.2381760069312069,RbCNO,8,
mb-mp-e-form-088032,matbench_mp_e_form,test,<RUNS_ROOT>/official_benchmark_214/matbench_e_form_5fold/fold0/dataset/cifs/mb-mp-e-form-088032.cif,-2.092050761790526,Pu2Te4Cl2O11,38,
mb-mp-e-form-079736,matbench_mp_e_form,test,<RUNS_ROOT>/official_benchmark_214/matbench_e_form_5fold/fold0/dataset/cifs/mb-mp-e-form-079736.cif,-1.8440470439772727,Li2Cr2O7,22,
mb-mp-e-form-068723,matbench_mp_e_form,test,<RUNS_ROOT>/official_benchmark_214/matbench_e_form_5fold/fold0/dataset/cifs/mb-mp-e-form-068723.cif,-1.4860499386399997,Li4Mn2Co3Cu3O16,28,
mb-mp-e-form-037472,matbench_mp_e_form,test,<RUNS_ROOT>/official_benchmark_214/matbench_e_form_5fold/fold0/dataset/cifs/mb-mp-e-form-037472.cif,-0.5030450860714284,AlGaP2,4,
mb-mp-e-form-002327,matbench_mp_e_form,test,<RUNS_ROOT>/official_benchmark_214/matbench_e_form_5fold/fold0/dataset/cifs/mb-mp-e-form-002327.cif,0.7487161324818752,CSN2,16,
mb-mp-e-form-071051,matbench_mp_e_form,test,<RUNS_ROOT>/official_benchmark_214/matbench_e_form_5fold/fold0/dataset/cifs/mb-mp-e-form-071051.cif,-1.5960816120233332,GdBN2,24,
mb-mp-e-form-064984,matbench_mp_e_form,test,<RUNS_ROOT>/official_benchmark_214/matbench_e_form_5fold/fold0/dataset/cifs/mb-mp-e-form-064984.cif,-1.3359717357758618,Cs2RbSbBr6,10,
mb-mp-e-form-081438,matbench_mp_e_form,test,<RUNS_ROOT>/official_benchmark_214/matbench_e_form_5fold/fold0/dataset/cifs/mb-mp-e-form-081438.cif,-1.892200059773708,RbCO2,16,
mb-mp-e-form-115274,matbench_mp_e_form,test,<RUNS_ROOT>/official_benchmark_214/matbench_e_form_5fold/fold0/dataset/cifs/mb-mp-e-form-115274.cif,-2.783278156600053,Rb3B7O12,88,
mb-mp-e-form-060397,matbench_mp_e_form,test,<RUNS_ROOT>/official_benchmark_214/matbench_e_form_5fold/fold0/dataset/cifs/mb-mp-e-form-060397.cif,-1.1453860464062506,Li2GePbS4,8,
mb-mp-e-form-122105,matbench_mp_e_form,test,<RUNS_ROOT>/official_benchmark_214/matbench_e_form_5fold/fold0/dataset/cifs/mb-mp-e-form-122105.cif,-3.0042589233422,Na3Eu9B8O27,47,
mb-mp-e-form-088234,matbench_mp_e_form,test,<RUNS_ROOT>/official_benchmark_214/matbench_e_form_5fold/fold0/dataset/cifs/mb-mp-e-form-088234.cif,-2.0967375621249995,Na5AlO4,80,
mb-mp-e-form-012837,matbench_mp_e_form,test,<RUNS_ROOT>/official_benchmark_214/matbench_e_form_5fold/fold0/dataset/cifs/mb-mp-e-form-012837.cif,0.0025123316666662,ZrBiRh,3,
mb-mp-e-form-068917,matbench_mp_e_form,test,<RUNS_ROOT>/official_benchmark_214/matbench_e_form_5fold/fold0/dataset/cifs/mb-mp-e-form-068917.cif,-1.5310963873958332,CeSe2,12,
mb-mp-e-form-001296,matbench_mp_e_form,test,<RUNS_ROOT>/official_benchmark_214/matbench_e_form_5fold/fold0/dataset/cifs/mb-mp-e-form-001296.cif,1.13511255,Ca2MgHg,4,
mb-mp-e-form-070847,matbench_mp_e_form,test,<RUNS_ROOT>/official_benchmark_214/matbench_e_form_5fold/fold0/dataset/cifs/mb-mp-e-form-070847.cif,-1.594724080729166,GdSe2,6,
mb-mp-e-form-080464,matbench_mp_e_form,test,<RUNS_ROOT>/official_benchmark_214/matbench_e_form_5fold/fold0/dataset/cifs/mb-mp-e-form-080464.cif,-1.87253022118,FeMoClO4,14,
mb-mp-e-form-005710,matbench_mp_e_form,test,<RUNS_ROOT>/official_benchmark_214/matbench_e_form_5fold/fold0/dataset/cifs/mb-mp-e-form-005710.cif,0.2786855619999983,VRu4,5,
mb-mp-e-form-049793,matbench_mp_e_form,test,<RUNS_ROOT>/official_benchmark_214/matbench_e_form_5fold/fold0/dataset/cifs/mb-mp-e-form-049793.cif,-0.7746570385714294,Ni3O4,14,
mb-mp-e-form-038107,matbench_mp_e_form,test,<RUNS_ROOT>/official_benchmark_214/matbench_e_form_5fold/fold0/dataset/cifs/mb-mp-e-form-038107.cif,-0.5299196037499998,MgSbRh2,4,
mb-mp-e-form-031361,matbench_mp_e_form,test,<RUNS_ROOT>/official_benchmark_214/matbench_e_form_5fold/fold0/dataset/cifs/mb-mp-e-form-031361.cif,-0.4024952633333329,Ti5Al11,16,
mb-mp-e-form-003116,matbench_mp_e_form,test,<RUNS_ROOT>/official_benchmark_214/matbench_e_form_5fold/fold0/dataset/cifs/mb-mp-e-form-003116.cif,0.5694853750000001,NaHg2Sb,4,
mb-mp-e-form-054701,matbench_mp_e_form,test,<RUNS_ROOT>/official_benchmark_214/matbench_e_form_5fold/fold0/dataset/cifs/mb-mp-e-form-054701.cif,-0.9044641640895996,H2Os3(CO)10,50,
mb-mp-e-form-020437,matbench_mp_e_form,test,<RUNS_ROOT>/official_benchmark_214/matbench_e_form_5fold/fold0/dataset/cifs/mb-mp-e-form-020437.cif,-0.1888041333333336,LaU3Al8,12,
mb-mp-e-form-011301,matbench_mp_e_form,test,<RUNS_ROOT>/official_benchmark_214/matbench_e_form_5fold/fold0/dataset/cifs/mb-mp-e-form-011301.cif,0.0162031124999999,Ba3Sr,8,
mb-mp-e-form-036094,matbench_mp_e_form,test,<RUNS_ROOT>/official_benchmark_214/matbench_e_form_5fold/fold0/dataset/cifs/mb-mp-e-form-036094.cif,-0.4811823749305554,CaCrCu3Se4,9,
mb-mp-e-form-105572,matbench_mp_e_form,test,<RUNS_ROOT>/official_benchmark_214/matbench_e_form_5fold/fold0/dataset/cifs/mb-mp-e-form-105572.cif,-2.525616035422078,LiSiPCO7,22,
mb-mp-e-form-034298,matbench_mp_e_form,test,<RUNS_ROOT>/official_benchmark_214/matbench_e_form_5fold/fold0/dataset/cifs/mb-mp-e-form-034298.cif,-0.444921571197917,SbSeBr,12,
mb-mp-e-form-116662,matbench_mp_e_form,test,<RUNS_ROOT>/official_benchmark_214/matbench_e_form_5fold/fold0/dataset/cifs/mb-mp-e-form-116662.cif,-2.8016102903571425,Ti3CrSn2(PO4)6,36,
mb-mp-e-form-086952,matbench_mp_e_form,test,<RUNS_ROOT>/official_benchmark_214/matbench_e_form_5fold/fold0/dataset/cifs/mb-mp-e-form-086952.cif,-2.078396972035,Li7Mn4CoO12,24,
mb-mp-e-form-064799,matbench_mp_e_form,test,<RUNS_ROOT>/official_benchmark_214/matbench_e_form_5fold/fold0/dataset/cifs/mb-mp-e-form-064799.cif,-1.292087928070723,K2Y4Cu4Se9,19,
mb-mp-e-form-028154,matbench_mp_e_form,test,<RUNS_ROOT>/official_benchmark_214/matbench_e_form_5fold/fold0/dataset/cifs/mb-mp-e-form-028154.cif,-0.3391892711979999,NdMg(NiH)4,20,
mb-mp-e-form-106767,matbench_mp_e_form,test,<RUNS_ROOT>/official_benchmark_214/matbench_e_form_5fold/fold0/dataset/cifs/mb-mp-e-form-106767.cif,-2.55877038625,BaMg6VO8,16,
mb-mp-e-form-027244,matbench_mp_e_form,test,<RUNS_ROOT>/official_benchmark_214/matbench_e_form_5fold/fold0/dataset/cifs/mb-mp-e-form-027244.cif,-0.3259496477999999,K3Bi2,10,
mb-mp-e-form-084789,matbench_mp_e_form,test,<RUNS_ROOT>/official_benchmark_214/matbench_e_form_5fold/fold0/dataset/cifs/mb-mp-e-form-084789.cif,-2.000592099916666,TiZn2IrO6,20,
mb-mp-e-form-010947,matbench_mp_e_form,test,<RUNS_ROOT>/official_benchmark_214/matbench_e_form_5fold/fold0/dataset/cifs/mb-mp-e-form-010947.cif,0.0312827499999999,CaMg3,4,
mb-mp-e-form-073762,matbench_mp_e_form,test,<RUNS_ROOT>/official_benchmark_214/matbench_e_form_5fold/fold0/dataset/cifs/mb-mp-e-form-073762.cif,-1.6651191081818175,Cr3O8,22,
mb-mp-e-form-031788,matbench_mp_e_form,test,<RUNS_ROOT>/official_benchmark_214/matbench_e_form_5fold/fold0/dataset/cifs/mb-mp-e-form-031788.cif,-0.3964344037499998,LiGeIr2,4,
mb-mp-e-form-022791,matbench_mp_e_form,test,<RUNS_ROOT>/official_benchmark_214/matbench_e_form_5fold/fold0/dataset/cifs/mb-mp-e-form-022791.cif,-0.2378771899999998,Ho2CdOs,4,
mb-mp-e-form-076958,matbench_mp_e_form,test,<RUNS_ROOT>/official_benchmark_214/matbench_e_form_5fold/fold0/dataset/cifs/mb-mp-e-form-076958.cif,-1.7945363863249657,KRb2TlCl6,10,
mb-mp-e-form-024792,matbench_mp_e_form,test,<RUNS_ROOT>/official_benchmark_214/matbench_e_form_5fold/fold0/dataset/cifs/mb-mp-e-form-024792.cif,-0.2862580987500003,Pa3Ge,4,
mb-mp-e-form-024405,matbench_mp_e_form,test,<RUNS_ROOT>/official_benchmark_214/matbench_e_form_5fold/fold0/dataset/cifs/mb-mp-e-form-024405.cif,-0.2721924789575007,KTl4(CoSe)10,25,
mb-mp-e-form-026460,matbench_mp_e_form,test,<RUNS_ROOT>/official_benchmark_214/matbench_e_form_5fold/fold0/dataset/cifs/mb-mp-e-form-026460.cif,-0.3179260995781249,Bi4(TeSe)3,10,
mb-mp-e-form-040625,matbench_mp_e_form,test,<RUNS_ROOT>/official_benchmark_214/matbench_e_form_5fold/fold0/dataset/cifs/mb-mp-e-form-040625.cif,-0.5782534876562506,CuSbS2,16,
mb-mp-e-form-106868,matbench_mp_e_form,test,<RUNS_ROOT>/official_benchmark_214/matbench_e_form_5fold/fold0/dataset/cifs/mb-mp-e-form-106868.cif,-2.565495779314,K2LiPdF6,10,
mb-mp-e-form-082123,matbench_mp_e_form,test,<RUNS_ROOT>/official_benchmark_214/matbench_e_form_5fold/fold0/dataset/cifs/mb-mp-e-form-082123.cif,-1.9351119599079167,LiBH4C2(O3F)2,64,
mb-mp-e-form-112589,matbench_mp_e_form,test,<RUNS_ROOT>/official_benchmark_214/matbench_e_form_5fold/fold0/dataset/cifs/mb-mp-e-form-112589.cif,-2.676696800162038,Li24Ti7Cr5O36,72,
mb-mp-e-form-060496,matbench_mp_e_form,test,<RUNS_ROOT>/official_benchmark_214/matbench_e_form_5fold/fold0/dataset/cifs/mb-mp-e-form-060496.cif,-1.148736348830222,Te2MoCl12,45,
mb-mp-e-form-058066,matbench_mp_e_form,test,<RUNS_ROOT>/official_benchmark_214/matbench_e_form_5fold/fold0/dataset/cifs/mb-mp-e-form-058066.cif,-1.0570956812758625,Cs2RbAuBr6,10,
mb-mp-e-form-114614,matbench_mp_e_form,test,<RUNS_ROOT>/official_benchmark_214/matbench_e_form_5fold/fold0/dataset/cifs/mb-mp-e-form-114614.cif,-2.7311513447500007,Mg3WO6,80,
mb-mp-e-form-008776,matbench_mp_e_form,test,<RUNS_ROOT>/official_benchmark_214/matbench_e_form_5fold/fold0/dataset/cifs/mb-mp-e-form-008776.cif,0.1253430245125004,AlC4NCl2,16,
mb-mp-e-form-021762,matbench_mp_e_form,test,<RUNS_ROOT>/official_benchmark_214/matbench_e_form_5fold/fold0/dataset/cifs/mb-mp-e-form-021762.cif,-0.2206797770263639,CuS4(N2Cl)2,44,
mb-mp-e-form-104697,matbench_mp_e_form,test,<RUNS_ROOT>/official_benchmark_214/matbench_e_form_5fold/fold0/dataset/cifs/mb-mp-e-form-104697.cif,-2.504038989569328,FeP6(WO8)3,34,
mb-mp-e-form-007524,matbench_mp_e_form,test,<RUNS_ROOT>/official_benchmark_214/matbench_e_form_5fold/fold0/dataset/cifs/mb-mp-e-form-007524.cif,0.1343173415642858,Zn(NCl2)2,112,
mb-mp-e-form-040986,matbench_mp_e_form,test,<RUNS_ROOT>/official_benchmark_214/matbench_e_form_5fold/fold0/dataset/cifs/mb-mp-e-form-040986.cif,-0.5829827886666663,Th(BRu)2,10,
mb-mp-e-form-127963,matbench_mp_e_form,test,<RUNS_ROOT>/official_benchmark_214/matbench_e_form_5fold/fold0/dataset/cifs/mb-mp-e-form-127963.cif,-3.3141020731348894,Na4CaZr2TiSi4(O8F)2,60,
mb-mp-e-form-004156,matbench_mp_e_form,test,<RUNS_ROOT>/official_benchmark_214/matbench_e_form_5fold/fold0/dataset/cifs/mb-mp-e-form-004156.cif,0.4279006949999999,Si,8,
mb-mp-e-form-009082,matbench_mp_e_form,test,<RUNS_ROOT>/official_benchmark_214/matbench_e_form_5fold/fold0/dataset/cifs/mb-mp-e-form-009082.cif,0.0708894581250003,LiMg14Cr,16,
mb-mp-e-form-045830,matbench_mp_e_form,test,<RUNS_ROOT>/official_benchmark_214/matbench_e_form_5fold/fold0/dataset/cifs/mb-mp-e-form-045830.cif,-0.6813224978571425,U2Fe12P7,21,
mb-mp-e-form-062728,matbench_mp_e_form,test,<RUNS_ROOT>/official_benchmark_214/matbench_e_form_5fold/fold0/dataset/cifs/mb-mp-e-form-062728.cif,-1.2248254246153836,LiCo3CuO8,13,
mb-mp-e-form-042723,matbench_mp_e_form,test,<RUNS_ROOT>/official_benchmark_214/matbench_e_form_5fold/fold0/dataset/cifs/mb-mp-e-form-042723.cif,-0.6151298063636365,Gd3(CuGe)4,11,
mb-mp-e-form-033699,matbench_mp_e_form,test,<RUNS_ROOT>/official_benchmark_214/matbench_e_form_5fold/fold0/dataset/cifs/mb-mp-e-form-033699.cif,-0.4408566387499997,BaCuSn2,8,
mb-mp-e-form-118490,matbench_mp_e_form,test,<RUNS_ROOT>/official_benchmark_214/matbench_e_form_5fold/fold0/dataset/cifs/mb-mp-e-form-118490.cif,-2.859403036688751,Zr3N2O3,16,
mb-mp-e-form-000072,matbench_mp_e_form,test,<RUNS_ROOT>/official_benchmark_214/matbench_e_form_5fold/fold0/dataset/cifs/mb-mp-e-form-000072.cif,1.9965605854166668,Y2CdIn,4,
mb-mp-e-form-091687,matbench_mp_e_form,test,<RUNS_ROOT>/official_benchmark_214/matbench_e_form_5fold/fold0/dataset/cifs/mb-mp-e-form-091687.cif,-2.1866217259325005,Li6FeO4F,24,
mb-mp-e-form-070206,matbench_mp_e_form,test,<RUNS_ROOT>/official_benchmark_214/matbench_e_form_5fold/fold0/dataset/cifs/mb-mp-e-form-070206.cif,-1.5528792205092303,KCr2FeHO8,26,
mb-mp-e-form-055161,matbench_mp_e_form,test,<RUNS_ROOT>/official_benchmark_214/matbench_e_form_5fold/fold0/dataset/cifs/mb-mp-e-form-055161.cif,-0.9330843349479174,NaCdAsS3,24,
mb-mp-e-form-012385,matbench_mp_e_form,test,<RUNS_ROOT>/official_benchmark_214/matbench_e_form_5fold/fold0/dataset/cifs/mb-mp-e-form-012385.cif,-0.0043047637499998,SmMg5,6,
mb-mp-e-form-118868,matbench_mp_e_form,test,<RUNS_ROOT>/official_benchmark_214/matbench_e_form_5fold/fold0/dataset/cifs/mb-mp-e-form-118868.cif,-2.9058916514843744,Mg30NiSnO32,64,
mb-mp-e-form-015705,matbench_mp_e_form,test,<RUNS_ROOT>/official_benchmark_214/matbench_e_form_5fold/fold0/dataset/cifs/mb-mp-e-form-015705.cif,-0.0653261595000003,Ge3Os2,20,
mb-mp-e-form-112233,matbench_mp_e_form,test,<RUNS_ROOT>/official_benchmark_214/matbench_e_form_5fold/fold0/dataset/cifs/mb-mp-e-form-112233.cif,-2.665734943941999,EuMnO3,20,
mb-mp-e-form-002586,matbench_mp_e_form,test,<RUNS_ROOT>/official_benchmark_214/matbench_e_form_5fold/fold0/dataset/cifs/mb-mp-e-form-002586.cif,0.9637481650000002,Na2Mg2As,5,
mb-mp-e-form-122832,matbench_mp_e_form,test,<RUNS_ROOT>/official_benchmark_214/matbench_e_form_5fold/fold0/dataset/cifs/mb-mp-e-form-122832.cif,-3.0493408519375,La5Sm3Cr8O24,40,
mb-mp-e-form-037681,matbench_mp_e_form,test,<RUNS_ROOT>/official_benchmark_214/matbench_e_form_5fold/fold0/dataset/cifs/mb-mp-e-form-037681.cif,-0.5080638802392861,SiH8C2NClO,28,
mb-mp-e-form-026651,matbench_mp_e_form,test,<RUNS_ROOT>/official_benchmark_214/matbench_e_form_5fold/fold0/dataset/cifs/mb-mp-e-form-026651.cif,-0.3189877855382609,Ca6Ag16N,46,
mb-mp-e-form-043453,matbench_mp_e_form,test,<RUNS_ROOT>/official_benchmark_214/matbench_e_form_5fold/fold0/dataset/cifs/mb-mp-e-form-043453.cif,-0.6320456166666671,GdZnGe,3,
mb-mp-e-form-121492,matbench_mp_e_form,test,<RUNS_ROOT>/official_benchmark_214/matbench_e_form_5fold/fold0/dataset/cifs/mb-mp-e-form-121492.cif,-2.957133524435731,La17Mn18O54,89,
mb-mp-e-form-123919,matbench_mp_e_form,test,<RUNS_ROOT>/official_benchmark_214/matbench_e_form_5fold/fold0/dataset/cifs/mb-mp-e-form-123919.cif,-3.108885464346,Y2MnCrO6,20,
mb-mp-e-form-121207,matbench_mp_e_form,test,<RUNS_ROOT>/official_benchmark_214/matbench_e_form_5fold/fold0/dataset/cifs/mb-mp-e-form-121207.cif,-2.9513804984962406,Na4TaAl3(PO4)6,38,
mb-mp-e-form-041951,matbench_mp_e_form,test,<RUNS_ROOT>/official_benchmark_214/matbench_e_form_5fold/fold0/dataset/cifs/mb-mp-e-form-041951.cif,-0.6128277061899992,CaGeN2,8,
mb-mp-e-form-030428,matbench_mp_e_form,test,<RUNS_ROOT>/official_benchmark_214/matbench_e_form_5fold/fold0/dataset/cifs/mb-mp-e-form-030428.cif,-0.3814410016666668,Ho2In3Cu,6,
mb-mp-e-form-124050,matbench_mp_e_form,test,<RUNS_ROOT>/official_benchmark_214/matbench_e_form_5fold/fold0/dataset/cifs/mb-mp-e-form-124050.cif,-3.09159428987069,Ba6Na2Ta2V2O17,58,
mb-mp-e-form-017130,matbench_mp_e_form,test,<RUNS_ROOT>/official_benchmark_214/matbench_e_form_5fold/fold0/dataset/cifs/mb-mp-e-form-017130.cif,-0.1157432165511104,SiH8,18,
mb-mp-e-form-112676,matbench_mp_e_form,test,<RUNS_ROOT>/official_benchmark_214/matbench_e_form_5fold/fold0/dataset/cifs/mb-mp-e-form-112676.cif,-2.6668091691566667,V2O3F,24,
mb-mp-e-form-118547,matbench_mp_e_form,test,<RUNS_ROOT>/official_benchmark_214/matbench_e_form_5fold/fold0/dataset/cifs/mb-mp-e-form-118547.cif,-2.8808080793337494,Cr4OF11,16,
mb-mp-e-form-107461,matbench_mp_e_form,test,<RUNS_ROOT>/official_benchmark_214/matbench_e_form_5fold/fold0/dataset/cifs/mb-mp-e-form-107461.cif,-2.5651325984821423,Li3P3WO11,36,
mb-mp-e-form-092273,matbench_mp_e_form,test,<RUNS_ROOT>/official_benchmark_214/matbench_e_form_5fold/fold0/dataset/cifs/mb-mp-e-form-092273.cif,-2.2012365862500007,MgCrO4,24,
mb-mp-e-form-052034,matbench_mp_e_form,test,<RUNS_ROOT>/official_benchmark_214/matbench_e_form_5fold/fold0/dataset/cifs/mb-mp-e-form-052034.cif,-0.8612052580689656,Rb2HgAuBr6,10,
mb-mp-e-form-083836,matbench_mp_e_form,test,<RUNS_ROOT>/official_benchmark_214/matbench_e_form_5fold/fold0/dataset/cifs/mb-mp-e-form-083836.cif,-1.9911413870000003,ZnFe(GeO3)2,40,
mb-mp-e-form-057621,matbench_mp_e_form,test,<RUNS_ROOT>/official_benchmark_214/matbench_e_form_5fold/fold0/dataset/cifs/mb-mp-e-form-057621.cif,-1.0346202652812506,KSnS2,4,
mb-mp-e-form-042464,matbench_mp_e_form,test,<RUNS_ROOT>/official_benchmark_214/matbench_e_form_5fold/fold0/dataset/cifs/mb-mp-e-form-042464.cif,-0.6063095433333329,SrCaGe,12,
mb-mp-e-form-119055,matbench_mp_e_form,test,<RUNS_ROOT>/official_benchmark_214/matbench_e_form_5fold/fold0/dataset/cifs/mb-mp-e-form-119055.cif,-2.8966256125000003,Nd2SbO2,20,
mb-mp-e-form-081184,matbench_mp_e_form,test,<RUNS_ROOT>/official_benchmark_214/matbench_e_form_5fold/fold0/dataset/cifs/mb-mp-e-form-081184.cif,-1.884571337652652,Cs3PuH8O9,42,
mb-mp-e-form-114173,matbench_mp_e_form,test,<RUNS_ROOT>/official_benchmark_214/matbench_e_form_5fold/fold0/dataset/cifs/mb-mp-e-form-114173.cif,-2.747034800714285,SrGdCoO4,7,
mb-mp-e-form-028612,matbench_mp_e_form,test,<RUNS_ROOT>/official_benchmark_214/matbench_e_form_5fold/fold0/dataset/cifs/mb-mp-e-form-028612.cif,-0.3487157322222221,K5SnBi3,36,
mb-mp-e-form-065250,matbench_mp_e_form,test,<RUNS_ROOT>/official_benchmark_214/matbench_e_form_5fold/fold0/dataset/cifs/mb-mp-e-form-065250.cif,-1.3694309624433332,B2NCl3,72,
mb-mp-e-form-028352,matbench_mp_e_form,test,<RUNS_ROOT>/official_benchmark_214/matbench_e_form_5fold/fold0/dataset/cifs/mb-mp-e-form-028352.cif,-0.3534149555555561,YB4Rh7,12,
mb-mp-e-form-110142,matbench_mp_e_form,test,<RUNS_ROOT>/official_benchmark_214/matbench_e_form_5fold/fold0/dataset/cifs/mb-mp-e-form-110142.cif,-2.634689371925199,KCr12Si8ClO28,50,
mb-mp-e-form-022137,matbench_mp_e_form,test,<RUNS_ROOT>/official_benchmark_214/matbench_e_form_5fold/fold0/dataset/cifs/mb-mp-e-form-022137.cif,-0.2450678649999993,Ta3Pt,4,
mb-mp-e-form-050343,matbench_mp_e_form,test,<RUNS_ROOT>/official_benchmark_214/matbench_e_form_5fold/fold0/dataset/cifs/mb-mp-e-form-050343.cif,-0.7944993314444446,Yb2ZnSb2,45,
mb-mp-e-form-129068,matbench_mp_e_form,test,<RUNS_ROOT>/official_benchmark_214/matbench_e_form_5fold/fold0/dataset/cifs/mb-mp-e-form-129068.cif,-3.434459305442,Sr6Al7ClO16,60,
mb-mp-e-form-038166,matbench_mp_e_form,test,<RUNS_ROOT>/official_benchmark_214/matbench_e_form_5fold/fold0/dataset/cifs/mb-mp-e-form-038166.cif,-0.518419896111111,Ho3Ni7B2,24,
mb-mp-e-form-024295,matbench_mp_e_form,test,<RUNS_ROOT>/official_benchmark_214/matbench_e_form_5fold/fold0/dataset/cifs/mb-mp-e-form-024295.cif,-0.270724665990001,H9C2N11O2,96,
mb-mp-e-form-093706,matbench_mp_e_form,test,<RUNS_ROOT>/official_benchmark_214/matbench_e_form_5fold/fold0/dataset/cifs/mb-mp-e-form-093706.cif,-2.231306755698758,Li2Ni3(P2O7)2,46,
mb-mp-e-form-020847,matbench_mp_e_form,test,<RUNS_ROOT>/official_benchmark_214/matbench_e_form_5fold/fold0/dataset/cifs/mb-mp-e-form-020847.cif,-0.1954143107500003,KTl2Bi,4,
mb-mp-e-form-022533,matbench_mp_e_form,test,<RUNS_ROOT>/official_benchmark_214/matbench_e_form_5fold/fold0/dataset/cifs/mb-mp-e-form-022533.cif,-0.2457899762499993,HoPb3,4,
mb-mp-e-form-037070,matbench_mp_e_form,test,<RUNS_ROOT>/official_benchmark_214/matbench_e_form_5fold/fold0/dataset/cifs/mb-mp-e-form-037070.cif,-0.5082873124999995,CaO10,22,
mb-mp-e-form-096641,matbench_mp_e_form,test,<RUNS_ROOT>/official_benchmark_214/matbench_e_form_5fold/fold0/dataset/cifs/mb-mp-e-form-096641.cif,-2.31145986525,Cr2O3,20,
mb-mp-e-form-098783,matbench_mp_e_form,test,<RUNS_ROOT>/official_benchmark_214/matbench_e_form_5fold/fold0/dataset/cifs/mb-mp-e-form-098783.cif,-2.381413452421876,Mg6AlCO8,16,
mb-mp-e-form-023139,matbench_mp_e_form,test,<RUNS_ROOT>/official_benchmark_214/matbench_e_form_5fold/fold0/dataset/cifs/mb-mp-e-form-023139.cif,-0.2595351993749997,HoMoC2,16,
mb-mp-e-form-013888,matbench_mp_e_form,test,<RUNS_ROOT>/official_benchmark_214/matbench_e_form_5fold/fold0/dataset/cifs/mb-mp-e-form-013888.cif,-0.0078109474999998,Mg3Cu,4,
mb-mp-e-form-035267,matbench_mp_e_form,test,<RUNS_ROOT>/official_benchmark_214/matbench_e_form_5fold/fold0/dataset/cifs/mb-mp-e-form-035267.cif,-0.4695903090517239,CsMnTe2,4,
mb-mp-e-form-059382,matbench_mp_e_form,test,<RUNS_ROOT>/official_benchmark_214/matbench_e_form_5fold/fold0/dataset/cifs/mb-mp-e-form-059382.cif,-1.1055897960576917,Sr14GaAs11,104,
mb-mp-e-form-009751,matbench_mp_e_form,test,<RUNS_ROOT>/official_benchmark_214/matbench_e_form_5fold/fold0/dataset/cifs/mb-mp-e-form-009751.cif,0.0924015550000003,Cu2Te,6,
mb-mp-e-form-102788,matbench_mp_e_form,test,<RUNS_ROOT>/official_benchmark_214/matbench_e_form_5fold/fold0/dataset/cifs/mb-mp-e-form-102788.cif,-2.4795758597297293,Ca3V6(FeO6)4,37,
mb-mp-e-form-071268,matbench_mp_e_form,test,<RUNS_ROOT>/official_benchmark_214/matbench_e_form_5fold/fold0/dataset/cifs/mb-mp-e-form-071268.cif,-1.5962861758988562,Na3Co2CuH8S4O17,70,
mb-mp-e-form-043575,matbench_mp_e_form,test,<RUNS_ROOT>/official_benchmark_214/matbench_e_form_5fold/fold0/dataset/cifs/mb-mp-e-form-043575.cif,-0.6236207396875001,BiSI,12,
mb-mp-e-form-069585,matbench_mp_e_form,test,<RUNS_ROOT>/official_benchmark_214/matbench_e_form_5fold/fold0/dataset/cifs/mb-mp-e-form-069585.cif,-1.5144450085612498,FeHO2,64,
mb-mp-e-form-023593,matbench_mp_e_form,test,<RUNS_ROOT>/official_benchmark_214/matbench_e_form_5fold/fold0/dataset/cifs/mb-mp-e-form-023593.cif,-0.2662866249553572,Hg3(SeI)2,28,
mb-mp-e-form-060726,matbench_mp_e_form,test,<RUNS_ROOT>/official_benchmark_214/matbench_e_form_5fold/fold0/dataset/cifs/mb-mp-e-form-060726.cif,-1.1528701415094342,Fe21O32,53,
mb-mp-e-form-075170,matbench_mp_e_form,test,<RUNS_ROOT>/official_benchmark_214/matbench_e_form_5fold/fold0/dataset/cifs/mb-mp-e-form-075170.cif,-1.7208541096875003,Eu4Lu(SnS4)3,40,
mb-mp-e-form-032471,matbench_mp_e_form,test,<RUNS_ROOT>/official_benchmark_214/matbench_e_form_5fold/fold0/dataset/cifs/mb-mp-e-form-032471.cif,-0.420812887000001,Ce2Ga5Cu3,10,
mb-mp-e-form-091185,matbench_mp_e_form,test,<RUNS_ROOT>/official_benchmark_214/matbench_e_form_5fold/fold0/dataset/cifs/mb-mp-e-form-091185.cif,-2.181930417708333,PrS2,24,
mb-mp-e-form-107842,matbench_mp_e_form,test,<RUNS_ROOT>/official_benchmark_214/matbench_e_form_5fold/fold0/dataset/cifs/mb-mp-e-form-107842.cif,-2.573613049246032,VCr(PO4)2,36,
mb-mp-e-form-093653,matbench_mp_e_form,test,<RUNS_ROOT>/official_benchmark_214/matbench_e_form_5fold/fold0/dataset/cifs/mb-mp-e-form-093653.cif,-2.23396912166,Li4FeO3F,18,
mb-mp-e-form-113676,matbench_mp_e_form,test,<RUNS_ROOT>/official_benchmark_214/matbench_e_form_5fold/fold0/dataset/cifs/mb-mp-e-form-113676.cif,-2.7089364729640004,VOF3,10,
mb-mp-e-form-119684,matbench_mp_e_form,test,<RUNS_ROOT>/official_benchmark_214/matbench_e_form_5fold/fold0/dataset/cifs/mb-mp-e-form-119684.cif,-2.884237234421584,Li6Ti3P8O29,92,
mb-mp-e-form-070542,matbench_mp_e_form,test,<RUNS_ROOT>/official_benchmark_214/matbench_e_form_5fold/fold0/dataset/cifs/mb-mp-e-form-070542.cif,-1.5661434409792498,H4SO5,40,
mb-mp-e-form-111296,matbench_mp_e_form,test,<RUNS_ROOT>/official_benchmark_214/matbench_e_form_5fold/fold0/dataset/cifs/mb-mp-e-form-111296.cif,-2.665203939047619,Li2V(PO4)2,39,
mb-mp-e-form-120985,matbench_mp_e_form,test,<RUNS_ROOT>/official_benchmark_214/matbench_e_form_5fold/fold0/dataset/cifs/mb-mp-e-form-120985.cif,-2.9699555485156246,SrHfMg30O32,64,
mb-mp-e-form-029621,matbench_mp_e_form,test,<RUNS_ROOT>/official_benchmark_214/matbench_e_form_5fold/fold0/dataset/cifs/mb-mp-e-form-029621.cif,-0.3594473414285713,NiP2,6,
mb-mp-e-form-020960,matbench_mp_e_form,test,<RUNS_ROOT>/official_benchmark_214/matbench_e_form_5fold/fold0/dataset/cifs/mb-mp-e-form-020960.cif,-0.2256421399999995,Bi2Pt,9,
mb-mp-e-form-090582,matbench_mp_e_form,test,<RUNS_ROOT>/official_benchmark_214/matbench_e_form_5fold/fold0/dataset/cifs/mb-mp-e-form-090582.cif,-2.1457429627699987,Li2Mn4O7F,14,
mb-mp-e-form-030569,matbench_mp_e_form,test,<RUNS_ROOT>/official_benchmark_214/matbench_e_form_5fold/fold0/dataset/cifs/mb-mp-e-form-030569.cif,-0.3885002343452382,Nb2C,3,
mb-mp-e-form-115990,matbench_mp_e_form,test,<RUNS_ROOT>/official_benchmark_214/matbench_e_form_5fold/fold0/dataset/cifs/mb-mp-e-form-115990.cif,-2.796453743943965,Cs2HfO3,24,
mb-mp-e-form-059601,matbench_mp_e_form,test,<RUNS_ROOT>/official_benchmark_214/matbench_e_form_5fold/fold0/dataset/cifs/mb-mp-e-form-059601.cif,-1.0905640753977277,Na2(ReS2)3,44,
mb-mp-e-form-024356,matbench_mp_e_form,test,<RUNS_ROOT>/official_benchmark_214/matbench_e_form_5fold/fold0/dataset/cifs/mb-mp-e-form-024356.cif,-0.2731095448611119,SmFe2Ni2B,12,
mb-mp-e-form-007092,matbench_mp_e_form,test,<RUNS_ROOT>/official_benchmark_214/matbench_e_form_5fold/fold0/dataset/cifs/mb-mp-e-form-007092.cif,0.1647504515409483,RbNaMg14,16,
mb-mp-e-form-043543,matbench_mp_e_form,test,<RUNS_ROOT>/official_benchmark_214/matbench_e_form_5fold/fold0/dataset/cifs/mb-mp-e-form-043543.cif,-0.6246972666666663,NdNiSn,12,
mb-mp-e-form-062779,matbench_mp_e_form,test,<RUNS_ROOT>/official_benchmark_214/matbench_e_form_5fold/fold0/dataset/cifs/mb-mp-e-form-062779.cif,-1.2150359482974142,Rb2O2,4,
mb-mp-e-form-120310,matbench_mp_e_form,test,<RUNS_ROOT>/official_benchmark_214/matbench_e_form_5fold/fold0/dataset/cifs/mb-mp-e-form-120310.cif,-2.9278644858356784,CsMgPO4,28,
mb-mp-e-form-013241,matbench_mp_e_form,test,<RUNS_ROOT>/official_benchmark_214/matbench_e_form_5fold/fold0/dataset/cifs/mb-mp-e-form-013241.cif,-0.0171122168960003,GeH4,20,
mb-mp-e-form-076358,matbench_mp_e_form,test,<RUNS_ROOT>/official_benchmark_214/matbench_e_form_5fold/fold0/dataset/cifs/mb-mp-e-form-076358.cif,-1.7496495717499996,FeBiO3,10,
mb-mp-e-form-026907,matbench_mp_e_form,test,<RUNS_ROOT>/official_benchmark_214/matbench_e_form_5fold/fold0/dataset/cifs/mb-mp-e-form-026907.cif,-0.33853548,YbAg2,3,
mb-mp-e-form-128089,matbench_mp_e_form,test,<RUNS_ROOT>/official_benchmark_214/matbench_e_form_5fold/fold0/dataset/cifs/mb-mp-e-form-128089.cif,-3.3745925033036714,La5Ti6S3(ClO5)3,64,
mb-mp-e-form-100986,matbench_mp_e_form,test,<RUNS_ROOT>/official_benchmark_214/matbench_e_form_5fold/fold0/dataset/cifs/mb-mp-e-form-100986.cif,-2.425157741467391,NaU(B2O5)3,46,
mb-mp-e-form-024873,matbench_mp_e_form,test,<RUNS_ROOT>/official_benchmark_214/matbench_e_form_5fold/fold0/dataset/cifs/mb-mp-e-form-024873.cif,-0.2716292262499999,ZnFeRh2,4,
mb-mp-e-form-071596,matbench_mp_e_form,test,<RUNS_ROOT>/official_benchmark_214/matbench_e_form_5fold/fold0/dataset/cifs/mb-mp-e-form-071596.cif,-1.5740208677133325,Na2CuH4(C2O5)2,21,
mb-mp-e-form-064916,matbench_mp_e_form,test,<RUNS_ROOT>/official_benchmark_214/matbench_e_form_5fold/fold0/dataset/cifs/mb-mp-e-form-064916.cif,-1.3496477003124998,CeSe2,24,
mb-mp-e-form-121314,matbench_mp_e_form,test,<RUNS_ROOT>/official_benchmark_214/matbench_e_form_5fold/fold0/dataset/cifs/mb-mp-e-form-121314.cif,-2.9660525532499995,Ba2TaBiO6,10,
mb-mp-e-form-106309,matbench_mp_e_form,test,<RUNS_ROOT>/official_benchmark_214/matbench_e_form_5fold/fold0/dataset/cifs/mb-mp-e-form-106309.cif,-2.533834899226884,LiMnP2O7,44,
mb-mp-e-form-015453,matbench_mp_e_form,test,<RUNS_ROOT>/official_benchmark_214/matbench_e_form_5fold/fold0/dataset/cifs/mb-mp-e-form-015453.cif,-0.0741616004999997,Ni4GePt5,10,
mb-mp-e-form-114835,matbench_mp_e_form,test,<RUNS_ROOT>/official_benchmark_214/matbench_e_form_5fold/fold0/dataset/cifs/mb-mp-e-form-114835.cif,-2.7653012596875,Mg14SiNiO16,32,
mb-mp-e-form-060377,matbench_mp_e_form,test,<RUNS_ROOT>/official_benchmark_214/matbench_e_form_5fold/fold0/dataset/cifs/mb-mp-e-form-060377.cif,-1.1308816346875,Na3AuS2,12,
mb-mp-e-form-004148,matbench_mp_e_form,test,<RUNS_ROOT>/official_benchmark_214/matbench_e_form_5fold/fold0/dataset/cifs/mb-mp-e-form-004148.cif,0.4352569683333331,CoTeMo,6,
mb-mp-e-form-098254,matbench_mp_e_form,test,<RUNS_ROOT>/official_benchmark_214/matbench_e_form_5fold/fold0/dataset/cifs/mb-mp-e-form-098254.cif,-2.372373399479168,Sr3Ru2O7,24,
mb-mp-e-form-126400,matbench_mp_e_form,test,<RUNS_ROOT>/official_benchmark_214/matbench_e_form_5fold/fold0/dataset/cifs/mb-mp-e-form-126400.cif,-3.1928602139583333,SiO2,48,
mb-mp-e-form-025501,matbench_mp_e_form,test,<RUNS_ROOT>/official_benchmark_214/matbench_e_form_5fold/fold0/dataset/cifs/mb-mp-e-form-025501.cif,-0.3014583680952378,B4MoRu2,7,
mb-mp-e-form-076787,matbench_mp_e_form,test,<RUNS_ROOT>/official_benchmark_214/matbench_e_form_5fold/fold0/dataset/cifs/mb-mp-e-form-076787.cif,-1.7685131729519994,CoF4,10,
mb-mp-e-form-073743,matbench_mp_e_form,test,<RUNS_ROOT>/official_benchmark_214/matbench_e_form_5fold/fold0/dataset/cifs/mb-mp-e-form-073743.cif,-1.6619666837643672,Rb4SbO4,36,
mb-mp-e-form-073807,matbench_mp_e_form,test,<RUNS_ROOT>/official_benchmark_214/matbench_e_form_5fold/fold0/dataset/cifs/mb-mp-e-form-073807.cif,-1.646532341008928,Y8Cu3(GeS7)3,70,
mb-mp-e-form-027220,matbench_mp_e_form,test,<RUNS_ROOT>/official_benchmark_214/matbench_e_form_5fold/fold0/dataset/cifs/mb-mp-e-form-027220.cif,-0.3254201901249999,Nd3Ge13Os4,40,
mb-mp-e-form-060820,matbench_mp_e_form,test,<RUNS_ROOT>/official_benchmark_214/matbench_e_form_5fold/fold0/dataset/cifs/mb-mp-e-form-060820.cif,-1.1352572776250005,Ba(AgS)2,5,
mb-mp-e-form-064927,matbench_mp_e_form,test,<RUNS_ROOT>/official_benchmark_214/matbench_e_form_5fold/fold0/dataset/cifs/mb-mp-e-form-064927.cif,-1.3680382720312507,BaCuS2,4,
mb-mp-e-form-131523,matbench_mp_e_form,test,<RUNS_ROOT>/official_benchmark_214/matbench_e_form_5fold/fold0/dataset/cifs/mb-mp-e-form-131523.cif,-3.71769830534091,Er2Si2O7,11,
mb-mp-e-form-068994,matbench_mp_e_form,test,<RUNS_ROOT>/official_benchmark_214/matbench_e_form_5fold/fold0/dataset/cifs/mb-mp-e-form-068994.cif,-1.523494985937501,VO3,24,
mb-mp-e-form-009270,matbench_mp_e_form,test,<RUNS_ROOT>/official_benchmark_214/matbench_e_form_5fold/fold0/dataset/cifs/mb-mp-e-form-009270.cif,0.0878116542857141,Mg4Si3,14,
mb-mp-e-form-082027,matbench_mp_e_form,test,<RUNS_ROOT>/official_benchmark_214/matbench_e_form_5fold/fold0/dataset/cifs/mb-mp-e-form-082027.cif,-1.930359491121666,Li7Mn2(CoO4)3,24,
mb-mp-e-form-015305,matbench_mp_e_form,test,<RUNS_ROOT>/official_benchmark_214/matbench_e_form_5fold/fold0/dataset/cifs/mb-mp-e-form-015305.cif,-0.0775356225624999,Cd3As2,160,
mb-mp-e-form-034773,matbench_mp_e_form,test,<RUNS_ROOT>/official_benchmark_214/matbench_e_form_5fold/fold0/dataset/cifs/mb-mp-e-form-034773.cif,-0.4586698527539537,PH8SN3O,28,
mb-mp-e-form-033592,matbench_mp_e_form,test,<RUNS_ROOT>/official_benchmark_214/matbench_e_form_5fold/fold0/dataset/cifs/mb-mp-e-form-033592.cif,-0.4320548832368751,CuSe2Cl,16,
mb-mp-e-form-130187,matbench_mp_e_form,test,<RUNS_ROOT>/official_benchmark_214/matbench_e_form_5fold/fold0/dataset/cifs/mb-mp-e-form-130187.cif,-3.5580149215625005,CaPrAl3O7,24,
mb-mp-e-form-112065,matbench_mp_e_form,test,<RUNS_ROOT>/official_benchmark_214/matbench_e_form_5fold/fold0/dataset/cifs/mb-mp-e-form-112065.cif,-2.6697138211538456,Pr2Cu(GeO4)2,26,
mb-mp-e-form-013972,matbench_mp_e_form,test,<RUNS_ROOT>/official_benchmark_214/matbench_e_form_5fold/fold0/dataset/cifs/mb-mp-e-form-013972.cif,-0.0328661446874998,Mg14CdGa,16,
mb-mp-e-form-113491,matbench_mp_e_form,test,<RUNS_ROOT>/official_benchmark_214/matbench_e_form_5fold/fold0/dataset/cifs/mb-mp-e-form-113491.cif,-2.6999707075189976,Li7V3P8O29,94,
mb-mp-e-form-028416,matbench_mp_e_form,test,<RUNS_ROOT>/official_benchmark_214/matbench_e_form_5fold/fold0/dataset/cifs/mb-mp-e-form-028416.cif,-0.3530174266666669,Na2Mn3Te4,9,
mb-mp-e-form-132090,matbench_mp_e_form,test,<RUNS_ROOT>/official_benchmark_214/matbench_e_form_5fold/fold0/dataset/cifs/mb-mp-e-form-132090.cif,-3.867107145277777,CeU2O6,9,
mb-mp-e-form-065903,matbench_mp_e_form,test,<RUNS_ROOT>/official_benchmark_214/matbench_e_form_5fold/fold0/dataset/cifs/mb-mp-e-form-065903.cif,-1.4044711687500002,BaAlW4O7,26,
mb-mp-e-form-093144,matbench_mp_e_form,test,<RUNS_ROOT>/official_benchmark_214/matbench_e_form_5fold/fold0/dataset/cifs/mb-mp-e-form-093144.cif,-2.236222719375,AlAuO2,8,
mb-mp-e-form-042388,matbench_mp_e_form,test,<RUNS_ROOT>/official_benchmark_214/matbench_e_form_5fold/fold0/dataset/cifs/mb-mp-e-form-042388.cif,-0.6126128361538457,Nd4Sn8Ir,13,
mb-mp-e-form-097564,matbench_mp_e_form,test,<RUNS_ROOT>/official_benchmark_214/matbench_e_form_5fold/fold0/dataset/cifs/mb-mp-e-form-097564.cif,-2.347391461703296,Na3Li3Fe2P2(CO7)2,52,
mb-mp-e-form-002591,matbench_mp_e_form,test,<RUNS_ROOT>/official_benchmark_214/matbench_e_form_5fold/fold0/dataset/cifs/mb-mp-e-form-002591.cif,0.9900364199741378,Rb4C,5,
mb-mp-e-form-064681,matbench_mp_e_form,test,<RUNS_ROOT>/official_benchmark_214/matbench_e_form_5fold/fold0/dataset/cifs/mb-mp-e-form-064681.cif,-1.3290403773809525,TmPPt,3,
mb-mp-e-form-121807,matbench_mp_e_form,test,<RUNS_ROOT>/official_benchmark_214/matbench_e_form_5fold/fold0/dataset/cifs/mb-mp-e-form-121807.cif,-3.000044331822916,YMg30TiO32,64,
mb-mp-e-form-069531,matbench_mp_e_form,test,<RUNS_ROOT>/official_benchmark_214/matbench_e_form_5fold/fold0/dataset/cifs/mb-mp-e-form-069531.cif,-1.513830788750001,Yb2FeS4,14,
mb-mp-e-form-010794,matbench_mp_e_form,test,<RUNS_ROOT>/official_benchmark_214/matbench_e_form_5fold/fold0/dataset/cifs/mb-mp-e-form-010794.cif,0.0406334412727269,Cu29(Ag6As7)2,110,
mb-mp-e-form-064454,matbench_mp_e_form,test,<RUNS_ROOT>/official_benchmark_214/matbench_e_form_5fold/fold0/dataset/cifs/mb-mp-e-form-064454.cif,-1.3049690462916663,K3CuO2,48,
mb-mp-e-form-064444,matbench_mp_e_form,test,<RUNS_ROOT>/official_benchmark_214/matbench_e_form_5fold/fold0/dataset/cifs/mb-mp-e-form-064444.cif,-1.3243564909999996,UBr4,10,
mb-mp-e-form-124201,matbench_mp_e_form,test,<RUNS_ROOT>/official_benchmark_214/matbench_e_form_5fold/fold0/dataset/cifs/mb-mp-e-form-124201.cif,-3.0904580409583344,Ca3In2(SiO4)3,80,
mb-mp-e-form-050026,matbench_mp_e_form,test,<RUNS_ROOT>/official_benchmark_214/matbench_e_form_5fold/fold0/dataset/cifs/mb-mp-e-form-050026.cif,-0.7905978250000002,CeGaPd,12,
mb-mp-e-form-082078,matbench_mp_e_form,test,<RUNS_ROOT>/official_benchmark_214/matbench_e_form_5fold/fold0/dataset/cifs/mb-mp-e-form-082078.cif,-1.9392862414318184,Te2H2O3F4,22,
mb-mp-e-form-043986,matbench_mp_e_form,test,<RUNS_ROOT>/official_benchmark_214/matbench_e_form_5fold/fold0/dataset/cifs/mb-mp-e-form-043986.cif,-0.6504180516071426,Zn(NiS2)2,14,
mb-mp-e-form-010564,matbench_mp_e_form,test,<RUNS_ROOT>/official_benchmark_214/matbench_e_form_5fold/fold0/dataset/cifs/mb-mp-e-form-010564.cif,0.0559445159598217,NbTlO14,32,
mb-mp-e-form-011024,matbench_mp_e_form,test,<RUNS_ROOT>/official_benchmark_214/matbench_e_form_5fold/fold0/dataset/cifs/mb-mp-e-form-011024.cif,0.0304899250000003,Ni,2,
mb-mp-e-form-064731,matbench_mp_e_form,test,<RUNS_ROOT>/official_benchmark_214/matbench_e_form_5fold/fold0/dataset/cifs/mb-mp-e-form-064731.cif,-1.305772147211428,Li2MnNi3O8,14,
mb-mp-e-form-041100,matbench_mp_e_form,test,<RUNS_ROOT>/official_benchmark_214/matbench_e_form_5fold/fold0/dataset/cifs/mb-mp-e-form-041100.cif,-0.5933115525420175,Nd(P3Os)4,17,
mb-mp-e-form-056455,matbench_mp_e_form,test,<RUNS_ROOT>/official_benchmark_214/matbench_e_form_5fold/fold0/dataset/cifs/mb-mp-e-form-056455.cif,-0.9808006001785716,Cr2CoS4,14,
mb-mp-e-form-093452,matbench_mp_e_form,test,<RUNS_ROOT>/official_benchmark_214/matbench_e_form_5fold/fold0/dataset/cifs/mb-mp-e-form-093452.cif,-2.231196064587912,NaLi2NiPCO7,26,
mb-mp-e-form-122746,matbench_mp_e_form,test,<RUNS_ROOT>/official_benchmark_214/matbench_e_form_5fold/fold0/dataset/cifs/mb-mp-e-form-122746.cif,-3.0117856010000006,Ca2TaWO6,20,
mb-mp-e-form-016835,matbench_mp_e_form,test,<RUNS_ROOT>/official_benchmark_214/matbench_e_form_5fold/fold0/dataset/cifs/mb-mp-e-form-016835.cif,-0.093201101875,NdDyMg2,4,
mb-mp-e-form-024366,matbench_mp_e_form,test,<RUNS_ROOT>/official_benchmark_214/matbench_e_form_5fold/fold0/dataset/cifs/mb-mp-e-form-024366.cif,-0.2776223216666658,Pr2MgNi9,12,
mb-mp-e-form-078401,matbench_mp_e_form,test,<RUNS_ROOT>/official_benchmark_214/matbench_e_form_5fold/fold0/dataset/cifs/mb-mp-e-form-078401.cif,-1.8222359542222213,KLiZn3O4,9,
mb-mp-e-form-108709,matbench_mp_e_form,test,<RUNS_ROOT>/official_benchmark_214/matbench_e_form_5fold/fold0/dataset/cifs/mb-mp-e-form-108709.cif,-2.5841399421875,Li5Si2BiO8,16,
mb-mp-e-form-065882,matbench_mp_e_form,test,<RUNS_ROOT>/official_benchmark_214/matbench_e_form_5fold/fold0/dataset/cifs/mb-mp-e-form-065882.cif,-1.4013785165,ZnCu3(SbO3)4,20,
mb-mp-e-form-036849,matbench_mp_e_form,test,<RUNS_ROOT>/official_benchmark_214/matbench_e_form_5fold/fold0/dataset/cifs/mb-mp-e-form-036849.cif,-0.4859121320357142,K2PAu,8,
mb-mp-e-form-108912,matbench_mp_e_form,test,<RUNS_ROOT>/official_benchmark_214/matbench_e_form_5fold/fold0/dataset/cifs/mb-mp-e-form-108912.cif,-2.605859367461334,Li3Mn2(SiO4)2,15,
mb-mp-e-form-075895,matbench_mp_e_form,test,<RUNS_ROOT>/official_benchmark_214/matbench_e_form_5fold/fold0/dataset/cifs/mb-mp-e-form-075895.cif,-1.7739067893749991,ZnO,8,
mb-mp-e-form-069918,matbench_mp_e_form,test,<RUNS_ROOT>/official_benchmark_214/matbench_e_form_5fold/fold0/dataset/cifs/mb-mp-e-form-069918.cif,-1.5700872764285714,Co(AsO2)2,28,
mb-mp-e-form-080629,matbench_mp_e_form,test,<RUNS_ROOT>/official_benchmark_214/matbench_e_form_5fold/fold0/dataset/cifs/mb-mp-e-form-080629.cif,-1.860974517611666,Mn2FeO3,12,
mb-mp-e-form-030253,matbench_mp_e_form,test,<RUNS_ROOT>/official_benchmark_214/matbench_e_form_5fold/fold0/dataset/cifs/mb-mp-e-form-030253.cif,-0.3908971437499985,Gd3GaC,5,
mb-mp-e-form-073551,matbench_mp_e_form,test,<RUNS_ROOT>/official_benchmark_214/matbench_e_form_5fold/fold0/dataset/cifs/mb-mp-e-form-073551.cif,-1.6615833461281868,NaMgPH12O11,52,
mb-mp-e-form-028326,matbench_mp_e_form,test,<RUNS_ROOT>/official_benchmark_214/matbench_e_form_5fold/fold0/dataset/cifs/mb-mp-e-form-028326.cif,-0.353129646153846,Dy(Al5Re)2,52,
mb-mp-e-form-058593,matbench_mp_e_form,test,<RUNS_ROOT>/official_benchmark_214/matbench_e_form_5fold/fold0/dataset/cifs/mb-mp-e-form-058593.cif,-1.0701303973437506,Hg3AsO4,64,
mb-mp-e-form-037560,matbench_mp_e_form,test,<RUNS_ROOT>/official_benchmark_214/matbench_e_form_5fold/fold0/dataset/cifs/mb-mp-e-form-037560.cif,-0.5067389232499998,HfGa2Co,40,
mb-mp-e-form-018170,matbench_mp_e_form,test,<RUNS_ROOT>/official_benchmark_214/matbench_e_form_5fold/fold0/dataset/cifs/mb-mp-e-form-018170.cif,-0.1450035264285714,YbZn13,28,
mb-mp-e-form-034953,matbench_mp_e_form,test,<RUNS_ROOT>/official_benchmark_214/matbench_e_form_5fold/fold0/dataset/cifs/mb-mp-e-form-034953.cif,-0.4783676749999997,SrGe3Ir,5,
mb-mp-e-form-029978,matbench_mp_e_form,test,<RUNS_ROOT>/official_benchmark_214/matbench_e_form_5fold/fold0/dataset/cifs/mb-mp-e-form-029978.cif,-0.3898135099999997,CaCdSn,3,
mb-mp-e-form-079727,matbench_mp_e_form,test,<RUNS_ROOT>/official_benchmark_214/matbench_e_form_5fold/fold0/dataset/cifs/mb-mp-e-form-079727.cif,-1.839617098522728,Li2Cr2O7,44,
mb-mp-e-form-122221,matbench_mp_e_form,test,<RUNS_ROOT>/official_benchmark_214/matbench_e_form_5fold/fold0/dataset/cifs/mb-mp-e-form-122221.cif,-3.018695178349999,BaZr5Pb4O15,25,
mb-mp-e-form-101158,matbench_mp_e_form,test,<RUNS_ROOT>/official_benchmark_214/matbench_e_form_5fold/fold0/dataset/cifs/mb-mp-e-form-101158.cif,-2.432647591537143,K2PdF4,7,
mb-mp-e-form-049194,matbench_mp_e_form,test,<RUNS_ROOT>/official_benchmark_214/matbench_e_form_5fold/fold0/dataset/cifs/mb-mp-e-form-049194.cif,-0.767171808246753,Ba3Ga3P5,66,
mb-mp-e-form-010536,matbench_mp_e_form,test,<RUNS_ROOT>/official_benchmark_214/matbench_e_form_5fold/fold0/dataset/cifs/mb-mp-e-form-010536.cif,0.0405929587499995,CdP14Pb,64,
mb-mp-e-form-106931,matbench_mp_e_form,test,<RUNS_ROOT>/official_benchmark_214/matbench_e_form_5fold/fold0/dataset/cifs/mb-mp-e-form-106931.cif,-2.569202442142859,GdWBrO4,28,
mb-mp-e-form-026286,matbench_mp_e_form,test,<RUNS_ROOT>/official_benchmark_214/matbench_e_form_5fold/fold0/dataset/cifs/mb-mp-e-form-026286.cif,-0.3133111474218744,MnSi(AgSe2)2,16,
mb-mp-e-form-045573,matbench_mp_e_form,test,<RUNS_ROOT>/official_benchmark_214/matbench_e_form_5fold/fold0/dataset/cifs/mb-mp-e-form-045573.cif,-0.6647277791,KAuI3,20,
mb-mp-e-form-093559,matbench_mp_e_form,test,<RUNS_ROOT>/official_benchmark_214/matbench_e_form_5fold/fold0/dataset/cifs/mb-mp-e-form-093559.cif,-2.240624185914968,Rb2S2O7,44,
mb-mp-e-form-071612,matbench_mp_e_form,test,<RUNS_ROOT>/official_benchmark_214/matbench_e_form_5fold/fold0/dataset/cifs/mb-mp-e-form-071612.cif,-1.5979822220209066,Li9FeCo12(PO4)12,82,
mb-mp-e-form-102454,matbench_mp_e_form,test,<RUNS_ROOT>/official_benchmark_214/matbench_e_form_5fold/fold0/dataset/cifs/mb-mp-e-form-102454.cif,-2.46468944840136,LiFePO4,42,
mb-mp-e-form-037912,matbench_mp_e_form,test,<RUNS_ROOT>/official_benchmark_214/matbench_e_form_5fold/fold0/dataset/cifs/mb-mp-e-form-037912.cif,-0.53172189,PrZnGa,6,
mb-mp-e-form-079601,matbench_mp_e_form,test,<RUNS_ROOT>/official_benchmark_214/matbench_e_form_5fold/fold0/dataset/cifs/mb-mp-e-form-079601.cif,-1.8465267325016663,SrH2Cl2O,24,
mb-mp-e-form-100256,matbench_mp_e_form,test,<RUNS_ROOT>/official_benchmark_214/matbench_e_form_5fold/fold0/dataset/cifs/mb-mp-e-form-100256.cif,-2.416876973250001,K3V5O14,22,
mb-mp-e-form-112709,matbench_mp_e_form,test,<RUNS_ROOT>/official_benchmark_214/matbench_e_form_5fold/fold0/dataset/cifs/mb-mp-e-form-112709.cif,-2.679072881816112,Mn12O5F19,36,
mb-mp-e-form-047164,matbench_mp_e_form,test,<RUNS_ROOT>/official_benchmark_214/matbench_e_form_5fold/fold0/dataset/cifs/mb-mp-e-form-047164.cif,-0.7250688764285723,Er2Fe12P7,21,
mb-mp-e-form-058224,matbench_mp_e_form,test,<RUNS_ROOT>/official_benchmark_214/matbench_e_form_5fold/fold0/dataset/cifs/mb-mp-e-form-058224.cif,-1.0707160660582005,Na2Ni(PO5)4,54,
mb-mp-e-form-050882,matbench_mp_e_form,test,<RUNS_ROOT>/official_benchmark_214/matbench_e_form_5fold/fold0/dataset/cifs/mb-mp-e-form-050882.cif,-0.7940910649999999,PrAu,4,
mb-mp-e-form-008438,matbench_mp_e_form,test,<RUNS_ROOT>/official_benchmark_214/matbench_e_form_5fold/fold0/dataset/cifs/mb-mp-e-form-008438.cif,0.1146134933333347,DyMn2,12,
mb-mp-e-form-113784,matbench_mp_e_form,test,<RUNS_ROOT>/official_benchmark_214/matbench_e_form_5fold/fold0/dataset/cifs/mb-mp-e-form-113784.cif,-2.7234046578124995,HfMg6CuO8,16,
mb-mp-e-form-088818,matbench_mp_e_form,test,<RUNS_ROOT>/official_benchmark_214/matbench_e_form_5fold/fold0/dataset/cifs/mb-mp-e-form-088818.cif,-2.128396896734695,Al4Si2Sn13(SbO14)2,49,
mb-mp-e-form-013093,matbench_mp_e_form,test,<RUNS_ROOT>/official_benchmark_214/matbench_e_form_5fold/fold0/dataset/cifs/mb-mp-e-form-013093.cif,-0.0247191158333333,MgSn,12,
mb-mp-e-form-118625,matbench_mp_e_form,test,<RUNS_ROOT>/official_benchmark_214/matbench_e_form_5fold/fold0/dataset/cifs/mb-mp-e-form-118625.cif,-2.8612614432443606,K3Li2Nb6(PO8)3,38,
mb-mp-e-form-119747,matbench_mp_e_form,test,<RUNS_ROOT>/official_benchmark_214/matbench_e_form_5fold/fold0/dataset/cifs/mb-mp-e-form-119747.cif,-2.897224435375,Ca3Co2(SiO4)3,80,
mb-mp-e-form-107052,matbench_mp_e_form,test,<RUNS_ROOT>/official_benchmark_214/matbench_e_form_5fold/fold0/dataset/cifs/mb-mp-e-form-107052.cif,-2.5678533779464283,Mg2Al2SiO9,28,
mb-mp-e-form-070282,matbench_mp_e_form,test,<RUNS_ROOT>/official_benchmark_214/matbench_e_form_5fold/fold0/dataset/cifs/mb-mp-e-form-070282.cif,-1.5594540337236835,K3U2I7O26,76,
mb-mp-e-form-010217,matbench_mp_e_form,test,<RUNS_ROOT>/official_benchmark_214/matbench_e_form_5fold/fold0/dataset/cifs/mb-mp-e-form-010217.cif,0.0376820341959991,Ni(ClO)2,10,
mb-mp-e-form-096083,matbench_mp_e_form,test,<RUNS_ROOT>/official_benchmark_214/matbench_e_form_5fold/fold0/dataset/cifs/mb-mp-e-form-096083.cif,-2.311731532857143,SrEuNiO4,7,
mb-mp-e-form-114735,matbench_mp_e_form,test,<RUNS_ROOT>/official_benchmark_214/matbench_e_form_5fold/fold0/dataset/cifs/mb-mp-e-form-114735.cif,-2.7360787441266674,VZnF4,12,
mb-mp-e-form-119486,matbench_mp_e_form,test,<RUNS_ROOT>/official_benchmark_214/matbench_e_form_5fold/fold0/dataset/cifs/mb-mp-e-form-119486.cif,-2.8877653671425003,NaSbF6,8,
mb-mp-e-form-052309,matbench_mp_e_form,test,<RUNS_ROOT>/official_benchmark_214/matbench_e_form_5fold/fold0/dataset/cifs/mb-mp-e-form-052309.cif,-0.8622245499986202,RbHgC3(NO)3,44,
mb-mp-e-form-017109,matbench_mp_e_form,test,<RUNS_ROOT>/official_benchmark_214/matbench_e_form_5fold/fold0/dataset/cifs/mb-mp-e-form-017109.cif,-0.1275919781250003,Nd3Br,4,
mb-mp-e-form-038635,matbench_mp_e_form,test,<RUNS_ROOT>/official_benchmark_214/matbench_e_form_5fold/fold0/dataset/cifs/mb-mp-e-form-038635.cif,-0.5228708962499997,LaGa6Pd,8,
mb-mp-e-form-065472,matbench_mp_e_form,test,<RUNS_ROOT>/official_benchmark_214/matbench_e_form_5fold/fold0/dataset/cifs/mb-mp-e-form-065472.cif,-1.338503790322625,GaH20C2S2NO14,80,
mb-mp-e-form-091407,matbench_mp_e_form,test,<RUNS_ROOT>/official_benchmark_214/matbench_e_form_5fold/fold0/dataset/cifs/mb-mp-e-form-091407.cif,-2.174466789722222,Na(WO3)2,9,
mb-mp-e-form-055347,matbench_mp_e_form,test,<RUNS_ROOT>/official_benchmark_214/matbench_e_form_5fold/fold0/dataset/cifs/mb-mp-e-form-055347.cif,-0.9472782808333337,Yb7MgPt4,12,
mb-mp-e-form-072729,matbench_mp_e_form,test,<RUNS_ROOT>/official_benchmark_214/matbench_e_form_5fold/fold0/dataset/cifs/mb-mp-e-form-072729.cif,-1.627622340147692,LiMn2(CoO4)2,13,
mb-mp-e-form-125437,matbench_mp_e_form,test,<RUNS_ROOT>/official_benchmark_214/matbench_e_form_5fold/fold0/dataset/cifs/mb-mp-e-form-125437.cif,-3.142654168287036,CaMgB2O5,72,
mb-mp-e-form-038492,matbench_mp_e_form,test,<RUNS_ROOT>/official_benchmark_214/matbench_e_form_5fold/fold0/dataset/cifs/mb-mp-e-form-038492.cif,-0.5351047662499995,LaMg2Pd,8,
mb-mp-e-form-076444,matbench_mp_e_form,test,<RUNS_ROOT>/official_benchmark_214/matbench_e_form_5fold/fold0/dataset/cifs/mb-mp-e-form-076444.cif,-1.775106312338889,K2ReCl5O,36,
mb-mp-e-form-097439,matbench_mp_e_form,test,<RUNS_ROOT>/official_benchmark_214/matbench_e_form_5fold/fold0/dataset/cifs/mb-mp-e-form-097439.cif,-2.3507967895918376,LiCoPO4,14,
mb-mp-e-form-069663,matbench_mp_e_form,test,<RUNS_ROOT>/official_benchmark_214/matbench_e_form_5fold/fold0/dataset/cifs/mb-mp-e-form-069663.cif,-1.5088318509745058,CoP2H18(NF2)6,39,
mb-mp-e-form-048562,matbench_mp_e_form,test,<RUNS_ROOT>/official_benchmark_214/matbench_e_form_5fold/fold0/dataset/cifs/mb-mp-e-form-048562.cif,-0.7418270112500007,Ho5Rh3,16,
mb-mp-e-form-058473,matbench_mp_e_form,test,<RUNS_ROOT>/official_benchmark_214/matbench_e_form_5fold/fold0/dataset/cifs/mb-mp-e-form-058473.cif,-1.0448516432142867,HfFeP,12,
mb-mp-e-form-086100,matbench_mp_e_form,test,<RUNS_ROOT>/official_benchmark_214/matbench_e_form_5fold/fold0/dataset/cifs/mb-mp-e-form-086100.cif,-2.042655732717392,Cu5(Si2O7)2,92,
mb-mp-e-form-047509,matbench_mp_e_form,test,<RUNS_ROOT>/official_benchmark_214/matbench_e_form_5fold/fold0/dataset/cifs/mb-mp-e-form-047509.cif,-0.7199693858333328,DyGeRu,12,
mb-mp-e-form-049551,matbench_mp_e_form,test,<RUNS_ROOT>/official_benchmark_214/matbench_e_form_5fold/fold0/dataset/cifs/mb-mp-e-form-049551.cif,-0.7660872997128568,Be(H2N)2,112,
mb-mp-e-form-053512,matbench_mp_e_form,test,<RUNS_ROOT>/official_benchmark_214/matbench_e_form_5fold/fold0/dataset/cifs/mb-mp-e-form-053512.cif,-0.8886269950000001,DyRh,2,
mb-mp-e-form-004959,matbench_mp_e_form,test,<RUNS_ROOT>/official_benchmark_214/matbench_e_form_5fold/fold0/dataset/cifs/mb-mp-e-form-004959.cif,0.2298356537500003,SrMg6Cr,8,
mb-mp-e-form-086049,matbench_mp_e_form,test,<RUNS_ROOT>/official_benchmark_214/matbench_e_form_5fold/fold0/dataset/cifs/mb-mp-e-form-086049.cif,-2.0439817699375,La(YbS2)3,20,
mb-mp-e-form-116262,matbench_mp_e_form,test,<RUNS_ROOT>/official_benchmark_214/matbench_e_form_5fold/fold0/dataset/cifs/mb-mp-e-form-116262.cif,-2.7984846633166667,Ca2B5H2ClO10,20,
mb-mp-e-form-125088,matbench_mp_e_form,test,<RUNS_ROOT>/official_benchmark_214/matbench_e_form_5fold/fold0/dataset/cifs/mb-mp-e-form-125088.cif,-3.1749813921250007,LaSm3Cr4O12,20,
mb-mp-e-form-082730,matbench_mp_e_form,test,<RUNS_ROOT>/official_benchmark_214/matbench_e_form_5fold/fold0/dataset/cifs/mb-mp-e-form-082730.cif,-1.9390860585596088,B3H3SeO9,128,
mb-mp-e-form-091792,matbench_mp_e_form,test,<RUNS_ROOT>/official_benchmark_214/matbench_e_form_5fold/fold0/dataset/cifs/mb-mp-e-form-091792.cif,-2.217358341305804,Mg6NbCO8,16,
mb-mp-e-form-080953,matbench_mp_e_form,test,<RUNS_ROOT>/official_benchmark_214/matbench_e_form_5fold/fold0/dataset/cifs/mb-mp-e-form-080953.cif,-1.909790318245,Li2MnCoO4,16,
mb-mp-e-form-043541,matbench_mp_e_form,test,<RUNS_ROOT>/official_benchmark_214/matbench_e_form_5fold/fold0/dataset/cifs/mb-mp-e-form-043541.cif,-0.6211537949999997,GdGa,4,
mb-mp-e-form-123906,matbench_mp_e_form,test,<RUNS_ROOT>/official_benchmark_214/matbench_e_form_5fold/fold0/dataset/cifs/mb-mp-e-form-123906.cif,-3.108435501558209,Ca13Si10(O17F5)2,67,
mb-mp-e-form-131396,matbench_mp_e_form,test,<RUNS_ROOT>/official_benchmark_214/matbench_e_form_5fold/fold0/dataset/cifs/mb-mp-e-form-131396.cif,-3.652795079431821,BaSr4U3O14,44,
mb-mp-e-form-105717,matbench_mp_e_form,test,<RUNS_ROOT>/official_benchmark_214/matbench_e_form_5fold/fold0/dataset/cifs/mb-mp-e-form-105717.cif,-2.5079168535889784,Li2MnSn(PO4)2,28,
mb-mp-e-form-082916,matbench_mp_e_form,test,<RUNS_ROOT>/official_benchmark_214/matbench_e_form_5fold/fold0/dataset/cifs/mb-mp-e-form-082916.cif,-1.95541680295538,CsAuF3,10,
mb-mp-e-form-131482,matbench_mp_e_form,test,<RUNS_ROOT>/official_benchmark_214/matbench_e_form_5fold/fold0/dataset/cifs/mb-mp-e-form-131482.cif,-3.788093415991378,Er2Zr8O19,29,
mb-mp-e-form-062439,matbench_mp_e_form,test,<RUNS_ROOT>/official_benchmark_214/matbench_e_form_5fold/fold0/dataset/cifs/mb-mp-e-form-062439.cif,-1.2400776033333338,ZrBr2,18,
mb-mp-e-form-108869,matbench_mp_e_form,test,<RUNS_ROOT>/official_benchmark_214/matbench_e_form_5fold/fold0/dataset/cifs/mb-mp-e-form-108869.cif,-2.606108182169665,Cs2NbCuF6,10,
mb-mp-e-form-065178,matbench_mp_e_form,test,<RUNS_ROOT>/official_benchmark_214/matbench_e_form_5fold/fold0/dataset/cifs/mb-mp-e-form-065178.cif,-1.3692464767499997,Al2Cr4O19,50,
mb-mp-e-form-125829,matbench_mp_e_form,test,<RUNS_ROOT>/official_benchmark_214/matbench_e_form_5fold/fold0/dataset/cifs/mb-mp-e-form-125829.cif,-3.227967010555556,TiO2,12,
mb-mp-e-form-069515,matbench_mp_e_form,test,<RUNS_ROOT>/official_benchmark_214/matbench_e_form_5fold/fold0/dataset/cifs/mb-mp-e-form-069515.cif,-1.524473676694,AsC3N3F8,60,
mb-mp-e-form-036211,matbench_mp_e_form,test,<RUNS_ROOT>/official_benchmark_214/matbench_e_form_5fold/fold0/dataset/cifs/mb-mp-e-form-036211.cif,-0.4977493959579806,CuH12C3S3BrN6,208,
mb-mp-e-form-104589,matbench_mp_e_form,test,<RUNS_ROOT>/official_benchmark_214/matbench_e_form_5fold/fold0/dataset/cifs/mb-mp-e-form-104589.cif,-2.487910687857142,V3Fe2Ni(PO4)6,36,
mb-mp-e-form-006554,matbench_mp_e_form,test,<RUNS_ROOT>/official_benchmark_214/matbench_e_form_5fold/fold0/dataset/cifs/mb-mp-e-form-006554.cif,0.1865261274999996,LiDy3,8,
mb-mp-e-form-100095,matbench_mp_e_form,test,<RUNS_ROOT>/official_benchmark_214/matbench_e_form_5fold/fold0/dataset/cifs/mb-mp-e-form-100095.cif,-2.405085028500001,NaLi3V4O12,20,
mb-mp-e-form-055265,matbench_mp_e_form,test,<RUNS_ROOT>/official_benchmark_214/matbench_e_form_5fold/fold0/dataset/cifs/mb-mp-e-form-055265.cif,-0.9643998397619046,Zr6GeI14,42,
mb-mp-e-form-055858,matbench_mp_e_form,test,<RUNS_ROOT>/official_benchmark_214/matbench_e_form_5fold/fold0/dataset/cifs/mb-mp-e-form-055858.cif,-0.9667843256249996,PbAuO2,8,
mb-mp-e-form-103764,matbench_mp_e_form,test,<RUNS_ROOT>/official_benchmark_214/matbench_e_form_5fold/fold0/dataset/cifs/mb-mp-e-form-103764.cif,-2.489927427929688,Sr4S3O,8,
mb-mp-e-form-121381,matbench_mp_e_form,test,<RUNS_ROOT>/official_benchmark_214/matbench_e_form_5fold/fold0/dataset/cifs/mb-mp-e-form-121381.cif,-2.979123855324957,Rb2MnF5,8,
mb-mp-e-form-069560,matbench_mp_e_form,test,<RUNS_ROOT>/official_benchmark_214/matbench_e_form_5fold/fold0/dataset/cifs/mb-mp-e-form-069560.cif,-1.5349757085622224,ZnCl2,36,
mb-mp-e-form-081714,matbench_mp_e_form,test,<RUNS_ROOT>/official_benchmark_214/matbench_e_form_5fold/fold0/dataset/cifs/mb-mp-e-form-081714.cif,-1.8950958503149995,Mn4O7F,24,
mb-mp-e-form-057178,matbench_mp_e_form,test,<RUNS_ROOT>/official_benchmark_214/matbench_e_form_5fold/fold0/dataset/cifs/mb-mp-e-form-057178.cif,-1.0141734609892852,LaH16C4Cl3O4,112,
mb-mp-e-form-113688,matbench_mp_e_form,test,<RUNS_ROOT>/official_benchmark_214/matbench_e_form_5fold/fold0/dataset/cifs/mb-mp-e-form-113688.cif,-2.695215708736667,Ta2CrNO5,18,
mb-mp-e-form-043414,matbench_mp_e_form,test,<RUNS_ROOT>/official_benchmark_214/matbench_e_form_5fold/fold0/dataset/cifs/mb-mp-e-form-043414.cif,-0.6341558754496848,Rb2Bi4Se7,26,
mb-mp-e-form-020961,matbench_mp_e_form,test,<RUNS_ROOT>/official_benchmark_214/matbench_e_form_5fold/fold0/dataset/cifs/mb-mp-e-form-020961.cif,-0.2171464096849997,KNa3H4,8,
mb-mp-e-form-126377,matbench_mp_e_form,test,<RUNS_ROOT>/official_benchmark_214/matbench_e_form_5fold/fold0/dataset/cifs/mb-mp-e-form-126377.cif,-3.2215341521739136,Li2Ti6PbO14,92,
mb-mp-e-form-020737,matbench_mp_e_form,test,<RUNS_ROOT>/official_benchmark_214/matbench_e_form_5fold/fold0/dataset/cifs/mb-mp-e-form-020737.cif,-0.190696275371352,Cs4Pb9,52,
mb-mp-e-form-093498,matbench_mp_e_form,test,<RUNS_ROOT>/official_benchmark_214/matbench_e_form_5fold/fold0/dataset/cifs/mb-mp-e-form-093498.cif,-2.224818672712765,Li11Fe(WO4)7,47,
mb-mp-e-form-054960,matbench_mp_e_form,test,<RUNS_ROOT>/official_benchmark_214/matbench_e_form_5fold/fold0/dataset/cifs/mb-mp-e-form-054960.cif,-0.9391527137500008,Cr2FeS4,7,
mb-mp-e-form-051299,matbench_mp_e_form,test,<RUNS_ROOT>/official_benchmark_214/matbench_e_form_5fold/fold0/dataset/cifs/mb-mp-e-form-051299.cif,-0.8161268496666679,Sc2InPd2,20,
mb-mp-e-form-121398,matbench_mp_e_form,test,<RUNS_ROOT>/official_benchmark_214/matbench_e_form_5fold/fold0/dataset/cifs/mb-mp-e-form-121398.cif,-2.9629264321527784,Li3Sc(BO3)2,24,
mb-mp-e-form-041094,matbench_mp_e_form,test,<RUNS_ROOT>/official_benchmark_214/matbench_e_form_5fold/fold0/dataset/cifs/mb-mp-e-form-041094.cif,-0.5864048149999999,YbYHg2,4,
mb-mp-e-form-109051,matbench_mp_e_form,test,<RUNS_ROOT>/official_benchmark_214/matbench_e_form_5fold/fold0/dataset/cifs/mb-mp-e-form-109051.cif,-2.6098311864999992,KSm(MoO4)2,48,
mb-mp-e-form-024640,matbench_mp_e_form,test,<RUNS_ROOT>/official_benchmark_214/matbench_e_form_5fold/fold0/dataset/cifs/mb-mp-e-form-024640.cif,-0.2811921962499997,GaCuTe2,8,
mb-mp-e-form-036106,matbench_mp_e_form,test,<RUNS_ROOT>/official_benchmark_214/matbench_e_form_5fold/fold0/dataset/cifs/mb-mp-e-form-036106.cif,-0.4819194958333335,Ca2InPb,4,
mb-mp-e-form-057593,matbench_mp_e_form,test,<RUNS_ROOT>/official_benchmark_214/matbench_e_form_5fold/fold0/dataset/cifs/mb-mp-e-form-057593.cif,-1.0391697038990664,CsFe2S3,12,
mb-mp-e-form-094563,matbench_mp_e_form,test,<RUNS_ROOT>/official_benchmark_214/matbench_e_form_5fold/fold0/dataset/cifs/mb-mp-e-form-094563.cif,-2.250651360641447,Li3V(SO4)3,38,
mb-mp-e-form-085997,matbench_mp_e_form,test,<RUNS_ROOT>/official_benchmark_214/matbench_e_form_5fold/fold0/dataset/cifs/mb-mp-e-form-085997.cif,-2.047690330368333,Li7Mn4CoO12,24,
mb-mp-e-form-104288,matbench_mp_e_form,test,<RUNS_ROOT>/official_benchmark_214/matbench_e_form_5fold/fold0/dataset/cifs/mb-mp-e-form-104288.cif,-2.4948469979166665,Sr2Fe2O5,18,
mb-mp-e-form-035441,matbench_mp_e_form,test,<RUNS_ROOT>/official_benchmark_214/matbench_e_form_5fold/fold0/dataset/cifs/mb-mp-e-form-035441.cif,-0.4718967228571427,Dy2CrGe4,7,
mb-mp-e-form-129632,matbench_mp_e_form,test,<RUNS_ROOT>/official_benchmark_214/matbench_e_form_5fold/fold0/dataset/cifs/mb-mp-e-form-129632.cif,-3.3891316520431034,KAl11O17,29,
mb-mp-e-form-071657,matbench_mp_e_form,test,<RUNS_ROOT>/official_benchmark_214/matbench_e_form_5fold/fold0/dataset/cifs/mb-mp-e-form-071657.cif,-1.599646458928572,Li4Co3Ni3(SbO8)2,28,
mb-mp-e-form-129547,matbench_mp_e_form,test,<RUNS_ROOT>/official_benchmark_214/matbench_e_form_5fold/fold0/dataset/cifs/mb-mp-e-form-129547.cif,-3.4723417430833337,NaCa8SmTi10(SiO5)10,80,
mb-mp-e-form-069334,matbench_mp_e_form,test,<RUNS_ROOT>/official_benchmark_214/matbench_e_form_5fold/fold0/dataset/cifs/mb-mp-e-form-069334.cif,-1.505251174046875,KHo2CuSe4,16,
mb-mp-e-form-101626,matbench_mp_e_form,test,<RUNS_ROOT>/official_benchmark_214/matbench_e_form_5fold/fold0/dataset/cifs/mb-mp-e-form-101626.cif,-2.441576574384643,LiMnP2HO7,48,
mb-mp-e-form-018702,matbench_mp_e_form,test,<RUNS_ROOT>/official_benchmark_214/matbench_e_form_5fold/fold0/dataset/cifs/mb-mp-e-form-018702.cif,-0.1320899431666665,In3Au7,60,
mb-mp-e-form-086638,matbench_mp_e_form,test,<RUNS_ROOT>/official_benchmark_214/matbench_e_form_5fold/fold0/dataset/cifs/mb-mp-e-form-086638.cif,-2.048122618568181,KLi4CrO5,22,
mb-mp-e-form-034135,matbench_mp_e_form,test,<RUNS_ROOT>/official_benchmark_214/matbench_e_form_5fold/fold0/dataset/cifs/mb-mp-e-form-034135.cif,-0.4468393993750013,Eu3Au,16,
mb-mp-e-form-024036,matbench_mp_e_form,test,<RUNS_ROOT>/official_benchmark_214/matbench_e_form_5fold/fold0/dataset/cifs/mb-mp-e-form-024036.cif,-0.2744112843749996,VCdCu3Se4,9,
mb-mp-e-form-019367,matbench_mp_e_form,test,<RUNS_ROOT>/official_benchmark_214/matbench_e_form_5fold/fold0/dataset/cifs/mb-mp-e-form-019367.cif,-0.1688432814583317,PuAlFe,12,
mb-mp-e-form-092288,matbench_mp_e_form,test,<RUNS_ROOT>/official_benchmark_214/matbench_e_form_5fold/fold0/dataset/cifs/mb-mp-e-form-092288.cif,-2.211212492124999,Ca3Zn3(TeO6)2,80,
mb-mp-e-form-119857,matbench_mp_e_form,test,<RUNS_ROOT>/official_benchmark_214/matbench_e_form_5fold/fold0/dataset/cifs/mb-mp-e-form-119857.cif,-2.9424416335416663,YMg30BO32,64,
mb-mp-e-form-009318,matbench_mp_e_form,test,<RUNS_ROOT>/official_benchmark_214/matbench_e_form_5fold/fold0/dataset/cifs/mb-mp-e-form-009318.cif,0.0778690955555549,MgTi2,12,
mb-mp-e-form-108405,matbench_mp_e_form,test,<RUNS_ROOT>/official_benchmark_214/matbench_e_form_5fold/fold0/dataset/cifs/mb-mp-e-form-108405.cif,-2.5885082582933334,SnF2,12,
mb-mp-e-form-062834,matbench_mp_e_form,test,<RUNS_ROOT>/official_benchmark_214/matbench_e_form_5fold/fold0/dataset/cifs/mb-mp-e-form-062834.cif,-1.2090912654312156,Rb2SBrCl6,10,
mb-mp-e-form-109042,matbench_mp_e_form,test,<RUNS_ROOT>/official_benchmark_214/matbench_e_form_5fold/fold0/dataset/cifs/mb-mp-e-form-109042.cif,-2.6070515570982145,La2Cd(SeO)2,14,
mb-mp-e-form-128700,matbench_mp_e_form,test,<RUNS_ROOT>/official_benchmark_214/matbench_e_form_5fold/fold0/dataset/cifs/mb-mp-e-form-128700.cif,-3.3385965161904765,HfNbO4,12,
mb-mp-e-form-111387,matbench_mp_e_form,test,<RUNS_ROOT>/official_benchmark_214/matbench_e_form_5fold/fold0/dataset/cifs/mb-mp-e-form-111387.cif,-2.66367967875538,Cs2KRhF6,10,
mb-mp-e-form-129094,matbench_mp_e_form,test,<RUNS_ROOT>/official_benchmark_214/matbench_e_form_5fold/fold0/dataset/cifs/mb-mp-e-form-129094.cif,-3.466781608083334,NaLuTi2O6,20,
mb-mp-e-form-075138,matbench_mp_e_form,test,<RUNS_ROOT>/official_benchmark_214/matbench_e_form_5fold/fold0/dataset/cifs/mb-mp-e-form-075138.cif,-1.742566874789261,KSrP3H11N3O10,116,
mb-mp-e-form-007171,matbench_mp_e_form,test,<RUNS_ROOT>/official_benchmark_214/matbench_e_form_5fold/fold0/dataset/cifs/mb-mp-e-form-007171.cif,0.1374706809375001,HfMg14V,16,
mb-mp-e-form-095508,matbench_mp_e_form,test,<RUNS_ROOT>/official_benchmark_214/matbench_e_form_5fold/fold0/dataset/cifs/mb-mp-e-form-095508.cif,-2.290605939026,LiMn3(O2F)2,10,
mb-mp-e-form-085082,matbench_mp_e_form,test,<RUNS_ROOT>/official_benchmark_214/matbench_e_form_5fold/fold0/dataset/cifs/mb-mp-e-form-085082.cif,-2.030569939641072,BaAl2H10C2O13,56,
mb-mp-e-form-107959,matbench_mp_e_form,test,<RUNS_ROOT>/official_benchmark_214/matbench_e_form_5fold/fold0/dataset/cifs/mb-mp-e-form-107959.cif,-2.5886329003895576,CsNpCl2O3,28,
mb-mp-e-form-051931,matbench_mp_e_form,test,<RUNS_ROOT>/official_benchmark_214/matbench_e_form_5fold/fold0/dataset/cifs/mb-mp-e-form-051931.cif,-0.8366078599999994,LaSi3Rh,5,
mb-mp-e-form-058377,matbench_mp_e_form,test,<RUNS_ROOT>/official_benchmark_214/matbench_e_form_5fold/fold0/dataset/cifs/mb-mp-e-form-058377.cif,-1.0641289839880963,LiCr4InS8,14,
mb-mp-e-form-020807,matbench_mp_e_form,test,<RUNS_ROOT>/official_benchmark_214/matbench_e_form_5fold/fold0/dataset/cifs/mb-mp-e-form-020807.cif,-0.2022530424999988,LiTaRu2,4,
mb-mp-e-form-094433,matbench_mp_e_form,test,<RUNS_ROOT>/official_benchmark_214/matbench_e_form_5fold/fold0/dataset/cifs/mb-mp-e-form-094433.cif,-2.2586147845312494,LiVGeO5,16,
mb-mp-e-form-004442,matbench_mp_e_form,test,<RUNS_ROOT>/official_benchmark_214/matbench_e_form_5fold/fold0/dataset/cifs/mb-mp-e-form-004442.cif,0.3628527275000004,SiPb3,8,
mb-mp-e-form-124807,matbench_mp_e_form,test,<RUNS_ROOT>/official_benchmark_214/matbench_e_form_5fold/fold0/dataset/cifs/mb-mp-e-form-124807.cif,-3.143104199250001,Ba2LuSbO6,10,
mb-mp-e-form-031801,matbench_mp_e_form,test,<RUNS_ROOT>/official_benchmark_214/matbench_e_form_5fold/fold0/dataset/cifs/mb-mp-e-form-031801.cif,-0.3950150756249995,PmNi2Sn,4,
mb-mp-e-form-083795,matbench_mp_e_form,test,<RUNS_ROOT>/official_benchmark_214/matbench_e_form_5fold/fold0/dataset/cifs/mb-mp-e-form-083795.cif,-1.9696854836111104,Cr(GeO3)2,36,
mb-mp-e-form-033218,matbench_mp_e_form,test,<RUNS_ROOT>/official_benchmark_214/matbench_e_form_5fold/fold0/dataset/cifs/mb-mp-e-form-033218.cif,-0.4425848046317238,GaH18I3N7,116,
mb-mp-e-form-076257,matbench_mp_e_form,test,<RUNS_ROOT>/official_benchmark_214/matbench_e_form_5fold/fold0/dataset/cifs/mb-mp-e-form-076257.cif,-1.749290474315,SmThN2,4,
mb-mp-e-form-126869,matbench_mp_e_form,test,<RUNS_ROOT>/official_benchmark_214/matbench_e_form_5fold/fold0/dataset/cifs/mb-mp-e-form-126869.cif,-3.286695923522727,Na2U2O7,22,
mb-mp-e-form-088734,matbench_mp_e_form,test,<RUNS_ROOT>/official_benchmark_214/matbench_e_form_5fold/fold0/dataset/cifs/mb-mp-e-form-088734.cif,-2.100633926536458,La3AlCrS7,24,
mb-mp-e-form-010155,matbench_mp_e_form,test,<RUNS_ROOT>/official_benchmark_214/matbench_e_form_5fold/fold0/dataset/cifs/mb-mp-e-form-010155.cif,0.0506274116666665,Ca2Mg,12,
mb-mp-e-form-078891,matbench_mp_e_form,test,<RUNS_ROOT>/official_benchmark_214/matbench_e_form_5fold/fold0/dataset/cifs/mb-mp-e-form-078891.cif,-1.8370078216225,Li9Mn2Co5O16,32,
mb-mp-e-form-019282,matbench_mp_e_form,test,<RUNS_ROOT>/official_benchmark_214/matbench_e_form_5fold/fold0/dataset/cifs/mb-mp-e-form-019282.cif,-0.1825154989999994,Ag2AsO2,20,
mb-mp-e-form-112692,matbench_mp_e_form,test,<RUNS_ROOT>/official_benchmark_214/matbench_e_form_5fold/fold0/dataset/cifs/mb-mp-e-form-112692.cif,-2.677112367371668,Mn12O5F19,36,
mb-mp-e-form-068492,matbench_mp_e_form,test,<RUNS_ROOT>/official_benchmark_214/matbench_e_form_5fold/fold0/dataset/cifs/mb-mp-e-form-068492.cif,-1.474402524886363,Bi2Rh2O7,22,
mb-mp-e-form-070715,matbench_mp_e_form,test,<RUNS_ROOT>/official_benchmark_214/matbench_e_form_5fold/fold0/dataset/cifs/mb-mp-e-form-070715.cif,-1.5705676206696435,Fe13O15,28,
mb-mp-e-form-122148,matbench_mp_e_form,test,<RUNS_ROOT>/official_benchmark_214/matbench_e_form_5fold/fold0/dataset/cifs/mb-mp-e-form-122148.cif,-3.010640509427084,TaTiTlO5,32,
mb-mp-e-form-070499,matbench_mp_e_form,test,<RUNS_ROOT>/official_benchmark_214/matbench_e_form_5fold/fold0/dataset/cifs/mb-mp-e-form-070499.cif,-1.5452180613659092,NiAs2S6(NF3)6,66,
mb-mp-e-form-129080,matbench_mp_e_form,test,<RUNS_ROOT>/official_benchmark_214/matbench_e_form_5fold/fold0/dataset/cifs/mb-mp-e-form-129080.cif,-3.4875275640277783,Nd2EuBeO5,36,
mb-mp-e-form-051797,matbench_mp_e_form,test,<RUNS_ROOT>/official_benchmark_214/matbench_e_form_5fold/fold0/dataset/cifs/mb-mp-e-form-051797.cif,-0.8199072144642859,LiFe3(SnS4)2,14,
mb-mp-e-form-019574,matbench_mp_e_form,test,<RUNS_ROOT>/official_benchmark_214/matbench_e_form_5fold/fold0/dataset/cifs/mb-mp-e-form-019574.cif,-0.1709116400000003,Mg2Ni,18,
mb-mp-e-form-056366,matbench_mp_e_form,test,<RUNS_ROOT>/official_benchmark_214/matbench_e_form_5fold/fold0/dataset/cifs/mb-mp-e-form-056366.cif,-0.9998540750075996,Na7Nb6O34,94,
mb-mp-e-form-010315,matbench_mp_e_form,test,<RUNS_ROOT>/official_benchmark_214/matbench_e_form_5fold/fold0/dataset/cifs/mb-mp-e-form-010315.cif,0.05911333375,Ac3Er,4,
mb-mp-e-form-117009,matbench_mp_e_form,test,<RUNS_ROOT>/official_benchmark_214/matbench_e_form_5fold/fold0/dataset/cifs/mb-mp-e-form-117009.cif,-2.8422524977063635,Na5Mn3F14,88,
mb-mp-e-form-075988,matbench_mp_e_form,test,<RUNS_ROOT>/official_benchmark_214/matbench_e_form_5fold/fold0/dataset/cifs/mb-mp-e-form-075988.cif,-1.753625456625001,Li3Co2O5,20,
mb-mp-e-form-058207,matbench_mp_e_form,test,<RUNS_ROOT>/official_benchmark_214/matbench_e_form_5fold/fold0/dataset/cifs/mb-mp-e-form-058207.cif,-1.0501296154166662,Zn2AsO6,72,
mb-mp-e-form-109398,matbench_mp_e_form,test,<RUNS_ROOT>/official_benchmark_214/matbench_e_form_5fold/fold0/dataset/cifs/mb-mp-e-form-109398.cif,-2.600232603838384,Th(MoO4)2,99,
mb-mp-e-form-076040,matbench_mp_e_form,test,<RUNS_ROOT>/official_benchmark_214/matbench_e_form_5fold/fold0/dataset/cifs/mb-mp-e-form-076040.cif,-1.7711743982499997,LiAl2BrO6,20,
mb-mp-e-form-067807,matbench_mp_e_form,test,<RUNS_ROOT>/official_benchmark_214/matbench_e_form_5fold/fold0/dataset/cifs/mb-mp-e-form-067807.cif,-1.4239263050000002,Li3Co13O16,32,
mb-mp-e-form-093889,matbench_mp_e_form,test,<RUNS_ROOT>/official_benchmark_214/matbench_e_form_5fold/fold0/dataset/cifs/mb-mp-e-form-093889.cif,-2.276328761282966,Rb2HgRuF6,10,
mb-mp-e-form-062033,matbench_mp_e_form,test,<RUNS_ROOT>/official_benchmark_214/matbench_e_form_5fold/fold0/dataset/cifs/mb-mp-e-form-062033.cif,-1.2078123628571424,Li2CoNi3O8,56,
mb-mp-e-form-027931,matbench_mp_e_form,test,<RUNS_ROOT>/official_benchmark_214/matbench_e_form_5fold/fold0/dataset/cifs/mb-mp-e-form-027931.cif,-0.3412137741145831,Te2MoWSe2,12,
mb-mp-e-form-074377,matbench_mp_e_form,test,<RUNS_ROOT>/official_benchmark_214/matbench_e_form_5fold/fold0/dataset/cifs/mb-mp-e-form-074377.cif,-1.708449101859733,CdP2H6O7,32,
mb-mp-e-form-072043,matbench_mp_e_form,test,<RUNS_ROOT>/official_benchmark_214/matbench_e_form_5fold/fold0/dataset/cifs/mb-mp-e-form-072043.cif,-1.6204809908399993,K3Mn2O8,26,
mb-mp-e-form-031518,matbench_mp_e_form,test,<RUNS_ROOT>/official_benchmark_214/matbench_e_form_5fold/fold0/dataset/cifs/mb-mp-e-form-031518.cif,-0.4027282787499997,ThAl3,8,
mb-mp-e-form-012838,matbench_mp_e_form,test,<RUNS_ROOT>/official_benchmark_214/matbench_e_form_5fold/fold0/dataset/cifs/mb-mp-e-form-012838.cif,-3.550295199943321e-05,Ge3N2,20,
mb-mp-e-form-010068,matbench_mp_e_form,test,<RUNS_ROOT>/official_benchmark_214/matbench_e_form_5fold/fold0/dataset/cifs/mb-mp-e-form-010068.cif,0.0339094112500002,Mg14CuSi,16,
mb-mp-e-form-039893,matbench_mp_e_form,test,<RUNS_ROOT>/official_benchmark_214/matbench_e_form_5fold/fold0/dataset/cifs/mb-mp-e-form-039893.cif,-0.542704338285715,Tc2P3,20,
mb-mp-e-form-053212,matbench_mp_e_form,test,<RUNS_ROOT>/official_benchmark_214/matbench_e_form_5fold/fold0/dataset/cifs/mb-mp-e-form-053212.cif,-0.8740709435937495,Hf5As3,64,
mb-mp-e-form-072173,matbench_mp_e_form,test,<RUNS_ROOT>/official_benchmark_214/matbench_e_form_5fold/fold0/dataset/cifs/mb-mp-e-form-072173.cif,-1.6255126551838226,Na2V(SO6)2,34,
mb-mp-e-form-100301,matbench_mp_e_form,test,<RUNS_ROOT>/official_benchmark_214/matbench_e_form_5fold/fold0/dataset/cifs/mb-mp-e-form-100301.cif,-2.408126438461537,Na5Lu(WO4)4,52,
mb-mp-e-form-124595,matbench_mp_e_form,test,<RUNS_ROOT>/official_benchmark_214/matbench_e_form_5fold/fold0/dataset/cifs/mb-mp-e-form-124595.cif,-3.077547347126363,Li2V2OF6,22,
mb-mp-e-form-123822,matbench_mp_e_form,test,<RUNS_ROOT>/official_benchmark_214/matbench_e_form_5fold/fold0/dataset/cifs/mb-mp-e-form-123822.cif,-3.086130927846,Sr2ZrMnO6,10,
mb-mp-e-form-036394,matbench_mp_e_form,test,<RUNS_ROOT>/official_benchmark_214/matbench_e_form_5fold/fold0/dataset/cifs/mb-mp-e-form-036394.cif,-0.492679635833334,SbTeRh,12,
mb-mp-e-form-039521,matbench_mp_e_form,test,<RUNS_ROOT>/official_benchmark_214/matbench_e_form_5fold/fold0/dataset/cifs/mb-mp-e-form-039521.cif,-0.550075744090908,Sc2Cr4Si5,22,
mb-mp-e-form-126509,matbench_mp_e_form,test,<RUNS_ROOT>/official_benchmark_214/matbench_e_form_5fold/fold0/dataset/cifs/mb-mp-e-form-126509.cif,-3.222500665422932,Sr6Nb2O11,38,
mb-mp-e-form-062281,matbench_mp_e_form,test,<RUNS_ROOT>/official_benchmark_214/matbench_e_form_5fold/fold0/dataset/cifs/mb-mp-e-form-062281.cif,-1.2056664729999995,CaCr2O2,20,
mb-mp-e-form-038569,matbench_mp_e_form,test,<RUNS_ROOT>/official_benchmark_214/matbench_e_form_5fold/fold0/dataset/cifs/mb-mp-e-form-038569.cif,-0.5220439307500001,HoRh3C,5,
mb-mp-e-form-000932,matbench_mp_e_form,test,<RUNS_ROOT>/official_benchmark_214/matbench_e_form_5fold/fold0/dataset/cifs/mb-mp-e-form-000932.cif,1.2712971731250002,GeC,2,
mb-mp-e-form-029068,matbench_mp_e_form,test,<RUNS_ROOT>/official_benchmark_214/matbench_e_form_5fold/fold0/dataset/cifs/mb-mp-e-form-029068.cif,-0.372314698409091,BaO10,44,
mb-mp-e-form-073404,matbench_mp_e_form,test,<RUNS_ROOT>/official_benchmark_214/matbench_e_form_5fold/fold0/dataset/cifs/mb-mp-e-form-073404.cif,-1.6540183106086668,MnPbO3,30,
mb-mp-e-form-037845,matbench_mp_e_form,test,<RUNS_ROOT>/official_benchmark_214/matbench_e_form_5fold/fold0/dataset/cifs/mb-mp-e-form-037845.cif,-0.5081301725,Li2PdAu,4,
mb-mp-e-form-068228,matbench_mp_e_form,test,<RUNS_ROOT>/official_benchmark_214/matbench_e_form_5fold/fold0/dataset/cifs/mb-mp-e-form-068228.cif,-1.4754976038333325,NaNi2(MoO5)2,15,
mb-mp-e-form-130039,matbench_mp_e_form,test,<RUNS_ROOT>/official_benchmark_214/matbench_e_form_5fold/fold0/dataset/cifs/mb-mp-e-form-130039.cif,-3.60570818835,HfTlF5,28,
mb-mp-e-form-101826,matbench_mp_e_form,test,<RUNS_ROOT>/official_benchmark_214/matbench_e_form_5fold/fold0/dataset/cifs/mb-mp-e-form-101826.cif,-2.455499004916667,TiNiO3,60,
mb-mp-e-form-077115,matbench_mp_e_form,test,<RUNS_ROOT>/official_benchmark_214/matbench_e_form_5fold/fold0/dataset/cifs/mb-mp-e-form-077115.cif,-1.7837345651566667,K2Mo2H4C4O15,54,
mb-mp-e-form-029895,matbench_mp_e_form,test,<RUNS_ROOT>/official_benchmark_214/matbench_e_form_5fold/fold0/dataset/cifs/mb-mp-e-form-029895.cif,-0.359138730833334,Ti2CoSi,4,
mb-mp-e-form-115740,matbench_mp_e_form,test,<RUNS_ROOT>/official_benchmark_214/matbench_e_form_5fold/fold0/dataset/cifs/mb-mp-e-form-115740.cif,-2.7756195857500003,Ca2TaNiO6,20,
mb-mp-e-form-111018,matbench_mp_e_form,test,<RUNS_ROOT>/official_benchmark_214/matbench_e_form_5fold/fold0/dataset/cifs/mb-mp-e-form-111018.cif,-2.6530764533630955,Ba2Zn2TeP2O11,72,
mb-mp-e-form-109200,matbench_mp_e_form,test,<RUNS_ROOT>/official_benchmark_214/matbench_e_form_5fold/fold0/dataset/cifs/mb-mp-e-form-109200.cif,-2.605566037,Sr2CdWO6,10,
mb-mp-e-form-008347,matbench_mp_e_form,test,<RUNS_ROOT>/official_benchmark_214/matbench_e_form_5fold/fold0/dataset/cifs/mb-mp-e-form-008347.cif,0.1202378040909085,Mg5Si6,22,
mb-mp-e-form-073767,matbench_mp_e_form,test,<RUNS_ROOT>/official_benchmark_214/matbench_e_form_5fold/fold0/dataset/cifs/mb-mp-e-form-073767.cif,-1.6496700728030302,Li2Fe2CuO6,33,
mb-mp-e-form-043884,matbench_mp_e_form,test,<RUNS_ROOT>/official_benchmark_214/matbench_e_form_5fold/fold0/dataset/cifs/mb-mp-e-form-043884.cif,-0.6185898849999996,YbPrRh2,4,
mb-mp-e-form-112884,matbench_mp_e_form,test,<RUNS_ROOT>/official_benchmark_214/matbench_e_form_5fold/fold0/dataset/cifs/mb-mp-e-form-112884.cif,-2.706005722500001,Ca3Cr2(GeO4)3,80,
mb-mp-e-form-016321,matbench_mp_e_form,test,<RUNS_ROOT>/official_benchmark_214/matbench_e_form_5fold/fold0/dataset/cifs/mb-mp-e-form-016321.cif,-0.1035653600000004,Nd4MgCo,24,
mb-mp-e-form-007887,matbench_mp_e_form,test,<RUNS_ROOT>/official_benchmark_214/matbench_e_form_5fold/fold0/dataset/cifs/mb-mp-e-form-007887.cif,0.1420987764080459,Rb3In,4,
mb-mp-e-form-052781,matbench_mp_e_form,test,<RUNS_ROOT>/official_benchmark_214/matbench_e_form_5fold/fold0/dataset/cifs/mb-mp-e-form-052781.cif,-0.8440410131250005,CuNi3O4,8,
mb-mp-e-form-096946,matbench_mp_e_form,test,<RUNS_ROOT>/official_benchmark_214/matbench_e_form_5fold/fold0/dataset/cifs/mb-mp-e-form-096946.cif,-2.3417992016964284,Gd2CuTe2(SO7)2,21,
mb-mp-e-form-021658,matbench_mp_e_form,test,<RUNS_ROOT>/official_benchmark_214/matbench_e_form_5fold/fold0/dataset/cifs/mb-mp-e-form-021658.cif,-0.2270470899999992,MnPd3,8,
mb-mp-e-form-077375,matbench_mp_e_form,test,<RUNS_ROOT>/official_benchmark_214/matbench_e_form_5fold/fold0/dataset/cifs/mb-mp-e-form-077375.cif,-1.809521556041667,US2,9,
mb-mp-e-form-101413,matbench_mp_e_form,test,<RUNS_ROOT>/official_benchmark_214/matbench_e_form_5fold/fold0/dataset/cifs/mb-mp-e-form-101413.cif,-2.427476434354454,LiVCrP2(HO5)2,51,
mb-mp-e-form-033407,matbench_mp_e_form,test,<RUNS_ROOT>/official_benchmark_214/matbench_e_form_5fold/fold0/dataset/cifs/mb-mp-e-form-033407.cif,-0.4292219158333334,Hf2Al3Zn,6,
mb-mp-e-form-081582,matbench_mp_e_form,test,<RUNS_ROOT>/official_benchmark_214/matbench_e_form_5fold/fold0/dataset/cifs/mb-mp-e-form-081582.cif,-1.8989464117500008,LiFe(CO3)2,40,
mb-mp-e-form-006794,matbench_mp_e_form,test,<RUNS_ROOT>/official_benchmark_214/matbench_e_form_5fold/fold0/dataset/cifs/mb-mp-e-form-006794.cif,0.198359183333333,Fe2Sn,6,
mb-mp-e-form-034352,matbench_mp_e_form,test,<RUNS_ROOT>/official_benchmark_214/matbench_e_form_5fold/fold0/dataset/cifs/mb-mp-e-form-034352.cif,-0.4560458485802469,Yb20Zn30Ge31,81,
mb-mp-e-form-070042,matbench_mp_e_form,test,<RUNS_ROOT>/official_benchmark_214/matbench_e_form_5fold/fold0/dataset/cifs/mb-mp-e-form-070042.cif,-1.5431703987884615,KCr2FeO9,26,
mb-mp-e-form-092458,matbench_mp_e_form,test,<RUNS_ROOT>/official_benchmark_214/matbench_e_form_5fold/fold0/dataset/cifs/mb-mp-e-form-092458.cif,-2.2148350177577782,FeOF,36,
mb-mp-e-form-065230,matbench_mp_e_form,test,<RUNS_ROOT>/official_benchmark_214/matbench_e_form_5fold/fold0/dataset/cifs/mb-mp-e-form-065230.cif,-1.3435587518906658,CuAgAs2H3O8,60,
mb-mp-e-form-116261,matbench_mp_e_form,test,<RUNS_ROOT>/official_benchmark_214/matbench_e_form_5fold/fold0/dataset/cifs/mb-mp-e-form-116261.cif,-2.8022323546242864,LiCe2HO3,7,
mb-mp-e-form-092658,matbench_mp_e_form,test,<RUNS_ROOT>/official_benchmark_214/matbench_e_form_5fold/fold0/dataset/cifs/mb-mp-e-form-092658.cif,-2.221396386136666,Mn6O7F5,36,
mb-mp-e-form-034618,matbench_mp_e_form,test,<RUNS_ROOT>/official_benchmark_214/matbench_e_form_5fold/fold0/dataset/cifs/mb-mp-e-form-034618.cif,-0.4511597476666679,Er(FeB)2,5,
mb-mp-e-form-025041,matbench_mp_e_form,test,<RUNS_ROOT>/official_benchmark_214/matbench_e_form_5fold/fold0/dataset/cifs/mb-mp-e-form-025041.cif,-0.2940447058333326,Be2W,12,
mb-mp-e-form-071766,matbench_mp_e_form,test,<RUNS_ROOT>/official_benchmark_214/matbench_e_form_5fold/fold0/dataset/cifs/mb-mp-e-form-071766.cif,-1.6026958164285716,Li2Fe3NiO8,28,
mb-mp-e-form-102804,matbench_mp_e_form,test,<RUNS_ROOT>/official_benchmark_214/matbench_e_form_5fold/fold0/dataset/cifs/mb-mp-e-form-102804.cif,-2.474495491830357,Sr2CrSO3,14,
mb-mp-e-form-017288,matbench_mp_e_form,test,<RUNS_ROOT>/official_benchmark_214/matbench_e_form_5fold/fold0/dataset/cifs/mb-mp-e-form-017288.cif,-0.1150166469374994,C2S3,40,
mb-mp-e-form-044185,matbench_mp_e_form,test,<RUNS_ROOT>/official_benchmark_214/matbench_e_form_5fold/fold0/dataset/cifs/mb-mp-e-form-044185.cif,-0.6551103345833335,LiPrSn,24,
mb-mp-e-form-008304,matbench_mp_e_form,test,<RUNS_ROOT>/official_benchmark_214/matbench_e_form_5fold/fold0/dataset/cifs/mb-mp-e-form-008304.cif,0.0962805295454542,Mg7Si4,22,
mb-mp-e-form-004972,matbench_mp_e_form,test,<RUNS_ROOT>/official_benchmark_214/matbench_e_form_5fold/fold0/dataset/cifs/mb-mp-e-form-004972.cif,0.2948956884821432,Mg6NbCr,8,
mb-mp-e-form-046423,matbench_mp_e_form,test,<RUNS_ROOT>/official_benchmark_214/matbench_e_form_5fold/fold0/dataset/cifs/mb-mp-e-form-046423.cif,-0.6845884074999997,Nd2Si3Ni,6,
mb-mp-e-form-010763,matbench_mp_e_form,test,<RUNS_ROOT>/official_benchmark_214/matbench_e_form_5fold/fold0/dataset/cifs/mb-mp-e-form-010763.cif,0.0403930104687499,Cu2Se,3,
mb-mp-e-form-022939,matbench_mp_e_form,test,<RUNS_ROOT>/official_benchmark_214/matbench_e_form_5fold/fold0/dataset/cifs/mb-mp-e-form-022939.cif,-0.2601227027083332,BiS2,6,
mb-mp-e-form-106149,matbench_mp_e_form,test,<RUNS_ROOT>/official_benchmark_214/matbench_e_form_5fold/fold0/dataset/cifs/mb-mp-e-form-106149.cif,-2.535989245821429,Li3Fe2(PO4)3,40,
mb-mp-e-form-022936,matbench_mp_e_form,test,<RUNS_ROOT>/official_benchmark_214/matbench_e_form_5fold/fold0/dataset/cifs/mb-mp-e-form-022936.cif,-0.2691759124999997,Te2Mo,12,
mb-mp-e-form-112894,matbench_mp_e_form,test,<RUNS_ROOT>/official_benchmark_214/matbench_e_form_5fold/fold0/dataset/cifs/mb-mp-e-form-112894.cif,-2.6926450521428578,Sr2TcO4,7,
mb-mp-e-form-060248,matbench_mp_e_form,test,<RUNS_ROOT>/official_benchmark_214/matbench_e_form_5fold/fold0/dataset/cifs/mb-mp-e-form-060248.cif,-1.1426393349329411,KHg5Cl11,17,
mb-mp-e-form-025695,matbench_mp_e_form,test,<RUNS_ROOT>/official_benchmark_214/matbench_e_form_5fold/fold0/dataset/cifs/mb-mp-e-form-025695.cif,-0.2887452565492957,La13Cd58,142,
mb-mp-e-form-045231,matbench_mp_e_form,test,<RUNS_ROOT>/official_benchmark_214/matbench_e_form_5fold/fold0/dataset/cifs/mb-mp-e-form-045231.cif,-0.6669700423684198,Eu4As7Ir8,38,
mb-mp-e-form-095669,matbench_mp_e_form,test,<RUNS_ROOT>/official_benchmark_214/matbench_e_form_5fold/fold0/dataset/cifs/mb-mp-e-form-095669.cif,-2.3009948196137864,Li3Bi3P8O29,86,
mb-mp-e-form-097114,matbench_mp_e_form,test,<RUNS_ROOT>/official_benchmark_214/matbench_e_form_5fold/fold0/dataset/cifs/mb-mp-e-form-097114.cif,-2.3517921575,Li2WO4,14,
mb-mp-e-form-059009,matbench_mp_e_form,test,<RUNS_ROOT>/official_benchmark_214/matbench_e_form_5fold/fold0/dataset/cifs/mb-mp-e-form-059009.cif,-1.0857276705208332,CeSe2,48,
mb-mp-e-form-025062,matbench_mp_e_form,test,<RUNS_ROOT>/official_benchmark_214/matbench_e_form_5fold/fold0/dataset/cifs/mb-mp-e-form-025062.cif,-0.2903486369845099,BH12C3N,17,
mb-mp-e-form-079108,matbench_mp_e_form,test,<RUNS_ROOT>/official_benchmark_214/matbench_e_form_5fold/fold0/dataset/cifs/mb-mp-e-form-079108.cif,-1.853685329747499,Li9Mn2Co5O16,32,
mb-mp-e-form-125941,matbench_mp_e_form,test,<RUNS_ROOT>/official_benchmark_214/matbench_e_form_5fold/fold0/dataset/cifs/mb-mp-e-form-125941.cif,-3.183576898717948,Nd2Ge(BO4)2,52,
mb-mp-e-form-064215,matbench_mp_e_form,test,<RUNS_ROOT>/official_benchmark_214/matbench_e_form_5fold/fold0/dataset/cifs/mb-mp-e-form-064215.cif,-1.323295874199334,Rb2PH6(SO)3,60,
mb-mp-e-form-107029,matbench_mp_e_form,test,<RUNS_ROOT>/official_benchmark_214/matbench_e_form_5fold/fold0/dataset/cifs/mb-mp-e-form-107029.cif,-2.562769988333334,Ba4Ce(RuO4)3,60,
mb-mp-e-form-053536,matbench_mp_e_form,test,<RUNS_ROOT>/official_benchmark_214/matbench_e_form_5fold/fold0/dataset/cifs/mb-mp-e-form-053536.cif,-0.8875095470000002,TlCdBr3,20,
mb-mp-e-form-072883,matbench_mp_e_form,test,<RUNS_ROOT>/official_benchmark_214/matbench_e_form_5fold/fold0/dataset/cifs/mb-mp-e-form-072883.cif,-1.6670324529807696,BaYNi4O7,26,
mb-mp-e-form-054656,matbench_mp_e_form,test,<RUNS_ROOT>/official_benchmark_214/matbench_e_form_5fold/fold0/dataset/cifs/mb-mp-e-form-054656.cif,-0.9186377425520836,Au2Se3O10,30,
mb-mp-e-form-070567,matbench_mp_e_form,test,<RUNS_ROOT>/official_benchmark_214/matbench_e_form_5fold/fold0/dataset/cifs/mb-mp-e-form-070567.cif,-1.5557107520641762,Cs4CO4,9,
mb-mp-e-form-032989,matbench_mp_e_form,test,<RUNS_ROOT>/official_benchmark_214/matbench_e_form_5fold/fold0/dataset/cifs/mb-mp-e-form-032989.cif,-0.4337810833333332,MgGaAu,9,
mb-mp-e-form-086739,matbench_mp_e_form,test,<RUNS_ROOT>/official_benchmark_214/matbench_e_form_5fold/fold0/dataset/cifs/mb-mp-e-form-086739.cif,-2.0459795080714294,LiNi4(PO4)3,40,
mb-mp-e-form-095263,matbench_mp_e_form,test,<RUNS_ROOT>/official_benchmark_214/matbench_e_form_5fold/fold0/dataset/cifs/mb-mp-e-form-095263.cif,-2.3003911856324404,In2PO5,16,
mb-mp-e-form-074140,matbench_mp_e_form,test,<RUNS_ROOT>/official_benchmark_214/matbench_e_form_5fold/fold0/dataset/cifs/mb-mp-e-form-074140.cif,-1.7131789992278164,Ce2TeMo6(H6O7)6,87,
mb-mp-e-form-054832,matbench_mp_e_form,test,<RUNS_ROOT>/official_benchmark_214/matbench_e_form_5fold/fold0/dataset/cifs/mb-mp-e-form-054832.cif,-0.9226271476953124,USe3,8,
mb-mp-e-form-014771,matbench_mp_e_form,test,<RUNS_ROOT>/official_benchmark_214/matbench_e_form_5fold/fold0/dataset/cifs/mb-mp-e-form-014771.cif,-0.0480523236842106,Sb16Te3,19,
mb-mp-e-form-129159,matbench_mp_e_form,test,<RUNS_ROOT>/official_benchmark_214/matbench_e_form_5fold/fold0/dataset/cifs/mb-mp-e-form-129159.cif,-3.394331836625001,Ca3Zr2AlFeSiO12,80,
mb-mp-e-form-048853,matbench_mp_e_form,test,<RUNS_ROOT>/official_benchmark_214/matbench_e_form_5fold/fold0/dataset/cifs/mb-mp-e-form-048853.cif,-0.7428238183333331,ScSiAu,6,
mb-mp-e-form-016033,matbench_mp_e_form,test,<RUNS_ROOT>/official_benchmark_214/matbench_e_form_5fold/fold0/dataset/cifs/mb-mp-e-form-016033.cif,-0.1065574482533325,CrN2,84,
mb-mp-e-form-119074,matbench_mp_e_form,test,<RUNS_ROOT>/official_benchmark_214/matbench_e_form_5fold/fold0/dataset/cifs/mb-mp-e-form-119074.cif,-2.885749736416668,SrLaVFeO6,30,
mb-mp-e-form-099273,matbench_mp_e_form,test,<RUNS_ROOT>/official_benchmark_214/matbench_e_form_5fold/fold0/dataset/cifs/mb-mp-e-form-099273.cif,-2.3890029655000005,CaCO3,10,
mb-mp-e-form-000129,matbench_mp_e_form,test,<RUNS_ROOT>/official_benchmark_214/matbench_e_form_5fold/fold0/dataset/cifs/mb-mp-e-form-000129.cif,2.442245583750001,CrSnRh2,4,
mb-mp-e-form-033702,matbench_mp_e_form,test,<RUNS_ROOT>/official_benchmark_214/matbench_e_form_5fold/fold0/dataset/cifs/mb-mp-e-form-033702.cif,-0.443503655138888,UBC,6,
mb-mp-e-form-045793,matbench_mp_e_form,test,<RUNS_ROOT>/official_benchmark_214/matbench_e_form_5fold/fold0/dataset/cifs/mb-mp-e-form-045793.cif,-0.6740621816666663,LiPrGe,9,
mb-mp-e-form-084799,matbench_mp_e_form,test,<RUNS_ROOT>/official_benchmark_214/matbench_e_form_5fold/fold0/dataset/cifs/mb-mp-e-form-084799.cif,-2.0202728569200006,NdTeCl,6,
mb-mp-e-form-013497,matbench_mp_e_form,test,<RUNS_ROOT>/official_benchmark_214/matbench_e_form_5fold/fold0/dataset/cifs/mb-mp-e-form-013497.cif,-0.0202906779999999,Nd4Pt,10,
mb-mp-e-form-073522,matbench_mp_e_form,test,<RUNS_ROOT>/official_benchmark_214/matbench_e_form_5fold/fold0/dataset/cifs/mb-mp-e-form-073522.cif,-1.6748931105270022,Bi8(P2O9)3,82,
mb-mp-e-form-092572,matbench_mp_e_form,test,<RUNS_ROOT>/official_benchmark_214/matbench_e_form_5fold/fold0/dataset/cifs/mb-mp-e-form-092572.cif,-2.2159991826361107,Li24Mn5Cr7O36,72,
mb-mp-e-form-097746,matbench_mp_e_form,test,<RUNS_ROOT>/official_benchmark_214/matbench_e_form_5fold/fold0/dataset/cifs/mb-mp-e-form-097746.cif,-2.3472419038750005,Mg3Fe2(GeO4)3,80,
mb-mp-e-form-040246,matbench_mp_e_form,test,<RUNS_ROOT>/official_benchmark_214/matbench_e_form_5fold/fold0/dataset/cifs/mb-mp-e-form-040246.cif,-0.5755425478742299,CuH4C2S2(NO)2,52,
mb-mp-e-form-111269,matbench_mp_e_form,test,<RUNS_ROOT>/official_benchmark_214/matbench_e_form_5fold/fold0/dataset/cifs/mb-mp-e-form-111269.cif,-2.645859239475833,KTe2F9,24,
mb-mp-e-form-130204,matbench_mp_e_form,test,<RUNS_ROOT>/official_benchmark_214/matbench_e_form_5fold/fold0/dataset/cifs/mb-mp-e-form-130204.cif,-3.5783475435,Ca2NdTaO6,20,
mb-mp-e-form-054080,matbench_mp_e_form,test,<RUNS_ROOT>/official_benchmark_214/matbench_e_form_5fold/fold0/dataset/cifs/mb-mp-e-form-054080.cif,-0.9109729615024632,Rb3Bi2I9,28,
mb-mp-e-form-102679,matbench_mp_e_form,test,<RUNS_ROOT>/official_benchmark_214/matbench_e_form_5fold/fold0/dataset/cifs/mb-mp-e-form-102679.cif,-2.450408302421111,Li8Mn3Fe5(BO3)8,48,
mb-mp-e-form-063828,matbench_mp_e_form,test,<RUNS_ROOT>/official_benchmark_214/matbench_e_form_5fold/fold0/dataset/cifs/mb-mp-e-form-063828.cif,-1.272149206818966,RbFeO3,5,
mb-mp-e-form-067494,matbench_mp_e_form,test,<RUNS_ROOT>/official_benchmark_214/matbench_e_form_5fold/fold0/dataset/cifs/mb-mp-e-form-067494.cif,-1.4211765058974368,Cu7As6(PbO12)2,39,
mb-mp-e-form-011634,matbench_mp_e_form,test,<RUNS_ROOT>/official_benchmark_214/matbench_e_form_5fold/fold0/dataset/cifs/mb-mp-e-form-011634.cif,0.0295392550000004,Lu3Th,4,
mb-mp-e-form-041930,matbench_mp_e_form,test,<RUNS_ROOT>/official_benchmark_214/matbench_e_form_5fold/fold0/dataset/cifs/mb-mp-e-form-041930.cif,-0.6093935501041668,Te2MoWS2,12,
mb-mp-e-form-082050,matbench_mp_e_form,test,<RUNS_ROOT>/official_benchmark_214/matbench_e_form_5fold/fold0/dataset/cifs/mb-mp-e-form-082050.cif,-1.9189860897222224,Cr(SbO3)2,9,
mb-mp-e-form-032793,matbench_mp_e_form,test,<RUNS_ROOT>/official_benchmark_214/matbench_e_form_5fold/fold0/dataset/cifs/mb-mp-e-form-032793.cif,-0.4206565998611111,NdNi4B,12,
mb-mp-e-form-005940,matbench_mp_e_form,test,<RUNS_ROOT>/official_benchmark_214/matbench_e_form_5fold/fold0/dataset/cifs/mb-mp-e-form-005940.cif,0.2125650274999996,CaC2,3,
mb-mp-e-form-045952,matbench_mp_e_form,test,<RUNS_ROOT>/official_benchmark_214/matbench_e_form_5fold/fold0/dataset/cifs/mb-mp-e-form-045952.cif,-0.7031985254760003,Ca3TlN,5,
mb-mp-e-form-064707,matbench_mp_e_form,test,<RUNS_ROOT>/official_benchmark_214/matbench_e_form_5fold/fold0/dataset/cifs/mb-mp-e-form-064707.cif,-1.331066819090909,Na6CuO4,22,
mb-mp-e-form-073741,matbench_mp_e_form,test,<RUNS_ROOT>/official_benchmark_214/matbench_e_form_5fold/fold0/dataset/cifs/mb-mp-e-form-073741.cif,-1.6788635381249997,Na2FeO3,12,
mb-mp-e-form-071934,matbench_mp_e_form,test,<RUNS_ROOT>/official_benchmark_214/matbench_e_form_5fold/fold0/dataset/cifs/mb-mp-e-form-071934.cif,-1.6379533347685715,K2Cu(BrF)2,14,
mb-mp-e-form-026503,matbench_mp_e_form,test,<RUNS_ROOT>/official_benchmark_214/matbench_e_form_5fold/fold0/dataset/cifs/mb-mp-e-form-026503.cif,-0.3104200486538448,Sm(Al2Cu)4,13,
mb-mp-e-form-114503,matbench_mp_e_form,test,<RUNS_ROOT>/official_benchmark_214/matbench_e_form_5fold/fold0/dataset/cifs/mb-mp-e-form-114503.cif,-2.731307413125,Li4FeSi2O7,28,
mb-mp-e-form-050342,matbench_mp_e_form,test,<RUNS_ROOT>/official_benchmark_214/matbench_e_form_5fold/fold0/dataset/cifs/mb-mp-e-form-050342.cif,-0.7999464500000012,Y3Si3Ni,7,
mb-mp-e-form-086751,matbench_mp_e_form,test,<RUNS_ROOT>/official_benchmark_214/matbench_e_form_5fold/fold0/dataset/cifs/mb-mp-e-form-086751.cif,-2.051036244285714,La(CuO2)2,14,
mb-mp-e-form-072611,matbench_mp_e_form,test,<RUNS_ROOT>/official_benchmark_214/matbench_e_form_5fold/fold0/dataset/cifs/mb-mp-e-form-072611.cif,-1.6124038668266654,MnFeO4,12,
mb-mp-e-form-132724,matbench_mp_e_form,test,<RUNS_ROOT>/official_benchmark_214/matbench_e_form_5fold/fold0/dataset/cifs/mb-mp-e-form-132724.cif,-3.91006510295538,CsYbF3,5,
mb-mp-e-form-029381,matbench_mp_e_form,test,<RUNS_ROOT>/official_benchmark_214/matbench_e_form_5fold/fold0/dataset/cifs/mb-mp-e-form-029381.cif,-0.3632817192968751,Mn4VSe5,10,
mb-mp-e-form-054893,matbench_mp_e_form,test,<RUNS_ROOT>/official_benchmark_214/matbench_e_form_5fold/fold0/dataset/cifs/mb-mp-e-form-054893.cif,-0.955078855428571,Ca3BiP,5,
mb-mp-e-form-096583,matbench_mp_e_form,test,<RUNS_ROOT>/official_benchmark_214/matbench_e_form_5fold/fold0/dataset/cifs/mb-mp-e-form-096583.cif,-2.3305638592032967,Na3CrPCO7,26,
mb-mp-e-form-036225,matbench_mp_e_form,test,<RUNS_ROOT>/official_benchmark_214/matbench_e_form_5fold/fold0/dataset/cifs/mb-mp-e-form-036225.cif,-0.4837406578120529,PH9PtC3Cl2,64,
mb-mp-e-form-067309,matbench_mp_e_form,test,<RUNS_ROOT>/official_benchmark_214/matbench_e_form_5fold/fold0/dataset/cifs/mb-mp-e-form-067309.cif,-1.420249395169512,Ge8H12C2N2O17,82,
mb-mp-e-form-041651,matbench_mp_e_form,test,<RUNS_ROOT>/official_benchmark_214/matbench_e_form_5fold/fold0/dataset/cifs/mb-mp-e-form-041651.cif,-0.5910573266666667,CdI2,30,
mb-mp-e-form-039442,matbench_mp_e_form,test,<RUNS_ROOT>/official_benchmark_214/matbench_e_form_5fold/fold0/dataset/cifs/mb-mp-e-form-039442.cif,-0.5458718298275863,Ho5(Sn3Rh)6,29,
mb-mp-e-form-091607,matbench_mp_e_form,test,<RUNS_ROOT>/official_benchmark_214/matbench_e_form_5fold/fold0/dataset/cifs/mb-mp-e-form-091607.cif,-2.192734851121031,Fe2Ni3P6WO24,36,
mb-mp-e-form-120755,matbench_mp_e_form,test,<RUNS_ROOT>/official_benchmark_214/matbench_e_form_5fold/fold0/dataset/cifs/mb-mp-e-form-120755.cif,-2.9743376788775504,BaNa2Mg(PO4)2,14,
mb-mp-e-form-003389,matbench_mp_e_form,test,<RUNS_ROOT>/official_benchmark_214/matbench_e_form_5fold/fold0/dataset/cifs/mb-mp-e-form-003389.cif,0.6478216197413793,Rb3Y,4,
mb-mp-e-form-105381,matbench_mp_e_form,test,<RUNS_ROOT>/official_benchmark_214/matbench_e_form_5fold/fold0/dataset/cifs/mb-mp-e-form-105381.cif,-2.513568316468254,LiV(PO4)2,36,
mb-mp-e-form-047030,matbench_mp_e_form,test,<RUNS_ROOT>/official_benchmark_214/matbench_e_form_5fold/fold0/dataset/cifs/mb-mp-e-form-047030.cif,-0.7119708398809527,YNiP,12,
mb-mp-e-form-110873,matbench_mp_e_form,test,<RUNS_ROOT>/official_benchmark_214/matbench_e_form_5fold/fold0/dataset/cifs/mb-mp-e-form-110873.cif,-2.6624054477900003,V2(OF)3,24,
mb-mp-e-form-010554,matbench_mp_e_form,test,<RUNS_ROOT>/official_benchmark_214/matbench_e_form_5fold/fold0/dataset/cifs/mb-mp-e-form-010554.cif,0.0362562516666666,FeCoGe,6,
mb-mp-e-form-004652,matbench_mp_e_form,test,<RUNS_ROOT>/official_benchmark_214/matbench_e_form_5fold/fold0/dataset/cifs/mb-mp-e-form-004652.cif,0.323228598,Ba4Al,10,
mb-mp-e-form-095371,matbench_mp_e_form,test,<RUNS_ROOT>/official_benchmark_214/matbench_e_form_5fold/fold0/dataset/cifs/mb-mp-e-form-095371.cif,-2.3029829921715392,Ta2H4O7,26,
mb-mp-e-form-100213,matbench_mp_e_form,test,<RUNS_ROOT>/official_benchmark_214/matbench_e_form_5fold/fold0/dataset/cifs/mb-mp-e-form-100213.cif,-2.4181675247499994,MgGeO3,10,
mb-mp-e-form-099955,matbench_mp_e_form,test,<RUNS_ROOT>/official_benchmark_214/matbench_e_form_5fold/fold0/dataset/cifs/mb-mp-e-form-099955.cif,-2.4056391195312496,LiV2O5,16,
mb-mp-e-form-102475,matbench_mp_e_form,test,<RUNS_ROOT>/official_benchmark_214/matbench_e_form_5fold/fold0/dataset/cifs/mb-mp-e-form-102475.cif,-2.4634404739880944,Li2FePO5,36,
mb-mp-e-form-110841,matbench_mp_e_form,test,<RUNS_ROOT>/official_benchmark_214/matbench_e_form_5fold/fold0/dataset/cifs/mb-mp-e-form-110841.cif,-2.6497301774999986,Ta2WO8,22,
mb-mp-e-form-057048,matbench_mp_e_form,test,<RUNS_ROOT>/official_benchmark_214/matbench_e_form_5fold/fold0/dataset/cifs/mb-mp-e-form-057048.cif,-1.0289310372206897,CsK2AlI6,10,
mb-mp-e-form-005265,matbench_mp_e_form,test,<RUNS_ROOT>/official_benchmark_214/matbench_e_form_5fold/fold0/dataset/cifs/mb-mp-e-form-005265.cif,0.294888448333334,U,6,
mb-mp-e-form-087779,matbench_mp_e_form,test,<RUNS_ROOT>/official_benchmark_214/matbench_e_form_5fold/fold0/dataset/cifs/mb-mp-e-form-087779.cif,-2.063118448749999,MoWO6,16,
mb-mp-e-form-016260,matbench_mp_e_form,test,<RUNS_ROOT>/official_benchmark_214/matbench_e_form_5fold/fold0/dataset/cifs/mb-mp-e-form-016260.cif,-0.0994966205555544,TbCo5,6,
mb-mp-e-form-102747,matbench_mp_e_form,test,<RUNS_ROOT>/official_benchmark_214/matbench_e_form_5fold/fold0/dataset/cifs/mb-mp-e-form-102747.cif,-2.445932267857143,Y(FeO2)2,14,
mb-mp-e-form-063591,matbench_mp_e_form,test,<RUNS_ROOT>/official_benchmark_214/matbench_e_form_5fold/fold0/dataset/cifs/mb-mp-e-form-063591.cif,-1.2550459179166669,LaNdI4,12,
mb-mp-e-form-095524,matbench_mp_e_form,test,<RUNS_ROOT>/official_benchmark_214/matbench_e_form_5fold/fold0/dataset/cifs/mb-mp-e-form-095524.cif,-2.3065754602975,WO2F,8,
mb-mp-e-form-015857,matbench_mp_e_form,test,<RUNS_ROOT>/official_benchmark_214/matbench_e_form_5fold/fold0/dataset/cifs/mb-mp-e-form-015857.cif,-0.056192715833333,Mg5As,6,
mb-mp-e-form-051391,matbench_mp_e_form,test,<RUNS_ROOT>/official_benchmark_214/matbench_e_form_5fold/fold0/dataset/cifs/mb-mp-e-form-051391.cif,-0.8248392717738103,Na(Nb3Se4)2,15,
mb-mp-e-form-108717,matbench_mp_e_form,test,<RUNS_ROOT>/official_benchmark_214/matbench_e_form_5fold/fold0/dataset/cifs/mb-mp-e-form-108717.cif,-2.5913890861575504,LiMnPO4,28,
mb-mp-e-form-124976,matbench_mp_e_form,test,<RUNS_ROOT>/official_benchmark_214/matbench_e_form_5fold/fold0/dataset/cifs/mb-mp-e-form-124976.cif,-3.1541713701558067,RbTbP2O7,44,
mb-mp-e-form-021328,matbench_mp_e_form,test,<RUNS_ROOT>/official_benchmark_214/matbench_e_form_5fold/fold0/dataset/cifs/mb-mp-e-form-021328.cif,-0.2162378671428566,Zn2Si2As3P,8,
mb-mp-e-form-108379,matbench_mp_e_form,test,<RUNS_ROOT>/official_benchmark_214/matbench_e_form_5fold/fold0/dataset/cifs/mb-mp-e-form-108379.cif,-2.5925433257305186,LiMoP2O7,44,
mb-mp-e-form-085301,matbench_mp_e_form,test,<RUNS_ROOT>/official_benchmark_214/matbench_e_form_5fold/fold0/dataset/cifs/mb-mp-e-form-085301.cif,-2.0310570826388883,K5As3O10,72,
mb-mp-e-form-047229,matbench_mp_e_form,test,<RUNS_ROOT>/official_benchmark_214/matbench_e_form_5fold/fold0/dataset/cifs/mb-mp-e-form-047229.cif,-0.7299527845137281,Co2H36N13Cl5O3,118,
mb-mp-e-form-076088,matbench_mp_e_form,test,<RUNS_ROOT>/official_benchmark_214/matbench_e_form_5fold/fold0/dataset/cifs/mb-mp-e-form-076088.cif,-1.7736220670684535,ErPS,24,
mb-mp-e-form-003170,matbench_mp_e_form,test,<RUNS_ROOT>/official_benchmark_214/matbench_e_form_5fold/fold0/dataset/cifs/mb-mp-e-form-003170.cif,0.5998823617241378,CsMg6Mo,8,
mb-mp-e-form-053519,matbench_mp_e_form,test,<RUNS_ROOT>/official_benchmark_214/matbench_e_form_5fold/fold0/dataset/cifs/mb-mp-e-form-053519.cif,-0.890118792152942,AlSiH9C3Cl2O,68,
mb-mp-e-form-114325,matbench_mp_e_form,test,<RUNS_ROOT>/official_benchmark_214/matbench_e_form_5fold/fold0/dataset/cifs/mb-mp-e-form-114325.cif,-2.723857255,Li6Nd6Sb(TeO8)3,80,
mb-mp-e-form-081150,matbench_mp_e_form,test,<RUNS_ROOT>/official_benchmark_214/matbench_e_form_5fold/fold0/dataset/cifs/mb-mp-e-form-081150.cif,-1.8932611017522327,Na2ZrP2O11,32,
mb-mp-e-form-104411,matbench_mp_e_form,test,<RUNS_ROOT>/official_benchmark_214/matbench_e_form_5fold/fold0/dataset/cifs/mb-mp-e-form-104411.cif,-2.487853460068028,LiFePO4,21,
mb-mp-e-form-022101,matbench_mp_e_form,test,<RUNS_ROOT>/official_benchmark_214/matbench_e_form_5fold/fold0/dataset/cifs/mb-mp-e-form-022101.cif,-0.2456731100000002,LiTl2Pd,4,
mb-mp-e-form-102805,matbench_mp_e_form,test,<RUNS_ROOT>/official_benchmark_214/matbench_e_form_5fold/fold0/dataset/cifs/mb-mp-e-form-102805.cif,-2.476157665424106,VZnPO5,16,
mb-mp-e-form-129353,matbench_mp_e_form,test,<RUNS_ROOT>/official_benchmark_214/matbench_e_form_5fold/fold0/dataset/cifs/mb-mp-e-form-129353.cif,-3.4213293897500003,Ba3SrTa2O9,30,
mb-mp-e-form-094813,matbench_mp_e_form,test,<RUNS_ROOT>/official_benchmark_214/matbench_e_form_5fold/fold0/dataset/cifs/mb-mp-e-form-094813.cif,-2.3059038839062502,CaBiMoO5,32,
mb-mp-e-form-072902,matbench_mp_e_form,test,<RUNS_ROOT>/official_benchmark_214/matbench_e_form_5fold/fold0/dataset/cifs/mb-mp-e-form-072902.cif,-1.6745009476909527,Ti2(InCl3)3,28,
mb-mp-e-form-031249,matbench_mp_e_form,test,<RUNS_ROOT>/official_benchmark_214/matbench_e_form_5fold/fold0/dataset/cifs/mb-mp-e-form-031249.cif,-0.4042310008655552,LiB(H4N)2,48,
mb-mp-e-form-067158,matbench_mp_e_form,test,<RUNS_ROOT>/official_benchmark_214/matbench_e_form_5fold/fold0/dataset/cifs/mb-mp-e-form-067158.cif,-1.4529854873049604,MgP3H16C3NO12,144,
mb-mp-e-form-034440,matbench_mp_e_form,test,<RUNS_ROOT>/official_benchmark_214/matbench_e_form_5fold/fold0/dataset/cifs/mb-mp-e-form-034440.cif,-0.455744678333333,EuAlGa,6,
mb-mp-e-form-030387,matbench_mp_e_form,test,<RUNS_ROOT>/official_benchmark_214/matbench_e_form_5fold/fold0/dataset/cifs/mb-mp-e-form-030387.cif,-0.3890002513026821,Rb5Sb4,9,
mb-mp-e-form-034066,matbench_mp_e_form,test,<RUNS_ROOT>/official_benchmark_214/matbench_e_form_5fold/fold0/dataset/cifs/mb-mp-e-form-034066.cif,-0.4534760364705886,Pr(As3Ru)4,17,
mb-mp-e-form-120064,matbench_mp_e_form,test,<RUNS_ROOT>/official_benchmark_214/matbench_e_form_5fold/fold0/dataset/cifs/mb-mp-e-form-120064.cif,-2.950665664681715,Li5V6O5F19,35,
mb-mp-e-form-022611,matbench_mp_e_form,test,<RUNS_ROOT>/official_benchmark_214/matbench_e_form_5fold/fold0/dataset/cifs/mb-mp-e-form-022611.cif,-0.2457397130952377,ZnP2,24,
mb-mp-e-form-070294,matbench_mp_e_form,test,<RUNS_ROOT>/official_benchmark_214/matbench_e_form_5fold/fold0/dataset/cifs/mb-mp-e-form-070294.cif,-1.5496233453437505,BaVSeS2,10,
mb-mp-e-form-073119,matbench_mp_e_form,test,<RUNS_ROOT>/official_benchmark_214/matbench_e_form_5fold/fold0/dataset/cifs/mb-mp-e-form-073119.cif,-1.6515402489236115,Ba2GaSbS5,36,
mb-mp-e-form-108909,matbench_mp_e_form,test,<RUNS_ROOT>/official_benchmark_214/matbench_e_form_5fold/fold0/dataset/cifs/mb-mp-e-form-108909.cif,-2.6064833589944287,Li3MnV(PO4)3,80,
mb-mp-e-form-122684,matbench_mp_e_form,test,<RUNS_ROOT>/official_benchmark_214/matbench_e_form_5fold/fold0/dataset/cifs/mb-mp-e-form-122684.cif,-3.006676414525417,LiMn2F5,48,
mb-mp-e-form-059777,matbench_mp_e_form,test,<RUNS_ROOT>/official_benchmark_214/matbench_e_form_5fold/fold0/dataset/cifs/mb-mp-e-form-059777.cif,-1.108627126136364,Li7Ni13O24,44,
mb-mp-e-form-099186,matbench_mp_e_form,test,<RUNS_ROOT>/official_benchmark_214/matbench_e_form_5fold/fold0/dataset/cifs/mb-mp-e-form-099186.cif,-2.387626933541668,V6PbO11,36,
mb-mp-e-form-111978,matbench_mp_e_form,test,<RUNS_ROOT>/official_benchmark_214/matbench_e_form_5fold/fold0/dataset/cifs/mb-mp-e-form-111978.cif,-2.6773222796074285,Li12Mn3V5(PO4)12,80,
mb-mp-e-form-131295,matbench_mp_e_form,test,<RUNS_ROOT>/official_benchmark_214/matbench_e_form_5fold/fold0/dataset/cifs/mb-mp-e-form-131295.cif,-3.755513325833334,HoTaO4,12,
mb-mp-e-form-013427,matbench_mp_e_form,test,<RUNS_ROOT>/official_benchmark_214/matbench_e_form_5fold/fold0/dataset/cifs/mb-mp-e-form-013427.cif,-0.0132682905333333,ThMg149,150,
mb-mp-e-form-129245,matbench_mp_e_form,test,<RUNS_ROOT>/official_benchmark_214/matbench_e_form_5fold/fold0/dataset/cifs/mb-mp-e-form-129245.cif,-3.4763668025000007,EuTa2O6,9,
mb-mp-e-form-118056,matbench_mp_e_form,test,<RUNS_ROOT>/official_benchmark_214/matbench_e_form_5fold/fold0/dataset/cifs/mb-mp-e-form-118056.cif,-2.8671080270394738,Ba4Y2Fe2O11,38,
mb-mp-e-form-092389,matbench_mp_e_form,test,<RUNS_ROOT>/official_benchmark_214/matbench_e_form_5fold/fold0/dataset/cifs/mb-mp-e-form-092389.cif,-2.220399676251637,K4CuP6(H4O11)2,82,
mb-mp-e-form-048612,matbench_mp_e_form,test,<RUNS_ROOT>/official_benchmark_214/matbench_e_form_5fold/fold0/dataset/cifs/mb-mp-e-form-048612.cif,-0.7498594723181554,K2Th(PSe3)3,60,
mb-mp-e-form-130531,matbench_mp_e_form,test,<RUNS_ROOT>/official_benchmark_214/matbench_e_form_5fold/fold0/dataset/cifs/mb-mp-e-form-130531.cif,-3.583847506979167,Y2Be2SiO7,24,
mb-mp-e-form-028387,matbench_mp_e_form,test,<RUNS_ROOT>/official_benchmark_214/matbench_e_form_5fold/fold0/dataset/cifs/mb-mp-e-form-028387.cif,-0.3424590427777776,SrAlIn,6,
mb-mp-e-form-044120,matbench_mp_e_form,test,<RUNS_ROOT>/official_benchmark_214/matbench_e_form_5fold/fold0/dataset/cifs/mb-mp-e-form-044120.cif,-0.6497253219305558,KHfCu3Se4,9,
mb-mp-e-form-007933,matbench_mp_e_form,test,<RUNS_ROOT>/official_benchmark_214/matbench_e_form_5fold/fold0/dataset/cifs/mb-mp-e-form-007933.cif,0.1121740199999998,TlAs,2,
mb-mp-e-form-026915,matbench_mp_e_form,test,<RUNS_ROOT>/official_benchmark_214/matbench_e_form_5fold/fold0/dataset/cifs/mb-mp-e-form-026915.cif,-0.3308569858333333,SmTlZn,6,
mb-mp-e-form-029318,matbench_mp_e_form,test,<RUNS_ROOT>/official_benchmark_214/matbench_e_form_5fold/fold0/dataset/cifs/mb-mp-e-form-029318.cif,-0.3649572074999998,YbCdAg,12,
mb-mp-e-form-101589,matbench_mp_e_form,test,<RUNS_ROOT>/official_benchmark_214/matbench_e_form_5fold/fold0/dataset/cifs/mb-mp-e-form-101589.cif,-2.4427609787993934,Li2Mn(BO3)2,22,
mb-mp-e-form-016671,matbench_mp_e_form,test,<RUNS_ROOT>/official_benchmark_214/matbench_e_form_5fold/fold0/dataset/cifs/mb-mp-e-form-016671.cif,-0.1015671366666666,Cu2P7,36,
mb-mp-e-form-070505,matbench_mp_e_form,test,<RUNS_ROOT>/official_benchmark_214/matbench_e_form_5fold/fold0/dataset/cifs/mb-mp-e-form-070505.cif,-1.5645221809177785,FeTe2ClO5,72,
mb-mp-e-form-017336,matbench_mp_e_form,test,<RUNS_ROOT>/official_benchmark_214/matbench_e_form_5fold/fold0/dataset/cifs/mb-mp-e-form-017336.cif,-0.1234794623333343,Ti4Ru,5,
mb-mp-e-form-063416,matbench_mp_e_form,test,<RUNS_ROOT>/official_benchmark_214/matbench_e_form_5fold/fold0/dataset/cifs/mb-mp-e-form-063416.cif,-1.2643480078566658,Ba2TaN3,24,
mb-mp-e-form-096687,matbench_mp_e_form,test,<RUNS_ROOT>/official_benchmark_214/matbench_e_form_5fold/fold0/dataset/cifs/mb-mp-e-form-096687.cif,-2.3209214595583347,Fe4O3F5,24,
mb-mp-e-form-078650,matbench_mp_e_form,test,<RUNS_ROOT>/official_benchmark_214/matbench_e_form_5fold/fold0/dataset/cifs/mb-mp-e-form-078650.cif,-1.823733496647727,Sb(SO4)2,88,
mb-mp-e-form-058773,matbench_mp_e_form,test,<RUNS_ROOT>/official_benchmark_214/matbench_e_form_5fold/fold0/dataset/cifs/mb-mp-e-form-058773.cif,-1.077000470532,CoH8(ClO2)2,60,
mb-mp-e-form-010776,matbench_mp_e_form,test,<RUNS_ROOT>/official_benchmark_214/matbench_e_form_5fold/fold0/dataset/cifs/mb-mp-e-form-010776.cif,0.0399234197916662,BaSi23,48,
mb-mp-e-form-098031,matbench_mp_e_form,test,<RUNS_ROOT>/official_benchmark_214/matbench_e_form_5fold/fold0/dataset/cifs/mb-mp-e-form-098031.cif,-2.368325918252551,NaNb2Bi2O9,28,
mb-mp-e-form-098865,matbench_mp_e_form,test,<RUNS_ROOT>/official_benchmark_214/matbench_e_form_5fold/fold0/dataset/cifs/mb-mp-e-form-098865.cif,-2.400623464809448,Rb3NdCl6,10,
mb-mp-e-form-080773,matbench_mp_e_form,test,<RUNS_ROOT>/official_benchmark_214/matbench_e_form_5fold/fold0/dataset/cifs/mb-mp-e-form-080773.cif,-1.85919200269338,Cs2NaNF6,10,
mb-mp-e-form-073231,matbench_mp_e_form,test,<RUNS_ROOT>/official_benchmark_214/matbench_e_form_5fold/fold0/dataset/cifs/mb-mp-e-form-073231.cif,-1.660109885000001,NaFe3O4,8,
mb-mp-e-form-062385,matbench_mp_e_form,test,<RUNS_ROOT>/official_benchmark_214/matbench_e_form_5fold/fold0/dataset/cifs/mb-mp-e-form-062385.cif,-1.2434232156250005,TaO,2,
mb-mp-e-form-106010,matbench_mp_e_form,test,<RUNS_ROOT>/official_benchmark_214/matbench_e_form_5fold/fold0/dataset/cifs/mb-mp-e-form-106010.cif,-2.5413736871423813,K3Si5H2O11,42,
mb-mp-e-form-085682,matbench_mp_e_form,test,<RUNS_ROOT>/official_benchmark_214/matbench_e_form_5fold/fold0/dataset/cifs/mb-mp-e-form-085682.cif,-2.02632875257653,Na5Sn2P(CO4)4,56,
mb-mp-e-form-082983,matbench_mp_e_form,test,<RUNS_ROOT>/official_benchmark_214/matbench_e_form_5fold/fold0/dataset/cifs/mb-mp-e-form-082983.cif,-1.9681579303994248,Cs6Ge2O7,30,
mb-mp-e-form-119458,matbench_mp_e_form,test,<RUNS_ROOT>/official_benchmark_214/matbench_e_form_5fold/fold0/dataset/cifs/mb-mp-e-form-119458.cif,-2.8927039977567715,Rb3MnF7,22,
mb-mp-e-form-091849,matbench_mp_e_form,test,<RUNS_ROOT>/official_benchmark_214/matbench_e_form_5fold/fold0/dataset/cifs/mb-mp-e-form-091849.cif,-2.220248646250001,Ca2Co2O5,18,
mb-mp-e-form-074866,matbench_mp_e_form,test,<RUNS_ROOT>/official_benchmark_214/matbench_e_form_5fold/fold0/dataset/cifs/mb-mp-e-form-074866.cif,-1.7274478943269242,Cr5(TeO6)3,52,
mb-mp-e-form-028990,matbench_mp_e_form,test,<RUNS_ROOT>/official_benchmark_214/matbench_e_form_5fold/fold0/dataset/cifs/mb-mp-e-form-028990.cif,-0.3663198529999988,Gd(CuSn)2,10,
mb-mp-e-form-038854,matbench_mp_e_form,test,<RUNS_ROOT>/official_benchmark_214/matbench_e_form_5fold/fold0/dataset/cifs/mb-mp-e-form-038854.cif,-0.5341680200000004,ZrFeTe,3,
mb-mp-e-form-036916,matbench_mp_e_form,test,<RUNS_ROOT>/official_benchmark_214/matbench_e_form_5fold/fold0/dataset/cifs/mb-mp-e-form-036916.cif,-0.4988043263392855,Mn(CrSe2)2,7,
mb-mp-e-form-007027,matbench_mp_e_form,test,<RUNS_ROOT>/official_benchmark_214/matbench_e_form_5fold/fold0/dataset/cifs/mb-mp-e-form-007027.cif,0.1485670212499998,YMg6Cr,8,
mb-mp-e-form-039853,matbench_mp_e_form,test,<RUNS_ROOT>/official_benchmark_214/matbench_e_form_5fold/fold0/dataset/cifs/mb-mp-e-form-039853.cif,-0.5562890387878784,Sr2B4Rh5,11,
mb-mp-e-form-033946,matbench_mp_e_form,test,<RUNS_ROOT>/official_benchmark_214/matbench_e_form_5fold/fold0/dataset/cifs/mb-mp-e-form-033946.cif,-0.4524806504687504,Te6Mo3WS2,12,
mb-mp-e-form-088062,matbench_mp_e_form,test,<RUNS_ROOT>/official_benchmark_214/matbench_e_form_5fold/fold0/dataset/cifs/mb-mp-e-form-088062.cif,-2.0937543250694444,Na2CO3,144,
mb-mp-e-form-125024,matbench_mp_e_form,test,<RUNS_ROOT>/official_benchmark_214/matbench_e_form_5fold/fold0/dataset/cifs/mb-mp-e-form-125024.cif,-3.172009531111112,Y2WO6,18,
mb-mp-e-form-046428,matbench_mp_e_form,test,<RUNS_ROOT>/official_benchmark_214/matbench_e_form_5fold/fold0/dataset/cifs/mb-mp-e-form-046428.cif,-0.6904245745312503,MnCoCu4(SnS4)2,16,
mb-mp-e-form-099936,matbench_mp_e_form,test,<RUNS_ROOT>/official_benchmark_214/matbench_e_form_5fold/fold0/dataset/cifs/mb-mp-e-form-099936.cif,-2.420552527459677,Ba8In6O17,31,
mb-mp-e-form-109329,matbench_mp_e_form,test,<RUNS_ROOT>/official_benchmark_214/matbench_e_form_5fold/fold0/dataset/cifs/mb-mp-e-form-109329.cif,-2.610001307098766,Na4Zr2Ti(CO4)4,54,
mb-mp-e-form-066993,matbench_mp_e_form,test,<RUNS_ROOT>/official_benchmark_214/matbench_e_form_5fold/fold0/dataset/cifs/mb-mp-e-form-066993.cif,-1.431968361803429,P3N3O14,40,
mb-mp-e-form-011774,matbench_mp_e_form,test,<RUNS_ROOT>/official_benchmark_214/matbench_e_form_5fold/fold0/dataset/cifs/mb-mp-e-form-011774.cif,0.028603032,NiHg4,5,
mb-mp-e-form-001853,matbench_mp_e_form,test,<RUNS_ROOT>/official_benchmark_214/matbench_e_form_5fold/fold0/dataset/cifs/mb-mp-e-form-001853.cif,1.3312878458333326,ReRuBr,3,
mb-mp-e-form-053074,matbench_mp_e_form,test,<RUNS_ROOT>/official_benchmark_214/matbench_e_form_5fold/fold0/dataset/cifs/mb-mp-e-form-053074.cif,-0.899320558333334,YNiSb,3,
mb-mp-e-form-116293,matbench_mp_e_form,test,<RUNS_ROOT>/official_benchmark_214/matbench_e_form_5fold/fold0/dataset/cifs/mb-mp-e-form-116293.cif,-2.8028510377651528,GdTiCdSbO7,44,
mb-mp-e-form-095593,matbench_mp_e_form,test,<RUNS_ROOT>/official_benchmark_214/matbench_e_form_5fold/fold0/dataset/cifs/mb-mp-e-form-095593.cif,-2.298819577678572,Li2V3BiO8,56,
mb-mp-e-form-078809,matbench_mp_e_form,test,<RUNS_ROOT>/official_benchmark_214/matbench_e_form_5fold/fold0/dataset/cifs/mb-mp-e-form-078809.cif,-1.8248826322500016,Mg2NiIrO6,20,
mb-mp-e-form-042485,matbench_mp_e_form,test,<RUNS_ROOT>/official_benchmark_214/matbench_e_form_5fold/fold0/dataset/cifs/mb-mp-e-form-042485.cif,-0.6169441318571429,Hf(CuP)2,5,
mb-mp-e-form-071080,matbench_mp_e_form,test,<RUNS_ROOT>/official_benchmark_214/matbench_e_form_5fold/fold0/dataset/cifs/mb-mp-e-form-071080.cif,-1.6040833798046883,Fe13O19,32,
mb-mp-e-form-025970,matbench_mp_e_form,test,<RUNS_ROOT>/official_benchmark_214/matbench_e_form_5fold/fold0/dataset/cifs/mb-mp-e-form-025970.cif,-0.3082286907407408,Ni6Ge2B,9,
mb-mp-e-form-051935,matbench_mp_e_form,test,<RUNS_ROOT>/official_benchmark_214/matbench_e_form_5fold/fold0/dataset/cifs/mb-mp-e-form-051935.cif,-0.8386376961309517,NaPO,6,
mb-mp-e-form-045497,matbench_mp_e_form,test,<RUNS_ROOT>/official_benchmark_214/matbench_e_form_5fold/fold0/dataset/cifs/mb-mp-e-form-045497.cif,-0.6657681641666664,SrIn2Pt,8,
mb-mp-e-form-098466,matbench_mp_e_form,test,<RUNS_ROOT>/official_benchmark_214/matbench_e_form_5fold/fold0/dataset/cifs/mb-mp-e-form-098466.cif,-2.37697757651852,Li5Fe8(BO3)8,45,
mb-mp-e-form-072207,matbench_mp_e_form,test,<RUNS_ROOT>/official_benchmark_214/matbench_e_form_5fold/fold0/dataset/cifs/mb-mp-e-form-072207.cif,-1.621181877410715,ZnFeAs4(Pb2O9)2,28,
mb-mp-e-form-021881,matbench_mp_e_form,test,<RUNS_ROOT>/official_benchmark_214/matbench_e_form_5fold/fold0/dataset/cifs/mb-mp-e-form-021881.cif,-0.2122795749999997,ThMgZn2,4,
mb-mp-e-form-008441,matbench_mp_e_form,test,<RUNS_ROOT>/official_benchmark_214/matbench_e_form_5fold/fold0/dataset/cifs/mb-mp-e-form-008441.cif,0.1041601041666654,YbFe2,12,
mb-mp-e-form-119109,matbench_mp_e_form,test,<RUNS_ROOT>/official_benchmark_214/matbench_e_form_5fold/fold0/dataset/cifs/mb-mp-e-form-119109.cif,-2.8886073435,K2U3(TeO7)2,21,
mb-mp-e-form-091875,matbench_mp_e_form,test,<RUNS_ROOT>/official_benchmark_214/matbench_e_form_5fold/fold0/dataset/cifs/mb-mp-e-form-091875.cif,-2.2183372444559994,Na3YCl6,10,
mb-mp-e-form-030656,matbench_mp_e_form,test,<RUNS_ROOT>/official_benchmark_214/matbench_e_form_5fold/fold0/dataset/cifs/mb-mp-e-form-030656.cif,-0.3764905077941178,CdHg6(As2Br3)2,68,
mb-mp-e-form-118727,matbench_mp_e_form,test,<RUNS_ROOT>/official_benchmark_214/matbench_e_form_5fold/fold0/dataset/cifs/mb-mp-e-form-118727.cif,-2.879748330822857,K2ZnF4,7,
mb-mp-e-form-015386,matbench_mp_e_form,test,<RUNS_ROOT>/official_benchmark_214/matbench_e_form_5fold/fold0/dataset/cifs/mb-mp-e-form-015386.cif,-0.0791597812500004,VWC2,4,
mb-mp-e-form-086020,matbench_mp_e_form,test,<RUNS_ROOT>/official_benchmark_214/matbench_e_form_5fold/fold0/dataset/cifs/mb-mp-e-form-086020.cif,-2.0341457498856546,V2NiP2H6O13,96,
mb-mp-e-form-108483,matbench_mp_e_form,test,<RUNS_ROOT>/official_benchmark_214/matbench_e_form_5fold/fold0/dataset/cifs/mb-mp-e-form-108483.cif,-2.587091570826668,V3O5F,18,
mb-mp-e-form-116497,matbench_mp_e_form,test,<RUNS_ROOT>/official_benchmark_214/matbench_e_form_5fold/fold0/dataset/cifs/mb-mp-e-form-116497.cif,-2.800631671471,LiMn(SiO3)2,80,
mb-mp-e-form-023271,matbench_mp_e_form,test,<RUNS_ROOT>/official_benchmark_214/matbench_e_form_5fold/fold0/dataset/cifs/mb-mp-e-form-023271.cif,-0.2679397513541666,Cu2S,3,
mb-mp-e-form-112022,matbench_mp_e_form,test,<RUNS_ROOT>/official_benchmark_214/matbench_e_form_5fold/fold0/dataset/cifs/mb-mp-e-form-112022.cif,-2.67990823025,Na3B6BrO10,80,
mb-mp-e-form-027410,matbench_mp_e_form,test,<RUNS_ROOT>/official_benchmark_214/matbench_e_form_5fold/fold0/dataset/cifs/mb-mp-e-form-027410.cif,-0.32254524875,Li2MgSb,4,
mb-mp-e-form-012536,matbench_mp_e_form,test,<RUNS_ROOT>/official_benchmark_214/matbench_e_form_5fold/fold0/dataset/cifs/mb-mp-e-form-012536.cif,0.0116940662499999,NdCo,10,
mb-mp-e-form-005994,matbench_mp_e_form,test,<RUNS_ROOT>/official_benchmark_214/matbench_e_form_5fold/fold0/dataset/cifs/mb-mp-e-form-005994.cif,0.182734976041667,HfMg6Ti,8,
mb-mp-e-form-081618,matbench_mp_e_form,test,<RUNS_ROOT>/official_benchmark_214/matbench_e_form_5fold/fold0/dataset/cifs/mb-mp-e-form-081618.cif,-1.8844832871875,Li8Fe3Co5O16,32,
mb-mp-e-form-030318,matbench_mp_e_form,test,<RUNS_ROOT>/official_benchmark_214/matbench_e_form_5fold/fold0/dataset/cifs/mb-mp-e-form-030318.cif,-0.3843208991666671,ZrTiNi2,4,
mb-mp-e-form-010712,matbench_mp_e_form,test,<RUNS_ROOT>/official_benchmark_214/matbench_e_form_5fold/fold0/dataset/cifs/mb-mp-e-form-010712.cif,0.0416543950000001,Co3Pt,4,
mb-mp-e-form-034619,matbench_mp_e_form,test,<RUNS_ROOT>/official_benchmark_214/matbench_e_form_5fold/fold0/dataset/cifs/mb-mp-e-form-034619.cif,-0.4608528566666668,NiGePd,6,
mb-mp-e-form-035387,matbench_mp_e_form,test,<RUNS_ROOT>/official_benchmark_214/matbench_e_form_5fold/fold0/dataset/cifs/mb-mp-e-form-035387.cif,-0.4687205320000004,Pr2Ga5Cu3,10,
mb-mp-e-form-055541,matbench_mp_e_form,test,<RUNS_ROOT>/official_benchmark_214/matbench_e_form_5fold/fold0/dataset/cifs/mb-mp-e-form-055541.cif,-0.933110434285715,Zr2CoP,8,
mb-mp-e-form-050796,matbench_mp_e_form,test,<RUNS_ROOT>/official_benchmark_214/matbench_e_form_5fold/fold0/dataset/cifs/mb-mp-e-form-050796.cif,-0.7916653282019986,Ge2N2O,10,
mb-mp-e-form-011425,matbench_mp_e_form,test,<RUNS_ROOT>/official_benchmark_214/matbench_e_form_5fold/fold0/dataset/cifs/mb-mp-e-form-011425.cif,0.0258191143750003,Pm3Y,8,
mb-mp-e-form-021709,matbench_mp_e_form,test,<RUNS_ROOT>/official_benchmark_214/matbench_e_form_5fold/fold0/dataset/cifs/mb-mp-e-form-021709.cif,-0.2081497524499762,Rb2ZnN12,60,
mb-mp-e-form-031961,matbench_mp_e_form,test,<RUNS_ROOT>/official_benchmark_214/matbench_e_form_5fold/fold0/dataset/cifs/mb-mp-e-form-031961.cif,-0.4191522737499994,YbRh3C,5,
mb-mp-e-form-101381,matbench_mp_e_form,test,<RUNS_ROOT>/official_benchmark_214/matbench_e_form_5fold/fold0/dataset/cifs/mb-mp-e-form-101381.cif,-2.437823667034438,LiP5W3O19,28,
mb-mp-e-form-019422,matbench_mp_e_form,test,<RUNS_ROOT>/official_benchmark_214/matbench_e_form_5fold/fold0/dataset/cifs/mb-mp-e-form-019422.cif,-0.1800933000000005,LaFeCuNi3,6,
mb-mp-e-form-056407,matbench_mp_e_form,test,<RUNS_ROOT>/official_benchmark_214/matbench_e_form_5fold/fold0/dataset/cifs/mb-mp-e-form-056407.cif,-0.983882195852273,Cr5S6,22,
mb-mp-e-form-107816,matbench_mp_e_form,test,<RUNS_ROOT>/official_benchmark_214/matbench_e_form_5fold/fold0/dataset/cifs/mb-mp-e-form-107816.cif,-2.587810700957793,CaCuP2O7,44,
mb-mp-e-form-093113,matbench_mp_e_form,test,<RUNS_ROOT>/official_benchmark_214/matbench_e_form_5fold/fold0/dataset/cifs/mb-mp-e-form-093113.cif,-2.2497410243061227,KCaPO4,14,
mb-mp-e-form-014698,matbench_mp_e_form,test,<RUNS_ROOT>/official_benchmark_214/matbench_e_form_5fold/fold0/dataset/cifs/mb-mp-e-form-014698.cif,-0.0527789118181807,Ag3SnP7,22,
mb-mp-e-form-083906,matbench_mp_e_form,test,<RUNS_ROOT>/official_benchmark_214/matbench_e_form_5fold/fold0/dataset/cifs/mb-mp-e-form-083906.cif,-1.995820326556,K2LuAuCl6,10,
mb-mp-e-form-102936,matbench_mp_e_form,test,<RUNS_ROOT>/official_benchmark_214/matbench_e_form_5fold/fold0/dataset/cifs/mb-mp-e-form-102936.cif,-2.4756895727500003,BaYbO3,5,
mb-mp-e-form-012452,matbench_mp_e_form,test,<RUNS_ROOT>/official_benchmark_214/matbench_e_form_5fold/fold0/dataset/cifs/mb-mp-e-form-012452.cif,-0.0038824975862071,W21S8,29,
mb-mp-e-form-130887,matbench_mp_e_form,test,<RUNS_ROOT>/official_benchmark_214/matbench_e_form_5fold/fold0/dataset/cifs/mb-mp-e-form-130887.cif,-3.763798370859742,Er4BClO7,52,
mb-mp-e-form-061595,matbench_mp_e_form,test,<RUNS_ROOT>/official_benchmark_214/matbench_e_form_5fold/fold0/dataset/cifs/mb-mp-e-form-061595.cif,-1.1678983907792209,Zr7P4,22,
mb-mp-e-form-051943,matbench_mp_e_form,test,<RUNS_ROOT>/official_benchmark_214/matbench_e_form_5fold/fold0/dataset/cifs/mb-mp-e-form-051943.cif,-0.853847111111111,HoSnIr,9,
mb-mp-e-form-079904,matbench_mp_e_form,test,<RUNS_ROOT>/official_benchmark_214/matbench_e_form_5fold/fold0/dataset/cifs/mb-mp-e-form-079904.cif,-1.8604271715249656,Rb2LiSbCl6,10,
mb-mp-e-form-108878,matbench_mp_e_form,test,<RUNS_ROOT>/official_benchmark_214/matbench_e_form_5fold/fold0/dataset/cifs/mb-mp-e-form-108878.cif,-2.594608338049364,Mn2V3Sn(PO4)6,36,
mb-mp-e-form-106567,matbench_mp_e_form,test,<RUNS_ROOT>/official_benchmark_214/matbench_e_form_5fold/fold0/dataset/cifs/mb-mp-e-form-106567.cif,-2.529360901715428,Li2Mn3(PO4)3,40,
mb-mp-e-form-038288,matbench_mp_e_form,test,<RUNS_ROOT>/official_benchmark_214/matbench_e_form_5fold/fold0/dataset/cifs/mb-mp-e-form-038288.cif,-0.5348749025000004,Y5Ni2Sb,16,
mb-mp-e-form-116633,matbench_mp_e_form,test,<RUNS_ROOT>/official_benchmark_214/matbench_e_form_5fold/fold0/dataset/cifs/mb-mp-e-form-116633.cif,-2.793785625093958,Li2Mn2(SiO3)3,96,
mb-mp-e-form-055295,matbench_mp_e_form,test,<RUNS_ROOT>/official_benchmark_214/matbench_e_form_5fold/fold0/dataset/cifs/mb-mp-e-form-055295.cif,-0.951242687614942,RbO2,3,
mb-mp-e-form-048196,matbench_mp_e_form,test,<RUNS_ROOT>/official_benchmark_214/matbench_e_form_5fold/fold0/dataset/cifs/mb-mp-e-form-048196.cif,-0.7502346162236351,Mn(CO)5,44,
mb-mp-e-form-090371,matbench_mp_e_form,test,<RUNS_ROOT>/official_benchmark_214/matbench_e_form_5fold/fold0/dataset/cifs/mb-mp-e-form-090371.cif,-2.1633808044794995,K3Sb2N2O6F7,20,
mb-mp-e-form-122686,matbench_mp_e_form,test,<RUNS_ROOT>/official_benchmark_214/matbench_e_form_5fold/fold0/dataset/cifs/mb-mp-e-form-122686.cif,-3.0072009644060005,LiMnF3,20,
mb-mp-e-form-047822,matbench_mp_e_form,test,<RUNS_ROOT>/official_benchmark_214/matbench_e_form_5fold/fold0/dataset/cifs/mb-mp-e-form-047822.cif,-0.7075462307466669,YbH2,12,
mb-mp-e-form-061957,matbench_mp_e_form,test,<RUNS_ROOT>/official_benchmark_214/matbench_e_form_5fold/fold0/dataset/cifs/mb-mp-e-form-061957.cif,-1.2244335975000002,Lu(Mo3S4)2,15,
mb-mp-e-form-096200,matbench_mp_e_form,test,<RUNS_ROOT>/official_benchmark_214/matbench_e_form_5fold/fold0/dataset/cifs/mb-mp-e-form-096200.cif,-2.3272588371785714,LiCu(PO3)2,20,
mb-mp-e-form-030794,matbench_mp_e_form,test,<RUNS_ROOT>/official_benchmark_214/matbench_e_form_5fold/fold0/dataset/cifs/mb-mp-e-form-030794.cif,-0.3887425725,NdAl,16,
mb-mp-e-form-113251,matbench_mp_e_form,test,<RUNS_ROOT>/official_benchmark_214/matbench_e_form_5fold/fold0/dataset/cifs/mb-mp-e-form-113251.cif,-2.717161297312728,K2VH2OF5,22,
mb-mp-e-form-058016,matbench_mp_e_form,test,<RUNS_ROOT>/official_benchmark_214/matbench_e_form_5fold/fold0/dataset/cifs/mb-mp-e-form-058016.cif,-1.0583334024999995,YSiIr,12,
mb-mp-e-form-020959,matbench_mp_e_form,test,<RUNS_ROOT>/official_benchmark_214/matbench_e_form_5fold/fold0/dataset/cifs/mb-mp-e-form-020959.cif,-0.2263954766666671,DyIn5Co,7,
mb-mp-e-form-112781,matbench_mp_e_form,test,<RUNS_ROOT>/official_benchmark_214/matbench_e_form_5fold/fold0/dataset/cifs/mb-mp-e-form-112781.cif,-2.716950188125,SrMg6FeO8,16,
mb-mp-e-form-118122,matbench_mp_e_form,test,<RUNS_ROOT>/official_benchmark_214/matbench_e_form_5fold/fold0/dataset/cifs/mb-mp-e-form-118122.cif,-2.854479737307692,MgTa2Zn2O8,26,
mb-mp-e-form-129724,matbench_mp_e_form,test,<RUNS_ROOT>/official_benchmark_214/matbench_e_form_5fold/fold0/dataset/cifs/mb-mp-e-form-129724.cif,-3.4521829820833334,ScBO3,10,
mb-mp-e-form-016867,matbench_mp_e_form,test,<RUNS_ROOT>/official_benchmark_214/matbench_e_form_5fold/fold0/dataset/cifs/mb-mp-e-form-016867.cif,-0.0829745674999999,PrTmMg2,4,
mb-mp-e-form-025112,matbench_mp_e_form,test,<RUNS_ROOT>/official_benchmark_214/matbench_e_form_5fold/fold0/dataset/cifs/mb-mp-e-form-025112.cif,-0.3051805500000002,LiPr2Rh,4,
mb-mp-e-form-018956,matbench_mp_e_form,test,<RUNS_ROOT>/official_benchmark_214/matbench_e_form_5fold/fold0/dataset/cifs/mb-mp-e-form-018956.cif,-0.1763372264285713,Na5Sn2,7,
mb-mp-e-form-032444,matbench_mp_e_form,test,<RUNS_ROOT>/official_benchmark_214/matbench_e_form_5fold/fold0/dataset/cifs/mb-mp-e-form-032444.cif,-0.4222336729999995,EuMgGa3,5,
mb-mp-e-form-092327,matbench_mp_e_form,test,<RUNS_ROOT>/official_benchmark_214/matbench_e_form_5fold/fold0/dataset/cifs/mb-mp-e-form-092327.cif,-2.2140850925884026,CsLaZr6FeCl18,54,
mb-mp-e-form-117737,matbench_mp_e_form,test,<RUNS_ROOT>/official_benchmark_214/matbench_e_form_5fold/fold0/dataset/cifs/mb-mp-e-form-117737.cif,-2.8198865820833343,YSnO3,30,
mb-mp-e-form-101584,matbench_mp_e_form,test,<RUNS_ROOT>/official_benchmark_214/matbench_e_form_5fold/fold0/dataset/cifs/mb-mp-e-form-101584.cif,-2.4412721415642857,LiFeF5,28,
mb-mp-e-form-047310,matbench_mp_e_form,test,<RUNS_ROOT>/official_benchmark_214/matbench_e_form_5fold/fold0/dataset/cifs/mb-mp-e-form-047310.cif,-0.7291249604220553,RbAgTeS3,24,
mb-mp-e-form-051845,matbench_mp_e_form,test,<RUNS_ROOT>/official_benchmark_214/matbench_e_form_5fold/fold0/dataset/cifs/mb-mp-e-form-051845.cif,-0.8191245433333331,HoIr2,6,
mb-mp-e-form-060691,matbench_mp_e_form,test,<RUNS_ROOT>/official_benchmark_214/matbench_e_form_5fold/fold0/dataset/cifs/mb-mp-e-form-060691.cif,-1.1495441144335938,U3Se5,32,
mb-mp-e-form-085083,matbench_mp_e_form,test,<RUNS_ROOT>/official_benchmark_214/matbench_e_form_5fold/fold0/dataset/cifs/mb-mp-e-form-085083.cif,-2.022623884425286,Li2PH3O4,80,
mb-mp-e-form-013212,matbench_mp_e_form,test,<RUNS_ROOT>/official_benchmark_214/matbench_e_form_5fold/fold0/dataset/cifs/mb-mp-e-form-013212.cif,-0.0242145541666666,Mg2Pb,12,
mb-mp-e-form-131781,matbench_mp_e_form,test,<RUNS_ROOT>/official_benchmark_214/matbench_e_form_5fold/fold0/dataset/cifs/mb-mp-e-form-131781.cif,-3.9200091032327578,Zr8Sc2O19,29,
mb-mp-e-form-051930,matbench_mp_e_form,test,<RUNS_ROOT>/official_benchmark_214/matbench_e_form_5fold/fold0/dataset/cifs/mb-mp-e-form-051930.cif,-0.8615573795754308,Rb2PdSe2,5,
mb-mp-e-form-091808,matbench_mp_e_form,test,<RUNS_ROOT>/official_benchmark_214/matbench_e_form_5fold/fold0/dataset/cifs/mb-mp-e-form-091808.cif,-2.2010494367719784,NiMoP2O9,52,
mb-mp-e-form-050603,matbench_mp_e_form,test,<RUNS_ROOT>/official_benchmark_214/matbench_e_form_5fold/fold0/dataset/cifs/mb-mp-e-form-050603.cif,-0.7962363550000001,LaSiRu,6,
mb-mp-e-form-107329,matbench_mp_e_form,test,<RUNS_ROOT>/official_benchmark_214/matbench_e_form_5fold/fold0/dataset/cifs/mb-mp-e-form-107329.cif,-2.559472560892858,La5YbS8,14,
mb-mp-e-form-044773,matbench_mp_e_form,test,<RUNS_ROOT>/official_benchmark_214/matbench_e_form_5fold/fold0/dataset/cifs/mb-mp-e-form-044773.cif,-0.6499695358184532,PPdS,24,
mb-mp-e-form-064017,matbench_mp_e_form,test,<RUNS_ROOT>/official_benchmark_214/matbench_e_form_5fold/fold0/dataset/cifs/mb-mp-e-form-064017.cif,-1.3290388671875002,YbO3,8,
mb-mp-e-form-005535,matbench_mp_e_form,test,<RUNS_ROOT>/official_benchmark_214/matbench_e_form_5fold/fold0/dataset/cifs/mb-mp-e-form-005535.cif,0.2910714875000018,Th3Ta,8,
mb-mp-e-form-070189,matbench_mp_e_form,test,<RUNS_ROOT>/official_benchmark_214/matbench_e_form_5fold/fold0/dataset/cifs/mb-mp-e-form-070189.cif,-1.5727892294236905,Rb2LaTa6(Br5O)3,54,
mb-mp-e-form-022968,matbench_mp_e_form,test,<RUNS_ROOT>/official_benchmark_214/matbench_e_form_5fold/fold0/dataset/cifs/mb-mp-e-form-022968.cif,-0.2583439120000008,B3Os2,10,
mb-mp-e-form-050549,matbench_mp_e_form,test,<RUNS_ROOT>/official_benchmark_214/matbench_e_form_5fold/fold0/dataset/cifs/mb-mp-e-form-050549.cif,-0.8019440606250008,Zr3Rh5,16,
mb-mp-e-form-073774,matbench_mp_e_form,test,<RUNS_ROOT>/official_benchmark_214/matbench_e_form_5fold/fold0/dataset/cifs/mb-mp-e-form-073774.cif,-1.6602273371276597,Ba9La5I33,94,
mb-mp-e-form-120431,matbench_mp_e_form,test,<RUNS_ROOT>/official_benchmark_214/matbench_e_form_5fold/fold0/dataset/cifs/mb-mp-e-form-120431.cif,-2.9179696885105355,RbNaSi2O5,36,
mb-mp-e-form-036925,matbench_mp_e_form,test,<RUNS_ROOT>/official_benchmark_214/matbench_e_form_5fold/fold0/dataset/cifs/mb-mp-e-form-036925.cif,-0.510769069375,Te2Mo3Se4,9,
mb-mp-e-form-099169,matbench_mp_e_form,test,<RUNS_ROOT>/official_benchmark_214/matbench_e_form_5fold/fold0/dataset/cifs/mb-mp-e-form-099169.cif,-2.381237316428571,Ba2PbO4,7,
mb-mp-e-form-039375,matbench_mp_e_form,test,<RUNS_ROOT>/official_benchmark_214/matbench_e_form_5fold/fold0/dataset/cifs/mb-mp-e-form-039375.cif,-0.5482165558630966,Ti(FeSe2)2,7,
mb-mp-e-form-052096,matbench_mp_e_form,test,<RUNS_ROOT>/official_benchmark_214/matbench_e_form_5fold/fold0/dataset/cifs/mb-mp-e-form-052096.cif,-0.8437634222193873,P2O5,28,
mb-mp-e-form-014193,matbench_mp_e_form,test,<RUNS_ROOT>/official_benchmark_214/matbench_e_form_5fold/fold0/dataset/cifs/mb-mp-e-form-014193.cif,-0.0549873748911117,Co(ClO3)2,9,
mb-mp-e-form-055571,matbench_mp_e_form,test,<RUNS_ROOT>/official_benchmark_214/matbench_e_form_5fold/fold0/dataset/cifs/mb-mp-e-form-055571.cif,-0.9421464894999992,Nd(SiPd)2,5,
mb-mp-e-form-117851,matbench_mp_e_form,test,<RUNS_ROOT>/official_benchmark_214/matbench_e_form_5fold/fold0/dataset/cifs/mb-mp-e-form-117851.cif,-2.8802829153906244,Mg30NiBiO32,64,
mb-mp-e-form-082801,matbench_mp_e_form,test,<RUNS_ROOT>/official_benchmark_214/matbench_e_form_5fold/fold0/dataset/cifs/mb-mp-e-form-082801.cif,-1.969811058035715,Sc2ZnS4,14,
mb-mp-e-form-020656,matbench_mp_e_form,test,<RUNS_ROOT>/official_benchmark_214/matbench_e_form_5fold/fold0/dataset/cifs/mb-mp-e-form-020656.cif,-0.1881492999999992,MnRh,2,
mb-mp-e-form-005622,matbench_mp_e_form,test,<RUNS_ROOT>/official_benchmark_214/matbench_e_form_5fold/fold0/dataset/cifs/mb-mp-e-form-005622.cif,0.2754311668750002,Nd2(SiPt)3,8,
mb-mp-e-form-098332,matbench_mp_e_form,test,<RUNS_ROOT>/official_benchmark_214/matbench_e_form_5fold/fold0/dataset/cifs/mb-mp-e-form-098332.cif,-2.366961000154111,Sr16Fe16O41,73,
mb-mp-e-form-105184,matbench_mp_e_form,test,<RUNS_ROOT>/official_benchmark_214/matbench_e_form_5fold/fold0/dataset/cifs/mb-mp-e-form-105184.cif,-2.5159790836793325,MnSn(BO3)2,10,
mb-mp-e-form-099872,matbench_mp_e_form,test,<RUNS_ROOT>/official_benchmark_214/matbench_e_form_5fold/fold0/dataset/cifs/mb-mp-e-form-099872.cif,-2.4060757380560007,K2NaGdCl6,10,
mb-mp-e-form-075954,matbench_mp_e_form,test,<RUNS_ROOT>/official_benchmark_214/matbench_e_form_5fold/fold0/dataset/cifs/mb-mp-e-form-075954.cif,-1.7735854543999998,K3YBr6,10,
mb-mp-e-form-065367,matbench_mp_e_form,test,<RUNS_ROOT>/official_benchmark_214/matbench_e_form_5fold/fold0/dataset/cifs/mb-mp-e-form-065367.cif,-1.3719869275,ScAs,2,
mb-mp-e-form-011857,matbench_mp_e_form,test,<RUNS_ROOT>/official_benchmark_214/matbench_e_form_5fold/fold0/dataset/cifs/mb-mp-e-form-011857.cif,0.031951845,Pr3Y,8,
mb-mp-e-form-124675,matbench_mp_e_form,test,<RUNS_ROOT>/official_benchmark_214/matbench_e_form_5fold/fold0/dataset/cifs/mb-mp-e-form-124675.cif,-3.114250819166668,Ba3(BO3)2,22,
mb-mp-e-form-108338,matbench_mp_e_form,test,<RUNS_ROOT>/official_benchmark_214/matbench_e_form_5fold/fold0/dataset/cifs/mb-mp-e-form-108338.cif,-2.585726376297081,Cs7Np3(Cl2O)6,56,
mb-mp-e-form-112101,matbench_mp_e_form,test,<RUNS_ROOT>/official_benchmark_214/matbench_e_form_5fold/fold0/dataset/cifs/mb-mp-e-form-112101.cif,-2.675507692585403,CeTl2(PO3)5,46,
mb-mp-e-form-086378,matbench_mp_e_form,test,<RUNS_ROOT>/official_benchmark_214/matbench_e_form_5fold/fold0/dataset/cifs/mb-mp-e-form-086378.cif,-2.05649245851619,PrPH5CO7,30,
mb-mp-e-form-058677,matbench_mp_e_form,test,<RUNS_ROOT>/official_benchmark_214/matbench_e_form_5fold/fold0/dataset/cifs/mb-mp-e-form-058677.cif,-1.057276907296875,KUCuSe3,12,
mb-mp-e-form-033929,matbench_mp_e_form,test,<RUNS_ROOT>/official_benchmark_214/matbench_e_form_5fold/fold0/dataset/cifs/mb-mp-e-form-033929.cif,-0.4507102366666672,PrIn5Rh,7,
mb-mp-e-form-007725,matbench_mp_e_form,test,<RUNS_ROOT>/official_benchmark_214/matbench_e_form_5fold/fold0/dataset/cifs/mb-mp-e-form-007725.cif,0.1368348666666659,TiCr,2,
mb-mp-e-form-077935,matbench_mp_e_form,test,<RUNS_ROOT>/official_benchmark_214/matbench_e_form_5fold/fold0/dataset/cifs/mb-mp-e-form-077935.cif,-1.83048957756,Li9Mn2Co5O16,32,
mb-mp-e-form-031685,matbench_mp_e_form,test,<RUNS_ROOT>/official_benchmark_214/matbench_e_form_5fold/fold0/dataset/cifs/mb-mp-e-form-031685.cif,-0.4080484846301025,Cu3P4S4I3,84,
mb-mp-e-form-090947,matbench_mp_e_form,test,<RUNS_ROOT>/official_benchmark_214/matbench_e_form_5fold/fold0/dataset/cifs/mb-mp-e-form-090947.cif,-2.183057709050866,K3YbB2(PO7)2,22,
mb-mp-e-form-058876,matbench_mp_e_form,test,<RUNS_ROOT>/official_benchmark_214/matbench_e_form_5fold/fold0/dataset/cifs/mb-mp-e-form-058876.cif,-1.1131028136899994,AlGaN2,4,
mb-mp-e-form-000907,matbench_mp_e_form,test,<RUNS_ROOT>/official_benchmark_214/matbench_e_form_5fold/fold0/dataset/cifs/mb-mp-e-form-000907.cif,1.7648958291666663,AlB2Pb,4,
mb-mp-e-form-051290,matbench_mp_e_form,test,<RUNS_ROOT>/official_benchmark_214/matbench_e_form_5fold/fold0/dataset/cifs/mb-mp-e-form-051290.cif,-0.8260154532142868,TaVP,12,
mb-mp-e-form-025202,matbench_mp_e_form,test,<RUNS_ROOT>/official_benchmark_214/matbench_e_form_5fold/fold0/dataset/cifs/mb-mp-e-form-025202.cif,-0.2886476732039313,Si(H3C)2,234,
mb-mp-e-form-054761,matbench_mp_e_form,test,<RUNS_ROOT>/official_benchmark_214/matbench_e_form_5fold/fold0/dataset/cifs/mb-mp-e-form-054761.cif,-0.9102143753533316,AlH15N5Cl3,96,
mb-mp-e-form-118768,matbench_mp_e_form,test,<RUNS_ROOT>/official_benchmark_214/matbench_e_form_5fold/fold0/dataset/cifs/mb-mp-e-form-118768.cif,-2.8835028525000004,LiLaMg6O8,16,
mb-mp-e-form-058208,matbench_mp_e_form,test,<RUNS_ROOT>/official_benchmark_214/matbench_e_form_5fold/fold0/dataset/cifs/mb-mp-e-form-058208.cif,-1.0722054271291543,NpH28C12(N2O3)6,142,
mb-mp-e-form-115869,matbench_mp_e_form,test,<RUNS_ROOT>/official_benchmark_214/matbench_e_form_5fold/fold0/dataset/cifs/mb-mp-e-form-115869.cif,-2.801219533300108,CsMg30BiO32,64,
mb-mp-e-form-078150,matbench_mp_e_form,test,<RUNS_ROOT>/official_benchmark_214/matbench_e_form_5fold/fold0/dataset/cifs/mb-mp-e-form-078150.cif,-1.81778921381,Li9Mn2Co5O16,32,
mb-mp-e-form-105785,matbench_mp_e_form,test,<RUNS_ROOT>/official_benchmark_214/matbench_e_form_5fold/fold0/dataset/cifs/mb-mp-e-form-105785.cif,-2.535078868229167,Sr2YMo2O7,24,
mb-mp-e-form-071708,matbench_mp_e_form,test,<RUNS_ROOT>/official_benchmark_214/matbench_e_form_5fold/fold0/dataset/cifs/mb-mp-e-form-071708.cif,-1.5748759017500007,ZnFeO3,10,
mb-mp-e-form-121649,matbench_mp_e_form,test,<RUNS_ROOT>/official_benchmark_214/matbench_e_form_5fold/fold0/dataset/cifs/mb-mp-e-form-121649.cif,-2.976329093189224,NaLi3Ti2Al2(PO4)6,38,
mb-mp-e-form-101049,matbench_mp_e_form,test,<RUNS_ROOT>/official_benchmark_214/matbench_e_form_5fold/fold0/dataset/cifs/mb-mp-e-form-101049.cif,-2.425305783095238,Ti(FeO2)2,14,
mb-mp-e-form-066833,matbench_mp_e_form,test,<RUNS_ROOT>/official_benchmark_214/matbench_e_form_5fold/fold0/dataset/cifs/mb-mp-e-form-066833.cif,-1.4102336435714289,Mg(NiO2)2,14,
mb-mp-e-form-127427,matbench_mp_e_form,test,<RUNS_ROOT>/official_benchmark_214/matbench_e_form_5fold/fold0/dataset/cifs/mb-mp-e-form-127427.cif,-3.2730356416666675,SiO2,36,
mb-mp-e-form-051360,matbench_mp_e_form,test,<RUNS_ROOT>/official_benchmark_214/matbench_e_form_5fold/fold0/dataset/cifs/mb-mp-e-form-051360.cif,-0.8117256191666679,ZrAlIr,12,
mb-mp-e-form-097550,matbench_mp_e_form,test,<RUNS_ROOT>/official_benchmark_214/matbench_e_form_5fold/fold0/dataset/cifs/mb-mp-e-form-097550.cif,-2.353889877142858,LiAlFeO4,28,
mb-mp-e-form-018256,matbench_mp_e_form,test,<RUNS_ROOT>/official_benchmark_214/matbench_e_form_5fold/fold0/dataset/cifs/mb-mp-e-form-018256.cif,-0.158548549999999,MnGa2Ni,4,
mb-mp-e-form-080138,matbench_mp_e_form,test,<RUNS_ROOT>/official_benchmark_214/matbench_e_form_5fold/fold0/dataset/cifs/mb-mp-e-form-080138.cif,-1.868386694435,Li9Mn2Co5O16,32,
mb-mp-e-form-059705,matbench_mp_e_form,test,<RUNS_ROOT>/official_benchmark_214/matbench_e_form_5fold/fold0/dataset/cifs/mb-mp-e-form-059705.cif,-1.1109041258430232,Sr4Bi14O25,43,
mb-mp-e-form-056990,matbench_mp_e_form,test,<RUNS_ROOT>/official_benchmark_214/matbench_e_form_5fold/fold0/dataset/cifs/mb-mp-e-form-056990.cif,-1.0301302939375006,CaSnS3,20,
mb-mp-e-form-003883,matbench_mp_e_form,test,<RUNS_ROOT>/official_benchmark_214/matbench_e_form_5fold/fold0/dataset/cifs/mb-mp-e-form-003883.cif,0.5575876666666684,TbU3,4,
mb-mp-e-form-117213,matbench_mp_e_form,test,<RUNS_ROOT>/official_benchmark_214/matbench_e_form_5fold/fold0/dataset/cifs/mb-mp-e-form-117213.cif,-2.827126397233333,KNaTi4(BiO6)2,20,
mb-mp-e-form-033716,matbench_mp_e_form,test,<RUNS_ROOT>/official_benchmark_214/matbench_e_form_5fold/fold0/dataset/cifs/mb-mp-e-form-033716.cif,-0.4436247720138873,YbNi2B2C,6,
mb-mp-e-form-112987,matbench_mp_e_form,test,<RUNS_ROOT>/official_benchmark_214/matbench_e_form_5fold/fold0/dataset/cifs/mb-mp-e-form-112987.cif,-2.6989261752849543,Li7V3P8O29,94,
mb-mp-e-form-086132,matbench_mp_e_form,test,<RUNS_ROOT>/official_benchmark_214/matbench_e_form_5fold/fold0/dataset/cifs/mb-mp-e-form-086132.cif,-2.0517336117140004,ZrPd3F6,10,
mb-mp-e-form-119606,matbench_mp_e_form,test,<RUNS_ROOT>/official_benchmark_214/matbench_e_form_5fold/fold0/dataset/cifs/mb-mp-e-form-119606.cif,-2.8822286332291664,Li9Ti5(SiO8)2,32,
mb-mp-e-form-052089,matbench_mp_e_form,test,<RUNS_ROOT>/official_benchmark_214/matbench_e_form_5fold/fold0/dataset/cifs/mb-mp-e-form-052089.cif,-0.8606212549305552,CaScCu3Se4,9,
mb-mp-e-form-107263,matbench_mp_e_form,test,<RUNS_ROOT>/official_benchmark_214/matbench_e_form_5fold/fold0/dataset/cifs/mb-mp-e-form-107263.cif,-2.5614322233859665,Rb3In(PO4)2,112,
mb-mp-e-form-084792,matbench_mp_e_form,test,<RUNS_ROOT>/official_benchmark_214/matbench_e_form_5fold/fold0/dataset/cifs/mb-mp-e-form-084792.cif,-1.9769111569444449,Cr(GeO3)2,18,
mb-mp-e-form-032841,matbench_mp_e_form,test,<RUNS_ROOT>/official_benchmark_214/matbench_e_form_5fold/fold0/dataset/cifs/mb-mp-e-form-032841.cif,-0.4173944458333332,Nd2CdIn,4,
mb-mp-e-form-004621,matbench_mp_e_form,test,<RUNS_ROOT>/official_benchmark_214/matbench_e_form_5fold/fold0/dataset/cifs/mb-mp-e-form-004621.cif,0.3074816400000003,Pb4Au,10,
mb-mp-e-form-047593,matbench_mp_e_form,test,<RUNS_ROOT>/official_benchmark_214/matbench_e_form_5fold/fold0/dataset/cifs/mb-mp-e-form-047593.cif,-0.7164162261899998,SrN,8,
mb-mp-e-form-017571,matbench_mp_e_form,test,<RUNS_ROOT>/official_benchmark_214/matbench_e_form_5fold/fold0/dataset/cifs/mb-mp-e-form-017571.cif,-0.1231647712499981,Cr3Ge,8,
mb-mp-e-form-057053,matbench_mp_e_form,test,<RUNS_ROOT>/official_benchmark_214/matbench_e_form_5fold/fold0/dataset/cifs/mb-mp-e-form-057053.cif,-1.034931716775862,Cs2RbSbI6,10,
mb-mp-e-form-034841,matbench_mp_e_form,test,<RUNS_ROOT>/official_benchmark_214/matbench_e_form_5fold/fold0/dataset/cifs/mb-mp-e-form-034841.cif,-0.4504391000000005,Be2CoIr,4,
mb-mp-e-form-012742,matbench_mp_e_form,test,<RUNS_ROOT>/official_benchmark_214/matbench_e_form_5fold/fold0/dataset/cifs/mb-mp-e-form-012742.cif,0.0009479376973675,Pu2Co17,38,
mb-mp-e-form-034295,matbench_mp_e_form,test,<RUNS_ROOT>/official_benchmark_214/matbench_e_form_5fold/fold0/dataset/cifs/mb-mp-e-form-034295.cif,-0.4600365444444436,ScAgSn,18,
mb-mp-e-form-111958,matbench_mp_e_form,test,<RUNS_ROOT>/official_benchmark_214/matbench_e_form_5fold/fold0/dataset/cifs/mb-mp-e-form-111958.cif,-2.6919467968454294,Li6MnV3(PO4)6,80,
mb-mp-e-form-085958,matbench_mp_e_form,test,<RUNS_ROOT>/official_benchmark_214/matbench_e_form_5fold/fold0/dataset/cifs/mb-mp-e-form-085958.cif,-2.054434806201666,Li7Mn4CoO12,24,
mb-mp-e-form-053752,matbench_mp_e_form,test,<RUNS_ROOT>/official_benchmark_214/matbench_e_form_5fold/fold0/dataset/cifs/mb-mp-e-form-053752.cif,-0.8782628227377773,Li5SiN3,144,
mb-mp-e-form-122359,matbench_mp_e_form,test,<RUNS_ROOT>/official_benchmark_214/matbench_e_form_5fold/fold0/dataset/cifs/mb-mp-e-form-122359.cif,-3.003857613948413,Sr(PO3)2,72,
mb-mp-e-form-130653,matbench_mp_e_form,test,<RUNS_ROOT>/official_benchmark_214/matbench_e_form_5fold/fold0/dataset/cifs/mb-mp-e-form-130653.cif,-3.518854073576069,Cs3YF6,10,
mb-mp-e-form-015652,matbench_mp_e_form,test,<RUNS_ROOT>/official_benchmark_214/matbench_e_form_5fold/fold0/dataset/cifs/mb-mp-e-form-015652.cif,-0.0617610979511355,B20H26O,94,
mb-mp-e-form-021800,matbench_mp_e_form,test,<RUNS_ROOT>/official_benchmark_214/matbench_e_form_5fold/fold0/dataset/cifs/mb-mp-e-form-021800.cif,-0.2127338458333329,AgBrO4,24,
mb-mp-e-form-014406,matbench_mp_e_form,test,<RUNS_ROOT>/official_benchmark_214/matbench_e_form_5fold/fold0/dataset/cifs/mb-mp-e-form-014406.cif,-0.0300056017500011,Nd6AlFe13,40,
mb-mp-e-form-077820,matbench_mp_e_form,test,<RUNS_ROOT>/official_benchmark_214/matbench_e_form_5fold/fold0/dataset/cifs/mb-mp-e-form-077820.cif,-1.81546762619,PaN,2,
mb-mp-e-form-125793,matbench_mp_e_form,test,<RUNS_ROOT>/official_benchmark_214/matbench_e_form_5fold/fold0/dataset/cifs/mb-mp-e-form-125793.cif,-3.190842800694444,Ca2YVO5,18,
mb-mp-e-form-042984,matbench_mp_e_form,test,<RUNS_ROOT>/official_benchmark_214/matbench_e_form_5fold/fold0/dataset/cifs/mb-mp-e-form-042984.cif,-0.6353121472036638,RbS,2,
mb-mp-e-form-085789,matbench_mp_e_form,test,<RUNS_ROOT>/official_benchmark_214/matbench_e_form_5fold/fold0/dataset/cifs/mb-mp-e-form-085789.cif,-2.0124292069444443,Ge2WO6,36,
mb-mp-e-form-037841,matbench_mp_e_form,test,<RUNS_ROOT>/official_benchmark_214/matbench_e_form_5fold/fold0/dataset/cifs/mb-mp-e-form-037841.cif,-0.5036140487500003,Li2CaSn,4,
mb-mp-e-form-010207,matbench_mp_e_form,test,<RUNS_ROOT>/official_benchmark_214/matbench_e_form_5fold/fold0/dataset/cifs/mb-mp-e-form-010207.cif,0.0409409375000002,Mg2Si,12,
mb-mp-e-form-047197,matbench_mp_e_form,test,<RUNS_ROOT>/official_benchmark_214/matbench_e_form_5fold/fold0/dataset/cifs/mb-mp-e-form-047197.cif,-0.709710981100611,CuBP4H24C8(SF)4,184,
mb-mp-e-form-085369,matbench_mp_e_form,test,<RUNS_ROOT>/official_benchmark_214/matbench_e_form_5fold/fold0/dataset/cifs/mb-mp-e-form-085369.cif,-2.0164055590833336,Ba3NiIr2O9,30,
mb-mp-e-form-084279,matbench_mp_e_form,test,<RUNS_ROOT>/official_benchmark_214/matbench_e_form_5fold/fold0/dataset/cifs/mb-mp-e-form-084279.cif,-1.983189966691176,V4Ag2O11,17,
mb-mp-e-form-089927,matbench_mp_e_form,test,<RUNS_ROOT>/official_benchmark_214/matbench_e_form_5fold/fold0/dataset/cifs/mb-mp-e-form-089927.cif,-2.1558179097829653,Rb2CuAuF6,10,
mb-mp-e-form-091198,matbench_mp_e_form,test,<RUNS_ROOT>/official_benchmark_214/matbench_e_form_5fold/fold0/dataset/cifs/mb-mp-e-form-091198.cif,-2.1778835103124994,WO3,32,
mb-mp-e-form-051719,matbench_mp_e_form,test,<RUNS_ROOT>/official_benchmark_214/matbench_e_form_5fold/fold0/dataset/cifs/mb-mp-e-form-051719.cif,-0.8152101530742856,Pb(ClO2)2,14,
mb-mp-e-form-041378,matbench_mp_e_form,test,<RUNS_ROOT>/official_benchmark_214/matbench_e_form_5fold/fold0/dataset/cifs/mb-mp-e-form-041378.cif,-0.5859665766666655,CePt2Au3,6,
mb-mp-e-form-111492,matbench_mp_e_form,test,<RUNS_ROOT>/official_benchmark_214/matbench_e_form_5fold/fold0/dataset/cifs/mb-mp-e-form-111492.cif,-2.6545941120238106,TiNi(PO4)2,36,
mb-mp-e-form-047962,matbench_mp_e_form,test,<RUNS_ROOT>/official_benchmark_214/matbench_e_form_5fold/fold0/dataset/cifs/mb-mp-e-form-047962.cif,-0.7352664199999985,CeNiGe,6,
mb-mp-e-form-029646,matbench_mp_e_form,test,<RUNS_ROOT>/official_benchmark_214/matbench_e_form_5fold/fold0/dataset/cifs/mb-mp-e-form-029646.cif,-0.3592655445588235,SnHg6(As2Br3)2,68,
mb-mp-e-form-000522,matbench_mp_e_form,test,<RUNS_ROOT>/official_benchmark_214/matbench_e_form_5fold/fold0/dataset/cifs/mb-mp-e-form-000522.cif,1.7577059941666664,Sc2InAu,4,
mb-mp-e-form-076741,matbench_mp_e_form,test,<RUNS_ROOT>/official_benchmark_214/matbench_e_form_5fold/fold0/dataset/cifs/mb-mp-e-form-076741.cif,-1.7497312549766662,Co6O5F7,18,
mb-mp-e-form-085686,matbench_mp_e_form,test,<RUNS_ROOT>/official_benchmark_214/matbench_e_form_5fold/fold0/dataset/cifs/mb-mp-e-form-085686.cif,-2.012040131002156,Li6Ni2C4SO16,58,
mb-mp-e-form-128480,matbench_mp_e_form,test,<RUNS_ROOT>/official_benchmark_214/matbench_e_form_5fold/fold0/dataset/cifs/mb-mp-e-form-128480.cif,-3.3711035514289995,BaMnGaF7,40,
mb-mp-e-form-001050,matbench_mp_e_form,test,<RUNS_ROOT>/official_benchmark_214/matbench_e_form_5fold/fold0/dataset/cifs/mb-mp-e-form-001050.cif,1.36401281,BaSrMg2,4,
mb-mp-e-form-036288,matbench_mp_e_form,test,<RUNS_ROOT>/official_benchmark_214/matbench_e_form_5fold/fold0/dataset/cifs/mb-mp-e-form-036288.cif,-0.4869178401785717,YPOs2C,10,
mb-mp-e-form-005398,matbench_mp_e_form,test,<RUNS_ROOT>/official_benchmark_214/matbench_e_form_5fold/fold0/dataset/cifs/mb-mp-e-form-005398.cif,0.2637919712499998,AlGe3,4,
mb-mp-e-form-059857,matbench_mp_e_form,test,<RUNS_ROOT>/official_benchmark_214/matbench_e_form_5fold/fold0/dataset/cifs/mb-mp-e-form-059857.cif,-1.1126804124279983,YMoN3,20,
mb-mp-e-form-108629,matbench_mp_e_form,test,<RUNS_ROOT>/official_benchmark_214/matbench_e_form_5fold/fold0/dataset/cifs/mb-mp-e-form-108629.cif,-2.585738273713474,Li4V3P8O29,88,
mb-mp-e-form-080548,matbench_mp_e_form,test,<RUNS_ROOT>/official_benchmark_214/matbench_e_form_5fold/fold0/dataset/cifs/mb-mp-e-form-080548.cif,-1.872492045716,K2MoH2(CO4)2,60,
mb-mp-e-form-046057,matbench_mp_e_form,test,<RUNS_ROOT>/official_benchmark_214/matbench_e_form_5fold/fold0/dataset/cifs/mb-mp-e-form-046057.cif,-0.6875085905555558,TiTeAs,6,
mb-mp-e-form-088676,matbench_mp_e_form,test,<RUNS_ROOT>/official_benchmark_214/matbench_e_form_5fold/fold0/dataset/cifs/mb-mp-e-form-088676.cif,-2.106440003333333,V3NiO8,12,
mb-mp-e-form-035636,matbench_mp_e_form,test,<RUNS_ROOT>/official_benchmark_214/matbench_e_form_5fold/fold0/dataset/cifs/mb-mp-e-form-035636.cif,-0.4721217929999994,V3As2,20,
mb-mp-e-form-036624,matbench_mp_e_form,test,<RUNS_ROOT>/official_benchmark_214/matbench_e_form_5fold/fold0/dataset/cifs/mb-mp-e-form-036624.cif,-0.4849571737499993,Li2GeAu,4,
mb-mp-e-form-010510,matbench_mp_e_form,test,<RUNS_ROOT>/official_benchmark_214/matbench_e_form_5fold/fold0/dataset/cifs/mb-mp-e-form-010510.cif,0.0559621429166661,Tl3In,4,
mb-mp-e-form-116574,matbench_mp_e_form,test,<RUNS_ROOT>/official_benchmark_214/matbench_e_form_5fold/fold0/dataset/cifs/mb-mp-e-form-116574.cif,-2.8072199658133337,VOF,12,
mb-mp-e-form-056759,matbench_mp_e_form,test,<RUNS_ROOT>/official_benchmark_214/matbench_e_form_5fold/fold0/dataset/cifs/mb-mp-e-form-056759.cif,-0.9706067648205874,MnH9CNCl3O2,68,
mb-mp-e-form-072927,matbench_mp_e_form,test,<RUNS_ROOT>/official_benchmark_214/matbench_e_form_5fold/fold0/dataset/cifs/mb-mp-e-form-072927.cif,-1.6486128808893334,K2InCuCl6,10,
mb-mp-e-form-098397,matbench_mp_e_form,test,<RUNS_ROOT>/official_benchmark_214/matbench_e_form_5fold/fold0/dataset/cifs/mb-mp-e-form-098397.cif,-2.3740793855952376,LiSb3(P3O10)2,60,
mb-mp-e-form-075671,matbench_mp_e_form,test,<RUNS_ROOT>/official_benchmark_214/matbench_e_form_5fold/fold0/dataset/cifs/mb-mp-e-form-075671.cif,-1.7304201934613332,Li3Mn2(NiO4)2,15,
mb-mp-e-form-019062,matbench_mp_e_form,test,<RUNS_ROOT>/official_benchmark_214/matbench_e_form_5fold/fold0/dataset/cifs/mb-mp-e-form-019062.cif,-0.1770700387500001,Er2MgCd,4,
mb-mp-e-form-086065,matbench_mp_e_form,test,<RUNS_ROOT>/official_benchmark_214/matbench_e_form_5fold/fold0/dataset/cifs/mb-mp-e-form-086065.cif,-2.043961310703125,Ce4CrS7,24,
mb-mp-e-form-075680,matbench_mp_e_form,test,<RUNS_ROOT>/official_benchmark_214/matbench_e_form_5fold/fold0/dataset/cifs/mb-mp-e-form-075680.cif,-1.7339520756728568,Na3MnO3,14,
mb-mp-e-form-089794,matbench_mp_e_form,test,<RUNS_ROOT>/official_benchmark_214/matbench_e_form_5fold/fold0/dataset/cifs/mb-mp-e-form-089794.cif,-2.148622404609375,Mg6CdCO8,16,
mb-mp-e-form-125597,matbench_mp_e_form,test,<RUNS_ROOT>/official_benchmark_214/matbench_e_form_5fold/fold0/dataset/cifs/mb-mp-e-form-125597.cif,-3.158536809126668,LiVF4,6,
mb-mp-e-form-092258,matbench_mp_e_form,test,<RUNS_ROOT>/official_benchmark_214/matbench_e_form_5fold/fold0/dataset/cifs/mb-mp-e-form-092258.cif,-2.219181533282968,Ni(PO3)3,52,
mb-mp-e-form-129596,matbench_mp_e_form,test,<RUNS_ROOT>/official_benchmark_214/matbench_e_form_5fold/fold0/dataset/cifs/mb-mp-e-form-129596.cif,-3.4837891316666663,Ca6HfO8,15,
mb-mp-e-form-105787,matbench_mp_e_form,test,<RUNS_ROOT>/official_benchmark_214/matbench_e_form_5fold/fold0/dataset/cifs/mb-mp-e-form-105787.cif,-2.543767034270834,MgTiBiO5,64,
mb-mp-e-form-094061,matbench_mp_e_form,test,<RUNS_ROOT>/official_benchmark_214/matbench_e_form_5fold/fold0/dataset/cifs/mb-mp-e-form-094061.cif,-2.253637468074713,BaNa2(Ge4O9)2,174,
mb-mp-e-form-002213,matbench_mp_e_form,test,<RUNS_ROOT>/official_benchmark_214/matbench_e_form_5fold/fold0/dataset/cifs/mb-mp-e-form-002213.cif,0.9236629200000002,TlCd2Bi,4,
mb-mp-e-form-105329,matbench_mp_e_form,test,<RUNS_ROOT>/official_benchmark_214/matbench_e_form_5fold/fold0/dataset/cifs/mb-mp-e-form-105329.cif,-2.509433571261905,KV2PO8,96,
mb-mp-e-form-027068,matbench_mp_e_form,test,<RUNS_ROOT>/official_benchmark_214/matbench_e_form_5fold/fold0/dataset/cifs/mb-mp-e-form-027068.cif,-0.3275175737500002,DyErAg2,4,
mb-mp-e-form-088550,matbench_mp_e_form,test,<RUNS_ROOT>/official_benchmark_214/matbench_e_form_5fold/fold0/dataset/cifs/mb-mp-e-form-088550.cif,-2.107007853936666,LiMn5O5F,12,
mb-mp-e-form-048588,matbench_mp_e_form,test,<RUNS_ROOT>/official_benchmark_214/matbench_e_form_5fold/fold0/dataset/cifs/mb-mp-e-form-048588.cif,-0.7364585594791669,Sb2Pb2S5,36,
mb-mp-e-form-013642,matbench_mp_e_form,test,<RUNS_ROOT>/official_benchmark_214/matbench_e_form_5fold/fold0/dataset/cifs/mb-mp-e-form-013642.cif,-0.0110921493457944,K15Si92,107,
mb-mp-e-form-025019,matbench_mp_e_form,test,<RUNS_ROOT>/official_benchmark_214/matbench_e_form_5fold/fold0/dataset/cifs/mb-mp-e-form-025019.cif,-0.2922481907692308,Yb(GaFe)6,13,
mb-mp-e-form-094571,matbench_mp_e_form,test,<RUNS_ROOT>/official_benchmark_214/matbench_e_form_5fold/fold0/dataset/cifs/mb-mp-e-form-094571.cif,-2.279091492916668,Ta2Co4O9,60,
mb-mp-e-form-011290,matbench_mp_e_form,test,<RUNS_ROOT>/official_benchmark_214/matbench_e_form_5fold/fold0/dataset/cifs/mb-mp-e-form-011290.cif,0.0322083849999996,Ac3Yb,4,
mb-mp-e-form-123349,matbench_mp_e_form,test,<RUNS_ROOT>/official_benchmark_214/matbench_e_form_5fold/fold0/dataset/cifs/mb-mp-e-form-123349.cif,-3.03330954803,Na5Ga3F14,44,
mb-mp-e-form-081704,matbench_mp_e_form,test,<RUNS_ROOT>/official_benchmark_214/matbench_e_form_5fold/fold0/dataset/cifs/mb-mp-e-form-081704.cif,-1.900062514947272,Li2Mn2CoO6,22,
mb-mp-e-form-112480,matbench_mp_e_form,test,<RUNS_ROOT>/official_benchmark_214/matbench_e_form_5fold/fold0/dataset/cifs/mb-mp-e-form-112480.cif,-2.666714437391428,LiMn2OF3,28,
mb-mp-e-form-129350,matbench_mp_e_form,test,<RUNS_ROOT>/official_benchmark_214/matbench_e_form_5fold/fold0/dataset/cifs/mb-mp-e-form-129350.cif,-3.484489611564516,K2U7O22,62,
mb-mp-e-form-002190,matbench_mp_e_form,test,<RUNS_ROOT>/official_benchmark_214/matbench_e_form_5fold/fold0/dataset/cifs/mb-mp-e-form-002190.cif,0.9618426024999996,LiTl2Pd,4,
mb-mp-e-form-056697,matbench_mp_e_form,test,<RUNS_ROOT>/official_benchmark_214/matbench_e_form_5fold/fold0/dataset/cifs/mb-mp-e-form-056697.cif,-0.972568053472906,Cs3Bi2I9,28,
mb-mp-e-form-103134,matbench_mp_e_form,test,<RUNS_ROOT>/official_benchmark_214/matbench_e_form_5fold/fold0/dataset/cifs/mb-mp-e-form-103134.cif,-2.482316723750001,BaCrO4,24,
mb-mp-e-form-100998,matbench_mp_e_form,test,<RUNS_ROOT>/official_benchmark_214/matbench_e_form_5fold/fold0/dataset/cifs/mb-mp-e-form-100998.cif,-2.4299481002205887,Ba2V2Te2O11,34,
mb-mp-e-form-016222,matbench_mp_e_form,test,<RUNS_ROOT>/official_benchmark_214/matbench_e_form_5fold/fold0/dataset/cifs/mb-mp-e-form-016222.cif,-0.0835844614062502,Mg63Si32Bi,96,
mb-mp-e-form-051056,matbench_mp_e_form,test,<RUNS_ROOT>/official_benchmark_214/matbench_e_form_5fold/fold0/dataset/cifs/mb-mp-e-form-051056.cif,-0.8349912449999998,La3Cu3Sb4,20,
mb-mp-e-form-112463,matbench_mp_e_form,test,<RUNS_ROOT>/official_benchmark_214/matbench_e_form_5fold/fold0/dataset/cifs/mb-mp-e-form-112463.cif,-2.6715434637254334,Li4CrP2(O4F)2,51,
mb-mp-e-form-015801,matbench_mp_e_form,test,<RUNS_ROOT>/official_benchmark_214/matbench_e_form_5fold/fold0/dataset/cifs/mb-mp-e-form-015801.cif,-0.0768870875000002,LiTm2Tc,4,
mb-mp-e-form-010378,matbench_mp_e_form,test,<RUNS_ROOT>/official_benchmark_214/matbench_e_form_5fold/fold0/dataset/cifs/mb-mp-e-form-010378.cif,0.0353379199999999,Ga3Ag,4,
mb-mp-e-form-045886,matbench_mp_e_form,test,<RUNS_ROOT>/official_benchmark_214/matbench_e_form_5fold/fold0/dataset/cifs/mb-mp-e-form-045886.cif,-0.6705051756250002,AgPdO2,8,
mb-mp-e-form-111094,matbench_mp_e_form,test,<RUNS_ROOT>/official_benchmark_214/matbench_e_form_5fold/fold0/dataset/cifs/mb-mp-e-form-111094.cif,-2.655814160343636,Na5Mn4(SiO3)6,66,
mb-mp-e-form-000698,matbench_mp_e_form,test,<RUNS_ROOT>/official_benchmark_214/matbench_e_form_5fold/fold0/dataset/cifs/mb-mp-e-form-000698.cif,1.883853039683333,IN5,12,
mb-mp-e-form-013447,matbench_mp_e_form,test,<RUNS_ROOT>/official_benchmark_214/matbench_e_form_5fold/fold0/dataset/cifs/mb-mp-e-form-013447.cif,-0.0214889796428569,LiZn13,28,
mb-mp-e-form-011358,matbench_mp_e_form,test,<RUNS_ROOT>/official_benchmark_214/matbench_e_form_5fold/fold0/dataset/cifs/mb-mp-e-form-011358.cif,0.0314780331249995,La3Pm,4,
mb-mp-e-form-057331,matbench_mp_e_form,test,<RUNS_ROOT>/official_benchmark_214/matbench_e_form_5fold/fold0/dataset/cifs/mb-mp-e-form-057331.cif,-1.0167615838333337,Zn(Co2O5)2,15,
mb-mp-e-form-077099,matbench_mp_e_form,test,<RUNS_ROOT>/official_benchmark_214/matbench_e_form_5fold/fold0/dataset/cifs/mb-mp-e-form-077099.cif,-1.7840103514224144,CsCeSiS4,28,
mb-mp-e-form-098339,matbench_mp_e_form,test,<RUNS_ROOT>/official_benchmark_214/matbench_e_form_5fold/fold0/dataset/cifs/mb-mp-e-form-098339.cif,-2.361691834022108,Cr(PO3)5,42,
mb-mp-e-form-015819,matbench_mp_e_form,test,<RUNS_ROOT>/official_benchmark_214/matbench_e_form_5fold/fold0/dataset/cifs/mb-mp-e-form-015819.cif,-0.0646017074999996,LuUTc2,4,
mb-mp-e-form-047321,matbench_mp_e_form,test,<RUNS_ROOT>/official_benchmark_214/matbench_e_form_5fold/fold0/dataset/cifs/mb-mp-e-form-047321.cif,-0.715575870624999,PbWO2,16,
mb-mp-e-form-059177,matbench_mp_e_form,test,<RUNS_ROOT>/official_benchmark_214/matbench_e_form_5fold/fold0/dataset/cifs/mb-mp-e-form-059177.cif,-1.0860688352708323,CoH5CN(ClO)2,24,
mb-mp-e-form-027743,matbench_mp_e_form,test,<RUNS_ROOT>/official_benchmark_214/matbench_e_form_5fold/fold0/dataset/cifs/mb-mp-e-form-027743.cif,-0.33192478,DyAlAg2,4,
mb-mp-e-form-040453,matbench_mp_e_form,test,<RUNS_ROOT>/official_benchmark_214/matbench_e_form_5fold/fold0/dataset/cifs/mb-mp-e-form-040453.cif,-0.5654781900000003,La2Al6CuAu,10,
mb-mp-e-form-086154,matbench_mp_e_form,test,<RUNS_ROOT>/official_benchmark_214/matbench_e_form_5fold/fold0/dataset/cifs/mb-mp-e-form-086154.cif,-2.038854448076875,Na2Ti3Mn(Si2O11)2,32,
mb-mp-e-form-092987,matbench_mp_e_form,test,<RUNS_ROOT>/official_benchmark_214/matbench_e_form_5fold/fold0/dataset/cifs/mb-mp-e-form-092987.cif,-2.240288167119473,Ce2Te4Cl2O11,38,
mb-mp-e-form-125458,matbench_mp_e_form,test,<RUNS_ROOT>/official_benchmark_214/matbench_e_form_5fold/fold0/dataset/cifs/mb-mp-e-form-125458.cif,-3.154914357261112,K2Ti(SiO3)3,30,
mb-mp-e-form-015388,matbench_mp_e_form,test,<RUNS_ROOT>/official_benchmark_214/matbench_e_form_5fold/fold0/dataset/cifs/mb-mp-e-form-015388.cif,-0.0697716560000003,V2NiSb2,5,
mb-mp-e-form-011982,matbench_mp_e_form,test,<RUNS_ROOT>/official_benchmark_214/matbench_e_form_5fold/fold0/dataset/cifs/mb-mp-e-form-011982.cif,0.005858860625,CaMg6Zn,8,
mb-mp-e-form-128075,matbench_mp_e_form,test,<RUNS_ROOT>/official_benchmark_214/matbench_e_form_5fold/fold0/dataset/cifs/mb-mp-e-form-128075.cif,-3.321891912083333,La2Ti3AgO9,15,
mb-mp-e-form-073954,matbench_mp_e_form,test,<RUNS_ROOT>/official_benchmark_214/matbench_e_form_5fold/fold0/dataset/cifs/mb-mp-e-form-073954.cif,-1.6997137598582988,Rb2InBiCl6,10,
mb-mp-e-form-122665,matbench_mp_e_form,test,<RUNS_ROOT>/official_benchmark_214/matbench_e_form_5fold/fold0/dataset/cifs/mb-mp-e-form-122665.cif,-2.9963941258171416,Li2MnF4,14,
mb-mp-e-form-107804,matbench_mp_e_form,test,<RUNS_ROOT>/official_benchmark_214/matbench_e_form_5fold/fold0/dataset/cifs/mb-mp-e-form-107804.cif,-2.587676607222223,LaFeWO6,18,
mb-mp-e-form-003831,matbench_mp_e_form,test,<RUNS_ROOT>/official_benchmark_214/matbench_e_form_5fold/fold0/dataset/cifs/mb-mp-e-form-003831.cif,0.5670952590000002,K3Y,4,
mb-mp-e-form-088836,matbench_mp_e_form,test,<RUNS_ROOT>/official_benchmark_214/matbench_e_form_5fold/fold0/dataset/cifs/mb-mp-e-form-088836.cif,-2.1220763422500006,K2CO3,12,
mb-mp-e-form-093586,matbench_mp_e_form,test,<RUNS_ROOT>/official_benchmark_214/matbench_e_form_5fold/fold0/dataset/cifs/mb-mp-e-form-093586.cif,-2.233933115673,Li4MnV2WO12,20,
mb-mp-e-form-043862,matbench_mp_e_form,test,<RUNS_ROOT>/official_benchmark_214/matbench_e_form_5fold/fold0/dataset/cifs/mb-mp-e-form-043862.cif,-0.6214788578571433,CaP3,8,
mb-mp-e-form-041017,matbench_mp_e_form,test,<RUNS_ROOT>/official_benchmark_214/matbench_e_form_5fold/fold0/dataset/cifs/mb-mp-e-form-041017.cif,-0.5821701118183332,SnCNCl3,12,
mb-mp-e-form-023764,matbench_mp_e_form,test,<RUNS_ROOT>/official_benchmark_214/matbench_e_form_5fold/fold0/dataset/cifs/mb-mp-e-form-023764.cif,-0.2545057458333334,Te2Mo,12,
mb-mp-e-form-113556,matbench_mp_e_form,test,<RUNS_ROOT>/official_benchmark_214/matbench_e_form_5fold/fold0/dataset/cifs/mb-mp-e-form-113556.cif,-2.7059804125,Li2Si3NiO8,28,
mb-mp-e-form-050262,matbench_mp_e_form,test,<RUNS_ROOT>/official_benchmark_214/matbench_e_form_5fold/fold0/dataset/cifs/mb-mp-e-form-050262.cif,-0.8049510308333341,TbCuTe2,4,
mb-mp-e-form-063872,matbench_mp_e_form,test,<RUNS_ROOT>/official_benchmark_214/matbench_e_form_5fold/fold0/dataset/cifs/mb-mp-e-form-063872.cif,-1.304138174047619,LuPPt,3,
mb-mp-e-form-113458,matbench_mp_e_form,test,<RUNS_ROOT>/official_benchmark_214/matbench_e_form_5fold/fold0/dataset/cifs/mb-mp-e-form-113458.cif,-2.694482066875,ScTlO2,4,
mb-mp-e-form-117673,matbench_mp_e_form,test,<RUNS_ROOT>/official_benchmark_214/matbench_e_form_5fold/fold0/dataset/cifs/mb-mp-e-form-117673.cif,-2.82329319996,LiFeF4,24,
mb-mp-e-form-120507,matbench_mp_e_form,test,<RUNS_ROOT>/official_benchmark_214/matbench_e_form_5fold/fold0/dataset/cifs/mb-mp-e-form-120507.cif,-2.916852544366883,NaEuP2O7,44,
mb-mp-e-form-059932,matbench_mp_e_form,test,<RUNS_ROOT>/official_benchmark_214/matbench_e_form_5fold/fold0/dataset/cifs/mb-mp-e-form-059932.cif,-1.1303649369999988,Th(SiPt)2,10,
mb-mp-e-form-115695,matbench_mp_e_form,test,<RUNS_ROOT>/official_benchmark_214/matbench_e_form_5fold/fold0/dataset/cifs/mb-mp-e-form-115695.cif,-2.7693379223529413,Li2Cu(Si2O5)2,68,
mb-mp-e-form-036505,matbench_mp_e_form,test,<RUNS_ROOT>/official_benchmark_214/matbench_e_form_5fold/fold0/dataset/cifs/mb-mp-e-form-036505.cif,-0.4835973866666663,LuAl2,6,
mb-mp-e-form-100361,matbench_mp_e_form,test,<RUNS_ROOT>/official_benchmark_214/matbench_e_form_5fold/fold0/dataset/cifs/mb-mp-e-form-100361.cif,-2.410759078121853,RbTeHOF4,32,
mb-mp-e-form-036520,matbench_mp_e_form,test,<RUNS_ROOT>/official_benchmark_214/matbench_e_form_5fold/fold0/dataset/cifs/mb-mp-e-form-036520.cif,-0.4885461709500003,K2GaAs2,40,
mb-mp-e-form-055096,matbench_mp_e_form,test,<RUNS_ROOT>/official_benchmark_214/matbench_e_form_5fold/fold0/dataset/cifs/mb-mp-e-form-055096.cif,-0.9522497067499998,TlSbO3,10,
mb-mp-e-form-038680,matbench_mp_e_form,test,<RUNS_ROOT>/official_benchmark_214/matbench_e_form_5fold/fold0/dataset/cifs/mb-mp-e-form-038680.cif,-0.517937356038961,Nb3TeI7,11,
mb-mp-e-form-031959,matbench_mp_e_form,test,<RUNS_ROOT>/official_benchmark_214/matbench_e_form_5fold/fold0/dataset/cifs/mb-mp-e-form-031959.cif,-0.4243202696666671,Ni(BW)2,5,
mb-mp-e-form-121178,matbench_mp_e_form,test,<RUNS_ROOT>/official_benchmark_214/matbench_e_form_5fold/fold0/dataset/cifs/mb-mp-e-form-121178.cif,-2.9638394266670214,Ti12Mn5(PO4)18,107,
mb-mp-e-form-022364,matbench_mp_e_form,test,<RUNS_ROOT>/official_benchmark_214/matbench_e_form_5fold/fold0/dataset/cifs/mb-mp-e-form-022364.cif,-0.2468497013888893,Ti2Co3Ge,6,
mb-mp-e-form-010462,matbench_mp_e_form,test,<RUNS_ROOT>/official_benchmark_214/matbench_e_form_5fold/fold0/dataset/cifs/mb-mp-e-form-010462.cif,0.0361743424999998,Pr3Ho,8,
mb-mp-e-form-066590,matbench_mp_e_form,test,<RUNS_ROOT>/official_benchmark_214/matbench_e_form_5fold/fold0/dataset/cifs/mb-mp-e-form-066590.cif,-1.3959992802240002,TeHO3,40,
mb-mp-e-form-043122,matbench_mp_e_form,test,<RUNS_ROOT>/official_benchmark_214/matbench_e_form_5fold/fold0/dataset/cifs/mb-mp-e-form-043122.cif,-0.625405970493529,LaN3O13,34,
mb-mp-e-form-093174,matbench_mp_e_form,test,<RUNS_ROOT>/official_benchmark_214/matbench_e_form_5fold/fold0/dataset/cifs/mb-mp-e-form-093174.cif,-2.232470307948,Ca(HO)2,5,
mb-mp-e-form-010828,matbench_mp_e_form,test,<RUNS_ROOT>/official_benchmark_214/matbench_e_form_5fold/fold0/dataset/cifs/mb-mp-e-form-010828.cif,0.0392535550000001,Ce,2,
mb-mp-e-form-013740,matbench_mp_e_form,test,<RUNS_ROOT>/official_benchmark_214/matbench_e_form_5fold/fold0/dataset/cifs/mb-mp-e-form-013740.cif,-0.0199721656249991,PuIr2,6,
mb-mp-e-form-003716,matbench_mp_e_form,test,<RUNS_ROOT>/official_benchmark_214/matbench_e_form_5fold/fold0/dataset/cifs/mb-mp-e-form-003716.cif,0.5821863138014294,As(CN)3,14,
mb-mp-e-form-033707,matbench_mp_e_form,test,<RUNS_ROOT>/official_benchmark_214/matbench_e_form_5fold/fold0/dataset/cifs/mb-mp-e-form-033707.cif,-0.4321531731146159,NiH4C2(S2N)2,52,
mb-mp-e-form-034890,matbench_mp_e_form,test,<RUNS_ROOT>/official_benchmark_214/matbench_e_form_5fold/fold0/dataset/cifs/mb-mp-e-form-034890.cif,-0.4585418857589278,Nb2AlC,8,
mb-mp-e-form-067737,matbench_mp_e_form,test,<RUNS_ROOT>/official_benchmark_214/matbench_e_form_5fold/fold0/dataset/cifs/mb-mp-e-form-067737.cif,-1.4408757346575,NiOF2,16,
mb-mp-e-form-083573,matbench_mp_e_form,test,<RUNS_ROOT>/official_benchmark_214/matbench_e_form_5fold/fold0/dataset/cifs/mb-mp-e-form-083573.cif,-1.9518008631649988,Li8Mn(FeO4)3,24,
mb-mp-e-form-062915,matbench_mp_e_form,test,<RUNS_ROOT>/official_benchmark_214/matbench_e_form_5fold/fold0/dataset/cifs/mb-mp-e-form-062915.cif,-1.2695219393181816,Ca(Ni2O3)2,22,
mb-mp-e-form-109497,matbench_mp_e_form,test,<RUNS_ROOT>/official_benchmark_214/matbench_e_form_5fold/fold0/dataset/cifs/mb-mp-e-form-109497.cif,-2.6159115276116065,NaVPO5,32,
mb-mp-e-form-108535,matbench_mp_e_form,test,<RUNS_ROOT>/official_benchmark_214/matbench_e_form_5fold/fold0/dataset/cifs/mb-mp-e-form-108535.cif,-2.589716668372566,Li4V3P8O29,88,
mb-mp-e-form-043642,matbench_mp_e_form,test,<RUNS_ROOT>/official_benchmark_214/matbench_e_form_5fold/fold0/dataset/cifs/mb-mp-e-form-043642.cif,-0.6223534271428578,Er(Ni2As)2,14,
mb-mp-e-form-108149,matbench_mp_e_form,test,<RUNS_ROOT>/official_benchmark_214/matbench_e_form_5fold/fold0/dataset/cifs/mb-mp-e-form-108149.cif,-2.5738906442824065,BaTi2Fe4O11,36,
mb-mp-e-form-039231,matbench_mp_e_form,test,<RUNS_ROOT>/official_benchmark_214/matbench_e_form_5fold/fold0/dataset/cifs/mb-mp-e-form-039231.cif,-0.5364608330555554,Sc2Ge4Mo3,36,
mb-mp-e-form-013933,matbench_mp_e_form,test,<RUNS_ROOT>/official_benchmark_214/matbench_e_form_5fold/fold0/dataset/cifs/mb-mp-e-form-013933.cif,-0.0482786668749999,CeMg6Bi,8,
mb-mp-e-form-027520,matbench_mp_e_form,test,<RUNS_ROOT>/official_benchmark_214/matbench_e_form_5fold/fold0/dataset/cifs/mb-mp-e-form-027520.cif,-0.3265104826315789,Li15Ge4,38,
mb-mp-e-form-056167,matbench_mp_e_form,test,<RUNS_ROOT>/official_benchmark_214/matbench_e_form_5fold/fold0/dataset/cifs/mb-mp-e-form-056167.cif,-0.9735499799305556,Li4SnSe4,36,
mb-mp-e-form-127361,matbench_mp_e_form,test,<RUNS_ROOT>/official_benchmark_214/matbench_e_form_5fold/fold0/dataset/cifs/mb-mp-e-form-127361.cif,-3.282798522381818,K3NpO2F5,44,
mb-mp-e-form-072108,matbench_mp_e_form,test,<RUNS_ROOT>/official_benchmark_214/matbench_e_form_5fold/fold0/dataset/cifs/mb-mp-e-form-072108.cif,-1.6396879539575997,KMgAs(H6O5)2,50,
mb-mp-e-form-124948,matbench_mp_e_form,test,<RUNS_ROOT>/official_benchmark_214/matbench_e_form_5fold/fold0/dataset/cifs/mb-mp-e-form-124948.cif,-3.133914238912338,NaHoP2O7,44,
mb-mp-e-form-062025,matbench_mp_e_form,test,<RUNS_ROOT>/official_benchmark_214/matbench_e_form_5fold/fold0/dataset/cifs/mb-mp-e-form-062025.cif,-1.2165351651302083,TbCuSe2,4,
mb-mp-e-form-112256,matbench_mp_e_form,test,<RUNS_ROOT>/official_benchmark_214/matbench_e_form_5fold/fold0/dataset/cifs/mb-mp-e-form-112256.cif,-2.6861963208928565,LiV(PO3)4,72,
mb-mp-e-form-088811,matbench_mp_e_form,test,<RUNS_ROOT>/official_benchmark_214/matbench_e_form_5fold/fold0/dataset/cifs/mb-mp-e-form-088811.cif,-2.141775804027777,BaAlCrCuO5,9,
mb-mp-e-form-044249,matbench_mp_e_form,test,<RUNS_ROOT>/official_benchmark_214/matbench_e_form_5fold/fold0/dataset/cifs/mb-mp-e-form-044249.cif,-0.6438751178947385,Ho3(Si3Ru)4,38,
mb-mp-e-form-055283,matbench_mp_e_form,test,<RUNS_ROOT>/official_benchmark_214/matbench_e_form_5fold/fold0/dataset/cifs/mb-mp-e-form-055283.cif,-0.9491268543049572,RbTlS2,32,
mb-mp-e-form-026245,matbench_mp_e_form,test,<RUNS_ROOT>/official_benchmark_214/matbench_e_form_5fold/fold0/dataset/cifs/mb-mp-e-form-026245.cif,-0.3148587229999997,Tm2CdCu2,10,
mb-mp-e-form-061217,matbench_mp_e_form,test,<RUNS_ROOT>/official_benchmark_214/matbench_e_form_5fold/fold0/dataset/cifs/mb-mp-e-form-061217.cif,-1.175312996815477,NpPS4,48,
mb-mp-e-form-122571,matbench_mp_e_form,test,<RUNS_ROOT>/official_benchmark_214/matbench_e_form_5fold/fold0/dataset/cifs/mb-mp-e-form-122571.cif,-3.01720794631,Li3MnF6,20,
mb-mp-e-form-013819,matbench_mp_e_form,test,<RUNS_ROOT>/official_benchmark_214/matbench_e_form_5fold/fold0/dataset/cifs/mb-mp-e-form-013819.cif,-0.0112706582842849,Mn(H2N)2,112,
mb-mp-e-form-039603,matbench_mp_e_form,test,<RUNS_ROOT>/official_benchmark_214/matbench_e_form_5fold/fold0/dataset/cifs/mb-mp-e-form-039603.cif,-0.553961647333334,Tb(NiB)2,10,
mb-mp-e-form-128428,matbench_mp_e_form,test,<RUNS_ROOT>/official_benchmark_214/matbench_e_form_5fold/fold0/dataset/cifs/mb-mp-e-form-128428.cif,-3.334864526309524,CaAlBO4,28,
mb-mp-e-form-077294,matbench_mp_e_form,test,<RUNS_ROOT>/official_benchmark_214/matbench_e_form_5fold/fold0/dataset/cifs/mb-mp-e-form-077294.cif,-1.8071034778725,Li9Mn2Co5O16,32,
mb-mp-e-form-046592,matbench_mp_e_form,test,<RUNS_ROOT>/official_benchmark_214/matbench_e_form_5fold/fold0/dataset/cifs/mb-mp-e-form-046592.cif,-0.6975251776631946,K2Ge2Se5,36,
mb-mp-e-form-034113,matbench_mp_e_form,test,<RUNS_ROOT>/official_benchmark_214/matbench_e_form_5fold/fold0/dataset/cifs/mb-mp-e-form-034113.cif,-0.4484597399999996,Sc3Sn,8,
mb-mp-e-form-112452,matbench_mp_e_form,test,<RUNS_ROOT>/official_benchmark_214/matbench_e_form_5fold/fold0/dataset/cifs/mb-mp-e-form-112452.cif,-2.678172489991497,Li4Ti2Nb3Fe3O16,28,
mb-mp-e-form-007643,matbench_mp_e_form,test,<RUNS_ROOT>/official_benchmark_214/matbench_e_form_5fold/fold0/dataset/cifs/mb-mp-e-form-007643.cif,0.1461880418749999,SrPm3,8,
mb-mp-e-form-016893,matbench_mp_e_form,test,<RUNS_ROOT>/official_benchmark_214/matbench_e_form_5fold/fold0/dataset/cifs/mb-mp-e-form-016893.cif,-0.0930014874999995,Ce2MgAl,4,
mb-mp-e-form-036202,matbench_mp_e_form,test,<RUNS_ROOT>/official_benchmark_214/matbench_e_form_5fold/fold0/dataset/cifs/mb-mp-e-form-036202.cif,-0.4862857393750008,Ho5Ga3,32,
mb-mp-e-form-040788,matbench_mp_e_form,test,<RUNS_ROOT>/official_benchmark_214/matbench_e_form_5fold/fold0/dataset/cifs/mb-mp-e-form-040788.cif,-0.5667626662499998,PrGa3,8,
mb-mp-e-form-018162,matbench_mp_e_form,test,<RUNS_ROOT>/official_benchmark_214/matbench_e_form_5fold/fold0/dataset/cifs/mb-mp-e-form-018162.cif,-0.1550051275862074,Mn2(Ni7B2)3,29,
mb-mp-e-form-094876,matbench_mp_e_form,test,<RUNS_ROOT>/official_benchmark_214/matbench_e_form_5fold/fold0/dataset/cifs/mb-mp-e-form-094876.cif,-2.289250871736112,NaFeBO3,24,
mb-mp-e-form-021463,matbench_mp_e_form,test,<RUNS_ROOT>/official_benchmark_214/matbench_e_form_5fold/fold0/dataset/cifs/mb-mp-e-form-021463.cif,-0.2182891983333341,DyAlFe2,24,
mb-mp-e-form-025874,matbench_mp_e_form,test,<RUNS_ROOT>/official_benchmark_214/matbench_e_form_5fold/fold0/dataset/cifs/mb-mp-e-form-025874.cif,-0.2883088037499997,Ho2AlOs,4,
mb-mp-e-form-017176,matbench_mp_e_form,test,<RUNS_ROOT>/official_benchmark_214/matbench_e_form_5fold/fold0/dataset/cifs/mb-mp-e-form-017176.cif,-0.1106432167500003,Pr6Fe13Sb,40,
mb-mp-e-form-024317,matbench_mp_e_form,test,<RUNS_ROOT>/official_benchmark_214/matbench_e_form_5fold/fold0/dataset/cifs/mb-mp-e-form-024317.cif,-0.2731256819999984,Zr4Pd,5,
mb-mp-e-form-038065,matbench_mp_e_form,test,<RUNS_ROOT>/official_benchmark_214/matbench_e_form_5fold/fold0/dataset/cifs/mb-mp-e-form-038065.cif,-0.5254136141666077,ZnP2C4NO8,32,
mb-mp-e-form-122809,matbench_mp_e_form,test,<RUNS_ROOT>/official_benchmark_214/matbench_e_form_5fold/fold0/dataset/cifs/mb-mp-e-form-122809.cif,-3.0648043537499987,CaCo(Si2O5)2,64,
mb-mp-e-form-077399,matbench_mp_e_form,test,<RUNS_ROOT>/official_benchmark_214/matbench_e_form_5fold/fold0/dataset/cifs/mb-mp-e-form-077399.cif,-1.7900053635714284,Cd2GeO4,28,
mb-mp-e-form-059076,matbench_mp_e_form,test,<RUNS_ROOT>/official_benchmark_214/matbench_e_form_5fold/fold0/dataset/cifs/mb-mp-e-form-059076.cif,-1.0959009134999995,Na2LiBiBr6,10,
mb-mp-e-form-022696,matbench_mp_e_form,test,<RUNS_ROOT>/official_benchmark_214/matbench_e_form_5fold/fold0/dataset/cifs/mb-mp-e-form-022696.cif,-0.2357872683333326,Bi2Pt,24,
mb-mp-e-form-089138,matbench_mp_e_form,test,<RUNS_ROOT>/official_benchmark_214/matbench_e_form_5fold/fold0/dataset/cifs/mb-mp-e-form-089138.cif,-2.12126171364926,Ba3InS4Cl,18,
mb-mp-e-form-005135,matbench_mp_e_form,test,<RUNS_ROOT>/official_benchmark_214/matbench_e_form_5fold/fold0/dataset/cifs/mb-mp-e-form-005135.cif,0.2834656757031248,Mg15C,16,
mb-mp-e-form-059995,matbench_mp_e_form,test,<RUNS_ROOT>/official_benchmark_214/matbench_e_form_5fold/fold0/dataset/cifs/mb-mp-e-form-059995.cif,-1.12951817824138,CsTlBr3,10,
mb-mp-e-form-042666,matbench_mp_e_form,test,<RUNS_ROOT>/official_benchmark_214/matbench_e_form_5fold/fold0/dataset/cifs/mb-mp-e-form-042666.cif,-0.6068962719999987,Yb(SiOs)2,5,
mb-mp-e-form-059745,matbench_mp_e_form,test,<RUNS_ROOT>/official_benchmark_214/matbench_e_form_5fold/fold0/dataset/cifs/mb-mp-e-form-059745.cif,-1.0960549005544438,H7C3N3O5,36,
mb-mp-e-form-095902,matbench_mp_e_form,test,<RUNS_ROOT>/official_benchmark_214/matbench_e_form_5fold/fold0/dataset/cifs/mb-mp-e-form-095902.cif,-2.321036579854921,MnFeCo(PO4)3,72,
mb-mp-e-form-047699,matbench_mp_e_form,test,<RUNS_ROOT>/official_benchmark_214/matbench_e_form_5fold/fold0/dataset/cifs/mb-mp-e-form-047699.cif,-0.7086225322082226,Cs(BBr)6,52,
mb-mp-e-form-100444,matbench_mp_e_form,test,<RUNS_ROOT>/official_benchmark_214/matbench_e_form_5fold/fold0/dataset/cifs/mb-mp-e-form-100444.cif,-2.418018512172501,VO2F,4,
mb-mp-e-form-122922,matbench_mp_e_form,test,<RUNS_ROOT>/official_benchmark_214/matbench_e_form_5fold/fold0/dataset/cifs/mb-mp-e-form-122922.cif,-3.0315411896425,CaF3,4,
mb-mp-e-form-112806,matbench_mp_e_form,test,<RUNS_ROOT>/official_benchmark_214/matbench_e_form_5fold/fold0/dataset/cifs/mb-mp-e-form-112806.cif,-2.7186126985272985,CsMg14TiO16,32,
mb-mp-e-form-122918,matbench_mp_e_form,test,<RUNS_ROOT>/official_benchmark_214/matbench_e_form_5fold/fold0/dataset/cifs/mb-mp-e-form-122918.cif,-3.037855442541087,K5Cr10F31,184,
mb-mp-e-form-107503,matbench_mp_e_form,test,<RUNS_ROOT>/official_benchmark_214/matbench_e_form_5fold/fold0/dataset/cifs/mb-mp-e-form-107503.cif,-2.568003934728978,LiMnPO4,14,
mb-mp-e-form-108147,matbench_mp_e_form,test,<RUNS_ROOT>/official_benchmark_214/matbench_e_form_5fold/fold0/dataset/cifs/mb-mp-e-form-108147.cif,-2.587551325142752,CsNaB10(H2O9)2,68,
mb-mp-e-form-085007,matbench_mp_e_form,test,<RUNS_ROOT>/official_benchmark_214/matbench_e_form_5fold/fold0/dataset/cifs/mb-mp-e-form-085007.cif,-2.0182142960937504,NaNpSeO6,18,
mb-mp-e-form-038612,matbench_mp_e_form,test,<RUNS_ROOT>/official_benchmark_214/matbench_e_form_5fold/fold0/dataset/cifs/mb-mp-e-form-038612.cif,-0.5210293884374999,Bi7RhBr8,64,
mb-mp-e-form-096095,matbench_mp_e_form,test,<RUNS_ROOT>/official_benchmark_214/matbench_e_form_5fold/fold0/dataset/cifs/mb-mp-e-form-096095.cif,-2.327978372234196,Sm7Ti4(Se2O)6,29,
mb-mp-e-form-020352,matbench_mp_e_form,test,<RUNS_ROOT>/official_benchmark_214/matbench_e_form_5fold/fold0/dataset/cifs/mb-mp-e-form-020352.cif,-0.1969719699999987,ThMn3Al2,6,
mb-mp-e-form-065841,matbench_mp_e_form,test,<RUNS_ROOT>/official_benchmark_214/matbench_e_form_5fold/fold0/dataset/cifs/mb-mp-e-form-065841.cif,-1.3641630728571426,Mg(NiO2)2,28,
mb-mp-e-form-049134,matbench_mp_e_form,test,<RUNS_ROOT>/official_benchmark_214/matbench_e_form_5fold/fold0/dataset/cifs/mb-mp-e-form-049134.cif,-0.766139303958334,TbSmRh2,4,
mb-mp-e-form-122833,matbench_mp_e_form,test,<RUNS_ROOT>/official_benchmark_214/matbench_e_form_5fold/fold0/dataset/cifs/mb-mp-e-form-122833.cif,-3.0527693478571414,La2CuO4,7,
mb-mp-e-form-071250,matbench_mp_e_form,test,<RUNS_ROOT>/official_benchmark_214/matbench_e_form_5fold/fold0/dataset/cifs/mb-mp-e-form-071250.cif,-1.5884858774375004,Ti3CoS6,10,
mb-mp-e-form-006663,matbench_mp_e_form,test,<RUNS_ROOT>/official_benchmark_214/matbench_e_form_5fold/fold0/dataset/cifs/mb-mp-e-form-006663.cif,0.1982408632031251,SnSe,8,
mb-mp-e-form-077529,matbench_mp_e_form,test,<RUNS_ROOT>/official_benchmark_214/matbench_e_form_5fold/fold0/dataset/cifs/mb-mp-e-form-077529.cif,-1.8005728906548912,Cs2CrH2Cl5O,22,
mb-mp-e-form-040340,matbench_mp_e_form,test,<RUNS_ROOT>/official_benchmark_214/matbench_e_form_5fold/fold0/dataset/cifs/mb-mp-e-form-040340.cif,-0.5672408088541658,AsOsS,12,
mb-mp-e-form-054459,matbench_mp_e_form,test,<RUNS_ROOT>/official_benchmark_214/matbench_e_form_5fold/fold0/dataset/cifs/mb-mp-e-form-054459.cif,-0.9082295080977616,Rb9Fe2Se7,72,
mb-mp-e-form-039812,matbench_mp_e_form,test,<RUNS_ROOT>/official_benchmark_214/matbench_e_form_5fold/fold0/dataset/cifs/mb-mp-e-form-039812.cif,-0.5531421200000004,Sc2AgAu,4,
mb-mp-e-form-092562,matbench_mp_e_form,test,<RUNS_ROOT>/official_benchmark_214/matbench_e_form_5fold/fold0/dataset/cifs/mb-mp-e-form-092562.cif,-2.2083279239583327,Li2CrO3,12,
mb-mp-e-form-003290,matbench_mp_e_form,test,<RUNS_ROOT>/official_benchmark_214/matbench_e_form_5fold/fold0/dataset/cifs/mb-mp-e-form-003290.cif,0.5869024403449998,Fe3H,4,
mb-mp-e-form-048029,matbench_mp_e_form,test,<RUNS_ROOT>/official_benchmark_214/matbench_e_form_5fold/fold0/dataset/cifs/mb-mp-e-form-048029.cif,-0.7437204947727271,Sm(Ge2Rh3)2,11,
mb-mp-e-form-104680,matbench_mp_e_form,test,<RUNS_ROOT>/official_benchmark_214/matbench_e_form_5fold/fold0/dataset/cifs/mb-mp-e-form-104680.cif,-2.492209480625,LiYbO2,8,
mb-mp-e-form-123307,matbench_mp_e_form,test,<RUNS_ROOT>/official_benchmark_214/matbench_e_form_5fold/fold0/dataset/cifs/mb-mp-e-form-123307.cif,-3.042646912237778,KNaSnF6,36,
mb-mp-e-form-077276,matbench_mp_e_form,test,<RUNS_ROOT>/official_benchmark_214/matbench_e_form_5fold/fold0/dataset/cifs/mb-mp-e-form-077276.cif,-1.7858801923988972,Er2(SeO4)3,17,
mb-mp-e-form-106952,matbench_mp_e_form,test,<RUNS_ROOT>/official_benchmark_214/matbench_e_form_5fold/fold0/dataset/cifs/mb-mp-e-form-106952.cif,-2.550937014588294,SrCo2BPO7,48,
mb-mp-e-form-023664,matbench_mp_e_form,test,<RUNS_ROOT>/official_benchmark_214/matbench_e_form_5fold/fold0/dataset/cifs/mb-mp-e-form-023664.cif,-0.2595565056107951,Ni6Se5,88,
mb-mp-e-form-035544,matbench_mp_e_form,test,<RUNS_ROOT>/official_benchmark_214/matbench_e_form_5fold/fold0/dataset/cifs/mb-mp-e-form-035544.cif,-0.4666960441666665,InSn2I5,16,
mb-mp-e-form-056671,matbench_mp_e_form,test,<RUNS_ROOT>/official_benchmark_214/matbench_e_form_5fold/fold0/dataset/cifs/mb-mp-e-form-056671.cif,-0.9848413146875004,CSO,3,
mb-mp-e-form-048600,matbench_mp_e_form,test,<RUNS_ROOT>/official_benchmark_214/matbench_e_form_5fold/fold0/dataset/cifs/mb-mp-e-form-048600.cif,-0.7419568043750004,NdNiGe2,8,
mb-mp-e-form-038253,matbench_mp_e_form,test,<RUNS_ROOT>/official_benchmark_214/matbench_e_form_5fold/fold0/dataset/cifs/mb-mp-e-form-038253.cif,-0.5291533566840287,Zn4SO13,36,
mb-mp-e-form-088615,matbench_mp_e_form,test,<RUNS_ROOT>/official_benchmark_214/matbench_e_form_5fold/fold0/dataset/cifs/mb-mp-e-form-088615.cif,-2.1007483025,LiCr(CO3)2,10,
mb-mp-e-form-111898,matbench_mp_e_form,test,<RUNS_ROOT>/official_benchmark_214/matbench_e_form_5fold/fold0/dataset/cifs/mb-mp-e-form-111898.cif,-2.684831004788713,Cs2InSbF6,10,
mb-mp-e-form-025104,matbench_mp_e_form,test,<RUNS_ROOT>/official_benchmark_214/matbench_e_form_5fold/fold0/dataset/cifs/mb-mp-e-form-025104.cif,-0.2993762537499997,Li2SnPb,4,
mb-mp-e-form-059262,matbench_mp_e_form,test,<RUNS_ROOT>/official_benchmark_214/matbench_e_form_5fold/fold0/dataset/cifs/mb-mp-e-form-059262.cif,-1.0858201814589474,NiH7C3NO7,76,
mb-mp-e-form-032100,matbench_mp_e_form,test,<RUNS_ROOT>/official_benchmark_214/matbench_e_form_5fold/fold0/dataset/cifs/mb-mp-e-form-032100.cif,-0.4207051449999994,MgVRh2,4,
mb-mp-e-form-099910,matbench_mp_e_form,test,<RUNS_ROOT>/official_benchmark_214/matbench_e_form_5fold/fold0/dataset/cifs/mb-mp-e-form-099910.cif,-2.422350539591837,LiCoPO4,14,
mb-mp-e-form-125723,matbench_mp_e_form,test,<RUNS_ROOT>/official_benchmark_214/matbench_e_form_5fold/fold0/dataset/cifs/mb-mp-e-form-125723.cif,-3.1390357860833324,AcCrO3,5,
mb-mp-e-form-100091,matbench_mp_e_form,test,<RUNS_ROOT>/official_benchmark_214/matbench_e_form_5fold/fold0/dataset/cifs/mb-mp-e-form-100091.cif,-2.4217774423,Sr10Cu5Mo4WO30,50,
mb-mp-e-form-120810,matbench_mp_e_form,test,<RUNS_ROOT>/official_benchmark_214/matbench_e_form_5fold/fold0/dataset/cifs/mb-mp-e-form-120810.cif,-2.95578249234375,Mg30CrNiO32,64,
mb-mp-e-form-052918,matbench_mp_e_form,test,<RUNS_ROOT>/official_benchmark_214/matbench_e_form_5fold/fold0/dataset/cifs/mb-mp-e-form-052918.cif,-0.8905377684722227,Te2Mo3S4,9,
mb-mp-e-form-131484,matbench_mp_e_form,test,<RUNS_ROOT>/official_benchmark_214/matbench_e_form_5fold/fold0/dataset/cifs/mb-mp-e-form-131484.cif,-3.6345312963157896,Mg2Zr5O12,38,
mb-mp-e-form-032684,matbench_mp_e_form,test,<RUNS_ROOT>/official_benchmark_214/matbench_e_form_5fold/fold0/dataset/cifs/mb-mp-e-form-032684.cif,-0.4198816450000002,DyAl3,4,
mb-mp-e-form-080611,matbench_mp_e_form,test,<RUNS_ROOT>/official_benchmark_214/matbench_e_form_5fold/fold0/dataset/cifs/mb-mp-e-form-080611.cif,-1.876244200655632,Fe2P2H4NO8,136,
mb-mp-e-form-048967,matbench_mp_e_form,test,<RUNS_ROOT>/official_benchmark_214/matbench_e_form_5fold/fold0/dataset/cifs/mb-mp-e-form-048967.cif,-0.7676562675000002,Pr2GeRh3,6,
mb-mp-e-form-076394,matbench_mp_e_form,test,<RUNS_ROOT>/official_benchmark_214/matbench_e_form_5fold/fold0/dataset/cifs/mb-mp-e-form-076394.cif,-1.7789299661533338,MnO2,6,
mb-mp-e-form-118228,matbench_mp_e_form,test,<RUNS_ROOT>/official_benchmark_214/matbench_e_form_5fold/fold0/dataset/cifs/mb-mp-e-form-118228.cif,-2.856223808229167,BaLaGa3O7,24,
mb-mp-e-form-007495,matbench_mp_e_form,test,<RUNS_ROOT>/official_benchmark_214/matbench_e_form_5fold/fold0/dataset/cifs/mb-mp-e-form-007495.cif,0.1576426537499999,Mg6FeNi,8,
mb-mp-e-form-063672,matbench_mp_e_form,test,<RUNS_ROOT>/official_benchmark_214/matbench_e_form_5fold/fold0/dataset/cifs/mb-mp-e-form-063672.cif,-1.2761761966935483,Ni4(BiO2)9,31,
mb-mp-e-form-002982,matbench_mp_e_form,test,<RUNS_ROOT>/official_benchmark_214/matbench_e_form_5fold/fold0/dataset/cifs/mb-mp-e-form-002982.cif,0.6575934423883929,Mg6NbC,8,
mb-mp-e-form-037886,matbench_mp_e_form,test,<RUNS_ROOT>/official_benchmark_214/matbench_e_form_5fold/fold0/dataset/cifs/mb-mp-e-form-037886.cif,-0.5099962887499991,VIr,8,
mb-mp-e-form-032483,matbench_mp_e_form,test,<RUNS_ROOT>/official_benchmark_214/matbench_e_form_5fold/fold0/dataset/cifs/mb-mp-e-form-032483.cif,-0.4192474291666658,AlNi4Ge,12,
mb-mp-e-form-068676,matbench_mp_e_form,test,<RUNS_ROOT>/official_benchmark_214/matbench_e_form_5fold/fold0/dataset/cifs/mb-mp-e-form-068676.cif,-1.4694988637899835,Na5P3H48C4N(O9F)3,182,
mb-mp-e-form-116990,matbench_mp_e_form,test,<RUNS_ROOT>/official_benchmark_214/matbench_e_form_5fold/fold0/dataset/cifs/mb-mp-e-form-116990.cif,-2.8186325487140005,Li2AlAgF6,10,
mb-mp-e-form-013269,matbench_mp_e_form,test,<RUNS_ROOT>/official_benchmark_214/matbench_e_form_5fold/fold0/dataset/cifs/mb-mp-e-form-013269.cif,-0.0152618849999996,Ga3Au,8,
mb-mp-e-form-017267,matbench_mp_e_form,test,<RUNS_ROOT>/official_benchmark_214/matbench_e_form_5fold/fold0/dataset/cifs/mb-mp-e-form-017267.cif,-0.1172728391274997,KCN2,8,
mb-mp-e-form-012709,matbench_mp_e_form,test,<RUNS_ROOT>/official_benchmark_214/matbench_e_form_5fold/fold0/dataset/cifs/mb-mp-e-form-012709.cif,0.0049237406666691,Ta,30,
mb-mp-e-form-122297,matbench_mp_e_form,test,<RUNS_ROOT>/official_benchmark_214/matbench_e_form_5fold/fold0/dataset/cifs/mb-mp-e-form-122297.cif,-2.99145945475,LuFeO3,20,
mb-mp-e-form-055402,matbench_mp_e_form,test,<RUNS_ROOT>/official_benchmark_214/matbench_e_form_5fold/fold0/dataset/cifs/mb-mp-e-form-055402.cif,-0.9394377669999998,K3Sm4(CuTe2)5,44,
mb-mp-e-form-127603,matbench_mp_e_form,test,<RUNS_ROOT>/official_benchmark_214/matbench_e_form_5fold/fold0/dataset/cifs/mb-mp-e-form-127603.cif,-3.2569110319166668,SrLa4TiCr4O15,100,
mb-mp-e-form-062150,matbench_mp_e_form,test,<RUNS_ROOT>/official_benchmark_214/matbench_e_form_5fold/fold0/dataset/cifs/mb-mp-e-form-062150.cif,-1.2326321036,SrU2(AsO10)2,50,
mb-mp-e-form-017800,matbench_mp_e_form,test,<RUNS_ROOT>/official_benchmark_214/matbench_e_form_5fold/fold0/dataset/cifs/mb-mp-e-form-017800.cif,-0.1134633774999998,Mg3Hg,8,
mb-mp-e-form-119674,matbench_mp_e_form,test,<RUNS_ROOT>/official_benchmark_214/matbench_e_form_5fold/fold0/dataset/cifs/mb-mp-e-form-119674.cif,-2.894315976293334,Li4Ti5Mn3O16,28,
mb-mp-e-form-122613,matbench_mp_e_form,test,<RUNS_ROOT>/official_benchmark_214/matbench_e_form_5fold/fold0/dataset/cifs/mb-mp-e-form-122613.cif,-3.007791073050194,Na2LiTi3Al(PO4)6,37,
mb-mp-e-form-107232,matbench_mp_e_form,test,<RUNS_ROOT>/official_benchmark_214/matbench_e_form_5fold/fold0/dataset/cifs/mb-mp-e-form-107232.cif,-2.5630143230252105,V2(PO4)3,34,
mb-mp-e-form-116803,matbench_mp_e_form,test,<RUNS_ROOT>/official_benchmark_214/matbench_e_form_5fold/fold0/dataset/cifs/mb-mp-e-form-116803.cif,-2.844262063203125,NaMg14WO16,32,
mb-mp-e-form-009943,matbench_mp_e_form,test,<RUNS_ROOT>/official_benchmark_214/matbench_e_form_5fold/fold0/dataset/cifs/mb-mp-e-form-009943.cif,0.0404547525800017,CrN2,12,
mb-mp-e-form-065179,matbench_mp_e_form,test,<RUNS_ROOT>/official_benchmark_214/matbench_e_form_5fold/fold0/dataset/cifs/mb-mp-e-form-065179.cif,-1.3412455048473335,CaHgH16(BrO2)4,120,
mb-mp-e-form-078463,matbench_mp_e_form,test,<RUNS_ROOT>/official_benchmark_214/matbench_e_form_5fold/fold0/dataset/cifs/mb-mp-e-form-078463.cif,-1.827479920721758,Co2PH2CO7,52,
mb-mp-e-form-034854,matbench_mp_e_form,test,<RUNS_ROOT>/official_benchmark_214/matbench_e_form_5fold/fold0/dataset/cifs/mb-mp-e-form-034854.cif,-0.4565258700000001,VSiPt,3,
mb-mp-e-form-019909,matbench_mp_e_form,test,<RUNS_ROOT>/official_benchmark_214/matbench_e_form_5fold/fold0/dataset/cifs/mb-mp-e-form-019909.cif,-0.2055107359615391,NdB12,13,
mb-mp-e-form-110875,matbench_mp_e_form,test,<RUNS_ROOT>/official_benchmark_214/matbench_e_form_5fold/fold0/dataset/cifs/mb-mp-e-form-110875.cif,-2.6443830036904763,Ti3NiSb2(PO4)6,36,
mb-mp-e-form-128753,matbench_mp_e_form,test,<RUNS_ROOT>/official_benchmark_214/matbench_e_form_5fold/fold0/dataset/cifs/mb-mp-e-form-128753.cif,-3.411796730526316,Tm5(ReO6)2,19,
mb-mp-e-form-083374,matbench_mp_e_form,test,<RUNS_ROOT>/official_benchmark_214/matbench_e_form_5fold/fold0/dataset/cifs/mb-mp-e-form-083374.cif,-1.9526814867934783,Dy2CuTe5Br2O13,92,
mb-mp-e-form-096790,matbench_mp_e_form,test,<RUNS_ROOT>/official_benchmark_214/matbench_e_form_5fold/fold0/dataset/cifs/mb-mp-e-form-096790.cif,-2.339177660156251,MgSn2O5,16,
mb-mp-e-form-026320,matbench_mp_e_form,test,<RUNS_ROOT>/official_benchmark_214/matbench_e_form_5fold/fold0/dataset/cifs/mb-mp-e-form-026320.cif,-0.3132931115789469,Al12Fe7,19,
mb-mp-e-form-069567,matbench_mp_e_form,test,<RUNS_ROOT>/official_benchmark_214/matbench_e_form_5fold/fold0/dataset/cifs/mb-mp-e-form-069567.cif,-1.5135861960714283,PrP,2,
mb-mp-e-form-051532,matbench_mp_e_form,test,<RUNS_ROOT>/official_benchmark_214/matbench_e_form_5fold/fold0/dataset/cifs/mb-mp-e-form-051532.cif,-0.813589029083334,AgH2ClO5,72,
mb-mp-e-form-094733,matbench_mp_e_form,test,<RUNS_ROOT>/official_benchmark_214/matbench_e_form_5fold/fold0/dataset/cifs/mb-mp-e-form-094733.cif,-2.2707765809520004,CrF4,10,
mb-mp-e-form-058450,matbench_mp_e_form,test,<RUNS_ROOT>/official_benchmark_214/matbench_e_form_5fold/fold0/dataset/cifs/mb-mp-e-form-058450.cif,-1.0658284011426666,Tb3InN,5,
mb-mp-e-form-108427,matbench_mp_e_form,test,<RUNS_ROOT>/official_benchmark_214/matbench_e_form_5fold/fold0/dataset/cifs/mb-mp-e-form-108427.cif,-2.573403154251428,Li2CuF4,14,
mb-mp-e-form-128403,matbench_mp_e_form,test,<RUNS_ROOT>/official_benchmark_214/matbench_e_form_5fold/fold0/dataset/cifs/mb-mp-e-form-128403.cif,-3.3047514755014284,Na3LiBe2F8,56,
mb-mp-e-form-001620,matbench_mp_e_form,test,<RUNS_ROOT>/official_benchmark_214/matbench_e_form_5fold/fold0/dataset/cifs/mb-mp-e-form-001620.cif,1.0522546495454548,Li8Hf3,22,
mb-mp-e-form-079631,matbench_mp_e_form,test,<RUNS_ROOT>/official_benchmark_214/matbench_e_form_5fold/fold0/dataset/cifs/mb-mp-e-form-079631.cif,-1.838881160357144,Fe5SnO8,14,
mb-mp-e-form-127135,matbench_mp_e_form,test,<RUNS_ROOT>/official_benchmark_214/matbench_e_form_5fold/fold0/dataset/cifs/mb-mp-e-form-127135.cif,-3.29519623323052,Ca2Nb2O7,44,
mb-mp-e-form-104693,matbench_mp_e_form,test,<RUNS_ROOT>/official_benchmark_214/matbench_e_form_5fold/fold0/dataset/cifs/mb-mp-e-form-104693.cif,-2.499901047435064,LiFeP2O7,88,
mb-mp-e-form-020824,matbench_mp_e_form,test,<RUNS_ROOT>/official_benchmark_214/matbench_e_form_5fold/fold0/dataset/cifs/mb-mp-e-form-020824.cif,-0.1950489318749984,Mn2AlRe,4,
mb-mp-e-form-076802,matbench_mp_e_form,test,<RUNS_ROOT>/official_benchmark_214/matbench_e_form_5fold/fold0/dataset/cifs/mb-mp-e-form-076802.cif,-1.7771123435714296,Y(WO2)2,14,
mb-mp-e-form-023191,matbench_mp_e_form,test,<RUNS_ROOT>/official_benchmark_214/matbench_e_form_5fold/fold0/dataset/cifs/mb-mp-e-form-023191.cif,-0.2641491691417278,FeSi6(H27C10)2,162,
mb-mp-e-form-014702,matbench_mp_e_form,test,<RUNS_ROOT>/official_benchmark_214/matbench_e_form_5fold/fold0/dataset/cifs/mb-mp-e-form-014702.cif,-0.0467949926923076,Zn8Ag5,26,
mb-mp-e-form-053590,matbench_mp_e_form,test,<RUNS_ROOT>/official_benchmark_214/matbench_e_form_5fold/fold0/dataset/cifs/mb-mp-e-form-053590.cif,-0.8845394354999996,Nd(SiRu)2,5,
mb-mp-e-form-118427,matbench_mp_e_form,test,<RUNS_ROOT>/official_benchmark_214/matbench_e_form_5fold/fold0/dataset/cifs/mb-mp-e-form-118427.cif,-2.872001319781746,LiNd(PO3)4,36,
mb-mp-e-form-015213,matbench_mp_e_form,test,<RUNS_ROOT>/official_benchmark_214/matbench_e_form_5fold/fold0/dataset/cifs/mb-mp-e-form-015213.cif,-0.0688205687500005,Pm2CoCu,4,
mb-mp-e-form-060629,matbench_mp_e_form,test,<RUNS_ROOT>/official_benchmark_214/matbench_e_form_5fold/fold0/dataset/cifs/mb-mp-e-form-060629.cif,-1.120603701130556,Mg8B5IN10,48,
mb-mp-e-form-039449,matbench_mp_e_form,test,<RUNS_ROOT>/official_benchmark_214/matbench_e_form_5fold/fold0/dataset/cifs/mb-mp-e-form-039449.cif,-0.555602800666666,Gd2Fe5Si8,15,
mb-mp-e-form-099028,matbench_mp_e_form,test,<RUNS_ROOT>/official_benchmark_214/matbench_e_form_5fold/fold0/dataset/cifs/mb-mp-e-form-099028.cif,-2.39889434175,Sr2CoSbO6,20,
mb-mp-e-form-051485,matbench_mp_e_form,test,<RUNS_ROOT>/official_benchmark_214/matbench_e_form_5fold/fold0/dataset/cifs/mb-mp-e-form-051485.cif,-0.8197636506666669,Sr2InPt2,10,
mb-mp-e-form-039163,matbench_mp_e_form,test,<RUNS_ROOT>/official_benchmark_214/matbench_e_form_5fold/fold0/dataset/cifs/mb-mp-e-form-039163.cif,-0.5499612274074066,Pr(BIr)4,18,
mb-mp-e-form-003688,matbench_mp_e_form,test,<RUNS_ROOT>/official_benchmark_214/matbench_e_form_5fold/fold0/dataset/cifs/mb-mp-e-form-003688.cif,0.5061059263099992,CN,16,
mb-mp-e-form-011322,matbench_mp_e_form,test,<RUNS_ROOT>/official_benchmark_214/matbench_e_form_5fold/fold0/dataset/cifs/mb-mp-e-form-011322.cif,0.0324554175000004,DyTh3,4,
mb-mp-e-form-108226,matbench_mp_e_form,test,<RUNS_ROOT>/official_benchmark_214/matbench_e_form_5fold/fold0/dataset/cifs/mb-mp-e-form-108226.cif,-2.5856129343750007,YAuO2,8,
mb-mp-e-form-048859,matbench_mp_e_form,test,<RUNS_ROOT>/official_benchmark_214/matbench_e_form_5fold/fold0/dataset/cifs/mb-mp-e-form-048859.cif,-0.7305747866666662,LaCoTe,3,
mb-mp-e-form-017441,matbench_mp_e_form,test,<RUNS_ROOT>/official_benchmark_214/matbench_e_form_5fold/fold0/dataset/cifs/mb-mp-e-form-017441.cif,-0.1171149865555555,K4Sn21Hg2,54,
mb-mp-e-form-129097,matbench_mp_e_form,test,<RUNS_ROOT>/official_benchmark_214/matbench_e_form_5fold/fold0/dataset/cifs/mb-mp-e-form-129097.cif,-3.4195804816730004,NaNd3Ti3MnO12,20,
mb-mp-e-form-043677,matbench_mp_e_form,test,<RUNS_ROOT>/official_benchmark_214/matbench_e_form_5fold/fold0/dataset/cifs/mb-mp-e-form-043677.cif,-0.6320558401960781,Tb4Ga12Pt,17,
mb-mp-e-form-090719,matbench_mp_e_form,test,<RUNS_ROOT>/official_benchmark_214/matbench_e_form_5fold/fold0/dataset/cifs/mb-mp-e-form-090719.cif,-2.1600269881250003,BaCdO2,16,
mb-mp-e-form-002185,matbench_mp_e_form,test,<RUNS_ROOT>/official_benchmark_214/matbench_e_form_5fold/fold0/dataset/cifs/mb-mp-e-form-002185.cif,0.9213466887500004,NaYAu2,4,
mb-mp-e-form-045845,matbench_mp_e_form,test,<RUNS_ROOT>/official_benchmark_214/matbench_e_form_5fold/fold0/dataset/cifs/mb-mp-e-form-045845.cif,-0.6661266116666669,TiGaIr2,4,
mb-mp-e-form-029994,matbench_mp_e_form,test,<RUNS_ROOT>/official_benchmark_214/matbench_e_form_5fold/fold0/dataset/cifs/mb-mp-e-form-029994.cif,-0.3824815776190474,Nb4NiP,12,
mb-mp-e-form-002333,matbench_mp_e_form,test,<RUNS_ROOT>/official_benchmark_214/matbench_e_form_5fold/fold0/dataset/cifs/mb-mp-e-form-002333.cif,0.8325002478028324,CdC7S3N4,60,
mb-mp-e-form-122062,matbench_mp_e_form,test,<RUNS_ROOT>/official_benchmark_214/matbench_e_form_5fold/fold0/dataset/cifs/mb-mp-e-form-122062.cif,-3.001435807788462,La3As2BrO7,52,
mb-mp-e-form-004086,matbench_mp_e_form,test,<RUNS_ROOT>/official_benchmark_214/matbench_e_form_5fold/fold0/dataset/cifs/mb-mp-e-form-004086.cif,0.3700778766666666,Mg6AlB,8,
mb-mp-e-form-080475,matbench_mp_e_form,test,<RUNS_ROOT>/official_benchmark_214/matbench_e_form_5fold/fold0/dataset/cifs/mb-mp-e-form-080475.cif,-1.8712723923944807,LiCu5P3O13,44,
mb-mp-e-form-087531,matbench_mp_e_form,test,<RUNS_ROOT>/official_benchmark_214/matbench_e_form_5fold/fold0/dataset/cifs/mb-mp-e-form-087531.cif,-2.074231549714,LiAgF3,10,
mb-mp-e-form-029441,matbench_mp_e_form,test,<RUNS_ROOT>/official_benchmark_214/matbench_e_form_5fold/fold0/dataset/cifs/mb-mp-e-form-029441.cif,-0.3623240566666658,CeAl(CuNi)2,6,
mb-mp-e-form-096612,matbench_mp_e_form,test,<RUNS_ROOT>/official_benchmark_214/matbench_e_form_5fold/fold0/dataset/cifs/mb-mp-e-form-096612.cif,-2.3140119742857146,Li4V3Cr3(FeO8)2,28,
mb-mp-e-form-057479,matbench_mp_e_form,test,<RUNS_ROOT>/official_benchmark_214/matbench_e_form_5fold/fold0/dataset/cifs/mb-mp-e-form-057479.cif,-1.0369858320003005,CuP2H8CN2O5,38,
mb-mp-e-form-050498,matbench_mp_e_form,test,<RUNS_ROOT>/official_benchmark_214/matbench_e_form_5fold/fold0/dataset/cifs/mb-mp-e-form-050498.cif,-0.7988907380000001,Dy(GePt)2,5,
mb-mp-e-form-063149,matbench_mp_e_form,test,<RUNS_ROOT>/official_benchmark_214/matbench_e_form_5fold/fold0/dataset/cifs/mb-mp-e-form-063149.cif,-1.2514476698875,Er2S3O20,50,
mb-mp-e-form-023426,matbench_mp_e_form,test,<RUNS_ROOT>/official_benchmark_214/matbench_e_form_5fold/fold0/dataset/cifs/mb-mp-e-form-023426.cif,-0.2577427150000005,EuCuSi3,5,
mb-mp-e-form-097659,matbench_mp_e_form,test,<RUNS_ROOT>/official_benchmark_214/matbench_e_form_5fold/fold0/dataset/cifs/mb-mp-e-form-097659.cif,-2.351774728746123,LiCr3P3(HO6)2,42,
mb-mp-e-form-081705,matbench_mp_e_form,test,<RUNS_ROOT>/official_benchmark_214/matbench_e_form_5fold/fold0/dataset/cifs/mb-mp-e-form-081705.cif,-1.8877561988157907,Li2Cr3(FeO6)2,76,
mb-mp-e-form-068608,matbench_mp_e_form,test,<RUNS_ROOT>/official_benchmark_214/matbench_e_form_5fold/fold0/dataset/cifs/mb-mp-e-form-068608.cif,-1.4621675549847233,FeBN3O3F4,48,
mb-mp-e-form-029580,matbench_mp_e_form,test,<RUNS_ROOT>/official_benchmark_214/matbench_e_form_5fold/fold0/dataset/cifs/mb-mp-e-form-029580.cif,-0.3588092822727265,U2Cu4As5,11,
mb-mp-e-form-124876,matbench_mp_e_form,test,<RUNS_ROOT>/official_benchmark_214/matbench_e_form_5fold/fold0/dataset/cifs/mb-mp-e-form-124876.cif,-3.150184937625002,CaEu4O5,10,
mb-mp-e-form-021318,matbench_mp_e_form,test,<RUNS_ROOT>/official_benchmark_214/matbench_e_form_5fold/fold0/dataset/cifs/mb-mp-e-form-021318.cif,-0.2258026507692299,Al21Pt5,104,
mb-mp-e-form-083250,matbench_mp_e_form,test,<RUNS_ROOT>/official_benchmark_214/matbench_e_form_5fold/fold0/dataset/cifs/mb-mp-e-form-083250.cif,-1.963738377857143,Li2TeO4,28,
mb-mp-e-form-089933,matbench_mp_e_form,test,<RUNS_ROOT>/official_benchmark_214/matbench_e_form_5fold/fold0/dataset/cifs/mb-mp-e-form-089933.cif,-2.166136095024965,Rb2TmAgCl6,10,
mb-mp-e-form-111375,matbench_mp_e_form,test,<RUNS_ROOT>/official_benchmark_214/matbench_e_form_5fold/fold0/dataset/cifs/mb-mp-e-form-111375.cif,-2.661916294996408,CsGeB3O7,48,
mb-mp-e-form-089452,matbench_mp_e_form,test,<RUNS_ROOT>/official_benchmark_214/matbench_e_form_5fold/fold0/dataset/cifs/mb-mp-e-form-089452.cif,-2.1316518732305187,Ni2P2O7,44,
mb-mp-e-form-035984,matbench_mp_e_form,test,<RUNS_ROOT>/official_benchmark_214/matbench_e_form_5fold/fold0/dataset/cifs/mb-mp-e-form-035984.cif,-0.4819220176666647,Ce(BOs)2,10,
mb-mp-e-form-123758,matbench_mp_e_form,test,<RUNS_ROOT>/official_benchmark_214/matbench_e_form_5fold/fold0/dataset/cifs/mb-mp-e-form-123758.cif,-3.0921405110714297,BaEu2O4,28,
mb-mp-e-form-120655,matbench_mp_e_form,test,<RUNS_ROOT>/official_benchmark_214/matbench_e_form_5fold/fold0/dataset/cifs/mb-mp-e-form-120655.cif,-2.92225494996,LiFeF4,12,
mb-mp-e-form-058107,matbench_mp_e_form,test,<RUNS_ROOT>/official_benchmark_214/matbench_e_form_5fold/fold0/dataset/cifs/mb-mp-e-form-058107.cif,-1.074736666476,Zr2Cu3(O8F7)2,70,
mb-mp-e-form-107349,matbench_mp_e_form,test,<RUNS_ROOT>/official_benchmark_214/matbench_e_form_5fold/fold0/dataset/cifs/mb-mp-e-form-107349.cif,-2.556725930357143,LiMo2(PO4)3,36,
mb-mp-e-form-030917,matbench_mp_e_form,test,<RUNS_ROOT>/official_benchmark_214/matbench_e_form_5fold/fold0/dataset/cifs/mb-mp-e-form-030917.cif,-0.4049008899999998,LaCuPb,6,
mb-mp-e-form-064518,matbench_mp_e_form,test,<RUNS_ROOT>/official_benchmark_214/matbench_e_form_5fold/fold0/dataset/cifs/mb-mp-e-form-064518.cif,-1.3312689912413795,Cs(CO)2,10,
mb-mp-e-form-039827,matbench_mp_e_form,test,<RUNS_ROOT>/official_benchmark_214/matbench_e_form_5fold/fold0/dataset/cifs/mb-mp-e-form-039827.cif,-0.5494067999999999,Y2CuRh,4,
mb-mp-e-form-053894,matbench_mp_e_form,test,<RUNS_ROOT>/official_benchmark_214/matbench_e_form_5fold/fold0/dataset/cifs/mb-mp-e-form-053894.cif,-0.9047215950000008,TmAu,4,
mb-mp-e-form-066471,matbench_mp_e_form,test,<RUNS_ROOT>/official_benchmark_214/matbench_e_form_5fold/fold0/dataset/cifs/mb-mp-e-form-066471.cif,-1.3953840724399995,LiUN2,8,
mb-mp-e-form-126428,matbench_mp_e_form,test,<RUNS_ROOT>/official_benchmark_214/matbench_e_form_5fold/fold0/dataset/cifs/mb-mp-e-form-126428.cif,-3.235302104042609,LiCa9Mn(PO4)7,92,
mb-mp-e-form-016039,matbench_mp_e_form,test,<RUNS_ROOT>/official_benchmark_214/matbench_e_form_5fold/fold0/dataset/cifs/mb-mp-e-form-016039.cif,-0.0952450333459277,CrN2,108,
mb-mp-e-form-042326,matbench_mp_e_form,test,<RUNS_ROOT>/official_benchmark_214/matbench_e_form_5fold/fold0/dataset/cifs/mb-mp-e-form-042326.cif,-0.5983727141666666,CeAl4Pd,12,
mb-mp-e-form-079783,matbench_mp_e_form,test,<RUNS_ROOT>/official_benchmark_214/matbench_e_form_5fold/fold0/dataset/cifs/mb-mp-e-form-079783.cif,-1.853851965917256,Al2H16S3O20,164,
mb-mp-e-form-115294,matbench_mp_e_form,test,<RUNS_ROOT>/official_benchmark_214/matbench_e_form_5fold/fold0/dataset/cifs/mb-mp-e-form-115294.cif,-2.7573141014062497,Ba2ReO5,32,
mb-mp-e-form-025660,matbench_mp_e_form,test,<RUNS_ROOT>/official_benchmark_214/matbench_e_form_5fold/fold0/dataset/cifs/mb-mp-e-form-025660.cif,-0.2959887879166665,SmZn5,6,
mb-mp-e-form-023860,matbench_mp_e_form,test,<RUNS_ROOT>/official_benchmark_214/matbench_e_form_5fold/fold0/dataset/cifs/mb-mp-e-form-023860.cif,-0.2583590162499991,V2MoRu,4,
mb-mp-e-form-025118,matbench_mp_e_form,test,<RUNS_ROOT>/official_benchmark_214/matbench_e_form_5fold/fold0/dataset/cifs/mb-mp-e-form-025118.cif,-0.3010260375000002,NaLi2Sn,4,
mb-mp-e-form-003557,matbench_mp_e_form,test,<RUNS_ROOT>/official_benchmark_214/matbench_e_form_5fold/fold0/dataset/cifs/mb-mp-e-form-003557.cif,0.5377450403333327,Tb4Mn,10,
mb-mp-e-form-018824,matbench_mp_e_form,test,<RUNS_ROOT>/official_benchmark_214/matbench_e_form_5fold/fold0/dataset/cifs/mb-mp-e-form-018824.cif,-0.1499343046874995,Ni2S,3,
mb-mp-e-form-080166,matbench_mp_e_form,test,<RUNS_ROOT>/official_benchmark_214/matbench_e_form_5fold/fold0/dataset/cifs/mb-mp-e-form-080166.cif,-1.8582940819349991,Li9Mn2Co5O16,32,
mb-mp-e-form-115560,matbench_mp_e_form,test,<RUNS_ROOT>/official_benchmark_214/matbench_e_form_5fold/fold0/dataset/cifs/mb-mp-e-form-115560.cif,-2.7822023987500017,Li2V2Si2O9,60,
mb-mp-e-form-049309,matbench_mp_e_form,test,<RUNS_ROOT>/official_benchmark_214/matbench_e_form_5fold/fold0/dataset/cifs/mb-mp-e-form-049309.cif,-0.7639650412931549,Nb3Se5Br7,30,
mb-mp-e-form-112177,matbench_mp_e_form,test,<RUNS_ROOT>/official_benchmark_214/matbench_e_form_5fold/fold0/dataset/cifs/mb-mp-e-form-112177.cif,-2.6664809431372203,Ca8P6H12O29,110,
mb-mp-e-form-098030,matbench_mp_e_form,test,<RUNS_ROOT>/official_benchmark_214/matbench_e_form_5fold/fold0/dataset/cifs/mb-mp-e-form-098030.cif,-2.3769547901562493,NaAlSiO5,8,
mb-mp-e-form-070039,matbench_mp_e_form,test,<RUNS_ROOT>/official_benchmark_214/matbench_e_form_5fold/fold0/dataset/cifs/mb-mp-e-form-070039.cif,-1.556305339268572,Ho3Te3N,28,
mb-mp-e-form-128767,matbench_mp_e_form,test,<RUNS_ROOT>/official_benchmark_214/matbench_e_form_5fold/fold0/dataset/cifs/mb-mp-e-form-128767.cif,-3.391631292857141,CePO4,12,
mb-mp-e-form-051653,matbench_mp_e_form,test,<RUNS_ROOT>/official_benchmark_214/matbench_e_form_5fold/fold0/dataset/cifs/mb-mp-e-form-051653.cif,-0.8302878635763891,Ta2S,36,
mb-mp-e-form-043043,matbench_mp_e_form,test,<RUNS_ROOT>/official_benchmark_214/matbench_e_form_5fold/fold0/dataset/cifs/mb-mp-e-form-043043.cif,-0.6316964580519482,Mg(Co3P2)2,11,
mb-mp-e-form-077236,matbench_mp_e_form,test,<RUNS_ROOT>/official_benchmark_214/matbench_e_form_5fold/fold0/dataset/cifs/mb-mp-e-form-077236.cif,-1.811609170681819,SmBi3(Ru2O7)2,22,
mb-mp-e-form-033321,matbench_mp_e_form,test,<RUNS_ROOT>/official_benchmark_214/matbench_e_form_5fold/fold0/dataset/cifs/mb-mp-e-form-033321.cif,-0.439648318333333,YSbPd,3,
mb-mp-e-form-093541,matbench_mp_e_form,test,<RUNS_ROOT>/official_benchmark_214/matbench_e_form_5fold/fold0/dataset/cifs/mb-mp-e-form-093541.cif,-2.229025465336537,LiCr10O15,52,
mb-mp-e-form-032285,matbench_mp_e_form,test,<RUNS_ROOT>/official_benchmark_214/matbench_e_form_5fold/fold0/dataset/cifs/mb-mp-e-form-032285.cif,-0.4113093347499997,Y12Al7Si,40,
mb-mp-e-form-101568,matbench_mp_e_form,test,<RUNS_ROOT>/official_benchmark_214/matbench_e_form_5fold/fold0/dataset/cifs/mb-mp-e-form-101568.cif,-2.4319763300918,Li2MnVP2(HO5)2,54,
mb-mp-e-form-015387,matbench_mp_e_form,test,<RUNS_ROOT>/official_benchmark_214/matbench_e_form_5fold/fold0/dataset/cifs/mb-mp-e-form-015387.cif,-0.0747538924999995,V3Ga,4,
mb-mp-e-form-009351,matbench_mp_e_form,test,<RUNS_ROOT>/official_benchmark_214/matbench_e_form_5fold/fold0/dataset/cifs/mb-mp-e-form-009351.cif,0.0841109656250003,CaCeMg14,16,
mb-mp-e-form-000292,matbench_mp_e_form,test,<RUNS_ROOT>/official_benchmark_214/matbench_e_form_5fold/fold0/dataset/cifs/mb-mp-e-form-000292.cif,2.0472253100000004,MnZn2Co,4,
mb-mp-e-form-059529,matbench_mp_e_form,test,<RUNS_ROOT>/official_benchmark_214/matbench_e_form_5fold/fold0/dataset/cifs/mb-mp-e-form-059529.cif,-1.1019058537499995,LiGaBr4,24,
mb-mp-e-form-033725,matbench_mp_e_form,test,<RUNS_ROOT>/official_benchmark_214/matbench_e_form_5fold/fold0/dataset/cifs/mb-mp-e-form-033725.cif,-0.4297398413444442,K3H5Pt,18,
mb-mp-e-form-076858,matbench_mp_e_form,test,<RUNS_ROOT>/official_benchmark_214/matbench_e_form_5fold/fold0/dataset/cifs/mb-mp-e-form-076858.cif,-1.7995480385576916,Ba2AlW3O7,13,
mb-mp-e-form-101622,matbench_mp_e_form,test,<RUNS_ROOT>/official_benchmark_214/matbench_e_form_5fold/fold0/dataset/cifs/mb-mp-e-form-101622.cif,-2.426912458032456,LiV2P4(HO8)2,50,
mb-mp-e-form-015592,matbench_mp_e_form,test,<RUNS_ROOT>/official_benchmark_214/matbench_e_form_5fold/fold0/dataset/cifs/mb-mp-e-form-015592.cif,-0.071977013333333,Te2Au,3,
mb-mp-e-form-091005,matbench_mp_e_form,test,<RUNS_ROOT>/official_benchmark_214/matbench_e_form_5fold/fold0/dataset/cifs/mb-mp-e-form-091005.cif,-2.176383604766607,NaPrP2H4CO7,64,
mb-mp-e-form-025674,matbench_mp_e_form,test,<RUNS_ROOT>/official_benchmark_214/matbench_e_form_5fold/fold0/dataset/cifs/mb-mp-e-form-025674.cif,-0.2876642233333329,Te2Ir,24,
mb-mp-e-form-115404,matbench_mp_e_form,test,<RUNS_ROOT>/official_benchmark_214/matbench_e_form_5fold/fold0/dataset/cifs/mb-mp-e-form-115404.cif,-2.77201678625,U2Bi2O7,22,
mb-mp-e-form-012020,matbench_mp_e_form,test,<RUNS_ROOT>/official_benchmark_214/matbench_e_form_5fold/fold0/dataset/cifs/mb-mp-e-form-012020.cif,0.0035619253125001,Mg14ZrCd,16,
mb-mp-e-form-035356,matbench_mp_e_form,test,<RUNS_ROOT>/official_benchmark_214/matbench_e_form_5fold/fold0/dataset/cifs/mb-mp-e-form-035356.cif,-0.4716201418018023,Ti8Ni3(B4Ru9)2,74,
mb-mp-e-form-073751,matbench_mp_e_form,test,<RUNS_ROOT>/official_benchmark_214/matbench_e_form_5fold/fold0/dataset/cifs/mb-mp-e-form-073751.cif,-1.6560541446354995,LiFeH12(SO7)2,60,
mb-mp-e-form-065533,matbench_mp_e_form,test,<RUNS_ROOT>/official_benchmark_214/matbench_e_form_5fold/fold0/dataset/cifs/mb-mp-e-form-065533.cif,-1.3702767707046162,SrAlSi4N7,104,
mb-mp-e-form-128604,matbench_mp_e_form,test,<RUNS_ROOT>/official_benchmark_214/matbench_e_form_5fold/fold0/dataset/cifs/mb-mp-e-form-128604.cif,-3.3174873145312507,Tm2GeO5,16,
mb-mp-e-form-030512,matbench_mp_e_form,test,<RUNS_ROOT>/official_benchmark_214/matbench_e_form_5fold/fold0/dataset/cifs/mb-mp-e-form-030512.cif,-0.3840713875362308,Pr3Co29(Si2B5)2,92,
mb-mp-e-form-123637,matbench_mp_e_form,test,<RUNS_ROOT>/official_benchmark_214/matbench_e_form_5fold/fold0/dataset/cifs/mb-mp-e-form-123637.cif,-3.037771677346666,Li2VF4,42,
mb-mp-e-form-111072,matbench_mp_e_form,test,<RUNS_ROOT>/official_benchmark_214/matbench_e_form_5fold/fold0/dataset/cifs/mb-mp-e-form-111072.cif,-2.6619560375833347,YFe3(BO3)4,20,
mb-mp-e-form-090164,matbench_mp_e_form,test,<RUNS_ROOT>/official_benchmark_214/matbench_e_form_5fold/fold0/dataset/cifs/mb-mp-e-form-090164.cif,-2.167708540937501,YbGdS3,20,
mb-mp-e-form-014185,matbench_mp_e_form,test,<RUNS_ROOT>/official_benchmark_214/matbench_e_form_5fold/fold0/dataset/cifs/mb-mp-e-form-014185.cif,-0.0337812140768747,SbH3CS2N,32,
mb-mp-e-form-075487,matbench_mp_e_form,test,<RUNS_ROOT>/official_benchmark_214/matbench_e_form_5fold/fold0/dataset/cifs/mb-mp-e-form-075487.cif,-1.744098987448607,Rb2TeH6SO10,80,
mb-mp-e-form-015664,matbench_mp_e_form,test,<RUNS_ROOT>/official_benchmark_214/matbench_e_form_5fold/fold0/dataset/cifs/mb-mp-e-form-015664.cif,-0.0765393394957983,Cd7P10,34,
mb-mp-e-form-049895,matbench_mp_e_form,test,<RUNS_ROOT>/official_benchmark_214/matbench_e_form_5fold/fold0/dataset/cifs/mb-mp-e-form-049895.cif,-0.7952825949999998,LuSi,4,
mb-mp-e-form-113168,matbench_mp_e_form,test,<RUNS_ROOT>/official_benchmark_214/matbench_e_form_5fold/fold0/dataset/cifs/mb-mp-e-form-113168.cif,-2.6971479475000004,Li2Al2CrSbO8,28,
mb-mp-e-form-034468,matbench_mp_e_form,test,<RUNS_ROOT>/official_benchmark_214/matbench_e_form_5fold/fold0/dataset/cifs/mb-mp-e-form-034468.cif,-0.4492413092857136,Ce(CdAs)3,14,
mb-mp-e-form-131028,matbench_mp_e_form,test,<RUNS_ROOT>/official_benchmark_214/matbench_e_form_5fold/fold0/dataset/cifs/mb-mp-e-form-131028.cif,-3.625862732750001,SrLa2Ti3O9,15,
mb-mp-e-form-092576,matbench_mp_e_form,test,<RUNS_ROOT>/official_benchmark_214/matbench_e_form_5fold/fold0/dataset/cifs/mb-mp-e-form-092576.cif,-2.2015746459340666,Na5LiNi2P2(CO7)2,26,
mb-mp-e-form-097821,matbench_mp_e_form,test,<RUNS_ROOT>/official_benchmark_214/matbench_e_form_5fold/fold0/dataset/cifs/mb-mp-e-form-097821.cif,-2.3584164040480013,BaSr7Mn2(FeO4)6,40,
mb-mp-e-form-038528,matbench_mp_e_form,test,<RUNS_ROOT>/official_benchmark_214/matbench_e_form_5fold/fold0/dataset/cifs/mb-mp-e-form-038528.cif,-0.5248397341266658,Ba2N,3,
mb-mp-e-form-074261,matbench_mp_e_form,test,<RUNS_ROOT>/official_benchmark_214/matbench_e_form_5fold/fold0/dataset/cifs/mb-mp-e-form-074261.cif,-1.7092656958679464,Rb2V6CdCu9O26,44,
mb-mp-e-form-094200,matbench_mp_e_form,test,<RUNS_ROOT>/official_benchmark_214/matbench_e_form_5fold/fold0/dataset/cifs/mb-mp-e-form-094200.cif,-2.257627272964,CrOF3,20,
mb-mp-e-form-088463,matbench_mp_e_form,test,<RUNS_ROOT>/official_benchmark_214/matbench_e_form_5fold/fold0/dataset/cifs/mb-mp-e-form-088463.cif,-2.116809906195,ZrCl3,8,
mb-mp-e-form-102197,matbench_mp_e_form,test,<RUNS_ROOT>/official_benchmark_214/matbench_e_form_5fold/fold0/dataset/cifs/mb-mp-e-form-102197.cif,-2.4580491604761896,Zn2SiO4,42,
mb-mp-e-form-063531,matbench_mp_e_form,test,<RUNS_ROOT>/official_benchmark_214/matbench_e_form_5fold/fold0/dataset/cifs/mb-mp-e-form-063531.cif,-1.2744490604836367,Ga2Te2Cl7,44,
mb-mp-e-form-130686,matbench_mp_e_form,test,<RUNS_ROOT>/official_benchmark_214/matbench_e_form_5fold/fold0/dataset/cifs/mb-mp-e-form-130686.cif,-3.585565483170001,TmClO,6,
mb-mp-e-form-066526,matbench_mp_e_form,test,<RUNS_ROOT>/official_benchmark_214/matbench_e_form_5fold/fold0/dataset/cifs/mb-mp-e-form-066526.cif,-1.3838305898303127,CSNF5,32,
mb-mp-e-form-027592,matbench_mp_e_form,test,<RUNS_ROOT>/official_benchmark_214/matbench_e_form_5fold/fold0/dataset/cifs/mb-mp-e-form-027592.cif,-0.3241970308333333,TePdI,12,
mb-mp-e-form-061978,matbench_mp_e_form,test,<RUNS_ROOT>/official_benchmark_214/matbench_e_form_5fold/fold0/dataset/cifs/mb-mp-e-form-061978.cif,-1.2027850260999997,K2NaMoBr6,10,
mb-mp-e-form-051858,matbench_mp_e_form,test,<RUNS_ROOT>/official_benchmark_214/matbench_e_form_5fold/fold0/dataset/cifs/mb-mp-e-form-051858.cif,-0.8158783208333323,HfCoAs,12,
mb-mp-e-form-039846,matbench_mp_e_form,test,<RUNS_ROOT>/official_benchmark_214/matbench_e_form_5fold/fold0/dataset/cifs/mb-mp-e-form-039846.cif,-0.5445429337499998,LaBi3,4,
mb-mp-e-form-007560,matbench_mp_e_form,test,<RUNS_ROOT>/official_benchmark_214/matbench_e_form_5fold/fold0/dataset/cifs/mb-mp-e-form-007560.cif,0.1497124262500002,Ca3Dy,8,
mb-mp-e-form-071465,matbench_mp_e_form,test,<RUNS_ROOT>/official_benchmark_214/matbench_e_form_5fold/fold0/dataset/cifs/mb-mp-e-form-071465.cif,-1.6043330558928568,NaCuAsO4,56,
mb-mp-e-form-054275,matbench_mp_e_form,test,<RUNS_ROOT>/official_benchmark_214/matbench_e_form_5fold/fold0/dataset/cifs/mb-mp-e-form-054275.cif,-0.9090418762500008,YGePd2,16,
mb-mp-e-form-126251,matbench_mp_e_form,test,<RUNS_ROOT>/official_benchmark_214/matbench_e_form_5fold/fold0/dataset/cifs/mb-mp-e-form-126251.cif,-3.1966161263888875,Sm2MoO6,36,
mb-mp-e-form-086243,matbench_mp_e_form,test,<RUNS_ROOT>/official_benchmark_214/matbench_e_form_5fold/fold0/dataset/cifs/mb-mp-e-form-086243.cif,-2.0356545581640635,CeU2S5,32,
mb-mp-e-form-009054,matbench_mp_e_form,test,<RUNS_ROOT>/official_benchmark_214/matbench_e_form_5fold/fold0/dataset/cifs/mb-mp-e-form-009054.cif,0.0670211677083338,LaMg14Ti,16,
mb-mp-e-form-076806,matbench_mp_e_form,test,<RUNS_ROOT>/official_benchmark_214/matbench_e_form_5fold/fold0/dataset/cifs/mb-mp-e-form-076806.cif,-1.7625166806250006,MgNiO2,16,
mb-mp-e-form-015934,matbench_mp_e_form,test,<RUNS_ROOT>/official_benchmark_214/matbench_e_form_5fold/fold0/dataset/cifs/mb-mp-e-form-015934.cif,-0.0913804068749999,LaMg6Sn,8,
mb-mp-e-form-099011,matbench_mp_e_form,test,<RUNS_ROOT>/official_benchmark_214/matbench_e_form_5fold/fold0/dataset/cifs/mb-mp-e-form-099011.cif,-2.394013015371297,Nd2Nb2S7O30,82,
mb-mp-e-form-070634,matbench_mp_e_form,test,<RUNS_ROOT>/official_benchmark_214/matbench_e_form_5fold/fold0/dataset/cifs/mb-mp-e-form-070634.cif,-1.5389154685331805,Re2H6PbC(NO5)2,88,
mb-mp-e-form-111611,matbench_mp_e_form,test,<RUNS_ROOT>/official_benchmark_214/matbench_e_form_5fold/fold0/dataset/cifs/mb-mp-e-form-111611.cif,-2.6486597023694274,Li3MnV(PO4)3,40,
mb-mp-e-form-031452,matbench_mp_e_form,test,<RUNS_ROOT>/official_benchmark_214/matbench_e_form_5fold/fold0/dataset/cifs/mb-mp-e-form-031452.cif,-0.4012455141666666,HfAlFe,12,
mb-mp-e-form-112120,matbench_mp_e_form,test,<RUNS_ROOT>/official_benchmark_214/matbench_e_form_5fold/fold0/dataset/cifs/mb-mp-e-form-112120.cif,-2.681539996253461,Sr7Mn4O15,52,
mb-mp-e-form-028943,matbench_mp_e_form,test,<RUNS_ROOT>/official_benchmark_214/matbench_e_form_5fold/fold0/dataset/cifs/mb-mp-e-form-028943.cif,-0.3695866229999993,Eu(CuSn)2,5,
mb-mp-e-form-050497,matbench_mp_e_form,test,<RUNS_ROOT>/official_benchmark_214/matbench_e_form_5fold/fold0/dataset/cifs/mb-mp-e-form-050497.cif,-0.8009347973409527,NbCrN,12,
mb-mp-e-form-123182,matbench_mp_e_form,test,<RUNS_ROOT>/official_benchmark_214/matbench_e_form_5fold/fold0/dataset/cifs/mb-mp-e-form-123182.cif,-3.049463151377552,NaCaPO4,84,
mb-mp-e-form-101166,matbench_mp_e_form,test,<RUNS_ROOT>/official_benchmark_214/matbench_e_form_5fold/fold0/dataset/cifs/mb-mp-e-form-101166.cif,-2.4269979229251697,LiCoPO4,42,
mb-mp-e-form-030052,matbench_mp_e_form,test,<RUNS_ROOT>/official_benchmark_214/matbench_e_form_5fold/fold0/dataset/cifs/mb-mp-e-form-030052.cif,-0.3855162223148143,Er3Co11B4,18,
mb-mp-e-form-020267,matbench_mp_e_form,test,<RUNS_ROOT>/official_benchmark_214/matbench_e_form_5fold/fold0/dataset/cifs/mb-mp-e-form-020267.cif,-0.1905179291015626,Pr12(MnC3)5,32,
mb-mp-e-form-120940,matbench_mp_e_form,test,<RUNS_ROOT>/official_benchmark_214/matbench_e_form_5fold/fold0/dataset/cifs/mb-mp-e-form-120940.cif,-2.9708912454375,KLaMg30O32,64,
mb-mp-e-form-013541,matbench_mp_e_form,test,<RUNS_ROOT>/official_benchmark_214/matbench_e_form_5fold/fold0/dataset/cifs/mb-mp-e-form-013541.cif,-0.0133728700000001,VCrMo,3,
mb-mp-e-form-119270,matbench_mp_e_form,test,<RUNS_ROOT>/official_benchmark_214/matbench_e_form_5fold/fold0/dataset/cifs/mb-mp-e-form-119270.cif,-2.8923674009274327,CsCrCoF6,18,
mb-mp-e-form-083104,matbench_mp_e_form,test,<RUNS_ROOT>/official_benchmark_214/matbench_e_form_5fold/fold0/dataset/cifs/mb-mp-e-form-083104.cif,-1.951290235875001,Ba3Fe26O41,140,
mb-mp-e-form-014469,matbench_mp_e_form,test,<RUNS_ROOT>/official_benchmark_214/matbench_e_form_5fold/fold0/dataset/cifs/mb-mp-e-form-014469.cif,-0.0396894897708335,Tb2Fe17C,20,
mb-mp-e-form-105999,matbench_mp_e_form,test,<RUNS_ROOT>/official_benchmark_214/matbench_e_form_5fold/fold0/dataset/cifs/mb-mp-e-form-105999.cif,-2.533563575595,LiLuF2,16,
mb-mp-e-form-010318,matbench_mp_e_form,test,<RUNS_ROOT>/official_benchmark_214/matbench_e_form_5fold/fold0/dataset/cifs/mb-mp-e-form-010318.cif,0.0558289158333327,AcEu3,8,
mb-mp-e-form-063938,matbench_mp_e_form,test,<RUNS_ROOT>/official_benchmark_214/matbench_e_form_5fold/fold0/dataset/cifs/mb-mp-e-form-063938.cif,-1.3219343970833333,Sr(BS2)2,21,
mb-mp-e-form-081304,matbench_mp_e_form,test,<RUNS_ROOT>/official_benchmark_214/matbench_e_form_5fold/fold0/dataset/cifs/mb-mp-e-form-081304.cif,-1.8863883776785728,La9Ce3Si8(S8I)4,56,
mb-mp-e-form-030922,matbench_mp_e_form,test,<RUNS_ROOT>/official_benchmark_214/matbench_e_form_5fold/fold0/dataset/cifs/mb-mp-e-form-030922.cif,-0.4019619174999995,ErNi4Au,6,
mb-mp-e-form-087244,matbench_mp_e_form,test,<RUNS_ROOT>/official_benchmark_214/matbench_e_form_5fold/fold0/dataset/cifs/mb-mp-e-form-087244.cif,-2.085237482430555,BaFe4Sn2O11,36,
mb-mp-e-form-082506,matbench_mp_e_form,test,<RUNS_ROOT>/official_benchmark_214/matbench_e_form_5fold/fold0/dataset/cifs/mb-mp-e-form-082506.cif,-1.921775175178572,Ce2PbS4,14,
mb-mp-e-form-039900,matbench_mp_e_form,test,<RUNS_ROOT>/official_benchmark_214/matbench_e_form_5fold/fold0/dataset/cifs/mb-mp-e-form-039900.cif,-0.5707526499999993,Er2Co3Ge5,20,
mb-mp-e-form-105410,matbench_mp_e_form,test,<RUNS_ROOT>/official_benchmark_214/matbench_e_form_5fold/fold0/dataset/cifs/mb-mp-e-form-105410.cif,-2.5234863135000003,Li8HfO6,15,
mb-mp-e-form-088009,matbench_mp_e_form,test,<RUNS_ROOT>/official_benchmark_214/matbench_e_form_5fold/fold0/dataset/cifs/mb-mp-e-form-088009.cif,-2.107862890297544,K2MnV14O40,57,
mb-mp-e-form-048433,matbench_mp_e_form,test,<RUNS_ROOT>/official_benchmark_214/matbench_e_form_5fold/fold0/dataset/cifs/mb-mp-e-form-048433.cif,-0.7403842981398812,CdIn2(SeS)2,14,
mb-mp-e-form-019704,matbench_mp_e_form,test,<RUNS_ROOT>/official_benchmark_214/matbench_e_form_5fold/fold0/dataset/cifs/mb-mp-e-form-019704.cif,-0.1761519808124997,Ag3SI,5,
mb-mp-e-form-001798,matbench_mp_e_form,test,<RUNS_ROOT>/official_benchmark_214/matbench_e_form_5fold/fold0/dataset/cifs/mb-mp-e-form-001798.cif,1.1312871842857142,Cu2HgI4,7,
mb-mp-e-form-075375,matbench_mp_e_form,test,<RUNS_ROOT>/official_benchmark_214/matbench_e_form_5fold/fold0/dataset/cifs/mb-mp-e-form-075375.cif,-1.7439281615705482,CoP4H16(NO8)2,39,
mb-mp-e-form-104233,matbench_mp_e_form,test,<RUNS_ROOT>/official_benchmark_214/matbench_e_form_5fold/fold0/dataset/cifs/mb-mp-e-form-104233.cif,-2.498041896964286,Eu(ErS2)2,28,
mb-mp-e-form-027813,matbench_mp_e_form,test,<RUNS_ROOT>/official_benchmark_214/matbench_e_form_5fold/fold0/dataset/cifs/mb-mp-e-form-027813.cif,-0.330627808125,SmMgCd2,4,
mb-mp-e-form-007175,matbench_mp_e_form,test,<RUNS_ROOT>/official_benchmark_214/matbench_e_form_5fold/fold0/dataset/cifs/mb-mp-e-form-007175.cif,0.1601934174999999,Mg14VCr,16,
mb-mp-e-form-010006,matbench_mp_e_form,test,<RUNS_ROOT>/official_benchmark_214/matbench_e_form_5fold/fold0/dataset/cifs/mb-mp-e-form-010006.cif,0.0612230837499998,BaMg6Al,8,
mb-mp-e-form-092565,matbench_mp_e_form,test,<RUNS_ROOT>/official_benchmark_214/matbench_e_form_5fold/fold0/dataset/cifs/mb-mp-e-form-092565.cif,-2.2109962702883337,Li4MnCrO6,24,
mb-mp-e-form-084302,matbench_mp_e_form,test,<RUNS_ROOT>/official_benchmark_214/matbench_e_form_5fold/fold0/dataset/cifs/mb-mp-e-form-084302.cif,-1.987379099967533,LiCoPCO7,22,
mb-mp-e-form-060270,matbench_mp_e_form,test,<RUNS_ROOT>/official_benchmark_214/matbench_e_form_5fold/fold0/dataset/cifs/mb-mp-e-form-060270.cif,-1.1297452382332325,CsY(NbBr3)6,52,
mb-mp-e-form-096660,matbench_mp_e_form,test,<RUNS_ROOT>/official_benchmark_214/matbench_e_form_5fold/fold0/dataset/cifs/mb-mp-e-form-096660.cif,-2.3189308208333337,Li2FeBO4,64,
mb-mp-e-form-003509,matbench_mp_e_form,test,<RUNS_ROOT>/official_benchmark_214/matbench_e_form_5fold/fold0/dataset/cifs/mb-mp-e-form-003509.cif,0.4932068799999998,MnAu3,4,
mb-mp-e-form-101959,matbench_mp_e_form,test,<RUNS_ROOT>/official_benchmark_214/matbench_e_form_5fold/fold0/dataset/cifs/mb-mp-e-form-101959.cif,-2.457576771991421,GdB(SO4)3,68,
mb-mp-e-form-054917,matbench_mp_e_form,test,<RUNS_ROOT>/official_benchmark_214/matbench_e_form_5fold/fold0/dataset/cifs/mb-mp-e-form-054917.cif,-0.961181386510417,Mo3W(SeS)4,12,
mb-mp-e-form-126642,matbench_mp_e_form,test,<RUNS_ROOT>/official_benchmark_214/matbench_e_form_5fold/fold0/dataset/cifs/mb-mp-e-form-126642.cif,-3.1780653006349207,LiZr2(PO4)3,36,
mb-mp-e-form-014344,matbench_mp_e_form,test,<RUNS_ROOT>/official_benchmark_214/matbench_e_form_5fold/fold0/dataset/cifs/mb-mp-e-form-014344.cif,-0.0504246102678571,BaBr2O11,28,
mb-mp-e-form-108780,matbench_mp_e_form,test,<RUNS_ROOT>/official_benchmark_214/matbench_e_form_5fold/fold0/dataset/cifs/mb-mp-e-form-108780.cif,-2.6067511131250005,Mg6FeCuO8,16,
mb-mp-e-form-049511,matbench_mp_e_form,test,<RUNS_ROOT>/official_benchmark_214/matbench_e_form_5fold/fold0/dataset/cifs/mb-mp-e-form-049511.cif,-0.7814501374999985,EuGePd,12,
mb-mp-e-form-129982,matbench_mp_e_form,test,<RUNS_ROOT>/official_benchmark_214/matbench_e_form_5fold/fold0/dataset/cifs/mb-mp-e-form-129982.cif,-3.577773712349999,KPaO3,5,
mb-mp-e-form-034482,matbench_mp_e_form,test,<RUNS_ROOT>/official_benchmark_214/matbench_e_form_5fold/fold0/dataset/cifs/mb-mp-e-form-034482.cif,-0.4609124675,SrSi,8,
mb-mp-e-form-059841,matbench_mp_e_form,test,<RUNS_ROOT>/official_benchmark_214/matbench_e_form_5fold/fold0/dataset/cifs/mb-mp-e-form-059841.cif,-1.1116683191789771,KTm2Cu3Se5,22,
mb-mp-e-form-121458,matbench_mp_e_form,test,<RUNS_ROOT>/official_benchmark_214/matbench_e_form_5fold/fold0/dataset/cifs/mb-mp-e-form-121458.cif,-2.963615578359153,Cs3CrF7,22,
mb-mp-e-form-082424,matbench_mp_e_form,test,<RUNS_ROOT>/official_benchmark_214/matbench_e_form_5fold/fold0/dataset/cifs/mb-mp-e-form-082424.cif,-1.940782668268572,Pr3Si2S8Cl,28,
mb-mp-e-form-074232,matbench_mp_e_form,test,<RUNS_ROOT>/official_benchmark_214/matbench_e_form_5fold/fold0/dataset/cifs/mb-mp-e-form-074232.cif,-1.702536756102857,Fe3P2H3O8,64,
mb-mp-e-form-129478,matbench_mp_e_form,test,<RUNS_ROOT>/official_benchmark_214/matbench_e_form_5fold/fold0/dataset/cifs/mb-mp-e-form-129478.cif,-3.474090983576069,Cs3CeF6,10,
mb-mp-e-form-071826,matbench_mp_e_form,test,<RUNS_ROOT>/official_benchmark_214/matbench_e_form_5fold/fold0/dataset/cifs/mb-mp-e-form-071826.cif,-1.5955380512499993,ZnFeO2,16,
mb-mp-e-form-008056,matbench_mp_e_form,test,<RUNS_ROOT>/official_benchmark_214/matbench_e_form_5fold/fold0/dataset/cifs/mb-mp-e-form-008056.cif,0.1031576945833332,SrMg14Ti,16,
mb-mp-e-form-011583,matbench_mp_e_form,test,<RUNS_ROOT>/official_benchmark_214/matbench_e_form_5fold/fold0/dataset/cifs/mb-mp-e-form-011583.cif,0.0263348457499986,Zr9V9O2,80,
mb-mp-e-form-121450,matbench_mp_e_form,test,<RUNS_ROOT>/official_benchmark_214/matbench_e_form_5fold/fold0/dataset/cifs/mb-mp-e-form-121450.cif,-2.969570232386362,Eu3ReO7,22,
mb-mp-e-form-088163,matbench_mp_e_form,test,<RUNS_ROOT>/official_benchmark_214/matbench_e_form_5fold/fold0/dataset/cifs/mb-mp-e-form-088163.cif,-2.090095028630953,ScSb3Pb4O13,21,
mb-mp-e-form-091292,matbench_mp_e_form,test,<RUNS_ROOT>/official_benchmark_214/matbench_e_form_5fold/fold0/dataset/cifs/mb-mp-e-form-091292.cif,-2.192178733629231,K2MgB12(H2O3)10,65,
mb-mp-e-form-060591,matbench_mp_e_form,test,<RUNS_ROOT>/official_benchmark_214/matbench_e_form_5fold/fold0/dataset/cifs/mb-mp-e-form-060591.cif,-1.1334339592652531,TiTlPS5,16,
mb-mp-e-form-044361,matbench_mp_e_form,test,<RUNS_ROOT>/official_benchmark_214/matbench_e_form_5fold/fold0/dataset/cifs/mb-mp-e-form-044361.cif,-0.6477804835714284,Er2(Ga3Ir)3,28,
mb-mp-e-form-061913,matbench_mp_e_form,test,<RUNS_ROOT>/official_benchmark_214/matbench_e_form_5fold/fold0/dataset/cifs/mb-mp-e-form-061913.cif,-1.227857894345,Ce2BiN,8,
mb-mp-e-form-075864,matbench_mp_e_form,test,<RUNS_ROOT>/official_benchmark_214/matbench_e_form_5fold/fold0/dataset/cifs/mb-mp-e-form-075864.cif,-1.7488192838461534,Ca(BiO2)4,13,
mb-mp-e-form-054755,matbench_mp_e_form,test,<RUNS_ROOT>/official_benchmark_214/matbench_e_form_5fold/fold0/dataset/cifs/mb-mp-e-form-054755.cif,-0.9076072539285716,V(MoS2)2,56,
mb-mp-e-form-004597,matbench_mp_e_form,test,<RUNS_ROOT>/official_benchmark_214/matbench_e_form_5fold/fold0/dataset/cifs/mb-mp-e-form-004597.cif,0.3942683950624996,Na(TmS2)3,10,
mb-mp-e-form-127911,matbench_mp_e_form,test,<RUNS_ROOT>/official_benchmark_214/matbench_e_form_5fold/fold0/dataset/cifs/mb-mp-e-form-127911.cif,-3.336995065348572,BaMgBO3F,168,
mb-mp-e-form-068747,matbench_mp_e_form,test,<RUNS_ROOT>/official_benchmark_214/matbench_e_form_5fold/fold0/dataset/cifs/mb-mp-e-form-068747.cif,-1.469725440111608,Li3NbS4,32,
mb-mp-e-form-007596,matbench_mp_e_form,test,<RUNS_ROOT>/official_benchmark_214/matbench_e_form_5fold/fold0/dataset/cifs/mb-mp-e-form-007596.cif,0.146626334,K3Mg,4,
mb-mp-e-form-007782,matbench_mp_e_form,test,<RUNS_ROOT>/official_benchmark_214/matbench_e_form_5fold/fold0/dataset/cifs/mb-mp-e-form-007782.cif,0.1442671033333334,Ge,12,
mb-mp-e-form-122136,matbench_mp_e_form,test,<RUNS_ROOT>/official_benchmark_214/matbench_e_form_5fold/fold0/dataset/cifs/mb-mp-e-form-122136.cif,-3.0138781372794115,Ba2SmV3O11,68,
mb-mp-e-form-106835,matbench_mp_e_form,test,<RUNS_ROOT>/official_benchmark_214/matbench_e_form_5fold/fold0/dataset/cifs/mb-mp-e-form-106835.cif,-2.56160985632926,Sr2Ti2As2OF2,9,
mb-mp-e-form-093850,matbench_mp_e_form,test,<RUNS_ROOT>/official_benchmark_214/matbench_e_form_5fold/fold0/dataset/cifs/mb-mp-e-form-093850.cif,-2.27807532019,GdClO2,8,
mb-mp-e-form-064697,matbench_mp_e_form,test,<RUNS_ROOT>/official_benchmark_214/matbench_e_form_5fold/fold0/dataset/cifs/mb-mp-e-form-064697.cif,-1.3185845715659998,Cr2Hg2H2O9,30,
mb-mp-e-form-107976,matbench_mp_e_form,test,<RUNS_ROOT>/official_benchmark_214/matbench_e_form_5fold/fold0/dataset/cifs/mb-mp-e-form-107976.cif,-2.582712116788899,Cs2Mo3P5O19,58,
mb-mp-e-form-062101,matbench_mp_e_form,test,<RUNS_ROOT>/official_benchmark_214/matbench_e_form_5fold/fold0/dataset/cifs/mb-mp-e-form-062101.cif,-1.220787095082499,BaH2Br2O7,24,
mb-mp-e-form-103124,matbench_mp_e_form,test,<RUNS_ROOT>/official_benchmark_214/matbench_e_form_5fold/fold0/dataset/cifs/mb-mp-e-form-103124.cif,-2.480326682678572,Ca(YS2)2,28,
mb-mp-e-form-034757,matbench_mp_e_form,test,<RUNS_ROOT>/official_benchmark_214/matbench_e_form_5fold/fold0/dataset/cifs/mb-mp-e-form-034757.cif,-0.4500181804545459,Sb3Pd8,44,
mb-mp-e-form-122391,matbench_mp_e_form,test,<RUNS_ROOT>/official_benchmark_214/matbench_e_form_5fold/fold0/dataset/cifs/mb-mp-e-form-122391.cif,-3.0122529082103173,KNaNdNbO5,18,
mb-mp-e-form-030198,matbench_mp_e_form,test,<RUNS_ROOT>/official_benchmark_214/matbench_e_form_5fold/fold0/dataset/cifs/mb-mp-e-form-030198.cif,-0.3806523686613582,B10H12C3O2,108,
mb-mp-e-form-130997,matbench_mp_e_form,test,<RUNS_ROOT>/official_benchmark_214/matbench_e_form_5fold/fold0/dataset/cifs/mb-mp-e-form-130997.cif,-3.75696750075,YErAl2O6,20,
mb-mp-e-form-054312,matbench_mp_e_form,test,<RUNS_ROOT>/official_benchmark_214/matbench_e_form_5fold/fold0/dataset/cifs/mb-mp-e-form-054312.cif,-0.9082638559283324,KHCN4O5,24,
mb-mp-e-form-010961,matbench_mp_e_form,test,<RUNS_ROOT>/official_benchmark_214/matbench_e_form_5fold/fold0/dataset/cifs/mb-mp-e-form-010961.cif,0.0182982281250003,Mg6SiSb,8,
mb-mp-e-form-083157,matbench_mp_e_form,test,<RUNS_ROOT>/official_benchmark_214/matbench_e_form_5fold/fold0/dataset/cifs/mb-mp-e-form-083157.cif,-1.9497420279375008,LaVS3,20,
mb-mp-e-form-050408,matbench_mp_e_form,test,<RUNS_ROOT>/official_benchmark_214/matbench_e_form_5fold/fold0/dataset/cifs/mb-mp-e-form-050408.cif,-0.8083738694642852,FeCo(RhS2)4,14,
mb-mp-e-form-062692,matbench_mp_e_form,test,<RUNS_ROOT>/official_benchmark_214/matbench_e_form_5fold/fold0/dataset/cifs/mb-mp-e-form-062692.cif,-1.23217886229657,Na10Zn7Sn7H24(S13O6)2,86,
mb-mp-e-form-007117,matbench_mp_e_form,test,<RUNS_ROOT>/official_benchmark_214/matbench_e_form_5fold/fold0/dataset/cifs/mb-mp-e-form-007117.cif,0.1378112745000002,KBaMg14,16,
mb-mp-e-form-017358,matbench_mp_e_form,test,<RUNS_ROOT>/official_benchmark_214/matbench_e_form_5fold/fold0/dataset/cifs/mb-mp-e-form-017358.cif,-0.1189146853508783,Sm2TiCo16,19,
mb-mp-e-form-129562,matbench_mp_e_form,test,<RUNS_ROOT>/official_benchmark_214/matbench_e_form_5fold/fold0/dataset/cifs/mb-mp-e-form-129562.cif,-3.4024080166581467,Sr20P12Br(O16F)3,168,
mb-mp-e-form-125042,matbench_mp_e_form,test,<RUNS_ROOT>/official_benchmark_214/matbench_e_form_5fold/fold0/dataset/cifs/mb-mp-e-form-125042.cif,-3.16226743718006,Sr7Mg8(P4O15)3,144,
mb-mp-e-form-006111,matbench_mp_e_form,test,<RUNS_ROOT>/official_benchmark_214/matbench_e_form_5fold/fold0/dataset/cifs/mb-mp-e-form-006111.cif,0.2023910398660717,Mg14NbMo,16,
mb-mp-e-form-084712,matbench_mp_e_form,test,<RUNS_ROOT>/official_benchmark_214/matbench_e_form_5fold/fold0/dataset/cifs/mb-mp-e-form-084712.cif,-1.974633428392856,Li4Cr3Cu3(WO8)2,28,
mb-mp-e-form-098784,matbench_mp_e_form,test,<RUNS_ROOT>/official_benchmark_214/matbench_e_form_5fold/fold0/dataset/cifs/mb-mp-e-form-098784.cif,-2.3977233171093744,HfMg6CO8,16,
mb-mp-e-form-023255,matbench_mp_e_form,test,<RUNS_ROOT>/official_benchmark_214/matbench_e_form_5fold/fold0/dataset/cifs/mb-mp-e-form-023255.cif,-0.2601329978571429,YbCu5Sn,28,
mb-mp-e-form-042321,matbench_mp_e_form,test,<RUNS_ROOT>/official_benchmark_214/matbench_e_form_5fold/fold0/dataset/cifs/mb-mp-e-form-042321.cif,-0.6076308077777779,DyCo5Si3,54,
mb-mp-e-form-000388,matbench_mp_e_form,test,<RUNS_ROOT>/official_benchmark_214/matbench_e_form_5fold/fold0/dataset/cifs/mb-mp-e-form-000388.cif,1.8693073566666665,Y2InHg,4,
mb-mp-e-form-031061,matbench_mp_e_form,test,<RUNS_ROOT>/official_benchmark_214/matbench_e_form_5fold/fold0/dataset/cifs/mb-mp-e-form-031061.cif,-0.4028866475231475,BaInCu3Se4,9,
mb-mp-e-form-036922,matbench_mp_e_form,test,<RUNS_ROOT>/official_benchmark_214/matbench_e_form_5fold/fold0/dataset/cifs/mb-mp-e-form-036922.cif,-0.5081358162500003,LuTe3,8,
mb-mp-e-form-132452,matbench_mp_e_form,test,<RUNS_ROOT>/official_benchmark_214/matbench_e_form_5fold/fold0/dataset/cifs/mb-mp-e-form-132452.cif,-4.106602180263158,Lu4Hf3O12,38,
mb-mp-e-form-042231,matbench_mp_e_form,test,<RUNS_ROOT>/official_benchmark_214/matbench_e_form_5fold/fold0/dataset/cifs/mb-mp-e-form-042231.cif,-0.6005586436507943,Tb11(In3Si2)2,42,
mb-mp-e-form-107278,matbench_mp_e_form,test,<RUNS_ROOT>/official_benchmark_214/matbench_e_form_5fold/fold0/dataset/cifs/mb-mp-e-form-107278.cif,-2.5607788467500003,CdSiO3,60,
mb-mp-e-form-007734,matbench_mp_e_form,test,<RUNS_ROOT>/official_benchmark_214/matbench_e_form_5fold/fold0/dataset/cifs/mb-mp-e-form-007734.cif,0.1371406857103943,Ni2C15Se4S16N,38,
mb-mp-e-form-076196,matbench_mp_e_form,test,<RUNS_ROOT>/official_benchmark_214/matbench_e_form_5fold/fold0/dataset/cifs/mb-mp-e-form-076196.cif,-1.7679266798495246,Y3BCl3,28,
mb-mp-e-form-099927,matbench_mp_e_form,test,<RUNS_ROOT>/official_benchmark_214/matbench_e_form_5fold/fold0/dataset/cifs/mb-mp-e-form-099927.cif,-2.4209215418903165,Li2VFeP2(HO5)2,18,
mb-mp-e-form-077857,matbench_mp_e_form,test,<RUNS_ROOT>/official_benchmark_214/matbench_e_form_5fold/fold0/dataset/cifs/mb-mp-e-form-077857.cif,-1.8188096233823527,Ba2Tl2Sb3O10,17,
mb-mp-e-form-121953,matbench_mp_e_form,test,<RUNS_ROOT>/official_benchmark_214/matbench_e_form_5fold/fold0/dataset/cifs/mb-mp-e-form-121953.cif,-2.9934767062500014,LiTaO3,20,
mb-mp-e-form-106526,matbench_mp_e_form,test,<RUNS_ROOT>/official_benchmark_214/matbench_e_form_5fold/fold0/dataset/cifs/mb-mp-e-form-106526.cif,-2.5349898210850785,LiMn(PO3)4,36,
mb-mp-e-form-126685,matbench_mp_e_form,test,<RUNS_ROOT>/official_benchmark_214/matbench_e_form_5fold/fold0/dataset/cifs/mb-mp-e-form-126685.cif,-3.235466478443809,Mg2BO3F,28,
mb-mp-e-form-022700,matbench_mp_e_form,test,<RUNS_ROOT>/official_benchmark_214/matbench_e_form_5fold/fold0/dataset/cifs/mb-mp-e-form-022700.cif,-0.2320450919999999,LuAg4,5,
mb-mp-e-form-048900,matbench_mp_e_form,test,<RUNS_ROOT>/official_benchmark_214/matbench_e_form_5fold/fold0/dataset/cifs/mb-mp-e-form-048900.cif,-0.7580693200000006,ErSb,2,
mb-mp-e-form-128926,matbench_mp_e_form,test,<RUNS_ROOT>/official_benchmark_214/matbench_e_form_5fold/fold0/dataset/cifs/mb-mp-e-form-128926.cif,-3.462136667817448,Rb3GdF6,10,
mb-mp-e-form-127219,matbench_mp_e_form,test,<RUNS_ROOT>/official_benchmark_214/matbench_e_form_5fold/fold0/dataset/cifs/mb-mp-e-form-127219.cif,-3.2994206575487026,Sr2Nb2O7,22,
mb-mp-e-form-061675,matbench_mp_e_form,test,<RUNS_ROOT>/official_benchmark_214/matbench_e_form_5fold/fold0/dataset/cifs/mb-mp-e-form-061675.cif,-1.1925547884186505,KTaPS6,144,
mb-mp-e-form-075166,matbench_mp_e_form,test,<RUNS_ROOT>/official_benchmark_214/matbench_e_form_5fold/fold0/dataset/cifs/mb-mp-e-form-075166.cif,-1.7437543597423817,NaP2H5CO6,60,
mb-mp-e-form-077696,matbench_mp_e_form,test,<RUNS_ROOT>/official_benchmark_214/matbench_e_form_5fold/fold0/dataset/cifs/mb-mp-e-form-077696.cif,-1.8076455313333328,Li4Fe3O8,15,
mb-mp-e-form-089112,matbench_mp_e_form,test,<RUNS_ROOT>/official_benchmark_214/matbench_e_form_5fold/fold0/dataset/cifs/mb-mp-e-form-089112.cif,-2.121170994452773,Cs2Mo5O16,46,
mb-mp-e-form-025106,matbench_mp_e_form,test,<RUNS_ROOT>/official_benchmark_214/matbench_e_form_5fold/fold0/dataset/cifs/mb-mp-e-form-025106.cif,-0.3019629943749997,LaPmZn2,4,
mb-mp-e-form-079730,matbench_mp_e_form,test,<RUNS_ROOT>/official_benchmark_214/matbench_e_form_5fold/fold0/dataset/cifs/mb-mp-e-form-079730.cif,-1.844919005371364,Mn(SO4)2,33,
mb-mp-e-form-090574,matbench_mp_e_form,test,<RUNS_ROOT>/official_benchmark_214/matbench_e_form_5fold/fold0/dataset/cifs/mb-mp-e-form-090574.cif,-2.170563676125,Li5Cr2Fe3O10,20,
mb-mp-e-form-107227,matbench_mp_e_form,test,<RUNS_ROOT>/official_benchmark_214/matbench_e_form_5fold/fold0/dataset/cifs/mb-mp-e-form-107227.cif,-2.5701349476359736,LiMnP2O7,22,
mb-mp-e-form-059278,matbench_mp_e_form,test,<RUNS_ROOT>/official_benchmark_214/matbench_e_form_5fold/fold0/dataset/cifs/mb-mp-e-form-059278.cif,-1.113073144190748,Zr6B(Cl3O4)6,49,
mb-mp-e-form-048550,matbench_mp_e_form,test,<RUNS_ROOT>/official_benchmark_214/matbench_e_form_5fold/fold0/dataset/cifs/mb-mp-e-form-048550.cif,-0.7542874500535716,K2GeSe4,28,
mb-mp-e-form-109932,matbench_mp_e_form,test,<RUNS_ROOT>/official_benchmark_214/matbench_e_form_5fold/fold0/dataset/cifs/mb-mp-e-form-109932.cif,-2.632783628742064,Li5V3P8O29,90,
mb-mp-e-form-132669,matbench_mp_e_form,test,<RUNS_ROOT>/official_benchmark_214/matbench_e_form_5fold/fold0/dataset/cifs/mb-mp-e-form-132669.cif,-3.965659466416666,DyErO3,30,
mb-mp-e-form-125825,matbench_mp_e_form,test,<RUNS_ROOT>/official_benchmark_214/matbench_e_form_5fold/fold0/dataset/cifs/mb-mp-e-form-125825.cif,-3.19604973275,TmGaO3,10,
mb-mp-e-form-100113,matbench_mp_e_form,test,<RUNS_ROOT>/official_benchmark_214/matbench_e_form_5fold/fold0/dataset/cifs/mb-mp-e-form-100113.cif,-2.4080466711197914,Ho3Sc2S7,12,
mb-mp-e-form-085839,matbench_mp_e_form,test,<RUNS_ROOT>/official_benchmark_214/matbench_e_form_5fold/fold0/dataset/cifs/mb-mp-e-form-085839.cif,-2.0345166184659083,Cr9O13,22,
mb-mp-e-form-119143,matbench_mp_e_form,test,<RUNS_ROOT>/official_benchmark_214/matbench_e_form_5fold/fold0/dataset/cifs/mb-mp-e-form-119143.cif,-2.894343785704493,K6Al4Si6BH4ClO24,92,
mb-mp-e-form-018261,matbench_mp_e_form,test,<RUNS_ROOT>/official_benchmark_214/matbench_e_form_5fold/fold0/dataset/cifs/mb-mp-e-form-018261.cif,-0.1386493300000001,Yb4Rh,10,
mb-mp-e-form-075672,matbench_mp_e_form,test,<RUNS_ROOT>/official_benchmark_214/matbench_e_form_5fold/fold0/dataset/cifs/mb-mp-e-form-075672.cif,-1.7378728359588882,Cr2O5F2,36,
mb-mp-e-form-099763,matbench_mp_e_form,test,<RUNS_ROOT>/official_benchmark_214/matbench_e_form_5fold/fold0/dataset/cifs/mb-mp-e-form-099763.cif,-2.4064686303571428,Zn2SiO4,56,
mb-mp-e-form-085732,matbench_mp_e_form,test,<RUNS_ROOT>/official_benchmark_214/matbench_e_form_5fold/fold0/dataset/cifs/mb-mp-e-form-085732.cif,-2.021696263318334,Fe4O5F3,24,
mb-mp-e-form-055892,matbench_mp_e_form,test,<RUNS_ROOT>/official_benchmark_214/matbench_e_form_5fold/fold0/dataset/cifs/mb-mp-e-form-055892.cif,-0.9737046896775,Na8NO3,12,
mb-mp-e-form-074827,matbench_mp_e_form,test,<RUNS_ROOT>/official_benchmark_214/matbench_e_form_5fold/fold0/dataset/cifs/mb-mp-e-form-074827.cif,-1.73019095075,Li3Co2(GeO4)3,80,
mb-mp-e-form-132005,matbench_mp_e_form,test,<RUNS_ROOT>/official_benchmark_214/matbench_e_form_5fold/fold0/dataset/cifs/mb-mp-e-form-132005.cif,-4.184639995833333,YPaO4,6,
mb-mp-e-form-122518,matbench_mp_e_form,test,<RUNS_ROOT>/official_benchmark_214/matbench_e_form_5fold/fold0/dataset/cifs/mb-mp-e-form-122518.cif,-3.0224156313093333,LaTiNO2,20,
mb-mp-e-form-019873,matbench_mp_e_form,test,<RUNS_ROOT>/official_benchmark_214/matbench_e_form_5fold/fold0/dataset/cifs/mb-mp-e-form-019873.cif,-0.1696120037499999,LiCd3,4,
mb-mp-e-form-103759,matbench_mp_e_form,test,<RUNS_ROOT>/official_benchmark_214/matbench_e_form_5fold/fold0/dataset/cifs/mb-mp-e-form-103759.cif,-2.496853527416667,Li3Ti2(GeO4)3,80,
mb-mp-e-form-110178,matbench_mp_e_form,test,<RUNS_ROOT>/official_benchmark_214/matbench_e_form_5fold/fold0/dataset/cifs/mb-mp-e-form-110178.cif,-2.6409157747435903,Na2TiZn2SiO7,104,
mb-mp-e-form-047138,matbench_mp_e_form,test,<RUNS_ROOT>/official_benchmark_214/matbench_e_form_5fold/fold0/dataset/cifs/mb-mp-e-form-047138.cif,-0.7073360900000001,YbCeRh2,4,
mb-mp-e-form-015283,matbench_mp_e_form,test,<RUNS_ROOT>/official_benchmark_214/matbench_e_form_5fold/fold0/dataset/cifs/mb-mp-e-form-015283.cif,-0.0790597406862733,Sm2Fe14B,68,
mb-mp-e-form-033455,matbench_mp_e_form,test,<RUNS_ROOT>/official_benchmark_214/matbench_e_form_5fold/fold0/dataset/cifs/mb-mp-e-form-033455.cif,-0.4306245758333335,CaEuSi4,6,
mb-mp-e-form-128648,matbench_mp_e_form,test,<RUNS_ROOT>/official_benchmark_214/matbench_e_form_5fold/fold0/dataset/cifs/mb-mp-e-form-128648.cif,-3.3343952697499994,Ba4Ta2O9,60,
mb-mp-e-form-117166,matbench_mp_e_form,test,<RUNS_ROOT>/official_benchmark_214/matbench_e_form_5fold/fold0/dataset/cifs/mb-mp-e-form-117166.cif,-2.8452751448958344,SrYGa3O7,24,
mb-mp-e-form-032777,matbench_mp_e_form,test,<RUNS_ROOT>/official_benchmark_214/matbench_e_form_5fold/fold0/dataset/cifs/mb-mp-e-form-032777.cif,-0.4205003001420395,H8C2SeS2(BrN2)2,76,
mb-mp-e-form-049283,matbench_mp_e_form,test,<RUNS_ROOT>/official_benchmark_214/matbench_e_form_5fold/fold0/dataset/cifs/mb-mp-e-form-049283.cif,-0.7669309885156258,LaCu2SeO2,6,
mb-mp-e-form-032666,matbench_mp_e_form,test,<RUNS_ROOT>/official_benchmark_214/matbench_e_form_5fold/fold0/dataset/cifs/mb-mp-e-form-032666.cif,-0.4157651324999989,Ge3Pt2,20,
mb-mp-e-form-048258,matbench_mp_e_form,test,<RUNS_ROOT>/official_benchmark_214/matbench_e_form_5fold/fold0/dataset/cifs/mb-mp-e-form-048258.cif,-0.7322970930000003,Nd2Ge2Ru,10,
mb-mp-e-form-102040,matbench_mp_e_form,test,<RUNS_ROOT>/official_benchmark_214/matbench_e_form_5fold/fold0/dataset/cifs/mb-mp-e-form-102040.cif,-2.4568362346839074,CsEu(WO4)2,24,
mb-mp-e-form-027237,matbench_mp_e_form,test,<RUNS_ROOT>/official_benchmark_214/matbench_e_form_5fold/fold0/dataset/cifs/mb-mp-e-form-027237.cif,-0.3275393080000001,Lu3Ru2,10,
mb-mp-e-form-063850,matbench_mp_e_form,test,<RUNS_ROOT>/official_benchmark_214/matbench_e_form_5fold/fold0/dataset/cifs/mb-mp-e-form-063850.cif,-1.2526407094230774,Ca(CrS2)4,13,
mb-mp-e-form-072717,matbench_mp_e_form,test,<RUNS_ROOT>/official_benchmark_214/matbench_e_form_5fold/fold0/dataset/cifs/mb-mp-e-form-072717.cif,-1.6279971352800002,FeHO2,4,
mb-mp-e-form-042449,matbench_mp_e_form,test,<RUNS_ROOT>/official_benchmark_214/matbench_e_form_5fold/fold0/dataset/cifs/mb-mp-e-form-042449.cif,-0.6148176145000008,Ce2CoGe4Ru3,10,
mb-mp-e-form-078366,matbench_mp_e_form,test,<RUNS_ROOT>/official_benchmark_214/matbench_e_form_5fold/fold0/dataset/cifs/mb-mp-e-form-078366.cif,-1.818736710192308,Zr4CuS8,13,
mb-mp-e-form-044203,matbench_mp_e_form,test,<RUNS_ROOT>/official_benchmark_214/matbench_e_form_5fold/fold0/dataset/cifs/mb-mp-e-form-044203.cif,-0.6478125489772721,LaBr3O7,22,
mb-mp-e-form-001292,matbench_mp_e_form,test,<RUNS_ROOT>/official_benchmark_214/matbench_e_form_5fold/fold0/dataset/cifs/mb-mp-e-form-001292.cif,1.201567355,TlSnPb2,4,
mb-mp-e-form-018833,matbench_mp_e_form,test,<RUNS_ROOT>/official_benchmark_214/matbench_e_form_5fold/fold0/dataset/cifs/mb-mp-e-form-018833.cif,-0.1523872762499998,Ho2CoOs,4,
mb-mp-e-form-085080,matbench_mp_e_form,test,<RUNS_ROOT>/official_benchmark_214/matbench_e_form_5fold/fold0/dataset/cifs/mb-mp-e-form-085080.cif,-2.0265553959767857,K3V2P2O13,80,
mb-mp-e-form-079377,matbench_mp_e_form,test,<RUNS_ROOT>/official_benchmark_214/matbench_e_form_5fold/fold0/dataset/cifs/mb-mp-e-form-079377.cif,-1.8445726907105648,NaMgBP2O11,96,
mb-mp-e-form-013223,matbench_mp_e_form,test,<RUNS_ROOT>/official_benchmark_214/matbench_e_form_5fold/fold0/dataset/cifs/mb-mp-e-form-013223.cif,-0.0139098616666674,CeFe5,6,
mb-mp-e-form-069746,matbench_mp_e_form,test,<RUNS_ROOT>/official_benchmark_214/matbench_e_form_5fold/fold0/dataset/cifs/mb-mp-e-form-069746.cif,-1.5059268081250003,Li3Co(NiO3)2,12,
mb-mp-e-form-090205,matbench_mp_e_form,test,<RUNS_ROOT>/official_benchmark_214/matbench_e_form_5fold/fold0/dataset/cifs/mb-mp-e-form-090205.cif,-2.15058227914727,Mg3CoB8P8(H8O13)4,104,
mb-mp-e-form-034945,matbench_mp_e_form,test,<RUNS_ROOT>/official_benchmark_214/matbench_e_form_5fold/fold0/dataset/cifs/mb-mp-e-form-034945.cif,-0.4661989260227266,ZnNi3O7,44,
mb-mp-e-form-011125,matbench_mp_e_form,test,<RUNS_ROOT>/official_benchmark_214/matbench_e_form_5fold/fold0/dataset/cifs/mb-mp-e-form-011125.cif,0.0258408274999997,MgAl3,8,
mb-mp-e-form-081926,matbench_mp_e_form,test,<RUNS_ROOT>/official_benchmark_214/matbench_e_form_5fold/fold0/dataset/cifs/mb-mp-e-form-081926.cif,-1.9122746294949995,Li2MnCoO4,8,
mb-mp-e-form-015777,matbench_mp_e_form,test,<RUNS_ROOT>/official_benchmark_214/matbench_e_form_5fold/fold0/dataset/cifs/mb-mp-e-form-015777.cif,-0.0763263712499999,GaCuTe2,8,
mb-mp-e-form-091881,matbench_mp_e_form,test,<RUNS_ROOT>/official_benchmark_214/matbench_e_form_5fold/fold0/dataset/cifs/mb-mp-e-form-091881.cif,-2.205318889197379,Cs2YAgCl6,10,
mb-mp-e-form-076389,matbench_mp_e_form,test,<RUNS_ROOT>/official_benchmark_214/matbench_e_form_5fold/fold0/dataset/cifs/mb-mp-e-form-076389.cif,-1.761526341155303,Sr3(BS3)2,22,
mb-mp-e-form-113121,matbench_mp_e_form,test,<RUNS_ROOT>/official_benchmark_214/matbench_e_form_5fold/fold0/dataset/cifs/mb-mp-e-form-113121.cif,-2.7104908208695657,BaTm2(MoO4)4,46,
mb-mp-e-form-001681,matbench_mp_e_form,test,<RUNS_ROOT>/official_benchmark_214/matbench_e_form_5fold/fold0/dataset/cifs/mb-mp-e-form-001681.cif,1.3936448126666665,Tb2Te3,5,
mb-mp-e-form-044741,matbench_mp_e_form,test,<RUNS_ROOT>/official_benchmark_214/matbench_e_form_5fold/fold0/dataset/cifs/mb-mp-e-form-044741.cif,-0.6503845544852943,Ta8NiSe8,68,
mb-mp-e-form-002937,matbench_mp_e_form,test,<RUNS_ROOT>/official_benchmark_214/matbench_e_form_5fold/fold0/dataset/cifs/mb-mp-e-form-002937.cif,0.5476159870312491,Na3Pu,4,
mb-mp-e-form-059807,matbench_mp_e_form,test,<RUNS_ROOT>/official_benchmark_214/matbench_e_form_5fold/fold0/dataset/cifs/mb-mp-e-form-059807.cif,-1.0936507148946533,CoPH21N5O7,140,
mb-mp-e-form-025010,matbench_mp_e_form,test,<RUNS_ROOT>/official_benchmark_214/matbench_e_form_5fold/fold0/dataset/cifs/mb-mp-e-form-025010.cif,-0.3022984621428587,Ho2FeC4,14,
mb-mp-e-form-080157,matbench_mp_e_form,test,<RUNS_ROOT>/official_benchmark_214/matbench_e_form_5fold/fold0/dataset/cifs/mb-mp-e-form-080157.cif,-1.8688963041225,Li9Mn2Co5O16,32,
mb-mp-e-form-033159,matbench_mp_e_form,test,<RUNS_ROOT>/official_benchmark_214/matbench_e_form_5fold/fold0/dataset/cifs/mb-mp-e-form-033159.cif,-0.4378763540476185,La2Mn3Cu9P7,21,
mb-mp-e-form-107348,matbench_mp_e_form,test,<RUNS_ROOT>/official_benchmark_214/matbench_e_form_5fold/fold0/dataset/cifs/mb-mp-e-form-107348.cif,-2.570240148202582,Ti2P2H4O11,38,
mb-mp-e-form-125528,matbench_mp_e_form,test,<RUNS_ROOT>/official_benchmark_214/matbench_e_form_5fold/fold0/dataset/cifs/mb-mp-e-form-125528.cif,-3.149860906428572,Ti3O4,7,
mb-mp-e-form-060346,matbench_mp_e_form,test,<RUNS_ROOT>/official_benchmark_214/matbench_e_form_5fold/fold0/dataset/cifs/mb-mp-e-form-060346.cif,-1.136427551741071,Er(CuS)3,14,
mb-mp-e-form-001829,matbench_mp_e_form,test,<RUNS_ROOT>/official_benchmark_214/matbench_e_form_5fold/fold0/dataset/cifs/mb-mp-e-form-001829.cif,1.46573280375,SrCrW2,4,
mb-mp-e-form-093089,matbench_mp_e_form,test,<RUNS_ROOT>/official_benchmark_214/matbench_e_form_5fold/fold0/dataset/cifs/mb-mp-e-form-093089.cif,-2.227342150351564,NdThUS5,32,
mb-mp-e-form-060966,matbench_mp_e_form,test,<RUNS_ROOT>/official_benchmark_214/matbench_e_form_5fold/fold0/dataset/cifs/mb-mp-e-form-060966.cif,-1.1624653553645832,TaInS2,8,
mb-mp-e-form-052531,matbench_mp_e_form,test,<RUNS_ROOT>/official_benchmark_214/matbench_e_form_5fold/fold0/dataset/cifs/mb-mp-e-form-052531.cif,-0.8668152432164291,CS2NClO2,28,
mb-mp-e-form-107746,matbench_mp_e_form,test,<RUNS_ROOT>/official_benchmark_214/matbench_e_form_5fold/fold0/dataset/cifs/mb-mp-e-form-107746.cif,-2.5500411367500004,AlCrO3,30,
mb-mp-e-form-081504,matbench_mp_e_form,test,<RUNS_ROOT>/official_benchmark_214/matbench_e_form_5fold/fold0/dataset/cifs/mb-mp-e-form-081504.cif,-1.8840726319613803,Rb2CrCl4,14,
mb-mp-e-form-082534,matbench_mp_e_form,test,<RUNS_ROOT>/official_benchmark_214/matbench_e_form_5fold/fold0/dataset/cifs/mb-mp-e-form-082534.cif,-1.916522450305112,B5H12NO12,60,
mb-mp-e-form-102581,matbench_mp_e_form,test,<RUNS_ROOT>/official_benchmark_214/matbench_e_form_5fold/fold0/dataset/cifs/mb-mp-e-form-102581.cif,-2.4506433017346945,LiNbCoO4,28,
mb-mp-e-form-010944,matbench_mp_e_form,test,<RUNS_ROOT>/official_benchmark_214/matbench_e_form_5fold/fold0/dataset/cifs/mb-mp-e-form-010944.cif,0.0230702850800028,CrN2,12,
mb-mp-e-form-039308,matbench_mp_e_form,test,<RUNS_ROOT>/official_benchmark_214/matbench_e_form_5fold/fold0/dataset/cifs/mb-mp-e-form-039308.cif,-0.5484581455681821,PrIO9,44,
mb-mp-e-form-094548,matbench_mp_e_form,test,<RUNS_ROOT>/official_benchmark_214/matbench_e_form_5fold/fold0/dataset/cifs/mb-mp-e-form-094548.cif,-2.255035953125,Na2SiSbCO7,24,
mb-mp-e-form-062469,matbench_mp_e_form,test,<RUNS_ROOT>/official_benchmark_214/matbench_e_form_5fold/fold0/dataset/cifs/mb-mp-e-form-062469.cif,-1.214813328922413,Rb3CoO2,24,
mb-mp-e-form-131762,matbench_mp_e_form,test,<RUNS_ROOT>/official_benchmark_214/matbench_e_form_5fold/fold0/dataset/cifs/mb-mp-e-form-131762.cif,-4.238649254146667,YOF,6,
mb-mp-e-form-125137,matbench_mp_e_form,test,<RUNS_ROOT>/official_benchmark_214/matbench_e_form_5fold/fold0/dataset/cifs/mb-mp-e-form-125137.cif,-3.146801862083335,CaTi2PbO6,10,
mb-mp-e-form-109102,matbench_mp_e_form,test,<RUNS_ROOT>/official_benchmark_214/matbench_e_form_5fold/fold0/dataset/cifs/mb-mp-e-form-109102.cif,-2.6078837408908044,Ti5Bi4(PbO9)2,58,
mb-mp-e-form-037462,matbench_mp_e_form,test,<RUNS_ROOT>/official_benchmark_214/matbench_e_form_5fold/fold0/dataset/cifs/mb-mp-e-form-037462.cif,-0.5163209233333331,LaAl4Co,12,
mb-mp-e-form-001773,matbench_mp_e_form,test,<RUNS_ROOT>/official_benchmark_214/matbench_e_form_5fold/fold0/dataset/cifs/mb-mp-e-form-001773.cif,1.0683000030614287,Au3Br8N3,28,
mb-mp-e-form-125908,matbench_mp_e_form,test,<RUNS_ROOT>/official_benchmark_214/matbench_e_form_5fold/fold0/dataset/cifs/mb-mp-e-form-125908.cif,-3.2248742475000003,Sr3LiTaO6,22,
mb-mp-e-form-114383,matbench_mp_e_form,test,<RUNS_ROOT>/official_benchmark_214/matbench_e_form_5fold/fold0/dataset/cifs/mb-mp-e-form-114383.cif,-2.7432515554657138,ErMoClO4,14,
mb-mp-e-form-098059,matbench_mp_e_form,test,<RUNS_ROOT>/official_benchmark_214/matbench_e_form_5fold/fold0/dataset/cifs/mb-mp-e-form-098059.cif,-2.365649026488095,Zr2Sb2Pb4O13,21,
mb-mp-e-form-040423,matbench_mp_e_form,test,<RUNS_ROOT>/official_benchmark_214/matbench_e_form_5fold/fold0/dataset/cifs/mb-mp-e-form-040423.cif,-0.57746226,Lu4Ge8Pd,13,
mb-mp-e-form-122344,matbench_mp_e_form,test,<RUNS_ROOT>/official_benchmark_214/matbench_e_form_5fold/fold0/dataset/cifs/mb-mp-e-form-122344.cif,-2.992547642798296,Ce4Se3O4,11,
mb-mp-e-form-063314,matbench_mp_e_form,test,<RUNS_ROOT>/official_benchmark_214/matbench_e_form_5fold/fold0/dataset/cifs/mb-mp-e-form-063314.cif,-1.26850066994,ZrAl3N4,8,
mb-mp-e-form-003754,matbench_mp_e_form,test,<RUNS_ROOT>/official_benchmark_214/matbench_e_form_5fold/fold0/dataset/cifs/mb-mp-e-form-003754.cif,0.5444614011492854,NbRu2Cl,4,
mb-mp-e-form-018132,matbench_mp_e_form,test,<RUNS_ROOT>/official_benchmark_214/matbench_e_form_5fold/fold0/dataset/cifs/mb-mp-e-form-018132.cif,-0.1353490625000004,Zr3Pb,4,
mb-mp-e-form-044160,matbench_mp_e_form,test,<RUNS_ROOT>/official_benchmark_214/matbench_e_form_5fold/fold0/dataset/cifs/mb-mp-e-form-044160.cif,-0.6457260738888885,TaSiRu,18,
mb-mp-e-form-050200,matbench_mp_e_form,test,<RUNS_ROOT>/official_benchmark_214/matbench_e_form_5fold/fold0/dataset/cifs/mb-mp-e-form-050200.cif,-0.793869700614035,Tb5(Ge5Rh2)2,38,
mb-mp-e-form-006831,matbench_mp_e_form,test,<RUNS_ROOT>/official_benchmark_214/matbench_e_form_5fold/fold0/dataset/cifs/mb-mp-e-form-006831.cif,0.2068307137500005,Mn2SbTe,8,
mb-mp-e-form-048075,matbench_mp_e_form,test,<RUNS_ROOT>/official_benchmark_214/matbench_e_form_5fold/fold0/dataset/cifs/mb-mp-e-form-048075.cif,-0.7487875483618028,Nb11S12,46,
mb-mp-e-form-061097,matbench_mp_e_form,test,<RUNS_ROOT>/official_benchmark_214/matbench_e_form_5fold/fold0/dataset/cifs/mb-mp-e-form-061097.cif,-1.1795560288694862,Al2(SeO4)3,34,
mb-mp-e-form-054826,matbench_mp_e_form,test,<RUNS_ROOT>/official_benchmark_214/matbench_e_form_5fold/fold0/dataset/cifs/mb-mp-e-form-054826.cif,-0.9009097782081282,Cs(SbS2)2,14,
mb-mp-e-form-098549,matbench_mp_e_form,test,<RUNS_ROOT>/official_benchmark_214/matbench_e_form_5fold/fold0/dataset/cifs/mb-mp-e-form-098549.cif,-2.3776451294714502,Li4B4Sb2SO16,54,
mb-mp-e-form-040790,matbench_mp_e_form,test,<RUNS_ROOT>/official_benchmark_214/matbench_e_form_5fold/fold0/dataset/cifs/mb-mp-e-form-040790.cif,-0.564407374258929,K2Mn(PSe3)2,22,
mb-mp-e-form-081904,matbench_mp_e_form,test,<RUNS_ROOT>/official_benchmark_214/matbench_e_form_5fold/fold0/dataset/cifs/mb-mp-e-form-081904.cif,-1.910410793956,Na2YCuCl6,10,
mb-mp-e-form-074977,matbench_mp_e_form,test,<RUNS_ROOT>/official_benchmark_214/matbench_e_form_5fold/fold0/dataset/cifs/mb-mp-e-form-074977.cif,-1.7412000293749994,Li5Co3O8,16,
mb-mp-e-form-063022,matbench_mp_e_form,test,<RUNS_ROOT>/official_benchmark_214/matbench_e_form_5fold/fold0/dataset/cifs/mb-mp-e-form-063022.cif,-1.2680672204022987,Rb2AlInBr6,10,
mb-mp-e-form-105029,matbench_mp_e_form,test,<RUNS_ROOT>/official_benchmark_214/matbench_e_form_5fold/fold0/dataset/cifs/mb-mp-e-form-105029.cif,-2.5175345438045444,UMn(OF2)3,22,
mb-mp-e-form-111583,matbench_mp_e_form,test,<RUNS_ROOT>/official_benchmark_214/matbench_e_form_5fold/fold0/dataset/cifs/mb-mp-e-form-111583.cif,-2.655593721031666,Li2VO2F,24,
mb-mp-e-form-048101,matbench_mp_e_form,test,<RUNS_ROOT>/official_benchmark_214/matbench_e_form_5fold/fold0/dataset/cifs/mb-mp-e-form-048101.cif,-0.7523871129166674,Fe2Ir2O5,9,
mb-mp-e-form-033379,matbench_mp_e_form,test,<RUNS_ROOT>/official_benchmark_214/matbench_e_form_5fold/fold0/dataset/cifs/mb-mp-e-form-033379.cif,-0.4343487483333332,Na3AlSiTe4,9,
mb-mp-e-form-124646,matbench_mp_e_form,test,<RUNS_ROOT>/official_benchmark_214/matbench_e_form_5fold/fold0/dataset/cifs/mb-mp-e-form-124646.cif,-3.073784844821429,Li2Ti3CrO8,56,
mb-mp-e-form-098668,matbench_mp_e_form,test,<RUNS_ROOT>/official_benchmark_214/matbench_e_form_5fold/fold0/dataset/cifs/mb-mp-e-form-098668.cif,-2.370040971805556,NbFe3Cu2(PO4)6,36,
mb-mp-e-form-128764,matbench_mp_e_form,test,<RUNS_ROOT>/official_benchmark_214/matbench_e_form_5fold/fold0/dataset/cifs/mb-mp-e-form-128764.cif,-3.44240516175,CaAl2SiO6,40,
mb-mp-e-form-072446,matbench_mp_e_form,test,<RUNS_ROOT>/official_benchmark_214/matbench_e_form_5fold/fold0/dataset/cifs/mb-mp-e-form-072446.cif,-1.633024363229166,PrSe2,12,
mb-mp-e-form-102723,matbench_mp_e_form,test,<RUNS_ROOT>/official_benchmark_214/matbench_e_form_5fold/fold0/dataset/cifs/mb-mp-e-form-102723.cif,-2.448607683131428,Mn2AlO4,14,
mb-mp-e-form-078798,matbench_mp_e_form,test,<RUNS_ROOT>/official_benchmark_214/matbench_e_form_5fold/fold0/dataset/cifs/mb-mp-e-form-078798.cif,-1.8237891911363624,W3O8,11,
mb-mp-e-form-049246,matbench_mp_e_form,test,<RUNS_ROOT>/official_benchmark_214/matbench_e_form_5fold/fold0/dataset/cifs/mb-mp-e-form-049246.cif,-0.7729012521174567,Rb2PtBr4O,32,
mb-mp-e-form-081115,matbench_mp_e_form,test,<RUNS_ROOT>/official_benchmark_214/matbench_e_form_5fold/fold0/dataset/cifs/mb-mp-e-form-081115.cif,-1.8930705666,Ce(NF3)2,36,
mb-mp-e-form-100245,matbench_mp_e_form,test,<RUNS_ROOT>/official_benchmark_214/matbench_e_form_5fold/fold0/dataset/cifs/mb-mp-e-form-100245.cif,-2.413498903341836,MoPO5,28,
mb-mp-e-form-028316,matbench_mp_e_form,test,<RUNS_ROOT>/official_benchmark_214/matbench_e_form_5fold/fold0/dataset/cifs/mb-mp-e-form-028316.cif,-0.343158573666,HI(ClO)4,20,
mb-mp-e-form-071608,matbench_mp_e_form,test,<RUNS_ROOT>/official_benchmark_214/matbench_e_form_5fold/fold0/dataset/cifs/mb-mp-e-form-071608.cif,-1.5816363092611516,CrP2H15N2O11,62,
mb-mp-e-form-021412,matbench_mp_e_form,test,<RUNS_ROOT>/official_benchmark_214/matbench_e_form_5fold/fold0/dataset/cifs/mb-mp-e-form-021412.cif,-0.2181090662499991,Mn4SiMoC,28,
mb-mp-e-form-112616,matbench_mp_e_form,test,<RUNS_ROOT>/official_benchmark_214/matbench_e_form_5fold/fold0/dataset/cifs/mb-mp-e-form-112616.cif,-2.670969232247671,Li6V3P8O29,92,
mb-mp-e-form-099366,matbench_mp_e_form,test,<RUNS_ROOT>/official_benchmark_214/matbench_e_form_5fold/fold0/dataset/cifs/mb-mp-e-form-099366.cif,-2.395820019974489,Mo(PO3)5,84,
mb-mp-e-form-061527,matbench_mp_e_form,test,<RUNS_ROOT>/official_benchmark_214/matbench_e_form_5fold/fold0/dataset/cifs/mb-mp-e-form-061527.cif,-1.20155228875,RuO4,40,
mb-mp-e-form-066970,matbench_mp_e_form,test,<RUNS_ROOT>/official_benchmark_214/matbench_e_form_5fold/fold0/dataset/cifs/mb-mp-e-form-066970.cif,-1.428020951179848,Li7NbS6,28,
mb-mp-e-form-092020,matbench_mp_e_form,test,<RUNS_ROOT>/official_benchmark_214/matbench_e_form_5fold/fold0/dataset/cifs/mb-mp-e-form-092020.cif,-2.204587859275,Ba3V2(SeO4)4,100,
mb-mp-e-form-030431,matbench_mp_e_form,test,<RUNS_ROOT>/official_benchmark_214/matbench_e_form_5fold/fold0/dataset/cifs/mb-mp-e-form-030431.cif,-0.3832917449999999,HoAlCo,12,
mb-mp-e-form-027429,matbench_mp_e_form,test,<RUNS_ROOT>/official_benchmark_214/matbench_e_form_5fold/fold0/dataset/cifs/mb-mp-e-form-027429.cif,-0.33652487,Hg2I3Br,6,
mb-mp-e-form-053841,matbench_mp_e_form,test,<RUNS_ROOT>/official_benchmark_214/matbench_e_form_5fold/fold0/dataset/cifs/mb-mp-e-form-053841.cif,-0.8784888518749998,Hf3Si3Ni2,16,
mb-mp-e-form-071784,matbench_mp_e_form,test,<RUNS_ROOT>/official_benchmark_214/matbench_e_form_5fold/fold0/dataset/cifs/mb-mp-e-form-071784.cif,-1.5784610183047618,K8Zr6BBr20,35,
mb-mp-e-form-057812,matbench_mp_e_form,test,<RUNS_ROOT>/official_benchmark_214/matbench_e_form_5fold/fold0/dataset/cifs/mb-mp-e-form-057812.cif,-1.0377392233333325,YbGaPt,12,
mb-mp-e-form-006563,matbench_mp_e_form,test,<RUNS_ROOT>/official_benchmark_214/matbench_e_form_5fold/fold0/dataset/cifs/mb-mp-e-form-006563.cif,0.1710194662499997,MgCo3,8,
mb-mp-e-form-024896,matbench_mp_e_form,test,<RUNS_ROOT>/official_benchmark_214/matbench_e_form_5fold/fold0/dataset/cifs/mb-mp-e-form-024896.cif,-0.277698066517857,NbCu3Te4,8,
mb-mp-e-form-061207,matbench_mp_e_form,test,<RUNS_ROOT>/official_benchmark_214/matbench_e_form_5fold/fold0/dataset/cifs/mb-mp-e-form-061207.cif,-1.1870072860712495,FeAsNO4F,64,
mb-mp-e-form-082396,matbench_mp_e_form,test,<RUNS_ROOT>/official_benchmark_214/matbench_e_form_5fold/fold0/dataset/cifs/mb-mp-e-form-082396.cif,-1.9384508274230527,Ga2NiP3H8NO14,58,
mb-mp-e-form-074857,matbench_mp_e_form,test,<RUNS_ROOT>/official_benchmark_214/matbench_e_form_5fold/fold0/dataset/cifs/mb-mp-e-form-074857.cif,-1.7171722507142857,Al(NiO2)2,14,
mb-mp-e-form-061413,matbench_mp_e_form,test,<RUNS_ROOT>/official_benchmark_214/matbench_e_form_5fold/fold0/dataset/cifs/mb-mp-e-form-061413.cif,-1.1651456366379307,Rb2NiO2,5,
mb-mp-e-form-045784,matbench_mp_e_form,test,<RUNS_ROOT>/official_benchmark_214/matbench_e_form_5fold/fold0/dataset/cifs/mb-mp-e-form-045784.cif,-0.6711035700312508,LiNi9S10,20,
mb-mp-e-form-104247,matbench_mp_e_form,test,<RUNS_ROOT>/official_benchmark_214/matbench_e_form_5fold/fold0/dataset/cifs/mb-mp-e-form-104247.cif,-2.5008210114130422,Li10Si2PbO10,46,
mb-mp-e-form-049247,matbench_mp_e_form,test,<RUNS_ROOT>/official_benchmark_214/matbench_e_form_5fold/fold0/dataset/cifs/mb-mp-e-form-049247.cif,-0.7761020394811313,ReH30Ru2(NCl)10,53,
mb-mp-e-form-101321,matbench_mp_e_form,test,<RUNS_ROOT>/official_benchmark_214/matbench_e_form_5fold/fold0/dataset/cifs/mb-mp-e-form-101321.cif,-2.4340052892346944,LiSnPO4,84,
mb-mp-e-form-003771,matbench_mp_e_form,test,<RUNS_ROOT>/official_benchmark_214/matbench_e_form_5fold/fold0/dataset/cifs/mb-mp-e-form-003771.cif,0.6564380012499997,TlCoMo2,4,
mb-mp-e-form-015676,matbench_mp_e_form,test,<RUNS_ROOT>/official_benchmark_214/matbench_e_form_5fold/fold0/dataset/cifs/mb-mp-e-form-015676.cif,-0.0700832845,Cu4Pd,20,
mb-mp-e-form-086839,matbench_mp_e_form,test,<RUNS_ROOT>/official_benchmark_214/matbench_e_form_5fold/fold0/dataset/cifs/mb-mp-e-form-086839.cif,-2.088682261589333,Li3Mn4O8,15,
mb-mp-e-form-067014,matbench_mp_e_form,test,<RUNS_ROOT>/official_benchmark_214/matbench_e_form_5fold/fold0/dataset/cifs/mb-mp-e-form-067014.cif,-1.4556007326081477,Ba(H8O5)2,54,
mb-mp-e-form-047106,matbench_mp_e_form,test,<RUNS_ROOT>/official_benchmark_214/matbench_e_form_5fold/fold0/dataset/cifs/mb-mp-e-form-047106.cif,-0.7062399112904097,RbCr(SO10)2,96,
mb-mp-e-form-128609,matbench_mp_e_form,test,<RUNS_ROOT>/official_benchmark_214/matbench_e_form_5fold/fold0/dataset/cifs/mb-mp-e-form-128609.cif,-3.3329412922619057,Ti3NbO8,24,
mb-mp-e-form-115102,matbench_mp_e_form,test,<RUNS_ROOT>/official_benchmark_214/matbench_e_form_5fold/fold0/dataset/cifs/mb-mp-e-form-115102.cif,-2.7648721149722224,ZrTi2(PbO3)3,15,
mb-mp-e-form-052156,matbench_mp_e_form,test,<RUNS_ROOT>/official_benchmark_214/matbench_e_form_5fold/fold0/dataset/cifs/mb-mp-e-form-052156.cif,-0.8597259606043473,Rb2U(PdSe2)3,24,
mb-mp-e-form-069026,matbench_mp_e_form,test,<RUNS_ROOT>/official_benchmark_214/matbench_e_form_5fold/fold0/dataset/cifs/mb-mp-e-form-069026.cif,-1.5139539357499998,TcSnO3,5,
mb-mp-e-form-056458,matbench_mp_e_form,test,<RUNS_ROOT>/official_benchmark_214/matbench_e_form_5fold/fold0/dataset/cifs/mb-mp-e-form-056458.cif,-0.9972043217559516,Sr(InSe2)2,56,
mb-mp-e-form-074445,matbench_mp_e_form,test,<RUNS_ROOT>/official_benchmark_214/matbench_e_form_5fold/fold0/dataset/cifs/mb-mp-e-form-074445.cif,-1.6929587519206253,VAs2H4O9,64,
mb-mp-e-form-127610,matbench_mp_e_form,test,<RUNS_ROOT>/official_benchmark_214/matbench_e_form_5fold/fold0/dataset/cifs/mb-mp-e-form-127610.cif,-3.278548086249999,Dy2CO5,16,
mb-mp-e-form-032081,matbench_mp_e_form,test,<RUNS_ROOT>/official_benchmark_214/matbench_e_form_5fold/fold0/dataset/cifs/mb-mp-e-form-032081.cif,-0.413127146666667,CaTmIn2,4,
mb-mp-e-form-085000,matbench_mp_e_form,test,<RUNS_ROOT>/official_benchmark_214/matbench_e_form_5fold/fold0/dataset/cifs/mb-mp-e-form-085000.cif,-2.0040162416366667,Co2OF3,30,
mb-mp-e-form-005894,matbench_mp_e_form,test,<RUNS_ROOT>/official_benchmark_214/matbench_e_form_5fold/fold0/dataset/cifs/mb-mp-e-form-005894.cif,0.2387202171875007,Np3Be,4,
mb-mp-e-form-006575,matbench_mp_e_form,test,<RUNS_ROOT>/official_benchmark_214/matbench_e_form_5fold/fold0/dataset/cifs/mb-mp-e-form-006575.cif,0.1951875831249996,Nd3Hf,4,
mb-mp-e-form-132723,matbench_mp_e_form,test,<RUNS_ROOT>/official_benchmark_214/matbench_e_form_5fold/fold0/dataset/cifs/mb-mp-e-form-132723.cif,-3.911156551802381,CaTiF5,14,
mb-mp-e-form-121397,matbench_mp_e_form,test,<RUNS_ROOT>/official_benchmark_214/matbench_e_form_5fold/fold0/dataset/cifs/mb-mp-e-form-121397.cif,-2.980492116666666,SiO2,12,
mb-mp-e-form-041501,matbench_mp_e_form,test,<RUNS_ROOT>/official_benchmark_214/matbench_e_form_5fold/fold0/dataset/cifs/mb-mp-e-form-041501.cif,-0.5914005616666668,CdI2,6,
mb-mp-e-form-034871,matbench_mp_e_form,test,<RUNS_ROOT>/official_benchmark_214/matbench_e_form_5fold/fold0/dataset/cifs/mb-mp-e-form-034871.cif,-0.4534505612500004,ZrCdAu2,4,
mb-mp-e-form-029647,matbench_mp_e_form,test,<RUNS_ROOT>/official_benchmark_214/matbench_e_form_5fold/fold0/dataset/cifs/mb-mp-e-form-029647.cif,-0.3582783616666664,LaZn2,6,
mb-mp-e-form-089777,matbench_mp_e_form,test,<RUNS_ROOT>/official_benchmark_214/matbench_e_form_5fold/fold0/dataset/cifs/mb-mp-e-form-089777.cif,-2.1624536495312494,EuS,2,
mb-mp-e-form-044772,matbench_mp_e_form,test,<RUNS_ROOT>/official_benchmark_214/matbench_e_form_5fold/fold0/dataset/cifs/mb-mp-e-form-044772.cif,-0.6576481387499999,LiSnPd2,4,
mb-mp-e-form-066562,matbench_mp_e_form,test,<RUNS_ROOT>/official_benchmark_214/matbench_e_form_5fold/fold0/dataset/cifs/mb-mp-e-form-066562.cif,-1.386991996197379,Cs2AgAuCl6,10,
mb-mp-e-form-101226,matbench_mp_e_form,test,<RUNS_ROOT>/official_benchmark_214/matbench_e_form_5fold/fold0/dataset/cifs/mb-mp-e-form-101226.cif,-2.433989695526072,RbErSeCl2O3,32,
mb-mp-e-form-007652,matbench_mp_e_form,test,<RUNS_ROOT>/official_benchmark_214/matbench_e_form_5fold/fold0/dataset/cifs/mb-mp-e-form-007652.cif,0.1470867675000011,UMn3,4,
mb-mp-e-form-084677,matbench_mp_e_form,test,<RUNS_ROOT>/official_benchmark_214/matbench_e_form_5fold/fold0/dataset/cifs/mb-mp-e-form-084677.cif,-1.9789472848015872,CrNi5(PO4)6,36,
mb-mp-e-form-086368,matbench_mp_e_form,test,<RUNS_ROOT>/official_benchmark_214/matbench_e_form_5fold/fold0/dataset/cifs/mb-mp-e-form-086368.cif,-2.037515086373333,TiMnH12(OF)6,26,
mb-mp-e-form-105671,matbench_mp_e_form,test,<RUNS_ROOT>/official_benchmark_214/matbench_e_form_5fold/fold0/dataset/cifs/mb-mp-e-form-105671.cif,-2.515622712801333,Fe5(OF4)2,30,
mb-mp-e-form-095733,matbench_mp_e_form,test,<RUNS_ROOT>/official_benchmark_214/matbench_e_form_5fold/fold0/dataset/cifs/mb-mp-e-form-095733.cif,-2.3015904541666665,VO2,3,
mb-mp-e-form-132484,matbench_mp_e_form,test,<RUNS_ROOT>/official_benchmark_214/matbench_e_form_5fold/fold0/dataset/cifs/mb-mp-e-form-132484.cif,-4.313801504369412,Ba3Y2F12,34,
mb-mp-e-form-013009,matbench_mp_e_form,test,<RUNS_ROOT>/official_benchmark_214/matbench_e_form_5fold/fold0/dataset/cifs/mb-mp-e-form-013009.cif,-0.0284878512499997,Mg14ZnSb,16,
mb-mp-e-form-073355,matbench_mp_e_form,test,<RUNS_ROOT>/official_benchmark_214/matbench_e_form_5fold/fold0/dataset/cifs/mb-mp-e-form-073355.cif,-1.6725038599547823,Re2Ni(H2O3)4,23,
mb-mp-e-form-025971,matbench_mp_e_form,test,<RUNS_ROOT>/official_benchmark_214/matbench_e_form_5fold/fold0/dataset/cifs/mb-mp-e-form-025971.cif,-0.3193567733333332,UGaCo,9,
mb-mp-e-form-060125,matbench_mp_e_form,test,<RUNS_ROOT>/official_benchmark_214/matbench_e_form_5fold/fold0/dataset/cifs/mb-mp-e-form-060125.cif,-1.1384001846019352,YTl2P2S7,48,
mb-mp-e-form-063634,matbench_mp_e_form,test,<RUNS_ROOT>/official_benchmark_214/matbench_e_form_5fold/fold0/dataset/cifs/mb-mp-e-form-063634.cif,-1.2757949111233335,KH3C2O3,18,
mb-mp-e-form-087737,matbench_mp_e_form,test,<RUNS_ROOT>/official_benchmark_214/matbench_e_form_5fold/fold0/dataset/cifs/mb-mp-e-form-087737.cif,-2.076855284375001,LiFeO2,16,
mb-mp-e-form-029909,matbench_mp_e_form,test,<RUNS_ROOT>/official_benchmark_214/matbench_e_form_5fold/fold0/dataset/cifs/mb-mp-e-form-029909.cif,-0.3831708249999996,SrZnPb,6,
mb-mp-e-form-025267,matbench_mp_e_form,test,<RUNS_ROOT>/official_benchmark_214/matbench_e_form_5fold/fold0/dataset/cifs/mb-mp-e-form-025267.cif,-0.2915898521428569,Y(Fe2Ge)2,14,
mb-mp-e-form-087003,matbench_mp_e_form,test,<RUNS_ROOT>/official_benchmark_214/matbench_e_form_5fold/fold0/dataset/cifs/mb-mp-e-form-087003.cif,-2.060014824750001,GaSiO3,5,
mb-mp-e-form-035030,matbench_mp_e_form,test,<RUNS_ROOT>/official_benchmark_214/matbench_e_form_5fold/fold0/dataset/cifs/mb-mp-e-form-035030.cif,-0.4707504367499993,As2O3,20,
mb-mp-e-form-106349,matbench_mp_e_form,test,<RUNS_ROOT>/official_benchmark_214/matbench_e_form_5fold/fold0/dataset/cifs/mb-mp-e-form-106349.cif,-2.535573886734693,Li3Bi(PO4)2,56,
mb-mp-e-form-005738,matbench_mp_e_form,test,<RUNS_ROOT>/official_benchmark_214/matbench_e_form_5fold/fold0/dataset/cifs/mb-mp-e-form-005738.cif,0.2554837054577425,K2Fe2Co2C12N12O,31,
mb-mp-e-form-126987,matbench_mp_e_form,test,<RUNS_ROOT>/official_benchmark_214/matbench_e_form_5fold/fold0/dataset/cifs/mb-mp-e-form-126987.cif,-3.2561874635439567,GdZr6(PO4)9,104,
mb-mp-e-form-126537,matbench_mp_e_form,test,<RUNS_ROOT>/official_benchmark_214/matbench_e_form_5fold/fold0/dataset/cifs/mb-mp-e-form-126537.cif,-3.190478488690475,NbAlO4,24,
mb-mp-e-form-014809,matbench_mp_e_form,test,<RUNS_ROOT>/official_benchmark_214/matbench_e_form_5fold/fold0/dataset/cifs/mb-mp-e-form-014809.cif,-0.0552587668749993,Re3Pd,8,
mb-mp-e-form-094659,matbench_mp_e_form,test,<RUNS_ROOT>/official_benchmark_214/matbench_e_form_5fold/fold0/dataset/cifs/mb-mp-e-form-094659.cif,-2.2653277260204083,LiNiPO4,28,
mb-mp-e-form-046322,matbench_mp_e_form,test,<RUNS_ROOT>/official_benchmark_214/matbench_e_form_5fold/fold0/dataset/cifs/mb-mp-e-form-046322.cif,-0.6861488250000013,Lu2B6Rh,36,
mb-mp-e-form-041679,matbench_mp_e_form,test,<RUNS_ROOT>/official_benchmark_214/matbench_e_form_5fold/fold0/dataset/cifs/mb-mp-e-form-041679.cif,-0.5856110766666666,CdI2,12,
mb-mp-e-form-058199,matbench_mp_e_form,test,<RUNS_ROOT>/official_benchmark_214/matbench_e_form_5fold/fold0/dataset/cifs/mb-mp-e-form-058199.cif,-1.0464116285576932,Zn(BO3)3,52,
mb-mp-e-form-036345,matbench_mp_e_form,test,<RUNS_ROOT>/official_benchmark_214/matbench_e_form_5fold/fold0/dataset/cifs/mb-mp-e-form-036345.cif,-0.4888017393750008,ZrUC2,4,
mb-mp-e-form-012797,matbench_mp_e_form,test,<RUNS_ROOT>/official_benchmark_214/matbench_e_form_5fold/fold0/dataset/cifs/mb-mp-e-form-012797.cif,0.0106936096731251,SbH3CS2N,32,
mb-mp-e-form-041154,matbench_mp_e_form,test,<RUNS_ROOT>/official_benchmark_214/matbench_e_form_5fold/fold0/dataset/cifs/mb-mp-e-form-041154.cif,-0.5827129569754381,CaB2H13N3,76,
mb-mp-e-form-058931,matbench_mp_e_form,test,<RUNS_ROOT>/official_benchmark_214/matbench_e_form_5fold/fold0/dataset/cifs/mb-mp-e-form-058931.cif,-1.0852284925000006,ZrPt,4,
mb-mp-e-form-026461,matbench_mp_e_form,test,<RUNS_ROOT>/official_benchmark_214/matbench_e_form_5fold/fold0/dataset/cifs/mb-mp-e-form-026461.cif,-0.3134531112499998,BaZnSn2,8,
mb-mp-e-form-061829,matbench_mp_e_form,test,<RUNS_ROOT>/official_benchmark_214/matbench_e_form_5fold/fold0/dataset/cifs/mb-mp-e-form-061829.cif,-1.1628171815740749,LiIn(IO3)4,18,
mb-mp-e-form-037913,matbench_mp_e_form,test,<RUNS_ROOT>/official_benchmark_214/matbench_e_form_5fold/fold0/dataset/cifs/mb-mp-e-form-037913.cif,-0.5283597241666674,SmMnSi,6,
mb-mp-e-form-064559,matbench_mp_e_form,test,<RUNS_ROOT>/official_benchmark_214/matbench_e_form_5fold/fold0/dataset/cifs/mb-mp-e-form-064559.cif,-1.325808016726428,K2RuN3Cl3O5,28,
mb-mp-e-form-069222,matbench_mp_e_form,test,<RUNS_ROOT>/official_benchmark_214/matbench_e_form_5fold/fold0/dataset/cifs/mb-mp-e-form-069222.cif,-1.504782615220588,NaNdC4O11,68,
mb-mp-e-form-081172,matbench_mp_e_form,test,<RUNS_ROOT>/official_benchmark_214/matbench_e_form_5fold/fold0/dataset/cifs/mb-mp-e-form-081172.cif,-1.901333782261904,Sb2S4O15,84,
mb-mp-e-form-028841,matbench_mp_e_form,test,<RUNS_ROOT>/official_benchmark_214/matbench_e_form_5fold/fold0/dataset/cifs/mb-mp-e-form-028841.cif,-0.3449516095833327,Ac2MgSn,4,
mb-mp-e-form-071957,matbench_mp_e_form,test,<RUNS_ROOT>/official_benchmark_214/matbench_e_form_5fold/fold0/dataset/cifs/mb-mp-e-form-071957.cif,-1.641490013499216,Cs6Br4O,22,
mb-mp-e-form-015111,matbench_mp_e_form,test,<RUNS_ROOT>/official_benchmark_214/matbench_e_form_5fold/fold0/dataset/cifs/mb-mp-e-form-015111.cif,-0.0778417762500005,Mo3Ir,8,
mb-mp-e-form-057554,matbench_mp_e_form,test,<RUNS_ROOT>/official_benchmark_214/matbench_e_form_5fold/fold0/dataset/cifs/mb-mp-e-form-057554.cif,-1.0060255796599629,Rb2Pt3S4,9,
mb-mp-e-form-126540,matbench_mp_e_form,test,<RUNS_ROOT>/official_benchmark_214/matbench_e_form_5fold/fold0/dataset/cifs/mb-mp-e-form-126540.cif,-3.17869544625,CeSmO2,4,
mb-mp-e-form-087712,matbench_mp_e_form,test,<RUNS_ROOT>/official_benchmark_214/matbench_e_form_5fold/fold0/dataset/cifs/mb-mp-e-form-087712.cif,-2.0851962275,Li4Cr3(FeO4)3,22,
mb-mp-e-form-004253,matbench_mp_e_form,test,<RUNS_ROOT>/official_benchmark_214/matbench_e_form_5fold/fold0/dataset/cifs/mb-mp-e-form-004253.cif,0.3258644730270918,Nb(H2Se)2,14,
mb-mp-e-form-095034,matbench_mp_e_form,test,<RUNS_ROOT>/official_benchmark_214/matbench_e_form_5fold/fold0/dataset/cifs/mb-mp-e-form-095034.cif,-2.2990461109690625,LiZnSO4F,32,
mb-mp-e-form-022764,matbench_mp_e_form,test,<RUNS_ROOT>/official_benchmark_214/matbench_e_form_5fold/fold0/dataset/cifs/mb-mp-e-form-022764.cif,-0.2313102029515815,Cs5Ag4C8IN8,156,
mb-mp-e-form-023969,matbench_mp_e_form,test,<RUNS_ROOT>/official_benchmark_214/matbench_e_form_5fold/fold0/dataset/cifs/mb-mp-e-form-023969.cif,-0.2706218672222213,DyInCu4,6,
mb-mp-e-form-060157,matbench_mp_e_form,test,<RUNS_ROOT>/official_benchmark_214/matbench_e_form_5fold/fold0/dataset/cifs/mb-mp-e-form-060157.cif,-1.1359273835193968,Cs6U2(Cu4S5)3,140,
mb-mp-e-form-033117,matbench_mp_e_form,test,<RUNS_ROOT>/official_benchmark_214/matbench_e_form_5fold/fold0/dataset/cifs/mb-mp-e-form-033117.cif,-0.4371388175000001,TbTmIn2,4,
mb-mp-e-form-093838,matbench_mp_e_form,test,<RUNS_ROOT>/official_benchmark_214/matbench_e_form_5fold/fold0/dataset/cifs/mb-mp-e-form-093838.cif,-2.280333083035714,Ba2YW3O8,14,
mb-mp-e-form-083580,matbench_mp_e_form,test,<RUNS_ROOT>/official_benchmark_214/matbench_e_form_5fold/fold0/dataset/cifs/mb-mp-e-form-083580.cif,-1.9545245753493776,Bi6P2O15,46,
mb-mp-e-form-112729,matbench_mp_e_form,test,<RUNS_ROOT>/official_benchmark_214/matbench_e_form_5fold/fold0/dataset/cifs/mb-mp-e-form-112729.cif,-2.6865626589389,MgMn2(PO4)2,52,
mb-mp-e-form-098958,matbench_mp_e_form,test,<RUNS_ROOT>/official_benchmark_214/matbench_e_form_5fold/fold0/dataset/cifs/mb-mp-e-form-098958.cif,-2.3987462704375004,SmScS3,20,
mb-mp-e-form-039106,matbench_mp_e_form,test,<RUNS_ROOT>/official_benchmark_214/matbench_e_form_5fold/fold0/dataset/cifs/mb-mp-e-form-039106.cif,-0.557822848300001,Na5(AsO9)2,50,
mb-mp-e-form-045675,matbench_mp_e_form,test,<RUNS_ROOT>/official_benchmark_214/matbench_e_form_5fold/fold0/dataset/cifs/mb-mp-e-form-045675.cif,-0.6745848883333334,PrInAu2,4,
mb-mp-e-form-122537,matbench_mp_e_form,test,<RUNS_ROOT>/official_benchmark_214/matbench_e_form_5fold/fold0/dataset/cifs/mb-mp-e-form-122537.cif,-3.010180739647959,Nb9PO25,70,
mb-mp-e-form-033181,matbench_mp_e_form,test,<RUNS_ROOT>/official_benchmark_214/matbench_e_form_5fold/fold0/dataset/cifs/mb-mp-e-form-033181.cif,-0.4393678736175759,Eu(BH4)2,44,
mb-mp-e-form-013539,matbench_mp_e_form,test,<RUNS_ROOT>/official_benchmark_214/matbench_e_form_5fold/fold0/dataset/cifs/mb-mp-e-form-013539.cif,-0.0107842400000004,VNi,2,
mb-mp-e-form-078985,matbench_mp_e_form,test,<RUNS_ROOT>/official_benchmark_214/matbench_e_form_5fold/fold0/dataset/cifs/mb-mp-e-form-078985.cif,-1.8535978481935709,Li4MnCo2O7,28,
mb-mp-e-form-047067,matbench_mp_e_form,test,<RUNS_ROOT>/official_benchmark_214/matbench_e_form_5fold/fold0/dataset/cifs/mb-mp-e-form-047067.cif,-0.7148547466666678,Zr5AlSb3,18,
mb-mp-e-form-081808,matbench_mp_e_form,test,<RUNS_ROOT>/official_benchmark_214/matbench_e_form_5fold/fold0/dataset/cifs/mb-mp-e-form-081808.cif,-1.916890926329722,TiSCl,6,
mb-mp-e-form-096339,matbench_mp_e_form,test,<RUNS_ROOT>/official_benchmark_214/matbench_e_form_5fold/fold0/dataset/cifs/mb-mp-e-form-096339.cif,-2.311441642495333,LiZr3H18N4F19,180,
mb-mp-e-form-128510,matbench_mp_e_form,test,<RUNS_ROOT>/official_benchmark_214/matbench_e_form_5fold/fold0/dataset/cifs/mb-mp-e-form-128510.cif,-3.3350428477045457,K2U2O7,22,
mb-mp-e-form-045294,matbench_mp_e_form,test,<RUNS_ROOT>/official_benchmark_214/matbench_e_form_5fold/fold0/dataset/cifs/mb-mp-e-form-045294.cif,-0.664274665156249,NiS2O9,48,
mb-mp-e-form-043917,matbench_mp_e_form,test,<RUNS_ROOT>/official_benchmark_214/matbench_e_form_5fold/fold0/dataset/cifs/mb-mp-e-form-043917.cif,-0.64743101375,NdSi2Ru3,6,
mb-mp-e-form-116216,matbench_mp_e_form,test,<RUNS_ROOT>/official_benchmark_214/matbench_e_form_5fold/fold0/dataset/cifs/mb-mp-e-form-116216.cif,-2.7871421965000005,La2CuSnO6,40,
mb-mp-e-form-039321,matbench_mp_e_form,test,<RUNS_ROOT>/official_benchmark_214/matbench_e_form_5fold/fold0/dataset/cifs/mb-mp-e-form-039321.cif,-0.5500443399107142,Ga5CuSe8,14,
mb-mp-e-form-114598,matbench_mp_e_form,test,<RUNS_ROOT>/official_benchmark_214/matbench_e_form_5fold/fold0/dataset/cifs/mb-mp-e-form-114598.cif,-2.7277057569086023,Li4Ti4V4NiO18,62,
mb-mp-e-form-062523,matbench_mp_e_form,test,<RUNS_ROOT>/official_benchmark_214/matbench_e_form_5fold/fold0/dataset/cifs/mb-mp-e-form-062523.cif,-1.2075360599038458,Ba2Hg3(PdO2)7,26,
mb-mp-e-form-097251,matbench_mp_e_form,test,<RUNS_ROOT>/official_benchmark_214/matbench_e_form_5fold/fold0/dataset/cifs/mb-mp-e-form-097251.cif,-2.35735620697479,Sb(PO3)4,34,
mb-mp-e-form-031283,matbench_mp_e_form,test,<RUNS_ROOT>/official_benchmark_214/matbench_e_form_5fold/fold0/dataset/cifs/mb-mp-e-form-031283.cif,-0.4073639212068959,Ta6Be15Ni8,29,
mb-mp-e-form-029851,matbench_mp_e_form,test,<RUNS_ROOT>/official_benchmark_214/matbench_e_form_5fold/fold0/dataset/cifs/mb-mp-e-form-029851.cif,-0.3668803566122451,K4HgP2,7,
mb-mp-e-form-002334,matbench_mp_e_form,test,<RUNS_ROOT>/official_benchmark_214/matbench_e_form_5fold/fold0/dataset/cifs/mb-mp-e-form-002334.cif,0.6636554325624999,KPu,12,
mb-mp-e-form-053146,matbench_mp_e_form,test,<RUNS_ROOT>/official_benchmark_214/matbench_e_form_5fold/fold0/dataset/cifs/mb-mp-e-form-053146.cif,-0.869543681621094,U2FeSe5,16,
mb-mp-e-form-103682,matbench_mp_e_form,test,<RUNS_ROOT>/official_benchmark_214/matbench_e_form_5fold/fold0/dataset/cifs/mb-mp-e-form-103682.cif,-2.466030211061532,Cs2PtF6,9,
mb-mp-e-form-044830,matbench_mp_e_form,test,<RUNS_ROOT>/official_benchmark_214/matbench_e_form_5fold/fold0/dataset/cifs/mb-mp-e-form-044830.cif,-0.6455213800000008,TiInRh2,4,
mb-mp-e-form-044886,matbench_mp_e_form,test,<RUNS_ROOT>/official_benchmark_214/matbench_e_form_5fold/fold0/dataset/cifs/mb-mp-e-form-044886.cif,-0.6555540782692322,Zn(NiS2)4,13,
mb-mp-e-form-047676,matbench_mp_e_form,test,<RUNS_ROOT>/official_benchmark_214/matbench_e_form_5fold/fold0/dataset/cifs/mb-mp-e-form-047676.cif,-0.7081451350706848,Na2PSe3,24,
mb-mp-e-form-083552,matbench_mp_e_form,test,<RUNS_ROOT>/official_benchmark_214/matbench_e_form_5fold/fold0/dataset/cifs/mb-mp-e-form-083552.cif,-1.957954221230665,Li6Mn(FeO3)2,15,
mb-mp-e-form-050968,matbench_mp_e_form,test,<RUNS_ROOT>/official_benchmark_214/matbench_e_form_5fold/fold0/dataset/cifs/mb-mp-e-form-050968.cif,-0.8213204799999995,GdZrSb,6,
mb-mp-e-form-093123,matbench_mp_e_form,test,<RUNS_ROOT>/official_benchmark_214/matbench_e_form_5fold/fold0/dataset/cifs/mb-mp-e-form-093123.cif,-2.237158876442308,BaSrYTlCu2O7,13,
mb-mp-e-form-100979,matbench_mp_e_form,test,<RUNS_ROOT>/official_benchmark_214/matbench_e_form_5fold/fold0/dataset/cifs/mb-mp-e-form-100979.cif,-2.435423396826922,PrSbMo2O9,52,
mb-mp-e-form-110740,matbench_mp_e_form,test,<RUNS_ROOT>/official_benchmark_214/matbench_e_form_5fold/fold0/dataset/cifs/mb-mp-e-form-110740.cif,-2.619361785384615,Mg2V3O8,13,
mb-mp-e-form-116007,matbench_mp_e_form,test,<RUNS_ROOT>/official_benchmark_214/matbench_e_form_5fold/fold0/dataset/cifs/mb-mp-e-form-116007.cif,-2.800399358880742,K2Ti(OF2)2,18,
mb-mp-e-form-122048,matbench_mp_e_form,test,<RUNS_ROOT>/official_benchmark_214/matbench_e_form_5fold/fold0/dataset/cifs/mb-mp-e-form-122048.cif,-2.987766482619048,Li2Ti2(PO4)3,76,
mb-mp-e-form-082190,matbench_mp_e_form,test,<RUNS_ROOT>/official_benchmark_214/matbench_e_form_5fold/fold0/dataset/cifs/mb-mp-e-form-082190.cif,-1.92839085096875,BaZn(SeO3)2,40,
mb-mp-e-form-037450,matbench_mp_e_form,test,<RUNS_ROOT>/official_benchmark_214/matbench_e_form_5fold/fold0/dataset/cifs/mb-mp-e-form-037450.cif,-0.5037447016666677,CeIrOs,6,
mb-mp-e-form-052847,matbench_mp_e_form,test,<RUNS_ROOT>/official_benchmark_214/matbench_e_form_5fold/fold0/dataset/cifs/mb-mp-e-form-052847.cif,-0.841846673750001,ScGeRh2,4,
mb-mp-e-form-049535,matbench_mp_e_form,test,<RUNS_ROOT>/official_benchmark_214/matbench_e_form_5fold/fold0/dataset/cifs/mb-mp-e-form-049535.cif,-0.7704302675000001,TmBi,2,
mb-mp-e-form-061816,matbench_mp_e_form,test,<RUNS_ROOT>/official_benchmark_214/matbench_e_form_5fold/fold0/dataset/cifs/mb-mp-e-form-061816.cif,-1.1823118641666668,NdAsPd,6,
mb-mp-e-form-086582,matbench_mp_e_form,test,<RUNS_ROOT>/official_benchmark_214/matbench_e_form_5fold/fold0/dataset/cifs/mb-mp-e-form-086582.cif,-2.050228732053572,Na2CuPCO7,24,
mb-mp-e-form-129392,matbench_mp_e_form,test,<RUNS_ROOT>/official_benchmark_214/matbench_e_form_5fold/fold0/dataset/cifs/mb-mp-e-form-129392.cif,-3.4368644646002084,K2TiOF4,128,
mb-mp-e-form-058103,matbench_mp_e_form,test,<RUNS_ROOT>/official_benchmark_214/matbench_e_form_5fold/fold0/dataset/cifs/mb-mp-e-form-058103.cif,-1.0539047191250006,Li2CuS2,20,
mb-mp-e-form-072009,matbench_mp_e_form,test,<RUNS_ROOT>/official_benchmark_214/matbench_e_form_5fold/fold0/dataset/cifs/mb-mp-e-form-072009.cif,-1.6245944354224544,Ba2SmInSe5,18,
mb-mp-e-form-046037,matbench_mp_e_form,test,<RUNS_ROOT>/official_benchmark_214/matbench_e_form_5fold/fold0/dataset/cifs/mb-mp-e-form-046037.cif,-0.6972634254722219,Tb(Mo3Se4)2,15,
mb-mp-e-form-130639,matbench_mp_e_form,test,<RUNS_ROOT>/official_benchmark_214/matbench_e_form_5fold/fold0/dataset/cifs/mb-mp-e-form-130639.cif,-3.521807095079365,TbNbO4,24,
mb-mp-e-form-052404,matbench_mp_e_form,test,<RUNS_ROOT>/official_benchmark_214/matbench_e_form_5fold/fold0/dataset/cifs/mb-mp-e-form-052404.cif,-0.8594035500000003,La2Al3GaPd4,10,
mb-mp-e-form-123296,matbench_mp_e_form,test,<RUNS_ROOT>/official_benchmark_214/matbench_e_form_5fold/fold0/dataset/cifs/mb-mp-e-form-123296.cif,-3.045722803250001,Ba2LaSbO6,10,
mb-mp-e-form-002603,matbench_mp_e_form,test,<RUNS_ROOT>/official_benchmark_214/matbench_e_form_5fold/fold0/dataset/cifs/mb-mp-e-form-002603.cif,0.9320323759999992,Ho2FeSi2,5,
mb-mp-e-form-072584,matbench_mp_e_form,test,<RUNS_ROOT>/official_benchmark_214/matbench_e_form_5fold/fold0/dataset/cifs/mb-mp-e-form-072584.cif,-1.616713992916667,SrCaI4,24,
mb-mp-e-form-027205,matbench_mp_e_form,test,<RUNS_ROOT>/official_benchmark_214/matbench_e_form_5fold/fold0/dataset/cifs/mb-mp-e-form-027205.cif,-0.3348340505115149,Mg(BH4)2,132,
mb-mp-e-form-082054,matbench_mp_e_form,test,<RUNS_ROOT>/official_benchmark_214/matbench_e_form_5fold/fold0/dataset/cifs/mb-mp-e-form-082054.cif,-1.9125407002312924,Rb2UH4(SeO6)2,84,
mb-mp-e-form-041223,matbench_mp_e_form,test,<RUNS_ROOT>/official_benchmark_214/matbench_e_form_5fold/fold0/dataset/cifs/mb-mp-e-form-041223.cif,-0.5874525666666663,ErCuSn,6,
mb-mp-e-form-013675,matbench_mp_e_form,test,<RUNS_ROOT>/official_benchmark_214/matbench_e_form_5fold/fold0/dataset/cifs/mb-mp-e-form-013675.cif,-0.0166085659375013,Ce2Fe17C,20,
mb-mp-e-form-035484,matbench_mp_e_form,test,<RUNS_ROOT>/official_benchmark_214/matbench_e_form_5fold/fold0/dataset/cifs/mb-mp-e-form-035484.cif,-0.4790461192857138,Ho2(Ga3Co)3,28,
mb-mp-e-form-075240,matbench_mp_e_form,test,<RUNS_ROOT>/official_benchmark_214/matbench_e_form_5fold/fold0/dataset/cifs/mb-mp-e-form-075240.cif,-1.7383143407692303,NaLu(ReO5)4,52,
mb-mp-e-form-031653,matbench_mp_e_form,test,<RUNS_ROOT>/official_benchmark_214/matbench_e_form_5fold/fold0/dataset/cifs/mb-mp-e-form-031653.cif,-0.4011717786666665,Tb(SiAg)2,5,
mb-mp-e-form-032184,matbench_mp_e_form,test,<RUNS_ROOT>/official_benchmark_214/matbench_e_form_5fold/fold0/dataset/cifs/mb-mp-e-form-032184.cif,-0.422890206069999,USi6H54C18N3F,332,
mb-mp-e-form-024519,matbench_mp_e_form,test,<RUNS_ROOT>/official_benchmark_214/matbench_e_form_5fold/fold0/dataset/cifs/mb-mp-e-form-024519.cif,-0.2855515825000001,SnTe,2,
mb-mp-e-form-093446,matbench_mp_e_form,test,<RUNS_ROOT>/official_benchmark_214/matbench_e_form_5fold/fold0/dataset/cifs/mb-mp-e-form-093446.cif,-2.246243837281668,Li2CoO2F,12,
mb-mp-e-form-049873,matbench_mp_e_form,test,<RUNS_ROOT>/official_benchmark_214/matbench_e_form_5fold/fold0/dataset/cifs/mb-mp-e-form-049873.cif,-0.7578674774999996,SmAs2Au,16,
mb-mp-e-form-064844,matbench_mp_e_form,test,<RUNS_ROOT>/official_benchmark_214/matbench_e_form_5fold/fold0/dataset/cifs/mb-mp-e-form-064844.cif,-1.3294915268749996,NaSmTe2,4,
mb-mp-e-form-074539,matbench_mp_e_form,test,<RUNS_ROOT>/official_benchmark_214/matbench_e_form_5fold/fold0/dataset/cifs/mb-mp-e-form-074539.cif,-1.6983927121280935,Cs4Ru2Cl10O,68,
mb-mp-e-form-060773,matbench_mp_e_form,test,<RUNS_ROOT>/official_benchmark_214/matbench_e_form_5fold/fold0/dataset/cifs/mb-mp-e-form-060773.cif,-1.1575477250892865,Tl2(PbO3)3,14,
mb-mp-e-form-027873,matbench_mp_e_form,test,<RUNS_ROOT>/official_benchmark_214/matbench_e_form_5fold/fold0/dataset/cifs/mb-mp-e-form-027873.cif,-0.3363387652149994,HfH3,4,
mb-mp-e-form-019852,matbench_mp_e_form,test,<RUNS_ROOT>/official_benchmark_214/matbench_e_form_5fold/fold0/dataset/cifs/mb-mp-e-form-019852.cif,-0.16256366625,ThCdAg2,4,
mb-mp-e-form-044784,matbench_mp_e_form,test,<RUNS_ROOT>/official_benchmark_214/matbench_e_form_5fold/fold0/dataset/cifs/mb-mp-e-form-044784.cif,-0.6455322839583335,HgO,6,
mb-mp-e-form-001695,matbench_mp_e_form,test,<RUNS_ROOT>/official_benchmark_214/matbench_e_form_5fold/fold0/dataset/cifs/mb-mp-e-form-001695.cif,1.4602670268749995,Pr2(NiAs)3,8,
mb-mp-e-form-034101,matbench_mp_e_form,test,<RUNS_ROOT>/official_benchmark_214/matbench_e_form_5fold/fold0/dataset/cifs/mb-mp-e-form-034101.cif,-0.4538845195833336,La2TlIn,4,
mb-mp-e-form-101045,matbench_mp_e_form,test,<RUNS_ROOT>/official_benchmark_214/matbench_e_form_5fold/fold0/dataset/cifs/mb-mp-e-form-101045.cif,-2.43113685675,VCrO3,10,
mb-mp-e-form-118610,matbench_mp_e_form,test,<RUNS_ROOT>/official_benchmark_214/matbench_e_form_5fold/fold0/dataset/cifs/mb-mp-e-form-118610.cif,-2.855969696096938,Li4Ti3Nb5O16,28,
mb-mp-e-form-106429,matbench_mp_e_form,test,<RUNS_ROOT>/official_benchmark_214/matbench_e_form_5fold/fold0/dataset/cifs/mb-mp-e-form-106429.cif,-2.543034956448413,LiP4WO12,36,
mb-mp-e-form-051998,matbench_mp_e_form,test,<RUNS_ROOT>/official_benchmark_214/matbench_e_form_5fold/fold0/dataset/cifs/mb-mp-e-form-051998.cif,-0.8575630457142859,Yb5Pt2,14,
mb-mp-e-form-010691,matbench_mp_e_form,test,<RUNS_ROOT>/official_benchmark_214/matbench_e_form_5fold/fold0/dataset/cifs/mb-mp-e-form-010691.cif,0.0490898366666664,CuNiPd,3,
mb-mp-e-form-051869,matbench_mp_e_form,test,<RUNS_ROOT>/official_benchmark_214/matbench_e_form_5fold/fold0/dataset/cifs/mb-mp-e-form-051869.cif,-0.8336640025,Sc3Co2Si3,16,
mb-mp-e-form-036945,matbench_mp_e_form,test,<RUNS_ROOT>/official_benchmark_214/matbench_e_form_5fold/fold0/dataset/cifs/mb-mp-e-form-036945.cif,-0.5145089728571425,Ca3(AlGe)2,7,
mb-mp-e-form-014188,matbench_mp_e_form,test,<RUNS_ROOT>/official_benchmark_214/matbench_e_form_5fold/fold0/dataset/cifs/mb-mp-e-form-014188.cif,-0.0415671186842117,Nd2Al2Fe15,19,
mb-mp-e-form-010732,matbench_mp_e_form,test,<RUNS_ROOT>/official_benchmark_214/matbench_e_form_5fold/fold0/dataset/cifs/mb-mp-e-form-010732.cif,0.0514448037500008,Mn2CoSb,4,
mb-mp-e-form-032392,matbench_mp_e_form,test,<RUNS_ROOT>/official_benchmark_214/matbench_e_form_5fold/fold0/dataset/cifs/mb-mp-e-form-032392.cif,-0.422137035000001,Pr2Al3Ag,6,
mb-mp-e-form-085712,matbench_mp_e_form,test,<RUNS_ROOT>/official_benchmark_214/matbench_e_form_5fold/fold0/dataset/cifs/mb-mp-e-form-085712.cif,-2.01135553034,LiMn2Cr2O8,52,
mb-mp-e-form-110543,matbench_mp_e_form,test,<RUNS_ROOT>/official_benchmark_214/matbench_e_form_5fold/fold0/dataset/cifs/mb-mp-e-form-110543.cif,-2.628535774075398,Li5V3P8O29,90,
mb-mp-e-form-113908,matbench_mp_e_form,test,<RUNS_ROOT>/official_benchmark_214/matbench_e_form_5fold/fold0/dataset/cifs/mb-mp-e-form-113908.cif,-2.7304470289123373,MgFeP2O7,44,
mb-mp-e-form-097558,matbench_mp_e_form,test,<RUNS_ROOT>/official_benchmark_214/matbench_e_form_5fold/fold0/dataset/cifs/mb-mp-e-form-097558.cif,-2.347676181369047,Cr4P2O9,60,
mb-mp-e-form-044565,matbench_mp_e_form,test,<RUNS_ROOT>/official_benchmark_214/matbench_e_form_5fold/fold0/dataset/cifs/mb-mp-e-form-044565.cif,-0.6579930600000004,TlI,4,
mb-mp-e-form-012880,matbench_mp_e_form,test,<RUNS_ROOT>/official_benchmark_214/matbench_e_form_5fold/fold0/dataset/cifs/mb-mp-e-form-012880.cif,0.0098081645833332,Sm5Mg,6,
mb-mp-e-form-016707,matbench_mp_e_form,test,<RUNS_ROOT>/official_benchmark_214/matbench_e_form_5fold/fold0/dataset/cifs/mb-mp-e-form-016707.cif,-0.0836248566666662,CdAs2,6,
mb-mp-e-form-038794,matbench_mp_e_form,test,<RUNS_ROOT>/official_benchmark_214/matbench_e_form_5fold/fold0/dataset/cifs/mb-mp-e-form-038794.cif,-0.5259757758258932,PuP3,8,
mb-mp-e-form-039618,matbench_mp_e_form,test,<RUNS_ROOT>/official_benchmark_214/matbench_e_form_5fold/fold0/dataset/cifs/mb-mp-e-form-039618.cif,-0.5482174299999999,DyAl4Ni,12,
mb-mp-e-form-099255,matbench_mp_e_form,test,<RUNS_ROOT>/official_benchmark_214/matbench_e_form_5fold/fold0/dataset/cifs/mb-mp-e-form-099255.cif,-2.380726803181308,Na3Mg3In(SO4)6,74,
mb-mp-e-form-006164,matbench_mp_e_form,test,<RUNS_ROOT>/official_benchmark_214/matbench_e_form_5fold/fold0/dataset/cifs/mb-mp-e-form-006164.cif,0.2072961322370692,CsKMg14,16,
mb-mp-e-form-118283,matbench_mp_e_form,test,<RUNS_ROOT>/official_benchmark_214/matbench_e_form_5fold/fold0/dataset/cifs/mb-mp-e-form-118283.cif,-2.866005654264705,Na2Co(Si2O5)2,34,
mb-mp-e-form-079014,matbench_mp_e_form,test,<RUNS_ROOT>/official_benchmark_214/matbench_e_form_5fold/fold0/dataset/cifs/mb-mp-e-form-079014.cif,-1.841821685336427,Li4MnCo2O7,28,
mb-mp-e-form-114631,matbench_mp_e_form,test,<RUNS_ROOT>/official_benchmark_214/matbench_e_form_5fold/fold0/dataset/cifs/mb-mp-e-form-114631.cif,-2.730568511198413,Nb2PbO6,90,
mb-mp-e-form-126714,matbench_mp_e_form,test,<RUNS_ROOT>/official_benchmark_214/matbench_e_form_5fold/fold0/dataset/cifs/mb-mp-e-form-126714.cif,-3.2240632407922223,K2Al2O3F2,18,
mb-mp-e-form-006273,matbench_mp_e_form,test,<RUNS_ROOT>/official_benchmark_214/matbench_e_form_5fold/fold0/dataset/cifs/mb-mp-e-form-006273.cif,0.1949790208333333,MgSi2,12,
mb-mp-e-form-044472,matbench_mp_e_form,test,<RUNS_ROOT>/official_benchmark_214/matbench_e_form_5fold/fold0/dataset/cifs/mb-mp-e-form-044472.cif,-0.6490866144905814,K4Re6TeC6S7N6,120,
mb-mp-e-form-072239,matbench_mp_e_form,test,<RUNS_ROOT>/official_benchmark_214/matbench_e_form_5fold/fold0/dataset/cifs/mb-mp-e-form-072239.cif,-1.6204351792968748,LiGdSe2,4,
mb-mp-e-form-117499,matbench_mp_e_form,test,<RUNS_ROOT>/official_benchmark_214/matbench_e_form_5fold/fold0/dataset/cifs/mb-mp-e-form-117499.cif,-2.827294782750001,TmBiO3,10,
mb-mp-e-form-104066,matbench_mp_e_form,test,<RUNS_ROOT>/official_benchmark_214/matbench_e_form_5fold/fold0/dataset/cifs/mb-mp-e-form-104066.cif,-2.498597131777143,Na3YbC2(O3F)2,56,
mb-mp-e-form-025116,matbench_mp_e_form,test,<RUNS_ROOT>/official_benchmark_214/matbench_e_form_5fold/fold0/dataset/cifs/mb-mp-e-form-025116.cif,-0.2892363224999998,LuScCo2,4,
mb-mp-e-form-095622,matbench_mp_e_form,test,<RUNS_ROOT>/official_benchmark_214/matbench_e_form_5fold/fold0/dataset/cifs/mb-mp-e-form-095622.cif,-2.2907737706250004,Li3Cr2FeO6,12,
mb-mp-e-form-025986,matbench_mp_e_form,test,<RUNS_ROOT>/official_benchmark_214/matbench_e_form_5fold/fold0/dataset/cifs/mb-mp-e-form-025986.cif,-0.3131950051666664,Ce(BC)2,10,
mb-mp-e-form-123155,matbench_mp_e_form,test,<RUNS_ROOT>/official_benchmark_214/matbench_e_form_5fold/fold0/dataset/cifs/mb-mp-e-form-123155.cif,-3.0443416167006814,Ba3ZrNb5O12,42,
mb-mp-e-form-122797,matbench_mp_e_form,test,<RUNS_ROOT>/official_benchmark_214/matbench_e_form_5fold/fold0/dataset/cifs/mb-mp-e-form-122797.cif,-3.055276405930452,Ti3P3O13,38,
mb-mp-e-form-064268,matbench_mp_e_form,test,<RUNS_ROOT>/official_benchmark_214/matbench_e_form_5fold/fold0/dataset/cifs/mb-mp-e-form-064268.cif,-1.3032993674304003,Th2N7OF15,100,
mb-mp-e-form-105331,matbench_mp_e_form,test,<RUNS_ROOT>/official_benchmark_214/matbench_e_form_5fold/fold0/dataset/cifs/mb-mp-e-form-105331.cif,-2.5119100083623707,Na7Fe4(PO4)6,82,
mb-mp-e-form-030074,matbench_mp_e_form,test,<RUNS_ROOT>/official_benchmark_214/matbench_e_form_5fold/fold0/dataset/cifs/mb-mp-e-form-030074.cif,-0.3821189125000002,GdBi3,8,
mb-mp-e-form-112142,matbench_mp_e_form,test,<RUNS_ROOT>/official_benchmark_214/matbench_e_form_5fold/fold0/dataset/cifs/mb-mp-e-form-112142.cif,-2.688226560357143,MgCoSiO4,28,
mb-mp-e-form-106781,matbench_mp_e_form,test,<RUNS_ROOT>/official_benchmark_214/matbench_e_form_5fold/fold0/dataset/cifs/mb-mp-e-form-106781.cif,-2.5505911084375,BaHfMg6O8,16,
mb-mp-e-form-108169,matbench_mp_e_form,test,<RUNS_ROOT>/official_benchmark_214/matbench_e_form_5fold/fold0/dataset/cifs/mb-mp-e-form-108169.cif,-2.592079340510204,Sr2EuNb(CuO4)2,28,
mb-mp-e-form-099999,matbench_mp_e_form,test,<RUNS_ROOT>/official_benchmark_214/matbench_e_form_5fold/fold0/dataset/cifs/mb-mp-e-form-099999.cif,-2.419641745923913,Sr8Fe5Re5O28,46,
mb-mp-e-form-023490,matbench_mp_e_form,test,<RUNS_ROOT>/official_benchmark_214/matbench_e_form_5fold/fold0/dataset/cifs/mb-mp-e-form-023490.cif,-0.2665986642857145,NbNi3,8,
mb-mp-e-form-057438,matbench_mp_e_form,test,<RUNS_ROOT>/official_benchmark_214/matbench_e_form_5fold/fold0/dataset/cifs/mb-mp-e-form-057438.cif,-1.018941001269842,Zr2Co4P3,36,
mb-mp-e-form-020639,matbench_mp_e_form,test,<RUNS_ROOT>/official_benchmark_214/matbench_e_form_5fold/fold0/dataset/cifs/mb-mp-e-form-020639.cif,-0.1894695063888889,TiZn2,12,
mb-mp-e-form-069362,matbench_mp_e_form,test,<RUNS_ROOT>/official_benchmark_214/matbench_e_form_5fold/fold0/dataset/cifs/mb-mp-e-form-069362.cif,-1.5058104454807697,Er(IO3)3,52,
mb-mp-e-form-095639,matbench_mp_e_form,test,<RUNS_ROOT>/official_benchmark_214/matbench_e_form_5fold/fold0/dataset/cifs/mb-mp-e-form-095639.cif,-2.299469366845237,Na2FePCO7,48,
mb-mp-e-form-099160,matbench_mp_e_form,test,<RUNS_ROOT>/official_benchmark_214/matbench_e_form_5fold/fold0/dataset/cifs/mb-mp-e-form-099160.cif,-2.386187378461538,LiScMo3O8,13,
mb-mp-e-form-059420,matbench_mp_e_form,test,<RUNS_ROOT>/official_benchmark_214/matbench_e_form_5fold/fold0/dataset/cifs/mb-mp-e-form-059420.cif,-1.1167075814375012,Ga(MoS2)3,40,
mb-mp-e-form-131679,matbench_mp_e_form,test,<RUNS_ROOT>/official_benchmark_214/matbench_e_form_5fold/fold0/dataset/cifs/mb-mp-e-form-131679.cif,-3.785889325921053,Lu6WO12,19,
mb-mp-e-form-108745,matbench_mp_e_form,test,<RUNS_ROOT>/official_benchmark_214/matbench_e_form_5fold/fold0/dataset/cifs/mb-mp-e-form-108745.cif,-2.5811257282933333,ZnSnF4,12,
mb-mp-e-form-042465,matbench_mp_e_form,test,<RUNS_ROOT>/official_benchmark_214/matbench_e_form_5fold/fold0/dataset/cifs/mb-mp-e-form-042465.cif,-0.6028722970312508,CoS,4,
mb-mp-e-form-075060,matbench_mp_e_form,test,<RUNS_ROOT>/official_benchmark_214/matbench_e_form_5fold/fold0/dataset/cifs/mb-mp-e-form-075060.cif,-1.7158257347799997,SiHg2(O2F3)2,13,
mb-mp-e-form-076986,matbench_mp_e_form,test,<RUNS_ROOT>/official_benchmark_214/matbench_e_form_5fold/fold0/dataset/cifs/mb-mp-e-form-076986.cif,-1.7915095925599989,Li4MnCo3O8,16,
mb-mp-e-form-123046,matbench_mp_e_form,test,<RUNS_ROOT>/official_benchmark_214/matbench_e_form_5fold/fold0/dataset/cifs/mb-mp-e-form-123046.cif,-3.0371838751371416,SrLaMnO4,14,
mb-mp-e-form-050872,matbench_mp_e_form,test,<RUNS_ROOT>/official_benchmark_214/matbench_e_form_5fold/fold0/dataset/cifs/mb-mp-e-form-050872.cif,-0.7997703774279998,CaMoN3,10,
mb-mp-e-form-131232,matbench_mp_e_form,test,<RUNS_ROOT>/official_benchmark_214/matbench_e_form_5fold/fold0/dataset/cifs/mb-mp-e-form-131232.cif,-3.650301372875,BaU2O7,20,
mb-mp-e-form-017422,matbench_mp_e_form,test,<RUNS_ROOT>/official_benchmark_214/matbench_e_form_5fold/fold0/dataset/cifs/mb-mp-e-form-017422.cif,-0.1153739899999997,Li2GaSi,4,
mb-mp-e-form-095893,matbench_mp_e_form,test,<RUNS_ROOT>/official_benchmark_214/matbench_e_form_5fold/fold0/dataset/cifs/mb-mp-e-form-095893.cif,-2.316210258188254,MnFeCo(PO4)3,72,
mb-mp-e-form-028227,matbench_mp_e_form,test,<RUNS_ROOT>/official_benchmark_214/matbench_e_form_5fold/fold0/dataset/cifs/mb-mp-e-form-028227.cif,-0.3520446740517243,Dy5(CoSn3)6,116,
mb-mp-e-form-001020,matbench_mp_e_form,test,<RUNS_ROOT>/official_benchmark_214/matbench_e_form_5fold/fold0/dataset/cifs/mb-mp-e-form-001020.cif,1.4645961890479997,Zn(BrN)2,10,
mb-mp-e-form-016864,matbench_mp_e_form,test,<RUNS_ROOT>/official_benchmark_214/matbench_e_form_5fold/fold0/dataset/cifs/mb-mp-e-form-016864.cif,-0.0872122006249997,NdErMg2,4,
mb-mp-e-form-089505,matbench_mp_e_form,test,<RUNS_ROOT>/official_benchmark_214/matbench_e_form_5fold/fold0/dataset/cifs/mb-mp-e-form-089505.cif,-2.1406521483622223,Mn3(O2F)2,18,
mb-mp-e-form-013659,matbench_mp_e_form,test,<RUNS_ROOT>/official_benchmark_214/matbench_e_form_5fold/fold0/dataset/cifs/mb-mp-e-form-013659.cif,-0.0280617599999999,CoPt,2,
mb-mp-e-form-071290,matbench_mp_e_form,test,<RUNS_ROOT>/official_benchmark_214/matbench_e_form_5fold/fold0/dataset/cifs/mb-mp-e-form-071290.cif,-1.5744012246435592,KMg2As2H31O23,59,
mb-mp-e-form-001000,matbench_mp_e_form,test,<RUNS_ROOT>/official_benchmark_214/matbench_e_form_5fold/fold0/dataset/cifs/mb-mp-e-form-001000.cif,1.2786206898333343,KC2,6,
mb-mp-e-form-054855,matbench_mp_e_form,test,<RUNS_ROOT>/official_benchmark_214/matbench_e_form_5fold/fold0/dataset/cifs/mb-mp-e-form-054855.cif,-0.9158158554279991,LaMnN3,10,
mb-mp-e-form-110822,matbench_mp_e_form,test,<RUNS_ROOT>/official_benchmark_214/matbench_e_form_5fold/fold0/dataset/cifs/mb-mp-e-form-110822.cif,-2.654771759375001,ZnFe(SiO3)2,80,
mb-mp-e-form-000903,matbench_mp_e_form,test,<RUNS_ROOT>/official_benchmark_214/matbench_e_form_5fold/fold0/dataset/cifs/mb-mp-e-form-000903.cif,1.5420701323333337,KMnRu,3,
mb-mp-e-form-039167,matbench_mp_e_form,test,<RUNS_ROOT>/official_benchmark_214/matbench_e_form_5fold/fold0/dataset/cifs/mb-mp-e-form-039167.cif,-0.5451522966964291,Nb4CrSi3,16,
mb-mp-e-form-107776,matbench_mp_e_form,test,<RUNS_ROOT>/official_benchmark_214/matbench_e_form_5fold/fold0/dataset/cifs/mb-mp-e-form-107776.cif,-2.576255756041667,Mg6AlBO8,16,
mb-mp-e-form-026252,matbench_mp_e_form,test,<RUNS_ROOT>/official_benchmark_214/matbench_e_form_5fold/fold0/dataset/cifs/mb-mp-e-form-026252.cif,-0.3115952319999998,Er2CdCu2,10,
mb-mp-e-form-057104,matbench_mp_e_form,test,<RUNS_ROOT>/official_benchmark_214/matbench_e_form_5fold/fold0/dataset/cifs/mb-mp-e-form-057104.cif,-1.0320971497499998,GeTeO3,5,
mb-mp-e-form-008770,matbench_mp_e_form,test,<RUNS_ROOT>/official_benchmark_214/matbench_e_form_5fold/fold0/dataset/cifs/mb-mp-e-form-008770.cif,0.1150641700000001,Be4CuSi,6,
mb-mp-e-form-075896,matbench_mp_e_form,test,<RUNS_ROOT>/official_benchmark_214/matbench_e_form_5fold/fold0/dataset/cifs/mb-mp-e-form-075896.cif,-1.7523766288095233,ZnIn2O4,28,
mb-mp-e-form-107859,matbench_mp_e_form,test,<RUNS_ROOT>/official_benchmark_214/matbench_e_form_5fold/fold0/dataset/cifs/mb-mp-e-form-107859.cif,-2.583594216620371,Ba2InGaO5,18,
mb-mp-e-form-080681,matbench_mp_e_form,test,<RUNS_ROOT>/official_benchmark_214/matbench_e_form_5fold/fold0/dataset/cifs/mb-mp-e-form-080681.cif,-1.8660872579166667,GeWO4,24,
mb-mp-e-form-047192,matbench_mp_e_form,test,<RUNS_ROOT>/official_benchmark_214/matbench_e_form_5fold/fold0/dataset/cifs/mb-mp-e-form-047192.cif,-0.718087698188,Te7IrCl7,30,
mb-mp-e-form-041305,matbench_mp_e_form,test,<RUNS_ROOT>/official_benchmark_214/matbench_e_form_5fold/fold0/dataset/cifs/mb-mp-e-form-041305.cif,-0.5916098511111118,Tb2Ga3Cu,6,
mb-mp-e-form-098351,matbench_mp_e_form,test,<RUNS_ROOT>/official_benchmark_214/matbench_e_form_5fold/fold0/dataset/cifs/mb-mp-e-form-098351.cif,-2.367534713944285,K2P2H2O7,52,
mb-mp-e-form-018998,matbench_mp_e_form,test,<RUNS_ROOT>/official_benchmark_214/matbench_e_form_5fold/fold0/dataset/cifs/mb-mp-e-form-018998.cif,-0.1743939527777792,GdFe4B,12,
mb-mp-e-form-030056,matbench_mp_e_form,test,<RUNS_ROOT>/official_benchmark_214/matbench_e_form_5fold/fold0/dataset/cifs/mb-mp-e-form-030056.cif,-0.3785208512499993,Be2IrRu,4,
mb-mp-e-form-096230,matbench_mp_e_form,test,<RUNS_ROOT>/official_benchmark_214/matbench_e_form_5fold/fold0/dataset/cifs/mb-mp-e-form-096230.cif,-2.324459904107144,LiFe2(PO4)3,72,
mb-mp-e-form-094626,matbench_mp_e_form,test,<RUNS_ROOT>/official_benchmark_214/matbench_e_form_5fold/fold0/dataset/cifs/mb-mp-e-form-094626.cif,-2.268041717307692,Li6WO6,13,
mb-mp-e-form-055859,matbench_mp_e_form,test,<RUNS_ROOT>/official_benchmark_214/matbench_e_form_5fold/fold0/dataset/cifs/mb-mp-e-form-055859.cif,-0.9648526982112068,RbAgO2,4,
mb-mp-e-form-103996,matbench_mp_e_form,test,<RUNS_ROOT>/official_benchmark_214/matbench_e_form_5fold/fold0/dataset/cifs/mb-mp-e-form-103996.cif,-2.496766919565,NdClO2,8,
mb-mp-e-form-041645,matbench_mp_e_form,test,<RUNS_ROOT>/official_benchmark_214/matbench_e_form_5fold/fold0/dataset/cifs/mb-mp-e-form-041645.cif,-0.5920253888095239,CdI2,21,
mb-mp-e-form-116405,matbench_mp_e_form,test,<RUNS_ROOT>/official_benchmark_214/matbench_e_form_5fold/fold0/dataset/cifs/mb-mp-e-form-116405.cif,-2.7897096511111124,Ta2CuO6,36,
mb-mp-e-form-088952,matbench_mp_e_form,test,<RUNS_ROOT>/official_benchmark_214/matbench_e_form_5fold/fold0/dataset/cifs/mb-mp-e-form-088952.cif,-2.1239596545833326,Mg2Sb2O5,18,
mb-mp-e-form-121664,matbench_mp_e_form,test,<RUNS_ROOT>/official_benchmark_214/matbench_e_form_5fold/fold0/dataset/cifs/mb-mp-e-form-121664.cif,-2.97029034723375,LiMn2F5,32,
mb-mp-e-form-061862,matbench_mp_e_form,test,<RUNS_ROOT>/official_benchmark_214/matbench_e_form_5fold/fold0/dataset/cifs/mb-mp-e-form-061862.cif,-1.194384574722222,Pr(NiO3)2,18,
mb-mp-e-form-057750,matbench_mp_e_form,test,<RUNS_ROOT>/official_benchmark_214/matbench_e_form_5fold/fold0/dataset/cifs/mb-mp-e-form-057750.cif,-1.0413466655861117,H14RuS2(N2O3)2,54,
mb-mp-e-form-078026,matbench_mp_e_form,test,<RUNS_ROOT>/official_benchmark_214/matbench_e_form_5fold/fold0/dataset/cifs/mb-mp-e-form-078026.cif,-1.82959416219738,Cs2NaTlCl6,10,
mb-mp-e-form-053617,matbench_mp_e_form,test,<RUNS_ROOT>/official_benchmark_214/matbench_e_form_5fold/fold0/dataset/cifs/mb-mp-e-form-053617.cif,-0.8784061082802495,ZnHg2H14C4N6O13,80,
mb-mp-e-form-073505,matbench_mp_e_form,test,<RUNS_ROOT>/official_benchmark_214/matbench_e_form_5fold/fold0/dataset/cifs/mb-mp-e-form-073505.cif,-1.6474487519081824,H2W2O7,22,
mb-mp-e-form-061691,matbench_mp_e_form,test,<RUNS_ROOT>/official_benchmark_214/matbench_e_form_5fold/fold0/dataset/cifs/mb-mp-e-form-061691.cif,-1.1875461402990908,K2H2RhCl5O,44,
mb-mp-e-form-030859,matbench_mp_e_form,test,<RUNS_ROOT>/official_benchmark_214/matbench_e_form_5fold/fold0/dataset/cifs/mb-mp-e-form-030859.cif,-0.3877925599999994,Pr2NiIr,4,
mb-mp-e-form-038928,matbench_mp_e_form,test,<RUNS_ROOT>/official_benchmark_214/matbench_e_form_5fold/fold0/dataset/cifs/mb-mp-e-form-038928.cif,-0.5447439049999991,SiSnPt5,7,
mb-mp-e-form-011605,matbench_mp_e_form,test,<RUNS_ROOT>/official_benchmark_214/matbench_e_form_5fold/fold0/dataset/cifs/mb-mp-e-form-011605.cif,0.0141717228906257,PuUSn6,8,
mb-mp-e-form-040848,matbench_mp_e_form,test,<RUNS_ROOT>/official_benchmark_214/matbench_e_form_5fold/fold0/dataset/cifs/mb-mp-e-form-040848.cif,-0.567666678333333,DyMgSn,6,
mb-mp-e-form-081848,matbench_mp_e_form,test,<RUNS_ROOT>/official_benchmark_214/matbench_e_form_5fold/fold0/dataset/cifs/mb-mp-e-form-081848.cif,-1.93478672025,Mg4Co5(TeO6)3,60,
mb-mp-e-form-125860,matbench_mp_e_form,test,<RUNS_ROOT>/official_benchmark_214/matbench_e_form_5fold/fold0/dataset/cifs/mb-mp-e-form-125860.cif,-3.205078428125,NaErO2,4,
mb-mp-e-form-013171,matbench_mp_e_form,test,<RUNS_ROOT>/official_benchmark_214/matbench_e_form_5fold/fold0/dataset/cifs/mb-mp-e-form-013171.cif,-0.02910165,MgGa5,12,
mb-mp-e-form-034194,matbench_mp_e_form,test,<RUNS_ROOT>/official_benchmark_214/matbench_e_form_5fold/fold0/dataset/cifs/mb-mp-e-form-034194.cif,-0.4491131767440474,CuAs12P4S12Br,120,
mb-mp-e-form-083705,matbench_mp_e_form,test,<RUNS_ROOT>/official_benchmark_214/matbench_e_form_5fold/fold0/dataset/cifs/mb-mp-e-form-083705.cif,-1.94404918775,Li4V(TeO4)3,20,
mb-mp-e-form-025767,matbench_mp_e_form,test,<RUNS_ROOT>/official_benchmark_214/matbench_e_form_5fold/fold0/dataset/cifs/mb-mp-e-form-025767.cif,-0.3007196062500004,LiPm2Ga,4,
mb-mp-e-form-120809,matbench_mp_e_form,test,<RUNS_ROOT>/official_benchmark_214/matbench_e_form_5fold/fold0/dataset/cifs/mb-mp-e-form-120809.cif,-2.9604484521093752,NaMg30CoO32,64,
mb-mp-e-form-084151,matbench_mp_e_form,test,<RUNS_ROOT>/official_benchmark_214/matbench_e_form_5fold/fold0/dataset/cifs/mb-mp-e-form-084151.cif,-1.9896674153708336,LaIn2Cl5,32,
mb-mp-e-form-077315,matbench_mp_e_form,test,<RUNS_ROOT>/official_benchmark_214/matbench_e_form_5fold/fold0/dataset/cifs/mb-mp-e-form-077315.cif,-1.8025836686533327,MnO2,12,
mb-mp-e-form-117919,matbench_mp_e_form,test,<RUNS_ROOT>/official_benchmark_214/matbench_e_form_5fold/fold0/dataset/cifs/mb-mp-e-form-117919.cif,-2.860668329750001,LaTaZnFeO6,20,
mb-mp-e-form-091227,matbench_mp_e_form,test,<RUNS_ROOT>/official_benchmark_214/matbench_e_form_5fold/fold0/dataset/cifs/mb-mp-e-form-091227.cif,-2.187268575993333,MnVO4,12,
mb-mp-e-form-034167,matbench_mp_e_form,test,<RUNS_ROOT>/official_benchmark_214/matbench_e_form_5fold/fold0/dataset/cifs/mb-mp-e-form-034167.cif,-0.4471726720969225,Cd(NO5)2,26,
mb-mp-e-form-105913,matbench_mp_e_form,test,<RUNS_ROOT>/official_benchmark_214/matbench_e_form_5fold/fold0/dataset/cifs/mb-mp-e-form-105913.cif,-2.544733985817792,NaMnP2O7,22,
mb-mp-e-form-038712,matbench_mp_e_form,test,<RUNS_ROOT>/official_benchmark_214/matbench_e_form_5fold/fold0/dataset/cifs/mb-mp-e-form-038712.cif,-0.5312131044936366,FeH12C4NCl4,44,
mb-mp-e-form-089330,matbench_mp_e_form,test,<RUNS_ROOT>/official_benchmark_214/matbench_e_form_5fold/fold0/dataset/cifs/mb-mp-e-form-089330.cif,-2.129257446210937,GdCuSeO,8,
mb-mp-e-form-004874,matbench_mp_e_form,test,<RUNS_ROOT>/official_benchmark_214/matbench_e_form_5fold/fold0/dataset/cifs/mb-mp-e-form-004874.cif,0.3802189685349999,H3Pt,8,
mb-mp-e-form-006610,matbench_mp_e_form,test,<RUNS_ROOT>/official_benchmark_214/matbench_e_form_5fold/fold0/dataset/cifs/mb-mp-e-form-006610.cif,0.1744419608333336,TbHf,2,
mb-mp-e-form-047544,matbench_mp_e_form,test,<RUNS_ROOT>/official_benchmark_214/matbench_e_form_5fold/fold0/dataset/cifs/mb-mp-e-form-047544.cif,-0.7211188529121425,EuC2(SN)2,14,
mb-mp-e-form-040030,matbench_mp_e_form,test,<RUNS_ROOT>/official_benchmark_214/matbench_e_form_5fold/fold0/dataset/cifs/mb-mp-e-form-040030.cif,-0.5649788536363641,Sc3(CuGe)4,11,
mb-mp-e-form-105342,matbench_mp_e_form,test,<RUNS_ROOT>/official_benchmark_214/matbench_e_form_5fold/fold0/dataset/cifs/mb-mp-e-form-105342.cif,-2.5208246275714288,Li3Sn2(PO4)3,40,
mb-mp-e-form-079671,matbench_mp_e_form,test,<RUNS_ROOT>/official_benchmark_214/matbench_e_form_5fold/fold0/dataset/cifs/mb-mp-e-form-079671.cif,-1.8433377225,LiCoSnO4,28,
mb-mp-e-form-034044,matbench_mp_e_form,test,<RUNS_ROOT>/official_benchmark_214/matbench_e_form_5fold/fold0/dataset/cifs/mb-mp-e-form-034044.cif,-0.4612257410125009,Zr2CuH5,16,
mb-mp-e-form-091192,matbench_mp_e_form,test,<RUNS_ROOT>/official_benchmark_214/matbench_e_form_5fold/fold0/dataset/cifs/mb-mp-e-form-091192.cif,-2.192605057416666,Ba3CoRu2O9,30,
mb-mp-e-form-064491,matbench_mp_e_form,test,<RUNS_ROOT>/official_benchmark_214/matbench_e_form_5fold/fold0/dataset/cifs/mb-mp-e-form-064491.cif,-1.31699129119,BaSiN2,16,
mb-mp-e-form-068791,matbench_mp_e_form,test,<RUNS_ROOT>/official_benchmark_214/matbench_e_form_5fold/fold0/dataset/cifs/mb-mp-e-form-068791.cif,-1.4763435324500005,Na14Co2O9,25,
mb-mp-e-form-082392,matbench_mp_e_form,test,<RUNS_ROOT>/official_benchmark_214/matbench_e_form_5fold/fold0/dataset/cifs/mb-mp-e-form-082392.cif,-1.9368674829807688,V2Te2O9,52,
mb-mp-e-form-128691,matbench_mp_e_form,test,<RUNS_ROOT>/official_benchmark_214/matbench_e_form_5fold/fold0/dataset/cifs/mb-mp-e-form-128691.cif,-3.369879522613635,Gd3SbO7,22,
mb-mp-e-form-003915,matbench_mp_e_form,test,<RUNS_ROOT>/official_benchmark_214/matbench_e_form_5fold/fold0/dataset/cifs/mb-mp-e-form-003915.cif,0.4937484306250006,YC,2,
mb-mp-e-form-103374,matbench_mp_e_form,test,<RUNS_ROOT>/official_benchmark_214/matbench_e_form_5fold/fold0/dataset/cifs/mb-mp-e-form-103374.cif,-2.4849488859848488,Li2Sn(BO3)2,22,
mb-mp-e-form-101596,matbench_mp_e_form,test,<RUNS_ROOT>/official_benchmark_214/matbench_e_form_5fold/fold0/dataset/cifs/mb-mp-e-form-101596.cif,-2.4251626052977784,Li8MnFe7(BO3)8,48,
mb-mp-e-form-117273,matbench_mp_e_form,test,<RUNS_ROOT>/official_benchmark_214/matbench_e_form_5fold/fold0/dataset/cifs/mb-mp-e-form-117273.cif,-2.834656725625,BaO,2,
mb-mp-e-form-108319,matbench_mp_e_form,test,<RUNS_ROOT>/official_benchmark_214/matbench_e_form_5fold/fold0/dataset/cifs/mb-mp-e-form-108319.cif,-2.5896482035642867,K2VPO6,40,
mb-mp-e-form-077357,matbench_mp_e_form,test,<RUNS_ROOT>/official_benchmark_214/matbench_e_form_5fold/fold0/dataset/cifs/mb-mp-e-form-077357.cif,-1.79737838284,K2MnCl6,9,
mb-mp-e-form-019035,matbench_mp_e_form,test,<RUNS_ROOT>/official_benchmark_214/matbench_e_form_5fold/fold0/dataset/cifs/mb-mp-e-form-019035.cif,-0.1592513874999999,GaSb,2,
mb-mp-e-form-032611,matbench_mp_e_form,test,<RUNS_ROOT>/official_benchmark_214/matbench_e_form_5fold/fold0/dataset/cifs/mb-mp-e-form-032611.cif,-0.4251406017968748,Bi3Se4Br,16,
mb-mp-e-form-129173,matbench_mp_e_form,test,<RUNS_ROOT>/official_benchmark_214/matbench_e_form_5fold/fold0/dataset/cifs/mb-mp-e-form-129173.cif,-3.4771064171920294,Ba3Ta4TiO15,46,
mb-mp-e-form-053855,matbench_mp_e_form,test,<RUNS_ROOT>/official_benchmark_214/matbench_e_form_5fold/fold0/dataset/cifs/mb-mp-e-form-053855.cif,-0.87354355,YbPrAu2,4,
mb-mp-e-form-126577,matbench_mp_e_form,test,<RUNS_ROOT>/official_benchmark_214/matbench_e_form_5fold/fold0/dataset/cifs/mb-mp-e-form-126577.cif,-3.191813189172079,Eu3NbO7,22,
mb-mp-e-form-070256,matbench_mp_e_form,test,<RUNS_ROOT>/official_benchmark_214/matbench_e_form_5fold/fold0/dataset/cifs/mb-mp-e-form-070256.cif,-1.540052294352808,Rb2CuBrCl3,14,
mb-mp-e-form-108520,matbench_mp_e_form,test,<RUNS_ROOT>/official_benchmark_214/matbench_e_form_5fold/fold0/dataset/cifs/mb-mp-e-form-108520.cif,-2.585848676440748,Li4V3P8O29,88,
mb-mp-e-form-092629,matbench_mp_e_form,test,<RUNS_ROOT>/official_benchmark_214/matbench_e_form_5fold/fold0/dataset/cifs/mb-mp-e-form-092629.cif,-2.2210930770238098,CoSb(PO4)2,24,
mb-mp-e-form-023368,matbench_mp_e_form,test,<RUNS_ROOT>/official_benchmark_214/matbench_e_form_5fold/fold0/dataset/cifs/mb-mp-e-form-023368.cif,-0.2617013612500001,ScGa4Fe3Co8,16,
mb-mp-e-form-106866,matbench_mp_e_form,test,<RUNS_ROOT>/official_benchmark_214/matbench_e_form_5fold/fold0/dataset/cifs/mb-mp-e-form-106866.cif,-2.568063707314,K2TlAsF6,10,
mb-mp-e-form-128043,matbench_mp_e_form,test,<RUNS_ROOT>/official_benchmark_214/matbench_e_form_5fold/fold0/dataset/cifs/mb-mp-e-form-128043.cif,-3.388112295531123,Sr10P6ClO24F,42,
mb-mp-e-form-113989,matbench_mp_e_form,test,<RUNS_ROOT>/official_benchmark_214/matbench_e_form_5fold/fold0/dataset/cifs/mb-mp-e-form-113989.cif,-2.7522562955644454,Mn3OF5,18,
mb-mp-e-form-019144,matbench_mp_e_form,test,<RUNS_ROOT>/official_benchmark_214/matbench_e_form_5fold/fold0/dataset/cifs/mb-mp-e-form-019144.cif,-0.17911322125,MgAgSb,24,
mb-mp-e-form-062919,matbench_mp_e_form,test,<RUNS_ROOT>/official_benchmark_214/matbench_e_form_5fold/fold0/dataset/cifs/mb-mp-e-form-062919.cif,-1.283168525677084,Zn2Co9O13,24,
mb-mp-e-form-034513,matbench_mp_e_form,test,<RUNS_ROOT>/official_benchmark_214/matbench_e_form_5fold/fold0/dataset/cifs/mb-mp-e-form-034513.cif,-0.4584997007142846,Al5Co2,28,
mb-mp-e-form-127581,matbench_mp_e_form,test,<RUNS_ROOT>/official_benchmark_214/matbench_e_form_5fold/fold0/dataset/cifs/mb-mp-e-form-127581.cif,-3.262367466,KAlSi3O8,26,
mb-mp-e-form-034252,matbench_mp_e_form,test,<RUNS_ROOT>/official_benchmark_214/matbench_e_form_5fold/fold0/dataset/cifs/mb-mp-e-form-034252.cif,-0.4584666257499989,HoRe2SiC,10,
mb-mp-e-form-081495,matbench_mp_e_form,test,<RUNS_ROOT>/official_benchmark_214/matbench_e_form_5fold/fold0/dataset/cifs/mb-mp-e-form-081495.cif,-1.8969405308333336,MoO2,12,
mb-mp-e-form-094115,matbench_mp_e_form,test,<RUNS_ROOT>/official_benchmark_214/matbench_e_form_5fold/fold0/dataset/cifs/mb-mp-e-form-094115.cif,-2.250760628035714,Er2MgS4,14,
mb-mp-e-form-022752,matbench_mp_e_form,test,<RUNS_ROOT>/official_benchmark_214/matbench_e_form_5fold/fold0/dataset/cifs/mb-mp-e-form-022752.cif,-0.2480222913888893,CaIn4Ni,12,
mb-mp-e-form-102838,matbench_mp_e_form,test,<RUNS_ROOT>/official_benchmark_214/matbench_e_form_5fold/fold0/dataset/cifs/mb-mp-e-form-102838.cif,-2.4799577170238103,Ti(FeO2)2,56,
mb-mp-e-form-034527,matbench_mp_e_form,test,<RUNS_ROOT>/official_benchmark_214/matbench_e_form_5fold/fold0/dataset/cifs/mb-mp-e-form-034527.cif,-0.4556079066666667,CaIn,2,
mb-mp-e-form-073527,matbench_mp_e_form,test,<RUNS_ROOT>/official_benchmark_214/matbench_e_form_5fold/fold0/dataset/cifs/mb-mp-e-form-073527.cif,-1.673531985955126,Li3(Nb2Cl5)8,177,
mb-mp-e-form-054450,matbench_mp_e_form,test,<RUNS_ROOT>/official_benchmark_214/matbench_e_form_5fold/fold0/dataset/cifs/mb-mp-e-form-054450.cif,-0.915366173877142,Ba3CrN3,14,
mb-mp-e-form-014075,matbench_mp_e_form,test,<RUNS_ROOT>/official_benchmark_214/matbench_e_form_5fold/fold0/dataset/cifs/mb-mp-e-form-014075.cif,-0.0381376483333332,MgZn,12,
mb-mp-e-form-099039,matbench_mp_e_form,test,<RUNS_ROOT>/official_benchmark_214/matbench_e_form_5fold/fold0/dataset/cifs/mb-mp-e-form-099039.cif,-2.381300923839286,Na3Nd(AsO4)2,112,
mb-mp-e-form-021110,matbench_mp_e_form,test,<RUNS_ROOT>/official_benchmark_214/matbench_e_form_5fold/fold0/dataset/cifs/mb-mp-e-form-021110.cif,-0.2252795343749998,Nd3Au,8,
mb-mp-e-form-089345,matbench_mp_e_form,test,<RUNS_ROOT>/official_benchmark_214/matbench_e_form_5fold/fold0/dataset/cifs/mb-mp-e-form-089345.cif,-2.125667512272728,Ca3Cu2(BrO2)2,11,
mb-mp-e-form-077548,matbench_mp_e_form,test,<RUNS_ROOT>/official_benchmark_214/matbench_e_form_5fold/fold0/dataset/cifs/mb-mp-e-form-077548.cif,-1.7839076873437492,Re3Pb3O10,64,
mb-mp-e-form-115834,matbench_mp_e_form,test,<RUNS_ROOT>/official_benchmark_214/matbench_e_form_5fold/fold0/dataset/cifs/mb-mp-e-form-115834.cif,-2.8043675346875,Mg14CoNiO16,32,
mb-mp-e-form-126974,matbench_mp_e_form,test,<RUNS_ROOT>/official_benchmark_214/matbench_e_form_5fold/fold0/dataset/cifs/mb-mp-e-form-126974.cif,-3.2561291545562496,KLiYbF5,32,
mb-mp-e-form-037465,matbench_mp_e_form,test,<RUNS_ROOT>/official_benchmark_214/matbench_e_form_5fold/fold0/dataset/cifs/mb-mp-e-form-037465.cif,-0.5069334049999996,CeGa2Ni3,18,
mb-mp-e-form-049697,matbench_mp_e_form,test,<RUNS_ROOT>/official_benchmark_214/matbench_e_form_5fold/fold0/dataset/cifs/mb-mp-e-form-049697.cif,-0.780214063793104,Hf6Si7Ni16,29,
mb-mp-e-form-114419,matbench_mp_e_form,test,<RUNS_ROOT>/official_benchmark_214/matbench_e_form_5fold/fold0/dataset/cifs/mb-mp-e-form-114419.cif,-2.7250972234420003,LaMnO3,20,
mb-mp-e-form-089238,matbench_mp_e_form,test,<RUNS_ROOT>/official_benchmark_214/matbench_e_form_5fold/fold0/dataset/cifs/mb-mp-e-form-089238.cif,-2.125977976875,BaFe4Sn2O11,36,
mb-mp-e-form-083529,matbench_mp_e_form,test,<RUNS_ROOT>/official_benchmark_214/matbench_e_form_5fold/fold0/dataset/cifs/mb-mp-e-form-083529.cif,-1.9532473694800008,Mn3O5F,18,
mb-mp-e-form-067152,matbench_mp_e_form,test,<RUNS_ROOT>/official_benchmark_214/matbench_e_form_5fold/fold0/dataset/cifs/mb-mp-e-form-067152.cif,-1.4494779015847574,K2NiH12(SeO7)2,62,
mb-mp-e-form-104368,matbench_mp_e_form,test,<RUNS_ROOT>/official_benchmark_214/matbench_e_form_5fold/fold0/dataset/cifs/mb-mp-e-form-104368.cif,-2.497502942386363,U(MoO4)2,88,
mb-mp-e-form-102753,matbench_mp_e_form,test,<RUNS_ROOT>/official_benchmark_214/matbench_e_form_5fold/fold0/dataset/cifs/mb-mp-e-form-102753.cif,-2.4447162665,Ca2NiWO6,10,
mb-mp-e-form-085910,matbench_mp_e_form,test,<RUNS_ROOT>/official_benchmark_214/matbench_e_form_5fold/fold0/dataset/cifs/mb-mp-e-form-085910.cif,-2.0399835921285714,K2Cu(ClF)2,7,
mb-mp-e-form-066997,matbench_mp_e_form,test,<RUNS_ROOT>/official_benchmark_214/matbench_e_form_5fold/fold0/dataset/cifs/mb-mp-e-form-066997.cif,-1.457115510087292,KH3(SeO3)2,48,
mb-mp-e-form-011552,matbench_mp_e_form,test,<RUNS_ROOT>/official_benchmark_214/matbench_e_form_5fold/fold0/dataset/cifs/mb-mp-e-form-011552.cif,0.0317069189093659,P2N6O,72,
mb-mp-e-form-117628,matbench_mp_e_form,test,<RUNS_ROOT>/official_benchmark_214/matbench_e_form_5fold/fold0/dataset/cifs/mb-mp-e-form-117628.cif,-2.818664455053572,K2TmPCO7,24,
mb-mp-e-form-103001,matbench_mp_e_form,test,<RUNS_ROOT>/official_benchmark_214/matbench_e_form_5fold/fold0/dataset/cifs/mb-mp-e-form-103001.cif,-2.470699197408461,Mn8Si6O25,78,
mb-mp-e-form-030260,matbench_mp_e_form,test,<RUNS_ROOT>/official_benchmark_214/matbench_e_form_5fold/fold0/dataset/cifs/mb-mp-e-form-030260.cif,-0.379350636904762,Zn2InI4,14,
mb-mp-e-form-023006,matbench_mp_e_form,test,<RUNS_ROOT>/official_benchmark_214/matbench_e_form_5fold/fold0/dataset/cifs/mb-mp-e-form-023006.cif,-0.2586325333333334,CeOs2,12,
mb-mp-e-form-113195,matbench_mp_e_form,test,<RUNS_ROOT>/official_benchmark_214/matbench_e_form_5fold/fold0/dataset/cifs/mb-mp-e-form-113195.cif,-2.6939898770238098,Ba4InSbO8,14,
mb-mp-e-form-064434,matbench_mp_e_form,test,<RUNS_ROOT>/official_benchmark_214/matbench_e_form_5fold/fold0/dataset/cifs/mb-mp-e-form-064434.cif,-1.319092444468751,CoSeO3,20,
mb-mp-e-form-057851,matbench_mp_e_form,test,<RUNS_ROOT>/official_benchmark_214/matbench_e_form_5fold/fold0/dataset/cifs/mb-mp-e-form-057851.cif,-1.0391542801249996,KAgO2,8,
mb-mp-e-form-035995,matbench_mp_e_form,test,<RUNS_ROOT>/official_benchmark_214/matbench_e_form_5fold/fold0/dataset/cifs/mb-mp-e-form-035995.cif,-0.4797258828787882,EuIn2(GeIr)4,11,
mb-mp-e-form-007381,matbench_mp_e_form,test,<RUNS_ROOT>/official_benchmark_214/matbench_e_form_5fold/fold0/dataset/cifs/mb-mp-e-form-007381.cif,0.1366826617857144,Mg3Si4,28,
mb-mp-e-form-054593,matbench_mp_e_form,test,<RUNS_ROOT>/official_benchmark_214/matbench_e_form_5fold/fold0/dataset/cifs/mb-mp-e-form-054593.cif,-0.9179950692816092,Rb2ZnI3,12,
mb-mp-e-form-011522,matbench_mp_e_form,test,<RUNS_ROOT>/official_benchmark_214/matbench_e_form_5fold/fold0/dataset/cifs/mb-mp-e-form-011522.cif,0.0137311161121145,H6C2S(BrN)2,52,
mb-mp-e-form-016485,matbench_mp_e_form,test,<RUNS_ROOT>/official_benchmark_214/matbench_e_form_5fold/fold0/dataset/cifs/mb-mp-e-form-016485.cif,-0.0841474266666676,La2TiCo16,19,
mb-mp-e-form-036844,matbench_mp_e_form,test,<RUNS_ROOT>/official_benchmark_214/matbench_e_form_5fold/fold0/dataset/cifs/mb-mp-e-form-036844.cif,-0.4798008120238097,Mg2Ni3P,6,
mb-mp-e-form-031397,matbench_mp_e_form,test,<RUNS_ROOT>/official_benchmark_214/matbench_e_form_5fold/fold0/dataset/cifs/mb-mp-e-form-031397.cif,-0.400753288015873,Ni6Ge2P,9,
mb-mp-e-form-013741,matbench_mp_e_form,test,<RUNS_ROOT>/official_benchmark_214/matbench_e_form_5fold/fold0/dataset/cifs/mb-mp-e-form-013741.cif,-0.0095250167506374,P2Se5,28,
mb-mp-e-form-060237,matbench_mp_e_form,test,<RUNS_ROOT>/official_benchmark_214/matbench_e_form_5fold/fold0/dataset/cifs/mb-mp-e-form-060237.cif,-1.1307565212051638,Sr2Ca49Mo12N56O3,122,
mb-mp-e-form-000966,matbench_mp_e_form,test,<RUNS_ROOT>/official_benchmark_214/matbench_e_form_5fold/fold0/dataset/cifs/mb-mp-e-form-000966.cif,1.04396637,CeMg,4,
mb-mp-e-form-062245,matbench_mp_e_form,test,<RUNS_ROOT>/official_benchmark_214/matbench_e_form_5fold/fold0/dataset/cifs/mb-mp-e-form-062245.cif,-1.22753135925,Nd2Br2O,5,
mb-mp-e-form-116140,matbench_mp_e_form,test,<RUNS_ROOT>/official_benchmark_214/matbench_e_form_5fold/fold0/dataset/cifs/mb-mp-e-form-116140.cif,-2.791213158928572,Sr2Nd2CrNiO8,14,
mb-mp-e-form-130984,matbench_mp_e_form,test,<RUNS_ROOT>/official_benchmark_214/matbench_e_form_5fold/fold0/dataset/cifs/mb-mp-e-form-130984.cif,-3.64242178375,Ca2ScTaO6,20,
mb-mp-e-form-058554,matbench_mp_e_form,test,<RUNS_ROOT>/official_benchmark_214/matbench_e_form_5fold/fold0/dataset/cifs/mb-mp-e-form-058554.cif,-1.0504606330952388,ZrNbP,12,
mb-mp-e-form-045073,matbench_mp_e_form,test,<RUNS_ROOT>/official_benchmark_214/matbench_e_form_5fold/fold0/dataset/cifs/mb-mp-e-form-045073.cif,-0.6817649535896166,Nb6Tl3SBr17,54,
mb-mp-e-form-038925,matbench_mp_e_form,test,<RUNS_ROOT>/official_benchmark_214/matbench_e_form_5fold/fold0/dataset/cifs/mb-mp-e-form-038925.cif,-0.5469939262500004,La2Re2Si2C,7,
mb-mp-e-form-110748,matbench_mp_e_form,test,<RUNS_ROOT>/official_benchmark_214/matbench_e_form_5fold/fold0/dataset/cifs/mb-mp-e-form-110748.cif,-2.6261704054411763,Si3(WO6)2,68,
mb-mp-e-form-119021,matbench_mp_e_form,test,<RUNS_ROOT>/official_benchmark_214/matbench_e_form_5fold/fold0/dataset/cifs/mb-mp-e-form-119021.cif,-2.8946813884565,La7SmMn6(FeO12)2,40,
mb-mp-e-form-104827,matbench_mp_e_form,test,<RUNS_ROOT>/official_benchmark_214/matbench_e_form_5fold/fold0/dataset/cifs/mb-mp-e-form-104827.cif,-2.529037682359694,CaSb2P2O9,56,
mb-mp-e-form-024530,matbench_mp_e_form,test,<RUNS_ROOT>/official_benchmark_214/matbench_e_form_5fold/fold0/dataset/cifs/mb-mp-e-form-024530.cif,-0.277861755,YPb3,4,
mb-mp-e-form-058866,matbench_mp_e_form,test,<RUNS_ROOT>/official_benchmark_214/matbench_e_form_5fold/fold0/dataset/cifs/mb-mp-e-form-058866.cif,-1.058780524807692,Mg(MnS2)4,13,
mb-mp-e-form-110923,matbench_mp_e_form,test,<RUNS_ROOT>/official_benchmark_214/matbench_e_form_5fold/fold0/dataset/cifs/mb-mp-e-form-110923.cif,-2.648610605446444,Li7Mn4(P2O7)4,94,
mb-mp-e-form-051080,matbench_mp_e_form,test,<RUNS_ROOT>/official_benchmark_214/matbench_e_form_5fold/fold0/dataset/cifs/mb-mp-e-form-051080.cif,-0.8142658760714294,VP,4,
mb-mp-e-form-103185,matbench_mp_e_form,test,<RUNS_ROOT>/official_benchmark_214/matbench_e_form_5fold/fold0/dataset/cifs/mb-mp-e-form-103185.cif,-2.4801742459304505,LiMo2P3O13,76,
mb-mp-e-form-078517,matbench_mp_e_form,test,<RUNS_ROOT>/official_benchmark_214/matbench_e_form_5fold/fold0/dataset/cifs/mb-mp-e-form-078517.cif,-1.8151229413866667,AgSbTe6S16(OF5)6,60,
mb-mp-e-form-048493,matbench_mp_e_form,test,<RUNS_ROOT>/official_benchmark_214/matbench_e_form_5fold/fold0/dataset/cifs/mb-mp-e-form-048493.cif,-0.7361090496666677,Nd2InGe2,10,
mb-mp-e-form-100342,matbench_mp_e_form,test,<RUNS_ROOT>/official_benchmark_214/matbench_e_form_5fold/fold0/dataset/cifs/mb-mp-e-form-100342.cif,-2.41977616385375,ReF7,16,
mb-mp-e-form-084305,matbench_mp_e_form,test,<RUNS_ROOT>/official_benchmark_214/matbench_e_form_5fold/fold0/dataset/cifs/mb-mp-e-form-084305.cif,-1.993303146090504,Fe2P3(HO3)3,34,
mb-mp-e-form-092967,matbench_mp_e_form,test,<RUNS_ROOT>/official_benchmark_214/matbench_e_form_5fold/fold0/dataset/cifs/mb-mp-e-form-092967.cif,-2.2255950141666667,NaU(TeO4)2,24,
mb-mp-e-form-113717,matbench_mp_e_form,test,<RUNS_ROOT>/official_benchmark_214/matbench_e_form_5fold/fold0/dataset/cifs/mb-mp-e-form-113717.cif,-2.7037243089130434,Al6Cd4TeO12,23,
mb-mp-e-form-130886,matbench_mp_e_form,test,<RUNS_ROOT>/official_benchmark_214/matbench_e_form_5fold/fold0/dataset/cifs/mb-mp-e-form-130886.cif,-3.715793616833461,Ba5Cr3F18,208,
mb-mp-e-form-096774,matbench_mp_e_form,test,<RUNS_ROOT>/official_benchmark_214/matbench_e_form_5fold/fold0/dataset/cifs/mb-mp-e-form-096774.cif,-2.356107974396552,RbMg6FeO8,16,
mb-mp-e-form-058411,matbench_mp_e_form,test,<RUNS_ROOT>/official_benchmark_214/matbench_e_form_5fold/fold0/dataset/cifs/mb-mp-e-form-058411.cif,-1.073169612173611,K(USe3)2,9,
mb-mp-e-form-074751,matbench_mp_e_form,test,<RUNS_ROOT>/official_benchmark_214/matbench_e_form_5fold/fold0/dataset/cifs/mb-mp-e-form-074751.cif,-1.7031079147155563,Fe3O5F,18,
mb-mp-e-form-103048,matbench_mp_e_form,test,<RUNS_ROOT>/official_benchmark_214/matbench_e_form_5fold/fold0/dataset/cifs/mb-mp-e-form-103048.cif,-2.482231780606,K3TmCl6,40,
mb-mp-e-form-096869,matbench_mp_e_form,test,<RUNS_ROOT>/official_benchmark_214/matbench_e_form_5fold/fold0/dataset/cifs/mb-mp-e-form-096869.cif,-2.340895183365385,BaErFe4O7,13,
mb-mp-e-form-028931,matbench_mp_e_form,test,<RUNS_ROOT>/official_benchmark_214/matbench_e_form_5fold/fold0/dataset/cifs/mb-mp-e-form-028931.cif,-0.3696542685937511,Te3MoWS,12,
mb-mp-e-form-121255,matbench_mp_e_form,test,<RUNS_ROOT>/official_benchmark_214/matbench_e_form_5fold/fold0/dataset/cifs/mb-mp-e-form-121255.cif,-2.982603330138889,BaLaEuZnO5,18,
mb-mp-e-form-063721,matbench_mp_e_form,test,<RUNS_ROOT>/official_benchmark_214/matbench_e_form_5fold/fold0/dataset/cifs/mb-mp-e-form-063721.cif,-1.2797985581250009,Na2CdO3,12,
mb-mp-e-form-065261,matbench_mp_e_form,test,<RUNS_ROOT>/official_benchmark_214/matbench_e_form_5fold/fold0/dataset/cifs/mb-mp-e-form-065261.cif,-1.3401494875862072,Tl(V3S4)4,29,
mb-mp-e-form-012434,matbench_mp_e_form,test,<RUNS_ROOT>/official_benchmark_214/matbench_e_form_5fold/fold0/dataset/cifs/mb-mp-e-form-012434.cif,0.0027879833495145,Zn89(Mo2Au5)2,103,
mb-mp-e-form-090264,matbench_mp_e_form,test,<RUNS_ROOT>/official_benchmark_214/matbench_e_form_5fold/fold0/dataset/cifs/mb-mp-e-form-090264.cif,-2.154408300865,LiMnO2,8,
mb-mp-e-form-105434,matbench_mp_e_form,test,<RUNS_ROOT>/official_benchmark_214/matbench_e_form_5fold/fold0/dataset/cifs/mb-mp-e-form-105434.cif,-2.516476657091837,Li3Sb(PO4)2,42,
mb-mp-e-form-015447,matbench_mp_e_form,test,<RUNS_ROOT>/official_benchmark_214/matbench_e_form_5fold/fold0/dataset/cifs/mb-mp-e-form-015447.cif,-0.0730530333333341,PrYCo4,6,
mb-mp-e-form-049903,matbench_mp_e_form,test,<RUNS_ROOT>/official_benchmark_214/matbench_e_form_5fold/fold0/dataset/cifs/mb-mp-e-form-049903.cif,-0.7936336050000001,Li3CeSb2,6,
mb-mp-e-form-034071,matbench_mp_e_form,test,<RUNS_ROOT>/official_benchmark_214/matbench_e_form_5fold/fold0/dataset/cifs/mb-mp-e-form-034071.cif,-0.4474165084453125,KSe3,8,
mb-mp-e-form-001708,matbench_mp_e_form,test,<RUNS_ROOT>/official_benchmark_214/matbench_e_form_5fold/fold0/dataset/cifs/mb-mp-e-form-001708.cif,1.3281443410243057,TbSeI,6,
mb-mp-e-form-103385,matbench_mp_e_form,test,<RUNS_ROOT>/official_benchmark_214/matbench_e_form_5fold/fold0/dataset/cifs/mb-mp-e-form-103385.cif,-2.475370858912338,LiSnP2O7,44,
mb-mp-e-form-012573,matbench_mp_e_form,test,<RUNS_ROOT>/official_benchmark_214/matbench_e_form_5fold/fold0/dataset/cifs/mb-mp-e-form-012573.cif,-0.0053128038461539,Ga21Ni5,26,
mb-mp-e-form-079626,matbench_mp_e_form,test,<RUNS_ROOT>/official_benchmark_214/matbench_e_form_5fold/fold0/dataset/cifs/mb-mp-e-form-079626.cif,-1.853735954239584,Tb2Se3,40,
mb-mp-e-form-083521,matbench_mp_e_form,test,<RUNS_ROOT>/official_benchmark_214/matbench_e_form_5fold/fold0/dataset/cifs/mb-mp-e-form-083521.cif,-1.9513971025379988,LiMn3O6,20,
mb-mp-e-form-102596,matbench_mp_e_form,test,<RUNS_ROOT>/official_benchmark_214/matbench_e_form_5fold/fold0/dataset/cifs/mb-mp-e-form-102596.cif,-2.4501755187500005,Sm2Pb2O7,44,
mb-mp-e-form-117776,matbench_mp_e_form,test,<RUNS_ROOT>/official_benchmark_214/matbench_e_form_5fold/fold0/dataset/cifs/mb-mp-e-form-117776.cif,-2.854165882187499,CaMg6ZnO8,16,
mb-mp-e-form-077270,matbench_mp_e_form,test,<RUNS_ROOT>/official_benchmark_214/matbench_e_form_5fold/fold0/dataset/cifs/mb-mp-e-form-077270.cif,-1.8001080509606493,La2InCuS5,36,
mb-mp-e-form-042560,matbench_mp_e_form,test,<RUNS_ROOT>/official_benchmark_214/matbench_e_form_5fold/fold0/dataset/cifs/mb-mp-e-form-042560.cif,-0.5983223030539775,Tl6SeI4,22,
mb-mp-e-form-122407,matbench_mp_e_form,test,<RUNS_ROOT>/official_benchmark_214/matbench_e_form_5fold/fold0/dataset/cifs/mb-mp-e-form-122407.cif,-2.998116256587301,Ba(PO3)2,36,
mb-mp-e-form-000317,matbench_mp_e_form,test,<RUNS_ROOT>/official_benchmark_214/matbench_e_form_5fold/fold0/dataset/cifs/mb-mp-e-form-000317.cif,1.7120955524999997,LiPd2Au,4,
mb-mp-e-form-120200,matbench_mp_e_form,test,<RUNS_ROOT>/official_benchmark_214/matbench_e_form_5fold/fold0/dataset/cifs/mb-mp-e-form-120200.cif,-2.917160875750001,SrCaV2O6,20,
mb-mp-e-form-079805,matbench_mp_e_form,test,<RUNS_ROOT>/official_benchmark_214/matbench_e_form_5fold/fold0/dataset/cifs/mb-mp-e-form-079805.cif,-1.8493338335714284,Mg(BiO2)2,28,
mb-mp-e-form-075645,matbench_mp_e_form,test,<RUNS_ROOT>/official_benchmark_214/matbench_e_form_5fold/fold0/dataset/cifs/mb-mp-e-form-075645.cif,-1.7407145926785716,Na7SbO6,14,
mb-mp-e-form-128391,matbench_mp_e_form,test,<RUNS_ROOT>/official_benchmark_214/matbench_e_form_5fold/fold0/dataset/cifs/mb-mp-e-form-128391.cif,-3.3160003557065227,Li2Ca4Si4O13,46,
mb-mp-e-form-032244,matbench_mp_e_form,test,<RUNS_ROOT>/official_benchmark_214/matbench_e_form_5fold/fold0/dataset/cifs/mb-mp-e-form-032244.cif,-0.40948679625,Ca6Cd11Pt,72,
mb-mp-e-form-116312,matbench_mp_e_form,test,<RUNS_ROOT>/official_benchmark_214/matbench_e_form_5fold/fold0/dataset/cifs/mb-mp-e-form-116312.cif,-2.78794064375,BaYb2CoO5,36,
mb-mp-e-form-121152,matbench_mp_e_form,test,<RUNS_ROOT>/official_benchmark_214/matbench_e_form_5fold/fold0/dataset/cifs/mb-mp-e-form-121152.cif,-2.9567666748863632,Eu3MoO7,22,
mb-mp-e-form-015947,matbench_mp_e_form,test,<RUNS_ROOT>/official_benchmark_214/matbench_e_form_5fold/fold0/dataset/cifs/mb-mp-e-form-015947.cif,-0.0827261257733328,Zn2ReN3,24,
mb-mp-e-form-023174,matbench_mp_e_form,test,<RUNS_ROOT>/official_benchmark_214/matbench_e_form_5fold/fold0/dataset/cifs/mb-mp-e-form-023174.cif,-0.2696276572413796,V3(Co10B3)2,29,
mb-mp-e-form-131882,matbench_mp_e_form,test,<RUNS_ROOT>/official_benchmark_214/matbench_e_form_5fold/fold0/dataset/cifs/mb-mp-e-form-131882.cif,-4.242548086633,KHo2F7,40,
mb-mp-e-form-087313,matbench_mp_e_form,test,<RUNS_ROOT>/official_benchmark_214/matbench_e_form_5fold/fold0/dataset/cifs/mb-mp-e-form-087313.cif,-2.072455331220396,K2Co2(SO4)3,76,
mb-mp-e-form-124266,matbench_mp_e_form,test,<RUNS_ROOT>/official_benchmark_214/matbench_e_form_5fold/fold0/dataset/cifs/mb-mp-e-form-124266.cif,-3.094684046583333,EuBO3,20,
mb-mp-e-form-003442,matbench_mp_e_form,test,<RUNS_ROOT>/official_benchmark_214/matbench_e_form_5fold/fold0/dataset/cifs/mb-mp-e-form-003442.cif,0.47853828625,Mo,16,
mb-mp-e-form-132371,matbench_mp_e_form,test,<RUNS_ROOT>/official_benchmark_214/matbench_e_form_5fold/fold0/dataset/cifs/mb-mp-e-form-132371.cif,-3.887288578703334,BaTaF7,72,
mb-mp-e-form-017145,matbench_mp_e_form,test,<RUNS_ROOT>/official_benchmark_214/matbench_e_form_5fold/fold0/dataset/cifs/mb-mp-e-form-017145.cif,-0.1277171928799999,CuCl3O2,24,
mb-mp-e-form-021640,matbench_mp_e_form,test,<RUNS_ROOT>/official_benchmark_214/matbench_e_form_5fold/fold0/dataset/cifs/mb-mp-e-form-021640.cif,-0.2250723684375003,Tl(FeSe)2,5,
mb-mp-e-form-099123,matbench_mp_e_form,test,<RUNS_ROOT>/official_benchmark_214/matbench_e_form_5fold/fold0/dataset/cifs/mb-mp-e-form-099123.cif,-2.383302413979697,Be2BH3O5,22,
mb-mp-e-form-063196,matbench_mp_e_form,test,<RUNS_ROOT>/official_benchmark_214/matbench_e_form_5fold/fold0/dataset/cifs/mb-mp-e-form-063196.cif,-1.264265560147059,La(IO3)4,68,
mb-mp-e-form-081095,matbench_mp_e_form,test,<RUNS_ROOT>/official_benchmark_214/matbench_e_form_5fold/fold0/dataset/cifs/mb-mp-e-form-081095.cif,-1.881557240340909,Li2Cr2O7,22,
mb-mp-e-form-121338,matbench_mp_e_form,test,<RUNS_ROOT>/official_benchmark_214/matbench_e_form_5fold/fold0/dataset/cifs/mb-mp-e-form-121338.cif,-2.973883499285716,Al2FeO4,14,
mb-mp-e-form-050036,matbench_mp_e_form,test,<RUNS_ROOT>/official_benchmark_214/matbench_e_form_5fold/fold0/dataset/cifs/mb-mp-e-form-050036.cif,-0.7977019289434525,NbSe2,12,
mb-mp-e-form-053294,matbench_mp_e_form,test,<RUNS_ROOT>/official_benchmark_214/matbench_e_form_5fold/fold0/dataset/cifs/mb-mp-e-form-053294.cif,-0.8935709274999999,TlPt3O4,16,
mb-mp-e-form-013768,matbench_mp_e_form,test,<RUNS_ROOT>/official_benchmark_214/matbench_e_form_5fold/fold0/dataset/cifs/mb-mp-e-form-013768.cif,-0.0181597224999994,TaSn2,12,
mb-mp-e-form-086612,matbench_mp_e_form,test,<RUNS_ROOT>/official_benchmark_214/matbench_e_form_5fold/fold0/dataset/cifs/mb-mp-e-form-086612.cif,-2.044293448124999,Li10Fe9CoO20,40,
mb-mp-e-form-120554,matbench_mp_e_form,test,<RUNS_ROOT>/official_benchmark_214/matbench_e_form_5fold/fold0/dataset/cifs/mb-mp-e-form-120554.cif,-2.946774821889535,La12Cu6O25,43,
mb-mp-e-form-111336,matbench_mp_e_form,test,<RUNS_ROOT>/official_benchmark_214/matbench_e_form_5fold/fold0/dataset/cifs/mb-mp-e-form-111336.cif,-2.650137229799106,LiVPO5,32,
mb-mp-e-form-034435,matbench_mp_e_form,test,<RUNS_ROOT>/official_benchmark_214/matbench_e_form_5fold/fold0/dataset/cifs/mb-mp-e-form-034435.cif,-0.4536417900000004,Gd2Si3,5,
mb-mp-e-form-108391,matbench_mp_e_form,test,<RUNS_ROOT>/official_benchmark_214/matbench_e_form_5fold/fold0/dataset/cifs/mb-mp-e-form-108391.cif,-2.588500280453229,Li2Mn(PO3)5,46,
mb-mp-e-form-100988,matbench_mp_e_form,test,<RUNS_ROOT>/official_benchmark_214/matbench_e_form_5fold/fold0/dataset/cifs/mb-mp-e-form-100988.cif,-2.4279490258680565,HgB4O7,24,
mb-mp-e-form-089699,matbench_mp_e_form,test,<RUNS_ROOT>/official_benchmark_214/matbench_e_form_5fold/fold0/dataset/cifs/mb-mp-e-form-089699.cif,-2.1428945210052914,Na4V2P(CO4)4,54,
mb-mp-e-form-055442,matbench_mp_e_form,test,<RUNS_ROOT>/official_benchmark_214/matbench_e_form_5fold/fold0/dataset/cifs/mb-mp-e-form-055442.cif,-0.9599775774801584,Sr4GeP4,72,
mb-mp-e-form-003169,matbench_mp_e_form,test,<RUNS_ROOT>/official_benchmark_214/matbench_e_form_5fold/fold0/dataset/cifs/mb-mp-e-form-003169.cif,0.4487198553735634,RbMg6B,8,
mb-mp-e-form-107450,matbench_mp_e_form,test,<RUNS_ROOT>/official_benchmark_214/matbench_e_form_5fold/fold0/dataset/cifs/mb-mp-e-form-107450.cif,-2.5550111543750003,Li2CrSiO4,16,
mb-mp-e-form-094083,matbench_mp_e_form,test,<RUNS_ROOT>/official_benchmark_214/matbench_e_form_5fold/fold0/dataset/cifs/mb-mp-e-form-094083.cif,-2.266904434114584,Sr2SmS3,6,
mb-mp-e-form-021294,matbench_mp_e_form,test,<RUNS_ROOT>/official_benchmark_214/matbench_e_form_5fold/fold0/dataset/cifs/mb-mp-e-form-021294.cif,-0.2191364547058829,Ho12In3Fe2,17,
mb-mp-e-form-087759,matbench_mp_e_form,test,<RUNS_ROOT>/official_benchmark_214/matbench_e_form_5fold/fold0/dataset/cifs/mb-mp-e-form-087759.cif,-2.062978292181122,Nb2(CoO3)3,28,
mb-mp-e-form-039753,matbench_mp_e_form,test,<RUNS_ROOT>/official_benchmark_214/matbench_e_form_5fold/fold0/dataset/cifs/mb-mp-e-form-039753.cif,-0.5389420387499998,ScRe2Si3,48,
mb-mp-e-form-007861,matbench_mp_e_form,test,<RUNS_ROOT>/official_benchmark_214/matbench_e_form_5fold/fold0/dataset/cifs/mb-mp-e-form-007861.cif,0.1349936772727273,Te8I3,11,
mb-mp-e-form-130733,matbench_mp_e_form,test,<RUNS_ROOT>/official_benchmark_214/matbench_e_form_5fold/fold0/dataset/cifs/mb-mp-e-form-130733.cif,-3.5540506644663337,KTi2F7,10,
mb-mp-e-form-118953,matbench_mp_e_form,test,<RUNS_ROOT>/official_benchmark_214/matbench_e_form_5fold/fold0/dataset/cifs/mb-mp-e-form-118953.cif,-2.896863771815733,CsCeMg30O32,64,
mb-mp-e-form-080858,matbench_mp_e_form,test,<RUNS_ROOT>/official_benchmark_214/matbench_e_form_5fold/fold0/dataset/cifs/mb-mp-e-form-080858.cif,-1.8964296232894728,Ba2Tl2Zn2Cr3O10,19,
mb-mp-e-form-112761,matbench_mp_e_form,test,<RUNS_ROOT>/official_benchmark_214/matbench_e_form_5fold/fold0/dataset/cifs/mb-mp-e-form-112761.cif,-2.7202324523162966,Rb2Li5(BO2)7,56,
mb-mp-e-form-071046,matbench_mp_e_form,test,<RUNS_ROOT>/official_benchmark_214/matbench_e_form_5fold/fold0/dataset/cifs/mb-mp-e-form-071046.cif,-1.597138310130208,Ba2ZnSe3,24,
mb-mp-e-form-066975,matbench_mp_e_form,test,<RUNS_ROOT>/official_benchmark_214/matbench_e_form_5fold/fold0/dataset/cifs/mb-mp-e-form-066975.cif,-1.4499277311458336,ZrAs2O9,48,
mb-mp-e-form-018031,matbench_mp_e_form,test,<RUNS_ROOT>/official_benchmark_214/matbench_e_form_5fold/fold0/dataset/cifs/mb-mp-e-form-018031.cif,-0.1403529870833324,Pu2Si4Mo3,18,
mb-mp-e-form-056236,matbench_mp_e_form,test,<RUNS_ROOT>/official_benchmark_214/matbench_e_form_5fold/fold0/dataset/cifs/mb-mp-e-form-056236.cif,-0.999923492796666,V6SbH35C12Cl8O19,162,
mb-mp-e-form-057855,matbench_mp_e_form,test,<RUNS_ROOT>/official_benchmark_214/matbench_e_form_5fold/fold0/dataset/cifs/mb-mp-e-form-057855.cif,-1.0201592295233342,TiN,2,
mb-mp-e-form-127970,matbench_mp_e_form,test,<RUNS_ROOT>/official_benchmark_214/matbench_e_form_5fold/fold0/dataset/cifs/mb-mp-e-form-127970.cif,-3.365798824817428,Na2Ca4ZrNbSi4(O8F)2,60,
mb-mp-e-form-013072,matbench_mp_e_form,test,<RUNS_ROOT>/official_benchmark_214/matbench_e_form_5fold/fold0/dataset/cifs/mb-mp-e-form-013072.cif,-0.0200482266666668,ZrSc2,6,
mb-mp-e-form-035342,matbench_mp_e_form,test,<RUNS_ROOT>/official_benchmark_214/matbench_e_form_5fold/fold0/dataset/cifs/mb-mp-e-form-035342.cif,-0.4748081662499999,V2FeSi,8,
mb-mp-e-form-029506,matbench_mp_e_form,test,<RUNS_ROOT>/official_benchmark_214/matbench_e_form_5fold/fold0/dataset/cifs/mb-mp-e-form-029506.cif,-0.3621818828422629,Nb2InC,8,
mb-mp-e-form-067784,matbench_mp_e_form,test,<RUNS_ROOT>/official_benchmark_214/matbench_e_form_5fold/fold0/dataset/cifs/mb-mp-e-form-067784.cif,-1.4578693314899998,Mn3NiO8,48,
mb-mp-e-form-082425,matbench_mp_e_form,test,<RUNS_ROOT>/official_benchmark_214/matbench_e_form_5fold/fold0/dataset/cifs/mb-mp-e-form-082425.cif,-1.921399785808823,NaBi2Sb3O11,68,
mb-mp-e-form-010131,matbench_mp_e_form,test,<RUNS_ROOT>/official_benchmark_214/matbench_e_form_5fold/fold0/dataset/cifs/mb-mp-e-form-010131.cif,0.0355433975000001,SrMg14Al,16,
mb-mp-e-form-080902,matbench_mp_e_form,test,<RUNS_ROOT>/official_benchmark_214/matbench_e_form_5fold/fold0/dataset/cifs/mb-mp-e-form-080902.cif,-1.8812796493103447,RbV2Fe(AgO4)2,14,
mb-mp-e-form-014494,matbench_mp_e_form,test,<RUNS_ROOT>/official_benchmark_214/matbench_e_form_5fold/fold0/dataset/cifs/mb-mp-e-form-014494.cif,-0.0432719015476198,Sm2Ga2Fe15C2,21,
mb-mp-e-form-026980,matbench_mp_e_form,test,<RUNS_ROOT>/official_benchmark_214/matbench_e_form_5fold/fold0/dataset/cifs/mb-mp-e-form-026980.cif,-0.3342985254374998,NaCdCuSe2,20,
mb-mp-e-form-016757,matbench_mp_e_form,test,<RUNS_ROOT>/official_benchmark_214/matbench_e_form_5fold/fold0/dataset/cifs/mb-mp-e-form-016757.cif,-0.1003814500000004,FeI2,3,
mb-mp-e-form-010884,matbench_mp_e_form,test,<RUNS_ROOT>/official_benchmark_214/matbench_e_form_5fold/fold0/dataset/cifs/mb-mp-e-form-010884.cif,0.0582249811637929,RbNa3,8,
mb-mp-e-form-093177,matbench_mp_e_form,test,<RUNS_ROOT>/official_benchmark_214/matbench_e_form_5fold/fold0/dataset/cifs/mb-mp-e-form-093177.cif,-2.2405660961769045,AlP(H2O3)2,96,
mb-mp-e-form-034196,matbench_mp_e_form,test,<RUNS_ROOT>/official_benchmark_214/matbench_e_form_5fold/fold0/dataset/cifs/mb-mp-e-form-034196.cif,-0.449891228684674,Rb2B10(H5N)5,168,
mb-mp-e-form-068242,matbench_mp_e_form,test,<RUNS_ROOT>/official_benchmark_214/matbench_e_form_5fold/fold0/dataset/cifs/mb-mp-e-form-068242.cif,-1.4991220534942309,K3UH5C5O12,52,
mb-mp-e-form-020896,matbench_mp_e_form,test,<RUNS_ROOT>/official_benchmark_214/matbench_e_form_5fold/fold0/dataset/cifs/mb-mp-e-form-020896.cif,-0.2005290319133791,Cs2NaGaH6,10,
mb-mp-e-form-031446,matbench_mp_e_form,test,<RUNS_ROOT>/official_benchmark_214/matbench_e_form_5fold/fold0/dataset/cifs/mb-mp-e-form-031446.cif,-0.3955764444444433,Ho3Er3MnBi2,9,
mb-mp-e-form-083944,matbench_mp_e_form,test,<RUNS_ROOT>/official_benchmark_214/matbench_e_form_5fold/fold0/dataset/cifs/mb-mp-e-form-083944.cif,-1.976597711220999,Li3MnCoO5,20,
mb-mp-e-form-025569,matbench_mp_e_form,test,<RUNS_ROOT>/official_benchmark_214/matbench_e_form_5fold/fold0/dataset/cifs/mb-mp-e-form-025569.cif,-0.2976360714705885,Ba(Co5As3)2,68,
mb-mp-e-form-063431,matbench_mp_e_form,test,<RUNS_ROOT>/official_benchmark_214/matbench_e_form_5fold/fold0/dataset/cifs/mb-mp-e-form-063431.cif,-1.255669426875001,WS2,6,
mb-mp-e-form-043078,matbench_mp_e_form,test,<RUNS_ROOT>/official_benchmark_214/matbench_e_form_5fold/fold0/dataset/cifs/mb-mp-e-form-043078.cif,-0.6392961807142855,Yb3Ga9Pt2,14,
mb-mp-e-form-109486,matbench_mp_e_form,test,<RUNS_ROOT>/official_benchmark_214/matbench_e_form_5fold/fold0/dataset/cifs/mb-mp-e-form-109486.cif,-2.600522633983516,Li2P2WO8,26,
mb-mp-e-form-114512,matbench_mp_e_form,test,<RUNS_ROOT>/official_benchmark_214/matbench_e_form_5fold/fold0/dataset/cifs/mb-mp-e-form-114512.cif,-2.743641827663044,Li4Fe2Si4O13,92,
mb-mp-e-form-050945,matbench_mp_e_form,test,<RUNS_ROOT>/official_benchmark_214/matbench_e_form_5fold/fold0/dataset/cifs/mb-mp-e-form-050945.cif,-0.8215054942447928,Te2Mo3W(SeS2)2,12,
mb-mp-e-form-123319,matbench_mp_e_form,test,<RUNS_ROOT>/official_benchmark_214/matbench_e_form_5fold/fold0/dataset/cifs/mb-mp-e-form-123319.cif,-3.027880471458333,SiO2,48,
mb-mp-e-form-119366,matbench_mp_e_form,test,<RUNS_ROOT>/official_benchmark_214/matbench_e_form_5fold/fold0/dataset/cifs/mb-mp-e-form-119366.cif,-2.896611684077814,RbScBP2HO9,30,
mb-mp-e-form-116481,matbench_mp_e_form,test,<RUNS_ROOT>/official_benchmark_214/matbench_e_form_5fold/fold0/dataset/cifs/mb-mp-e-form-116481.cif,-2.796231436666666,TmAsO4,24,
mb-mp-e-form-044171,matbench_mp_e_form,test,<RUNS_ROOT>/official_benchmark_214/matbench_e_form_5fold/fold0/dataset/cifs/mb-mp-e-form-044171.cif,-0.6458941845833331,SrAl2Au3,24,
mb-mp-e-form-062454,matbench_mp_e_form,test,<RUNS_ROOT>/official_benchmark_214/matbench_e_form_5fold/fold0/dataset/cifs/mb-mp-e-form-062454.cif,-1.2176854512843414,P4(S2O)3,26,
mb-mp-e-form-031526,matbench_mp_e_form,test,<RUNS_ROOT>/official_benchmark_214/matbench_e_form_5fold/fold0/dataset/cifs/mb-mp-e-form-031526.cif,-0.4049858547499998,K3Sb,8,
mb-mp-e-form-129731,matbench_mp_e_form,test,<RUNS_ROOT>/official_benchmark_214/matbench_e_form_5fold/fold0/dataset/cifs/mb-mp-e-form-129731.cif,-3.429123673428572,K4Hf5O12,21,
mb-mp-e-form-062198,matbench_mp_e_form,test,<RUNS_ROOT>/official_benchmark_214/matbench_e_form_5fold/fold0/dataset/cifs/mb-mp-e-form-062198.cif,-1.2329152350521668,B5H8CO6,80,
mb-mp-e-form-039816,matbench_mp_e_form,test,<RUNS_ROOT>/official_benchmark_214/matbench_e_form_5fold/fold0/dataset/cifs/mb-mp-e-form-039816.cif,-0.5570981075000001,CaLaHg2,4,
mb-mp-e-form-060175,matbench_mp_e_form,test,<RUNS_ROOT>/official_benchmark_214/matbench_e_form_5fold/fold0/dataset/cifs/mb-mp-e-form-060175.cif,-1.1452764553392858,KPrGeSe4,14,
mb-mp-e-form-019920,matbench_mp_e_form,test,<RUNS_ROOT>/official_benchmark_214/matbench_e_form_5fold/fold0/dataset/cifs/mb-mp-e-form-019920.cif,-0.1862722833333319,ZrMn2,24,
mb-mp-e-form-121423,matbench_mp_e_form,test,<RUNS_ROOT>/official_benchmark_214/matbench_e_form_5fold/fold0/dataset/cifs/mb-mp-e-form-121423.cif,-2.9581741931497305,Ti6In2Si2P12O49,71,
mb-mp-e-form-018015,matbench_mp_e_form,test,<RUNS_ROOT>/official_benchmark_214/matbench_e_form_5fold/fold0/dataset/cifs/mb-mp-e-form-018015.cif,-0.1325402908333342,FeSbTe,12,
mb-mp-e-form-014844,matbench_mp_e_form,test,<RUNS_ROOT>/official_benchmark_214/matbench_e_form_5fold/fold0/dataset/cifs/mb-mp-e-form-014844.cif,-0.0525499812499994,LiLa2Os,4,
mb-mp-e-form-126337,matbench_mp_e_form,test,<RUNS_ROOT>/official_benchmark_214/matbench_e_form_5fold/fold0/dataset/cifs/mb-mp-e-form-126337.cif,-3.196382045544872,Na2Er2B2O7,52,
mb-mp-e-form-038568,matbench_mp_e_form,test,<RUNS_ROOT>/official_benchmark_214/matbench_e_form_5fold/fold0/dataset/cifs/mb-mp-e-form-038568.cif,-0.5340012517857146,Dy2(Ga3Ru)3,28,
mb-mp-e-form-060227,matbench_mp_e_form,test,<RUNS_ROOT>/official_benchmark_214/matbench_e_form_5fold/fold0/dataset/cifs/mb-mp-e-form-060227.cif,-1.1334397875181246,SrAl4Si2N8O,16,
mb-mp-e-form-112011,matbench_mp_e_form,test,<RUNS_ROOT>/official_benchmark_214/matbench_e_form_5fold/fold0/dataset/cifs/mb-mp-e-form-112011.cif,-2.670542943947369,Li2Al2(SiO4)3,38,
mb-mp-e-form-088494,matbench_mp_e_form,test,<RUNS_ROOT>/official_benchmark_214/matbench_e_form_5fold/fold0/dataset/cifs/mb-mp-e-form-088494.cif,-2.090878662097725,Na2LiP3H8O13,54,
mb-mp-e-form-086337,matbench_mp_e_form,test,<RUNS_ROOT>/official_benchmark_214/matbench_e_form_5fold/fold0/dataset/cifs/mb-mp-e-form-086337.cif,-2.0532723431250006,SiO,12,
mb-mp-e-form-010265,matbench_mp_e_form,test,<RUNS_ROOT>/official_benchmark_214/matbench_e_form_5fold/fold0/dataset/cifs/mb-mp-e-form-010265.cif,0.0391819100000001,Mg,1,
mb-mp-e-form-123337,matbench_mp_e_form,test,<RUNS_ROOT>/official_benchmark_214/matbench_e_form_5fold/fold0/dataset/cifs/mb-mp-e-form-123337.cif,-3.044072386826923,Na3ScSi2O7,52,
mb-mp-e-form-091365,matbench_mp_e_form,test,<RUNS_ROOT>/official_benchmark_214/matbench_e_form_5fold/fold0/dataset/cifs/mb-mp-e-form-091365.cif,-2.187860296428571,Zn(GaO2)2,14,
mb-mp-e-form-129306,matbench_mp_e_form,test,<RUNS_ROOT>/official_benchmark_214/matbench_e_form_5fold/fold0/dataset/cifs/mb-mp-e-form-129306.cif,-3.4906867915997024,BaSm4Si3SeO12,42,
mb-mp-e-form-038202,matbench_mp_e_form,test,<RUNS_ROOT>/official_benchmark_214/matbench_e_form_5fold/fold0/dataset/cifs/mb-mp-e-form-038202.cif,-0.5260526830870589,H10PtC2(NCl)2,68,
mb-mp-e-form-093380,matbench_mp_e_form,test,<RUNS_ROOT>/official_benchmark_214/matbench_e_form_5fold/fold0/dataset/cifs/mb-mp-e-form-093380.cif,-2.241700687083333,BSbO3,10,
mb-mp-e-form-021651,matbench_mp_e_form,test,<RUNS_ROOT>/official_benchmark_214/matbench_e_form_5fold/fold0/dataset/cifs/mb-mp-e-form-021651.cif,-0.2257290737499999,ScHg3,8,
mb-mp-e-form-022504,matbench_mp_e_form,test,<RUNS_ROOT>/official_benchmark_214/matbench_e_form_5fold/fold0/dataset/cifs/mb-mp-e-form-022504.cif,-0.2349591903571427,Be4NbMo,12,
mb-mp-e-form-049706,matbench_mp_e_form,test,<RUNS_ROOT>/official_benchmark_214/matbench_e_form_5fold/fold0/dataset/cifs/mb-mp-e-form-049706.cif,-0.7633653423333335,Ce(InPt)2,20,
mb-mp-e-form-055574,matbench_mp_e_form,test,<RUNS_ROOT>/official_benchmark_214/matbench_e_form_5fold/fold0/dataset/cifs/mb-mp-e-form-055574.cif,-0.95939963,Yb(SiPt)2,5,
mb-mp-e-form-108327,matbench_mp_e_form,test,<RUNS_ROOT>/official_benchmark_214/matbench_e_form_5fold/fold0/dataset/cifs/mb-mp-e-form-108327.cif,-2.5922450819854626,CsMn(PO3)4,36,
mb-mp-e-form-048468,matbench_mp_e_form,test,<RUNS_ROOT>/official_benchmark_214/matbench_e_form_5fold/fold0/dataset/cifs/mb-mp-e-form-048468.cif,-0.7436924408928586,Cu(IrS2)2,14,
mb-mp-e-form-069211,matbench_mp_e_form,test,<RUNS_ROOT>/official_benchmark_214/matbench_e_form_5fold/fold0/dataset/cifs/mb-mp-e-form-069211.cif,-1.516854876875,LiSm2Br5,16,
mb-mp-e-form-048253,matbench_mp_e_form,test,<RUNS_ROOT>/official_benchmark_214/matbench_e_form_5fold/fold0/dataset/cifs/mb-mp-e-form-048253.cif,-0.7470264883333336,TbBiRh,9,
mb-mp-e-form-001230,matbench_mp_e_form,test,<RUNS_ROOT>/official_benchmark_214/matbench_e_form_5fold/fold0/dataset/cifs/mb-mp-e-form-001230.cif,1.13416585625,ScZnHg2,4,
mb-mp-e-form-064201,matbench_mp_e_form,test,<RUNS_ROOT>/official_benchmark_214/matbench_e_form_5fold/fold0/dataset/cifs/mb-mp-e-form-064201.cif,-1.293627926489763,RbSeO4,36,
mb-mp-e-form-020833,matbench_mp_e_form,test,<RUNS_ROOT>/official_benchmark_214/matbench_e_form_5fold/fold0/dataset/cifs/mb-mp-e-form-020833.cif,-0.1896204949999997,CaCeAg2,4,
mb-mp-e-form-097693,matbench_mp_e_form,test,<RUNS_ROOT>/official_benchmark_214/matbench_e_form_5fold/fold0/dataset/cifs/mb-mp-e-form-097693.cif,-2.354606112568028,LiCoPO4,84,
mb-mp-e-form-059774,matbench_mp_e_form,test,<RUNS_ROOT>/official_benchmark_214/matbench_e_form_5fold/fold0/dataset/cifs/mb-mp-e-form-059774.cif,-1.0926303775000008,Co3Cu3(TeO8)2,24,
mb-mp-e-form-011726,matbench_mp_e_form,test,<RUNS_ROOT>/official_benchmark_214/matbench_e_form_5fold/fold0/dataset/cifs/mb-mp-e-form-011726.cif,0.0301530374999998,SrC2,3,
mb-mp-e-form-065464,matbench_mp_e_form,test,<RUNS_ROOT>/official_benchmark_214/matbench_e_form_5fold/fold0/dataset/cifs/mb-mp-e-form-065464.cif,-1.3574429584314278,HgPb2(ClO)2,7,
mb-mp-e-form-071338,matbench_mp_e_form,test,<RUNS_ROOT>/official_benchmark_214/matbench_e_form_5fold/fold0/dataset/cifs/mb-mp-e-form-071338.cif,-1.594947541749999,CuGeO3,10,
mb-mp-e-form-049670,matbench_mp_e_form,test,<RUNS_ROOT>/official_benchmark_214/matbench_e_form_5fold/fold0/dataset/cifs/mb-mp-e-form-049670.cif,-0.7657822430303031,In4Br7,22,
mb-mp-e-form-053004,matbench_mp_e_form,test,<RUNS_ROOT>/official_benchmark_214/matbench_e_form_5fold/fold0/dataset/cifs/mb-mp-e-form-053004.cif,-0.880594533831169,Ce2PPt8,11,
mb-mp-e-form-092210,matbench_mp_e_form,test,<RUNS_ROOT>/official_benchmark_214/matbench_e_form_5fold/fold0/dataset/cifs/mb-mp-e-form-092210.cif,-2.199892071441543,Fe4P3(HO5)3,50,
mb-mp-e-form-114295,matbench_mp_e_form,test,<RUNS_ROOT>/official_benchmark_214/matbench_e_form_5fold/fold0/dataset/cifs/mb-mp-e-form-114295.cif,-2.729640455951999,SnF4,5,
mb-mp-e-form-032292,matbench_mp_e_form,test,<RUNS_ROOT>/official_benchmark_214/matbench_e_form_5fold/fold0/dataset/cifs/mb-mp-e-form-032292.cif,-0.4131950316666669,Tm4MgRh,24,
mb-mp-e-form-016474,matbench_mp_e_form,test,<RUNS_ROOT>/official_benchmark_214/matbench_e_form_5fold/fold0/dataset/cifs/mb-mp-e-form-016474.cif,-0.0961379691666666,LiMgIn2,4,
mb-mp-e-form-085187,matbench_mp_e_form,test,<RUNS_ROOT>/official_benchmark_214/matbench_e_form_5fold/fold0/dataset/cifs/mb-mp-e-form-085187.cif,-2.013254078342392,Sm6Mn(SiS7)2,23,
mb-mp-e-form-099760,matbench_mp_e_form,test,<RUNS_ROOT>/official_benchmark_214/matbench_e_form_5fold/fold0/dataset/cifs/mb-mp-e-form-099760.cif,-2.4119871295279296,NaMn3P3O13,40,
mb-mp-e-form-052026,matbench_mp_e_form,test,<RUNS_ROOT>/official_benchmark_214/matbench_e_form_5fold/fold0/dataset/cifs/mb-mp-e-form-052026.cif,-0.8548295250689655,Rb2AgAuBr6,10,
mb-mp-e-form-007311,matbench_mp_e_form,test,<RUNS_ROOT>/official_benchmark_214/matbench_e_form_5fold/fold0/dataset/cifs/mb-mp-e-form-007311.cif,0.1415411895454542,Mg4Si7,22,
mb-mp-e-form-094293,matbench_mp_e_form,test,<RUNS_ROOT>/official_benchmark_214/matbench_e_form_5fold/fold0/dataset/cifs/mb-mp-e-form-094293.cif,-2.279196423697379,CsSmCl3,5,
mb-mp-e-form-079596,matbench_mp_e_form,test,<RUNS_ROOT>/official_benchmark_214/matbench_e_form_5fold/fold0/dataset/cifs/mb-mp-e-form-079596.cif,-1.857485158546666,ZrNCl,6,
mb-mp-e-form-073874,matbench_mp_e_form,test,<RUNS_ROOT>/official_benchmark_214/matbench_e_form_5fold/fold0/dataset/cifs/mb-mp-e-form-073874.cif,-1.7121963048684212,Ba2Mg2Tl2Ni3O10,19,
mb-mp-e-form-065743,matbench_mp_e_form,test,<RUNS_ROOT>/official_benchmark_214/matbench_e_form_5fold/fold0/dataset/cifs/mb-mp-e-form-065743.cif,-1.3346668272114286,Li2MnNi3O8,14,
mb-mp-e-form-002614,matbench_mp_e_form,test,<RUNS_ROOT>/official_benchmark_214/matbench_e_form_5fold/fold0/dataset/cifs/mb-mp-e-form-002614.cif,0.7084177750000009,U4Co,10,
mb-mp-e-form-023332,matbench_mp_e_form,test,<RUNS_ROOT>/official_benchmark_214/matbench_e_form_5fold/fold0/dataset/cifs/mb-mp-e-form-023332.cif,-0.2563571326530628,Zr37Mo15P4,56,
mb-mp-e-form-014668,matbench_mp_e_form,test,<RUNS_ROOT>/official_benchmark_214/matbench_e_form_5fold/fold0/dataset/cifs/mb-mp-e-form-014668.cif,-0.0355199141666666,InAs,2,
mb-mp-e-form-074004,matbench_mp_e_form,test,<RUNS_ROOT>/official_benchmark_214/matbench_e_form_5fold/fold0/dataset/cifs/mb-mp-e-form-074004.cif,-1.6978224978124992,Li9Co7O16,32,
mb-mp-e-form-008530,matbench_mp_e_form,test,<RUNS_ROOT>/official_benchmark_214/matbench_e_form_5fold/fold0/dataset/cifs/mb-mp-e-form-008530.cif,0.1089615174999991,Eu3Er,8,
mb-mp-e-form-100783,matbench_mp_e_form,test,<RUNS_ROOT>/official_benchmark_214/matbench_e_form_5fold/fold0/dataset/cifs/mb-mp-e-form-100783.cif,-2.432761137878788,Ti(WO4)2,22,
mb-mp-e-form-115103,matbench_mp_e_form,test,<RUNS_ROOT>/official_benchmark_214/matbench_e_form_5fold/fold0/dataset/cifs/mb-mp-e-form-115103.cif,-2.773343075638889,ZrTi2(PbO3)3,15,
mb-mp-e-form-129399,matbench_mp_e_form,test,<RUNS_ROOT>/official_benchmark_214/matbench_e_form_5fold/fold0/dataset/cifs/mb-mp-e-form-129399.cif,-3.4167516926357138,CaFeF5,28,
mb-mp-e-form-033781,matbench_mp_e_form,test,<RUNS_ROOT>/official_benchmark_214/matbench_e_form_5fold/fold0/dataset/cifs/mb-mp-e-form-033781.cif,-0.4328727359449995,H8C2BrN,48,
mb-mp-e-form-100002,matbench_mp_e_form,test,<RUNS_ROOT>/official_benchmark_214/matbench_e_form_5fold/fold0/dataset/cifs/mb-mp-e-form-100002.cif,-2.4194639559156657,KB5(H2O5)2,80,
mb-mp-e-form-060319,matbench_mp_e_form,test,<RUNS_ROOT>/official_benchmark_214/matbench_e_form_5fold/fold0/dataset/cifs/mb-mp-e-form-060319.cif,-1.1253475842336311,Nb3Ag2TeS6,12,
mb-mp-e-form-016347,matbench_mp_e_form,test,<RUNS_ROOT>/official_benchmark_214/matbench_e_form_5fold/fold0/dataset/cifs/mb-mp-e-form-016347.cif,-0.0829625185416661,La2NiAs2O,6,
