id,formula,cif_path,split,y_true,model_energy_per_atom,pred_element_reference,pred_affine_energy_composition,pred_composition_only_linear,natoms,nelements
mp-1187428,Ti2FeRu,<PROJECT_ROOT>/external_datasets/functional_protocol_round4_widechem_boost/meta_gga_r2scan/cif/mp-1187428.cif,train,-0.5072637695833322,-8.95205020904541,-0.5693804170236927,-0.5697699493815307,-0.6144187019774678,4,3
mp-569421,Hg9P5I6,<PROJECT_ROOT>/external_datasets/functional_protocol_round4_widechem_boost/meta_gga_r2scan/cif/mp-569421.cif,train,-0.2163795954940496,-2.093594741821289,-0.1991428499084864,-0.2010718824290505,-0.422180332163093,80,3
mp-3412,Eu(CuSi)2,<PROJECT_ROOT>/external_datasets/functional_protocol_round4_widechem_boost/meta_gga_r2scan/cif/mp-3412.cif,train,-0.4882002929999999,-6.323432159423828,-0.3907317448715277,-0.3915598627865808,-0.4864799154269252,5,3
mp-20127,NpAsSe,<PROJECT_ROOT>/external_datasets/functional_protocol_round4_widechem_boost/meta_gga_r2scan/cif/mp-20127.cif,train,-1.461288816770832,-7.96090571085612,-1.3741274296213346,-1.3768164001891767,-1.6850300291991345,6,3
mp-1187654,TmMg5,<PROJECT_ROOT>/external_datasets/functional_protocol_round4_widechem_boost/meta_gga_r2scan/cif/mp-1187654.cif,train,0.0248998441666662,-2.0671470959981284,0.026638733184586,0.0261376365479817,-0.0312987722776936,6,2
mp-28283,CsTiCl3,<PROJECT_ROOT>/external_datasets/functional_protocol_round4_widechem_boost/meta_gga_r2scan/cif/mp-28283.cif,train,-1.9461541788333327,-4.546529006958008,-1.852345731816135,-1.850200145708164,-1.6042700159425338,10,3
mp-1093909,SrCaMg2,<PROJECT_ROOT>/external_datasets/functional_protocol_round4_widechem_boost/meta_gga_r2scan/cif/mp-1093909.cif,train,1.5085033274999995,-0.3267487287521362,1.3727357382794425,1.357196513766897,-0.423931489733392,4,3
mp-865224,Th2BiTe,<PROJECT_ROOT>/external_datasets/functional_protocol_round4_widechem_boost/meta_gga_r2scan/cif/mp-865224.cif,train,-0.9568619362500002,-6.305983543395996,-0.907750203606736,-0.9077018692454296,-0.9021617160427812,4,3
mp-1019052,ReN,<PROJECT_ROOT>/external_datasets/functional_protocol_round4_widechem_boost/meta_gga_r2scan/cif/mp-1019052.cif,train,-0.0085837256249969,-10.343921025594076,-0.0310592280415242,-0.0335074606997087,-0.3141273682801264,6,2
mp-4334,Sm(CoGe)2,<PROJECT_ROOT>/external_datasets/functional_protocol_round4_widechem_boost/meta_gga_r2scan/cif/mp-4334.cif,train,-0.5591220359999994,-6.234244155883789,-0.6175117975070217,-0.6151859907179249,-0.3485987102896929,5,3
mp-865796,LuCdRh2,<PROJECT_ROOT>/external_datasets/functional_protocol_round4_widechem_boost/meta_gga_r2scan/cif/mp-865796.cif,train,-0.6920993941666644,-5.667860507965088,-0.691997005587158,-0.6912691198306096,-0.607837819685858,4,3
mp-28276,K2PrBr5,<PROJECT_ROOT>/external_datasets/functional_protocol_round4_widechem_boost/meta_gga_r2scan/cif/mp-28276.cif,train,-2.131941931458334,-3.7667315006256095,-2.0639474918836744,-2.058380527181983,-1.4202871193240334,32,3
mp-1080449,SmZnPd,<PROJECT_ROOT>/external_datasets/functional_protocol_round4_widechem_boost/meta_gga_r2scan/cif/mp-1080449.cif,train,-0.7347808216666686,-4.4301473829481335,-0.7530353860497234,-0.7515745667303655,-0.5841333797096833,9,3
mp-978268,MgZn,<PROJECT_ROOT>/external_datasets/functional_protocol_round4_widechem_boost/meta_gga_r2scan/cif/mp-978268.cif,train,-0.0670310925000006,-1.5112080574035645,-0.0681393734405713,-0.0664752827016696,0.124265163387463,4,2
mp-978912,TbYIr2,<PROJECT_ROOT>/external_datasets/functional_protocol_round4_widechem_boost/meta_gga_r2scan/cif/mp-978912.cif,train,-0.9000588150000013,-7.980861663818359,-0.8121398290812669,-0.811311056613949,-0.716315978264803,4,3
mp-1003920,Mn2HO4,<PROJECT_ROOT>/external_datasets/functional_protocol_round4_widechem_boost/meta_gga_r2scan/cif/mp-1003920.cif,train,-1.8307664103879304,-6.782490321568081,-1.4187946126022275,-1.4238105429464314,-1.998743609423589,28,3
mp-28585,Nb3ICl6,<PROJECT_ROOT>/external_datasets/functional_protocol_round4_widechem_boost/meta_gga_r2scan/cif/mp-28585.cif,train,-1.329212330125,-5.451331710815429,-1.2963700768702229,-1.2981865671412989,-1.5063952642545877,80,3
mp-1193685,Rb3FeS3,<PROJECT_ROOT>/external_datasets/functional_protocol_round4_widechem_boost/meta_gga_r2scan/cif/mp-1193685.cif,train,-1.1416325288839275,-4.297050748552595,-1.0377836898999289,-1.0378907586871318,-1.0501631352807932,28,3
mp-1209289,RbGd3F10,<PROJECT_ROOT>/external_datasets/functional_protocol_round4_widechem_boost/meta_gga_r2scan/cif/mp-1209289.cif,train,-4.210552765803572,-8.341714586530413,-4.245951923591478,-4.236151337972875,-3.1127942822910843,28,3
mp-978269,MgZn2,<PROJECT_ROOT>/external_datasets/functional_protocol_round4_widechem_boost/meta_gga_r2scan/cif/mp-978269.cif,train,-0.1404583583333346,-1.4963823954264324,-0.1187109922102978,-0.1168241884336867,0.099443942636787,6,2
mp-18280,SiO2,<PROJECT_ROOT>/external_datasets/functional_protocol_round4_widechem_boost/meta_gga_r2scan/cif/mp-18280.cif,train,-3.022098342777778,-7.900653415256077,-3.1819690668621536,-3.1764059326467047,-2.5387515805684187,36,2
mp-aaaieinz,CaY2SnO6,<PROJECT_ROOT>/external_datasets/functional_protocol_round4_widechem_boost/meta_gga_r2scan/cif/mp-aaaieinz.cif,train,-2.499590556250001,-7.100352478027344,-2.6354198362673964,-2.633387844519538,-2.4004780617905466,10,4
mp-1101715,VCrO3,<PROJECT_ROOT>/external_datasets/functional_protocol_round4_widechem_boost/meta_gga_r2scan/cif/mp-1101715.cif,train,-2.51402590725,-7.970227813720703,-1.861522124321984,-1.8635818905456836,-2.0996752231780125,20,3
mp-571491,HoB6,<PROJECT_ROOT>/external_datasets/functional_protocol_round4_widechem_boost/meta_gga_r2scan/cif/mp-571491.cif,train,-0.4395719785714281,-6.761828286307199,-0.3813509442224161,-0.3841914125523669,-0.7097699304144379,7,2
mp-1211124,Li6NiCl8,<PROJECT_ROOT>/external_datasets/functional_protocol_round4_widechem_boost/meta_gga_r2scan/cif/mp-1211124.cif,train,-1.817496776,-3.69483159383138,-1.7420097622286774,-1.7384067035020614,-1.3254189903079323,15,3
mp-510280,CeAgSb2,<PROJECT_ROOT>/external_datasets/functional_protocol_round4_widechem_boost/meta_gga_r2scan/cif/mp-510280.cif,train,-0.7921361112499987,-4.910528659820557,-0.7360510004819005,-0.734627017027111,-0.5714080091673701,8,3
mp-978512,SmTmMg2,<PROJECT_ROOT>/external_datasets/functional_protocol_round4_widechem_boost/meta_gga_r2scan/cif/mp-978512.cif,train,-0.0900402625000005,-3.1765685081481934,-0.1158271056210242,-0.1192986724398093,-0.5172145962348584,4,3
mp-1977409,S,<PROJECT_ROOT>/external_datasets/functional_protocol_round4_widechem_boost/meta_gga_r2scan/cif/mp-1977409.cif,train,0.0063238905624999,-4.104204940795898,-0.2078170606258389,-0.2212227940896483,-1.7578070207066403,80,1
mp-984315,Be3Ni,<PROJECT_ROOT>/external_datasets/functional_protocol_round4_widechem_boost/meta_gga_r2scan/cif/mp-984315.cif,train,-0.2814092168750006,-4.533290386199951,-0.2986369687229357,-0.2992535109675778,-0.369922459497806,8,2
mp-aaaieivp,Lu2Zr2O7,<PROJECT_ROOT>/external_datasets/functional_protocol_round4_widechem_boost/meta_gga_r2scan/cif/mp-aaaieivp.cif,train,-3.7975869930303,-8.923185175115412,-3.838580949869635,-3.828055637780996,-2.6216294038647785,88,3
mp-9902,Sc2CoSi2,<PROJECT_ROOT>/external_datasets/functional_protocol_round4_widechem_boost/meta_gga_r2scan/cif/mp-9902.cif,train,-0.809089071000001,-6.962079620361328,-0.8428018340248258,-0.8428176455449679,-0.8446299844592636,10,3
mp-28857,Pb(IO3)2,<PROJECT_ROOT>/external_datasets/functional_protocol_round4_widechem_boost/meta_gga_r2scan/cif/mp-28857.cif,train,-0.6515286111111102,-4.626860724555121,-1.029506602929644,-1.0421635171830408,-2.4929170214146903,36,3
mp-574199,Sm(NiP)2,<PROJECT_ROOT>/external_datasets/functional_protocol_round4_widechem_boost/meta_gga_r2scan/cif/mp-574199.cif,train,-1.0671913191904765,-6.421834564208984,-1.0829391509317006,-1.078668550775415,-0.5891662899657977,5,3
mp-1025389,LuAl2Ni,<PROJECT_ROOT>/external_datasets/functional_protocol_round4_widechem_boost/meta_gga_r2scan/cif/mp-1025389.cif,train,-0.6974564229166642,-5.097599506378174,-0.7245595638425906,-0.7237375172465716,-0.6295133678267499,8,3
mp-2767094,U(PO3)4,<PROJECT_ROOT>/external_datasets/functional_protocol_round4_widechem_boost/meta_gga_r2scan/cif/mp-2767094.cif,train,-2.6155191792296915,-7.758947035845588,-2.797378361895068,-2.7965047511131558,-2.696370241403753,34,3
mp-567705,TiAl2,<PROJECT_ROOT>/external_datasets/functional_protocol_round4_widechem_boost/meta_gga_r2scan/cif/mp-567705.cif,train,-0.472738088055556,-5.558973948160808,-0.4460094033464168,-0.4489694401806048,-0.7882530699718939,12,2
mp-2212807,Cs3IO5,<PROJECT_ROOT>/external_datasets/functional_protocol_round4_widechem_boost/meta_gga_r2scan/cif/mp-2212807.cif,train,-1.2752520859722205,-4.320358700222439,-1.5061195764070492,-1.512250605959216,-2.214997928827973,36,3
mp-510262,Cs3O,<PROJECT_ROOT>/external_datasets/functional_protocol_round4_widechem_boost/meta_gga_r2scan/cif/mp-510262.cif,train,-0.8674157184374991,-2.664204835891724,-0.9945369380642228,-0.9971548208424954,-1.297220266354275,8,2
mp-1228706,Ba2(CrS2)5,<PROJECT_ROOT>/external_datasets/functional_protocol_round4_widechem_boost/meta_gga_r2scan/cif/mp-1228706.cif,train,-1.3013039181250008,-6.500717611873851,-1.3130565275618098,-1.3114370558869002,-1.1258109103394378,34,3
mp-18022,P4Pb3O13,<PROJECT_ROOT>/external_datasets/functional_protocol_round4_widechem_boost/meta_gga_r2scan/cif/mp-18022.cif,train,-2.1886600775327367,-6.842242431640625,-2.395703597226305,-2.395003595249769,-2.3147683736071247,40,3
mp-558617,Pr4S3N2,<PROJECT_ROOT>/external_datasets/functional_protocol_round4_widechem_boost/meta_gga_r2scan/cif/mp-558617.cif,train,-2.073269873067128,-7.1378936767578125,-1.9534359781988693,-1.947534223201326,-1.27106667570943,36,3
mp-10167,Na3SbS4,<PROJECT_ROOT>/external_datasets/functional_protocol_round4_widechem_boost/meta_gga_r2scan/cif/mp-10167.cif,train,-0.9230619964062504,-3.831965684890747,-0.9106156192685192,-0.9127020955109604,-1.1518569684614808,8,3
mp-1025386,HgPPt5,<PROJECT_ROOT>/external_datasets/functional_protocol_round4_widechem_boost/meta_gga_r2scan/cif/mp-1025386.cif,train,-0.2411891050680229,-5.339473179408482,-0.2763991757301101,-0.2803298121839139,-0.7308649501371829,7,3
mp-18937,V2O3,<PROJECT_ROOT>/external_datasets/functional_protocol_round4_widechem_boost/meta_gga_r2scan/cif/mp-18937.cif,train,-2.6401478932500013,-7.973782348632812,-1.999053964413428,-2.001318077966268,-2.260833991955828,10,2
mp-1184930,HoLu3,<PROJECT_ROOT>/external_datasets/functional_protocol_round4_widechem_boost/meta_gga_r2scan/cif/mp-1184930.cif,train,0.0013734237500031,-4.534063339233398,-0.1307464341930728,-0.1414814207128607,-1.3719408359918677,8,2
mp-634446,CsAl(H2N)4,<PROJECT_ROOT>/external_datasets/functional_protocol_round4_widechem_boost/meta_gga_r2scan/cif/mp-634446.cif,train,-0.5886709657142859,-5.150477273123605,-0.5456791082897237,-0.5442682454082846,-0.3825531363217018,28,4
mp-16036,Tb2TeO2,<PROJECT_ROOT>/external_datasets/functional_protocol_round4_widechem_boost/meta_gga_r2scan/cif/mp-16036.cif,train,-3.3037461134999973,-7.427191162109375,-3.280435631782118,-3.2689772721810035,-1.955603806006232,5,3
mp-1094669,MgSn,<PROJECT_ROOT>/external_datasets/functional_protocol_round4_widechem_boost/meta_gga_r2scan/cif/mp-1094669.cif,train,-0.028421112500002,-2.8880820274353027,-0.0367785216752465,-0.0365848935734307,-0.0143909652913658,2,2
mp-1208181,Tl2PtI6,<PROJECT_ROOT>/external_datasets/functional_protocol_round4_widechem_boost/meta_gga_r2scan/cif/mp-1208181.cif,train,-0.4732764722222289,-2.6027764214409723,-0.5197356028676738,-0.5219933873826141,-0.7807838580514267,18,3
mp-561,Nb3Se4,<PROJECT_ROOT>/external_datasets/functional_protocol_round4_widechem_boost/meta_gga_r2scan/cif/mp-561.cif,train,-0.9978607266071436,-7.188068934849331,-0.9517121251847884,-0.953088972326504,-1.1109051489748445,14,2
mp-7189,AlPd,<PROJECT_ROOT>/external_datasets/functional_protocol_round4_widechem_boost/meta_gga_r2scan/cif/mp-7189.cif,train,-0.935601805000001,-5.371108531951904,-0.9162896357856348,-0.912717313449888,-0.5032526490719993,8,2
mp-761183,LiMnF4,<PROJECT_ROOT>/external_datasets/functional_protocol_round4_widechem_boost/meta_gga_r2scan/cif/mp-761183.cif,train,-2.983285604774904,-5.430322011311849,-2.7834711399878302,-2.782720940449201,-2.696732002880045,24,3
mp-570390,Ba5Al2Ge7,<PROJECT_ROOT>/external_datasets/functional_protocol_round4_widechem_boost/meta_gga_r2scan/cif/mp-570390.cif,train,-0.5843706217857151,-4.056740897042411,-0.5528520634096221,-0.5550615697621515,-0.8083183288277236,28,3
mp-9263,KErTe2,<PROJECT_ROOT>/external_datasets/functional_protocol_round4_widechem_boost/meta_gga_r2scan/cif/mp-9263.cif,train,-1.634075416770834,-4.366677284240723,-1.4946411629767926,-1.4900152772039288,-0.9597896739640164,4,3
mp-1290512,Mn3Cr3O8,<PROJECT_ROOT>/external_datasets/functional_protocol_round4_widechem_boost/meta_gga_r2scan/cif/mp-1290512.cif,train,-2.3020932356034467,-7.90687506539481,-1.6809824802993705,-1.683088497899619,-1.9244832290608749,28,3
mp-1222673,Li2GaCu3,<PROJECT_ROOT>/external_datasets/functional_protocol_round4_widechem_boost/meta_gga_r2scan/cif/mp-1222673.cif,train,-0.1807547938888897,-3.3587611516316733,-0.1789713502658441,-0.177721508335015,-0.03446284950215,6,3
mp-1211941,K2TiZnO4,<PROJECT_ROOT>/external_datasets/functional_protocol_round4_widechem_boost/meta_gga_r2scan/cif/mp-1211941.cif,train,-2.388093717239583,-6.0734405517578125,-2.5030586381468924,-2.4988554121929862,-2.0170756782364405,64,4
mp-775198,Ti3P6WO24,<PROJECT_ROOT>/external_datasets/functional_protocol_round4_widechem_boost/meta_gga_r2scan/cif/mp-775198.cif,train,-2.6620687028781496,-7.779086842256434,-2.7573141587196366,-2.756234530273584,-2.632485983034642,34,4
mp-19721,GdNbO4,<PROJECT_ROOT>/external_datasets/functional_protocol_round4_widechem_boost/meta_gga_r2scan/cif/mp-19721.cif,train,-3.335065976666668,-10.395483016967772,-3.462097724183772,-3.454667351006456,-2.6029874147344065,12,3
mp-5679,CdSO4,<PROJECT_ROOT>/external_datasets/functional_protocol_round4_widechem_boost/meta_gga_r2scan/cif/mp-5679.cif,train,-1.541953127135417,-5.488822937011719,-1.803017228682388,-1.809426085060906,-2.544018313712984,12,3
mp-1203324,Zr3Ge,<PROJECT_ROOT>/external_datasets/functional_protocol_round4_widechem_boost/meta_gga_r2scan/cif/mp-1203324.cif,train,-0.6055577256249975,-8.114884376525879,-0.6156819314667983,-0.6184489961934752,-0.935613888702172,32,2
mp-20916,V5Ge3,<PROJECT_ROOT>/external_datasets/functional_protocol_round4_widechem_boost/meta_gga_r2scan/cif/mp-20916.cif,train,-0.3692101149999978,-7.720724105834961,-0.699822420965087,-0.6983578601433837,-0.5304878168069388,16,2
mp-778052,Sm2TeO6,<PROJECT_ROOT>/external_datasets/functional_protocol_round4_widechem_boost/meta_gga_r2scan/cif/mp-778052.cif,train,-2.756631265092591,-7.185604519314236,-2.945225131121692,-2.9426225215307342,-2.6443077104606854,27,3
mp-550886,Co2P2O7,<PROJECT_ROOT>/external_datasets/functional_protocol_round4_widechem_boost/meta_gga_r2scan/cif/mp-550886.cif,train,-2.013775291109308,-6.907972856001421,-1.8869034465563412,-1.8900370688668116,-2.249217312710697,22,3
mp-12752,Zr4Al3,<PROJECT_ROOT>/external_datasets/functional_protocol_round4_widechem_boost/meta_gga_r2scan/cif/mp-12752.cif,train,-0.5185082700000001,-6.951644352504185,-0.5268199469409334,-0.5294498303848147,-0.8308908092477589,7,2
mp-505801,Eu2Ti2O7,<PROJECT_ROOT>/external_datasets/functional_protocol_round4_widechem_boost/meta_gga_r2scan/cif/mp-505801.cif,train,-3.300647697234849,-9.417062239213424,-3.34544764889577,-3.3400052726173657,-2.716192366945947,22,3
mp-3217,USeO,<PROJECT_ROOT>/external_datasets/functional_protocol_round4_widechem_boost/meta_gga_r2scan/cif/mp-3217.cif,train,-2.637332045937498,-8.843743642171225,-2.671028483390113,-2.668165986065893,-2.340062473564966,6,3
mp-1226939,Cd2TeSe,<PROJECT_ROOT>/external_datasets/functional_protocol_round4_widechem_boost/meta_gga_r2scan/cif/mp-1226939.cif,train,-0.6356143047656246,-2.6344380378723145,-0.6109402076796271,-0.6104260675634405,-0.5514945965692832,4,3
mp-554699,GePbO3,<PROJECT_ROOT>/external_datasets/functional_protocol_round4_widechem_boost/meta_gga_r2scan/cif/mp-554699.cif,train,-1.655762035249999,-6.14266103108724,-1.8720733306573027,-1.873868018975025,-2.0795777452026485,30,3
mp-1245860,Zn2RuN3,<PROJECT_ROOT>/external_datasets/functional_protocol_round4_widechem_boost/meta_gga_r2scan/cif/mp-1245860.cif,train,0.1011185931249987,-5.865180969238281,0.1508672909502024,0.1456082919768802,-0.4571856463043047,12,3
mp-1205326,Tb7PtI12,<PROJECT_ROOT>/external_datasets/functional_protocol_round4_widechem_boost/meta_gga_r2scan/cif/mp-1205326.cif,train,-1.523698727499999,-4.136921691894531,-1.4456013817121462,-1.442778538758076,-1.11922026653476,20,3
mp-1206849,SrPAu,<PROJECT_ROOT>/external_datasets/functional_protocol_round4_widechem_boost/meta_gga_r2scan/cif/mp-1206849.cif,train,-1.0322158193253963,-4.361876805623372,-0.9437318427452692,-0.9419021349053152,-0.7321784212575454,6,3
mp-29567,CuSe2Br,<PROJECT_ROOT>/external_datasets/functional_protocol_round4_widechem_boost/meta_gga_r2scan/cif/mp-29567.cif,train,-0.2575512757812497,-3.38413143157959,-0.3763920715049442,-0.3825291608584544,-1.0859710667711533,16,3
mp-1188829,KTeP2,<PROJECT_ROOT>/external_datasets/functional_protocol_round4_widechem_boost/meta_gga_r2scan/cif/mp-1188829.cif,train,-0.5346322361755949,-4.19812536239624,-0.493942787162128,-0.4960611582476906,-0.7388718634563086,16,3
mp-979715,YHoAl2,<PROJECT_ROOT>/external_datasets/functional_protocol_round4_widechem_boost/meta_gga_r2scan/cif/mp-979715.cif,train,-0.4361200787499975,-5.036710739135742,-0.4563714553276092,-0.4596413287001706,-0.8344388629698809,4,3
mp-770779,VCrO3,<PROJECT_ROOT>/external_datasets/functional_protocol_round4_widechem_boost/meta_gga_r2scan/cif/mp-770779.cif,train,-2.513847316250001,-7.9712059020996096,-1.8625002127008905,-1.8645515195200453,-2.0996752231780125,20,3
mp-1185734,Mg16TiAl12,<PROJECT_ROOT>/external_datasets/functional_protocol_round4_widechem_boost/meta_gga_r2scan/cif/mp-1185734.cif,train,-0.0243139009195394,-2.72949271366514,-0.0122799335434642,-0.0133896220898312,-0.1405837007595494,29,3
mp-2331,B2Mo,<PROJECT_ROOT>/external_datasets/functional_protocol_round4_widechem_boost/meta_gga_r2scan/cif/mp-2331.cif,train,-0.4486411166666689,-8.501349131266275,-0.5118256812575854,-0.5085918073220634,-0.1379205797007116,6,2
mp-510347,In5S5Br,<PROJECT_ROOT>/external_datasets/functional_protocol_round4_widechem_boost/meta_gga_r2scan/cif/mp-510347.cif,train,-0.7310835910511354,-3.823441592129794,-0.7258597375556981,-0.7288462757991416,-1.0711675347931011,22,3
mp-1080559,In(GaAu)2,<PROJECT_ROOT>/external_datasets/functional_protocol_round4_widechem_boost/meta_gga_r2scan/cif/mp-1080559.cif,train,-0.2703103169999963,-3.303314590454101,-0.2725261287377516,-0.2727891547625338,-0.3029375716291616,10,3
mp-567338,Pr(SiPt)2,<PROJECT_ROOT>/external_datasets/functional_protocol_round4_widechem_boost/meta_gga_r2scan/cif/mp-567338.cif,train,-1.0897723043333314,-6.570020294189453,-1.0519973874097168,-1.0508163492015905,-0.9154440708759084,5,3
mp-30749,Zr5Ir3,<PROJECT_ROOT>/external_datasets/functional_protocol_round4_widechem_boost/meta_gga_r2scan/cif/mp-30749.cif,train,-0.8586421139583346,-9.394070307413736,-0.7818829718994618,-0.7819341348196378,-0.7877985014612809,48,2
mp-865076,NaCd2Pt,<PROJECT_ROOT>/external_datasets/functional_protocol_round4_widechem_boost/meta_gga_r2scan/cif/mp-865076.cif,train,-0.3048466824999991,-2.558842658996582,-0.3055142082838062,-0.3059051310170471,-0.3507132504216385,4,3
mp-22225,CeSiBO5,<PROJECT_ROOT>/external_datasets/functional_protocol_round4_widechem_boost/meta_gga_r2scan/cif/mp-22225.cif,train,-3.2351626851562494,-8.269343058268229,-3.3310862476035386,-3.324392612420781,-2.557158632399174,24,4
mp-1194288,PaBe13,<PROJECT_ROOT>/external_datasets/functional_protocol_round4_widechem_boost/meta_gga_r2scan/cif/mp-1194288.cif,train,-0.1358931062499989,-4.279789515904018,-0.1152305207168522,-0.118935293012143,-0.5435815600385561,28,2
mp-8884,ZnTe,<PROJECT_ROOT>/external_datasets/functional_protocol_round4_widechem_boost/meta_gga_r2scan/cif/mp-8884.cif,train,-0.5593719000000021,-2.662693977355957,-0.5347843478534715,-0.5336693545891791,-0.4058672416114493,4,2
mp-1228685,B8O,<PROJECT_ROOT>/external_datasets/functional_protocol_round4_widechem_boost/meta_gga_r2scan/cif/mp-1228685.cif,train,-0.5694476291203708,-7.013098257559317,-0.581909019035602,-0.5850494900800189,-0.945014745544706,27,2
mp-973878,Lu3Ga5Ni,<PROJECT_ROOT>/external_datasets/functional_protocol_round4_widechem_boost/meta_gga_r2scan/cif/mp-973878.cif,train,-0.7336721800000008,-4.478833516438802,-0.713017935751977,-0.7126353409812163,-0.6687817844773364,9,3
mp-1207703,Y5SbPt2,<PROJECT_ROOT>/external_datasets/functional_protocol_round4_widechem_boost/meta_gga_r2scan/cif/mp-1207703.cif,train,-1.102530111250001,-7.067881107330322,-1.0868947330286023,-1.0864560437170452,-1.0361728512046344,16,3
mp-865885,CeAgHg2,<PROJECT_ROOT>/external_datasets/functional_protocol_round4_widechem_boost/meta_gga_r2scan/cif/mp-865885.cif,train,-0.3806537849999998,-2.617901086807251,-0.3121732125757059,-0.3119443366976471,-0.2857102581954489,4,3
mp-1025377,Cd(AgI2)2,<PROJECT_ROOT>/external_datasets/functional_protocol_round4_widechem_boost/meta_gga_r2scan/cif/mp-1025377.cif,train,-0.4851681042857154,-2.231443405151367,-0.5074029897431633,-0.5077802492494712,-0.5510222701582692,7,3
mp-754621,Sm2Ge2O7,<PROJECT_ROOT>/external_datasets/functional_protocol_round4_widechem_boost/meta_gga_r2scan/cif/mp-754621.cif,train,-2.791552710113636,-7.404994617808949,-2.9715141169181374,-2.9672738190621297,-2.4812448509882894,11,3
mp-773785,K2TeO4,<PROJECT_ROOT>/external_datasets/functional_protocol_round4_widechem_boost/meta_gga_r2scan/cif/mp-773785.cif,train,-1.5378172435714288,-4.988319941929409,-1.783655804219411,-1.7875798903738789,-2.2373642237054616,28,3
mp-1247807,Hf6Ga2Co,<PROJECT_ROOT>/external_datasets/functional_protocol_round4_widechem_boost/meta_gga_r2scan/cif/mp-1247807.cif,train,-0.4026256300000013,-8.482372707790798,-0.3957075892308097,-0.4002763946006107,-0.923959360897212,9,3
mp-555596,K6Si2S6O,<PROJECT_ROOT>/external_datasets/functional_protocol_round4_widechem_boost/meta_gga_r2scan/cif/mp-555596.cif,train,-1.540751537208332,-4.492637125651042,-1.4882681997553182,-1.4865019078027126,-1.2840470133129631,30,4
mp-563023,Cs7Ni4F15,<PROJECT_ROOT>/external_datasets/functional_protocol_round4_widechem_boost/meta_gga_r2scan/cif/mp-563023.cif,train,-2.6538551625,-4.2022085923414965,-2.299621142081702,-2.3004415729434493,-2.3944805246048864,52,3
mp-9804,KHo(CO3)2,<PROJECT_ROOT>/external_datasets/functional_protocol_round4_widechem_boost/meta_gga_r2scan/cif/mp-9804.cif,train,-2.3177553396249992,-7.540663146972657,-2.546570834938631,-2.543304895273048,-2.1689582480889387,20,4
mp-29841,Rh3S4,<PROJECT_ROOT>/external_datasets/functional_protocol_round4_widechem_boost/meta_gga_r2scan/cif/mp-29841.cif,train,-0.6062629511309513,-5.984126136416481,-0.6250340914569277,-0.6302665529179885,-1.2300187238191231,21,2
mp-1209024,Sc6Sn5,<PROJECT_ROOT>/external_datasets/functional_protocol_round4_widechem_boost/meta_gga_r2scan/cif/mp-1209024.cif,train,-0.7243975322727284,-5.939087607643821,-0.6855357786184904,-0.6871548408548218,-0.8727340559672703,22,2
mp-642823,Dy2V2O7,<PROJECT_ROOT>/external_datasets/functional_protocol_round4_widechem_boost/meta_gga_r2scan/cif/mp-642823.cif,train,-3.267976368750001,-8.11501104181463,-3.024680327355356,-3.0204429546776845,-2.5347492747016247,22,3
mp-1187661,YbMg3,<PROJECT_ROOT>/external_datasets/functional_protocol_round4_widechem_boost/meta_gga_r2scan/cif/mp-1187661.cif,train,-0.0442068375000008,-1.5929412841796875,-0.0046387232428548,-0.0035496162068158,0.1212853804888656,4,2
mp-1193291,Tb6Zn23,<PROJECT_ROOT>/external_datasets/functional_protocol_round4_widechem_boost/meta_gga_r2scan/cif/mp-1193291.cif,train,-0.3551060608620677,-2.269299737338362,-0.341911274804823,-0.3405158505276082,-0.1805703362008704,29,2
mp-1186794,Pr3Gd,<PROJECT_ROOT>/external_datasets/functional_protocol_round4_widechem_boost/meta_gga_r2scan/cif/mp-1186794.cif,train,0.6148145275000019,-7.077371597290039,-0.0390842142520959,-0.0487984253811406,-1.1622551142836817,8,2
mp-771240,La2P4O13,<PROJECT_ROOT>/external_datasets/functional_protocol_round4_widechem_boost/meta_gga_r2scan/cif/mp-771240.cif,train,-2.925958908718672,-7.735838237561677,-3.1423870981190136,-3.138206316303658,-2.658999161413283,38,3
mp-1193329,Mn2CrPb2O9,<PROJECT_ROOT>/external_datasets/functional_protocol_round4_widechem_boost/meta_gga_r2scan/cif/mp-1193329.cif,train,-1.8358526659082504,-6.616360800606864,-1.451021246472985,-1.4570794018885571,-2.151473787625928,28,4
mp-1008680,TiGePt,<PROJECT_ROOT>/external_datasets/functional_protocol_round4_widechem_boost/meta_gga_r2scan/cif/mp-1008680.cif,train,-0.9806829755555526,-7.058798472086589,-0.8974768972564995,-0.8977659644891753,-0.9308992616245868,3,3
mp-754359,Y6TeO12,<PROJECT_ROOT>/external_datasets/functional_protocol_round4_widechem_boost/meta_gga_r2scan/cif/mp-754359.cif,train,-3.4373524092105274,-8.435034500925164,-3.5303144851862927,-3.522058867857454,-2.5757882738066176,19,3
mp-1210650,LuZnRh,<PROJECT_ROOT>/external_datasets/functional_protocol_round4_widechem_boost/meta_gga_r2scan/cif/mp-1210650.cif,train,-0.8096737530555534,-5.139221827189128,-0.829846721782876,-0.8282256909440928,-0.6424208318177098,12,3
mp-10785,RbLuSe2,<PROJECT_ROOT>/external_datasets/functional_protocol_round4_widechem_boost/meta_gga_r2scan/cif/mp-10785.cif,train,-1.986724074010418,-4.820881366729736,-1.8770343485682777,-1.872117996878969,-1.3085987773833088,4,3
mp-11290,CaSn3,<PROJECT_ROOT>/external_datasets/functional_protocol_round4_widechem_boost/meta_gga_r2scan/cif/mp-11290.cif,train,-0.3432829450000021,-3.882995843887329,-0.3672531244092001,-0.3676325616074924,-0.4111241926670074,4,2
mp-862264,Sc2ZnTc,<PROJECT_ROOT>/external_datasets/functional_protocol_round4_widechem_boost/meta_gga_r2scan/cif/mp-862264.cif,train,-0.2945280762499997,-6.370660781860352,-0.3253534990592976,-0.3277937260406736,-0.607496011561937,4,3
mp-2767736,CoF3,<PROJECT_ROOT>/external_datasets/functional_protocol_round4_widechem_boost/meta_gga_r2scan/cif/mp-2767736.cif,train,-2.053604176875,-4.550334930419922,-1.711396373799905,-1.7210082375162123,-2.8227337204775163,16,2
mp-1208839,Sr2H6Pt,<PROJECT_ROOT>/external_datasets/functional_protocol_round4_widechem_boost/meta_gga_r2scan/cif/mp-1208839.cif,train,-0.6629810736111116,-3.868540869818793,-0.5482664684661311,-0.5469588263156524,-0.3970750241467999,18,3
mp-1211728,K3In(IO3)6,<PROJECT_ROOT>/external_datasets/functional_protocol_round4_widechem_boost/meta_gga_r2scan/cif/mp-1211728.cif,train,-0.8822011476339274,-4.513257435389927,-1.236069055442906,-1.2470555787496194,-2.506346498118803,28,4
mp-19712,PrAgPb,<PROJECT_ROOT>/external_datasets/functional_protocol_round4_widechem_boost/meta_gga_r2scan/cif/mp-19712.cif,train,-0.5741138972222236,-4.235568682352702,-0.4662224612161747,-0.4634428731911084,-0.1448425424188163,6,3
mp-757206,BaTi6O12,<PROJECT_ROOT>/external_datasets/functional_protocol_round4_widechem_boost/meta_gga_r2scan/cif/mp-757206.cif,train,-3.3250622805263164,-8.752547414679276,-3.4319125356416365,-3.425194272846768,-2.6551374409138697,38,3
mp-676274,Tl9SbSe6,<PROJECT_ROOT>/external_datasets/functional_protocol_round4_widechem_boost/meta_gga_r2scan/cif/mp-676274.cif,train,-0.4272864227734416,-3.250454902648926,-0.4419930261727014,-0.4409689170105659,-0.3235840690185427,16,3
mp-4048,Sr6(RhO3)5,<PROJECT_ROOT>/external_datasets/functional_protocol_round4_widechem_boost/meta_gga_r2scan/cif/mp-4048.cif,train,-1.9944306588942289,-6.408939068134014,-2.127333190866997,-2.1290053736168506,-2.320673337505445,26,3
mp-568848,GaCl2,<PROJECT_ROOT>/external_datasets/functional_protocol_round4_widechem_boost/meta_gga_r2scan/cif/mp-568848.cif,train,-1.09882738375,-3.2549266815185547,-1.1826590204381286,-1.184942790311173,-1.446711739665898,24,2
mp-5586,NaErO2,<PROJECT_ROOT>/external_datasets/functional_protocol_round4_widechem_boost/meta_gga_r2scan/cif/mp-5586.cif,train,-3.1424429102083344,-6.7860612869262695,-3.2100972834207,-3.2016116667861008,-2.2289782253521038,16,3
mp-1025079,EuAsPd,<PROJECT_ROOT>/external_datasets/functional_protocol_round4_widechem_boost/meta_gga_r2scan/cif/mp-1025079.cif,train,-1.1529854125000014,-7.729918162027995,-1.0341651575573998,-1.033641608679356,-0.9736316920239234,6,3
mp-1227227,CaCeN2,<PROJECT_ROOT>/external_datasets/functional_protocol_round4_widechem_boost/meta_gga_r2scan/cif/mp-1227227.cif,train,-1.460997576875,-7.374932289123535,-1.432873145074795,-1.4309831647167588,-1.2143509293660697,4,3
mp-1212520,GdZrF7,<PROJECT_ROOT>/external_datasets/functional_protocol_round4_widechem_boost/meta_gga_r2scan/cif/mp-1212520.cif,train,-4.165695827777778,-7.831426832411024,-4.22340053343174,-4.215176309264565,-3.2725040440305024,18,3
mp-557930,SiO2,<PROJECT_ROOT>/external_datasets/functional_protocol_round4_widechem_boost/meta_gga_r2scan/cif/mp-557930.cif,train,-3.00590657375,-7.876763025919597,-3.158078677525673,-3.1527221692884835,-2.5387515805684187,24,2
mp-19955,Co2CuGe2,<PROJECT_ROOT>/external_datasets/functional_protocol_round4_widechem_boost/meta_gga_r2scan/cif/mp-19955.cif,train,-0.0782202650000016,-5.684718322753906,-0.1577926853384053,-0.156447667018293,-0.0022797551503599,10,3
mp-1189354,Nd(Sb3Ru)4,<PROJECT_ROOT>/external_datasets/functional_protocol_round4_widechem_boost/meta_gga_r2scan/cif/mp-1189354.cif,train,-0.3739583563235288,-5.699504179113052,-0.3736523702506451,-0.3730009720600806,-0.2983367854583525,17,3
mp-618991,Cu2S,<PROJECT_ROOT>/external_datasets/functional_protocol_round4_widechem_boost/meta_gga_r2scan/cif/mp-618991.cif,train,-0.1925998017708335,-4.22852102915446,-0.163725996553258,-0.1648019160594742,-0.2881253393409684,12,2
mp-36066,PNO,<PROJECT_ROOT>/external_datasets/functional_protocol_round4_widechem_boost/meta_gga_r2scan/cif/mp-36066.cif,train,-1.3355444518253965,-7.350889841715495,-1.4141673446390364,-1.416566321528185,-1.6915404628402793,6,3
mp-1209253,RbCaHfF7,<PROJECT_ROOT>/external_datasets/functional_protocol_round4_widechem_boost/meta_gga_r2scan/cif/mp-1209253.cif,train,-3.989180622125001,-6.331760787963868,-4.068777513893334,-4.059555049514287,-3.0024630721415573,20,4
mp-1220340,Nd2Ge3Pd,<PROJECT_ROOT>/external_datasets/functional_protocol_round4_widechem_boost/meta_gga_r2scan/cif/mp-1220340.cif,train,-0.9066864091666672,-5.582407633463542,-0.8449753809399194,-0.8437615076155591,-0.7046256215915709,6,3
mp-1212143,K2BeCl4,<PROJECT_ROOT>/external_datasets/functional_protocol_round4_widechem_boost/meta_gga_r2scan/cif/mp-1212143.cif,train,-1.980102256428571,-3.679453986031669,-1.9272405782122992,-1.9225994990763533,-1.3906324109625028,28,3
mp-865608,LuPaOs2,<PROJECT_ROOT>/external_datasets/functional_protocol_round4_widechem_boost/meta_gga_r2scan/cif/mp-865608.cif,train,-0.3953190991666631,-9.419793128967283,-0.364789509790393,-0.3659722210160581,-0.5015362629937247,4,3
mp-1301803,Sr3(CoO3)2,<PROJECT_ROOT>/external_datasets/functional_protocol_round4_widechem_boost/meta_gga_r2scan/cif/mp-1301803.cif,train,-2.2858306556818206,-6.071814797141335,-1.972171047118381,-1.973400360161132,-2.1143059686577423,22,3
mp-1222830,Li2InFe(P2O7)2,<PROJECT_ROOT>/external_datasets/functional_protocol_round4_widechem_boost/meta_gga_r2scan/cif/mp-1222830.cif,train,-2.362798715351732,-6.829854791814631,-2.43006807649233,-2.4293422941974567,-2.3461520958186246,44,5
mp-1105386,YbH3CN3,<PROJECT_ROOT>/external_datasets/functional_protocol_round4_widechem_boost/meta_gga_r2scan/cif/mp-1105386.cif,train,-0.501509591562499,-6.311018943786621,-0.6488436309729879,-0.6463750108591162,-0.3634182641286995,16,4
mp-766823,Li7Ti11O24,<PROJECT_ROOT>/external_datasets/functional_protocol_round4_widechem_boost/meta_gga_r2scan/cif/mp-766823.cif,train,-3.091036208095238,-8.044994535900297,-3.204757904164188,-3.19784498003193,-2.405475788885213,42,3
mp-554094,CaMg2(SO4)3,<PROJECT_ROOT>/external_datasets/functional_protocol_round4_widechem_boost/meta_gga_r2scan/cif/mp-554094.cif,train,-2.22904729796875,-6.305453406439887,-2.4855961057016382,-2.486476444169736,-2.587382090833265,36,4
mp-1079676,LiBeH3,<PROJECT_ROOT>/external_datasets/functional_protocol_round4_widechem_boost/meta_gga_r2scan/cif/mp-1079676.cif,train,-0.2750579500833332,-3.380794906616211,-0.2045220852236267,-0.2049538287876364,-0.2544408898455793,10,3
mp-12304,Sc11Ir4,<PROJECT_ROOT>/external_datasets/functional_protocol_round4_widechem_boost/meta_gga_r2scan/cif/mp-12304.cif,train,-0.7532684563333305,-7.698153177897136,-0.749994051090181,-0.753119240903402,-1.1113329399225071,30,2
mp-28477,Sr(ClO3)2,<PROJECT_ROOT>/external_datasets/functional_protocol_round4_widechem_boost/meta_gga_r2scan/cif/mp-28477.cif,train,-0.837826060833334,-4.654570685492621,-1.2322229881450957,-1.24609321470085,-2.835918299819635,18,3
mp-1102633,TmCoSi,<PROJECT_ROOT>/external_datasets/functional_protocol_round4_widechem_boost/meta_gga_r2scan/cif/mp-1102633.cif,train,-0.7215640641666686,-6.426827748616536,-0.7705705654781223,-0.7689703379491659,-0.5855499837681581,12,3
mp-1210651,Lu5Ni2Bi,<PROJECT_ROOT>/external_datasets/functional_protocol_round4_widechem_boost/meta_gga_r2scan/cif/mp-1210651.cif,train,-0.5090686466666625,-5.230567932128906,-0.5883320204723841,-0.5909465090386155,-0.8906229051416876,16,3
mp-1105965,Er5Tl3,<PROJECT_ROOT>/external_datasets/functional_protocol_round4_widechem_boost/meta_gga_r2scan/cif/mp-1105965.cif,train,-0.4212230108333372,-4.029880046844482,-0.3848129485997802,-0.3881537764032483,-0.7710842084083818,16,2
mp-1205419,SrSnS3,<PROJECT_ROOT>/external_datasets/functional_protocol_round4_widechem_boost/meta_gga_r2scan/cif/mp-1205419.cif,train,-1.2687797256875002,-4.6974445343017575,-1.217645430385156,-1.2185863006275568,-1.3264301853106668,20,3
mp-559648,KBC4NF9,<PROJECT_ROOT>/external_datasets/functional_protocol_round4_widechem_boost/meta_gga_r2scan/cif/mp-559648.cif,train,-1.4914638484374994,-5.777583599090576,-1.684810339257032,-1.689681418135461,-2.248011403690024,64,5
mp-862630,ReRu3,<PROJECT_ROOT>/external_datasets/functional_protocol_round4_widechem_boost/meta_gga_r2scan/cif/mp-862630.cif,train,-0.0870141693750028,-10.139970779418944,-0.0551320632270488,-0.0541611564271207,0.0571255611781206,8,2
mp-4171,DySi2Ni,<PROJECT_ROOT>/external_datasets/functional_protocol_round4_widechem_boost/meta_gga_r2scan/cif/mp-4171.cif,train,-0.8775927850000009,-6.145700931549072,-0.8738133674250284,-0.8732679273843251,-0.810748814546805,8,3
mp-568001,AlHg2SbCl4,<PROJECT_ROOT>/external_datasets/functional_protocol_round4_widechem_boost/meta_gga_r2scan/cif/mp-568001.cif,train,-1.074482824531252,-2.93453311920166,-1.0798043243106452,-1.0794954869336797,-1.0440961077569757,64,4
mp-11275,Be2Re,<PROJECT_ROOT>/external_datasets/functional_protocol_round4_widechem_boost/meta_gga_r2scan/cif/mp-11275.cif,train,-0.412114515833333,-7.018957138061523,-0.3435685243510473,-0.3423756520412437,-0.2056469321581331,12,2
mp-1190707,Tm2Fe12P7,<PROJECT_ROOT>/external_datasets/functional_protocol_round4_widechem_boost/meta_gga_r2scan/cif/mp-1190707.cif,train,-0.5313776064682543,-7.751400175548735,-0.7032995541255005,-0.6986357971438055,-0.1640693421115568,21,3
mp-24438,K2MgH12(SO7)2,<PROJECT_ROOT>/external_datasets/functional_protocol_round4_widechem_boost/meta_gga_r2scan/cif/mp-24438.cif,train,-1.5045239234072574,-5.350373298891129,-1.692206209159413,-1.6923111243307876,-1.7043366504193105,62,5
mp-1029359,CaHfN2,<PROJECT_ROOT>/external_datasets/functional_protocol_round4_widechem_boost/meta_gga_r2scan/cif/mp-1029359.cif,train,-1.875544676875002,-8.755498886108398,-1.747577885072797,-1.7414617301819764,-1.0404193621406652,4,3
mp-863671,Pm2CuRu,<PROJECT_ROOT>/external_datasets/functional_protocol_round4_widechem_boost/meta_gga_r2scan/cif/mp-863671.cif,train,-0.2179390400000009,-5.91970682144165,-0.2136913367335031,-0.2125385349709594,-0.0804027581762628,4,3
mp-676517,La3U2O10,<PROJECT_ROOT>/external_datasets/functional_protocol_round4_widechem_boost/meta_gga_r2scan/cif/mp-676517.cif,train,-3.753114778166669,-9.224303181966146,-3.9288972112952822,-3.919916455699723,-2.8905294826932075,15,3
mp-1105231,Ba5P4,<PROJECT_ROOT>/external_datasets/functional_protocol_round4_widechem_boost/meta_gga_r2scan/cif/mp-1105231.cif,train,-1.1736209707671952,-4.48271984524197,-1.082769431653213,-1.0829547000504878,-1.104190427114388,18,2
mp-1219960,Pb4SeS3,<PROJECT_ROOT>/external_datasets/functional_protocol_round4_widechem_boost/meta_gga_r2scan/cif/mp-1219960.cif,train,-0.6511764571875034,-4.3792500495910645,-0.6456695000218948,-0.6462418187674812,-0.7118418069695489,8,3
mp-5962,NaMgAs,<PROJECT_ROOT>/external_datasets/functional_protocol_round4_widechem_boost/meta_gga_r2scan/cif/mp-5962.cif,train,-0.7864752741666668,-3.1592257817586265,-0.6855813559460371,-0.6829808532288268,-0.3849075350231292,6,3
mp-1214686,As2Pd5,<PROJECT_ROOT>/external_datasets/functional_protocol_round4_widechem_boost/meta_gga_r2scan/cif/mp-1214686.cif,train,-0.3502940800000017,-5.378788902646019,-0.376533030588158,-0.3782810392132107,-0.578640272707512,42,2
mp-1183120,Ac2CuRu,<PROJECT_ROOT>/external_datasets/functional_protocol_round4_widechem_boost/meta_gga_r2scan/cif/mp-1183120.cif,train,-0.0168383174999959,-5.443648338317871,-0.0731276297526601,-0.0745265609389598,-0.2348740421709645,4,3
mp-1079881,CeSb2Pd,<PROJECT_ROOT>/external_datasets/functional_protocol_round4_widechem_boost/meta_gga_r2scan/cif/mp-1079881.cif,train,-0.9194022362500008,-5.673017978668213,-0.9244260784027024,-0.9232935735739822,-0.7934842601874457,8,3
mp-1187597,TmMg3,<PROJECT_ROOT>/external_datasets/functional_protocol_round4_widechem_boost/meta_gga_r2scan/cif/mp-1187597.cif,train,-0.0297455212500015,-2.341346025466919,-0.0202975447946327,-0.0213874382135603,-0.1463125712362861,4,2
mp-21157,TmNiGe,<PROJECT_ROOT>/external_datasets/functional_protocol_round4_widechem_boost/meta_gga_r2scan/cif/mp-21157.cif,train,-0.8636036425000005,-5.769660313924153,-0.875002890698064,-0.8724840180710327,-0.5837672568447843,12,3
mp-1218912,SnSeS,<PROJECT_ROOT>/external_datasets/functional_protocol_round4_widechem_boost/meta_gga_r2scan/cif/mp-1218912.cif,train,-0.4343444806250029,-4.215026219685872,-0.4753259769186089,-0.4812297550867672,-1.15792920126982,3,3
mp-839,V3Au,<PROJECT_ROOT>/external_datasets/functional_protocol_round4_widechem_boost/meta_gga_r2scan/cif/mp-839.cif,train,-0.0884064300000027,-7.664763927459717,-0.5209544125602532,-0.5207827225252206,-0.5011033666424897,8,2
mp-11879,BaNiSn3,<PROJECT_ROOT>/external_datasets/functional_protocol_round4_widechem_boost/meta_gga_r2scan/cif/mp-11879.cif,train,-0.4602765369999986,-4.412661361694336,-0.4757995251442066,-0.475430667597263,-0.4331516912153869,5,3
mp-1206565,Pr2CdAu2,<PROJECT_ROOT>/external_datasets/functional_protocol_round4_widechem_boost/meta_gga_r2scan/cif/mp-1206565.cif,train,-0.7781829356666663,-4.108766174316406,-0.7575495169227584,-0.7557027428737335,-0.5440228760830307,10,3
mp-1198027,LiSi2B,<PROJECT_ROOT>/external_datasets/functional_protocol_round4_widechem_boost/meta_gga_r2scan/cif/mp-1198027.cif,train,-0.167039728854168,-4.998188018798828,-0.121593808621272,-0.126831411639908,-0.7271729151802657,32,3
mp-1078234,BaGe3,<PROJECT_ROOT>/external_datasets/functional_protocol_round4_widechem_boost/meta_gga_r2scan/cif/mp-1078234.cif,train,-0.3595086900000019,-4.311544895172119,-0.373661365631202,-0.3765641091567486,-0.7092806984700372,8,2
mp-22198,Nb2NiO6,<PROJECT_ROOT>/external_datasets/functional_protocol_round4_widechem_boost/meta_gga_r2scan/cif/mp-22198.cif,train,-2.440557943611111,-8.079820421006945,-2.2971963869524217,-2.298154113304175,-2.4079300692035,36,3
mp-1198510,P2H9NO8,<PROJECT_ROOT>/external_datasets/functional_protocol_round4_widechem_boost/meta_gga_r2scan/cif/mp-1198510.cif,train,-1.4258994840476198,-5.80072021484375,-1.5791245575858903,-1.578508125609554,-1.507851816192477,80,4
mp-13649,Cs2AgF4,<PROJECT_ROOT>/external_datasets/functional_protocol_round4_widechem_boost/meta_gga_r2scan/cif/mp-13649.cif,train,-2.282353032142857,-3.814718791416713,-2.3670505716941665,-2.366613540516031,-2.316520405613801,7,3
mp-20206,ThIn3,<PROJECT_ROOT>/external_datasets/functional_protocol_round4_widechem_boost/meta_gga_r2scan/cif/mp-20206.cif,train,-0.451908492500003,-4.255887985229492,-0.4399987023839893,-0.441025738965731,-0.5587461319556486,4,2
mp-10298,Sm(SiPt)2,<PROJECT_ROOT>/external_datasets/functional_protocol_round4_widechem_boost/meta_gga_r2scan/cif/mp-10298.cif,train,-1.196494661000003,-6.641675567626953,-1.141654236814654,-1.1400654811727922,-0.9579600509992487,10,3
mp-1225649,ErAlFe,<PROJECT_ROOT>/external_datasets/functional_protocol_round4_widechem_boost/meta_gga_r2scan/cif/mp-1225649.cif,train,-0.3014282252777771,-5.910626729329427,-0.3753560152197837,-0.3768724488421533,-0.5506882263325814,12,3
mp-28381,Cs3InO3,<PROJECT_ROOT>/external_datasets/functional_protocol_round4_widechem_boost/meta_gga_r2scan/cif/mp-28381.cif,train,-1.5257680405357152,-4.219108854021345,-1.6509486940545757,-1.6517609854820874,-1.744866983621186,28,3
mp-1096795,YAgS2,<PROJECT_ROOT>/external_datasets/functional_protocol_round4_widechem_boost/meta_gga_r2scan/cif/mp-1096795.cif,train,-1.5138974851562512,-5.695866107940674,-1.4308495673055814,-1.427920067740434,-1.0921366631361218,4,3
mp-1183500,CaAcTl2,<PROJECT_ROOT>/external_datasets/functional_protocol_round4_widechem_boost/meta_gga_r2scan/cif/mp-1183500.cif,train,-0.5069172043750001,-3.1239612102508545,-0.4643036724047769,-0.4618802930097363,-0.1841091017816429,4,3
mp-752520,GdIO,<PROJECT_ROOT>/external_datasets/functional_protocol_round4_widechem_boost/meta_gga_r2scan/cif/mp-752520.cif,train,-2.425641763750003,-9.062389373779297,-2.4759540570468506,-2.471821671218339,-1.9981617331386607,12,3
mp-620271,GdBiPt,<PROJECT_ROOT>/external_datasets/functional_protocol_round4_widechem_boost/meta_gga_r2scan/cif/mp-620271.cif,train,-1.123720561666668,-9.020032246907553,-1.0308407375777264,-1.0278374970433513,-0.6836017977201136,3,3
mp-752671,Ba2SrI6,<PROJECT_ROOT>/external_datasets/functional_protocol_round4_widechem_boost/meta_gga_r2scan/cif/mp-752671.cif,train,-1.966522555370371,-3.379551922833478,-1.896155289945212,-1.8902558900533952,-1.214058288128398,27,3
mp-763259,Mn3(PO4)2,<PROJECT_ROOT>/external_datasets/functional_protocol_round4_widechem_boost/meta_gga_r2scan/cif/mp-763259.cif,train,-2.3686937157231287,-7.715731694148137,-2.2880457996136183,-2.2876585979523183,-2.243276993104806,26,3
mp-1287184,VO,<PROJECT_ROOT>/external_datasets/functional_protocol_round4_widechem_boost/meta_gga_r2scan/cif/mp-1287184.cif,train,-2.208713311875,-7.878406047821045,-1.4915958862636547,-1.4957975455346355,-1.9773977040665247,8,2
mp-3347,Be2SiO4,<PROJECT_ROOT>/external_datasets/functional_protocol_round4_widechem_boost/meta_gga_r2scan/cif/mp-3347.cif,train,-3.0342907061904763,-7.450773693266369,-3.1195314822260283,-3.111495242132805,-2.1903699786859665,42,3
mp-1188408,Zr5Sn3B,<PROJECT_ROOT>/external_datasets/functional_protocol_round4_widechem_boost/meta_gga_r2scan/cif/mp-1188408.cif,train,-0.7477360930555569,-7.494824727376302,-0.7015469468292777,-0.7019729420222092,-0.7508011166116174,18,3
mp-862296,LiAlPt2,<PROJECT_ROOT>/external_datasets/functional_protocol_round4_widechem_boost/meta_gga_r2scan/cif/mp-862296.cif,train,-1.0208562091666664,-5.383733749389648,-1.027640643799037,-1.0251433297187988,-0.7388976397703628,4,3
mp-16513,NdAl3,<PROJECT_ROOT>/external_datasets/functional_protocol_round4_widechem_boost/meta_gga_r2scan/cif/mp-16513.cif,train,-0.4927066343749988,-4.439226150512695,-0.4834369650168031,-0.4848804821518486,-0.6503384682112681,8,2
mp-1185768,Mg2IrPt,<PROJECT_ROOT>/external_datasets/functional_protocol_round4_widechem_boost/meta_gga_r2scan/cif/mp-1185768.cif,train,-0.6331758024999985,-5.104920864105225,-0.5781500990502932,-0.5749157268001044,-0.204187381644893,4,3
mp-1147657,K(AuO2)2,<PROJECT_ROOT>/external_datasets/functional_protocol_round4_widechem_boost/meta_gga_r2scan/cif/mp-1147657.cif,train,-0.4470048426785727,-4.272496632167271,-0.7250941103401876,-0.7371544504194478,-2.119527774747984,14,3
mp-568711,VPd3,<PROJECT_ROOT>/external_datasets/functional_protocol_round4_widechem_boost/meta_gga_r2scan/cif/mp-568711.cif,train,-0.2663540600000047,-6.398575782775879,-0.3969508192017397,-0.3980846490718637,-0.5280458405872678,4,2
mp-27245,BSBr,<PROJECT_ROOT>/external_datasets/functional_protocol_round4_widechem_boost/meta_gga_r2scan/cif/mp-27245.cif,train,-0.5754027253819456,-4.650693257649739,-0.6660593509823212,-0.6724367974464274,-1.4034287770568636,36,3
mp-20217,EuPS3,<PROJECT_ROOT>/external_datasets/functional_protocol_round4_widechem_boost/meta_gga_r2scan/cif/mp-20217.cif,train,-1.2886633367827387,-6.704311370849609,-1.219804153896317,-1.2225503395504829,-1.537322043086289,20,3
mp-985583,Li3PS4,<PROJECT_ROOT>/external_datasets/functional_protocol_round4_widechem_boost/meta_gga_r2scan/cif/mp-985583.cif,train,-1.0764925267782737,-4.386641979217529,-1.0895564231914392,-1.0905330662246877,-1.2024772790462768,32,3
mp-867225,LaCdAg2,<PROJECT_ROOT>/external_datasets/functional_protocol_round4_widechem_boost/meta_gga_r2scan/cif/mp-867225.cif,train,-0.2773743062499996,-3.1556222438812256,-0.2905668459703019,-0.2899968353825803,-0.2246614115165668,4,3
mp-1184681,Hf3Sc,<PROJECT_ROOT>/external_datasets/functional_protocol_round4_widechem_boost/meta_gga_r2scan/cif/mp-1184681.cif,train,0.013863182499989,-9.052175521850586,-0.035860135862979,-0.0471797810289764,-1.3446536014585866,8,2
mp-11506,Ni3Mo,<PROJECT_ROOT>/external_datasets/functional_protocol_round4_widechem_boost/meta_gga_r2scan/cif/mp-11506.cif,train,-0.0524486662499992,-7.13450813293457,-0.2341190276490241,-0.2308030786496901,0.1492757094596136,8,2
mp-1232276,PmS2,<PROJECT_ROOT>/external_datasets/functional_protocol_round4_widechem_boost/meta_gga_r2scan/cif/mp-1232276.cif,train,-2.021422001041666,-6.0804793039957685,-1.9161006569909844,-1.9107321392477727,-1.2953850038742718,12,2
mp-951,CeRh2,<PROJECT_ROOT>/external_datasets/functional_protocol_round4_widechem_boost/meta_gga_r2scan/cif/mp-951.cif,train,-0.762573016666669,-7.5896453857421875,-0.8245659154386278,-0.8262880932325256,-1.0236865601406286,6,2
mp-980659,Tl3BiCl6,<PROJECT_ROOT>/external_datasets/functional_protocol_round4_widechem_boost/meta_gga_r2scan/cif/mp-980659.cif,train,-1.1387714319999986,-3.22625732421875,-1.1638613839689531,-1.1627983455943092,-1.0409513759249611,20,3
mp-3349,Sr3Ti2O7,<PROJECT_ROOT>/external_datasets/functional_protocol_round4_widechem_boost/meta_gga_r2scan/cif/mp-3349.cif,train,-3.389225189548611,-7.713034311930339,-3.462266899739058,-3.453892799290931,-2.494041501676581,12,3
mp-541825,MnV2O6,<PROJECT_ROOT>/external_datasets/functional_protocol_round4_widechem_boost/meta_gga_r2scan/cif/mp-541825.cif,train,-2.455588358553639,-7.602739969889323,-1.907980469627769,-1.9122956748214608,-2.4069106284262927,18,3
mp-1188066,ZrInCo2,<PROJECT_ROOT>/external_datasets/functional_protocol_round4_widechem_boost/meta_gga_r2scan/cif/mp-1188066.cif,train,-0.264607108749999,-6.63250207901001,-0.3087773376348286,-0.3078785538594948,-0.2048586798590821,4,3
mp-12098,K(PRh)2,<PROJECT_ROOT>/external_datasets/functional_protocol_round4_widechem_boost/meta_gga_r2scan/cif/mp-12098.cif,train,-0.836901643940476,-6.059329986572266,-0.7740267039699358,-0.7727750672898619,-0.629310691747687,5,3
mp-865579,Li2ErIn,<PROJECT_ROOT>/external_datasets/functional_protocol_round4_widechem_boost/meta_gga_r2scan/cif/mp-865579.cif,train,-0.3571713041666662,-3.0512888431549072,-0.3842808088361673,-0.3873846965343945,-0.7431567168521864,4,3
mp-1094792,Mg3Zr,<PROJECT_ROOT>/external_datasets/functional_protocol_round4_widechem_boost/meta_gga_r2scan/cif/mp-1094792.cif,train,0.0536409950000003,-3.297982215881348,0.0442218205209714,0.0427777271315648,-0.1227463100223427,4,2
mp-6509,Sr3GaO4F,<PROJECT_ROOT>/external_datasets/functional_protocol_round4_widechem_boost/meta_gga_r2scan/cif/mp-6509.cif,train,-3.0191167077777785,-6.062653435601129,-3.097707894526052,-3.091226755456119,-2.3483493819606225,18,4
mp-865100,NaInHg2,<PROJECT_ROOT>/external_datasets/functional_protocol_round4_widechem_boost/meta_gga_r2scan/cif/mp-865100.cif,train,-0.210820851250002,-1.3402974605560305,-0.204816670591134,-0.2038083047269649,-0.0882279759284971,4,3
mp-1184638,HoAl3,<PROJECT_ROOT>/external_datasets/functional_protocol_round4_widechem_boost/meta_gga_r2scan/cif/mp-1184638.cif,train,-0.4712367875000005,-4.371160507202148,-0.4543486167877972,-0.456047325939374,-0.6507557837030034,8,2
mp-2847,ErB4,<PROJECT_ROOT>/external_datasets/functional_protocol_round4_widechem_boost/meta_gga_r2scan/cif/mp-2847.cif,train,-0.6533872466666679,-6.841216278076172,-0.6035443055152427,-0.6053481122233215,-0.8121030013140373,20,2
mp-862880,PmBiPd2,<PROJECT_ROOT>/external_datasets/functional_protocol_round4_widechem_boost/meta_gga_r2scan/cif/mp-862880.cif,train,-0.7503148431249969,-5.465967178344727,-0.7149740276397019,-0.7111654959609881,-0.2746261809068159,4,3
mp-556006,OsCl4O,<PROJECT_ROOT>/external_datasets/functional_protocol_round4_widechem_boost/meta_gga_r2scan/cif/mp-556006.cif,train,-0.5539822889583353,-4.420645078023274,-0.7709774903522684,-0.7800643307653266,-1.8216108963596096,24,3
mp-1025400,YbCl3,<PROJECT_ROOT>/external_datasets/functional_protocol_round4_widechem_boost/meta_gga_r2scan/cif/mp-1025400.cif,train,-2.4866679443749984,-3.330556869506836,-1.7731111157849386,-1.7710687965463432,-1.5369752621484838,8,2
mp-756681,Na(WO3)9,<PROJECT_ROOT>/external_datasets/functional_protocol_round4_widechem_boost/meta_gga_r2scan/cif/mp-756681.cif,train,-2.2814492250337834,-7.38969627586571,-1.527539530578383,-1.5346904092546625,-2.3543342885024394,37,3
mp-1206601,Dy(AlGe)2,<PROJECT_ROOT>/external_datasets/functional_protocol_round4_widechem_boost/meta_gga_r2scan/cif/mp-1206601.cif,train,-0.4845974810000001,-4.673987579345703,-0.445781721007755,-0.4478768618469466,-0.688024883196444,5,3
mp-1221748,Mn8Nb3Al,<PROJECT_ROOT>/external_datasets/functional_protocol_round4_widechem_boost/meta_gga_r2scan/cif/mp-1221748.cif,train,-0.0762479029885033,-9.107409159342447,-0.6457290654579548,-0.642815243391496,-0.3088288159735704,12,3
mp-865482,VTc2Ge,<PROJECT_ROOT>/external_datasets/functional_protocol_round4_widechem_boost/meta_gga_r2scan/cif/mp-865482.cif,train,-0.3630090724999988,-8.90688419342041,-0.4123663822568204,-0.409576202234696,-0.0897618017047392,4,3
mp-31483,Na5TlSn3,<PROJECT_ROOT>/external_datasets/functional_protocol_round4_widechem_boost/meta_gga_r2scan/cif/mp-31483.cif,train,-0.2542036391666676,-2.519981172349718,-0.2136004841834999,-0.2149604821170525,-0.3708453785737589,36,3
mp-540582,CaCr2O4,<PROJECT_ROOT>/external_datasets/functional_protocol_round4_widechem_boost/meta_gga_r2scan/cif/mp-540582.cif,train,-2.699731200357143,-7.587938581194196,-2.243260342662694,-2.2412171023075125,-2.007017988216484,28,3
mp-862789,Er2ZnIr,<PROJECT_ROOT>/external_datasets/functional_protocol_round4_widechem_boost/meta_gga_r2scan/cif/mp-862789.cif,train,-0.7500950354166633,-5.476593017578125,-0.7390755229466048,-0.7397095231000836,-0.8123795219581578,4,3
mp-562074,CsK4TlO4,<PROJECT_ROOT>/external_datasets/functional_protocol_round4_widechem_boost/meta_gga_r2scan/cif/mp-562074.cif,train,-1.2683849157499978,-3.8638427734375,-1.394436558447215,-1.3963591605038443,-1.6167305413205464,80,4
mp-723629,NaI,<PROJECT_ROOT>/external_datasets/functional_protocol_round4_widechem_boost/meta_gga_r2scan/cif/mp-723629.cif,train,-1.335974768749999,-2.574273109436035,-1.2824131289535128,-1.2790593985786227,-0.8946500554946542,4,2
mp-22580,ZrGaNi2,<PROJECT_ROOT>/external_datasets/functional_protocol_round4_widechem_boost/meta_gga_r2scan/cif/mp-22580.cif,train,-0.5409468637500012,-6.305848598480225,-0.6010213460324856,-0.5992407504552117,-0.3951463541723539,4,3
mp-1208590,TaInSe2,<PROJECT_ROOT>/external_datasets/functional_protocol_round4_widechem_boost/meta_gga_r2scan/cif/mp-1208590.cif,train,-0.7132964838645819,-6.019126892089844,-0.7547742553356684,-0.7565560054929454,-0.9607827413766236,4,3
mp-2021863,InHg3,<PROJECT_ROOT>/external_datasets/functional_protocol_round4_widechem_boost/meta_gga_r2scan/cif/mp-2021863.cif,train,0.0140084193750027,-0.8897448778152466,0.0178287332645297,0.0188008856526602,0.1302303743479469,4,2
mp-558552,Ta6S,<PROJECT_ROOT>/external_datasets/functional_protocol_round4_widechem_boost/meta_gga_r2scan/cif/mp-558552.cif,train,-0.3038978609732145,-11.013449532645089,-0.2627962560519403,-0.2673668424803814,-0.7912539562496697,14,2
mp-1232249,Ho2MgS4,<PROJECT_ROOT>/external_datasets/functional_protocol_round4_widechem_boost/meta_gga_r2scan/cif/mp-1232249.cif,train,-2.1548219169642846,-5.768092019217355,-2.022371729459977,-2.0161282569456924,-1.3004925619150325,28,3
mp-15778,MgNiSb,<PROJECT_ROOT>/external_datasets/functional_protocol_round4_widechem_boost/meta_gga_r2scan/cif/mp-15778.cif,train,-0.4273112883333354,-4.238272666931152,-0.4453294120503237,-0.4420811271163209,-0.0697580903636533,3,3
mp-2054,TbHg,<PROJECT_ROOT>/external_datasets/functional_protocol_round4_widechem_boost/meta_gga_r2scan/cif/mp-2054.cif,train,-0.5812790587500061,-2.9445247650146484,-0.5124086829271528,-0.5114855322092344,-0.4056726846122015,2,2
mp-1191953,Nb3Al2N,<PROJECT_ROOT>/external_datasets/functional_protocol_round4_widechem_boost/meta_gga_r2scan/cif/mp-1191953.cif,train,-0.7671759835416646,-8.354778925577799,-0.6593036644617527,-0.658991570298558,-0.6232188936544047,24,3
mp-1221421,Na(Nb3S4)2,<PROJECT_ROOT>/external_datasets/functional_protocol_round4_widechem_boost/meta_gga_r2scan/cif/mp-1221421.cif,train,-1.2497570601666663,-7.423331705729167,-1.1803309049592643,-1.1806906551649945,-1.221925735150865,15,3
mp-30052,Ni6Mo6C,<PROJECT_ROOT>/external_datasets/functional_protocol_round4_widechem_boost/meta_gga_r2scan/cif/mp-30052.cif,train,-0.0799629346153862,-8.46884272648738,-0.2583798611834051,-0.2529105805036247,0.3739861458991218,26,3
mp-1224303,HfAl2Zn,<PROJECT_ROOT>/external_datasets/functional_protocol_round4_widechem_boost/meta_gga_r2scan/cif/mp-1224303.cif,train,-0.4221701212500015,-5.053210258483887,-0.3948962921867753,-0.396348684416079,-0.5628239463954807,4,3
mp-1079355,Nd(AsRh)2,<PROJECT_ROOT>/external_datasets/functional_protocol_round4_widechem_boost/meta_gga_r2scan/cif/mp-1079355.cif,train,-1.024502257500001,-6.674019622802734,-1.002837797192872,-1.000478525316102,-0.7300554289635639,10,3
mp-35530,LiMn4O8,<PROJECT_ROOT>/external_datasets/functional_protocol_round4_widechem_boost/meta_gga_r2scan/cif/mp-35530.cif,train,-2.097565484007516,-6.913764366736779,-1.5278599558603014,-1.533586394268422,-2.189958905057067,52,3
mp-557093,SrCr2O7,<PROJECT_ROOT>/external_datasets/functional_protocol_round4_widechem_boost/meta_gga_r2scan/cif/mp-557093.cif,train,-2.179286310375,-6.762400054931641,-1.7458495083200436,-1.7518549896379918,-2.4402117954264337,80,3
mp-865915,Li2AcPb,<PROJECT_ROOT>/external_datasets/functional_protocol_round4_widechem_boost/meta_gga_r2scan/cif/mp-865915.cif,train,-0.3993697277083257,-3.2135136127471924,-0.3708697481556799,-0.3712169471137967,-0.4110133852539995,4,3
mp-1184223,ErScRu2,<PROJECT_ROOT>/external_datasets/functional_protocol_round4_widechem_boost/meta_gga_r2scan/cif/mp-1184223.cif,train,-0.4885620020833308,-7.809534072875977,-0.5082129529595703,-0.5102396010609294,-0.7425368874298426,4,3
mp-155,Gd,<PROJECT_ROOT>/external_datasets/functional_protocol_round4_widechem_boost/meta_gga_r2scan/cif/mp-155.cif,train,0.0,-14.078001022338867,0.0110282294320338,-0.0014534590469219,-1.4321223359204391,2,1
mp-554543,SiO2,<PROJECT_ROOT>/external_datasets/functional_protocol_round4_widechem_boost/meta_gga_r2scan/cif/mp-554543.cif,train,-3.0165516079166665,-7.8964417775472,-3.177757429153277,-3.1722307210399494,-2.5387515805684187,24,2
mp-18561,Ga2AsRh5,<PROJECT_ROOT>/external_datasets/functional_protocol_round4_widechem_boost/meta_gga_r2scan/cif/mp-18561.cif,train,-0.5481004153125006,-6.441221237182617,-0.5499983575112983,-0.5495600543600219,-0.4993211240877164,16,3
mp-2006,V3Ir,<PROJECT_ROOT>/external_datasets/functional_protocol_round4_widechem_boost/meta_gga_r2scan/cif/mp-2006.cif,train,-0.558455409999997,-9.517885208129885,-0.9622771011842026,-0.9582129397957412,-0.4923729840192591,8,2
mp-867190,Pr4Ge7,<PROJECT_ROOT>/external_datasets/functional_protocol_round4_widechem_boost/meta_gga_r2scan/cif/mp-867190.cif,train,-0.7850818356060617,-5.39923061024059,-0.7394030712837258,-0.7390275090264877,-0.6959800292225876,22,2
mp-569012,Cs(AsRh)2,<PROJECT_ROOT>/external_datasets/functional_protocol_round4_widechem_boost/meta_gga_r2scan/cif/mp-569012.cif,train,-0.7255526350000026,-5.59390869140625,-0.6966136789072284,-0.6959762612379699,-0.6229145418620736,5,3
mp-5659,Ti3SiC2,<PROJECT_ROOT>/external_datasets/functional_protocol_round4_widechem_boost/meta_gga_r2scan/cif/mp-5659.cif,train,-0.9114862966666688,-8.746875762939453,-0.8124564273231529,-0.8120057073631761,-0.7603435448264256,12,3
mp-11722,PrGe2,<PROJECT_ROOT>/external_datasets/functional_protocol_round4_widechem_boost/meta_gga_r2scan/cif/mp-11722.cif,train,-0.6796263472222203,-5.288590431213379,-0.6301063472328687,-0.6305210948856361,-0.6780600604361349,6,2
mp-1206905,Sm2MgCu2,<PROJECT_ROOT>/external_datasets/functional_protocol_round4_widechem_boost/meta_gga_r2scan/cif/mp-1206905.cif,train,-0.2089189490000023,-4.056775283813477,-0.2301108495968131,-0.2306765656518505,-0.2955197440772736,10,3
mp-1184657,Hg,<PROJECT_ROOT>/external_datasets/functional_protocol_round4_widechem_boost/meta_gga_r2scan/cif/mp-1184657.cif,train,0.0167850437499978,-0.2859622836112976,0.0422535382541831,0.0440703596443663,0.2523170100989709,8,1
mp-27386,TlHg5Cl11,<PROJECT_ROOT>/external_datasets/functional_protocol_round4_widechem_boost/meta_gga_r2scan/cif/mp-27386.cif,train,-0.7464567050000008,-2.0603173199821923,-0.7904030586725357,-0.79395633679224,-1.2012381260557845,17,3
mp-4953,CdGeAs2,<PROJECT_ROOT>/external_datasets/functional_protocol_round4_widechem_boost/meta_gga_r2scan/cif/mp-4953.cif,train,-0.1472520799999994,-3.7968862056732178,-0.1368352613648182,-0.1397012002786652,-0.4681991926771008,8,3
mp-1217089,Ti2AlSi3,<PROJECT_ROOT>/external_datasets/functional_protocol_round4_widechem_boost/meta_gga_r2scan/cif/mp-1217089.cif,train,-0.5466927397222238,-6.5246124267578125,-0.5216280627113061,-0.5253953729780525,-0.9572098311943265,6,3
mp-19260,Li2WO4,<PROJECT_ROOT>/external_datasets/functional_protocol_round4_widechem_boost/meta_gga_r2scan/cif/mp-19260.cif,train,-2.4196361411904763,-6.526354108537946,-1.96924057525116,-1.9697979691242848,-2.033687247227836,14,3
mp-28701,CsSbS6,<PROJECT_ROOT>/external_datasets/functional_protocol_round4_widechem_boost/meta_gga_r2scan/cif/mp-28701.cif,train,-0.4435753714843748,-4.088019371032715,-0.559502773710097,-0.5670576011082362,-1.433002657089925,32,3
mp-1094694,MgCd2,<PROJECT_ROOT>/external_datasets/functional_protocol_round4_widechem_boost/meta_gga_r2scan/cif/mp-1094694.cif,train,-0.0698242999999981,-1.2088971932729085,-0.0539161709807161,-0.052461697819468,0.114252083533763,6,2
mp-13949,Cd(GaTe2)2,<PROJECT_ROOT>/external_datasets/functional_protocol_round4_widechem_boost/meta_gga_r2scan/cif/mp-13949.cif,train,-0.469118834285715,-3.166714259556361,-0.453893625325696,-0.4549166732996648,-0.5721798863961797,7,3
mp-1203790,Si,<PROJECT_ROOT>/external_datasets/functional_protocol_round4_widechem_boost/meta_gga_r2scan/cif/mp-1203790.cif,train,0.0843931966176465,-5.37208153219784,0.1311689632492196,0.1228810058358567,-0.8270964546791761,68,1
mp-765472,KTi6O12,<PROJECT_ROOT>/external_datasets/functional_protocol_round4_widechem_boost/meta_gga_r2scan/cif/mp-765472.cif,train,-3.2312820004605265,-8.630335757606908,-3.349772728928889,-3.3434082538110443,-2.6139030683475104,38,3
mp-1207978,Tm4C7,<PROJECT_ROOT>/external_datasets/functional_protocol_round4_widechem_boost/meta_gga_r2scan/cif/mp-1207978.cif,train,-0.4985772790909095,-7.811260570179332,-0.360703886072292,-0.3601324687009359,-0.2946357972943796,22,2
mp-28020,AlCuCl4,<PROJECT_ROOT>/external_datasets/functional_protocol_round4_widechem_boost/meta_gga_r2scan/cif/mp-28020.cif,train,-1.3191863566666662,-3.697638193766276,-1.3201912050772378,-1.3204369231807798,-1.3486014815111682,12,3
mp-752676,TiBi2O5,<PROJECT_ROOT>/external_datasets/functional_protocol_round4_widechem_boost/meta_gga_r2scan/cif/mp-752676.cif,train,-2.0845695619270828,-6.986138343811035,-2.312888919097638,-2.31207031619908,-2.218240888276121,16,3
mp-22529,SrInAu,<PROJECT_ROOT>/external_datasets/functional_protocol_round4_widechem_boost/meta_gga_r2scan/cif/mp-22529.cif,train,-0.7377049600000021,-3.215910275777181,-0.7073391799990056,-0.7060966068368923,-0.5636711046087486,12,3
mp-1179534,Sn3(HO2)2,<PROJECT_ROOT>/external_datasets/functional_protocol_round4_widechem_boost/meta_gga_r2scan/cif/mp-1179534.cif,train,-1.261763697222223,-5.476156446668837,-1.434354751626378,-1.4357772873275207,-1.598830351607917,36,3
mp-1225880,CsTaSe3,<PROJECT_ROOT>/external_datasets/functional_protocol_round4_widechem_boost/meta_gga_r2scan/cif/mp-1225880.cif,train,-1.1688026419041675,-5.624342346191407,-1.1332983388733844,-1.1333453547384158,-1.1387343800233305,10,3
mp-540688,SrIn2O4,<PROJECT_ROOT>/external_datasets/functional_protocol_round4_widechem_boost/meta_gga_r2scan/cif/mp-540688.cif,train,-2.245058985,-5.811896732875279,-2.3485560970651305,-2.347001395134277,-2.1687992497248003,28,3
mp-1183463,Ca2ZnGa,<PROJECT_ROOT>/external_datasets/functional_protocol_round4_widechem_boost/meta_gga_r2scan/cif/mp-1183463.cif,train,-0.37069183875,-2.4303958415985107,-0.4270692326679706,-0.4281101623149794,-0.5474229981944244,4,3
mp-1205981,TbBiRh,<PROJECT_ROOT>/external_datasets/functional_protocol_round4_widechem_boost/meta_gga_r2scan/cif/mp-1205981.cif,train,-0.8362799272222219,-6.03828133477105,-0.7795682819594401,-0.7765255284739121,-0.4277607985191651,9,3
mp-981366,Zn3N,<PROJECT_ROOT>/external_datasets/functional_protocol_round4_widechem_boost/meta_gga_r2scan/cif/mp-981366.cif,train,0.7429323515624997,-2.2748804092407227,0.6876266311359833,0.6799732206873168,-0.1972715646874946,4,2
mp-504712,CaV2O4,<PROJECT_ROOT>/external_datasets/functional_protocol_round4_widechem_boost/meta_gga_r2scan/cif/mp-504712.cif,train,-2.863420141785714,-7.593847547258649,-2.44056545898334,-2.4388069556239165,-2.23724480075622,28,3
mp-13979,Ca2Nb2O7,<PROJECT_ROOT>/external_datasets/functional_protocol_round4_widechem_boost/meta_gga_r2scan/cif/mp-13979.cif,train,-3.1028878087500016,-8.206411188299006,-3.2571360447604025,-3.25011662962027,-2.445541287769244,44,3
mp-5200,PrBRh3,<PROJECT_ROOT>/external_datasets/functional_protocol_round4_widechem_boost/meta_gga_r2scan/cif/mp-5200.cif,train,-0.7144318588333306,-7.3718208312988285,-0.7097367070032927,-0.7092892778364659,-0.6580043106888123,5,3
mp-776873,Cr2O3,<PROJECT_ROOT>/external_datasets/functional_protocol_round4_widechem_boost/meta_gga_r2scan/cif/mp-776873.cif,train,-2.3588564915000005,-7.918255615234375,-1.6755726206563208,-1.6778467998716111,-1.9385164544001967,40,2
mp-1238219,HoSbO4,<PROJECT_ROOT>/external_datasets/functional_protocol_round4_widechem_boost/meta_gga_r2scan/cif/mp-1238219.cif,train,-2.6901801158333334,-7.155614217122396,-2.84412497007939,-2.841196042796523,-2.505478234001018,24,3
mp-554999,ZnS,<PROJECT_ROOT>/external_datasets/functional_protocol_round4_widechem_boost/meta_gga_r2scan/cif/mp-554999.cif,train,-0.9622275199479162,-3.5024522145589194,-0.9308198536126816,-0.9301554689961132,-0.8540027597856028,48,2
mp-752961,WO2F,<PROJECT_ROOT>/external_datasets/functional_protocol_round4_widechem_boost/meta_gga_r2scan/cif/mp-752961.cif,train,-2.3024099243750022,-6.833278656005859,-1.5696042083894737,-1.5777871266087162,-2.5157248453725347,8,3
mp-16370,Th2Ge,<PROJECT_ROOT>/external_datasets/functional_protocol_round4_widechem_boost/meta_gga_r2scan/cif/mp-16370.cif,train,-0.640883839999996,-7.06008783976237,-0.6277750165394824,-0.6325359774702957,-1.1782440873331972,6,2
mp-2250,ZrNi2,<PROJECT_ROOT>/external_datasets/functional_protocol_round4_widechem_boost/meta_gga_r2scan/cif/mp-2250.cif,train,-0.392648768333333,-7.112066268920898,-0.5124855156819015,-0.5117000913876817,-0.4216736422596681,6,2
mp-705872,Ni17(As3O16)2,<PROJECT_ROOT>/external_datasets/functional_protocol_round4_widechem_boost/meta_gga_r2scan/cif/mp-705872.cif,train,-1.2778379174545462,-5.40570068359375,-0.6393129478331794,-0.6517937506455791,-2.082361111157901,110,3
mp-862615,Er2NiRu,<PROJECT_ROOT>/external_datasets/functional_protocol_round4_widechem_boost/meta_gga_r2scan/cif/mp-862615.cif,train,-0.462640795416668,-6.495096206665039,-0.5524425394675951,-0.5544250343095145,-0.7816614113161218,4,3
mp-1211088,LiCaP,<PROJECT_ROOT>/external_datasets/functional_protocol_round4_widechem_boost/meta_gga_r2scan/cif/mp-1211088.cif,train,-1.1900435440476187,-4.142032941182454,-1.1244035685755605,-1.1213648722534808,-0.7730651801389741,12,3
mp-865225,TmMgAu2,<PROJECT_ROOT>/external_datasets/functional_protocol_round4_widechem_boost/meta_gga_r2scan/cif/mp-865225.cif,train,-0.8374197587500021,-3.9398152828216553,-0.8216066078233659,-0.818025547481418,-0.4075593204109969,4,3
mp-2306,LaMg3,<PROJECT_ROOT>/external_datasets/functional_protocol_round4_widechem_boost/meta_gga_r2scan/cif/mp-2306.cif,train,-0.14766657875,-2.5644209384918213,-0.1431154493334929,-0.1442916508394782,-0.2791095394924806,8,2
mp-1184025,Eu2MgIn,<PROJECT_ROOT>/external_datasets/functional_protocol_round4_widechem_boost/meta_gga_r2scan/cif/mp-1184025.cif,train,-0.3627796087499995,-6.514627456665039,-0.2638986483165615,-0.2689257908296723,-0.8451440120464129,4,3
mp-863684,Pm2GeAu,<PROJECT_ROOT>/external_datasets/functional_protocol_round4_widechem_boost/meta_gga_r2scan/cif/mp-863684.cif,train,-0.8259821062499988,-5.078969955444336,-0.7594681165831698,-0.7562418860340454,-0.3864467542285386,4,3
mp-865324,LuCl3,<PROJECT_ROOT>/external_datasets/functional_protocol_round4_widechem_boost/meta_gga_r2scan/cif/mp-865324.cif,train,-2.4186204035416647,-4.703958511352539,-2.412398871460431,-2.4077241832383587,-1.8719047738959305,8,2
mp-1185717,Mg16Al12W,<PROJECT_ROOT>/external_datasets/functional_protocol_round4_widechem_boost/meta_gga_r2scan/cif/mp-1185717.cif,train,0.0406842641379316,-2.844652636297818,-0.0208694602661467,-0.0213202342317018,-0.0729885869653267,29,3
mp-542484,Sr5Cd3,<PROJECT_ROOT>/external_datasets/functional_protocol_round4_widechem_boost/meta_gga_r2scan/cif/mp-542484.cif,train,-0.2340050375000011,-1.644538402557373,-0.2731695550835056,-0.2766882563751256,-0.6800068004516568,16,2
mp-1217804,Ta11Al4,<PROJECT_ROOT>/external_datasets/functional_protocol_round4_widechem_boost/meta_gga_r2scan/cif/mp-1217804.cif,train,-0.2135969253777754,-9.868843587239583,-0.154431407424143,-0.1582208091321222,-0.5925674197452778,30,2
mp-1185620,MgVRu2,<PROJECT_ROOT>/external_datasets/functional_protocol_round4_widechem_boost/meta_gga_r2scan/cif/mp-1185620.cif,train,-0.2022256912499997,-7.487244606018066,-0.328453228071643,-0.3265119003445402,-0.103994156559054,4,3
mp-4195,Tm(NiGe)2,<PROJECT_ROOT>/external_datasets/functional_protocol_round4_widechem_boost/meta_gga_r2scan/cif/mp-4195.cif,train,-0.6924281520000022,-5.714711761474609,-0.7144053224189895,-0.7122416060140697,-0.4642333558410174,5,3
mp-1217468,TbHo,<PROJECT_ROOT>/external_datasets/functional_protocol_round4_widechem_boost/meta_gga_r2scan/cif/mp-1217468.cif,train,-0.0118939924999992,-4.587055206298828,-0.0702395397896147,-0.0791421186117542,-1.0995683587162266,2,2
mp-754826,CsScO2,<PROJECT_ROOT>/external_datasets/functional_protocol_round4_widechem_boost/meta_gga_r2scan/cif/mp-754826.cif,train,-2.843099689375,-6.916201591491699,-2.995631023825471,-2.988744659288307,-2.1994197666872277,8,3
mp-867831,DyMgRh2,<PROJECT_ROOT>/external_datasets/functional_protocol_round4_widechem_boost/meta_gga_r2scan/cif/mp-867831.cif,train,-0.7456184725000021,-5.9432549476623535,-0.7769588289613116,-0.7753283257247086,-0.5884377268938327,4,3
mp-15081,Sm2Se3,<PROJECT_ROOT>/external_datasets/functional_protocol_round4_widechem_boost/meta_gga_r2scan/cif/mp-15081.cif,train,-2.1980478374375,-5.871740341186523,-2.07690763804817,-2.071113953597963,-1.4070336058702773,20,2
mp-758371,YbAlO3,<PROJECT_ROOT>/external_datasets/functional_protocol_round4_widechem_boost/meta_gga_r2scan/cif/mp-758371.cif,train,-3.51754615225,-6.801686859130859,-3.174118189786556,-3.165319429898017,-2.1567930635472887,5,3
mp-862376,Sc2CuTc,<PROJECT_ROOT>/external_datasets/functional_protocol_round4_widechem_boost/meta_gga_r2scan/cif/mp-862376.cif,train,-0.2259581174999994,-7.037877082824707,-0.2670393582500647,-0.2691257203620099,-0.5082675115103288,4,3
mp-13093,La3Ni2Sn7,<PROJECT_ROOT>/external_datasets/functional_protocol_round4_widechem_boost/meta_gga_r2scan/cif/mp-13093.cif,train,-0.6647188854166615,-5.171652158101399,-0.6638643061012308,-0.6631017071734915,-0.5756915339993258,12,3
mp-559955,Pr6Si4S17,<PROJECT_ROOT>/external_datasets/functional_protocol_round4_widechem_boost/meta_gga_r2scan/cif/mp-559955.cif,train,-1.693619715474538,-5.934477629484953,-1.6241133144686204,-1.6227595482621942,-1.4675889412280805,54,3
mp-1064427,GdBr,<PROJECT_ROOT>/external_datasets/functional_protocol_round4_widechem_boost/meta_gga_r2scan/cif/mp-1064427.cif,train,-1.4087171837499994,-9.079632759094238,-1.35350508028307,-1.3558349785094084,-1.622891225292863,4,2
mp-13863,BaGeO3,<PROJECT_ROOT>/external_datasets/functional_protocol_round4_widechem_boost/meta_gga_r2scan/cif/mp-13863.cif,train,-2.461986188750001,-6.554017639160156,-2.6653524823032573,-2.6631594924963258,-2.411795883369792,20,3
mp-1232170,Gd2MgS4,<PROJECT_ROOT>/external_datasets/functional_protocol_round4_widechem_boost/meta_gga_r2scan/cif/mp-1232170.cif,train,-2.1101158580357144,-8.474188668387276,-1.98806430404076,-1.9828506060666955,-1.385249132718278,14,3
mp-570213,LiMgBi,<PROJECT_ROOT>/external_datasets/functional_protocol_round4_widechem_boost/meta_gga_r2scan/cif/mp-570213.cif,train,-0.5230769455555541,-2.869828542073568,-0.4112928109117817,-0.4080534784245069,-0.0367565838409696,3,3
mp-1206034,Lu6MnBi2,<PROJECT_ROOT>/external_datasets/functional_protocol_round4_widechem_boost/meta_gga_r2scan/cif/mp-1206034.cif,train,-0.5038478193869701,-5.28632312350803,-0.5648995547910669,-0.5679568586140897,-0.9183893689368744,9,3
mp-25207,V2O5,<PROJECT_ROOT>/external_datasets/functional_protocol_round4_widechem_boost/meta_gga_r2scan/cif/mp-25207.cif,train,-2.3910932933928577,-7.39486331031436,-1.8910855287669843,-1.8970850714124152,-2.5847611781150315,21,2
mp-556212,K4U5Te2O21,<PROJECT_ROOT>/external_datasets/functional_protocol_round4_widechem_boost/meta_gga_r2scan/cif/mp-556212.cif,train,-2.783812515742192,-7.915313720703125,-3.047488605249389,-3.044412478934025,-2.691822507782884,32,4
mp-882825,MnInO3,<PROJECT_ROOT>/external_datasets/functional_protocol_round4_widechem_boost/meta_gga_r2scan/cif/mp-882825.cif,train,-1.9921054274798828,-6.571910603841146,-1.7669424918451997,-1.7699857735244358,-2.118811045792524,30,3
mp-567525,Te2Au,<PROJECT_ROOT>/external_datasets/functional_protocol_round4_widechem_boost/meta_gga_r2scan/cif/mp-567525.cif,train,-0.0634716500000015,-3.254767417907715,-0.1709455014341525,-0.1753679810418411,-0.6822788804755324,3,2
mp-10797,CaSiNi2,<PROJECT_ROOT>/external_datasets/functional_protocol_round4_widechem_boost/meta_gga_r2scan/cif/mp-10797.cif,train,-0.5416145049999983,-5.28664493560791,-0.6056725330758166,-0.6046870323794025,-0.4917275416129241,8,3
mp-3910,Ce(Al10Cr)2,<PROJECT_ROOT>/external_datasets/functional_protocol_round4_widechem_boost/meta_gga_r2scan/cif/mp-3910.cif,train,-0.170987423478261,-4.529467043669327,-0.2522958189085571,-0.2543671055146266,-0.4917809207521064,46,3
mp-1184354,Gd2IrAu,<PROJECT_ROOT>/external_datasets/functional_protocol_round4_widechem_boost/meta_gga_r2scan/cif/mp-1184354.cif,train,-0.8191862800000038,-10.849827766418455,-0.7767240910589983,-0.7775240209455818,-0.8692131216919541,4,3
mp-10191,Lu2MgSe4,<PROJECT_ROOT>/external_datasets/functional_protocol_round4_widechem_boost/meta_gga_r2scan/cif/mp-10191.cif,train,-1.9649622827976183,-5.195068359375,-1.849283445503679,-1.843984986378516,-1.2366680693983565,14,3
mp-20905,OsS2,<PROJECT_ROOT>/external_datasets/functional_protocol_round4_widechem_boost/meta_gga_r2scan/cif/mp-20905.cif,train,-0.4840884810416715,-6.853315989176433,-0.52934680745504,-0.5334219415622501,-1.0005196059611114,12,2
mp-1186775,SrYb,<PROJECT_ROOT>/external_datasets/functional_protocol_round4_widechem_boost/meta_gga_r2scan/cif/mp-1186775.cif,train,0.3152963874999983,-1.4770190715789795,0.0639379578674725,0.0580128448543506,-0.6211320315871007,2,2
mp-2843,SnF2,<PROJECT_ROOT>/external_datasets/functional_protocol_round4_widechem_boost/meta_gga_r2scan/cif/mp-2843.cif,train,-2.3759566954166687,-4.849477767944336,-2.549107713596528,-2.5499016832889563,-2.640907618107049,24,2
mp-20545,Cu3AsS4,<PROJECT_ROOT>/external_datasets/functional_protocol_round4_widechem_boost/meta_gga_r2scan/cif/mp-20545.cif,train,-0.26039287171875,-4.370258331298828,-0.2984613861789791,-0.3028240352828195,-0.802877077312879,8,3
mp-5920,LiAlGe,<PROJECT_ROOT>/external_datasets/functional_protocol_round4_widechem_boost/meta_gga_r2scan/cif/mp-5920.cif,train,-0.3718133055555555,-3.714333216349284,-0.3234981989963521,-0.325272115646956,-0.5286009638611705,3,3
mp-983555,Er2PdAu,<PROJECT_ROOT>/external_datasets/functional_protocol_round4_widechem_boost/meta_gga_r2scan/cif/mp-983555.cif,train,-0.9481179916666632,-5.289500236511231,-0.9788938105191064,-0.9787554024372812,-0.9628908713426688,4,3
mp-1184085,Er2AgPt,<PROJECT_ROOT>/external_datasets/functional_protocol_round4_widechem_boost/meta_gga_r2scan/cif/mp-1184085.cif,train,-0.8800429104166625,-5.316566467285156,-0.9015228297407454,-0.9014336735225844,-0.8912144610554975,4,3
mp-1009018,InAg,<PROJECT_ROOT>/external_datasets/functional_protocol_round4_widechem_boost/meta_gga_r2scan/cif/mp-1009018.cif,train,0.0546094075000027,-2.739939451217652,0.0278690239648269,0.028211586165975,0.0674765526327448,2,2
mp-1103576,HoGaCo,<PROJECT_ROOT>/external_datasets/functional_protocol_round4_widechem_boost/meta_gga_r2scan/cif/mp-1103576.cif,train,-0.4614595291666674,-5.406834284464519,-0.5344041342403099,-0.5332392496410652,-0.3997185209270566,12,3
mp-29458,Rb3Mo2Cl9,<PROJECT_ROOT>/external_datasets/functional_protocol_round4_widechem_boost/meta_gga_r2scan/cif/mp-29458.cif,train,-1.6190151850892858,-4.325683321271624,-1.5973000194876246,-1.595101151166471,-1.3430637383828654,28,3
mp-11108,SrP3,<PROJECT_ROOT>/external_datasets/functional_protocol_round4_widechem_boost/meta_gga_r2scan/cif/mp-11108.cif,train,-0.7499269859821442,-5.1168365478515625,-0.6744387643956564,-0.6758617673529237,-0.8389683891914342,8,2
mp-1147618,K6ZnS4,<PROJECT_ROOT>/external_datasets/functional_protocol_round4_widechem_boost/meta_gga_r2scan/cif/mp-1147618.cif,train,-1.2667014785227273,-3.289434953169389,-1.1815501618915092,-1.1797020188548275,-0.9678652367522133,22,3
mp-1178450,Cs6Ge2O7,<PROJECT_ROOT>/external_datasets/functional_protocol_round4_widechem_boost/meta_gga_r2scan/cif/mp-1178450.cif,train,-1.8279363824166657,-4.912303670247396,-1.960519555884861,-1.9598880381449924,-1.8875025770646472,30,3
mp-2078,TiCu,<PROJECT_ROOT>/external_datasets/functional_protocol_round4_widechem_boost/meta_gga_r2scan/cif/mp-2078.cif,train,-0.1385102308333348,-6.134868144989014,-0.114132880341871,-0.1172093521316695,-0.4698389220525957,4,2
mp-867919,ErNbRu2,<PROJECT_ROOT>/external_datasets/functional_protocol_round4_widechem_boost/meta_gga_r2scan/cif/mp-867919.cif,train,-0.4107065608333329,-8.658612251281738,-0.3672191838617422,-0.368729146817186,-0.541803247266267,4,3
mp-505346,Eu3(BO3)2,<PROJECT_ROOT>/external_datasets/functional_protocol_round4_widechem_boost/meta_gga_r2scan/cif/mp-505346.cif,train,-3.0647502811363627,-9.521461486816406,-3.1192801495557543,-3.1132636053123184,-2.4236387512777813,22,3
mp-1191929,ErB4Os,<PROJECT_ROOT>/external_datasets/functional_protocol_round4_widechem_boost/meta_gga_r2scan/cif/mp-1191929.cif,train,-0.6574023163888896,-7.675982157389323,-0.6147335494512065,-0.6145289427388336,-0.5910766305067068,24,3
mp-646399,Gd(NiGe)2,<PROJECT_ROOT>/external_datasets/functional_protocol_round4_widechem_boost/meta_gga_r2scan/cif/mp-646399.cif,train,-0.6963449940000004,-7.663861846923828,-0.7190320263297147,-0.7172619256604245,-0.5143704706523815,5,3
mp-1183799,DyHoZn2,<PROJECT_ROOT>/external_datasets/functional_protocol_round4_widechem_boost/meta_gga_r2scan/cif/mp-1183799.cif,train,-0.3841247600000024,-3.2734341621398926,-0.423793138790745,-0.4256106577965424,-0.6339372699453745,4,3
mp-1219778,Rb2TaF7,<PROJECT_ROOT>/external_datasets/functional_protocol_round4_widechem_boost/meta_gga_r2scan/cif/mp-1219778.cif,train,-3.4191499034833326,-5.89117202758789,-3.531697428677516,-3.526386833828968,-2.917678902982489,20,3
mp-541911,HfNCl,<PROJECT_ROOT>/external_datasets/functional_protocol_round4_widechem_boost/meta_gga_r2scan/cif/mp-541911.cif,train,-2.1508616570833325,-8.57843017578125,-2.0292724883067166,-2.0240418834252587,-1.4245025163162195,6,3
mp-754903,Y(BO2)3,<PROJECT_ROOT>/external_datasets/functional_protocol_round4_widechem_boost/meta_gga_r2scan/cif/mp-754903.cif,train,-2.9795416265,-8.360325622558594,-3.1184664943881577,-3.111826879390507,-2.350784769777605,20,3
mp-768372,SbBrO,<PROJECT_ROOT>/external_datasets/functional_protocol_round4_widechem_boost/meta_gga_r2scan/cif/mp-768372.cif,train,-1.143773758194445,-4.610472361246745,-1.3586914369805805,-1.3628753313361326,-1.8424392500077325,36,3
mp-642,BaCu13,<PROJECT_ROOT>/external_datasets/functional_protocol_round4_widechem_boost/meta_gga_r2scan/cif/mp-642.cif,train,0.0015007321428563,-3.950913837977818,0.0317574330978849,0.0342090276566935,0.3152142810656851,28,2
mp-1187591,Ti3N2,<PROJECT_ROOT>/external_datasets/functional_protocol_round4_widechem_boost/meta_gga_r2scan/cif/mp-1187591.cif,train,-1.6183914215000017,-9.52895965576172,-1.5497174489393837,-1.5467553236498075,-1.2072323121307489,10,2
mp-541995,LaSiO3F,<PROJECT_ROOT>/external_datasets/functional_protocol_round4_widechem_boost/meta_gga_r2scan/cif/mp-541995.cif,train,-3.6621635543750006,-7.873406304253472,-3.7619435480976096,-3.7532937716134342,-2.7618440948593586,36,4
mp-20290,TbCuPb,<PROJECT_ROOT>/external_datasets/functional_protocol_round4_widechem_boost/meta_gga_r2scan/cif/mp-20290.cif,train,-0.5173188216666679,-4.540706316630046,-0.4023584668189519,-0.3998879971912723,-0.1167192565568248,6,3
mp-28855,Cd4OF6,<PROJECT_ROOT>/external_datasets/functional_protocol_round4_widechem_boost/meta_gga_r2scan/cif/mp-28855.cif,train,-2.239388425795454,-3.797751686789773,-2.298564651390316,-2.299278540352134,-2.381105507989656,22,3
mp-4396,Ba(NO3)2,<PROJECT_ROOT>/external_datasets/functional_protocol_round4_widechem_boost/meta_gga_r2scan/cif/mp-4396.cif,train,-1.153307661666665,-6.48390875922309,-1.5952844478536363,-1.604203592778287,-2.626528663101721,36,3
mp-1184415,Gd2AgRu,<PROJECT_ROOT>/external_datasets/functional_protocol_round4_widechem_boost/meta_gga_r2scan/cif/mp-1184415.cif,train,-0.2686155775000003,-10.37127685546875,-0.285683994505888,-0.2886630502698128,-0.6301266568245281,4,3
mp-9325,Sr3MnN3,<PROJECT_ROOT>/external_datasets/functional_protocol_round4_widechem_boost/meta_gga_r2scan/cif/mp-9325.cif,train,-0.8934885908189675,-6.343430655343192,-0.9623393914942512,-0.9619032910614952,-0.9119168395172564,14,3
mp-1101803,NdGaPd,<PROJECT_ROOT>/external_datasets/functional_protocol_round4_widechem_boost/meta_gga_r2scan/cif/mp-1101803.cif,train,-0.8935733275000027,-5.168490409851074,-0.8816511243648222,-0.8796957155486869,-0.6555639773207453,12,3
mp-2280,CuSe2,<PROJECT_ROOT>/external_datasets/functional_protocol_round4_widechem_boost/meta_gga_r2scan/cif/mp-2280.cif,train,-0.1273585777083331,-3.761878331502279,-0.2059678866865626,-0.2114810533259632,-0.8434080508064423,12,2
mp-558546,KSO3,<PROJECT_ROOT>/external_datasets/functional_protocol_round4_widechem_boost/meta_gga_r2scan/cif/mp-558546.cif,train,-1.7875354222291662,-5.673085530598958,-2.086157044922732,-2.089826966468156,-2.5104785910019256,30,3
mp-28371,K2Zn3O4,<PROJECT_ROOT>/external_datasets/functional_protocol_round4_widechem_boost/meta_gga_r2scan/cif/mp-28371.cif,train,-1.5944511230555554,-4.260773128933376,-1.6869578987273006,-1.6864466401317753,-1.6278454531303996,18,3
mp-1227958,BaGeAu3,<PROJECT_ROOT>/external_datasets/functional_protocol_round4_widechem_boost/meta_gga_r2scan/cif/mp-1227958.cif,train,-0.5449068850000003,-3.779925537109375,-0.5469525962595436,-0.5471459393643681,-0.5693072008879262,5,3
mp-1094961,Mg3Al,<PROJECT_ROOT>/external_datasets/functional_protocol_round4_widechem_boost/meta_gga_r2scan/cif/mp-1094961.cif,train,0.0314960637499996,-2.1155781745910645,0.0446699343073206,0.0445149539594433,0.0267508861710406,4,2
mp-13069,Er(AlGe)2,<PROJECT_ROOT>/external_datasets/functional_protocol_round4_widechem_boost/meta_gga_r2scan/cif/mp-13069.cif,train,-0.4592821666666651,-4.64900016784668,-0.4199916079809789,-0.4223190778172698,-0.689096979082892,5,3
mp-864786,Yb2PdPt,<PROJECT_ROOT>/external_datasets/functional_protocol_round4_widechem_boost/meta_gga_r2scan/cif/mp-864786.cif,train,-1.2305554850000036,-4.592589378356934,-1.0913216307581628,-1.0854825090469316,-0.4161940778693141,4,3
mp-1215186,ZrTiCo4,<PROJECT_ROOT>/external_datasets/functional_protocol_round4_widechem_boost/meta_gga_r2scan/cif/mp-1215186.cif,train,-0.2186761086111133,-7.780791600545247,-0.3241347127060701,-0.3234445633832683,-0.2443386669169368,6,3
mp-28583,Si2NCl5,<PROJECT_ROOT>/external_datasets/functional_protocol_round4_widechem_boost/meta_gga_r2scan/cif/mp-28583.cif,train,-1.3304720842187514,-4.748893737792969,-1.3605825865239716,-1.3624955644330674,-1.5817638117791053,32,3
mp-557552,Sr2CuF6,<PROJECT_ROOT>/external_datasets/functional_protocol_round4_widechem_boost/meta_gga_r2scan/cif/mp-557552.cif,train,-3.42283717888889,-5.225788116455078,-3.4529814020650798,-3.447046829343829,-2.7668176677085867,18,3
mp-1224115,Ho2P7Rh12,<PROJECT_ROOT>/external_datasets/functional_protocol_round4_widechem_boost/meta_gga_r2scan/cif/mp-1224115.cif,train,-1.0055202726587302,-7.365522112165179,-0.9689420541784416,-0.9662360297783668,-0.65606766627657,21,3
mp-5459,Nd2TeO2,<PROJECT_ROOT>/external_datasets/functional_protocol_round4_widechem_boost/meta_gga_r2scan/cif/mp-5459.cif,train,-3.2036916925000014,-7.398001098632813,-3.204242436815328,-3.1936857291078846,-1.9836608847337376,5,3
mp-977244,NaTi5Se8,<PROJECT_ROOT>/external_datasets/functional_protocol_round4_widechem_boost/meta_gga_r2scan/cif/mp-977244.cif,train,-1.348549883988095,-6.07380131312779,-1.3040059529624308,-1.304750475397074,-1.3900886952347768,14,3
mp-1187643,YbEuMg2,<PROJECT_ROOT>/external_datasets/functional_protocol_round4_widechem_boost/meta_gga_r2scan/cif/mp-1187643.cif,train,-0.0267423849999985,-3.7973828315734863,-0.0291444361290866,-0.0318875420616953,-0.3463062435360093,4,3
mp-2616,NpO2,<PROJECT_ROOT>/external_datasets/functional_protocol_round4_widechem_boost/meta_gga_r2scan/cif/mp-2616.cif,train,-3.761992995416667,-10.74441401163737,-3.873766406038822,-3.868007796941385,-3.207947836013604,3,2
mp-862715,Al2PdRu,<PROJECT_ROOT>/external_datasets/functional_protocol_round4_widechem_boost/meta_gga_r2scan/cif/mp-862715.cif,train,-0.8579669187500016,-6.288878440856934,-0.812080536361254,-0.8083498493954959,-0.3807332060015398,4,3
mp-1206580,GdSnGe,<PROJECT_ROOT>/external_datasets/functional_protocol_round4_widechem_boost/meta_gga_r2scan/cif/mp-1206580.cif,train,-0.6518303416666669,-8.191802978515625,-0.5931090397396037,-0.5941505029674401,-0.7135244986426055,6,3
mp-27420,NaBiF6,<PROJECT_ROOT>/external_datasets/functional_protocol_round4_widechem_boost/meta_gga_r2scan/cif/mp-27420.cif,train,-2.2902716668750003,-4.198989391326904,-2.4885026260727736,-2.4922783653035925,-2.925058963362741,8,3
mp-541715,Ba3GaP3,<PROJECT_ROOT>/external_datasets/functional_protocol_round4_widechem_boost/meta_gga_r2scan/cif/mp-541715.cif,train,-1.0996048519897974,-4.519962583269392,-1.004973993059861,-1.0045888762571336,-0.9604462408627163,28,3
mp-1226091,Cr8Cu3NiS16,<PROJECT_ROOT>/external_datasets/functional_protocol_round4_widechem_boost/meta_gga_r2scan/cif/mp-1226091.cif,train,-0.872714420892856,-6.385724203927176,-0.9071563343313443,-0.9070045744026772,-0.8896096356433462,28,4
mp-619510,CsHg2Br5,<PROJECT_ROOT>/external_datasets/functional_protocol_round4_widechem_boost/meta_gga_r2scan/cif/mp-619510.cif,train,-0.9486671184375056,-2.029099702835083,-0.9970181680264556,-0.9982999610471586,-1.145220899220397,16,3
mp-1078261,Ho2Ni2Sn,<PROJECT_ROOT>/external_datasets/functional_protocol_round4_widechem_boost/meta_gga_r2scan/cif/mp-1078261.cif,train,-0.6063907430000001,-5.545602416992187,-0.6643455851016276,-0.6632291496269325,-0.5352617284423082,10,3
mp-1078358,LiOsO3,<PROJECT_ROOT>/external_datasets/functional_protocol_round4_widechem_boost/meta_gga_r2scan/cif/mp-1078358.cif,train,-1.5030962525833331,-6.925611877441407,-1.7328271323891125,-1.7356315021656066,-2.057072352514644,10,3
mp-28171,K3IO,<PROJECT_ROOT>/external_datasets/functional_protocol_round4_widechem_boost/meta_gga_r2scan/cif/mp-28171.cif,train,-1.4208011074999989,-3.2004554748535154,-1.4309697010028255,-1.4296551692836983,-1.2789816749574303,5,3
mp-777459,Li3FeF6,<PROJECT_ROOT>/external_datasets/functional_protocol_round4_widechem_boost/meta_gga_r2scan/cif/mp-777459.cif,train,-2.9428110985000004,-5.019950103759766,-2.779805329844648,-2.777030986845836,-2.4590318484376814,20,3
mp-1212232,Ho4Ga12Pd,<PROJECT_ROOT>/external_datasets/functional_protocol_round4_widechem_boost/meta_gga_r2scan/cif/mp-1212232.cif,train,-0.6433498017647072,-4.103817210477941,-0.6083061575912967,-0.6075454543248728,-0.5203525645453493,17,3
mp-23675,H4BrN,<PROJECT_ROOT>/external_datasets/functional_protocol_round4_widechem_boost/meta_gga_r2scan/cif/mp-23675.cif,train,-0.5850794660416673,-4.462790171305339,-0.5904959809524764,-0.5897268380632115,-0.5015665867210694,12,3
mp-19815,Eu2VO4,<PROJECT_ROOT>/external_datasets/functional_protocol_round4_widechem_boost/meta_gga_r2scan/cif/mp-19815.cif,train,-3.132637903571429,-9.473687308175224,-2.834997040148864,-2.832077201704622,-2.4974011685131696,7,3
mp-1104054,Y(Ni2P)2,<PROJECT_ROOT>/external_datasets/functional_protocol_round4_widechem_boost/meta_gga_r2scan/cif/mp-1104054.cif,train,-0.8472596901360541,-6.595378330775669,-0.9065964770557128,-0.9025395685438484,-0.4375309477924531,14,3
mp-1716,Rh2O3,<PROJECT_ROOT>/external_datasets/functional_protocol_round4_widechem_boost/meta_gga_r2scan/cif/mp-1716.cif,train,-0.911465787749998,-6.551799774169922,-1.032213303377958,-1.042722208771413,-2.247267883962131,20,2
mp-554229,CsAs3O8,<PROJECT_ROOT>/external_datasets/functional_protocol_round4_widechem_boost/meta_gga_r2scan/cif/mp-554229.cif,train,-1.4652256193749988,-5.829433441162109,-1.7443680290034056,-1.7508677779530926,-2.4958782423204355,24,3
mp-12082,Er(CrSi)2,<PROJECT_ROOT>/external_datasets/functional_protocol_round4_widechem_boost/meta_gga_r2scan/cif/mp-12082.cif,train,-0.419872512666663,-7.315653991699219,-0.5852697784864338,-0.584823368271497,-0.5336551948391495,5,3
mp-11977,LiSnAu,<PROJECT_ROOT>/external_datasets/functional_protocol_round4_widechem_boost/meta_gga_r2scan/cif/mp-11977.cif,train,-0.4456761888888867,-3.489438056945801,-0.4552662182766456,-0.4546929575214014,-0.3889849948320664,6,3
mp-17864,BaNa(B3O5)3,<PROJECT_ROOT>/external_datasets/functional_protocol_round4_widechem_boost/meta_gga_r2scan/cif/mp-17864.cif,train,-2.7004682355288474,-7.822436992938702,-2.891480487296973,-2.885993543335519,-2.257072226477503,52,4
mp-1193638,Nb4FeSe8,<PROJECT_ROOT>/external_datasets/functional_protocol_round4_widechem_boost/meta_gga_r2scan/cif/mp-1193638.cif,train,-0.9341795078846163,-6.691234295184795,-0.8936163811201245,-0.8951986880514662,-1.0765649578590806,26,3
mp-29985,LiNb6Cl19,<PROJECT_ROOT>/external_datasets/functional_protocol_round4_widechem_boost/meta_gga_r2scan/cif/mp-29985.cif,train,-1.5077399807371792,-5.083225543682392,-1.4907679758475103,-1.4920101091191853,-1.634385190480626,52,3
mp-568055,Nd(PRu)2,<PROJECT_ROOT>/external_datasets/functional_protocol_round4_widechem_boost/meta_gga_r2scan/cif/mp-568055.cif,train,-1.104269782690477,-7.832258605957032,-1.042069152274098,-1.0376773215940958,-0.5342794458201735,5,3
mp-1196961,Si,<PROJECT_ROOT>/external_datasets/functional_protocol_round4_widechem_boost/meta_gga_r2scan/cif/mp-1196961.cif,train,0.1104590064999996,-5.346948623657227,0.1563018717898332,0.1477965419535882,-0.8270964546791761,40,1
mp-1101752,PrAsS,<PROJECT_ROOT>/external_datasets/functional_protocol_round4_widechem_boost/meta_gga_r2scan/cif/mp-1101752.cif,train,-1.7956634814930557,-6.084339777628581,-1.708921048475719,-1.704409999426658,-1.1873471447156034,12,3
mp-1025346,GaAsPd5,<PROJECT_ROOT>/external_datasets/functional_protocol_round4_widechem_boost/meta_gga_r2scan/cif/mp-1025346.cif,train,-0.5027677889285737,-5.283745356968471,-0.4988125511612207,-0.4989885238673155,-0.5191587655944173,7,3
mp-22023,Pb3SO6,<PROJECT_ROOT>/external_datasets/functional_protocol_round4_widechem_boost/meta_gga_r2scan/cif/mp-22023.cif,train,-1.4789474660312494,-5.826145935058594,-1.7216578026290748,-1.725211068516388,-2.1324914556851784,20,3
mp-1525632,F2,<PROJECT_ROOT>/external_datasets/functional_protocol_round4_widechem_boost/meta_gga_r2scan/cif/mp-1525632.cif,train,0.0,-1.8372772932052608,-0.41839545434182,-0.4480544098240377,-3.847606049049462,4,1
mp-22012,Tb(MnGe)6,<PROJECT_ROOT>/external_datasets/functional_protocol_round4_widechem_boost/meta_gga_r2scan/cif/mp-22012.cif,train,-0.3429703682228102,-7.02893301156851,-0.6598413686697979,-0.6574576585410625,-0.3842334150111198,13,3
mp-542382,ThTl,<PROJECT_ROOT>/external_datasets/functional_protocol_round4_widechem_boost/meta_gga_r2scan/cif/mp-542382.cif,train,-0.2587968891666605,-5.039786020914714,-0.1923958980494386,-0.1953780371167157,-0.5371950562851775,24,2
mp-1106155,Ca2MnReO6,<PROJECT_ROOT>/external_datasets/functional_protocol_round4_widechem_boost/meta_gga_r2scan/cif/mp-1106155.cif,train,-2.4990514064482765,-7.587623596191406,-2.525564975336362,-2.522883643791869,-2.215545610500331,40,4
mp-1831,SrAu5,<PROJECT_ROOT>/external_datasets/functional_protocol_round4_widechem_boost/meta_gga_r2scan/cif/mp-1831.cif,train,-0.4843396300000033,-3.4533475240071616,-0.4842825293347998,-0.4840581581324299,-0.4583404119601402,6,2
mp-1183710,Co,<PROJECT_ROOT>/external_datasets/functional_protocol_round4_widechem_boost/meta_gga_r2scan/cif/mp-1183710.cif,train,0.0106160199999987,-7.097220420837402,0.0018882890523439,0.0040504746821481,0.2518832652383206,4,1
mp-1025521,CeSi2Ru,<PROJECT_ROOT>/external_datasets/functional_protocol_round4_widechem_boost/meta_gga_r2scan/cif/mp-1025521.cif,train,-0.8734180162500031,-7.335629940032959,-0.8462914797543606,-0.846971996545447,-0.9249737985341384,8,3
mp-9293,EuGeAu,<PROJECT_ROOT>/external_datasets/functional_protocol_round4_widechem_boost/meta_gga_r2scan/cif/mp-9293.cif,train,-0.8215126866666699,-6.793765385945638,-0.7150017665022927,-0.7159570031213214,-0.8254475823183645,6,3
mp-556620,P2W2O11,<PROJECT_ROOT>/external_datasets/functional_protocol_round4_widechem_boost/meta_gga_r2scan/cif/mp-556620.cif,train,-2.295592854146825,-7.33464609781901,-1.980967565330971,-1.9855579662261764,-2.5117162423450443,30,3
mp-8966,K2Sn2Se5,<PROJECT_ROOT>/external_datasets/functional_protocol_round4_widechem_boost/meta_gga_r2scan/cif/mp-8966.cif,train,-0.8593273542013896,-3.7983105977376304,-0.8492410164124045,-0.8506593411549694,-1.0132297393750191,18,3
mp-554545,Bi2Os2O7,<PROJECT_ROOT>/external_datasets/functional_protocol_round4_widechem_boost/meta_gga_r2scan/cif/mp-554545.cif,train,-1.1409082792045473,-6.937680331143466,-1.4372630950877854,-1.4422249685961344,-2.010961963702554,22,3
mp-9900,Ag2GeS3,<PROJECT_ROOT>/external_datasets/functional_protocol_round4_widechem_boost/meta_gga_r2scan/cif/mp-9900.cif,train,-0.2844606589062503,-3.995112419128418,-0.3096441419558533,-0.3141913548848878,-0.8353993649273076,12,3
mp-1101862,NaBH4,<PROJECT_ROOT>/external_datasets/functional_protocol_round4_widechem_boost/meta_gga_r2scan/cif/mp-1101862.cif,train,-0.3854238495833335,-3.914534568786621,-0.2986556235678064,-0.2982601525737145,-0.2529307050517195,12,3
mp-30218,Ti2P,<PROJECT_ROOT>/external_datasets/functional_protocol_round4_widechem_boost/meta_gga_r2scan/cif/mp-30218.cif,train,-1.128354833769843,-8.127581278483072,-1.0744771381572482,-1.0753158142300352,-1.1714460579152113,9,2
mp-867850,ScMnRh2,<PROJECT_ROOT>/external_datasets/functional_protocol_round4_widechem_boost/meta_gga_r2scan/cif/mp-867850.cif,train,-0.8135678873706915,-8.173391342163086,-0.8573643667975661,-0.8556515633597455,-0.6593275984695133,4,3
mp-1104388,Y3Pd2,<PROJECT_ROOT>/external_datasets/functional_protocol_round4_widechem_boost/meta_gga_r2scan/cif/mp-1104388.cif,train,-0.7358642346666708,-6.684452819824219,-0.7834897873495601,-0.7848544852271093,-0.941278095944968,15,2
mp-1102143,ErRe2,<PROJECT_ROOT>/external_datasets/functional_protocol_round4_widechem_boost/meta_gga_r2scan/cif/mp-1102143.cif,train,-0.3274157586111149,-10.070491154988607,-0.2558708735177202,-0.2562086239393126,-0.2949220573944896,12,2
mp-1094853,LiMg,<PROJECT_ROOT>/external_datasets/functional_protocol_round4_widechem_boost/meta_gga_r2scan/cif/mp-1094853.cif,train,-0.0088296433333332,-1.7723848819732666,-0.0499605609538087,-0.0513315422293949,-0.2084753649622772,4,2
mp-569688,Rb,<PROJECT_ROOT>/external_datasets/functional_protocol_round4_widechem_boost/meta_gga_r2scan/cif/mp-569688.cif,train,0.0479455483653842,-0.9350969608013446,-0.0503258236033488,-0.0568675752964091,-0.806692453819243,26,1
mp-1185131,LaPmMg2,<PROJECT_ROOT>/external_datasets/functional_protocol_round4_widechem_boost/meta_gga_r2scan/cif/mp-1185131.cif,train,-0.1158537956249965,-3.3256752490997314,-0.1390948463237373,-0.1415367133958742,-0.4214269884547371,4,3
mp-18971,Mn(PtO2)3,<PROJECT_ROOT>/external_datasets/functional_protocol_round4_widechem_boost/meta_gga_r2scan/cif/mp-18971.cif,train,-0.960318608698276,-6.298261642456055,-1.0780858844385008,-1.0889290277076826,-2.331785523352126,10,3
mp-1215847,Yb2Al3Cu,<PROJECT_ROOT>/external_datasets/functional_protocol_round4_widechem_boost/meta_gga_r2scan/cif/mp-1215847.cif,train,-0.5223677200000006,-3.368558565775553,-0.3369771474358027,-0.3358543167514751,-0.2071538675478483,6,3
mp-26965,Li2CrP2O7,<PROJECT_ROOT>/external_datasets/functional_protocol_round4_widechem_boost/meta_gga_r2scan/cif/mp-26965.cif,train,-2.45589137921131,-6.984146118164063,-2.503993794003133,-2.5012427272209,-2.185911541846112,24,4
mp-505274,Na2SO4,<PROJECT_ROOT>/external_datasets/functional_protocol_round4_widechem_boost/meta_gga_r2scan/cif/mp-505274.cif,train,-1.9880364982589285,-5.594236646379743,-2.2111392100295424,-2.2124997857673385,-2.3684509109674874,28,3
mp-8719,K2MnTe2,<PROJECT_ROOT>/external_datasets/functional_protocol_round4_widechem_boost/meta_gga_r2scan/cif/mp-8719.cif,train,-1.1002064433965528,-4.289870071411133,-0.9826748637235084,-0.9795710840731404,-0.6238114483525565,10,3
mp-1195189,TbP4HO12,<PROJECT_ROOT>/external_datasets/functional_protocol_round4_widechem_boost/meta_gga_r2scan/cif/mp-1195189.cif,train,-2.536680179758597,-7.263998243543837,-2.742298726277776,-2.7401210027218523,-2.490507232986785,72,4
mp-10708,PrRh3C,<PROJECT_ROOT>/external_datasets/functional_protocol_round4_widechem_boost/meta_gga_r2scan/cif/mp-10708.cif,train,-0.4077971123333327,-7.575544738769532,-0.409733185588327,-0.4104085428247668,-0.4878189493228994,5,3
mp-980537,RbYbO3,<PROJECT_ROOT>/external_datasets/functional_protocol_round4_widechem_boost/meta_gga_r2scan/cif/mp-980537.cif,train,-2.1327498265000004,-4.652262878417969,-1.5923821530306328,-1.597812918423287,-2.220294967864275,5,3
mp-20049,LiFeP,<PROJECT_ROOT>/external_datasets/functional_protocol_round4_widechem_boost/meta_gga_r2scan/cif/mp-20049.cif,train,-0.5460545548809522,-5.907613118489583,-0.6904967670488213,-0.6874505733443383,-0.3382915206011552,6,3
mp-29355,NaTeF5,<PROJECT_ROOT>/external_datasets/functional_protocol_round4_widechem_boost/meta_gga_r2scan/cif/mp-29355.cif,train,-2.5122491057142864,-4.333029065813337,-2.7125724730982337,-2.7147137907161847,-2.960154660087493,28,3
mp-1187974,ZnAg,<PROJECT_ROOT>/external_datasets/functional_protocol_round4_widechem_boost/meta_gga_r2scan/cif/mp-1187974.cif,train,-0.0101798649999995,-2.0811331272125244,-0.0127097205301689,-0.0107801318157125,0.2103920696530248,2,2
mp-13545,BaIrF6,<PROJECT_ROOT>/external_datasets/functional_protocol_round4_widechem_boost/meta_gga_r2scan/cif/mp-13545.cif,train,-2.6370737443750016,-5.190293788909912,-2.7884835143270497,-2.791144043050136,-3.096097627379808,8,3
mp-1187531,TiZn3,<PROJECT_ROOT>/external_datasets/functional_protocol_round4_widechem_boost/meta_gga_r2scan/cif/mp-1187531.cif,train,-0.211500660416668,-3.105184316635132,-0.1969087052239411,-0.1978803115558376,-0.3092472105101886,8,2
mp-542177,PuAl3,<PROJECT_ROOT>/external_datasets/functional_protocol_round4_widechem_boost/meta_gga_r2scan/cif/mp-542177.cif,train,-0.3949671346875003,-6.6567230224609375,-0.458383265303846,-0.4612345740755268,-0.7880556387812417,12,2
mp-1196088,Cs3CoI4NO3,<PROJECT_ROOT>/external_datasets/functional_protocol_round4_widechem_boost/meta_gga_r2scan/cif/mp-1196088.cif,train,-1.1432331020833313,-4.117790222167969,-1.1248333737087717,-1.1275994277792831,-1.4446484774409294,48,5
mp-13675,CdPd3O4,<PROJECT_ROOT>/external_datasets/functional_protocol_round4_widechem_boost/meta_gga_r2scan/cif/mp-13675.cif,train,-0.7695238218750013,-5.108405113220215,-0.8861892162383329,-0.8948043544650757,-1.88228374491254,16,3
mp-10638,ZrSb,<PROJECT_ROOT>/external_datasets/functional_protocol_round4_widechem_boost/meta_gga_r2scan/cif/mp-10638.cif,train,-0.8098091699999989,-7.043146133422852,-0.7847711538837165,-0.7840650040339909,-0.7031251044263581,12,2
mp-862896,PmCdRh2,<PROJECT_ROOT>/external_datasets/functional_protocol_round4_widechem_boost/meta_gga_r2scan/cif/mp-862896.cif,train,-0.509528406874999,-5.56234884262085,-0.5043663475287268,-0.5029255761427844,-0.3377823117500425,4,3
mp-31503,Mg9Sn5,<PROJECT_ROOT>/external_datasets/functional_protocol_round4_widechem_boost/meta_gga_r2scan/cif/mp-31503.cif,train,-0.206678852857144,-2.6271989004952565,-0.1221933888941961,-0.1207343703994228,0.046500403546022,28,2
mp-1219672,Rb(Nb3Se4)2,<PROJECT_ROOT>/external_datasets/functional_protocol_round4_widechem_boost/meta_gga_r2scan/cif/mp-1219672.cif,train,-1.0592025795833326,-6.862223307291667,-0.9826388757915608,-0.9835728327122286,-1.090624302631138,15,3
mp-745,ThMg2,<PROJECT_ROOT>/external_datasets/functional_protocol_round4_widechem_boost/meta_gga_r2scan/cif/mp-745.cif,train,0.0100707700000034,-3.52818234761556,0.0068634015914939,0.0035479015537402,-0.3764794259427453,6,2
mp-17282,SrTh2Se5,<PROJECT_ROOT>/external_datasets/functional_protocol_round4_widechem_boost/meta_gga_r2scan/cif/mp-17282.cif,train,-2.139048075351564,-6.092414855957031,-2.017846156174498,-2.0129644816891226,-1.4534200126035768,32,3
mp-568664,CaAgBi,<PROJECT_ROOT>/external_datasets/functional_protocol_round4_widechem_boost/meta_gga_r2scan/cif/mp-568664.cif,train,-0.6397542166666644,-3.4676783879597983,-0.5697917396092564,-0.5656832900554667,-0.0947669618097001,6,3
mp-2988,Li2GaRh,<PROJECT_ROOT>/external_datasets/functional_protocol_round4_widechem_boost/meta_gga_r2scan/cif/mp-2988.cif,train,-0.5065671233333333,-4.035497188568115,-0.550220376962232,-0.5499443534744364,-0.5183061489185674,4,3
mp-1217780,Ta2Co3Ge,<PROJECT_ROOT>/external_datasets/functional_protocol_round4_widechem_boost/meta_gga_r2scan/cif/mp-1217780.cif,train,-0.2280275932777821,-8.607147216796875,-0.3192982344240107,-0.3179573997870273,-0.1642690276250902,12,3
mp-2740875,K2CoO2,<PROJECT_ROOT>/external_datasets/functional_protocol_round4_widechem_boost/meta_gga_r2scan/cif/mp-2740875.cif,train,-1.3148836094999994,-4.629137420654297,-1.055134879285804,-1.0594304459714197,-1.5517944058630997,20,3
mp-776152,V2O5,<PROJECT_ROOT>/external_datasets/functional_protocol_round4_widechem_boost/meta_gga_r2scan/cif/mp-776152.cif,train,-2.411709626249999,-7.419576917375837,-1.9157991358284607,-1.9215849325544176,-2.5847611781150315,28,2
mp-972411,Tb3Yb,<PROJECT_ROOT>/external_datasets/functional_protocol_round4_widechem_boost/meta_gga_r2scan/cif/mp-972411.cif,train,0.0363021212500029,-3.750234603881836,0.0106348191344514,0.0034030896580476,-0.8255080232332832,4,2
mp-1208951,Sr(AuF6)2,<PROJECT_ROOT>/external_datasets/functional_protocol_round4_widechem_boost/meta_gga_r2scan/cif/mp-1208951.cif,train,-1.5416492216666673,-3.4483907063802084,-1.7723754203916262,-1.784694008330848,-3.19666806948164,60,3
mp-7228,ReO2,<PROJECT_ROOT>/external_datasets/functional_protocol_round4_widechem_boost/meta_gga_r2scan/cif/mp-7228.cif,train,-1.5699029758333296,-8.87590217590332,-1.8195260064032404,-1.822467630393242,-2.1596407538100166,12,2
mp-867324,Tb2Ni12As7,<PROJECT_ROOT>/external_datasets/functional_protocol_round4_widechem_boost/meta_gga_r2scan/cif/mp-867324.cif,train,-0.5583178136904778,-5.8286114647274925,-0.640464972454768,-0.6383514247775164,-0.3960935854851535,21,3
mp-9798,Rb(SbSe2)2,<PROJECT_ROOT>/external_datasets/functional_protocol_round4_widechem_boost/meta_gga_r2scan/cif/mp-9798.cif,train,-0.5853796932142866,-3.808539254324777,-0.6580153439507548,-0.6614657937028197,-1.0569612492901963,14,3
mp-17113,Sm2Ru2O7,<PROJECT_ROOT>/external_datasets/functional_protocol_round4_widechem_boost/meta_gga_r2scan/cif/mp-17113.cif,train,-2.426044301477276,-7.794604908336293,-2.519190427549712,-2.5181487890519128,-2.3987547036869614,22,3
mp-28034,Cu2P7,<PROJECT_ROOT>/external_datasets/functional_protocol_round4_widechem_boost/meta_gga_r2scan/cif/mp-28034.cif,train,-0.1393508239814814,-5.215808868408203,-0.113744726431463,-0.1168907474862699,-0.4774921530307638,36,2
mp-707424,Al2H12(SeO5)3,<PROJECT_ROOT>/external_datasets/functional_protocol_round4_widechem_boost/meta_gga_r2scan/cif/mp-707424.cif,train,-1.366535848076173,-5.433182716369629,-1.5768088374571274,-1.5786133056354128,-1.7854440133850176,64,4
mp-865280,NbAlFe2,<PROJECT_ROOT>/external_datasets/functional_protocol_round4_widechem_boost/meta_gga_r2scan/cif/mp-865280.cif,train,-0.1968070625000013,-8.063490867614746,-0.3455726227708711,-0.3434745363596629,-0.1029888893609901,4,3
mp-504636,K2MnO4,<PROJECT_ROOT>/external_datasets/functional_protocol_round4_widechem_boost/meta_gga_r2scan/cif/mp-504636.cif,train,-1.828879895997536,-5.530945369175503,-1.5561316115551551,-1.561174399982745,-2.1391859781568963,28,3
mp-22946,CrClO,<PROJECT_ROOT>/external_datasets/functional_protocol_round4_widechem_boost/meta_gga_r2scan/cif/mp-22946.cif,train,-1.9656093070833347,-6.379080454508464,-1.3652054659767598,-1.3682777643926285,-1.7204289762625382,6,3
mp-1195170,Ni5H2Se6(ClO4)4,<PROJECT_ROOT>/external_datasets/functional_protocol_round4_widechem_boost/meta_gga_r2scan/cif/mp-1195170.cif,train,-0.950610086875,-4.746202411073627,-0.7940529876535485,-0.8060206570957442,-2.1777719412680945,66,5
mp-29168,Rb3BiSe3,<PROJECT_ROOT>/external_datasets/functional_protocol_round4_widechem_boost/meta_gga_r2scan/cif/mp-29168.cif,train,-1.1156592847767846,-3.410191399710519,-1.0725955352125198,-1.0714472520974487,-0.9398294090996964,28,3
mp-580748,Re3Se4Cl,<PROJECT_ROOT>/external_datasets/functional_protocol_round4_widechem_boost/meta_gga_r2scan/cif/mp-580748.cif,train,-0.5602605907812475,-7.123936176300049,-0.6008659957824243,-0.6032752904864571,-0.8794320744097426,16,3
mp-677242,K2SO4,<PROJECT_ROOT>/external_datasets/functional_protocol_round4_widechem_boost/meta_gga_r2scan/cif/mp-677242.cif,train,-2.0366937964732137,-5.599059513636997,-2.267617452657356,-2.268463191182372,-2.3654029431837915,14,3
mp-1188077,Zr7Cu10,<PROJECT_ROOT>/external_datasets/functional_protocol_round4_widechem_boost/meta_gga_r2scan/cif/mp-1188077.cif,train,-0.186065317058826,-6.093886431525736,-0.173461251692931,-0.1735600557565089,-0.1848851179786022,34,2
mp-28774,KSnF3,<PROJECT_ROOT>/external_datasets/functional_protocol_round4_widechem_boost/meta_gga_r2scan/cif/mp-28774.cif,train,-2.6867468415000006,-4.67247200012207,-2.7966634550188965,-2.793892100288253,-2.476235481426896,40,3
mp-569561,TeCl4,<PROJECT_ROOT>/external_datasets/functional_protocol_round4_widechem_boost/meta_gga_r2scan/cif/mp-569561.cif,train,-0.6397680984999994,-2.702747917175293,-0.8224649404518574,-0.8307650507181261,-1.7821354885065797,40,2
mp-1079832,ScTe,<PROJECT_ROOT>/external_datasets/functional_protocol_round4_widechem_boost/meta_gga_r2scan/cif/mp-1079832.cif,train,-1.3133828887500023,-5.891787052154541,-1.2646210357886032,-1.2635084134705945,-1.1359780617232382,8,2
mp-1025246,Er2B4C,<PROJECT_ROOT>/external_datasets/functional_protocol_round4_widechem_boost/meta_gga_r2scan/cif/mp-1025246.cif,train,-0.6848635952380968,-7.026450565883091,-0.624665756155184,-0.6258778218688539,-0.7648065169878309,7,3
mp-1197171,KP2H5O8,<PROJECT_ROOT>/external_datasets/functional_protocol_round4_widechem_boost/meta_gga_r2scan/cif/mp-1197171.cif,train,-1.8143518984970248,-5.97187614440918,-1.9955995923779015,-1.994325256692304,-1.8482590888720176,64,4
mp-7192,Sc2Sb,<PROJECT_ROOT>/external_datasets/functional_protocol_round4_widechem_boost/meta_gga_r2scan/cif/mp-7192.cif,train,-0.8804195516666672,-6.3763987223307295,-0.8575671813379477,-0.859202452779253,-1.0466395900070526,6,2
mp-15753,Ba3(LiAs)4,<PROJECT_ROOT>/external_datasets/functional_protocol_round4_widechem_boost/meta_gga_r2scan/cif/mp-15753.cif,train,-1.0833800037878776,-3.839822248979048,-1.0351937980717976,-1.0337676950462136,-0.8703057389671396,11,3
mp-555476,Na3OsO5,<PROJECT_ROOT>/external_datasets/functional_protocol_round4_widechem_boost/meta_gga_r2scan/cif/mp-555476.cif,train,-1.5355729289351845,-5.8335316975911455,-1.7745681674379543,-1.7768286829572562,-2.035932185228408,27,3
mp-1226885,Ce2CuSi3,<PROJECT_ROOT>/external_datasets/functional_protocol_round4_widechem_boost/meta_gga_r2scan/cif/mp-1226885.cif,train,-0.6727312741666674,-6.02897834777832,-0.6936833714010202,-0.6964357290392629,-1.011914874166061,6,3
mp-1080033,SiNiPd,<PROJECT_ROOT>/external_datasets/functional_protocol_round4_widechem_boost/meta_gga_r2scan/cif/mp-1080033.cif,train,-0.6026285038888912,-6.080888960096571,-0.6263785343779098,-0.6250933279641275,-0.4777811418248144,9,3
mp-1975297,Na2O,<PROJECT_ROOT>/external_datasets/functional_protocol_round4_widechem_boost/meta_gga_r2scan/cif/mp-1975297.cif,train,-1.2925225112499998,-3.654417037963867,-1.385720254737441,-1.3871053820343553,-1.5458706418422166,6,2
mp-10464,CaF2,<PROJECT_ROOT>/external_datasets/functional_protocol_round4_widechem_boost/meta_gga_r2scan/cif/mp-10464.cif,train,-4.187612778333334,-5.798834482828776,-4.228602782932186,-4.216988349970738,-2.8857255333667613,12,2
mp-1025383,TlPPt5,<PROJECT_ROOT>/external_datasets/functional_protocol_round4_widechem_boost/meta_gga_r2scan/cif/mp-1025383.cif,train,-0.2866947254251743,-5.669400896344866,-0.3149057171449163,-0.3182559685677146,-0.702266549217484,7,3
mp-8755,KNaTe,<PROJECT_ROOT>/external_datasets/functional_protocol_round4_widechem_boost/meta_gga_r2scan/cif/mp-8755.cif,train,-1.2132642754166671,-2.8595431645711265,-1.0902639384719532,-1.0868709947294857,-0.6979669597096694,12,3
mp-1186432,Pm2AlCd,<PROJECT_ROOT>/external_datasets/functional_protocol_round4_widechem_boost/meta_gga_r2scan/cif/mp-1186432.cif,train,-0.399994378749998,-3.878340482711792,-0.3691473605448419,-0.3684590402540841,-0.2895627900431205,4,3
mp-17426,Er2WO6,<PROJECT_ROOT>/external_datasets/functional_protocol_round4_widechem_boost/meta_gga_r2scan/cif/mp-17426.cif,train,-3.338283467129631,-8.10885959201389,-3.0239886025878078,-3.0197488931688268,-2.5337873725826547,36,3
mp-1191072,BaGa4Se7,<PROJECT_ROOT>/external_datasets/functional_protocol_round4_widechem_boost/meta_gga_r2scan/cif/mp-1191072.cif,train,-1.023281365286458,-4.072197278340657,-1.012343326636992,-1.0130119804197486,-1.0896540275275426,24,3
mp-1226644,CeAl2Cu3,<PROJECT_ROOT>/external_datasets/functional_protocol_round4_widechem_boost/meta_gga_r2scan/cif/mp-1226644.cif,train,-0.3980936016666684,-4.648127555847168,-0.3864729855190179,-0.3855184898719104,-0.2761128419322285,6,3
mp-757063,LiNi2O3,<PROJECT_ROOT>/external_datasets/functional_protocol_round4_widechem_boost/meta_gga_r2scan/cif/mp-757063.cif,train,-1.4423588042361122,-4.918715476989746,-0.5632988714637737,-0.5742505227882386,-1.8295443659790545,24,3
mp-752561,SbO2F,<PROJECT_ROOT>/external_datasets/functional_protocol_round4_widechem_boost/meta_gga_r2scan/cif/mp-752561.cif,train,-1.7313593606249995,-5.491265296936035,-1.9569153517665716,-1.963679196603385,-2.7389607069801034,8,3
mp-1183727,CeMgCd2,<PROJECT_ROOT>/external_datasets/functional_protocol_round4_widechem_boost/meta_gga_r2scan/cif/mp-1183727.cif,train,-0.3332300362499971,-2.5728578567504883,-0.2874946196431125,-0.2886313531196851,-0.4189253601372658,4,3
mp-1192175,RhSe2,<PROJECT_ROOT>/external_datasets/functional_protocol_round4_widechem_boost/meta_gga_r2scan/cif/mp-1192175.cif,train,-0.5162596327083335,-5.208041826883952,-0.5986761634475348,-0.6035980084801915,-1.167746882798987,24,2
mp-1186671,PmY3,<PROJECT_ROOT>/external_datasets/functional_protocol_round4_widechem_boost/meta_gga_r2scan/cif/mp-1186671.cif,train,0.0732382531249982,-6.009393692016602,-0.0513133239295751,-0.0596098691777982,-1.01057167952875,4,2
mp-862698,Ac2SiAu,<PROJECT_ROOT>/external_datasets/functional_protocol_round4_widechem_boost/meta_gga_r2scan/cif/mp-862698.cif,train,-0.6415023025000011,-4.797460556030273,-0.5985673892604328,-0.5988172535269074,-0.6274570509467458,4,3
mp-3808,K2UO4,<PROJECT_ROOT>/external_datasets/functional_protocol_round4_widechem_boost/meta_gga_r2scan/cif/mp-3808.cif,train,-2.8960439853571427,-7.422999245779855,-3.0864157621586807,-3.080648469162488,-2.419593147411594,7,3
mp-11538,TbAlNi,<PROJECT_ROOT>/external_datasets/functional_protocol_round4_widechem_boost/meta_gga_r2scan/cif/mp-11538.cif,train,-0.6072303911111115,-5.314334021674262,-0.6699736731237449,-0.6689123037627835,-0.5472566388144217,9,3
mp-11971,HoSnRh,<PROJECT_ROOT>/external_datasets/functional_protocol_round4_widechem_boost/meta_gga_r2scan/cif/mp-11971.cif,train,-0.9710736227777722,-6.21802478366428,-0.9279162034295014,-0.9253374929296464,-0.6297620296556897,9,3
mp-23471,K2RuCl6,<PROJECT_ROOT>/external_datasets/functional_protocol_round4_widechem_boost/meta_gga_r2scan/cif/mp-23471.cif,train,-1.3843675997222218,-3.6968900892469616,-1.3656508542039285,-1.3666424006633386,-1.4802948653797152,9,3
mp-996969,AgBiO2,<PROJECT_ROOT>/external_datasets/functional_protocol_round4_widechem_boost/meta_gga_r2scan/cif/mp-996969.cif,train,-0.8832943256250019,-4.94624137878418,-1.0778586105783177,-1.081750753150006,-1.5278736676134548,8,3
mp-569257,Ca3(B3Rh4)2,<PROJECT_ROOT>/external_datasets/functional_protocol_round4_widechem_boost/meta_gga_r2scan/cif/mp-569257.cif,train,-0.6930156544117648,-6.793298160328584,-0.6603902316695116,-0.6602389177080719,-0.642895096346012,17,3
mp-10778,RbPrSe2,<PROJECT_ROOT>/external_datasets/functional_protocol_round4_widechem_boost/meta_gga_r2scan/cif/mp-10778.cif,train,-2.010185337760415,-4.909200668334961,-1.886314679262796,-1.880499737707094,-1.2139828703296334,4,3
mp-9913,Fe5B2P,<PROJECT_ROOT>/external_datasets/functional_protocol_round4_widechem_boost/meta_gga_r2scan/cif/mp-9913.cif,train,-0.2909260466220242,-8.019195556640625,-0.3792073266023203,-0.3762599368747628,-0.0384259364235455,16,3
mp-31014,ZrP2S7,<PROJECT_ROOT>/external_datasets/functional_protocol_round4_widechem_boost/meta_gga_r2scan/cif/mp-31014.cif,train,-0.7416586013139878,-5.441786193847657,-0.7943375050242691,-0.800332543559656,-1.4874923827657358,40,3
mp-31468,LiCaN,<PROJECT_ROOT>/external_datasets/functional_protocol_round4_widechem_boost/meta_gga_r2scan/cif/mp-31468.cif,train,-0.7978766309722225,-4.730932235717773,-0.8016265110051704,-0.8019472568935333,-0.8387116065738964,12,3
mp-977374,LiLuPd2,<PROJECT_ROOT>/external_datasets/functional_protocol_round4_widechem_boost/meta_gga_r2scan/cif/mp-977374.cif,train,-0.7595399033333301,-4.951490879058838,-0.8139093299707802,-0.8135751574003685,-0.7752718223340543,4,3
mp-1186628,PmPrIr2,<PROJECT_ROOT>/external_datasets/functional_protocol_round4_widechem_boost/meta_gga_r2scan/cif/mp-1186628.cif,train,-0.6403562147916659,-7.35001277923584,-0.5625250691819836,-0.5620286783634354,-0.5051316570954116,4,3
mp-864597,LiMgTl2,<PROJECT_ROOT>/external_datasets/functional_protocol_round4_widechem_boost/meta_gga_r2scan/cif/mp-864597.cif,train,-0.1483268854166652,-2.193896770477295,-0.1486025847093013,-0.1462620339112268,0.1220152257872931,4,3
mp-755999,Rb2Be2O3,<PROJECT_ROOT>/external_datasets/functional_protocol_round4_widechem_boost/meta_gga_r2scan/cif/mp-755999.cif,train,-2.249695036249999,-5.537413460867746,-2.357615463530037,-2.3529462730515407,-1.8177570228925768,14,3
mp-1135,NbPd3,<PROJECT_ROOT>/external_datasets/functional_protocol_round4_widechem_boost/meta_gga_r2scan/cif/mp-1135.cif,train,-0.419109102500002,-6.830153465270996,-0.3889139123927929,-0.3902194598823252,-0.5398631690407256,4,2
mp-11051,NaSn,<PROJECT_ROOT>/external_datasets/functional_protocol_round4_widechem_boost/meta_gga_r2scan/cif/mp-11051.cif,train,-0.2656178106250006,-2.87978458404541,-0.2281890726841582,-0.22988706686455,-0.424513573614514,32,2
mp-569250,VIr,<PROJECT_ROOT>/external_datasets/functional_protocol_round4_widechem_boost/meta_gga_r2scan/cif/mp-569250.cif,train,-0.6085838975000044,-9.489690780639648,-0.8256936149957106,-0.8222239818932904,-0.4245297034185087,4,2
mp-2057,DyB2,<PROJECT_ROOT>/external_datasets/functional_protocol_round4_widechem_boost/meta_gga_r2scan/cif/mp-2057.cif,train,-0.6426561166666668,-6.551972071329753,-0.6200484422616324,-0.6226931967151916,-0.9258387118468724,3,2
mp-11107,Ac2O3,<PROJECT_ROOT>/external_datasets/functional_protocol_round4_widechem_boost/meta_gga_r2scan/cif/mp-11107.cif,train,-3.62723939425,-7.940834808349609,-3.733245792073851,-3.720923638691562,-2.308540901387399,5,2
mp-29159,MnHO2,<PROJECT_ROOT>/external_datasets/functional_protocol_round4_widechem_boost/meta_gga_r2scan/cif/mp-29159.cif,train,-1.734025112058189,-6.563867568969727,-1.440598154876913,-1.443334166242458,-1.7569396783551672,16,3
mp-1220380,Nd3NiSn7,<PROJECT_ROOT>/external_datasets/functional_protocol_round4_widechem_boost/meta_gga_r2scan/cif/mp-1220380.cif,train,-0.6127766902272718,-4.958957672119141,-0.5882438760572999,-0.5871527228695195,-0.4620831933515958,11,3
mp-977554,MgScAg2,<PROJECT_ROOT>/external_datasets/functional_protocol_round4_widechem_boost/meta_gga_r2scan/cif/mp-977554.cif,train,-0.2615386574999991,-3.6824209690094,-0.2662734477750299,-0.2649861263038513,-0.1174315092768554,4,3
mp-541989,Na2CN2,<PROJECT_ROOT>/external_datasets/functional_protocol_round4_widechem_boost/meta_gga_r2scan/cif/mp-541989.cif,train,-0.607621109499999,-6.157307815551758,-0.5750259703717235,-0.57508266720696,-0.5815813390590552,5,3
mp-759464,Li3VF6,<PROJECT_ROOT>/external_datasets/functional_protocol_round4_widechem_boost/meta_gga_r2scan/cif/mp-759464.cif,train,-3.2256405044999994,-5.366167449951172,-3.1284400070577614,-3.1234309795202764,-2.549289122560892,40,3
mp-1209241,RbAlH4,<PROJECT_ROOT>/external_datasets/functional_protocol_round4_widechem_boost/meta_gga_r2scan/cif/mp-1209241.cif,train,-0.2819540093749992,-3.2477474212646484,-0.1862268555801494,-0.1868550017174639,-0.2588540049264004,24,3
mp-644486,KAlH4,<PROJECT_ROOT>/external_datasets/functional_protocol_round4_widechem_boost/meta_gga_r2scan/cif/mp-644486.cif,train,-0.271167673125,-3.258758544921875,-0.1681913815022078,-0.1686932086229609,-0.2262133465838381,12,3
mp-1184978,Li2InHg,<PROJECT_ROOT>/external_datasets/functional_protocol_round4_widechem_boost/meta_gga_r2scan/cif/mp-1184978.cif,train,-0.3622425102083326,-2.0361568927764893,-0.3898971347117808,-0.3891522102413143,-0.3037679084835615,4,3
mp-17999,NaVF4,<PROJECT_ROOT>/external_datasets/functional_protocol_round4_widechem_boost/meta_gga_r2scan/cif/mp-17999.cif,train,-3.197186895833333,-5.573251088460286,-3.012819264942428,-3.010650176207858,-2.762026141970777,24,3
mp-27473,Sb2TeF14,<PROJECT_ROOT>/external_datasets/functional_protocol_round4_widechem_boost/meta_gga_r2scan/cif/mp-27473.cif,train,-2.368432857058824,-4.411913254681756,-2.5881062578858653,-2.593890027993586,-3.2568339796906205,68,3
mp-20040,EuBPd3,<PROJECT_ROOT>/external_datasets/functional_protocol_round4_widechem_boost/meta_gga_r2scan/cif/mp-20040.cif,train,-0.5147731075000024,-6.994469451904297,-0.4719549710515505,-0.4745542283319297,-0.772484792797547,5,3
mp-607230,Ca3Ga3Rh2,<PROJECT_ROOT>/external_datasets/functional_protocol_round4_widechem_boost/meta_gga_r2scan/cif/mp-607230.cif,train,-0.6937190593750007,-4.36466121673584,-0.7022583360523003,-0.7014660112893498,-0.6106486206258562,32,3
mp-1003638,NaMn8O16,<PROJECT_ROOT>/external_datasets/functional_protocol_round4_widechem_boost/meta_gga_r2scan/cif/mp-1003638.cif,train,-2.076334527034481,-7.01275390625,-1.506266586709053,-1.512726436066524,-2.2531635524544984,50,3
mp-1205759,Ba2YbUO6,<PROJECT_ROOT>/external_datasets/functional_protocol_round4_widechem_boost/meta_gga_r2scan/cif/mp-1205759.cif,train,-3.6184453082500014,-7.771926116943359,-3.575221525554843,-3.5662716668825203,-2.540426143139189,10,4
mp-1192421,B2Pb2O5,<PROJECT_ROOT>/external_datasets/functional_protocol_round4_widechem_boost/meta_gga_r2scan/cif/mp-1192421.cif,train,-2.066739545046297,-6.9578399658203125,-2.237768961496725,-2.235440514889272,-1.9685506547267184,27,3
mp-6663,NaLiGe4O9,<PROJECT_ROOT>/external_datasets/functional_protocol_round4_widechem_boost/meta_gga_r2scan/cif/mp-6663.cif,train,-1.942793849361112,-6.167036946614584,-2.129845717013917,-2.1308631087015835,-2.2474779902219217,60,4
mp-1103453,Sr2LiGe3,<PROJECT_ROOT>/external_datasets/functional_protocol_round4_widechem_boost/meta_gga_r2scan/cif/mp-1103453.cif,train,-0.6379073577777797,-3.7491884231567374,-0.5775755663117739,-0.5788087368522454,-0.7201564972236482,12,3
mp-1183199,AcTlRh2,<PROJECT_ROOT>/external_datasets/functional_protocol_round4_widechem_boost/meta_gga_r2scan/cif/mp-1183199.cif,train,-0.3455137968749966,-5.625616550445557,-0.371550748379895,-0.3711039815096111,-0.3198949277334021,4,3
mp-1224525,Li12Cu11As12,<PROJECT_ROOT>/external_datasets/functional_protocol_round4_widechem_boost/meta_gga_r2scan/cif/mp-1224525.cif,train,-0.4418174294285726,-3.912303379603794,-0.4320753609481511,-0.4311202406073287,-0.321642989383797,35,3
mp-862943,NaPmHg2,<PROJECT_ROOT>/external_datasets/functional_protocol_round4_widechem_boost/meta_gga_r2scan/cif/mp-862943.cif,train,-0.4396981056249984,-2.033383369445801,-0.3842242789930115,-0.3819550762777277,-0.1218558352545995,4,3
mp-2459,YbIn,<PROJECT_ROOT>/external_datasets/functional_protocol_round4_widechem_boost/meta_gga_r2scan/cif/mp-2459.cif,train,-0.5305468924999985,-2.5994744300842285,-0.5589366081545872,-0.5556033213031046,-0.1735372439340682,2,2
mp-571020,CsMgH3,<PROJECT_ROOT>/external_datasets/functional_protocol_round4_widechem_boost/meta_gga_r2scan/cif/mp-571020.cif,train,-0.3301201469166671,-2.75718027750651,-0.2083389411806946,-0.2075616000924123,-0.1184616595247662,30,3
mp-971941,Zn3Ni,<PROJECT_ROOT>/external_datasets/functional_protocol_round4_widechem_boost/meta_gga_r2scan/cif/mp-971941.cif,train,-0.1601294262500001,-2.5505027770996094,-0.1968816842179941,-0.1950480996106049,0.0151199746301811,4,2
mp-1079316,Dy(GePt)2,<PROJECT_ROOT>/external_datasets/functional_protocol_round4_widechem_boost/meta_gga_r2scan/cif/mp-1079316.cif,train,-0.9453235989999996,-6.050857162475586,-0.9328209570219146,-0.93221273380931,-0.8624973245593381,10,3
mp-1213152,Er3Ga2Ge3,<PROJECT_ROOT>/external_datasets/functional_protocol_round4_widechem_boost/meta_gga_r2scan/cif/mp-1213152.cif,train,-0.7749143556250004,-4.9086103439331055,-0.7578755291187793,-0.7584449095818186,-0.823708107662859,16,3
mp-13448,Zn11Rh2,<PROJECT_ROOT>/external_datasets/functional_protocol_round4_widechem_boost/meta_gga_r2scan/cif/mp-13448.cif,train,-0.269332416538462,-2.447877737192007,-0.2683105227070581,-0.2663257618594574,-0.0388296520601346,26,2
mp-1227825,BaU2V2O12,<PROJECT_ROOT>/external_datasets/functional_protocol_round4_widechem_boost/meta_gga_r2scan/cif/mp-1227825.cif,train,-3.040395559411764,-8.433179069967832,-2.9922128962815666,-2.990511777305476,-2.7955271020308063,34,4
mp-4891,HoAlO3,<PROJECT_ROOT>/external_datasets/functional_protocol_round4_widechem_boost/meta_gga_r2scan/cif/mp-4891.cif,train,-3.703068858750001,-7.971630096435547,-3.731624161976784,-3.719775620388481,-2.361678940176502,20,3
mp-28264,RbH3O2,<PROJECT_ROOT>/external_datasets/functional_protocol_round4_widechem_boost/meta_gga_r2scan/cif/mp-28264.cif,train,-1.296228893333333,-4.726133982340495,-1.4163956928609398,-1.415372833192193,-1.2981312039123265,12,3
mp-558986,CaMn6SiO12,<PROJECT_ROOT>/external_datasets/functional_protocol_round4_widechem_boost/meta_gga_r2scan/cif/mp-558986.cif,train,-2.439726508969828,-7.537030029296875,-2.052383241509463,-2.0534739024820707,-2.178487013597364,80,4
mp-510188,HfGa,<PROJECT_ROOT>/external_datasets/functional_protocol_round4_widechem_boost/meta_gga_r2scan/cif/mp-510188.cif,train,-0.5781334012500045,-6.985972086588542,-0.5057100568013739,-0.508420954964202,-0.8191479560795729,24,2
mp-568716,SrAg,<PROJECT_ROOT>/external_datasets/functional_protocol_round4_widechem_boost/meta_gga_r2scan/cif/mp-568716.cif,train,-0.273446333999999,-2.5771373748779296,-0.3089096921786396,-0.3095255689070528,-0.3801182350202876,40,2
mp-865735,Li2YbGe,<PROJECT_ROOT>/external_datasets/functional_protocol_round4_widechem_boost/meta_gga_r2scan/cif/mp-865735.cif,train,-0.3236117495833337,-2.91257381439209,-0.4899960703801072,-0.4897006238058399,-0.4558361174690643,4,3
mp-348,TmPd,<PROJECT_ROOT>/external_datasets/functional_protocol_round4_widechem_boost/meta_gga_r2scan/cif/mp-348.cif,train,-0.9830587200000024,-5.773502349853516,-0.997082710139443,-0.9958052379870947,-0.8493795638866529,2,2
mp-1107,Th7Rh3,<PROJECT_ROOT>/external_datasets/functional_protocol_round4_widechem_boost/meta_gga_r2scan/cif/mp-1107.cif,train,-0.6155273784999963,-7.9809730529785154,-0.6595324369250379,-0.6644379726312186,-1.226717448765783,20,2
mp-10991,YCuAs2,<PROJECT_ROOT>/external_datasets/functional_protocol_round4_widechem_boost/meta_gga_r2scan/cif/mp-10991.cif,train,-0.9308459400000012,-5.7855987548828125,-0.8831048881250112,-0.8803126941964177,-0.5602674568410255,8,3
mp-1190838,RbLaF4,<PROJECT_ROOT>/external_datasets/functional_protocol_round4_widechem_boost/meta_gga_r2scan/cif/mp-1190838.cif,train,-4.000873270208333,-5.95059331258138,-4.0626368341356525,-4.053316070398117,-2.984956880817581,24,3
mp-1211715,K4CrO4,<PROJECT_ROOT>/external_datasets/functional_protocol_round4_widechem_boost/meta_gga_r2scan/cif/mp-1211715.cif,train,-1.8651287622222223,-5.077791425916884,-1.6712454739113802,-1.6719517287969363,-1.7529036677598413,18,3
mp-1227387,Ca(ErTe2)2,<PROJECT_ROOT>/external_datasets/functional_protocol_round4_widechem_boost/meta_gga_r2scan/cif/mp-1227387.cif,train,-1.7119472038095256,-4.838795253208706,-1.59149254680066,-1.5868939637806374,-1.0597978408836788,7,3
mp-1302830,V4OF11,<PROJECT_ROOT>/external_datasets/functional_protocol_round4_widechem_boost/meta_gga_r2scan/cif/mp-1302830.cif,train,-3.175280053671874,-6.1990838050842285,-2.8413976991245464,-2.842747334167279,-2.997444421346073,16,3
mp-1208691,Tb5(In2Pt)2,<PROJECT_ROOT>/external_datasets/functional_protocol_round4_widechem_boost/meta_gga_r2scan/cif/mp-1208691.cif,train,-0.9631710390909078,-5.020502957430753,-0.9152081323414372,-0.9136716670158692,-0.737559827229133,22,3
mp-558548,Na3B6NO13,<PROJECT_ROOT>/external_datasets/functional_protocol_round4_widechem_boost/meta_gga_r2scan/cif/mp-558548.cif,train,-2.240343308478262,-7.162443741508152,-2.4564492099552115,-2.454293430765344,-2.2071949554625307,92,4
mp-20478,LuTiSi,<PROJECT_ROOT>/external_datasets/functional_protocol_round4_widechem_boost/meta_gga_r2scan/cif/mp-20478.cif,train,-0.7389298794444414,-6.61842664082845,-0.6958910989144389,-0.7004363336530144,-1.2214176006930109,6,3
mp-22925,AgI,<PROJECT_ROOT>/external_datasets/functional_protocol_round4_widechem_boost/meta_gga_r2scan/cif/mp-22925.cif,train,-0.3068828312500002,-2.4553699493408203,-0.3384472517401318,-0.338965782721325,-0.3984005409059442,2,2
mp-5773,BaRuO3,<PROJECT_ROOT>/external_datasets/functional_protocol_round4_widechem_boost/meta_gga_r2scan/cif/mp-5773.cif,train,-2.0199930065833334,-6.971329752604166,-2.1565372178619224,-2.157960133280736,-2.321056721338331,15,3
mp-1247259,Ca3RhN3,<PROJECT_ROOT>/external_datasets/functional_protocol_round4_widechem_boost/meta_gga_r2scan/cif/mp-1247259.cif,train,-0.7603484701785723,-6.070962088448661,-0.7486261685077658,-0.7498460161230982,-0.889666683872671,14,3
mp-691115,Li4Mn5O12,<PROJECT_ROOT>/external_datasets/functional_protocol_round4_widechem_boost/meta_gga_r2scan/cif/mp-691115.cif,train,-2.2140855994800224,-6.602694556826637,-1.7865461499207005,-1.789244463596794,-2.0985290129525973,42,3
mp-866081,MgSc2Os,<PROJECT_ROOT>/external_datasets/functional_protocol_round4_widechem_boost/meta_gga_r2scan/cif/mp-866081.cif,train,-0.2990880237500022,-6.652148246765137,-0.3248553612835696,-0.3266038149286618,-0.5270140572517121,4,3
mp-31385,Er5Sn3,<PROJECT_ROOT>/external_datasets/functional_protocol_round4_widechem_boost/meta_gga_r2scan/cif/mp-31385.cif,train,-0.816054963333336,-5.065685272216797,-0.78492476092209,-0.7870105825546814,-1.0260904231930392,16,2
mp-547792,KSbO3,<PROJECT_ROOT>/external_datasets/functional_protocol_round4_widechem_boost/meta_gga_r2scan/cif/mp-547792.cif,train,-1.8207019249999987,-5.644066619873047,-2.0232726318148924,-2.0249977468561298,-2.222732885229572,10,3
mp-21689,CeGe3Pd5,<PROJECT_ROOT>/external_datasets/functional_protocol_round4_widechem_boost/meta_gga_r2scan/cif/mp-21689.cif,train,-0.7233976766666691,-5.767098320855035,-0.7071246768524411,-0.7068207814560328,-0.671987859117139,36,3
mp-1197505,CsFe2F6,<PROJECT_ROOT>/external_datasets/functional_protocol_round4_widechem_boost/meta_gga_r2scan/cif/mp-1197505.cif,train,-2.7007382869444445,-5.170873430040148,-2.2552994460856457,-2.2578953981069496,-2.5554471090785853,36,3
mp-768992,Li6Bi2O7,<PROJECT_ROOT>/external_datasets/functional_protocol_round4_widechem_boost/meta_gga_r2scan/cif/mp-768992.cif,train,-1.7298313400833345,-5.171684265136719,-1.906360617004956,-1.9053500546309028,-1.7895179587448176,30,3
mp-864639,Ta2NbOs,<PROJECT_ROOT>/external_datasets/functional_protocol_round4_widechem_boost/meta_gga_r2scan/cif/mp-864639.cif,train,-0.3535015436666739,-11.566572189331056,-0.27385447042729,-0.2744130521057482,-0.338438478146061,4,3
mp-aaaieizt,YV(PbO3)2,<PROJECT_ROOT>/external_datasets/functional_protocol_round4_widechem_boost/meta_gga_r2scan/cif/mp-aaaieizt.cif,train,-2.2885395172499985,-7.0153656005859375,-2.191065168123586,-2.190812080487299,-2.1618028158378007,10,4
mp-13743,K3GaO3,<PROJECT_ROOT>/external_datasets/functional_protocol_round4_widechem_boost/meta_gga_r2scan/cif/mp-13743.cif,train,-1.782969491785714,-4.622642517089844,-1.8830821248751224,-1.8820322360829504,-1.761692490248734,14,3
mp-23914,CaH12(ClO3)2,<PROJECT_ROOT>/external_datasets/functional_protocol_round4_widechem_boost/meta_gga_r2scan/cif/mp-23914.cif,train,-1.290134991071428,-4.842475891113281,-1.3990949623460032,-1.397754282218247,-1.2440836201276868,21,4
mp-1201513,K3AlF6,<PROJECT_ROOT>/external_datasets/functional_protocol_round4_widechem_boost/meta_gga_r2scan/cif/mp-1201513.cif,train,-3.426467794525,-4.99545166015625,-3.4540862540572013,-3.446186768235404,-2.5407364737822697,50,3
mp-11007,CaPSe3,<PROJECT_ROOT>/external_datasets/functional_protocol_round4_widechem_boost/meta_gga_r2scan/cif/mp-11007.cif,train,-1.0519848980327395,-4.461434936523437,-1.0563551184372575,-1.0578896954410275,-1.2337850930989336,20,3
mp-569952,K2CuCl3,<PROJECT_ROOT>/external_datasets/functional_protocol_round4_widechem_boost/meta_gga_r2scan/cif/mp-569952.cif,train,-1.62601347125,-3.409905115763346,-1.5663293814657218,-1.5626014986129535,-1.1353062666361329,24,3
mp-10679,Ba,<PROJECT_ROOT>/external_datasets/functional_protocol_round4_widechem_boost/meta_gga_r2scan/cif/mp-10679.cif,train,0.0935434449999981,-1.902010202407837,-0.0815943219660306,-0.0929478172171496,-1.3943015825246858,1,1
mp-21011,Ce4As3,<PROJECT_ROOT>/external_datasets/functional_protocol_round4_widechem_boost/meta_gga_r2scan/cif/mp-21011.cif,train,-1.485694948214286,-6.554705483572824,-1.3644877453304796,-1.365375150915173,-1.4670908405296617,14,2
mp-864912,YbGaPt,<PROJECT_ROOT>/external_datasets/functional_protocol_round4_widechem_boost/meta_gga_r2scan/cif/mp-864912.cif,train,-1.2432449400000014,-4.552099545796712,-1.084172165802472,-1.07869295329634,-0.4506578268383231,12,3
mp-1211999,K2HfO3,<PROJECT_ROOT>/external_datasets/functional_protocol_round4_widechem_boost/meta_gga_r2scan/cif/mp-1211999.cif,train,-2.773718497291668,-7.004858652750651,-2.831981555863911,-2.8258354579386,-2.1213609767192656,24,3
mp-753721,GdOF,<PROJECT_ROOT>/external_datasets/functional_protocol_round4_widechem_boost/meta_gga_r2scan/cif/mp-753721.cif,train,-4.117219606250001,-10.776755015055338,-4.165317559888106,-4.154299863513837,-2.8914358428276468,6,3
mp-1222602,Li2SiAu,<PROJECT_ROOT>/external_datasets/functional_protocol_round4_widechem_boost/meta_gga_r2scan/cif/mp-1222602.cif,train,-0.4971953995833296,-3.5887179374694824,-0.5017160269761503,-0.5025276329172623,-0.5955550596292996,4,3
mp-972046,Yb2HgBi,<PROJECT_ROOT>/external_datasets/functional_protocol_round4_widechem_boost/meta_gga_r2scan/cif/mp-972046.cif,train,-0.4724613456249997,-2.4751343727111816,-0.6926764468148909,-0.6859570737436576,0.0842270196436484,4,3
mp-1106183,LiAlS2,<PROJECT_ROOT>/external_datasets/functional_protocol_round4_widechem_boost/meta_gga_r2scan/cif/mp-1106183.cif,train,-1.4764392643229156,-4.759100437164307,-1.4287067538747331,-1.4263405174291846,-1.1551191323029095,16,3
mp-640158,Hf6Fe16Si7,<PROJECT_ROOT>/external_datasets/functional_protocol_round4_widechem_boost/meta_gga_r2scan/cif/mp-640158.cif,train,-0.3435613877586194,-8.56396484375,-0.5051794968340158,-0.5032702201286368,-0.2844262100156243,29,3
mp-1038953,CaMg,<PROJECT_ROOT>/external_datasets/functional_protocol_round4_widechem_boost/meta_gga_r2scan/cif/mp-1038953.cif,train,-0.0202904958333339,-1.8349498112996416,-0.0788538372164122,-0.0814724177258927,-0.3816178381809346,12,2
mp-1947055,RbAgBr3,<PROJECT_ROOT>/external_datasets/functional_protocol_round4_widechem_boost/meta_gga_r2scan/cif/mp-1947055.cif,train,-1.0495022097499995,-2.627911376953125,-1.0550274916742055,-1.0560680474694566,-1.1753380319288973,5,3
mp-22968,NaClO4,<PROJECT_ROOT>/external_datasets/functional_protocol_round4_widechem_boost/meta_gga_r2scan/cif/mp-22968.cif,train,-0.6257833320833335,-4.355780919392903,-0.9985196271497294,-1.0132530569201927,-2.702019721600434,12,3
mp-1086653,Yb(BC)2,<PROJECT_ROOT>/external_datasets/functional_protocol_round4_widechem_boost/meta_gga_r2scan/cif/mp-1086653.cif,train,-0.3639300940000026,-6.91988525390625,-0.269914475922981,-0.2692483290274765,-0.1928936248997081,10,3
mp-1079797,SmCdCu,<PROJECT_ROOT>/external_datasets/functional_protocol_round4_widechem_boost/meta_gga_r2scan/cif/mp-1079797.cif,train,-0.3052203744444423,-3.520649804009332,-0.3006924397505393,-0.3003005652550392,-0.2553833535106771,9,3
mp-1206161,TmIn5Rh,<PROJECT_ROOT>/external_datasets/functional_protocol_round4_widechem_boost/meta_gga_r2scan/cif/mp-1206161.cif,train,-0.5021842814285671,-4.02119745526995,-0.4634815263598604,-0.4630410676150287,-0.4125550601464302,7,3
mp-1080026,Ce(SnPd)2,<PROJECT_ROOT>/external_datasets/functional_protocol_round4_widechem_boost/meta_gga_r2scan/cif/mp-1080026.cif,train,-0.8026625120000006,-5.576361083984375,-0.7411497394072892,-0.7408078914020235,-0.7016247870828346,10,3
mp-548479,Cs2U2O7,<PROJECT_ROOT>/external_datasets/functional_protocol_round4_widechem_boost/meta_gga_r2scan/cif/mp-548479.cif,train,-3.067727216477273,-8.19445107199929,-3.311019725421576,-3.305367513309087,-2.6575029260421066,11,3
mp-1222941,LaGaNi4,<PROJECT_ROOT>/external_datasets/functional_protocol_round4_widechem_boost/meta_gga_r2scan/cif/mp-1222941.cif,train,-0.3796628258333333,-5.595480600992839,-0.5149101820706026,-0.5138931076412714,-0.3973145907235209,6,3
mp-17902,K3Na(RuO4)2,<PROJECT_ROOT>/external_datasets/functional_protocol_round4_widechem_boost/meta_gga_r2scan/cif/mp-17902.cif,train,-1.4892767308035724,-5.784477778843471,-1.6718425756644342,-1.675709498848577,-2.1189417312613164,28,4
mp-25828,Mo2P3O11,<PROJECT_ROOT>/external_datasets/functional_protocol_round4_widechem_boost/meta_gga_r2scan/cif/mp-25828.cif,train,-2.213949173448661,-7.32581090927124,-2.0212165637876565,-2.02418844316976,-2.3648294826379748,32,3
mp-2763542,TlAgCl3,<PROJECT_ROOT>/external_datasets/functional_protocol_round4_widechem_boost/meta_gga_r2scan/cif/mp-2763542.cif,train,-0.7694437784999991,-2.7874298095703125,-0.7769321351883538,-0.7792305102560588,-1.042673527784689,10,3
mp-1183041,ZrZnCo2,<PROJECT_ROOT>/external_datasets/functional_protocol_round4_widechem_boost/meta_gga_r2scan/cif/mp-1183041.cif,train,-0.192383812500001,-6.27013635635376,-0.2961041492286407,-0.2946969426254862,-0.1334009213489422,4,3
mp-1199352,SbXeF7,<PROJECT_ROOT>/external_datasets/functional_protocol_round4_widechem_boost/meta_gga_r2scan/cif/mp-1199352.cif,train,-1.7846549247222216,-3.596571604410807,-1.7866254169159466,-1.7843184080293284,-1.5198857699168706,36,3
mp-2030750,EuVO4,<PROJECT_ROOT>/external_datasets/functional_protocol_round4_widechem_boost/meta_gga_r2scan/cif/mp-2030750.cif,train,-2.9055326650000004,-8.596630732218424,-2.577992730226644,-2.5784860271191627,-2.6350284181886963,12,3
mp-616458,Cs2CO3,<PROJECT_ROOT>/external_datasets/functional_protocol_round4_widechem_boost/meta_gga_r2scan/cif/mp-616458.cif,train,-1.8619436822916668,-6.025789260864258,-2.065737775202103,-2.063969654822775,-1.8613051834629328,24,3
mp-1206265,LaSiI,<PROJECT_ROOT>/external_datasets/functional_protocol_round4_widechem_boost/meta_gga_r2scan/cif/mp-1206265.cif,train,-1.2764314208333332,-5.101175944010417,-1.2296538450008354,-1.2297073047441254,-1.235834936516692,6,3
mp-35152,Sr2H5Rh,<PROJECT_ROOT>/external_datasets/functional_protocol_round4_widechem_boost/meta_gga_r2scan/cif/mp-35152.cif,train,-0.6570266854687503,-4.010931015014648,-0.5354607897522543,-0.5341922247592494,-0.3887875019299009,8,3
mp-20320,InTe,<PROJECT_ROOT>/external_datasets/functional_protocol_round4_widechem_boost/meta_gga_r2scan/cif/mp-20320.cif,train,-0.3846891249999977,-3.220414161682129,-0.3931194636795201,-0.394465782491876,-0.5487827586317293,8,2
mp-976590,HoTlRh2,<PROJECT_ROOT>/external_datasets/functional_protocol_round4_widechem_boost/meta_gga_r2scan/cif/mp-976590.cif,train,-0.6229068762499921,-5.970851421356201,-0.5997245287104018,-0.5982902624752358,-0.4338926277109374,4,3
mp-23517,RbPbI3,<PROJECT_ROOT>/external_datasets/functional_protocol_round4_widechem_boost/meta_gga_r2scan/cif/mp-23517.cif,train,-1.1656314007499986,-2.8588491439819337,-1.1295639427454858,-1.1267883927017568,-0.8086509010911442,20,3
mp-27527,Te2AuI,<PROJECT_ROOT>/external_datasets/functional_protocol_round4_widechem_boost/meta_gga_r2scan/cif/mp-27527.cif,train,-0.1336455381250019,-2.862931966781616,-0.214096673536674,-0.2191957149503123,-0.8036550903522752,8,3
mp-1213419,Cu3BO5,<PROJECT_ROOT>/external_datasets/functional_protocol_round4_widechem_boost/meta_gga_r2scan/cif/mp-1213419.cif,train,-1.241231057916666,-5.885975731743707,-1.3556101834361671,-1.3595224503496874,-1.807952045482029,36,3
mp-1219497,Sc(Fe5Si)2,<PROJECT_ROOT>/external_datasets/functional_protocol_round4_widechem_boost/meta_gga_r2scan/cif/mp-1219497.cif,train,-0.1864941757692319,-8.081309391902042,-0.2377852233644741,-0.2354898278366883,0.0276116705903435,13,3
mp-3218,Er(SiPd)2,<PROJECT_ROOT>/external_datasets/functional_protocol_round4_widechem_boost/meta_gga_r2scan/cif/mp-3218.cif,train,-0.9571019066666652,-6.081721496582031,-0.923608738887002,-0.9228753664302712,-0.8388151729106512,5,3
mp-1223225,La2Al3Sn,<PROJECT_ROOT>/external_datasets/functional_protocol_round4_widechem_boost/meta_gga_r2scan/cif/mp-1223225.cif,train,-0.6368687233333338,-4.733261744181315,-0.6052851087962763,-0.6074309022975948,-0.8533848037836583,6,3
mp-1183089,Ac2Mg,<PROJECT_ROOT>/external_datasets/functional_protocol_round4_widechem_boost/meta_gga_r2scan/cif/mp-1183089.cif,train,-0.0535785566666694,-3.314226150512696,-0.0815588895192647,-0.0841984280231189,-0.3867460835861284,6,2
mp-24237,ScH2,<PROJECT_ROOT>/external_datasets/functional_protocol_round4_widechem_boost/meta_gga_r2scan/cif/mp-24237.cif,train,-0.738094194166667,-5.030409495035808,-0.6550893898983396,-0.6538605988342807,-0.5130148202801891,3,2
mp-1217255,Ti13Sb3,<PROJECT_ROOT>/external_datasets/functional_protocol_round4_widechem_boost/meta_gga_r2scan/cif/mp-1217255.cif,train,-0.2741017022916665,-7.438657760620117,-0.2637026892171938,-0.2716819123470362,-1.186271810396649,16,2
mp-1199041,MgH6CO6,<PROJECT_ROOT>/external_datasets/functional_protocol_round4_widechem_boost/meta_gga_r2scan/cif/mp-1199041.cif,train,-1.450115911607142,-5.728602273123605,-1.6248661907160296,-1.6233800503401872,-1.453036527833223,56,4
mp-8062,SiC,<PROJECT_ROOT>/external_datasets/functional_protocol_round4_widechem_boost/meta_gga_r2scan/cif/mp-8062.cif,train,-0.3057778925000001,-7.528229236602783,-0.1701415496747031,-0.1713295031724184,-0.3074944218241382,2,2
mp-29087,Ba2(SnSb2)3,<PROJECT_ROOT>/external_datasets/functional_protocol_round4_widechem_boost/meta_gga_r2scan/cif/mp-29087.cif,train,-0.4855774881818216,-4.108602697199041,-0.4517696454434539,-0.4520968420345603,-0.4896005804350245,44,3
mp-1226626,CeAlNi4,<PROJECT_ROOT>/external_datasets/functional_protocol_round4_widechem_boost/meta_gga_r2scan/cif/mp-1226626.cif,train,-0.461772451666666,-5.960320790608724,-0.6111314366132898,-0.6099732752536466,-0.4772231738211637,6,3
mp-555344,Hf2P2O9,<PROJECT_ROOT>/external_datasets/functional_protocol_round4_widechem_boost/meta_gga_r2scan/cif/mp-555344.cif,train,-3.190041984977105,-8.702216515174278,-3.3509654957241377,-3.345055775467034,-2.667675238601374,26,3
mp-684864,Na6Al4Fe(Si4O13)2,<PROJECT_ROOT>/external_datasets/functional_protocol_round4_widechem_boost/meta_gga_r2scan/cif/mp-684864.cif,train,-2.890463586166666,-7.113639322916667,-2.951067320228683,-2.944805749587217,-2.2270956214919653,45,5
mp-1025219,Ti2VTe4,<PROJECT_ROOT>/external_datasets/functional_protocol_round4_widechem_boost/meta_gga_r2scan/cif/mp-1025219.cif,train,-0.8045372633333321,-5.941596439906529,-0.760463217287576,-0.7622620737282784,-0.9684495561353516,7,3
mp-555407,Nd6Si4S17,<PROJECT_ROOT>/external_datasets/functional_protocol_round4_widechem_boost/meta_gga_r2scan/cif/mp-555407.cif,train,-1.6901439591782423,-5.925396389431423,-1.62270227939847,-1.6214789299326,-1.481256875095645,54,3
mp-863264,TbI3,<PROJECT_ROOT>/external_datasets/functional_protocol_round4_widechem_boost/meta_gga_r2scan/cif/mp-863264.cif,train,-1.5654523618749998,-3.677202701568604,-1.5352920483219146,-1.5318883653520148,-1.1417533848177208,8,2
mp-1186394,PaBiAu2,<PROJECT_ROOT>/external_datasets/functional_protocol_round4_widechem_boost/meta_gga_r2scan/cif/mp-1186394.cif,train,-0.2929419262500019,-5.2532501220703125,-0.2813033524704185,-0.2830312490908433,-0.4810852160250523,4,3
mp-571424,TiCl3,<PROJECT_ROOT>/external_datasets/functional_protocol_round4_widechem_boost/meta_gga_r2scan/cif/mp-571424.cif,train,-1.806875666041666,-4.9411797523498535,-1.7694731847927327,-1.7702199250923707,-1.855812359769496,16,2
mp-753304,Hg,<PROJECT_ROOT>/external_datasets/functional_protocol_round4_widechem_boost/meta_gga_r2scan/cif/mp-753304.cif,train,0.0225113724999985,-0.2732554972171783,0.0549603246483024,0.0566672461062491,0.2523170100989709,1,1
mp-1186539,PmAg3,<PROJECT_ROOT>/external_datasets/functional_protocol_round4_widechem_boost/meta_gga_r2scan/cif/mp-1186539.cif,train,-0.2041326843749971,-3.50585675239563,-0.1632892284953508,-0.1602716997374766,0.1856017360755774,8,2
mp-1210888,LuB4Rh,<PROJECT_ROOT>/external_datasets/functional_protocol_round4_widechem_boost/meta_gga_r2scan/cif/mp-1210888.cif,train,-0.6916665852777774,-7.05764897664388,-0.6479157415739829,-0.6488452785658669,-0.7553901299638702,24,3
mp-752418,La2Se2O,<PROJECT_ROOT>/external_datasets/functional_protocol_round4_widechem_boost/meta_gga_r2scan/cif/mp-752418.cif,train,-2.896108177374998,-6.941706848144531,-2.865703896835944,-2.8578649490766894,-1.9593536134102052,20,3
mp-22036,ZrSbPd,<PROJECT_ROOT>/external_datasets/functional_protocol_round4_widechem_boost/meta_gga_r2scan/cif/mp-22036.cif,train,-0.8035712108333352,-6.697201410929362,-0.7961424461200357,-0.7948022828027161,-0.6411908582541345,12,3
mp-1207387,Zr2Ag3F14,<PROJECT_ROOT>/external_datasets/functional_protocol_round4_widechem_boost/meta_gga_r2scan/cif/mp-1207387.cif,train,-2.707728659736842,-5.179491545024671,-2.788106029602977,-2.788995441205933,-2.8909410634840165,19,3
mp-19360,LuCrO4,<PROJECT_ROOT>/external_datasets/functional_protocol_round4_widechem_boost/meta_gga_r2scan/cif/mp-19360.cif,train,-2.861522077777778,-7.635213216145833,-2.502780735574002,-2.5024446063723795,-2.463916999455982,12,3
mp-1026500,Mg14GaB,<PROJECT_ROOT>/external_datasets/functional_protocol_round4_widechem_boost/meta_gga_r2scan/cif/mp-1026500.cif,train,0.1525436317187498,-1.86040997505188,0.181121390629664,0.1805429281989958,0.1142387420777376,16,3
mp-6440,CaTiSiO5,<PROJECT_ROOT>/external_datasets/functional_protocol_round4_widechem_boost/meta_gga_r2scan/cif/mp-6440.cif,train,-3.3257313478645845,-8.048856735229492,-3.4362742087014624,-3.4283368347798087,-2.5185437524615994,32,4
mp-1205775,La4B2N5,<PROJECT_ROOT>/external_datasets/functional_protocol_round4_widechem_boost/meta_gga_r2scan/cif/mp-1205775.cif,train,-1.5709976007954547,-8.143048373135654,-1.5062006311584,-1.5032540112560762,-1.1655082492665751,11,3
mp-1228745,AsRhS,<PROJECT_ROOT>/external_datasets/functional_protocol_round4_widechem_boost/meta_gga_r2scan/cif/mp-1228745.cif,train,-0.7312312184375026,-5.9933121999104815,-0.7441187470180903,-0.7463780942435694,-1.005347685014827,12,3
mp-18305,Rb3AsSe4,<PROJECT_ROOT>/external_datasets/functional_protocol_round4_widechem_boost/meta_gga_r2scan/cif/mp-18305.cif,train,-0.9850262606250002,-3.5106184482574463,-0.9814175636720744,-0.9827738772150454,-1.138236463585274,32,3
mp-582751,Y5GaCo5,<PROJECT_ROOT>/external_datasets/functional_protocol_round4_widechem_boost/meta_gga_r2scan/cif/mp-582751.cif,train,-0.2042684995454558,-6.718278364701704,-0.3180317781278416,-0.3193506394664345,-0.4705204009298106,22,3
mp-1184290,EuMgCd2,<PROJECT_ROOT>/external_datasets/functional_protocol_round4_widechem_boost/meta_gga_r2scan/cif/mp-1184290.cif,train,-0.3007420300000021,-3.6981029510498047,-0.2421162182722005,-0.2428955214106434,-0.3322203549646799,4,3
mp-3822,SrCO3,<PROJECT_ROOT>/external_datasets/functional_protocol_round4_widechem_boost/meta_gga_r2scan/cif/mp-3822.cif,train,-2.43975627025,-7.430654907226563,-2.662932087873072,-2.6591061333364685,-2.2205697855438817,20,3
mp-1228672,B5Ir3W2,<PROJECT_ROOT>/external_datasets/functional_protocol_round4_widechem_boost/meta_gga_r2scan/cif/mp-1228672.cif,train,-0.3736357392500053,-8.945050811767578,-0.7370716794915833,-0.7332161471529597,-0.2912895496473541,10,3
mp-5431,BaTeO3,<PROJECT_ROOT>/external_datasets/functional_protocol_round4_widechem_boost/meta_gga_r2scan/cif/mp-5431.cif,train,-2.097508265250002,-5.913641738891601,-2.351929314426316,-2.3531054432372978,-2.487914999484428,10,3
mp-29374,KGaSb4,<PROJECT_ROOT>/external_datasets/functional_protocol_round4_widechem_boost/meta_gga_r2scan/cif/mp-29374.cif,train,-0.3119021381249993,-3.665925661722819,-0.2755124880558548,-0.2763048037953419,-0.3671211601756279,24,3
mp-573145,CsGa3S5,<PROJECT_ROOT>/external_datasets/functional_protocol_round4_widechem_boost/meta_gga_r2scan/cif/mp-573145.cif,train,-1.0322679862847224,-4.27816645304362,-1.0195298134266118,-1.0206426991776336,-1.1482032459887912,36,3
mp-20775,CeDyS3,<PROJECT_ROOT>/external_datasets/functional_protocol_round4_widechem_boost/meta_gga_r2scan/cif/mp-20775.cif,train,-2.4042347131875004,-6.635108184814453,-2.2805343965532643,-2.2760180786418864,-1.7583512994427122,20,3
mp-1518511,SrSmTiNbO6,<PROJECT_ROOT>/external_datasets/functional_protocol_round4_widechem_boost/meta_gga_r2scan/cif/mp-1518511.cif,train,-3.1275452689166654,-8.264901733398437,-3.234794275145965,-3.2282466211887,-2.4777452167525125,10,5
mp-27674,K5As3O10,<PROJECT_ROOT>/external_datasets/functional_protocol_round4_widechem_boost/meta_gga_r2scan/cif/mp-27674.cif,train,-1.7975444928472213,-5.453667534722222,-1.9989591453775957,-2.0005037334598885,-2.177546615169776,72,3
mp-975640,Pr3(CuSn)4,<PROJECT_ROOT>/external_datasets/functional_protocol_round4_widechem_boost/meta_gga_r2scan/cif/mp-975640.cif,train,-0.5735930959090932,-4.77498349276456,-0.5101197966814572,-0.5075477358527563,-0.21273446733961,11,3
mp-33137,TcO2,<PROJECT_ROOT>/external_datasets/functional_protocol_round4_widechem_boost/meta_gga_r2scan/cif/mp-33137.cif,train,-1.6820294125000004,-8.167919794718424,-1.8024612586124675,-1.8054616247107007,-2.149367852077659,12,2
mp-2119,TbC2,<PROJECT_ROOT>/external_datasets/functional_protocol_round4_widechem_boost/meta_gga_r2scan/cif/mp-2119.cif,train,-0.3690781699999992,-7.881335576375325,-0.2273802099994215,-0.22725712590836,-0.2131490524205248,3,2
mp-1225463,Dy2As7Rh12,<PROJECT_ROOT>/external_datasets/functional_protocol_round4_widechem_boost/meta_gga_r2scan/cif/mp-1225463.cif,train,-0.7644504975000007,-6.886373610723586,-0.7759183958935925,-0.7751542544117882,-0.6875672714966807,21,3
mp-21159,DyGe3,<PROJECT_ROOT>/external_datasets/functional_protocol_round4_widechem_boost/meta_gga_r2scan/cif/mp-21159.cif,train,-0.4755188287500012,-5.069384574890137,-0.4848061606489606,-0.4869759019892496,-0.7356747388246877,8,2
mp-1077063,La2Bi,<PROJECT_ROOT>/external_datasets/functional_protocol_round4_widechem_boost/meta_gga_r2scan/cif/mp-1077063.cif,train,-0.9098970450000032,-5.322339375813802,-0.833792939983252,-0.8355722800142038,-1.0395227637917157,6,2
mp-2767160,K2MnO4,<PROJECT_ROOT>/external_datasets/functional_protocol_round4_widechem_boost/meta_gga_r2scan/cif/mp-2767160.cif,train,-1.8292010763546795,-5.531157902308872,-1.5563441446885249,-1.5613850949348276,-2.1391859781568963,28,3
mp-560715,Sn5(PO5)2,<PROJECT_ROOT>/external_datasets/functional_protocol_round4_widechem_boost/meta_gga_r2scan/cif/mp-560715.cif,train,-1.8723998187324933,-6.454627093146829,-2.0823046028349967,-2.08289846283391,-2.150967540114385,34,3
mp-20920,TbIn3,<PROJECT_ROOT>/external_datasets/functional_protocol_round4_widechem_boost/meta_gga_r2scan/cif/mp-20920.cif,train,-0.5382134275000006,-3.635511875152588,-0.5172725555332129,-0.5166296399728916,-0.4429377445096874,4,2
mp-7159,La3TlC,<PROJECT_ROOT>/external_datasets/functional_protocol_round4_widechem_boost/meta_gga_r2scan/cif/mp-7159.cif,train,-0.4325853069999937,-5.572451400756836,-0.3957693881581479,-0.4000841829474666,-0.8946520954194851,5,3
mp-1105583,Er7CoI12,<PROJECT_ROOT>/external_datasets/functional_protocol_round4_widechem_boost/meta_gga_r2scan/cif/mp-1105583.cif,train,-1.3817557616666647,-4.063775253295899,-1.3585714392573998,-1.3573289187070126,-1.214909446909021,20,3
mp-1216673,U2CS,<PROJECT_ROOT>/external_datasets/functional_protocol_round4_widechem_boost/meta_gga_r2scan/cif/mp-1216673.cif,train,-1.0269302457031273,-9.727153778076172,-0.983636669100985,-0.9877133998843126,-1.4549940775695658,4,3
mp-683,Pr2C3,<PROJECT_ROOT>/external_datasets/functional_protocol_round4_widechem_boost/meta_gga_r2scan/cif/mp-683.cif,train,-0.2836005221666653,-7.58516845703125,-0.1821974926016736,-0.183230672168813,-0.3016551828766985,20,2
mp-568543,Na2SnSe3,<PROJECT_ROOT>/external_datasets/functional_protocol_round4_widechem_boost/meta_gga_r2scan/cif/mp-568543.cif,train,-0.930581625364584,-3.625662167867025,-0.9054730597713534,-0.9061982925374528,-0.9893255031462708,24,3
mp-22490,Sc3(NiGe)4,<PROJECT_ROOT>/external_datasets/functional_protocol_round4_widechem_boost/meta_gga_r2scan/cif/mp-22490.cif,train,-0.7604370513636369,-6.248460249467329,-0.7933321995812115,-0.7915898881702148,-0.5918836774497606,11,3
mp-19399,Cr2O3,<PROJECT_ROOT>/external_datasets/functional_protocol_round4_widechem_boost/meta_gga_r2scan/cif/mp-19399.cif,train,-2.405414264250001,-7.950433349609375,-1.7077503550313209,-1.7097462317145895,-1.9385164544001967,10,2
mp-1113922,Rb3BiF6,<PROJECT_ROOT>/external_datasets/functional_protocol_round4_widechem_boost/meta_gga_r2scan/cif/mp-1113922.cif,train,-2.749801585875,-4.415906524658203,-2.906070225036095,-2.9027302993363007,-2.5199032677352857,10,3
mp-7086,RbFeSe2,<PROJECT_ROOT>/external_datasets/functional_protocol_round4_widechem_boost/meta_gga_r2scan/cif/mp-7086.cif,train,-0.8110060773437517,-4.761818885803223,-0.7930948304800065,-0.7936762458990323,-0.8603189077420854,8,3
mp-1016253,Mg7Cd,<PROJECT_ROOT>/external_datasets/functional_protocol_round4_widechem_boost/meta_gga_r2scan/cif/mp-1016253.cif,train,-0.0270202831250001,-1.5498037338256836,-0.0013456146054968,0.0002478189349623,0.1828894364946672,8,2
mp-4325,Zr(SO4)2,<PROJECT_ROOT>/external_datasets/functional_protocol_round4_widechem_boost/meta_gga_r2scan/cif/mp-4325.cif,train,-2.075113527329545,-6.966160167347301,-2.3429764831402524,-2.347683598916298,-2.887219900593222,44,3
mp-23287,CuCl,<PROJECT_ROOT>/external_datasets/functional_protocol_round4_widechem_boost/meta_gga_r2scan/cif/mp-23287.cif,train,-0.4629609749999996,-3.305657148361206,-0.4320987856609917,-0.4351318407923124,-0.7827849316008869,16,2
mp-15186,Er(CuO2)2,<PROJECT_ROOT>/external_datasets/functional_protocol_round4_widechem_boost/meta_gga_r2scan/cif/mp-15186.cif,train,-1.9565422897619047,-6.330543518066406,-2.0427133403543243,-2.0425788255037167,-2.027160542106279,14,3
mp-862292,Ce3Zn11,<PROJECT_ROOT>/external_datasets/functional_protocol_round4_widechem_boost/meta_gga_r2scan/cif/mp-862292.cif,train,-0.3215762310714284,-2.546086992536272,-0.3500030708501751,-0.3503783804232334,-0.3933968972115195,14,2
mp-20882,CeBO3,<PROJECT_ROOT>/external_datasets/functional_protocol_round4_widechem_boost/meta_gga_r2scan/cif/mp-20882.cif,train,-3.3055611927499995,-8.464792633056641,-3.39479234502949,-3.3876432417715394,-2.568202863497627,20,3
mp-6245,K5Nb4O12F,<PROJECT_ROOT>/external_datasets/functional_protocol_round4_widechem_boost/meta_gga_r2scan/cif/mp-6245.cif,train,-2.6739498510795467,-7.348993474786932,-2.828372548551865,-2.823593056961271,-2.2757609365345752,44,4
mp-1072580,CeSiPt,<PROJECT_ROOT>/external_datasets/functional_protocol_round4_widechem_boost/meta_gga_r2scan/cif/mp-1072580.cif,train,-1.2132664899999952,-6.91091791788737,-1.201735550629997,-1.2022132923475972,-1.2569727271570252,6,3
mp-19,Te,<PROJECT_ROOT>/external_datasets/functional_protocol_round4_widechem_boost/meta_gga_r2scan/cif/mp-19.cif,train,0.0,-3.1395441691080728,-0.1306017518255182,-0.1369235408391684,-0.8615359843583335,3,1
mp-1178173,Ho2TeO2,<PROJECT_ROOT>/external_datasets/functional_protocol_round4_widechem_boost/meta_gga_r2scan/cif/mp-1178173.cif,train,-3.303443579499998,-7.413715362548828,-3.2823203728618093,-3.2710941505417788,-1.9843285895205145,5,3
mp-2911977,Y2Ge5Rh3,<PROJECT_ROOT>/external_datasets/functional_protocol_round4_widechem_boost/meta_gga_r2scan/cif/mp-2911977.cif,train,-0.841897745,-6.596916198730469,-0.8067897935949038,-0.8053744309289579,-0.6431435501436715,20,3
mp-2180,HfSb2,<PROJECT_ROOT>/external_datasets/functional_protocol_round4_widechem_boost/meta_gga_r2scan/cif/mp-2180.cif,train,-0.4586568516666697,-6.480666478474935,-0.4568704472550093,-0.4585721995665155,-0.6536294686461592,24,2
mp-867141,ReOs3,<PROJECT_ROOT>/external_datasets/functional_protocol_round4_widechem_boost/meta_gga_r2scan/cif/mp-867141.cif,train,-0.0902008743750002,-11.599566459655762,-0.0861361313463362,-0.0813858303380463,0.4631004240464671,8,2
mp-636614,YPb2,<PROJECT_ROOT>/external_datasets/functional_protocol_round4_widechem_boost/meta_gga_r2scan/cif/mp-636614.cif,train,-0.5040246599999989,-5.0170237223307295,-0.4045645132734119,-0.4030556910612333,-0.2301123442265859,6,2
mp-2041583,MoF4,<PROJECT_ROOT>/external_datasets/functional_protocol_round4_widechem_boost/meta_gga_r2scan/cif/mp-2041583.cif,train,-2.566888779000001,-5.29052963256836,-2.0394251850646974,-2.046914146124217,-2.905309508740531,10,2
mp-865918,Yb2CdSn,<PROJECT_ROOT>/external_datasets/functional_protocol_round4_widechem_boost/meta_gga_r2scan/cif/mp-865918.cif,train,-0.4835386724999999,-2.5581753253936768,-0.5964140539121057,-0.5920721481584641,-0.0943967384168366,4,3
mp-760930,V2OF5,<PROJECT_ROOT>/external_datasets/functional_protocol_round4_widechem_boost/meta_gga_r2scan/cif/mp-760930.cif,train,-3.112434129427084,-6.286942799886067,-2.747536729176141,-2.7494532729064725,-2.9691302397500463,24,3
mp-1695,Y2C3,<PROJECT_ROOT>/external_datasets/functional_protocol_round4_widechem_boost/meta_gga_r2scan/cif/mp-1695.cif,train,-0.395841049500001,-8.376959991455077,-0.2982768921864345,-0.2988306359482271,-0.3623015331021889,20,2
mp-569833,Zr2Ga,<PROJECT_ROOT>/external_datasets/functional_protocol_round4_widechem_boost/meta_gga_r2scan/cif/mp-569833.cif,train,-0.5389846233333344,-7.173402786254883,-0.5325241582311833,-0.5350967364415427,-0.8299693079753668,6,2
mp-974057,Lu2Ni12P7,<PROJECT_ROOT>/external_datasets/functional_protocol_round4_widechem_boost/meta_gga_r2scan/cif/mp-974057.cif,train,-0.7937755180555541,-6.297071911039806,-0.8470435950349211,-0.8434899473024604,-0.4361657924996743,21,3
mp-1427,Lu2O3,<PROJECT_ROOT>/external_datasets/functional_protocol_round4_widechem_boost/meta_gga_r2scan/cif/mp-1427.cif,train,-4.062650477416665,-8.482427978515625,-4.137833529668227,-4.124680423415781,-2.6170526868889428,40,2
mp-1194614,FeH20C8NCl4,<PROJECT_ROOT>/external_datasets/functional_protocol_round4_widechem_boost/meta_gga_r2scan/cif/mp-1194614.cif,train,-0.3371985292279417,-5.166024151970358,-0.2988956670279368,-0.29840527484461,-0.2421958256763469,136,5
mp-29380,K2Te2As,<PROJECT_ROOT>/external_datasets/functional_protocol_round4_widechem_boost/meta_gga_r2scan/cif/mp-29380.cif,train,-0.8331250025000003,-3.3155078887939453,-0.7799449896716748,-0.7795592117952053,-0.7353408031892961,40,3
mp-7949,Rb2GeF6,<PROJECT_ROOT>/external_datasets/functional_protocol_round4_widechem_boost/meta_gga_r2scan/cif/mp-7949.cif,train,-2.9708073102777783,-4.7144360012478295,-3.055931624934801,-3.0536988370161327,-2.797773511746712,9,3
mp-30537,TbP5O14,<PROJECT_ROOT>/external_datasets/functional_protocol_round4_widechem_boost/meta_gga_r2scan/cif/mp-30537.cif,train,-2.5714873774940488,-7.37799072265625,-2.779116868128014,-2.7776955010856588,-2.6147763901381755,80,3
mp-18808,LuMnO3,<PROJECT_ROOT>/external_datasets/functional_protocol_round4_widechem_boost/meta_gga_r2scan/cif/mp-18808.cif,train,-3.1525254168132166,-8.04994405110677,-2.899728492891864,-2.895075628863279,-2.3617577396020586,30,3
mp-1206894,Lu3AlC,<PROJECT_ROOT>/external_datasets/functional_protocol_round4_widechem_boost/meta_gga_r2scan/cif/mp-1206894.cif,train,-0.6229137339999966,-5.784915924072266,-0.5745582511034026,-0.57759674180505,-0.9258728654123608,5,3
mp-2960,HfSnRh,<PROJECT_ROOT>/external_datasets/functional_protocol_round4_widechem_boost/meta_gga_r2scan/cif/mp-2960.cif,train,-0.7778768883333353,-7.834693908691406,-0.7304712221928096,-0.7301400537642007,-0.6921810577022415,18,3
mp-1184591,Hg,<PROJECT_ROOT>/external_datasets/functional_protocol_round4_widechem_boost/meta_gga_r2scan/cif/mp-1184591.cif,train,0.0109260824999992,-0.2751649022102356,0.0530509196552451,0.0547743553972006,0.2523170100989709,2,1
mp-584429,Co(PO3)3,<PROJECT_ROOT>/external_datasets/functional_protocol_round4_widechem_boost/meta_gga_r2scan/cif/mp-584429.cif,train,-2.0984538082829665,-6.947077824519231,-2.165552753460517,-2.168461315945761,-2.501844882687199,52,3
mp-18090,Ba3TaAs3O,<PROJECT_ROOT>/external_datasets/functional_protocol_round4_widechem_boost/meta_gga_r2scan/cif/mp-18090.cif,train,-1.659144212322918,-6.021396636962891,-1.6081260869202474,-1.6054648608762276,-1.3004313486291863,32,4
mp-1212034,K2GdCl5,<PROJECT_ROOT>/external_datasets/functional_protocol_round4_widechem_boost/meta_gga_r2scan/cif/mp-1212034.cif,train,-2.406327751250002,-5.348428726196289,-2.32371356595789,-2.317362599283133,-1.589405770770798,32,3
mp-1210782,LuCo4B,<PROJECT_ROOT>/external_datasets/functional_protocol_round4_widechem_boost/meta_gga_r2scan/cif/mp-1210782.cif,train,-0.2640078248611104,-6.92905871073405,-0.3519575801745151,-0.3504732872548706,-0.1803415227996965,12,3
mp-8528,Tm(SiRh)2,<PROJECT_ROOT>/external_datasets/functional_protocol_round4_widechem_boost/meta_gga_r2scan/cif/mp-8528.cif,train,-1.1851566600000012,-7.111621856689453,-1.1132934838233917,-1.1103904996945904,-0.777646332098701,5,3
mp-1103919,CeMg12,<PROJECT_ROOT>/external_datasets/functional_protocol_round4_widechem_boost/meta_gga_r2scan/cif/mp-1103919.cif,train,-0.0354420061538455,-1.9356903663048377,0.0141278026179127,0.014249304445606,0.0281760166556572,13,2
mp-1190583,NbS3,<PROJECT_ROOT>/external_datasets/functional_protocol_round4_widechem_boost/meta_gga_r2scan/cif/mp-1190583.cif,train,-0.8966727462760412,-6.395456314086914,-0.9217460525934484,-0.9264898154720368,-1.4702266601384406,24,2
mp-10257,Ni,<PROJECT_ROOT>/external_datasets/functional_protocol_round4_widechem_boost/meta_gga_r2scan/cif/mp-10257.cif,train,0.0458352900000011,-5.752596855163574,-0.0787430088043619,-0.0788310685768856,-0.0889246048855798,2,1
mp-1210076,Nd4CdNi,<PROJECT_ROOT>/external_datasets/functional_protocol_round4_widechem_boost/meta_gga_r2scan/cif/mp-1210076.cif,train,-0.2554845075000003,-4.538920084635417,-0.3387881178294103,-0.3424198013820705,-0.7586885328288722,24,3
mp-9567,Ba(MgSb)2,<PROJECT_ROOT>/external_datasets/functional_protocol_round4_widechem_boost/meta_gga_r2scan/cif/mp-9567.cif,train,-0.9270198090000008,-3.4445457458496094,-0.7984722024479392,-0.79439448040372,-0.3270001829870892,5,3
mp-27138,K2PdBr4,<PROJECT_ROOT>/external_datasets/functional_protocol_round4_widechem_boost/meta_gga_r2scan/cif/mp-27138.cif,train,-1.346945146785714,-3.1701722826276506,-1.3476818817742986,-1.347138095566816,-1.284808547442653,7,3
mp-605034,K2NiF6,<PROJECT_ROOT>/external_datasets/functional_protocol_round4_widechem_boost/meta_gga_r2scan/cif/mp-605034.cif,train,-2.4627114075,-3.934224022759332,-2.1225299864529026,-2.1276169792315924,-2.710695322967788,9,3
mp-979459,Sm5Mg,<PROJECT_ROOT>/external_datasets/functional_protocol_round4_widechem_boost/meta_gga_r2scan/cif/mp-979459.cif,train,-0.0045769424999993,-4.1850128173828125,-0.0801092183296319,-0.0883905733456558,-1.0376112576890828,6,2
mp-2365,Pr4As3,<PROJECT_ROOT>/external_datasets/functional_protocol_round4_widechem_boost/meta_gga_r2scan/cif/mp-2365.cif,train,-1.457562279166662,-5.986689976283482,-1.361312116951214,-1.357550848786249,-0.926428944865515,14,2
mp-560151,AlPO4,<PROJECT_ROOT>/external_datasets/functional_protocol_round4_widechem_boost/meta_gga_r2scan/cif/mp-560151.cif,train,-2.893243286607142,-7.46625264485677,-3.065721888777653,-3.0605537571643118,-2.4681751648563317,18,3
mp-1079772,Ca(InP)2,<PROJECT_ROOT>/external_datasets/functional_protocol_round4_widechem_boost/meta_gga_r2scan/cif/mp-1079772.cif,train,-0.7593217211904773,-4.246726989746094,-0.6641344818554726,-0.6634364349532085,-0.5834253067029285,10,3
mp-11846,Pr(AlZn)2,<PROJECT_ROOT>/external_datasets/functional_protocol_round4_widechem_boost/meta_gga_r2scan/cif/mp-11846.cif,train,-0.4995793383333321,-3.3986862182617186,-0.4730431200875622,-0.4723267245287941,-0.3902124471871698,5,3
mp-1226728,CdAg,<PROJECT_ROOT>/external_datasets/functional_protocol_round4_widechem_boost/meta_gga_r2scan/cif/mp-1226728.cif,train,-0.0325648974999985,-1.907832384109497,-0.006426763120098,-0.0044554593998968,0.221498175325757,2,2
mp-569683,InAu3,<PROJECT_ROOT>/external_datasets/functional_protocol_round4_widechem_boost/meta_gga_r2scan/cif/mp-569683.cif,train,-0.1490907062499999,-3.2534403800964355,-0.1668429492740868,-0.1680104486584452,-0.301830887758729,8,2
mp-30376,ErInAu2,<PROJECT_ROOT>/external_datasets/functional_protocol_round4_widechem_boost/meta_gga_r2scan/cif/mp-30376.cif,train,-0.7816226558333312,-4.160035610198975,-0.7790311763701188,-0.7774585274742813,-0.5971992754251287,4,3
mp-19897,Eu2TeO2,<PROJECT_ROOT>/external_datasets/functional_protocol_round4_widechem_boost/meta_gga_r2scan/cif/mp-19897.cif,train,-2.6364096195,-9.07467269897461,-2.598722159877621,-2.59526321401762,-2.198793922460886,5,3
mp-2014596,CsSeBr3,<PROJECT_ROOT>/external_datasets/functional_protocol_round4_widechem_boost/meta_gga_r2scan/cif/mp-2014596.cif,train,-0.8859848233125007,-2.6512975692749023,-1.0246706121048268,-1.0288293531385229,-1.5055101623022284,10,3
mp-864792,Nd3(CuSn)4,<PROJECT_ROOT>/external_datasets/functional_protocol_round4_widechem_boost/meta_gga_r2scan/cif/mp-864792.cif,train,-0.5843182747727244,-4.775081981312145,-0.5196317186177355,-0.5171224693376191,-0.2295087498134396,11,3
mp-1173297,SmPaO4,<PROJECT_ROOT>/external_datasets/functional_protocol_round4_widechem_boost/meta_gga_r2scan/cif/mp-1173297.cif,train,-4.018932735000003,-9.352640787760416,-4.120390119371332,-4.108460881894692,-2.7411147242481584,12,3
mp-555740,SiO2,<PROJECT_ROOT>/external_datasets/functional_protocol_round4_widechem_boost/meta_gga_r2scan/cif/mp-555740.cif,train,-3.0155912091666672,-7.87455940246582,-3.155875054071897,-3.1505376047895632,-2.5387515805684187,24,2
mp-21223,YbIn2Ni,<PROJECT_ROOT>/external_datasets/functional_protocol_round4_widechem_boost/meta_gga_r2scan/cif/mp-21223.cif,train,-0.505247251250001,-3.603976249694824,-0.503832132459535,-0.5009276103430693,-0.1680071564147103,8,3
mp-978281,Mg3Ga,<PROJECT_ROOT>/external_datasets/functional_protocol_round4_widechem_boost/meta_gga_r2scan/cif/mp-978281.cif,train,-0.0615622137500002,-2.030318021774292,-0.0457309396031231,-0.0447286475122865,0.0701554967520157,4,2
mp-1225514,ErGa2Cu3,<PROJECT_ROOT>/external_datasets/functional_protocol_round4_widechem_boost/meta_gga_r2scan/cif/mp-1225514.cif,train,-0.4121416005555574,-4.177993774414063,-0.361437398834088,-0.3594590980495571,-0.1327034498617912,6,3
mp-754845,La3Ti2N3O4,<PROJECT_ROOT>/external_datasets/functional_protocol_round4_widechem_boost/meta_gga_r2scan/cif/mp-754845.cif,train,-2.795390562465277,-8.769044240315756,-2.792288991689841,-2.7856559803208087,-2.025370788006693,12,4
mp-669325,TeWCl9,<PROJECT_ROOT>/external_datasets/functional_protocol_round4_widechem_boost/meta_gga_r2scan/cif/mp-669325.cif,train,-0.7982041956818193,-3.679483240300959,-1.0999360704461545,-1.1048887092557207,-1.672567210060519,22,3
mp-1210761,Li2NiN,<PROJECT_ROOT>/external_datasets/functional_protocol_round4_widechem_boost/meta_gga_r2scan/cif/mp-1210761.cif,train,-0.4163701755208331,-4.825551509857178,-0.4769445812648083,-0.4777035153541762,-0.5646936195424885,4,3
mp-1188283,V8N,<PROJECT_ROOT>/external_datasets/functional_protocol_round4_widechem_boost/meta_gga_r2scan/cif/mp-1188283.cif,train,-0.3771965731944438,-9.331100463867188,-0.9214171280539674,-0.918656650285981,-0.6022467643462621,18,2
mp-510409,TiSiNi,<PROJECT_ROOT>/external_datasets/functional_protocol_round4_widechem_boost/meta_gga_r2scan/cif/mp-510409.cif,train,-0.8583697122222228,-7.209493637084961,-0.8529682163236991,-0.8522287621046081,-0.7674714683372716,12,3
mp-1077979,InPd5Se,<PROJECT_ROOT>/external_datasets/functional_protocol_round4_widechem_boost/meta_gga_r2scan/cif/mp-1077979.cif,train,-0.4020549670089305,-4.963123866489956,-0.4149598638776117,-0.416697545013748,-0.6158730270477368,7,3
mp-20506,NbNiTe2,<PROJECT_ROOT>/external_datasets/functional_protocol_round4_widechem_boost/meta_gga_r2scan/cif/mp-20506.cif,train,-0.4839481868750006,-5.984235763549805,-0.5098817419528032,-0.5107032921013657,-0.6048705380090219,16,3
mp-11350,CaAl9Co2,<PROJECT_ROOT>/external_datasets/functional_protocol_round4_widechem_boost/meta_gga_r2scan/cif/mp-11350.cif,train,-0.3811823891666665,-4.537035942077637,-0.4053653958619829,-0.4053628441515045,-0.4050703634694602,12,3
mp-5625,Ag2SO4,<PROJECT_ROOT>/external_datasets/functional_protocol_round4_widechem_boost/meta_gga_r2scan/cif/mp-5625.cif,train,-0.9984705125446424,-5.080039978027344,-1.2254781318953336,-1.2329110246613668,-2.084879759773939,14,3
mp-555846,BaAlF5,<PROJECT_ROOT>/external_datasets/functional_protocol_round4_widechem_boost/meta_gga_r2scan/cif/mp-555846.cif,train,-4.024366379999999,-5.866130828857422,-4.060697124322873,-4.051673382365236,-3.0173592514294727,28,3
mp-573150,Cs2GeO3,<PROJECT_ROOT>/external_datasets/functional_protocol_round4_widechem_boost/meta_gga_r2scan/cif/mp-573150.cif,train,-1.891544070902777,-5.252604166666667,-2.0540891475325918,-2.0534207942070437,-1.9768131859322744,72,3
mp-865326,Lu2PdPt,<PROJECT_ROOT>/external_datasets/functional_protocol_round4_widechem_boost/meta_gga_r2scan/cif/mp-865326.cif,train,-1.2327482733333357,-6.223487854003906,-1.253992334064714,-1.2525398416939968,-1.0860531013642072,4,3
mp-982015,LaDyMg2,<PROJECT_ROOT>/external_datasets/functional_protocol_round4_widechem_boost/meta_gga_r2scan/cif/mp-982015.cif,train,-0.1016571899999974,-3.2765440940856934,-0.1632548816675467,-0.1679296754293622,-0.7037611818881754,4,3
mp-866492,Cs9AlO4,<PROJECT_ROOT>/external_datasets/functional_protocol_round4_widechem_boost/meta_gga_r2scan/cif/mp-866492.cif,train,-1.335359443571426,-3.434098652430943,-1.427982444875215,-1.4276480104592588,-1.3893146622856176,28,3
mp-1202708,Yb4NiB13,<PROJECT_ROOT>/external_datasets/functional_protocol_round4_widechem_boost/meta_gga_r2scan/cif/mp-1202708.cif,train,-0.5823490393055566,-5.707878112792969,-0.2389164989787708,-0.2410966298689079,-0.4909863316733479,36,3
mp-1208464,Tb4MgCo,<PROJECT_ROOT>/external_datasets/functional_protocol_round4_widechem_boost/meta_gga_r2scan/cif/mp-1208464.cif,train,-0.0995859099999971,-4.683422088623047,-0.2030163210678202,-0.2067439167924609,-0.6340062377359474,24,3
mp-5473,CaMgSi,<PROJECT_ROOT>/external_datasets/functional_protocol_round4_widechem_boost/meta_gga_r2scan/cif/mp-5473.cif,train,-0.4916377391666676,-3.441516876220703,-0.4363693950161966,-0.4371801558083428,-0.5301107103470152,12,3
mp-1018651,Ba2H3I,<PROJECT_ROOT>/external_datasets/functional_protocol_round4_widechem_boost/meta_gga_r2scan/cif/mp-1018651.cif,train,-1.0104754072916673,-3.450302759806315,-0.8993755540750947,-0.8975781219325691,-0.6915538946100851,6,3
mp-27175,InOF,<PROJECT_ROOT>/external_datasets/functional_protocol_round4_widechem_boost/meta_gga_r2scan/cif/mp-27175.cif,train,-2.29145092375,-5.1872297922770185,-2.390253094792532,-2.3911394802533845,-2.492738241822542,12,3
mp-36765,Ti(CoO2)2,<PROJECT_ROOT>/external_datasets/functional_protocol_round4_widechem_boost/meta_gga_r2scan/cif/mp-36765.cif,train,-2.030639247380953,-7.293671744210379,-1.6656296813923186,-1.6690911452698458,-2.0658490555746543,14,3
mp-6973,CsNaS,<PROJECT_ROOT>/external_datasets/functional_protocol_round4_widechem_boost/meta_gga_r2scan/cif/mp-6973.cif,train,-1.2742953109375013,-3.16183884938558,-1.188398008366612,-1.18670348392975,-0.992474684116044,6,3
mp-23743,AlH12(ClO2)3,<PROJECT_ROOT>/external_datasets/functional_protocol_round4_widechem_boost/meta_gga_r2scan/cif/mp-23743.cif,train,-1.2738764270454548,-4.822716452858665,-1.3791074957806448,-1.3780558248682446,-1.257511809884455,44,4
mp-1544973,NpCl4,<PROJECT_ROOT>/external_datasets/functional_protocol_round4_widechem_boost/meta_gga_r2scan/cif/mp-1544973.cif,train,-2.054117267749999,-5.640539932250976,-1.970217385571865,-1.9720038015100585,-2.17676533583786,10,2
mp-398,ErGa3,<PROJECT_ROOT>/external_datasets/functional_protocol_round4_widechem_boost/meta_gga_r2scan/cif/mp-398.cif,train,-0.5382812583333347,-3.928684949874878,-0.5604576555990022,-0.5609119422439104,-0.6129829232766906,4,2
mp-2047105,K2CrF6,<PROJECT_ROOT>/external_datasets/functional_protocol_round4_widechem_boost/meta_gga_r2scan/cif/mp-2047105.cif,train,-2.976537524166667,-4.980411105685764,-2.7861335440699024,-2.785159631719256,-2.6735284136172712,9,3
mp-672272,Sm2Pd2Pb,<PROJECT_ROOT>/external_datasets/functional_protocol_round4_widechem_boost/meta_gga_r2scan/cif/mp-672272.cif,train,-0.8893767370000034,-5.510531234741211,-0.8507418554906865,-0.8491572095091557,-0.6675228344435875,10,3
mp-21450,Nd2InPd2,<PROJECT_ROOT>/external_datasets/functional_protocol_round4_widechem_boost/meta_gga_r2scan/cif/mp-21450.cif,train,-0.8739278200000001,-5.335580444335937,-0.8704706060374878,-0.8690624437744301,-0.707656883401755,10,3
mp-976072,NaAc2Pb,<PROJECT_ROOT>/external_datasets/functional_protocol_round4_widechem_boost/meta_gga_r2scan/cif/mp-976072.cif,train,-0.2888350387500011,-3.5126078128814697,-0.255454214759049,-0.2569502124097189,-0.4284235897734124,4,3
mp-29579,Sc7NCl12,<PROJECT_ROOT>/external_datasets/functional_protocol_round4_widechem_boost/meta_gga_r2scan/cif/mp-29579.cif,train,-2.1454828161875,-5.671669769287109,-2.121442652112674,-2.1182122831933947,-1.7479428055148492,20,3
mp-862756,PrGa3,<PROJECT_ROOT>/external_datasets/functional_protocol_round4_widechem_boost/meta_gga_r2scan/cif/mp-862756.cif,train,-0.6361536691666672,-4.03880786895752,-0.601372783036974,-0.6005370851976837,-0.5047482108673323,8,2
mp-1186809,PuAl3,<PROJECT_ROOT>/external_datasets/functional_protocol_round4_widechem_boost/meta_gga_r2scan/cif/mp-1186809.cif,train,-0.403848118437498,-6.652775287628174,-0.4544355304710823,-0.4573209828709901,-0.7880556387812417,8,2
mp-2042,HoNi3,<PROJECT_ROOT>/external_datasets/functional_protocol_round4_widechem_boost/meta_gga_r2scan/cif/mp-2042.cif,train,-0.3949734320833329,-5.903090159098308,-0.5232960266516695,-0.5218020648396093,-0.3505620381914546,12,2
mp-1217893,TaNbAl6,<PROJECT_ROOT>/external_datasets/functional_protocol_round4_widechem_boost/meta_gga_r2scan/cif/mp-1217893.cif,train,-0.4348452109166665,-5.925230979919434,-0.3704843061663929,-0.3717912336425906,-0.5215931188349856,8,3
mp-29992,AsPbF7,<PROJECT_ROOT>/external_datasets/functional_protocol_round4_widechem_boost/meta_gga_r2scan/cif/mp-29992.cif,train,-2.4076910797222206,-4.5927755567762585,-2.570105591867445,-2.5742065600584034,-3.0442653638596973,18,3
mp-776655,Ti2O3,<PROJECT_ROOT>/external_datasets/functional_protocol_round4_widechem_boost/meta_gga_r2scan/cif/mp-776655.cif,train,-3.0710374314166686,-8.936174011230468,-3.18334447811905,-3.178223976694091,-2.5913048242866474,20,2
mp-3539,NbGaNi2,<PROJECT_ROOT>/external_datasets/functional_protocol_round4_widechem_boost/meta_gga_r2scan/cif/mp-3539.cif,train,-0.3380024800000001,-6.499902725219727,-0.3564147631557084,-0.3557125581271343,-0.2752248195288529,4,3
mp-761128,BaNb5O8,<PROJECT_ROOT>/external_datasets/functional_protocol_round4_widechem_boost/meta_gga_r2scan/cif/mp-761128.cif,train,-2.6149160860714296,-8.974136352539062,-2.726992559203415,-2.722921679110807,-2.2563116159141576,14,3
mp-12863,Ba(AlSi)2,<PROJECT_ROOT>/external_datasets/functional_protocol_round4_widechem_boost/meta_gga_r2scan/cif/mp-12863.cif,train,-0.3319181490000005,-4.340224838256836,-0.2855571211965184,-0.2900529572023265,-0.8053720712703323,5,3
mp-17324,ZrSnS3,<PROJECT_ROOT>/external_datasets/functional_protocol_round4_widechem_boost/meta_gga_r2scan/cif/mp-17324.cif,train,-1.2754657681875017,-6.086917877197266,-1.2462089386322075,-1.246826573041795,-1.3176207070699977,20,3
mp-377,LuRh,<PROJECT_ROOT>/external_datasets/functional_protocol_round4_widechem_boost/meta_gga_r2scan/cif/mp-377.cif,train,-1.1028163483333344,-6.946502685546875,-1.1058784482987054,-1.1048635286719977,-0.9885319982942822,2,2
mp-779313,Li7Mn8(BO3)8,<PROJECT_ROOT>/external_datasets/functional_protocol_round4_widechem_boost/meta_gga_r2scan/cif/mp-779313.cif,train,-2.372582500479335,-7.343070821559175,-2.295688537883642,-2.2928154699652428,-1.963500340931864,47,4
mp-29845,CsHgCl3,<PROJECT_ROOT>/external_datasets/functional_protocol_round4_widechem_boost/meta_gga_r2scan/cif/mp-29845.cif,train,-1.3454611921111137,-2.52829098171658,-1.3469589262971136,-1.3463497746319917,-1.276527944833328,45,3
mp-21952,Eu(In4Rh)2,<PROJECT_ROOT>/external_datasets/functional_protocol_round4_widechem_boost/meta_gga_r2scan/cif/mp-21952.cif,train,-0.4661581056818187,-4.612063667990944,-0.4172538295024992,-0.4172716649820032,-0.419315992997504,44,3
mp-1078694,ThGaRh,<PROJECT_ROOT>/external_datasets/functional_protocol_round4_widechem_boost/meta_gga_r2scan/cif/mp-1078694.cif,train,-0.9609239922222186,-6.842597113715278,-0.9570813770596568,-0.9556327334007068,-0.7895871378844656,9,3
mp-4651,SrTiO3,<PROJECT_ROOT>/external_datasets/functional_protocol_round4_widechem_boost/meta_gga_r2scan/cif/mp-4651.cif,train,-3.447125240583334,-8.021189880371093,-3.5175576526039203,-3.509105173274267,-2.5402699768394736,10,3
mp-1200107,K3HS3O11,<PROJECT_ROOT>/external_datasets/functional_protocol_round4_widechem_boost/meta_gga_r2scan/cif/mp-1200107.cif,train,-1.7665684435937494,-5.7069091796875,-2.0459638916397416,-2.0496556812176188,-2.472813850718399,72,4
mp-1104609,Ba(Cd2Pt)2,<PROJECT_ROOT>/external_datasets/functional_protocol_round4_widechem_boost/meta_gga_r2scan/cif/mp-1104609.cif,train,-0.5157404914285694,-2.9845638275146484,-0.5035131973243501,-0.5028118720487029,-0.4224249719834547,14,3
mp-30834,SrSn3Pd,<PROJECT_ROOT>/external_datasets/functional_protocol_round4_widechem_boost/meta_gga_r2scan/cif/mp-30834.cif,train,-0.5832537419999995,-4.350183486938477,-0.5455931299273518,-0.5449065929491512,-0.4662147485575093,5,3
mp-634378,NaHSO4,<PROJECT_ROOT>/external_datasets/functional_protocol_round4_widechem_boost/meta_gga_r2scan/cif/mp-634378.cif,train,-1.6345952866517857,-5.591989244733538,-1.89454312087254,-1.897953450727376,-2.288850306663117,28,4
mp-781505,Ca3WO6,<PROJECT_ROOT>/external_datasets/functional_protocol_round4_widechem_boost/meta_gga_r2scan/cif/mp-781505.cif,train,-3.06207157275,-7.080913543701172,-2.8248920120051526,-2.820075070098865,-2.2679503412496915,20,3
mp-570074,Sc3IrC4,<PROJECT_ROOT>/external_datasets/functional_protocol_round4_widechem_boost/meta_gga_r2scan/cif/mp-570074.cif,train,-0.6134501556249994,-8.59256362915039,-0.5339831737722882,-0.5333342971770909,-0.4589591394197298,16,3
mp-1018704,GdAlZn,<PROJECT_ROOT>/external_datasets/functional_protocol_round4_widechem_boost/meta_gga_r2scan/cif/mp-1018704.cif,train,-0.4720359316666673,-6.809519449869792,-0.4564804663777426,-0.4579278981803982,-0.6238345890064386,6,3
mp-1183658,Cd3Bi,<PROJECT_ROOT>/external_datasets/functional_protocol_round4_widechem_boost/meta_gga_r2scan/cif/mp-1183658.cif,train,0.1037200637499999,-1.5917181968688965,0.075602393745092,0.0760787599277419,0.1306805289610855,4,2
mp-29831,TaCl5,<PROJECT_ROOT>/external_datasets/functional_protocol_round4_widechem_boost/meta_gga_r2scan/cif/mp-29831.cif,train,-1.487059174694445,-4.846454196506077,-1.53251729224242,-1.534674454280342,-1.7819314335930638,36,2
mp-1101197,VPHO5,<PROJECT_ROOT>/external_datasets/functional_protocol_round4_widechem_boost/meta_gga_r2scan/cif/mp-1101197.cif,train,-2.237407235372025,-7.036920547485352,-2.1751856284118274,-2.1761991631292705,-2.292371953239117,32,4
mp-1181041,HoWC2,<PROJECT_ROOT>/external_datasets/functional_protocol_round4_widechem_boost/meta_gga_r2scan/cif/mp-1181041.cif,train,-0.4113679506249994,-9.292656898498535,-0.8160373611499079,-0.8092765999495306,-0.0343485403654693,16,3
mp-29287,Cs3CoBr5,<PROJECT_ROOT>/external_datasets/functional_protocol_round4_widechem_boost/meta_gga_r2scan/cif/mp-29287.cif,train,-1.6262506052777768,-3.333674324883355,-1.5261732631511808,-1.5231703208317784,-1.1789688033324637,18,3
mp-1190360,CaSeO4,<PROJECT_ROOT>/external_datasets/functional_protocol_round4_widechem_boost/meta_gga_r2scan/cif/mp-1190360.cif,train,-1.8083673160937497,-5.8399613698323565,-2.10031088912444,-2.1052506968781737,-2.6714584838223527,24,3
mp-1205897,Zr6FeBi2,<PROJECT_ROOT>/external_datasets/functional_protocol_round4_widechem_boost/meta_gga_r2scan/cif/mp-1205897.cif,train,-0.3115614433333336,-7.818077087402344,-0.3692863248080353,-0.3714425332291409,-0.6185902076257423,9,3
mp-1120726,Rb3Bi2I9,<PROJECT_ROOT>/external_datasets/functional_protocol_round4_widechem_boost/meta_gga_r2scan/cif/mp-1120726.cif,train,-1.0588893968749988,-2.6722845349993025,-1.0572338688194014,-1.0556989918009707,-0.8797692060354978,28,3
mp-1094472,MgZr3,<PROJECT_ROOT>/external_datasets/functional_protocol_round4_widechem_boost/meta_gga_r2scan/cif/mp-1094472.cif,train,0.0343165824999971,-6.794673442840576,-0.0465823860407583,-0.0528019445415131,-0.7656965813460106,4,2
mp-7355,Sm2SnS5,<PROJECT_ROOT>/external_datasets/functional_protocol_round4_widechem_boost/meta_gga_r2scan/cif/mp-7355.cif,train,-1.672479984882813,-5.69284200668335,-1.6001732175067191,-1.5988595754116393,-1.4482880510581273,16,3
mp-3997,Sm(CuSi)2,<PROJECT_ROOT>/external_datasets/functional_protocol_round4_widechem_boost/meta_gga_r2scan/cif/mp-3997.cif,train,-0.6389626920000012,-5.352354049682617,-0.5718479652524637,-0.5704406159320845,-0.4091282362058829,5,3
mp-28796,Sr5(AuO4)2,<PROJECT_ROOT>/external_datasets/functional_protocol_round4_widechem_boost/meta_gga_r2scan/cif/mp-28796.cif,train,-2.198795287333333,-5.607974243164063,-2.3205876433353008,-2.319810073113852,-2.230683868972009,15,3
mp-867880,La2TlCd,<PROJECT_ROOT>/external_datasets/functional_protocol_round4_widechem_boost/meta_gga_r2scan/cif/mp-867880.cif,train,-0.4805646299999964,-3.667980432510376,-0.4640089132858165,-0.4662677812221316,-0.7251824351897576,4,3
mp-1042624,MgVBiO5,<PROJECT_ROOT>/external_datasets/functional_protocol_round4_widechem_boost/meta_gga_r2scan/cif/mp-1042624.cif,train,-2.3159541218750004,-6.61151123046875,-2.1553556679394728,-2.1551230735351696,-2.1284627722680094,64,4
mp-16751,ErCuPb,<PROJECT_ROOT>/external_datasets/functional_protocol_round4_widechem_boost/meta_gga_r2scan/cif/mp-16751.cif,train,-0.4794066594444406,-4.491969744364421,-0.3952243663626289,-0.3940886498144218,-0.2639112045742098,6,3
mp-1080127,YbCdPb,<PROJECT_ROOT>/external_datasets/functional_protocol_round4_widechem_boost/meta_gga_r2scan/cif/mp-1080127.cif,train,-0.2696607727777784,-2.420021692911784,-0.3939221816517442,-0.3898585620910992,0.0759192886096398,9,3
mp-27288,RuXeF7,<PROJECT_ROOT>/external_datasets/functional_protocol_round4_widechem_boost/meta_gga_r2scan/cif/mp-27288.cif,train,-1.4228679730555551,-3.77204344007704,-1.383360855183552,-1.384261198083931,-1.4874597812260903,36,3
mp-74,Rh,<PROJECT_ROOT>/external_datasets/functional_protocol_round4_widechem_boost/meta_gga_r2scan/cif/mp-74.cif,train,0.0,-7.3266520500183105,-0.0172877853394339,-0.0216901979931511,-0.526300994635767,1,1
mp-1219714,PrPaO4,<PROJECT_ROOT>/external_datasets/functional_protocol_round4_widechem_boost/meta_gga_r2scan/cif/mp-1219714.cif,train,-3.949257724444441,-9.303050994873049,-4.055799013177767,-4.044121987811695,-2.705684740812041,6,3
mp-1217402,TbZnSi,<PROJECT_ROOT>/external_datasets/functional_protocol_round4_widechem_boost/meta_gga_r2scan/cif/mp-1217402.cif,train,-0.7279659399999995,-4.410594940185547,-0.6485470470258843,-0.6482452465267317,-0.6136524442890384,3,3
mp-977376,TbCdAu2,<PROJECT_ROOT>/external_datasets/functional_protocol_round4_widechem_boost/meta_gga_r2scan/cif/mp-977376.cif,train,-0.7376347049999978,-3.6911354064941406,-0.7121305459048486,-0.7095156667693692,-0.4097945030655839,4,3
mp-20777,SmCoGe,<PROJECT_ROOT>/external_datasets/functional_protocol_round4_widechem_boost/meta_gga_r2scan/cif/mp-20777.cif,train,-0.5976362666666665,-6.077694574991862,-0.6307455740740391,-0.6296549448341313,-0.5046454709672105,12,3
mp-13995,Hg2GeO4,<PROJECT_ROOT>/external_datasets/functional_protocol_round4_widechem_boost/meta_gga_r2scan/cif/mp-13995.cif,train,-0.9888162435714248,-4.44116565159389,-1.211773819816603,-1.2180408322669587,-1.9363747082341964,14,3
mp-2482,CaC2,<PROJECT_ROOT>/external_datasets/functional_protocol_round4_widechem_boost/meta_gga_r2scan/cif/mp-2482.cif,train,-0.1351009733333323,-6.79307746887207,-0.0268170759450399,-0.0281354534739106,-0.1792497599798537,3,2
mp-19421,FeWO4,<PROJECT_ROOT>/external_datasets/functional_protocol_round4_widechem_boost/meta_gga_r2scan/cif/mp-19421.cif,train,-2.0309332508333333,-7.274932861328125,-1.148264384694574,-1.1565853756738944,-2.1103491904757767,12,3
mp-1209214,RbHg5Cl11,<PROJECT_ROOT>/external_datasets/functional_protocol_round4_widechem_boost/meta_gga_r2scan/cif/mp-1209214.cif,train,-0.8791688144852969,-2.098777546602137,-0.9161216919582768,-0.919228269578201,-1.2753086125473203,17,3
mp-568024,ICl,<PROJECT_ROOT>/external_datasets/functional_protocol_round4_widechem_boost/meta_gga_r2scan/cif/mp-568024.cif,train,-0.1408061468749988,-1.8117036819458008,-0.340706911874431,-0.3515122420077192,-1.5900345422630724,16,2
mp-2183,ThSe,<PROJECT_ROOT>/external_datasets/functional_protocol_round4_widechem_boost/meta_gga_r2scan/cif/mp-2183.cif,train,-1.7221457395312427,-6.994843006134033,-1.7018517271194291,-1.7001723769911117,-1.507682877993908,2,2
mp-1102145,EuMgSn,<PROJECT_ROOT>/external_datasets/functional_protocol_round4_widechem_boost/meta_gga_r2scan/cif/mp-1102145.cif,train,-0.6715417225000001,-5.871481577555339,-0.5176112856373551,-0.5180367712210865,-0.5668065336809135,12,3
mp-2245,Si3N4,<PROJECT_ROOT>/external_datasets/functional_protocol_round4_widechem_boost/meta_gga_r2scan/cif/mp-2245.cif,train,-1.317403839285715,-8.17877905709403,-1.1863016239941049,-1.183745425710498,-0.8907503446660943,28,2
mp-7650,RbScO2,<PROJECT_ROOT>/external_datasets/functional_protocol_round4_widechem_boost/meta_gga_r2scan/cif/mp-7650.cif,train,-2.9378651546875005,-6.956547260284424,-3.010806434688917,-3.0042398425774453,-2.251567719983367,8,3
mp-35249,Sm2Hf2O7,<PROJECT_ROOT>/external_datasets/functional_protocol_round4_widechem_boost/meta_gga_r2scan/cif/mp-35249.cif,train,-3.900995016022728,-9.373690518465908,-3.97725524843696,-3.965640121525945,-2.634297763436213,22,3
mp-1094352,Sr2Mg,<PROJECT_ROOT>/external_datasets/functional_protocol_round4_widechem_boost/meta_gga_r2scan/cif/mp-1094352.cif,train,0.0295072066666672,-1.6597436269124348,-0.0156665223403875,-0.0214806405104948,-0.6879031302609631,6,2
mp-983123,HfMgAu2,<PROJECT_ROOT>/external_datasets/functional_protocol_round4_widechem_boost/meta_gga_r2scan/cif/mp-983123.cif,train,-0.6103798637499978,-5.094099521636963,-0.582504605283189,-0.5812970295770841,-0.4428829855072759,4,3
mp-1212902,Dy4MgNi,<PROJECT_ROOT>/external_datasets/functional_protocol_round4_widechem_boost/meta_gga_r2scan/cif/mp-1212902.cif,train,-0.2053963645833363,-4.506567319234212,-0.3495846443118529,-0.3550510461229388,-0.9816177925032068,24,3
mp-1077994,SiSnPd5,<PROJECT_ROOT>/external_datasets/functional_protocol_round4_widechem_boost/meta_gga_r2scan/cif/mp-1077994.cif,train,-0.6069857621428574,-5.656219482421875,-0.5849721027772814,-0.5844116706941094,-0.5201741486356908,7,3
mp-985439,BaPAu,<PROJECT_ROOT>/external_datasets/functional_protocol_round4_widechem_boost/meta_gga_r2scan/cif/mp-985439.cif,train,-0.9862206626587284,-4.411038716634114,-0.934916924860838,-0.9339219159433724,-0.8198725793620438,6,3
mp-28189,FeSeCl7,<PROJECT_ROOT>/external_datasets/functional_protocol_round4_widechem_boost/meta_gga_r2scan/cif/mp-28189.cif,train,-0.6434558490625003,-3.283039304945204,-0.7366409119046176,-0.7449076832531478,-1.6924567668971102,18,3
mp-7066,ScNiGe,<PROJECT_ROOT>/external_datasets/functional_protocol_round4_widechem_boost/meta_gga_r2scan/cif/mp-7066.cif,train,-0.8444948208333329,-6.394211451212565,-0.8732282708628478,-0.8713848994638251,-0.660095049252959,12,3
mp-540822,Cs3Zr2I9,<PROJECT_ROOT>/external_datasets/functional_protocol_round4_widechem_boost/meta_gga_r2scan/cif/mp-540822.cif,train,-1.4329357491071408,-3.612366267613002,-1.3731363917221788,-1.3702048967346672,-1.03419277398302,28,3
mp-30473,Ca3Ga5,<PROJECT_ROOT>/external_datasets/functional_protocol_round4_widechem_boost/meta_gga_r2scan/cif/mp-30473.cif,train,-0.5845816343750005,-3.1558005809783936,-0.565597078946082,-0.5655310653614132,-0.5579644944445172,16,2
mp-867770,BaHg3,<PROJECT_ROOT>/external_datasets/functional_protocol_round4_widechem_boost/meta_gga_r2scan/cif/mp-867770.cif,train,-0.4627769431250002,-1.1299149990081787,-0.4286491624986164,-0.4263199096593171,-0.1593376380569432,8,2
mp-1070369,NdSi3Ir,<PROJECT_ROOT>/external_datasets/functional_protocol_round4_widechem_boost/meta_gga_r2scan/cif/mp-1070369.cif,train,-0.8632822704999995,-6.786660766601562,-0.7778505785182199,-0.7778759798488677,-0.7807875164793349,5,3
mp-861639,Ti2CoIr,<PROJECT_ROOT>/external_datasets/functional_protocol_round4_widechem_boost/meta_gga_r2scan/cif/mp-861639.cif,train,-0.744252443333334,-8.585036277770996,-0.64382931929969,-0.6443362091292819,-0.7024366419682013,4,3
mp-1212757,EuCoO3,<PROJECT_ROOT>/external_datasets/functional_protocol_round4_widechem_boost/meta_gga_r2scan/cif/mp-1212757.cif,train,-2.2160596802500008,-7.873291778564453,-1.7858284988193225,-1.7904545435533912,-2.3206983671521617,20,3
mp-1541,BeSe,<PROJECT_ROOT>/external_datasets/functional_protocol_round4_widechem_boost/meta_gga_r2scan/cif/mp-1541.cif,train,-0.94445435578125,-4.410921096801758,-0.9037779448026892,-0.9044028391620847,-0.976029118957906,2,2
mp-12904,HoAgTe2,<PROJECT_ROOT>/external_datasets/functional_protocol_round4_widechem_boost/meta_gga_r2scan/cif/mp-12904.cif,train,-1.0770725912500012,-4.329969882965088,-0.978602433736008,-0.9755172656782848,-0.6218909171637828,8,3
mp-22730,Na2MoO4,<PROJECT_ROOT>/external_datasets/functional_protocol_round4_widechem_boost/meta_gga_r2scan/cif/mp-22730.cif,train,-2.230709502857142,-6.021059308733259,-1.683160872112417,-1.6858486422128456,-1.9939246719386536,14,3
mp-20450,YCrB4,<PROJECT_ROOT>/external_datasets/functional_protocol_round4_widechem_boost/meta_gga_r2scan/cif/mp-20450.cif,train,-0.6550159745833355,-7.789577484130859,-0.7443146606933428,-0.742970801429224,-0.5889357422045688,24,3
mp-569175,ZrCl4,<PROJECT_ROOT>/external_datasets/functional_protocol_round4_widechem_boost/meta_gga_r2scan/cif/mp-569175.cif,train,-2.006411403,-4.953839111328125,-1.9851377046614864,-1.9837722563950564,-1.827262635036482,10,2
mp-1187461,Ti2VOs,<PROJECT_ROOT>/external_datasets/functional_protocol_round4_widechem_boost/meta_gga_r2scan/cif/mp-1187461.cif,train,-0.4970073458333353,-9.384336471557615,-0.5315128030509886,-0.5330110040557425,-0.7047369329960453,8,3
mp-865802,LuRh3,<PROJECT_ROOT>/external_datasets/functional_protocol_round4_widechem_boost/meta_gga_r2scan/cif/mp-865802.cif,train,-0.6454291841666624,-7.233420372009277,-0.6584261210457534,-0.6592822805193856,-0.7574164964650245,4,2
mp-510437,In3Pd2,<PROJECT_ROOT>/external_datasets/functional_protocol_round4_widechem_boost/meta_gga_r2scan/cif/mp-510437.cif,train,-0.5448833180000008,-4.1788372039794925,-0.5168782426060101,-0.515422356886611,-0.34854666610695,5,2
mp-1181961,Cr5S8,<PROJECT_ROOT>/external_datasets/functional_protocol_round4_widechem_boost/meta_gga_r2scan/cif/mp-1181961.cif,train,-0.951123888653847,-6.908810542179988,-1.0044543181737593,-1.004305731210481,-0.9872744822544454,26,2
mp-1216633,URu2Rh,<PROJECT_ROOT>/external_datasets/functional_protocol_round4_widechem_boost/meta_gga_r2scan/cif/mp-1216633.cif,train,-0.4926142037499943,-9.741903305053713,-0.54429629488512,-0.5454655061034588,-0.6794821580481816,4,3
mp-28627,K4Br2O,<PROJECT_ROOT>/external_datasets/functional_protocol_round4_widechem_boost/meta_gga_r2scan/cif/mp-28627.cif,train,-1.6484984412500003,-3.2636312757219588,-1.6509089355782094,-1.648325295264338,-1.35218476969987,7,3
mp-1079103,LaCuSb2,<PROJECT_ROOT>/external_datasets/functional_protocol_round4_widechem_boost/meta_gga_r2scan/cif/mp-1079103.cif,train,-0.8306767975000007,-5.052478790283203,-0.7905113475335082,-0.7877913081671659,-0.4760165293090679,8,3
mp-984744,Ca3Tl,<PROJECT_ROOT>/external_datasets/functional_protocol_round4_widechem_boost/meta_gga_r2scan/cif/mp-984744.cif,train,-0.2705182374999992,-2.312744140625,-0.3160045615237008,-0.3185330061398472,-0.6083469223668045,8,2
mp-1223824,Hf2Fe3Si,<PROJECT_ROOT>/external_datasets/functional_protocol_round4_widechem_boost/meta_gga_r2scan/cif/mp-1223824.cif,train,-0.4876083833333335,-9.027165730794271,-0.5609420324873913,-0.559615631328036,-0.4075816448900595,12,3
mp-984785,AcMg3,<PROJECT_ROOT>/external_datasets/functional_protocol_round4_widechem_boost/meta_gga_r2scan/cif/mp-984785.cif,train,-0.062820003125001,-2.2786543369293213,-0.041866285179553,-0.041684294510544,-0.020824265320116,4,2
mp-188,AlPt3,<PROJECT_ROOT>/external_datasets/functional_protocol_round4_widechem_boost/meta_gga_r2scan/cif/mp-188.cif,train,-0.739235739999998,-6.160820960998535,-0.7691782031737269,-0.7695859179032416,-0.8163187597897381,4,2
mp-3344,CeAlRh,<PROJECT_ROOT>/external_datasets/functional_protocol_round4_widechem_boost/meta_gga_r2scan/cif/mp-3344.cif,train,-0.8916973124999998,-6.524898529052734,-0.9552035279811903,-0.955688821657196,-1.011313872673477,24,3
mp-964,Cr3S4,<PROJECT_ROOT>/external_datasets/functional_protocol_round4_widechem_boost/meta_gga_r2scan/cif/mp-964.cif,train,-0.9933896458928574,-7.143410818917411,-1.009572498472762,-1.0086180137737282,-0.8992136207170516,14,2
mp-1080495,ZrGaPt,<PROJECT_ROOT>/external_datasets/functional_protocol_round4_widechem_boost/meta_gga_r2scan/cif/mp-1080495.cif,train,-1.0829755205555531,-6.844716389973958,-1.0382537093590694,-1.0359857879683414,-0.776033414186601,9,3
mp-7186,NdAl3Ni2,<PROJECT_ROOT>/external_datasets/functional_protocol_round4_widechem_boost/meta_gga_r2scan/cif/mp-7186.cif,train,-0.6288280029166676,-5.195964177449544,-0.6674867716658781,-0.665719916915708,-0.4632005137693719,6,3
mp-1097015,KSnI3,<PROJECT_ROOT>/external_datasets/functional_protocol_round4_widechem_boost/meta_gga_r2scan/cif/mp-1097015.cif,train,-1.0010889242499983,-2.8381420135498048,-1.0073373176292462,-1.0061351594843917,-0.8683420839867205,20,3
mp-29950,Nb3Cl8,<PROJECT_ROOT>/external_datasets/functional_protocol_round4_widechem_boost/meta_gga_r2scan/cif/mp-29950.cif,train,-1.4542076809090905,-5.360973358154297,-1.4153390718760877,-1.4171883751920014,-1.6291581501500594,22,2
mp-8932,Cs2SiP2,<PROJECT_ROOT>/external_datasets/functional_protocol_round4_widechem_boost/meta_gga_r2scan/cif/mp-8932.cif,train,-0.5966127281904761,-4.070287322998047,-0.5062537497073043,-0.5079405166402724,-0.701280140330316,10,3
mp-1186117,NiPt3,<PROJECT_ROOT>/external_datasets/functional_protocol_round4_widechem_boost/meta_gga_r2scan/cif/mp-1186117.cif,train,-0.0904060874999999,-6.042923927307129,-0.1636204221382247,-0.1684001052486632,-0.7162541779525552,4,2
mp-982596,TbSc,<PROJECT_ROOT>/external_datasets/functional_protocol_round4_widechem_boost/meta_gga_r2scan/cif/mp-982596.cif,train,0.069014227500002,-5.429670333862305,-0.0389673549828897,-0.0493293959274314,-1.2370412592057585,2,2
mp-984551,AcTlHg2,<PROJECT_ROOT>/external_datasets/functional_protocol_round4_widechem_boost/meta_gga_r2scan/cif/mp-984551.cif,train,-0.4534742781250003,-2.161557197570801,-0.3980656169118375,-0.3940224241776828,0.0694140746339667,4,3
mp-865255,LuNbRu2,<PROJECT_ROOT>/external_datasets/functional_protocol_round4_widechem_boost/meta_gga_r2scan/cif/mp-865255.cif,train,-0.4986545991666666,-8.723736763000488,-0.4421748748465273,-0.4429187643949026,-0.5281844419105841,4,3
mp-1066975,TmSi,<PROJECT_ROOT>/external_datasets/functional_protocol_round4_widechem_boost/meta_gga_r2scan/cif/mp-1066975.cif,train,-0.8853028925000039,-5.764273166656494,-0.829441746893747,-0.8309537924906998,-1.0042666082713976,4,2
mp-4449,Tl2SeO4,<PROJECT_ROOT>/external_datasets/functional_protocol_round4_widechem_boost/meta_gga_r2scan/cif/mp-4449.cif,train,-0.9123421648660732,-4.824835096086774,-1.2103637298985357,-1.2173931102701756,-2.023110681122718,28,3
mp-1212952,Dy3CrS6,<PROJECT_ROOT>/external_datasets/functional_protocol_round4_widechem_boost/meta_gga_r2scan/cif/mp-1212952.cif,train,-2.0475339881874985,-6.553089904785156,-1.9813879934958576,-1.9770523071751864,-1.480089777680064,40,3
mp-1187945,Yb3Cd,<PROJECT_ROOT>/external_datasets/functional_protocol_round4_widechem_boost/meta_gga_r2scan/cif/mp-1187945.cif,train,-0.029785966250003,-1.4115389585494995,-0.1067571421129098,-0.1063984122732835,-0.0652802881020336,4,2
mp-505334,Dy2Mn3Si5,<PROJECT_ROOT>/external_datasets/functional_protocol_round4_widechem_boost/meta_gga_r2scan/cif/mp-505334.cif,train,-0.6244712793448286,-7.004621887207032,-0.8515606286384321,-0.8508189808390707,-0.7658102557837586,40,3
mp-1192694,RbU3TiTe9,<PROJECT_ROOT>/external_datasets/functional_protocol_round4_widechem_boost/meta_gga_r2scan/cif/mp-1192694.cif,train,-1.033909284851197,-5.798982892717634,-0.8950644406318569,-0.8974289449086177,-1.1684517863853632,28,4
mp-1226384,Gd(CuS)3,<PROJECT_ROOT>/external_datasets/functional_protocol_round4_widechem_boost/meta_gga_r2scan/cif/mp-1226384.cif,train,-0.9921145540625004,-6.399115971156529,-0.9383747256234728,-0.936888068110208,-0.7664852705735367,14,3
mp-1682,ZrAs,<PROJECT_ROOT>/external_datasets/functional_protocol_round4_widechem_boost/meta_gga_r2scan/cif/mp-1682.cif,train,-1.3366156124999975,-7.745765686035156,-1.249334295621754,-1.2463955589007014,-0.9095533783549592,8,2
mp-8127,K2Mg(CO3)2,<PROJECT_ROOT>/external_datasets/functional_protocol_round4_widechem_boost/meta_gga_r2scan/cif/mp-8127.cif,train,-2.050995002272727,-6.608743840997869,-2.23223298832115,-2.2294116056314977,-1.9060207109913352,11,4
mp-1179959,Pb2O3,<PROJECT_ROOT>/external_datasets/functional_protocol_round4_widechem_boost/meta_gga_r2scan/cif/mp-1179959.cif,train,-1.0881636262500023,-5.407403182983399,-1.3195509787401862,-1.3248309766491353,-1.9300318427834111,10,2
mp-31293,Eu2Sn5Au2,<PROJECT_ROOT>/external_datasets/functional_protocol_round4_widechem_boost/meta_gga_r2scan/cif/mp-31293.cif,train,-0.541210046666663,-5.755863189697266,-0.4778740802793164,-0.4786692921524951,-0.5698176074945548,18,3
mp-9934,BaMgSi,<PROJECT_ROOT>/external_datasets/functional_protocol_round4_widechem_boost/meta_gga_r2scan/cif/mp-9934.cif,train,-0.4292728749999999,-3.3643182118733725,-0.3766759111758939,-0.3792493716587417,-0.6742230705214569,6,3
mp-22326,Mg4As6Rh7,<PROJECT_ROOT>/external_datasets/functional_protocol_round4_widechem_boost/meta_gga_r2scan/cif/mp-22326.cif,train,-0.6999003032352943,-5.685004739200368,-0.6865599603453179,-0.6843261398968625,-0.4282824645944028,17,3
mp-850194,TiNiO3,<PROJECT_ROOT>/external_datasets/functional_protocol_round4_widechem_boost/meta_gga_r2scan/cif/mp-850194.cif,train,-2.4737799935833324,-7.3289131164550785,-2.01980719816732,-2.022505693600172,-2.331811076174352,10,3
mp-18420,Er3CrS6,<PROJECT_ROOT>/external_datasets/functional_protocol_round4_widechem_boost/meta_gga_r2scan/cif/mp-18420.cif,train,-2.0260638484374995,-6.530498504638672,-1.9575925410577444,-1.953476568315457,-1.481697921509736,40,3
mp-558133,Rb2MnF6,<PROJECT_ROOT>/external_datasets/functional_protocol_round4_widechem_boost/meta_gga_r2scan/cif/mp-558133.cif,train,-2.9819268285536404,-4.884161631266276,-2.808292401907205,-2.8079067350526765,-2.763701051939293,18,3
mp-1095130,DySiAg,<PROJECT_ROOT>/external_datasets/functional_protocol_round4_widechem_boost/meta_gga_r2scan/cif/mp-1095130.cif,train,-0.6460753572222208,-4.881591373019749,-0.6147860775756833,-0.6151079133457396,-0.6519971868172831,9,3
mp-571146,SnICl,<PROJECT_ROOT>/external_datasets/functional_protocol_round4_widechem_boost/meta_gga_r2scan/cif/mp-571146.cif,train,-0.8015298525000011,-3.201263109842936,-0.8661497680231753,-0.8684824687914565,-1.1358599469161226,12,3
mp-864733,MoI3,<PROJECT_ROOT>/external_datasets/functional_protocol_round4_widechem_boost/meta_gga_r2scan/cif/mp-864733.cif,train,-0.118848961874999,-3.825611114501953,-0.1727058263165042,-0.1769192566133464,-0.6598686268630789,8,2
mp-656887,Ni3O4,<PROJECT_ROOT>/external_datasets/functional_protocol_round4_widechem_boost/meta_gga_r2scan/cif/mp-656887.cif,train,-1.082332632142858,-4.844113486153739,0.0597674622101269,0.0421441058257734,-1.9778700555298427,14,2
mp-1187086,Sr2HgGe,<PROJECT_ROOT>/external_datasets/functional_protocol_round4_widechem_boost/meta_gga_r2scan/cif/mp-1187086.cif,train,-0.6249877543750024,-2.638582229614258,-0.5723590574595896,-0.5727950177201349,-0.622765402527141,4,3
mp-1095499,CsAuCl4,<PROJECT_ROOT>/external_datasets/functional_protocol_round4_widechem_boost/meta_gga_r2scan/cif/mp-1095499.cif,train,-1.0770385750000009,-2.864304860432943,-1.1292809459877615,-1.1324454707301692,-1.495167795253197,12,3
mp-600051,SiO2,<PROJECT_ROOT>/external_datasets/functional_protocol_round4_widechem_boost/meta_gga_r2scan/cif/mp-600051.cif,train,-3.01622293875,-7.895938449435764,-3.177254101041841,-3.171731746171232,-2.5387515805684187,72,2
mp-27321,Na3(CuS)4,<PROJECT_ROOT>/external_datasets/functional_protocol_round4_widechem_boost/meta_gga_r2scan/cif/mp-27321.cif,train,-0.7516821051136356,-3.972444360906428,-0.7087098547095909,-0.7081697745834479,-0.6462650227708642,22,3
mp-23199,BaCl2,<PROJECT_ROOT>/external_datasets/functional_protocol_round4_widechem_boost/meta_gga_r2scan/cif/mp-23199.cif,train,-2.8096570275,-4.404752095540364,-2.7325347243373246,-2.724523717887668,-1.8062907705373228,12,2
mp-1209109,RhF6,<PROJECT_ROOT>/external_datasets/functional_protocol_round4_widechem_boost/meta_gga_r2scan/cif/mp-1209109.cif,train,-1.3787460021428577,-3.861719676426479,-1.601340348160833,-1.6166644423158836,-3.3731338984189345,28,2
mp-10711,VSi2,<PROJECT_ROOT>/external_datasets/functional_protocol_round4_widechem_boost/meta_gga_r2scan/cif/mp-10711.cif,train,-0.4545473,-7.127572801378038,-0.6429994549975238,-0.6438222863988914,-0.7381363913261206,9,2
mp-1851,SnPd2,<PROJECT_ROOT>/external_datasets/functional_protocol_round4_widechem_boost/meta_gga_r2scan/cif/mp-1851.cif,train,-0.5198586991666664,-5.329683939615886,-0.5176171542772314,-0.5167790858902537,-0.4207184960138658,12,2
mp-557211,SiO2,<PROJECT_ROOT>/external_datasets/functional_protocol_round4_widechem_boost/meta_gga_r2scan/cif/mp-557211.cif,train,-3.0189881704166672,-7.8980712890625,-3.179386940668577,-3.173846139046508,-2.5387515805684187,72,2
mp-28481,Ti(ClO4)4,<PROJECT_ROOT>/external_datasets/functional_protocol_round4_widechem_boost/meta_gga_r2scan/cif/mp-28481.cif,train,-0.2753985981746027,-4.721431913829985,-0.7448907336066597,-0.7647033810451953,-3.0356571952300127,42,3
mp-20170,CeCrSe3,<PROJECT_ROOT>/external_datasets/functional_protocol_round4_widechem_boost/meta_gga_r2scan/cif/mp-20170.cif,train,-1.523681554437499,-6.386093521118164,-1.4717506122896469,-1.4698124533328558,-1.2476579185046155,20,3
mp-8098,InGaO3,<PROJECT_ROOT>/external_datasets/functional_protocol_round4_widechem_boost/meta_gga_r2scan/cif/mp-8098.cif,train,-1.97654510925,-5.834417343139648,-2.10533383245991,-2.105694772998864,-2.147066290670931,10,3
mp-1207775,Y2(Ga3Rh)3,<PROJECT_ROOT>/external_datasets/functional_protocol_round4_widechem_boost/meta_gga_r2scan/cif/mp-1207775.cif,train,-0.7697459692857141,-5.154556819370815,-0.7354257903837986,-0.733307332743875,-0.4904867065503318,28,3
mp-20819,ErGePd2,<PROJECT_ROOT>/external_datasets/functional_protocol_round4_widechem_boost/meta_gga_r2scan/cif/mp-20819.cif,train,-0.9493463077083356,-5.795017719268799,-0.9380755000633868,-0.9364938756735572,-0.7552058397450144,16,3
mp-1209518,Rb2SmBr5,<PROJECT_ROOT>/external_datasets/functional_protocol_round4_widechem_boost/meta_gga_r2scan/cif/mp-1209518.cif,train,-2.134451837187502,-3.727673292160034,-2.0797101650005,-2.0746601529635456,-1.4958205944149645,32,3
mp-1190025,Ba2US6,<PROJECT_ROOT>/external_datasets/functional_protocol_round4_widechem_boost/meta_gga_r2scan/cif/mp-1190025.cif,train,-1.7158293863194432,-5.87528822157118,-1.6584507903973176,-1.6589759974035223,-1.7191759710656085,18,3
mp-865734,Li5(Cu2P3)2,<PROJECT_ROOT>/external_datasets/functional_protocol_round4_widechem_boost/meta_gga_r2scan/cif/mp-865734.cif,train,-0.5213463907460313,-4.339078267415364,-0.4810685011101312,-0.4802179189099282,-0.3827229779707902,15,3
mp-2751309,TmMn12,<PROJECT_ROOT>/external_datasets/functional_protocol_round4_widechem_boost/meta_gga_r2scan/cif/mp-2751309.cif,train,-0.0926497956763927,-8.538097675030048,-0.4483831039578572,-0.4466825377951515,-0.2517612267757025,13,2
mp-764501,Na8FeO6,<PROJECT_ROOT>/external_datasets/functional_protocol_round4_widechem_boost/meta_gga_r2scan/cif/mp-764501.cif,train,-1.5128174515000004,-4.345270284016928,-1.3886998635558414,-1.391102389260347,-1.6664833008347055,30,3
mp-1095072,Sm(PIr)2,<PROJECT_ROOT>/external_datasets/functional_protocol_round4_widechem_boost/meta_gga_r2scan/cif/mp-1095072.cif,train,-1.119617099190475,-7.647554779052735,-1.025890791102956,-1.0228052289172904,-0.669133704898369,10,3
mp-1184907,K3Cd,<PROJECT_ROOT>/external_datasets/functional_protocol_round4_widechem_boost/meta_gga_r2scan/cif/mp-1184907.cif,train,0.0669550671875001,-1.0255790948867798,-0.0030807345959011,-0.0068607626324501,-0.4401329497026776,4,2
mp-18014,Th7Fe3,<PROJECT_ROOT>/external_datasets/functional_protocol_round4_widechem_boost/meta_gga_r2scan/cif/mp-18014.cif,train,0.0741931075000024,-7.851081848144531,-0.1810328039553681,-0.1878229592126956,-0.9661202073914242,20,2
mp-23005,Bi4Te7Pb,<PROJECT_ROOT>/external_datasets/functional_protocol_round4_widechem_boost/meta_gga_r2scan/cif/mp-23005.cif,train,-0.3112987533333324,-3.7013327280680337,-0.3250277509788128,-0.3254867964338563,-0.3781032390492268,12,3
mp-1185937,MgPb,<PROJECT_ROOT>/external_datasets/functional_protocol_round4_widechem_boost/meta_gga_r2scan/cif/mp-1185937.cif,train,-0.0490673374999985,-2.6929025650024414,-0.0082580027471577,-0.0061734671439728,0.2327589669752616,4,2
mp-558279,Tl2Te3O7,<PROJECT_ROOT>/external_datasets/functional_protocol_round4_widechem_boost/meta_gga_r2scan/cif/mp-558279.cif,train,-1.0775388580208347,-5.042634963989258,-1.37197127424324,-1.3784421015582842,-2.1201375270493794,24,3
mp-7260,P4S5,<PROJECT_ROOT>/external_datasets/functional_protocol_round4_widechem_boost/meta_gga_r2scan/cif/mp-7260.cif,train,-0.1730693312185849,-4.8380788167317705,-0.2848106255162062,-0.2936439995875028,-1.3061378927710292,18,2
mp-1106365,Th5Pb4,<PROJECT_ROOT>/external_datasets/functional_protocol_round4_widechem_boost/meta_gga_r2scan/cif/mp-1106365.cif,train,-0.5008256922222168,-6.132250467936198,-0.4041176491252987,-0.4069336059405408,-0.7297025791435519,18,2
mp-21505,YAgPb,<PROJECT_ROOT>/external_datasets/functional_protocol_round4_widechem_boost/meta_gga_r2scan/cif/mp-21505.cif,train,-0.5010530149999997,-4.7412842644585504,-0.4088445976228003,-0.4069983702789086,-0.1953811676067249,9,3
mp-1185898,MgIn2,<PROJECT_ROOT>/external_datasets/functional_protocol_round4_widechem_boost/meta_gga_r2scan/cif/mp-1185898.cif,train,-0.0553766733333323,-2.380451520284017,-0.0702666924010517,-0.0704469651167309,-0.0911100800569197,6,2
mp-1212556,K2CoBr4,<PROJECT_ROOT>/external_datasets/functional_protocol_round4_widechem_boost/meta_gga_r2scan/cif/mp-1212556.cif,train,-1.4264512632142856,-3.4101739610944475,-1.314443306735376,-1.313236598876653,-1.1749220287072233,28,3
mp-20721,NpTeAs,<PROJECT_ROOT>/external_datasets/functional_protocol_round4_widechem_boost/meta_gga_r2scan/cif/mp-20721.cif,train,-1.0771120487500052,-7.549150466918945,-1.0458468341950375,-1.0495676433816543,-1.476052081691713,6,3
mp-30438,Be2Cr,<PROJECT_ROOT>/external_datasets/functional_protocol_round4_widechem_boost/meta_gga_r2scan/cif/mp-30438.cif,train,-0.2632140066666674,-5.89805793762207,-0.3557427854520707,-0.3546310274739888,-0.2271997476004543,12,2
mp-17449,Tc3P,<PROJECT_ROOT>/external_datasets/functional_protocol_round4_widechem_boost/meta_gga_r2scan/cif/mp-17449.cif,train,-0.3739010807440444,-9.464152336120604,-0.2878803971776253,-0.2847816325219119,0.0704031773819486,16,2
mp-1192934,Tb6Cu23,<PROJECT_ROOT>/external_datasets/functional_protocol_round4_widechem_boost/meta_gga_r2scan/cif/mp-1192934.cif,train,-0.1917588031034491,-4.392169294686153,-0.1630980513536419,-0.1605265419102783,0.1342235260318176,29,2
mp-640370,CeZn11,<PROJECT_ROOT>/external_datasets/functional_protocol_round4_widechem_boost/meta_gga_r2scan/cif/mp-640370.cif,train,-0.229258548750001,-1.8417685826619463,-0.2257556542869871,-0.2248630668983855,-0.1225534315550475,24,2
mp-10688,CeO,<PROJECT_ROOT>/external_datasets/functional_protocol_round4_widechem_boost/meta_gga_r2scan/cif/mp-10688.cif,train,-3.0895853143749967,-8.323803901672363,-3.322348323462223,-3.3170220621358544,-2.7065184173316963,2,2
mp-973133,ScCuPd2,<PROJECT_ROOT>/external_datasets/functional_protocol_round4_widechem_boost/meta_gga_r2scan/cif/mp-973133.cif,train,-0.6303248562499988,-5.838301658630371,-0.6464911348889926,-0.6452205762803942,-0.4995873423914124,4,3
mp-31627,Ba2NbCrO6,<PROJECT_ROOT>/external_datasets/functional_protocol_round4_widechem_boost/meta_gga_r2scan/cif/mp-31627.cif,train,-2.9604752285000018,-7.755104064941406,-2.862901825971853,-2.858481336960682,-2.3517986025292386,40,4
mp-755956,LiNi3O4,<PROJECT_ROOT>/external_datasets/functional_protocol_round4_widechem_boost/meta_gga_r2scan/cif/mp-755956.cif,train,-1.3827076470833326,-4.914148330688477,-0.3975539863906761,-0.4097493238780796,-1.807596243034118,16,3
mp-1104399,Dy3Pd4,<PROJECT_ROOT>/external_datasets/functional_protocol_round4_widechem_boost/meta_gga_r2scan/cif/mp-1104399.cif,train,-0.9725688092857102,-5.872250148228237,-1.0197795769243267,-1.0190758833707907,-0.9384175279240874,14,2
mp-1222409,LiGaBH3O5,<PROJECT_ROOT>/external_datasets/functional_protocol_round4_widechem_boost/meta_gga_r2scan/cif/mp-1222409.cif,train,-1.8483356826515145,-5.965927817604759,-2.013809179043716,-2.0111232930468512,-1.7032632219515416,22,5
mp-11160,SmSbIr,<PROJECT_ROOT>/external_datasets/functional_protocol_round4_widechem_boost/meta_gga_r2scan/cif/mp-11160.cif,train,-1.01647506416667,-6.77806282043457,-0.9298885241868184,-0.9273028883762028,-0.6309336361388924,12,3
mp-31107,As2Pb8O13,<PROJECT_ROOT>/external_datasets/functional_protocol_round4_widechem_boost/meta_gga_r2scan/cif/mp-31107.cif,train,-1.3895622571195645,-5.726301110309104,-1.5886010325965794,-1.591203702975756,-1.8895254816776264,46,3
mp-1017507,TmAu,<PROJECT_ROOT>/external_datasets/functional_protocol_round4_widechem_boost/meta_gga_r2scan/cif/mp-1017507.cif,train,-1.0060674524999982,-4.775248050689697,-0.975251421222692,-0.9733257339154456,-0.7526007172867745,4,2
mp-652046,Re3S4Br,<PROJECT_ROOT>/external_datasets/functional_protocol_round4_widechem_boost/meta_gga_r2scan/cif/mp-652046.cif,train,-0.6472539910937485,-7.506140232086182,-0.6939207942326489,-0.6964752665517127,-0.9892725150879697,32,3
mp-1215498,YbGeAu,<PROJECT_ROOT>/external_datasets/functional_protocol_round4_widechem_boost/meta_gga_r2scan/cif/mp-1215498.cif,train,-0.8234622083333344,-3.902478535970052,-0.7982399828924462,-0.793976153873782,-0.3052500104860319,3,3
mp-1206263,TmMgAg,<PROJECT_ROOT>/external_datasets/functional_protocol_round4_widechem_boost/meta_gga_r2scan/cif/mp-1206263.cif,train,-0.2704824988888895,-3.2306109534369574,-0.2653966727955246,-0.2648648661520516,-0.2039084326845041,9,3
mp-1219724,PrCdIn,<PROJECT_ROOT>/external_datasets/functional_protocol_round4_widechem_boost/meta_gga_r2scan/cif/mp-1219724.cif,train,-0.5586394538888868,-3.244170824686686,-0.4953280438468672,-0.4946082552643709,-0.4121050647207741,6,3
mp-28878,RbTe6,<PROJECT_ROOT>/external_datasets/functional_protocol_round4_widechem_boost/meta_gga_r2scan/cif/mp-28878.cif,train,-0.311123444464284,-3.079981940133231,-0.3744925628627555,-0.3786371982164036,-0.8537011942813205,14,2
mp-1186244,PmNd3,<PROJECT_ROOT>/external_datasets/functional_protocol_round4_widechem_boost/meta_gga_r2scan/cif/mp-1186244.cif,train,0.0193214150000002,-4.752124786376953,-0.0868916129320842,-0.0942959280253319,-0.942989049658987,4,2
mp-752579,Tm2TiO5,<PROJECT_ROOT>/external_datasets/functional_protocol_round4_widechem_boost/meta_gga_r2scan/cif/mp-752579.cif,train,-3.8060550216145854,-8.681039810180664,-3.8988769373092698,-3.887558908207395,-2.590270323342437,32,3
mp-540660,Nb4As3,<PROJECT_ROOT>/external_datasets/functional_protocol_round4_widechem_boost/meta_gga_r2scan/cif/mp-540660.cif,train,-0.6822022224999996,-8.35658700125558,-0.5782735350642305,-0.5789874817158083,-0.6608210618345123,28,2
mp-23413,NbBiO4,<PROJECT_ROOT>/external_datasets/functional_protocol_round4_widechem_boost/meta_gga_r2scan/cif/mp-23413.cif,train,-2.229478707916668,-7.678841272989909,-2.438501096926651,-2.437417264597891,-2.313186862347393,24,3
mp-620372,Rb2Se5,<PROJECT_ROOT>/external_datasets/functional_protocol_round4_widechem_boost/meta_gga_r2scan/cif/mp-620372.cif,train,-0.7014346536160717,-3.3503526960100447,-0.769442111942626,-0.773976169496362,-1.2936762917202105,28,2
mp-1220273,Nd6Ge3Se14,<PROJECT_ROOT>/external_datasets/functional_protocol_round4_widechem_boost/meta_gga_r2scan/cif/mp-1220273.cif,train,-1.5517440057336942,-5.301207832668139,-1.497582078609662,-1.4955664454407351,-1.2645317062842023,23,3
mp-977409,NbTc2Ge,<PROJECT_ROOT>/external_datasets/functional_protocol_round4_widechem_boost/meta_gga_r2scan/cif/mp-977409.cif,train,-0.2965919375000005,-9.117977142333984,-0.1838447418663307,-0.1831332334745168,-0.101579130158197,4,3
mp-1201674,SmCo5P3,<PROJECT_ROOT>/external_datasets/functional_protocol_round4_widechem_boost/meta_gga_r2scan/cif/mp-1201674.cif,train,-0.7419781509920634,-7.077085706922743,-0.8307877621295017,-0.8257646901914928,-0.250013044079749,36,3
mp-23279,KBi2,<PROJECT_ROOT>/external_datasets/functional_protocol_round4_widechem_boost/meta_gga_r2scan/cif/mp-23279.cif,train,-0.3914436395833386,-3.235110600789388,-0.2615879919554249,-0.2593182930873094,0.0008378176798069,6,2
mp-1206054,Er6FeSb2,<PROJECT_ROOT>/external_datasets/functional_protocol_round4_widechem_boost/meta_gga_r2scan/cif/mp-1206054.cif,train,-0.6135283200000003,-5.45224126180013,-0.666677183587514,-0.6698745295755293,-1.036358871925647,9,3
mp-7614,Si(Ag4S3)2,<PROJECT_ROOT>/external_datasets/functional_protocol_round4_widechem_boost/meta_gga_r2scan/cif/mp-7614.cif,train,-0.2859062704583323,-3.718885803222656,-0.2521299665822716,-0.2547962129765313,-0.5604051649036066,60,3
mp-1018133,LiHPd,<PROJECT_ROOT>/external_datasets/functional_protocol_round4_widechem_boost/meta_gga_r2scan/cif/mp-1018133.cif,train,-0.4082192884722223,-3.8947525024414062,-0.4173190353858738,-0.4171615010723766,-0.3991046941166483,3,3
mp-979942,Yb3V,<PROJECT_ROOT>/external_datasets/functional_protocol_round4_widechem_boost/meta_gga_r2scan/cif/mp-979942.cif,train,0.1226465162500005,-2.9297404289245605,0.2586358319897601,0.2544672825299576,-0.2233377823772608,4,2
mp-1217629,Tb3Mg,<PROJECT_ROOT>/external_datasets/functional_protocol_round4_widechem_boost/meta_gga_r2scan/cif/mp-1217629.cif,train,-0.0263015887500017,-3.898215532302856,-0.0863881440198306,-0.092110928129899,-0.7480645780826576,4,2
mp-1208554,TaSiPt,<PROJECT_ROOT>/external_datasets/functional_protocol_round4_widechem_boost/meta_gga_r2scan/cif/mp-1208554.cif,train,-0.7530151132777784,-8.486156463623047,-0.7048004426620942,-0.7055737161540474,-0.7942074230536327,12,3
mp-1079483,LiAuF6,<PROJECT_ROOT>/external_datasets/functional_protocol_round4_widechem_boost/meta_gga_r2scan/cif/mp-1079483.cif,train,-1.5900956870833325,-3.471393585205078,-1.7773360772211326,-1.7879379100961217,-3.0031350653213438,8,3
mp-772186,Tm(ClO4)3,<PROJECT_ROOT>/external_datasets/functional_protocol_round4_widechem_boost/meta_gga_r2scan/cif/mp-772186.cif,train,-0.5368153939062505,-4.788344383239746,-0.9709955087248918,-0.9885189237211698,-2.997077661103189,32,3
mp-7446,Rb2S3,<PROJECT_ROOT>/external_datasets/functional_protocol_round4_widechem_boost/meta_gga_r2scan/cif/mp-7446.cif,train,-0.9422410801875004,-3.6517707824707033,-0.9600295994894692,-0.9636390655282644,-1.3773611939516814,10,2
mp-20877,NbCoB2,<PROJECT_ROOT>/external_datasets/functional_protocol_round4_widechem_boost/meta_gga_r2scan/cif/mp-20877.cif,train,-0.5762509662500008,-8.24781608581543,-0.5744756899866923,-0.5730385383624288,-0.4083101761982123,16,3
mp-1028384,Mg14TiNi,<PROJECT_ROOT>/external_datasets/functional_protocol_round4_widechem_boost/meta_gga_r2scan/cif/mp-1028384.cif,train,0.0772288533333327,-2.1938438415527344,0.0884044793026848,0.088346322875684,0.0816803505387649,16,3
mp-20451,LaInPt,<PROJECT_ROOT>/external_datasets/functional_protocol_round4_widechem_boost/meta_gga_r2scan/cif/mp-20451.cif,train,-1.1178960872222268,-5.563462151421441,-1.1098374575823078,-1.108524280597213,-0.9580060678116896,9,3
mp-1186266,Nd3Dy,<PROJECT_ROOT>/external_datasets/functional_protocol_round4_widechem_boost/meta_gga_r2scan/cif/mp-1186266.cif,train,0.0258099731250034,-4.695862293243408,-0.1039203101563872,-0.1136192302859688,-1.2253232430924252,8,2
mp-866117,HfZnAu2,<PROJECT_ROOT>/external_datasets/functional_protocol_round4_widechem_boost/meta_gga_r2scan/cif/mp-866117.cif,train,-0.4760410412499993,-4.871586799621582,-0.4580878043880965,-0.4582783141738185,-0.4801148166332901,4,3
mp-1218978,SmTmS2,<PROJECT_ROOT>/external_datasets/functional_protocol_round4_widechem_boost/meta_gga_r2scan/cif/mp-1218978.cif,train,-2.245484831406252,-6.343912601470947,-2.154607521960534,-2.1489068049680924,-1.4954825194079242,4,3
mp-865810,TiTc2W,<PROJECT_ROOT>/external_datasets/functional_protocol_round4_widechem_boost/meta_gga_r2scan/cif/mp-865810.cif,train,-0.4459874016666667,-10.791019439697266,-0.8503615798194613,-0.8432888692741365,-0.0326047323188625,4,3
mp-22382,TbInAg2,<PROJECT_ROOT>/external_datasets/functional_protocol_round4_widechem_boost/meta_gga_r2scan/cif/mp-22382.cif,train,-0.4247731775000005,-3.630695819854736,-0.3902950037755452,-0.388125307698222,-0.1394316589718173,4,3
mp-568012,Tb2Zn17,<PROJECT_ROOT>/external_datasets/functional_protocol_round4_widechem_boost/meta_gga_r2scan/cif/mp-568012.cif,train,-0.2810126265789473,-1.8537015412983144,-0.2605994889877829,-0.2589285679485336,-0.0674052231233871,19,2
mp-567246,PbI2,<PROJECT_ROOT>/external_datasets/functional_protocol_round4_widechem_boost/meta_gga_r2scan/cif/mp-567246.cif,train,-0.7646416678571389,-2.916777111235119,-0.7775172960933978,-0.7767568442870401,-0.6895927772179915,21,2
mp-28269,Cs2SbBr6,<PROJECT_ROOT>/external_datasets/functional_protocol_round4_widechem_boost/meta_gga_r2scan/cif/mp-28269.cif,train,-1.314740718333332,-2.895286136203342,-1.3604803319644447,-1.3606272842346394,-1.377471162345107,9,3
mp-1183641,Cd3Pt,<PROJECT_ROOT>/external_datasets/functional_protocol_round4_widechem_boost/meta_gga_r2scan/cif/mp-1183641.cif,train,-0.2389132474999975,-2.390716552734375,-0.2191389187889636,-0.2187773232154093,-0.1773307245497125,4,2
mp-1105453,SbPbF7,<PROJECT_ROOT>/external_datasets/functional_protocol_round4_widechem_boost/meta_gga_r2scan/cif/mp-1105453.cif,train,-2.5584370033333337,-4.677814483642578,-2.708045943372491,-2.710557125702024,-2.9983924140977862,18,3
mp-24397,MgH8SO8,<PROJECT_ROOT>/external_datasets/functional_protocol_round4_widechem_boost/meta_gga_r2scan/cif/mp-24397.cif,train,-1.427766318767361,-5.363028632269965,-1.6036318875385869,-1.6038071888939918,-1.623900479454509,72,4
mp-542995,Nb6Fe16Si7,<PROJECT_ROOT>/external_datasets/functional_protocol_round4_widechem_boost/meta_gga_r2scan/cif/mp-542995.cif,train,-0.174549689827586,-8.500248876111261,-0.3864869576166612,-0.3843243596918286,-0.1364443112953015,29,3
mp-982321,Yb3W,<PROJECT_ROOT>/external_datasets/functional_protocol_round4_widechem_boost/meta_gga_r2scan/cif/mp-982321.cif,train,0.3206935524999963,-3.5580265522003174,0.2642982971189944,0.2625329168637824,0.0601825224240921,8,2
mp-556950,ZnS,<PROJECT_ROOT>/external_datasets/functional_protocol_round4_widechem_boost/meta_gga_r2scan/cif/mp-556950.cif,train,-0.9622242404687515,-3.502410650253296,-0.930778289307058,-0.9301142641766909,-0.8540027597856028,32,2
mp-1192425,YCo3,<PROJECT_ROOT>/external_datasets/functional_protocol_round4_widechem_boost/meta_gga_r2scan/cif/mp-1192425.cif,train,-0.0869550350000025,-7.106089909871419,-0.1874282698146192,-0.1868197155738027,-0.1170663633967149,24,2
mp-31387,ErGaPd,<PROJECT_ROOT>/external_datasets/functional_protocol_round4_widechem_boost/meta_gga_r2scan/cif/mp-31387.cif,train,-0.9574291136111128,-5.157086690266927,-0.951019152831832,-0.9495346171452504,-0.7793750263985424,12,3
mp-625572,H5BrO2,<PROJECT_ROOT>/external_datasets/functional_protocol_round4_widechem_boost/meta_gga_r2scan/cif/mp-625572.cif,train,-0.91160382234375,-4.440489768981934,-1.0383078432952022,-1.0389758817643715,-1.1155474007590531,32,3
mp-541875,K3SnSe3,<PROJECT_ROOT>/external_datasets/functional_protocol_round4_widechem_boost/meta_gga_r2scan/cif/mp-541875.cif,train,-1.1809072394196432,-3.5437910897391185,-1.1125628405121013,-1.1110029786327749,-0.9322093925936604,28,3
mp-759923,Na3(NiO2)5,<PROJECT_ROOT>/external_datasets/functional_protocol_round4_widechem_boost/meta_gga_r2scan/cif/mp-759923.cif,train,-1.305043720972222,-4.646276685926649,-0.4600091529995662,-0.473450913811229,-2.0141646462543727,36,3
mp-1224783,GdDyNi2,<PROJECT_ROOT>/external_datasets/functional_protocol_round4_widechem_boost/meta_gga_r2scan/cif/mp-1224783.cif,train,-0.3618986520833308,-7.987529754638672,-0.5265466637056297,-0.5287168122414903,-0.7774623224087217,12,3
mp-1208842,SmTeAs,<PROJECT_ROOT>/external_datasets/functional_protocol_round4_widechem_boost/meta_gga_r2scan/cif/mp-1208842.cif,train,-1.4059743125000022,-5.386421203613281,-1.33682025536865,-1.333556412468094,-0.959450099471735,12,3
mp-5368,Li2GeF6,<PROJECT_ROOT>/external_datasets/functional_protocol_round4_widechem_boost/meta_gga_r2scan/cif/mp-5368.cif,train,-2.9507402529629627,-4.90127506962529,-3.0381446980595164,-3.035698624544501,-2.755326201023335,27,3
mp-642660,Mg2CoH5,<PROJECT_ROOT>/external_datasets/functional_protocol_round4_widechem_boost/meta_gga_r2scan/cif/mp-642660.cif,train,-0.2984626123437497,-3.659230709075928,-0.2118486450503538,-0.209662016001249,0.0409725140170303,16,3
mp-1205305,Tb2CoGe2,<PROJECT_ROOT>/external_datasets/functional_protocol_round4_widechem_boost/meta_gga_r2scan/cif/mp-1205305.cif,train,-0.7696423930000009,-5.863148498535156,-0.7714377879371543,-0.7696736396936954,-0.5674644601957471,10,3
mp-1211691,K2TbF5,<PROJECT_ROOT>/external_datasets/functional_protocol_round4_widechem_boost/meta_gga_r2scan/cif/mp-1211691.cif,train,-3.7624271671875,-5.520749568939209,-3.802183695958619,-3.7925681768187554,-2.6904237040123027,32,3
mp-1288387,Co2As2O7,<PROJECT_ROOT>/external_datasets/functional_protocol_round4_widechem_boost/meta_gga_r2scan/cif/mp-1288387.cif,train,-1.288228449659092,-6.092426646839488,-1.222728213066083,-1.231591109246125,-2.2474688685017075,22,3
mp-985705,CeAgAs2,<PROJECT_ROOT>/external_datasets/functional_protocol_round4_widechem_boost/meta_gga_r2scan/cif/mp-985705.cif,train,-0.9145128650000024,-5.297572612762451,-0.8850385425495277,-0.884111359178049,-0.7778362830959713,16,3
mp-28938,Nb3TeCl7,<PROJECT_ROOT>/external_datasets/functional_protocol_round4_widechem_boost/meta_gga_r2scan/cif/mp-28938.cif,train,-1.379053874318182,-5.412095503373579,-1.3382044624863791,-1.3398161024847388,-1.5245445701332132,22,3
mp-567574,DyAgGe,<PROJECT_ROOT>/external_datasets/functional_protocol_round4_widechem_boost/meta_gga_r2scan/cif/mp-567574.cif,train,-0.7254699166666652,-4.671062469482422,-0.6907719794405027,-0.6894386612642682,-0.5366118365192758,9,3
mp-1197123,Mg7P6(HO6)4,<PROJECT_ROOT>/external_datasets/functional_protocol_round4_widechem_boost/meta_gga_r2scan/cif/mp-1197123.cif,train,-2.5867309633623687,-6.645723668540397,-2.7111917865818023,-2.705628316723776,-2.067935492815865,41,4
mp-625359,NdHO2,<PROJECT_ROOT>/external_datasets/functional_protocol_round4_widechem_boost/meta_gga_r2scan/cif/mp-625359.cif,train,-2.7674805134375,-7.0595703125,-2.872917294812167,-2.865339992941842,-1.996818881011108,8,3
mp-16613,AlAuO2,<PROJECT_ROOT>/external_datasets/functional_protocol_round4_widechem_boost/meta_gga_r2scan/cif/mp-16613.cif,train,-2.1189123368750025,-6.101607322692871,-2.199208742299592,-2.196625464345659,-1.9005264729925804,8,3
mp-29957,Zr5Te6,<PROJECT_ROOT>/external_datasets/functional_protocol_round4_widechem_boost/meta_gga_r2scan/cif/mp-29957.cif,train,-1.0375639540909078,-6.496145999792851,-1.0135253326393814,-1.0130978370165398,-0.9640976810172022,33,2
mp-1196279,Sc11Ge10,<PROJECT_ROOT>/external_datasets/functional_protocol_round4_widechem_boost/meta_gga_r2scan/cif/mp-1196279.cif,train,-0.8837179633333324,-6.339840843563988,-0.8571576739283344,-0.8581147030489591,-0.9678107413248151,42,2
mp-23178,WCl6,<PROJECT_ROOT>/external_datasets/functional_protocol_round4_widechem_boost/meta_gga_r2scan/cif/mp-23178.cif,train,-0.946014501666666,-4.2720355079287575,-1.333218064875996,-1.3358959185981778,-1.642835318953778,21,2
mp-864610,Nd2MgAl,<PROJECT_ROOT>/external_datasets/functional_protocol_round4_widechem_boost/meta_gga_r2scan/cif/mp-864610.cif,train,-0.2839518999999981,-3.971217632293701,-0.3038377009795612,-0.3067409550584612,-0.639516064719774,4,3
mp-1102291,La3TaO7,<PROJECT_ROOT>/external_datasets/functional_protocol_round4_widechem_boost/meta_gga_r2scan/cif/mp-1102291.cif,train,-3.656045888507572,-8.94213797829368,-3.8075778964025018,-3.797864953305248,-2.6845536080087857,11,3
mp-1025266,Tb2Cr2C3,<PROJECT_ROOT>/external_datasets/functional_protocol_round4_widechem_boost/meta_gga_r2scan/cif/mp-1025266.cif,train,-0.3431738171428569,-8.326737540108818,-0.4774491875181716,-0.4745551395936136,-0.1428352524308449,7,3
mp-768309,Ce2TiO5,<PROJECT_ROOT>/external_datasets/functional_protocol_round4_widechem_boost/meta_gga_r2scan/cif/mp-768309.cif,train,-3.661436219114581,-8.881633758544922,-3.771946501304904,-3.7635361139168415,-2.7995255556641205,32,3
mp-5318,MnCoSb,<PROJECT_ROOT>/external_datasets/functional_protocol_round4_widechem_boost/meta_gga_r2scan/cif/mp-5318.cif,train,-0.1998362881609191,-6.898333231608073,-0.3767286120665885,-0.3741665079970735,-0.0804944973749758,3,3
mp-3498,HfGaNi2,<PROJECT_ROOT>/external_datasets/functional_protocol_round4_widechem_boost/meta_gga_r2scan/cif/mp-3498.cif,train,-0.5657947525000004,-6.684527397155762,-0.607469459082572,-0.606142428359929,-0.4540362804825763,4,3
mp-1518,CeRh3,<PROJECT_ROOT>/external_datasets/functional_protocol_round4_widechem_boost/meta_gga_r2scan/cif/mp-1518.cif,train,-0.6572042349999982,-7.622220993041992,-0.7210703241446028,-0.7226121651133575,-0.8993401687644134,4,2
mp-1199056,RbGe,<PROJECT_ROOT>/external_datasets/functional_protocol_round4_widechem_boost/meta_gga_r2scan/cif/mp-1199056.cif,train,-0.2613204568750014,-2.973084688186645,-0.2088460799673366,-0.2126081021166905,-0.6438164288021987,32,2
mp-1156,GaSb,<PROJECT_ROOT>/external_datasets/functional_protocol_round4_widechem_boost/meta_gga_r2scan/cif/mp-1156.cif,train,-0.2292719200000021,-3.7264814376831055,-0.1833403666062714,-0.1844991581387489,-0.3173214908776414,2,2
mp-864954,MgMoN2,<PROJECT_ROOT>/external_datasets/functional_protocol_round4_widechem_boost/meta_gga_r2scan/cif/mp-864954.cif,train,-1.0926307343749997,-8.142312049865723,-1.032799379628906,-1.02562765178706,-0.2035940115444701,8,3
mp-1223832,K(SiPt)4,<PROJECT_ROOT>/external_datasets/functional_protocol_round4_widechem_boost/meta_gga_r2scan/cif/mp-1223832.cif,train,-0.7590644815277775,-5.934644063313802,-0.7276218850376033,-0.7286521569228954,-0.8467433850051959,9,3
mp-556101,BaCoF4,<PROJECT_ROOT>/external_datasets/functional_protocol_round4_widechem_boost/meta_gga_r2scan/cif/mp-556101.cif,train,-3.063934528333334,-5.371208826700847,-2.938700169069961,-2.9371154591229915,-2.755473752247369,12,3
mp-1225967,CsPSe6,<PROJECT_ROOT>/external_datasets/functional_protocol_round4_widechem_boost/meta_gga_r2scan/cif/mp-1225967.cif,train,-0.4341049527938985,-3.752984046936035,-0.5386519391367282,-0.5450967392129993,-1.2838088855962233,32,3
mp-26630,TiP2O7,<PROJECT_ROOT>/external_datasets/functional_protocol_round4_widechem_boost/meta_gga_r2scan/cif/mp-26630.cif,train,-2.700948535386904,-7.799007415771484,-2.906405615312095,-2.9043017613682123,-2.663155031574137,20,3
mp-1208487,Tb3BCl3,<PROJECT_ROOT>/external_datasets/functional_protocol_round4_widechem_boost/meta_gga_r2scan/cif/mp-1208487.cif,train,-1.7315187903571427,-5.234953199114118,-1.6497116118769375,-1.6476342424350845,-1.4095232039142442,28,3
mp-1212572,GdWC2,<PROJECT_ROOT>/external_datasets/functional_protocol_round4_widechem_boost/meta_gga_r2scan/cif/mp-1212572.cif,train,-0.3162254906250012,-11.611921310424805,-0.7374482078106812,-0.7320085785487995,-0.1085105398183093,16,3
mp-580541,Cs2NaSmCl6,<PROJECT_ROOT>/external_datasets/functional_protocol_round4_widechem_boost/meta_gga_r2scan/cif/mp-580541.cif,train,-2.376710305499999,-4.009433364868164,-2.3099567987188867,-2.3031040384373584,-1.5176309133892825,10,4
mp-1209662,Rb2Mg2Be3F12,<PROJECT_ROOT>/external_datasets/functional_protocol_round4_widechem_boost/meta_gga_r2scan/cif/mp-1209662.cif,train,-3.5544828668421053,-5.3493600142629525,-3.5946544765412014,-3.585768639100176,-2.5672613198978262,76,4
mp-972119,SrCaTl2,<PROJECT_ROOT>/external_datasets/functional_protocol_round4_widechem_boost/meta_gga_r2scan/cif/mp-972119.cif,train,-0.4938260699999972,-2.534389019012451,-0.4704527898243928,-0.4689529830134509,-0.2970429942847059,4,3
mp-568269,TmNiBi,<PROJECT_ROOT>/external_datasets/functional_protocol_round4_widechem_boost/meta_gga_r2scan/cif/mp-568269.cif,train,-0.733534908333335,-5.3635304768880205,-0.7065222295933244,-0.7031898416301496,-0.321226796115851,3,3
mp-1235591,LiYbNbO3,<PROJECT_ROOT>/external_datasets/functional_protocol_round4_widechem_boost/meta_gga_r2scan/cif/mp-1235591.cif,train,-1.6314505646527782,-6.50943120320638,-2.105114868033428,-2.103510866407941,-1.9196579199166697,6,4
mp-1218874,Sr12Sn4N3,<PROJECT_ROOT>/external_datasets/functional_protocol_round4_widechem_boost/meta_gga_r2scan/cif/mp-1218874.cif,train,-0.7355192255921087,-3.8384327135587992,-0.6626746306450979,-0.6648183449573493,-0.9105339268364224,19,3
mp-755622,V2CoO6,<PROJECT_ROOT>/external_datasets/functional_protocol_round4_widechem_boost/meta_gga_r2scan/cif/mp-755622.cif,train,-2.178232073055557,-7.1717071533203125,-1.6214899915882317,-1.6278734820746976,-2.3595582361199927,18,3
mp-30126,Ba(BS2)2,<PROJECT_ROOT>/external_datasets/functional_protocol_round4_widechem_boost/meta_gga_r2scan/cif/mp-30126.cif,train,-1.125987273749999,-5.52940913609096,-1.1301887262218795,-1.1324026597266998,-1.386166865278368,14,3
mp-24011,CeHSe,<PROJECT_ROOT>/external_datasets/functional_protocol_round4_widechem_boost/meta_gga_r2scan/cif/mp-24011.cif,train,-1.6227933809374993,-5.62605349222819,-1.5006662941116389,-1.4979829412896626,-1.1904132263023872,6,3
mp-3446,SrTm2O4,<PROJECT_ROOT>/external_datasets/functional_protocol_round4_widechem_boost/meta_gga_r2scan/cif/mp-3446.cif,train,-3.745061236785714,-7.75828388759068,-3.803296004536025,-3.79149559259399,-2.4389156008557977,28,3
mp-1227307,Cr8Co7,<PROJECT_ROOT>/external_datasets/functional_protocol_round4_widechem_boost/meta_gga_r2scan/cif/mp-1227307.cif,train,0.2886182586666678,-8.306749979654947,-0.131376275496212,-0.1280905823858384,0.2485202327213852,30,2
mp-1201217,CsVSeO5,<PROJECT_ROOT>/external_datasets/functional_protocol_round4_widechem_boost/meta_gga_r2scan/cif/mp-1201217.cif,train,-1.8824784247265605,-6.107822895050049,-1.8424876586900147,-1.847763261076804,-2.4524603062125614,32,4
mp-573073,Cs7Cu6F19,<PROJECT_ROOT>/external_datasets/functional_protocol_round4_widechem_boost/meta_gga_r2scan/cif/mp-573073.cif,train,-2.3757113699999994,-4.168496131896973,-2.376578090344717,-2.3761890046590475,-2.331591450260356,64,3
mp-1197139,PuCd11,<PROJECT_ROOT>/external_datasets/functional_protocol_round4_widechem_boost/meta_gga_r2scan/cif/mp-1197139.cif,train,-0.1152701296180522,-2.068590799967448,-0.0965090973523303,-0.0963176779166881,-0.0743769100943454,36,2
mp-685609,Cs10(Mo2N5)3,<PROJECT_ROOT>/external_datasets/functional_protocol_round4_widechem_boost/meta_gga_r2scan/cif/mp-685609.cif,train,-0.6289694355241922,-6.8279030092300905,-0.6033276901239706,-0.6022596743758983,-0.47984219108774,62,3
mp-1201545,K2LaCl5,<PROJECT_ROOT>/external_datasets/functional_protocol_round4_widechem_boost/meta_gga_r2scan/cif/mp-1201545.cif,train,-2.474957406562501,-4.26291561126709,-2.4033990602472284,-2.396662155514301,-1.6244685581417928,32,3
mp-2015,Nd3Ge5,<PROJECT_ROOT>/external_datasets/functional_protocol_round4_widechem_boost/meta_gga_r2scan/cif/mp-2015.cif,train,-0.8224705609375036,-5.417301177978516,-0.769913314314973,-0.7695314762627739,-0.7257646559190232,16,2
mp-556674,Ba3LuIr2O9,<PROJECT_ROOT>/external_datasets/functional_protocol_round4_widechem_boost/meta_gga_r2scan/cif/mp-556674.cif,train,-2.36721769402778,-6.977327473958334,-2.541841214556335,-2.541054133250002,-2.4508377550385485,30,4
mp-27997,Ca3Al2Ge3,<PROJECT_ROOT>/external_datasets/functional_protocol_round4_widechem_boost/meta_gga_r2scan/cif/mp-27997.cif,train,-0.6229662850000004,-3.960785150527954,-0.5862433733309307,-0.5869105654338966,-0.663385072728521,32,3
mp-1223754,K(Nb3Se4)2,<PROJECT_ROOT>/external_datasets/functional_protocol_round4_widechem_boost/meta_gga_r2scan/cif/mp-1223754.cif,train,-1.0573794284166638,-6.872067769368489,-0.9808646987743151,-0.981701077874474,-1.077568039294113,15,3
mp-1210270,Na2YF6,<PROJECT_ROOT>/external_datasets/functional_protocol_round4_widechem_boost/meta_gga_r2scan/cif/mp-1210270.cif,train,-3.2586325277777783,-5.272992451985677,-3.3429590588133964,-3.338601881606474,-2.8391760361791336,9,3
mp-1106373,Sm5Si3,<PROJECT_ROOT>/external_datasets/functional_protocol_round4_widechem_boost/meta_gga_r2scan/cif/mp-1106373.cif,train,-0.6997544675,-5.589290142059326,-0.6518010727522396,-0.6557917661550299,-1.1132107169764396,16,2
mp-825375,V2Pb14Cl4O17,<PROJECT_ROOT>/external_datasets/functional_protocol_round4_widechem_boost/meta_gga_r2scan/cif/mp-825375.cif,train,-1.59698232739865,-5.6237504288956925,-1.5952063042504898,-1.596169311679691,-1.7065505921832924,74,4
mp-13416,Sc2InNi2,<PROJECT_ROOT>/external_datasets/functional_protocol_round4_widechem_boost/meta_gga_r2scan/cif/mp-13416.cif,train,-0.5230775190000003,-5.917533111572266,-0.6207063311043202,-0.6209332568133732,-0.6469438041705142,10,3
mp-559385,SrHo2O4,<PROJECT_ROOT>/external_datasets/functional_protocol_round4_widechem_boost/meta_gga_r2scan/cif/mp-559385.cif,train,-3.6873530546428577,-7.740927015032087,-3.748452661511581,-3.737013006437871,-2.425783479783073,28,3
mp-18687,NbF5,<PROJECT_ROOT>/external_datasets/functional_protocol_round4_widechem_boost/meta_gga_r2scan/cif/mp-18687.cif,train,-3.1588932958333324,-6.2233225504557295,-3.339974783825582,-3.339694655690363,-3.3075859706135256,24,2
mp-672341,UF6,<PROJECT_ROOT>/external_datasets/functional_protocol_round4_widechem_boost/meta_gga_r2scan/cif/mp-672341.cif,train,-3.4796859910714284,-6.515339442661831,-3.7373867466844826,-3.7362266397602015,-3.603253534942576,28,2
mp-1197857,WO3,<PROJECT_ROOT>/external_datasets/functional_protocol_round4_widechem_boost/meta_gga_r2scan/cif/mp-1197857.cif,train,-2.2814400159374983,-7.474481105804443,-1.4839267991870786,-1.4918711861998135,-2.402468118988429,32,2
mp-2757308,VBr3,<PROJECT_ROOT>/external_datasets/functional_protocol_round4_widechem_boost/meta_gga_r2scan/cif/mp-2757308.cif,train,-1.039139354375001,-4.2722368240356445,-1.1380124825852111,-1.141145869674685,-1.500299152153967,8,2
mp-27505,Fe3Sn2,<PROJECT_ROOT>/external_datasets/functional_protocol_round4_widechem_boost/meta_gga_r2scan/cif/mp-27505.cif,train,0.0701367900000008,-6.675263977050781,0.0329100321545325,0.0336149149541693,0.1144095834783683,10,2
mp-13840,Ho3ScO6,<PROJECT_ROOT>/external_datasets/functional_protocol_round4_widechem_boost/meta_gga_r2scan/cif/mp-13840.cif,train,-3.936344718749999,-8.582831573486327,-4.013167349808308,-4.000239507127879,-2.5184318014493616,20,3
mp-1207926,YbFeC6(N3O2)2,<PROJECT_ROOT>/external_datasets/functional_protocol_round4_widechem_boost/meta_gga_r2scan/cif/mp-1207926.cif,train,0.1611575423611116,-6.902659098307292,0.3832498578906289,0.37142784569573,-0.9836279977308542,36,5
mp-29456,Rb2IN3,<PROJECT_ROOT>/external_datasets/functional_protocol_round4_widechem_boost/meta_gga_r2scan/cif/mp-29456.cif,train,-0.7154533718750002,-5.33007272084554,-0.7564709530165734,-0.7579957788688558,-0.9327734856816396,12,3
mp-1216742,U3P2Se,<PROJECT_ROOT>/external_datasets/functional_protocol_round4_widechem_boost/meta_gga_r2scan/cif/mp-1216742.cif,train,-1.3427743166691453,-8.972329457600912,-1.1714566177938357,-1.174850234082018,-1.563831357247902,6,3
mp-22990,CsICl2,<PROJECT_ROOT>/external_datasets/functional_protocol_round4_widechem_boost/meta_gga_r2scan/cif/mp-22990.cif,train,-1.2493324481249992,-2.632042169570923,-1.3009917290191035,-1.302259850803405,-1.4476137724261182,4,3
mp-1223799,HoPaO4,<PROJECT_ROOT>/external_datasets/functional_protocol_round4_widechem_boost/meta_gga_r2scan/cif/mp-1223799.cif,train,-4.075079641666666,-9.379597981770834,-4.1640835172007815,-4.151561014050583,-2.7162139015405384,6,3
mp-772151,Li2Ti4O9,<PROJECT_ROOT>/external_datasets/functional_protocol_round4_widechem_boost/meta_gga_r2scan/cif/mp-772151.cif,train,-3.140907432583333,-8.193420918782552,-3.252175892956756,-3.245571295841052,-2.488542985635579,30,3
mp-1225483,ErIn2Sn,<PROJECT_ROOT>/external_datasets/functional_protocol_round4_widechem_boost/meta_gga_r2scan/cif/mp-1225483.cif,train,-0.4485525308333322,-3.903887033462525,-0.4624246910516558,-0.4631925186661725,-0.5512020113520006,4,3
mp-9007,Na6P4W,<PROJECT_ROOT>/external_datasets/functional_protocol_round4_widechem_boost/meta_gga_r2scan/cif/mp-9007.cif,train,-0.5445177538095242,-4.272004907781428,-0.642954458109342,-0.6422066730272231,-0.5564944838964991,22,3
mp-1208880,Sm2SiO5,<PROJECT_ROOT>/external_datasets/functional_protocol_round4_widechem_boost/meta_gga_r2scan/cif/mp-1208880.cif,train,-3.620145071718751,-8.25633430480957,-3.714919142680815,-3.7048111515591193,-2.5462188401192463,32,3
mp-31348,Sc2In,<PROJECT_ROOT>/external_datasets/functional_protocol_round4_widechem_boost/meta_gga_r2scan/cif/mp-31348.cif,train,-0.4704107750000001,-5.509911219278972,-0.4644358160718704,-0.4692318199625385,-1.0189566036938038,6,2
mp-754158,KNdO2,<PROJECT_ROOT>/external_datasets/functional_protocol_round4_widechem_boost/meta_gga_r2scan/cif/mp-754158.cif,train,-2.867494134687501,-6.551918029785156,-2.9605736686904573,-2.953419970951498,-2.1334529667330218,4,3
mp-1111017,KNa2CoF6,<PROJECT_ROOT>/external_datasets/functional_protocol_round4_widechem_boost/meta_gga_r2scan/cif/mp-1111017.cif,train,-2.5233951743750005,-4.354693603515625,-2.439579649366493,-2.43983205745597,-2.468763431483593,10,4
mp-31317,La3PbI3,<PROJECT_ROOT>/external_datasets/functional_protocol_round4_widechem_boost/meta_gga_r2scan/cif/mp-31317.cif,train,-1.381516716071429,-4.446086066109793,-1.294089494245214,-1.293244136186365,-1.1963479937573809,28,3
mp-13263,Ce2Mo2C3,<PROJECT_ROOT>/external_datasets/functional_protocol_round4_widechem_boost/meta_gga_r2scan/cif/mp-13263.cif,train,-0.3696019128571411,-9.034564971923828,-0.4414529487149359,-0.4397017514791352,-0.2389770348882312,7,3
mp-1113633,Rb3AlF6,<PROJECT_ROOT>/external_datasets/functional_protocol_round4_widechem_boost/meta_gga_r2scan/cif/mp-1113633.cif,train,-3.392200852375,-4.925566864013672,-3.436485333837925,-3.4292462282831098,-2.5994896587988814,10,3
mp-1249301,Li2V(Si2O5)3,<PROJECT_ROOT>/external_datasets/functional_protocol_round4_widechem_boost/meta_gga_r2scan/cif/mp-1249301.cif,train,-2.839046816857639,-7.487923940022786,-2.9056773827056697,-2.9013300712508494,-2.4030350523549484,48,4
mp-863685,Pm2GePd,<PROJECT_ROOT>/external_datasets/functional_protocol_round4_widechem_boost/meta_gga_r2scan/cif/mp-863685.cif,train,-0.8096735712499985,-5.5664143562316895,-0.7587010122469895,-0.7558999323920421,-0.4348361775284778,4,3
mp-8258,BaAl4S7,<PROJECT_ROOT>/external_datasets/functional_protocol_round4_widechem_boost/meta_gga_r2scan/cif/mp-8258.cif,train,-1.5136241549739573,-5.119357109069824,-1.4536925699395291,-1.4524034285050655,-1.3046402047007013,24,3
mp-2748,CeAs,<PROJECT_ROOT>/external_datasets/functional_protocol_round4_widechem_boost/meta_gga_r2scan/cif/mp-2748.cif,train,-1.76066340625,-6.696262359619141,-1.5870933119285595,-1.585260632969491,-1.3751963654262132,2,2
mp-22283,DyFeO3,<PROJECT_ROOT>/external_datasets/functional_protocol_round4_widechem_boost/meta_gga_r2scan/cif/mp-22283.cif,train,-2.79929897975,-7.565961456298828,-2.394403135836946,-2.3933120629668387,-2.2682517395740622,20,3
mp-862758,PrMgHg2,<PROJECT_ROOT>/external_datasets/functional_protocol_round4_widechem_boost/meta_gga_r2scan/cif/mp-862758.cif,train,-0.5246720654166666,-2.21321439743042,-0.4672813315817148,-0.464037579735721,-0.0922341319751656,4,3
mp-997024,CsAuO2,<PROJECT_ROOT>/external_datasets/functional_protocol_round4_widechem_boost/meta_gga_r2scan/cif/mp-997024.cif,train,-0.9018818743750004,-4.293252468109131,-1.1256340755913383,-1.1325715601310495,-1.9277559000926745,8,3
mp-1212718,Ga3Te3Br,<PROJECT_ROOT>/external_datasets/functional_protocol_round4_widechem_boost/meta_gga_r2scan/cif/mp-1212718.cif,train,-0.5651050242857139,-3.352302006312779,-0.5734800623240646,-0.5751240991214246,-0.7635659339245028,28,3
mp-11367,DyHg2,<PROJECT_ROOT>/external_datasets/functional_protocol_round4_widechem_boost/meta_gga_r2scan/cif/mp-11367.cif,train,-0.4670570700000003,-2.113184611002604,-0.4253089233446689,-0.4244997219512685,-0.3317479079151154,3,2
mp-510713,K3Mn2O8,<PROJECT_ROOT>/external_datasets/functional_protocol_round4_widechem_boost/meta_gga_r2scan/cif/mp-510713.cif,train,-1.727616134247347,-5.6219024658203125,-1.4227992440452455,-1.430012017802902,-2.2567503992640523,26,3
mp-980749,VFeRu2,<PROJECT_ROOT>/external_datasets/functional_protocol_round4_widechem_boost/meta_gga_r2scan/cif/mp-980749.cif,train,-0.2154171624999996,-9.13390064239502,-0.2670763063833661,-0.2653552666323371,-0.0680872438159029,4,3
mp-30607,ErMg2,<PROJECT_ROOT>/external_datasets/functional_protocol_round4_widechem_boost/meta_gga_r2scan/cif/mp-30607.cif,train,-0.0639771077777785,-2.6421753565470376,-0.0789320301174552,-0.0814430540840751,-0.3692601906988487,12,2
mp-2849,US2,<PROJECT_ROOT>/external_datasets/functional_protocol_round4_widechem_boost/meta_gga_r2scan/cif/mp-2849.cif,train,-1.7843302913194508,-7.873286777072483,-1.6315689107388458,-1.6337543355194135,-1.884250830571514,9,2
mp-972507,Yb2Co2O5,<PROJECT_ROOT>/external_datasets/functional_protocol_round4_widechem_boost/meta_gga_r2scan/cif/mp-972507.cif,train,-2.390774978194448,-6.016075981987847,-1.71595585705568,-1.7171548048003782,-1.854579899668287,9,3
mp-569794,Ta,<PROJECT_ROOT>/external_datasets/functional_protocol_round4_widechem_boost/meta_gga_r2scan/cif/mp-569794.cif,train,0.0,-11.84691162109375,0.0461192215699135,0.0402701237875788,-0.6301617788401747,30,1
mp-1047649,Ca(CuO2)2,<PROJECT_ROOT>/external_datasets/functional_protocol_round4_widechem_boost/meta_gga_r2scan/cif/mp-1047649.cif,train,-1.4938085092857147,-5.57000732421875,-1.6447882186379132,-1.6474240778735414,-1.9495500104813976,28,3
mp-754534,Li2CeO3,<PROJECT_ROOT>/external_datasets/functional_protocol_round4_widechem_boost/meta_gga_r2scan/cif/mp-754534.cif,train,-2.859076801597221,-6.747235616048177,-3.0360872930772294,-3.0291927092113555,-2.238925705469594,6,3
mp-1025365,Sc(VGa2)2,<PROJECT_ROOT>/external_datasets/functional_protocol_round4_widechem_boost/meta_gga_r2scan/cif/mp-1025365.cif,train,-0.4689307292857145,-5.637667519705636,-0.6059397036713454,-0.6053855956526437,-0.5418729468528295,7,3
mp-1078402,ScGePd,<PROJECT_ROOT>/external_datasets/functional_protocol_round4_widechem_boost/meta_gga_r2scan/cif/mp-1078402.cif,train,-0.96974592166667,-6.315838707817925,-0.9573311644713742,-0.9559954529789384,-0.8028943029276616,9,3
mp-25469,AlCl3,<PROJECT_ROOT>/external_datasets/functional_protocol_round4_widechem_boost/meta_gga_r2scan/cif/mp-25469.cif,train,-1.6928062693749997,-3.818336248397827,-1.6889449467143771,-1.688448194560011,-1.6315097564663088,8,2
mp-63,Pr,<PROJECT_ROOT>/external_datasets/functional_protocol_round4_widechem_boost/meta_gga_r2scan/cif/mp-63.cif,train,0.1260252183333357,-4.651397705078125,0.0366423883821651,0.0270512438762375,-1.072299373738096,1,1
mp-763425,LiMn2F7,<PROJECT_ROOT>/external_datasets/functional_protocol_round4_widechem_boost/meta_gga_r2scan/cif/mp-763425.cif,train,-2.9118232540632176,-5.528887939453125,-2.675113889334181,-2.676105366104827,-2.7897498429947034,20,3
mp-8475,ErCoC,<PROJECT_ROOT>/external_datasets/functional_protocol_round4_widechem_boost/meta_gga_r2scan/cif/mp-8475.cif,train,-0.3876915977777789,-7.307726542154948,-0.3999790370947975,-0.3995215389309887,-0.3470824490354361,6,3
mp-10956,LaAsRh,<PROJECT_ROOT>/external_datasets/functional_protocol_round4_widechem_boost/meta_gga_r2scan/cif/mp-10956.cif,train,-1.2914784241666648,-6.806501388549805,-1.266957103039899,-1.2645642055164608,-0.9902868897420792,6,3
mp-1103607,BiPtSe,<PROJECT_ROOT>/external_datasets/functional_protocol_round4_widechem_boost/meta_gga_r2scan/cif/mp-1103607.cif,train,-0.4012941680208304,-4.820742289225261,-0.4414384095473389,-0.4436953086725106,-0.702384294706833,12,3
mp-10023,La,<PROJECT_ROOT>/external_datasets/functional_protocol_round4_widechem_boost/meta_gga_r2scan/cif/mp-10023.cif,train,0.1042213450000026,-4.793891429901123,-0.0264510518785208,-0.041034626101398,-1.7126246348883962,1,1
mp-1188451,Nd(P3Os)4,<PROJECT_ROOT>/external_datasets/functional_protocol_round4_widechem_boost/meta_gga_r2scan/cif/mp-1188451.cif,train,-0.6780637696008431,-7.329510857077206,-0.6317182529242258,-0.630312545407457,-0.4691883515435612,17,3
mp-1232409,Nb4SiTe4,<PROJECT_ROOT>/external_datasets/functional_protocol_round4_widechem_boost/meta_gga_r2scan/cif/mp-1232409.cif,train,-0.7107191913888882,-7.117944505479601,-0.6333078625427113,-0.6342721320905502,-0.7447980784275415,36,3
mp-570492,CdI2,<PROJECT_ROOT>/external_datasets/functional_protocol_round4_widechem_boost/meta_gga_r2scan/cif/mp-570492.cif,train,-0.7183687962820514,-1.902832226875501,-0.7026348543906107,-0.7030835865898108,-0.7545179091613692,39,2
mp-1192709,Cs3Ho2Br9,<PROJECT_ROOT>/external_datasets/functional_protocol_round4_widechem_boost/meta_gga_r2scan/cif/mp-1192709.cif,train,-2.169130411249999,-3.802273886544364,-2.115378511506978,-2.109678191440949,-1.4562994021506994,28,3
mp-27714,H3OF,<PROJECT_ROOT>/external_datasets/functional_protocol_round4_widechem_boost/meta_gga_r2scan/cif/mp-27714.cif,train,-1.337108732,-4.702996826171875,-1.4897689934367904,-1.489745255115933,-1.4870243350382275,20,3
mp-1208111,TlPb2Br5,<PROJECT_ROOT>/external_datasets/functional_protocol_round4_widechem_boost/meta_gga_r2scan/cif/mp-1208111.cif,train,-1.0660918750000017,-3.1640067100524902,-1.0834627380040271,-1.0828297612640905,-1.010277067520938,32,3
mp-504818,MoPO5,<PROJECT_ROOT>/external_datasets/functional_protocol_round4_widechem_boost/meta_gga_r2scan/cif/mp-504818.cif,train,-2.262360172389456,-7.223715100969587,-1.8542336957661911,-1.8590164657821855,-2.4072243639887887,14,3
mp-19385,YMnO3,<PROJECT_ROOT>/external_datasets/functional_protocol_round4_widechem_boost/meta_gga_r2scan/cif/mp-19385.cif,train,-3.0748073378132177,-8.367274983723958,-2.8159721813609515,-2.811651321216117,-2.3163881890718634,30,3
mp-567365,Kr,<PROJECT_ROOT>/external_datasets/functional_protocol_round4_widechem_boost/meta_gga_r2scan/cif/mp-567365.cif,train,0.007380098333332,-0.0332908630371093,0.0073854176951773,0.0073853666446952,0.0073795151608972,2,1
mp-28327,LiGaBr3,<PROJECT_ROOT>/external_datasets/functional_protocol_round4_widechem_boost/meta_gga_r2scan/cif/mp-28327.cif,train,-1.2508599758333347,-3.060928726196289,-1.2777620895035655,-1.27773339921794,-1.2744448778940631,20,3
mp-15898,Dy2Co3Si5,<PROJECT_ROOT>/external_datasets/functional_protocol_round4_widechem_boost/meta_gga_r2scan/cif/mp-15898.cif,train,-0.728853964000001,-6.536968994140625,-0.774172049601602,-0.7729939525741383,-0.6379587965567495,20,3
mp-11306,LuCd3,<PROJECT_ROOT>/external_datasets/functional_protocol_round4_widechem_boost/meta_gga_r2scan/cif/mp-11306.cif,train,-0.267395555416666,-2.0447657108306885,-0.2671637056239451,-0.2675227806114471,-0.3086804661275251,8,2
mp-1209854,Nd2Sn5,<PROJECT_ROOT>/external_datasets/functional_protocol_round4_widechem_boost/meta_gga_r2scan/cif/mp-1209854.cif,train,-0.581588764285714,-4.78492682320731,-0.5529581419711853,-0.5523829358321173,-0.4864519904850558,14,2
mp-30487,EuCd2,<PROJECT_ROOT>/external_datasets/functional_protocol_round4_widechem_boost/meta_gga_r2scan/cif/mp-30487.cif,train,-0.3823342583333347,-4.369599342346191,-0.308037207377243,-0.3097770770750809,-0.5092034151660704,6,2
mp-2766171,Nb3Ga2Cl9,<PROJECT_ROOT>/external_datasets/functional_protocol_round4_widechem_boost/meta_gga_r2scan/cif/mp-2766171.cif,train,-1.2225827258928572,-4.885995047433036,-1.2401929927336155,-1.2421707849693595,-1.4688681425725083,28,3
mp-863716,Pm2IrPd,<PROJECT_ROOT>/external_datasets/functional_protocol_round4_widechem_boost/meta_gga_r2scan/cif/mp-863716.cif,train,-0.8215086912500027,-6.625500679016113,-0.7585200340814566,-0.755305161206306,-0.3868118621364412,4,3
mp-1206752,CeTl,<PROJECT_ROOT>/external_datasets/functional_protocol_round4_widechem_boost/meta_gga_r2scan/cif/mp-1206752.cif,train,-0.4243827000000024,-4.349535465240479,-0.3271984992057524,-0.3311404801290765,-0.7829759373067444,2,2
mp-647818,CsNi2F6,<PROJECT_ROOT>/external_datasets/functional_protocol_round4_widechem_boost/meta_gga_r2scan/cif/mp-647818.cif,train,-2.380659328333334,-4.057321336534288,-1.763422577492071,-1.7711016456091562,-2.651287349411401,18,3
mp-30047,Sn2Mo,<PROJECT_ROOT>/external_datasets/functional_protocol_round4_widechem_boost/meta_gga_r2scan/cif/mp-30047.cif,train,0.0605342766666644,-6.270038180881077,-0.0344755633151994,-0.0329986690883181,0.1362850466835825,18,2
mp-1207655,YCo5As3,<PROJECT_ROOT>/external_datasets/functional_protocol_round4_widechem_boost/meta_gga_r2scan/cif/mp-1207655.cif,train,-0.453645188888888,-6.728669060601129,-0.5621858804354174,-0.5593996138973356,-0.2400337824684933,36,3
mp-1079720,AgO,<PROJECT_ROOT>/external_datasets/functional_protocol_round4_widechem_boost/meta_gga_r2scan/cif/mp-1079720.cif,train,-0.1785533293749992,-3.932687282562256,-0.324501659307431,-0.3347704881921665,-1.5117982526712126,8,2
mp-1206135,Hf6FeSb2,<PROJECT_ROOT>/external_datasets/functional_protocol_round4_widechem_boost/meta_gga_r2scan/cif/mp-1206135.cif,train,-0.4347114100000087,-8.933578491210938,-0.4621821579191465,-0.4660958402382862,-0.9146876711744504,9,3
mp-559909,Sr3Ru2O7,<PROJECT_ROOT>/external_datasets/functional_protocol_round4_widechem_boost/meta_gga_r2scan/cif/mp-559909.cif,train,-2.237265656770836,-6.800344467163086,-2.3192652136068324,-2.3188176451268427,-2.2675167097067126,24,3
mp-28759,Al7(TlS4)3,<PROJECT_ROOT>/external_datasets/functional_protocol_round4_widechem_boost/meta_gga_r2scan/cif/mp-28759.cif,train,-1.1527802924431811,-4.755007657137784,-1.1221157156618702,-1.121515756683082,-1.0527476056595124,44,3
mp-1185843,MgAlNi2,<PROJECT_ROOT>/external_datasets/functional_protocol_round4_widechem_boost/meta_gga_r2scan/cif/mp-1185843.cif,train,-0.3949677212499995,-4.639304161071777,-0.4617593920955718,-0.4587782528017685,-0.1170758290914949,4,3
mp-23252,Ce4Bi3,<PROJECT_ROOT>/external_datasets/functional_protocol_round4_widechem_boost/meta_gga_r2scan/cif/mp-23252.cif,train,-1.0216895014285683,-5.732649666922433,-0.804318926843715,-0.8062013700807995,-1.021969689913782,14,2
mp-1396989,V2ZnO4,<PROJECT_ROOT>/external_datasets/functional_protocol_round4_widechem_boost/meta_gga_r2scan/cif/mp-1396989.cif,train,-2.263381605,-6.839878627232143,-1.776032907562616,-1.7787717935621543,-2.092706800308106,14,3
mp-11723,ErNiC2,<PROJECT_ROOT>/external_datasets/functional_protocol_round4_widechem_boost/meta_gga_r2scan/cif/mp-11723.cif,train,-0.4548551433333294,-7.540272235870361,-0.4125441033556063,-0.4115057386634042,-0.2924869015498273,4,3
mp-23054,NaBiO3,<PROJECT_ROOT>/external_datasets/functional_protocol_round4_widechem_boost/meta_gga_r2scan/cif/mp-23054.cif,train,-1.2928511622499996,-5.16929702758789,-1.5393356448969957,-1.5441823153166512,-2.099714568628856,10,3
mp-1221877,Mn9Zn3O16,<PROJECT_ROOT>/external_datasets/functional_protocol_round4_widechem_boost/meta_gga_r2scan/cif/mp-1221877.cif,train,-2.045331064119458,-6.943070547921317,-1.6372505931734604,-1.6403053408641082,-1.9904448636595613,28,3
mp-1017534,ZnCdSe2,<PROJECT_ROOT>/external_datasets/functional_protocol_round4_widechem_boost/meta_gga_r2scan/cif/mp-1017534.cif,train,-0.7819876082812502,-2.9403908252716064,-0.7707781158492826,-0.7702851535154247,-0.7137811100362152,4,3
mp-541353,K2(TcS2)3,<PROJECT_ROOT>/external_datasets/functional_protocol_round4_widechem_boost/meta_gga_r2scan/cif/mp-541353.cif,train,-0.9956153549431792,-6.116361444646662,-0.9502570897386776,-0.950487109203241,-0.9768522672171156,44,3
mp-3455,Er(NiP)2,<PROJECT_ROOT>/external_datasets/functional_protocol_round4_widechem_boost/meta_gga_r2scan/cif/mp-3455.cif,train,-1.070530525857143,-6.39386215209961,-1.0923313961706258,-1.0883607364933532,-0.633238079769944,5,3
mp-22924,NaBi,<PROJECT_ROOT>/external_datasets/functional_protocol_round4_widechem_boost/meta_gga_r2scan/cif/mp-22924.cif,train,-0.3811936825000011,-2.899578332901001,-0.3142767884747992,-0.3129201273988373,-0.1574177063025798,2,2
mp-1545455,K,<PROJECT_ROOT>/external_datasets/functional_protocol_round4_widechem_boost/meta_gga_r2scan/cif/mp-1545455.cif,train,0.0063217500000005,-1.092748999595642,-0.0336982759866382,-0.0386900000115826,-0.6108485037638698,8,1
mp-1192336,Nb2PbO6,<PROJECT_ROOT>/external_datasets/functional_protocol_round4_widechem_boost/meta_gga_r2scan/cif/mp-1192336.cif,train,-2.48497018398148,-8.23726060655382,-2.670617155616209,-2.6680033594160104,-2.368406323292765,27,3
mp-30684,Zr3Ga2,<PROJECT_ROOT>/external_datasets/functional_protocol_round4_widechem_boost/meta_gga_r2scan/cif/mp-30684.cif,train,-0.6182837610000007,-6.883126068115234,-0.604278627886508,-0.6057857032704499,-0.7785288261688712,10,2
mp-772820,SrLu2O4,<PROJECT_ROOT>/external_datasets/functional_protocol_round4_widechem_boost/meta_gga_r2scan/cif/mp-772820.cif,train,-3.77692801833333,-7.796952383858817,-3.840401110593012,-3.828945316868928,-2.515865955166992,28,3
mp-1226559,Co3Ni,<PROJECT_ROOT>/external_datasets/functional_protocol_round4_widechem_boost/meta_gga_r2scan/cif/mp-1226559.cif,train,0.0007653474999997,-6.773190021514893,-0.0303950275077795,-0.0286905308620628,0.1666812977073455,4,2
mp-31363,K2TaCl6,<PROJECT_ROOT>/external_datasets/functional_protocol_round4_widechem_boost/meta_gga_r2scan/cif/mp-31363.cif,train,-1.7916802477592595,-4.3883179558648,-1.766113401488843,-1.7642207786962123,-1.5472856637366403,9,3
mp-5824,Hg2NO4,<PROJECT_ROOT>/external_datasets/functional_protocol_round4_widechem_boost/meta_gga_r2scan/cif/mp-5824.cif,train,-0.3590943194642843,-4.4339814867292136,-0.7094908610806483,-0.7206674074911446,-2.0017390451443573,28,3
mp-1001833,InBi,<PROJECT_ROOT>/external_datasets/functional_protocol_round4_widechem_boost/meta_gga_r2scan/cif/mp-1001833.cif,train,-0.0715873874999957,-3.28656005859375,0.0016427064908026,0.0019340280798685,0.03532572274826,2,2
mp-1187593,Tl3As,<PROJECT_ROOT>/external_datasets/functional_protocol_round4_widechem_boost/meta_gga_r2scan/cif/mp-1187593.cif,train,0.0183768081249979,-2.8947594165802,0.016820674764256,0.0180278466346157,0.1563956024771291,8,2
mp-878,Ho2S3,<PROJECT_ROOT>/external_datasets/functional_protocol_round4_widechem_boost/meta_gga_r2scan/cif/mp-878.cif,train,-2.376410549020833,-6.381568400065104,-2.2446896756795027,-2.238325667019933,-1.5088739476676158,30,2
mp-22335,GdB2Ru3,<PROJECT_ROOT>/external_datasets/functional_protocol_round4_widechem_boost/meta_gga_r2scan/cif/mp-22335.cif,train,-0.4832850866666689,-9.659549077351889,-0.4427768063961448,-0.442971167251037,-0.4652490847335525,6,3
mp-1994,HfB2,<PROJECT_ROOT>/external_datasets/functional_protocol_round4_widechem_boost/meta_gga_r2scan/cif/mp-1994.cif,train,-1.084847615000001,-8.78839111328125,-1.0122135207939529,-1.010955764394768,-0.8667899379486877,3,2
mp-22958,KBrO3,<PROJECT_ROOT>/external_datasets/functional_protocol_round4_widechem_boost/meta_gga_r2scan/cif/mp-22958.cif,train,-0.6726845515000008,-4.135827255249024,-1.0555311244365226,-1.0682114570741232,-2.521649209793655,5,3
mp-1219932,Pr2(TlIn)3,<PROJECT_ROOT>/external_datasets/functional_protocol_round4_widechem_boost/meta_gga_r2scan/cif/mp-1219932.cif,train,-0.4782136391666682,-3.498124837875366,-0.4459356785455965,-0.4436952680923394,-0.1868962370726221,8,3
mp-2522,LuHg,<PROJECT_ROOT>/external_datasets/functional_protocol_round4_widechem_boost/meta_gga_r2scan/cif/mp-2522.cif,train,-0.548105287083331,-2.872453212738037,-0.5224031968965654,-0.5230676049102003,-0.5992229959269132,2,2
mp-1215473,ZnFe,<PROJECT_ROOT>/external_datasets/functional_protocol_round4_widechem_boost/meta_gga_r2scan/cif/mp-1215473.cif,train,-0.0052617324999992,-4.862873077392578,-0.0037384772991231,-0.0020102727546271,0.1960789888737654,2,2
mp-22179,YTiSi,<PROJECT_ROOT>/external_datasets/functional_protocol_round4_widechem_boost/meta_gga_r2scan/cif/mp-22179.cif,train,-0.7370282455555568,-7.264369964599609,-0.6733556824387659,-0.6774418283652528,-1.1458016831426856,6,3
mp-13121,CeGe3Rh,<PROJECT_ROOT>/external_datasets/functional_protocol_round4_widechem_boost/meta_gga_r2scan/cif/mp-13121.cif,train,-0.7626000480000016,-6.118688583374023,-0.7352901065832906,-0.7358282929505267,-0.7975159794283164,5,3
mp-571474,Sm4Sn3,<PROJECT_ROOT>/external_datasets/functional_protocol_round4_widechem_boost/meta_gga_r2scan/cif/mp-571474.cif,train,-0.8925144685714282,-5.156583513532366,-0.787702326326361,-0.788083043074983,-0.8317213380122657,14,2
mp-567598,Dy7(TeIr)2,<PROJECT_ROOT>/external_datasets/functional_protocol_round4_widechem_boost/meta_gga_r2scan/cif/mp-567598.cif,train,-1.0557059004545408,-6.025785966352983,-1.059440208594265,-1.060341315728535,-1.1636274964321545,11,3
mp-570860,DySn3,<PROJECT_ROOT>/external_datasets/functional_protocol_round4_widechem_boost/meta_gga_r2scan/cif/mp-570860.cif,train,-0.4059315587499981,-4.572478294372559,-0.4231695755744411,-0.4242284877200513,-0.5456025031524893,4,2
mp-1006068,Gd2AgRh,<PROJECT_ROOT>/external_datasets/functional_protocol_round4_widechem_boost/meta_gga_r2scan/cif/mp-1006068.cif,train,-0.5059948837499988,-10.115551948547363,-0.5212037635816209,-0.5232249028337641,-0.7548907570765075,4,3
mp-1025250,RhF6,<PROJECT_ROOT>/external_datasets/functional_protocol_round4_widechem_boost/meta_gga_r2scan/cif/mp-1025250.cif,train,-1.354249577142858,-3.875617163521903,-1.615237835256257,-1.6304417312083412,-3.3731338984189345,7,2
mp-24250,Mn2H2SO6,<PROJECT_ROOT>/external_datasets/functional_protocol_round4_widechem_boost/meta_gga_r2scan/cif/mp-24250.cif,train,-1.2390774397070925,-6.463956659490412,-1.5971070465224768,-1.601065345123268,-2.0547711576885503,22,4
mp-27526,K3InF6,<PROJECT_ROOT>/external_datasets/functional_protocol_round4_widechem_boost/meta_gga_r2scan/cif/mp-27526.cif,train,-2.9531291126249988,-4.465322113037109,-3.031713094764077,-3.0272477287966977,-2.5154211338493506,40,3
mp-2017283,PuTcB2,<PROJECT_ROOT>/external_datasets/functional_protocol_round4_widechem_boost/meta_gga_r2scan/cif/mp-2017283.cif,train,-0.5327369084375029,-9.909585952758787,-0.5456172067026497,-0.5465659681572896,-0.6553143548065645,16,3
mp-228,Te2Rh,<PROJECT_ROOT>/external_datasets/functional_protocol_round4_widechem_boost/meta_gga_r2scan/cif/mp-228.cif,train,-0.4398400500000008,-4.9359792073567705,-0.4935628409421086,-0.4957789367433447,-0.7497909877841447,3,2
mp-1209589,PrCrSb3,<PROJECT_ROOT>/external_datasets/functional_protocol_round4_widechem_boost/meta_gga_r2scan/cif/mp-1209589.cif,train,-0.5899707228333341,-5.820504379272461,-0.6200460105037608,-0.6177691438733346,-0.3567914540007287,20,3
mp-1223468,KTaW2O9,<PROJECT_ROOT>/external_datasets/functional_protocol_round4_widechem_boost/meta_gga_r2scan/cif/mp-1223468.cif,train,-2.5537464325512813,-7.79966540214343,-2.118456183388534,-2.120521652571841,-2.357268666542354,39,4
mp-541354,K2(TcSe2)3,<PROJECT_ROOT>/external_datasets/functional_protocol_round4_widechem_boost/meta_gga_r2scan/cif/mp-541354.cif,train,-0.8886160765340931,-5.67488583651456,-0.8562477638001411,-0.8560202394118281,-0.8299410705847284,44,3
mp-8790,Ba2CuO3,<PROJECT_ROOT>/external_datasets/functional_protocol_round4_widechem_boost/meta_gga_r2scan/cif/mp-8790.cif,train,-2.128512874375003,-5.732356389363607,-2.270850690313199,-2.269265806599845,-2.0876041823744376,6,3
mp-865916,TiVRe2,<PROJECT_ROOT>/external_datasets/functional_protocol_round4_widechem_boost/meta_gga_r2scan/cif/mp-865916.cif,train,-0.4649533904166674,-10.86472511291504,-0.5216393913510409,-0.5199951890996326,-0.3315343897187521,4,3
mp-3338,NaGaO2,<PROJECT_ROOT>/external_datasets/functional_protocol_round4_widechem_boost/meta_gga_r2scan/cif/mp-3338.cif,train,-2.069107329375,-5.43082332611084,-2.2025198668071804,-2.2001763557936007,-1.931559791985824,16,3
mp-9138,RbPO3,<PROJECT_ROOT>/external_datasets/functional_protocol_round4_widechem_boost/meta_gga_r2scan/cif/mp-9138.cif,train,-2.455721598095238,-6.496784210205078,-2.6491155018405763,-2.646497308565269,-2.346396273441976,20,3
mp-1183037,ZrZnAu2,<PROJECT_ROOT>/external_datasets/functional_protocol_round4_widechem_boost/meta_gga_r2scan/cif/mp-1183037.cif,train,-0.5192954500000013,-4.547860622406006,-0.5065923127979719,-0.5058539771044126,-0.4212248903230676,4,3
mp-862619,LiErIn2,<PROJECT_ROOT>/external_datasets/functional_protocol_round4_widechem_boost/meta_gga_r2scan/cif/mp-862619.cif,train,-0.4682096424999997,-3.3580877780914307,-0.4810650280508612,-0.4825109468165021,-0.6482442111874563,4,3
mp-978568,Si3MoPt2,<PROJECT_ROOT>/external_datasets/functional_protocol_round4_widechem_boost/meta_gga_r2scan/cif/mp-978568.cif,train,-0.652694173333335,-7.1646073659261065,-0.6670540629344401,-0.6662840447325022,-0.5780234638042382,12,3
mp-861510,Pr2SnHg,<PROJECT_ROOT>/external_datasets/functional_protocol_round4_widechem_boost/meta_gga_r2scan/cif/mp-861510.cif,train,-0.6861022202083333,-4.074865341186523,-0.6329547176608727,-0.6320638222465504,-0.529948123399861,4,3
mp-23493,Ce(IO3)4,<PROJECT_ROOT>/external_datasets/functional_protocol_round4_widechem_boost/meta_gga_r2scan/cif/mp-23493.cif,train,-0.9292691297058816,-5.031816370346967,-1.3277677306882896,-1.34041167856636,-2.789678958425697,34,3
mp-555874,LiAsS2,<PROJECT_ROOT>/external_datasets/functional_protocol_round4_widechem_boost/meta_gga_r2scan/cif/mp-555874.cif,train,-0.7016358686979167,-4.312479496002197,-0.777431473501272,-0.7812229481239834,-1.21580715916985,8,3
mp-1222953,LaAs2Au,<PROJECT_ROOT>/external_datasets/functional_protocol_round4_widechem_boost/meta_gga_r2scan/cif/mp-1222953.cif,train,-0.9301411512500016,-5.197988986968994,-0.9268195568353308,-0.9263719346785768,-0.8750648467506186,8,3
mp-757149,Sr2Hf7O16,<PROJECT_ROOT>/external_datasets/functional_protocol_round4_widechem_boost/meta_gga_r2scan/cif/mp-757149.cif,train,-3.825481660400001,-9.579328002929689,-3.8955243088539744,-3.8846082405931126,-2.633392978734886,25,3
mp-760432,Cu2O3,<PROJECT_ROOT>/external_datasets/functional_protocol_round4_widechem_boost/meta_gga_r2scan/cif/mp-760432.cif,train,-0.5738809262499999,-5.00299072265625,-0.7475505142091272,-0.7571552289446943,-1.8580612855710767,10,2
mp-1207616,Yb4Rh,<PROJECT_ROOT>/external_datasets/functional_protocol_round4_widechem_boost/meta_gga_r2scan/cif/mp-1207616.cif,train,0.0397679449999998,-2.6476957321166994,-0.0374799470716289,-0.0388345076168894,-0.1940961628975623,10,2
mp-570668,LaSe2,<PROJECT_ROOT>/external_datasets/functional_protocol_round4_widechem_boost/meta_gga_r2scan/cif/mp-570668.cif,train,-2.025149987708332,-5.731631596883138,-1.9695738956654785,-1.9660590988918292,-1.56318809621653,12,2
mp-1194724,MnH7C3NO6,<PROJECT_ROOT>/external_datasets/functional_protocol_round4_widechem_boost/meta_gga_r2scan/cif/mp-1194724.cif,train,-0.9540849347397818,-6.297436184353298,-1.0647380106145876,-1.0657609044895766,-1.1830064545440937,108,5
mp-865790,YbInHg2,<PROJECT_ROOT>/external_datasets/functional_protocol_round4_widechem_boost/meta_gga_r2scan/cif/mp-865790.cif,train,-0.3654057024999986,-1.6544559001922607,-0.4700790782946997,-0.465672723879373,0.0393898830824512,4,3
mp-15432,K2Ga2As3,<PROJECT_ROOT>/external_datasets/functional_protocol_round4_widechem_boost/meta_gga_r2scan/cif/mp-15432.cif,train,-0.5942382357142841,-3.639293670654297,-0.5271908722470613,-0.5276335670298744,-0.5783758723506834,56,3
mp-1023506,Mg15Al,<PROJECT_ROOT>/external_datasets/functional_protocol_round4_widechem_boost/meta_gga_r2scan/cif/mp-1023506.cif,train,0.0141180715624997,-1.736515760421753,0.032991661455521,0.0340532526180163,0.1557343407723787,16,2
mp-568247,TmAu3,<PROJECT_ROOT>/external_datasets/functional_protocol_round4_widechem_boost/meta_gga_r2scan/cif/mp-568247.cif,train,-0.7942506437499972,-4.295457363128662,-0.7786685909673707,-0.776588648576654,-0.5381826949983524,8,2
mp-1202202,NaAu(IO3)4,<PROJECT_ROOT>/external_datasets/functional_protocol_round4_widechem_boost/meta_gga_r2scan/cif/mp-1202202.cif,train,-0.485957606666667,-4.305312686496311,-0.873882550668192,-0.8885960293364699,-2.5750758703224013,36,4
mp-2550,NdTe2,<PROJECT_ROOT>/external_datasets/functional_protocol_round4_widechem_boost/meta_gga_r2scan/cif/mp-2550.cif,train,-1.4719210508333305,-4.942892710367839,-1.3857563751677755,-1.382007381070924,-0.9522923482862682,6,2
mp-2472,SrO,<PROJECT_ROOT>/external_datasets/functional_protocol_round4_widechem_boost/meta_gga_r2scan/cif/mp-2472.cif,train,-2.972191274375,-6.048759460449219,-3.0623161261373983,-3.055402035396084,-2.262899125862115,2,2
mp-1201577,Nd2USe5,<PROJECT_ROOT>/external_datasets/functional_protocol_round4_widechem_boost/meta_gga_r2scan/cif/mp-1201577.cif,train,-1.992215575664062,-6.401872634887695,-1.8348403855368345,-1.8317790742015203,-1.4808872171235654,32,3
mp-1102510,Ho5S7,<PROJECT_ROOT>/external_datasets/functional_protocol_round4_widechem_boost/meta_gga_r2scan/cif/mp-1102510.cif,train,-2.369066010390623,-6.383597691853841,-2.2366985156259247,-2.230313913452705,-1.49850173629099,12,2
mp-865096,NaHoTl2,<PROJECT_ROOT>/external_datasets/functional_protocol_round4_widechem_boost/meta_gga_r2scan/cif/mp-865096.cif,train,-0.3084900637499999,-2.873594284057617,-0.2551473767706333,-0.2547828024366287,-0.2129947740105392,4,3
mp-18691,Rb2Ni3Se4,<PROJECT_ROOT>/external_datasets/functional_protocol_round4_widechem_boost/meta_gga_r2scan/cif/mp-18691.cif,train,-0.7527783293055563,-4.322386423746745,-0.7858787276651475,-0.7866101660195364,-0.8704486699797349,18,3
mp-4104,HoPO4,<PROJECT_ROOT>/external_datasets/functional_protocol_round4_widechem_boost/meta_gga_r2scan/cif/mp-4104.cif,train,-3.3488830029960304,-8.00631586710612,-3.476717755405989,-3.468926574981835,-2.5758903991687925,12,3
mp-2017169,Ca2Mg,<PROJECT_ROOT>/external_datasets/functional_protocol_round4_widechem_boost/meta_gga_r2scan/cif/mp-2017169.cif,train,-0.0339308916666674,-1.9177544911702475,-0.1227133677937977,-0.1266257341376908,-0.5750667261210767,6,2
mp-865019,HfGaRh2,<PROJECT_ROOT>/external_datasets/functional_protocol_round4_widechem_boost/meta_gga_r2scan/cif/mp-865019.cif,train,-0.9613783050000038,-7.816270351409912,-0.9214572041768898,-0.9193059356189348,-0.6727244753576699,4,3
mp-1225810,Cu2SiTe3,<PROJECT_ROOT>/external_datasets/functional_protocol_round4_widechem_boost/meta_gga_r2scan/cif/mp-1225810.cif,train,-0.1072144108333337,-3.909494400024414,-0.1048152392030359,-0.1075387569624464,-0.4197122341784069,6,3
mp-1226556,CeThN2,<PROJECT_ROOT>/external_datasets/functional_protocol_round4_widechem_boost/meta_gga_r2scan/cif/mp-1226556.cif,train,-1.7606936093749963,-9.04999542236328,-1.7445150850017557,-1.741151250743136,-1.3555837861425342,4,3
mp-8279,Ba(CdP)2,<PROJECT_ROOT>/external_datasets/functional_protocol_round4_widechem_boost/meta_gga_r2scan/cif/mp-8279.cif,train,-0.7006350821904732,-3.4983734130859374,-0.6194062968539966,-0.6187772536263383,-0.5466754246531839,5,3
mp-1199715,K2In2P3Se10,<PROJECT_ROOT>/external_datasets/functional_protocol_round4_widechem_boost/meta_gga_r2scan/cif/mp-1199715.cif,train,-0.618040659091386,-3.9481421077952654,-0.6466030035080568,-0.6505768537971557,-1.1060652229822652,68,4
mp-1221396,Na(NbSe2)2,<PROJECT_ROOT>/external_datasets/functional_protocol_round4_widechem_boost/meta_gga_r2scan/cif/mp-1221396.cif,train,-1.076703728035716,-5.998374938964844,-1.0428513961656891,-1.0434573232825055,-1.1129095507709823,7,3
mp-1102992,HoAlAu,<PROJECT_ROOT>/external_datasets/functional_protocol_round4_widechem_boost/meta_gga_r2scan/cif/mp-1102992.cif,train,-0.8933112316666675,-4.658193270365397,-0.8400576828496233,-0.8384093403602497,-0.6494739810177736,12,3
mp-22602,CaIn2Au,<PROJECT_ROOT>/external_datasets/functional_protocol_round4_widechem_boost/meta_gga_r2scan/cif/mp-22602.cif,train,-0.6394497387499989,-3.210118055343628,-0.6106664817776801,-0.6091856193272456,-0.4394470601303853,8,3
mp-6182,CsTb2Cu3Se5,<PROJECT_ROOT>/external_datasets/functional_protocol_round4_widechem_boost/meta_gga_r2scan/cif/mp-6182.cif,train,-1.311995325028409,-4.7435666864568535,-1.2344802836726574,-1.2307442230119188,-0.8025116390598924,22,4
mp-21866,Dy2InAu2,<PROJECT_ROOT>/external_datasets/functional_protocol_round4_widechem_boost/meta_gga_r2scan/cif/mp-21866.cif,train,-0.9277420100000028,-4.514929962158203,-0.9294900327743028,-0.928168243459873,-0.7766628732423124,10,3
mp-1020724,Na7Al4P9O32,<PROJECT_ROOT>/external_datasets/functional_protocol_round4_widechem_boost/meta_gga_r2scan/cif/mp-1020724.cif,train,-2.678039744553572,-6.869084284855769,-2.823201338591722,-2.8190101690130467,-2.338612353924342,104,4
mp-981,SrF2,<PROJECT_ROOT>/external_datasets/functional_protocol_round4_widechem_boost/meta_gga_r2scan/cif/mp-981.cif,train,-4.20881278,-5.756732940673828,-4.261983250179439,-4.250568068658706,-2.9421437354367046,3,2
mp-1210096,Pr(InPt)2,<PROJECT_ROOT>/external_datasets/functional_protocol_round4_widechem_boost/meta_gga_r2scan/cif/mp-1210096.cif,train,-0.9085202663333348,-5.255816650390625,-0.8808351503006477,-0.879089644619957,-0.6790173021662881,20,3
mp-29152,Zr2CoP,<PROJECT_ROOT>/external_datasets/functional_protocol_round4_widechem_boost/meta_gga_r2scan/cif/mp-29152.cif,train,-0.95897471324405,-8.333992958068848,-0.990106352091516,-0.987303208566531,-0.6660029129072211,8,3
mp-619661,Pb3(IO)2,<PROJECT_ROOT>/external_datasets/functional_protocol_round4_widechem_boost/meta_gga_r2scan/cif/mp-619661.cif,train,-1.104986236785712,-4.411117281232562,-1.19245453955058,-1.1924263399136097,-1.1891940574368558,28,3
mp-862955,PmSbRh2,<PROJECT_ROOT>/external_datasets/functional_protocol_round4_widechem_boost/meta_gga_r2scan/cif/mp-862955.cif,train,-0.6707167543750003,-6.519510746002197,-0.6733097204742746,-0.6712534029299704,-0.4355553628314851,4,3
mp-18100,Na6Ge2Se7,<PROJECT_ROOT>/external_datasets/functional_protocol_round4_widechem_boost/meta_gga_r2scan/cif/mp-18100.cif,train,-1.0040002338958345,-3.613985951741536,-0.9778496902333144,-0.9781048462890664,-1.0073511961183548,30,3
mp-865183,MgGaAg2,<PROJECT_ROOT>/external_datasets/functional_protocol_round4_widechem_boost/meta_gga_r2scan/cif/mp-865183.cif,train,-0.1179143262500002,-2.719681739807129,-0.1097399349165977,-0.1074391299761723,0.1562824030175775,4,3
mp-1200551,Nd2US5,<PROJECT_ROOT>/external_datasets/functional_protocol_round4_widechem_boost/meta_gga_r2scan/cif/mp-1200551.cif,train,-2.2048971873828087,-7.012404918670654,-2.0472342209729977,-2.043791854910089,-1.6492229632648423,32,3
mp-1095309,LaAsO4,<PROJECT_ROOT>/external_datasets/functional_protocol_round4_widechem_boost/meta_gga_r2scan/cif/mp-1095309.cif,train,-2.6215230179166653,-7.25471305847168,-2.81890077658497,-2.817617092300398,-2.6704793747737714,12,3
mp-29302,Ba3(GaS3)2,<PROJECT_ROOT>/external_datasets/functional_protocol_round4_widechem_boost/meta_gga_r2scan/cif/mp-29302.cif,train,-1.7360586138068186,-4.845839066938921,-1.6748655739849472,-1.672457522682696,-1.39644325923952,22,3
mp-1184060,Dy3Al,<PROJECT_ROOT>/external_datasets/functional_protocol_round4_widechem_boost/meta_gga_r2scan/cif/mp-1184060.cif,train,-0.2248000762499984,-4.575160026550293,-0.3389607478724539,-0.3468160681143661,-1.247204041016044,4,2
mp-1216689,TlCr5Te8,<PROJECT_ROOT>/external_datasets/functional_protocol_round4_widechem_boost/meta_gga_r2scan/cif/mp-1216689.cif,train,-0.4498072378571456,-5.623166765485491,-0.4785073898071008,-0.4775886220394127,-0.3722781544274622,14,3
mp-29315,Sc7(CCl5)2,<PROJECT_ROOT>/external_datasets/functional_protocol_round4_widechem_boost/meta_gga_r2scan/cif/mp-29315.cif,train,-1.974895987368421,-6.035899915193257,-1.9240705346248357,-1.920890573558406,-1.5563989156311375,19,3
mp-1045491,Al(NiS2)2,<PROJECT_ROOT>/external_datasets/functional_protocol_round4_widechem_boost/meta_gga_r2scan/cif/mp-1045491.cif,train,-0.5920990480357143,-4.9671630859375,-0.5876673615972869,-0.5920963341198817,-1.0997514606902905,14,3
mp-30361,Zn8Ag5,<PROJECT_ROOT>/external_datasets/functional_protocol_round4_widechem_boost/meta_gga_r2scan/cif/mp-30361.cif,train,-0.0232349607692299,-1.9070697197547328,-0.0282339819092862,-0.0264906484777744,0.1733327076874271,26,2
mp-1072474,TmSe2,<PROJECT_ROOT>/external_datasets/functional_protocol_round4_widechem_boost/meta_gga_r2scan/cif/mp-1072474.cif,train,-1.727125514375004,-5.322510719299316,-1.6941290293963798,-1.691465132400677,-1.3861254718749376,6,2
mp-672299,YInNi,<PROJECT_ROOT>/external_datasets/functional_protocol_round4_widechem_boost/meta_gga_r2scan/cif/mp-672299.cif,train,-0.5445542233333356,-5.502206590440538,-0.6032661718939272,-0.6025139204942622,-0.5162897956975089,9,3
mp-1228848,CsBS2,<PROJECT_ROOT>/external_datasets/functional_protocol_round4_widechem_boost/meta_gga_r2scan/cif/mp-1228848.cif,train,-0.9786386420312496,-4.800223350524902,-0.9824349505744624,-0.9842140198517626,-1.1881334694616577,8,3
mp-16253,BaCaSi,<PROJECT_ROOT>/external_datasets/functional_protocol_round4_widechem_boost/meta_gga_r2scan/cif/mp-16253.cif,train,-0.4909947450000018,-3.5342887242635093,-0.4687561249795906,-0.4738794378869366,-1.061120846401741,12,3
mp-973981,LuBrO,<PROJECT_ROOT>/external_datasets/functional_protocol_round4_widechem_boost/meta_gga_r2scan/cif/mp-973981.cif,train,-3.277049009305557,-6.645880381266276,-3.292043184420858,-3.2827682961696203,-2.219667420043708,6,3
mp-866105,Ca2HgPb,<PROJECT_ROOT>/external_datasets/functional_protocol_round4_widechem_boost/meta_gga_r2scan/cif/mp-866105.cif,train,-0.6958970818749997,-2.6058695316314697,-0.6548427156069057,-0.6522165846519021,-0.3512057213981796,4,3
mp-568779,Tb3CuSiSe7,<PROJECT_ROOT>/external_datasets/functional_protocol_round4_widechem_boost/meta_gga_r2scan/cif/mp-568779.cif,train,-1.5466179802864584,-5.306981404622396,-1.4673261820475068,-1.4647190690687646,-1.165888073289301,24,4
mp-983556,Er2MgTl,<PROJECT_ROOT>/external_datasets/functional_protocol_round4_widechem_boost/meta_gga_r2scan/cif/mp-983556.cif,train,-0.2592857654166707,-3.4798483848571777,-0.2723877772363496,-0.2751331393815022,-0.5898104511436757,4,3
mp-985305,Ac3In,<PROJECT_ROOT>/external_datasets/functional_protocol_round4_widechem_boost/meta_gga_r2scan/cif/mp-985305.cif,train,-0.2502240406249996,-3.931560516357422,-0.2481208003854846,-0.2508927714629694,-0.568620036875485,8,2
mp-560255,NbPCl8O,<PROJECT_ROOT>/external_datasets/functional_protocol_round4_widechem_boost/meta_gga_r2scan/cif/mp-560255.cif,train,-1.3070036772023803,-4.376545299183238,-1.4046005543629896,-1.4088395400194962,-1.8947181019225023,44,4
mp-567545,K(In3Au2)2,<PROJECT_ROOT>/external_datasets/functional_protocol_round4_widechem_boost/meta_gga_r2scan/cif/mp-567545.cif,train,-0.3350032467045439,-3.049500898881392,-0.3342957847570926,-0.3340165275717028,-0.302007672003122,11,3
mp-13573,Sc5Si7Pt9,<PROJECT_ROOT>/external_datasets/functional_protocol_round4_widechem_boost/meta_gga_r2scan/cif/mp-13573.cif,train,-1.1914408766666664,-7.021193004789806,-1.1507271920124138,-1.149493601676534,-1.0080977237604225,21,3
mp-5626,K3SbTe3,<PROJECT_ROOT>/external_datasets/functional_protocol_round4_widechem_boost/meta_gga_r2scan/cif/mp-5626.cif,train,-0.9462083776785712,-3.1921964372907365,-0.8679543208972533,-0.8662993528718692,-0.6766045651730688,28,3
mp-1094267,Zr3Sn,<PROJECT_ROOT>/external_datasets/functional_protocol_round4_widechem_boost/meta_gga_r2scan/cif/mp-1094267.cif,train,-0.384550153750002,-7.757025718688965,-0.402913172110904,-0.40697248307929,-0.8722564768114391,8,2
mp-123,Nd,<PROJECT_ROOT>/external_datasets/functional_protocol_round4_widechem_boost/meta_gga_r2scan/cif/mp-123.cif,train,0.0,-4.764296054840088,-0.1107718838050075,-0.1196200122795838,-1.1338050761421377,4,1
mp-756951,LiSbO3,<PROJECT_ROOT>/external_datasets/functional_protocol_round4_widechem_boost/meta_gga_r2scan/cif/mp-756951.cif,train,-1.8490649465833329,-5.830187606811523,-2.0600861403081003,-2.061501215067441,-2.223699095589607,10,3
mp-1189451,BeCN2,<PROJECT_ROOT>/external_datasets/functional_protocol_round4_widechem_boost/meta_gga_r2scan/cif/mp-1189451.cif,train,-0.5004355675000003,-7.794895172119141,-0.4982351490513412,-0.4985281780728892,-0.5321155810792202,16,3
mp-676095,Na3Pr5Cl18,<PROJECT_ROOT>/external_datasets/functional_protocol_round4_widechem_boost/meta_gga_r2scan/cif/mp-676095.cif,train,-2.452118016666667,-4.519472855788011,-2.368478233556274,-2.362446196072014,-1.671045484749863,26,3
mp-19876,InNi,<PROJECT_ROOT>/external_datasets/functional_protocol_round4_widechem_boost/meta_gga_r2scan/cif/mp-19876.cif,train,-0.2132058000000019,-4.432710965474446,-0.272960552933509,-0.2720049905251569,-0.1624770688953525,6,2
mp-752601,NaMn3O4,<PROJECT_ROOT>/external_datasets/functional_protocol_round4_widechem_boost/meta_gga_r2scan/cif/mp-752601.cif,train,-2.0299778141810343,-7.062790393829346,-1.5946130304742958,-1.596738278429405,-1.8403372202017616,16,3
mp-504840,K4WO5,<PROJECT_ROOT>/external_datasets/functional_protocol_round4_widechem_boost/meta_gga_r2scan/cif/mp-504840.cif,train,-2.120494158708334,-5.498565673828125,-1.8134434067641068,-1.81405574200516,-1.884242477803528,60,3
mp-22477,Ta2P,<PROJECT_ROOT>/external_datasets/functional_protocol_round4_widechem_boost/meta_gga_r2scan/cif/mp-22477.cif,train,-0.7871615917142916,-10.442292955186632,-0.7221495334033747,-0.7216750724212622,-0.6672916801772883,36,2
mp-1218300,SrMn2(SiO5)2,<PROJECT_ROOT>/external_datasets/functional_protocol_round4_widechem_boost/meta_gga_r2scan/cif/mp-1218300.cif,train,-2.2727269550977005,-6.968291219075521,-2.1204926426332564,-2.1235326734933397,-2.4719853322491128,30,4
mp-17766,MnSiO3,<PROJECT_ROOT>/external_datasets/functional_protocol_round4_widechem_boost/meta_gga_r2scan/cif/mp-17766.cif,train,-2.6424320248965514,-7.908816528320313,-2.5323277129794866,-2.529773659596821,-2.2370244301473345,40,3
mp-2717324,CaCO3,<PROJECT_ROOT>/external_datasets/functional_protocol_round4_widechem_boost/meta_gga_r2scan/cif/mp-2717324.cif,train,-2.407895178583334,-7.477126057942709,-2.6641140329478974,-2.659985082082021,-2.186718864301916,15,3
mp-21710,CaGeAu,<PROJECT_ROOT>/external_datasets/functional_protocol_round4_widechem_boost/meta_gga_r2scan/cif/mp-21710.cif,train,-0.7929035172222237,-4.020542568630642,-0.770469763277613,-0.7688992938841634,-0.5888898594988151,36,3
mp-568836,Ba3GeI2,<PROJECT_ROOT>/external_datasets/functional_protocol_round4_widechem_boost/meta_gga_r2scan/cif/mp-568836.cif,train,-1.38672360916667,-3.453601837158203,-1.3214844092108358,-1.320144556769077,-1.166568765220703,24,3
mp-20608,Tb2In,<PROJECT_ROOT>/external_datasets/functional_protocol_round4_widechem_boost/meta_gga_r2scan/cif/mp-20608.cif,train,-0.4890193166666658,-4.352485656738281,-0.4465924356243866,-0.4495433795207253,-0.7877847638506243,6,2
mp-30343,InAg3,<PROJECT_ROOT>/external_datasets/functional_protocol_round4_widechem_boost/meta_gga_r2scan/cif/mp-30343.cif,train,-0.0506649737499955,-2.838911533355713,-0.0100223099433263,-0.0080395293974708,0.2192295954016798,4,2
mp-1225578,DyErTe2,<PROJECT_ROOT>/external_datasets/functional_protocol_round4_widechem_boost/meta_gga_r2scan/cif/mp-1225578.cif,train,-1.4493625220833335,-5.103046417236328,-1.3939741220639386,-1.3921411819806648,-1.182046984008871,4,3
mp-684017,Y2Te4O11,<PROJECT_ROOT>/external_datasets/functional_protocol_round4_widechem_boost/meta_gga_r2scan/cif/mp-684017.cif,train,-2.0343093200735307,-6.536019717945772,-2.2783241559582983,-2.280615016994667,-2.5431967655694363,34,3
mp-865801,LuPaTc2,<PROJECT_ROOT>/external_datasets/functional_protocol_round4_widechem_boost/meta_gga_r2scan/cif/mp-865801.cif,train,-0.2830123316666686,-8.936381340026855,-0.2491570839704167,-0.252088023763676,-0.588036509362146,4,3
mp-1218188,SrLaB12,<PROJECT_ROOT>/external_datasets/functional_protocol_round4_widechem_boost/meta_gga_r2scan/cif/mp-1218188.cif,train,-0.5790037839285702,-6.705527169363839,-0.5094286993961239,-0.5115153569028275,-0.7506910066202541,14,3
mp-569382,Nd3Ga,<PROJECT_ROOT>/external_datasets/functional_protocol_round4_widechem_boost/meta_gga_r2scan/cif/mp-569382.cif,train,-0.2935401081249971,-4.5681471824646,-0.3228623666697983,-0.328106918715223,-0.929244929584206,4,2
mp-5342,GaAgS2,<PROJECT_ROOT>/external_datasets/functional_protocol_round4_widechem_boost/meta_gga_r2scan/cif/mp-5342.cif,train,-0.6200111739062493,-4.035290718078613,-0.6094625975645185,-0.611673142741056,-0.8650489732882691,8,3
mp-1172,MgRh,<PROJECT_ROOT>/external_datasets/functional_protocol_round4_widechem_boost/meta_gga_r2scan/cif/mp-1172.cif,train,-0.4628490225000004,-4.932539939880371,-0.458227544439147,-0.4556809448905516,-0.1637860844981378,2,2
mp-1224087,La3InPb4,<PROJECT_ROOT>/external_datasets/functional_protocol_round4_widechem_boost/meta_gga_r2scan/cif/mp-1224087.cif,train,-0.7269207556250024,-4.603736877441406,-0.6202265641890987,-0.6195183633423467,-0.5383433755407732,16,3
mp-583630,Ba2SnTe5,<PROJECT_ROOT>/external_datasets/functional_protocol_round4_widechem_boost/meta_gga_r2scan/cif/mp-583630.cif,train,-1.1360243268750023,-3.916720151901245,-1.0731088603246293,-1.071745491600903,-0.9154742303829078,32,3
mp-998147,TlCuCl3,<PROJECT_ROOT>/external_datasets/functional_protocol_round4_widechem_boost/meta_gga_r2scan/cif/mp-998147.cif,train,-0.8380393174999995,-3.0902101516723635,-0.8279067498555093,-0.8296332483071698,-1.027526955150439,5,3
mp-17196,TiAs2O7,<PROJECT_ROOT>/external_datasets/functional_protocol_round4_widechem_boost/meta_gga_r2scan/cif/mp-17196.cif,train,-1.8897818217916664,-6.876774597167969,-2.150680869947421,-2.1550965817258128,-2.6612317429442487,40,3
mp-672274,YbIn4Rh,<PROJECT_ROOT>/external_datasets/functional_protocol_round4_widechem_boost/meta_gga_r2scan/cif/mp-672274.cif,train,-0.4537037066666632,-3.720807075500488,-0.4995769347161296,-0.4975357940289484,-0.2635773468698799,12,3
mp-8953,YbAsPd,<PROJECT_ROOT>/external_datasets/functional_protocol_round4_widechem_boost/meta_gga_r2scan/cif/mp-8953.cif,train,-1.2831765058333373,-4.754506429036458,-1.0332784909316022,-1.028263465489622,-0.4534341201915908,9,3
mp-3216543,KYb2F7,<PROJECT_ROOT>/external_datasets/functional_protocol_round4_widechem_boost/meta_gga_r2scan/cif/mp-3216543.cif,train,-4.232358450375,-4.684680557250976,-3.298472464658343,-3.293958989716302,-2.7766180757036123,10,3
mp-647,NbS,<PROJECT_ROOT>/external_datasets/functional_protocol_round4_widechem_boost/meta_gga_r2scan/cif/mp-647.cif,train,-1.002259731406248,-8.020955085754395,-0.9699224429375236,-0.97176227377311,-1.1826462995702407,4,2
mp-2014814,Cu2S,<PROJECT_ROOT>/external_datasets/functional_protocol_round4_widechem_boost/meta_gga_r2scan/cif/mp-2014814.cif,train,-0.1395293592708336,-4.214454650878906,-0.1496596182777043,-0.1508571967125718,-0.2881253393409684,6,2
mp-570272,Tb2Mg3Ni2,<PROJECT_ROOT>/external_datasets/functional_protocol_round4_widechem_boost/meta_gga_r2scan/cif/mp-570272.cif,train,-0.2632254921428552,-3.938101087297712,-0.318455093590833,-0.31781235782113,-0.2441410702142047,7,3
mp-759169,Li2CuF6,<PROJECT_ROOT>/external_datasets/functional_protocol_round4_widechem_boost/meta_gga_r2scan/cif/mp-759169.cif,train,-2.142215233703704,-4.046585506863064,-2.2384226320110514,-2.242001819025864,-2.652253322675888,18,3
mp-1212980,EuInO3,<PROJECT_ROOT>/external_datasets/functional_protocol_round4_widechem_boost/meta_gga_r2scan/cif/mp-1212980.cif,train,-2.4628467215833365,-7.723068745930989,-2.5262978124192745,-2.525363583414082,-2.4182809267808505,30,3
mp-978960,Sm3Tm,<PROJECT_ROOT>/external_datasets/functional_protocol_round4_widechem_boost/meta_gga_r2scan/cif/mp-978960.cif,train,0.0315190924999981,-4.639293670654297,-0.099166424417362,-0.1091978892290725,-1.2590186462320028,4,2
mp-1078239,WBr4,<PROJECT_ROOT>/external_datasets/functional_protocol_round4_widechem_boost/meta_gga_r2scan/cif/mp-1078239.cif,train,-0.5585269060000002,-4.354387664794922,-1.0672040997402954,-1.0695302344431503,-1.3361551008151484,10,2
mp-1194265,Mg2SnSe4,<PROJECT_ROOT>/external_datasets/functional_protocol_round4_widechem_boost/meta_gga_r2scan/cif/mp-1194265.cif,train,-1.01730585982143,-3.874019077845982,-0.962685793705349,-0.9615059973237914,-0.8262760589236614,28,3
mp-27638,NiI2,<PROJECT_ROOT>/external_datasets/functional_protocol_round4_widechem_boost/meta_gga_r2scan/cif/mp-27638.cif,train,-0.3383535283333335,-3.0418472290039062,-0.2546456645114472,-0.2594329984067709,-0.8081640149501954,3,2
mp-1226157,Cs2Ti(WO4)3,<PROJECT_ROOT>/external_datasets/functional_protocol_round4_widechem_boost/meta_gga_r2scan/cif/mp-1226157.cif,train,-2.549235709537037,-7.28955078125,-2.0491892459472387,-2.0514526399882174,-2.310886082506484,18,4
mp-1184148,ErBeO3,<PROJECT_ROOT>/external_datasets/functional_protocol_round4_widechem_boost/meta_gga_r2scan/cif/mp-1184148.cif,train,-2.723926522416668,-7.102536010742187,-2.873469472208863,-2.8696383771292586,-2.4305128129899725,5,3
mp-1018139,HoNiBi,<PROJECT_ROOT>/external_datasets/functional_protocol_round4_widechem_boost/meta_gga_r2scan/cif/mp-1018139.cif,train,-0.7471515600000013,-5.413393656412761,-0.7126511935745707,-0.7091332883291228,-0.3059059881976712,3,3
mp-1077167,TmCuSn,<PROJECT_ROOT>/external_datasets/functional_protocol_round4_widechem_boost/meta_gga_r2scan/cif/mp-1077167.cif,train,-0.586592111666666,-4.719527244567871,-0.5266080984972881,-0.5248275971840712,-0.3207440055813247,6,3
mp-756219,CoOF,<PROJECT_ROOT>/external_datasets/functional_protocol_round4_widechem_boost/meta_gga_r2scan/cif/mp-756219.cif,train,-1.5768854170833322,-5.282717704772949,-1.0012537635661012,-1.0127468490255014,-2.3301006424413933,24,3
mp-1857,YbCd,<PROJECT_ROOT>/external_datasets/functional_protocol_round4_widechem_boost/meta_gga_r2scan/cif/mp-1857.cif,train,-0.3784749325000014,-1.5915969610214231,-0.4174619932848615,-0.4140201884126169,-0.0195156212410561,2,2
mp-1078693,BaCdSbF,<PROJECT_ROOT>/external_datasets/functional_protocol_round4_widechem_boost/meta_gga_r2scan/cif/mp-1078693.cif,train,-1.9757390824999987,-4.005324840545654,-1.9508612451152905,-1.945856825219768,-1.3722431027345303,8,4
mp-12775,ThRu,<PROJECT_ROOT>/external_datasets/functional_protocol_round4_widechem_boost/meta_gga_r2scan/cif/mp-12775.cif,train,-0.548034555000001,-8.87937068939209,-0.5788911074514047,-0.5806051423702749,-0.7770702613675339,4,2
mp-1183568,CaTmZn2,<PROJECT_ROOT>/external_datasets/functional_protocol_round4_widechem_boost/meta_gga_r2scan/cif/mp-1183568.cif,train,-0.2926027875000034,-2.5329151153564453,-0.3496407529849064,-0.3510358994053817,-0.5109495653985274,4,3
mp-1068387,LaGe3Ru,<PROJECT_ROOT>/external_datasets/functional_protocol_round4_widechem_boost/meta_gga_r2scan/cif/mp-1068387.cif,train,-0.6664165919999988,-6.241616058349609,-0.6470357414672465,-0.6469449481405887,-0.6365380879743416,5,3
mp-1208626,SrRhO3,<PROJECT_ROOT>/external_datasets/functional_protocol_round4_widechem_boost/meta_gga_r2scan/cif/mp-1208626.cif,train,-1.8428458047499987,-6.3666534423828125,-1.979642745775367,-1.9830037904301872,-2.368251506677216,20,3
mp-542568,EuAg5,<PROJECT_ROOT>/external_datasets/functional_protocol_round4_widechem_boost/meta_gga_r2scan/cif/mp-542568.cif,train,-0.1730079716666684,-4.238180796305339,-0.1033718425644538,-0.1022135990415185,0.0305459200655111,6,2
mp-1209858,Pr3IrBr3,<PROJECT_ROOT>/external_datasets/functional_protocol_round4_widechem_boost/meta_gga_r2scan/cif/mp-1209858.cif,train,-1.6334051839285697,-5.430025373186384,-1.567943390189865,-1.565436585659051,-1.2781030867753076,28,3
mp-18510,Sr2SiO4,<PROJECT_ROOT>/external_datasets/functional_protocol_round4_widechem_boost/meta_gga_r2scan/cif/mp-18510.cif,train,-3.297380867857143,-7.109240940638951,-3.380408600291944,-3.371765850701105,-2.381121606450531,28,3
mp-1105456,HgAs2H2F14,<PROJECT_ROOT>/external_datasets/functional_protocol_round4_widechem_boost/meta_gga_r2scan/cif/mp-1105456.cif,train,-2.0009605178947374,-4.093162135074013,-2.190173256464896,-2.196361041803245,-2.905613793565793,19,4
mp-865609,LuGaRh2,<PROJECT_ROOT>/external_datasets/functional_protocol_round4_widechem_boost/meta_gga_r2scan/cif/mp-865609.cif,train,-0.9892184016666654,-6.475354671478272,-0.9725597991659772,-0.9702433821449894,-0.7047323702836856,4,3
mp-1220229,Pr(ZnAs)3,<PROJECT_ROOT>/external_datasets/functional_protocol_round4_widechem_boost/meta_gga_r2scan/cif/mp-1220229.cif,train,-0.673080095595237,-3.759820938110352,-0.6092273295228869,-0.6078115126491577,-0.4455285699197162,14,3
mp-1184867,HoTmHg2,<PROJECT_ROOT>/external_datasets/functional_protocol_round4_widechem_boost/meta_gga_r2scan/cif/mp-1184867.cif,train,-0.5728059599999966,-2.888501167297364,-0.5083864226677863,-0.5079079892427343,-0.453069269943689,4,3
mp-1192816,Cs3SbSe3,<PROJECT_ROOT>/external_datasets/functional_protocol_round4_widechem_boost/meta_gga_r2scan/cif/mp-1192816.cif,train,-1.1448392792410689,-3.43410519191197,-1.1203787923451247,-1.1188172161065202,-0.9398271277701032,28,3
mp-1221508,Na11TiNb2Si4P2O25F,<PROJECT_ROOT>/external_datasets/functional_protocol_round4_widechem_boost/meta_gga_r2scan/cif/mp-1221508.cif,train,-2.705192074160198,-6.831988790760869,-2.8258416278206315,-2.820756234870468,-2.237861265754017,46,7
mp-1183945,CsRb3,<PROJECT_ROOT>/external_datasets/functional_protocol_round4_widechem_boost/meta_gga_r2scan/cif/mp-1183945.cif,train,0.0258406190625031,-0.929766833782196,-0.0701659545134782,-0.0760850872900986,-0.7545445005231038,4,2
mp-582389,Eu2B5Os3,<PROJECT_ROOT>/external_datasets/functional_protocol_round4_widechem_boost/meta_gga_r2scan/cif/mp-582389.cif,train,-0.4785587282499989,-9.146038055419922,-0.3733538801355571,-0.3744450852349112,-0.4995205649323501,10,3
mp-1187335,TbDyRh2,<PROJECT_ROOT>/external_datasets/functional_protocol_round4_widechem_boost/meta_gga_r2scan/cif/mp-1187335.cif,train,-0.9238379412500032,-6.838711738586426,-0.9482266658588988,-0.9478444604065775,-0.9040355281345488,4,3
mp-21260,FeSn,<PROJECT_ROOT>/external_datasets/functional_protocol_round4_widechem_boost/meta_gga_r2scan/cif/mp-21260.cif,train,0.0677626449999995,-6.240390141805013,0.0269792800855057,0.0272425840624004,0.0574228601949364,6,2
mp-542043,K4H6C2O9,<PROJECT_ROOT>/external_datasets/functional_protocol_round4_widechem_boost/meta_gga_r2scan/cif/mp-542043.cif,train,-1.5535766257738086,-5.637734186081659,-1.7214781753697703,-1.7201623961120136,-1.5693459071365865,42,4
mp-1220999,NaNdF4,<PROJECT_ROOT>/external_datasets/functional_protocol_round4_widechem_boost/meta_gga_r2scan/cif/mp-1220999.cif,train,-3.972147816805555,-5.9327952067057295,-4.004645862723262,-3.994725369011402,-2.857624277224465,18,3
mp-541951,Zr3P3Pd4,<PROJECT_ROOT>/external_datasets/functional_protocol_round4_widechem_boost/meta_gga_r2scan/cif/mp-541951.cif,train,-1.1054877756428596,-7.298715972900391,-1.0765242546542029,-1.0737481397784912,-0.755545906321683,40,3
mp-1019789,K3B(SO4)3,<PROJECT_ROOT>/external_datasets/functional_protocol_round4_widechem_boost/meta_gga_r2scan/cif/mp-1019789.cif,train,-1.927615971957236,-6.073695132606908,-2.2064625618844755,-2.2094473242177357,-2.551565025861404,76,4
mp-540540,PaBr3O,<PROJECT_ROOT>/external_datasets/functional_protocol_round4_widechem_boost/meta_gga_r2scan/cif/mp-540540.cif,train,-2.315754249250003,-5.959780502319336,-2.378591244386607,-2.3760417095036868,-2.0838103969181785,10,3
mp-1101764,NdAsS,<PROJECT_ROOT>/external_datasets/functional_protocol_round4_widechem_boost/meta_gga_r2scan/cif/mp-1101764.cif,train,-1.8065575934374989,-6.08570925394694,-1.721795832269148,-1.7173507495168616,-1.2078490455169506,12,3
mp-30358,TbAg2,<PROJECT_ROOT>/external_datasets/functional_protocol_round4_widechem_boost/meta_gga_r2scan/cif/mp-30358.cif,train,-0.3304382066666657,-3.748146692911784,-0.3094945977137513,-0.307745248611039,-0.1072323676607147,3,2
mp-9628,KCdF3,<PROJECT_ROOT>/external_datasets/functional_protocol_round4_widechem_boost/meta_gga_r2scan/cif/mp-9628.cif,train,-2.6758525457499984,-3.979235076904297,-2.733527574797131,-2.730784164598192,-2.4163305876862715,20,3
mp-20096,MnSnF6,<PROJECT_ROOT>/external_datasets/functional_protocol_round4_widechem_boost/meta_gga_r2scan/cif/mp-20096.cif,train,-2.800838775560345,-5.416982173919678,-2.794903764525654,-2.7961234835715016,-2.9359294145046717,8,3
mp-19886,ThSnPt,<PROJECT_ROOT>/external_datasets/functional_protocol_round4_widechem_boost/meta_gga_r2scan/cif/mp-19886.cif,train,-1.1920333300000057,-6.904183705647786,-1.12493390388022,-1.1229301489205137,-0.8932569069903296,3,3
mp-28564,Rb4PbBr6,<PROJECT_ROOT>/external_datasets/functional_protocol_round4_widechem_boost/meta_gga_r2scan/cif/mp-28564.cif,train,-1.7577085531818206,-3.1356665871360083,-1.731260243298954,-1.7271701540377764,-1.2583583086325143,22,3
mp-9976,Ba(Sb3Ru)4,<PROJECT_ROOT>/external_datasets/functional_protocol_round4_widechem_boost/meta_gga_r2scan/cif/mp-9976.cif,train,-0.3816156567647092,-5.536852219525506,-0.3776538395215274,-0.3771003631042955,-0.3136601093632083,17,3
mp-1196590,Lu11Ge10,<PROJECT_ROOT>/external_datasets/functional_protocol_round4_widechem_boost/meta_gga_r2scan/cif/mp-1196590.cif,train,-0.9143251758730132,-5.378203619094122,-0.8768804238370604,-0.8778496412343477,-0.9889427171110624,42,2
mp-1225704,CuRh,<PROJECT_ROOT>/external_datasets/functional_protocol_round4_widechem_boost/meta_gga_r2scan/cif/mp-1225704.cif,train,0.0649008500000007,-5.649825096130371,0.0793563406174531,0.0783258301319227,-0.0397927466469496,2,2
mp-862922,PmInNi2,<PROJECT_ROOT>/external_datasets/functional_protocol_round4_widechem_boost/meta_gga_r2scan/cif/mp-862922.cif,train,-0.2881309743749973,-5.048762321472168,-0.3753336084433378,-0.3737834745856947,-0.1961049282214549,4,3
mp-632810,Pr3Ga10Ni,<PROJECT_ROOT>/external_datasets/functional_protocol_round4_widechem_boost/meta_gga_r2scan/cif/mp-632810.cif,train,-0.6448483903571441,-4.1598984854561945,-0.5924955120647848,-0.5913628317318276,-0.4615334018002842,14,3
mp-1104160,Pr5Ir2,<PROJECT_ROOT>/external_datasets/functional_protocol_round4_widechem_boost/meta_gga_r2scan/cif/mp-1104160.cif,train,-0.5474166311904745,-6.426634652273996,-0.5406702189336601,-0.5433322214681855,-0.8484547361606423,14,2
mp-29396,Cu2PbO2,<PROJECT_ROOT>/external_datasets/functional_protocol_round4_widechem_boost/meta_gga_r2scan/cif/mp-29396.cif,train,-0.8039587754999985,-5.0560791015625,-0.9199134284274502,-0.9216940172146232,-1.1257876352062626,10,3
mp-1019576,Ca4SiN4,<PROJECT_ROOT>/external_datasets/functional_protocol_round4_widechem_boost/meta_gga_r2scan/cif/mp-1019576.cif,train,-1.2707404111111122,-6.261220296223958,-1.2131573263731896,-1.210764941532168,-0.9365463901455278,36,3
mp-752713,HoBO3,<PROJECT_ROOT>/external_datasets/functional_protocol_round4_widechem_boost/meta_gga_r2scan/cif/mp-752713.cif,train,-3.416841846416666,-8.364773050944011,-3.530551741085663,-3.5207010963446423,-2.3916061928893724,30,3
mp-862337,Sc2InAg,<PROJECT_ROOT>/external_datasets/functional_protocol_round4_widechem_boost/meta_gga_r2scan/cif/mp-862337.cif,train,-0.4272741812499987,-4.935728549957275,-0.4291295046413754,-0.4312255028165266,-0.6714717932276991,4,3
mp-15796,LiHoSe2,<PROJECT_ROOT>/external_datasets/functional_protocol_round4_widechem_boost/meta_gga_r2scan/cif/mp-15796.cif,train,-1.9625500099479147,-5.061435699462891,-1.8559517414192317,-1.850122991474004,-1.18202338685858,4,3
mp-780234,Hf2N2O,<PROJECT_ROOT>/external_datasets/functional_protocol_round4_widechem_boost/meta_gga_r2scan/cif/mp-780234.cif,train,-2.5663138224999984,-10.55008010864258,-2.465057875333132,-2.4574325308164706,-1.583404702464615,40,3
mp-1211311,La2(Al3Ir)3,<PROJECT_ROOT>/external_datasets/functional_protocol_round4_widechem_boost/meta_gga_r2scan/cif/mp-1211311.cif,train,-0.910170899642858,-5.838827950613839,-0.8612490707558385,-0.8591714392564089,-0.6210303633240442,28,3
mp-17396,SrNi5As3,<PROJECT_ROOT>/external_datasets/functional_protocol_round4_widechem_boost/meta_gga_r2scan/cif/mp-17396.cif,train,-0.5454782486111106,-5.4651641845703125,-0.6161375993439728,-0.6144331947463497,-0.4190719168605901,18,3
mp-29588,Nd3(BN2)2,<PROJECT_ROOT>/external_datasets/functional_protocol_round4_widechem_boost/meta_gga_r2scan/cif/mp-29588.cif,train,-1.5270905169444435,-8.07223849826389,-1.4292675508833277,-1.4250099860464012,-0.9370018520720972,9,3
mp-1188158,YSiPt2,<PROJECT_ROOT>/external_datasets/functional_protocol_round4_widechem_boost/meta_gga_r2scan/cif/mp-1188158.cif,train,-1.2564752681249942,-7.16405725479126,-1.2200211609039382,-1.2179057551789638,-0.975434943816023,16,3
mp-1079862,SrTl2Pd,<PROJECT_ROOT>/external_datasets/functional_protocol_round4_widechem_boost/meta_gga_r2scan/cif/mp-1079862.cif,train,-0.4776682024999985,-3.330244541168213,-0.4379344336334494,-0.4357544572071026,-0.1858824602617875,8,3
mp-972217,Ti2CuTc,<PROJECT_ROOT>/external_datasets/functional_protocol_round4_widechem_boost/meta_gga_r2scan/cif/mp-972217.cif,train,-0.332717945833334,-7.870144844055176,-0.2757659669664374,-0.2776729505059743,-0.4962541146897867,4,3
mp-1120759,PdSe2,<PROJECT_ROOT>/external_datasets/functional_protocol_round4_widechem_boost/meta_gga_r2scan/cif/mp-1120759.cif,train,-0.270646422708334,-4.323615392049153,-0.4218955050557911,-0.4283204260739479,-1.1647540065569606,6,2
mp-1096295,VCr2Mo,<PROJECT_ROOT>/external_datasets/functional_protocol_round4_widechem_boost/meta_gga_r2scan/cif/mp-1096295.cif,train,3.732677025000001,-5.645706653594971,3.669649616055073,3.639629696884792,0.1987038866033295,4,3
mp-973689,Ho3Lu,<PROJECT_ROOT>/external_datasets/functional_protocol_round4_widechem_boost/meta_gga_r2scan/cif/mp-973689.cif,train,0.0023234820833337,-4.558362007141113,-0.0921797116550608,-0.101884805895537,-1.2142965040700089,8,2
mp-1183638,CaGdZn2,<PROJECT_ROOT>/external_datasets/functional_protocol_round4_widechem_boost/meta_gga_r2scan/cif/mp-1183638.cif,train,-0.2755383125000037,-4.947902679443359,-0.333974090148704,-0.3360467758633332,-0.5736209589127326,4,3
mp-7084,SrCaSi,<PROJECT_ROOT>/external_datasets/functional_protocol_round4_widechem_boost/meta_gga_r2scan/cif/mp-7084.cif,train,-0.5262799508333332,-3.4904572168986,-0.4829014465098553,-0.4871439582796206,-0.9734266882972424,12,3
mp-865811,LaYbAg2,<PROJECT_ROOT>/external_datasets/functional_protocol_round4_widechem_boost/meta_gga_r2scan/cif/mp-865811.cif,train,-0.2888591174999995,-3.3965721130371094,-0.4008698664261567,-0.3997416690186792,-0.2704260783775444,4,3
mp-27271,Tl8Ge5O14,<PROJECT_ROOT>/external_datasets/functional_protocol_round4_widechem_boost/meta_gga_r2scan/cif/mp-27271.cif,train,-1.4138022954629614,-5.415242513020833,-1.6102995260401545,-1.6112062772397335,-1.7151393887338304,54,3
mp-1210356,Na2PdF6,<PROJECT_ROOT>/external_datasets/functional_protocol_round4_widechem_boost/meta_gga_r2scan/cif/mp-1210356.cif,train,-2.236805900000001,-4.145470795808016,-2.347758902103319,-2.3513300985835555,-2.7606657158022294,27,3
mp-4120,CaCuAs,<PROJECT_ROOT>/external_datasets/functional_protocol_round4_widechem_boost/meta_gga_r2scan/cif/mp-4120.cif,train,-0.9415454925,-4.39498233795166,-0.8737295897490274,-0.8697683724405714,-0.4157280134538557,6,3
mp-568002,HfI3,<PROJECT_ROOT>/external_datasets/functional_protocol_round4_widechem_boost/meta_gga_r2scan/cif/mp-568002.cif,train,-1.0236845806250017,-4.50790548324585,-1.0150095882014454,-1.0166659513110758,-1.2065206455490611,8,2
mp-18803,Na2WO4,<PROJECT_ROOT>/external_datasets/functional_protocol_round4_widechem_boost/meta_gga_r2scan/cif/mp-18803.cif,train,-2.327090242857143,-6.229593549455915,-1.8341210385775248,-1.835861493531386,-2.035354914497195,14,3
mp-1219953,PrDyAl4,<PROJECT_ROOT>/external_datasets/functional_protocol_round4_widechem_boost/meta_gga_r2scan/cif/mp-1219953.cif,train,-0.5486220544444459,-4.553131103515625,-0.5551179467432164,-0.5568451370136076,-0.7548181411031049,6,3
mp-1018691,Eu2H3Br,<PROJECT_ROOT>/external_datasets/functional_protocol_round4_widechem_boost/meta_gga_r2scan/cif/mp-1018691.cif,train,-1.1328571789583322,-6.3502991994222,-0.949950885378244,-0.9494466054484328,-0.8916453230356566,6,3
mp-1192125,TbB4Os,<PROJECT_ROOT>/external_datasets/functional_protocol_round4_widechem_boost/meta_gga_r2scan/cif/mp-1192125.cif,train,-0.6390669733333331,-7.668039321899414,-0.5859894780566464,-0.5853969509917034,-0.5174806564980142,24,3
mp-979431,YLuZn2,<PROJECT_ROOT>/external_datasets/functional_protocol_round4_widechem_boost/meta_gga_r2scan/cif/mp-979431.cif,train,-0.3911175541666658,-3.7354578971862793,-0.4247183162312162,-0.4266128656414132,-0.6437688122459373,4,3
mp-1095605,GdAl4Ni,<PROJECT_ROOT>/external_datasets/functional_protocol_round4_widechem_boost/meta_gga_r2scan/cif/mp-1095605.cif,train,-0.5708688133333316,-6.362181345621745,-0.5862269246115073,-0.5861698664450099,-0.5796297782905441,12,3
mp-16861,Na5GeAs3,<PROJECT_ROOT>/external_datasets/functional_protocol_round4_widechem_boost/meta_gga_r2scan/cif/mp-16861.cif,train,-0.5268169800000003,-3.192145453559028,-0.4734328526973463,-0.4748968564963647,-0.6427030531028224,36,3
mp-8688,V4GeS8,<PROJECT_ROOT>/external_datasets/functional_protocol_round4_widechem_boost/meta_gga_r2scan/cif/mp-8688.cif,train,-1.0010895863461542,-6.52732673058143,-1.1731970910744458,-1.1742167979388016,-1.2910970483014088,13,3
mp-1208058,TlBi3F10,<PROJECT_ROOT>/external_datasets/functional_protocol_round4_widechem_boost/meta_gga_r2scan/cif/mp-1208058.cif,train,-2.5296730924999986,-4.714953286307199,-2.6900062796293227,-2.6896624381455254,-2.6502508384823447,28,3
mp-24152,HoH2,<PROJECT_ROOT>/external_datasets/functional_protocol_round4_widechem_boost/meta_gga_r2scan/cif/mp-24152.cif,train,-0.7996993608333346,-4.470926284790039,-0.6781977212327059,-0.6759764070693937,-0.4213662199538344,3,2
mp-23679,PuH3,<PROJECT_ROOT>/external_datasets/functional_protocol_round4_widechem_boost/meta_gga_r2scan/cif/mp-23679.cif,train,-0.6163697312499998,-6.446750640869141,-0.4606050139630158,-0.4606811032047373,-0.4694025602626672,8,2
mp-31475,Er4(Al8Pt3)3,<PROJECT_ROOT>/external_datasets/functional_protocol_round4_widechem_boost/meta_gga_r2scan/cif/mp-31475.cif,train,-1.0007660714414406,-5.29963849041913,-0.9609364147957908,-0.958723922010048,-0.7051248537270138,37,3
mp-1069771,Rb2PdSe2,<PROJECT_ROOT>/external_datasets/functional_protocol_round4_widechem_boost/meta_gga_r2scan/cif/mp-1069771.cif,train,-1.0407302581250009,-3.698781204223633,-1.0038408171484177,-1.0039938040956071,-1.0215293854618737,5,3
mp-559244,Sr2MnP3O11,<PROJECT_ROOT>/external_datasets/functional_protocol_round4_widechem_boost/meta_gga_r2scan/cif/mp-559244.cif,train,-2.7997208879212545,-7.299898035386029,-2.864222723163921,-2.860819102514518,-2.470691265243456,68,4
mp-559031,Eu4Br6O,<PROJECT_ROOT>/external_datasets/functional_protocol_round4_widechem_boost/meta_gga_r2scan/cif/mp-559031.cif,train,-2.517466747159093,-7.295168789950284,-2.3913712111401635,-2.387170988522299,-1.905735501213163,22,3
mp-979950,AcYbMg2,<PROJECT_ROOT>/external_datasets/functional_protocol_round4_widechem_boost/meta_gga_r2scan/cif/mp-979950.cif,train,-0.0422611256249965,-2.265386819839477,-0.0795567333564468,-0.0797185630317942,-0.0982677104707417,4,3
mp-1094998,CaMg,<PROJECT_ROOT>/external_datasets/functional_protocol_round4_widechem_boost/meta_gga_r2scan/cif/mp-1094998.cif,train,-0.0639846775000005,-1.880132079124451,-0.1240361050412215,-0.1262639078970728,-0.3816178381809346,2,2
mp-1184370,Gd2NiRu,<PROJECT_ROOT>/external_datasets/functional_protocol_round4_widechem_boost/meta_gga_r2scan/cif/mp-1184370.cif,train,-0.2756216162500031,-11.128750801086426,-0.3471869714443354,-0.3506285179223987,-0.7451034675885768,4,3
mp-1023954,MoWS4,<PROJECT_ROOT>/external_datasets/functional_protocol_round4_widechem_boost/meta_gga_r2scan/cif/mp-1023954.cif,train,-0.9175514418750008,-7.561374664306641,-1.369948030204612,-1.3661623970722836,-0.9322477459576608,6,3
mp-1208257,Ti4CrBi2,<PROJECT_ROOT>/external_datasets/functional_protocol_round4_widechem_boost/meta_gga_r2scan/cif/mp-1208257.cif,train,-0.2061765566666703,-7.214857918875558,-0.2793564390259817,-0.2827309234125517,-0.6695191208165543,14,3
mp-1206608,K2VCl6,<PROJECT_ROOT>/external_datasets/functional_protocol_round4_widechem_boost/meta_gga_r2scan/cif/mp-1206608.cif,train,-1.724577456944444,-4.00827153523763,-1.7689349580190328,-1.7669507148312371,-1.5395139399343996,9,3
mp-2927,LiAg2Sn,<PROJECT_ROOT>/external_datasets/functional_protocol_round4_widechem_boost/meta_gga_r2scan/cif/mp-2927.cif,train,-0.2048726416666646,-3.1245436668396,-0.2123250307304811,-0.2107075210220568,-0.0253062588612598,4,3
mp-11373,DyTlPd,<PROJECT_ROOT>/external_datasets/functional_protocol_round4_widechem_boost/meta_gga_r2scan/cif/mp-11373.cif,train,-0.7322708927777816,-4.70366711086697,-0.716404975830609,-0.7147198191462332,-0.5215647644387038,9,3
mp-1094240,MgSn5,<PROJECT_ROOT>/external_datasets/functional_protocol_round4_widechem_boost/meta_gga_r2scan/cif/mp-1094240.cif,train,0.1406756258333317,-3.582431475321452,0.076900683476262,0.074882272819762,-0.1564708259119373,6,2
mp-10981,YbSbPd,<PROJECT_ROOT>/external_datasets/functional_protocol_round4_widechem_boost/meta_gga_r2scan/cif/mp-10981.cif,train,-0.5143982616666705,-3.826211293538412,-0.2636876293497341,-0.2641384769595909,-0.3158152709058567,3,3
mp-24040,CrHO2,<PROJECT_ROOT>/external_datasets/functional_protocol_round4_widechem_boost/meta_gga_r2scan/cif/mp-24040.cif,train,-1.9320008078125,-6.840168952941895,-1.537620584476807,-1.538609610827992,-1.6519732171583064,8,3
mp-1208982,Se(OF)2,<PROJECT_ROOT>/external_datasets/functional_protocol_round4_widechem_boost/meta_gga_r2scan/cif/mp-1208982.cif,train,-0.9794026583124988,-4.351650238037109,-1.4016637199817534,-1.4171703994387048,-3.19456804240112,20,3
mp-504825,SeCl,<PROJECT_ROOT>/external_datasets/functional_protocol_round4_widechem_boost/meta_gga_r2scan/cif/mp-504825.cif,train,-0.1994598926562503,-2.8453164100646973,-0.4165741703652754,-0.4281101245803471,-1.7503775957121193,16,2
mp-510001,Ca2Ni7P4,<PROJECT_ROOT>/external_datasets/functional_protocol_round4_widechem_boost/meta_gga_r2scan/cif/mp-510001.cif,train,-0.7746877482234424,-5.8301861102764425,-0.8332388726972084,-0.8296998038824777,-0.4240467053544494,26,3
mp-21294,Y2In,<PROJECT_ROOT>/external_datasets/functional_protocol_round4_widechem_boost/meta_gga_r2scan/cif/mp-21294.cif,train,-0.4945761233333314,-5.614082972208659,-0.4806536922624662,-0.4842340523088237,-0.8946200105029228,6,2
mp-768451,Cu2(SO4)3,<PROJECT_ROOT>/external_datasets/functional_protocol_round4_widechem_boost/meta_gga_r2scan/cif/mp-768451.cif,train,-1.1283554957904418,-5.655517578125,-1.4258719218572358,-1.4364923419210465,-2.65381998715251,34,3
mp-1204502,Pr(TiAl10)2,<PROJECT_ROOT>/external_datasets/functional_protocol_round4_widechem_boost/meta_gga_r2scan/cif/mp-1204502.cif,train,-0.2417978143478256,-4.383717412533968,-0.256013018009102,-0.2589237338198842,-0.5925541177964541,46,3
mp-626540,Mo(HO2)2,<PROJECT_ROOT>/external_datasets/functional_protocol_round4_widechem_boost/meta_gga_r2scan/cif/mp-626540.cif,train,-1.6329297682142845,-6.092255183628628,-1.1256593719861918,-1.1317920079787411,-1.8347234633299128,14,3
mp-1113477,Na3NiF6,<PROJECT_ROOT>/external_datasets/functional_protocol_round4_widechem_boost/meta_gga_r2scan/cif/mp-1113477.cif,train,-2.5245295410000006,-4.069326019287109,-2.2786581701113344,-2.2806063630506594,-2.5039110072202764,10,3
mp-4922,MnAlNi2,<PROJECT_ROOT>/external_datasets/functional_protocol_round4_widechem_boost/meta_gga_r2scan/cif/mp-4922.cif,train,-0.5363771611206882,-6.516008377075195,-0.648281300486131,-0.644493497216521,-0.2103301018809618,4,3
mp-2,Pd,<PROJECT_ROOT>/external_datasets/functional_protocol_round4_widechem_boost/meta_gga_r2scan/cif/mp-2.cif,train,0.0,-5.177878856658936,0.0085480786907741,0.0039998692195037,-0.5173223659096872,1,1
mp-558390,RbGa2P5O16,<PROJECT_ROOT>/external_datasets/functional_protocol_round4_widechem_boost/meta_gga_r2scan/cif/mp-558390.cif,train,-2.3721963619221227,-6.859631856282552,-2.567124858976891,-2.566349284894116,-2.477451881004429,48,4
mp-5835,Ho(CoSi)2,<PROJECT_ROOT>/external_datasets/functional_protocol_round4_widechem_boost/meta_gga_r2scan/cif/mp-5835.cif,train,-0.7804516649999982,-6.75396728515625,-0.813500604879744,-0.8104188190247683,-0.457180143398158,5,3
mp-680577,KGa2Cl7,<PROJECT_ROOT>/external_datasets/functional_protocol_round4_widechem_boost/meta_gga_r2scan/cif/mp-680577.cif,train,-1.483621425125,-3.332712173461914,-1.5040110694776612,-1.504260040937047,-1.5327975035390184,40,3
mp-3802,Ta4AlC3,<PROJECT_ROOT>/external_datasets/functional_protocol_round4_widechem_boost/meta_gga_r2scan/cif/mp-3802.cif,train,-0.6390505755416669,-10.4300537109375,-0.5632901030794031,-0.560984287273997,-0.2966884018127889,16,3
mp-861882,LiGeIr2,<PROJECT_ROOT>/external_datasets/functional_protocol_round4_widechem_boost/meta_gga_r2scan/cif/mp-861882.cif,train,-0.4660500191666656,-6.457520484924316,-0.4048092946350996,-0.4049283665693819,-0.4185765609458041,4,3
mp-1226516,CeNiSb,<PROJECT_ROOT>/external_datasets/functional_protocol_round4_widechem_boost/meta_gga_r2scan/cif/mp-1226516.cif,train,-0.8886810300000008,-6.039711634318034,-0.901018594320754,-0.9002211786649541,-0.8088202626269346,3,3
mp-1102662,CaMgPd,<PROJECT_ROOT>/external_datasets/functional_protocol_round4_widechem_boost/meta_gga_r2scan/cif/mp-1102662.cif,train,-0.5986574075000016,-3.54583485921224,-0.6462952313735166,-0.6443972911158724,-0.4268526807571855,12,3
mp-646337,Tb2EuSe4,<PROJECT_ROOT>/external_datasets/functional_protocol_round4_widechem_boost/meta_gga_r2scan/cif/mp-646337.cif,train,-2.2529446408928533,-6.716121128627232,-2.077763700039573,-2.071843511673114,-1.393263105232735,28,3
mp-1206278,NdInCu4,<PROJECT_ROOT>/external_datasets/functional_protocol_round4_widechem_boost/meta_gga_r2scan/cif/mp-1206278.cif,train,-0.2504515495833341,-4.20811653137207,-0.2255889338679311,-0.2230366948801121,0.0695045660533678,6,3
mp-600031,SiO2,<PROJECT_ROOT>/external_datasets/functional_protocol_round4_widechem_boost/meta_gga_r2scan/cif/mp-600031.cif,train,-3.020943909666666,-7.898147583007812,-3.1794632346138885,-3.1739217731318705,-2.5387515805684187,60,2
mp-571554,PrAlSi2,<PROJECT_ROOT>/external_datasets/functional_protocol_round4_widechem_boost/meta_gga_r2scan/cif/mp-571554.cif,train,-0.5200003866666663,-5.320027828216553,-0.4655898428822427,-0.4685160217546071,-0.8039188038326899,8,3
mp-1078458,CrFeO3,<PROJECT_ROOT>/external_datasets/functional_protocol_round4_widechem_boost/meta_gga_r2scan/cif/mp-1078458.cif,train,-1.9742869512500008,-7.295754241943359,-1.1822138905012265,-1.188587681573119,-1.9191606749315917,10,3
mp-2761649,Rb2SbBr6,<PROJECT_ROOT>/external_datasets/functional_protocol_round4_widechem_boost/meta_gga_r2scan/cif/mp-2761649.cif,train,-1.263939131388892,-2.873073789808485,-1.3158944229657847,-1.31682790461815,-1.4238248986083415,36,3
mp-1187969,Zn3Ag,<PROJECT_ROOT>/external_datasets/functional_protocol_round4_widechem_boost/meta_gga_r2scan/cif/mp-1187969.cif,train,-0.0092751337500001,-1.6814754009246826,-0.0238252767222966,-0.0224940176870243,0.1300967853942298,8,2
mp-27452,Al2PdCl8,<PROJECT_ROOT>/external_datasets/functional_protocol_round4_widechem_boost/meta_gga_r2scan/cif/mp-27452.cif,train,-1.3717365695454553,-3.713680267333984,-1.402971759880836,-1.4046711003655394,-1.5994519224297674,22,3
mp-9561,VS2,<PROJECT_ROOT>/external_datasets/functional_protocol_round4_widechem_boost/meta_gga_r2scan/cif/mp-9561.cif,train,-0.9950023718750008,-6.619216283162435,-1.2058846802999197,-1.2072055896924594,-1.3586101020110966,3,2
mp-18806,Ni3(BO3)2,<PROJECT_ROOT>/external_datasets/functional_protocol_round4_widechem_boost/meta_gga_r2scan/cif/mp-18806.cif,train,-1.823989286590909,-6.37253154407848,-1.248118393510909,-1.2545520744834722,-1.991989733393846,22,3
mp-2037681,CsO2,<PROJECT_ROOT>/external_datasets/functional_protocol_round4_widechem_boost/meta_gga_r2scan/cif/mp-2037681.cif,train,-0.9574963841666648,-4.453494389851888,-1.3078635047800231,-1.317849164204028,-2.4624196425535887,6,2
mp-28733,Sc3C4,<PROJECT_ROOT>/external_datasets/functional_protocol_round4_widechem_boost/meta_gga_r2scan/cif/mp-28733.cif,train,-0.5419083774285712,-8.39023175920759,-0.449107707781252,-0.4494031004212635,-0.4832614247344043,70,2
mp-151,Tl,<PROJECT_ROOT>/external_datasets/functional_protocol_round4_widechem_boost/meta_gga_r2scan/cif/mp-151.cif,train,0.0291674200000002,-2.340911626815796,0.0272524237007334,0.0309304047107845,0.4525058165368636,1,1
mp-1246133,MgCrN2,<PROJECT_ROOT>/external_datasets/functional_protocol_round4_widechem_boost/meta_gga_r2scan/cif/mp-1246133.cif,train,-0.8336767399999996,-7.595587730407715,-0.8517973871510103,-0.8475280346326093,-0.3581687798510019,16,3
mp-1188435,Y2Co3Si5,<PROJECT_ROOT>/external_datasets/functional_protocol_round4_widechem_boost/meta_gga_r2scan/cif/mp-1188435.cif,train,-0.7188861165000006,-6.908169555664062,-0.7513476088620168,-0.7498895632077902,-0.5827662976284562,20,3
mp-996952,LaAuO2,<PROJECT_ROOT>/external_datasets/functional_protocol_round4_widechem_boost/meta_gga_r2scan/cif/mp-996952.cif,train,-2.405498398125001,-6.735989570617676,-2.572533609964453,-2.5693668376969816,-2.2063868986561017,4,3
mp-864657,HoI3,<PROJECT_ROOT>/external_datasets/functional_protocol_round4_widechem_boost/meta_gga_r2scan/cif/mp-864657.cif,train,-1.5386521418750014,-3.640992164611816,-1.5086818492652752,-1.505663589585919,-1.1597063745141472,8,2
mp-3540,Li2SnO3,<PROJECT_ROOT>/external_datasets/functional_protocol_round4_widechem_boost/meta_gga_r2scan/cif/mp-3540.cif,train,-2.086413412430556,-5.651114145914714,-2.208826388983164,-2.206505090423409,-1.9404345496482391,24,3
mp-766253,La2Th11O26,<PROJECT_ROOT>/external_datasets/functional_protocol_round4_widechem_boost/meta_gga_r2scan/cif/mp-766253.cif,train,-4.0271405153205135,-9.364149827223558,-4.168916697737643,-4.156917415441915,-2.781542621058852,39,3
mp-29209,Ba(MgBi)2,<PROJECT_ROOT>/external_datasets/functional_protocol_round4_widechem_boost/meta_gga_r2scan/cif/mp-29209.cif,train,-0.7466902849999997,-3.184738540649414,-0.5926477335010478,-0.5881853135474522,-0.0766963948884824,5,3
mp-9113,CsBeAsO4,<PROJECT_ROOT>/external_datasets/functional_protocol_round4_widechem_boost/meta_gga_r2scan/cif/mp-9113.cif,train,-2.103260430357143,-6.044960566929409,-2.275468658363481,-2.2747812672757224,-2.1959915236320198,28,4
mp-1221539,MoBr3O,<PROJECT_ROOT>/external_datasets/functional_protocol_round4_widechem_boost/meta_gga_r2scan/cif/mp-1221539.cif,train,-1.1038591057500011,-4.170331573486328,-0.3711166785890856,-0.3816962050466932,-1.594336567002741,20,3
mp-102,Co,<PROJECT_ROOT>/external_datasets/functional_protocol_round4_widechem_boost/meta_gga_r2scan/cif/mp-102.cif,train,0.0,-7.091163635253906,0.00794507463584,0.0100548756339557,0.2518832652383206,1,1
mp-1205957,Hf6NiBi2,<PROJECT_ROOT>/external_datasets/functional_protocol_round4_widechem_boost/meta_gga_r2scan/cif/mp-1205957.cif,train,-0.2977908100000061,-8.397398206922743,-0.2668298951167074,-0.2716449218537953,-0.8235501312860773,9,3
mp-1097615,Ba2MgHg,<PROJECT_ROOT>/external_datasets/functional_protocol_round4_widechem_boost/meta_gga_r2scan/cif/mp-1097615.cif,train,1.2075496168749993,-0.2941691279411316,1.107907899297034,1.0932713621497152,-0.5843893323277273,4,3
mp-1186530,Pm3Sm,<PROJECT_ROOT>/external_datasets/functional_protocol_round4_widechem_boost/meta_gga_r2scan/cif/mp-1186530.cif,train,0.0271953943749956,-4.729987144470215,-0.055208955558764,-0.0599132446374586,-0.5991255462458505,4,2
mp-20344,Fe3Ge,<PROJECT_ROOT>/external_datasets/functional_protocol_round4_widechem_boost/meta_gga_r2scan/cif/mp-20344.cif,train,-0.0697570724999998,-7.591004371643066,-0.0765335829845401,-0.0746907943677586,0.1365322565127834,4,2
mp-1112348,Cs3SmCl6,<PROJECT_ROOT>/external_datasets/functional_protocol_round4_widechem_boost/meta_gga_r2scan/cif/mp-1112348.cif,train,-2.329584442500001,-3.949498748779297,-2.295597625822528,-2.288848804739267,-1.5152893383520705,10,3
mp-1212821,Er4Ga12Pt,<PROJECT_ROOT>/external_datasets/functional_protocol_round4_widechem_boost/meta_gga_r2scan/cif/mp-1212821.cif,train,-0.6603714172549009,-4.160577213062959,-0.6406111287578922,-0.6405311016677082,-0.6313582828275645,17,3
mp-1079127,Ti2H3,<PROJECT_ROOT>/external_datasets/functional_protocol_round4_widechem_boost/meta_gga_r2scan/cif/mp-1079127.cif,train,-0.4810466419166673,-5.615433883666992,-0.3942739054870623,-0.395993921782817,-0.5931446347045508,10,2
mp-936,Hg4Pt,<PROJECT_ROOT>/external_datasets/functional_protocol_round4_widechem_boost/meta_gga_r2scan/cif/mp-936.cif,train,-0.123063639999998,-1.537822723388672,-0.0856927209418605,-0.0848064360258407,0.0167808009508673,5,2
mp-22879,PuBi,<PROJECT_ROOT>/external_datasets/functional_protocol_round4_widechem_boost/meta_gga_r2scan/cif/mp-22879.cif,train,-0.739028276875004,-9.413448333740234,-0.6362058291770758,-0.636662410320266,-0.6889963900101936,2,2
mp-7072,Th(CoSi)2,<PROJECT_ROOT>/external_datasets/functional_protocol_round4_widechem_boost/meta_gga_r2scan/cif/mp-7072.cif,train,-0.7547069640000018,-7.2944084167480465,-0.7881414955705193,-0.785956113047332,-0.5354644615977859,5,3
mp-1207263,Zr6FeSn2,<PROJECT_ROOT>/external_datasets/functional_protocol_round4_widechem_boost/meta_gga_r2scan/cif/mp-1207263.cif,train,-0.3912831755555588,-7.92820570203993,-0.4499509541411548,-0.4524362075135819,-0.737299481986602,9,3
mp-36381,Sn(PS3)2,<PROJECT_ROOT>/external_datasets/functional_protocol_round4_widechem_boost/meta_gga_r2scan/cif/mp-36381.cif,train,-0.3546575036474877,-4.662212795681423,-0.418833803861224,-0.4269906464420661,-1.3619395384627886,9,3
mp-11401,ScGa2Ni,<PROJECT_ROOT>/external_datasets/functional_protocol_round4_widechem_boost/meta_gga_r2scan/cif/mp-11401.cif,train,-0.6806541849999999,-5.181402683258057,-0.6913084427689409,-0.6899359461356704,-0.5326184309486364,8,3
mp-761036,CdSeO4,<PROJECT_ROOT>/external_datasets/functional_protocol_round4_widechem_boost/meta_gga_r2scan/cif/mp-761036.cif,train,-0.9853146698437504,-4.874529520670573,-1.2948940652337204,-1.3053093905252815,-2.499128781408644,12,3
mp-1215521,YbAlCu,<PROJECT_ROOT>/external_datasets/functional_protocol_round4_widechem_boost/meta_gga_r2scan/cif/mp-1215521.cif,train,-0.4489496966666688,-3.4179471333821616,-0.3154010897367545,-0.3131157840304528,-0.0511707952851517,6,3
mp-768950,Sn2(SO4)3,<PROJECT_ROOT>/external_datasets/functional_protocol_round4_widechem_boost/meta_gga_r2scan/cif/mp-768950.cif,train,-1.4717871807904412,-6.036891264073989,-1.817322328218017,-1.8252431648830292,-2.7331407233365206,34,3
mp-570985,SiC,<PROJECT_ROOT>/external_datasets/functional_protocol_round4_widechem_boost/meta_gga_r2scan/cif/mp-570985.cif,train,-0.3058959558333345,-7.526010583948206,-0.1679228970201256,-0.1691300394589969,-0.3074944218241382,54,2
mp-754322,Sr2CuO4,<PROJECT_ROOT>/external_datasets/functional_protocol_round4_widechem_boost/meta_gga_r2scan/cif/mp-754322.cif,train,-2.028139419285714,-5.685442788260324,-2.150075003146214,-2.1504994354535656,-2.199148469876096,7,3
mp-29222,Ba2Si3O8,<PROJECT_ROOT>/external_datasets/functional_protocol_round4_widechem_boost/meta_gga_r2scan/cif/mp-29222.cif,train,-3.188787047692309,-7.540485088641827,-3.328039438936932,-3.3208289125595,-2.494348129014709,52,3
mp-20599,PdPb2,<PROJECT_ROOT>/external_datasets/functional_protocol_round4_widechem_boost/meta_gga_r2scan/cif/mp-20599.cif,train,-0.2079951900000007,-4.403562863667806,-0.1880681530132371,-0.186394702130916,0.0054186169041255,6,2
mp-1206935,Tm6FeBi2,<PROJECT_ROOT>/external_datasets/functional_protocol_round4_widechem_boost/meta_gga_r2scan/cif/mp-1206935.cif,train,-0.4732557788888951,-5.202873229980469,-0.4771639493329154,-0.4789306601965464,-0.681433570862925,9,3
mp-8182,As3Rh,<PROJECT_ROOT>/external_datasets/functional_protocol_round4_widechem_boost/meta_gga_r2scan/cif/mp-8182.cif,train,-0.4987421518749997,-5.762702941894531,-0.5289907153536344,-0.5303013359206901,-0.6805265284354972,16,2
mp-1105479,Dy3Pt,<PROJECT_ROOT>/external_datasets/functional_protocol_round4_widechem_boost/meta_gga_r2scan/cif/mp-1105479.cif,train,-0.7920070031249935,-5.673951148986816,-0.8816079033616511,-0.8857130372297624,-1.3562493168678529,16,2
mp-19232,K2CrO4,<PROJECT_ROOT>/external_datasets/functional_protocol_round4_widechem_boost/meta_gga_r2scan/cif/mp-19232.cif,train,-2.1367741028571428,-5.896636962890625,-1.819378088486121,-1.821625310940279,-2.079205143187262,28,3
mp-29465,TaCl4,<PROJECT_ROOT>/external_datasets/functional_protocol_round4_widechem_boost/meta_gga_r2scan/cif/mp-29465.cif,train,-1.457717922466668,-5.140318298339844,-1.4832176365401866,-1.4854027248003332,-1.735860647402948,10,2
mp-554298,Cu2As2O7,<PROJECT_ROOT>/external_datasets/functional_protocol_round4_widechem_boost/meta_gga_r2scan/cif/mp-554298.cif,train,-1.114734217386364,-5.637581911954013,-1.3042671329211482,-1.312118426223372,-2.2120448255737903,22,3
mp-1422029,MnS2,<PROJECT_ROOT>/external_datasets/functional_protocol_round4_widechem_boost/meta_gga_r2scan/cif/mp-1422029.cif,train,-0.7995039067025852,-6.351642608642578,-0.9540541029775368,-0.956440454303742,-1.2299674356438857,3,2
mp-1219962,Pr2CoSn4,<PROJECT_ROOT>/external_datasets/functional_protocol_round4_widechem_boost/meta_gga_r2scan/cif/mp-1219962.cif,train,-0.5789775861904738,-5.238152640206473,-0.5626419490526882,-0.5612386807445908,-0.4003940724466804,7,3
mp-29590,Sn2OF5,<PROJECT_ROOT>/external_datasets/functional_protocol_round4_widechem_boost/meta_gga_r2scan/cif/mp-29590.cif,train,-2.4576099179687514,-5.062950134277344,-2.6195122043001384,-2.6218166359077584,-2.8859538626506,16,3
mp-9781,K3SbS4,<PROJECT_ROOT>/external_datasets/functional_protocol_round4_widechem_boost/meta_gga_r2scan/cif/mp-9781.cif,train,-1.056636680312501,-3.880869388580322,-1.027317003131953,-1.0283595392467308,-1.1478565107453802,16,3
mp-35596,Fe2NiO4,<PROJECT_ROOT>/external_datasets/functional_protocol_round4_widechem_boost/meta_gga_r2scan/cif/mp-35596.cif,train,-1.597750160714286,-6.1378277369907925,-0.4346500708825607,-0.446931504542519,-1.854646889387649,14,3
mp-1183085,Ac2Mg,<PROJECT_ROOT>/external_datasets/functional_protocol_round4_widechem_boost/meta_gga_r2scan/cif/mp-1183085.cif,train,-0.0427949666666715,-3.299917221069336,-0.0672499600759044,-0.0700132553131638,-0.3867460835861284,6,2
mp-191,YRh,<PROJECT_ROOT>/external_datasets/functional_protocol_round4_widechem_boost/meta_gga_r2scan/cif/mp-191.cif,train,-0.8919841999999996,-7.747748374938965,-0.9044060273205474,-0.904152632188775,-0.8751081219687944,2,2
mp-30297,SrVF5,<PROJECT_ROOT>/external_datasets/functional_protocol_round4_widechem_boost/meta_gga_r2scan/cif/mp-30297.cif,train,-3.6758770978571422,-5.970677512032645,-3.515232706843942,-3.510689352852526,-2.989923659725501,56,3
mp-1078589,EuAu,<PROJECT_ROOT>/external_datasets/functional_protocol_round4_widechem_boost/meta_gga_r2scan/cif/mp-1078589.cif,train,-0.8856360050000021,-7.580839157104492,-0.7845467675597844,-0.7863903221637409,-0.9977011715849696,8,2
mp-1630,Zr3Hg,<PROJECT_ROOT>/external_datasets/functional_protocol_round4_widechem_boost/meta_gga_r2scan/cif/mp-1630.cif,train,-0.2144289418749991,-6.651928901672363,-0.2315990209570682,-0.236102516133557,-0.7522995352311408,8,2
mp-974341,RuRh3,<PROJECT_ROOT>/external_datasets/functional_protocol_round4_widechem_boost/meta_gga_r2scan/cif/mp-974341.cif,train,0.0450838649999987,-7.773952007293701,0.0266569333822941,0.0229535207965829,-0.4015368943837875,8,2
mp-1183897,Cs,<PROJECT_ROOT>/external_datasets/functional_protocol_round4_widechem_boost/meta_gga_r2scan/cif/mp-1183897.cif,train,0.0131202290000004,-0.8511354446411132,-0.0670453391602305,-0.0716383920247345,-0.5981006406346864,20,1
mp-14652,Cs2P3,<PROJECT_ROOT>/external_datasets/functional_protocol_round4_widechem_boost/meta_gga_r2scan/cif/mp-14652.cif,train,-0.5858928317857135,-4.061678314208985,-0.5234211240031641,-0.5248114374917856,-0.6841711459647839,10,2
mp-865580,Li2DyIn,<PROJECT_ROOT>/external_datasets/functional_protocol_round4_widechem_boost/meta_gga_r2scan/cif/mp-865580.cif,train,-0.3806048695833333,-3.077594518661499,-0.41158986125245,-0.4144459646569975,-0.7418165969941262,4,3
mp-20250,PdS,<PROJECT_ROOT>/external_datasets/functional_protocol_round4_widechem_boost/meta_gga_r2scan/cif/mp-20250.cif,train,-0.4575256901562508,-5.004449367523193,-0.4630419597633084,-0.4688758504426484,-1.1375646933081638,16,2
mp-863665,Pm2CuIr,<PROJECT_ROOT>/external_datasets/functional_protocol_round4_widechem_boost/meta_gga_r2scan/cif/mp-863665.cif,train,-0.5235222362499989,-6.062827110290527,-0.4552035469891047,-0.4525275623185898,-0.1458023953235525,4,3
mp-555836,Sn2PClO4,<PROJECT_ROOT>/external_datasets/functional_protocol_round4_widechem_boost/meta_gga_r2scan/cif/mp-555836.cif,train,-1.8437915663095232,-6.094128608703613,-2.043530512865037,-2.0440050473685343,-2.0983968667364703,16,4
mp-1186780,SrYb3,<PROJECT_ROOT>/external_datasets/functional_protocol_round4_widechem_boost/meta_gga_r2scan/cif/mp-1186780.cif,train,0.2051701612499989,-1.3901004791259766,0.0980923681655587,0.0940777067369458,-0.366088493275056,8,2
mp-7839,ReB3,<PROJECT_ROOT>/external_datasets/functional_protocol_round4_widechem_boost/meta_gga_r2scan/cif/mp-7839.cif,train,0.8142640362500018,-7.365566730499268,0.7842305596776846,0.7739747962198962,-0.4015553904499908,8,2
mp-971827,Zn2CuPt,<PROJECT_ROOT>/external_datasets/functional_protocol_round4_widechem_boost/meta_gga_r2scan/cif/mp-971827.cif,train,-0.3747198999999988,-3.505826950073242,-0.3581921958148073,-0.3559138047583428,-0.0947613830072025,4,3
mp-2026078,V5Te4,<PROJECT_ROOT>/external_datasets/functional_protocol_round4_widechem_boost/meta_gga_r2scan/cif/mp-2026078.cif,train,-0.5318173333333347,-6.703113132052952,-0.6729059197899128,-0.6730895381885107,-0.6941361400592646,9,2
mp-18960,ErVO4,<PROJECT_ROOT>/external_datasets/functional_protocol_round4_widechem_boost/meta_gga_r2scan/cif/mp-18960.cif,train,-3.292863440555555,-8.033681233723959,-3.0063423879575497,-3.0028910620217486,-2.6072951770079498,12,3
mp-1120774,Cu,<PROJECT_ROOT>/external_datasets/functional_protocol_round4_widechem_boost/meta_gga_r2scan/cif/mp-1120774.cif,train,0.1803207150000005,-3.9313227335611978,0.217675875255574,0.219656819815885,0.4467155013418675,6,1
mp-1189863,Tm5Si3,<PROJECT_ROOT>/external_datasets/functional_protocol_round4_widechem_boost/meta_gga_r2scan/cif/mp-1189863.cif,train,-0.7893272843750019,-5.53302812576294,-0.7403014749212717,-0.7429675697296574,-1.0485591466694526,16,2
mp-759301,Li(CoO2)3,<PROJECT_ROOT>/external_datasets/functional_protocol_round4_widechem_boost/meta_gga_r2scan/cif/mp-759301.cif,train,-1.338464115916666,-5.71833724975586,-0.8122050602849882,-0.8226749661685311,-2.0227504620927323,20,3
mp-27303,NaAg3O2,<PROJECT_ROOT>/external_datasets/functional_protocol_round4_widechem_boost/meta_gga_r2scan/cif/mp-27303.cif,train,-0.5897852287499982,-3.757137298583984,-0.6633777982393911,-0.6667183844717517,-1.0496211272535063,12,3
mp-1016109,ZrZn16,<PROJECT_ROOT>/external_datasets/functional_protocol_round4_widechem_boost/meta_gga_r2scan/cif/mp-1016109.cif,train,-0.0863209914705896,-1.7668551276711857,-0.0962043021089948,-0.0955199563827209,-0.0170792764024052,34,2
mp-1227509,CeGa2Co3,<PROJECT_ROOT>/external_datasets/functional_protocol_round4_widechem_boost/meta_gga_r2scan/cif/mp-1227509.cif,train,-0.3179644394444476,-5.925160302056207,-0.4226653834945244,-0.4217398695527423,-0.3156561458760353,18,3
mp-573763,Cs2Te,<PROJECT_ROOT>/external_datasets/functional_protocol_round4_widechem_boost/meta_gga_r2scan/cif/mp-573763.cif,train,-1.220100983333334,-2.635003407796224,-1.1092958650481175,-1.1056340570762364,-0.6859124218759021,12,2
mp-1111611,Rb2TlAuCl6,<PROJECT_ROOT>/external_datasets/functional_protocol_round4_widechem_boost/meta_gga_r2scan/cif/mp-1111611.cif,train,-1.2393339007500004,-2.9562057495117187,-1.2602061555847146,-1.2610332466050078,-1.3558355951073402,10,4
mp-25773,Mn8Cl3O10,<PROJECT_ROOT>/external_datasets/functional_protocol_round4_widechem_boost/meta_gga_r2scan/cif/mp-25773.cif,train,-2.01413065956486,-6.9658392043340776,-1.4773494352071932,-1.48161319260171,-1.970331126328968,42,3
mp-21116,CeCoGe3,<PROJECT_ROOT>/external_datasets/functional_protocol_round4_widechem_boost/meta_gga_r2scan/cif/mp-21116.cif,train,-0.5581711979999995,-5.953487396240234,-0.6121400304073275,-0.6123972413691261,-0.641879127453499,5,3
mp-20001,SrSnPt,<PROJECT_ROOT>/external_datasets/functional_protocol_round4_widechem_boost/meta_gga_r2scan/cif/mp-20001.cif,train,-0.9304621716666712,-4.775812149047852,-0.8899392810995304,-0.8888272497301566,-0.76136463335832,12,3
mp-30182,ThAl3Ni2,<PROJECT_ROOT>/external_datasets/functional_protocol_round4_widechem_boost/meta_gga_r2scan/cif/mp-30182.cif,train,-0.6746146883333329,-5.681027094523112,-0.70703435137629,-0.705492087900824,-0.5287156559302187,6,3
mp-8161,CaPdF4,<PROJECT_ROOT>/external_datasets/functional_protocol_round4_widechem_boost/meta_gga_r2scan/cif/mp-8161.cif,train,-2.79919496,-4.985004742940267,-2.86252379081254,-2.862083515304401,-2.811618510684816,12,3
mp-9144,LiAsF6,<PROJECT_ROOT>/external_datasets/functional_protocol_round4_widechem_boost/meta_gga_r2scan/cif/mp-9144.cif,train,-2.5597081873958336,-4.572877407073975,-2.7152889867184467,-2.7182198222843708,-3.054156361195361,8,3
mp-1184701,Ho5Mg,<PROJECT_ROOT>/external_datasets/functional_protocol_round4_widechem_boost/meta_gga_r2scan/cif/mp-1184701.cif,train,0.0150521633333321,-4.061069806416829,-0.0398472264588045,-0.0473999784137895,-0.9131071441509842,6,2
mp-561786,Cs(TeO3)2,<PROJECT_ROOT>/external_datasets/functional_protocol_round4_widechem_boost/meta_gga_r2scan/cif/mp-561786.cif,train,-1.3372328569444438,-5.267031351725261,-1.62698884180858,-1.6347207307285698,-2.5209608300477324,18,3
mp-568059,LuBi,<PROJECT_ROOT>/external_datasets/functional_protocol_round4_widechem_boost/meta_gga_r2scan/cif/mp-568059.cif,train,-0.9204164508333365,-4.923638343811035,-0.7723169631790832,-0.7705847932341969,-0.572041011775576,2,2
mp-1213103,Dy12Co5Bi,<PROJECT_ROOT>/external_datasets/functional_protocol_round4_widechem_boost/meta_gga_r2scan/cif/mp-1213103.cif,train,-0.2505350169444429,-5.538484361436632,-0.4100039652250054,-0.4143535841637913,-0.912913090151456,18,3
mp-1217670,Tb2ZnAg,<PROJECT_ROOT>/external_datasets/functional_protocol_round4_widechem_boost/meta_gga_r2scan/cif/mp-1217670.cif,train,-0.3710347099999964,-3.677342414855957,-0.375122540360024,-0.3755680686521154,-0.4266351548351745,4,3
mp-30857,Zn12Pt7,<PROJECT_ROOT>/external_datasets/functional_protocol_round4_widechem_boost/meta_gga_r2scan/cif/mp-30857.cif,train,-0.5387052378947361,-3.5146982293379936,-0.535907220176207,-0.533948783714207,-0.3094700124139796,38,2
mp-1208137,Tm12(OsC3)5,<PROJECT_ROOT>/external_datasets/functional_protocol_round4_widechem_boost/meta_gga_r2scan/cif/mp-1208137.cif,train,-0.5235505503125033,-8.125232696533203,-0.4225301893707645,-0.421152953449627,-0.2632922143515687,32,3
mp-20919,Rb3CrF7,<PROJECT_ROOT>/external_datasets/functional_protocol_round4_widechem_boost/meta_gga_r2scan/cif/mp-20919.cif,train,-2.964635165795454,-4.800931063565341,-2.827877258312416,-2.8263055868970453,-2.646158375048627,22,3
mp-27365,BaBiSe3,<PROJECT_ROOT>/external_datasets/functional_protocol_round4_widechem_boost/meta_gga_r2scan/cif/mp-27365.cif,train,-1.1816659659375035,-4.2881523132324215,-1.1822976091656594,-1.1816775545836655,-1.1106060169529663,40,3
mp-7848,AlPO4,<PROJECT_ROOT>/external_datasets/functional_protocol_round4_widechem_boost/meta_gga_r2scan/cif/mp-7848.cif,train,-2.8975213588293656,-7.47860844930013,-3.078077693221013,-3.072802697288956,-2.4681751648563317,6,3
mp-867899,Sm2IrRh,<PROJECT_ROOT>/external_datasets/functional_protocol_round4_widechem_boost/meta_gga_r2scan/cif/mp-867899.cif,train,-0.781114117499996,-7.1160430908203125,-0.7694920970789294,-0.7701557593421935,-0.8462256713905925,4,3
mp-27994,HgBrO3,<PROJECT_ROOT>/external_datasets/functional_protocol_round4_widechem_boost/meta_gga_r2scan/cif/mp-27994.cif,train,0.0378016017500016,-3.3133930206298827,-0.3792638701660862,-0.3963000924366087,-2.349016107021087,20,3
mp-1218359,SrAl3Ag,<PROJECT_ROOT>/external_datasets/functional_protocol_round4_widechem_boost/meta_gga_r2scan/cif/mp-1218359.cif,train,-0.2972516769999999,-3.4254009246826174,-0.2841833374132037,-0.2855790451788067,-0.4455570533487019,5,3
mp-22506,Cs6InAs3,<PROJECT_ROOT>/external_datasets/functional_protocol_round4_widechem_boost/meta_gga_r2scan/cif/mp-22506.cif,train,-0.5530665602499993,-2.563853073120117,-0.46628584781085,-0.4674600074081327,-0.6020438495819466,20,3
mp-1187233,TaGeRu2,<PROJECT_ROOT>/external_datasets/functional_protocol_round4_widechem_boost/meta_gga_r2scan/cif/mp-1187233.cif,train,-0.3399511693333359,-9.059388160705566,-0.288032445895821,-0.2880615529291725,-0.2913978424702568,4,3
mp-1183187,AlFe2Ge,<PROJECT_ROOT>/external_datasets/functional_protocol_round4_widechem_boost/meta_gga_r2scan/cif/mp-1183187.cif,train,0.0208243200000008,-6.526008605957031,-0.1985831926689218,-0.1974827858821859,-0.0713525956988184,4,3
mp-4505,La3AlN,<PROJECT_ROOT>/external_datasets/functional_protocol_round4_widechem_boost/meta_gga_r2scan/cif/mp-4505.cif,train,-0.901059496749997,-6.13850326538086,-0.9115173399028178,-0.9149906770621952,-1.3131095198111566,5,3
mp-1186945,Sc2CuNi,<PROJECT_ROOT>/external_datasets/functional_protocol_round4_widechem_boost/meta_gga_r2scan/cif/mp-1186945.cif,train,-0.3588379775000003,-6.025066375732422,-0.4466584542137655,-0.4481210196185481,-0.6157623454299996,4,3
mp-772813,Ca2Cu2O5,<PROJECT_ROOT>/external_datasets/functional_protocol_round4_widechem_boost/meta_gga_r2scan/cif/mp-772813.cif,train,-1.8814884990277787,-5.779369354248047,-2.0376064169262578,-2.03728442350541,-2.0003770798760208,36,3
mp-972463,Tm5Sb3,<PROJECT_ROOT>/external_datasets/functional_protocol_round4_widechem_boost/meta_gga_r2scan/cif/mp-972463.cif,train,-0.9913320075000024,-5.2013258934021,-0.94767490632319,-0.9468997688572244,-0.8580524106065885,16,2
mp-1212167,In5CuSe8,<PROJECT_ROOT>/external_datasets/functional_protocol_round4_widechem_boost/meta_gga_r2scan/cif/mp-1212167.cif,train,-0.6505660094642849,-3.760778154645647,-0.6570521257205333,-0.6591788083837979,-0.9029421984448956,14,3
mp-1018126,GaBi,<PROJECT_ROOT>/external_datasets/functional_protocol_round4_widechem_boost/meta_gga_r2scan/cif/mp-1018126.cif,train,-0.0069017325000046,-3.4239840507507324,0.0516786000094713,0.0511932197485371,-0.0044417557543829,2,2
mp-634117,BH3,<PROJECT_ROOT>/external_datasets/functional_protocol_round4_widechem_boost/meta_gga_r2scan/cif/mp-634117.cif,train,-0.0449355434375,-4.238622188568115,0.015163757413231,0.0132341610286426,-0.2079389196068251,16,2
mp-1585,V3Co,<PROJECT_ROOT>/external_datasets/functional_protocol_round4_widechem_boost/meta_gga_r2scan/cif/mp-1585.cif,train,-0.1455993187500013,-8.777400016784668,-0.6672085531266614,-0.6645272405567262,-0.357191382155427,8,2
mp-1224029,K3Ti8O17,<PROJECT_ROOT>/external_datasets/functional_protocol_round4_widechem_boost/meta_gga_r2scan/cif/mp-1224029.cif,train,-3.1516856040476204,-8.264093671526227,-3.268888342690793,-3.26243336735603,-2.522554918378206,28,3
mp-1215843,Yb2Al3Ga,<PROJECT_ROOT>/external_datasets/functional_protocol_round4_widechem_boost/meta_gga_r2scan/cif/mp-1215843.cif,train,-0.5863022450000012,-3.249934832255045,-0.4064253903724295,-0.4058007236225789,-0.3342005327565613,6,3
mp-19905,Co2Si,<PROJECT_ROOT>/external_datasets/functional_protocol_round4_widechem_boost/meta_gga_r2scan/cif/mp-19905.cif,train,-0.3310561891666665,-7.002338409423828,-0.435182437681644,-0.4323507323464541,-0.107776641400845,12,2
mp-1362204,Y2Cr3O12,<PROJECT_ROOT>/external_datasets/functional_protocol_round4_widechem_boost/meta_gga_r2scan/cif/mp-1362204.cif,train,-2.462826790294118,-7.488146164838006,-2.075041877664095,-2.0786898560333986,-2.4968263225266423,34,3
mp-4530,Cd2SiO4,<PROJECT_ROOT>/external_datasets/functional_protocol_round4_widechem_boost/meta_gga_r2scan/cif/mp-4530.cif,train,-2.0689105842857134,-5.690689086914063,-2.1714693532584217,-2.1703092866296183,-2.037340800538505,14,3
mp-1175392,Li9Co7O16,<PROJECT_ROOT>/external_datasets/functional_protocol_round4_widechem_boost/meta_gga_r2scan/cif/mp-1175392.cif,train,-1.7723840446875003,-5.531824588775635,-1.3078722634748845,-1.3122613958016336,-1.815349982488025,32,3
mp-1068300,Ca(FeAs)2,<PROJECT_ROOT>/external_datasets/functional_protocol_round4_widechem_boost/meta_gga_r2scan/cif/mp-1068300.cif,train,-0.5252829380000008,-6.114071655273437,-0.5341971419637668,-0.5325886786372926,-0.3482243256362633,10,3
mp-29614,KEu2I5,<PROJECT_ROOT>/external_datasets/functional_protocol_round4_widechem_boost/meta_gga_r2scan/cif/mp-29614.cif,train,-1.8348827751562524,-5.2417755126953125,-1.6797210664613005,-1.6757807000935667,-1.2241303055745505,32,3
mp-1535,TbSi2,<PROJECT_ROOT>/external_datasets/functional_protocol_round4_widechem_boost/meta_gga_r2scan/cif/mp-1535.cif,train,-0.561173073333336,-5.698567072550456,-0.5177279614825796,-0.5210856766549563,-0.9059517628939088,3,2
mp-5540,SrB4O7,<PROJECT_ROOT>/external_datasets/functional_protocol_round4_widechem_boost/meta_gga_r2scan/cif/mp-5540.cif,train,-2.833901016354168,-7.865106582641602,-2.972736144829033,-2.9668085495996364,-2.2873791579997604,24,3
mp-365,MgB4,<PROJECT_ROOT>/external_datasets/functional_protocol_round4_widechem_boost/meta_gga_r2scan/cif/mp-365.cif,train,-0.1727923235000005,-5.793242645263672,-0.1099603528383497,-0.1130856321664453,-0.4713095915110332,20,2
mp-1213722,Cs2HoCl5,<PROJECT_ROOT>/external_datasets/functional_protocol_round4_widechem_boost/meta_gga_r2scan/cif/mp-1213722.cif,train,-2.4517392759375003,-4.142889022827148,-2.385840799753528,-2.378604225568272,-1.5491378052620823,32,3
mp-21463,PrTiGe,<PROJECT_ROOT>/external_datasets/functional_protocol_round4_widechem_boost/meta_gga_r2scan/cif/mp-21463.cif,train,-0.7205987511111118,-6.380676905314128,-0.6392708742546533,-0.6422167542552506,-0.9798777076567696,6,3
mp-20192,HfMnSi,<PROJECT_ROOT>/external_datasets/functional_protocol_round4_widechem_boost/meta_gga_r2scan/cif/mp-20192.cif,train,-0.7517915423275857,-8.850992838541666,-0.903260318007522,-0.9021484571130358,-0.774705380815429,12,3
mp-28706,Sr5(B5Rh7)2,<PROJECT_ROOT>/external_datasets/functional_protocol_round4_widechem_boost/meta_gga_r2scan/cif/mp-28706.cif,train,-0.6153631870689671,-6.692677464978448,-0.5717669817338518,-0.5726113721398756,-0.6693966008256321,29,3
mp-975589,Ho6Bi2Rh,<PROJECT_ROOT>/external_datasets/functional_protocol_round4_widechem_boost/meta_gga_r2scan/cif/mp-975589.cif,train,-0.7311929155555517,-5.348306867811415,-0.6642433887197194,-0.6649618201487328,-0.7473094518318835,9,3
mp-11382,NdFe5,<PROJECT_ROOT>/external_datasets/functional_protocol_round4_widechem_boost/meta_gga_r2scan/cif/mp-11382.cif,train,0.0827612287499993,-7.812675476074219,0.022405517818707,0.0230448805971601,0.096329551153057,6,2
mp-1213202,Er5(ReO6)2,<PROJECT_ROOT>/external_datasets/functional_protocol_round4_widechem_boost/meta_gga_r2scan/cif/mp-1213202.cif,train,-3.219675765087722,-8.574719880756579,-3.3639034675804025,-3.356495672072927,-2.50740362041274,19,3
mp-867134,SmCl2,<PROJECT_ROOT>/external_datasets/functional_protocol_round4_widechem_boost/meta_gga_r2scan/cif/mp-867134.cif,train,-2.166715886666668,-4.725101788838704,-2.1270123065752324,-2.123922951385201,-1.7698166678140268,6,2
mp-861978,Hf2ReIr,<PROJECT_ROOT>/external_datasets/functional_protocol_round4_widechem_boost/meta_gga_r2scan/cif/mp-861978.cif,train,-0.866948823125,-11.039066314697266,-0.7198123494955855,-0.7192605930964833,-0.6560174902796118,4,3
mp-10607,Lu3TlC,<PROJECT_ROOT>/external_datasets/functional_protocol_round4_widechem_boost/meta_gga_r2scan/cif/mp-10607.cif,train,-0.7013463739999963,-5.549917221069336,-0.6105689093937325,-0.6116670294873563,-0.7375351156581257,5,3
mp-998553,KAgBr3,<PROJECT_ROOT>/external_datasets/functional_protocol_round4_widechem_boost/meta_gga_r2scan/cif/mp-998553.cif,train,-1.014964570250001,-2.6296125411987306,-1.02187273863761,-1.0228612795303151,-1.1361692419178226,10,3
mp-1184740,HoErHg2,<PROJECT_ROOT>/external_datasets/functional_protocol_round4_widechem_boost/meta_gga_r2scan/cif/mp-1184740.cif,train,-0.5728108658333397,-2.9122753143310547,-0.5209614240006841,-0.5210743633777071,-0.5340196353216666,4,3
mp-200,LaP7,<PROJECT_ROOT>/external_datasets/functional_protocol_round4_widechem_boost/meta_gga_r2scan/cif/mp-200.cif,train,-0.5148020126041661,-5.776611804962158,-0.4781092501896928,-0.481437581319776,-0.8629356268561257,32,2
mp-568666,RbAuI3,<PROJECT_ROOT>/external_datasets/functional_protocol_round4_widechem_boost/meta_gga_r2scan/cif/mp-568666.cif,train,-0.7882867657500015,-2.44201717376709,-0.812021509220926,-0.8130138871603299,-0.9267616572953368,10,3
mp-7592,AgF,<PROJECT_ROOT>/external_datasets/functional_protocol_round4_widechem_boost/meta_gga_r2scan/cif/mp-7592.cif,train,-1.1226155524999992,-3.308492660522461,-1.1540667552695931,-1.159119840954841,-1.7383117054394237,2,2
mp-1038816,CeMg,<PROJECT_ROOT>/external_datasets/functional_protocol_round4_widechem_boost/meta_gga_r2scan/cif/mp-1038816.cif,train,-0.0199418925000003,-3.760875225067138,-0.1029900211888898,-0.1099686104564225,-0.9098644327554306,4,2
mp-31426,HoInNi,<PROJECT_ROOT>/external_datasets/functional_protocol_round4_widechem_boost/meta_gga_r2scan/cif/mp-31426.cif,train,-0.5577352405555556,-4.871292961968316,-0.5989210233713855,-0.5979513801175953,-0.4868094919665947,9,3
mp-1237008,ErSbO4,<PROJECT_ROOT>/external_datasets/functional_protocol_round4_widechem_boost/meta_gga_r2scan/cif/mp-1237008.cif,train,-2.69695839972222,-7.157946904500325,-2.8608586680952035,-2.858318021942177,-2.567105548212093,24,3
mp-4911,Th(CuGe)2,<PROJECT_ROOT>/external_datasets/functional_protocol_round4_widechem_boost/meta_gga_r2scan/cif/mp-4911.cif,train,-0.5196684500000004,-5.449271392822266,-0.4668662785565045,-0.465587993531364,-0.3190691467987584,5,3
mp-1209988,Ni21(GeB3)2,<PROJECT_ROOT>/external_datasets/functional_protocol_round4_widechem_boost/meta_gga_r2scan/cif/mp-1209988.cif,train,-0.259152965689656,-6.16082395356277,-0.3468905281865888,-0.3458772293124221,-0.2297314718951541,29,3
mp-861651,Li2PdPb,<PROJECT_ROOT>/external_datasets/functional_protocol_round4_widechem_boost/meta_gga_r2scan/cif/mp-861651.cif,train,-0.3996961183333347,-3.5536041259765625,-0.4216961846447127,-0.4212531604042908,-0.3704730921816867,4,3
mp-769800,SrEu4O5,<PROJECT_ROOT>/external_datasets/functional_protocol_round4_widechem_boost/meta_gga_r2scan/cif/mp-769800.cif,train,-3.026961900375002,-9.51208724975586,-3.0406365272530174,-3.035779555517709,-2.4790665507616425,10,3
mp-3015,HoInCu,<PROJECT_ROOT>/external_datasets/functional_protocol_round4_widechem_boost/meta_gga_r2scan/cif/mp-3015.cif,train,-0.501014603888889,-4.21978759765625,-0.4557007382401328,-0.4544255597622539,-0.3082627898907789,9,3
mp-21478,U(CuP)2,<PROJECT_ROOT>/external_datasets/functional_protocol_round4_widechem_boost/meta_gga_r2scan/cif/mp-21478.cif,train,-0.7276730941904759,-6.595793151855469,-0.5999707085876231,-0.5994984031515855,-0.5453620826641115,5,3
mp-18562,Na2Si2Se5,<PROJECT_ROOT>/external_datasets/functional_protocol_round4_widechem_boost/meta_gga_r2scan/cif/mp-18562.cif,train,-0.8625569044791663,-4.167539384629992,-0.8583147313208834,-0.8608274743063822,-1.1488416473083276,36,3
mp-22469,InNi3,<PROJECT_ROOT>/external_datasets/functional_protocol_round4_widechem_boost/meta_gga_r2scan/cif/mp-22469.cif,train,-0.0475753549999993,-5.076953887939453,-0.1601517584893788,-0.1598537953512702,-0.1257008368904661,8,2
mp-1211478,KHo3F10,<PROJECT_ROOT>/external_datasets/functional_protocol_round4_widechem_boost/meta_gga_r2scan/cif/mp-1211478.cif,train,-4.310379079196427,-6.3903639657156805,-4.337455816832097,-4.326193043907341,-3.0352380006132664,28,3
mp-690785,Na2H6Pt,<PROJECT_ROOT>/external_datasets/functional_protocol_round4_widechem_boost/meta_gga_r2scan/cif/mp-690785.cif,train,-0.4371965336111114,-3.572478824191623,-0.3425690575834776,-0.3420608359828359,-0.2838077536569365,9,3
mp-2762805,NbSI,<PROJECT_ROOT>/external_datasets/functional_protocol_round4_widechem_boost/meta_gga_r2scan/cif/mp-2762805.cif,train,-1.0040760134375002,-6.101934432983398,-0.9532875299191232,-0.9552283863230296,-1.1776921063743282,12,3
mp-1226483,CeThS2,<PROJECT_ROOT>/external_datasets/functional_protocol_round4_widechem_boost/meta_gga_r2scan/cif/mp-1226483.cif,train,-2.165303656406252,-7.347454071044922,-2.148478611768155,-2.145164029650112,-1.765241915417713,4,3
mp-1192185,DyPS,<PROJECT_ROOT>/external_datasets/functional_protocol_round4_widechem_boost/meta_gga_r2scan/cif/mp-1192185.cif,train,-1.7924112740128966,-6.282335917154948,-1.723018624009832,-1.7196460666619364,-1.333078749167148,24,3
mp-23049,KMnCl3,<PROJECT_ROOT>/external_datasets/functional_protocol_round4_widechem_boost/meta_gga_r2scan/cif/mp-23049.cif,train,-1.8411291591465528,-4.598552322387695,-1.7478733563846998,-1.7445567150682129,-1.3643985725826342,20,3
mp-13226,HoMg2Cu9,<PROJECT_ROOT>/external_datasets/functional_protocol_round4_widechem_boost/meta_gga_r2scan/cif/mp-13226.cif,train,-0.1699045479166656,-3.892951647440592,-0.1331913539016742,-0.1296736096647794,0.273535235437226,24,3
mp-766267,Y7TmO12,<PROJECT_ROOT>/external_datasets/functional_protocol_round4_widechem_boost/meta_gga_r2scan/cif/mp-766267.cif,train,-3.917217213999999,-9.022625732421876,-3.976402199602256,-3.9638421348788944,-2.524189661456642,40,3
mp-1025116,TmCu4Ag,<PROJECT_ROOT>/external_datasets/functional_protocol_round4_widechem_boost/meta_gga_r2scan/cif/mp-1025116.cif,train,-0.2467429375000023,-4.192182858784993,-0.2167867336203568,-0.2135042849576489,0.1627346469457444,6,3
mp-607721,NdZnRh,<PROJECT_ROOT>/external_datasets/functional_protocol_round4_widechem_boost/meta_gga_r2scan/cif/mp-607721.cif,train,-0.687467801249999,-5.107083320617676,-0.7038282281388843,-0.7023833398473345,-0.5367681898808233,24,3
mp-1188004,Zr2TcRh,<PROJECT_ROOT>/external_datasets/functional_protocol_round4_widechem_boost/meta_gga_r2scan/cif/mp-1188004.cif,train,-0.7173581124999977,-9.335262298583984,-0.671510684269192,-0.6708048180144264,-0.5898974244645881,4,3
mp-1216148,Y(AlFe)6,<PROJECT_ROOT>/external_datasets/functional_protocol_round4_widechem_boost/meta_gga_r2scan/cif/mp-1216148.cif,train,-0.3304206161538445,-6.512130737304688,-0.3932892201322344,-0.3912880698807557,-0.1619133833103934,13,3
mp-862686,LiAc2Ru,<PROJECT_ROOT>/external_datasets/functional_protocol_round4_widechem_boost/meta_gga_r2scan/cif/mp-862686.cif,train,-0.001742076666666,-4.868546485900879,-0.0838784005810246,-0.0874814907369172,-0.5004728063974428,4,3
mp-862972,AcAgAu2,<PROJECT_ROOT>/external_datasets/functional_protocol_round4_widechem_boost/meta_gga_r2scan/cif/mp-862972.cif,train,-0.6022818956250049,-3.929766178131104,-0.5831405706956514,-0.5801641930944861,-0.2390075613620459,4,3
mp-22579,MnSeO4,<PROJECT_ROOT>/external_datasets/functional_protocol_round4_widechem_boost/meta_gga_r2scan/cif/mp-22579.cif,train,-1.2207121339242093,-6.178320566813151,-1.3508270303232155,-1.361113636946369,-2.540179111075189,24,3
mp-22812,In2Ir,<PROJECT_ROOT>/external_datasets/functional_protocol_round4_widechem_boost/meta_gga_r2scan/cif/mp-22812.cif,train,-0.2606054191666658,-4.936797142028809,-0.2127740618668827,-0.213127456652419,-0.2536340693424195,12,2
mp-1009657,CaN2,<PROJECT_ROOT>/external_datasets/functional_protocol_round4_widechem_boost/meta_gga_r2scan/cif/mp-1009657.cif,train,-0.6392656891666668,-6.724515914916992,-0.6939403500363133,-0.6961231202243452,-0.9463153421046422,3,2
mp-1184821,HoRh2Pb,<PROJECT_ROOT>/external_datasets/functional_protocol_round4_widechem_boost/meta_gga_r2scan/cif/mp-1184821.cif,train,-0.6332730437499947,-6.316014289855957,-0.6044212602625407,-0.6033479344564308,-0.4803218047673953,4,3
mp-2028711,NaMn2O4,<PROJECT_ROOT>/external_datasets/functional_protocol_round4_widechem_boost/meta_gga_r2scan/cif/mp-2028711.cif,train,-2.052007671995074,-6.6073150634765625,-1.557968042021506,-1.562468731986268,-2.0783442137279597,7,3
mp-7127,Ba2YbTaO6,<PROJECT_ROOT>/external_datasets/functional_protocol_round4_widechem_boost/meta_gga_r2scan/cif/mp-7127.cif,train,-3.5096626734833336,-7.5386604309082035,-3.245890539119401,-3.2384856650778344,-2.3897284759930795,10,4
mp-561513,S,<PROJECT_ROOT>/external_datasets/functional_protocol_round4_widechem_boost/meta_gga_r2scan/cif/mp-561513.cif,train,0.0185456679017862,-4.095710209437779,-0.1993223292677193,-0.2128015329522181,-1.7578070207066403,28,1
mp-1220051,NdHoAl4,<PROJECT_ROOT>/external_datasets/functional_protocol_round4_widechem_boost/meta_gga_r2scan/cif/mp-1220051.cif,train,-0.5573533304166673,-4.550064086914063,-0.542733655301511,-0.544131333457126,-0.7043351905314104,6,3
mp-17789,K2RuO4,<PROJECT_ROOT>/external_datasets/functional_protocol_round4_widechem_boost/meta_gga_r2scan/cif/mp-17789.cif,train,-1.482627283571428,-5.775625501360212,-1.675904142023815,-1.6797293466558054,-2.1181797393153925,28,3
mp-1223382,KNa4Cl5,<PROJECT_ROOT>/external_datasets/functional_protocol_round4_widechem_boost/meta_gga_r2scan/cif/mp-1223382.cif,train,-2.0405111466250005,-3.3711376190185547,-1.970235673403442,-1.964575808859757,-1.3158340890509297,10,3
mp-22145,Sm3(Ge2Ru)2,<PROJECT_ROOT>/external_datasets/functional_protocol_round4_widechem_boost/meta_gga_r2scan/cif/mp-22145.cif,train,-0.8142135566666645,-6.425299750434028,-0.7677878731933072,-0.7667526918625214,-0.648098736162301,9,3
mp-755901,Sm3NbO7,<PROJECT_ROOT>/external_datasets/functional_protocol_round4_widechem_boost/meta_gga_r2scan/cif/mp-755901.cif,train,-3.52993423193182,-8.58093955300071,-3.6459774647821215,-3.6366353970181633,-2.565834309644501,22,3
mp-19751,Ba2YbNbO6,<PROJECT_ROOT>/external_datasets/functional_protocol_round4_widechem_boost/meta_gga_r2scan/cif/mp-19751.cif,train,-3.3757481147500017,-7.241830444335937,-3.1177958962671326,-3.111479289616839,-2.387460855952446,10,4
mp-8743,HoCoSi2,<PROJECT_ROOT>/external_datasets/functional_protocol_round4_widechem_boost/meta_gga_r2scan/cif/mp-8743.cif,train,-0.7599276849999992,-6.412167072296143,-0.7613608994229466,-0.7602632230394599,-0.6344459955572778,8,3
mp-866712,RbMnP3HO10,<PROJECT_ROOT>/external_datasets/functional_protocol_round4_widechem_boost/meta_gga_r2scan/cif/mp-866712.cif,train,-2.280130129119458,-6.884000301361084,-2.376990005575119,-2.3765488560705963,-2.3259836727436736,32,5
mp-3407,TlCr5Se8,<PROJECT_ROOT>/external_datasets/functional_protocol_round4_widechem_boost/meta_gga_r2scan/cif/mp-3407.cif,train,-0.8190703673214301,-6.132046835763114,-0.8442880626375038,-0.8433041446345397,-0.7305260644401843,14,3
mp-862367,Sc2NiRu,<PROJECT_ROOT>/external_datasets/functional_protocol_round4_widechem_boost/meta_gga_r2scan/cif/mp-862367.cif,train,-0.5672057062500002,-7.508386611938477,-0.6486426004571761,-0.6493830321831151,-0.7342523691724288,4,3
mp-614777,NiF3,<PROJECT_ROOT>/external_datasets/functional_protocol_round4_widechem_boost/meta_gga_r2scan/cif/mp-614777.cif,train,-1.9186620925000009,-3.668159246444702,-1.185534405707319,-1.200431310269881,-2.9079356880084912,8,2
mp-1068782,SmSi3Os,<PROJECT_ROOT>/external_datasets/functional_protocol_round4_widechem_boost/meta_gga_r2scan/cif/mp-1068782.cif,train,-0.6634360410000028,-7.061737823486328,-0.6043547265286593,-0.6047531644290212,-0.650422682972476,5,3
mp-1225305,EuPaO4,<PROJECT_ROOT>/external_datasets/functional_protocol_round4_widechem_boost/meta_gga_r2scan/cif/mp-1225305.cif,train,-3.72939870833333,-9.964923858642578,-3.7725112484850394,-3.7641482930867776,-2.8055744569323604,6,3
mp-504423,Mn3(CoO4)2,<PROJECT_ROOT>/external_datasets/functional_protocol_round4_widechem_boost/meta_gga_r2scan/cif/mp-504423.cif,train,-1.78282566295756,-6.809446481557993,-1.116415951659274,-1.1248402117423142,-2.0904408780140624,26,3
mp-1218414,Sr2Zn3Cd,<PROJECT_ROOT>/external_datasets/functional_protocol_round4_widechem_boost/meta_gga_r2scan/cif/mp-1218414.cif,train,-0.2522992791666662,-1.600955645243327,-0.2765485480739398,-0.2770988046886584,-0.3401700000891962,6,3
mp-7236,Ho,<PROJECT_ROOT>/external_datasets/functional_protocol_round4_widechem_boost/meta_gga_r2scan/cif/mp-7236.cif,train,0.127856125000001,-4.429348945617676,0.0682660450912395,0.0578549952442024,-1.1354743381090793,1,1
mp-1226464,CeZnSi,<PROJECT_ROOT>/external_datasets/functional_protocol_round4_widechem_boost/meta_gga_r2scan/cif/mp-1226464.cif,train,-0.6341632733333332,-4.743904749552409,-0.6016923433116084,-0.6045484334761726,-0.9319175482313646,3,3
mp-29803,SiH,<PROJECT_ROOT>/external_datasets/functional_protocol_round4_widechem_boost/meta_gga_r2scan/cif/mp-29803.cif,train,0.0361758906249995,-4.372921466827393,0.0988464558869086,0.0941366818992435,-0.4457043077776941,4,2
mp-567499,CsMn4Cl9,<PROJECT_ROOT>/external_datasets/functional_protocol_round4_widechem_boost/meta_gga_r2scan/cif/mp-567499.cif,train,-1.6981812321736445,-5.095809391566685,-1.6124442357556985,-1.6104868640937244,-1.3861301416857832,28,3
mp-204,CeFe2,<PROJECT_ROOT>/external_datasets/functional_protocol_round4_widechem_boost/meta_gga_r2scan/cif/mp-204.cif,train,0.0558271916666678,-7.689418792724609,-0.1496539265639711,-0.1522047311534331,-0.4445815793087201,6,2
mp-1209378,Pr4OsI5,<PROJECT_ROOT>/external_datasets/functional_protocol_round4_widechem_boost/meta_gga_r2scan/cif/mp-1209378.cif,train,-1.2791430714166665,-4.8738761901855465,-1.208809262539483,-1.2066694931777366,-0.9614060871334954,10,3
mp-1076711,SrCuO3,<PROJECT_ROOT>/external_datasets/functional_protocol_round4_widechem_boost/meta_gga_r2scan/cif/mp-1076711.cif,train,-1.5395050932500012,-5.442739105224609,-1.687801539789584,-1.6920035869635042,-2.1736482074816887,5,3
mp-542135,Mo2NCl7,<PROJECT_ROOT>/external_datasets/functional_protocol_round4_widechem_boost/meta_gga_r2scan/cif/mp-542135.cif,train,-0.9127718991249992,-5.054100799560547,-1.00847937790512,-1.0112573589978124,-1.3296735008971383,40,3
mp-861637,Ti2AlTc,<PROJECT_ROOT>/external_datasets/functional_protocol_round4_widechem_boost/meta_gga_r2scan/cif/mp-861637.cif,train,-0.513734560833333,-7.932226181030273,-0.4442942419000202,-0.4467672653012,-0.7302287230838316,4,3
mp-9132,Ta3SnS6,<PROJECT_ROOT>/external_datasets/functional_protocol_round4_widechem_boost/meta_gga_r2scan/cif/mp-9132.cif,train,-1.1101781213875,-7.453939056396484,-1.1418624269636952,-1.14294026697862,-1.2664838216982588,20,3
mp-570000,K3Mo2Br9,<PROJECT_ROOT>/external_datasets/functional_protocol_round4_widechem_boost/meta_gga_r2scan/cif/mp-570000.cif,train,-1.2985248313392848,-3.918564932686942,-1.3038380121427258,-1.3027099470024837,-1.1734095170206285,28,3
mp-24018,CaZnAsHO5,<PROJECT_ROOT>/external_datasets/functional_protocol_round4_widechem_boost/meta_gga_r2scan/cif/mp-24018.cif,train,-1.9739235538888904,-5.774180518256293,-2.13707738471942,-2.136546542543061,-2.0757006576677126,36,5
mp-614603,CsI,<PROJECT_ROOT>/external_datasets/functional_protocol_round4_widechem_boost/meta_gga_r2scan/cif/mp-614603.cif,train,-1.769306368749998,-2.7526750564575195,-1.688692291937537,-1.6817234266460668,-0.8829421803085948,2,2
mp-1094742,MgCd5,<PROJECT_ROOT>/external_datasets/functional_protocol_round4_widechem_boost/meta_gga_r2scan/cif/mp-1094742.cif,train,-0.0254283308333332,-1.0518944263458252,-0.0179832800314772,-0.0170222455056281,0.0931328980073309,6,2
mp-999289,PrTlSe2,<PROJECT_ROOT>/external_datasets/functional_protocol_round4_widechem_boost/meta_gga_r2scan/cif/mp-999289.cif,train,-1.5897413474479158,-4.903711318969727,-1.509977101567928,-1.5046943971122193,-0.8991833027406066,4,3
mp-1191565,SmPS,<PROJECT_ROOT>/external_datasets/functional_protocol_round4_widechem_boost/meta_gga_r2scan/cif/mp-1191565.cif,train,-1.7983850881795649,-6.3181711832682295,-1.695241625329694,-1.6914894743281366,-1.2614125926376512,24,3
mp-27234,Cu(IO3)2,<PROJECT_ROOT>/external_datasets/functional_protocol_round4_widechem_boost/meta_gga_r2scan/cif/mp-27234.cif,train,-0.4439196975000009,-4.433253818088108,-0.7893474730726555,-0.8039085959531995,-2.47292519996682,18,3
mp-18299,UF3,<PROJECT_ROOT>/external_datasets/functional_protocol_round4_widechem_boost/meta_gga_r2scan/cif/mp-18299.cif,train,-3.9926176845833368,-7.60726801554362,-3.8100121767308415,-3.806638900203697,-3.419989149362412,24,2
mp-1220401,Nb4Pd,<PROJECT_ROOT>/external_datasets/functional_protocol_round4_widechem_boost/meta_gga_r2scan/cif/mp-1220401.cif,train,-0.1156213059999999,-9.234716033935548,-0.0328887224946594,-0.0377023998041536,-0.5894529359290103,5,2
mp-1028698,WSe2,<PROJECT_ROOT>/external_datasets/functional_protocol_round4_widechem_boost/meta_gga_r2scan/cif/mp-1028698.cif,train,-0.5993674243749988,-7.200231552124023,-1.3663161762914342,-1.3614270193431652,-0.801024899725264,12,2
mp-11457,HfRh,<PROJECT_ROOT>/external_datasets/functional_protocol_round4_widechem_boost/meta_gga_r2scan/cif/mp-11457.cif,train,-0.8950685699999994,-9.514581680297852,-0.8899208932082274,-0.8902201051948078,-0.9245162084422508,2,2
mp-16327,DySbPt,<PROJECT_ROOT>/external_datasets/functional_protocol_round4_widechem_boost/meta_gga_r2scan/cif/mp-16327.cif,train,-1.3824547583333338,-6.148610432942708,-1.341711254244481,-1.3380187046746022,-0.914773423809902,3,3
mp-1175712,Li9Mn2Co5O16,<PROJECT_ROOT>/external_datasets/functional_protocol_round4_widechem_boost/meta_gga_r2scan/cif/mp-1175712.cif,train,-1.933749776217673,-5.787280082702637,-1.4820226919790578,-1.4851359819415872,-1.8419857031603184,32,4
mp-1218019,SrPbS2,<PROJECT_ROOT>/external_datasets/functional_protocol_round4_widechem_boost/meta_gga_r2scan/cif/mp-1218019.cif,train,-1.5241035839062462,-4.745841979980469,-1.4535195418796183,-1.4504188315897109,-1.0950110103283597,4,3
mp-12181,BaSnS2,<PROJECT_ROOT>/external_datasets/functional_protocol_round4_widechem_boost/meta_gga_r2scan/cif/mp-12181.cif,train,-1.450834446406251,-4.836295127868652,-1.4171605963440357,-1.4160119856496065,-1.2843565950400473,16,3
mp-1103539,Cs2CdI4,<PROJECT_ROOT>/external_datasets/functional_protocol_round4_widechem_boost/meta_gga_r2scan/cif/mp-1103539.cif,train,-1.3608017214285724,-2.433066776820592,-1.3107063231727911,-1.3065305994209293,-0.8279032069597838,14,3
mp-864980,MnAlRu2,<PROJECT_ROOT>/external_datasets/functional_protocol_round4_widechem_boost/meta_gga_r2scan/cif/mp-864980.cif,train,-0.5110296786206909,-8.26816177368164,-0.600190135938508,-0.5965515364988363,-0.1794900962520965,4,3
mp-697076,Ti3Zn3C,<PROJECT_ROOT>/external_datasets/functional_protocol_round4_widechem_boost/meta_gga_r2scan/cif/mp-697076.cif,train,-0.5055073767857172,-5.686571938650949,-0.4535760579353933,-0.454345361146788,-0.5425239888434248,28,3
mp-1224542,K3In(PO4)2,<PROJECT_ROOT>/external_datasets/functional_protocol_round4_widechem_boost/meta_gga_r2scan/cif/mp-1224542.cif,train,-2.406096898728741,-6.205809456961496,-2.549898992066252,-2.546816101454202,-2.193450797000292,56,4
mp-1105802,CaGe2Pt,<PROJECT_ROOT>/external_datasets/functional_protocol_round4_widechem_boost/meta_gga_r2scan/cif/mp-1105802.cif,train,-0.7943923106250033,-5.062793254852295,-0.785760678548229,-0.7851253434930188,-0.7123023363033041,16,3
mp-1007854,FeNi3,<PROJECT_ROOT>/external_datasets/functional_protocol_round4_widechem_boost/meta_gga_r2scan/cif/mp-1007854.cif,train,0.0137127375000005,-6.417851448059082,-0.0446129736735496,-0.044063692767744,0.0188956654888391,4,2
mp-1215720,Zr3AlFe8,<PROJECT_ROOT>/external_datasets/functional_protocol_round4_widechem_boost/meta_gga_r2scan/cif/mp-1215720.cif,train,-0.2002988812499992,-8.380172729492188,-0.3095516106843128,-0.3076036058498825,-0.0843205225300898,12,3
mp-1016301,Mg7Ni,<PROJECT_ROOT>/external_datasets/functional_protocol_round4_widechem_boost/meta_gga_r2scan/cif/mp-1016301.cif,train,0.0663916093749996,-2.0888750553131104,0.0547096359099148,0.0556442595243078,0.1627721468238574,8,2
mp-973153,ScAlPt2,<PROJECT_ROOT>/external_datasets/functional_protocol_round4_widechem_boost/meta_gga_r2scan/cif/mp-973153.cif,train,-1.1886862087499992,-6.665839195251465,-1.19979571475736,-1.1975278570751335,-0.9375827856513872,4,3
mp-1185041,KHg3,<PROJECT_ROOT>/external_datasets/functional_protocol_round4_widechem_boost/meta_gga_r2scan/cif/mp-1185041.cif,train,-0.2115898340625008,-0.7031800150871277,-0.1922554677857659,-0.1902767592009597,0.0365256316332608,4,2
mp-2749854,US2,<PROJECT_ROOT>/external_datasets/functional_protocol_round4_widechem_boost/meta_gga_r2scan/cif/mp-2749854.cif,train,-1.7751861957638906,-7.870723300509983,-1.6290054341763458,-1.6312130302511951,-1.884250830571514,9,2
mp-aaaieiqr,Ca3WO6,<PROJECT_ROOT>/external_datasets/functional_protocol_round4_widechem_boost/meta_gga_r2scan/cif/mp-aaaieiqr.cif,train,-2.829672937249998,-6.836982727050781,-2.580961195354762,-2.5782539906699045,-2.2679503412496915,10,3
mp-752458,Dy3Y5O12,<PROJECT_ROOT>/external_datasets/functional_protocol_round4_widechem_boost/meta_gga_r2scan/cif/mp-752458.cif,train,-3.9141876777500015,-8.844789123535156,-3.993538938088827,-3.9812070452710415,-2.5677079600247725,40,3
mp-569074,Th7Pt3,<PROJECT_ROOT>/external_datasets/functional_protocol_round4_widechem_boost/meta_gga_r2scan/cif/mp-569074.cif,train,-0.8122725660000014,-7.749947357177734,-0.8369800030962784,-0.841386248505791,-1.3464363610675172,20,2
mp-1203224,Pr2HfS5,<PROJECT_ROOT>/external_datasets/functional_protocol_round4_widechem_boost/meta_gga_r2scan/cif/mp-1203224.cif,train,-2.182488898424477,-6.919239044189453,-2.069491932030547,-2.0648436041892007,-1.5320456591572658,32,3
mp-1207066,La(AgGe)2,<PROJECT_ROOT>/external_datasets/functional_protocol_round4_widechem_boost/meta_gga_r2scan/cif/mp-1207066.cif,train,-0.5175496449999997,-4.439348220825195,-0.4723897248675088,-0.4716469413029225,-0.386508033223495,5,3
mp-1104652,Nd5Co2,<PROJECT_ROOT>/external_datasets/functional_protocol_round4_widechem_boost/meta_gga_r2scan/cif/mp-1104652.cif,train,0.0209394146428597,-5.5034299577985495,-0.1511673470907073,-0.1562418978657929,-0.7378941214620068,14,2
mp-18518,Rb2NaMn3F12,<PROJECT_ROOT>/external_datasets/functional_protocol_round4_widechem_boost/meta_gga_r2scan/cif/mp-18518.cif,train,-2.9871290206082373,-5.313986036512587,-2.800878361616572,-2.8001639746662343,-2.7182799268774422,36,4
mp-1094622,MgGa2,<PROJECT_ROOT>/external_datasets/functional_protocol_round4_widechem_boost/meta_gga_r2scan/cif/mp-1094622.cif,train,-0.0156074133333336,-2.612526575724284,-0.0523952336071174,-0.0531886691996312,-0.1441333847271103,6,2
mp-1078519,LaSb2Pd,<PROJECT_ROOT>/external_datasets/functional_protocol_round4_widechem_boost/meta_gga_r2scan/cif/mp-1078519.cif,train,-0.98203123375,-5.478775501251221,-0.9574509768682908,-0.9553715613282384,-0.7170259961219566,8,3
mp-752728,Rb2S2O7,<PROJECT_ROOT>/external_datasets/functional_protocol_round4_widechem_boost/meta_gga_r2scan/cif/mp-752728.cif,train,-1.816865146306818,-5.7407094782049,-2.118243391040573,-2.122638908424324,-2.626459359422095,22,3
mp-1186486,Pm2RuPt,<PROJECT_ROOT>/external_datasets/functional_protocol_round4_widechem_boost/meta_gga_r2scan/cif/mp-1186486.cif,train,-0.6610729974999998,-6.804642677307129,-0.6489301636101414,-0.6469797679295306,-0.4234226424221164,4,3
mp-1190911,Rb3V5O14,<PROJECT_ROOT>/external_datasets/functional_protocol_round4_widechem_boost/meta_gga_r2scan/cif/mp-1190911.cif,train,-2.5153296411931816,-6.915720159357244,-2.1220825911311483,-2.124464758099916,-2.3975121224427425,22,3
mp-1186490,Pm3Dy,<PROJECT_ROOT>/external_datasets/functional_protocol_round4_widechem_boost/meta_gga_r2scan/cif/mp-1186490.cif,train,0.0331307656249961,-4.698519706726074,-0.0714507164096884,-0.0764794078010497,-0.6528751636429732,4,2
mp-35276,K(FeAs)2,<PROJECT_ROOT>/external_datasets/functional_protocol_round4_widechem_boost/meta_gga_r2scan/cif/mp-35276.cif,train,-0.2462611297499989,-5.747294235229492,-0.3301958615905986,-0.3297444336899628,-0.2780011259887651,5,3
mp-1231,Cr3Ga,<PROJECT_ROOT>/external_datasets/functional_protocol_round4_widechem_boost/meta_gga_r2scan/cif/mp-1231.cif,train,0.1522377074999994,-8.026602745056152,-0.4336318769295859,-0.4289707688783917,0.1052920619741972,8,2
mp-2207479,Tm3SbO7,<PROJECT_ROOT>/external_datasets/functional_protocol_round4_widechem_boost/meta_gga_r2scan/cif/mp-2207479.cif,train,-3.342896246477272,-7.764134493741122,-3.450519825705986,-3.442397490555673,-2.5114038892751824,22,3
mp-1067248,TiNi,<PROJECT_ROOT>/external_datasets/functional_protocol_round4_widechem_boost/meta_gga_r2scan/cif/mp-1067248.cif,train,-0.3933487608333319,-7.229864120483398,-0.446701237065036,-0.4492177061949594,-0.7376589751663194,4,2
mp-27198,Cd(NO3)2,<PROJECT_ROOT>/external_datasets/functional_protocol_round4_widechem_boost/meta_gga_r2scan/cif/mp-27198.cif,train,-0.5581325941666664,-5.770878261990017,-0.9830955739655964,-0.995900373868154,-2.463604741434434,72,3
mp-27307,Na2ZrF6,<PROJECT_ROOT>/external_datasets/functional_protocol_round4_widechem_boost/meta_gga_r2scan/cif/mp-27307.cif,train,-3.635070792500001,-5.825547112358941,-3.665101037359926,-3.657826271873789,-2.823982310368692,36,3
mp-20878,PbO,<PROJECT_ROOT>/external_datasets/functional_protocol_round4_widechem_boost/meta_gga_r2scan/cif/mp-20878.cif,train,-1.2448179481249966,-5.428377151489258,-1.4001622149020818,-1.4015783262116974,-1.563895017601004,8,2
mp-755309,Li3NbS4,<PROJECT_ROOT>/external_datasets/functional_protocol_round4_widechem_boost/meta_gga_r2scan/cif/mp-755309.cif,train,-1.2845477001562493,-5.182481288909912,-1.2814821297036678,-1.2806538827627474,-1.1857190409940674,8,3
mp-10601,Y3GaC,<PROJECT_ROOT>/external_datasets/functional_protocol_round4_widechem_boost/meta_gga_r2scan/cif/mp-10601.cif,train,-0.6081670120000012,-6.811494445800781,-0.5384038617693934,-0.5402775341449226,-0.7550405253569953,5,3
mp-1225134,EuGaAg4,<PROJECT_ROOT>/external_datasets/functional_protocol_round4_widechem_boost/meta_gga_r2scan/cif/mp-1225134.cif,train,-0.2336276991666655,-4.322676022847493,-0.1661009393679968,-0.1653898052461357,-0.0838786012813266,6,3
mp-625,Mg3Ru2,<PROJECT_ROOT>/external_datasets/functional_protocol_round4_widechem_boost/meta_gga_r2scan/cif/mp-625.cif,train,-0.1369303230000014,-4.806975555419922,-0.1136820522308399,-0.1117618067678689,0.1083394579325551,20,2
mp-647366,KICl4,<PROJECT_ROOT>/external_datasets/functional_protocol_round4_widechem_boost/meta_gga_r2scan/cif/mp-647366.cif,train,-0.873532853958333,-2.470738093058268,-1.0048383241411494,-1.0103141602592354,-1.6379622803201566,24,3
mp-22803,Cr2CuS4,<PROJECT_ROOT>/external_datasets/functional_protocol_round4_widechem_boost/meta_gga_r2scan/cif/mp-22803.cif,train,-0.8702925023214293,-6.3279010227748325,-0.9037922688055168,-0.9035041505960396,-0.8704796318495086,14,3
mp-1183717,CeMgAu2,<PROJECT_ROOT>/external_datasets/functional_protocol_round4_widechem_boost/meta_gga_r2scan/cif/mp-1183717.cif,train,-0.7242377487499994,-4.177891731262207,-0.7321586718952946,-0.7311610702604829,-0.6168145527326805,4,3
mp-984743,Er2Ge5Rh3,<PROJECT_ROOT>/external_datasets/functional_protocol_round4_widechem_boost/meta_gga_r2scan/cif/mp-984743.cif,train,-0.8119471256666685,-6.186554718017578,-0.7896506136172832,-0.788870114057195,-0.6994081449584131,20,3
mp-3346454,Li2MgCl4,<PROJECT_ROOT>/external_datasets/functional_protocol_round4_widechem_boost/meta_gga_r2scan/cif/mp-3346454.cif,train,-1.997312546904762,-3.610124860491072,-1.946852114175516,-1.941235022272852,-1.2973959633804524,14,3
mp-26324,MoP2O7,<PROJECT_ROOT>/external_datasets/functional_protocol_round4_widechem_boost/meta_gga_r2scan/cif/mp-26324.cif,train,-2.2666041312202383,-7.312112426757812,-2.15075833013972,-2.1532437666425253,-2.438128031779912,40,3
mp-556459,VPO5,<PROJECT_ROOT>/external_datasets/functional_protocol_round4_widechem_boost/meta_gga_r2scan/cif/mp-556459.cif,train,-2.425022515960884,-7.352505820138114,-2.2877066769085923,-2.290499926879381,-2.6106662092909607,14,3
mp-843,Th2Fe17,<PROJECT_ROOT>/external_datasets/functional_protocol_round4_widechem_boost/meta_gga_r2scan/cif/mp-843.cif,train,0.0157284694736829,-8.365131578947368,-0.0142419745092396,-0.0128595746231043,0.1455930654837471,19,2
mp-18003,CsCuS4,<PROJECT_ROOT>/external_datasets/functional_protocol_round4_widechem_boost/meta_gga_r2scan/cif/mp-18003.cif,train,-0.5310113614583329,-4.013806025187175,-0.594032652690859,-0.5992485507734289,-1.1971022036865635,24,3
mp-1195382,Li2SnH14Se3O7,<PROJECT_ROOT>/external_datasets/functional_protocol_round4_widechem_boost/meta_gga_r2scan/cif/mp-1195382.cif,train,-1.0530793042322537,-4.722654554578993,-1.1707499016439602,-1.170422029638205,-1.1328408742537166,54,5
mp-29366,PWO5,<PROJECT_ROOT>/external_datasets/functional_protocol_round4_widechem_boost/meta_gga_r2scan/cif/mp-29366.cif,train,-2.304941303818026,-7.447210039411273,-2.020154559950328,-2.023860620997075,-2.448654606547331,28,3
mp-14650,Nd10Se19,<PROJECT_ROOT>/external_datasets/functional_protocol_round4_widechem_boost/meta_gga_r2scan/cif/mp-14650.cif,train,-1.9530544564547376,-5.613230738146552,-1.873120303531401,-1.868735746935056,-1.3661716369707837,58,2
mp-1198388,Y2Mn3Si5,<PROJECT_ROOT>/external_datasets/functional_protocol_round4_widechem_boost/meta_gga_r2scan/cif/mp-1198388.cif,train,-0.6163431945948276,-7.376426696777344,-0.8293404359457206,-0.8283136134288034,-0.7106177568554654,40,3
mp-1194641,Na3U6TiF30,<PROJECT_ROOT>/external_datasets/functional_protocol_round4_widechem_boost/meta_gga_r2scan/cif/mp-1194641.cif,train,-3.881361915666667,-6.868625640869141,-3.874307447605057,-3.869232621743064,-3.2875488672939723,80,4
mp-1212133,HoSiNi,<PROJECT_ROOT>/external_datasets/functional_protocol_round4_widechem_boost/meta_gga_r2scan/cif/mp-1212133.cif,train,-0.8541235783333315,-6.085756937662761,-0.8608504934910313,-0.8593194736169831,-0.6838317992246117,12,3
mp-865899,Ti3Os,<PROJECT_ROOT>/external_datasets/functional_protocol_round4_widechem_boost/meta_gga_r2scan/cif/mp-865899.cif,train,-0.4404996525000015,-9.066221237182615,-0.3520843506184672,-0.3569207974036885,-0.9112812032028076,4,2
mp-2086,PuS,<PROJECT_ROOT>/external_datasets/functional_protocol_round4_widechem_boost/meta_gga_r2scan/cif/mp-2086.cif,train,-2.13811640078125,-10.981403350830078,-2.22134618190511,-2.2170208087552687,-1.7212403895643364,2,2
mp-5972,CsPd2F5,<PROJECT_ROOT>/external_datasets/functional_protocol_round4_widechem_boost/meta_gga_r2scan/cif/mp-5972.cif,train,-1.85158292125,-4.191754341125488,-1.9103351948133,-1.916376564552591,-2.608846952212671,16,3
mp-1208131,TlPbF7,<PROJECT_ROOT>/external_datasets/functional_protocol_round4_widechem_boost/meta_gga_r2scan/cif/mp-1208131.cif,train,-1.990072608055556,-3.9480917188856335,-2.166939994344788,-2.173389671402033,-2.912660824277593,36,3
mp-1097036,Li3PS4,<PROJECT_ROOT>/external_datasets/functional_protocol_round4_widechem_boost/meta_gga_r2scan/cif/mp-1097036.cif,train,-1.0626627605282737,-4.371549606323242,-1.074464050297152,-1.0755712260006556,-1.2024772790462768,32,3
mp-1106158,DyGePd2,<PROJECT_ROOT>/external_datasets/functional_protocol_round4_widechem_boost/meta_gga_r2scan/cif/mp-1106158.cif,train,-0.9532666856250032,-5.805120468139648,-0.9491816258439272,-0.9474923549170536,-0.7538657198869542,16,3
mp-1078990,CsTmS2,<PROJECT_ROOT>/external_datasets/functional_protocol_round4_widechem_boost/meta_gga_r2scan/cif/mp-1078990.cif,train,-2.1124612351562497,-5.223143100738525,-1.9873235482636664,-1.9815846836280464,-1.3237878609778964,8,3
mp-6015,LiSiNO,<PROJECT_ROOT>/external_datasets/functional_protocol_round4_widechem_boost/meta_gga_r2scan/cif/mp-6015.cif,train,-2.0799748379166667,-7.0087480545043945,-2.072588673882061,-2.0671517298759614,-1.443961478978136,16,4
mp-1191066,La3IrO7,<PROJECT_ROOT>/external_datasets/functional_protocol_round4_widechem_boost/meta_gga_r2scan/cif/mp-1191066.cif,train,-2.883748317386363,-7.93276630748402,-3.072047640104042,-3.068427869706569,-2.653524641043043,22,3
mp-1196235,Sm2USe5,<PROJECT_ROOT>/external_datasets/functional_protocol_round4_widechem_boost/meta_gga_r2scan/cif/mp-1196235.cif,train,-1.9665945178515607,-6.3703293800354,-1.8171701200375336,-1.8145882943745697,-1.5186557666767304,32,3
mp-1217997,Ta3AlB8,<PROJECT_ROOT>/external_datasets/functional_protocol_round4_widechem_boost/meta_gga_r2scan/cif/mp-1217997.cif,train,-0.5079753043333332,-8.220111846923828,-0.4737280755221693,-0.475029366194633,-0.6241851529286792,12,3
mp-19887,Nb(FeGe)6,<PROJECT_ROOT>/external_datasets/functional_protocol_round4_widechem_boost/meta_gga_r2scan/cif/mp-19887.cif,train,-0.1039755838461535,-6.978539100060096,-0.1403646360836061,-0.1401079953740716,-0.1106914724209378,13,3
mp-1079718,Rb2Ni3S4,<PROJECT_ROOT>/external_datasets/functional_protocol_round4_widechem_boost/meta_gga_r2scan/cif/mp-1079718.cif,train,-0.863514069305555,-4.699220445421007,-0.8795920749594668,-0.8805483165711943,-0.9901540894579764,9,3
mp-1224771,Fe3NiP4,<PROJECT_ROOT>/external_datasets/functional_protocol_round4_widechem_boost/meta_gga_r2scan/cif/mp-1224771.cif,train,-0.4060409202380945,-7.163920402526856,-0.5907322472965468,-0.5878156198718729,-0.2535076383069193,8,3
mp-18754,DyCrO4,<PROJECT_ROOT>/external_datasets/functional_protocol_round4_widechem_boost/meta_gga_r2scan/cif/mp-18754.cif,train,-2.8475672283333324,-7.645350774129231,-2.507033091986504,-2.506730982725708,-2.4721027897877303,12,3
mp-1208727,Sr3Sn4Bi,<PROJECT_ROOT>/external_datasets/functional_protocol_round4_widechem_boost/meta_gga_r2scan/cif/mp-1208727.cif,train,-0.6751781493750038,-3.7243707180023193,-0.5839206337546359,-0.5831915888144286,-0.4996274213901022,16,3
mp-1207416,Zr3Bi,<PROJECT_ROOT>/external_datasets/functional_protocol_round4_widechem_boost/meta_gga_r2scan/cif/mp-1207416.cif,train,-0.3173832118750006,-7.627142429351807,-0.3061768662412705,-0.3099177965212805,-0.7387085431554721,16,2
mp-26715,LiCoP2O7,<PROJECT_ROOT>/external_datasets/functional_protocol_round4_widechem_boost/meta_gga_r2scan/cif/mp-26715.cif,train,-2.155735395806277,-6.677893898703835,-2.138053634172792,-2.139697213911975,-2.3280866600563668,44,4
mp-1214668,Ba3Na3(CO3)5,<PROJECT_ROOT>/external_datasets/functional_protocol_round4_widechem_boost/meta_gga_r2scan/cif/mp-1214668.cif,train,-2.100570573701923,-6.974853515625,-2.354029486063494,-2.352266715958925,-2.150215500697522,52,4
mp-22108,HoTiGe,<PROJECT_ROOT>/external_datasets/functional_protocol_round4_widechem_boost/meta_gga_r2scan/cif/mp-22108.cif,train,-0.8060073738888889,-6.390047073364258,-0.7121160765552412,-0.7146140561568739,-1.000936029113764,6,3
mp-28244,TlBO2,<PROJECT_ROOT>/external_datasets/functional_protocol_round4_widechem_boost/meta_gga_r2scan/cif/mp-28244.cif,train,-1.979257958125004,-6.577577590942383,-2.148764007384383,-2.1452620949760703,-1.7438679165719702,32,3
mp-30923,Ga5Rh3,<PROJECT_ROOT>/external_datasets/functional_protocol_round4_widechem_boost/meta_gga_r2scan/cif/mp-30923.cif,train,-0.6341447518749987,-5.2428741455078125,-0.6140083274570056,-0.6121106025776344,-0.3945906791824196,16,2
mp-999143,SrPd,<PROJECT_ROOT>/external_datasets/functional_protocol_round4_widechem_boost/meta_gga_r2scan/cif/mp-999143.cif,train,-0.5818894649999997,-4.039979934692383,-0.6235237701393848,-0.6252600138580693,-0.8242707370604387,4,2
mp-1019360,ThPSe,<PROJECT_ROOT>/external_datasets/functional_protocol_round4_widechem_boost/meta_gga_r2scan/cif/mp-1019360.cif,train,-1.6265200440128922,-6.8654225667317705,-1.5453055207145523,-1.5427713901832698,-1.252305746279777,6,3
mp-23891,NaHO,<PROJECT_ROOT>/external_datasets/functional_protocol_round4_widechem_boost/meta_gga_r2scan/cif/mp-23891.cif,train,-1.444974789166667,-4.532435099283855,-1.5302580451989023,-1.5287866729873594,-1.3601358984653524,6,3
mp-1232272,Pm2MgS4,<PROJECT_ROOT>/external_datasets/functional_protocol_round4_widechem_boost/meta_gga_r2scan/cif/mp-1232272.cif,train,-2.127124079107144,-5.787425994873047,-1.9837785079827217,-1.9759785836714412,-1.0819401710865912,28,3
mp-560068,Na3NO4,<PROJECT_ROOT>/external_datasets/functional_protocol_round4_widechem_boost/meta_gga_r2scan/cif/mp-560068.cif,train,-1.170056407812499,-5.0353617668151855,-1.393544723311826,-1.3992021943197166,-2.0476695636536077,64,3
mp-1225870,CsTaS3,<PROJECT_ROOT>/external_datasets/functional_protocol_round4_widechem_boost/meta_gga_r2scan/cif/mp-1225870.cif,train,-1.3304939831541645,-6.167021179199219,-1.293764261468274,-1.2938211059073297,-1.3003366963189564,10,3
mp-23208,UCl3,<PROJECT_ROOT>/external_datasets/functional_protocol_round4_widechem_boost/meta_gga_r2scan/cif/mp-23208.cif,train,-2.210535621875,-5.880534648895264,-1.948851601792323,-1.949670196071104,-2.0434986359830463,8,2
mp-1184281,Eu2TlCd,<PROJECT_ROOT>/external_datasets/functional_protocol_round4_widechem_boost/meta_gga_r2scan/cif/mp-1184281.cif,train,-0.4630205574999948,-6.353268623352051,-0.3535153610218735,-0.3565526320329635,-0.7046889529755638,4,3
mp-4817,CeAl5Ni2,<PROJECT_ROOT>/external_datasets/functional_protocol_round4_widechem_boost/meta_gga_r2scan/cif/mp-4817.cif,train,-0.623900998749999,-5.098257064819336,-0.6432230824211489,-0.6426786730347782,-0.5802776952616336,8,3
mp-23356,Bi4B2O9,<PROJECT_ROOT>/external_datasets/functional_protocol_round4_widechem_boost/meta_gga_r2scan/cif/mp-23356.cif,train,-1.7955411782499977,-6.562806193033854,-2.026191449863621,-2.0263121051417663,-2.0401417846405403,60,3
mp-850287,Na6(NiO2)7,<PROJECT_ROOT>/external_datasets/functional_protocol_round4_widechem_boost/meta_gga_r2scan/cif/mp-850287.cif,train,-1.3841124493518515,-4.602488199869792,-0.6126488666441166,-0.6239674661301509,-1.9213214292378689,27,3
mp-1070510,Y2BiO2,<PROJECT_ROOT>/external_datasets/functional_protocol_round4_widechem_boost/meta_gga_r2scan/cif/mp-1070510.cif,train,-2.947165608499998,-8.00060806274414,-2.932967670284727,-2.923048175320837,-1.7860615614456157,5,3
mp-1207144,Sm2MgPd2,<PROJECT_ROOT>/external_datasets/functional_protocol_round4_widechem_boost/meta_gga_r2scan/cif/mp-1207144.cif,train,-0.7485123300000026,-5.012117004394531,-0.7704812395646918,-0.7697084904721381,-0.6811348909778956,10,3
mp-542448,Cs3GaSe3,<PROJECT_ROOT>/external_datasets/functional_protocol_round4_widechem_boost/meta_gga_r2scan/cif/mp-542448.cif,train,-1.2844263467410713,-3.387923921857561,-1.223504471148678,-1.2210466277851255,-0.9393251274937516,28,3
mp-aaaieizu,MgSn(BiO3)2,<PROJECT_ROOT>/external_datasets/functional_protocol_round4_widechem_boost/meta_gga_r2scan/cif/mp-aaaieizu.cif,train,-1.5301440207500037,-5.670956420898437,-1.7187032445367243,-1.7209483841955917,-1.978289483485768,10,4
mp-1186030,Na3Au,<PROJECT_ROOT>/external_datasets/functional_protocol_round4_widechem_boost/meta_gga_r2scan/cif/mp-1186030.cif,train,-0.1778947474999999,-1.9884567260742188,-0.2501780943058538,-0.252745960736938,-0.5470784614325863,8,2
mp-560616,KCO2,<PROJECT_ROOT>/external_datasets/functional_protocol_round4_widechem_boost/meta_gga_r2scan/cif/mp-560616.cif,train,-1.6620465190624998,-6.611274719238281,-1.8800801813000776,-1.8793614097675877,-1.7969747949397623,16,3
mp-1186899,Rb,<PROJECT_ROOT>/external_datasets/functional_protocol_round4_widechem_boost/meta_gga_r2scan/cif/mp-1186899.cif,train,0.0140865335775852,-0.9447145790889344,-0.0599434418909385,-0.0664020116082175,-0.806692453819243,29,1
mp-2714,Pr2Au,<PROJECT_ROOT>/external_datasets/functional_protocol_round4_widechem_boost/meta_gga_r2scan/cif/mp-2714.cif,train,-0.6126188819444423,-4.814351399739583,-0.6111310324808636,-0.612961634210202,-0.8227878067287073,12,2
mp-1210500,Na2GdCl5,<PROJECT_ROOT>/external_datasets/functional_protocol_round4_widechem_boost/meta_gga_r2scan/cif/mp-1210500.cif,train,-2.2656760571875,-5.265822410583496,-2.195908796895858,-2.1906862693902207,-1.592072742581532,32,3
mp-1225699,ErUTe6,<PROJECT_ROOT>/external_datasets/functional_protocol_round4_widechem_boost/meta_gga_r2scan/cif/mp-1225699.cif,train,-0.918858208541664,-5.033441066741943,-0.8587859080872278,-0.860884681490341,-1.1014490724783488,8,3
mp-23065,CsCu2Cl3,<PROJECT_ROOT>/external_datasets/functional_protocol_round4_widechem_boost/meta_gga_r2scan/cif/mp-23065.cif,train,-1.0971894279166676,-3.384158452351888,-1.071418173540989,-1.0704278966810683,-0.956920955263646,12,3
mp-27425,Sr(HO)2,<PROJECT_ROOT>/external_datasets/functional_protocol_round4_widechem_boost/meta_gga_r2scan/cif/mp-27425.cif,train,-1.9680650455000008,-5.509288787841797,-2.0733170591509813,-2.0693081418628205,-1.6098003433979389,20,3
mp-1101295,Ti2O3,<PROJECT_ROOT>/external_datasets/functional_protocol_round4_widechem_boost/meta_gga_r2scan/cif/mp-1101295.cif,train,-3.038391425916667,-8.911355590820312,-3.158526057708894,-3.1536202087252923,-2.5913048242866474,10,2
mp-1202913,GaH15N5Cl3,<PROJECT_ROOT>/external_datasets/functional_protocol_round4_widechem_boost/meta_gga_r2scan/cif/mp-1202913.cif,train,-0.6269431130208325,-4.779526392618815,-0.6142684954835689,-0.6132836408290867,-0.5003982003110804,96,4
mp-979973,Sm3Tm,<PROJECT_ROOT>/external_datasets/functional_protocol_round4_widechem_boost/meta_gga_r2scan/cif/mp-979973.cif,train,0.0101079587499981,-4.632970333099365,-0.0928430868624303,-0.102929241691525,-1.2590186462320028,8,2
mp-1221485,Mo2SeS3,<PROJECT_ROOT>/external_datasets/functional_protocol_round4_widechem_boost/meta_gga_r2scan/cif/mp-1221485.cif,train,-0.904702752916665,-7.06859842936198,-1.0505118014529031,-1.0486826519065726,-0.839022930668355,6,3
mp-1208961,SmIn2Cl5,<PROJECT_ROOT>/external_datasets/functional_protocol_round4_widechem_boost/meta_gga_r2scan/cif/mp-1208961.cif,train,-1.748904060000001,-3.996606588363648,-1.7616169941153088,-1.7591579225615233,-1.4772956453604067,32,3
mp-867771,TaCuRh2,<PROJECT_ROOT>/external_datasets/functional_protocol_round4_widechem_boost/meta_gga_r2scan/cif/mp-867771.cif,train,-0.4864117468333333,-8.106353759765625,-0.4411642645560771,-0.4400212912550687,-0.3090120666924602,4,3
mp-1212876,Er2Si5Rh3,<PROJECT_ROOT>/external_datasets/functional_protocol_round4_widechem_boost/meta_gga_r2scan/cif/mp-1212876.cif,train,-1.0121634531666672,-6.790077209472656,-0.9634008969691416,-0.9626145831066985,-0.872486170405424,20,3
mp-30332,BaAgBi,<PROJECT_ROOT>/external_datasets/functional_protocol_round4_widechem_boost/meta_gga_r2scan/cif/mp-30332.cif,train,-0.3187915633333347,-3.1729246775309243,-0.2925432096874099,-0.2920790752131887,-0.2388793219841418,6,3
mp-1184099,Er2PdPt,<PROJECT_ROOT>/external_datasets/functional_protocol_round4_widechem_boost/meta_gga_r2scan/cif/mp-1184099.cif,train,-1.1808869016666677,-6.199278831481934,-1.2101209530106694,-1.2092834763594444,-1.113290712075573,4,3
mp-1224013,Ho3Mg,<PROJECT_ROOT>/external_datasets/functional_protocol_round4_widechem_boost/meta_gga_r2scan/cif/mp-1224013.cif,train,-0.0139150774999983,-3.854908227920532,-0.0718818533379526,-0.0781959228590816,-0.8019235471719365,4,2
mp-11265,BaCaSn,<PROJECT_ROOT>/external_datasets/functional_protocol_round4_widechem_boost/meta_gga_r2scan/cif/mp-11265.cif,train,-0.7891794516666669,-3.319299697875977,-0.7337351019688976,-0.7348380450328369,-0.8612589469160898,12,3
mp-1186954,Sc2IrOs,<PROJECT_ROOT>/external_datasets/functional_protocol_round4_widechem_boost/meta_gga_r2scan/cif/mp-1186954.cif,train,-0.7867259275000009,-8.893460273742676,-0.7557886990518874,-0.7548642886061723,-0.648907049215837,4,3
mp-27866,MoS2Cl3,<PROJECT_ROOT>/external_datasets/functional_protocol_round4_widechem_boost/meta_gga_r2scan/cif/mp-27866.cif,train,-0.7789774501041672,-4.772570292154948,-0.9113827934623426,-0.9160248062751446,-1.4480989137581686,24,3
mp-684014,Sn14Sb11Pt8,<PROJECT_ROOT>/external_datasets/functional_protocol_round4_widechem_boost/meta_gga_r2scan/cif/mp-684014.cif,train,-0.3613145754545506,-4.882124004941998,-0.3611538865939554,-0.3617251994170196,-0.4272098873496087,33,3
mp-20774,NdCuSn,<PROJECT_ROOT>/external_datasets/functional_protocol_round4_widechem_boost/meta_gga_r2scan/cif/mp-20774.cif,train,-0.6570670708333305,-4.876834233601888,-0.5882111452124228,-0.5857605234816674,-0.3048667770074977,6,3
mp-20999,La3InN,<PROJECT_ROOT>/external_datasets/functional_protocol_round4_widechem_boost/meta_gga_r2scan/cif/mp-20999.cif,train,-1.0585751067499956,-6.054022216796875,-1.0425490669708664,-1.0444512211739196,-1.2624788399453193,5,3
mp-570686,SnBi,<PROJECT_ROOT>/external_datasets/functional_protocol_round4_widechem_boost/meta_gga_r2scan/cif/mp-570686.cif,train,0.1602088062499973,-3.8842480182647705,0.1128045001167219,0.1121712317479195,0.0395851110897111,8,2
mp-604453,CeBiPd,<PROJECT_ROOT>/external_datasets/functional_protocol_round4_widechem_boost/meta_gga_r2scan/cif/mp-604453.cif,train,-1.0280450716666678,-5.8381601969401045,-0.9069284074904118,-0.9055108900523292,-0.7430330262194648,3,3
mp-1025874,MoS2,<PROJECT_ROOT>/external_datasets/functional_protocol_round4_widechem_boost/meta_gga_r2scan/cif/mp-1025874.cif,train,-0.9617292007638886,-7.232516818576389,-1.1082599377748332,-1.1063195752383432,-0.8839124629726955,9,2
mp-2206511,LiSbS,<PROJECT_ROOT>/external_datasets/functional_protocol_round4_widechem_boost/meta_gga_r2scan/cif/mp-2206511.cif,train,-0.8373178748263896,-4.106603622436523,-0.8507064930748207,-0.8511113937901786,-0.8975216893718526,6,3
mp-28495,ZrBr2,<PROJECT_ROOT>/external_datasets/functional_protocol_round4_widechem_boost/meta_gga_r2scan/cif/mp-28495.cif,train,-1.4574979227777791,-5.170607248942058,-1.444778322708245,-1.445874304672775,-1.571497315446139,18,2
mp-759230,NaAl11O17,<PROJECT_ROOT>/external_datasets/functional_protocol_round4_widechem_boost/meta_gga_r2scan/cif/mp-759230.cif,train,-3.2668586768534484,-7.315099255792026,-3.32392733727609,-3.314179853886805,-2.1969094512174454,29,3
mp-22636,TaNiGe,<PROJECT_ROOT>/external_datasets/functional_protocol_round4_widechem_boost/meta_gga_r2scan/cif/mp-22636.cif,train,-0.4446266324444441,-7.843416849772136,-0.4398865936843039,-0.4395416951008162,-0.4000089291703029,12,3
mp-5134,LaMg2Ni9,<PROJECT_ROOT>/external_datasets/functional_protocol_round4_widechem_boost/meta_gga_r2scan/cif/mp-5134.cif,train,-0.1940899237499991,-5.256988843282064,-0.3311016726435101,-0.3297627255153506,-0.1762907022983026,12,3
mp-1217201,Ti4Mn5V3,<PROJECT_ROOT>/external_datasets/functional_protocol_round4_widechem_boost/meta_gga_r2scan/cif/mp-1217201.cif,train,-0.1059990690900392,-8.953057607014975,-0.7104331395210277,-0.7101249972485695,-0.6748052919366788,12,3
mp-866141,TiFe2Si,<PROJECT_ROOT>/external_datasets/functional_protocol_round4_widechem_boost/meta_gga_r2scan/cif/mp-866141.cif,train,-0.5201727229166675,-8.2435884475708,-0.6589616643574105,-0.6565679258190977,-0.3821942117255108,4,3
mp-1030309,Te2MoWS2,<PROJECT_ROOT>/external_datasets/functional_protocol_round4_widechem_boost/meta_gga_r2scan/cif/mp-1030309.cif,train,-0.465225849270837,-6.818835576375325,-0.9232240965691316,-0.9207182169593642,-0.6334907338415587,12,4
mp-1190424,Dy2Mo2O7,<PROJECT_ROOT>/external_datasets/functional_protocol_round4_widechem_boost/meta_gga_r2scan/cif/mp-1190424.cif,train,-2.937386780568183,-7.857102827592329,-2.378994688802668,-2.3781023680056856,-2.275823289771588,22,3
mp-557175,ZnS,<PROJECT_ROOT>/external_datasets/functional_protocol_round4_widechem_boost/meta_gga_r2scan/cif/mp-557175.cif,train,-0.9623006405729168,-3.502490361531576,-0.9308580005853382,-0.9301932860387954,-0.8540027597856028,36,2
mp-613,Te2Pd3,<PROJECT_ROOT>/external_datasets/functional_protocol_round4_widechem_boost/meta_gga_r2scan/cif/mp-613.cif,train,-0.3376539000000008,-4.70303955078125,-0.3876064226584024,-0.3899191549102054,-0.6550078132891457,10,2
mp-1079564,EuCu4P3,<PROJECT_ROOT>/external_datasets/functional_protocol_round4_widechem_boost/meta_gga_r2scan/cif/mp-1079564.cif,train,-0.499918013616071,-5.794743061065674,-0.4099800561196405,-0.4087147084881666,-0.2636787642058857,8,3
mp-1874,NbS2,<PROJECT_ROOT>/external_datasets/functional_protocol_round4_widechem_boost/meta_gga_r2scan/cif/mp-1874.cif,train,-1.1383673518749995,-7.131802241007487,-1.1323178524062198,-1.1344113112504903,-1.3743665399490403,3,2
mp-1183524,Bi2O3,<PROJECT_ROOT>/external_datasets/functional_protocol_round4_widechem_boost/meta_gga_r2scan/cif/mp-1183524.cif,train,-1.2856406282500017,-5.71679916381836,-1.5486549783193695,-1.5518154663285273,-1.9140750947471656,10,2
mp-29990,La3B2N5,<PROJECT_ROOT>/external_datasets/functional_protocol_round4_widechem_boost/meta_gga_r2scan/cif/mp-29990.cif,train,-1.6258211200000006,-8.373174285888672,-1.549385807515952,-1.5455924862532502,-1.1107966107043932,80,3
mp-20683,Cu3Se2,<PROJECT_ROOT>/external_datasets/functional_protocol_round4_widechem_boost/meta_gga_r2scan/cif/mp-20683.cif,train,-0.1898896156250003,-3.990703582763672,-0.1975578723475335,-0.1986805082384757,-0.3273586299471184,10,2
mp-541687,K3GaSe3,<PROJECT_ROOT>/external_datasets/functional_protocol_round4_widechem_boost/meta_gga_r2scan/cif/mp-541687.cif,train,-1.2677821790624992,-3.4781796591622487,-1.1959199435413137,-1.1937479286780128,-0.9447884974062588,28,3
mp-557614,Cd(PO3)2,<PROJECT_ROOT>/external_datasets/functional_protocol_round4_widechem_boost/meta_gga_r2scan/cif/mp-557614.cif,train,-2.1791971962169296,-6.558737013075087,-2.3787385597878057,-2.379094046658695,-2.4198404571444856,36,3
mp-1215377,Zr4O,<PROJECT_ROOT>/external_datasets/functional_protocol_round4_widechem_boost/meta_gga_r2scan/cif/mp-1215377.cif,train,-1.2400566670833313,-8.926005045572916,-1.2998971370005918,-1.3020486073938995,-1.5486532023088837,15,2
mp-28479,Sc2CCl2,<PROJECT_ROOT>/external_datasets/functional_protocol_round4_widechem_boost/meta_gga_r2scan/cif/mp-28479.cif,train,-1.7566485850000009,-6.659297943115234,-1.6793098746202233,-1.6762598412386307,-1.326660679246534,5,3
mp-975639,Pr3Er,<PROJECT_ROOT>/external_datasets/functional_protocol_round4_widechem_boost/meta_gga_r2scan/cif/mp-975639.cif,train,0.042520405416667,-4.713598251342773,-0.0947659495271544,-0.1041566672852711,-1.1805340861474545,4,2
mp-2047136,Nd(GePt)2,<PROJECT_ROOT>/external_datasets/functional_protocol_round4_widechem_boost/meta_gga_r2scan/cif/mp-2047136.cif,train,-1.011763138499998,-6.139210510253906,-0.9719085544417876,-0.9703290394956152,-0.789282790999108,10,3
mp-1207634,YFeB4,<PROJECT_ROOT>/external_datasets/functional_protocol_round4_widechem_boost/meta_gga_r2scan/cif/mp-1207634.cif,train,-0.583678833750002,-7.534422556559245,-0.5967786024016632,-0.5965712647293007,-0.5728059259807305,24,3
mp-1102993,EuAs,<PROJECT_ROOT>/external_datasets/functional_protocol_round4_widechem_boost/meta_gga_r2scan/cif/mp-1102993.cif,train,-1.3397929295833346,-8.620152791341146,-1.1697367523101088,-1.1700139466426096,-1.2017863550810417,12,2
mp-774193,La2WO6,<PROJECT_ROOT>/external_datasets/functional_protocol_round4_widechem_boost/meta_gga_r2scan/cif/mp-774193.cif,train,-3.291643337777777,-8.175818549262154,-3.0117850151380727,-3.0080494463522927,-2.5798732418077366,36,3
mp-972945,HoErAg2,<PROJECT_ROOT>/external_datasets/functional_protocol_round4_widechem_boost/meta_gga_r2scan/cif/mp-972945.cif,train,-0.3432273495833335,-4.039453029632568,-0.3672620644137909,-0.3681911721468367,-0.4746868212858445,4,3
mp-13159,GdZnGe,<PROJECT_ROOT>/external_datasets/functional_protocol_round4_widechem_boost/meta_gga_r2scan/cif/mp-13159.cif,train,-0.7375619658333363,-7.327460606892903,-0.6675898826482571,-0.6671876837952952,-0.6210870795233863,12,3
mp-1974948,Na2O,<PROJECT_ROOT>/external_datasets/functional_protocol_round4_widechem_boost/meta_gga_r2scan/cif/mp-1974948.cif,train,-1.3169679751388894,-3.6526997884114585,-1.3840030051850325,-1.3854029848296294,-1.5458706418422166,9,2
mp-862734,Pm2ZnSn,<PROJECT_ROOT>/external_datasets/functional_protocol_round4_widechem_boost/meta_gga_r2scan/cif/mp-862734.cif,train,-0.5778856150000031,-4.21390962600708,-0.5361737039102237,-0.533523019453046,-0.2296977988764644,4,3
mp-12570,ThB12,<PROJECT_ROOT>/external_datasets/functional_protocol_round4_widechem_boost/meta_gga_r2scan/cif/mp-12570.cif,train,-0.2556512515384624,-6.98307389479417,-0.240145509949313,-0.2441844438634328,-0.7071327906685532,13,2
mp-17245,Na3TaF8,<PROJECT_ROOT>/external_datasets/functional_protocol_round4_widechem_boost/meta_gga_r2scan/cif/mp-17245.cif,train,-3.317658471027778,-5.63329569498698,-3.3863274311712246,-3.381022495941832,-2.772963278688024,24,3
mp-5323,CeAlO3,<PROJECT_ROOT>/external_datasets/functional_protocol_round4_widechem_boost/meta_gga_r2scan/cif/mp-5323.cif,train,-3.60269912725,-8.084920501708984,-3.6091355890814194,-3.599873810737152,-2.5382756107847566,5,3
mp-1227028,CaYbAl4,<PROJECT_ROOT>/external_datasets/functional_protocol_round4_widechem_boost/meta_gga_r2scan/cif/mp-1227028.cif,train,-0.4347485408333327,-3.410290082295736,-0.3767561631239311,-0.3778649602608963,-0.5049568643169363,6,3
mp-559319,Zn2P2O7,<PROJECT_ROOT>/external_datasets/functional_protocol_round4_widechem_boost/meta_gga_r2scan/cif/mp-559319.cif,train,-2.209538927700216,-6.344580910422585,-2.387553658826111,-2.3866749790294044,-2.2859594516384947,88,3
mp-865172,YbTaRu2,<PROJECT_ROOT>/external_datasets/functional_protocol_round4_widechem_boost/meta_gga_r2scan/cif/mp-865172.cif,train,-0.5593638830833356,-8.234637260437012,-0.2653508991532671,-0.2647763782903123,-0.198923980264721,4,3
mp-9556,SrZnSi,<PROJECT_ROOT>/external_datasets/functional_protocol_round4_widechem_boost/meta_gga_r2scan/cif/mp-9556.cif,train,-0.5025965600000006,-3.228849411010742,-0.4299785007021546,-0.4317618454356893,-0.6361713539183105,6,3
mp-505368,As2Pb3O8,<PROJECT_ROOT>/external_datasets/functional_protocol_round4_widechem_boost/meta_gga_r2scan/cif/mp-505368.cif,train,-1.459580884615384,-5.913965078500601,-1.6920456614608843,-1.6959200714668894,-2.1400104540442597,26,3
mp-10881,Ce3AlN,<PROJECT_ROOT>/external_datasets/functional_protocol_round4_widechem_boost/meta_gga_r2scan/cif/mp-10881.cif,train,-0.8997610077499985,-6.715196228027343,-0.9427686004311076,-0.9475587227603848,-1.4966093535683302,5,3
mp-1209449,Rb3LuCl6,<PROJECT_ROOT>/external_datasets/functional_protocol_round4_widechem_boost/meta_gga_r2scan/cif/mp-1209449.cif,train,-2.384741750291667,-3.98957405090332,-2.328083418811981,-2.321738330212697,-1.5944552550672375,40,3
mp-1183555,CaNdAg2,<PROJECT_ROOT>/external_datasets/functional_protocol_round4_widechem_boost/meta_gga_r2scan/cif/mp-1183555.cif,train,-0.3012233943749969,-3.4215006828308105,-0.344901798760171,-0.3448460069940591,-0.3384510754505672,4,3
mp-571457,Ti4NiBi2,<PROJECT_ROOT>/external_datasets/functional_protocol_round4_widechem_boost/meta_gga_r2scan/cif/mp-571457.cif,train,-0.3122311509523854,-6.728099278041294,-0.2844909021609876,-0.2882342763484171,-0.7173051471243608,14,3
mp-1029733,Sr3Al3N5,<PROJECT_ROOT>/external_datasets/functional_protocol_round4_widechem_boost/meta_gga_r2scan/cif/mp-1029733.cif,train,-1.31645524625,-6.346253828568892,-1.195701380031145,-1.1928715684240467,-0.8685145392834472,22,3
mp-18702,AgPO3,<PROJECT_ROOT>/external_datasets/functional_protocol_round4_widechem_boost/meta_gga_r2scan/cif/mp-18702.cif,train,-1.7282683095952378,-6.149178314208984,-1.9004698389556236,-1.902289496708125,-2.110861255044004,40,3
mp-3398,Ho2Ni2Pb,<PROJECT_ROOT>/external_datasets/functional_protocol_round4_widechem_boost/meta_gga_r2scan/cif/mp-3398.cif,train,-0.5501351179999971,-5.401826477050781,-0.58723322256213,-0.5859286938251786,-0.4364017555356572,5,3
mp-32811,Ag2Te,<PROJECT_ROOT>/external_datasets/functional_protocol_round4_widechem_boost/meta_gga_r2scan/cif/mp-32811.cif,train,-0.0532141750000031,-2.958442052205404,-0.0288145986830223,-0.0289101026462272,-0.0398569026723679,6,2
mp-1064554,BiRh,<PROJECT_ROOT>/external_datasets/functional_protocol_round4_widechem_boost/meta_gga_r2scan/cif/mp-1064554.cif,train,-0.1932708100000013,-5.788415431976318,-0.1683540239136585,-0.1678476816199205,-0.1098100081170608,4,2
mp-29132,RuCl2O,<PROJECT_ROOT>/external_datasets/functional_protocol_round4_widechem_boost/meta_gga_r2scan/cif/mp-29132.cif,train,-0.8643519646875006,-5.197098255157471,-0.9978531359819662,-1.0053235983664788,-1.861598616557043,4,3
mp-28108,Na4SnTe4,<PROJECT_ROOT>/external_datasets/functional_protocol_round4_widechem_boost/meta_gga_r2scan/cif/mp-28108.cif,train,-0.8616289799999998,-3.127358542548285,-0.7875258420959956,-0.7866340308836444,-0.684413361964753,36,3
mp-865807,Ti2MoIr,<PROJECT_ROOT>/external_datasets/functional_protocol_round4_widechem_boost/meta_gga_r2scan/cif/mp-865807.cif,train,-0.6812969258333332,-9.503450393676758,-0.6920218921617511,-0.6907886985624261,-0.549438295153983,4,3
mp-5557,ThB4Mo,<PROJECT_ROOT>/external_datasets/functional_protocol_round4_widechem_boost/meta_gga_r2scan/cif/mp-5557.cif,train,-0.5988708558333352,-8.07753054300944,-0.6302368741425051,-0.6294251370418431,-0.536382676634447,12,3
mp-1104800,Sm3Pt4,<PROJECT_ROOT>/external_datasets/functional_protocol_round4_widechem_boost/meta_gga_r2scan/cif/mp-1104800.cif,train,-1.258219789285712,-6.6266664777483255,-1.2573459720400617,-1.255807295430171,-1.0794419950900829,14,2
mp-1246728,MgPbN2,<PROJECT_ROOT>/external_datasets/functional_protocol_round4_widechem_boost/meta_gga_r2scan/cif/mp-1246728.cif,train,-0.049796381874998,-5.390839576721191,0.0061815225762371,0.0030761514837864,-0.3528658975905105,16,3
mp-11028,K3Hg11,<PROJECT_ROOT>/external_datasets/functional_protocol_round4_widechem_boost/meta_gga_r2scan/cif/mp-11028.cif,train,-0.2223506681250049,-0.6749789374215263,-0.1901556366110044,-0.1879284662081399,0.0673529714140764,14,2
mp-861599,PuSnAu2,<PROJECT_ROOT>/external_datasets/functional_protocol_round4_widechem_boost/meta_gga_r2scan/cif/mp-861599.cif,train,-0.5613286821875008,-6.631377220153809,-0.5928185269769157,-0.5932259768889159,-0.6399284650160291,4,3
mp-1147776,K3VSe4,<PROJECT_ROOT>/external_datasets/functional_protocol_round4_widechem_boost/meta_gga_r2scan/cif/mp-1147776.cif,train,-1.1226895146874991,-4.259273529052734,-1.176543945260836,-1.1753917901667457,-1.043330135429251,8,3
mp-862863,Pa3Te,<PROJECT_ROOT>/external_datasets/functional_protocol_round4_widechem_boost/meta_gga_r2scan/cif/mp-862863.cif,train,-0.4106514925000013,-8.274801254272461,-0.4051656270203363,-0.413795842152223,-1.4030033689010788,4,2
mp-1078545,ErAlPd,<PROJECT_ROOT>/external_datasets/functional_protocol_round4_widechem_boost/meta_gga_r2scan/cif/mp-1078545.cif,train,-0.9247548977777772,-5.381614261203342,-0.9413320214652936,-0.9404318060938,-0.8372478405065091,9,3
mp-1201962,Dy4Te3N2,<PROJECT_ROOT>/external_datasets/functional_protocol_round4_widechem_boost/meta_gga_r2scan/cif/mp-1201962.cif,train,-1.8485690658333327,-6.5049328274197045,-1.741110138364351,-1.73610444274341,-1.1623444947956354,36,3
mp-1103177,FeSe2,<PROJECT_ROOT>/external_datasets/functional_protocol_round4_widechem_boost/meta_gga_r2scan/cif/mp-1103177.cif,train,-0.266938287708335,-5.464333852132161,-0.4676254907672046,-0.4711764668414675,-0.8781943923830329,12,2
mp-1207192,NdHSe,<PROJECT_ROOT>/external_datasets/functional_protocol_round4_widechem_boost/meta_gga_r2scan/cif/mp-1207192.cif,train,-1.6666787467708322,-5.307812372843425,-1.5234204115661547,-1.517989831472769,-0.895529021299649,6,3
mp-1194594,Ta4PbO11,<PROJECT_ROOT>/external_datasets/functional_protocol_round4_widechem_boost/meta_gga_r2scan/cif/mp-1194594.cif,train,-2.9165779769114586,-9.268259048461914,-3.0874736739305044,-3.082173320595637,-2.474639286605819,32,3
mp-8406,Li3NdAs2,<PROJECT_ROOT>/external_datasets/functional_protocol_round4_widechem_boost/meta_gga_r2scan/cif/mp-8406.cif,train,-1.1683528804166674,-4.295444488525391,-1.1031203308257918,-1.099986528378902,-0.7407856370397372,6,3
mp-1185771,Mg2Pd,<PROJECT_ROOT>/external_datasets/functional_protocol_round4_widechem_boost/meta_gga_r2scan/cif/mp-1185771.cif,train,-0.5078157500000012,-3.3171310424804688,-0.4954817132281848,-0.4915418999805752,-0.0399549048769014,3,2
mp-1209344,PrSi3N5,<PROJECT_ROOT>/external_datasets/functional_protocol_round4_widechem_boost/meta_gga_r2scan/cif/mp-1209344.cif,train,-1.4785557044907405,-8.19742160373264,-1.3368905191216012,-1.3332522351114022,-0.916226949839671,36,3
mp-754824,SrO,<PROJECT_ROOT>/external_datasets/functional_protocol_round4_widechem_boost/meta_gga_r2scan/cif/mp-754824.cif,train,-2.884204796875,-6.000792503356934,-3.014349169045113,-3.007849940501884,-2.262899125862115,4,2
mp-1104183,Mn(BiSe2)2,<PROJECT_ROOT>/external_datasets/functional_protocol_round4_widechem_boost/meta_gga_r2scan/cif/mp-1104183.cif,train,-0.5951909629618228,-4.8007627214704245,-0.6151952484977619,-0.6166883466012845,-0.7878293737482108,14,3
mp-23434,Al2CuCl8,<PROJECT_ROOT>/external_datasets/functional_protocol_round4_widechem_boost/meta_gga_r2scan/cif/mp-23434.cif,train,-1.4039510040909098,-3.624766609885476,-1.4083697684807772,-1.4092644326912929,-1.5118121163159897,22,3
mp-1472,ZrB2,<PROJECT_ROOT>/external_datasets/functional_protocol_round4_widechem_boost/meta_gga_r2scan/cif/mp-1472.cif,train,-1.0667092333333343,-8.290701548258463,-1.0108315366051013,-1.008906620811744,-0.7882700362017245,3,2
mp-29693,Rb2AgCl3,<PROJECT_ROOT>/external_datasets/functional_protocol_round4_widechem_boost/meta_gga_r2scan/cif/mp-29693.cif,train,-1.6417029949999982,-3.1771020889282227,-1.60145765629668,-1.598099732445803,-1.2132097271831326,24,3
mp-2767168,CeU4O10,<PROJECT_ROOT>/external_datasets/functional_protocol_round4_widechem_boost/meta_gga_r2scan/cif/mp-2767168.cif,train,-3.7679838298333306,-10.054036458333334,-3.876034192675357,-3.868176531134036,-2.9675201951657195,15,3
mp-1212920,Er3(Al3Os)4,<PROJECT_ROOT>/external_datasets/functional_protocol_round4_widechem_boost/meta_gga_r2scan/cif/mp-1212920.cif,train,-0.6790042823684201,-6.033509505422492,-0.631999810489071,-0.6303254224247175,-0.4384046822536074,38,3
mp-30667,Sr8Ga7,<PROJECT_ROOT>/external_datasets/functional_protocol_round4_widechem_boost/meta_gga_r2scan/cif/mp-30667.cif,train,-0.4602527561666666,-2.712152099609375,-0.4244287395715056,-0.4272495970075916,-0.7505802863374933,60,2
mp-356,Nd2Co17,<PROJECT_ROOT>/external_datasets/functional_protocol_round4_widechem_boost/meta_gga_r2scan/cif/mp-356.cif,train,-0.0196056160526304,-6.907391196803043,-0.0657124383716825,-0.0642271273399801,0.1060213345666934,19,2
mp-29424,Sr4As3,<PROJECT_ROOT>/external_datasets/functional_protocol_round4_widechem_boost/meta_gga_r2scan/cif/mp-29424.cif,train,-1.327970944464285,-4.089610508510044,-1.2022639061514937,-1.2001694279974604,-0.960097364564426,56,2
mp-1222723,LaUO4,<PROJECT_ROOT>/external_datasets/functional_protocol_round4_widechem_boost/meta_gga_r2scan/cif/mp-1222723.cif,train,-3.783712612499997,-9.460179011027018,-3.959275125001549,-3.9501540195212153,-2.9046799432069697,6,3
mp-6711,Na3Li3Al2F12,<PROJECT_ROOT>/external_datasets/functional_protocol_round4_widechem_boost/meta_gga_r2scan/cif/mp-6711.cif,train,-3.4596479185,-5.169791793823242,-3.4893267068206986,-3.4811425366258506,-2.543061314638736,80,4
mp-aaaieixk,Ca2YVO6,<PROJECT_ROOT>/external_datasets/functional_protocol_round4_widechem_boost/meta_gga_r2scan/cif/mp-aaaieixk.cif,train,-3.03890599825,-7.368987274169922,-2.916106276976392,-2.911707846891088,-2.407553537900279,10,4
mp-1837,TbCu,<PROJECT_ROOT>/external_datasets/functional_protocol_round4_widechem_boost/meta_gga_r2scan/cif/mp-1837.cif,train,-0.2535653849999981,-4.600074291229248,-0.2575668156661068,-0.2580071027914474,-0.3084734389907532,2,2
mp-567220,Hf2SbP,<PROJECT_ROOT>/external_datasets/functional_protocol_round4_widechem_boost/meta_gga_r2scan/cif/mp-567220.cif,train,-1.0935873682440516,-8.342662811279297,-1.012663163503575,-1.011918146208811,-0.926523204798464,8,3
mp-23597,Sr4Mn3(ClO4)2,<PROJECT_ROOT>/external_datasets/functional_protocol_round4_widechem_boost/meta_gga_r2scan/cif/mp-23597.cif,train,-2.6803735875557826,-6.469393113080193,-2.3756662144274694,-2.3735511064042134,-2.1311144180347936,17,4
mp-17371,K2ErF5,<PROJECT_ROOT>/external_datasets/functional_protocol_round4_widechem_boost/meta_gga_r2scan/cif/mp-17371.cif,train,-3.775694236979167,-5.523881435394287,-3.820916489342185,-3.81161634590548,-2.7456206845188222,32,3
mp-19072,Si(NiO2)2,<PROJECT_ROOT>/external_datasets/functional_protocol_round4_widechem_boost/meta_gga_r2scan/cif/mp-19072.cif,train,-1.9687601342857133,-6.212535313197544,-1.333026272106843,-1.33951552725288,-2.0833231769289284,28,3
mp-9672,K2NiP2,<PROJECT_ROOT>/external_datasets/functional_protocol_round4_widechem_boost/meta_gga_r2scan/cif/mp-9672.cif,train,-0.5682664846904757,-4.224944686889648,-0.5168061961652262,-0.5171689206404526,-0.5587449156232701,10,3
mp-978785,Si4MoPt3,<PROJECT_ROOT>/external_datasets/functional_protocol_round4_widechem_boost/meta_gga_r2scan/cif/mp-978785.cif,train,-0.6652515303125028,-6.976658821105957,-0.6721141913348081,-0.6719451998803674,-0.6525751591432689,32,3
mp-1206051,NdAl2Ni,<PROJECT_ROOT>/external_datasets/functional_protocol_round4_widechem_boost/meta_gga_r2scan/cif/mp-1206051.cif,train,-0.6269294256249989,-5.094391822814941,-0.6509418899749537,-0.6500712208355601,-0.5502738863740851,8,3
mp-30847,TiSnPt,<PROJECT_ROOT>/external_datasets/functional_protocol_round4_widechem_boost/meta_gga_r2scan/cif/mp-30847.cif,train,-0.9386123222222172,-6.81549072265625,-0.8476223458008532,-0.8476119702722782,-0.846422712436943,3,3
mp-1080443,YCu,<PROJECT_ROOT>/external_datasets/functional_protocol_round4_widechem_boost/meta_gga_r2scan/cif/mp-1080443.cif,train,-0.2459026099999999,-5.540414810180664,-0.277255290493299,-0.2782183004787262,-0.3885998739799771,8,2
mp-562338,USeO6,<PROJECT_ROOT>/external_datasets/functional_protocol_round4_widechem_boost/meta_gga_r2scan/cif/mp-562338.cif,train,-1.964220950507812,-7.352964878082275,-2.3341958967472607,-2.339946902802964,-2.999135392282512,32,3
mp-1072087,LaAu2,<PROJECT_ROOT>/external_datasets/functional_protocol_round4_widechem_boost/meta_gga_r2scan/cif/mp-1072087.cif,train,-0.905240691666658,-4.637334823608398,-0.8924674210304797,-0.8915528030801818,-0.7867179934360856,6,2
mp-861931,LiPt3,<PROJECT_ROOT>/external_datasets/functional_protocol_round4_widechem_boost/meta_gga_r2scan/cif/mp-861931.cif,train,-0.4814346016666633,-5.424527168273926,-0.5122900957359882,-0.5151931288882459,-0.8479429156221717,4,2
mp-1182773,Ba(GdTe2)2,<PROJECT_ROOT>/external_datasets/functional_protocol_round4_widechem_boost/meta_gga_r2scan/cif/mp-1182773.cif,train,-1.802370434642857,-7.658774239676339,-1.65388223208865,-1.649097546022296,-1.1006700273998424,28,3
mp-140,Ga,<PROJECT_ROOT>/external_datasets/functional_protocol_round4_widechem_boost/meta_gga_r2scan/cif/mp-140.cif,train,0.1279892599999996,-2.9966907501220703,0.0238759999518949,0.0209402075589695,-0.3155644899104112,1,1
mp-1774,ErB2,<PROJECT_ROOT>/external_datasets/functional_protocol_round4_widechem_boost/meta_gga_r2scan/cif/mp-1774.cif,train,-0.7018323727777798,-6.597180684407552,-0.6639192194598431,-0.6661999933451437,-0.927625538324286,3,2
mp-22998,CrSBr,<PROJECT_ROOT>/external_datasets/functional_protocol_round4_widechem_boost/meta_gga_r2scan/cif/mp-22998.cif,train,-1.0607948667708342,-5.889483133951823,-1.0972432805632917,-1.097341762067134,-1.1086298520342863,6,3
mp-559456,KNd(WO4)2,<PROJECT_ROOT>/external_datasets/functional_protocol_round4_widechem_boost/meta_gga_r2scan/cif/mp-559456.cif,train,-2.7404488292708344,-7.388151168823242,-2.197333510713433,-2.198332139594677,-2.31279640156996,24,4
mp-1068243,Lu2InNi2,<PROJECT_ROOT>/external_datasets/functional_protocol_round4_widechem_boost/meta_gga_r2scan/cif/mp-1068243.cif,train,-0.5894700966666647,-5.224782562255859,-0.677357944040657,-0.6772344635079577,-0.6630809493163758,5,3
mp-1215676,YZnSi,<PROJECT_ROOT>/external_datasets/functional_protocol_round4_widechem_boost/meta_gga_r2scan/cif/mp-1215676.cif,train,-0.7206466100000005,-5.027823766072591,-0.6520078434967793,-0.6521381154127859,-0.6670700676151877,3,3
mp-1101824,PrGaPt,<PROJECT_ROOT>/external_datasets/functional_protocol_round4_widechem_boost/meta_gga_r2scan/cif/mp-1101824.cif,train,-1.10948847638889,-5.6359710693359375,-1.0838398799004745,-1.0811348109845031,-0.771075966430018,12,3
mp-1196451,Ga3Sb7(S4Cl7)2,<PROJECT_ROOT>/external_datasets/functional_protocol_round4_widechem_boost/meta_gga_r2scan/cif/mp-1196451.cif,train,-0.8110931738281248,-3.751619100570679,-0.9057920796859452,-0.9102325813385894,-1.4192091931846698,64,4
mp-3503,Li6WN4,<PROJECT_ROOT>/external_datasets/functional_protocol_round4_widechem_boost/meta_gga_r2scan/cif/mp-3503.cif,train,-0.9521768727272734,-6.029002796519887,-1.0968089199528173,-1.0927276357517997,-0.6249250388567277,22,3
mp-1183574,CaEuZn2,<PROJECT_ROOT>/external_datasets/functional_protocol_round4_widechem_boost/meta_gga_r2scan/cif/mp-1183574.cif,train,-0.2403444987500016,-3.953324794769287,-0.2719025523588971,-0.2750299766313473,-0.633499792547625,4,3
mp-569478,Ho4CdRh,<PROJECT_ROOT>/external_datasets/functional_protocol_round4_widechem_boost/meta_gga_r2scan/cif/mp-569478.cif,train,-0.546432463749999,-4.933064778645833,-0.5642871956706594,-0.5666086534058801,-0.8326974390985308,24,3
mp-1185461,LiSn3,<PROJECT_ROOT>/external_datasets/functional_protocol_round4_widechem_boost/meta_gga_r2scan/cif/mp-1185461.cif,train,-0.0509794266666681,-3.605705976486206,-0.106799083539963,-0.1086824185620427,-0.3245529560576787,4,2
mp-33948,Ho2Ti2O7,<PROJECT_ROOT>/external_datasets/functional_protocol_round4_widechem_boost/meta_gga_r2scan/cif/mp-33948.cif,train,-3.669738699507576,-8.752378983931107,-3.746471461527076,-3.736717530796482,-2.618708124700323,22,3
mp-865021,Be2RuPt,<PROJECT_ROOT>/external_datasets/functional_protocol_round4_widechem_boost/meta_gga_r2scan/cif/mp-865021.cif,train,-0.5365981499999997,-6.21718692779541,-0.5341945338440643,-0.5336388567891994,-0.4699463628349564,4,3
mp-3335,Sm2Ti2O7,<PROJECT_ROOT>/external_datasets/functional_protocol_round4_widechem_boost/meta_gga_r2scan/cif/mp-3335.cif,train,-3.610456218143941,-8.726573597301137,-3.702408398003617,-3.693270508802594,-2.645872658563181,22,3
mp-1078876,ErSnIr,<PROJECT_ROOT>/external_datasets/functional_protocol_round4_widechem_boost/meta_gga_r2scan/cif/mp-1078876.cif,train,-0.947921253333334,-6.656747182210286,-0.8716369504640866,-0.869926429116064,-0.67386404060492,9,3
mp-861980,PaGaTc2,<PROJECT_ROOT>/external_datasets/functional_protocol_round4_widechem_boost/meta_gga_r2scan/cif/mp-861980.cif,train,-0.2793429799999956,-8.574299812316895,-0.2249049211963303,-0.2255910566813179,-0.3042368813515496,4,3
mp-2017,LuAs,<PROJECT_ROOT>/external_datasets/functional_protocol_round4_widechem_boost/meta_gga_r2scan/cif/mp-2017.cif,train,-1.736682879583331,-6.056473731994629,-1.5996175201717795,-1.5952215484521275,-1.0913490208274357,2,2
mp-5083,Er(CuGe)2,<PROJECT_ROOT>/external_datasets/functional_protocol_round4_widechem_boost/meta_gga_r2scan/cif/mp-5083.cif,train,-0.5258627246666663,-4.869581604003907,-0.4702579434046283,-0.468912861017114,-0.3147376056524205,5,3
mp-862982,Ag2Br3,<PROJECT_ROOT>/external_datasets/functional_protocol_round4_widechem_boost/meta_gga_r2scan/cif/mp-862982.cif,train,-0.3714299705000002,-2.3867095947265624,-0.4127859425587834,-0.4173440691055932,-0.9398030135309255,10,2
mp-1188790,Cu(SbO3)2,<PROJECT_ROOT>/external_datasets/functional_protocol_round4_widechem_boost/meta_gga_r2scan/cif/mp-1188790.cif,train,-1.4057023363888876,-5.830486297607422,-1.5817266262540546,-1.5878033324772751,-2.284324038158457,18,3
mp-4813,NbAlNi2,<PROJECT_ROOT>/external_datasets/functional_protocol_round4_widechem_boost/meta_gga_r2scan/cif/mp-4813.cif,train,-0.4316458599999997,-6.777691841125488,-0.4585428523342543,-0.4573327528531852,-0.3186294301098279,4,3
mp-557134,SiO2,<PROJECT_ROOT>/external_datasets/functional_protocol_round4_widechem_boost/meta_gga_r2scan/cif/mp-557134.cif,train,-2.9428530158333337,-7.823523839314778,-3.104839490920855,-3.099943443953632,-2.5387515805684187,12,2
mp-1104966,CsGdTe4,<PROJECT_ROOT>/external_datasets/functional_protocol_round4_widechem_boost/meta_gga_r2scan/cif/mp-1104966.cif,train,-1.116812280833334,-5.545214970906575,-1.060400133176242,-1.0591229276879188,-0.9127278189980764,12,3
mp-870,TlN3,<PROJECT_ROOT>/external_datasets/functional_protocol_round4_widechem_boost/meta_gga_r2scan/cif/mp-870.cif,train,0.3105548446875019,-6.509842395782471,0.164246844101342,0.1577170120734408,-0.5907416174829963,8,2
mp-767952,NaMnPCO7,<PROJECT_ROOT>/external_datasets/functional_protocol_round4_widechem_boost/meta_gga_r2scan/cif/mp-767952.cif,train,-2.01639796465536,-7.001788052645597,-2.0461574456852327,-2.048185672096832,-2.280663866630644,44,5
mp-22922,AgCl,<PROJECT_ROOT>/external_datasets/functional_protocol_round4_widechem_boost/meta_gga_r2scan/cif/mp-22922.cif,train,-0.5684399337500015,-2.761414289474488,-0.517370245361513,-0.519993298371455,-0.8206513631865132,2,2
mp-1214190,Bi2Se,<PROJECT_ROOT>/external_datasets/functional_protocol_round4_widechem_boost/meta_gga_r2scan/cif/mp-1214190.cif,train,-0.1743197471875059,-3.9096927642822266,-0.2027316090462023,-0.2035011119040346,-0.2917026233591022,12,2
mp-1187982,Yb3Nd,<PROJECT_ROOT>/external_datasets/functional_protocol_round4_widechem_boost/meta_gga_r2scan/cif/mp-1187982.cif,train,0.0833343318749939,-2.1824951171875,0.0574574244237342,0.05378861976821,-0.3667349852577929,4,2
mp-1183581,CaTmHg2,<PROJECT_ROOT>/external_datasets/functional_protocol_round4_widechem_boost/meta_gga_r2scan/cif/mp-1183581.cif,train,-0.5804501362500076,-2.280179262161255,-0.5562354097181839,-0.5549679663947069,-0.4096918109167594,4,3
mp-7285,HfNi3,<PROJECT_ROOT>/external_datasets/functional_protocol_round4_widechem_boost/meta_gga_r2scan/cif/mp-7285.cif,train,-0.5154395633333356,-7.354672114054362,-0.6142924019098608,-0.6124163127754692,-0.3973763092263684,12,2
mp-753413,Ba2B2O5,<PROJECT_ROOT>/external_datasets/functional_protocol_round4_widechem_boost/meta_gga_r2scan/cif/mp-753413.cif,train,-2.938436046527777,-7.407604641384548,-3.1118920188087804,-3.1051959404434117,-2.3376819193568776,18,3
mp-28243,RbLiCl2,<PROJECT_ROOT>/external_datasets/functional_protocol_round4_widechem_boost/meta_gga_r2scan/cif/mp-28243.cif,train,-2.0976957194791668,-3.5233054161071777,-2.051656544557014,-2.0456894767709883,-1.361735684617643,8,3
mp-857352,Na4Bi2O5,<PROJECT_ROOT>/external_datasets/functional_protocol_round4_widechem_boost/meta_gga_r2scan/cif/mp-857352.cif,train,-1.538251253977274,-4.820859735662287,-1.688777769584695,-1.688989309387095,-1.713236302253557,22,3
mp-541640,Nd4Os6O19,<PROJECT_ROOT>/external_datasets/functional_protocol_round4_widechem_boost/meta_gga_r2scan/cif/mp-541640.cif,train,-2.0103106905603454,-8.01812796757139,-2.228799980827789,-2.229191476484389,-2.274065265177125,29,3
mp-14242,Tl2GeSe3,<PROJECT_ROOT>/external_datasets/functional_protocol_round4_widechem_boost/meta_gga_r2scan/cif/mp-14242.cif,train,-0.4514555978645849,-3.675533930460612,-0.4825117190074048,-0.4841640482526861,-0.6735563752255367,12,3
mp-560329,Ce2Zr2O7,<PROJECT_ROOT>/external_datasets/functional_protocol_round4_widechem_boost/meta_gga_r2scan/cif/mp-560329.cif,train,-3.80758067784091,-9.149964766068893,-3.8281558732348495,-3.818613443827668,-2.724846620082516,22,3
mp-5627,Pr(FeSi)2,<PROJECT_ROOT>/external_datasets/functional_protocol_round4_widechem_boost/meta_gga_r2scan/cif/mp-5627.cif,train,-0.4194634503333304,-7.112754821777344,-0.5852896615206635,-0.5837593759285395,-0.4083558659744512,5,3
mp-5163,LaRhO3,<PROJECT_ROOT>/external_datasets/functional_protocol_round4_widechem_boost/meta_gga_r2scan/cif/mp-5163.cif,train,-2.42290006925,-7.548686981201172,-2.537485287740463,-2.5370273044791007,-2.4845326120126563,20,3
mp-13967,Nb5(CuSi)4,<PROJECT_ROOT>/external_datasets/functional_protocol_round4_widechem_boost/meta_gga_r2scan/cif/mp-13967.cif,train,-0.5321200861538452,-7.312733576847957,-0.4175502349730537,-0.4169719542241887,-0.3506885927321876,13,3
mp-7991,BN,<PROJECT_ROOT>/external_datasets/functional_protocol_round4_widechem_boost/meta_gga_r2scan/cif/mp-7991.cif,train,-1.4052741006250002,-8.780529022216797,-1.3786863370566298,-1.3735832052135877,-0.7886549789774736,4,2
mp-567916,Nd23Cd4Rh7,<PROJECT_ROOT>/external_datasets/functional_protocol_round4_widechem_boost/meta_gga_r2scan/cif/mp-567916.cif,train,-0.4913246681617639,-5.295439776252298,-0.5352053389609743,-0.5380738760282497,-0.8668696724645866,68,3
mp-1183448,Ca2CdGa,<PROJECT_ROOT>/external_datasets/functional_protocol_round4_widechem_boost/meta_gga_r2scan/cif/mp-1183448.cif,train,-0.4316085325000003,-2.3858866691589355,-0.466068953074874,-0.4667245495142067,-0.5418699453580584,4,3
mp-1220225,NdCuAg,<PROJECT_ROOT>/external_datasets/functional_protocol_round4_widechem_boost/meta_gga_r2scan/cif/mp-1220225.cif,train,-0.2376369074999994,-4.136544545491536,-0.2390469616601533,-0.2378907919730437,-0.1053689788765518,6,3
mp-1102621,ErCoSi,<PROJECT_ROOT>/external_datasets/functional_protocol_round4_widechem_boost/meta_gga_r2scan/cif/mp-1102621.cif,train,-0.7050732869444474,-6.44621467590332,-0.7750252984971828,-0.7743200529369041,-0.6934838042721282,12,3
mp-26834,V(PO3)4,<PROJECT_ROOT>/external_datasets/functional_protocol_round4_widechem_boost/meta_gga_r2scan/cif/mp-26834.cif,train,-2.283004842759104,-7.232543496524586,-2.417160633774852,-2.4187732197174165,-2.6036101128342675,34,3
mp-7791,Li2GeF6,<PROJECT_ROOT>/external_datasets/functional_protocol_round4_widechem_boost/meta_gga_r2scan/cif/mp-7791.cif,train,-2.956030492592592,-4.902356465657552,-3.0392260940917786,-3.036770667672969,-2.755326201023335,18,3
mp-13910,Ba(AgGe)2,<PROJECT_ROOT>/external_datasets/functional_protocol_round4_widechem_boost/meta_gga_r2scan/cif/mp-13910.cif,train,-0.3379506570000018,-3.6992164611816407,-0.3216628647401136,-0.3216730752875465,-0.3228434227507528,5,3
mp-866088,Hf2CoTc,<PROJECT_ROOT>/external_datasets/functional_protocol_round4_widechem_boost/meta_gga_r2scan/cif/mp-866088.cif,train,-0.5066660425000009,-9.837990760803224,-0.4823416639348128,-0.4826079601606166,-0.5131312121165112,4,3
mp-15179,Pr2S3,<PROJECT_ROOT>/external_datasets/functional_protocol_round4_widechem_boost/meta_gga_r2scan/cif/mp-15179.cif,train,-2.3653422278541654,-6.44737548828125,-2.2343267227950987,-2.2278337844556866,-1.4836039619192225,20,2
mp-7447,Rb2Se3,<PROJECT_ROOT>/external_datasets/functional_protocol_round4_widechem_boost/meta_gga_r2scan/cif/mp-7447.cif,train,-0.9531277369375004,-3.278947448730469,-0.969419176162158,-0.9715497476270274,-1.2157588776560555,10,2
mp-1215470,YbEu,<PROJECT_ROOT>/external_datasets/functional_protocol_round4_widechem_boost/meta_gga_r2scan/cif/mp-1215470.cif,train,2.1939223850000005,-5.817770004272461,0.0794462604127677,0.07104999992693,-0.8913413127115101,2,2
mp-867251,LiZn2Pt,<PROJECT_ROOT>/external_datasets/functional_protocol_round4_widechem_boost/meta_gga_r2scan/cif/mp-867251.cif,train,-0.6021908591666651,-3.180449962615967,-0.6186678316028886,-0.6164337500555988,-0.3603601472336808,4,3
mp-1517862,CaEuYVO6,<PROJECT_ROOT>/external_datasets/functional_protocol_round4_widechem_boost/meta_gga_r2scan/cif/mp-1517862.cif,train,-3.104318222750001,-8.2419189453125,-2.940430703891876,-2.9364356842585684,-2.478520854746144,10,5
mp-27668,Mg2Ga5,<PROJECT_ROOT>/external_datasets/functional_protocol_round4_widechem_boost/meta_gga_r2scan/cif/mp-27668.cif,train,-0.1375526485714289,-2.731522968837193,-0.1056151398690548,-0.1061600942719076,-0.168623542610439,14,2
mp-554340,CrF2,<PROJECT_ROOT>/external_datasets/functional_protocol_round4_widechem_boost/meta_gga_r2scan/cif/mp-554340.cif,train,-2.6692324616666654,-6.299465179443359,-2.314508762153032,-2.3159678580701577,-2.4832115062766187,6,2
mp-1958,SrTe,<PROJECT_ROOT>/external_datasets/functional_protocol_round4_widechem_boost/meta_gga_r2scan/cif/mp-1958.cif,train,-2.0176923,-4.158642292022705,-1.830928386503285,-1.8237104261202493,-0.9963775462847618,2,2
mp-1525,CeTe,<PROJECT_ROOT>/external_datasets/functional_protocol_round4_widechem_boost/meta_gga_r2scan/cif/mp-1525.cif,train,-1.6152070500000022,-5.897705078125,-1.5549789287072606,-1.5539844582241369,-1.439996837754343,2,2
mp-573891,K2Ag4Se3,<PROJECT_ROOT>/external_datasets/functional_protocol_round4_widechem_boost/meta_gga_r2scan/cif/mp-573891.cif,train,-0.6264102821874992,-3.1858901977539062,-0.5796590397280452,-0.5786848301929561,-0.4670195483874524,18,3
mp-867803,LiCa2Cd,<PROJECT_ROOT>/external_datasets/functional_protocol_round4_widechem_boost/meta_gga_r2scan/cif/mp-867803.cif,train,-0.2002221966666653,-1.902254581451416,-0.2861815239270093,-0.289041869210739,-0.616898711771467,4,3
mp-16263,CaZnGe,<PROJECT_ROOT>/external_datasets/functional_protocol_round4_widechem_boost/meta_gga_r2scan/cif/mp-16263.cif,train,-0.6174306733333346,-3.1567630767822266,-0.5689249624735844,-0.5680206563379366,-0.46436780155036,6,3
mp-975518,NdLuIn2,<PROJECT_ROOT>/external_datasets/functional_protocol_round4_widechem_boost/meta_gga_r2scan/cif/mp-975518.cif,train,-0.5564927085416649,-4.126702308654785,-0.5475267240803179,-0.549400339358356,-0.7641567859762963,4,3
mp-11419,ThGa2,<PROJECT_ROOT>/external_datasets/functional_protocol_round4_widechem_boost/meta_gga_r2scan/cif/mp-11419.cif,train,-0.7396896699999994,-5.127190907796224,-0.6712743426755727,-0.6716900726760056,-0.719341636309347,3,2
mp-608777,Eu(InAs)2,<PROJECT_ROOT>/external_datasets/functional_protocol_round4_widechem_boost/meta_gga_r2scan/cif/mp-608777.cif,train,-0.8022965269999986,-5.625175476074219,-0.678384626207091,-0.6787576430438271,-0.7215133631348815,10,3
mp-865987,Li2AgPd,<PROJECT_ROOT>/external_datasets/functional_protocol_round4_widechem_boost/meta_gga_r2scan/cif/mp-865987.cif,train,-0.3101420870833333,-3.2958312034606934,-0.3739379187950193,-0.3736826615193438,-0.344424709716791,4,3
mp-1193575,Mn(NbSe2)4,<PROJECT_ROOT>/external_datasets/functional_protocol_round4_widechem_boost/meta_gga_r2scan/cif/mp-1193575.cif,train,-1.039548577075596,-6.802715594951923,-1.0105901887187514,-1.0115045233719568,-1.116306861099886,26,3
mp-1211465,Li3NiF6,<PROJECT_ROOT>/external_datasets/functional_protocol_round4_widechem_boost/meta_gga_r2scan/cif/mp-1211465.cif,train,-2.68679543025,-4.422987365722657,-2.462596443018067,-2.4629386245363234,-2.502159956587449,40,3
mp-aaaiejbd,CaPb2WO6,<PROJECT_ROOT>/external_datasets/functional_protocol_round4_widechem_boost/meta_gga_r2scan/cif/mp-aaaiejbd.cif,train,-2.094689030250001,-6.497765350341797,-1.870324383376956,-1.871637939582774,-2.022199619187213,10,4
mp-1209407,Pr4Re6O19,<PROJECT_ROOT>/external_datasets/functional_protocol_round4_widechem_boost/meta_gga_r2scan/cif/mp-1209407.cif,train,-2.3731008564798857,-8.638470353751346,-2.5677206865474123,-2.565472232292099,-2.3077512092456542,29,3
mp-12077,Y(FeB)2,<PROJECT_ROOT>/external_datasets/functional_protocol_round4_widechem_boost/meta_gga_r2scan/cif/mp-12077.cif,train,-0.3201290449999988,-7.781854248046875,-0.4401181249571815,-0.4394543207382986,-0.3633681375349916,5,3
mp-7288,Sc2SO2,<PROJECT_ROOT>/external_datasets/functional_protocol_round4_widechem_boost/meta_gga_r2scan/cif/mp-7288.cif,train,-3.3267840280624994,-8.368682861328125,-3.360688929167443,-3.351286451690892,-2.273561117181801,10,3
mp-1224122,Ho4Zr3O12,<PROJECT_ROOT>/external_datasets/functional_protocol_round4_widechem_boost/meta_gga_r2scan/cif/mp-1224122.cif,train,-3.9035515073684217,-8.956636930766859,-3.9429327748595098,-3.9309256388744336,-2.5546506434534906,19,3
mp-19935,ErFeO3,<PROJECT_ROOT>/external_datasets/functional_protocol_round4_widechem_boost/meta_gga_r2scan/cif/mp-19935.cif,train,-2.808952136416667,-7.568989562988281,-2.3966285409986474,-2.3955274932531267,-2.2693238354605105,20,3
mp-11852,NdCu2,<PROJECT_ROOT>/external_datasets/functional_protocol_round4_widechem_boost/meta_gga_r2scan/cif/mp-11852.cif,train,-0.1968837158333324,-4.530636469523112,-0.2134626733002376,-0.2123094442501774,-0.0801246911528009,6,2
mp-1102008,PrPO4,<PROJECT_ROOT>/external_datasets/functional_protocol_round4_widechem_boost/meta_gga_r2scan/cif/mp-1102008.cif,train,-3.2549529649404767,-7.966678619384766,-3.405342990559406,-3.3980780586737955,-2.5653612384402957,12,3
mp-1185467,Lu2CoIr,<PROJECT_ROOT>/external_datasets/functional_protocol_round4_widechem_boost/meta_gga_r2scan/cif/mp-1185467.cif,train,-0.7420571958333255,-6.902841567993164,-0.7219284648518833,-0.7220382455931809,-0.7346214702210705,4,3
mp-862312,LiBePd2,<PROJECT_ROOT>/external_datasets/functional_protocol_round4_widechem_boost/meta_gga_r2scan/cif/mp-862312.cif,train,-0.5436843922916665,-4.545615196228027,-0.5622747142985984,-0.5619824108548404,-0.5284781746046587,4,3
mp-558374,SiO2,<PROJECT_ROOT>/external_datasets/functional_protocol_round4_widechem_boost/meta_gga_r2scan/cif/mp-558374.cif,train,-2.998140856666666,-7.8803905910915795,-3.1617062426976563,-3.1563183599528424,-2.5387515805684187,72,2
mp-1215761,YbTi2O5F,<PROJECT_ROOT>/external_datasets/functional_protocol_round4_widechem_boost/meta_gga_r2scan/cif/mp-1215761.cif,train,-3.656449693009261,-7.825352986653645,-3.350768462287882,-3.3445675902605947,-2.6338148236079766,36,4
mp-1080570,CsNiBr3,<PROJECT_ROOT>/external_datasets/functional_protocol_round4_widechem_boost/meta_gga_r2scan/cif/mp-1080570.cif,train,-1.2739365485000007,-3.264844512939453,-1.155320059060573,-1.155927914057484,-1.2256011179032251,10,3
mp-1222791,LaZnNi4,<PROJECT_ROOT>/external_datasets/functional_protocol_round4_widechem_boost/meta_gga_r2scan/cif/mp-1222791.cif,train,-0.2861758566666665,-5.21721076965332,-0.4322553354563423,-0.4314264658983964,-0.3364202588825467,6,3
mp-1200353,Cs4K3U3Si4O20F,<PROJECT_ROOT>/external_datasets/functional_protocol_round4_widechem_boost/meta_gga_r2scan/cif/mp-1200353.cif,train,-2.995178729607145,-7.423823765345982,-3.1646650388679323,-3.158467636083123,-2.448112518936031,70,6
mp-29083,NaErCl4,<PROJECT_ROOT>/external_datasets/functional_protocol_round4_widechem_boost/meta_gga_r2scan/cif/mp-29083.cif,train,-2.3714511955555566,-4.332701047261556,-2.32544672549119,-2.3200025436236515,-1.6959826787594832,12,3
mp-1217272,TeAsIr,<PROJECT_ROOT>/external_datasets/functional_protocol_round4_widechem_boost/meta_gga_r2scan/cif/mp-1217272.cif,train,-0.5235105341666658,-5.973086675008138,-0.4959047036243902,-0.4970423245775954,-0.6274380554258051,12,3
mp-20308,TmSiRu,<PROJECT_ROOT>/external_datasets/functional_protocol_round4_widechem_boost/meta_gga_r2scan/cif/mp-20308.cif,train,-0.921529140833338,-7.251918792724609,-0.870583523326995,-0.8689230099259797,-0.6785926033902147,12,3
mp-23818,BaLiH3,<PROJECT_ROOT>/external_datasets/functional_protocol_round4_widechem_boost/meta_gga_r2scan/cif/mp-23818.cif,train,-0.6044411415833337,-3.3036571502685548,-0.5142851410241995,-0.5136477019070123,-0.4405835241434735,5,3
mp-13270,CaAg2,<PROJECT_ROOT>/external_datasets/functional_protocol_round4_widechem_boost/meta_gga_r2scan/cif/mp-13270.cif,train,-0.2811409166666673,-2.85021177927653,-0.2992546575273702,-0.2973006806667948,-0.0733330752200436,6,2
mp-978275,MgB7,<PROJECT_ROOT>/external_datasets/functional_protocol_round4_widechem_boost/meta_gga_r2scan/cif/mp-978275.cif,train,-0.1578912293750001,-6.173976421356201,-0.1115670883475896,-0.1152217623611626,-0.5341256931188949,32,2
mp-1272141,MnO2,<PROJECT_ROOT>/external_datasets/functional_protocol_round4_widechem_boost/meta_gga_r2scan/cif/mp-1272141.cif,train,-1.9631452573275847,-7.085335413614909,-1.401071311485004,-1.4090289851321929,-2.321148850848152,3,2
mp-771174,Ba2B2O5,<PROJECT_ROOT>/external_datasets/functional_protocol_round4_widechem_boost/meta_gga_r2scan/cif/mp-771174.cif,train,-2.936909669305556,-7.40431382921007,-3.108601206634302,-3.10193359022806,-2.3376819193568776,36,3
mp-29199,BaCuN,<PROJECT_ROOT>/external_datasets/functional_protocol_round4_widechem_boost/meta_gga_r2scan/cif/mp-29199.cif,train,-0.4532595895833317,-5.128513760036892,-0.4355763848375078,-0.4372466280647407,-0.6286922811130338,18,3
mp-9201,K4Ge2Au7,<PROJECT_ROOT>/external_datasets/functional_protocol_round4_widechem_boost/meta_gga_r2scan/cif/mp-9201.cif,train,-0.3836388788461529,-3.1500150240384617,-0.3685779888918237,-0.3691635296254416,-0.4362790408919461,13,3
mp-1180991,K,<PROJECT_ROOT>/external_datasets/functional_protocol_round4_widechem_boost/meta_gga_r2scan/cif/mp-1180991.cif,train,0.1185259082500003,-0.9961254119873046,0.0629253116216992,0.0570978982728531,-0.6108485037638698,5,1
mp-1070844,ThPt2,<PROJECT_ROOT>/external_datasets/functional_protocol_round4_widechem_boost/meta_gga_r2scan/cif/mp-1070844.cif,train,-1.345391104999995,-7.750518798828125,-1.3431222505753606,-1.341243294402222,-1.1258746667967707,6,2
mp-754850,NaTiS2,<PROJECT_ROOT>/external_datasets/functional_protocol_round4_widechem_boost/meta_gga_r2scan/cif/mp-754850.cif,train,-1.5404282930729156,-5.700418472290039,-1.4691454177341408,-1.468382025690702,-1.380880944466786,4,3
mp-1173681,Na3GdBr6,<PROJECT_ROOT>/external_datasets/functional_protocol_round4_widechem_boost/meta_gga_r2scan/cif/mp-1173681.cif,train,-1.9372446945000008,-4.492486190795899,-1.893694240886159,-1.8895788182007167,-1.4178632196932572,10,3
mp-1188870,PrZn3,<PROJECT_ROOT>/external_datasets/functional_protocol_round4_widechem_boost/meta_gga_r2scan/cif/mp-1188870.cif,train,-0.3571261697916661,-2.4772286415100098,-0.370060986853125,-0.3688558704707443,-0.2307237175829479,16,2
mp-1039390,Ca2Mg,<PROJECT_ROOT>/external_datasets/functional_protocol_round4_widechem_boost/meta_gga_r2scan/cif/mp-1039390.cif,train,0.0188474233333325,-1.8673950831095376,-0.0723539597330877,-0.076701880383295,-0.5750667261210767,6,2
mp-3847,DyCoC2,<PROJECT_ROOT>/external_datasets/functional_protocol_round4_widechem_boost/meta_gga_r2scan/cif/mp-3847.cif,train,-0.4041794862499976,-7.88297176361084,-0.3999332921231424,-0.3982555020099267,-0.205944814160792,4,3
mp-1222912,LaCeB12,<PROJECT_ROOT>/external_datasets/functional_protocol_round4_widechem_boost/meta_gga_r2scan/cif/mp-1222912.cif,train,-0.6074590925,-7.036848885672433,-0.5528915237192438,-0.5551503929139239,-0.8140651911159086,14,3
mp-12772,Hf2Al,<PROJECT_ROOT>/external_datasets/functional_protocol_round4_widechem_boost/meta_gga_r2scan/cif/mp-12772.cif,train,-0.3100793200000045,-8.1500612894694,-0.2823527974748776,-0.2889478480964973,-1.04488192557726,6,2
mp-12977,Dy2CdPd2,<PROJECT_ROOT>/external_datasets/functional_protocol_round4_widechem_boost/meta_gga_r2scan/cif/mp-12977.cif,train,-0.8385441570000012,-4.902728652954101,-0.8827114570497798,-0.8819310293886176,-0.7924773014450103,10,3
mp-1639336,CaLaFeSbO6,<PROJECT_ROOT>/external_datasets/functional_protocol_round4_widechem_boost/meta_gga_r2scan/cif/mp-1639336.cif,train,-2.537280724749999,-6.983092498779297,-2.4695037788059144,-2.468054002672476,-2.301878601320077,20,5
mp-27312,Nb2SeF14,<PROJECT_ROOT>/external_datasets/functional_protocol_round4_widechem_boost/meta_gga_r2scan/cif/mp-27312.cif,train,-2.758624896709558,-5.562661563648897,-3.001775274364737,-3.004593674344151,-3.3276426864965147,68,3
mp-560882,SeO2,<PROJECT_ROOT>/external_datasets/functional_protocol_round4_widechem_boost/meta_gga_r2scan/cif/mp-560882.cif,train,-0.7079848405208331,-5.1216246287028,-1.1509016578528335,-1.164811776685582,-2.7592093713022257,12,2
mp-1392416,CaFeF5,<PROJECT_ROOT>/external_datasets/functional_protocol_round4_widechem_boost/meta_gga_r2scan/cif/mp-1392416.cif,train,-3.263792429999999,-5.532823290143695,-3.04157572232304,-3.039804681521658,-2.836805467233797,14,3
mp-22769,TiCoGe,<PROJECT_ROOT>/external_datasets/functional_protocol_round4_widechem_boost/meta_gga_r2scan/cif/mp-22769.cif,train,-0.5545595044444442,-7.1334279378255205,-0.5883323679562276,-0.5879012292224051,-0.5384834946646309,9,3
mp-2895729,Li4Mn5P6WO24,<PROJECT_ROOT>/external_datasets/functional_protocol_round4_widechem_boost/meta_gga_r2scan/cif/mp-2895729.cif,train,-2.35602104042344,-7.232072448730468,-2.3249435305945934,-2.324009828554569,-2.216987573417118,40,5
mp-865430,YTe,<PROJECT_ROOT>/external_datasets/functional_protocol_round4_widechem_boost/meta_gga_r2scan/cif/mp-865430.cif,train,-1.541984935000002,-6.1212263107299805,-1.428094886809724,-1.424761860240821,-1.0427256168300776,2,2
mp-1225994,CoTeSe,<PROJECT_ROOT>/external_datasets/functional_protocol_round4_widechem_boost/meta_gga_r2scan/cif/mp-1225994.cif,train,-0.2127966363541654,-4.804690043131511,-0.3488842131356806,-0.3519155715478979,-0.6993741820002034,3,3
mp-18863,PrCrO4,<PROJECT_ROOT>/external_datasets/functional_protocol_round4_widechem_boost/meta_gga_r2scan/cif/mp-18863.cif,train,-2.786228425277777,-7.625575383504231,-2.440450255658595,-2.4401076675201807,-2.400839728086865,12,3
mp-780274,Hf2N2O,<PROJECT_ROOT>/external_datasets/functional_protocol_round4_widechem_boost/meta_gga_r2scan/cif/mp-780274.cif,train,-2.568705367999999,-10.551764678955076,-2.466742445645627,-2.459102531421296,-1.583404702464615,40,3
mp-1206382,Tm2Ni2Pb,<PROJECT_ROOT>/external_datasets/functional_protocol_round4_widechem_boost/meta_gga_r2scan/cif/mp-1206382.cif,train,-0.5589618900000005,-5.367590713500976,-0.6054785176645181,-0.6041751969597611,-0.4547867250374729,5,3
mp-1104294,Ce3Pt4,<PROJECT_ROOT>/external_datasets/functional_protocol_round4_widechem_boost/meta_gga_r2scan/cif/mp-1104294.cif,train,-1.2089534964285673,-7.094067709786551,-1.2625424892512207,-1.2636780076882612,-1.3938327451453207,14,2
mp-558998,K2Cu(Si2O5)2,<PROJECT_ROOT>/external_datasets/functional_protocol_round4_widechem_boost/meta_gga_r2scan/cif/mp-558998.cif,train,-2.6399224129411776,-6.957624547621784,-2.749147207239633,-2.7447177696706744,-2.237009338825469,68,4
mp-980195,Tm6Al7Cu16,<PROJECT_ROOT>/external_datasets/functional_protocol_round4_widechem_boost/meta_gga_r2scan/cif/mp-980195.cif,train,-0.4182532786206919,-4.474187916722791,-0.3829835096738678,-0.3806748250025009,-0.116050106046621,29,3
mp-2510,ZrHg,<PROJECT_ROOT>/external_datasets/functional_protocol_round4_widechem_boost/meta_gga_r2scan/cif/mp-2510.cif,train,-0.2346613437499982,-4.595557689666748,-0.2059324952347241,-0.207761696565881,-0.4174273534544369,4,2
mp-2516,YZn,<PROJECT_ROOT>/external_datasets/functional_protocol_round4_widechem_boost/meta_gga_r2scan/cif/mp-2516.cif,train,-0.3871580675000015,-4.2280592918396,-0.4159606556994126,-0.4174404525751294,-0.5870568740831934,2,2
mp-12814,Ba3SbN,<PROJECT_ROOT>/external_datasets/functional_protocol_round4_widechem_boost/meta_gga_r2scan/cif/mp-12814.cif,train,-0.9912364617500004,-4.460776901245117,-0.9335047672961778,-0.9348418035558916,-1.0880948003150424,10,3
mp-984836,DyB4Ru,<PROJECT_ROOT>/external_datasets/functional_protocol_round4_widechem_boost/meta_gga_r2scan/cif/mp-984836.cif,train,-0.6981264016666676,-7.398817698160808,-0.6557028108552689,-0.6559164135101581,-0.6803998534609658,24,3
mp-867753,CuSbRh2,<PROJECT_ROOT>/external_datasets/functional_protocol_round4_widechem_boost/meta_gga_r2scan/cif/mp-867753.cif,train,-0.2953793425000022,-6.007947444915772,-0.2995868123522154,-0.2989956972587633,-0.2312412449436345,4,3
mp-867227,Li3Pt,<PROJECT_ROOT>/external_datasets/functional_protocol_round4_widechem_boost/meta_gga_r2scan/cif/mp-867227.cif,train,-0.4330759074999992,-3.367361307144165,-0.5262235390746222,-0.527666845464271,-0.6931006755834211,4,2
mp-757031,Mg2TiO4,<PROJECT_ROOT>/external_datasets/functional_protocol_round4_widechem_boost/meta_gga_r2scan/cif/mp-757031.cif,train,-3.1667796730952387,-7.295978546142578,-3.227893107234854,-3.2179740364131346,-2.081036038317177,28,3
mp-2029360,CsNaF3,<PROJECT_ROOT>/external_datasets/functional_protocol_round4_widechem_boost/meta_gga_r2scan/cif/mp-2029360.cif,train,-2.2882668320000006,-3.695450210571289,-2.439334178675856,-2.4403128282682927,-2.5524870357579754,5,3
mp-752887,VF4,<PROJECT_ROOT>/external_datasets/functional_protocol_round4_widechem_boost/meta_gga_r2scan/cif/mp-752887.cif,train,-2.985297002,-5.567538833618164,-2.742989552877926,-2.746856816688303,-3.1901280921635715,10,2
mp-14244,Y3Si3Pd2,<PROJECT_ROOT>/external_datasets/functional_protocol_round4_widechem_boost/meta_gga_r2scan/cif/mp-14244.cif,train,-1.0123695075000043,-6.715622901916504,-0.963802070827195,-0.9632369325554242,-0.898459980470296,16,3
mp-29035,Sr(YS2)2,<PROJECT_ROOT>/external_datasets/functional_protocol_round4_widechem_boost/meta_gga_r2scan/cif/mp-29035.cif,train,-2.4396271748214287,-6.579595293317523,-2.295784182524317,-2.2890377663640047,-1.5157539556630564,28,3
mp-29337,Tl3BS3,<PROJECT_ROOT>/external_datasets/functional_protocol_round4_widechem_boost/meta_gga_r2scan/cif/mp-29337.cif,train,-0.5124754629910748,-4.156664712088449,-0.5155299226540873,-0.5166987784113406,-0.6506746869011419,14,3
mp-3795,NaZnF3,<PROJECT_ROOT>/external_datasets/functional_protocol_round4_widechem_boost/meta_gga_r2scan/cif/mp-3795.cif,train,-2.755012105000001,-4.139367294311524,-2.7906939151677834,-2.7875129535188483,-2.422906607403952,20,3
mp-12920,CePIr,<PROJECT_ROOT>/external_datasets/functional_protocol_round4_widechem_boost/meta_gga_r2scan/cif/mp-12920.cif,train,-1.3415453726587334,-7.941329956054687,-1.2974453745160792,-1.295013634226713,-1.016284105406292,6,3
mp-1190385,Tb2CoTe2(SO7)2,<PROJECT_ROOT>/external_datasets/functional_protocol_round4_widechem_boost/meta_gga_r2scan/cif/mp-1190385.cif,train,-2.0685596646726183,-6.558981759207589,-2.247009385990591,-2.2500781196900794,-2.6018207387009964,21,5
mp-1186456,Pm2CoNi,<PROJECT_ROOT>/external_datasets/functional_protocol_round4_widechem_boost/meta_gga_r2scan/cif/mp-1186456.cif,train,-0.0968774112499986,-5.715252876281738,-0.171832146882382,-0.1715960199908561,-0.1445308200165821,4,3
mp-22323,In2O3,<PROJECT_ROOT>/external_datasets/functional_protocol_round4_widechem_boost/meta_gga_r2scan/cif/mp-22323.cif,train,-1.8356562092500013,-5.613921356201172,-1.9598217997916936,-1.9613036834874016,-2.131159299269874,10,2
mp-1208175,Tl2CoI4,<PROJECT_ROOT>/external_datasets/functional_protocol_round4_widechem_boost/meta_gga_r2scan/cif/mp-1208175.cif,train,-0.5711353642857172,-2.9562767573765347,-0.4975712566395152,-0.4976098569818106,-0.5020342830882808,14,3
mp-1048244,CaFeO2,<PROJECT_ROOT>/external_datasets/functional_protocol_round4_widechem_boost/meta_gga_r2scan/cif/mp-1048244.cif,train,-2.1920994162500005,-6.4983015060424805,-1.7490199235019572,-1.7499122465093544,-1.8521915781038365,16,3
mp-1187238,TaMn2Ga,<PROJECT_ROOT>/external_datasets/functional_protocol_round4_widechem_boost/meta_gga_r2scan/cif/mp-1187238.cif,train,-0.1460396790747147,-8.489631652832031,-0.5612373763201219,-0.5591818603683629,-0.3235756999468346,4,3
mp-549,ScSb,<PROJECT_ROOT>/external_datasets/functional_protocol_round4_widechem_boost/meta_gga_r2scan/cif/mp-549.cif,train,-1.1039902674999986,-6.165689945220947,-1.0101374414564352,-1.0088799917206446,-0.8647493154665074,2,2
mp-aaaieiop,Sr2ScVO6,<PROJECT_ROOT>/external_datasets/functional_protocol_round4_widechem_boost/meta_gga_r2scan/cif/mp-aaaieiop.cif,train,-3.2323073897500008,-7.48453369140625,-3.090134981364905,-3.0846854718815733,-2.4600549481208773,10,4
mp-997012,CuPdO2,<PROJECT_ROOT>/external_datasets/functional_protocol_round4_widechem_boost/meta_gga_r2scan/cif/mp-997012.cif,train,-0.7333184618749993,-5.320672988891602,-0.8236159654163036,-0.831324963545633,-1.7149412878984749,8,3
mp-7590,GeP,<PROJECT_ROOT>/external_datasets/functional_protocol_round4_widechem_boost/meta_gga_r2scan/cif/mp-7590.cif,train,0.0963263660119047,-4.946155071258545,0.062882258372988,0.0570517799666552,-0.6112459433183349,2,2
mp-1212455,Hf6Be15Cu8,<PROJECT_ROOT>/external_datasets/functional_protocol_round4_widechem_boost/meta_gga_r2scan/cif/mp-1212455.cif,train,-0.286578482327588,-5.378341148639548,-0.2350469470781462,-0.2363890588397179,-0.3902238168374375,29,3
mp-733506,WO3,<PROJECT_ROOT>/external_datasets/functional_protocol_round4_widechem_boost/meta_gga_r2scan/cif/mp-733506.cif,train,-2.272706924812499,-7.476011657714844,-1.4854573510974791,-1.4933885004948158,-2.402468118988429,40,2
mp-1067743,YbCoC2,<PROJECT_ROOT>/external_datasets/functional_protocol_round4_widechem_boost/meta_gga_r2scan/cif/mp-1067743.cif,train,-0.4273154462500024,-6.924355030059815,-0.1842582470986729,-0.1814428377584045,0.1412633830842771,4,3
mp-1186234,NbSe2,<PROJECT_ROOT>/external_datasets/functional_protocol_round4_widechem_boost/meta_gga_r2scan/cif/mp-1186234.cif,train,-0.9563932752083324,-6.519353230794271,-0.9445498537629184,-0.9467143190808658,-1.1948084107316783,12,2
mp-1185546,CsRb2Bi,<PROJECT_ROOT>/external_datasets/functional_protocol_round4_widechem_boost/meta_gga_r2scan/cif/mp-1185546.cif,train,-0.4765111743750019,-1.990303635597229,-0.3692059027663998,-0.370131295641368,-0.4762011424678817,4,3
mp-27589,Cu5(PO5)2,<PROJECT_ROOT>/external_datasets/functional_protocol_round4_widechem_boost/meta_gga_r2scan/cif/mp-27589.cif,train,-1.4793691802030815,-5.979756074793198,-1.5822417834518865,-1.5854455489065824,-1.9526656996543583,17,3
mp-21320,UGaNi,<PROJECT_ROOT>/external_datasets/functional_protocol_round4_widechem_boost/meta_gga_r2scan/cif/mp-21320.cif,train,-0.4129816416666724,-6.997212304009332,-0.4549461589780081,-0.4583388090375111,-0.8472091816990841,9,3
mp-2746689,Ba(H2O3)2,<PROJECT_ROOT>/external_datasets/functional_protocol_round4_widechem_boost/meta_gga_r2scan/cif/mp-2746689.cif,train,-1.0805225197727282,-5.114761005748402,-1.3384005576054836,-1.3441376345834417,-2.001729553373434,22,3
mp-1346,B6O,<PROJECT_ROOT>/external_datasets/functional_protocol_round4_widechem_boost/meta_gga_r2scan/cif/mp-1346.cif,train,-0.7580853105357152,-7.137399400983538,-0.7813811611618355,-0.783553059965616,-1.032499188329289,14,2
mp-505198,CsCu4Se3,<PROJECT_ROOT>/external_datasets/functional_protocol_round4_widechem_boost/meta_gga_r2scan/cif/mp-505198.cif,train,-0.4542162383984358,-3.827622413635254,-0.4328494599860621,-0.4326482131480285,-0.409581014488626,8,3
mp-1714,FeSi2,<PROJECT_ROOT>/external_datasets/functional_protocol_round4_widechem_boost/meta_gga_r2scan/cif/mp-1714.cif,train,-0.2816261620833344,-6.876869837443034,-0.3842387209901625,-0.3846974602895896,-0.4372788109154188,24,2
mp-31108,Pr12InPt7,<PROJECT_ROOT>/external_datasets/functional_protocol_round4_widechem_boost/meta_gga_r2scan/cif/mp-31108.cif,train,-0.9619997942499992,-5.98701286315918,-0.9601811044766252,-0.9603443736064464,-0.9790585133626551,40,3
mp-4663,Yb2CdPd2,<PROJECT_ROOT>/external_datasets/functional_protocol_round4_widechem_boost/meta_gga_r2scan/cif/mp-4663.cif,train,-0.8627220469999998,-3.605719375610352,-0.7744088813485193,-0.7697603941714455,-0.2369441858528995,10,3
mp-6999,ScPS4,<PROJECT_ROOT>/external_datasets/functional_protocol_round4_widechem_boost/meta_gga_r2scan/cif/mp-6999.cif,train,-1.074563742371031,-5.634693145751953,-1.100474859726619,-1.1041943990526055,-1.5305332841277033,12,3
mp-505271,Ni(SbO3)2,<PROJECT_ROOT>/external_datasets/functional_protocol_round4_widechem_boost/meta_gga_r2scan/cif/mp-505271.cif,train,-1.5657174486111105,-5.882004208034939,-1.4638161769546336,-1.4714274259491749,-2.3438396055170623,36,3
mp-1261,EuZn,<PROJECT_ROOT>/external_datasets/functional_protocol_round4_widechem_boost/meta_gga_r2scan/cif/mp-1261.cif,train,-0.2604084399999991,-6.029807090759277,-0.2268667377811493,-0.2319181490077388,-0.810918084662287,2,2
mp-1198669,La3Te4Br,<PROJECT_ROOT>/external_datasets/functional_protocol_round4_widechem_boost/meta_gga_r2scan/cif/mp-1198669.cif,train,-1.9619278796875044,-5.298768043518066,-1.836103429886884,-1.8314642057874544,-1.299709744595476,32,3
mp-34508,Sr(SmS2)2,<PROJECT_ROOT>/external_datasets/functional_protocol_round4_widechem_boost/meta_gga_r2scan/cif/mp-34508.cif,train,-2.381583794464287,-6.027704511369977,-2.2522614625581587,-2.246042120118428,-1.533172248535335,14,3
mp-972524,SmSiAg,<PROJECT_ROOT>/external_datasets/functional_protocol_round4_widechem_boost/meta_gga_r2scan/cif/mp-972524.cif,train,-0.616630152222219,-4.893357594807942,-0.5629400345704569,-0.5630904478371574,-0.5803310302877863,9,3
mp-3972,Ce2SO2,<PROJECT_ROOT>/external_datasets/functional_protocol_round4_widechem_boost/meta_gga_r2scan/cif/mp-3972.cif,train,-3.379953606062497,-8.224710845947266,-3.444268807345142,-3.4362470008592814,-2.5167761380066853,5,3
mp-1077471,YbBiAu,<PROJECT_ROOT>/external_datasets/functional_protocol_round4_widechem_boost/meta_gga_r2scan/cif/mp-1077471.cif,train,-0.6040881800000003,-3.50197982788086,-0.6353904507346466,-0.6302644032167821,-0.0427095497570987,6,3
mp-2214131,SbBr5F6,<PROJECT_ROOT>/external_datasets/functional_protocol_round4_widechem_boost/meta_gga_r2scan/cif/mp-2214131.cif,train,-1.3519908693750011,-3.2326377232869468,-1.6163763104104865,-1.6258011063368611,-2.706084613289006,24,3
mp-21504,V4GaSe8,<PROJECT_ROOT>/external_datasets/functional_protocol_round4_widechem_boost/meta_gga_r2scan/cif/mp-21504.cif,train,-0.9126503401923092,-5.903128403883714,-1.0658688773002387,-1.0662733091157008,-1.1126298587257868,13,3
mp-9307,Ba2ZnN2,<PROJECT_ROOT>/external_datasets/functional_protocol_round4_widechem_boost/meta_gga_r2scan/cif/mp-9307.cif,train,-0.5607995864999993,-4.771318435668945,-0.5500176606119105,-0.5532449084005435,-0.9231566376453004,5,3
mp-1197997,Ho5Ir3,<PROJECT_ROOT>/external_datasets/functional_protocol_round4_widechem_boost/meta_gga_r2scan/cif/mp-1197997.cif,train,-0.9402493515624996,-7.010738372802734,-0.8694382724694929,-0.8689932802515434,-0.8179876396495525,32,2
mp-1246715,Ba2ReN3,<PROJECT_ROOT>/external_datasets/functional_protocol_round4_widechem_boost/meta_gga_r2scan/cif/mp-1246715.cif,train,-0.7603948602083364,-7.488417943318685,-0.7408595052073741,-0.7420828690432186,-0.8823065709870317,24,3
mp-1205683,Cs2KCrCl6,<PROJECT_ROOT>/external_datasets/functional_protocol_round4_widechem_boost/meta_gga_r2scan/cif/mp-1205683.cif,train,-1.9488149648749995,-4.026817703247071,-1.8935131824253892,-1.888929302241316,-1.3635184393026023,10,4
mp-17560,Na2UO4,<PROJECT_ROOT>/external_datasets/functional_protocol_round4_widechem_boost/meta_gga_r2scan/cif/mp-17560.cif,train,-2.849969568214288,-7.435910361153739,-3.0476715021620047,-3.042265666646771,-2.4226411151952902,28,3
mp-1210465,Na3CoF6,<PROJECT_ROOT>/external_datasets/functional_protocol_round4_widechem_boost/meta_gga_r2scan/cif/mp-1210465.cif,train,-2.7101091419999994,-4.503490447998047,-2.570297112469219,-2.5694281827249794,-2.4698302202078866,20,3
mp-1271281,Sb3N5,<PROJECT_ROOT>/external_datasets/functional_protocol_round4_widechem_boost/meta_gga_r2scan/cif/mp-1271281.cif,train,0.5235678426562504,-6.08900260925293,0.5040141854891926,0.4935470477391357,-0.7062111607895036,32,2
mp-1078586,UGaCo,<PROJECT_ROOT>/external_datasets/functional_protocol_round4_widechem_boost/meta_gga_r2scan/cif/mp-1078586.cif,train,-0.3508222950000067,-7.452255249023437,-0.4349041494819348,-0.4374876016210232,-0.7336065583244507,9,3
mp-866223,CaYHg2,<PROJECT_ROOT>/external_datasets/functional_protocol_round4_widechem_boost/meta_gga_r2scan/cif/mp-866223.cif,train,-0.6027883787500024,-2.804286003112793,-0.5776151290498408,-0.5762546225437175,-0.4203114327763101,4,3
mp-989624,TiPN3,<PROJECT_ROOT>/external_datasets/functional_protocol_round4_widechem_boost/meta_gga_r2scan/cif/mp-989624.cif,train,-1.057049672678572,-8.462660217285157,-0.9436535353814204,-0.9440429951110092,-0.9886834229534848,20,3
mp-1025087,NdNiSb,<PROJECT_ROOT>/external_datasets/functional_protocol_round4_widechem_boost/meta_gga_r2scan/cif/mp-1025087.cif,train,-0.9125008958333324,-5.71531359354655,-0.9176157903885516,-0.9141243981592142,-0.5139360576241964,6,3
mp-12646,EuNbO4,<PROJECT_ROOT>/external_datasets/functional_protocol_round4_widechem_boost/meta_gga_r2scan/cif/mp-12646.cif,train,-3.0284428000000005,-9.415399551391602,-3.103685156530445,-3.099699921673671,-2.6429066371576684,12,3
mp-22711,GdAl7Au3,<PROJECT_ROOT>/external_datasets/functional_protocol_round4_widechem_boost/meta_gga_r2scan/cif/mp-22711.cif,train,-0.5655467863636364,-5.067515286532315,-0.5354927415125479,-0.53544342438766,-0.529790625426401,22,3
mp-1189825,Tb6RhBr10,<PROJECT_ROOT>/external_datasets/functional_protocol_round4_widechem_boost/meta_gga_r2scan/cif/mp-1189825.cif,train,-1.8605540773529416,-4.643396265366498,-1.810589007892951,-1.807671200977837,-1.4732280245428748,17,3
mp-1193960,Eu(DyS2)2,<PROJECT_ROOT>/external_datasets/functional_protocol_round4_widechem_boost/meta_gga_r2scan/cif/mp-1193960.cif,train,-2.4348726805357126,-7.26014164515904,-2.2945778989590746,-2.289191571268873,-1.6718030344533066,28,3
mp-1407092,ZnMoF6,<PROJECT_ROOT>/external_datasets/functional_protocol_round4_widechem_boost/meta_gga_r2scan/cif/mp-1407092.cif,train,-2.6175563581249994,-4.870201587677002,-2.327681243056051,-2.331519749092012,-2.771494767583268,8,3
mp-1213852,Ce2Si5Pd3,<PROJECT_ROOT>/external_datasets/functional_protocol_round4_widechem_boost/meta_gga_r2scan/cif/mp-1213852.cif,train,-0.8525496275000023,-6.264310073852539,-0.8214547692135108,-0.8227605973558747,-0.9724364753425648,20,3
mp-1213799,CeHf2F11,<PROJECT_ROOT>/external_datasets/functional_protocol_round4_widechem_boost/meta_gga_r2scan/cif/mp-1213799.cif,train,-4.189001931428572,-7.197349548339844,-4.257054924907592,-4.249263992283423,-3.3562562196565646,28,3
mp-33775,La5AgSe8,<PROJECT_ROOT>/external_datasets/functional_protocol_round4_widechem_boost/meta_gga_r2scan/cif/mp-33775.cif,train,-2.0981419873214286,-5.773627689906529,-2.0020489210296137,-1.997150677856572,-1.4357070822368674,14,3
mp-27632,K2TcCl6,<PROJECT_ROOT>/external_datasets/functional_protocol_round4_widechem_boost/meta_gga_r2scan/cif/mp-27632.cif,train,-1.5662490636111102,-3.949030558268229,-1.487876868790106,-1.4874573604505947,-1.4393727182218314,9,3
mp-1217630,Tb3SmNi4,<PROJECT_ROOT>/external_datasets/functional_protocol_round4_widechem_boost/meta_gga_r2scan/cif/mp-1217630.cif,train,-0.3837767774999996,-5.632072448730469,-0.5193853704819089,-0.5201167248655825,-0.6039456039834048,8,3
mp-1207793,Y3Sb5O12,<PROJECT_ROOT>/external_datasets/functional_protocol_round4_widechem_boost/meta_gga_r2scan/cif/mp-1207793.cif,train,-2.4528005222500013,-7.198341369628906,-2.629473692104874,-2.626625004628031,-2.300104396464315,40,3
mp-22724,CeZrF7,<PROJECT_ROOT>/external_datasets/functional_protocol_round4_widechem_boost/meta_gga_r2scan/cif/mp-22724.cif,train,-4.168328513333334,-6.892783694797092,-4.219481770286473,-4.211854901998675,-3.337652416833826,18,3
mp-1198059,Hf2Be17,<PROJECT_ROOT>/external_datasets/functional_protocol_round4_widechem_boost/meta_gga_r2scan/cif/mp-1198059.cif,train,-0.2422982661842115,-4.618558381733141,-0.2125818754641475,-0.2155349843035008,-0.5540245174787432,38,2
mp-2898201,Li3Mn(BO3)2,<PROJECT_ROOT>/external_datasets/functional_protocol_round4_widechem_boost/meta_gga_r2scan/cif/mp-2898201.cif,train,-2.3877392287068964,-6.8134104410807295,-2.3830990059701715,-2.3795452038139606,-1.9722033487405068,48,4
mp-1209054,Sm12(OsC3)5,<PROJECT_ROOT>/external_datasets/functional_protocol_round4_widechem_boost/meta_gga_r2scan/cif/mp-1209054.cif,train,-0.4334935956249985,-8.134393692016602,-0.3448337337749132,-0.3444639876096751,-0.3020831565357607,32,3
mp-15238,Ho4C5,<PROJECT_ROOT>/external_datasets/functional_protocol_round4_widechem_boost/meta_gga_r2scan/cif/mp-15238.cif,train,-0.5018737055555518,-7.495429992675781,-0.3781983976889851,-0.37827294531081,-0.3868176996979797,18,2
mp-1079148,LuSnRh,<PROJECT_ROOT>/external_datasets/functional_protocol_round4_widechem_boost/meta_gga_r2scan/cif/mp-1079148.cif,train,-0.9625769755555528,-6.192948235405816,-0.9447499154681892,-0.9429345800250886,-0.734858250936929,9,3
mp-1067280,TmTlSe2,<PROJECT_ROOT>/external_datasets/functional_protocol_round4_widechem_boost/meta_gga_r2scan/cif/mp-1067280.cif,train,-1.595562889531248,-4.82455587387085,-1.511228593814515,-1.506171045341449,-0.9264676497719876,4,3
mp-1224346,Hf3ScSi4,<PROJECT_ROOT>/external_datasets/functional_protocol_round4_widechem_boost/meta_gga_r2scan/cif/mp-1224346.cif,train,-0.8419917631250016,-8.055181503295898,-0.7953985625785647,-0.7979108692219343,-1.0858750280688816,8,3
mp-1095204,Tm2Ni2Sn,<PROJECT_ROOT>/external_datasets/functional_protocol_round4_widechem_boost/meta_gga_r2scan/cif/mp-1095204.cif,train,-0.6227976110000014,-5.514590454101563,-0.6858146808631957,-0.6846715710385576,-0.553646697944124,10,3
mp-972187,ZrSiPt,<PROJECT_ROOT>/external_datasets/functional_protocol_round4_widechem_boost/meta_gga_r2scan/cif/mp-972187.cif,train,-1.2481024483333367,-7.834755579630534,-1.2007316505579473,-1.1985332034360443,-0.9465440691095226,12,3
mp-9845,RbCaAs,<PROJECT_ROOT>/external_datasets/functional_protocol_round4_widechem_boost/meta_gga_r2scan/cif/mp-9845.cif,train,-1.031743826249998,-3.3904263178507485,-0.9572493935210412,-0.9561793605921798,-0.8335306651742259,6,3
mp-14526,Na4Hf2(GeO4)3,<PROJECT_ROOT>/external_datasets/functional_protocol_round4_widechem_boost/meta_gga_r2scan/cif/mp-14526.cif,train,-2.507886178809526,-6.97076416015625,-2.652324812310788,-2.6488695612963644,-2.252823778192221,42,4
mp-aaaieiqz,Mg3Ga2(SiO4)3,<PROJECT_ROOT>/external_datasets/functional_protocol_round4_widechem_boost/meta_gga_r2scan/cif/mp-aaaieiqz.cif,train,-2.789656088125,-6.836797332763672,-2.867523239588268,-2.861426063557656,-2.1625590794548177,80,4
mp-1079790,TbSnPt,<PROJECT_ROOT>/external_datasets/functional_protocol_round4_widechem_boost/meta_gga_r2scan/cif/mp-1079790.cif,train,-1.2048071644444462,-5.98861821492513,-1.1395683641257337,-1.1361025475408333,-0.738845723729048,9,3
mp-579259,Eu3BeO5,<PROJECT_ROOT>/external_datasets/functional_protocol_round4_widechem_boost/meta_gga_r2scan/cif/mp-579259.cif,train,-3.1586615870833348,-9.423751831054688,-3.149980952363438,-3.1443126145993263,-2.4945996822200494,36,3
mp-1103824,TmGa6,<PROJECT_ROOT>/external_datasets/functional_protocol_round4_widechem_boost/meta_gga_r2scan/cif/mp-1103824.cif,train,-0.3169005292857158,-3.50149290902274,-0.2886625026624219,-0.289965012388321,-0.4392605287608694,14,2
mp-1186543,Pm3Y,<PROJECT_ROOT>/external_datasets/functional_protocol_round4_widechem_boost/meta_gga_r2scan/cif/mp-1186543.cif,train,0.0290070031249989,-5.1525187492370605,-0.0329185060918959,-0.0376837652149726,-0.5838845399826066,8,2
mp-861503,Pr3Sb4Au3,<PROJECT_ROOT>/external_datasets/functional_protocol_round4_widechem_boost/meta_gga_r2scan/cif/mp-861503.cif,train,-1.0131240735000009,-4.948218917846679,-0.9454464585200384,-0.9419955768194076,-0.5464506106723565,20,3
mp-5838,Ba2SiS4,<PROJECT_ROOT>/external_datasets/functional_protocol_round4_widechem_boost/meta_gga_r2scan/cif/mp-5838.cif,train,-1.8326550351785715,-5.294471740722656,-1.7616669154353837,-1.7595853180946497,-1.520989671793587,28,3
mp-568847,K4GeSe4,<PROJECT_ROOT>/external_datasets/functional_protocol_round4_widechem_boost/meta_gga_r2scan/cif/mp-568847.cif,train,-1.1943534534722222,-3.569260491265191,-1.1339966662721483,-1.1327207048415635,-0.9864681918181136,72,3
mp-1213142,Eu3Sn13Ir4,<PROJECT_ROOT>/external_datasets/functional_protocol_round4_widechem_boost/meta_gga_r2scan/cif/mp-1213142.cif,train,-0.5000219770000058,-6.387582778930664,-0.4164019272317452,-0.4167478349604865,-0.4563962705568478,40,3
mp-7329,KCeS2,<PROJECT_ROOT>/external_datasets/functional_protocol_round4_widechem_boost/meta_gga_r2scan/cif/mp-7329.cif,train,-2.145547009843749,-5.612241744995117,-1.9801576536196053,-1.9763181610016696,-1.5362300590818756,4,3
mp-2964,NaNO2,<PROJECT_ROOT>/external_datasets/functional_protocol_round4_widechem_boost/meta_gga_r2scan/cif/mp-2964.cif,train,-0.9349722365624996,-5.756980419158936,-1.256469238288875,-1.2636549492979663,-2.087291360047292,4,3
mp-21449,NbCoP,<PROJECT_ROOT>/external_datasets/functional_protocol_round4_widechem_boost/meta_gga_r2scan/cif/mp-21449.cif,train,-0.8366807051587296,-8.41930071512858,-0.8595824833366219,-0.8553110901581267,-0.3657179320156787,12,3
mp-11904,LiSm2IrO6,<PROJECT_ROOT>/external_datasets/functional_protocol_round4_widechem_boost/meta_gga_r2scan/cif/mp-11904.cif,train,-2.576547405916665,-7.308483123779297,-2.7243995762466837,-2.721457007638617,-2.384175610756889,20,4
mp-862949,NaPmTl2,<PROJECT_ROOT>/external_datasets/functional_protocol_round4_widechem_boost/meta_gga_r2scan/cif/mp-862949.cif,train,-0.3587774943750048,-2.959062337875366,-0.2899291330970528,-0.2876097730904581,-0.0217614320356531,4,3
mp-18256,Mg2B2O5,<PROJECT_ROOT>/external_datasets/functional_protocol_round4_widechem_boost/meta_gga_r2scan/cif/mp-18256.cif,train,-2.8659785143055547,-7.221831427680121,-2.9663755504906284,-2.9578762570614154,-1.9836751619870607,36,3
mp-1068235,SrGe3Ir,<PROJECT_ROOT>/external_datasets/functional_protocol_round4_widechem_boost/meta_gga_r2scan/cif/mp-1068235.cif,train,-0.5814270540000024,-5.411481475830078,-0.5198056929263579,-0.5202621048845986,-0.5725766923567323,5,3
mp-11449,HfMn2,<PROJECT_ROOT>/external_datasets/functional_protocol_round4_widechem_boost/meta_gga_r2scan/cif/mp-11449.cif,train,-0.1300020079885039,-9.684198379516602,-0.7708861052464755,-0.769037110040621,-0.5571026510951624,12,2
mp-29069,Na(CuS)4,<PROJECT_ROOT>/external_datasets/functional_protocol_round4_widechem_boost/meta_gga_r2scan/cif/mp-29069.cif,train,-0.47604204125,-4.171230740017361,-0.4577429074225509,-0.4594209858329838,-0.651764718718433,9,3
mp-1047145,Mg(CuO2)2,<PROJECT_ROOT>/external_datasets/functional_protocol_round4_widechem_boost/meta_gga_r2scan/cif/mp-1047145.cif,train,-1.2699055507142865,-5.297196524483817,-1.4053589754400253,-1.4086315325270284,-1.7837366779612762,14,3
mp-1219396,Sc2Te3,<PROJECT_ROOT>/external_datasets/functional_protocol_round4_widechem_boost/meta_gga_r2scan/cif/mp-1219396.cif,train,-1.4034736780000003,-5.610150146484375,-1.3066288499351133,-1.3046781802352596,-1.0810896462502573,5,2
mp-1077023,TiCu2,<PROJECT_ROOT>/external_datasets/functional_protocol_round4_widechem_boost/meta_gga_r2scan/cif/mp-1077023.cif,train,-0.119942153888888,-5.464504241943359,-0.0676811959063403,-0.0685170235904806,-0.164320780921108,6,2
mp-542390,Ho(SiNi5)2,<PROJECT_ROOT>/external_datasets/functional_protocol_round4_widechem_boost/meta_gga_r2scan/cif/mp-542390.cif,train,-0.418086887692307,-6.070685753455529,-0.5135584884405171,-0.5115643496827271,-0.2829933304864022,26,3
mp-505528,Nb3P,<PROJECT_ROOT>/external_datasets/functional_protocol_round4_widechem_boost/meta_gga_r2scan/cif/mp-505528.cif,train,-0.6900972544940451,-9.567398071289062,-0.569547872185689,-0.5701658734296702,-0.6410020545382596,32,2
mp-30722,ScHg3,<PROJECT_ROOT>/external_datasets/functional_protocol_round4_widechem_boost/meta_gga_r2scan/cif/mp-30722.cif,train,-0.2575820981250061,-2.0339150428771973,-0.2264057726157564,-0.2258605579438635,-0.1633672771978075,8,2
mp-29616,CsCrCl3,<PROJECT_ROOT>/external_datasets/functional_protocol_round4_widechem_boost/meta_gga_r2scan/cif/mp-29616.cif,train,-1.7219300334999983,-4.599881362915039,-1.6607713570398484,-1.6574597256752694,-1.2778758309993088,10,3
mp-643,ThO2,<PROJECT_ROOT>/external_datasets/functional_protocol_round4_widechem_boost/meta_gga_r2scan/cif/mp-643.cif,train,-4.2322967225,-9.678680419921877,-4.352207504938966,-4.338540578761839,-2.7720180720444327,3,2
mp-1226272,CrNiPO5,<PROJECT_ROOT>/external_datasets/functional_protocol_round4_widechem_boost/meta_gga_r2scan/cif/mp-1226272.cif,train,-2.164173115215773,-6.944991111755371,-1.720324314897554,-1.7244273604835216,-2.1947242782541534,16,4
mp-604008,CeAlRu,<PROJECT_ROOT>/external_datasets/functional_protocol_round4_widechem_boost/meta_gga_r2scan/cif/mp-604008.cif,train,-0.6150979283333319,-6.912261327107747,-0.6875734247067129,-0.6889346630670365,-0.844961739004171,24,3
mp-1206704,MoPd2,<PROJECT_ROOT>/external_datasets/functional_protocol_round4_widechem_boost/meta_gga_r2scan/cif/mp-1206704.cif,train,-0.0780441333333357,-7.166516621907552,-0.1822337043195618,-0.1811498998694407,-0.0569226931080601,3,2
mp-1186152,NaHg3,<PROJECT_ROOT>/external_datasets/functional_protocol_round4_widechem_boost/meta_gga_r2scan/cif/mp-1186152.cif,train,-0.2127426793750046,-0.745113730430603,-0.1889907296800022,-0.187063323957906,0.033858659822527,8,2
mp-1104541,Hf(Ni2P)2,<PROJECT_ROOT>/external_datasets/functional_protocol_round4_widechem_boost/meta_gga_r2scan/cif/mp-1104541.cif,train,-0.7910549887074845,-7.038673400878906,-0.8409434215957479,-0.8375764341255216,-0.4516475439277264,14,3
mp-1207923,YbBi2C,<PROJECT_ROOT>/external_datasets/functional_protocol_round4_widechem_boost/meta_gga_r2scan/cif/mp-1207923.cif,train,0.6514986406250003,-3.9458179473876953,0.6816497142219555,0.6772989325567895,0.1786061532177947,32,3
mp-23556,Rb3Mn2Cl7,<PROJECT_ROOT>/external_datasets/functional_protocol_round4_widechem_boost/meta_gga_r2scan/cif/mp-23556.cif,train,-1.919061816684625,-4.387614885965983,-1.8341882408835175,-1.830472372767744,-1.4045542870249976,12,3
mp-10186,PuSi2,<PROJECT_ROOT>/external_datasets/functional_protocol_round4_widechem_boost/meta_gga_r2scan/cif/mp-10186.cif,train,-0.5823094029166688,-8.845695495605469,-0.6356196794141376,-0.6397481174672839,-1.112955555926795,3,2
mp-1213016,CuI2,<PROJECT_ROOT>/external_datasets/functional_protocol_round4_widechem_boost/meta_gga_r2scan/cif/mp-1213016.cif,train,0.1278796283333321,-2.273795445760092,0.0051210395515539,-0.0003687593445862,-0.6296173128743797,3,2
mp-561445,FePO4,<PROJECT_ROOT>/external_datasets/functional_protocol_round4_widechem_boost/meta_gga_r2scan/cif/mp-561445.cif,train,-2.1233333334126976,-7.090744654337565,-1.898850314678172,-1.902575705206232,-2.3295852633819303,24,3
mp-28717,Cu6As4S9,<PROJECT_ROOT>/external_datasets/functional_protocol_round4_widechem_boost/meta_gga_r2scan/cif/mp-28717.cif,train,-0.2590262089638166,-4.427799425627056,-0.3157575609036813,-0.3203407202964534,-0.8456689651114132,38,3
mp-4238,MnFeAs,<PROJECT_ROOT>/external_datasets/functional_protocol_round4_widechem_boost/meta_gga_r2scan/cif/mp-4238.cif,train,-0.2526806423275837,-7.622716267903645,-0.4849794915877332,-0.4824105568864061,-0.1879556095361181,9,3
mp-3704,Cs2Mn3Se4,<PROJECT_ROOT>/external_datasets/functional_protocol_round4_widechem_boost/meta_gga_r2scan/cif/mp-3704.cif,train,-1.202847188299807,-5.534195793999566,-1.1113496904231743,-1.1091113491220552,-0.8525494872607656,18,3
mp-979267,Ta2FeMo,<PROJECT_ROOT>/external_datasets/functional_protocol_round4_widechem_boost/meta_gga_r2scan/cif/mp-979267.cif,train,-0.0692434336666636,-10.92336654663086,-0.2140043151667683,-0.2122703656500961,-0.0135226071432648,4,3
mp-1215611,Yb8Al3Ga,<PROJECT_ROOT>/external_datasets/functional_protocol_round4_widechem_boost/meta_gga_r2scan/cif/mp-1215611.cif,train,0.3625897233333338,-1.7610405286153157,0.378428524894302,0.3732300827659545,-0.2226227438597863,12,3
mp-2909,HoAlNi,<PROJECT_ROOT>/external_datasets/functional_protocol_round4_widechem_boost/meta_gga_r2scan/cif/mp-2909.cif,train,-0.6250992472222221,-5.31576665242513,-0.6842067544081445,-0.6832293161922998,-0.5711939584096568,9,3
mp-31036,CuTe2Br,<PROJECT_ROOT>/external_datasets/functional_protocol_round4_widechem_boost/meta_gga_r2scan/cif/mp-31036.cif,train,-0.2575187268750021,-3.2022879123687744,-0.3197605250604454,-0.3236762667487793,-0.7725041455100214,16,3
mp-1029,BaF2,<PROJECT_ROOT>/external_datasets/functional_protocol_round4_widechem_boost/meta_gga_r2scan/cif/mp-1029.cif,train,-4.106180788333333,-5.765590031941732,-4.21286351255217,-4.202631622967231,-3.029837893541203,3,2
mp-1208535,Tb2(Ga3Ir)3,<PROJECT_ROOT>/external_datasets/functional_protocol_round4_widechem_boost/meta_gga_r2scan/cif/mp-1208535.cif,train,-0.7647422528571407,-5.174793243408203,-0.681974723093485,-0.6796804673610009,-0.416709613892248,28,3
mp-2154,CeP,<PROJECT_ROOT>/external_datasets/functional_protocol_round4_widechem_boost/meta_gga_r2scan/cif/mp-2154.cif,train,-1.7569989039880944,-7.139196872711182,-1.6137576419234962,-1.61173593131159,-1.380004587000934,2,2
mp-1203495,Tb2Re3Si5,<PROJECT_ROOT>/external_datasets/functional_protocol_round4_widechem_boost/meta_gga_r2scan/cif/mp-1203495.cif,train,-0.6467133902499995,-7.964417266845703,-0.550690963030612,-0.5505397707405306,-0.5332098955254538,40,3
mp-29940,SbClF10,<PROJECT_ROOT>/external_datasets/functional_protocol_round4_widechem_boost/meta_gga_r2scan/cif/mp-29940.cif,train,-1.5141670441666666,-3.474879264831543,-1.820491606723396,-1.8341579936921013,-3.4006186955735944,48,3
mp-1227348,Be4NbMo,<PROJECT_ROOT>/external_datasets/functional_protocol_round4_widechem_boost/meta_gga_r2scan/cif/mp-1227348.cif,train,-0.2767763175000013,-6.235312143961589,-0.2677534685849183,-0.2677411319992506,-0.2663270950132511,12,3
mp-7120,Sm(AlSi)2,<PROJECT_ROOT>/external_datasets/functional_protocol_round4_widechem_boost/meta_gga_r2scan/cif/mp-7120.cif,train,-0.4342377119999995,-5.0035663604736325,-0.3933753767770565,-0.3967494248350123,-0.7834876096363546,5,3
mp-17868,NaAsO3,<PROJECT_ROOT>/external_datasets/functional_protocol_round4_widechem_boost/meta_gga_r2scan/cif/mp-17868.cif,train,-1.6296288607499985,-5.622776285807292,-1.870600970640039,-1.8743791355832864,-2.3074377722496,30,3
mp-1517910,SrEuDyMnO6,<PROJECT_ROOT>/external_datasets/functional_protocol_round4_widechem_boost/meta_gga_r2scan/cif/mp-1517910.cif,train,-2.929202618698276,-7.850197601318359,-2.7730893930091485,-2.7705929730187657,-2.48444976492111,10,5
mp-1009545,PaN,<PROJECT_ROOT>/external_datasets/functional_protocol_round4_widechem_boost/meta_gga_r2scan/cif/mp-1009545.cif,train,-1.8277454743749928,-10.550955772399902,-1.7513236056091248,-1.7470827653790613,-1.2609916296191384,2,2
mp-1199917,Ho5P12Ru19,<PROJECT_ROOT>/external_datasets/functional_protocol_round4_widechem_boost/meta_gga_r2scan/cif/mp-1199917.cif,train,-0.9307434009920618,-8.193679809570312,-0.8827627451677138,-0.8787540152018423,-0.4192676878803532,36,3
mp-865661,YbMgCd2,<PROJECT_ROOT>/external_datasets/functional_protocol_round4_widechem_boost/meta_gga_r2scan/cif/mp-865661.cif,train,-0.3147249700000003,-1.5231313705444336,-0.2980384375411349,-0.2949597151325704,0.0579278239095695,4,3
mp-754655,Eu2SeO2,<PROJECT_ROOT>/external_datasets/functional_protocol_round4_widechem_boost/meta_gga_r2scan/cif/mp-754655.cif,train,-2.7112569353125027,-9.207928466796876,-2.6818931385933604,-2.678799313566686,-2.3241806909653397,5,3
mp-1184239,ErScZn2,<PROJECT_ROOT>/external_datasets/functional_protocol_round4_widechem_boost/meta_gga_r2scan/cif/mp-1184239.cif,train,-0.3872382170833361,-3.711527824401856,-0.4239397679579162,-0.4263621051712407,-0.7040138400482006,4,3
mp-1197516,La2HfSe5,<PROJECT_ROOT>/external_datasets/functional_protocol_round4_widechem_boost/meta_gga_r2scan/cif/mp-1197516.cif,train,-2.061186776914063,-6.442249298095703,-1.970790563143014,-1.9669245033002565,-1.5237912283035642,32,3
mp-1079582,VIr,<PROJECT_ROOT>/external_datasets/functional_protocol_round4_widechem_boost/meta_gga_r2scan/cif/mp-1079582.cif,train,-0.5885818687500048,-9.474708557128906,-0.8107113914849684,-0.8073713383800003,-0.4245297034185087,8,2
mp-1228976,Ba(BiS2)2,<PROJECT_ROOT>/external_datasets/functional_protocol_round4_widechem_boost/meta_gga_r2scan/cif/mp-1228976.cif,train,-1.022906129781747,-4.638321649460566,-1.0286810060298617,-1.029436427915872,-1.116023958363994,63,3
mp-1220262,Nd6Cd(GeS7)2,<PROJECT_ROOT>/external_datasets/functional_protocol_round4_widechem_boost/meta_gga_r2scan/cif/mp-1220262.cif,train,-1.7572678393206516,-5.7041015625,-1.6749350939169974,-1.6725955577959288,-1.4044346018189218,23,4
mp-756725,Ba2CaI6,<PROJECT_ROOT>/external_datasets/functional_protocol_round4_widechem_boost/meta_gga_r2scan/cif/mp-756725.cif,train,-1.9764415761111107,-3.403852038913303,-1.8952947362243031,-1.8892401270867056,-1.1952522207717502,18,3
mp-31002,Rb2Te5,<PROJECT_ROOT>/external_datasets/functional_protocol_round4_widechem_boost/meta_gga_r2scan/cif/mp-31002.cif,train,-0.647219176071429,-3.057582310267857,-0.6555459730094624,-0.6571920384931245,-0.8458664042043076,7,2
mp-976824,MgPb3,<PROJECT_ROOT>/external_datasets/functional_protocol_round4_widechem_boost/meta_gga_r2scan/cif/mp-976824.cif,train,0.0111098687499975,-3.179641008377075,0.0276955719040654,0.0296163099710424,0.2497740376431468,4,2
mp-4251,Pr(Sb3Os)4,<PROJECT_ROOT>/external_datasets/functional_protocol_round4_widechem_boost/meta_gga_r2scan/cif/mp-4251.cif,train,-0.2396921859803957,-6.000060137580423,-0.2239923765384839,-0.2235025171709619,-0.1673541401033394,17,3
mp-1200409,La2ZrSe5,<PROJECT_ROOT>/external_datasets/functional_protocol_round4_widechem_boost/meta_gga_r2scan/cif/mp-1200409.cif,train,-2.086609164726564,-6.277586460113525,-1.9922430679735608,-1.9879368001892228,-1.494346265148453,32,3
mp-1202780,Ca3Ge13Ir4,<PROJECT_ROOT>/external_datasets/functional_protocol_round4_widechem_boost/meta_gga_r2scan/cif/mp-1202780.cif,train,-0.4286927312500012,-5.498576354980469,-0.4230726335715422,-0.4238648910217284,-0.514674566203956,40,3
mp-4337,Dy(GeRh)2,<PROJECT_ROOT>/external_datasets/functional_protocol_round4_widechem_boost/meta_gga_r2scan/cif/mp-4337.cif,train,-0.9614608669999996,-6.59056396484375,-0.9278967434273824,-0.9259505241866544,-0.7028721081570262,5,3
mp-9583,K2ZnF4,<PROJECT_ROOT>/external_datasets/functional_protocol_round4_widechem_boost/meta_gga_r2scan/cif/mp-9583.cif,train,-2.8546590817857145,-4.1770155770438055,-2.8855147707017776,-2.881021925933795,-2.3660456717985934,7,3
mp-558621,Ce(BO2)3,<PROJECT_ROOT>/external_datasets/functional_protocol_round4_widechem_boost/meta_gga_r2scan/cif/mp-558621.cif,train,-2.971624955,-8.258847045898438,-3.0870689726285043,-3.081388105278589,-2.430239013962459,40,3
mp-555939,Li2Te2O5,<PROJECT_ROOT>/external_datasets/functional_protocol_round4_widechem_boost/meta_gga_r2scan/cif/mp-555939.cif,train,-1.5873021577314812,-5.320455763075087,-1.8470038252336891,-1.8501792194795128,-2.21414742193444,72,3
mp-21325,KO2,<PROJECT_ROOT>/external_datasets/functional_protocol_round4_widechem_boost/meta_gga_r2scan/cif/mp-21325.cif,train,-0.8982699804166666,-4.473962783813477,-1.2366783593655717,-1.2473164448894236,-2.4666689302633165,6,2
mp-571069,Ba3(CdSb2)2,<PROJECT_ROOT>/external_datasets/functional_protocol_round4_widechem_boost/meta_gga_r2scan/cif/mp-571069.cif,train,-0.9163456927777784,-3.4495457543267145,-0.8329022265136881,-0.830806374263692,-0.5905768099990829,9,3
mp-1095229,YNbO4,<PROJECT_ROOT>/external_datasets/functional_protocol_round4_widechem_boost/meta_gga_r2scan/cif/mp-1095229.cif,train,-3.38193021,-9.144367218017578,-3.4962667287690685,-3.488240703118696,-2.568286233631304,12,3
mp-36843,Mn2NiO4,<PROJECT_ROOT>/external_datasets/functional_protocol_round4_widechem_boost/meta_gga_r2scan/cif/mp-36843.cif,train,-1.842670852709359,-6.762231009347098,-1.079454086613007,-1.087435354909358,-2.0022596728534987,14,3
mp-1078064,Ca(CdAu2)2,<PROJECT_ROOT>/external_datasets/functional_protocol_round4_widechem_boost/meta_gga_r2scan/cif/mp-1078064.cif,train,-0.4954855128571417,-2.8598335811070035,-0.4836996350986879,-0.4821268893705657,-0.3018565382684691,7,3
mp-20838,CaIn4Ir,<PROJECT_ROOT>/external_datasets/functional_protocol_round4_widechem_boost/meta_gga_r2scan/cif/mp-20838.cif,train,-0.4676233791666675,-3.9699436823527017,-0.4138945790370365,-0.4134787943515388,-0.3658209626398115,12,3
mp-578604,NaCrO2,<PROJECT_ROOT>/external_datasets/functional_protocol_round4_widechem_boost/meta_gga_r2scan/cif/mp-578604.cif,train,-2.294981691874999,-6.620077610015869,-1.867639444694676,-1.866978968729442,-1.7912742746909545,4,3
mp-769032,Li3NbS4,<PROJECT_ROOT>/external_datasets/functional_protocol_round4_widechem_boost/meta_gga_r2scan/cif/mp-769032.cif,train,-1.3354567995312507,-5.190308094024658,-1.289308934818414,-1.2884129944949914,-1.1857190409940674,32,3
mp-2214,TmMg2,<PROJECT_ROOT>/external_datasets/functional_protocol_round4_widechem_boost/meta_gga_r2scan/cif/mp-2214.cif,train,-0.0610626366666693,-2.6053126653035483,-0.0570015331416899,-0.0587687215597467,-0.2613263701948786,12,2
mp-29877,K2ReH9,<PROJECT_ROOT>/external_datasets/functional_protocol_round4_widechem_boost/meta_gga_r2scan/cif/mp-29877.cif,train,-0.3250971876736107,-4.024177551269531,-0.22442792161808,-0.2235609653240793,-0.1241892024848015,36,3
mp-1208873,SmAl3Ni2,<PROJECT_ROOT>/external_datasets/functional_protocol_round4_widechem_boost/meta_gga_r2scan/cif/mp-1208873.cif,train,-0.6653321888888889,-5.2181811862521705,-0.6989524400371678,-0.6971312127040346,-0.4883795468048152,18,3
mp-755898,Er3TaO7,<PROJECT_ROOT>/external_datasets/functional_protocol_round4_widechem_boost/meta_gga_r2scan/cif/mp-755898.cif,train,-3.769684415325757,-8.91229317405007,-3.874887124288256,-3.864102847206072,-2.6279936775961854,22,3
mp-756458,ErAlO3,<PROJECT_ROOT>/external_datasets/functional_protocol_round4_widechem_boost/meta_gga_r2scan/cif/mp-756458.cif,train,-3.712724882916666,-7.977001953125,-3.7542772314317,-3.7428723767217305,-2.435631717229792,20,3
mp-1205450,Pu2Se3,<PROJECT_ROOT>/external_datasets/functional_protocol_round4_widechem_boost/meta_gga_r2scan/cif/mp-1205450.cif,train,-1.990733225937498,-9.309569549560546,-1.904459148799483,-1.9015400725179177,-1.566951399497171,20,2
mp-541379,KSnS4,<PROJECT_ROOT>/external_datasets/functional_protocol_round4_widechem_boost/meta_gga_r2scan/cif/mp-541379.cif,train,-0.6803724327083316,-4.172460556030273,-0.7211357677626422,-0.7262426252529064,-1.3115978904687755,48,3
mp-4689,Al7FeCu2,<PROJECT_ROOT>/external_datasets/functional_protocol_round4_widechem_boost/meta_gga_r2scan/cif/mp-4689.cif,train,-0.2155626032499995,-4.537610244750977,-0.2544236872531922,-0.2541160073947317,-0.2188493046344348,40,3
mp-980067,YHoCu2,<PROJECT_ROOT>/external_datasets/functional_protocol_round4_widechem_boost/meta_gga_r2scan/cif/mp-980067.cif,train,-0.2448288412500012,-5.060019493103027,-0.2667863333779232,-0.2676486589873388,-0.3664896461817915,4,3
mp-30471,CaCu,<PROJECT_ROOT>/external_datasets/functional_protocol_round4_widechem_boost/meta_gga_r2scan/cif/mp-30471.cif,train,-0.1067702775000015,-3.194541358947754,-0.1835763435579234,-0.1842167798696037,-0.2576245003297466,20,2
mp-753669,Hf(MnSn)6,<PROJECT_ROOT>/external_datasets/functional_protocol_round4_widechem_boost/meta_gga_r2scan/cif/mp-753669.cif,train,-0.1479106528381941,-6.869287344125601,-0.3523662086387045,-0.3518025420233188,-0.2871942732840254,13,3
mp-1221034,NaGdF4,<PROJECT_ROOT>/external_datasets/functional_protocol_round4_widechem_boost/meta_gga_r2scan/cif/mp-1221034.cif,train,-3.9484219233333326,-7.466498480902778,-3.965764956797674,-3.956610760957177,-2.907343820520849,18,3
mp-2898759,AsC6NF4,<PROJECT_ROOT>/external_datasets/functional_protocol_round4_widechem_boost/meta_gga_r2scan/cif/mp-2898759.cif,train,-0.0717795240624982,-6.38505744934082,-0.2513655763344724,-0.260570774676343,-1.315683694322567,48,4
mp-850528,V3(PO4)2,<PROJECT_ROOT>/external_datasets/functional_protocol_round4_widechem_boost/meta_gga_r2scan/cif/mp-850528.cif,train,-2.419997155842489,-7.682407085712139,-2.2438221238870613,-2.244587684243545,-2.3323373005897983,26,3
mp-1105840,Nb3VSe6,<PROJECT_ROOT>/external_datasets/functional_protocol_round4_widechem_boost/meta_gga_r2scan/cif/mp-1105840.cif,train,-1.080870066937501,-6.924839782714844,-1.0627948385618842,-1.063387759463879,-1.1313491961205118,20,3
mp-2040076,PmInNi2,<PROJECT_ROOT>/external_datasets/functional_protocol_round4_widechem_boost/meta_gga_r2scan/cif/mp-2040076.cif,train,-0.2881175143749992,-5.049278259277344,-0.3758495462485136,-0.3742949500879664,-0.1961049282214549,4,3
mp-554914,Hg3PO4,<PROJECT_ROOT>/external_datasets/functional_protocol_round4_widechem_boost/meta_gga_r2scan/cif/mp-554914.cif,train,-1.2975942734970225,-4.420748233795166,-1.462670590659127,-1.4646831419194042,-1.6953646283258452,32,3
mp-1065995,ZrPt,<PROJECT_ROOT>/external_datasets/functional_protocol_round4_widechem_boost/meta_gga_r2scan/cif/mp-1065995.cif,train,-1.2315389199999984,-8.382978439331055,-1.1835677934457038,-1.1820343412987304,-1.0062678763246955,4,2
mp-21608,Tm2(Ni7B2)3,<PROJECT_ROOT>/external_datasets/functional_protocol_round4_widechem_boost/meta_gga_r2scan/cif/mp-21608.cif,train,-0.341247532586208,-6.228237283640895,-0.4334275641379683,-0.4320836436387081,-0.2780415655557379,29,3
mp-1210775,LuOF,<PROJECT_ROOT>/external_datasets/functional_protocol_round4_widechem_boost/meta_gga_r2scan/cif/mp-1210775.cif,train,-4.315237178472221,-7.744331995646159,-4.37194288779674,-4.359191846771732,-2.897649398171766,12,3
mp-866206,Yb2AgRh,<PROJECT_ROOT>/external_datasets/functional_protocol_round4_widechem_boost/meta_gga_r2scan/cif/mp-866206.cif,train,-0.6884963062499985,-3.830141544342041,-0.5625936526934385,-0.5585438703970853,-0.0943520665977936,4,3
mp-28800,K2Bi8Se13,<PROJECT_ROOT>/external_datasets/functional_protocol_round4_widechem_boost/meta_gga_r2scan/cif/mp-28800.cif,train,-0.6121838950135874,-3.951864159625509,-0.6503018737391177,-0.651490691291543,-0.7877546491201017,23,3
mp-29829,LiAuS,<PROJECT_ROOT>/external_datasets/functional_protocol_round4_widechem_boost/meta_gga_r2scan/cif/mp-29829.cif,train,-0.838664602326387,-3.8215319315592446,-0.8430129612722506,-0.8434979128291076,-0.8990837496602055,12,3
mp-7765,Ba3SiO5,<PROJECT_ROOT>/external_datasets/functional_protocol_round4_widechem_boost/meta_gga_r2scan/cif/mp-7765.cif,train,-3.105974663749999,-6.844639248318142,-3.222805413750447,-3.216056998958009,-2.442544102202048,18,3
mp-3216283,YbIn2,<PROJECT_ROOT>/external_datasets/functional_protocol_round4_widechem_boost/meta_gga_r2scan/cif/mp-3216283.cif,train,-0.4582751200000008,-2.7253570556640625,-0.4831161814700806,-0.4806188226704613,-0.1943680069244205,6,2
mp-1029347,KPtN,<PROJECT_ROOT>/external_datasets/functional_protocol_round4_widechem_boost/meta_gga_r2scan/cif/mp-1029347.cif,train,-0.2107585424999977,-5.249067942301433,-0.2103229140611953,-0.2156383493688665,-0.8249011005205665,6,3
mp-697075,Ti3Zn3N,<PROJECT_ROOT>/external_datasets/functional_protocol_round4_widechem_boost/meta_gga_r2scan/cif/mp-697075.cif,train,-0.7994873505357154,-5.828010559082031,-0.7526614272335514,-0.7522655988342475,-0.7068951850130223,28,3
mp-5031,TaSiAs,<PROJECT_ROOT>/external_datasets/functional_protocol_round4_widechem_boost/meta_gga_r2scan/cif/mp-5031.cif,train,-0.5392911616111083,-7.821033477783203,-0.5083302938035494,-0.510245170772639,-0.7297310910738083,6,3
mp-13194,PrSbO4,<PROJECT_ROOT>/external_datasets/functional_protocol_round4_widechem_boost/meta_gga_r2scan/cif/mp-13194.cif,train,-2.580726685694444,-7.098539352416992,-2.7553125882487564,-2.7530607259945734,-2.494949073272521,24,3
mp-1223017,Li2TiCr(PO4)3,<PROJECT_ROOT>/external_datasets/functional_protocol_round4_widechem_boost/meta_gga_r2scan/cif/mp-1223017.cif,train,-2.661915922969924,-7.388543379934211,-2.7221920765253733,-2.719283368396643,-2.3858831077903746,76,5
mp-12072,UAu2,<PROJECT_ROOT>/external_datasets/functional_protocol_round4_widechem_boost/meta_gga_r2scan/cif/mp-12072.cif,train,-0.4872583183333271,-6.19253412882487,-0.392687572700888,-0.3973193703268594,-0.9282225985737071,3,2
mp-1224108,HgPb4,<PROJECT_ROOT>/external_datasets/functional_protocol_round4_widechem_boost/meta_gga_r2scan/cif/mp-1224108.cif,train,0.023017000499999,-3.014082908630371,0.0355831343883226,0.0375577819165142,0.2638946886686197,5,2
mp-1018087,CeAu,<PROJECT_ROOT>/external_datasets/functional_protocol_round4_widechem_boost/meta_gga_r2scan/cif/mp-1018087.cif,train,-0.8024294874999995,-5.230889320373535,-0.7758439221692841,-0.7792625556235544,-1.1711111819301414,4,2
mp-1334,Y2C,<PROJECT_ROOT>/external_datasets/functional_protocol_round4_widechem_boost/meta_gga_r2scan/cif/mp-1334.cif,train,-0.4231354866666663,-7.676915486653645,-0.3543935734786396,-0.3577739798409522,-0.7452409625242479,3,2
mp-2014,DyP,<PROJECT_ROOT>/external_datasets/functional_protocol_round4_widechem_boost/meta_gga_r2scan/cif/mp-2014.cif,train,-1.8563658714880944,-6.62086296081543,-1.730080961182786,-1.7248106026317025,-1.1207146133974015,2,2
mp-505263,VInO4,<PROJECT_ROOT>/external_datasets/functional_protocol_round4_widechem_boost/meta_gga_r2scan/cif/mp-505263.cif,train,-2.232044332916668,-6.715478261311849,-1.9823997402385969,-1.9859748619544757,-2.3957603952628825,24,3
mp-541129,NdVO3,<PROJECT_ROOT>/external_datasets/functional_protocol_round4_widechem_boost/meta_gga_r2scan/cif/mp-541129.cif,train,-3.24925455975,-8.188282775878907,-2.972293367101992,-2.967132198827005,-2.375551754260253,20,3
mp-980191,BaSrYb2,<PROJECT_ROOT>/external_datasets/functional_protocol_round4_widechem_boost/meta_gga_r2scan/cif/mp-980191.cif,train,0.4263520862499987,-1.5602754354476929,0.0241642156701393,0.0180142578485789,-0.6869026501654746,4,3
mp-573974,Tl10Hg3Cl16,<PROJECT_ROOT>/external_datasets/functional_protocol_round4_widechem_boost/meta_gga_r2scan/cif/mp-573974.cif,train,-0.9970220576724153,-2.7421319895777208,-1.0098499952294366,-1.0091428439573598,-0.9280881598976798,29,3
mp-567727,Pr2Co2I,<PROJECT_ROOT>/external_datasets/functional_protocol_round4_widechem_boost/meta_gga_r2scan/cif/mp-567727.cif,train,-0.5801997121666631,-5.614330291748047,-0.6306956856962156,-0.6300991483299434,-0.5617231873964107,10,3
mp-2402,NaSi,<PROJECT_ROOT>/external_datasets/functional_protocol_round4_widechem_boost/meta_gga_r2scan/cif/mp-2402.cif,train,-0.0693612681250002,-3.379575490951538,-0.0080279745250275,-0.0142230068873656,-0.7243064228429906,16,2
mp-1054,ErTl,<PROJECT_ROOT>/external_datasets/functional_protocol_round4_widechem_boost/meta_gga_r2scan/cif/mp-1054.cif,train,-0.4032595341666649,-3.772865056991577,-0.383178568292509,-0.3844169861669906,-0.5263662034193326,4,2
mp-1104116,La2H5,<PROJECT_ROOT>/external_datasets/functional_protocol_round4_widechem_boost/meta_gga_r2scan/cif/mp-1104116.cif,train,-0.7233855326785731,-4.429868425641741,-0.6103959247913249,-0.6097460682010585,-0.5352585820225504,14,2
mp-21069,YSiRu,<PROJECT_ROOT>/external_datasets/functional_protocol_round4_widechem_boost/meta_gga_r2scan/cif/mp-21069.cif,train,-0.867912450833335,-7.878484725952148,-0.8268467610613595,-0.8256869875517898,-0.692752099202949,12,3
mp-1227971,BaCdSn,<PROJECT_ROOT>/external_datasets/functional_protocol_round4_widechem_boost/meta_gga_r2scan/cif/mp-1227971.cif,train,-0.5892489016666644,-2.8136994043986,-0.5481648590336494,-0.5478918532487205,-0.51659954208867,6,3
mp-19458,BaV10O15,<PROJECT_ROOT>/external_datasets/functional_protocol_round4_widechem_boost/meta_gga_r2scan/cif/mp-19458.cif,train,-2.6747805906250006,-7.826881995567908,-2.011934861493816,-2.0137993166957022,-2.227505822362322,52,3
mp-1187,ThIr2,<PROJECT_ROOT>/external_datasets/functional_protocol_round4_widechem_boost/meta_gga_r2scan/cif/mp-1187.cif,train,-0.89023817333333,-9.198251724243164,-0.8355294704781908,-0.8343704978227473,-0.701527404513745,6,2
mp-1191532,Ho5(In2Ni)2,<PROJECT_ROOT>/external_datasets/functional_protocol_round4_widechem_boost/meta_gga_r2scan/cif/mp-1191532.cif,train,-0.614132201818181,-4.655344876376065,-0.6173111889984604,-0.6173181993012786,-0.6181217301760961,22,3
mp-567580,PaC,<PROJECT_ROOT>/external_datasets/functional_protocol_round4_widechem_boost/meta_gga_r2scan/cif/mp-567580.cif,train,-0.5916299299999963,-9.810962677001951,-0.4595668891764095,-0.4615226301697808,-0.6856924430255471,2,2
mp-866010,CaCdAu2,<PROJECT_ROOT>/external_datasets/functional_protocol_round4_widechem_boost/meta_gga_r2scan/cif/mp-866010.cif,train,-0.5997813425000018,-2.934688329696656,-0.6214546991940195,-0.6194041737613629,-0.3843700337350806,4,3
mp-1974803,H2O,<PROJECT_ROOT>/external_datasets/functional_protocol_round4_widechem_boost/meta_gga_r2scan/cif/mp-1974803.cif,train,-1.0494021612499995,-4.95832633972168,-1.2226690147781998,-1.2222515500986866,-1.174401155088488,12,2
mp-1220487,Nd2P7Rh12,<PROJECT_ROOT>/external_datasets/functional_protocol_round4_widechem_boost/meta_gga_r2scan/cif/mp-1220487.cif,train,-0.9830403452777784,-7.366369338262649,-0.9549407869115152,-0.9523544833187998,-0.6559086889463851,21,3
mp-864913,Na3UF8,<PROJECT_ROOT>/external_datasets/functional_protocol_round4_widechem_boost/meta_gga_r2scan/cif/mp-864913.cif,train,-3.461805859583334,-5.700998306274414,-3.534084459458897,-3.528587728983424,-2.898544667976448,12,3
mp-1189294,La3In4Ge,<PROJECT_ROOT>/external_datasets/functional_protocol_round4_widechem_boost/meta_gga_r2scan/cif/mp-1189294.cif,train,-0.7379104149999982,-4.396045207977295,-0.7049683169524097,-0.7059663866569936,-0.8203665550088555,16,3
mp-1216201,Y2CrSbO7,<PROJECT_ROOT>/external_datasets/functional_protocol_round4_widechem_boost/meta_gga_r2scan/cif/mp-1216201.cif,train,-2.9345802501136364,-7.971104708584872,-2.859989185729308,-2.8559190877730947,-2.389398674160975,22,4
mp-30477,LiCaSn,<PROJECT_ROOT>/external_datasets/functional_protocol_round4_widechem_boost/meta_gga_r2scan/cif/mp-30477.cif,train,-0.6436817155555556,-3.2003877427842884,-0.6197657350793624,-0.6196096440750072,-0.6017182712625432,9,3
mp-1022,K2S,<PROJECT_ROOT>/external_datasets/functional_protocol_round4_widechem_boost/meta_gga_r2scan/cif/mp-1022.cif,train,-1.247886656770833,-3.1721267700195312,-1.1672969942235087,-1.1657909672047344,-0.99316800941146,3,2
mp-1077837,LaScGe,<PROJECT_ROOT>/external_datasets/functional_protocol_round4_widechem_boost/meta_gga_r2scan/cif/mp-1077837.cif,train,-0.8337667250000015,-6.011432647705078,-0.7925872901342306,-0.7961224577264812,-1.2013283925872311,6,3
mp-776461,BaNb3NO7,<PROJECT_ROOT>/external_datasets/functional_protocol_round4_widechem_boost/meta_gga_r2scan/cif/mp-776461.cif,train,-2.6186802595833334,-8.676397323608398,-2.773759435504739,-2.769890623776152,-2.326441923714481,24,4
mp-1187073,Sr,<PROJECT_ROOT>/external_datasets/functional_protocol_round4_widechem_boost/meta_gga_r2scan/cif/mp-1187073.cif,train,0.0029346366666658,-1.674406369527181,-0.0279209757708953,-0.0374633089959699,-1.1312191082111902,3,1
mp-703492,Zr3Zn3C,<PROJECT_ROOT>/external_datasets/functional_protocol_round4_widechem_boost/meta_gga_r2scan/cif/mp-703492.cif,train,-0.5648648475000003,-6.005423954554966,-0.5330440824732445,-0.5320169550362026,-0.4142861480837615,28,3
mp-1103645,ThP2,<PROJECT_ROOT>/external_datasets/functional_protocol_round4_widechem_boost/meta_gga_r2scan/cif/mp-1103645.cif,train,-1.2194781436507895,-7.159731547037761,-1.1346137619514565,-1.1334783253234717,-1.00333296493675,12,2
mp-8896,Sr2B4Rh5,<PROJECT_ROOT>/external_datasets/functional_protocol_round4_widechem_boost/meta_gga_r2scan/cif/mp-8896.cif,train,-0.6246972381818161,-6.636926824396307,-0.580841092866307,-0.5816745086948494,-0.6772018157087156,11,3
mp-30550,AlAu2,<PROJECT_ROOT>/external_datasets/functional_protocol_round4_widechem_boost/meta_gga_r2scan/cif/mp-30550.cif,train,-0.3296978980000025,-3.740011596679688,-0.3432207011150265,-0.3435293237816257,-0.3789040925513907,30,2
mp-20517,BPd3,<PROJECT_ROOT>/external_datasets/functional_protocol_round4_widechem_boost/meta_gga_r2scan/cif/mp-20517.cif,train,-0.2632286293749999,-5.809905529022217,-0.2465133940147437,-0.2491183021305199,-0.5476965733819315,16,2
mp-554258,SiO2,<PROJECT_ROOT>/external_datasets/functional_protocol_round4_widechem_boost/meta_gga_r2scan/cif/mp-554258.cif,train,-3.02026245625,-7.900479634602864,-3.181795286208941,-3.176233655007821,-2.5387515805684187,48,2
mp-865355,Zn3Pt,<PROJECT_ROOT>/external_datasets/functional_protocol_round4_widechem_boost/meta_gga_r2scan/cif/mp-865355.cif,train,-0.4346352237499999,-2.85283637046814,-0.430732057983294,-0.4286844947226118,-0.1939898830588107,4,2
mp-2014940,Ta2SnO6,<PROJECT_ROOT>/external_datasets/functional_protocol_round4_widechem_boost/meta_gga_r2scan/cif/mp-2014940.cif,train,-2.745629157462964,-8.900494045681423,-2.921847843476089,-2.917579774888733,-2.428367686108979,18,3
mp-19923,GdAl2,<PROJECT_ROOT>/external_datasets/functional_protocol_round4_widechem_boost/meta_gga_r2scan/cif/mp-19923.cif,train,-0.5716702800000016,-7.7136656443278,-0.5351819890822798,-0.5375026150882833,-0.803496066796354,6,2
mp-29274,P2PdO6,<PROJECT_ROOT>/external_datasets/functional_protocol_round4_widechem_boost/meta_gga_r2scan/cif/mp-29274.cif,train,-1.8954707387169296,-6.770144992404514,-2.1153036874491,-2.118503946978912,-2.485322243632329,18,3
mp-21198,DyAgSn,<PROJECT_ROOT>/external_datasets/functional_protocol_round4_widechem_boost/meta_gga_r2scan/cif/mp-21198.cif,train,-0.6660641733333345,-4.40551249186198,-0.6186751997947537,-0.6172348100276865,-0.452135287331632,6,3
mp-556546,K2NiF4,<PROJECT_ROOT>/external_datasets/functional_protocol_round4_widechem_boost/meta_gga_r2scan/cif/mp-556546.cif,train,-2.714252599642857,-4.306690216064453,-2.3827641233457406,-2.382790931211943,-2.3858636869444525,7,3
mp-1185004,LaPmIr2,<PROJECT_ROOT>/external_datasets/functional_protocol_round4_widechem_boost/meta_gga_r2scan/cif/mp-1185004.cif,train,-0.6756676456249977,-7.425288200378418,-0.617950419183984,-0.6183591890517315,-0.6652129723829867,4,3
mp-1212892,Dy4CdIr,<PROJECT_ROOT>/external_datasets/functional_protocol_round4_widechem_boost/meta_gga_r2scan/cif/mp-1212892.cif,train,-0.598183524583329,-5.220716158548991,-0.6503164534909365,-0.6536526889010412,-1.0360567342515434,24,3
mp-1217357,Te8Ir3,<PROJECT_ROOT>/external_datasets/functional_protocol_round4_widechem_boost/meta_gga_r2scan/cif/mp-1217357.cif,train,-0.3041450845454598,-4.944080352783203,-0.3337289721121319,-0.3369430655759391,-0.7053470274106992,11,2
mp-1212162,Ho(Al5Fe)2,<PROJECT_ROOT>/external_datasets/functional_protocol_round4_widechem_boost/meta_gga_r2scan/cif/mp-1212162.cif,train,-0.3109286653846149,-4.885986328125,-0.3727164606276005,-0.3730472994531206,-0.4109685159406155,26,3
mp-973111,In,<PROJECT_ROOT>/external_datasets/functional_protocol_round4_widechem_boost/meta_gga_r2scan/cif/mp-973111.cif,train,0.0071469050000025,-2.7108349800109863,-0.0651880012883232,-0.0666655953994936,-0.2360295329051252,2,1
mp-566599,La(IO3)3,<PROJECT_ROOT>/external_datasets/functional_protocol_round4_widechem_boost/meta_gga_r2scan/cif/mp-566599.cif,train,-1.11943013471154,-5.160218850160256,-1.48816668689056,-1.4990916128827445,-2.751322160496405,78,3
mp-28376,CuAuF5,<PROJECT_ROOT>/external_datasets/functional_protocol_round4_widechem_boost/meta_gga_r2scan/cif/mp-28376.cif,train,-1.4269905371428584,-3.611950738089426,-1.5438094926623465,-1.5540750310229212,-2.7307256309450536,7,3
mp-17077,K2YF5,<PROJECT_ROOT>/external_datasets/functional_protocol_round4_widechem_boost/meta_gga_r2scan/cif/mp-17077.cif,train,-3.754418511875,-5.735655784606934,-3.786926900595288,-3.777616587909697,-2.7104553127596085,32,3
mp-980005,AcYbRh2,<PROJECT_ROOT>/external_datasets/functional_protocol_round4_widechem_boost/meta_gga_r2scan/cif/mp-980005.cif,train,-0.6750111106249932,-5.663332939147949,-0.6424509834272651,-0.640879748958997,-0.4607826206083708,4,3
mp-1184717,Ho2CuPt,<PROJECT_ROOT>/external_datasets/functional_protocol_round4_widechem_boost/meta_gga_r2scan/cif/mp-1184717.cif,train,-0.8458780349999984,-5.608036994934082,-0.8350331661823978,-0.8337562932503202,-0.6873993026294595,4,3
mp-1219237,Si4MoW,<PROJECT_ROOT>/external_datasets/functional_protocol_round4_widechem_boost/meta_gga_r2scan/cif/mp-1219237.cif,train,-0.3855213433333328,-8.004829406738281,-0.7421610291182521,-0.7384386480226217,-0.3117740352726849,6,3
mp-2896844,CuGeI3,<PROJECT_ROOT>/external_datasets/functional_protocol_round4_widechem_boost/meta_gga_r2scan/cif/mp-2896844.cif,train,-0.0430791344999988,-2.7263019561767576,-0.1614357644298296,-0.1661587598808465,-0.7075152124781593,5,3
mp-1198058,Ba6Y2Fe4O15,<PROJECT_ROOT>/external_datasets/functional_protocol_round4_widechem_boost/meta_gga_r2scan/cif/mp-1198058.cif,train,-2.6892277643055547,-6.920364945023148,-2.384856622777405,-2.3835662596951925,-2.235663008888851,54,4
mp-3187,BaCeO3,<PROJECT_ROOT>/external_datasets/functional_protocol_round4_widechem_boost/meta_gga_r2scan/cif/mp-3187.cif,train,-3.4252196142499995,-7.713075256347656,-3.6178493390282966,-3.61007785528336,-2.719299340842832,20,3
mp-2016,PrNi2,<PROJECT_ROOT>/external_datasets/functional_protocol_round4_widechem_boost/meta_gga_r2scan/cif/mp-2016.cif,train,-0.2203868655555538,-5.719732920328776,-0.374483658269205,-0.3748489239411343,-0.4167161945030851,6,2
mp-1013546,Ca3Sb2,<PROJECT_ROOT>/external_datasets/functional_protocol_round4_widechem_boost/meta_gga_r2scan/cif/mp-1013546.cif,train,-0.7524964520000026,-3.4511341094970702,-0.7010890994874557,-0.7011212820916999,-0.704810097938765,5,2
mp-567926,B4Rh5,<PROJECT_ROOT>/external_datasets/functional_protocol_round4_widechem_boost/meta_gga_r2scan/cif/mp-567926.cif,train,-0.4083490344444429,-7.410651312934028,-0.3746543952320911,-0.3763984897614367,-0.5763090840414992,18,2
mp-17133,Ba3(AlN2)2,<PROJECT_ROOT>/external_datasets/functional_protocol_round4_widechem_boost/meta_gga_r2scan/cif/mp-17133.cif,train,-1.087684484722227,-6.047091590033637,-1.008729378850373,-1.008572419519191,-0.990581517851979,36,3
mp-505771,K2NaH5(CO4)2,<PROJECT_ROOT>/external_datasets/functional_protocol_round4_widechem_boost/meta_gga_r2scan/cif/mp-505771.cif,train,-1.5261439665972223,-5.806705050998264,-1.7180143459822244,-1.7170403501452132,-1.6053995627198956,72,5
mp-865429,YbYRh2,<PROJECT_ROOT>/external_datasets/functional_protocol_round4_widechem_boost/meta_gga_r2scan/cif/mp-865429.cif,train,-0.9733468437500008,-6.436577320098877,-0.8287079138357942,-0.8267029448401528,-0.5968905483840917,4,3
mp-1212191,HfNiAs,<PROJECT_ROOT>/external_datasets/functional_protocol_round4_widechem_boost/meta_gga_r2scan/cif/mp-1212191.cif,train,-0.8505733066666655,-7.593767801920573,-0.8752213453579669,-0.8738315424340524,-0.7145303556121294,12,3
mp-1208034,U2NiC3,<PROJECT_ROOT>/external_datasets/functional_protocol_round4_widechem_boost/meta_gga_r2scan/cif/mp-1208034.cif,train,-0.2665053275000038,-9.498967488606771,-0.3027367954554218,-0.3054906938737174,-0.6211464453992339,24,3
mp-20849,Pd3Pb,<PROJECT_ROOT>/external_datasets/functional_protocol_round4_widechem_boost/meta_gga_r2scan/cif/mp-20849.cif,train,-0.3031103300000026,-5.106371879577637,-0.2840445284886046,-0.2843667003523036,-0.3212944973545074,4,2
mp-861735,AcMgTl2,<PROJECT_ROOT>/external_datasets/functional_protocol_round4_widechem_boost/meta_gga_r2scan/cif/mp-861735.cif,train,-0.3272601356250035,-2.868600368499756,-0.267360554593508,-0.2641308348780899,0.1060642301285701,4,3
mp-1078462,BaMg4Ge3,<PROJECT_ROOT>/external_datasets/functional_protocol_round4_widechem_boost/meta_gga_r2scan/cif/mp-1078462.cif,train,-0.4626567456250008,-3.170114278793335,-0.381542250921091,-0.3804501841326901,-0.2552759364152729,8,3
mp-777181,Ti2Nb(PO4)3,<PROJECT_ROOT>/external_datasets/functional_protocol_round4_widechem_boost/meta_gga_r2scan/cif/mp-777181.cif,train,-2.6285851737367727,-8.003718058268229,-2.779799042440767,-2.7780228883364915,-2.574437580002166,36,4
mp-4519,KPrO2,<PROJECT_ROOT>/external_datasets/functional_protocol_round4_widechem_boost/meta_gga_r2scan/cif/mp-4519.cif,train,-2.824295783229166,-6.521607398986816,-2.9216340572858157,-2.91468415556914,-2.1180765411320115,4,3
mp-1223749,InNi2Sn,<PROJECT_ROOT>/external_datasets/functional_protocol_round4_widechem_boost/meta_gga_r2scan/cif/mp-1223749.cif,train,-0.2069053908333344,-4.78416919708252,-0.269993907893113,-0.2690455842027992,-0.1603473747246269,12,3
mp-2767167,NbOF3,<PROJECT_ROOT>/external_datasets/functional_protocol_round4_widechem_boost/meta_gga_r2scan/cif/mp-2767167.cif,train,-3.0441127837500006,-7.016141510009765,-3.258396670625493,-3.257104348711475,-3.1089765738190533,20,3
mp-22876,CsI3,<PROJECT_ROOT>/external_datasets/functional_protocol_round4_widechem_boost/meta_gga_r2scan/cif/mp-22876.cif,train,-0.9515117650000028,-2.191962957382202,-0.98803386334267,-0.988356719490782,-1.025362950145549,16,2
mp-1213815,Ce3TiSb5,<PROJECT_ROOT>/external_datasets/functional_protocol_round4_widechem_boost/meta_gga_r2scan/cif/mp-1213815.cif,train,-1.086582012407408,-6.044542100694445,-1.0167000423016883,-1.0165913143696432,-1.0041287642358303,18,3
mp-769025,K2Mg2O3,<PROJECT_ROOT>/external_datasets/functional_protocol_round4_widechem_boost/meta_gga_r2scan/cif/mp-769025.cif,train,-2.1759238112499992,-4.853304181780134,-2.22818613546196,-2.2225157500416524,-1.5725681123982678,28,3
mp-22756,K2PbO3,<PROJECT_ROOT>/external_datasets/functional_protocol_round4_widechem_boost/meta_gga_r2scan/cif/mp-22756.cif,train,-1.3816220564583332,-4.699802716573079,-1.5619137382185668,-1.5644610788939497,-1.856440888292638,12,3
mp-20301,La2Pd2Pb,<PROJECT_ROOT>/external_datasets/functional_protocol_round4_widechem_boost/meta_gga_r2scan/cif/mp-20301.cif,train,-0.9149105630000008,-5.631317901611328,-0.9037652566010036,-0.9032018291922492,-0.838620978657027,10,3
mp-3346571,Na2Mg3Cl8,<PROJECT_ROOT>/external_datasets/functional_protocol_round4_widechem_boost/meta_gga_r2scan/cif/mp-3346571.cif,train,-2.0665418975641026,-3.5463065122946715,-1.993813005672219,-1.9877092393200144,-1.2880868631880205,39,3
mp-11263,Zr3Au,<PROJECT_ROOT>/external_datasets/functional_protocol_round4_widechem_boost/meta_gga_r2scan/cif/mp-11263.cif,train,-0.3877645937499991,-7.572116374969482,-0.4254452210066626,-0.4295177771869305,-0.8963199559333661,8,2
mp-996957,Mg(CrSe2)2,<PROJECT_ROOT>/external_datasets/functional_protocol_round4_widechem_boost/meta_gga_r2scan/cif/mp-996957.cif,train,-1.0261849180357143,-5.700574602399554,-0.999012155863479,-0.996875762618754,-0.751999331906395,14,3
mp-1217076,Ti2AlGe3,<PROJECT_ROOT>/external_datasets/functional_protocol_round4_widechem_boost/meta_gga_r2scan/cif/mp-1217076.cif,train,-0.4741299972222208,-6.030891418457031,-0.4576792625137447,-0.4605027232430752,-0.7841318057473153,6,3
mp-23968,NiH2SeO5,<PROJECT_ROOT>/external_datasets/functional_protocol_round4_widechem_boost/meta_gga_r2scan/cif/mp-23968.cif,train,-0.9729015447569446,-5.090184529622396,-0.9295403870141454,-0.9394511331267495,-2.0754349412315336,36,4
mp-674490,FeSbO4,<PROJECT_ROOT>/external_datasets/functional_protocol_round4_widechem_boost/meta_gga_r2scan/cif/mp-674490.cif,train,-1.630427487499998,-6.3812910715738935,-1.4075055965716237,-1.4148715975270187,-2.259173098214156,6,3
mp-1209976,Nd4CdPd,<PROJECT_ROOT>/external_datasets/functional_protocol_round4_widechem_boost/meta_gga_r2scan/cif/mp-1209976.cif,train,-0.4333046470833276,-4.591133117675781,-0.4722389693713582,-0.4753339770739062,-0.8300881596662233,24,3
mp-540550,NaH2ClO5,<PROJECT_ROOT>/external_datasets/functional_protocol_round4_widechem_boost/meta_gga_r2scan/cif/mp-540550.cif,train,-0.7615598679166674,-4.549322340223524,-1.0659290370802488,-1.075675366787321,-2.192813532763119,36,4
mp-31454,TaSbRu,<PROJECT_ROOT>/external_datasets/functional_protocol_round4_widechem_boost/meta_gga_r2scan/cif/mp-31454.cif,train,-0.460370547444441,-8.794179280598959,-0.3831495461287204,-0.3826508963925263,-0.3254949547709651,3,3
mp-12742,MgPd3,<PROJECT_ROOT>/external_datasets/functional_protocol_round4_widechem_boost/meta_gga_r2scan/cif/mp-12742.cif,train,-0.4662246225000039,-4.7721099853515625,-0.4724746522883869,-0.4713142697013115,-0.3383095680223925,8,2
mp-1187374,SrAcIn2,<PROJECT_ROOT>/external_datasets/functional_protocol_round4_widechem_boost/meta_gga_r2scan/cif/mp-1187374.cif,train,-0.5320637393749976,-3.240619659423828,-0.4988321645263345,-0.4994536606345949,-0.5706904280550947,4,3
mp-505001,Rb3ZnBr5,<PROJECT_ROOT>/external_datasets/functional_protocol_round4_widechem_boost/meta_gga_r2scan/cif/mp-505001.cif,train,-1.7167902976388882,-2.8784376780192056,-1.6876242577332516,-1.6840205023473098,-1.270952937072081,36,3
mp-7381,TbMg3,<PROJECT_ROOT>/external_datasets/functional_protocol_round4_widechem_boost/meta_gga_r2scan/cif/mp-7381.cif,train,-0.09274210375,-2.439696311950684,-0.0762468317206286,-0.0765981692438364,-0.116868975601225,4,2
mp-1000,BaTe,<PROJECT_ROOT>/external_datasets/functional_protocol_round4_widechem_boost/meta_gga_r2scan/cif/mp-1000.cif,train,-2.056576342500001,-4.322505950927734,-1.907826802065554,-1.9010814428740588,-1.1279187834415096,2,2
mp-4969,TbCoSi2,<PROJECT_ROOT>/external_datasets/functional_protocol_round4_widechem_boost/meta_gga_r2scan/cif/mp-4969.cif,train,-0.7688294074999984,-6.431258201599121,-0.7708516908257765,-0.769516655476016,-0.6164930058608514,8,3
mp-1087505,U(FeB3)2,<PROJECT_ROOT>/external_datasets/functional_protocol_round4_widechem_boost/meta_gga_r2scan/cif/mp-1087505.cif,train,-0.4454195844444434,-8.104790581597221,-0.5446918083222947,-0.5450599776957308,-0.5872600746521173,9,3
mp-557610,K2MnF4,<PROJECT_ROOT>/external_datasets/functional_protocol_round4_widechem_boost/meta_gga_r2scan/cif/mp-557610.cif,train,-2.984730694568966,-5.2015380859375,-2.8881640060336755,-2.883925124485317,-2.398058495606281,7,3
mp-1207905,Y2Ge2Ru,<PROJECT_ROOT>/external_datasets/functional_protocol_round4_widechem_boost/meta_gga_r2scan/cif/mp-1207905.cif,train,-0.8818134540000017,-7.103128051757812,-0.8398488541049112,-0.8385302604386586,-0.6873911799603603,10,3
mp-1184696,Ho5Mg,<PROJECT_ROOT>/external_datasets/functional_protocol_round4_widechem_boost/meta_gga_r2scan/cif/mp-1184696.cif,train,0.0244399200000013,-4.063172022501628,-0.0419494425436033,-0.0494840126075812,-0.9131071441509842,6,2
mp-1079701,UCoC2,<PROJECT_ROOT>/external_datasets/functional_protocol_round4_widechem_boost/meta_gga_r2scan/cif/mp-1079701.cif,train,-0.1768644212499985,-9.367382049560549,-0.2530479732183632,-0.2540184855682543,-0.3652599907502853,8,3
mp-568069,Ti2Bi,<PROJECT_ROOT>/external_datasets/functional_protocol_round4_widechem_boost/meta_gga_r2scan/cif/mp-568069.cif,train,-0.1737366227777812,-6.688707987467448,-0.1168071900002916,-0.1229066483706438,-0.8220352374974909,6,2
mp-1079004,CeTi2O6,<PROJECT_ROOT>/external_datasets/functional_protocol_round4_widechem_boost/meta_gga_r2scan/cif/mp-1079004.cif,train,-3.4552152828703715,-8.889196607801649,-3.6203231220558623,-3.613188545593116,-2.7954132492358568,9,3
mp-31109,Ho12InPt7,<PROJECT_ROOT>/external_datasets/functional_protocol_round4_widechem_boost/meta_gga_r2scan/cif/mp-31109.cif,train,-1.137261126750002,-6.029642868041992,-1.1170661710102625,-1.1162003913158245,-1.016963491985245,40,3
mp-571409,Cs2Li3Br5,<PROJECT_ROOT>/external_datasets/functional_protocol_round4_widechem_boost/meta_gga_r2scan/cif/mp-571409.cif,train,-1.865588468750002,-3.211632919311524,-1.831525410539026,-1.8261598705719289,-1.2111540521287942,10,3
mp-1215845,Yb2Ru,<PROJECT_ROOT>/external_datasets/functional_protocol_round4_widechem_boost/meta_gga_r2scan/cif/mp-1215845.cif,train,-0.3890733083333326,-4.0970713297526045,-0.0486712301057421,-0.0489691011283914,-0.0831115011846239,3,2
mp-1187738,VSnRu2,<PROJECT_ROOT>/external_datasets/functional_protocol_round4_widechem_boost/meta_gga_r2scan/cif/mp-1187738.cif,train,-0.2638076699999985,-8.119683265686035,-0.3548703979613687,-0.3536222179615444,-0.2105540520244826,4,3
mp-1229164,Cs(ThSe3)2,<PROJECT_ROOT>/external_datasets/functional_protocol_round4_widechem_boost/meta_gga_r2scan/cif/mp-1229164.cif,train,-1.6926377104861103,-5.547357347276476,-1.6591883836320256,-1.6569300708644334,-1.3980790511258565,9,3
mp-1102068,DyAsPd,<PROJECT_ROOT>/external_datasets/functional_protocol_round4_widechem_boost/meta_gga_r2scan/cif/mp-1102068.cif,train,-1.3148535991666677,-6.006024678548177,-1.2942078224079134,-1.2909400072043082,-0.9163783831850164,12,3
mp-1207999,Tm4(Al8Pt3)3,<PROJECT_ROOT>/external_datasets/functional_protocol_round4_widechem_boost/meta_gga_r2scan/cif/mp-1207999.cif,train,-0.9971951210810814,-5.2850143845016895,-0.9511551826949098,-0.9487245267784372,-0.6701192903203208,37,3
mp-1186452,Pm2CuAu,<PROJECT_ROOT>/external_datasets/functional_protocol_round4_widechem_boost/meta_gga_r2scan/cif/mp-1186452.cif,train,-0.5117872312500005,-4.684445858001709,-0.4886208867465047,-0.485731386649511,-0.1545327779467831,4,3
mp-974973,HfZrZn2,<PROJECT_ROOT>/external_datasets/functional_protocol_round4_widechem_boost/meta_gga_r2scan/cif/mp-974973.cif,train,-0.2773355062500009,-5.49252986907959,-0.2713434790936473,-0.2739920501891486,-0.5775750342464274,4,3
mp-1105535,Ba2P7Br,<PROJECT_ROOT>/external_datasets/functional_protocol_round4_widechem_boost/meta_gga_r2scan/cif/mp-1105535.cif,train,-0.8966689983333339,-5.112023544311524,-0.8495597516223068,-0.850681971126277,-0.9793123659675268,20,3
mp-1223503,K5As4,<PROJECT_ROOT>/external_datasets/functional_protocol_round4_widechem_boost/meta_gga_r2scan/cif/mp-1223503.cif,train,-0.5808430398611111,-3.121203316582574,-0.5142514862094663,-0.5155523978720806,-0.6646647419586271,9,2
mp-569834,LiCu2Sn,<PROJECT_ROOT>/external_datasets/functional_protocol_round4_widechem_boost/meta_gga_r2scan/cif/mp-569834.cif,train,-0.191201719166667,-3.713991641998291,-0.1722586873019329,-0.1706602044469498,0.0125601727243664,8,3
mp-7431,Sr(ZnSb)2,<PROJECT_ROOT>/external_datasets/functional_protocol_round4_widechem_boost/meta_gga_r2scan/cif/mp-7431.cif,train,-0.5874528699999985,-2.975337600708008,-0.5210036284359032,-0.5193858571959957,-0.3339546179260127,5,3
mp-571623,Al2BiSe4,<PROJECT_ROOT>/external_datasets/functional_protocol_round4_widechem_boost/meta_gga_r2scan/cif/mp-571623.cif,train,-0.872662828750001,-4.359285627092634,-0.8714790961393692,-0.8721280249742174,-0.9465091705127668,28,3
mp-1196233,EuAl3(PbO4)2,<PROJECT_ROOT>/external_datasets/functional_protocol_round4_widechem_boost/meta_gga_r2scan/cif/mp-1196233.cif,train,-2.714668142321429,-7.339776175362723,-2.796925901738782,-2.7911220333284747,-2.1258743856175144,56,4
mp-29612,RbEu2I5,<PROJECT_ROOT>/external_datasets/functional_protocol_round4_widechem_boost/meta_gga_r2scan/cif/mp-29612.cif,train,-1.8486089476562528,-5.235971450805664,-1.6957019528730282,-1.6918350988979878,-1.248610799331472,32,3
mp-1201296,Nd5Rh4,<PROJECT_ROOT>/external_datasets/functional_protocol_round4_widechem_boost/meta_gga_r2scan/cif/mp-1201296.cif,train,-0.6970767941666653,-6.564552730984158,-0.7306551849962792,-0.7318067715738534,-0.8638032621393064,36,2
mp-676306,Dy7(CuTe4)3,<PROJECT_ROOT>/external_datasets/functional_protocol_round4_widechem_boost/meta_gga_r2scan/cif/mp-676306.cif,train,-1.3360615115909076,-4.857576543634588,-1.2482732359736397,-1.2451420995896871,-0.8862467961762461,22,3
mp-23550,KBrF4,<PROJECT_ROOT>/external_datasets/functional_protocol_round4_widechem_boost/meta_gga_r2scan/cif/mp-23550.cif,train,-1.7257002752083337,-3.384530703226725,-2.0348966724076907,-2.0429769985628914,-2.9691554691045003,12,3
mp-558162,RbP(OF)2,<PROJECT_ROOT>/external_datasets/functional_protocol_round4_widechem_boost/meta_gga_r2scan/cif/mp-558162.cif,train,-2.693380989454365,-5.833314259847005,-2.875029935733332,-2.873274832344733,-2.6721023869659604,24,4
mp-973402,SbPd3,<PROJECT_ROOT>/external_datasets/functional_protocol_round4_widechem_boost/meta_gga_r2scan/cif/mp-973402.cif,train,-0.3699980975000017,-5.282726764678955,-0.3764777151467466,-0.3772672200760159,-0.4677613973934832,4,2
mp-773199,Cs6Co2O7,<PROJECT_ROOT>/external_datasets/functional_protocol_round4_widechem_boost/meta_gga_r2scan/cif/mp-773199.cif,train,-1.4431225597500013,-4.550495910644531,-1.2713247788621125,-1.2758089649989923,-1.789792754528184,30,3
mp-1219181,Sm2Si3Pd,<PROJECT_ROOT>/external_datasets/functional_protocol_round4_widechem_boost/meta_gga_r2scan/cif/mp-1219181.cif,train,-0.9256427474999996,-6.013661702473958,-0.864954560984442,-0.8655003694624437,-0.9280617131094684,6,3
mp-1202535,Ca(Al4Ni)2,<PROJECT_ROOT>/external_datasets/functional_protocol_round4_widechem_boost/meta_gga_r2scan/cif/mp-1202535.cif,train,-0.4090829079545454,-4.341453899036754,-0.4317879017145767,-0.4320266198648799,-0.4593888336042738,44,3
mp-18,Tb,<PROJECT_ROOT>/external_datasets/functional_protocol_round4_widechem_boost/meta_gga_r2scan/cif/mp-18.cif,train,0.0,-4.613103866577148,-0.0770875242676378,-0.0856203276338432,-1.063662379323374,2,1
mp-3881,BaZnF4,<PROJECT_ROOT>/external_datasets/functional_protocol_round4_widechem_boost/meta_gga_r2scan/cif/mp-3881.cif,train,-3.357338338333333,-4.876364390055339,-3.4192277104523408,-3.4137782560544414,-2.789154046264516,12,3
mp-1186207,Nb2ReRu,<PROJECT_ROOT>/external_datasets/functional_protocol_round4_widechem_boost/meta_gga_r2scan/cif/mp-1186207.cif,train,-0.2645274518750042,-10.691978454589844,-0.1414725199997821,-0.1422640896759963,-0.2329949312248752,4,3
mp-756235,Ba3SrI8,<PROJECT_ROOT>/external_datasets/functional_protocol_round4_widechem_boost/meta_gga_r2scan/cif/mp-756235.cif,train,-1.994416747916669,-3.4047559102376304,-1.9165278749414332,-1.9105154792196768,-1.221366134637106,12,3
mp-1205858,Hf2Ni7,<PROJECT_ROOT>/external_datasets/functional_protocol_round4_widechem_boost/meta_gga_r2scan/cif/mp-1205858.cif,train,-0.438121054444445,-7.166568332248264,-0.5446914940799061,-0.5431209581532253,-0.3631038976329475,9,2
mp-558059,LiMnF4,<PROJECT_ROOT>/external_datasets/functional_protocol_round4_widechem_boost/meta_gga_r2scan/cif/mp-558059.cif,train,-2.9861294418582376,-5.442999521891276,-2.796148650567258,-2.795288804300463,-2.696732002880045,12,3
mp-1186276,Nd3Ho,<PROJECT_ROOT>/external_datasets/functional_protocol_round4_widechem_boost/meta_gga_r2scan/cif/mp-1186276.cif,train,0.023210206875003,-4.69114351272583,-0.0765966367722912,-0.0857439534254869,-1.1342223916338732,8,2
mp-1218835,SnGeSe2,<PROJECT_ROOT>/external_datasets/functional_protocol_round4_widechem_boost/meta_gga_r2scan/cif/mp-1218835.cif,train,-0.3202725445312495,-4.217720985412598,-0.4112746628657131,-0.4156862419114695,-0.9213477034421428,8,3
mp-18316,Mg2Pd,<PROJECT_ROOT>/external_datasets/functional_protocol_round4_widechem_boost/meta_gga_r2scan/cif/mp-18316.cif,train,-0.522455997083334,-3.3321008682250977,-0.5104515389728137,-0.5063822529549924,-0.0399549048769014,24,2
mp-1184388,Gd2ZnGa,<PROJECT_ROOT>/external_datasets/functional_protocol_round4_widechem_boost/meta_gga_r2scan/cif/mp-1184388.cif,train,-0.5072281537500025,-8.60264778137207,-0.4912722575375241,-0.493791078476562,-0.7825019151539636,4,3
mp-753405,LiCuF3,<PROJECT_ROOT>/external_datasets/functional_protocol_round4_widechem_boost/meta_gga_r2scan/cif/mp-753405.cif,train,-2.3326698853333334,-4.380666351318359,-2.338419903069871,-2.3384539498507566,-2.342356440274113,20,3
mp-4555,Ca(AsO3)2,<PROJECT_ROOT>/external_datasets/functional_protocol_round4_widechem_boost/meta_gga_r2scan/cif/mp-4555.cif,train,-1.9580138908333329,-6.311880323621962,-2.2102141570860177,-2.2130023582396685,-2.53258993805375,9,3
mp-7214,Sr3CrN4,<PROJECT_ROOT>/external_datasets/functional_protocol_round4_widechem_boost/meta_gga_r2scan/cif/mp-7214.cif,train,-1.08460575703125,-6.9175004959106445,-1.1057314583142386,-1.1036299782788292,-0.8627553492487043,64,3
mp-1226825,Cs3Sm7Te12,<PROJECT_ROOT>/external_datasets/functional_protocol_round4_widechem_boost/meta_gga_r2scan/cif/mp-1226825.cif,train,-1.697396514772725,-4.761031410910866,-1.5498584645838198,-1.544759536236595,-0.96031312066762,44,3
mp-1207033,Yb2NiGe6,<PROJECT_ROOT>/external_datasets/functional_protocol_round4_widechem_boost/meta_gga_r2scan/cif/mp-1207033.cif,train,-0.5074866377777786,-4.439410739474827,-0.3941943336885849,-0.3938569374777607,-0.3551841041691698,9,3
mp-559053,NaY(SeO3)2,<PROJECT_ROOT>/external_datasets/functional_protocol_round4_widechem_boost/meta_gga_r2scan/cif/mp-559053.cif,train,-1.9278830313125013,-6.20361557006836,-2.194185035788517,-2.19699420017481,-2.518984615514806,40,4
mp-567318,TlSbSe2,<PROJECT_ROOT>/external_datasets/functional_protocol_round4_widechem_boost/meta_gga_r2scan/cif/mp-567318.cif,train,-0.388810932031248,-3.6977715492248535,-0.4596185071682015,-0.4617916302081966,-0.7108780822673006,16,3
mp-568156,Y4CdRu,<PROJECT_ROOT>/external_datasets/functional_protocol_round4_widechem_boost/meta_gga_r2scan/cif/mp-568156.cif,train,-0.3317786550000008,-6.334917704264323,-0.3855067107250427,-0.3891649884326655,-0.8084819797257063,24,3
mp-1206841,Er6CoBi2,<PROJECT_ROOT>/external_datasets/functional_protocol_round4_widechem_boost/meta_gga_r2scan/cif/mp-1206841.cif,train,-0.5165802944444395,-5.152295854356554,-0.5491981461263018,-0.5522958043281188,-0.907353790912396,9,3
mp-21943,Ba(InS2)2,<PROJECT_ROOT>/external_datasets/functional_protocol_round4_widechem_boost/meta_gga_r2scan/cif/mp-21943.cif,train,-1.295369553928572,-4.498785563877651,-1.2563196555108838,-1.2564473519943045,-1.2710841044516423,56,3
mp-1196108,Ba3Ga3P5,<PROJECT_ROOT>/external_datasets/functional_protocol_round4_widechem_boost/meta_gga_r2scan/cif/mp-1196108.cif,train,-0.9002949949891775,-4.5778281471946025,-0.8146653479528259,-0.8145678800157032,-0.8033959665057153,66,3
mp-3975,K2TaF7,<PROJECT_ROOT>/external_datasets/functional_protocol_round4_widechem_boost/meta_gga_r2scan/cif/mp-3975.cif,train,-3.431177852233334,-5.924455261230468,-3.5301247450378925,-3.5244889846113283,-2.878510112971415,40,3
mp-1043887,CaLaFeBiO6,<PROJECT_ROOT>/external_datasets/functional_protocol_round4_widechem_boost/meta_gga_r2scan/cif/mp-1043887.cif,train,-2.35505680025,-6.753224182128906,-2.25313114621885,-2.253011544749355,-2.2393026542954253,20,5
mp-1210653,Lu4CdIr,<PROJECT_ROOT>/external_datasets/functional_protocol_round4_widechem_boost/meta_gga_r2scan/cif/mp-1210653.cif,train,-0.6220115811111052,-5.193556467692058,-0.64669756891759,-0.6497819108951148,-1.00331357292455,24,3
mp-1186689,Pr2MgAl,<PROJECT_ROOT>/external_datasets/functional_protocol_round4_widechem_boost/meta_gga_r2scan/cif/mp-1186689.cif,train,-0.2658902595833332,-3.971841812133789,-0.2872039196070441,-0.2899850590324533,-0.608763213517753,4,3
mp-1232221,PmSe2,<PROJECT_ROOT>/external_datasets/functional_protocol_round4_widechem_boost/meta_gga_r2scan/cif/mp-1232221.cif,train,-1.8832167260416668,-5.532105127970378,-1.7924074925355082,-1.786555803386773,-1.1158268746569098,12,2
mp-1186795,PuPbAu2,<PROJECT_ROOT>/external_datasets/functional_protocol_round4_widechem_boost/meta_gga_r2scan/cif/mp-1186795.cif,train,-0.5002387996874944,-6.460367679595947,-0.5051384581714409,-0.5052354561200838,-0.5163534988827153,4,3
mp-775776,Li2VF4,<PROJECT_ROOT>/external_datasets/functional_protocol_round4_widechem_boost/meta_gga_r2scan/cif/mp-775776.cif,train,-3.0905350747619047,-5.485286167689732,-2.951868648350892,-2.947567565781262,-2.45457136742085,28,3
mp-1195744,BaEr2Si3O10,<PROJECT_ROOT>/external_datasets/functional_protocol_round4_widechem_boost/meta_gga_r2scan/cif/mp-1195744.cif,train,-3.471754231510417,-7.981587409973144,-3.580550036896909,-3.571654117384063,-2.551991176777729,32,4
mp-2412,LiP5,<PROJECT_ROOT>/external_datasets/functional_protocol_round4_widechem_boost/meta_gga_r2scan/cif/mp-2412.cif,train,-0.2390524727579356,-5.014536539713542,-0.2349647037222793,-0.2391646877568103,-0.720572828303604,24,2
mp-2858,ZrO2,<PROJECT_ROOT>/external_datasets/functional_protocol_round4_widechem_boost/meta_gga_r2scan/cif/mp-2858.cif,train,-3.779480040833332,-9.4927609761556,-3.791481937244507,-3.7813969669433463,-2.625443334677975,12,2
mp-865494,V2CrRu,<PROJECT_ROOT>/external_datasets/functional_protocol_round4_widechem_boost/meta_gga_r2scan/cif/mp-865494.cif,train,-0.2233640912499979,-9.5232515335083,-0.7017798736817262,-0.6976607841447349,-0.2255248858997003,4,3
mp-1207432,Zr6Zn23Ge,<PROJECT_ROOT>/external_datasets/functional_protocol_round4_widechem_boost/meta_gga_r2scan/cif/mp-1207432.cif,train,-0.3281603501666666,-3.1094540913899738,-0.3085180633617206,-0.3075387160875307,-0.1952845393239073,30,3
mp-756440,Er2Pt2O7,<PROJECT_ROOT>/external_datasets/functional_protocol_round4_widechem_boost/meta_gga_r2scan/cif/mp-756440.cif,train,-2.29149562162879,-7.112043207341975,-2.475425004852977,-2.476520730926836,-2.6021144111477663,22,3
mp-583,CoAs,<PROJECT_ROOT>/external_datasets/functional_protocol_round4_widechem_boost/meta_gga_r2scan/cif/mp-583.cif,train,-0.2135441737500016,-6.172601699829102,-0.3521332379701096,-0.3511636308745665,-0.2400258872318766,8,2
mp-1196161,AgAuF7,<PROJECT_ROOT>/external_datasets/functional_protocol_round4_widechem_boost/meta_gga_r2scan/cif/mp-1196161.cif,train,-1.08911063388889,-3.093255148993598,-1.309285842488936,-1.3237991582475743,-2.9873360419872834,36,3
mp-541629,BaGaF5,<PROJECT_ROOT>/external_datasets/functional_protocol_round4_widechem_boost/meta_gga_r2scan/cif/mp-541629.cif,train,-3.4731718949999992,-5.251820155552456,-3.546764180576316,-3.5419708857326127,-2.9925566168117723,28,3
mp-1287,KS,<PROJECT_ROOT>/external_datasets/functional_protocol_round4_widechem_boost/meta_gga_r2scan/cif/mp-1287.cif,train,-1.099480114947916,-3.5496851603190103,-1.071965858429479,-1.072937667133214,-1.184327762235255,12,2
mp-541090,Ce(SeO3)2,<PROJECT_ROOT>/external_datasets/functional_protocol_round4_widechem_boost/meta_gga_r2scan/cif/mp-541090.cif,train,-1.8043776150694428,-6.399749755859375,-2.1604552829274386,-2.1661431703448484,-2.818096911776643,36,3
mp-3163,BaSnO3,<PROJECT_ROOT>/external_datasets/functional_protocol_round4_widechem_boost/meta_gga_r2scan/cif/mp-3163.cif,train,-2.4377619162499995,-6.320282745361328,-2.547689507289245,-2.546075796344321,-2.3611099538572056,5,3
mp-864789,Yb2SnHg,<PROJECT_ROOT>/external_datasets/functional_protocol_round4_widechem_boost/meta_gga_r2scan/cif/mp-864789.cif,train,-0.5598039168749978,-2.5210835933685303,-0.7054786840047149,-0.699803630358387,-0.0493209140123186,4,3
mp-5512,Sr4Al14O25,<PROJECT_ROOT>/external_datasets/functional_protocol_round4_widechem_boost/meta_gga_r2scan/cif/mp-5512.cif,train,-3.366696431831396,-7.30928216978561,-3.428562973402618,-3.4182666815395253,-2.238091071440724,86,3
mp-1212478,H3O2,<PROJECT_ROOT>/external_datasets/functional_protocol_round4_widechem_boost/meta_gga_r2scan/cif/mp-1212478.cif,train,-0.8399727097499998,-4.842244720458984,-1.047513000523117,-1.050530658918155,-1.3964189539309433,20,2
mp-977218,Li2Mg,<PROJECT_ROOT>/external_datasets/functional_protocol_round4_widechem_boost/meta_gga_r2scan/cif/mp-977218.cif,train,-0.0169938027777778,-1.8259684244791667,-0.0758228385210795,-0.0781440974455298,-0.3442100951628668,6,2
mp-1187814,YbCeMg2,<PROJECT_ROOT>/external_datasets/functional_protocol_round4_widechem_boost/meta_gga_r2scan/cif/mp-1187814.cif,train,-0.0278565587500025,-2.618234157562256,-0.0206192577880846,-0.0241860016091761,-0.4330112487085952,4,3
mp-971831,Tm3Th,<PROJECT_ROOT>/external_datasets/functional_protocol_round4_widechem_boost/meta_gga_r2scan/cif/mp-971831.cif,train,0.0413528124999942,-5.166223526000977,-0.0597602191386457,-0.0702084675538872,-1.2678015536745186,4,2
mp-1194376,Ba(SmS2)2,<PROJECT_ROOT>/external_datasets/functional_protocol_round4_widechem_boost/meta_gga_r2scan/cif/mp-1194376.cif,train,-2.416485665535713,-6.095926557268415,-2.295636296072951,-2.2893668623714074,-1.570755459151549,28,3
mp-872,BaSn,<PROJECT_ROOT>/external_datasets/functional_protocol_round4_widechem_boost/meta_gga_r2scan/cif/mp-872.cif,train,-0.7955210675000011,-3.663195133209229,-0.7213139503300545,-0.7220888259356126,-0.8109061693734544,4,2
mp-1192829,Cs3Y2Cl9,<PROJECT_ROOT>/external_datasets/functional_protocol_round4_widechem_boost/meta_gga_r2scan/cif/mp-1192829.cif,train,-2.47087584875,-4.507555280412946,-2.4011285499264123,-2.39417043558712,-1.5966214786714623,28,3
mp-1068157,Sr2CdPt2,<PROJECT_ROOT>/external_datasets/functional_protocol_round4_widechem_boost/meta_gga_r2scan/cif/mp-1068157.cif,train,-0.7966641320000007,-4.027118682861328,-0.8068415813826597,-0.8068535941536732,-0.8082305150449152,5,3
mp-636334,SnRh2,<PROJECT_ROOT>/external_datasets/functional_protocol_round4_widechem_boost/meta_gga_r2scan/cif/mp-636334.cif,train,-0.3677866541666645,-6.604230244954427,-0.3768719067296615,-0.37730290248372,-0.426704248497919,12,2
mp-30006,Co(NO3)2,<PROJECT_ROOT>/external_datasets/functional_protocol_round4_widechem_boost/meta_gga_r2scan/cif/mp-30006.cif,train,-0.4751214086111114,-6.198918236626519,-0.7237724997628492,-0.7386473102665683,-2.4436192355724984,36,3
mp-22642,Zr2Se,<PROJECT_ROOT>/external_datasets/functional_protocol_round4_widechem_boost/meta_gga_r2scan/cif/mp-22642.cif,train,-1.062496986909723,-7.793919881184895,-1.073441382247454,-1.0747170660212824,-1.2209377536320956,36,2
mp-1187401,ThAgHg2,<PROJECT_ROOT>/external_datasets/functional_protocol_round4_widechem_boost/meta_gga_r2scan/cif/mp-1187401.cif,train,-0.2362405575000039,-2.9110121726989746,-0.192757720052155,-0.1924987896397354,-0.1628198176846655,4,3
mp-570042,PrAlPt,<PROJECT_ROOT>/external_datasets/functional_protocol_round4_widechem_boost/meta_gga_r2scan/cif/mp-570042.cif,train,-1.1195255855555502,-5.895523071289063,-1.109177179550645,-1.106753507576693,-0.8289487805379847,12,3
mp-1079440,NiAsPd,<PROJECT_ROOT>/external_datasets/functional_protocol_round4_widechem_boost/meta_gga_r2scan/cif/mp-1079440.cif,train,-0.3046427730555573,-5.5194142659505205,-0.3853779341048007,-0.3859027740111536,-0.4460606701657803,9,3
mp-3346850,Ca2Mg(CO3)3,<PROJECT_ROOT>/external_datasets/functional_protocol_round4_widechem_boost/meta_gga_r2scan/cif/mp-3346850.cif,train,-2.3400786145833337,-7.371183268229166,-2.5737493029516427,-2.569732659776204,-2.1093393091258594,30,4
mp-1177695,Li3CuS2,<PROJECT_ROOT>/external_datasets/functional_protocol_round4_widechem_boost/meta_gga_r2scan/cif/mp-1177695.cif,train,-1.1924130034375,-4.058991114298503,-1.1659013281880148,-1.162903800085271,-0.8193228677939252,12,3
mp-1186746,PrBi3,<PROJECT_ROOT>/external_datasets/functional_protocol_round4_widechem_boost/meta_gga_r2scan/cif/mp-1186746.cif,train,-0.4882121366666681,-4.560367584228516,-0.4402886472786109,-0.4368098409100946,-0.0380641096332899,4,2
mp-1095435,Ho2(NiB2)3,<PROJECT_ROOT>/external_datasets/functional_protocol_round4_widechem_boost/meta_gga_r2scan/cif/mp-1095435.cif,train,-0.6244657495454543,-6.627933155406605,-0.6113406168266033,-0.6110621931772808,-0.5791488786969894,11,3
mp-12315,DyBO3,<PROJECT_ROOT>/external_datasets/functional_protocol_round4_widechem_boost/meta_gga_r2scan/cif/mp-12315.cif,train,-3.387189452250001,-8.333168029785156,-3.5170306342200224,-3.5079272713137177,-2.464486874056214,20,3
mp-1204958,CsMnN9,<PROJECT_ROOT>/external_datasets/functional_protocol_round4_widechem_boost/meta_gga_r2scan/cif/mp-1204958.cif,train,0.0345156297061131,-7.547964616255327,-0.0780865626924134,-0.0846596239685864,-0.83807325141451,44,3
mp-32780,AuCl,<PROJECT_ROOT>/external_datasets/functional_protocol_round4_widechem_boost/meta_gga_r2scan/cif/mp-32780.cif,train,-0.264202023750002,-2.7560272216796875,-0.3401777059600706,-0.3473376880942522,-1.168025018626786,8,2
mp-1094034,Ti3C2,<PROJECT_ROOT>/external_datasets/functional_protocol_round4_widechem_boost/meta_gga_r2scan/cif/mp-1094034.cif,train,-0.7959923700000004,-9.104730224609376,-0.6840771209592287,-0.6846212748110965,-0.7469929628558756,10,2
mp-865514,YSnAu2,<PROJECT_ROOT>/external_datasets/functional_protocol_round4_widechem_boost/meta_gga_r2scan/cif/mp-865514.cif,train,-0.7107360975000034,-4.936954021453857,-0.7099968350574439,-0.7083945541407379,-0.5247388377359763,4,3
mp-1101099,Ti2S3,<PROJECT_ROOT>/external_datasets/functional_protocol_round4_widechem_boost/meta_gga_r2scan/cif/mp-1101099.cif,train,-1.589770398354166,-7.042399597167969,-1.5475781008749283,-1.5481114228917257,-1.6092415506028075,10,2
mp-3061,TbNiC2,<PROJECT_ROOT>/external_datasets/functional_protocol_round4_widechem_boost/meta_gga_r2scan/cif/mp-3061.cif,train,-0.4467699599999992,-7.543610095977783,-0.3846801096060517,-0.3829279501329719,-0.1820929405367886,4,3
mp-1094397,Y3Mg,<PROJECT_ROOT>/external_datasets/functional_protocol_round4_widechem_boost/meta_gga_r2scan/cif/mp-1094397.cif,train,0.0105225349999962,-5.247407913208008,-0.0546024587386471,-0.061639664827978,-0.8682542305664934,8,2
mp-20210,Ag2PbO2,<PROJECT_ROOT>/external_datasets/functional_protocol_round4_widechem_boost/meta_gga_r2scan/cif/mp-20210.cif,train,-0.646631895500002,-4.387234878540039,-0.7546806602747798,-0.7581523363258071,-1.1560807804747637,10,3
mp-1191113,AsH3OF6,<PROJECT_ROOT>/external_datasets/functional_protocol_round4_widechem_boost/meta_gga_r2scan/cif/mp-1191113.cif,train,-1.8674298302272725,-4.561076771129262,-2.0426789009637285,-2.0465596060686195,-2.4913715418309565,22,4
mp-1223918,Ho2InAg,<PROJECT_ROOT>/external_datasets/functional_protocol_round4_widechem_boost/meta_gga_r2scan/cif/mp-1223918.cif,train,-0.4823067887499981,-4.082252025604248,-0.449540292658551,-0.450270768023266,-0.5339988927381671,4,3
mp-542085,Sr2GeO4,<PROJECT_ROOT>/external_datasets/functional_protocol_round4_widechem_boost/meta_gga_r2scan/cif/mp-542085.cif,train,-2.744653749285716,-6.483626774379185,-2.87758649349024,-2.8728649138373603,-2.3316707420370992,28,3
mp-1241,BaAg2,<PROJECT_ROOT>/external_datasets/functional_protocol_round4_widechem_boost/meta_gga_r2scan/cif/mp-1241.cif,train,-0.2594228100000038,-2.821833928426107,-0.2883819871839752,-0.2877684628834229,-0.2174454353944853,6,2
mp-571107,Er4InRh,<PROJECT_ROOT>/external_datasets/functional_protocol_round4_widechem_boost/meta_gga_r2scan/cif/mp-571107.cif,train,-0.6465851176388876,-5.295750300089519,-0.6957758082681922,-0.6995361099728745,-1.1305472368405014,24,3
mp-867804,ScPaRu2,<PROJECT_ROOT>/external_datasets/functional_protocol_round4_widechem_boost/meta_gga_r2scan/cif/mp-867804.cif,train,-0.5498898012499964,-9.125368118286133,-0.5543825557796325,-0.5561790905158723,-0.7621004558564588,4,3
mp-1025304,Zr(TiGa2)2,<PROJECT_ROOT>/external_datasets/functional_protocol_round4_widechem_boost/meta_gga_r2scan/cif/mp-1025304.cif,train,-0.5826366269047624,-5.722553253173828,-0.5342324805667635,-0.5359407515094654,-0.7317451953633725,7,3
mp-1222823,LaGaSi,<PROJECT_ROOT>/external_datasets/functional_protocol_round4_widechem_boost/meta_gga_r2scan/cif/mp-1222823.cif,train,-0.8143762083333334,-5.18916384379069,-0.758744635942814,-0.7604140257607694,-0.9517618598259944,6,3
mp-33444,Sr5(BiO4)3,<PROJECT_ROOT>/external_datasets/functional_protocol_round4_widechem_boost/meta_gga_r2scan/cif/mp-33444.cif,train,-2.1508666370000014,-5.935881805419922,-2.338805909343471,-2.338241517450819,-2.273550116400375,20,3
mp-562100,NbS3,<PROJECT_ROOT>/external_datasets/functional_protocol_round4_widechem_boost/meta_gga_r2scan/cif/mp-562100.cif,train,-0.8852446658593749,-6.37791109085083,-0.9042008293573645,-0.909096339403562,-1.4702266601384406,16,2
mp-1103989,Nd(Mo3S4)2,<PROJECT_ROOT>/external_datasets/functional_protocol_round4_widechem_boost/meta_gga_r2scan/cif/mp-1103989.cif,train,-1.0650048199999995,-7.768467712402344,-1.1481612787501536,-1.1440043686335386,-0.6675334217882731,15,3
mp-505235,CoP2PbO7,<PROJECT_ROOT>/external_datasets/functional_protocol_round4_widechem_boost/meta_gga_r2scan/cif/mp-505235.cif,train,-2.050169276336582,-6.842608365145597,-2.127818965844404,-2.1288572100435195,-2.247862236067723,44,4
mp-1218177,Ta3Os2,<PROJECT_ROOT>/external_datasets/functional_protocol_round4_widechem_boost/meta_gga_r2scan/cif/mp-1218177.cif,train,-0.3706144160666705,-11.918629964192707,-0.3111587446648869,-0.309959280370923,-0.1724749778921262,30,2
mp-22956,K2PdCl4,<PROJECT_ROOT>/external_datasets/functional_protocol_round4_widechem_boost/meta_gga_r2scan/cif/mp-22956.cif,train,-1.5471529710714285,-3.4809799194335938,-1.5242655124475442,-1.523176122432071,-1.3983086902302846,7,3
mp-1221429,MoPd3,<PROJECT_ROOT>/external_datasets/functional_protocol_round4_widechem_boost/meta_gga_r2scan/cif/mp-1221429.cif,train,-0.0262042750000048,-6.648865222930908,-0.1140463009024879,-0.1145477331598172,-0.1720226113084669,4,2
mp-28703,RbAg5S3,<PROJECT_ROOT>/external_datasets/functional_protocol_round4_widechem_boost/meta_gga_r2scan/cif/mp-28703.cif,train,-0.395058395891203,-3.363262882939092,-0.3606201456146869,-0.3615615503795544,-0.4694667027873432,54,3
mp-861672,Ti2FeIr,<PROJECT_ROOT>/external_datasets/functional_protocol_round4_widechem_boost/meta_gga_r2scan/cif/mp-861672.cif,train,-0.6743124758333359,-8.931132316589355,-0.6468544459743626,-0.6471395479278552,-0.6798183391247575,4,3
mp-5820,Ce(CoP)2,<PROJECT_ROOT>/external_datasets/functional_protocol_round4_widechem_boost/meta_gga_r2scan/cif/mp-5820.cif,train,-1.0191909451904764,-7.1925811767578125,-1.0678882844823503,-1.0638377421788112,-0.5995588252753485,5,3
mp-1094503,Mg2Zn,<PROJECT_ROOT>/external_datasets/functional_protocol_round4_widechem_boost/meta_gga_r2scan/cif/mp-1094503.cif,train,-0.0304698416666677,-1.529617468516032,-0.0211515038061793,-0.0196791305585986,0.1490863841381391,6,2
mp-1028398,Mg14CoW,<PROJECT_ROOT>/external_datasets/functional_protocol_round4_widechem_boost/meta_gga_r2scan/cif/mp-1028398.cif,train,0.216608681874999,-2.460022687911988,0.1044629045009566,0.1055097181454005,0.2254969861735376,16,3
mp-1217615,TbAgSn2,<PROJECT_ROOT>/external_datasets/functional_protocol_round4_widechem_boost/meta_gga_r2scan/cif/mp-1217615.cif,train,-0.4595709562500012,-4.320357322692871,-0.4321875015466485,-0.4309311410366909,-0.2869253133993013,4,3
mp-2034494,MnF3,<PROJECT_ROOT>/external_datasets/functional_protocol_round4_widechem_boost/meta_gga_r2scan/cif/mp-2034494.cif,train,-2.84332078299569,-5.677894592285156,-2.513735773973825,-2.5173297518336604,-2.9292766031666906,16,2
mp-505679,HfV2O7,<PROJECT_ROOT>/external_datasets/functional_protocol_round4_widechem_boost/meta_gga_r2scan/cif/mp-505679.cif,train,-2.9150507248750004,-8.328250122070312,-2.6163296890636403,-2.616365946242356,-2.620521795608003,40,3
mp-1186496,Pm3Al,<PROJECT_ROOT>/external_datasets/functional_protocol_round4_widechem_boost/meta_gga_r2scan/cif/mp-1186496.cif,train,-0.2386615956250004,-4.681039333343506,-0.224966483592123,-0.2264820762458521,-0.400201460715729,8,2
mp-33857,CrSbO4,<PROJECT_ROOT>/external_datasets/functional_protocol_round4_widechem_boost/meta_gga_r2scan/cif/mp-33857.cif,train,-1.9743529479166664,-6.89027722676595,-1.8088728824837463,-1.812906996799927,-2.2753029144379946,24,3
mp-1188689,Nd(YS2)3,<PROJECT_ROOT>/external_datasets/functional_protocol_round4_widechem_boost/meta_gga_r2scan/cif/mp-1188689.cif,train,-2.4001071289375004,-6.981513977050781,-2.2651327026778505,-2.2588199156697986,-1.5352392948287443,20,3
mp-23334,Bi2TeO5,<PROJECT_ROOT>/external_datasets/functional_protocol_round4_widechem_boost/meta_gga_r2scan/cif/mp-23334.cif,train,-1.3084182117187524,-5.659664630889893,-1.596856394075866,-1.6016632656450511,-2.1526337181400303,32,3
mp-567842,TaBe12,<PROJECT_ROOT>/external_datasets/functional_protocol_round4_widechem_boost/meta_gga_r2scan/cif/mp-567842.cif,train,-0.1496911974871798,-4.504125448373648,-0.1231969763075664,-0.1262518148137905,-0.4764017470202116,13,2
mp-867319,Al2CoIr,<PROJECT_ROOT>/external_datasets/functional_protocol_round4_widechem_boost/meta_gga_r2scan/cif/mp-867319.cif,train,-0.8351205575000016,-6.6438398361206055,-0.7872634093966413,-0.7826498008900291,-0.2538314353618276,4,3
mp-1029262,VZn2N3,<PROJECT_ROOT>/external_datasets/functional_protocol_round4_widechem_boost/meta_gga_r2scan/cif/mp-1029262.cif,train,-0.5968391943750007,-6.500017801920573,-0.6218235284687426,-0.6211678604332533,-0.5460142581363314,12,3
mp-4829,Na2ThF6,<PROJECT_ROOT>/external_datasets/functional_protocol_round4_widechem_boost/meta_gga_r2scan/cif/mp-4829.cif,train,-3.8298105211111104,-5.91669930352105,-3.8811886031647616,-3.8724674852833134,-2.872840556157511,9,3
mp-1209833,NdCdAu,<PROJECT_ROOT>/external_datasets/functional_protocol_round4_widechem_boost/meta_gga_r2scan/cif/mp-1209833.cif,train,-0.7246335091666651,-3.622930738661024,-0.6896152865853038,-0.6876453810833789,-0.461852012123723,9,3
mp-562403,CsAsOF4,<PROJECT_ROOT>/external_datasets/functional_protocol_round4_widechem_boost/meta_gga_r2scan/cif/mp-562403.cif,train,-2.423188624464284,-4.799971444266183,-2.6102790228904342,-2.612556265086833,-2.87357700286395,28,4
mp-570149,Ca14MnBi11,<PROJECT_ROOT>/external_datasets/functional_protocol_round4_widechem_boost/meta_gga_r2scan/cif/mp-570149.cif,train,-0.9956712189224172,-3.887226691612831,-0.8926353943033578,-0.888330822090059,-0.3949346358122819,104,3
mp-867356,TcRu3,<PROJECT_ROOT>/external_datasets/functional_protocol_round4_widechem_boost/meta_gga_r2scan/cif/mp-867356.cif,train,-0.0714040150000023,-9.59690761566162,-0.0302571245153178,-0.0294347218782151,0.064830237477389,8,2
mp-1105571,UReC2,<PROJECT_ROOT>/external_datasets/functional_protocol_round4_widechem_boost/meta_gga_r2scan/cif/mp-1105571.cif,train,-0.2700421456250055,-10.724248886108398,-0.2556104975472681,-0.2564326748032952,-0.3506718006608579,16,3
mp-35264,Pr5AgSe8,<PROJECT_ROOT>/external_datasets/functional_protocol_round4_widechem_boost/meta_gga_r2scan/cif/mp-35264.cif,train,-1.962613129702378,-5.58958980015346,-1.8463682757630853,-1.8408386016058935,-1.207019488968903,14,3
mp-56,Ba,<PROJECT_ROOT>/external_datasets/functional_protocol_round4_widechem_boost/meta_gga_r2scan/cif/mp-56.cif,train,0.0,-1.900010585784912,-0.0795947053431058,-0.0909654951110718,-1.3943015825246858,2,1
mp-2019077,Pd5Pb3,<PROJECT_ROOT>/external_datasets/functional_protocol_round4_widechem_boost/meta_gga_r2scan/cif/mp-2019077.cif,train,-0.2776859549999955,-4.893736362457275,-0.2534588034985825,-0.2531977944224488,-0.2232805630769174,16,2
mp-7191,Sr3GaN3,<PROJECT_ROOT>/external_datasets/functional_protocol_round4_widechem_boost/meta_gga_r2scan/cif/mp-7191.cif,train,-0.8072489794642885,-5.361112322126116,-0.7485100592173239,-0.7500979059640667,-0.9320991572875472,14,3
mp-11558,Sc5Re24,<PROJECT_ROOT>/external_datasets/functional_protocol_round4_widechem_boost/meta_gga_r2scan/cif/mp-11558.cif,train,-0.2605900491379276,-11.610377870757004,-0.1752478332528912,-0.1736147534971719,0.0135711696160001,29,2
mp-23789,Mn(HO)2,<PROJECT_ROOT>/external_datasets/functional_protocol_round4_widechem_boost/meta_gga_r2scan/cif/mp-23789.cif,train,-1.425424705896552,-6.10881462097168,-1.3221420197011202,-1.322974669515145,-1.4184141748593762,10,3
mp-867343,Li3Cd,<PROJECT_ROOT>/external_datasets/functional_protocol_round4_widechem_boost/meta_gga_r2scan/cif/mp-867343.cif,train,-0.1753756374999993,-1.8360188007354736,-0.2536173962748385,-0.2552618912111697,-0.4437562385528096,4,2
mp-1205567,Y2Br3,<PROJECT_ROOT>/external_datasets/functional_protocol_round4_widechem_boost/meta_gga_r2scan/cif/mp-1205567.cif,train,-1.7640084015000013,-5.099082183837891,-1.7302183481038464,-1.7288997673639424,-1.5777621685199004,10,2
mp-867162,LiTm2Rh,<PROJECT_ROOT>/external_datasets/functional_protocol_round4_widechem_boost/meta_gga_r2scan/cif/mp-867162.cif,train,-0.5715905841666675,-5.0894293785095215,-0.6274851113417492,-0.6296363425218798,-0.8762135184817625,4,3
mp-2191,ErSb,<PROJECT_ROOT>/external_datasets/functional_protocol_round4_widechem_boost/meta_gga_r2scan/cif/mp-2191.cif,train,-1.311072816666666,-5.435530662536621,-1.1970685030559665,-1.1946043390488876,-0.9121583576102004,2,2
mp-867285,LiTb2Ir,<PROJECT_ROOT>/external_datasets/functional_protocol_round4_widechem_boost/meta_gga_r2scan/cif/mp-867285.cif,train,-0.6318388916666677,-5.558436393737793,-0.618837372864089,-0.6200406489471115,-0.7579618641069504,4,3
mp-755369,Li2VGaO4,<PROJECT_ROOT>/external_datasets/functional_protocol_round4_widechem_boost/meta_gga_r2scan/cif/mp-755369.cif,train,-2.364978062499999,-6.284698486328125,-2.2366275951454373,-2.234240965259141,-1.9606820549638344,48,4
mp-15571,K3AuSe2,<PROJECT_ROOT>/external_datasets/functional_protocol_round4_widechem_boost/meta_gga_r2scan/cif/mp-15571.cif,train,-1.1314375848958325,-3.2432823181152344,-1.0883713495630736,-1.0863576248846964,-0.8555416396271224,12,3
mp-27503,LiV3O8,<PROJECT_ROOT>/external_datasets/functional_protocol_round4_widechem_boost/meta_gga_r2scan/cif/mp-27503.cif,train,-2.4707005734722216,-7.172124862670898,-2.025586907711193,-2.029295792662157,-2.454413458127366,24,3
mp-1225553,Dy2CoGe4,<PROJECT_ROOT>/external_datasets/functional_protocol_round4_widechem_boost/meta_gga_r2scan/cif/mp-1225553.cif,train,-0.6641645028571433,-5.613166809082031,-0.6862633997480438,-0.686100046478769,-0.6673762625412676,7,3
mp-755089,ZrO2,<PROJECT_ROOT>/external_datasets/functional_protocol_round4_widechem_boost/meta_gga_r2scan/cif/mp-755089.cif,train,-3.7515097791666654,-9.471017201741535,-3.7697381628304423,-3.759841252614701,-2.625443334677975,12,2
mp-996994,FeAuO2,<PROJECT_ROOT>/external_datasets/functional_protocol_round4_widechem_boost/meta_gga_r2scan/cif/mp-996994.cif,train,-1.0520647368749998,-5.639150619506836,-0.54970666374314,-0.5595918125474082,-1.692641620780979,4,3
mp-1195032,BiTeNO6,<PROJECT_ROOT>/external_datasets/functional_protocol_round4_widechem_boost/meta_gga_r2scan/cif/mp-1195032.cif,train,-0.9106316904166678,-5.850023905436198,-1.2936343216281196,-1.3034538320009128,-2.4289800699101347,36,4
mp-1206573,K3Bi2,<PROJECT_ROOT>/external_datasets/functional_protocol_round4_widechem_boost/meta_gga_r2scan/cif/mp-1206573.cif,train,-0.4634555802500017,-2.549320030212402,-0.3415861754684228,-0.3407407485288889,-0.2438367108976637,10,2
mp-1222780,LaY,<PROJECT_ROOT>/external_datasets/functional_protocol_round4_widechem_boost/meta_gga_r2scan/cif/mp-1222780.cif,train,0.0078747641666628,-5.685591379801433,-0.1132109755111523,-0.1249307671237573,-1.4682699420951089,6,2
mp-30347,ScInAg2,<PROJECT_ROOT>/external_datasets/functional_protocol_round4_widechem_boost/meta_gga_r2scan/cif/mp-30347.cif,train,-0.3346860237499989,-3.993901491165161,-0.3261573568010183,-0.3252921515774476,-0.2261210989130095,4,3
mp-2089,ZrTe3,<PROJECT_ROOT>/external_datasets/functional_protocol_round4_widechem_boost/meta_gga_r2scan/cif/mp-2089.cif,train,-0.8232634687500031,-5.186226844787598,-0.8167613900760404,-0.817636517938019,-0.9179449175207112,8,2
mp-1071618,NdCuSn,<PROJECT_ROOT>/external_datasets/functional_protocol_round4_widechem_boost/meta_gga_r2scan/cif/mp-1071618.cif,train,-0.6452398658333323,-4.861388842264812,-0.5727657538753474,-0.5704487180418178,-0.3048667770074977,6,3
mp-1198976,Ba3GaS4Cl,<PROJECT_ROOT>/external_datasets/functional_protocol_round4_widechem_boost/meta_gga_r2scan/cif/mp-1198976.cif,train,-2.0900959987500016,-4.857783847384983,-2.00606339975573,-2.001726844727709,-1.50466474276163,36,4
mp-1211343,KNdF4,<PROJECT_ROOT>/external_datasets/functional_protocol_round4_widechem_boost/meta_gga_r2scan/cif/mp-1211343.cif,train,-3.992372238125,-5.922665278116862,-4.024648236433887,-4.014539366254895,-2.855846296017309,24,3
mp-1102080,ScSiPd,<PROJECT_ROOT>/external_datasets/functional_protocol_round4_widechem_boost/meta_gga_r2scan/cif/mp-1102080.cif,train,-1.0014436666666668,-6.623292922973633,-0.9782705742249362,-0.977751717769177,-0.9182796532256688,12,3
mp-1209709,Pr4CdIr,<PROJECT_ROOT>/external_datasets/functional_protocol_round4_widechem_boost/meta_gga_r2scan/cif/mp-1209709.cif,train,-0.4815193706944427,-5.241801579793294,-0.4841720919236083,-0.4864799029843398,-0.7510044874480821,24,3
mp-1207597,Yb4Al,<PROJECT_ROOT>/external_datasets/functional_protocol_round4_widechem_boost/meta_gga_r2scan/cif/mp-1207597.cif,train,0.530362027000001,-1.4301538467407229,0.4628312567651382,0.4572137526863633,-0.1866725504172712,10,2
mp-7580,Hg3(SF)2,<PROJECT_ROOT>/external_datasets/functional_protocol_round4_widechem_boost/meta_gga_r2scan/cif/mp-7580.cif,train,-0.8606730125892901,-2.593063082013811,-0.9337506672047482,-0.9385911202553432,-1.493410729887899,14,3
mp-9951,MnNbGe,<PROJECT_ROOT>/external_datasets/functional_protocol_round4_widechem_boost/meta_gga_r2scan/cif/mp-9951.cif,train,-0.4655247992720288,-8.27412329779731,-0.5243322173442078,-0.5234376818272706,-0.4209047492457906,9,3
mp-1198710,Pr2Re3Si5,<PROJECT_ROOT>/external_datasets/functional_protocol_round4_widechem_boost/meta_gga_r2scan/cif/mp-1198710.cif,train,-0.5869600645833316,-7.94677505493164,-0.5026440008863933,-0.5029233028797906,-0.5349372944083983,40,3
mp-1094573,LiMg,<PROJECT_ROOT>/external_datasets/functional_protocol_round4_widechem_boost/meta_gga_r2scan/cif/mp-1094573.cif,train,-0.0218926741666673,-1.7822799682617188,-0.0598556472422608,-0.0611410467445443,-0.2084753649622772,6,2
mp-19239,Mg6MnO8,<PROJECT_ROOT>/external_datasets/functional_protocol_round4_widechem_boost/meta_gga_r2scan/cif/mp-19239.cif,train,-2.848219698298851,-6.248106892903646,-2.724989352049296,-2.716492488392777,-1.7425698973190498,60,3
mp-19170,PrNiO3,<PROJECT_ROOT>/external_datasets/functional_protocol_round4_widechem_boost/meta_gga_r2scan/cif/mp-19170.cif,train,-2.460185326583331,-6.537057495117187,-1.8688379422328727,-1.8722988436317316,-2.268992281832559,10,3
mp-8850,Dy2S3,<PROJECT_ROOT>/external_datasets/functional_protocol_round4_widechem_boost/meta_gga_r2scan/cif/mp-8850.cif,train,-2.373206461187499,-6.385960388183594,-2.2852494923844207,-2.2797953630898844,-1.6546353100012994,20,2
mp-9749,Sr(BO2)2,<PROJECT_ROOT>/external_datasets/functional_protocol_round4_widechem_boost/meta_gga_r2scan/cif/mp-9749.cif,train,-2.920477897857144,-7.701960972377232,-3.0818658350647707,-3.0749641397406977,-2.283882010551525,28,3
mp-1106138,CeAlPd2,<PROJECT_ROOT>/external_datasets/functional_protocol_round4_widechem_boost/meta_gga_r2scan/cif/mp-1106138.cif,train,-0.8713719199999979,-5.835396766662598,-0.8922531143538039,-0.892195324236166,-0.8855713388010096,16,3
mp-975882,Li3Cu,<PROJECT_ROOT>/external_datasets/functional_protocol_round4_widechem_boost/meta_gga_r2scan/cif/mp-975882.cif,train,0.0562187549999997,-2.4490153789520264,-0.0575746398713241,-0.0601045010988858,-0.3500807913375675,4,2
mp-5348,MgCO3,<PROJECT_ROOT>/external_datasets/functional_protocol_round4_widechem_boost/meta_gga_r2scan/cif/mp-5348.cif,train,-2.20106182025,-7.161465454101562,-2.395187608258615,-2.391376831643372,-1.9545801987737457,10,3
mp-1219678,PrAlZn,<PROJECT_ROOT>/external_datasets/functional_protocol_round4_widechem_boost/meta_gga_r2scan/cif/mp-1219678.cif,train,-0.4669723722222206,-3.6906328201293945,-0.4712568894075488,-0.4715391616004121,-0.5038936016123242,6,3
mp-510225,HoMn2O5,<PROJECT_ROOT>/external_datasets/functional_protocol_round4_widechem_boost/meta_gga_r2scan/cif/mp-510225.cif,train,-2.781830725651938,-7.735541343688965,-2.3693412338945024,-2.3688030731478333,-2.3071183233388792,32,3
mp-1077929,La2CuO4,<PROJECT_ROOT>/external_datasets/functional_protocol_round4_widechem_boost/meta_gga_r2scan/cif/mp-1077929.cif,train,-2.912389953571428,-7.468530927385602,-3.0414617181954027,-3.035613343608269,-2.3652643346410125,7,3
mp-583740,Zr7P4,<PROJECT_ROOT>/external_datasets/functional_protocol_round4_widechem_boost/meta_gga_r2scan/cif/mp-583740.cif,train,-1.2795703229004325,-8.575912475585938,-1.2436655402150514,-1.241225041693606,-0.9614916318600886,22,2
mp-570832,SrPt5,<PROJECT_ROOT>/external_datasets/functional_protocol_round4_widechem_boost/meta_gga_r2scan/cif/mp-570832.cif,train,-0.6072094099999958,-5.860275904337565,-0.629372734734738,-0.632229475944321,-0.9596732144031542,6,2
mp-1025459,HfTe3,<PROJECT_ROOT>/external_datasets/functional_protocol_round4_widechem_boost/meta_gga_r2scan/cif/mp-1025459.cif,train,-0.7153248762500013,-5.459018707275391,-0.7173225669383818,-0.7195670669056131,-0.9768348438309338,8,2
mp-1225543,ErFeRu,<PROJECT_ROOT>/external_datasets/functional_protocol_round4_widechem_boost/meta_gga_r2scan/cif/mp-1225543.cif,train,-0.2793950477777779,-7.701562881469727,-0.3159147967985767,-0.3166135771996945,-0.3967087801304274,6,3
mp-1222082,Mg6CdIn,<PROJECT_ROOT>/external_datasets/functional_protocol_round4_widechem_boost/meta_gga_r2scan/cif/mp-1222082.cif,train,-0.0873263337499992,-1.731205701828003,-0.0569492760429293,-0.0553449546704198,0.1285446416765902,8,3
mp-1184251,ErTmZn2,<PROJECT_ROOT>/external_datasets/functional_protocol_round4_widechem_boost/meta_gga_r2scan/cif/mp-1184251.cif,train,-0.3938207883333326,-3.243081569671631,-0.4252378310704126,-0.4271538269273334,-0.6467679957420696,4,3
mp-2083,Sn2Ir,<PROJECT_ROOT>/external_datasets/functional_protocol_round4_widechem_boost/meta_gga_r2scan/cif/mp-2083.cif,train,-0.3108021133333333,-5.905686060587565,-0.2365299760297201,-0.2366287891103988,-0.2479548848871513,3,2
mp-1078849,Ca(GaP)2,<PROJECT_ROOT>/external_datasets/functional_protocol_round4_widechem_boost/meta_gga_r2scan/cif/mp-1078849.cif,train,-0.7966461661904759,-4.446710205078125,-0.7141497886469828,-0.7132943200165975,-0.6152392895050429,10,3
mp-2764016,Co2As2O7,<PROJECT_ROOT>/external_datasets/functional_protocol_round4_widechem_boost/meta_gga_r2scan/cif/mp-2764016.cif,train,-1.287777834659092,-6.092085404829546,-1.2223869710561406,-1.2312528186097715,-2.2474688685017075,22,3
mp-639511,SiO2,<PROJECT_ROOT>/external_datasets/functional_protocol_round4_widechem_boost/meta_gga_r2scan/cif/mp-639511.cif,train,-3.0168027487500004,-7.897755940755208,-3.179071592361285,-3.1735335181603377,-2.5387515805684187,48,2
mp-641919,KLi3Ca7Ti2Si12(O18F)2,<PROJECT_ROOT>/external_datasets/functional_protocol_round4_widechem_boost/meta_gga_r2scan/cif/mp-641919.cif,train,-3.204037703207671,-7.447237529451885,-3.320277301132414,-3.3123988486901217,-2.409359430096478,126,7
mp-1078574,HfNi2Sb,<PROJECT_ROOT>/external_datasets/functional_protocol_round4_widechem_boost/meta_gga_r2scan/cif/mp-1078574.cif,train,-0.5420534100000012,-6.935715198516846,-0.5973700999422213,-0.5961380158088572,-0.4549147809661914,8,3
mp-16432,Sr3(BO3)2,<PROJECT_ROOT>/external_datasets/functional_protocol_round4_widechem_boost/meta_gga_r2scan/cif/mp-16432.cif,train,-3.095593129318181,-7.238723061301491,-3.212683125080172,-3.2045840095199525,-2.276251870664467,22,3
mp-1214880,Al2Te4O11,<PROJECT_ROOT>/external_datasets/functional_protocol_round4_widechem_boost/meta_gga_r2scan/cif/mp-1214880.cif,train,-1.773578339191177,-5.978743160472197,-2.0332957836112096,-2.0369582700270934,-2.4567576694438467,34,3
mp-7027,InBO3,<PROJECT_ROOT>/external_datasets/functional_protocol_round4_widechem_boost/meta_gga_r2scan/cif/mp-7027.cif,train,-2.2945026957500003,-6.8952484130859375,-2.43142070562484,-2.42952050866462,-2.2117172318485814,10,3
mp-555236,Tm2Te5O13,<PROJECT_ROOT>/external_datasets/functional_protocol_round4_widechem_boost/meta_gga_r2scan/cif/mp-555236.cif,train,-1.9169993366874991,-6.193345642089843,-2.192307974697581,-2.1953151695251822,-2.5400041155594213,40,3
mp-2047197,RbSnCl3,<PROJECT_ROOT>/external_datasets/functional_protocol_round4_widechem_boost/meta_gga_r2scan/cif/mp-2047197.cif,train,-1.5311155117500008,-3.510619354248047,-1.5621249597949451,-1.5608456717783223,-1.414211860734478,10,3
mp-603888,Sr5Mn5O13,<PROJECT_ROOT>/external_datasets/functional_protocol_round4_widechem_boost/meta_gga_r2scan/cif/mp-603888.cif,train,-2.6521171272245123,-6.938858695652174,-2.3094851162899097,-2.3085596476702843,-2.2024811188833637,23,3
mp-1184512,GdYCu2,<PROJECT_ROOT>/external_datasets/functional_protocol_round4_widechem_boost/meta_gga_r2scan/cif/mp-1184512.cif,train,-0.1798317075000035,-7.407381534576416,-0.2162948095858148,-0.2182352530869442,-0.4406516456346314,4,3
mp-560086,Nd4(GeS4)3,<PROJECT_ROOT>/external_datasets/functional_protocol_round4_widechem_boost/meta_gga_r2scan/cif/mp-560086.cif,train,-1.4598387162500002,-5.583865115517064,-1.4100825111011217,-1.41021004076224,-1.424827671810721,38,3
mp-1702,LaRh2,<PROJECT_ROOT>/external_datasets/functional_protocol_round4_widechem_boost/meta_gga_r2scan/cif/mp-1702.cif,train,-0.7458683099999964,-7.238580703735352,-0.7765244012752328,-0.7777803779344463,-0.92174220805331,6,2
mp-1039492,CeMg2,<PROJECT_ROOT>/external_datasets/functional_protocol_round4_widechem_boost/meta_gga_r2scan/cif/mp-1039492.cif,train,-0.0131102066666647,-3.0540428161621094,-0.0690325048420872,-0.0731087463848654,-0.5403333466237898,6,2
mp-1299486,Co5SbO8,<PROJECT_ROOT>/external_datasets/functional_protocol_round4_widechem_boost/meta_gga_r2scan/cif/mp-1299486.cif,train,-1.2691439099999988,-6.08734130859375,-0.7893077985603725,-0.798677037489254,-1.8725925224112565,28,3
mp-3041,Er2CdS4,<PROJECT_ROOT>/external_datasets/functional_protocol_round4_widechem_boost/meta_gga_r2scan/cif/mp-3041.cif,train,-1.9346674354166649,-5.46892329624721,-1.8516646327072164,-1.847967886190376,-1.4242415452995316,14,3
mp-643905,Sr(H2N)2,<PROJECT_ROOT>/external_datasets/functional_protocol_round4_widechem_boost/meta_gga_r2scan/cif/mp-643905.cif,train,-0.6511880235714287,-5.131341116768973,-0.6132808215744587,-0.6120112638585518,-0.466492753718372,28,3
mp-624406,CdI2,<PROJECT_ROOT>/external_datasets/functional_protocol_round4_widechem_boost/meta_gga_r2scan/cif/mp-624406.cif,train,-0.718574867999996,-1.9035237630208333,-0.703326390535943,-0.7037691416968892,-0.7545179091613692,30,2
mp-3354,Ho3(GePd)4,<PROJECT_ROOT>/external_datasets/functional_protocol_round4_widechem_boost/meta_gga_r2scan/cif/mp-3354.cif,train,-0.9588600059090904,-5.714882243763316,-0.9136661500825828,-0.9115818763914944,-0.6726794630096912,11,3
mp-22356,In2HgS4,<PROJECT_ROOT>/external_datasets/functional_protocol_round4_widechem_boost/meta_gga_r2scan/cif/mp-22356.cif,train,-0.6147178491071433,-3.632129669189453,-0.6028351977621611,-0.6065803314350182,-1.0358528769339774,14,3
mp-19862,EuSi2,<PROJECT_ROOT>/external_datasets/functional_protocol_round4_widechem_boost/meta_gga_r2scan/cif/mp-19862.cif,train,-0.5117442716666668,-7.514491399129231,-0.3926564474199114,-0.3988486714577917,-1.1086101932727872,3,2
mp-20271,LaAgSb2,<PROJECT_ROOT>/external_datasets/functional_protocol_round4_widechem_boost/meta_gga_r2scan/cif/mp-20271.cif,train,-0.8499882124999978,-4.748368263244629,-0.8011579797885533,-0.7985096103898197,-0.4949497451018811,8,3
mp-3074,KAgO,<PROJECT_ROOT>/external_datasets/functional_protocol_round4_widechem_boost/meta_gga_r2scan/cif/mp-3074.cif,train,-0.9020270541666638,-3.7602341969807935,-1.0017602069412423,-1.0035740703234746,-1.2114816697020985,12,3
mp-2583,TiRh,<PROJECT_ROOT>/external_datasets/functional_protocol_round4_widechem_boost/meta_gga_r2scan/cif/mp-2583.cif,train,-0.7804056033333353,-8.362371444702148,-0.7614533521239535,-0.7631389724467024,-0.956347170041413,4,2
mp-aaaieixf,ZnPb2WO6,<PROJECT_ROOT>/external_datasets/functional_protocol_round4_widechem_boost/meta_gga_r2scan/cif/mp-aaaieixf.cif,train,-1.7667601687499996,-6.076155090332032,-1.5113195813912377,-1.5148630721386231,-1.9210230188735335,10,4
mp-977382,Ta2VRu,<PROJECT_ROOT>/external_datasets/functional_protocol_round4_widechem_boost/meta_gga_r2scan/cif/mp-977382.cif,train,-0.3139983324166664,-10.79949951171875,-0.422593586158225,-0.4229339427919258,-0.461946103982052,4,3
mp-1077270,GdB2Ir3,<PROJECT_ROOT>/external_datasets/functional_protocol_round4_widechem_boost/meta_gga_r2scan/cif/mp-1077270.cif,train,-0.7377565825000024,-9.671767552693684,-0.6517791245513891,-0.6512971138238388,-0.5960483590281319,6,3
mp-1203041,YbCo3P2,<PROJECT_ROOT>/external_datasets/functional_protocol_round4_widechem_boost/meta_gga_r2scan/cif/mp-1203041.cif,train,-0.9170218507142888,-6.453267415364583,-0.8730187562227911,-0.8666767734062475,-0.1397496874918468,36,3
mp-1221645,MnCdO2,<PROJECT_ROOT>/external_datasets/functional_protocol_round4_widechem_boost/meta_gga_r2scan/cif/mp-1221645.cif,train,-1.5808952579956888,-5.872821807861328,-1.381413413679773,-1.3843665411516684,-1.7228582100158891,16,3
mp-1212213,Ho5BiPt2,<PROJECT_ROOT>/external_datasets/functional_protocol_round4_widechem_boost/meta_gga_r2scan/cif/mp-1212213.cif,train,-1.0509014018750025,-5.791898250579834,-1.0025973812629232,-1.001733181255779,-0.9026773479283556,16,3
mp-972156,TbY3,<PROJECT_ROOT>/external_datasets/functional_protocol_round4_widechem_boost/meta_gga_r2scan/cif/mp-972156.cif,train,0.0785253299999979,-5.977103233337402,-0.0601088248415564,-0.0698279858053911,-1.1838520318072097,4,2
mp-1186143,NaLu3,<PROJECT_ROOT>/external_datasets/functional_protocol_round4_widechem_boost/meta_gga_r2scan/cif/mp-1186143.cif,train,0.3662251975000075,-3.3839964866638184,0.2048778050507689,0.1923513273896224,-1.2434513492162993,4,2
mp-1226462,CeYPd6,<PROJECT_ROOT>/external_datasets/functional_protocol_round4_widechem_boost/meta_gga_r2scan/cif/mp-1226462.cif,train,-0.8729867350000013,-6.300053119659424,-0.9035041291332808,-0.9025508824454144,-0.7932883919887872,8,3
mp-23798,H4OF2,<PROJECT_ROOT>/external_datasets/functional_protocol_round4_widechem_boost/meta_gga_r2scan/cif/mp-23798.cif,train,-1.4271025348214283,-4.566276822771345,-1.576947343839858,-1.577328400857124,-1.62100569787383,28,3
mp-753414,Lu2Pt2O7,<PROJECT_ROOT>/external_datasets/functional_protocol_round4_widechem_boost/meta_gga_r2scan/cif/mp-753414.cif,train,-2.314049207234849,-7.121908708052202,-2.492440454120322,-2.4933033510642595,-2.5922098254345425,22,3
mp-29815,LaAs2,<PROJECT_ROOT>/external_datasets/functional_protocol_round4_widechem_boost/meta_gga_r2scan/cif/mp-29815.cif,train,-1.2425652154166684,-5.802347819010417,-1.1853155504507251,-1.1842216011001891,-1.058831571430848,24,2
mp-20272,GdPt3,<PROJECT_ROOT>/external_datasets/functional_protocol_round4_widechem_boost/meta_gga_r2scan/cif/mp-20272.cif,train,-1.0037894300000048,-9.016793251037598,-1.0336958945157717,-1.0338546688669965,-1.05205361071127,4,2
mp-862858,PaPt3,<PROJECT_ROOT>/external_datasets/functional_protocol_round4_widechem_boost/meta_gga_r2scan/cif/mp-862858.cif,train,-1.1113550500000002,-7.951384544372559,-1.1180778264829616,-1.117834085529922,-1.0898961510016587,8,2
mp-567891,NdAg2,<PROJECT_ROOT>/external_datasets/functional_protocol_round4_widechem_boost/meta_gga_r2scan/cif/mp-567891.cif,train,-0.2756423924999988,-3.7484560012817374,-0.2706346298418474,-0.2694235967879628,-0.1306132666003027,3,2
mp-607139,ZrSnIr,<PROJECT_ROOT>/external_datasets/functional_protocol_round4_widechem_boost/meta_gga_r2scan/cif/mp-607139.cif,train,-0.8555215183333379,-7.875430636935764,-0.7437118584839109,-0.7419024764750457,-0.5345085384823586,18,3
mp-980110,Th(NiSn)2,<PROJECT_ROOT>/external_datasets/functional_protocol_round4_widechem_boost/meta_gga_r2scan/cif/mp-980110.cif,train,-0.5277655839999966,-5.92125358581543,-0.5610502141023241,-0.559933665956649,-0.4319533302645648,10,3
mp-1184838,HoLuIn2,<PROJECT_ROOT>/external_datasets/functional_protocol_round4_widechem_boost/meta_gga_r2scan/cif/mp-1184838.cif,train,-0.5392444179166667,-4.06151819229126,-0.521319902798334,-0.5234237880074595,-0.7645741014680317,4,3
mp-505177,TiIn2O5,<PROJECT_ROOT>/external_datasets/functional_protocol_round4_widechem_boost/meta_gga_r2scan/cif/mp-505177.cif,train,-2.402523841614583,-6.879523754119873,-2.5275522225874205,-2.5260504791894567,-2.353918516102814,32,3
mp-24153,LaH2,<PROJECT_ROOT>/external_datasets/functional_protocol_round4_widechem_boost/meta_gga_r2scan/cif/mp-24153.cif,train,-0.7461309741666659,-4.526088078816732,-0.6434177194881703,-0.6431611228568537,-0.6137496522136068,3,2
mp-22114,ErSiRh,<PROJECT_ROOT>/external_datasets/functional_protocol_round4_widechem_boost/meta_gga_r2scan/cif/mp-22114.cif,train,-1.1437729227777755,-6.853745142618815,-1.1124705802829675,-1.1110902822328963,-0.9528785575634908,12,3
mp-1342975,Ca(NiO2)2,<PROJECT_ROOT>/external_datasets/functional_protocol_round4_widechem_boost/meta_gga_r2scan/cif/mp-1342975.cif,train,-1.7408177675000007,-5.294106619698661,-0.933214589105698,-0.9433284195360248,-2.102590040832097,28,3
mp-27841,VBrO,<PROJECT_ROOT>/external_datasets/functional_protocol_round4_widechem_boost/meta_gga_r2scan/cif/mp-27841.cif,train,-1.9840585537500008,-6.208677927652995,-1.496395784664256,-1.5000838791124833,-1.922818507599445,6,3
mp-1209118,RbYb(WO4)2,<PROJECT_ROOT>/external_datasets/functional_protocol_round4_widechem_boost/meta_gga_r2scan/cif/mp-1209118.cif,train,-2.7233281896875,-6.754899978637695,-1.8467802448870083,-1.8502147855665152,-2.243886720642981,12,4
mp-1205852,Tb2Cl3,<PROJECT_ROOT>/external_datasets/functional_protocol_round4_widechem_boost/meta_gga_r2scan/cif/mp-1205852.cif,train,-2.0949976554999976,-4.794089508056641,-2.020812101182643,-2.017456529823046,-1.6328361704555343,10,2
mp-23930,H4CSN2,<PROJECT_ROOT>/external_datasets/functional_protocol_round4_widechem_boost/meta_gga_r2scan/cif/mp-23930.cif,train,-0.2470314747265627,-5.67872953414917,-0.2925733552511111,-0.294021338156698,-0.4599911971866443,32,4
mp-976273,Hf3Ge2,<PROJECT_ROOT>/external_datasets/functional_protocol_round4_widechem_boost/meta_gga_r2scan/cif/mp-976273.cif,train,-0.7658539860000075,-8.519061279296874,-0.6976044619004043,-0.700098900639186,-0.9860150148633025,10,2
mp-1200898,Sm3Sn13Ir4,<PROJECT_ROOT>/external_datasets/functional_protocol_round4_widechem_boost/meta_gga_r2scan/cif/mp-1200898.cif,train,-0.5261265162500024,-5.571783065795898,-0.4647479616885901,-0.4641739724601637,-0.3983825111410661,40,3
mp-6979,ThGeS,<PROJECT_ROOT>/external_datasets/functional_protocol_round4_widechem_boost/meta_gga_r2scan/cif/mp-6979.cif,train,-1.5821334026041616,-6.795888900756836,-1.5069855158819356,-1.5048079690113223,-1.255214451199671,6,3
mp-1213290,Dy5CuPb3,<PROJECT_ROOT>/external_datasets/functional_protocol_round4_widechem_boost/meta_gga_r2scan/cif/mp-1213290.cif,train,-0.6350322155555546,-4.738599141438802,-0.5858145303330264,-0.586756277312344,-0.6947006548268307,18,3
mp-18162,Li(CuO)2,<PROJECT_ROOT>/external_datasets/functional_protocol_round4_widechem_boost/meta_gga_r2scan/cif/mp-18162.cif,train,-1.1355684713333332,-4.93851318359375,-1.1872356069530303,-1.188230628113308,-1.302281367981278,20,3
mp-1197137,Nd2Ge(BO4)2,<PROJECT_ROOT>/external_datasets/functional_protocol_round4_widechem_boost/meta_gga_r2scan/cif/mp-1197137.cif,train,-2.9924724361538457,-7.900853083683894,-3.135426923052268,-3.1290548486530048,-2.398678622751621,52,4
mp-793,Ca5Si3,<PROJECT_ROOT>/external_datasets/functional_protocol_round4_widechem_boost/meta_gga_r2scan/cif/mp-793.cif,train,-0.5542452931250015,-3.771348476409912,-0.537047401890459,-0.5402850509119625,-0.9113889842555416,16,2
mp-28336,Li3P7,<PROJECT_ROOT>/external_datasets/functional_protocol_round4_widechem_boost/meta_gga_r2scan/cif/mp-28336.cif,train,-0.4260960960833316,-4.712512969970703,-0.4087785292043877,-0.4113300579046406,-0.7037899046652747,40,2
mp-1223048,La2ZnSb4,<PROJECT_ROOT>/external_datasets/functional_protocol_round4_widechem_boost/meta_gga_r2scan/cif/mp-1223048.cif,train,-0.9359744007142864,-4.743105207170759,-0.8795881834441248,-0.8777282271342104,-0.6645373908601206,7,3
mp-31136,Lu2NiSn6,<PROJECT_ROOT>/external_datasets/functional_protocol_round4_widechem_boost/meta_gga_r2scan/cif/mp-31136.cif,train,-0.4072936948148127,-4.712961832682292,-0.4021061462496931,-0.4028139733979472,-0.4839461273471679,9,3
mp-1207559,Yb3H2Pb,<PROJECT_ROOT>/external_datasets/functional_protocol_round4_widechem_boost/meta_gga_r2scan/cif/mp-1207559.cif,train,-0.5807959820833398,-3.0373264948527017,-0.5511789459060448,-0.5466928919735219,-0.032495013055071,12,3
mp-570623,Pr4Te3N2,<PROJECT_ROOT>/external_datasets/functional_protocol_round4_widechem_boost/meta_gga_r2scan/cif/mp-570623.cif,train,-1.762683163796295,-6.5168741014268665,-1.6282315571637582,-1.6225585435928729,-0.9723096635933276,36,3
mp-18594,K3AsSe3,<PROJECT_ROOT>/external_datasets/functional_protocol_round4_widechem_boost/meta_gga_r2scan/cif/mp-18594.cif,train,-1.0771167233482155,-3.552968978881836,-1.053386197010291,-1.0529613951714127,-1.0042700045193536,28,3
mp-865110,NaMgTl2,<PROJECT_ROOT>/external_datasets/functional_protocol_round4_widechem_boost/meta_gga_r2scan/cif/mp-865110.cif,train,-0.1112714337500015,-1.996786117553711,-0.0929278263930637,-0.0910814224962068,0.1205560169266033,4,3
mp-1173103,TbCuTe2,<PROJECT_ROOT>/external_datasets/functional_protocol_round4_widechem_boost/meta_gga_r2scan/cif/mp-1173103.cif,train,-1.0596561250000036,-4.637114524841309,-0.9613895784184608,-0.9581342572013368,-0.5850047116745433,4,3
mp-3281,Al5BO9,<PROJECT_ROOT>/external_datasets/functional_protocol_round4_widechem_boost/meta_gga_r2scan/cif/mp-3281.cif,train,-3.240745788416666,-7.610467529296875,-3.3272706297834675,-3.3178876434364613,-2.2423964099058384,30,3
mp-29189,V(HgO2)2,<PROJECT_ROOT>/external_datasets/functional_protocol_round4_widechem_boost/meta_gga_r2scan/cif/mp-29189.cif,train,-1.4413063464285756,-5.039571489606585,-1.2668206622568978,-1.272709529214188,-1.947699831210604,56,3
mp-1208021,TlSO4,<PROJECT_ROOT>/external_datasets/functional_protocol_round4_widechem_boost/meta_gga_r2scan/cif/mp-1208021.cif,train,-1.312506068802082,-5.562970479329427,-1.634610974303425,-1.6419278882225878,-2.480602963036989,12,3
mp-978278,Na(BH)6,<PROJECT_ROOT>/external_datasets/functional_protocol_round4_widechem_boost/meta_gga_r2scan/cif/mp-978278.cif,train,-0.3615554013461541,-5.077240577110877,-0.3043726508662789,-0.3049604179598653,-0.3723311177735433,52,3
mp-1214229,Be15(Nb3Ni4)2,<PROJECT_ROOT>/external_datasets/functional_protocol_round4_widechem_boost/meta_gga_r2scan/cif/mp-1214229.cif,train,-0.3944657668103442,-6.000149957064925,-0.3812294632235442,-0.3813053595643776,-0.3900047060419278,29,3
mp-754154,CsHoO2,<PROJECT_ROOT>/external_datasets/functional_protocol_round4_widechem_boost/meta_gga_r2scan/cif/mp-754154.cif,train,-2.926718450625,-6.473201751708984,-2.989574840227857,-2.9821463593094477,-2.130683316442461,8,3
mp-1019508,AlGa3N4,<PROJECT_ROOT>/external_datasets/functional_protocol_round4_widechem_boost/meta_gga_r2scan/cif/mp-1019508.cif,train,-0.911356311875,-6.46365213394165,-0.8108394273712731,-0.809437355905053,-0.6487299313238346,8,3
mp-1183438,Ba3Ce,<PROJECT_ROOT>/external_datasets/functional_protocol_round4_widechem_boost/meta_gga_r2scan/cif/mp-1183438.cif,train,0.2507205537499963,-2.596784830093384,0.1876545506262021,0.1726227759176426,-1.5503406096811023,4,2
mp-2052115,GdCuGe,<PROJECT_ROOT>/external_datasets/functional_protocol_round4_widechem_boost/meta_gga_r2scan/cif/mp-2052115.cif,train,-0.7188679633333331,-8.271329243977865,-0.6440845973684342,-0.6427414017694408,-0.4887824127879087,6,3
mp-1095062,Rb2Pu(Cl2O)2,<PROJECT_ROOT>/external_datasets/functional_protocol_round4_widechem_boost/meta_gga_r2scan/cif/mp-1095062.cif,train,-2.26068984875,-5.740723080105251,-2.358662663644673,-2.3556916594445925,-2.015150934584573,9,4
mp-542777,CePt5,<PROJECT_ROOT>/external_datasets/functional_protocol_round4_widechem_boost/meta_gga_r2scan/cif/mp-542777.cif,train,-0.790916980000001,-6.740111668904622,-0.837537751335689,-0.8398730327791348,-1.1075463115596813,6,2
mp-1210678,LuZrF7,<PROJECT_ROOT>/external_datasets/functional_protocol_round4_widechem_boost/meta_gga_r2scan/cif/mp-1210678.cif,train,-4.221056355740739,-6.802646213107639,-4.274302696567627,-4.265656137357651,-3.2745752291452086,18,3
mp-1253,BaSe,<PROJECT_ROOT>/external_datasets/functional_protocol_round4_widechem_boost/meta_gga_r2scan/cif/mp-1253.cif,train,-2.3173209170312496,-4.754218101501465,-2.214326979872968,-2.20764187546264,-1.4413857047026415,2,2
mp-999177,SmGa,<PROJECT_ROOT>/external_datasets/functional_protocol_round4_widechem_boost/meta_gga_r2scan/cif/mp-999177.cif,train,-0.7158683749999994,-4.47799015045166,-0.6686906686031264,-0.6698282710625998,-0.8002218821326044,4,2
mp-1189033,Tb3Ru,<PROJECT_ROOT>/external_datasets/functional_protocol_round4_widechem_boost/meta_gga_r2scan/cif/mp-1189033.cif,train,-0.3363791356250019,-6.0958099365234375,-0.3752119376244671,-0.3789253152105418,-0.8045579328994927,16,2
mp-1079673,ThSe3,<PROJECT_ROOT>/external_datasets/functional_protocol_round4_widechem_boost/meta_gga_r2scan/cif/mp-1079673.cif,train,-1.5852642530468728,-5.835567474365234,-1.5593886534503385,-1.5588583684894033,-1.498076352437253,8,2
mp-1202693,Ce4Se3N2,<PROJECT_ROOT>/external_datasets/functional_protocol_round4_widechem_boost/meta_gga_r2scan/cif/mp-1202693.cif,train,-2.1001490327430536,-7.375491672092014,-1.9640545734990795,-1.9609214849261667,-1.6018024188395297,36,3
mp-1184012,CsYb3,<PROJECT_ROOT>/external_datasets/functional_protocol_round4_widechem_boost/meta_gga_r2scan/cif/mp-1184012.cif,train,0.7832011512499975,-0.9172003269195556,0.3553936983031295,0.350306383454634,-0.23280887638093,4,2
mp-1219579,Sb4Cl13F7,<PROJECT_ROOT>/external_datasets/functional_protocol_round4_widechem_boost/meta_gga_r2scan/cif/mp-1219579.cif,train,-1.346343119270833,-3.455083211263021,-1.4979761297650869,-1.5046133942556803,-2.2653860854080445,24,3
mp-616026,Sr3InP3,<PROJECT_ROOT>/external_datasets/functional_protocol_round4_widechem_boost/meta_gga_r2scan/cif/mp-616026.cif,train,-1.122838016989795,-4.375659942626953,-0.9887729569042588,-0.9874545292067464,-0.8363344722990347,28,3
mp-1077228,PrInPt4,<PROJECT_ROOT>/external_datasets/functional_protocol_round4_widechem_boost/meta_gga_r2scan/cif/mp-1077228.cif,train,-0.8755693519444397,-6.080542882283528,-0.893070553738279,-0.8925679965296887,-0.8349641748682348,6,3
mp-1187225,TaFe2Ge,<PROJECT_ROOT>/external_datasets/functional_protocol_round4_widechem_boost/meta_gga_r2scan/cif/mp-1187225.cif,train,-0.0319553093333375,-8.557791709899902,-0.1879113001915833,-0.1872080222717285,-0.1065973073502842,4,3
mp-504722,Ni(NO3)2,<PROJECT_ROOT>/external_datasets/functional_protocol_round4_widechem_boost/meta_gga_r2scan/cif/mp-504722.cif,train,-0.4825767791666667,-5.926665412055121,-0.6098813266948442,-0.626068685618665,-2.481486776697376,36,3
mp-2614,HfAl3,<PROJECT_ROOT>/external_datasets/functional_protocol_round4_widechem_boost/meta_gga_r2scan/cif/mp-2614.cif,train,-0.4242017675000014,-5.68353271484375,-0.4061352447315354,-0.4086558400164319,-0.6975700547379172,4,2
mp-31492,CeGaNi,<PROJECT_ROOT>/external_datasets/functional_protocol_round4_widechem_boost/meta_gga_r2scan/cif/mp-31492.cif,train,-0.6054634711111109,-5.517212761773004,-0.7269026024443024,-0.7276009706629027,-0.8076489286487811,9,3
mp-675798,NaHoF4,<PROJECT_ROOT>/external_datasets/functional_protocol_round4_widechem_boost/meta_gga_r2scan/cif/mp-675798.cif,train,-4.000236969166667,-5.934422810872396,-4.032258330277623,-4.022101424862304,-2.8579024875522885,12,3
mp-553991,Ti(GaO2)4,<PROJECT_ROOT>/external_datasets/functional_protocol_round4_widechem_boost/meta_gga_r2scan/cif/mp-553991.cif,train,-2.3669966220512824,-6.703512925368089,-2.504593762313303,-2.502761233610962,-2.292714188707156,13,3
mp-980936,Y5(In2Pd)2,<PROJECT_ROOT>/external_datasets/functional_protocol_round4_widechem_boost/meta_gga_r2scan/cif/mp-980936.cif,train,-0.7998500154545447,-5.584340875799006,-0.7805186995826547,-0.780135500235791,-0.7362126463589985,22,3
mp-1106374,LaLuS3,<PROJECT_ROOT>/external_datasets/functional_protocol_round4_widechem_boost/meta_gga_r2scan/cif/mp-1106374.cif,train,-2.46214010452083,-6.513716125488282,-2.348018479818233,-2.342304514956555,-1.687361739792223,20,3
mp-1182106,FeH2Cl5O3,<PROJECT_ROOT>/external_datasets/functional_protocol_round4_widechem_boost/meta_gga_r2scan/cif/mp-1182106.cif,train,-0.483076112840909,-3.751055283979936,-0.4490773325301243,-0.460943316624439,-1.8210392816725136,44,4
mp-30435,BaZn2,<PROJECT_ROOT>/external_datasets/functional_protocol_round4_widechem_boost/meta_gga_r2scan/cif/mp-30435.cif,train,-0.1578529150000018,-1.668929100036621,-0.2308725787410743,-0.2326083610206586,-0.4315661934179387,6,2
mp-18625,KPSe6,<PROJECT_ROOT>/external_datasets/functional_protocol_round4_widechem_boost/meta_gga_r2scan/cif/mp-18625.cif,train,-0.4042007379501484,-3.7567527294158936,-0.5080505443505716,-0.5147737952298526,-1.2854023684873712,32,3
mp-1207243,Sm2GaCo2,<PROJECT_ROOT>/external_datasets/functional_protocol_round4_widechem_boost/meta_gga_r2scan/cif/mp-1207243.cif,train,-0.2717267039999996,-5.624797821044922,-0.3418281016249889,-0.342991235568463,-0.4763113016286729,5,3
mp-38951,Mg(GaO2)2,<PROJECT_ROOT>/external_datasets/functional_protocol_round4_widechem_boost/meta_gga_r2scan/cif/mp-38951.cif,train,-2.395887506428572,-6.057027544294085,-2.4875990977482383,-2.483395135108508,-2.001530961176213,14,3
mp-22151,BaGePt,<PROJECT_ROOT>/external_datasets/functional_protocol_round4_widechem_boost/meta_gga_r2scan/cif/mp-22151.cif,train,-0.9857762116666654,-5.098596254984538,-0.9612933601663504,-0.9610532833782948,-0.9335353406504624,12,3
mp-1205342,KAg3Te2,<PROJECT_ROOT>/external_datasets/functional_protocol_round4_widechem_boost/meta_gga_r2scan/cif/mp-1205342.cif,train,-0.4600390489583314,-3.028109550476074,-0.4036353049592414,-0.4019043118963816,-0.2034954263281153,12,3
mp-7347,La(BRu)4,<PROJECT_ROOT>/external_datasets/functional_protocol_round4_widechem_boost/meta_gga_r2scan/cif/mp-7347.cif,train,-0.5284568100000008,-8.116327073838976,-0.489442275103972,-0.4894152706085526,-0.4863199769549389,18,3
mp-1094576,Li2Mg,<PROJECT_ROOT>/external_datasets/functional_protocol_round4_widechem_boost/meta_gga_r2scan/cif/mp-1094576.cif,train,-0.024188032777778,-1.837534745534261,-0.0873891595761737,-0.0896103823576721,-0.3442100951628668,6,2
mp-9341,GdAgGe,<PROJECT_ROOT>/external_datasets/functional_protocol_round4_widechem_boost/meta_gga_r2scan/cif/mp-9341.cif,train,-0.6733276794444438,-7.821133931477864,-0.613565497259926,-0.6127045945360967,-0.5140267005116596,9,3
mp-1225687,CuNi,<PROJECT_ROOT>/external_datasets/functional_protocol_round4_widechem_boost/meta_gga_r2scan/cif/mp-1225687.cif,train,0.0414286100000005,-4.916570663452148,-0.0051444358641568,-0.0035526903068356,0.1788954482281438,2,2
mp-aaaieinv,ScV(PbO3)2,<PROJECT_ROOT>/external_datasets/functional_protocol_round4_widechem_boost/meta_gga_r2scan/cif/mp-aaaieinv.cif,train,-2.328763759750001,-7.049449920654297,-2.2383425697028096,-2.237841890294902,-2.180453304816433,10,4
mp-34278,K(WO3)6,<PROJECT_ROOT>/external_datasets/functional_protocol_round4_widechem_boost/meta_gga_r2scan/cif/mp-34278.cif,train,-2.316255810450002,-7.35848388671875,-1.5651897234217191,-1.571811451477438,-2.3308033343794468,25,3
mp-1188487,Zr5SnPb3,<PROJECT_ROOT>/external_datasets/functional_protocol_round4_widechem_boost/meta_gga_r2scan/cif/mp-1188487.cif,train,-0.4586089783333338,-6.77590815226237,-0.3860631394589955,-0.3873974113943825,-0.5403335573698167,18,3
mp-866220,CaNdZn2,<PROJECT_ROOT>/external_datasets/functional_protocol_round4_widechem_boost/meta_gga_r2scan/cif/mp-866220.cif,train,-0.3090692293749999,-2.628429889678955,-0.3733775705682545,-0.3744644286236998,-0.4990416439681572,4,3
mp-569423,Ga,<PROJECT_ROOT>/external_datasets/functional_protocol_round4_widechem_boost/meta_gga_r2scan/cif/mp-569423.cif,train,0.100168061666667,-3.000935872395833,0.0196308776781322,0.0167318009925265,-0.3155644899104112,6,1
mp-1229122,Ag2HgI4,<PROJECT_ROOT>/external_datasets/functional_protocol_round4_widechem_boost/meta_gga_r2scan/cif/mp-1229122.cif,train,-0.3308751296428543,-2.016745294843401,-0.3762228006453432,-0.3775118511825388,-0.5252646562128304,7,3
mp-680561,U5Re3C8,<PROJECT_ROOT>/external_datasets/functional_protocol_round4_widechem_boost/meta_gga_r2scan/cif/mp-680561.cif,train,-0.3107775457812494,-10.657809257507324,-0.2881676264527399,-0.2900311658907748,-0.5036327054044386,32,3
mp-570491,TaNi3,<PROJECT_ROOT>/external_datasets/functional_protocol_round4_widechem_boost/meta_gga_r2scan/cif/mp-570491.cif,train,-0.3268278468333321,-7.6548171043396,-0.4261690089042744,-0.4244224890309418,-0.2242338983742284,4,2
mp-9130,CrSbS3,<PROJECT_ROOT>/external_datasets/functional_protocol_round4_widechem_boost/meta_gga_r2scan/cif/mp-9130.cif,train,-0.6717992981875,-5.707939910888672,-0.733542989541875,-0.7364476537544338,-1.069384394939145,20,3
mp-1212441,Hf3Ni3Sb4,<PROJECT_ROOT>/external_datasets/functional_protocol_round4_widechem_boost/meta_gga_r2scan/cif/mp-1212441.cif,train,-0.6001020090000054,-6.936679840087891,-0.6262503364981349,-0.6256006114678714,-0.5511282048782429,20,3
mp-973465,Ho3In,<PROJECT_ROOT>/external_datasets/functional_protocol_round4_widechem_boost/meta_gga_r2scan/cif/mp-973465.cif,train,-0.3454369537499957,-4.367966651916504,-0.3333436642041514,-0.3383364195676233,-0.9106131368080906,8,2
mp-999130,TbNi,<PROJECT_ROOT>/external_datasets/functional_protocol_round4_widechem_boost/meta_gga_r2scan/cif/mp-999130.cif,train,-0.4054814300000018,-5.639560699462891,-0.5346256051285296,-0.5349859871962721,-0.5762934921044769,4,2
mp-11178,SrCeN2,<PROJECT_ROOT>/external_datasets/functional_protocol_round4_widechem_boost/meta_gga_r2scan/cif/mp-11178.cif,train,-1.4243253868749974,-7.263290405273437,-1.3778427682763468,-1.3767947082739092,-1.256664580918527,4,3
mp-1184580,HfZnRh2,<PROJECT_ROOT>/external_datasets/functional_protocol_round4_widechem_boost/meta_gga_r2scan/cif/mp-1184580.cif,train,-0.9197817312500014,-7.326207160949707,-0.8748164908045721,-0.8722786089029313,-0.5813829775962084,4,3
mp-1019581,CaS3O10,<PROJECT_ROOT>/external_datasets/functional_protocol_round4_widechem_boost/meta_gga_r2scan/cif/mp-1019581.cif,train,-1.7289511048883932,-6.145830426897321,-2.0868227261011336,-2.093597087934227,-2.87008407137512,56,3
mp-22761,CeCuSn,<PROJECT_ROOT>/external_datasets/functional_protocol_round4_widechem_boost/meta_gga_r2scan/cif/mp-22761.cif,train,-0.6007153450000023,-5.135090510050456,-0.5054721848217092,-0.5062875942494731,-0.599750982010236,6,3
mp-1197504,Sm2Re3Si5,<PROJECT_ROOT>/external_datasets/functional_protocol_round4_widechem_boost/meta_gga_r2scan/cif/mp-1197504.cif,train,-0.6275128859999995,-7.967486572265625,-0.5413570941878163,-0.541669287031115,-0.5774532745317386,40,3
mp-669393,Dy2Fe3Si5,<PROJECT_ROOT>/external_datasets/functional_protocol_round4_widechem_boost/meta_gga_r2scan/cif/mp-669393.cif,train,-0.560223160000001,-6.864912414550782,-0.6904303754393348,-0.6897418045739636,-0.6108168331446169,40,3
mp-27780,TcCl4,<PROJECT_ROOT>/external_datasets/functional_protocol_round4_widechem_boost/meta_gga_r2scan/cif/mp-27780.cif,train,-0.8857963490000003,-4.205578994750977,-0.8383698897674203,-0.8444522181651033,-1.5416173454762925,40,2
mp-1223978,HoFeCo,<PROJECT_ROOT>/external_datasets/functional_protocol_round4_widechem_boost/meta_gga_r2scan/cif/mp-1223978.cif,train,-0.1302861250000001,-6.899243672688802,-0.2098716530010831,-0.2096168548804744,-0.1804115320862208,6,3
mp-1975044,Gd4Sb3,<PROJECT_ROOT>/external_datasets/functional_protocol_round4_widechem_boost/meta_gga_r2scan/cif/mp-1975044.cif,train,-1.160777204285718,-10.861829485212054,-1.06850617330881,-1.067525363471141,-0.9551035456023388,14,2
mp-20531,NdCoGe,<PROJECT_ROOT>/external_datasets/functional_protocol_round4_widechem_boost/meta_gga_r2scan/cif/mp-20531.cif,train,-0.606559195833332,-6.081740061442058,-0.6162937413869081,-0.6148925621390466,-0.4542874048963238,6,3
mp-1203382,Sn2W3Cl14,<PROJECT_ROOT>/external_datasets/functional_protocol_round4_widechem_boost/meta_gga_r2scan/cif/mp-1203382.cif,train,-0.9728654794736856,-4.703924078690378,-1.3644826677216175,-1.364928884007937,-1.4160748290683798,38,3
mp-22337,Hf5Ga3,<PROJECT_ROOT>/external_datasets/functional_protocol_round4_widechem_boost/meta_gga_r2scan/cif/mp-22337.cif,train,-0.5180995300000006,-7.799380302429199,-0.4541944527137307,-0.4584397678405016,-0.9450438226218631,16,2
mp-1001780,LuCuS2,<PROJECT_ROOT>/external_datasets/functional_protocol_round4_widechem_boost/meta_gga_r2scan/cif/mp-1001780.cif,train,-1.5828608855729165,-5.588387489318848,-1.509972844575259,-1.506685759414431,-1.1299153855060526,4,3
mp-3739,NdCuSe2,<PROJECT_ROOT>/external_datasets/functional_protocol_round4_widechem_boost/meta_gga_r2scan/cif/mp-3739.cif,train,-1.4522591682812482,-5.200704574584961,-1.370390698214404,-1.366460774287158,-0.9160073071403662,16,3
mp-23067,K2PdCl6,<PROJECT_ROOT>/external_datasets/functional_protocol_round4_widechem_boost/meta_gga_r2scan/cif/mp-23067.cif,train,-1.3130501047222225,-3.1862044864230685,-1.3091781439708845,-1.3111290783581522,-1.5347479511888082,9,3
mp-1205394,K2SbF5,<PROJECT_ROOT>/external_datasets/functional_protocol_round4_widechem_boost/meta_gga_r2scan/cif/mp-1205394.cif,train,-2.8272158643750007,-4.607484340667725,-2.9477060864658604,-2.9446758922019063,-2.59735071807749,32,3
mp-2632,TlF3,<PROJECT_ROOT>/external_datasets/functional_protocol_round4_widechem_boost/meta_gga_r2scan/cif/mp-2632.cif,train,-1.974226001249999,-3.754194021224976,-2.0979916294482632,-2.103826071233607,-2.7725780826528807,16,2
mp-1206612,Eu(CoGe)2,<PROJECT_ROOT>/external_datasets/functional_protocol_round4_widechem_boost/meta_gga_r2scan/cif/mp-1206612.cif,train,-0.4420178290000024,-7.241014862060547,-0.472088173561632,-0.4716891317281027,-0.4259503895107352,5,3
mp-3384,Er3Al5O12,<PROJECT_ROOT>/external_datasets/functional_protocol_round4_widechem_boost/meta_gga_r2scan/cif/mp-3384.cif,train,-3.642072838125,-7.884009552001953,-3.695684733803591,-3.684347251843119,-2.384828952672731,80,3
mp-3217056,Yb(InS2)2,<PROJECT_ROOT>/external_datasets/functional_protocol_round4_widechem_boost/meta_gga_r2scan/cif/mp-3217056.cif,train,-1.0643323294642866,-4.284149169921875,-1.0966814351701344,-1.0966042893785977,-1.0877617290856891,14,3
mp-1213898,Ce3PI3,<PROJECT_ROOT>/external_datasets/functional_protocol_round4_widechem_boost/meta_gga_r2scan/cif/mp-1213898.cif,train,-1.614501032925168,-5.261289324079241,-1.484785824742317,-1.4846706396399425,-1.4714679594642974,28,3
mp-862919,PmInHg2,<PROJECT_ROOT>/external_datasets/functional_protocol_round4_widechem_boost/meta_gga_r2scan/cif/mp-862919.cif,train,-0.4748182431250001,-2.416594982147217,-0.415985281365252,-0.4126078695034803,-0.0254841207291796,4,3
mp-5597,Ca(FeP)2,<PROJECT_ROOT>/external_datasets/functional_protocol_round4_widechem_boost/meta_gga_r2scan/cif/mp-5597.cif,train,-0.7174799851904765,-6.78828125,-0.8753905902126462,-0.8708644420276901,-0.35207090289604,5,3
mp-865604,Li5Mg,<PROJECT_ROOT>/external_datasets/functional_protocol_round4_widechem_boost/meta_gga_r2scan/cif/mp-865604.cif,train,-0.0141237813888892,-1.8763583501180008,-0.0984914992212842,-0.1017906571196451,-0.4799448253634564,6,2
mp-1079568,NaIrO3,<PROJECT_ROOT>/external_datasets/functional_protocol_round4_widechem_boost/meta_gga_r2scan/cif/mp-1079568.cif,train,-1.1754848902499986,-6.053015899658203,-1.4330511706485076,-1.4398472142495269,-2.2188193927525868,10,3
mp-862832,PaTlO3,<PROJECT_ROOT>/external_datasets/functional_protocol_round4_widechem_boost/meta_gga_r2scan/cif/mp-862832.cif,train,-2.9883332952499986,-8.1009765625,-3.133529648027884,-3.126000032718728,-2.26294482221685,5,3
mp-1078964,Mg3Au,<PROJECT_ROOT>/external_datasets/functional_protocol_round4_widechem_boost/meta_gga_r2scan/cif/mp-1078964.cif,train,-0.4134781812499994,-2.4086081981658936,-0.3707675747993217,-0.3669717987229859,0.0681054510521359,8,2
mp-1187575,Tm2GaRu,<PROJECT_ROOT>/external_datasets/functional_protocol_round4_widechem_boost/meta_gga_r2scan/cif/mp-1187575.cif,train,-0.569599226250002,-5.813739776611328,-0.5568061748867823,-0.5578407104885823,-0.6764206518163745,4,3
mp-1071948,TmS2,<PROJECT_ROOT>/external_datasets/functional_protocol_round4_widechem_boost/meta_gga_r2scan/cif/mp-1071948.cif,train,-1.870202551875001,-5.878517786661784,-1.825455085188933,-1.8232083433602897,-1.5656836010922996,6,2
mp-11091,NdMgPt,<PROJECT_ROOT>/external_datasets/functional_protocol_round4_widechem_boost/meta_gga_r2scan/cif/mp-11091.cif,train,-0.9614652775,-5.0390908983018665,-0.958900424298271,-0.9559705722198836,-0.6201467620480645,9,3
mp-645208,Sr2Co2O5,<PROJECT_ROOT>/external_datasets/functional_protocol_round4_widechem_boost/meta_gga_r2scan/cif/mp-645208.cif,train,-2.088148817916666,-6.073636796739367,-1.7266151765583857,-1.729682688492825,-2.0812852670567707,36,3
mp-1215178,ZrTiB4,<PROJECT_ROOT>/external_datasets/functional_protocol_round4_widechem_boost/meta_gga_r2scan/cif/mp-1215178.cif,train,-1.0636314786111118,-8.194523493448893,-1.0077472562157066,-1.0062803399096731,-0.8381403076082601,6,3
mp-1094066,ScAgS2,<PROJECT_ROOT>/external_datasets/functional_protocol_round4_widechem_boost/meta_gga_r2scan/cif/mp-1094066.cif,train,-1.407028206406249,-5.577357769012451,-1.3453239321545176,-1.3435374029474645,-1.138762885582702,4,3
mp-19082,TiMnO3,<PROJECT_ROOT>/external_datasets/functional_protocol_round4_widechem_boost/meta_gga_r2scan/cif/mp-19082.cif,train,-2.8516047874798844,-8.570306396484375,-2.7159732961374576,-2.712798369874686,-2.348883808300911,10,3
mp-19219,Li3VO4,<PROJECT_ROOT>/external_datasets/functional_protocol_round4_widechem_boost/meta_gga_r2scan/cif/mp-19219.cif,train,-2.565597076875,-6.259456634521484,-2.363258072618624,-2.360100685090128,-1.9981964381705384,16,3
mp-1079184,MnGeRh,<PROJECT_ROOT>/external_datasets/functional_protocol_round4_widechem_boost/meta_gga_r2scan/cif/mp-1079184.cif,train,-0.5798971003831418,-7.408094618055555,-0.6237412511973881,-0.6217528823744454,-0.3938432213130992,9,3
mp-2764005,KCrCl3,<PROJECT_ROOT>/external_datasets/functional_protocol_round4_widechem_boost/meta_gga_r2scan/cif/mp-2764005.cif,train,-1.6816675772499992,-4.622916412353516,-1.628814282852701,-1.6258010965889411,-1.2804254036251457,10,3
mp-1217987,Ta3Co2Mo,<PROJECT_ROOT>/external_datasets/functional_protocol_round4_widechem_boost/meta_gga_r2scan/cif/mp-1217987.cif,train,-0.1129132453333359,-10.296578725179035,-0.2203612535398633,-0.219209037170077,-0.0871403589247816,6,3
mp-542120,Ba2FeO4,<PROJECT_ROOT>/external_datasets/functional_protocol_round4_widechem_boost/meta_gga_r2scan/cif/mp-542120.cif,train,-2.3986644764285705,-6.24562236240932,-2.043075331149674,-2.045204244535718,-2.2892233232127763,28,3
mp-7208,Yb2Se3,<PROJECT_ROOT>/external_datasets/functional_protocol_round4_widechem_boost/meta_gga_r2scan/cif/mp-7208.cif,train,-2.168758897437499,-3.851450347900391,-1.3216590641566306,-1.3183365035024366,-0.9374998781135628,20,2
mp-19889,ThPb,<PROJECT_ROOT>/external_datasets/functional_protocol_round4_widechem_boost/meta_gga_r2scan/cif/mp-19889.cif,train,-0.3877740525000064,-5.843473434448242,-0.3151510376877331,-0.3178746019587208,-0.6300534103980933,4,2
mp-1183063,Ac2CdGe,<PROJECT_ROOT>/external_datasets/functional_protocol_round4_widechem_boost/meta_gga_r2scan/cif/mp-1183063.cif,train,-0.4648085137500004,-3.8483691215515137,-0.4445469699630515,-0.4445247117343838,-0.441973441925533,4,3
mp-30192,Pr4Se3O4,<PROJECT_ROOT>/external_datasets/functional_protocol_round4_widechem_boost/meta_gga_r2scan/cif/mp-30192.cif,train,-3.021387888077648,-7.221230940385298,-3.05433416204383,-3.04547708027624,-2.030265777240576,11,3
mp-23642,VBiPbO5,<PROJECT_ROOT>/external_datasets/functional_protocol_round4_widechem_boost/meta_gga_r2scan/cif/mp-23642.cif,train,-1.9423897879687504,-6.547272682189941,-1.8297711106477363,-1.8322808888737976,-2.119955236934066,16,4
mp-977562,NdCdAu2,<PROJECT_ROOT>/external_datasets/functional_protocol_round4_widechem_boost/meta_gga_r2scan/cif/mp-977562.cif,train,-0.7009898218749981,-3.6979496479034415,-0.689567830132757,-0.6872997586168124,-0.4273301772702749,4,3
mp-13282,Sm(ErSe2)3,<PROJECT_ROOT>/external_datasets/functional_protocol_round4_widechem_boost/meta_gga_r2scan/cif/mp-13282.cif,train,-2.172301722937499,-5.803936004638672,-2.0651502875227674,-2.060030051246648,-1.473141290576497,20,3
mp-568938,Pr,<PROJECT_ROOT>/external_datasets/functional_protocol_round4_widechem_boost/meta_gga_r2scan/cif/mp-568938.cif,train,0.1124312783333358,-4.686162948608398,0.0018771448518917,-0.0074133179718485,-1.072299373738096,1,1
mp-542099,Cs4PbO4,<PROJECT_ROOT>/external_datasets/functional_protocol_round4_widechem_boost/meta_gga_r2scan/cif/mp-542099.cif,train,-1.3574737155555536,-4.204422420925564,-1.5186452965144586,-1.5206019911709925,-1.7448811142533192,36,3
mp-754220,Tm(CuO2)2,<PROJECT_ROOT>/external_datasets/functional_protocol_round4_widechem_boost/meta_gga_r2scan/cif/mp-754220.cif,train,-1.96709135,-6.324940817696708,-2.043510151813651,-2.0429686694437823,-1.9809031904617205,14,3
mp-1018727,HoS2,<PROJECT_ROOT>/external_datasets/functional_protocol_round4_widechem_boost/meta_gga_r2scan/cif/mp-1018727.cif,train,-1.8926559118749988,-5.936307907104492,-1.8395109900881472,-1.8370101715285465,-1.55036279317412,6,2
mp-28713,Na2Te2O5,<PROJECT_ROOT>/external_datasets/functional_protocol_round4_widechem_boost/meta_gga_r2scan/cif/mp-28713.cif,train,-1.4896011270833327,-5.08961910671658,-1.7418879640817124,-1.745983714903872,-2.215444496477275,36,3
mp-1022963,IrO3,<PROJECT_ROOT>/external_datasets/functional_protocol_round4_widechem_boost/meta_gga_r2scan/cif/mp-1022963.cif,train,-0.4126973490625012,-6.334197998046875,-0.8692032211362459,-0.8843296734711306,-2.618145143189032,8,2
mp-1197970,Cs3LaBr6,<PROJECT_ROOT>/external_datasets/functional_protocol_round4_widechem_boost/meta_gga_r2scan/cif/mp-1197970.cif,train,-2.178398543,-3.669845581054688,-2.139938848097301,-2.133875524240988,-1.4388887244784172,40,3
mp-21023,Ti3SnC2,<PROJECT_ROOT>/external_datasets/functional_protocol_round4_widechem_boost/meta_gga_r2scan/cif/mp-21023.cif,train,-0.8783803083333339,-8.47137196858724,-0.7769366346593589,-0.7759288279916419,-0.6604125950836003,12,3
mp-1383723,MgBiF6,<PROJECT_ROOT>/external_datasets/functional_protocol_round4_widechem_boost/meta_gga_r2scan/cif/mp-1383723.cif,train,-2.75197215375,-4.664523601531982,-2.9041098376781505,-2.903404245882977,-2.8225283112819546,8,3
mp-1385157,CaCr2F10,<PROJECT_ROOT>/external_datasets/functional_protocol_round4_widechem_boost/meta_gga_r2scan/cif/mp-1385157.cif,train,-3.018996702307692,-5.434299762432392,-2.7961489194412,-2.797876662812817,-2.995913064150604,13,3
mp-1104551,DyZn12,<PROJECT_ROOT>/external_datasets/functional_protocol_round4_widechem_boost/meta_gga_r2scan/cif/mp-1104551.cif,train,-0.2062406180769253,-1.6896644005408654,-0.1996861297784171,-0.1985593356827699,-0.0694045946398514,13,2
mp-984772,Ce3Zn,<PROJECT_ROOT>/external_datasets/functional_protocol_round4_widechem_boost/meta_gga_r2scan/cif/mp-984772.cif,train,-0.0819393087500017,-4.808987140655518,-0.2398855190602198,-0.2507961907769713,-1.5013928930789056,4,2
mp-1342,BaO,<PROJECT_ROOT>/external_datasets/functional_protocol_round4_widechem_boost/meta_gga_r2scan/cif/mp-1342.cif,train,-2.6793023568750023,-5.910282135009766,-2.836873557355185,-2.833046989679546,-2.394440363018863,2,2
mp-1187422,Ti2CoOs,<PROJECT_ROOT>/external_datasets/functional_protocol_round4_widechem_boost/meta_gga_r2scan/cif/mp-1187422.cif,train,-0.6236356158333365,-9.08569049835205,-0.5698944144348417,-0.5693047108748512,-0.5017120505314628,4,3
mp-1207685,Y6RhI10,<PROJECT_ROOT>/external_datasets/functional_protocol_round4_widechem_boost/meta_gga_r2scan/cif/mp-1207685.cif,train,-1.460140382647062,-4.865962308995864,-1.3946657746654263,-1.3925484749353636,-1.149860570015984,17,3
mp-561973,K(TeO3)2,<PROJECT_ROOT>/external_datasets/functional_protocol_round4_widechem_boost/meta_gga_r2scan/cif/mp-561973.cif,train,-1.3101610537500017,-5.261838277180989,-1.5912445874722954,-1.599297876034954,-2.5223772592843083,36,3
mp-19235,Sr6(CoO3)5,<PROJECT_ROOT>/external_datasets/functional_protocol_round4_widechem_boost/meta_gga_r2scan/cif/mp-19235.cif,train,-2.1630763988942303,-6.049977229191707,-1.8088051124610611,-1.811937900494323,-2.17102251829889,26,3
mp-557259,MoF6,<PROJECT_ROOT>/external_datasets/functional_protocol_round4_widechem_boost/meta_gga_r2scan/cif/mp-557259.cif,train,-2.636013854642857,-4.885400499616351,-2.1577882260098944,-2.1665820018690463,-3.17453709168594,28,2
mp-973865,PaAl3,<PROJECT_ROOT>/external_datasets/functional_protocol_round4_widechem_boost/meta_gga_r2scan/cif/mp-973865.cif,train,-0.2464141724999997,-5.43165397644043,-0.2667791593928124,-0.2710688589777108,-0.7627603234462321,4,2
mp-2207,NbSe2,<PROJECT_ROOT>/external_datasets/functional_protocol_round4_widechem_boost/meta_gga_r2scan/cif/mp-2207.cif,train,-0.9834434577083327,-6.535701751708984,-0.9608983746776314,-0.9629214430062074,-1.1948084107316783,6,2
mp-7302,CrP4,<PROJECT_ROOT>/external_datasets/functional_protocol_round4_widechem_boost/meta_gga_r2scan/cif/mp-7302.cif,train,-0.2641651193809523,-6.538819122314453,-0.4159031434676761,-0.4170121293738864,-0.5441256704273991,10,2
mp-6987,Sr(GaTe2)2,<PROJECT_ROOT>/external_datasets/functional_protocol_round4_widechem_boost/meta_gga_r2scan/cif/mp-6987.cif,train,-0.884241162857145,-3.644975662231445,-0.827348724655097,-0.8266284564367812,-0.7440702893521923,14,3
mp-1202511,Cs2Mo4O13,<PROJECT_ROOT>/external_datasets/functional_protocol_round4_widechem_boost/meta_gga_r2scan/cif/mp-1202511.cif,train,-2.215293987828946,-6.658773723401521,-1.388701285901754,-1.3957501067756235,-2.203695975629375,38,3
mp-1199216,Cs2ZnBi2S5,<PROJECT_ROOT>/external_datasets/functional_protocol_round4_widechem_boost/meta_gga_r2scan/cif/mp-1199216.cif,train,-0.919062430156248,-3.933316421508789,-0.9174650658660526,-0.9175925701522134,-0.9322072926863848,40,4
mp-2214312,Ho10Te7S10,<PROJECT_ROOT>/external_datasets/functional_protocol_round4_widechem_boost/meta_gga_r2scan/cif/mp-2214312.cif,train,-1.9964796577083328,-5.766059592918113,-1.877073458482275,-1.8720386943263796,-1.2949468695802049,27,3
mp-867208,Sr2LiIn,<PROJECT_ROOT>/external_datasets/functional_protocol_round4_widechem_boost/meta_gga_r2scan/cif/mp-867208.cif,train,-0.3064344666666656,-2.254669666290283,-0.3186181957726384,-0.3225959935220777,-0.7785368262228879,4,3
mp-1080661,Gd2SnAu2,<PROJECT_ROOT>/external_datasets/functional_protocol_round4_widechem_boost/meta_gga_r2scan/cif/mp-1080661.cif,train,-0.8723579289999975,-8.569905853271484,-0.8281924895575843,-0.827497674238928,-0.7478569546965924,10,3
mp-7868,PtO2,<PROJECT_ROOT>/external_datasets/functional_protocol_round4_widechem_boost/meta_gga_r2scan/cif/mp-7868.cif,train,-0.5645420058333315,-5.754421234130859,-0.8875581426285777,-0.902122479198777,-2.571507440889209,6,2
mp-752675,BaYF5,<PROJECT_ROOT>/external_datasets/functional_protocol_round4_widechem_boost/meta_gga_r2scan/cif/mp-752675.cif,train,-4.344701367857145,-6.56866455078125,-4.3840723357359686,-4.373159554109962,-3.1223210110105453,14,3
mp-1192674,Ba(LuSe2)2,<PROJECT_ROOT>/external_datasets/functional_protocol_round4_widechem_boost/meta_gga_r2scan/cif/mp-1192674.cif,train,-2.251692298511902,-5.509408133370536,-2.137743883179467,-2.1319188376807627,-1.4642438419932384,28,3
mp-1007665,HoTlS2,<PROJECT_ROOT>/external_datasets/functional_protocol_round4_widechem_boost/meta_gga_r2scan/cif/mp-1007665.cif,train,-1.71632313765625,-5.288485050201416,-1.6238463498100253,-1.6188801359256244,-1.049645640746374,4,3
mp-1224173,HfZn2Ga,<PROJECT_ROOT>/external_datasets/functional_protocol_round4_widechem_boost/meta_gga_r2scan/cif/mp-1224173.cif,train,-0.3795413224999997,-4.213072776794434,-0.3495033410396417,-0.3498075224444275,-0.384673227472069,4,3
mp-976823,LaPm3,<PROJECT_ROOT>/external_datasets/functional_protocol_round4_widechem_boost/meta_gga_r2scan/cif/mp-976823.cif,train,0.029313474374998,-4.7559590339660645,-0.0388288039547388,-0.044599647051525,-0.7060618863792502,8,2
mp-10623,ThSbRh,<PROJECT_ROOT>/external_datasets/functional_protocol_round4_widechem_boost/meta_gga_r2scan/cif/mp-10623.cif,train,-1.178002269999998,-7.355506261189778,-1.1216076438655778,-1.118746157061909,-0.790758471862619,3,3
mp-1222868,LaNdNi10,<PROJECT_ROOT>/external_datasets/functional_protocol_round4_widechem_boost/meta_gga_r2scan/cif/mp-1222868.cif,train,-0.2428810152083329,-5.90034294128418,-0.3870510235633624,-0.3863959139027093,-0.3113063133238609,12,3
mp-4952,La2MgNi2,<PROJECT_ROOT>/external_datasets/functional_protocol_round4_widechem_boost/meta_gga_r2scan/cif/mp-4952.cif,train,-0.2502160879999991,-4.9174140930175785,-0.4130442980241389,-0.415360734106259,-0.6808739307816921,10,3
mp-28894,Ba2P3Pd,<PROJECT_ROOT>/external_datasets/functional_protocol_round4_widechem_boost/meta_gga_r2scan/cif/mp-28894.cif,train,-1.014793911488096,-5.110799471537272,-0.9524053988204956,-0.95214037813066,-0.9217633299189344,24,3
mp-2536,Ni2B,<PROJECT_ROOT>/external_datasets/functional_protocol_round4_widechem_boost/meta_gga_r2scan/cif/mp-2536.cif,train,-0.2826535191666662,-6.365130106608073,-0.351131631041679,-0.3504491551810345,-0.2722228018566079,6,2
mp-19066,W3O8,<PROJECT_ROOT>/external_datasets/functional_protocol_round4_widechem_boost/meta_gga_r2scan/cif/mp-19066.cif,train,-2.2128194909090912,-7.514401522549716,-1.3725605766823508,-1.3806880985406815,-2.3122762076680106,22,2
mp-1096933,CsAgO2,<PROJECT_ROOT>/external_datasets/functional_protocol_round4_widechem_boost/meta_gga_r2scan/cif/mp-1096933.cif,train,-0.7795144218749979,-4.056790351867676,-0.9750746951532036,-0.9818121523366452,-1.7540690723725378,8,3
mp-1103253,UB4Ru,<PROJECT_ROOT>/external_datasets/functional_protocol_round4_widechem_boost/meta_gga_r2scan/cif/mp-1103253.cif,train,-0.5871990908333373,-8.41177495320638,-0.5811296626645177,-0.582906844658635,-0.7866099711872946,12,3
mp-1208456,Tb4(Al8Pd3)3,<PROJECT_ROOT>/external_datasets/functional_protocol_round4_widechem_boost/meta_gga_r2scan/cif/mp-1208456.cif,train,-0.7650290627027024,-4.904465546479097,-0.7374664017500878,-0.7359153668828338,-0.5581335455163285,37,3
mp-16911,Rb2S5,<PROJECT_ROOT>/external_datasets/functional_protocol_round4_widechem_boost/meta_gga_r2scan/cif/mp-16911.cif,train,-0.7121477505803588,-3.819873264857701,-0.7839473112510884,-0.790019825158101,-1.4860600015959553,28,2
mp-861738,CaMgPb,<PROJECT_ROOT>/external_datasets/functional_protocol_round4_widechem_boost/meta_gga_r2scan/cif/mp-861738.cif,train,-0.568420069166668,-2.875932057698568,-0.4618585422074157,-0.4592952079318975,-0.1654821893502791,12,3
mp-28196,KH9O5,<PROJECT_ROOT>/external_datasets/functional_protocol_round4_widechem_boost/meta_gga_r2scan/cif/mp-28196.cif,train,-1.158512616083333,-4.874081420898437,-1.2971730710464595,-1.296426356825096,-1.2108369112809985,60,3
mp-32625,MoCl4,<PROJECT_ROOT>/external_datasets/functional_protocol_round4_widechem_boost/meta_gga_r2scan/cif/mp-32625.cif,train,-1.0046821866666675,-4.447117106119792,-1.0526236364399568,-1.0559485335007528,-1.4370529611358742,30,2
mp-1213907,Ce2(Ga3Rh)3,<PROJECT_ROOT>/external_datasets/functional_protocol_round4_widechem_boost/meta_gga_r2scan/cif/mp-1213907.cif,train,-0.7460119889285701,-5.063713073730469,-0.7446978374584567,-0.7434808911011643,-0.6039927696715504,28,3
mp-21779,CaCuGe,<PROJECT_ROOT>/external_datasets/functional_protocol_round4_widechem_boost/meta_gga_r2scan/cif/mp-21779.cif,train,-0.5104631777777782,-4.046531253390842,-0.4913192167174149,-0.4899418241913471,-0.3320631348148825,36,3
mp-1186626,PmPrMg2,<PROJECT_ROOT>/external_datasets/functional_protocol_round4_widechem_boost/meta_gga_r2scan/cif/mp-1186626.cif,train,-0.1113824997916665,-3.2908823490142822,-0.1241520173788663,-0.1253385938276041,-0.261345673167162,4,3
mp-626194,Sc(HO)3,<PROJECT_ROOT>/external_datasets/functional_protocol_round4_widechem_boost/meta_gga_r2scan/cif/mp-626194.cif,train,-2.0650930078571434,-6.406155177525112,-2.185376678954253,-2.1810391946601198,-1.6838705788936996,28,3
mp-1184278,GaPd3,<PROJECT_ROOT>/external_datasets/functional_protocol_round4_widechem_boost/meta_gga_r2scan/cif/mp-1184278.cif,train,-0.4430310537500013,-5.09111213684082,-0.4461502478100456,-0.446329562757235,-0.4668828969098682,8,2
mp-1186620,PmMg2,<PROJECT_ROOT>/external_datasets/functional_protocol_round4_widechem_boost/meta_gga_r2scan/cif/mp-1186620.cif,train,-0.1191958091666667,-2.7444095611572266,-0.0847824834634352,-0.0839716068176859,0.0089722270231492,6,2
mp-983581,Er2PdRh,<PROJECT_ROOT>/external_datasets/functional_protocol_round4_widechem_boost/meta_gga_r2scan/cif/mp-983581.cif,train,-0.9740140041666656,-6.34573221206665,-1.0161799486187002,-1.0161569857736,-1.013524951824128,4,3
mp-1202267,Lu5Pt4,<PROJECT_ROOT>/external_datasets/functional_protocol_round4_widechem_boost/meta_gga_r2scan/cif/mp-1202267.cif,train,-1.3535792250925929,-6.445816463894314,-1.3735311363192189,-1.3721794941757617,-1.2172523502589083,36,2
mp-1095487,LuTc2,<PROJECT_ROOT>/external_datasets/functional_protocol_round4_widechem_boost/meta_gga_r2scan/cif/mp-1095487.cif,train,-0.3087472422222248,-8.681289672851562,-0.2616128971903038,-0.2615662358508235,-0.2562178467888635,12,2
mp-24091,GaH4NF4,<PROJECT_ROOT>/external_datasets/functional_protocol_round4_widechem_boost/meta_gga_r2scan/cif/mp-24091.cif,train,-1.7184669238750003,-4.831567001342774,-1.7749036871634267,-1.7741708568898575,-1.6901728091769392,20,4
mp-862842,LiPm2Pt,<PROJECT_ROOT>/external_datasets/functional_protocol_round4_widechem_boost/meta_gga_r2scan/cif/mp-862842.cif,train,-0.6147241979166651,-4.913883209228516,-0.6253594087395289,-0.6248852057320331,-0.5705313829061657,4,3
mp-1079837,Gd(BOs)2,<PROJECT_ROOT>/external_datasets/functional_protocol_round4_widechem_boost/meta_gga_r2scan/cif/mp-1079837.cif,train,-0.5339275200000031,-10.438616943359374,-0.4714432854832662,-0.4702747024683278,-0.336330056091575,10,3
mp-15988,Li2CuSb,<PROJECT_ROOT>/external_datasets/functional_protocol_round4_widechem_boost/meta_gga_r2scan/cif/mp-15988.cif,train,-0.485565228333332,-3.4358513355255127,-0.479378777383721,-0.4776191704766566,-0.2759305254077739,4,3
mp-753879,Pr2S2O,<PROJECT_ROOT>/external_datasets/functional_protocol_round4_widechem_boost/meta_gga_r2scan/cif/mp-753879.cif,train,-2.860264451041664,-7.09893798828125,-2.7998865438556395,-2.79133338697459,-1.8109583864805023,20,3
mp-2403,YPt3,<PROJECT_ROOT>/external_datasets/functional_protocol_round4_widechem_boost/meta_gga_r2scan/cif/mp-2403.cif,train,-1.0664538675000017,-7.138576507568359,-1.0834063563497685,-1.0826849976588724,-1.0000018390566157,4,2
mp-5782,AlAgS2,<PROJECT_ROOT>/external_datasets/functional_protocol_round4_widechem_boost/meta_gga_r2scan/cif/mp-5782.cif,train,-0.9040030489062492,-4.4664154052734375,-0.8649262580321269,-0.8653027222309886,-0.9084535838692442,8,3
mp-17577,Ca6MnN5,<PROJECT_ROOT>/external_datasets/functional_protocol_round4_widechem_boost/meta_gga_r2scan/cif/mp-17577.cif,train,-1.0429227656860636,-6.08566157023112,-1.0702810310536028,-1.0686919056312698,-0.8865440906923296,24,3
mp-2121,ScAl3,<PROJECT_ROOT>/external_datasets/functional_protocol_round4_widechem_boost/meta_gga_r2scan/cif/mp-2121.cif,train,-0.4791273562499993,-4.844683647155762,-0.4909281005563093,-0.4929049326201005,-0.7194922339477694,4,2
mp-861498,Pr2HgPb,<PROJECT_ROOT>/external_datasets/functional_protocol_round4_widechem_boost/meta_gga_r2scan/cif/mp-861498.cif,train,-0.6293275827083349,-3.9099628925323486,-0.551381740759084,-0.5501275736545646,-0.4063731572665472,4,3
mp-22307,ScSi2Rh,<PROJECT_ROOT>/external_datasets/functional_protocol_round4_widechem_boost/meta_gga_r2scan/cif/mp-22307.cif,train,-0.9408155531250006,-7.049407005310059,-0.9090932875544792,-0.9089949945510644,-0.8977285107705656,16,3
mp-1212360,Ho6Ti4Al43,<PROJECT_ROOT>/external_datasets/functional_protocol_round4_widechem_boost/meta_gga_r2scan/cif/mp-1212360.cif,train,-0.3613012677672954,-4.48881012538694,-0.3632696635675962,-0.3655771280784359,-0.6300619905003415,106,3
mp-861982,PaGa3,<PROJECT_ROOT>/external_datasets/functional_protocol_round4_widechem_boost/meta_gga_r2scan/cif/mp-861982.cif,train,-0.3840419224999998,-5.020428657531738,-0.3825369206657694,-0.384699232525227,-0.6325464917033069,4,2
mp-864959,Dy2CuOs,<PROJECT_ROOT>/external_datasets/functional_protocol_round4_widechem_boost/meta_gga_r2scan/cif/mp-864959.cif,train,-0.3125095374999986,-6.392681121826172,-0.3570508137945429,-0.3583714633325332,-0.5097461907536905,4,3
mp-1205302,TcO2,<PROJECT_ROOT>/external_datasets/functional_protocol_round4_widechem_boost/meta_gga_r2scan/cif/mp-1205302.cif,train,-1.603453624166666,-8.103106180826822,-1.737647644720866,-1.741208578342138,-2.149367852077659,6,2
mp-1222703,LaSmB12,<PROJECT_ROOT>/external_datasets/functional_protocol_round4_widechem_boost/meta_gga_r2scan/cif/mp-1222703.cif,train,-0.572230745357144,-6.923106602260044,-0.5161833594446996,-0.5183065245989278,-0.761666732773369,14,3
mp-1186017,Na3Ag,<PROJECT_ROOT>/external_datasets/functional_protocol_round4_widechem_boost/meta_gga_r2scan/cif/mp-1186017.cif,train,0.0499634912500006,-1.6913249492645264,-0.0389490532994818,-0.0418416191917998,-0.37339163371245,4,2
mp-972981,K,<PROJECT_ROOT>/external_datasets/functional_protocol_round4_widechem_boost/meta_gga_r2scan/cif/mp-972981.cif,train,0.00667069125,-1.094941020011902,-0.0358902964028982,-0.0408630618266876,-0.6108485037638698,2,1
mp-22893,PbI2,<PROJECT_ROOT>/external_datasets/functional_protocol_round4_widechem_boost/meta_gga_r2scan/cif/mp-22893.cif,train,-0.763863268333329,-2.9155985514322915,-0.7763387362905703,-0.7755884777493272,-0.6895927772179915,3,2
mp-1029143,Te6Mo3WSe2,<PROJECT_ROOT>/external_datasets/functional_protocol_round4_widechem_boost/meta_gga_r2scan/cif/mp-1029143.cif,train,-0.3320060798437509,-6.246436436971028,-0.6384876638554671,-0.6365552139092276,-0.4150550539866842,12,4
mp-1103590,MgSe2,<PROJECT_ROOT>/external_datasets/functional_protocol_round4_widechem_boost/meta_gga_r2scan/cif/mp-1103590.cif,train,-0.9922607627083336,-3.683273315429688,-0.963942231485039,-0.9636146801114692,-0.9260702760405676,12,2
mp-28299,USe2O7,<PROJECT_ROOT>/external_datasets/functional_protocol_round4_widechem_boost/meta_gga_r2scan/cif/mp-28299.cif,train,-1.7889919794375004,-6.954106140136719,-2.1805141913004524,-2.186629831551641,-2.8876132108653736,40,3
mp-1184627,Ho2CdHg,<PROJECT_ROOT>/external_datasets/functional_protocol_round4_widechem_boost/meta_gga_r2scan/cif/mp-1184627.cif,train,-0.473324031875002,-2.983351945877075,-0.4242801774721214,-0.4248196476680164,-0.4866544884095721,4,3
mp-1224113,HoAl3Cu,<PROJECT_ROOT>/external_datasets/functional_protocol_round4_widechem_boost/meta_gga_r2scan/cif/mp-1224113.cif,train,-0.4800070290000008,-4.410739898681641,-0.4474906645868053,-0.4473503001311991,-0.4312615266940292,5,3
mp-755988,Hf3N4,<PROJECT_ROOT>/external_datasets/functional_protocol_round4_widechem_boost/meta_gga_r2scan/cif/mp-755988.cif,train,-1.9552555850000035,-10.67694091796875,-1.7830177074174074,-1.777137721100841,-1.1031653307673337,14,2
mp-1192913,Gd(Al5Ru)2,<PROJECT_ROOT>/external_datasets/functional_protocol_round4_widechem_boost/meta_gga_r2scan/cif/mp-1192913.cif,train,-0.5638913830769223,-5.908522385817308,-0.5339205582070097,-0.5335463086794014,-0.4906492958091732,26,3
mp-541504,U4Tc7Ge6,<PROJECT_ROOT>/external_datasets/functional_protocol_round4_widechem_boost/meta_gga_r2scan/cif/mp-541504.cif,train,-0.4921276582352969,-8.998605167164522,-0.487031094213405,-0.4874214577129985,-0.5321654769626027,17,3
mp-30775,PrMg2,<PROJECT_ROOT>/external_datasets/functional_protocol_round4_widechem_boost/meta_gga_r2scan/cif/mp-30775.cif,train,-0.1233152738888871,-2.7685302098592124,-0.1130098279034022,-0.1139779652209442,-0.2249472408197044,6,2
mp-1211246,LaSiPd,<PROJECT_ROOT>/external_datasets/functional_protocol_round4_widechem_boost/meta_gga_r2scan/cif/mp-1211246.cif,train,-1.0022757312499997,-6.128425598144531,-0.97605299520474,-0.9764245655363952,-1.0190144851590863,24,3
mp-568610,Bi,<PROJECT_ROOT>/external_datasets/functional_protocol_round4_widechem_boost/meta_gga_r2scan/cif/mp-568610.cif,train,0.2352869749999939,-3.7481982707977295,0.1825602806487127,0.1836337901773284,0.3066809784016453,1,1
mp-1280876,VOF2,<PROJECT_ROOT>/external_datasets/functional_protocol_round4_widechem_boost/meta_gga_r2scan/cif/mp-1280876.cif,train,-2.9279162003125005,-6.455519199371338,-2.552673199160922,-2.555785327281788,-2.912501876557993,16,3
mp-33803,Nd2Mo2O7,<PROJECT_ROOT>/external_datasets/functional_protocol_round4_widechem_boost/meta_gga_r2scan/cif/mp-33803.cif,train,-2.8592690478409084,-7.83054629239169,-2.307651107821622,-2.306800171346364,-2.2092646228986514,22,3
mp-979266,Sm3Al,<PROJECT_ROOT>/external_datasets/functional_protocol_round4_widechem_boost/meta_gga_r2scan/cif/mp-979266.cif,train,-0.2377435900000009,-4.656233787536621,-0.2769069130735868,-0.2839043039105604,-1.085955188824676,8,2
mp-1025136,EuAl3Cu2,<PROJECT_ROOT>/external_datasets/functional_protocol_round4_widechem_boost/meta_gga_r2scan/cif/mp-1025136.cif,train,-0.4007187025000007,-5.31451416015625,-0.3434085513536056,-0.34367566471066,-0.3742925774132013,6,3
mp-1227625,Ca3Tl4O9,<PROJECT_ROOT>/external_datasets/functional_protocol_round4_widechem_boost/meta_gga_r2scan/cif/mp-1227625.cif,train,-1.7244697505468771,-5.288345336914063,-1.9115289655540015,-1.9120925608790411,-1.976692658217124,16,3
mp-555283,V3S,<PROJECT_ROOT>/external_datasets/functional_protocol_round4_widechem_boost/meta_gga_r2scan/cif/mp-555283.cif,train,-0.6075182732031248,-8.387054443359375,-1.0775431871312904,-1.075658335426847,-0.8596139536416672,32,2
mp-14069,CsAlO2,<PROJECT_ROOT>/external_datasets/functional_protocol_round4_widechem_boost/meta_gga_r2scan/cif/mp-14069.cif,train,-2.8005457243749987,-6.134392261505127,-2.844366383455521,-2.836796368256727,-1.9691104649737692,8,3
mp-1210768,Lu4CdPd,<PROJECT_ROOT>/external_datasets/functional_protocol_round4_widechem_boost/meta_gga_r2scan/cif/mp-1210768.cif,train,-0.5151612527777729,-4.5071055094401045,-0.5759713352807605,-0.5799967321492279,-1.0413934435399963,24,3
mp-452,CoAs3,<PROJECT_ROOT>/external_datasets/functional_protocol_round4_widechem_boost/meta_gga_r2scan/cif/mp-452.cif,train,-0.2950340049999997,-5.563276767730713,-0.3821284298870981,-0.3830266374353517,-0.4859804634669753,16,2
mp-29388,K2Ge2Se5,<PROJECT_ROOT>/external_datasets/functional_protocol_round4_widechem_boost/meta_gga_r2scan/cif/mp-29388.cif,train,-0.8100338100347229,-3.903995090060764,-0.8259567100857432,-0.8280635059153516,-1.0695474388334485,36,3
mp-1206489,CsScI3,<PROJECT_ROOT>/external_datasets/functional_protocol_round4_widechem_boost/meta_gga_r2scan/cif/mp-1206489.cif,train,-1.5259961705000022,-3.676443481445312,-1.4642222831238216,-1.461092690957245,-1.1023743879340675,10,3
mp-1184658,HgPd3,<PROJECT_ROOT>/external_datasets/functional_protocol_round4_widechem_boost/meta_gga_r2scan/cif/mp-1184658.cif,train,-0.1453322493750022,-4.087925910949707,-0.1160517539710541,-0.1178581732757688,-0.3249125219075227,4,2
mp-542237,SmP4HO12,<PROJECT_ROOT>/external_datasets/functional_protocol_round4_widechem_boost/meta_gga_r2scan/cif/mp-542237.cif,train,-2.524979212814153,-7.255563524034288,-2.7304186805841386,-2.7284500002389818,-2.502797060488531,36,4
mp-29997,La3AsI3,<PROJECT_ROOT>/external_datasets/functional_protocol_round4_widechem_boost/meta_gga_r2scan/cif/mp-29997.cif,train,-1.6897625264285685,-4.898690904889788,-1.630722959379317,-1.628200069733011,-1.3390228720449673,28,3
mp-542269,Pr4(GeS4)3,<PROJECT_ROOT>/external_datasets/functional_protocol_round4_widechem_boost/meta_gga_r2scan/cif/mp-542269.cif,train,-1.4610187021271934,-5.590116400467722,-1.4090672860675255,-1.409091605235873,-1.4118791028835542,38,3
mp-23186,Sc7Cl12,<PROJECT_ROOT>/external_datasets/functional_protocol_round4_widechem_boost/meta_gga_r2scan/cif/mp-23186.cif,train,-2.0036798397368405,-5.266733269942434,-1.9564624958819536,-1.9550274940543595,-1.790545544638984,19,2
mp-1969,NbSb2,<PROJECT_ROOT>/external_datasets/functional_protocol_round4_widechem_boost/meta_gga_r2scan/cif/mp-1969.cif,train,-0.314983543333336,-6.390000025431315,-0.2776306288902859,-0.2788205775748222,-0.4152141873745281,6,2
mp-17024,Ba2NbN3,<PROJECT_ROOT>/external_datasets/functional_protocol_round4_widechem_boost/meta_gga_r2scan/cif/mp-17024.cif,train,-1.1723671989583362,-7.466993967692058,-1.1045436217977214,-1.1039443950350138,-1.035260171658677,24,3
mp-23384,LiIO3,<PROJECT_ROOT>/external_datasets/functional_protocol_round4_widechem_boost/meta_gga_r2scan/cif/mp-23384.cif,train,-1.0557848765833342,-4.608964920043945,-1.3832314472446463,-1.39196865770601,-2.393440141217134,40,3
mp-1196745,Sr2As2O7,<PROJECT_ROOT>/external_datasets/functional_protocol_round4_widechem_boost/meta_gga_r2scan/cif/mp-1196745.cif,train,-2.2809181496590907,-6.372919949618253,-2.494607573323659,-2.494645061653494,-2.4989420273107097,88,3
mp-532755,K4MgFe3(PO4)5,<PROJECT_ROOT>/external_datasets/functional_protocol_round4_widechem_boost/meta_gga_r2scan/cif/mp-532755.cif,train,-2.3925603042388155,-6.699424050071023,-2.3148934775409504,-2.313956629882746,-2.206573819518124,66,5
mp-409,NaS,<PROJECT_ROOT>/external_datasets/functional_protocol_round4_widechem_boost/meta_gga_r2scan/cif/mp-409.cif,train,-1.0019840564062494,-3.5468953450520835,-0.9787791362640732,-0.980603041962131,-1.1896617058567225,12,2
mp-3717,LuBRh3,<PROJECT_ROOT>/external_datasets/functional_protocol_round4_widechem_boost/meta_gga_r2scan/cif/mp-3717.cif,train,-0.8880950878333322,-7.4834434509277346,-0.884590503360764,-0.8832854383909812,-0.7336970363317525,5,3
mp-505661,Cs2RbFe(CN)6,<PROJECT_ROOT>/external_datasets/functional_protocol_round4_widechem_boost/meta_gga_r2scan/cif/mp-505661.cif,train,-0.1970559171093757,-7.409356594085693,-0.2307141693909251,-0.2319722674922903,-0.3761772603268011,32,5
mp-1185138,LaPrZn2,<PROJECT_ROOT>/external_datasets/functional_protocol_round4_widechem_boost/meta_gga_r2scan/cif/mp-1185138.cif,train,-0.3236026341666651,-3.369546890258789,-0.3822383515268575,-0.3847386831796981,-0.6713302515889057,4,3
mp-11453,HfPd3,<PROJECT_ROOT>/external_datasets/functional_protocol_round4_widechem_boost/meta_gga_r2scan/cif/mp-11453.cif,train,-0.8964716100000025,-7.249169826507568,-0.8743602976201927,-0.8730137853084559,-0.7186746299944491,16,2
mp-1100786,Ni11As8,<PROJECT_ROOT>/external_datasets/functional_protocol_round4_widechem_boost/meta_gga_r2scan/cif/mp-1100786.cif,train,-0.3072048134210526,-5.605643422980058,-0.4084319482128355,-0.4080101742287541,-0.3596658405977878,38,2
mp-1094906,Ca5Mg,<PROJECT_ROOT>/external_datasets/functional_protocol_round4_widechem_boost/meta_gga_r2scan/cif/mp-1094906.cif,train,0.0207764574999996,-1.9208014806111653,-0.0868152079414958,-0.092711177710318,-0.7685156140612188,6,2
mp-12894,Y2SO2,<PROJECT_ROOT>/external_datasets/functional_protocol_round4_widechem_boost/meta_gga_r2scan/cif/mp-12894.cif,train,-3.5294702160625,-8.565169525146484,-3.5044032669423464,-3.493112590110054,-2.1989591612672728,5,3
mp-19156,BaMnO3,<PROJECT_ROOT>/external_datasets/functional_protocol_round4_widechem_boost/meta_gga_r2scan/cif/mp-19156.cif,train,-2.586445993146552,-6.87977294921875,-2.2398510568789742,-2.240807751558468,-2.350465455716436,10,3
mp-1103028,Ba2Pd,<PROJECT_ROOT>/external_datasets/functional_protocol_round4_widechem_boost/meta_gga_r2scan/cif/mp-1103028.cif,train,-0.2999543733333354,-3.3674519856770835,-0.4250324202659756,-0.4308872415232576,-1.1019751769863528,12,2
mp-1207119,CeSiPt3,<PROJECT_ROOT>/external_datasets/functional_protocol_round4_widechem_boost/meta_gga_r2scan/cif/mp-1207119.cif,train,-1.1542254630000002,-6.964453125,-1.1598290147367225,-1.1595219802468382,-1.124329250550834,5,3
mp-1213208,Er5BiPd2,<PROJECT_ROOT>/external_datasets/functional_protocol_round4_widechem_boost/meta_gga_r2scan/cif/mp-1213208.cif,train,-0.7645699383333309,-5.337769031524658,-0.7928118994554216,-0.7948786225255731,-1.0317693587869217,16,3
mp-971673,BiS2,<PROJECT_ROOT>/external_datasets/functional_protocol_round4_widechem_boost/meta_gga_r2scan/cif/mp-971673.cif,train,-0.3270470793750017,-4.307128270467122,-0.3992834998716015,-0.4050813948070457,-1.0696443543372118,12,2
mp-1201710,WS2O9,<PROJECT_ROOT>/external_datasets/functional_protocol_round4_widechem_boost/meta_gga_r2scan/cif/mp-1201710.cif,train,-1.5587183930729154,-6.375896453857422,-1.5664464008562795,-1.577038155373197,-2.7910801148704363,48,3
mp-1068239,SrGe3Pt,<PROJECT_ROOT>/external_datasets/functional_protocol_round4_widechem_boost/meta_gga_r2scan/cif/mp-1068239.cif,train,-0.658063949999999,-4.942137908935547,-0.6370598376854906,-0.6376031715461865,-0.69988087104164,5,3
mp-3555,LaSiIr,<PROJECT_ROOT>/external_datasets/functional_protocol_round4_widechem_boost/meta_gga_r2scan/cif/mp-3555.cif,train,-1.122628072500002,-7.3960316975911455,-1.012209645421108,-1.011609800681602,-0.9428547439281936,12,3
mp-567172,Cs2NaYbCl6,<PROJECT_ROOT>/external_datasets/functional_protocol_round4_widechem_boost/meta_gga_r2scan/cif/mp-567172.cif,train,-2.400583374999999,-3.386445999145508,-2.0032297878448797,-1.99801464433356,-1.4002474814501038,10,4
mp-1201519,K2Na2Nd4Nb2O13,<PROJECT_ROOT>/external_datasets/functional_protocol_round4_widechem_boost/meta_gga_r2scan/cif/mp-1201519.cif,train,-3.043810508532609,-7.50432420813519,-3.16230426942331,-3.1546373630641678,-2.275845657245526,46,5
mp-1390152,Mg(CrS2)4,<PROJECT_ROOT>/external_datasets/functional_protocol_round4_widechem_boost/meta_gga_r2scan/cif/mp-1390152.cif,train,-0.968415102884616,-6.346653864933894,-1.0175164907692444,-1.017286098702817,-0.9908782325336434,13,3
mp-1072024,TmAlGe,<PROJECT_ROOT>/external_datasets/functional_protocol_round4_widechem_boost/meta_gga_r2scan/cif/mp-1072024.cif,train,-0.7022841950000019,-4.904280344645183,-0.6598372512112212,-0.6603332617887574,-0.7171866992943614,6,3
mp-754168,Co(NiO2)2,<PROJECT_ROOT>/external_datasets/functional_protocol_round4_widechem_boost/meta_gga_r2scan/cif/mp-754168.cif,train,-1.257029760714285,-5.207517351422991,-0.1000285654119066,-0.1158487709319491,-1.929183216940714,14,3
mp-30158,Sr3Ga4O9,<PROJECT_ROOT>/external_datasets/functional_protocol_round4_widechem_boost/meta_gga_r2scan/cif/mp-30158.cif,train,-2.5416389749218755,-6.186686992645264,-2.6892285766845814,-2.6850011325257483,-2.200445473493286,32,3
mp-1199890,Y5Si4,<PROJECT_ROOT>/external_datasets/functional_protocol_round4_widechem_boost/meta_gga_r2scan/cif/mp-1199890.cif,train,-0.8361698883333335,-6.776023440890842,-0.7871785370488391,-0.7894304796389573,-1.047551340580646,36,2
mp-20196,NbTe4,<PROJECT_ROOT>/external_datasets/functional_protocol_round4_widechem_boost/meta_gga_r2scan/cif/mp-20196.cif,train,-0.3559231670000002,-4.851188659667969,-0.4028992447491886,-0.4064265033915495,-0.810725903173435,10,2
mp-1197724,Ce(Al10V)2,<PROJECT_ROOT>/external_datasets/functional_protocol_round4_widechem_boost/meta_gga_r2scan/cif/mp-1197724.cif,train,-0.2433185808695641,-4.532833596934443,-0.3139133744255584,-0.316057757126388,-0.5618499506555044,46,3
mp-1029469,ZnSnN2,<PROJECT_ROOT>/external_datasets/functional_protocol_round4_widechem_boost/meta_gga_r2scan/cif/mp-1029469.cif,train,-0.1111482106250001,-5.438584327697754,-0.0563296777682271,-0.0602851992531636,-0.5136726948498385,16,3
mp-30602,DyMg2,<PROJECT_ROOT>/external_datasets/functional_protocol_round4_widechem_boost/meta_gga_r2scan/cif/mp-30602.cif,train,-0.0825421625000023,-2.6652517318725586,-0.1033462413225638,-0.105630654706732,-0.367473364221435,12,2
mp-29057,Nb3SBr7,<PROJECT_ROOT>/external_datasets/functional_protocol_round4_widechem_boost/meta_gga_r2scan/cif/mp-29057.cif,train,-1.17218522684659,-5.165428508411754,-1.160337341364376,-1.1630988411220269,-1.4796258689695607,11,3
mp-776658,BaO,<PROJECT_ROOT>/external_datasets/functional_protocol_round4_widechem_boost/meta_gga_r2scan/cif/mp-776658.cif,train,-2.668390737500001,-5.897629261016846,-2.824220683362265,-2.820503549335016,-2.394440363018863,32,2
mp-865354,Tm2IrPd,<PROJECT_ROOT>/external_datasets/functional_protocol_round4_widechem_boost/meta_gga_r2scan/cif/mp-865354.cif,train,-1.0665071049999997,-6.727806091308594,-1.0277993646718366,-1.0257622023230315,-0.7922597579634831,4,3
mp-972640,SmDyZn2,<PROJECT_ROOT>/external_datasets/functional_protocol_round4_widechem_boost/meta_gga_r2scan/cif/mp-972640.cif,train,-0.361733726249998,-3.292855739593506,-0.4181104105158115,-0.4203001266608366,-0.671288504006804,4,3
mp-1214019,Ca3Ge4Au7,<PROJECT_ROOT>/external_datasets/functional_protocol_round4_widechem_boost/meta_gga_r2scan/cif/mp-1214019.cif,train,-0.5384954564285717,-3.8848070417131697,-0.5399009712245846,-0.5396028271606257,-0.5054291307224437,14,3
mp-1229208,Cs2Bi4Se7,<PROJECT_ROOT>/external_datasets/functional_protocol_round4_widechem_boost/meta_gga_r2scan/cif/mp-1229208.cif,train,-0.750633159879809,-3.859764685997596,-0.7746278431934535,-0.7748398109639396,-0.7991358581405363,26,3
mp-1207163,Lu4Ni2C5,<PROJECT_ROOT>/external_datasets/functional_protocol_round4_widechem_boost/meta_gga_r2scan/cif/mp-1207163.cif,train,-0.554635536969693,-7.301043423739347,-0.4919644306453667,-0.4915781813845798,-0.4473057420388955,11,3
mp-569037,Y3H2,<PROJECT_ROOT>/external_datasets/functional_protocol_round4_widechem_boost/meta_gga_r2scan/cif/mp-569037.cif,train,-0.4612710105000019,-5.633953475952149,-0.4314470776247576,-0.4342893444978246,-0.7600740139315778,10,2
mp-756318,Al2CoCl8,<PROJECT_ROOT>/external_datasets/functional_protocol_round4_widechem_boost/meta_gga_r2scan/cif/mp-756318.cif,train,-1.418629774090909,-3.897369384765625,-1.4127807159906558,-1.4137904200767857,-1.5295241377799484,22,3
mp-1194660,K11Cd2Sb5,<PROJECT_ROOT>/external_datasets/functional_protocol_round4_widechem_boost/meta_gga_r2scan/cif/mp-1194660.cif,train,-0.5726775039583332,-2.357391357421875,-0.4794014984901773,-0.4791811777269519,-0.4539276986480626,36,3
mp-638424,Sb2S2O9,<PROJECT_ROOT>/external_datasets/functional_protocol_round4_widechem_boost/meta_gga_r2scan/cif/mp-638424.cif,train,-1.4375713111057684,-6.012171818659856,-1.7920319710978765,-1.7996221055070665,-2.669614101286183,52,3
mp-1203433,Hg3AsO5,<PROJECT_ROOT>/external_datasets/functional_protocol_round4_widechem_boost/meta_gga_r2scan/cif/mp-1203433.cif,train,-0.7776352654166645,-4.028822580973308,-1.0112134638887014,-1.0187543180991223,-1.8830977474411517,36,3
mp-780033,TbNbO4,<PROJECT_ROOT>/external_datasets/functional_protocol_round4_widechem_boost/meta_gga_r2scan/cif/mp-780033.cif,train,-3.38181361,-8.842410405476889,-3.501193930936453,-3.4928942880497145,-2.541577421968229,12,3
mp-23759,SrH2,<PROJECT_ROOT>/external_datasets/functional_protocol_round4_widechem_boost/meta_gga_r2scan/cif/mp-23759.cif,train,-0.601663090833334,-3.312741279602051,-0.4703892483622609,-0.4699529845825854,-0.4199478099878714,6,2
mp-558356,Na2CrNiF7,<PROJECT_ROOT>/external_datasets/functional_protocol_round4_widechem_boost/meta_gga_r2scan/cif/mp-558356.cif,train,-2.8489562100000003,-4.977121526544744,-2.504137765875715,-2.5045105394578613,-2.547238377361487,22,4
mp-1078435,BaCd2Pt,<PROJECT_ROOT>/external_datasets/functional_protocol_round4_widechem_boost/meta_gga_r2scan/cif/mp-1078435.cif,train,-0.5565903849999962,-2.963217258453369,-0.5647459719816319,-0.5645657594967632,-0.5439095483011087,8,3
mp-1205655,Nd(Sn3Ru2)2,<PROJECT_ROOT>/external_datasets/functional_protocol_round4_widechem_boost/meta_gga_r2scan/cif/mp-1205655.cif,train,-0.346538672500003,-6.327239296653054,-0.3153324823254424,-0.3146556579839332,-0.2370770898169883,11,3
mp-541240,Sb3O2F5,<PROJECT_ROOT>/external_datasets/functional_protocol_round4_widechem_boost/meta_gga_r2scan/cif/mp-541240.cif,train,-2.16265087875,-5.2008922576904295,-2.406456465661327,-2.408981827581216,-2.698442400780801,40,3
mp-1188811,Lu4Ge6Os7,<PROJECT_ROOT>/external_datasets/functional_protocol_round4_widechem_boost/meta_gga_r2scan/cif/mp-1188811.cif,train,-0.5245866650980401,-7.753378475413603,-0.4825728396205448,-0.4809888514399789,-0.2994298744595583,17,3
mp-975651,PrTm3,<PROJECT_ROOT>/external_datasets/functional_protocol_round4_widechem_boost/meta_gga_r2scan/cif/mp-975651.cif,train,0.0110117983333282,-4.534520626068115,-0.0877013446442172,-0.0969249907111864,-1.154152414832238,8,2
mp-23396,MoNCl3,<PROJECT_ROOT>/external_datasets/functional_protocol_round4_widechem_boost/meta_gga_r2scan/cif/mp-23396.cif,train,-0.8079670087500006,-5.588298797607422,-0.8915494239764037,-0.8944100064898501,-1.2222940406584026,20,3
mp-568959,La4As3,<PROJECT_ROOT>/external_datasets/functional_protocol_round4_widechem_boost/meta_gga_r2scan/cif/mp-568959.cif,train,-1.5435129089285706,-6.146986825125558,-1.4762373746148263,-1.474646767285793,-1.2923290940942582,14,2
mp-29242,Ba3PbO,<PROJECT_ROOT>/external_datasets/functional_protocol_round4_widechem_boost/meta_gga_r2scan/cif/mp-29242.cif,train,-1.5244154007500017,-4.236131286621093,-1.5325957837211392,-1.5319864085187085,-1.4621389565552132,5,3
mp-1189145,Dy2Si4Mo3,<PROJECT_ROOT>/external_datasets/functional_protocol_round4_widechem_boost/meta_gga_r2scan/cif/mp-1189145.cif,train,-0.6974428205555575,-7.721482170952691,-0.7695513413451831,-0.7664670890406278,-0.4129457054575221,18,3
mp-1183501,Ca3Cd,<PROJECT_ROOT>/external_datasets/functional_protocol_round4_widechem_boost/meta_gga_r2scan/cif/mp-1183501.cif,train,-0.1125918274999993,-1.853727102279663,-0.2208182182233704,-0.2249926326498945,-0.7034699483807958,4,2
mp-1095269,Si,<PROJECT_ROOT>/external_datasets/functional_protocol_round4_widechem_boost/meta_gga_r2scan/cif/mp-1095269.cif,train,0.1105483183333326,-5.332096099853516,0.1711543955935441,0.1625206075217589,-0.8270964546791761,12,1
mp-19968,CaIn2Cu,<PROJECT_ROOT>/external_datasets/functional_protocol_round4_widechem_boost/meta_gga_r2scan/cif/mp-19968.cif,train,-0.4044633787500018,-3.203604459762573,-0.375298462706326,-0.3741873239194069,-0.2468270166174359,8,3
mp-31237,CuAsF7,<PROJECT_ROOT>/external_datasets/functional_protocol_round4_widechem_boost/meta_gga_r2scan/cif/mp-31237.cif,train,-2.0917041108333327,-4.290438758002387,-2.2212165697035986,-2.2281621422619056,-3.0242735424118266,18,3
mp-705900,Hf3Tl10Mo12PbO48,<PROJECT_ROOT>/external_datasets/functional_protocol_round4_widechem_boost/meta_gga_r2scan/cif/mp-705900.cif,train,-2.138562558783786,-6.831546267947635,-1.5361578786181616,-1.54060785628476,-2.050670622320948,74,5
mp-866064,NdMgAu2,<PROJECT_ROOT>/external_datasets/functional_protocol_round4_widechem_boost/meta_gga_r2scan/cif/mp-866064.cif,train,-0.7709714931250033,-3.956896543502808,-0.766909911765357,-0.7636989279546595,-0.3956513989806267,4,3
mp-1187958,Yb2ZnSn,<PROJECT_ROOT>/external_datasets/functional_protocol_round4_widechem_boost/meta_gga_r2scan/cif/mp-1187958.cif,train,-0.4935490787500036,-2.5981664657592773,-0.552896301431228,-0.5489788049666089,-0.0999497912532026,4,3
mp-20903,PrIn3,<PROJECT_ROOT>/external_datasets/functional_protocol_round4_widechem_boost/meta_gga_r2scan/cif/mp-20903.cif,train,-0.5770241079166674,-3.721128463745117,-0.5648832063380476,-0.5638471854033984,-0.4450969931133679,4,2
mp-13843,Li2TeO4,<PROJECT_ROOT>/external_datasets/functional_protocol_round4_widechem_boost/meta_gga_r2scan/cif/mp-13843.cif,train,-1.733531944404762,-5.3623826163155695,-1.9444220808266168,-1.9469676510110547,-2.238744524219798,28,3
mp-22539,CeNiSb2,<PROJECT_ROOT>/external_datasets/functional_protocol_round4_widechem_boost/meta_gga_r2scan/cif/mp-22539.cif,train,-0.7838259275000006,-5.706388473510742,-0.8359398454928568,-0.8346463565913238,-0.6863848199314189,8,3
mp-978854,Sr(GaH)2,<PROJECT_ROOT>/external_datasets/functional_protocol_round4_widechem_boost/meta_gga_r2scan/cif/mp-978854.cif,train,-0.5061995575000011,-3.3088451385498048,-0.3952072197763452,-0.3950600780305198,-0.3781944819568873,5,3
mp-755340,Tb2SeO2,<PROJECT_ROOT>/external_datasets/functional_protocol_round4_widechem_boost/meta_gga_r2scan/cif/mp-755340.cif,train,-3.4623824313125,-7.644008636474609,-3.447168317040825,-3.435352360065472,-2.080990574510685,5,3
mp-31755,Ta2FeO6,<PROJECT_ROOT>/external_datasets/functional_protocol_round4_widechem_boost/meta_gga_r2scan/cif/mp-31755.cif,train,-2.64222965412963,-9.089657253689236,-2.621228176689685,-2.6190125053325977,-2.365049104682944,36,3
mp-1080022,ZrCu,<PROJECT_ROOT>/external_datasets/functional_protocol_round4_widechem_boost/meta_gga_r2scan/cif/mp-1080022.cif,train,-0.1462147300000005,-6.450556755065918,-0.1505401671582484,-0.1520077839579059,-0.3202281078329885,8,2
mp-12442,KAuF6,<PROJECT_ROOT>/external_datasets/functional_protocol_round4_widechem_boost/meta_gga_r2scan/cif/mp-12442.cif,train,-1.6359954517187507,-3.425859212875366,-1.8251188789197133,-1.835302219420858,-3.0025311838463216,8,3
mp-1187417,Ti2MoPd,<PROJECT_ROOT>/external_datasets/functional_protocol_round4_widechem_boost/meta_gga_r2scan/cif/mp-1187417.cif,train,-0.3951926308333355,-8.344939231872559,-0.4570978172802373,-0.4583904867681871,-0.6065581010771528,4,3
mp-1078737,HoCoGe2,<PROJECT_ROOT>/external_datasets/functional_protocol_round4_widechem_boost/meta_gga_r2scan/cif/mp-1078737.cif,train,-0.6171529550000017,-5.85065221786499,-0.6296182530950141,-0.6281630704764005,-0.4613679701102667,8,3
mp-27845,CaSe2O5,<PROJECT_ROOT>/external_datasets/functional_protocol_round4_widechem_boost/meta_gga_r2scan/cif/mp-27845.cif,train,-1.581366692890624,-5.684695243835449,-1.9317364285941936,-1.937637052772596,-2.6139749841659694,64,3
mp-1219509,ReOs,<PROJECT_ROOT>/external_datasets/functional_protocol_round4_widechem_boost/meta_gga_r2scan/cif/mp-1219509.cif,train,-0.0897298662499963,-11.907707214355469,-0.0599783425606741,-0.055894981875654,0.4121456245629882,2,2
mp-865090,NaAcTl2,<PROJECT_ROOT>/external_datasets/functional_protocol_round4_widechem_boost/meta_gga_r2scan/cif/mp-865090.cif,train,-0.370772146874998,-2.8192927837371826,-0.3179069670303369,-0.3160136336838661,-0.098997074033004,4,3
mp-2214213,Sr(H8O5)2,<PROJECT_ROOT>/external_datasets/functional_protocol_round4_widechem_boost/meta_gga_r2scan/cif/mp-2214213.cif,train,-1.182484909351852,-5.0479001645688655,-1.3458607667120317,-1.3457863746330432,-1.337259448791147,54,3
mp-1185014,La2MgAl,<PROJECT_ROOT>/external_datasets/functional_protocol_round4_widechem_boost/meta_gga_r2scan/cif/mp-1185014.cif,train,-0.2719844812499978,-4.048858165740967,-0.3245201309330658,-0.3297475853703817,-0.9289258440929032,4,3
mp-4978,Ti2AlN,<PROJECT_ROOT>/external_datasets/functional_protocol_round4_widechem_boost/meta_gga_r2scan/cif/mp-4978.cif,train,-1.2863784517708332,-8.137079238891602,-1.2326911553222448,-1.2311120702656586,-1.050115096321178,8,3
mp-29630,Li7Ge2,<PROJECT_ROOT>/external_datasets/functional_protocol_round4_widechem_boost/meta_gga_r2scan/cif/mp-29630.cif,train,-0.3590582196296294,-2.829842037624783,-0.3935610410327101,-0.3952231593341349,-0.5857375218354033,18,2
mp-628599,YbBi2IO4,<PROJECT_ROOT>/external_datasets/functional_protocol_round4_widechem_boost/meta_gga_r2scan/cif/mp-628599.cif,train,-2.138261678437498,-5.381409645080566,-1.8881063586983151,-1.8871754460203207,-1.780472911524298,8,4
mp-1247065,LiOsN2,<PROJECT_ROOT>/external_datasets/functional_protocol_round4_widechem_boost/meta_gga_r2scan/cif/mp-1247065.cif,train,-0.0344687785416653,-7.398425102233887,-0.0975463088992487,-0.1009808381572838,-0.4946514640866663,16,3
mp-7608,Li2PdO2,<PROJECT_ROOT>/external_datasets/functional_protocol_round4_widechem_boost/meta_gga_r2scan/cif/mp-7608.cif,train,-1.536725102166666,-5.118227767944336,-1.6281466245933132,-1.628833533015234,-1.7075679528127718,5,3
mp-1192069,Ho3Ni7B2,<PROJECT_ROOT>/external_datasets/functional_protocol_round4_widechem_boost/meta_gga_r2scan/cif/mp-1192069.cif,train,-0.5209712129166656,-6.146952311197917,-0.5970858641476875,-0.5957463655894895,-0.4422111366769686,24,3
mp-568280,Ba(NiAs)2,<PROJECT_ROOT>/external_datasets/functional_protocol_round4_widechem_boost/meta_gga_r2scan/cif/mp-568280.cif,train,-0.7150805039999995,-5.2104755401611325,-0.7601195399977918,-0.7587969877959599,-0.6072041743399986,5,3
mp-641683,Eu2Ir2O7,<PROJECT_ROOT>/external_datasets/functional_protocol_round4_widechem_boost/meta_gga_r2scan/cif/mp-641683.cif,train,-1.9672347364772729,-8.392872897061435,-2.141566786277793,-2.14481074395636,-2.5166377845404826,22,3
mp-28104,Fe2MoP12,<PROJECT_ROOT>/external_datasets/functional_protocol_round4_widechem_boost/meta_gga_r2scan/cif/mp-28104.cif,train,-0.3464877207142857,-6.549797566731771,-0.4154507294475786,-0.4160955161037529,-0.4900018792332535,60,3
mp-1226019,Co5NiS8,<PROJECT_ROOT>/external_datasets/functional_protocol_round4_widechem_boost/meta_gga_r2scan/cif/mp-1226019.cif,train,-0.5226476544642854,-5.746451786586216,-0.5792731839313285,-0.5822274930432654,-0.92085460316765,14,3
mp-29690,Tl2Te2O5,<PROJECT_ROOT>/external_datasets/functional_protocol_round4_widechem_boost/meta_gga_r2scan/cif/mp-29690.cif,train,-1.070269384861111,-4.938762664794922,-1.340293852579928,-1.3457987065564447,-1.9767728948009045,36,3
mp-34578,Ba4Y3F17,<PROJECT_ROOT>/external_datasets/functional_protocol_round4_widechem_boost/meta_gga_r2scan/cif/mp-34578.cif,train,-4.328883033958334,-6.472639083862305,-4.367030080773988,-4.35616471134206,-3.110760621326877,48,3
mp-863730,KTl,<PROJECT_ROOT>/external_datasets/functional_protocol_round4_widechem_boost/meta_gga_r2scan/cif/mp-863730.cif,train,-0.1821651264583342,-1.8450290362040205,-0.1314216491412541,-0.1309697406209728,-0.079171343613503,24,2
mp-614456,He,<PROJECT_ROOT>/external_datasets/functional_protocol_round4_widechem_boost/meta_gga_r2scan/cif/mp-614456.cif,train,0.00267316,-0.0047219991683959,0.0026785126376137,0.0026784613400465,0.0026725815344988,1,1
mp-1179454,SiO2,<PROJECT_ROOT>/external_datasets/functional_protocol_round4_widechem_boost/meta_gga_r2scan/cif/mp-1179454.cif,train,-3.0190568625,-7.899035135904948,-3.180350787511025,-3.17480164965827,-2.5387515805684187,12,2
mp-1192814,Ce3(Si3Pd10)2,<PROJECT_ROOT>/external_datasets/functional_protocol_round4_widechem_boost/meta_gga_r2scan/cif/mp-1192814.cif,train,-0.7985160779310342,-6.09240827889278,-0.7897334056398364,-0.7892747537135287,-0.7367034179213743,29,3
mp-1215747,Yb4S7,<PROJECT_ROOT>/external_datasets/functional_protocol_round4_widechem_boost/meta_gga_r2scan/cif/mp-1215747.cif,train,-2.0776332226988643,-4.40453407981179,-1.4030404596538908,-1.400929639660288,-1.158984451345321,11,2
mp-1185506,LuScHg2,<PROJECT_ROOT>/external_datasets/functional_protocol_round4_widechem_boost/meta_gga_r2scan/cif/mp-1185506.cif,train,-0.5137859541666714,-3.302652835845948,-0.4842264685965123,-0.4851338334273825,-0.5891372802107496,4,3
mp-28339,CaPPt,<PROJECT_ROOT>/external_datasets/functional_protocol_round4_widechem_boost/meta_gga_r2scan/cif/mp-28339.cif,train,-1.281247612658731,-5.628070831298828,-1.2297085890463384,-1.2266519301320482,-0.8762933401648078,12,3
mp-1211293,La(YS2)3,<PROJECT_ROOT>/external_datasets/functional_protocol_round4_widechem_boost/meta_gga_r2scan/cif/mp-1211293.cif,train,-2.439135338687501,-7.037183380126953,-2.3094104850552704,-2.303215359405419,-1.5931212507033703,20,3
mp-33498,Rb2CrCl4,<PROJECT_ROOT>/external_datasets/functional_protocol_round4_widechem_boost/meta_gga_r2scan/cif/mp-33498.cif,train,-1.851497513214284,-4.2634686061314175,-1.795022846863601,-1.7911330447600164,-1.345278398077712,14,3
mp-554462,TiS,<PROJECT_ROOT>/external_datasets/functional_protocol_round4_widechem_boost/meta_gga_r2scan/cif/mp-554462.cif,train,-1.5550014847395843,-7.436738014221191,-1.5423081138974055,-1.542565783010792,-1.5721001830768495,4,2
mp-11374,DyTl,<PROJECT_ROOT>/external_datasets/functional_protocol_round4_widechem_boost/meta_gga_r2scan/cif/mp-11374.cif,train,-0.4500118974999978,-3.821690082550049,-0.4340103476703629,-0.4347859445695077,-0.5236859637032122,2,2
mp-7918,HfGeS,<PROJECT_ROOT>/external_datasets/functional_protocol_round4_widechem_boost/meta_gga_r2scan/cif/mp-7918.cif,train,-1.1880237226041668,-7.287306467692058,-1.1272893780550408,-1.1278071907295288,-1.1871596155801765,6,3
mp-759867,VF4,<PROJECT_ROOT>/external_datasets/functional_protocol_round4_widechem_boost/meta_gga_r2scan/cif/mp-759867.cif,train,-3.021615639,-5.612840270996093,-2.7882909902558555,-2.7917664457251083,-3.1901280921635715,10,2
mp-12899,HoSi,<PROJECT_ROOT>/external_datasets/functional_protocol_round4_widechem_boost/meta_gga_r2scan/cif/mp-12899.cif,train,-0.8937567249999958,-5.827856540679932,-0.8274237976019441,-0.8287545336949682,-0.9812853963941276,4,2
mp-10706,ZrRu3C,<PROJECT_ROOT>/external_datasets/functional_protocol_round4_widechem_boost/meta_gga_r2scan/cif/mp-10706.cif,train,-0.3774799480000013,-9.441980743408203,-0.3445830731262607,-0.3432578559330066,-0.1913595773720984,5,3
mp-28821,La2Ni12P5,<PROJECT_ROOT>/external_datasets/functional_protocol_round4_widechem_boost/meta_gga_r2scan/cif/mp-28821.cif,train,-0.7060302081516304,-6.284910503186677,-0.7852805130567839,-0.78222142421731,-0.4315843127716488,38,3
mp-1017579,In2Au3,<PROJECT_ROOT>/external_datasets/functional_protocol_round4_widechem_boost/meta_gga_r2scan/cif/mp-1017579.cif,train,-0.2241298840000013,-3.2213024139404296,-0.2228950735380181,-0.2234639607075834,-0.2886706167880083,5,2
mp-1209847,NdNiAs,<PROJECT_ROOT>/external_datasets/functional_protocol_round4_widechem_boost/meta_gga_r2scan/cif/mp-1209847.cif,train,-1.1421626366666662,-6.095479329427083,-1.139077252352907,-1.134860712382343,-0.6515549069099305,12,3
mp-8007,LiUO3,<PROJECT_ROOT>/external_datasets/functional_protocol_round4_widechem_boost/meta_gga_r2scan/cif/mp-8007.cif,train,-3.2545434445833337,-8.528761291503907,-3.385327335684265,-3.3784253599286838,-2.5873110872808853,10,3
mp-1072982,GdGe2,<PROJECT_ROOT>/external_datasets/functional_protocol_round4_widechem_boost/meta_gga_r2scan/cif/mp-1072982.cif,train,-0.5649799799999992,-8.323023478190104,-0.5308763414393898,-0.5331866806723182,-0.7980010478302493,6,2
mp-1186985,ScNi3,<PROJECT_ROOT>/external_datasets/functional_protocol_round4_widechem_boost/meta_gga_r2scan/cif/mp-1186985.cif,train,-0.3464256562500001,-6.31633996963501,-0.4996021810032705,-0.4989076410859665,-0.4192984884362206,4,2
mp-1025577,W3(SeS2)2,<PROJECT_ROOT>/external_datasets/functional_protocol_round4_widechem_boost/meta_gga_r2scan/cif/mp-1025577.cif,train,-0.7729123954861071,-7.647921244303386,-1.530885194090854,-1.5256080156348242,-0.9207303192035052,9,3
mp-974943,HfZrTc2,<PROJECT_ROOT>/external_datasets/functional_protocol_round4_widechem_boost/meta_gga_r2scan/cif/mp-974943.cif,train,-0.4644227987500002,-10.212844848632812,-0.3933103502164989,-0.3936445276438416,-0.431948419417593,4,3
mp-7374,Ba(CuO)2,<PROJECT_ROOT>/external_datasets/functional_protocol_round4_widechem_boost/meta_gga_r2scan/cif/mp-7374.cif,train,-1.468105454500001,-5.335005950927735,-1.580762821365723,-1.5797011059297723,-1.4580057733734062,10,3
mp-978283,Mg3In,<PROJECT_ROOT>/external_datasets/functional_protocol_round4_widechem_boost/meta_gga_r2scan/cif/mp-978283.cif,train,-0.0890757412499994,-1.950988531112671,-0.0601313917793273,-0.058832578585684,0.0900392360033371,4,2
mp-1189689,Sc4Si6Ir7,<PROJECT_ROOT>/external_datasets/functional_protocol_round4_widechem_boost/meta_gga_r2scan/cif/mp-1189689.cif,train,-1.13372923764706,-8.099394854377298,-1.0307778887441923,-1.0282864601191113,-0.7427153694086286,17,3
mp-1079312,NdSb2Au,<PROJECT_ROOT>/external_datasets/functional_protocol_round4_widechem_boost/meta_gga_r2scan/cif/mp-1079312.cif,train,-0.7949377918750002,-4.775269985198975,-0.7706360176864591,-0.7685022925407958,-0.5239316831354528,8,3
mp-1204512,CsMnInTe3,<PROJECT_ROOT>/external_datasets/functional_protocol_round4_widechem_boost/meta_gga_r2scan/cif/mp-1204512.cif,train,-0.849351809497127,-4.2314151128133135,-0.7553227640289446,-0.7539693380815597,-0.5988377320221981,48,4
mp-aaaieirr,Lu2ZrZnO6,<PROJECT_ROOT>/external_datasets/functional_protocol_round4_widechem_boost/meta_gga_r2scan/cif/mp-aaaieirr.cif,train,-2.6964422055833355,-7.2170166015625,-2.777007853806497,-2.774012122210564,-2.430637108085625,10,4
mp-35777,Mg(InTe2)2,<PROJECT_ROOT>/external_datasets/functional_protocol_round4_widechem_boost/meta_gga_r2scan/cif/mp-35777.cif,train,-0.6324860550000031,-3.285145350864956,-0.5756704718965113,-0.5752871777166142,-0.5313534539434419,7,3
mp-5792,BaCuSn2,<PROJECT_ROOT>/external_datasets/functional_protocol_round4_widechem_boost/meta_gga_r2scan/cif/mp-5792.cif,train,-0.4663219187500012,-3.951883792877197,-0.4278569279042812,-0.4271891880645633,-0.3506518984068161,8,3
mp-1101850,Ho3(CuSn)4,<PROJECT_ROOT>/external_datasets/functional_protocol_round4_widechem_boost/meta_gga_r2scan/cif/mp-1101850.cif,train,-0.5508623450000026,-4.692856181751598,-0.4799266046006885,-0.477764698976622,-0.2299640030771508,11,3
mp-570775,BaAu,<PROJECT_ROOT>/external_datasets/functional_protocol_round4_widechem_boost/meta_gga_r2scan/cif/mp-570775.cif,train,-0.7453520537499969,-3.3199357986450195,-0.7929374009963279,-0.7935090574050827,-0.859033127617308,8,2
mp-1208552,Tb2(Al3Ir)3,<PROJECT_ROOT>/external_datasets/functional_protocol_round4_widechem_boost/meta_gga_r2scan/cif/mp-1208552.cif,train,-0.966602802857141,-5.83122798374721,-0.886709680419651,-0.8836100107742944,-0.5283214696718982,28,3
mp-2039668,VF4,<PROJECT_ROOT>/external_datasets/functional_protocol_round4_widechem_boost/meta_gga_r2scan/cif/mp-2039668.cif,train,-2.982008361000001,-5.5677490234375,-2.743199742697262,-2.7470651885934805,-3.1901280921635715,10,2
mp-571420,Ba(NiP2)2,<PROJECT_ROOT>/external_datasets/functional_protocol_round4_widechem_boost/meta_gga_r2scan/cif/mp-571420.cif,train,-0.7145857409863956,-5.667119707380023,-0.7148914369157344,-0.7143158103475375,-0.6483366748145583,7,3
mp-862805,PrSnAu2,<PROJECT_ROOT>/external_datasets/functional_protocol_round4_widechem_boost/meta_gga_r2scan/cif/mp-862805.cif,train,-0.7129175854166689,-4.511969089508057,-0.70733198738606,-0.705424926258682,-0.4868348688450449,4,3
mp-977359,CaSnAu2,<PROJECT_ROOT>/external_datasets/functional_protocol_round4_widechem_boost/meta_gga_r2scan/cif/mp-977359.cif,train,-0.592992562500001,-3.7288756370544434,-0.6280157028067972,-0.6265560723194268,-0.4592511509108611,4,3
mp-5704,Tl3AsS4,<PROJECT_ROOT>/external_datasets/functional_protocol_round4_widechem_boost/meta_gga_r2scan/cif/mp-5704.cif,train,-0.3772558479687511,-3.823916435241699,-0.4199324494844414,-0.4232257255444258,-0.8007057091147556,32,3
mp-771248,Na2Ge2O5,<PROJECT_ROOT>/external_datasets/functional_protocol_round4_widechem_boost/meta_gga_r2scan/cif/mp-771248.cif,train,-1.912193527361112,-5.812825520833333,-2.101813564430006,-2.1020648512242026,-2.1308677007943464,36,3
mp-776427,ZrO2,<PROJECT_ROOT>/external_datasets/functional_protocol_round4_widechem_boost/meta_gga_r2scan/cif/mp-776427.cif,train,-3.7185589475,-9.45209821065267,-3.750819171741577,-3.7410858902966497,-2.625443334677975,24,2
mp-726,SeO2,<PROJECT_ROOT>/external_datasets/functional_protocol_round4_widechem_boost/meta_gga_r2scan/cif/mp-726.cif,train,-0.7156640492708325,-5.132236162821452,-1.161513191971486,-1.1753315325335991,-2.7592093713022257,24,2
mp-978515,SmYAl2,<PROJECT_ROOT>/external_datasets/functional_protocol_round4_widechem_boost/meta_gga_r2scan/cif/mp-978515.cif,train,-0.4269061624999999,-5.061524391174316,-0.4560808016376363,-0.4596762365475406,-0.8717900970313106,4,3
mp-979259,V2ReMo,<PROJECT_ROOT>/external_datasets/functional_protocol_round4_widechem_boost/meta_gga_r2scan/cif/mp-979259.cif,train,-0.3274851181250007,-10.650928497314451,-0.6532387629832197,-0.6474728868053701,0.0134200372128012,4,3
mp-1217995,TaAlZn,<PROJECT_ROOT>/external_datasets/functional_protocol_round4_widechem_boost/meta_gga_r2scan/cif/mp-1217995.cif,train,-0.3179947966111124,-5.860156377156575,-0.2391168633669389,-0.240132224866274,-0.3565144033130171,12,3
mp-22033,Ti5Sb3,<PROJECT_ROOT>/external_datasets/functional_protocol_round4_widechem_boost/meta_gga_r2scan/cif/mp-22033.cif,train,-0.5467133816666667,-6.974349021911621,-0.5169107995832869,-0.5209692125438918,-0.9861502753462388,32,2
mp-862319,Ac2CdSn,<PROJECT_ROOT>/external_datasets/functional_protocol_round4_widechem_boost/meta_gga_r2scan/cif/mp-862319.cif,train,-0.5426539487500008,-3.756327152252197,-0.4975948991447541,-0.4965658608617929,-0.3786160300348001,4,3
mp-7943,LiAs,<PROJECT_ROOT>/external_datasets/functional_protocol_round4_widechem_boost/meta_gga_r2scan/cif/mp-7943.cif,train,-0.5882090970833342,-3.76528549194336,-0.5915773271115685,-0.5922885272457448,-0.6738072976330599,16,2
mp-1184490,GdMgAg2,<PROJECT_ROOT>/external_datasets/functional_protocol_round4_widechem_boost/meta_gga_r2scan/cif/mp-1184490.cif,train,-0.2562956412499986,-5.626850128173828,-0.2497926978590632,-0.2486948421359054,-0.1228570584849294,4,3
mp-437,MgAu,<PROJECT_ROOT>/external_datasets/functional_protocol_round4_widechem_boost/meta_gga_r2scan/cif/mp-437.cif,train,-0.6128283824999983,-3.039380550384521,-0.6029598298549472,-0.5982855930305844,-0.0625179235352194,2,2
mp-1071078,NiSe2,<PROJECT_ROOT>/external_datasets/functional_protocol_round4_widechem_boost/meta_gga_r2scan/cif/mp-1071078.cif,train,-0.2583767943750009,-4.486883163452148,-0.4226876394556189,-0.4278706505738388,-1.021954752882258,6,2
mp-32113,Mo2P3O13,<PROJECT_ROOT>/external_datasets/functional_protocol_round4_widechem_boost/meta_gga_r2scan/cif/mp-32113.cif,train,-2.2429377929265875,-7.159654405381945,-1.9637481788557196,-1.9682066773401097,-2.4792461116240934,36,3
mp-1102478,ErAsPt,<PROJECT_ROOT>/external_datasets/functional_protocol_round4_widechem_boost/meta_gga_r2scan/cif/mp-1102478.cif,train,-1.363676886111108,-6.275593439737956,-1.3086521512439635,-1.3064512351140092,-1.05417909957305,12,3
mp-975893,PrMgAu2,<PROJECT_ROOT>/external_datasets/functional_protocol_round4_widechem_boost/meta_gga_r2scan/cif/mp-975893.cif,train,-0.7513950666666673,-3.946807861328125,-0.7481922489843713,-0.7450101632544532,-0.3802749733796163,4,3
mp-1207624,YZrF7,<PROJECT_ROOT>/external_datasets/functional_protocol_round4_widechem_boost/meta_gga_r2scan/cif/mp-1207624.cif,train,-4.202988227777778,-7.0025817023383246,-4.251411939049368,-4.242745361504551,-3.2493699232951,18,3
mp-1205554,Tl3GaF6,<PROJECT_ROOT>/external_datasets/functional_protocol_round4_widechem_boost/meta_gga_r2scan/cif/mp-1205554.cif,train,-2.3118669140000008,-4.282976150512695,-2.4191411570322754,-2.417283604853079,-2.2043683334596595,10,3
mp-27221,Ca2Hf7O16,<PROJECT_ROOT>/external_datasets/functional_protocol_round4_widechem_boost/meta_gga_r2scan/cif/mp-27221.cif,train,-3.832021202800004,-9.60852294921875,-3.906603572886509,-3.895474571484036,-2.6198526102381003,25,3
mp-862929,Li2PmAl,<PROJECT_ROOT>/external_datasets/functional_protocol_round4_widechem_boost/meta_gga_r2scan/cif/mp-862929.cif,train,-0.2292766152083345,-3.264610528945923,-0.2559237116139843,-0.2582316493489678,-0.5227707533929845,4,3
mp-1215838,Zn15B6Rh17,<PROJECT_ROOT>/external_datasets/functional_protocol_round4_widechem_boost/meta_gga_r2scan/cif/mp-1215838.cif,train,-0.4658318386842127,-5.266014099121094,-0.446854322035259,-0.4457282662075874,-0.3166581464886448,38,3
mp-640926,Cu(NO3)2,<PROJECT_ROOT>/external_datasets/functional_protocol_round4_widechem_boost/meta_gga_r2scan/cif/mp-640926.cif,train,-0.3547149291666677,-5.929757436116536,-0.7824017104831968,-0.7965822098819837,-2.421971209338771,36,3
mp-21002,LaIn2Rh,<PROJECT_ROOT>/external_datasets/functional_protocol_round4_widechem_boost/meta_gga_r2scan/cif/mp-21002.cif,train,-0.7721912362499985,-5.09872579574585,-0.7567011457091484,-0.7560182707642342,-0.6777461738336035,8,3
mp-11258,TbAu,<PROJECT_ROOT>/external_datasets/functional_protocol_round4_widechem_boost/meta_gga_r2scan/cif/mp-11258.cif,train,-0.9481784749999989,-4.802099227905273,-0.91730059932273,-0.91536681343515,-0.693713526016652,2,2
mp-977403,Na3Tl,<PROJECT_ROOT>/external_datasets/functional_protocol_round4_widechem_boost/meta_gga_r2scan/cif/mp-977403.cif,train,-0.0941401624999986,-1.6550636291503906,-0.1331392134667872,-0.1350408647585261,-0.3530108391208878,4,2
mp-643265,ReF7,<PROJECT_ROOT>/external_datasets/functional_protocol_round4_widechem_boost/meta_gga_r2scan/cif/mp-643265.cif,train,-2.1044807865625,-5.207216739654541,-2.4011543858033395,-2.4091695216790923,-3.3278757897187754,16,2
mp-864745,Na3ZrF8,<PROJECT_ROOT>/external_datasets/functional_protocol_round4_widechem_boost/meta_gga_r2scan/cif/mp-864745.cif,train,-3.15998937625,-5.197913805643718,-3.237778564800053,-3.234087803011655,-2.8110474402019965,12,3
mp-1033774,Mg14GaBO16,<PROJECT_ROOT>/external_datasets/functional_protocol_round4_widechem_boost/meta_gga_r2scan/cif/mp-1033774.cif,train,-2.636402155390625,-5.8535237312316895,-2.6695574109572395,-2.6606543271135124,-1.6401702007176513,32,4
mp-1194881,Fe3B7IO13,<PROJECT_ROOT>/external_datasets/functional_protocol_round4_widechem_boost/meta_gga_r2scan/cif/mp-1194881.cif,train,-2.215734674947916,-7.518268585205078,-2.107381784784515,-2.106720436277564,-2.0309157302669325,48,4
mp-662535,PbSe2O5,<PROJECT_ROOT>/external_datasets/functional_protocol_round4_widechem_boost/meta_gga_r2scan/cif/mp-662535.cif,train,-0.9948435114843744,-5.346901893615723,-1.361805931331454,-1.371307413295308,-2.4603807828769204,32,3
mp-1199106,Tm5Pt4,<PROJECT_ROOT>/external_datasets/functional_protocol_round4_widechem_boost/meta_gga_r2scan/cif/mp-1199106.cif,train,-1.3313798091666629,-6.396453009711371,-1.327207607546848,-1.3249625136643006,-1.0676266613204757,36,2
mp-867202,Sr,<PROJECT_ROOT>/external_datasets/functional_protocol_round4_widechem_boost/meta_gga_r2scan/cif/mp-867202.cif,train,0.0269556524999998,-1.673840045928955,-0.0273546521726695,-0.0369018834831562,-1.1312191082111902,4,1
mp-1184831,HoTmRu2,<PROJECT_ROOT>/external_datasets/functional_protocol_round4_widechem_boost/meta_gga_r2scan/cif/mp-1184831.cif,train,-0.4376605787499983,-7.283113956451416,-0.4299356384209041,-0.4313446717228189,-0.592850071807099,4,3
mp-1223901,InBi3,<PROJECT_ROOT>/external_datasets/functional_protocol_round4_widechem_boost/meta_gga_r2scan/cif/mp-1223901.cif,train,0.0641540712500017,-3.5410451889038086,0.0684354693616891,0.0693225703835667,0.1710033505749526,4,2
mp-1198548,H24Pt(N4Cl)2,<PROJECT_ROOT>/external_datasets/functional_protocol_round4_widechem_boost/meta_gga_r2scan/cif/mp-1198548.cif,train,-0.4498514885714282,-4.931315830775669,-0.4574286179695823,-0.4569322569322125,-0.4000386492288051,70,4
mp-1185119,K3Rb,<PROJECT_ROOT>/external_datasets/functional_protocol_round4_widechem_boost/meta_gga_r2scan/cif/mp-1185119.cif,train,0.0092551768750004,-1.0565087795257568,-0.0410279525195047,-0.0463797422694742,-0.659809491277713,4,2
mp-55,Sn,<PROJECT_ROOT>/external_datasets/functional_protocol_round4_widechem_boost/meta_gga_r2scan/cif/mp-55.cif,train,0.2283830400000006,-3.9434869289398193,0.1198595563767233,0.1168551796105079,-0.227510756222223,1,1
mp-542569,AlRu,<PROJECT_ROOT>/external_datasets/functional_protocol_round4_widechem_boost/meta_gga_r2scan/cif/mp-542569.cif,train,-0.7284091325000013,-7.172549724578857,-0.6737728117537678,-0.6701786763138822,-0.2582137629310803,2,2
mp-1545805,SrO2,<PROJECT_ROOT>/external_datasets/functional_protocol_round4_widechem_boost/meta_gga_r2scan/cif/mp-1545805.cif,train,-2.080851346666666,-5.764067967732747,-2.330971986569081,-2.3336458320181688,-2.640125798412423,12,2
mp-1188365,PrPd3S4,<PROJECT_ROOT>/external_datasets/functional_protocol_round4_widechem_boost/meta_gga_r2scan/cif/mp-1188365.cif,train,-1.0561157066145803,-5.509565353393555,-1.0304563008698473,-1.0319826661060016,-1.2069368192867147,16,3
mp-1025508,ErGa2Ni,<PROJECT_ROOT>/external_datasets/functional_protocol_round4_widechem_boost/meta_gga_r2scan/cif/mp-1025508.cif,train,-0.7014557608333334,-4.749213218688965,-0.7176641503417773,-0.7162687238182981,-0.5563229520204828,8,3
mp-861900,LiGaAu2,<PROJECT_ROOT>/external_datasets/functional_protocol_round4_widechem_boost/meta_gga_r2scan/cif/mp-861900.cif,train,-0.443066271666666,-3.285762071609497,-0.4624328977043808,-0.4618470240049559,-0.3946933477235794,4,3
mp-22421,Fe2GeO4,<PROJECT_ROOT>/external_datasets/functional_protocol_round4_widechem_boost/meta_gga_r2scan/cif/mp-22421.cif,train,-1.564266525714286,-6.665255955287388,-1.1092422559103836,-1.116173557045414,-1.9106491463733035,14,3
mp-1208838,SmSbPd,<PROJECT_ROOT>/external_datasets/functional_protocol_round4_widechem_boost/meta_gga_r2scan/cif/mp-1208838.cif,train,-1.196833001666666,-5.759754180908203,-1.1430293338906976,-1.1392589602812464,-0.7070933773697854,6,3
mp-8262,K2P3,<PROJECT_ROOT>/external_datasets/functional_protocol_round4_widechem_boost/meta_gga_r2scan/cif/mp-8262.cif,train,-0.5499503902857128,-4.121678161621094,-0.4734367241640247,-0.4753034506248275,-0.6892702912164572,10,2
mp-28523,Li2Ta3N5,<PROJECT_ROOT>/external_datasets/functional_protocol_round4_widechem_boost/meta_gga_r2scan/cif/mp-28523.cif,train,-1.3204149919083334,-9.216031646728515,-1.2323059525925606,-1.2284063627009854,-0.781429825843003,20,3
mp-1184755,K,<PROJECT_ROOT>/external_datasets/functional_protocol_round4_widechem_boost/meta_gga_r2scan/cif/mp-1184755.cif,train,0.00869631625,-1.0955910682678225,-0.0365403446588186,-0.0415074878696382,-0.6108485037638698,2,1
mp-1209732,Pr2Al2Ge,<PROJECT_ROOT>/external_datasets/functional_protocol_round4_widechem_boost/meta_gga_r2scan/cif/mp-1209732.cif,train,-0.7189316626666653,-4.968461990356445,-0.675220394331074,-0.675614444224256,-0.7207810031459938,10,3
mp-755071,SnO2,<PROJECT_ROOT>/external_datasets/functional_protocol_round4_widechem_boost/meta_gga_r2scan/cif/mp-755071.cif,train,-1.7924155674999984,-6.215009053548177,-1.9762927085310924,-1.979428779405097,-2.3388896810827675,6,2
mp-1066274,PtPb,<PROJECT_ROOT>/external_datasets/functional_protocol_round4_widechem_boost/meta_gga_r2scan/cif/mp-1066274.cif,train,-0.3118515349999953,-5.121119976043701,-0.2822123145041351,-0.2826194635300467,-0.3292874636652575,4,2
mp-734495,VZnHPbO5,<PROJECT_ROOT>/external_datasets/functional_protocol_round4_widechem_boost/meta_gga_r2scan/cif/mp-734495.cif,train,-1.904730551944444,-6.04080327351888,-1.7634236943416406,-1.7647787107252464,-1.920092614846106,36,5
mp-1226631,CeGa3Au,<PROJECT_ROOT>/external_datasets/functional_protocol_round4_widechem_boost/meta_gga_r2scan/cif/mp-1226631.cif,train,-0.6829077359999985,-4.2177387237548825,-0.6233805144288027,-0.623678060089687,-0.6577831667183033,5,3
mp-983228,SrEu2Al2O7,<PROJECT_ROOT>/external_datasets/functional_protocol_round4_widechem_boost/meta_gga_r2scan/cif/mp-983228.cif,train,-3.2398178059375007,-8.26229476928711,-3.2543177892653503,-3.247227912795629,-2.4345761931825924,12,4
mp-622565,Ho3Co,<PROJECT_ROOT>/external_datasets/functional_protocol_round4_widechem_boost/meta_gga_r2scan/cif/mp-622565.cif,train,-0.097937843124999,-5.381402969360352,-0.2334145488562278,-0.2382166035355988,-0.7886349372722292,16,2
mp-1184036,GaAg3,<PROJECT_ROOT>/external_datasets/functional_protocol_round4_widechem_boost/meta_gga_r2scan/cif/mp-1184036.cif,train,0.0180012800000035,-2.883588552474976,0.0390306137752358,0.0404171668915838,0.1993458561503583,8,2
mp-973904,HfCr2,<PROJECT_ROOT>/external_datasets/functional_protocol_round4_widechem_boost/meta_gga_r2scan/cif/mp-973904.cif,train,0.0929956537499994,-9.847819010416666,-0.4564295244871434,-0.454879314896468,-0.2771920879035337,24,2
mp-1200870,TeAsHXeNF11,<PROJECT_ROOT>/external_datasets/functional_protocol_round4_widechem_boost/meta_gga_r2scan/cif/mp-1200870.cif,train,-1.603064749062499,-3.982233762741089,-1.6697474334748563,-1.6722505556162153,-1.9591619737936068,32,6
mp-1207725,TmMn2O5,<PROJECT_ROOT>/external_datasets/functional_protocol_round4_widechem_boost/meta_gga_r2scan/cif/mp-1207725.cif,train,-2.79156195846444,-7.728633880615234,-2.378834101649581,-2.378263528528672,-2.3128636263081965,32,3
mp-1213834,Cs3Sc2Br9,<PROJECT_ROOT>/external_datasets/functional_protocol_round4_widechem_boost/meta_gga_r2scan/cif/mp-1213834.cif,train,-2.0711599655357134,-3.9719908578055247,-2.0354133935195096,-2.0307443969569645,-1.4955773737191371,28,3
mp-1082,VIr3,<PROJECT_ROOT>/external_datasets/functional_protocol_round4_widechem_boost/meta_gga_r2scan/cif/mp-1082.cif,train,-0.5420716125000027,-9.400239944458008,-0.6278537201158123,-0.6255084168523579,-0.3566864228177584,4,2
mp-1185071,LaNdMg2,<PROJECT_ROOT>/external_datasets/functional_protocol_round4_widechem_boost/meta_gga_r2scan/cif/mp-1185071.cif,train,-0.1169447081250005,-3.332779884338379,-0.1579084839721729,-0.1618379853124292,-0.6122430149378879,4,3
mp-864953,MnV2Cr,<PROJECT_ROOT>/external_datasets/functional_protocol_round4_widechem_boost/meta_gga_r2scan/cif/mp-864953.cif,train,-0.1454200861206889,-9.421175956726074,-0.8182925999025841,-0.8134837436495728,-0.2622858038723321,4,3
mp-756428,LaTh4O10,<PROJECT_ROOT>/external_datasets/functional_protocol_round4_widechem_boost/meta_gga_r2scan/cif/mp-756428.cif,train,-3.963501993499998,-9.269065348307292,-4.113204154470475,-4.101711438407746,-2.784399985763178,15,3
mp-15837,Nb5Se4,<PROJECT_ROOT>/external_datasets/functional_protocol_round4_widechem_boost/meta_gga_r2scan/cif/mp-15837.cif,train,-0.7676304251388899,-7.832867940266927,-0.7144398870914639,-0.7169013189124742,-0.999034133299066,9,2
mp-1079283,LaAlH6,<PROJECT_ROOT>/external_datasets/functional_protocol_round4_widechem_boost/meta_gga_r2scan/cif/mp-1079283.cif,train,-0.4340783521875,-3.957952499389648,-0.3164070825278129,-0.3164680831963675,-0.3234600665474975,8,3
mp-570902,Pr6RuBr10,<PROJECT_ROOT>/external_datasets/functional_protocol_round4_widechem_boost/meta_gga_r2scan/cif/mp-570902.cif,train,-1.835634935294118,-4.789435442756204,-1.7873857611124726,-1.7844411022430204,-1.446920116629958,17,3
mp-1221646,MnCdSe2,<PROJECT_ROOT>/external_datasets/functional_protocol_round4_widechem_boost/meta_gga_r2scan/cif/mp-1221646.cif,train,-0.8558282656519367,-4.762720108032227,-0.804829169876756,-0.8045262362360308,-0.769803551699668,4,3
mp-1225519,DyThN2,<PROJECT_ROOT>/external_datasets/functional_protocol_round4_widechem_boost/meta_gga_r2scan/cif/mp-1225519.cif,train,-1.8697790081249928,-8.789762496948242,-1.8016107751642387,-1.7966318364167524,-1.225938799340768,4,3
mp-1079729,ScMnGe,<PROJECT_ROOT>/external_datasets/functional_protocol_round4_widechem_boost/meta_gga_r2scan/cif/mp-1079729.cif,train,-0.7084509320498079,-7.235026041666667,-0.8053308912183521,-0.8043208596268911,-0.6885496027972245,9,3
mp-979465,SmCd3,<PROJECT_ROOT>/external_datasets/functional_protocol_round4_widechem_boost/meta_gga_r2scan/cif/mp-979465.cif,train,-0.3413577262499991,-2.164043426513672,-0.3299044203555188,-0.3293621775315927,-0.2672095342280252,8,2
mp-22237,CeMgCu2,<PROJECT_ROOT>/external_datasets/functional_protocol_round4_widechem_boost/meta_gga_r2scan/cif/mp-22237.cif,train,-0.0917272949999983,-4.054037094116211,-0.150595187768701,-0.1512955707673526,-0.2315744657067814,8,3
mp-9814,Cu3SbSe4,<PROJECT_ROOT>/external_datasets/functional_protocol_round4_widechem_boost/meta_gga_r2scan/cif/mp-9814.cif,train,-0.2321135370312497,-3.973170280456543,-0.2793981967326964,-0.2823146391241558,-0.6166014119177072,8,3
mp-1183804,DyErTl2,<PROJECT_ROOT>/external_datasets/functional_protocol_round4_widechem_boost/meta_gga_r2scan/cif/mp-1183804.cif,train,-0.4239102470833344,-3.798328876495361,-0.4096457647059841,-0.4106436794289072,-0.5250260835612724,4,3
mp-15813,Mn3W3C,<PROJECT_ROOT>/external_datasets/functional_protocol_round4_widechem_boost/meta_gga_r2scan/cif/mp-15813.cif,train,-0.0299149472783223,-10.8211430140904,-1.1980095349509303,-1.1859048768705334,0.2015482397474253,28,3
mp-756040,Gd2HgO4,<PROJECT_ROOT>/external_datasets/functional_protocol_round4_widechem_boost/meta_gga_r2scan/cif/mp-756040.cif,train,-2.8137355410714275,-9.476896013532366,-2.932341809978551,-2.92698424069805,-2.3128920336848666,14,3
mp-753467,TaCrO4,<PROJECT_ROOT>/external_datasets/functional_protocol_round4_widechem_boost/meta_gga_r2scan/cif/mp-753467.cif,train,-2.8319389070555565,-9.011295954386393,-2.6253390350068626,-2.622760024110286,-2.327150128937212,12,3
mp-1198133,Y5Si4,<PROJECT_ROOT>/external_datasets/functional_protocol_round4_widechem_boost/meta_gga_r2scan/cif/mp-1198133.cif,train,-0.8372678411111123,-6.771874745686849,-0.7830298418448454,-0.7853176661526255,-1.047551340580646,36,2
mp-1186300,NdEr3,<PROJECT_ROOT>/external_datasets/functional_protocol_round4_widechem_boost/meta_gga_r2scan/cif/mp-1186300.cif,train,0.0572110181250025,-4.587845802307129,-0.116058064387154,-0.1272698437852986,-1.4123799365671812,4,2
mp-1232422,Yb3Hf,<PROJECT_ROOT>/external_datasets/functional_protocol_round4_widechem_boost/meta_gga_r2scan/cif/mp-1232422.cif,train,0.2255981162499907,-3.164628028869629,0.3969327973579277,0.3899193965691072,-0.4139665717844421,4,2
mp-2016621,PuCu2,<PROJECT_ROOT>/external_datasets/functional_protocol_round4_widechem_boost/meta_gga_r2scan/cif/mp-2016621.cif,train,-0.0816792312500022,-7.504326502482097,-0.1970852773776235,-0.1976618341001605,-0.2637475852460992,6,2
mp-1222794,LaGa3Pt,<PROJECT_ROOT>/external_datasets/functional_protocol_round4_widechem_boost/meta_gga_r2scan/cif/mp-1222794.cif,train,-0.8383802709999969,-4.766426849365234,-0.8110413787619075,-0.8102274729177861,-0.7169364280522353,5,3
mp-972244,Tm2ZnGa,<PROJECT_ROOT>/external_datasets/functional_protocol_round4_widechem_boost/meta_gga_r2scan/cif/mp-972244.cif,train,-0.544842446250005,-3.788198471069336,-0.5381314010810234,-0.5391608619321637,-0.6571591281255534,4,3
mp-567156,Pr(Al4Co)2,<PROJECT_ROOT>/external_datasets/functional_protocol_round4_widechem_boost/meta_gga_r2scan/cif/mp-567156.cif,train,-0.4525343796969694,-4.916141856800426,-0.4914196414274787,-0.4906934314301958,-0.4074542091941769,44,3
mp-19855,Cr7C3,<PROJECT_ROOT>/external_datasets/functional_protocol_round4_widechem_boost/meta_gga_r2scan/cif/mp-19855.cif,train,0.0891902855000012,-9.62103271484375,-0.4751813494201506,-0.4690344094443626,0.2355365887976166,40,2
mp-1217135,Ti4O3,<PROJECT_ROOT>/external_datasets/functional_protocol_round4_widechem_boost/meta_gga_r2scan/cif/mp-1217135.cif,train,-2.3192242689880964,-8.756978171212333,-2.3928222417106024,-2.39156142137137,-2.2470444017610505,7,2
mp-1048047,MgFe4O9,<PROJECT_ROOT>/external_datasets/functional_protocol_round4_widechem_boost/meta_gga_r2scan/cif/mp-1048047.cif,train,-1.3258476738392857,-5.893368312290737,-0.5746224955858983,-0.5875577793888578,-2.070218397109249,28,3
mp-13272,BaAlGe,<PROJECT_ROOT>/external_datasets/functional_protocol_round4_widechem_boost/meta_gga_r2scan/cif/mp-13272.cif,train,-0.5360675583333337,-3.898739496866862,-0.5029618913117764,-0.5054283870905367,-0.7881416395147172,3,3
mp-1202380,Dy(Ni2B)6,<PROJECT_ROOT>/external_datasets/functional_protocol_round4_widechem_boost/meta_gga_r2scan/cif/mp-1202380.cif,train,-0.3975117421052636,-6.390105799624794,-0.4606759059701657,-0.4596048268877366,-0.33683621986117,38,3
mp-722,Pr3Se4,<PROJECT_ROOT>/external_datasets/functional_protocol_round4_widechem_boost/meta_gga_r2scan/cif/mp-722.cif,train,-2.1487453487499977,-5.904348645891462,-2.03269354137123,-2.026443985965312,-1.3101110612480966,14,2
mp-1207790,Y12Al7Si,<PROJECT_ROOT>/external_datasets/functional_protocol_round4_widechem_boost/meta_gga_r2scan/cif/mp-1207790.cif,train,-0.4600894707500004,-5.875266265869141,-0.4705876828180226,-0.4747074238605622,-0.9469179985970608,40,3
mp-1193835,Co(WCl5)2,<PROJECT_ROOT>/external_datasets/functional_protocol_round4_widechem_boost/meta_gga_r2scan/cif/mp-1193835.cif,train,-0.9370420096153856,-4.7073822021484375,-1.242280919112969,-1.2439931307881462,-1.4402492670020992,26,3
mp-14030,Na2LiY(Si2O5)3,<PROJECT_ROOT>/external_datasets/functional_protocol_round4_widechem_boost/meta_gga_r2scan/cif/mp-14030.cif,train,-3.016248292416667,-7.479133911132813,-3.136009122456896,-3.1292849931970137,-2.3585557387060057,100,5
mp-1221906,Mn2As2O7,<PROJECT_ROOT>/external_datasets/functional_protocol_round4_widechem_boost/meta_gga_r2scan/cif/mp-1221906.cif,train,-1.6765854013832289,-6.806318803267046,-1.7000965428090486,-1.7055008878702926,-2.324954601366562,22,3
mp-30703,Hf11Ga10,<PROJECT_ROOT>/external_datasets/functional_protocol_round4_widechem_boost/meta_gga_r2scan/cif/mp-30703.cif,train,-0.568396866904761,-7.144710722423735,-0.4997012983645099,-0.5026715682171945,-0.8431281211352473,42,2
mp-7361,Sr(CoGe)2,<PROJECT_ROOT>/external_datasets/functional_protocol_round4_widechem_boost/meta_gga_r2scan/cif/mp-7361.cif,train,-0.3612192200000009,-5.4467121124267575,-0.4202891180233532,-0.4194032749020175,-0.3178666770609715,5,3
mp-1214465,BiP5O14,<PROJECT_ROOT>/external_datasets/functional_protocol_round4_widechem_boost/meta_gga_r2scan/cif/mp-1214465.cif,train,-2.199092213494049,-7.005032348632812,-2.4364213836477298,-2.43737136192275,-2.5462592222519245,80,3
mp-1120740,NaTi3F10,<PROJECT_ROOT>/external_datasets/functional_protocol_round4_widechem_boost/meta_gga_r2scan/cif/mp-1120740.cif,train,-3.522811508928572,-6.3760495867048,-3.582758251885307,-3.5784944234876184,-3.089768351274472,28,3
mp-1206895,La2Ni2I,<PROJECT_ROOT>/external_datasets/functional_protocol_round4_widechem_boost/meta_gga_r2scan/cif/mp-1206895.cif,train,-0.7830939624999985,-5.323026275634765,-0.8777335011702228,-0.8783946497507156,-0.954176439906091,10,3
mp-866059,GdMgRh2,<PROJECT_ROOT>/external_datasets/functional_protocol_round4_widechem_boost/meta_gga_r2scan/cif/mp-866059.cif,train,-0.6524496862500015,-8.26124382019043,-0.6744892433573728,-0.6735984882785653,-0.5714988748881205,4,3
mp-30278,Ce3Ga4Cl,<PROJECT_ROOT>/external_datasets/functional_protocol_round4_widechem_boost/meta_gga_r2scan/cif/mp-30278.cif,train,-1.057525809687501,-4.838659286499023,-0.9999199413067368,-1.0013584256823762,-1.166239549704543,16,3
mp-30787,MoRh3,<PROJECT_ROOT>/external_datasets/functional_protocol_round4_widechem_boost/meta_gga_r2scan/cif/mp-30787.cif,train,-0.2608393112500025,-8.459870338439941,-0.3328484194146455,-0.3315156920144142,-0.1787565828530267,8,2
mp-753993,NbVO5,<PROJECT_ROOT>/external_datasets/functional_protocol_round4_widechem_boost/meta_gga_r2scan/cif/mp-753993.cif,train,-2.617138181607142,-8.247041429792132,-2.492055311499577,-2.492915520830977,-2.591513937231293,28,3
mp-29466,CeSi3N5,<PROJECT_ROOT>/external_datasets/functional_protocol_round4_widechem_boost/meta_gga_r2scan/cif/mp-29466.cif,train,-1.489711484583334,-8.29634263780382,-1.3259815767380445,-1.3233468926036904,-1.0213556517743665,36,3
mp-31269,Na2S2O7,<PROJECT_ROOT>/external_datasets/functional_protocol_round4_widechem_boost/meta_gga_r2scan/cif/mp-31269.cif,train,-1.7701444324431812,-5.748625321821733,-2.061600434619594,-2.0661946572350844,-2.5927909843652883,22,3
mp-1029367,MnCoN2,<PROJECT_ROOT>/external_datasets/functional_protocol_round4_widechem_boost/meta_gga_r2scan/cif/mp-1029367.cif,train,-0.1665828654956893,-8.37873363494873,-0.4492602001427555,-0.4492652721354595,-0.4498466311481554,4,3
mp-645182,Sm2NiSn4,<PROJECT_ROOT>/external_datasets/functional_protocol_round4_widechem_boost/meta_gga_r2scan/cif/mp-645182.cif,train,-0.6636576528571457,-5.082967485700335,-0.6367811692901082,-0.6356830756835397,-0.5098180254977238,28,3
mp-1207212,LiHfS2,<PROJECT_ROOT>/external_datasets/functional_protocol_round4_widechem_boost/meta_gga_r2scan/cif/mp-1207212.cif,train,-1.6586196105729163,-6.5010271072387695,-1.6164468108198111,-1.614259149116565,-1.363506254806515,4,3
mp-7875,Ba(MgSi)2,<PROJECT_ROOT>/external_datasets/functional_protocol_round4_widechem_boost/meta_gga_r2scan/cif/mp-7875.cif,train,-0.3689464410000013,-3.518604278564453,-0.2975166938158402,-0.2995292159866656,-0.530207368120811,5,3
mp-20244,ZrPbS3,<PROJECT_ROOT>/external_datasets/functional_protocol_round4_widechem_boost/meta_gga_r2scan/cif/mp-20244.cif,train,-1.343170835187499,-6.049397277832031,-1.2753519166688827,-1.274862464266863,-1.2187607341633466,20,3
mp-1221599,MnV(Co2Si)2,<PROJECT_ROOT>/external_datasets/functional_protocol_round4_widechem_boost/meta_gga_r2scan/cif/mp-1221599.cif,train,-0.5143156618103433,-7.613088607788086,-0.5818205283686435,-0.5782816081967086,-0.1726455473179319,8,4
mp-759662,V2O3F,<PROJECT_ROOT>/external_datasets/functional_protocol_round4_widechem_boost/meta_gga_r2scan/cif/mp-759662.cif,train,-2.7887064788194444,-7.457897610134548,-2.2424769834744884,-2.2449230614952578,-2.5252960014714336,18,3
mp-861592,PuAu3,<PROJECT_ROOT>/external_datasets/functional_protocol_round4_widechem_boost/meta_gga_r2scan/cif/mp-861592.cif,train,-0.5628557984375036,-6.380752086639404,-0.5496347860777524,-0.5506238515685657,-0.6639919441379558,8,2
mp-2363,HfMo2,<PROJECT_ROOT>/external_datasets/functional_protocol_round4_widechem_boost/meta_gga_r2scan/cif/mp-2363.cif,train,-0.1733527250000008,-10.716370900472006,-0.34972187592885,-0.3455294938974376,0.1350072942472178,6,2
mp-1219643,Rb3Br2Cl,<PROJECT_ROOT>/external_datasets/functional_protocol_round4_widechem_boost/meta_gga_r2scan/cif/mp-1219643.cif,train,-2.033734718541666,-3.155437469482422,-1.9922901795023356,-1.9866769490281253,-1.3432804925553237,6,3
mp-1068331,Y2Ni2Sn,<PROJECT_ROOT>/external_datasets/functional_protocol_round4_widechem_boost/meta_gga_r2scan/cif/mp-1068331.cif,train,-0.5853737360000025,-6.290901184082031,-0.6577621762518548,-0.657008647345533,-0.5706380929194053,5,3
mp-1209658,Pr5(C2Br)3,<PROJECT_ROOT>/external_datasets/functional_protocol_round4_widechem_boost/meta_gga_r2scan/cif/mp-1209658.cif,train,-0.9514412197023786,-6.76482663835798,-0.8500103486929538,-0.8485460171435442,-0.6807022533214957,28,3
mp-559612,KLiO,<PROJECT_ROOT>/external_datasets/functional_protocol_round4_widechem_boost/meta_gga_r2scan/cif/mp-559612.cif,train,-1.592950833055556,-4.061099052429199,-1.6640856809919642,-1.663015666355295,-1.5403690676136517,12,3
mp-865046,LiPaPt2,<PROJECT_ROOT>/external_datasets/functional_protocol_round4_widechem_boost/meta_gga_r2scan/cif/mp-865046.cif,train,-0.8606044241666666,-6.683910369873047,-0.8861533042176477,-0.8872458502620191,-1.0124750309822834,4,3
mp-979273,TePd3,<PROJECT_ROOT>/external_datasets/functional_protocol_round4_widechem_boost/meta_gga_r2scan/cif/mp-979273.cif,train,-0.2123812650000047,-4.902170181274414,-0.2601143754414927,-0.2630832145239248,-0.6033757705218488,4,2
mp-617291,Mn5Ge3,<PROJECT_ROOT>/external_datasets/functional_protocol_round4_widechem_boost/meta_gga_r2scan/cif/mp-617291.cif,train,-0.2842649840517257,-7.564363479614258,-0.5729801019896481,-0.5705264279143272,-0.289282817368418,16,2
mp-780699,V4OF11,<PROJECT_ROOT>/external_datasets/functional_protocol_round4_widechem_boost/meta_gga_r2scan/cif/mp-780699.cif,train,-3.174638671796875,-6.196922302246094,-2.839236196286412,-2.8406045259863197,-2.997444421346073,16,3
mp-27630,CrCl3,<PROJECT_ROOT>/external_datasets/functional_protocol_round4_widechem_boost/meta_gga_r2scan/cif/mp-27630.cif,train,-1.4250044681249996,-4.905282020568848,-1.4274170395950805,-1.4275934998800397,-1.4478196285904643,8,2
mp-30961,Ca7Tl3N2,<PROJECT_ROOT>/external_datasets/functional_protocol_round4_widechem_boost/meta_gga_r2scan/cif/mp-30961.cif,train,-0.7544589864583339,-3.7743749618530273,-0.7382243470222809,-0.7370672109757841,-0.604434632392625,12,3
mp-1191355,GdIn2Ni9,<PROJECT_ROOT>/external_datasets/functional_protocol_round4_widechem_boost/meta_gga_r2scan/cif/mp-1191355.cif,train,-0.1913671349999977,-6.178885142008464,-0.3084678231377031,-0.3077491623144883,-0.2253752371417423,24,3
mp-2091,V3B2,<PROJECT_ROOT>/external_datasets/functional_protocol_round4_widechem_boost/meta_gga_r2scan/cif/mp-2091.cif,train,-0.7769879830000008,-8.843275451660157,-1.0972289291193968,-1.0928562835903453,-0.5916574370914714,10,2
mp-28177,NaSbCl6,<PROJECT_ROOT>/external_datasets/functional_protocol_round4_widechem_boost/meta_gga_r2scan/cif/mp-28177.cif,train,-1.1045720687499987,-3.0300841331481934,-1.168300554524743,-1.172265977394229,-1.6267883837641908,16,3
mp-1211516,KSm2Cl7,<PROJECT_ROOT>/external_datasets/functional_protocol_round4_widechem_boost/meta_gga_r2scan/cif/mp-1211516.cif,train,-2.502349305125,-4.591669082641602,-2.4474748859475213,-2.4412406222979133,-1.7266604604278957,40,3
mp-983589,Ag2GeO3,<PROJECT_ROOT>/external_datasets/functional_protocol_round4_widechem_boost/meta_gga_r2scan/cif/mp-983589.cif,train,-0.9844403160416656,-5.038083394368489,-1.137608419847277,-1.142072791583396,-1.6537854263305074,24,3
mp-1205874,Lu6FeBi2,<PROJECT_ROOT>/external_datasets/functional_protocol_round4_widechem_boost/meta_gga_r2scan/cif/mp-1205874.cif,train,-0.4568156855555558,-5.228521135118273,-0.4991639439780337,-0.5022932988046946,-0.8609843975890441,9,3
mp-1413546,As2O5,<PROJECT_ROOT>/external_datasets/functional_protocol_round4_widechem_boost/meta_gga_r2scan/cif/mp-1413546.cif,train,-1.2195474544642846,-5.909416198730469,-1.5214643698742902,-1.53108507251262,-2.6338236852813357,28,2
mp-1207101,KMnSe2,<PROJECT_ROOT>/external_datasets/functional_protocol_round4_widechem_boost/meta_gga_r2scan/cif/mp-1207101.cif,train,-1.0145952690894386,-4.998885631561279,-1.0044423300876837,-1.0038894634694897,-0.9405191057608602,4,3
mp-570598,SrSi7N10,<PROJECT_ROOT>/external_datasets/functional_protocol_round4_widechem_boost/meta_gga_r2scan/cif/mp-570598.cif,train,-1.3464539554166666,-7.952368842230903,-1.2155235519374887,-1.2128454524664516,-0.9058778840293472,36,3
mp-1104821,Pr5Co2,<PROJECT_ROOT>/external_datasets/functional_protocol_round4_widechem_boost/meta_gga_r2scan/cif/mp-1104821.cif,train,0.0568219459523829,-5.491835457938058,-0.114918616926495,-0.1199267101688281,-0.6939614768876912,14,2
mp-510725,SrV3O7,<PROJECT_ROOT>/external_datasets/functional_protocol_round4_widechem_boost/meta_gga_r2scan/cif/mp-510725.cif,train,-2.802228027386364,-7.561695445667613,-2.355063494524881,-2.3555888953293502,-2.415811082423863,22,3
mp-867277,Ho2MgAl,<PROJECT_ROOT>/external_datasets/functional_protocol_round4_widechem_boost/meta_gga_r2scan/cif/mp-867277.cif,train,-0.3028134687499992,-3.891871452331543,-0.3024461111804855,-0.3053686196566492,-0.6403506957032445,4,3
mp-571065,TiBr3,<PROJECT_ROOT>/external_datasets/functional_protocol_round4_widechem_boost/meta_gga_r2scan/cif/mp-571065.cif,train,-1.4388203922916674,-4.418735504150391,-1.4231979446424354,-1.4256511706441817,-1.7068434223607294,8,2
mp-6169,Ba3Ta6(Si2O13)2,<PROJECT_ROOT>/external_datasets/functional_protocol_round4_widechem_boost/meta_gga_r2scan/cif/mp-6169.cif,train,-3.225493818628208,-8.795446151342148,-3.377013642992228,-3.3698789050683944,-2.552085101812073,39,4
mp-759882,AgBH8C4(N2F)4,<PROJECT_ROOT>/external_datasets/functional_protocol_round4_widechem_boost/meta_gga_r2scan/cif/mp-759882.cif,train,-0.7004338097115375,-6.332687377929688,-0.7746508984957599,-0.7755461712205172,-0.8781636036139331,52,6
mp-11274,BePd,<PROJECT_ROOT>/external_datasets/functional_protocol_round4_widechem_boost/meta_gga_r2scan/cif/mp-11274.cif,train,-0.5767146912500021,-5.045855522155762,-0.5751820838894313,-0.5744492897905795,-0.4904553884724509,2,2
mp-23302,RbI,<PROJECT_ROOT>/external_datasets/functional_protocol_round4_widechem_boost/meta_gga_r2scan/cif/mp-23302.cif,train,-1.689598474375,-2.706917762756348,-1.592594482377809,-1.5873588055686794,-0.9872380869008732,2,2
mp-2759477,Ba3CoO5,<PROJECT_ROOT>/external_datasets/functional_protocol_round4_widechem_boost/meta_gga_r2scan/cif/mp-2759477.cif,train,-2.279680538750002,-6.02328364054362,-2.2241322265934045,-2.224984363150255,-2.3226574666556594,36,3
mp-754415,Tb3NbO7,<PROJECT_ROOT>/external_datasets/functional_protocol_round4_widechem_boost/meta_gga_r2scan/cif/mp-754415.cif,train,-3.621379906477276,-8.636611244895242,-3.718562576125815,-3.7080709204220215,-2.505502429181385,22,3
mp-1186277,Nd3FeO6,<PROJECT_ROOT>/external_datasets/functional_protocol_round4_widechem_boost/meta_gga_r2scan/cif/mp-1186277.cif,train,-3.218598720999998,-7.886071014404297,-3.04703376232691,-3.040941635179876,-2.342653361289256,20,3
mp-31132,Hg4OF6,<PROJECT_ROOT>/external_datasets/functional_protocol_round4_widechem_boost/meta_gga_r2scan/cif/mp-31132.cif,train,-1.3610149630681834,-2.793003429066052,-1.5064074658378763,-1.5134055912351263,-2.315540672492175,22,3
mp-754269,Nd3SbO7,<PROJECT_ROOT>/external_datasets/functional_protocol_round4_widechem_boost/meta_gga_r2scan/cif/mp-754269.cif,train,-3.1500632412500007,-7.677388971502131,-3.285471077933364,-3.2786638821922045,-2.4984134295329605,22,3
mp-1206636,SrTl3,<PROJECT_ROOT>/external_datasets/functional_protocol_round4_widechem_boost/meta_gga_r2scan/cif/mp-1206636.cif,train,-0.2944864125000066,-2.446541309356689,-0.2587969230302209,-0.2560693012440724,0.05657458534985,4,2
mp-1877,HoAl3,<PROJECT_ROOT>/external_datasets/functional_protocol_round4_widechem_boost/meta_gga_r2scan/cif/mp-1877.cif,train,-0.455262071249999,-4.369833946228027,-0.4530220558136761,-0.4547322382801129,-0.6507557837030034,4,2
mp-867865,ReRh3,<PROJECT_ROOT>/external_datasets/functional_protocol_round4_widechem_boost/meta_gga_r2scan/cif/mp-867865.cif,train,-0.0854463156249991,-8.695832252502441,-0.0847275643019003,-0.0867379112786865,-0.3171667395778177,8,2
mp-1189054,Sr3(GaAs2)2,<PROJECT_ROOT>/external_datasets/functional_protocol_round4_widechem_boost/meta_gga_r2scan/cif/mp-1189054.cif,train,-1.040903057222222,-4.172482808430989,-0.933826971016574,-0.9324316929748148,-0.772502940362521,18,3
mp-647812,Cr(CO)6,<PROJECT_ROOT>/external_datasets/functional_protocol_round4_widechem_boost/meta_gga_r2scan/cif/mp-647812.cif,train,-0.7178346932692315,-7.662244356595552,-0.7120087801491799,-0.7183911065545594,-1.4499424319710594,52,3
mp-1079448,PrCdGa,<PROJECT_ROOT>/external_datasets/functional_protocol_round4_widechem_boost/meta_gga_r2scan/cif/mp-1079448.cif,train,-0.5894637327777761,-3.421716054280599,-0.5479000163236796,-0.5469548342129702,-0.4386167170558693,9,3
mp-3390,Y(CuSi)2,<PROJECT_ROOT>/external_datasets/functional_protocol_round4_widechem_boost/meta_gga_r2scan/cif/mp-3390.cif,train,-0.6283781400000009,-5.698895263671875,-0.5625315358547507,-0.5610993090023877,-0.3969354311952878,5,3
mp-19774,Eu(CdSb)2,<PROJECT_ROOT>/external_datasets/functional_protocol_round4_widechem_boost/meta_gga_r2scan/cif/mp-19774.cif,train,-0.629749031,-4.571564865112305,-0.5083414272990545,-0.5076911327390015,-0.4331534458375908,5,3
mp-5454,Er3(CuSi)4,<PROJECT_ROOT>/external_datasets/functional_protocol_round4_widechem_boost/meta_gga_r2scan/cif/mp-5454.cif,train,-0.6829082854545473,-5.34623232754794,-0.6332665823024728,-0.6325363826644397,-0.5488398621341656,11,3
mp-22330,TlVO3,<PROJECT_ROOT>/external_datasets/functional_protocol_round4_widechem_boost/meta_gga_r2scan/cif/mp-22330.cif,train,-2.0705721207500005,-6.499140930175781,-1.7402235455025767,-1.7429744719826583,-2.0582895757244533,20,3
mp-27978,PuI3,<PROJECT_ROOT>/external_datasets/functional_protocol_round4_widechem_boost/meta_gga_r2scan/cif/mp-27978.cif,train,-1.4614274040625048,-5.795989990234375,-1.3821518081450943,-1.381415391161041,-1.2970062295923857,8,2
mp-1223291,La2Cu3Ni,<PROJECT_ROOT>/external_datasets/functional_protocol_round4_widechem_boost/meta_gga_r2scan/cif/mp-1223291.cif,train,-0.2152922516666654,-4.90651257832845,-0.2972241735193277,-0.2977873366487138,-0.3623378951061282,6,3
mp-3928,Na5P3O10,<PROJECT_ROOT>/external_datasets/functional_protocol_round4_widechem_boost/meta_gga_r2scan/cif/mp-3928.cif,train,-2.449653068968254,-6.244070265028212,-2.600384644152062,-2.5967670447416964,-2.1821126577066097,36,3
mp-1232233,Gd2MgS4,<PROJECT_ROOT>/external_datasets/functional_protocol_round4_widechem_boost/meta_gga_r2scan/cif/mp-1232233.cif,train,-2.1224798500000026,-8.483073098318917,-1.9969487339724008,-1.9916581953072925,-1.385249132718278,56,3
mp-18726,CrNiO4,<PROJECT_ROOT>/external_datasets/functional_protocol_round4_widechem_boost/meta_gga_r2scan/cif/mp-18726.cif,train,-1.638317779166666,-6.1424407958984375,-0.7930133759029818,-0.8055018104676872,-2.2369439332781127,12,3
mp-9084,CsGdS2,<PROJECT_ROOT>/external_datasets/functional_protocol_round4_widechem_boost/meta_gga_r2scan/cif/mp-9084.cif,train,-2.082173956406248,-7.628783702850342,-1.9623099234523664,-1.9573294392028824,-1.3864592544921015,4,3
mp-1213642,CsSrCl3,<PROJECT_ROOT>/external_datasets/functional_protocol_round4_widechem_boost/meta_gga_r2scan/cif/mp-1213642.cif,train,-2.525664675499999,-3.907465362548828,-2.4624793927512005,-2.454615415539858,-1.5532351684953605,5,3
mp-1211591,La3(GaRh)2,<PROJECT_ROOT>/external_datasets/functional_protocol_round4_widechem_boost/meta_gga_r2scan/cif/mp-1211591.cif,train,-0.834468364285714,-5.849043164934431,-0.8544455701382185,-0.8554840404338799,-0.9745149819653636,28,3
mp-30767,Li7Sn2,<PROJECT_ROOT>/external_datasets/functional_protocol_round4_widechem_boost/meta_gga_r2scan/cif/mp-30767.cif,train,-0.4245730462962961,-2.7478836907280817,-0.4405714927858035,-0.4413399345537598,-0.5294198223769742,18,2
mp-aaaieioo,Ca2MgMoO6,<PROJECT_ROOT>/external_datasets/functional_protocol_round4_widechem_boost/meta_gga_r2scan/cif/mp-aaaieioo.cif,train,-2.819914511750001,-6.638440704345703,-2.4460881142058994,-2.443292712876607,-2.122879838694628,10,4
mp-1225695,CuNi,<PROJECT_ROOT>/external_datasets/functional_protocol_round4_widechem_boost/meta_gga_r2scan/cif/mp-1225695.cif,train,0.0930972749999998,-4.868548393249512,0.0428778343384799,0.0440542392992524,0.1788954482281438,2,2
mp-1102152,DyNiP,<PROJECT_ROOT>/external_datasets/functional_protocol_round4_widechem_boost/meta_gga_r2scan/cif/mp-1102152.cif,train,-1.332164956825397,-6.483666102091472,-1.3318601535499717,-1.327059351626585,-0.7767846105601277,12,3
mp-862749,SmAlAg2,<PROJECT_ROOT>/external_datasets/functional_protocol_round4_widechem_boost/meta_gga_r2scan/cif/mp-862749.cif,train,-0.3300549050000008,-3.839158535003662,-0.3138627815310322,-0.3133798385934909,-0.2580242325619698,4,3
mp-20407,NdFeO3,<PROJECT_ROOT>/external_datasets/functional_protocol_round4_widechem_boost/meta_gga_r2scan/cif/mp-20407.cif,train,-2.7164949832499987,-7.522288513183594,-2.3014644423632653,-2.3005439621017576,-2.195037206013832,20,3
mp-1077154,SmCu2,<PROJECT_ROOT>/external_datasets/functional_protocol_round4_widechem_boost/meta_gga_r2scan/cif/mp-1077154.cif,train,-0.2239568483333348,-4.536405245463054,-0.2377287683775044,-0.2368012066012301,-0.1304827572236875,6,2
mp-540578,Cs2ZnCl4,<PROJECT_ROOT>/external_datasets/functional_protocol_round4_widechem_boost/meta_gga_r2scan/cif/mp-540578.cif,train,-1.900625419285715,-3.180992943899972,-1.8656315840401416,-1.860857530683208,-1.3136487483297865,28,3
mp-696944,LaHBr2,<PROJECT_ROOT>/external_datasets/functional_protocol_round4_widechem_boost/meta_gga_r2scan/cif/mp-696944.cif,train,-1.845885044687499,-4.518405914306641,-1.784861429379887,-1.781109553929202,-1.3510642562737951,8,3
mp-672684,Zn6Sb5,<PROJECT_ROOT>/external_datasets/functional_protocol_round4_widechem_boost/meta_gga_r2scan/cif/mp-672684.cif,train,0.2015390745454536,-2.379778428511186,0.1483886633736335,0.1460858038970958,-0.1178712229465226,22,2
mp-34579,Na3HfF7,<PROJECT_ROOT>/external_datasets/functional_protocol_round4_widechem_boost/meta_gga_r2scan/cif/mp-34579.cif,train,-3.549354462727273,-5.749748229980469,-3.60505152145662,-3.5975544490998024,-2.738229358055944,11,3
mp-30842,ZrPd3,<PROJECT_ROOT>/external_datasets/functional_protocol_round4_widechem_boost/meta_gga_r2scan/cif/mp-30842.cif,train,-0.8515019925000047,-6.833273887634277,-0.8306950443723524,-0.829216855137278,-0.6597847036842266,16,2
mp-22320,GaRu,<PROJECT_ROOT>/external_datasets/functional_protocol_round4_widechem_boost/meta_gga_r2scan/cif/mp-22320.cif,train,-0.3321546925000014,-6.442099571228027,-0.2946447118573703,-0.2935788179388368,-0.1714045417691301,2,2
mp-1197252,Tb2ZrS5,<PROJECT_ROOT>/external_datasets/functional_protocol_round4_widechem_boost/meta_gga_r2scan/cif/mp-1197252.cif,train,-2.180591633632813,-6.687592029571533,-2.061966198013048,-2.057109617432568,-1.5004414473984742,32,3
mp-1190529,BPd5,<PROJECT_ROOT>/external_datasets/functional_protocol_round4_widechem_boost/meta_gga_r2scan/cif/mp-1190529.cif,train,-0.220706512916666,-5.644060134887695,-0.2063230664328097,-0.209188009335854,-0.53757183755785,24,2
mp-1207970,Tm5BiPt2,<PROJECT_ROOT>/external_datasets/functional_protocol_round4_widechem_boost/meta_gga_r2scan/cif/mp-1207970.cif,train,-1.0589978250000058,-5.736999988555908,-1.0297007733830483,-1.0288506116285472,-0.9314038627749428,16,3
mp-1211312,La2(Al3Rh)3,<PROJECT_ROOT>/external_datasets/functional_protocol_round4_widechem_boost/meta_gga_r2scan/cif/mp-1211312.cif,train,-0.8440105189285703,-5.482139587402344,-0.841291640050394,-0.8398267086481566,-0.6719141888423497,28,3
mp-758970,K3Ti8O17,<PROJECT_ROOT>/external_datasets/functional_protocol_round4_widechem_boost/meta_gga_r2scan/cif/mp-758970.cif,train,-3.1530260956547624,-8.26434326171875,-3.269137932883316,-3.262680798863861,-2.522554918378206,56,3
mp-979340,Sr2LiTaN3F,<PROJECT_ROOT>/external_datasets/functional_protocol_round4_widechem_boost/meta_gga_r2scan/cif/mp-979340.cif,train,-1.8455934145625024,-7.1142120361328125,-1.7718789743960943,-1.7675505443191373,-1.2714197357931138,64,5
mp-24409,PH4I,<PROJECT_ROOT>/external_datasets/functional_protocol_round4_widechem_boost/meta_gga_r2scan/cif/mp-24409.cif,train,-0.1450106875793639,-3.4998079935709634,-0.0865770929863471,-0.0889513953521081,-0.3610973077231444,12,3
mp-10933,Nd2TeS2,<PROJECT_ROOT>/external_datasets/functional_protocol_round4_widechem_boost/meta_gga_r2scan/cif/mp-10933.cif,train,-2.1788179901249976,-6.06651382446289,-2.0447605205243224,-2.038569552836134,-1.328952035611178,5,3
mp-1219977,PrCuGe,<PROJECT_ROOT>/external_datasets/functional_protocol_round4_widechem_boost/meta_gga_r2scan/cif/mp-1219977.cif,train,-0.6917307305555553,-5.1099700927734375,-0.6163884989342101,-0.6142474850095283,-0.3688414253937943,3,3
mp-1188509,Pr(FeSb3)4,<PROJECT_ROOT>/external_datasets/functional_protocol_round4_widechem_boost/meta_gga_r2scan/cif/mp-1188509.cif,train,-0.1034989530392167,-5.379382413976333,-0.2404298120778207,-0.2401472003750999,-0.2077538452604806,17,3
mp-1220713,Nb4P2S21,<PROJECT_ROOT>/external_datasets/functional_protocol_round4_widechem_boost/meta_gga_r2scan/cif/mp-1220713.cif,train,-0.6365061988894396,-5.655345210322627,-0.7147677190088917,-0.7216638729527993,-1.5121108412695496,54,3
mp-1195922,EuP7,<PROJECT_ROOT>/external_datasets/functional_protocol_round4_widechem_boost/meta_gga_r2scan/cif/mp-1195922.cif,train,-0.4172571722916647,-6.35386848449707,-0.3564204939482005,-0.3607569893450728,-0.8578122563025773,32,2
mp-984052,Ba(LuS2)2,<PROJECT_ROOT>/external_datasets/functional_protocol_round4_widechem_boost/meta_gga_r2scan/cif/mp-984052.cif,train,-2.4328966892261894,-6.057628086635044,-2.32195154081262,-2.315864427183936,-1.6181508098938346,28,3
mp-20571,DySiPt,<PROJECT_ROOT>/external_datasets/functional_protocol_round4_widechem_boost/meta_gga_r2scan/cif/mp-20571.cif,train,-1.3000463025000026,-6.554657618204753,-1.2685800717174072,-1.2669846292424625,-1.0841127447546703,12,3
mp-556939,NpIO,<PROJECT_ROOT>/external_datasets/functional_protocol_round4_widechem_boost/meta_gga_r2scan/cif/mp-556939.cif,train,-2.6079143983333304,-8.541399637858072,-2.6649273160289493,-2.6632040659727325,-2.4656826948367585,6,3
mp-1071536,USnAu,<PROJECT_ROOT>/external_datasets/functional_protocol_round4_widechem_boost/meta_gga_r2scan/cif/mp-1071536.cif,train,-0.3628615199999956,-6.410491307576497,-0.3340562279655268,-0.3389176258294855,-0.8961379597444715,6,3
mp-1079572,LaNiSb2,<PROJECT_ROOT>/external_datasets/functional_protocol_round4_widechem_boost/meta_gga_r2scan/cif/mp-1079572.cif,train,-0.8462096362499985,-5.505760192871094,-0.8625789407357889,-0.8603937714006422,-0.6099265558659298,8,3
mp-1016222,LiMg3,<PROJECT_ROOT>/external_datasets/functional_protocol_round4_widechem_boost/meta_gga_r2scan/cif/mp-1016222.cif,train,-0.0205045354166668,-1.697894811630249,-0.0170523880187349,-0.0169470518431893,-0.004873269661393,4,2
mp-1216946,TiMnCr,<PROJECT_ROOT>/external_datasets/functional_protocol_round4_widechem_boost/meta_gga_r2scan/cif/mp-1216946.cif,train,-0.0497156603831404,-9.04477628072103,-0.5749205302954898,-0.5737394989788758,-0.4383680105654561,12,3
mp-27702,InClO,<PROJECT_ROOT>/external_datasets/functional_protocol_round4_widechem_boost/meta_gga_r2scan/cif/mp-27702.cif,train,-1.6189474087499984,-4.556125640869141,-1.6994035174779158,-1.70097382478256,-1.8809646803206024,6,3
mp-673682,Tb2YbS4,<PROJECT_ROOT>/external_datasets/functional_protocol_round4_widechem_boost/meta_gga_r2scan/cif/mp-673682.cif,train,-2.2573141294642847,-5.997839246477399,-2.270265979272274,-2.2620837781722507,-1.3242282566337602,14,3
mp-978795,Sm3Hg,<PROJECT_ROOT>/external_datasets/functional_protocol_round4_widechem_boost/meta_gga_r2scan/cif/mp-978795.cif,train,-0.1965732618750024,-3.760175466537476,-0.2295973508537794,-0.2354006253971974,-0.9005802032413555,4,2
mp-1029246,MoW3S8,<PROJECT_ROOT>/external_datasets/functional_protocol_round4_widechem_boost/meta_gga_r2scan/cif/mp-1029246.cif,train,-0.9006355102083319,-7.724708557128906,-1.4996970463766397,-1.494998248769604,-0.9564153874501437,12,3
mp-29986,La2Al2I,<PROJECT_ROOT>/external_datasets/functional_protocol_round4_widechem_boost/meta_gga_r2scan/cif/mp-29986.cif,train,-0.943107123499996,-4.580209350585937,-0.915173771871948,-0.9168958229961666,-1.1142797708455836,10,3
mp-780585,Ti(FeO2)2,<PROJECT_ROOT>/external_datasets/functional_protocol_round4_widechem_boost/meta_gga_r2scan/cif/mp-780585.cif,train,-2.1643888027380944,-7.647763933454241,-1.6276408281862524,-1.631207284409303,-2.0399995666107182,28,3
mp-985281,CsIr,<PROJECT_ROOT>/external_datasets/functional_protocol_round4_widechem_boost/meta_gga_r2scan/cif/mp-985281.cif,train,1.5572960199999957,-3.301932573318481,1.5305001209421856,1.5134274021863678,-0.4434718914258472,2,2
mp-581786,Cu3Sn,<PROJECT_ROOT>/external_datasets/functional_protocol_round4_widechem_boost/meta_gga_r2scan/cif/mp-581786.cif,train,0.033498218750001,-4.062673091888428,0.064912486053287,0.0667568367629423,0.2781589369508449,8,2
mp-1184693,In,<PROJECT_ROOT>/external_datasets/functional_protocol_round4_widechem_boost/meta_gga_r2scan/cif/mp-1184693.cif,train,0.0101027248275888,-2.7074911183324355,-0.0618441396097724,-0.0633506545007911,-0.2360295329051252,29,1
mp-1206369,ScPd2Pb,<PROJECT_ROOT>/external_datasets/functional_protocol_round4_widechem_boost/meta_gga_r2scan/cif/mp-1206369.cif,train,-0.6803507837500007,-5.756780624389648,-0.6697126032757135,-0.6686302462095108,-0.5445689406491214,4,3
mp-568030,Th(Al5Fe)2,<PROJECT_ROOT>/external_datasets/functional_protocol_round4_widechem_boost/meta_gga_r2scan/cif/mp-568030.cif,train,-0.300288858076923,-5.098539499136118,-0.3676541543690952,-0.3682891899337566,-0.4410778690943185,26,3
mp-1185021,LaPmRu2,<PROJECT_ROOT>/external_datasets/functional_protocol_round4_widechem_boost/meta_gga_r2scan/cif/mp-1185021.cif,train,-0.1043227656249996,-7.14932107925415,-0.1451994552462672,-0.1485657366637225,-0.5344136980884073,4,3
mp-984586,Nb4Co4Si7,<PROJECT_ROOT>/external_datasets/functional_protocol_round4_widechem_boost/meta_gga_r2scan/cif/mp-984586.cif,train,-0.6334411039999982,-7.800382486979166,-0.6175892916762908,-0.6164062612239603,-0.4808056290357543,30,3
mp-979935,RbYb3,<PROJECT_ROOT>/external_datasets/functional_protocol_round4_widechem_boost/meta_gga_r2scan/cif/mp-979935.cif,train,0.7308290834374951,-0.9680958986282348,0.3296683845237284,0.3243525424770608,-0.2849568296770692,4,2
mp-13525,HoInIr,<PROJECT_ROOT>/external_datasets/functional_protocol_round4_widechem_boost/meta_gga_r2scan/cif/mp-13525.cif,train,-0.839274960555555,-6.093687269422743,-0.7523415185987332,-0.7506213138865494,-0.5534490044104041,9,3
mp-1238894,K(CrS2)2,<PROJECT_ROOT>/external_datasets/functional_protocol_round4_widechem_boost/meta_gga_r2scan/cif/mp-1238894.cif,train,-1.0619039192857136,-6.078409467424665,-1.095721839913601,-1.0950804221303905,-1.021560204007471,7,3
mp-867911,ScCdPd2,<PROJECT_ROOT>/external_datasets/functional_protocol_round4_widechem_boost/meta_gga_r2scan/cif/mp-867911.cif,train,-0.7375585987500024,-5.124802112579346,-0.7420309234580342,-0.7407442403170625,-0.5932627896066547,4,3
mp-10814,SrLiBO3,<PROJECT_ROOT>/external_datasets/functional_protocol_round4_widechem_boost/meta_gga_r2scan/cif/mp-10814.cif,train,-2.867222060486112,-6.836419423421224,-2.9821585787254805,-2.9744848332225398,-2.094909215018837,24,4
mp-495,LuGa3,<PROJECT_ROOT>/external_datasets/functional_protocol_round4_widechem_boost/meta_gga_r2scan/cif/mp-495.cif,train,-0.5136466041666665,-3.885997772216797,-0.5276016572069575,-0.5282223247246893,-0.5993641179210077,4,2
mp-769555,Li10Co3Ni7O20,<PROJECT_ROOT>/external_datasets/functional_protocol_round4_widechem_boost/meta_gga_r2scan/cif/mp-769555.cif,train,-1.6358069187916655,-5.119227981567383,-0.979272738820276,-0.9867852505253216,-1.8478800216096336,40,4
mp-1094863,MgGa,<PROJECT_ROOT>/external_datasets/functional_protocol_round4_widechem_boost/meta_gga_r2scan/cif/mp-1094863.cif,train,-0.1125157525000002,-2.4351935386657715,-0.1052799005270035,-0.1048745944188276,-0.0584178321354599,4,2
mp-10284,YSi3Ni,<PROJECT_ROOT>/external_datasets/functional_protocol_round4_widechem_boost/meta_gga_r2scan/cif/mp-10284.cif,train,-0.7037549179999999,-6.391880035400391,-0.6796948827487208,-0.6803792798079327,-0.758825843644986,10,3
mp-1095079,K3AlF6,<PROJECT_ROOT>/external_datasets/functional_protocol_round4_widechem_boost/meta_gga_r2scan/cif/mp-1095079.cif,train,-3.408254640125,-4.984306716918946,-3.442941310819897,-3.435138216679566,-2.5407364737822697,10,3
mp-697551,NaCo2HSe2O7,<PROJECT_ROOT>/external_datasets/functional_protocol_round4_widechem_boost/meta_gga_r2scan/cif/mp-697551.cif,train,-1.1285486698557703,-5.440860454852764,-1.1576382274013133,-1.1655365233850183,-2.070850436904527,52,5
mp-27356,AsO2,<PROJECT_ROOT>/external_datasets/functional_protocol_round4_widechem_boost/meta_gga_r2scan/cif/mp-27356.cif,train,-1.2416223187500002,-5.956084569295247,-1.5578743147742644,-1.566083492462667,-2.5070311089093846,24,2
mp-1206025,HoAlSi,<PROJECT_ROOT>/external_datasets/functional_protocol_round4_widechem_boost/meta_gga_r2scan/cif/mp-1206025.cif,train,-0.6681526933333307,-5.201984405517578,-0.6272922911379766,-0.6289352302056619,-0.8172512416741889,6,3
mp-1025237,Ba2RuO4,<PROJECT_ROOT>/external_datasets/functional_protocol_round4_widechem_boost/meta_gga_r2scan/cif/mp-1025237.cif,train,-2.2538594085714294,-6.691840580531529,-2.374586319242902,-2.374304685937409,-2.342023476104197,7,3
mp-865022,MnIr3,<PROJECT_ROOT>/external_datasets/functional_protocol_round4_widechem_boost/meta_gga_r2scan/cif/mp-865022.cif,train,-0.2234338023706925,-9.07758331298828,-0.3170044115441914,-0.3165131531965679,-0.2602044230423501,8,2
mp-569894,La4B4Cl5,<PROJECT_ROOT>/external_datasets/functional_protocol_round4_widechem_boost/meta_gga_r2scan/cif/mp-569894.cif,train,-1.7198459417307697,-5.796222393329327,-1.654876006334578,-1.6535146762617954,-1.497477088112804,13,3
mp-569472,Gd2(Al3Ir)3,<PROJECT_ROOT>/external_datasets/functional_protocol_round4_widechem_boost/meta_gga_r2scan/cif/mp-569472.cif,train,-0.942938167142862,-7.177537100655692,-0.8683026674050769,-0.8658174526653539,-0.5809586063286218,28,3
mp-8560,SF6,<PROJECT_ROOT>/external_datasets/functional_protocol_round4_widechem_boost/meta_gga_r2scan/cif/mp-8560.cif,train,-1.844461896116072,-3.9125208173479353,-2.13970954401212,-2.151898926980617,-3.549063330714773,7,2
mp-621362,NdInAu,<PROJECT_ROOT>/external_datasets/functional_protocol_round4_widechem_boost/meta_gga_r2scan/cif/mp-621362.cif,train,-0.8602982969444434,-4.324209425184462,-0.8132920703133548,-0.8111405747423133,-0.5645330939190645,9,3
mp-27411,TlP5,<PROJECT_ROOT>/external_datasets/functional_protocol_round4_widechem_boost/meta_gga_r2scan/cif/mp-27411.cif,train,-0.0443249991468258,-4.916284879048665,-0.0429503872772052,-0.0472713127506683,-0.5425419329534524,24,2
mp-1209942,Pr4CdNi,<PROJECT_ROOT>/external_datasets/functional_protocol_round4_widechem_boost/meta_gga_r2scan/cif/mp-1209942.cif,train,-0.2307223673611152,-4.535861333211263,-0.3127187514551162,-0.3162212683271796,-0.7176847312261775,24,3
mp-1228491,Al2S3,<PROJECT_ROOT>/external_datasets/functional_protocol_round4_widechem_boost/meta_gga_r2scan/cif/mp-1228491.cif,train,-1.2369562236874998,-5.025472640991211,-1.1983555700960435,-1.1988053294444576,-1.2503573853177088,10,2
mp-862617,AcAl3,<PROJECT_ROOT>/external_datasets/functional_protocol_round4_widechem_boost/meta_gga_r2scan/cif/mp-862617.cif,train,-0.4089157481250005,-4.193795680999756,-0.3940448811655432,-0.3952791957124439,-0.5367580837254682,8,2
mp-1204510,ZnH7C3NO6,<PROJECT_ROOT>/external_datasets/functional_protocol_round4_widechem_boost/meta_gga_r2scan/cif/mp-1204510.cif,train,-0.901283286342592,-5.90382554796007,-1.0685225361620576,-1.069405023901144,-1.1705570230633262,108,5
mp-1207113,Rb(PRh)2,<PROJECT_ROOT>/external_datasets/functional_protocol_round4_widechem_boost/meta_gga_r2scan/cif/mp-1207113.cif,train,-0.8387148414404748,-6.028384399414063,-0.7779370340939344,-0.7769903448830453,-0.6684794817587616,5,3
mp-570356,Ca5Ir,<PROJECT_ROOT>/external_datasets/functional_protocol_round4_widechem_boost/meta_gga_r2scan/cif/mp-570356.cif,train,-0.2371870699999997,-3.377531369527181,-0.3366259707180323,-0.3410641762951822,-0.8497776087039686,24,2
mp-998949,TiPt,<PROJECT_ROOT>/external_datasets/functional_protocol_round4_widechem_boost/meta_gga_r2scan/cif/mp-998949.cif,train,-1.003696203333334,-7.903774261474609,-0.9836449388497854,-0.9851345741559294,-1.155878690544303,4,2
mp-22947,K2ReCl6,<PROJECT_ROOT>/external_datasets/functional_protocol_round4_widechem_boost/meta_gga_r2scan/cif/mp-22947.cif,train,-1.4869133438888882,-4.1292368570963545,-1.4377772898201902,-1.4378207050360814,-1.442797018799284,9,3
mp-1184764,K,<PROJECT_ROOT>/external_datasets/functional_protocol_round4_widechem_boost/meta_gga_r2scan/cif/mp-1184764.cif,train,0.0080312662500006,-1.0941136678059895,-0.0350629441969856,-0.040042865320772,-0.6108485037638698,3,1
mp-1198676,Cs8Fe2O7,<PROJECT_ROOT>/external_datasets/functional_protocol_round4_widechem_boost/meta_gga_r2scan/cif/mp-1198676.cif,train,-1.4773699286029416,-4.389307358685662,-1.242230036047571,-1.2456612318735667,-1.6389497750849753,34,3
mp-12996,LaMg2Pd,<PROJECT_ROOT>/external_datasets/functional_protocol_round4_widechem_boost/meta_gga_r2scan/cif/mp-12996.cif,train,-0.5405963524999997,-3.866949796676636,-0.5588527052317729,-0.5579814967091883,-0.4581223373797752,8,3
mp-1186761,Ta2MnRe,<PROJECT_ROOT>/external_datasets/functional_protocol_round4_widechem_boost/meta_gga_r2scan/cif/mp-1186761.cif,train,-0.3241811654123623,-11.64470100402832,-0.4691066538413562,-0.4674805476932837,-0.2810939494006739,4,3
mp-867229,RbSn3,<PROJECT_ROOT>/external_datasets/functional_protocol_round4_widechem_boost/meta_gga_r2scan/cif/mp-867229.cif,train,-0.1335446315625006,-3.3716983795166016,-0.1029957312296958,-0.1053249747709701,-0.372306180621478,8,2
mp-12052,Er4Sb3,<PROJECT_ROOT>/external_datasets/functional_protocol_round4_widechem_boost/meta_gga_r2scan/cif/mp-12052.cif,train,-1.08963017547619,-5.319333757672991,-1.056193488563629,-1.0556805262159523,-0.9968840527195328,14,2
mp-4794,Sm2As4O9,<PROJECT_ROOT>/external_datasets/functional_protocol_round4_widechem_boost/meta_gga_r2scan/cif/mp-4794.cif,train,-2.236119698916667,-6.881138610839844,-2.46107269374882,-2.46057256762143,-2.40324739994235,30,3
mp-1209298,RbP15,<PROJECT_ROOT>/external_datasets/functional_protocol_round4_widechem_boost/meta_gga_r2scan/cif/mp-1209298.cif,train,-0.1241873800558011,-5.231261730194092,-0.137492990348174,-0.1427526541285395,-0.7456227935369986,32,2
mp-640556,SiO2,<PROJECT_ROOT>/external_datasets/functional_protocol_round4_widechem_boost/meta_gga_r2scan/cif/mp-640556.cif,train,-3.031150221805556,-7.904462178548177,-3.1857778301542536,-3.180181754263804,-2.5387515805684187,72,2
mp-862852,PaNi3,<PROJECT_ROOT>/external_datasets/functional_protocol_round4_widechem_boost/meta_gga_r2scan/cif/mp-862852.cif,train,-0.3738910874999988,-7.122762680053711,-0.4949056209738067,-0.494625923296641,-0.4625665779346833,8,2
mp-569678,Rh4Pb5,<PROJECT_ROOT>/external_datasets/functional_protocol_round4_widechem_boost/meta_gga_r2scan/cif/mp-569678.cif,train,-0.1227937083333283,-5.405674404568142,-0.084829954540309,-0.0848374395490187,-0.0856953818875452,18,2
mp-10208,NiMoP2,<PROJECT_ROOT>/external_datasets/functional_protocol_round4_widechem_boost/meta_gga_r2scan/cif/mp-10208.cif,train,-0.6115108464880947,-7.432971954345703,-0.6823254822285403,-0.6779552907371516,-0.1770377295233542,8,3
mp-29792,CaNb2O4,<PROJECT_ROOT>/external_datasets/functional_protocol_round4_widechem_boost/meta_gga_r2scan/cif/mp-29792.cif,train,-2.847746729285713,-8.627990177699498,-2.97229141593383,-2.966050867363873,-2.250750318988743,28,3
mp-1228719,Al37(Fe6Cu)2,<PROJECT_ROOT>/external_datasets/functional_protocol_round4_widechem_boost/meta_gga_r2scan/cif/mp-1228719.cif,train,-0.225620338039214,-5.193431181066177,-0.3363035883686835,-0.3356161821258361,-0.2568247013851105,51,3
mp-570005,SbBr3,<PROJECT_ROOT>/external_datasets/functional_protocol_round4_widechem_boost/meta_gga_r2scan/cif/mp-570005.cif,train,-0.6843363356250016,-2.857698678970337,-0.8188502515618343,-0.8242226509757256,-1.440014708960183,16,2
mp-1208741,Sr4Ir,<PROJECT_ROOT>/external_datasets/functional_protocol_round4_widechem_boost/meta_gga_r2scan/cif/mp-1208741.cif,train,0.1922909119999985,-2.970310592651367,0.1230327789617513,0.113641987191805,-0.9627439150123538,10,2
mp-1078973,Sr(InP)2,<PROJECT_ROOT>/external_datasets/functional_protocol_round4_widechem_boost/meta_gga_r2scan/cif/mp-1078973.cif,train,-0.7603609711904739,-4.188568878173828,-0.6512655759245276,-0.6509716048980332,-0.6172762279448943,10,3
mp-1205496,Y2MgSi2,<PROJECT_ROOT>/external_datasets/functional_protocol_round4_widechem_boost/meta_gga_r2scan/cif/mp-1205496.cif,train,-0.7855849960000014,-5.808266830444336,-0.7281863548016148,-0.728640185596598,-0.7806589164645009,10,3
mp-571191,LaZn11,<PROJECT_ROOT>/external_datasets/functional_protocol_round4_widechem_boost/meta_gga_r2scan/cif/mp-571191.cif,train,-0.2604101254166669,-1.7923863728841145,-0.2521292364700154,-0.2507881191333565,-0.0970673435332177,24,2
mp-1184124,Er2CuIr,<PROJECT_ROOT>/external_datasets/functional_protocol_round4_widechem_boost/meta_gga_r2scan/cif/mp-1184124.cif,train,-0.7104516466666695,-6.157899856567383,-0.6948519201622743,-0.6950101875620209,-0.7131510219065496,4,3
mp-1154,Ho4C7,<PROJECT_ROOT>/external_datasets/functional_protocol_round4_widechem_boost/meta_gga_r2scan/cif/mp-1154.cif,train,-0.4764570972727271,-7.829789595170454,-0.3315228577432387,-0.3310592700415329,-0.2779221886563653,44,2
mp-11431,CaGa3Ni2,<PROJECT_ROOT>/external_datasets/functional_protocol_round4_widechem_boost/meta_gga_r2scan/cif/mp-11431.cif,train,-0.5145631116666678,-4.25323486328125,-0.5395116357973819,-0.5378531158077458,-0.3477511969172923,12,3
mp-7434,NaCuTe,<PROJECT_ROOT>/external_datasets/functional_protocol_round4_widechem_boost/meta_gga_r2scan/cif/mp-7434.cif,train,-0.5836850750000006,-3.3285020192464194,-0.5292401647446563,-0.5276505411472519,-0.3454456246744236,6,3
mp-5185,K2BeF4,<PROJECT_ROOT>/external_datasets/functional_protocol_round4_widechem_boost/meta_gga_r2scan/cif/mp-5185.cif,train,-3.3046902825,-4.993870326450893,-3.344077648757361,-3.3362530557990477,-2.439387087822972,28,3
mp-53,P,<PROJECT_ROOT>/external_datasets/functional_protocol_round4_widechem_boost/meta_gga_r2scan/cif/mp-53.cif,train,0.1888175020238094,-5.262918472290039,0.1114501077324066,0.1040725683533798,-0.7415514828515156,2,1
mp-999133,TaPd,<PROJECT_ROOT>/external_datasets/functional_protocol_round4_widechem_boost/meta_gga_r2scan/cif/mp-999133.cif,train,-0.3669117136666671,-8.878775596618652,-0.3390467076119652,-0.341076568182836,-0.5737420723749309,4,2
mp-1078729,Zr6CuBi2,<PROJECT_ROOT>/external_datasets/functional_protocol_round4_widechem_boost/meta_gga_r2scan/cif/mp-1078729.cif,train,-0.3630786266666632,-7.310859680175781,-0.3423348897645519,-0.3446239108396174,-0.6069947604335456,9,3
mp-1205691,Ba2ZnOsO6,<PROJECT_ROOT>/external_datasets/functional_protocol_round4_widechem_boost/meta_gga_r2scan/cif/mp-1205691.cif,train,-2.0951452887500013,-6.479103851318359,-2.276579047654937,-2.276428929127804,-2.259222130146223,10,4
mp-17899,Mn3V2O8,<PROJECT_ROOT>/external_datasets/functional_protocol_round4_widechem_boost/meta_gga_r2scan/cif/mp-17899.cif,train,-2.3882542141114063,-7.74412125807542,-1.8436891376601352,-1.8469038544882324,-2.215379267223036,26,3
mp-570262,Cs3ZnCl5,<PROJECT_ROOT>/external_datasets/functional_protocol_round4_widechem_boost/meta_gga_r2scan/cif/mp-570262.cif,train,-1.9658915391666656,-3.2105604807535806,-1.9228118428554304,-1.917526990438689,-1.311769693720759,18,3
mp-31467,Ga3Pd7,<PROJECT_ROOT>/external_datasets/functional_protocol_round4_widechem_boost/meta_gga_r2scan/cif/mp-31467.cif,train,-0.5882995560000012,-5.115481567382813,-0.5788126876158257,-0.5777573668728007,-0.4567950031099044,10,2
mp-1067986,Er2InNi2,<PROJECT_ROOT>/external_datasets/functional_protocol_round4_widechem_boost/meta_gga_r2scan/cif/mp-1067986.cif,train,-0.578931711333334,-5.23033332824707,-0.6671788232062106,-0.6673318416905154,-0.6848710378854685,5,3
mp-1218041,TaAlNi6,<PROJECT_ROOT>/external_datasets/functional_protocol_round4_widechem_boost/meta_gga_r2scan/cif/mp-1218041.cif,train,-0.3976805977916662,-6.695051193237305,-0.4876305960120843,-0.4852000857339478,-0.2066115425484956,16,3
mp-aaaieivv,Ca2ScNbO6,<PROJECT_ROOT>/external_datasets/functional_protocol_round4_widechem_boost/meta_gga_r2scan/cif/mp-aaaieivv.cif,train,-3.2198412747500003,-7.9657470703125,-3.3502133189082084,-3.342262522695198,-2.4309309582602943,10,4
mp-1219717,PrYMg4,<PROJECT_ROOT>/external_datasets/functional_protocol_round4_widechem_boost/meta_gga_r2scan/cif/mp-1219717.cif,train,-0.1108026302777768,-3.0360825856526694,-0.0990154808472483,-0.1003232062715779,-0.2502165534136585,6,3
mp-1025311,CdAsPt5,<PROJECT_ROOT>/external_datasets/functional_protocol_round4_widechem_boost/meta_gga_r2scan/cif/mp-1025311.cif,train,-0.297377793214285,-5.360393524169922,-0.3327359373091481,-0.33639021558644,-0.7552487864898443,7,3
mp-8780,Cr2N,<PROJECT_ROOT>/external_datasets/functional_protocol_round4_widechem_boost/meta_gga_r2scan/cif/mp-8780.cif,train,-0.254791289583333,-9.58810763888889,-0.8069047106796319,-0.8012155154253611,-0.1491118678727165,9,2
mp-912,LaPt2,<PROJECT_ROOT>/external_datasets/functional_protocol_round4_widechem_boost/meta_gga_r2scan/cif/mp-912.cif,train,-1.1793211799999976,-6.762088139851888,-1.207750197329597,-1.207577513395511,-1.1877842353904966,6,2
mp-7948,ReSi,<PROJECT_ROOT>/external_datasets/functional_protocol_round4_widechem_boost/meta_gga_r2scan/cif/mp-7948.cif,train,-0.2975830987499961,-9.230957984924316,-0.2211697578180214,-0.2214920203902997,-0.2584302145415731,8,2
