id,formula,cif_path,split,y_true,model_energy_per_atom,pred_element_reference,pred_affine_energy_composition,pred_composition_only_linear,natoms,nelements
mp-1187428,Ti2FeRu,<PROJECT_ROOT>/external_datasets/functional_protocol_round4_widechem_boost/meta_gga_r2scan/cif/mp-1187428.cif,train,-0.5072637695833322,-8.95205020904541,-0.5553418748343013,-0.5564660452466619,-0.6293355237472368,4,3
mp-569421,Hg9P5I6,<PROJECT_ROOT>/external_datasets/functional_protocol_round4_widechem_boost/meta_gga_r2scan/cif/mp-569421.cif,train,-0.2163795954940496,-2.093594741821289,-0.1904526349862192,-0.1940729550976554,-0.4287445276852138,80,3
mp-3412,Eu(CuSi)2,<PROJECT_ROOT>/external_datasets/functional_protocol_round4_widechem_boost/meta_gga_r2scan/cif/mp-3412.cif,train,-0.4882002929999999,-6.323432159423828,-0.4637934462060462,-0.4660204942567683,-0.6103792393969161,5,3
mp-20127,NpAsSe,<PROJECT_ROOT>/external_datasets/functional_protocol_round4_widechem_boost/meta_gga_r2scan/cif/mp-20127.cif,train,-1.461288816770832,-7.96090571085612,-1.410684746022581,-1.4146072367143327,-1.6688657085505232,6,3
mp-1187654,TmMg5,<PROJECT_ROOT>/external_datasets/functional_protocol_round4_widechem_boost/meta_gga_r2scan/cif/mp-1187654.cif,train,0.0248998441666662,-2.0671470959981284,0.0243349001027688,0.024349214487553,0.0252770824896524,6,2
mp-28283,CsTiCl3,<PROJECT_ROOT>/external_datasets/functional_protocol_round4_widechem_boost/meta_gga_r2scan/cif/mp-28283.cif,train,-1.9461541788333327,-4.546529006958008,-1.832071012664147,-1.8272711004629365,-1.516137579152074,10,3
mp-1093909,SrCaMg2,<PROJECT_ROOT>/external_datasets/functional_protocol_round4_widechem_boost/meta_gga_r2scan/cif/mp-1093909.cif,train,1.5085033274999995,-0.3267487287521362,1.393588127254374,1.3663455883265594,-0.39953401753739,4,3
mp-865224,Th2BiTe,<PROJECT_ROOT>/external_datasets/functional_protocol_round4_widechem_boost/meta_gga_r2scan/cif/mp-865224.cif,train,-0.9568619362500002,-6.305983543395996,-0.9030654855543316,-0.9014064275570046,-0.7938651778153659,4,3
mp-1019052,ReN,<PROJECT_ROOT>/external_datasets/functional_protocol_round4_widechem_boost/meta_gga_r2scan/cif/mp-1019052.cif,train,-0.0085837256249969,-10.343921025594076,-0.0311697036334646,-0.0358826467276101,-0.3413787723124321,6,2
mp-4334,Sm(CoGe)2,<PROJECT_ROOT>/external_datasets/functional_protocol_round4_widechem_boost/meta_gga_r2scan/cif/mp-4334.cif,train,-0.5591220359999994,-6.234244155883789,-0.5976519709375694,-0.5948054125766964,-0.4102895945150391,5,3
mp-865796,LuCdRh2,<PROJECT_ROOT>/external_datasets/functional_protocol_round4_widechem_boost/meta_gga_r2scan/cif/mp-865796.cif,train,-0.6920993941666644,-5.667860507965088,-0.6778994555534936,-0.6758250782652224,-0.5413625541245342,4,3
mp-28276,K2PrBr5,<PROJECT_ROOT>/external_datasets/functional_protocol_round4_widechem_boost/meta_gga_r2scan/cif/mp-28276.cif,train,-2.131941931458334,-3.7667315006256095,-2.047143955342177,-2.03726490573799,-1.3968982986613794,32,3
mp-1080449,SmZnPd,<PROJECT_ROOT>/external_datasets/functional_protocol_round4_widechem_boost/meta_gga_r2scan/cif/mp-1080449.cif,train,-0.7347808216666686,-4.4301473829481335,-0.7539137407035845,-0.7523015431095708,-0.6477978160734544,9,3
mp-978268,MgZn,<PROJECT_ROOT>/external_datasets/functional_protocol_round4_widechem_boost/meta_gga_r2scan/cif/mp-978268.cif,train,-0.0670310925000006,-1.5112080574035645,-0.0676066958221577,-0.064150354451745,0.1598920063976541,4,2
mp-978912,TbYIr2,<PROJECT_ROOT>/external_datasets/functional_protocol_round4_widechem_boost/meta_gga_r2scan/cif/mp-978912.cif,train,-0.9000588150000013,-7.980861663818359,-0.8157536477457921,-0.8171482367248695,-0.9075464277022502,4,3
mp-1003920,Mn2HO4,<PROJECT_ROOT>/external_datasets/functional_protocol_round4_widechem_boost/meta_gga_r2scan/cif/mp-1003920.cif,train,-1.8307664103879304,-6.782490321568081,-1.4809306723006994,-1.4885531272613397,-1.982645759276484,28,3
mp-28585,Nb3ICl6,<PROJECT_ROOT>/external_datasets/functional_protocol_round4_widechem_boost/meta_gga_r2scan/cif/mp-28585.cif,train,-1.329212330125,-5.451331710815429,-1.278943783317092,-1.2820124622441993,-1.480926284068021,80,3
mp-1193685,Rb3FeS3,<PROJECT_ROOT>/external_datasets/functional_protocol_round4_widechem_boost/meta_gga_r2scan/cif/mp-1193685.cif,train,-1.1416325288839275,-4.297050748552595,-1.0091871260503074,-1.008763496874287,-0.98130357016266,28,3
mp-1209289,RbGd3F10,<PROJECT_ROOT>/external_datasets/functional_protocol_round4_widechem_boost/meta_gga_r2scan/cif/mp-1209289.cif,train,-4.210552765803572,-8.341714586530413,-4.231932499192851,-4.212796228391784,-2.9723703477702648,28,3
mp-978269,MgZn2,<PROJECT_ROOT>/external_datasets/functional_protocol_round4_widechem_boost/meta_gga_r2scan/cif/mp-978269.cif,train,-0.1404583583333346,-1.4963823954264324,-0.1197855128139406,-0.1164427892696808,0.1002347880476531,6,2
mp-18280,SiO2,<PROJECT_ROOT>/external_datasets/functional_protocol_round4_widechem_boost/meta_gga_r2scan/cif/mp-18280.cif,train,-3.022098342777778,-7.900653415256077,-3.157201913878377,-3.147004136124889,-2.4859773570959414,36,2
mp-aaaieinz,CaY2SnO6,<PROJECT_ROOT>/external_datasets/functional_protocol_round4_widechem_boost/meta_gga_r2scan/cif/mp-aaaieinz.cif,train,-2.499590556250001,-7.100352478027344,-2.6119481306134187,-2.6084062652881945,-2.378820184449458,10,4
mp-1101715,VCrO3,<PROJECT_ROOT>/external_datasets/functional_protocol_round4_widechem_boost/meta_gga_r2scan/cif/mp-1101715.cif,train,-2.51402590725,-7.970227813720703,-1.9506249183450728,-1.95228362947194,-2.059802394837804,20,3
mp-571491,HoB6,<PROJECT_ROOT>/external_datasets/functional_protocol_round4_widechem_boost/meta_gga_r2scan/cif/mp-571491.cif,train,-0.4395719785714281,-6.761828286307199,-0.384927252777361,-0.3902675507727737,-0.7364292409265282,7,2
mp-1211124,Li6NiCl8,<PROJECT_ROOT>/external_datasets/functional_protocol_round4_widechem_boost/meta_gga_r2scan/cif/mp-1211124.cif,train,-1.817496776,-3.69483159383138,-1.753775073324531,-1.7468938909879883,-1.3008510465808223,15,3
mp-510280,CeAgSb2,<PROJECT_ROOT>/external_datasets/functional_protocol_round4_widechem_boost/meta_gga_r2scan/cif/mp-510280.cif,train,-0.7921361112499987,-4.910528659820557,-0.7242916455306574,-0.7229812056107949,-0.6380376129689789,8,3
mp-978512,SmTmMg2,<PROJECT_ROOT>/external_datasets/functional_protocol_round4_widechem_boost/meta_gga_r2scan/cif/mp-978512.cif,train,-0.0900402625000005,-3.1765685081481934,-0.1213798773960705,-0.1280919751423663,-0.5631746432502042,4,3
mp-1977409,S,<PROJECT_ROOT>/external_datasets/functional_protocol_round4_widechem_boost/meta_gga_r2scan/cif/mp-1977409.cif,train,0.0063238905624999,-4.104204940795898,-0.1567347414756996,-0.1764181410814593,-1.4523092769989905,80,1
mp-984315,Be3Ni,<PROJECT_ROOT>/external_datasets/functional_protocol_round4_widechem_boost/meta_gga_r2scan/cif/mp-984315.cif,train,-0.2814092168750006,-4.533290386199951,-0.2609496863186038,-0.2637139934542896,-0.4428982320519922,8,2
mp-aaaieivp,Lu2Zr2O7,<PROJECT_ROOT>/external_datasets/functional_protocol_round4_widechem_boost/meta_gga_r2scan/cif/mp-aaaieivp.cif,train,-3.7975869930303,-8.923185175115412,-3.822856118736911,-3.803542016876864,-2.551589007995263,88,3
mp-9902,Sc2CoSi2,<PROJECT_ROOT>/external_datasets/functional_protocol_round4_widechem_boost/meta_gga_r2scan/cif/mp-9902.cif,train,-0.809089071000001,-6.962079620361328,-0.820722507317539,-0.8194616492091491,-0.7377319827704745,10,3
mp-28857,Pb(IO3)2,<PROJECT_ROOT>/external_datasets/functional_protocol_round4_widechem_boost/meta_gga_r2scan/cif/mp-28857.cif,train,-0.6515286111111102,-4.626860724555121,-1.0067163782152693,-1.028553537643531,-2.4440528266984427,36,3
mp-574199,Sm(NiP)2,<PROJECT_ROOT>/external_datasets/functional_protocol_round4_widechem_boost/meta_gga_r2scan/cif/mp-574199.cif,train,-1.0671913191904765,-6.421834564208984,-1.1001635421784046,-1.0936681671202928,-0.6726336087047714,5,3
mp-1025389,LuAl2Ni,<PROJECT_ROOT>/external_datasets/functional_protocol_round4_widechem_boost/meta_gga_r2scan/cif/mp-1025389.cif,train,-0.6974564229166642,-5.097599506378174,-0.7406012639016062,-0.7386416363441262,-0.6116172665518453,8,3
mp-2767094,U(PO3)4,<PROJECT_ROOT>/external_datasets/functional_protocol_round4_widechem_boost/meta_gga_r2scan/cif/mp-2767094.cif,train,-2.6155191792296915,-7.758947035845588,-2.7825325635584357,-2.7816031253835627,-2.721356320844202,34,3
mp-567705,TiAl2,<PROJECT_ROOT>/external_datasets/functional_protocol_round4_widechem_boost/meta_gga_r2scan/cif/mp-567705.cif,train,-0.472738088055556,-5.558973948160808,-0.4402792236718911,-0.4453896321124029,-0.7766497274598565,12,2
mp-2212807,Cs3IO5,<PROJECT_ROOT>/external_datasets/functional_protocol_round4_widechem_boost/meta_gga_r2scan/cif/mp-2212807.cif,train,-1.2752520859722205,-4.320358700222439,-1.474023863441146,-1.4838789335446068,-2.122691173335257,36,3
mp-510262,Cs3O,<PROJECT_ROOT>/external_datasets/functional_protocol_round4_widechem_boost/meta_gga_r2scan/cif/mp-510262.cif,train,-0.8674157184374991,-2.664204835891724,-0.9534040894748026,-0.9566223298861694,-1.1652308272163534,8,2
mp-1228706,Ba2(CrS2)5,<PROJECT_ROOT>/external_datasets/functional_protocol_round4_widechem_boost/meta_gga_r2scan/cif/mp-1228706.cif,train,-1.3013039181250008,-6.500717611873851,-1.4466811803557604,-1.4392918519248503,-0.9603106375910272,34,3
mp-18022,P4Pb3O13,<PROJECT_ROOT>/external_datasets/functional_protocol_round4_widechem_boost/meta_gga_r2scan/cif/mp-18022.cif,train,-2.1886600775327367,-6.842242431640625,-2.3750282992358915,-2.374260940506905,-2.324520234124532,40,3
mp-558617,Pr4S3N2,<PROJECT_ROOT>/external_datasets/functional_protocol_round4_widechem_boost/meta_gga_r2scan/cif/mp-558617.cif,train,-2.073269873067128,-7.1378936767578125,-1.939756163616761,-1.9283651060519051,-1.189989131025978,36,3
mp-10167,Na3SbS4,<PROJECT_ROOT>/external_datasets/functional_protocol_round4_widechem_boost/meta_gga_r2scan/cif/mp-10167.cif,train,-0.9230619964062504,-3.831965684890747,-0.9157304145570504,-0.9176329951248948,-1.0409595408689205,8,3
mp-1025386,HgPPt5,<PROJECT_ROOT>/external_datasets/functional_protocol_round4_widechem_boost/meta_gga_r2scan/cif/mp-1025386.cif,train,-0.2411891050680229,-5.339473179408482,-0.3010045870946607,-0.3085509837591331,-0.7977134661124172,7,3
mp-18937,V2O3,<PROJECT_ROOT>/external_datasets/functional_protocol_round4_widechem_boost/meta_gga_r2scan/cif/mp-18937.cif,train,-2.6401478932500013,-7.973782348632812,-1.974605416616176,-1.9777704717699065,-2.1829314651052787,10,2
mp-1184930,HoLu3,<PROJECT_ROOT>/external_datasets/functional_protocol_round4_widechem_boost/meta_gga_r2scan/cif/mp-1184930.cif,train,0.0013734237500031,-4.534063339233398,-0.1400015032259629,-0.1604883482681458,-1.4884593550945246,8,2
mp-634446,CsAl(H2N)4,<PROJECT_ROOT>/external_datasets/functional_protocol_round4_widechem_boost/meta_gga_r2scan/cif/mp-634446.cif,train,-0.5886709657142859,-5.150477273123605,-0.5602887157495875,-0.5591625187426974,-0.4861616750296779,28,4
mp-16036,Tb2TeO2,<PROJECT_ROOT>/external_datasets/functional_protocol_round4_widechem_boost/meta_gga_r2scan/cif/mp-16036.cif,train,-3.3037461134999973,-7.427191162109375,-3.269956382095556,-3.2488501986654112,-1.880733263027203,5,3
mp-1094669,MgSn,<PROJECT_ROOT>/external_datasets/functional_protocol_round4_widechem_boost/meta_gga_r2scan/cif/mp-1094669.cif,train,-0.028421112500002,-2.8880820274353027,-0.0255613001614771,-0.0243548041995778,0.0538510715200795,2,2
mp-1208181,Tl2PtI6,<PROJECT_ROOT>/external_datasets/functional_protocol_round4_widechem_boost/meta_gga_r2scan/cif/mp-1208181.cif,train,-0.4732764722222289,-2.6027764214409723,-0.5094905885539731,-0.5124112314280413,-0.7017292572185667,18,3
mp-561,Nb3Se4,<PROJECT_ROOT>/external_datasets/functional_protocol_round4_widechem_boost/meta_gga_r2scan/cif/mp-561.cif,train,-0.9978607266071436,-7.188068934849331,-0.9489197619191748,-0.9513284727669272,-1.1074627219913131,14,2
mp-7189,AlPd,<PROJECT_ROOT>/external_datasets/functional_protocol_round4_widechem_boost/meta_gga_r2scan/cif/mp-7189.cif,train,-0.935601805000001,-5.371108531951904,-0.9160830426597012,-0.9096350566288782,-0.4916722866797924,8,2
mp-761183,LiMnF4,<PROJECT_ROOT>/external_datasets/functional_protocol_round4_widechem_boost/meta_gga_r2scan/cif/mp-761183.cif,train,-2.983285604774904,-5.430322011311849,-2.8381557960621526,-2.835036033973465,-2.6328109674291573,24,3
mp-570390,Ba5Al2Ge7,<PROJECT_ROOT>/external_datasets/functional_protocol_round4_widechem_boost/meta_gga_r2scan/cif/mp-570390.cif,train,-0.5843706217857151,-4.056740897042411,-0.549070862074652,-0.5528213214967073,-0.7959286112985539,28,3
mp-9263,KErTe2,<PROJECT_ROOT>/external_datasets/functional_protocol_round4_widechem_boost/meta_gga_r2scan/cif/mp-9263.cif,train,-1.634075416770834,-4.366677284240723,-1.4970055766192636,-1.4893133708745203,-0.9906994463518743,4,3
mp-1290512,Mn3Cr3O8,<PROJECT_ROOT>/external_datasets/functional_protocol_round4_widechem_boost/meta_gga_r2scan/cif/mp-1290512.cif,train,-2.3020932356034467,-7.90687506539481,-1.8381391262093087,-1.839229593314001,-1.909914400854787,28,3
mp-1222673,Li2GaCu3,<PROJECT_ROOT>/external_datasets/functional_protocol_round4_widechem_boost/meta_gga_r2scan/cif/mp-1222673.cif,train,-0.1807547938888897,-3.3587611516316733,-0.2068462867141334,-0.2056628269229961,-0.1289501712125203,6,3
mp-1211941,K2TiZnO4,<PROJECT_ROOT>/external_datasets/functional_protocol_round4_widechem_boost/meta_gga_r2scan/cif/mp-1211941.cif,train,-2.388093717239583,-6.0734405517578125,-2.4982424544573685,-2.491795351992644,-2.0738898553889538,64,4
mp-775198,Ti3P6WO24,<PROJECT_ROOT>/external_datasets/functional_protocol_round4_widechem_boost/meta_gga_r2scan/cif/mp-775198.cif,train,-2.6620687028781496,-7.779086842256434,-2.756067638028949,-2.754183624300711,-2.632060593525403,34,4
mp-19721,GdNbO4,<PROJECT_ROOT>/external_datasets/functional_protocol_round4_widechem_boost/meta_gga_r2scan/cif/mp-19721.cif,train,-3.335065976666668,-10.395483016967772,-3.427479706959936,-3.4141577260983427,-2.55061801067193,12,3
mp-5679,CdSO4,<PROJECT_ROOT>/external_datasets/functional_protocol_round4_widechem_boost/meta_gga_r2scan/cif/mp-5679.cif,train,-1.541953127135417,-5.488822937011719,-1.7706534979680653,-1.78109930779648,-2.4582036919219226,12,3
mp-1203324,Zr3Ge,<PROJECT_ROOT>/external_datasets/functional_protocol_round4_widechem_boost/meta_gga_r2scan/cif/mp-1203324.cif,train,-0.6055577256249975,-8.114884376525879,-0.5995573559643166,-0.6021911959775403,-0.7729184683803503,32,2
mp-20916,V5Ge3,<PROJECT_ROOT>/external_datasets/functional_protocol_round4_widechem_boost/meta_gga_r2scan/cif/mp-20916.cif,train,-0.3692101149999978,-7.720724105834961,-0.6768300800920946,-0.6734396507058618,-0.4536697487847746,16,2
mp-778052,Sm2TeO6,<PROJECT_ROOT>/external_datasets/functional_protocol_round4_widechem_boost/meta_gga_r2scan/cif/mp-778052.cif,train,-2.756631265092591,-7.185604519314236,-2.923596301827849,-2.9190802639780378,-2.626347668112958,27,3
mp-550886,Co2P2O7,<PROJECT_ROOT>/external_datasets/functional_protocol_round4_widechem_boost/meta_gga_r2scan/cif/mp-550886.cif,train,-2.013775291109308,-6.907972856001421,-1.86428030009482,-1.8703266832330767,-2.2622572849059264,22,3
mp-12752,Zr4Al3,<PROJECT_ROOT>/external_datasets/functional_protocol_round4_widechem_boost/meta_gga_r2scan/cif/mp-12752.cif,train,-0.5185082700000001,-6.951644352504185,-0.5164938482795707,-0.5190816226378212,-0.6868228884542857,7,2
mp-505801,Eu2Ti2O7,<PROJECT_ROOT>/external_datasets/functional_protocol_round4_widechem_boost/meta_gga_r2scan/cif/mp-505801.cif,train,-3.300647697234849,-9.417062239213424,-3.3929985949792023,-3.3839910947874428,-2.800118903924563,22,3
mp-3217,USeO,<PROJECT_ROOT>/external_datasets/functional_protocol_round4_widechem_boost/meta_gga_r2scan/cif/mp-3217.cif,train,-2.637332045937498,-8.843743642171225,-2.701367371571675,-2.6970827064201237,-2.4193478437063245,6,3
mp-1226939,Cd2TeSe,<PROJECT_ROOT>/external_datasets/functional_protocol_round4_widechem_boost/meta_gga_r2scan/cif/mp-1226939.cif,train,-0.6356143047656246,-2.6344380378723145,-0.5880756929731201,-0.5863360666932502,-0.473572326955371,4,3
mp-554699,GePbO3,<PROJECT_ROOT>/external_datasets/functional_protocol_round4_widechem_boost/meta_gga_r2scan/cif/mp-554699.cif,train,-1.655762035249999,-6.14266103108724,-1.8497027657149976,-1.8530644986949465,-2.070974280356213,30,3
mp-1245860,Zn2RuN3,<PROJECT_ROOT>/external_datasets/functional_protocol_round4_widechem_boost/meta_gga_r2scan/cif/mp-1245860.cif,train,0.1011185931249987,-5.865180969238281,0.1477964604014809,0.1367859234031252,-0.5769244538320846,12,3
mp-1205326,Tb7PtI12,<PROJECT_ROOT>/external_datasets/functional_protocol_round4_widechem_boost/meta_gga_r2scan/cif/mp-1205326.cif,train,-1.523698727499999,-4.136921691894531,-1.439466562757212,-1.4330010253154697,-1.013900561163509,20,3
mp-1206849,SrPAu,<PROJECT_ROOT>/external_datasets/functional_protocol_round4_widechem_boost/meta_gga_r2scan/cif/mp-1206849.cif,train,-1.0322158193253963,-4.361876805623372,-0.9077720826095454,-0.9059729011610492,-0.7893487555337115,6,3
mp-29567,CuSe2Br,<PROJECT_ROOT>/external_datasets/functional_protocol_round4_widechem_boost/meta_gga_r2scan/cif/mp-29567.cif,train,-0.2575512757812497,-3.38413143157959,-0.3769972242716495,-0.386610941889467,-1.0097785520315623,16,3
mp-1188829,KTeP2,<PROJECT_ROOT>/external_datasets/functional_protocol_round4_widechem_boost/meta_gga_r2scan/cif/mp-1188829.cif,train,-0.5346322361755949,-4.19812536239624,-0.4905927199111315,-0.4959444691798582,-0.8428484385327202,16,3
mp-979715,YHoAl2,<PROJECT_ROOT>/external_datasets/functional_protocol_round4_widechem_boost/meta_gga_r2scan/cif/mp-979715.cif,train,-0.4361200787499975,-5.036710739135742,-0.4423730851485299,-0.4498905987419732,-0.9371808611011568,4,3
mp-770779,VCrO3,<PROJECT_ROOT>/external_datasets/functional_protocol_round4_widechem_boost/meta_gga_r2scan/cif/mp-770779.cif,train,-2.513847316250001,-7.9712059020996096,-1.95160300672398,-1.9532468579536468,-2.059802394837804,20,3
mp-1185734,Mg16TiAl12,<PROJECT_ROOT>/external_datasets/functional_protocol_round4_widechem_boost/meta_gga_r2scan/cif/mp-1185734.cif,train,-0.0243139009195394,-2.72949271366514,-0.0065144332097224,-0.0071364056414786,-0.0474530749341509,29,3
mp-2331,B2Mo,<PROJECT_ROOT>/external_datasets/functional_protocol_round4_widechem_boost/meta_gga_r2scan/cif/mp-2331.cif,train,-0.4486411166666689,-8.501349131266275,-0.5543904034367904,-0.5453162973670898,0.0428733310814204,6,2
mp-510347,In5S5Br,<PROJECT_ROOT>/external_datasets/functional_protocol_round4_widechem_boost/meta_gga_r2scan/cif/mp-510347.cif,train,-0.7310835910511354,-3.823441592129794,-0.692933921031123,-0.6964995120622097,-0.927623509035123,22,3
mp-1080559,In(GaAu)2,<PROJECT_ROOT>/external_datasets/functional_protocol_round4_widechem_boost/meta_gga_r2scan/cif/mp-1080559.cif,train,-0.2703103169999963,-3.303314590454101,-0.2584870913388646,-0.2593312865170345,-0.3140525829593541,10,3
mp-567338,Pr(SiPt)2,<PROJECT_ROOT>/external_datasets/functional_protocol_round4_widechem_boost/meta_gga_r2scan/cif/mp-567338.cif,train,-1.0897723043333314,-6.570020294189453,-1.0579436039721577,-1.0555032952149794,-0.8973208483535752,5,3
mp-30749,Zr5Ir3,<PROJECT_ROOT>/external_datasets/functional_protocol_round4_widechem_boost/meta_gga_r2scan/cif/mp-30749.cif,train,-0.8586421139583346,-9.394070307413736,-0.7790017473657596,-0.7794959031021653,-0.8115274086583792,48,2
mp-865076,NaCd2Pt,<PROJECT_ROOT>/external_datasets/functional_protocol_round4_widechem_boost/meta_gga_r2scan/cif/mp-865076.cif,train,-0.3048466824999991,-2.558842658996582,-0.3188990179574493,-0.3197742722983685,-0.3765088444559486,4,3
mp-22225,CeSiBO5,<PROJECT_ROOT>/external_datasets/functional_protocol_round4_widechem_boost/meta_gga_r2scan/cif/mp-22225.cif,train,-3.2351626851562494,-8.269343058268229,-3.3153291531318088,-3.303559085119967,-2.5406153992609517,24,4
mp-1194288,PaBe13,<PROJECT_ROOT>/external_datasets/functional_protocol_round4_widechem_boost/meta_gga_r2scan/cif/mp-1194288.cif,train,-0.1358931062499989,-4.279789515904018,-0.0494808581410861,-0.0601504103043195,-0.7517579223159292,28,2
mp-8884,ZnTe,<PROJECT_ROOT>/external_datasets/functional_protocol_round4_widechem_boost/meta_gga_r2scan/cif/mp-8884.cif,train,-0.5593719000000021,-2.662693977355957,-0.5256565576449654,-0.5235656763570473,-0.3880333519141328,4,2
mp-1228685,B8O,<PROJECT_ROOT>/external_datasets/functional_protocol_round4_widechem_boost/meta_gga_r2scan/cif/mp-1228685.cif,train,-0.5694476291203708,-7.013098257559317,-0.5853213898667269,-0.5900052059126022,-0.8936132967349648,27,2
mp-973878,Lu3Ga5Ni,<PROJECT_ROOT>/external_datasets/functional_protocol_round4_widechem_boost/meta_gga_r2scan/cif/mp-973878.cif,train,-0.7336721800000008,-4.478833516438802,-0.7281901431299365,-0.7282118515697045,-0.7296190071637105,9,3
mp-1207703,Y5SbPt2,<PROJECT_ROOT>/external_datasets/functional_protocol_round4_widechem_boost/meta_gga_r2scan/cif/mp-1207703.cif,train,-1.102530111250001,-7.067881107330322,-1.0755296288685612,-1.0751309573738448,-1.049288804267824,16,3
mp-865885,CeAgHg2,<PROJECT_ROOT>/external_datasets/functional_protocol_round4_widechem_boost/meta_gga_r2scan/cif/mp-865885.cif,train,-0.3806537849999998,-2.617901086807251,-0.3190413704841237,-0.3196987411205994,-0.3623099457336186,4,3
mp-1025377,Cd(AgI2)2,<PROJECT_ROOT>/external_datasets/functional_protocol_round4_widechem_boost/meta_gga_r2scan/cif/mp-1025377.cif,train,-0.4851681042857154,-2.231443405151367,-0.4925331461100324,-0.492433910961159,-0.4860014221956472,7,3
mp-754621,Sm2Ge2O7,<PROJECT_ROOT>/external_datasets/functional_protocol_round4_widechem_boost/meta_gga_r2scan/cif/mp-754621.cif,train,-2.791552710113636,-7.404994617808949,-2.948989717322722,-2.9417722184190653,-2.4739291090422446,11,3
mp-773785,K2TeO4,<PROJECT_ROOT>/external_datasets/functional_protocol_round4_widechem_boost/meta_gga_r2scan/cif/mp-773785.cif,train,-1.5378172435714288,-4.988319941929409,-1.774935737387202,-1.7824629617571288,-2.2703826831471847,28,3
mp-1247807,Hf6Ga2Co,<PROJECT_ROOT>/external_datasets/functional_protocol_round4_widechem_boost/meta_gga_r2scan/cif/mp-1247807.cif,train,-0.4026256300000013,-8.482372707790798,-0.4081622087419667,-0.4157025893194381,-0.904475104887221,9,3
mp-555596,K6Si2S6O,<PROJECT_ROOT>/external_datasets/functional_protocol_round4_widechem_boost/meta_gga_r2scan/cif/mp-555596.cif,train,-1.540751537208332,-4.492637125651042,-1.4763568017780957,-1.4729434246372142,-1.2516860339006513,30,4
mp-563023,Cs7Ni4F15,<PROJECT_ROOT>/external_datasets/functional_protocol_round4_widechem_boost/meta_gga_r2scan/cif/mp-563023.cif,train,-2.6538551625,-4.2022085923414965,-2.3003797091066627,-2.3002164943567456,-2.289636805032801,52,3
mp-9804,KHo(CO3)2,<PROJECT_ROOT>/external_datasets/functional_protocol_round4_widechem_boost/meta_gga_r2scan/cif/mp-9804.cif,train,-2.3177553396249992,-7.540663146972657,-2.5257928503572176,-2.5213707243063803,-2.2347255541029867,20,4
mp-29841,Rh3S4,<PROJECT_ROOT>/external_datasets/functional_protocol_round4_widechem_boost/meta_gga_r2scan/cif/mp-29841.cif,train,-0.6062629511309513,-5.984126136416481,-0.5881287139106517,-0.594511685606772,-1.008260182868914,21,2
mp-1209024,Sc6Sn5,<PROJECT_ROOT>/external_datasets/functional_protocol_round4_widechem_boost/meta_gga_r2scan/cif/mp-1209024.cif,train,-0.7243975322727284,-5.939087607643821,-0.6654298531888934,-0.6665922680748917,-0.7419407789518686,22,2
mp-642823,Dy2V2O7,<PROJECT_ROOT>/external_datasets/functional_protocol_round4_widechem_boost/meta_gga_r2scan/cif/mp-642823.cif,train,-3.267976368750001,-8.11501104181463,-2.9927798110839587,-2.983842328804834,-2.404508745899917,22,3
mp-1187661,YbMg3,<PROJECT_ROOT>/external_datasets/functional_protocol_round4_widechem_boost/meta_gga_r2scan/cif/mp-1187661.cif,train,-0.0442068375000008,-1.5929412841796875,-0.0218652255050431,-0.0192900796665824,0.1476325970458575,4,2
mp-1193291,Tb6Zn23,<PROJECT_ROOT>/external_datasets/functional_protocol_round4_widechem_boost/meta_gga_r2scan/cif/mp-1193291.cif,train,-0.3551060608620677,-2.269299737338362,-0.3476304247663808,-0.3456359698265441,-0.216354065801211,29,2
mp-1186794,Pr3Gd,<PROJECT_ROOT>/external_datasets/functional_protocol_round4_widechem_boost/meta_gga_r2scan/cif/mp-1186794.cif,train,0.6148145275000019,-7.077371597290039,-0.0179449263454749,-0.0332979621778859,-1.028492020132064,8,2
mp-771240,La2P4O13,<PROJECT_ROOT>/external_datasets/functional_protocol_round4_widechem_boost/meta_gga_r2scan/cif/mp-771240.cif,train,-2.925958908718672,-7.735838237561677,-3.119459538888419,-3.112232934129453,-2.643799577116214,38,3
mp-1193329,Mn2CrPb2O9,<PROJECT_ROOT>/external_datasets/functional_protocol_round4_widechem_boost/meta_gga_r2scan/cif/mp-1193329.cif,train,-1.8358526659082504,-6.616360800606864,-1.5087179039496128,-1.5182646874352796,-2.137093582333931,28,4
mp-1008680,TiGePt,<PROJECT_ROOT>/external_datasets/functional_protocol_round4_widechem_boost/meta_gga_r2scan/cif/mp-1008680.cif,train,-0.9806829755555526,-7.058798472086589,-0.9000243995013113,-0.9011115949080724,-0.971584328800226,3,3
mp-754359,Y6TeO12,<PROJECT_ROOT>/external_datasets/functional_protocol_round4_widechem_boost/meta_gga_r2scan/cif/mp-754359.cif,train,-3.4373524092105274,-8.435034500925164,-3.504564091891476,-3.489925482982108,-2.541041056322056,19,3
mp-1210650,LuZnRh,<PROJECT_ROOT>/external_datasets/functional_protocol_round4_widechem_boost/meta_gga_r2scan/cif/mp-1210650.cif,train,-0.8096737530555534,-5.139221827189128,-0.8313437987815746,-0.8282062774112058,-0.6248300423406385,12,3
mp-10785,RbLuSe2,<PROJECT_ROOT>/external_datasets/functional_protocol_round4_widechem_boost/meta_gga_r2scan/cif/mp-10785.cif,train,-1.986724074010418,-4.820881366729736,-1.8830054339418445,-1.873606892438656,-1.264387142057437,4,3
mp-11290,CaSn3,<PROJECT_ROOT>/external_datasets/functional_protocol_round4_widechem_boost/meta_gga_r2scan/cif/mp-11290.cif,train,-0.3432829450000021,-3.882995843887329,-0.3519903153050814,-0.3531301498290551,-0.4270149865280328,4,2
mp-862264,Sc2ZnTc,<PROJECT_ROOT>/external_datasets/functional_protocol_round4_widechem_boost/meta_gga_r2scan/cif/mp-862264.cif,train,-0.2945280762499997,-6.370660781860352,-0.2954726023759697,-0.2989552590236357,-0.5247033937562053,4,3
mp-2767736,CoF3,<PROJECT_ROOT>/external_datasets/functional_protocol_round4_widechem_boost/meta_gga_r2scan/cif/mp-2767736.cif,train,-2.053604176875,-4.550334930419922,-1.7115013379340192,-1.7274479312151287,-2.761116780243862,16,2
mp-1208839,Sr2H6Pt,<PROJECT_ROOT>/external_datasets/functional_protocol_round4_widechem_boost/meta_gga_r2scan/cif/mp-1208839.cif,train,-0.6629810736111116,-3.868540869818793,-0.5550208609138512,-0.5540469751150372,-0.4909190458467218,18,3
mp-1211728,K3In(IO3)6,<PROJECT_ROOT>/external_datasets/functional_protocol_round4_widechem_boost/meta_gga_r2scan/cif/mp-1211728.cif,train,-0.8822011476339274,-4.513257435389927,-1.218086372511468,-1.237239296307484,-2.4787446352071454,28,4
mp-19712,PrAgPb,<PROJECT_ROOT>/external_datasets/functional_protocol_round4_widechem_boost/meta_gga_r2scan/cif/mp-19712.cif,train,-0.5741138972222236,-4.235568682352702,-0.4657393272184573,-0.4611163051198925,-0.1614489186481684,6,3
mp-757206,BaTi6O12,<PROJECT_ROOT>/external_datasets/functional_protocol_round4_widechem_boost/meta_gga_r2scan/cif/mp-757206.cif,train,-3.3250622805263164,-8.752547414679276,-3.415448790132147,-3.403691183869751,-2.641555276949882,38,3
mp-676274,Tl9SbSe6,<PROJECT_ROOT>/external_datasets/functional_protocol_round4_widechem_boost/meta_gga_r2scan/cif/mp-676274.cif,train,-0.4272864227734416,-3.250454902648926,-0.4399807441666006,-0.4373926049913565,-0.269627691492999,16,3
mp-4048,Sr6(RhO3)5,<PROJECT_ROOT>/external_datasets/functional_protocol_round4_widechem_boost/meta_gga_r2scan/cif/mp-4048.cif,train,-1.9944306588942289,-6.408939068134014,-2.094284366221208,-2.097474159528389,-2.304238696526862,26,3
mp-568848,GaCl2,<PROJECT_ROOT>/external_datasets/functional_protocol_round4_widechem_boost/meta_gga_r2scan/cif/mp-568848.cif,train,-1.09882738375,-3.2549266815185547,-1.172884541542488,-1.1764978032636328,-1.4107118462690682,24,2
mp-5586,NaErO2,<PROJECT_ROOT>/external_datasets/functional_protocol_round4_widechem_boost/meta_gga_r2scan/cif/mp-5586.cif,train,-3.1424429102083344,-6.7860612869262695,-3.225916068199659,-3.211146683540988,-2.2537852852869174,16,3
mp-1025079,EuAsPd,<PROJECT_ROOT>/external_datasets/functional_protocol_round4_widechem_boost/meta_gga_r2scan/cif/mp-1025079.cif,train,-1.1529854125000014,-7.729918162027995,-1.1745641470949506,-1.1753683640213657,-1.2274982434288393,6,3
mp-1227227,CaCeN2,<PROJECT_ROOT>/external_datasets/functional_protocol_round4_widechem_boost/meta_gga_r2scan/cif/mp-1227227.cif,train,-1.460997576875,-7.374932289123535,-1.4424652981363053,-1.4418145788780752,-1.3996345210540742,4,3
mp-1212520,GdZrF7,<PROJECT_ROOT>/external_datasets/functional_protocol_round4_widechem_boost/meta_gga_r2scan/cif/mp-1212520.cif,train,-4.165695827777778,-7.831426832411024,-4.217977029212973,-4.20137172837349,-3.1250050145596404,18,3
mp-557930,SiO2,<PROJECT_ROOT>/external_datasets/functional_protocol_round4_widechem_boost/meta_gga_r2scan/cif/mp-557930.cif,train,-3.00590657375,-7.876763025919597,-3.133311524541897,-3.123476708599676,-2.4859773570959414,24,2
mp-19955,Co2CuGe2,<PROJECT_ROOT>/external_datasets/functional_protocol_round4_widechem_boost/meta_gga_r2scan/cif/mp-19955.cif,train,-0.0782202650000016,-5.684718322753906,-0.1446779961977968,-0.1434368262061012,-0.0629833566699085,10,3
mp-1189354,Nd(Sb3Ru)4,<PROJECT_ROOT>/external_datasets/functional_protocol_round4_widechem_boost/meta_gga_r2scan/cif/mp-1189354.cif,train,-0.3739583563235288,-5.699504179113052,-0.3389046422043762,-0.3377015886200976,-0.2597188501214296,17,3
mp-618991,Cu2S,<PROJECT_ROOT>/external_datasets/functional_protocol_round4_widechem_boost/meta_gga_r2scan/cif/mp-618991.cif,train,-0.1925998017708335,-4.22852102915446,-0.1640658627697142,-0.1653956855561302,-0.2515956885797358,12,2
mp-36066,PNO,<PROJECT_ROOT>/external_datasets/functional_protocol_round4_widechem_boost/meta_gga_r2scan/cif/mp-36066.cif,train,-1.3355444518253965,-7.350889841715495,-1.40625711423262,-1.4122527677533592,-1.8008950416667229,6,3
mp-1209253,RbCaHfF7,<PROJECT_ROOT>/external_datasets/functional_protocol_round4_widechem_boost/meta_gga_r2scan/cif/mp-1209253.cif,train,-3.989180622125001,-6.331760787963868,-4.073785635378654,-4.056433796615608,-2.9316759949623235,20,4
mp-1220340,Nd2Ge3Pd,<PROJECT_ROOT>/external_datasets/functional_protocol_round4_widechem_boost/meta_gga_r2scan/cif/mp-1220340.cif,train,-0.9066864091666672,-5.582407633463542,-0.8277771370563185,-0.8251232606553369,-0.6530972161901537,6,3
mp-1212143,K2BeCl4,<PROJECT_ROOT>/external_datasets/functional_protocol_round4_widechem_boost/meta_gga_r2scan/cif/mp-1212143.cif,train,-1.980102256428571,-3.679453986031669,-1.916992856909173,-1.9093454180100329,-1.4136333103806191,28,3
mp-865608,LuPaOs2,<PROJECT_ROOT>/external_datasets/functional_protocol_round4_widechem_boost/meta_gga_r2scan/cif/mp-865608.cif,train,-0.3953190991666631,-9.419793128967283,-0.3353238978152077,-0.3421555063386359,-0.784984943004173,4,3
mp-1301803,Sr3(CoO3)2,<PROJECT_ROOT>/external_datasets/functional_protocol_round4_widechem_boost/meta_gga_r2scan/cif/mp-1301803.cif,train,-2.2858306556818206,-6.071814797141335,-1.9369405988182669,-1.940066842302332,-2.1427120372344115,22,3
mp-1222830,Li2InFe(P2O7)2,<PROJECT_ROOT>/external_datasets/functional_protocol_round4_widechem_boost/meta_gga_r2scan/cif/mp-1222830.cif,train,-2.362798715351732,-6.829854791814631,-2.413853088797878,-2.41295581147074,-2.3547936946069323,44,5
mp-1105386,YbH3CN3,<PROJECT_ROOT>/external_datasets/functional_protocol_round4_widechem_boost/meta_gga_r2scan/cif/mp-1105386.cif,train,-0.501509591562499,-6.311018943786621,-0.6700513594237325,-0.6680070939856222,-0.5354964401265386,16,4
mp-766823,Li7Ti11O24,<PROJECT_ROOT>/external_datasets/functional_protocol_round4_widechem_boost/meta_gga_r2scan/cif/mp-766823.cif,train,-3.091036208095238,-8.044994535900297,-3.195735443768732,-3.183752160416833,-2.406987713518478,42,3
mp-554094,CaMg2(SO4)3,<PROJECT_ROOT>/external_datasets/functional_protocol_round4_widechem_boost/meta_gga_r2scan/cif/mp-554094.cif,train,-2.22904729796875,-6.305453406439887,-2.4585240365022507,-2.459072282745053,-2.494609971127204,36,4
mp-1079676,LiBeH3,<PROJECT_ROOT>/external_datasets/functional_protocol_round4_widechem_boost/meta_gga_r2scan/cif/mp-1079676.cif,train,-0.2750579500833332,-3.380794906616211,-0.2139819607811035,-0.2159066602076684,-0.340666965180912,10,3
mp-12304,Sc11Ir4,<PROJECT_ROOT>/external_datasets/functional_protocol_round4_widechem_boost/meta_gga_r2scan/cif/mp-12304.cif,train,-0.7532684563333305,-7.698153177897136,-0.7372384856203462,-0.7419606876327762,-1.0480569824968882,30,2
mp-28477,Sr(ClO3)2,<PROJECT_ROOT>/external_datasets/functional_protocol_round4_widechem_boost/meta_gga_r2scan/cif/mp-28477.cif,train,-0.837826060833334,-4.654570685492621,-1.204045190243538,-1.2282432023707548,-2.796774543415532,18,3
mp-1102633,TmCoSi,<PROJECT_ROOT>/external_datasets/functional_protocol_round4_widechem_boost/meta_gga_r2scan/cif/mp-1102633.cif,train,-0.7215640641666686,-6.426827748616536,-0.7697368290676847,-0.7688785716768916,-0.7132457532012069,12,3
mp-1210651,Lu5Ni2Bi,<PROJECT_ROOT>/external_datasets/functional_protocol_round4_widechem_boost/meta_gga_r2scan/cif/mp-1210651.cif,train,-0.5090686466666625,-5.230567932128906,-0.6176573007780783,-0.6220976711459745,-0.9099254501910806,16,3
mp-1105965,Er5Tl3,<PROJECT_ROOT>/external_datasets/functional_protocol_round4_widechem_boost/meta_gga_r2scan/cif/mp-1105965.cif,train,-0.4212230108333372,-4.029880046844482,-0.3963973243285608,-0.4028006809551021,-0.8178705430495216,16,2
mp-1205419,SrSnS3,<PROJECT_ROOT>/external_datasets/functional_protocol_round4_widechem_boost/meta_gga_r2scan/cif/mp-1205419.cif,train,-1.2687797256875002,-4.6974445343017575,-1.171001947317893,-1.1709848329825574,-1.1698754703119407,20,3
mp-559648,KBC4NF9,<PROJECT_ROOT>/external_datasets/functional_protocol_round4_widechem_boost/meta_gga_r2scan/cif/mp-559648.cif,train,-1.4914638484374994,-5.777583599090576,-1.683935017629092,-1.6922714436881714,-2.232644160142375,64,5
mp-862630,ReRu3,<PROJECT_ROOT>/external_datasets/functional_protocol_round4_widechem_boost/meta_gga_r2scan/cif/mp-862630.cif,train,-0.0870141693750028,-10.139970779418944,-0.0267517332777647,-0.023208792693933,0.2064469871276451,8,2
mp-4171,DySi2Ni,<PROJECT_ROOT>/external_datasets/functional_protocol_round4_widechem_boost/meta_gga_r2scan/cif/mp-4171.cif,train,-0.8775927850000009,-6.145700931549072,-0.8619786029639265,-0.8591089457895489,-0.6730958471761949,8,3
mp-568001,AlHg2SbCl4,<PROJECT_ROOT>/external_datasets/functional_protocol_round4_widechem_boost/meta_gga_r2scan/cif/mp-568001.cif,train,-1.074482824531252,-2.93453311920166,-1.06605589182622,-1.0649184521703656,-0.9911888524256486,64,4
mp-11275,Be2Re,<PROJECT_ROOT>/external_datasets/functional_protocol_round4_widechem_boost/meta_gga_r2scan/cif/mp-11275.cif,train,-0.412114515833333,-7.018957138061523,-0.2922929507967939,-0.2909423220505065,-0.2033936627829934,12,2
mp-1190707,Tm2Fe12P7,<PROJECT_ROOT>/external_datasets/functional_protocol_round4_widechem_boost/meta_gga_r2scan/cif/mp-1190707.cif,train,-0.5313776064682543,-7.751400175548735,-0.6949763128500317,-0.6889481047796258,-0.2981956231674836,21,3
mp-24438,K2MgH12(SO7)2,<PROJECT_ROOT>/external_datasets/functional_protocol_round4_widechem_boost/meta_gga_r2scan/cif/mp-24438.cif,train,-1.5045239234072574,-5.350373298891129,-1.688735041156308,-1.6890659603712113,-1.710516365355838,62,5
mp-1029359,CaHfN2,<PROJECT_ROOT>/external_datasets/functional_protocol_round4_widechem_boost/meta_gga_r2scan/cif/mp-1029359.cif,train,-1.875544676875002,-8.755498886108398,-1.7574518466421614,-1.7482656118727649,-1.1528077260660827,4,3
mp-863671,Pm2CuRu,<PROJECT_ROOT>/external_datasets/functional_protocol_round4_widechem_boost/meta_gga_r2scan/cif/mp-863671.cif,train,-0.2179390400000009,-5.91970682144165,-0.2308084495189764,-0.2298070571011141,-0.1648961303751213,4,3
mp-676517,La3U2O10,<PROJECT_ROOT>/external_datasets/functional_protocol_round4_widechem_boost/meta_gga_r2scan/cif/mp-676517.cif,train,-3.753114778166669,-9.224303181966146,-3.921172025165117,-3.9055431612799927,-2.8924697443454117,15,3
mp-1105231,Ba5P4,<PROJECT_ROOT>/external_datasets/functional_protocol_round4_widechem_boost/meta_gga_r2scan/cif/mp-1105231.cif,train,-1.1736209707671952,-4.48271984524197,-1.0922745257747095,-1.093079791524194,-1.1452776563431282,18,2
mp-1219960,Pb4SeS3,<PROJECT_ROOT>/external_datasets/functional_protocol_round4_widechem_boost/meta_gga_r2scan/cif/mp-1219960.cif,train,-0.6511764571875034,-4.3792500495910645,-0.6231932926781782,-0.6231299637619854,-0.6190249410296675,8,3
mp-5962,NaMgAs,<PROJECT_ROOT>/external_datasets/functional_protocol_round4_widechem_boost/meta_gga_r2scan/cif/mp-5962.cif,train,-0.7864752741666668,-3.1592257817586265,-0.7344191887520206,-0.7298527565535942,-0.4338535652838378,6,3
mp-1214686,As2Pd5,<PROJECT_ROOT>/external_datasets/functional_protocol_round4_widechem_boost/meta_gga_r2scan/cif/mp-1214686.cif,train,-0.3502940800000017,-5.378788902646019,-0.397369920407665,-0.4011025449389418,-0.643053765183828,42,2
mp-1183120,Ac2CuRu,<PROJECT_ROOT>/external_datasets/functional_protocol_round4_widechem_boost/meta_gga_r2scan/cif/mp-1183120.cif,train,-0.0168383174999959,-5.443648338317871,-0.0591358104361745,-0.0612149313883403,-0.1959849429962883,4,3
mp-1079881,CeSb2Pd,<PROJECT_ROOT>/external_datasets/functional_protocol_round4_widechem_boost/meta_gga_r2scan/cif/mp-1079881.cif,train,-0.9194022362500008,-5.673017978668213,-0.9124494984815296,-0.9115579566684272,-0.853767619662877,8,3
mp-1187597,TmMg3,<PROJECT_ROOT>/external_datasets/functional_protocol_round4_widechem_boost/meta_gga_r2scan/cif/mp-1187597.cif,train,-0.0297455212500015,-2.341346025466919,-0.0264304305596496,-0.0280269773222148,-0.1315162069893497,4,2
mp-21157,TmNiGe,<PROJECT_ROOT>/external_datasets/functional_protocol_round4_widechem_boost/meta_gga_r2scan/cif/mp-21157.cif,train,-0.8636036425000005,-5.769660313924153,-0.8998899767214326,-0.8970934545516398,-0.7158210158834095,12,3
mp-1218912,SnSeS,<PROJECT_ROOT>/external_datasets/functional_protocol_round4_widechem_boost/meta_gga_r2scan/cif/mp-1218912.cif,train,-0.4343444806250029,-4.215026219685872,-0.4553604433950728,-0.4638025822561227,-1.01102767328418,3,3
mp-839,V3Au,<PROJECT_ROOT>/external_datasets/functional_protocol_round4_widechem_boost/meta_gga_r2scan/cif/mp-839.cif,train,-0.0884064300000027,-7.664763927459717,-0.4962425397233678,-0.4945002122861162,-0.3815613817191299,8,2
mp-11879,BaNiSn3,<PROJECT_ROOT>/external_datasets/functional_protocol_round4_widechem_boost/meta_gga_r2scan/cif/mp-11879.cif,train,-0.4602765369999986,-4.412661361694336,-0.482648257156022,-0.4819073249805905,-0.4338796054868838,5,3
mp-1206565,Pr2CdAu2,<PROJECT_ROOT>/external_datasets/functional_protocol_round4_widechem_boost/meta_gga_r2scan/cif/mp-1206565.cif,train,-0.7781829356666663,-4.108766174316406,-0.7367557540495748,-0.7327269417915314,-0.4715766348691833,10,3
mp-1198027,LiSi2B,<PROJECT_ROOT>/external_datasets/functional_protocol_round4_widechem_boost/meta_gga_r2scan/cif/mp-1198027.cif,train,-0.167039728854168,-4.998188018798828,-0.1229063547196336,-0.131657803651672,-0.698932580494414,32,3
mp-1078234,BaGe3,<PROJECT_ROOT>/external_datasets/functional_protocol_round4_widechem_boost/meta_gga_r2scan/cif/mp-1078234.cif,train,-0.3595086900000019,-4.311544895172119,-0.361752761953487,-0.3670273882886237,-0.7089321974734133,8,2
mp-22198,Nb2NiO6,<PROJECT_ROOT>/external_datasets/functional_protocol_round4_widechem_boost/meta_gga_r2scan/cif/mp-22198.cif,train,-2.440557943611111,-8.079820421006945,-2.282417599238704,-2.284520431484568,-2.4208274250197555,36,3
mp-1198510,P2H9NO8,<PROJECT_ROOT>/external_datasets/functional_protocol_round4_widechem_boost/meta_gga_r2scan/cif/mp-1198510.cif,train,-1.4258994840476198,-5.80072021484375,-1.5794349639740926,-1.579059755297469,-1.554738477764393,80,4
mp-13649,Cs2AgF4,<PROJECT_ROOT>/external_datasets/functional_protocol_round4_widechem_boost/meta_gga_r2scan/cif/mp-13649.cif,train,-2.282353032142857,-3.814718791416713,-2.358942869446764,-2.3567135210712307,-2.212205667337092,7,3
mp-20206,ThIn3,<PROJECT_ROOT>/external_datasets/functional_protocol_round4_widechem_boost/meta_gga_r2scan/cif/mp-20206.cif,train,-0.451908492500003,-4.255887985229492,-0.4272432305765736,-0.4284755558523239,-0.5083557049846803,4,2
mp-10298,Sm(SiPt)2,<PROJECT_ROOT>/external_datasets/functional_protocol_round4_widechem_boost/meta_gga_r2scan/cif/mp-10298.cif,train,-1.196494661000003,-6.641675567626953,-1.1459919136033443,-1.1433942692745749,-0.9750132253628746,10,3
mp-1225649,ErAlFe,<PROJECT_ROOT>/external_datasets/functional_protocol_round4_widechem_boost/meta_gga_r2scan/cif/mp-1225649.cif,train,-0.3014282252777771,-5.910626729329427,-0.3756006930185247,-0.3789298528535632,-0.5947282214610619,12,3
mp-28381,Cs3InO3,<PROJECT_ROOT>/external_datasets/functional_protocol_round4_widechem_boost/meta_gga_r2scan/cif/mp-28381.cif,train,-1.5257680405357152,-4.219108854021345,-1.61807603460272,-1.6186981953702242,-1.6590270727124683,28,3
mp-1096795,YAgS2,<PROJECT_ROOT>/external_datasets/functional_protocol_round4_widechem_boost/meta_gga_r2scan/cif/mp-1096795.cif,train,-1.5138974851562512,-5.695866107940674,-1.4006482700002252,-1.3937909283604188,-0.9492934538671935,4,3
mp-1183500,CaAcTl2,<PROJECT_ROOT>/external_datasets/functional_protocol_round4_widechem_boost/meta_gga_r2scan/cif/mp-1183500.cif,train,-0.5069172043750001,-3.1239612102508545,-0.4532372379533602,-0.4490973013975914,-0.1807438431244099,4,3
mp-752520,GdIO,<PROJECT_ROOT>/external_datasets/functional_protocol_round4_widechem_boost/meta_gga_r2scan/cif/mp-752520.cif,train,-2.425641763750003,-9.062389373779297,-2.4320846133837364,-2.423023558959461,-1.8356799469025904,12,3
mp-620271,GdBiPt,<PROJECT_ROOT>/external_datasets/functional_protocol_round4_widechem_boost/meta_gga_r2scan/cif/mp-620271.cif,train,-1.123720561666668,-9.020032246907553,-1.0231686942155198,-1.0175463920120222,-0.6531050003530929,3,3
mp-752671,Ba2SrI6,<PROJECT_ROOT>/external_datasets/functional_protocol_round4_widechem_boost/meta_gga_r2scan/cif/mp-752671.cif,train,-1.966522555370371,-3.379551922833478,-1.881877547884101,-1.8705509642561005,-1.1363542329677594,27,3
mp-763259,Mn3(PO4)2,<PROJECT_ROOT>/external_datasets/functional_protocol_round4_widechem_boost/meta_gga_r2scan/cif/mp-763259.cif,train,-2.3686937157231287,-7.715731694148137,-2.329495794643572,-2.3280429571806227,-2.233869060493893,26,3
mp-1287184,VO,<PROJECT_ROOT>/external_datasets/functional_protocol_round4_widechem_boost/meta_gga_r2scan/cif/mp-1287184.cif,train,-2.208713311875,-7.878406047821045,-1.467567097754208,-1.4739998110197865,-1.890972590104549,8,2
mp-3347,Be2SiO4,<PROJECT_ROOT>/external_datasets/functional_protocol_round4_widechem_boost/meta_gga_r2scan/cif/mp-3347.cif,train,-3.0342907061904763,-7.450773693266369,-3.081492063820632,-3.0678062103936297,-2.180680031749746,42,3
mp-1188408,Zr5Sn3B,<PROJECT_ROOT>/external_datasets/functional_protocol_round4_widechem_boost/meta_gga_r2scan/cif/mp-1188408.cif,train,-0.7477360930555569,-7.494824727376302,-0.6892845823932632,-0.688289605273515,-0.6237945224648123,18,3
mp-862296,LiAlPt2,<PROJECT_ROOT>/external_datasets/functional_protocol_round4_widechem_boost/meta_gga_r2scan/cif/mp-862296.cif,train,-1.0208562091666664,-5.383733749389648,-1.0549555253203111,-1.0507696953088814,-0.7794413925273904,4,3
mp-16513,NdAl3,<PROJECT_ROOT>/external_datasets/functional_protocol_round4_widechem_boost/meta_gga_r2scan/cif/mp-16513.cif,train,-0.4927066343749988,-4.439226150512695,-0.4742462224806822,-0.4757567814732422,-0.5736722263398709,8,2
mp-1185768,Mg2IrPt,<PROJECT_ROOT>/external_datasets/functional_protocol_round4_widechem_boost/meta_gga_r2scan/cif/mp-1185768.cif,train,-0.6331758024999985,-5.104920864105225,-0.5882529105891825,-0.5832235316623002,-0.2572158236185174,4,3
mp-1147657,K(AuO2)2,<PROJECT_ROOT>/external_datasets/functional_protocol_round4_widechem_boost/meta_gga_r2scan/cif/mp-1147657.cif,train,-0.4470048426785727,-4.272496632167271,-0.7054343695759124,-0.7266972539700651,-2.104971650970173,14,3
mp-568711,VPd3,<PROJECT_ROOT>/external_datasets/functional_protocol_round4_widechem_boost/meta_gga_r2scan/cif/mp-568711.cif,train,-0.2663540600000047,-6.398575782775879,-0.3959839775528566,-0.3977192738430766,-0.5102023407544154,4,2
mp-27245,BSBr,<PROJECT_ROOT>/external_datasets/functional_protocol_round4_widechem_boost/meta_gga_r2scan/cif/mp-27245.cif,train,-0.5754027253819456,-4.650693257649739,-0.6380128242074994,-0.6471963161490235,-1.2424764100171126,36,3
mp-20217,EuPS3,<PROJECT_ROOT>/external_datasets/functional_protocol_round4_widechem_boost/meta_gga_r2scan/cif/mp-20217.cif,train,-1.2886633367827387,-6.704311370849609,-1.2582283001770138,-1.261803030887501,-1.493519467994111,20,3
mp-985583,Li3PS4,<PROJECT_ROOT>/external_datasets/functional_protocol_round4_widechem_boost/meta_gga_r2scan/cif/mp-985583.cif,train,-1.0764925267782737,-4.386641979217529,-1.0783630402998572,-1.0786398815736655,-1.0965849182259364,32,3
mp-867225,LaCdAg2,<PROJECT_ROOT>/external_datasets/functional_protocol_round4_widechem_boost/meta_gga_r2scan/cif/mp-867225.cif,train,-0.2773743062499996,-3.1556222438812256,-0.2783344135864203,-0.2772548540751343,-0.2072770840374159,4,3
mp-1184681,Hf3Sc,<PROJECT_ROOT>/external_datasets/functional_protocol_round4_widechem_boost/meta_gga_r2scan/cif/mp-1184681.cif,train,0.013863182499989,-9.052175521850586,-0.0456906590089438,-0.0635709444004986,-1.222583010185899,8,2
mp-11506,Ni3Mo,<PROJECT_ROOT>/external_datasets/functional_protocol_round4_widechem_boost/meta_gga_r2scan/cif/mp-11506.cif,train,-0.0524486662499992,-7.13450813293457,-0.3066125019068231,-0.2983056379297117,0.2401508445862481,8,2
mp-1232276,PmS2,<PROJECT_ROOT>/external_datasets/functional_protocol_round4_widechem_boost/meta_gga_r2scan/cif/mp-1232276.cif,train,-2.021422001041666,-6.0804793039957685,-1.8946383539936853,-1.8833956280312787,-1.1546346067496984,12,2
mp-951,CeRh2,<PROJECT_ROOT>/external_datasets/functional_protocol_round4_widechem_boost/meta_gga_r2scan/cif/mp-951.cif,train,-0.762573016666669,-7.5896453857421875,-0.8190715871843297,-0.8221273437447945,-1.0202035291148357,6,2
mp-980659,Tl3BiCl6,<PROJECT_ROOT>/external_datasets/functional_protocol_round4_widechem_boost/meta_gga_r2scan/cif/mp-980659.cif,train,-1.1387714319999986,-3.22625732421875,-1.154767545702959,-1.152266804050356,-0.9901670564618884,20,3
mp-3349,Sr3Ti2O7,<PROJECT_ROOT>/external_datasets/functional_protocol_round4_widechem_boost/meta_gga_r2scan/cif/mp-3349.cif,train,-3.389225189548611,-7.713034311930339,-3.4305828340328315,-3.416586386774596,-2.509327308119408,12,3
mp-541825,MnV2O6,<PROJECT_ROOT>/external_datasets/functional_protocol_round4_widechem_boost/meta_gga_r2scan/cif/mp-541825.cif,train,-2.455588358553639,-7.602739969889323,-1.9142714729513963,-1.9208559250542423,-2.347664517124586,18,3
mp-1188066,ZrInCo2,<PROJECT_ROOT>/external_datasets/functional_protocol_round4_widechem_boost/meta_gga_r2scan/cif/mp-1188066.cif,train,-0.264607108749999,-6.63250207901001,-0.2916109029624163,-0.2902150446332046,-0.1997345735309038,4,3
mp-12098,K(PRh)2,<PROJECT_ROOT>/external_datasets/functional_protocol_round4_widechem_boost/meta_gga_r2scan/cif/mp-12098.cif,train,-0.836901643940476,-6.059329986572266,-0.7686544341656418,-0.767449718296846,-0.6893592294025175,5,3
mp-865579,Li2ErIn,<PROJECT_ROOT>/external_datasets/functional_protocol_round4_widechem_boost/meta_gga_r2scan/cif/mp-865579.cif,train,-0.3571713041666662,-3.0512888431549072,-0.4074541106540845,-0.4135173940047263,-0.8065434787608263,4,3
mp-1094792,Mg3Zr,<PROJECT_ROOT>/external_datasets/functional_protocol_round4_widechem_boost/meta_gga_r2scan/cif/mp-1094792.cif,train,0.0536409950000003,-3.297982215881348,0.0515488063843516,0.0513344221583258,0.0374378931471169,4,2
mp-6509,Sr3GaO4F,<PROJECT_ROOT>/external_datasets/functional_protocol_round4_widechem_boost/meta_gga_r2scan/cif/mp-6509.cif,train,-3.0191167077777785,-6.062653435601129,-3.066440797331191,-3.0558912806034213,-2.372064545853874,18,4
mp-865100,NaInHg2,<PROJECT_ROOT>/external_datasets/functional_protocol_round4_widechem_boost/meta_gga_r2scan/cif/mp-865100.cif,train,-0.210820851250002,-1.3402974605560305,-0.2252489346406208,-0.2238368666335057,-0.1323056733607019,4,3
mp-1184638,HoAl3,<PROJECT_ROOT>/external_datasets/functional_protocol_round4_widechem_boost/meta_gga_r2scan/cif/mp-1184638.cif,train,-0.4712367875000005,-4.371160507202148,-0.4451243127459685,-0.4496673213929245,-0.7441481823794567,8,2
mp-2847,ErB4,<PROJECT_ROOT>/external_datasets/functional_protocol_round4_widechem_boost/meta_gga_r2scan/cif/mp-2847.cif,train,-0.6533872466666679,-6.841216278076172,-0.6135360907146641,-0.6161514018337897,-0.7856776189196224,20,2
mp-862880,PmBiPd2,<PROJECT_ROOT>/external_datasets/functional_protocol_round4_widechem_boost/meta_gga_r2scan/cif/mp-862880.cif,train,-0.7503148431249969,-5.465967178344727,-0.733908169612044,-0.7284112703830266,-0.3720985834591408,4,3
mp-556006,OsCl4O,<PROJECT_ROOT>/external_datasets/functional_protocol_round4_widechem_boost/meta_gga_r2scan/cif/mp-556006.cif,train,-0.5539822889583353,-4.420645078023274,-0.7449957877290276,-0.7593560620615598,-1.6901986551705692,24,3
mp-1025400,YbCl3,<PROJECT_ROOT>/external_datasets/functional_protocol_round4_widechem_boost/meta_gga_r2scan/cif/mp-1025400.cif,train,-2.4866679443749984,-3.330556869506836,-1.7816241781554956,-1.7778532712329511,-1.533420560765649,8,2
mp-756681,Na(WO3)9,<PROJECT_ROOT>/external_datasets/functional_protocol_round4_widechem_boost/meta_gga_r2scan/cif/mp-756681.cif,train,-2.2814492250337834,-7.38969627586571,-1.6738009934037388,-1.6840401592181171,-2.34774974005366,37,3
mp-1206601,Dy(AlGe)2,<PROJECT_ROOT>/external_datasets/functional_protocol_round4_widechem_boost/meta_gga_r2scan/cif/mp-1206601.cif,train,-0.4845974810000001,-4.673987579345703,-0.4208876675389223,-0.423432187892093,-0.5883697001520818,5,3
mp-1221748,Mn8Nb3Al,<PROJECT_ROOT>/external_datasets/functional_protocol_round4_widechem_boost/meta_gga_r2scan/cif/mp-1221748.cif,train,-0.0762479029885033,-9.107409159342447,-0.812305067824246,-0.8051506658243248,-0.3413975399753844,12,3
mp-865482,VTc2Ge,<PROJECT_ROOT>/external_datasets/functional_protocol_round4_widechem_boost/meta_gga_r2scan/cif/mp-865482.cif,train,-0.3630090724999988,-8.90688419342041,-0.3614142894644914,-0.3574861309004182,-0.1028602637870915,4,3
mp-31483,Na5TlSn3,<PROJECT_ROOT>/external_datasets/functional_protocol_round4_widechem_boost/meta_gga_r2scan/cif/mp-31483.cif,train,-0.2542036391666676,-2.519981172349718,-0.2595678474679266,-0.2621950529673675,-0.4324922717457552,36,3
mp-540582,CaCr2O4,<PROJECT_ROOT>/external_datasets/functional_protocol_round4_widechem_boost/meta_gga_r2scan/cif/mp-540582.cif,train,-2.699731200357143,-7.587938581194196,-2.3828792526742757,-2.3771679642400487,-2.006958425549925,28,3
mp-862789,Er2ZnIr,<PROJECT_ROOT>/external_datasets/functional_protocol_round4_widechem_boost/meta_gga_r2scan/cif/mp-862789.cif,train,-0.7500950354166633,-5.476593017578125,-0.7545154709940478,-0.7578783279622447,-0.9758609672933988,4,3
mp-562074,CsK4TlO4,<PROJECT_ROOT>/external_datasets/functional_protocol_round4_widechem_boost/meta_gga_r2scan/cif/mp-562074.cif,train,-1.2683849157499978,-3.8638427734375,-1.3920741941047037,-1.39652228162963,-1.684850291958565,80,4
mp-723629,NaI,<PROJECT_ROOT>/external_datasets/functional_protocol_round4_widechem_boost/meta_gga_r2scan/cif/mp-723629.cif,train,-1.335974768749999,-2.574273109436035,-1.3194987097977495,-1.3129075237050118,-0.8856624299027589,4,2
mp-22580,ZrGaNi2,<PROJECT_ROOT>/external_datasets/functional_protocol_round4_widechem_boost/meta_gga_r2scan/cif/mp-22580.cif,train,-0.5409468637500012,-6.305848598480225,-0.6282802114643156,-0.6245126874856197,-0.3802992617025653,4,3
mp-1208590,TaInSe2,<PROJECT_ROOT>/external_datasets/functional_protocol_round4_widechem_boost/meta_gga_r2scan/cif/mp-1208590.cif,train,-0.7132964838645819,-6.019126892089844,-0.7765788120951163,-0.7775883768657224,-0.8430290409667379,4,3
mp-2021863,InHg3,<PROJECT_ROOT>/external_datasets/functional_protocol_round4_widechem_boost/meta_gga_r2scan/cif/mp-2021863.cif,train,0.0140084193750027,-0.8897448778152466,0.0207616472880038,0.0220725148054041,0.1070438246045332,4,2
mp-558552,Ta6S,<PROJECT_ROOT>/external_datasets/functional_protocol_round4_widechem_boost/meta_gga_r2scan/cif/mp-558552.cif,train,-0.3038978609732145,-11.013449532645089,-0.3275060678600656,-0.3311799539144484,-0.5693237067736051,14,2
mp-1232249,Ho2MgS4,<PROJECT_ROOT>/external_datasets/functional_protocol_round4_widechem_boost/meta_gga_r2scan/cif/mp-1232249.cif,train,-2.1548219169642846,-5.768092019217355,-1.9873897847801465,-1.9761710449837668,-1.2489648230371386,28,3
mp-15778,MgNiSb,<PROJECT_ROOT>/external_datasets/functional_protocol_round4_widechem_boost/meta_gga_r2scan/cif/mp-15778.cif,train,-0.4273112883333354,-4.238272666931152,-0.4509129634840421,-0.4445684612831329,-0.0333135824468308,3,3
mp-2054,TbHg,<PROJECT_ROOT>/external_datasets/functional_protocol_round4_widechem_boost/meta_gga_r2scan/cif/mp-2054.cif,train,-0.5812790587500061,-2.9445247650146484,-0.5182746036284573,-0.5160695283201493,-0.373135071048658,2,2
mp-1191953,Nb3Al2N,<PROJECT_ROOT>/external_datasets/functional_protocol_round4_widechem_boost/meta_gga_r2scan/cif/mp-1191953.cif,train,-0.7671759835416646,-8.354778925577799,-0.6507786892763523,-0.6520968935174691,-0.7375437746582556,24,3
mp-1221421,Na(Nb3S4)2,<PROJECT_ROOT>/external_datasets/functional_protocol_round4_widechem_boost/meta_gga_r2scan/cif/mp-1221421.cif,train,-1.2497570601666663,-7.423331705729167,-1.1523383776746252,-1.1521075224632789,-1.1371433331592198,15,3
mp-30052,Ni6Mo6C,<PROJECT_ROOT>/external_datasets/functional_protocol_round4_widechem_boost/meta_gga_r2scan/cif/mp-30052.cif,train,-0.0799629346153862,-8.46884272648738,-0.3353546529782303,-0.3217781670235817,0.5582587388666527,26,3
mp-1224303,HfAl2Zn,<PROJECT_ROOT>/external_datasets/functional_protocol_round4_widechem_boost/meta_gga_r2scan/cif/mp-1224303.cif,train,-0.4221701212500015,-5.053210258483887,-0.3979139474313289,-0.4000483056021169,-0.5383988306904821,4,3
mp-1079355,Nd(AsRh)2,<PROJECT_ROOT>/external_datasets/functional_protocol_round4_widechem_boost/meta_gga_r2scan/cif/mp-1079355.cif,train,-1.024502257500001,-6.674019622802734,-1.0152952951026375,-1.0108251402586026,-0.7210667115361284,10,3
mp-35530,LiMn4O8,<PROJECT_ROOT>/external_datasets/functional_protocol_round4_widechem_boost/meta_gga_r2scan/cif/mp-35530.cif,train,-2.097565484007516,-6.913764366736779,-1.5941826722132395,-1.6028616336647898,-2.16543772350717,52,3
mp-557093,SrCr2O7,<PROJECT_ROOT>/external_datasets/functional_protocol_round4_widechem_boost/meta_gga_r2scan/cif/mp-557093.cif,train,-2.179286310375,-6.762400054931641,-1.830436513548072,-1.8396180630782668,-2.434772248543967,80,3
mp-865915,Li2AcPb,<PROJECT_ROOT>/external_datasets/functional_protocol_round4_widechem_boost/meta_gga_r2scan/cif/mp-865915.cif,train,-0.3993697277083257,-3.2135136127471924,-0.3837018761172359,-0.384807152627399,-0.4564519157462479,4,3
mp-1184223,ErScRu2,<PROJECT_ROOT>/external_datasets/functional_protocol_round4_widechem_boost/meta_gga_r2scan/cif/mp-1184223.cif,train,-0.4885620020833308,-7.809534072875977,-0.491371989050843,-0.4935147967126001,-0.632413023460002,4,3
mp-155,Gd,<PROJECT_ROOT>/external_datasets/functional_protocol_round4_widechem_boost/meta_gga_r2scan/cif/mp-155.cif,train,0.0,-14.078001022338867,0.0966892929313765,0.0782644912498122,-1.1160434848804628,2,1
mp-554543,SiO2,<PROJECT_ROOT>/external_datasets/functional_protocol_round4_widechem_boost/meta_gga_r2scan/cif/mp-554543.cif,train,-3.0165516079166665,-7.8964417775472,-3.152990276169501,-3.1428564849684983,-2.4859773570959414,24,2
mp-18561,Ga2AsRh5,<PROJECT_ROOT>/external_datasets/functional_protocol_round4_widechem_boost/meta_gga_r2scan/cif/mp-18561.cif,train,-0.5481004153125006,-6.441221237182617,-0.5471364672554779,-0.5461248542738248,-0.4805514237625613,16,3
mp-2006,V3Ir,<PROJECT_ROOT>/external_datasets/functional_protocol_round4_widechem_boost/meta_gga_r2scan/cif/mp-2006.cif,train,-0.558455409999997,-9.517885208129885,-0.9494275935254954,-0.9426484350490894,-0.5032188455335533,8,2
mp-867190,Pr4Ge7,<PROJECT_ROOT>/external_datasets/functional_protocol_round4_widechem_boost/meta_gga_r2scan/cif/mp-867190.cif,train,-0.7850818356060617,-5.39923061024059,-0.7237786555585206,-0.7230518281251737,-0.6759383874547575,22,2
mp-569012,Cs(AsRh)2,<PROJECT_ROOT>/external_datasets/functional_protocol_round4_widechem_boost/meta_gga_r2scan/cif/mp-569012.cif,train,-0.7255526350000026,-5.59390869140625,-0.7033364133725142,-0.7020331265299573,-0.6175532011471115,5,3
mp-5659,Ti3SiC2,<PROJECT_ROOT>/external_datasets/functional_protocol_round4_widechem_boost/meta_gga_r2scan/cif/mp-5659.cif,train,-0.9114862966666688,-8.746875762939453,-0.795549756228624,-0.795631528076,-0.8009320339500354,12,3
mp-11722,PrGe2,<PROJECT_ROOT>/external_datasets/functional_protocol_round4_widechem_boost/meta_gga_r2scan/cif/mp-11722.cif,train,-0.6796263472222203,-5.288590431213379,-0.6137203893005445,-0.6144317074357142,-0.6605398250216858,6,2
mp-1206905,Sm2MgCu2,<PROJECT_ROOT>/external_datasets/functional_protocol_round4_widechem_boost/meta_gga_r2scan/cif/mp-1206905.cif,train,-0.2089189490000023,-4.056775283813477,-0.2363904874020104,-0.2380835782309853,-0.3478308588968167,10,3
mp-1184657,Hg,<PROJECT_ROOT>/external_datasets/functional_protocol_round4_widechem_boost/meta_gga_r2scan/cif/mp-1184657.cif,train,0.0167850437499978,-0.2859622836112976,0.0417234063160334,0.0445276791760722,0.2263025227745353,8,1
mp-27386,TlHg5Cl11,<PROJECT_ROOT>/external_datasets/functional_protocol_round4_widechem_boost/meta_gga_r2scan/cif/mp-27386.cif,train,-0.7464567050000008,-2.0603173199821923,-0.779282417895387,-0.7847268911654419,-1.137641292342891,17,3
mp-4953,CdGeAs2,<PROJECT_ROOT>/external_datasets/functional_protocol_round4_widechem_boost/meta_gga_r2scan/cif/mp-4953.cif,train,-0.1472520799999994,-3.7968862056732178,-0.1499355627129643,-0.156027555531339,-0.5509146071957957,8,3
mp-1217089,Ti2AlSi3,<PROJECT_ROOT>/external_datasets/functional_protocol_round4_widechem_boost/meta_gga_r2scan/cif/mp-1217089.cif,train,-0.5466927397222238,-6.5246124267578125,-0.5080917692146771,-0.5145237396700777,-0.9314483693019068,6,3
mp-19260,Li2WO4,<PROJECT_ROOT>/external_datasets/functional_protocol_round4_widechem_boost/meta_gga_r2scan/cif/mp-19260.cif,train,-2.4196361411904763,-6.526354108537946,-2.0619837048598386,-2.06172420788241,-2.0449034401350703,14,3
mp-28701,CsSbS6,<PROJECT_ROOT>/external_datasets/functional_protocol_round4_widechem_boost/meta_gga_r2scan/cif/mp-28701.cif,train,-0.4435753714843748,-4.088019371032715,-0.5108335972327964,-0.521067955484166,-1.1844659068678167,32,3
mp-1094694,MgCd2,<PROJECT_ROOT>/external_datasets/functional_protocol_round4_widechem_boost/meta_gga_r2scan/cif/mp-1094694.cif,train,-0.0698242999999981,-1.2088971932729085,-0.0264049299912729,-0.0232124757554972,0.1837245444160472,6,2
mp-13949,Cd(GaTe2)2,<PROJECT_ROOT>/external_datasets/functional_protocol_round4_widechem_boost/meta_gga_r2scan/cif/mp-13949.cif,train,-0.469118834285715,-3.166714259556361,-0.4368185081807789,-0.4383772294918566,-0.5394145880781561,7,3
mp-1203790,Si,<PROJECT_ROOT>/external_datasets/functional_protocol_round4_widechem_boost/meta_gga_r2scan/cif/mp-1203790.cif,train,0.0843931966176465,-5.37208153219784,0.1532152523035863,0.1393956815898693,-0.7563981410714316,68,1
mp-765472,KTi6O12,<PROJECT_ROOT>/external_datasets/functional_protocol_round4_widechem_boost/meta_gga_r2scan/cif/mp-765472.cif,train,-3.2312820004605265,-8.630335757606908,-3.3336433430402206,-3.3227320183363345,-2.615452648428347,38,3
mp-1207978,Tm4C7,<PROJECT_ROOT>/external_datasets/functional_protocol_round4_widechem_boost/meta_gga_r2scan/cif/mp-1207978.cif,train,-0.4985772790909095,-7.811260570179332,-0.3543297704808985,-0.356213023317629,-0.4782867325955169,22,2
mp-28020,AlCuCl4,<PROJECT_ROOT>/external_datasets/functional_protocol_round4_widechem_boost/meta_gga_r2scan/cif/mp-28020.cif,train,-1.3191863566666662,-3.697638193766276,-1.312145893232108,-1.3117289183071683,-1.2847003246046973,12,3
mp-752676,TiBi2O5,<PROJECT_ROOT>/external_datasets/functional_protocol_round4_widechem_boost/meta_gga_r2scan/cif/mp-752676.cif,train,-2.0845695619270828,-6.986138343811035,-2.3024981485455296,-2.301514871503352,-2.237778195553472,16,3
mp-22529,SrInAu,<PROJECT_ROOT>/external_datasets/functional_protocol_round4_widechem_boost/meta_gga_r2scan/cif/mp-22529.cif,train,-0.7377049600000021,-3.215910275777181,-0.6709158952698053,-0.6695585884381883,-0.5815770512115077,12,3
mp-1179534,Sn3(HO2)2,<PROJECT_ROOT>/external_datasets/functional_protocol_round4_widechem_boost/meta_gga_r2scan/cif/mp-1179534.cif,train,-1.261763697222223,-5.476156446668837,-1.4225988147781807,-1.4252929672319707,-1.5999297323977035,36,3
mp-1225880,CsTaSe3,<PROJECT_ROOT>/external_datasets/functional_protocol_round4_widechem_boost/meta_gga_r2scan/cif/mp-1225880.cif,train,-1.1688026419041675,-5.624342346191407,-1.1458326518998287,-1.143336632430648,-0.9815429799319872,10,3
mp-540688,SrIn2O4,<PROJECT_ROOT>/external_datasets/functional_protocol_round4_widechem_boost/meta_gga_r2scan/cif/mp-540688.cif,train,-2.245058985,-5.811896732875279,-2.320835421243193,-2.3184913300756573,-2.166545771771281,28,3
mp-1183463,Ca2ZnGa,<PROJECT_ROOT>/external_datasets/functional_protocol_round4_widechem_boost/meta_gga_r2scan/cif/mp-1183463.cif,train,-0.37069183875,-2.4303958415985107,-0.4243913367344207,-0.4273452702518652,-0.6188212178258646,4,3
mp-1205981,TbBiRh,<PROJECT_ROOT>/external_datasets/functional_protocol_round4_widechem_boost/meta_gga_r2scan/cif/mp-1205981.cif,train,-0.8362799272222219,-6.03828133477105,-0.7859402849553501,-0.7803035964465073,-0.4149296748472017,9,3
mp-981366,Zn3N,<PROJECT_ROOT>/external_datasets/functional_protocol_round4_widechem_boost/meta_gga_r2scan/cif/mp-981366.cif,train,0.7429323515624997,-2.2748804092407227,0.680827850385878,0.6657929792407904,-0.3087774307442332,4,2
mp-504712,CaV2O4,<PROJECT_ROOT>/external_datasets/functional_protocol_round4_widechem_boost/meta_gga_r2scan/cif/mp-504712.cif,train,-2.863420141785714,-7.593847547258649,-2.417968166394432,-2.4143961718880265,-2.1828570973606043,28,3
mp-13979,Ca2Nb2O7,<PROJECT_ROOT>/external_datasets/functional_protocol_round4_widechem_boost/meta_gga_r2scan/cif/mp-13979.cif,train,-3.1028878087500016,-8.206411188299006,-3.235537140840941,-3.2237458798707967,-2.4594284522703007,44,3
mp-5200,PrBRh3,<PROJECT_ROOT>/external_datasets/functional_protocol_round4_widechem_boost/meta_gga_r2scan/cif/mp-5200.cif,train,-0.7144318588333306,-7.3718208312988285,-0.7004296009441884,-0.6984004919930893,-0.5668722917648021,5,3
mp-776873,Cr2O3,<PROJECT_ROOT>/external_datasets/functional_protocol_round4_widechem_boost/meta_gga_r2scan/cif/mp-776873.cif,train,-2.3588564915000005,-7.918255615234375,-1.8782267564997528,-1.8791147232846628,-1.936673324570329,40,2
mp-1238219,HoSbO4,<PROJECT_ROOT>/external_datasets/functional_protocol_round4_widechem_boost/meta_gga_r2scan/cif/mp-1238219.cif,train,-2.6901801158333334,-7.155614217122396,-2.8176532591607337,-2.8137499545640194,-2.5607351382474675,24,3
mp-554999,ZnS,<PROJECT_ROOT>/external_datasets/functional_protocol_round4_widechem_boost/meta_gga_r2scan/cif/mp-554999.cif,train,-0.9622275199479162,-3.5024522145589194,-0.9074231525614906,-0.904814113613006,-0.7356944628256694,48,2
mp-752961,WO2F,<PROJECT_ROOT>/external_datasets/functional_protocol_round4_widechem_boost/meta_gga_r2scan/cif/mp-752961.cif,train,-2.3024099243750022,-6.833278656005859,-1.7256386237985335,-1.7372303486742062,-2.4886137130876698,8,3
mp-16370,Th2Ge,<PROJECT_ROOT>/external_datasets/functional_protocol_round4_widechem_boost/meta_gga_r2scan/cif/mp-16370.cif,train,-0.640883839999996,-7.06008783976237,-0.61215022146619,-0.6183142274328901,-1.0178692195675003,6,2
mp-2250,ZrNi2,<PROJECT_ROOT>/external_datasets/functional_protocol_round4_widechem_boost/meta_gga_r2scan/cif/mp-2250.cif,train,-0.392648768333333,-7.112066268920898,-0.547290353726587,-0.5445165115007766,-0.3647142019794761,6,2
mp-705872,Ni17(As3O16)2,<PROJECT_ROOT>/external_datasets/functional_protocol_round4_widechem_boost/meta_gga_r2scan/cif/mp-705872.cif,train,-1.2778379174545462,-5.40570068359375,-0.6486090530462949,-0.6704146089118073,-2.083865333878223,110,3
mp-862615,Er2NiRu,<PROJECT_ROOT>/external_datasets/functional_protocol_round4_widechem_boost/meta_gga_r2scan/cif/mp-862615.cif,train,-0.462640795416668,-6.495096206665039,-0.5696352353570706,-0.5730152877170598,-0.7921125438524621,4,3
mp-1211088,LiCaP,<PROJECT_ROOT>/external_datasets/functional_protocol_round4_widechem_boost/meta_gga_r2scan/cif/mp-1211088.cif,train,-1.1900435440476187,-4.142032941182454,-1.1312354668699198,-1.1271404073483522,-0.8616959084694016,12,3
mp-865225,TmMgAu2,<PROJECT_ROOT>/external_datasets/functional_protocol_round4_widechem_boost/meta_gga_r2scan/cif/mp-865225.cif,train,-0.8374197587500021,-3.9398152828216553,-0.8138878721625202,-0.8078626463774903,-0.4173034785000857,4,3
mp-2306,LaMg3,<PROJECT_ROOT>/external_datasets/functional_protocol_round4_widechem_boost/meta_gga_r2scan/cif/mp-2306.cif,train,-0.14766657875,-2.5644209384918213,-0.133069856552634,-0.1332185390772071,-0.1428562398284033,8,2
mp-1184025,Eu2MgIn,<PROJECT_ROOT>/external_datasets/functional_protocol_round4_widechem_boost/meta_gga_r2scan/cif/mp-1184025.cif,train,-0.3627796087499995,-6.514627456665039,-0.4378791507592376,-0.4478820734235924,-1.0962782151652042,4,3
mp-863684,Pm2GeAu,<PROJECT_ROOT>/external_datasets/functional_protocol_round4_widechem_boost/meta_gga_r2scan/cif/mp-863684.cif,train,-0.8259821062499988,-5.078969955444336,-0.763901871900627,-0.7592940091701195,-0.4606092630834854,4,3
mp-865324,LuCl3,<PROJECT_ROOT>/external_datasets/functional_protocol_round4_widechem_boost/meta_gga_r2scan/cif/mp-865324.cif,train,-2.4186204035416647,-4.703958511352539,-2.404221003027728,-2.394839274467645,-1.786709350310953,8,2
mp-1185717,Mg16Al12W,<PROJECT_ROOT>/external_datasets/functional_protocol_round4_widechem_boost/meta_gga_r2scan/cif/mp-1185717.cif,train,0.0406842641379316,-2.844652636297818,-0.0383301278241541,-0.0374638997246536,0.018685585423958,29,3
mp-542484,Sr5Cd3,<PROJECT_ROOT>/external_datasets/functional_protocol_round4_widechem_boost/meta_gga_r2scan/cif/mp-542484.cif,train,-0.2340050375000011,-1.644538402557373,-0.2193919786159632,-0.2274305614639056,-0.7484968816344307,16,2
mp-1217804,Ta11Al4,<PROJECT_ROOT>/external_datasets/functional_protocol_round4_widechem_boost/meta_gga_r2scan/cif/mp-1217804.cif,train,-0.2135969253777754,-9.868843587239583,-0.2143218912689573,-0.2175793573426085,-0.4287304883541629,30,2
mp-1185620,MgVRu2,<PROJECT_ROOT>/external_datasets/functional_protocol_round4_widechem_boost/meta_gga_r2scan/cif/mp-1185620.cif,train,-0.2022256912499997,-7.487244606018066,-0.3050631787955815,-0.2999417329516509,0.0320338142726149,4,3
mp-4195,Tm(NiGe)2,<PROJECT_ROOT>/external_datasets/functional_protocol_round4_widechem_boost/meta_gga_r2scan/cif/mp-4195.cif,train,-0.6924281520000022,-5.714711761474609,-0.7361509536642661,-0.7333296985915041,-0.5504540566000177,5,3
mp-1217468,TbHo,<PROJECT_ROOT>/external_datasets/functional_protocol_round4_widechem_boost/meta_gga_r2scan/cif/mp-1217468.cif,train,-0.0118939924999992,-4.587055206298828,-0.0670428785534253,-0.0858415104470058,-1.304381411113842,2,2
mp-754826,CsScO2,<PROJECT_ROOT>/external_datasets/functional_protocol_round4_widechem_boost/meta_gga_r2scan/cif/mp-754826.cif,train,-2.843099689375,-6.916201591491699,-2.965376733650013,-2.95187161398196,-2.076460718551911,8,3
mp-867831,DyMgRh2,<PROJECT_ROOT>/external_datasets/functional_protocol_round4_widechem_boost/meta_gga_r2scan/cif/mp-867831.cif,train,-0.7456184725000021,-5.9432549476623535,-0.7510997914939557,-0.7456116299257047,-0.3898653240199801,4,3
mp-15081,Sm2Se3,<PROJECT_ROOT>/external_datasets/functional_protocol_round4_widechem_boost/meta_gga_r2scan/cif/mp-15081.cif,train,-2.1980478374375,-5.871740341186523,-2.078797280343874,-2.0679508103797097,-1.364875368105936,20,2
mp-758371,YbAlO3,<PROJECT_ROOT>/external_datasets/functional_protocol_round4_widechem_boost/meta_gga_r2scan/cif/mp-758371.cif,train,-3.51754615225,-6.801686859130859,-3.174148591715937,-3.1591211522666027,-2.185032469774292,5,3
mp-862376,Sc2CuTc,<PROJECT_ROOT>/external_datasets/functional_protocol_round4_widechem_boost/meta_gga_r2scan/cif/mp-862376.cif,train,-0.2259581174999994,-7.037877082824707,-0.2425989720297341,-0.2454877945724174,-0.4327432051856453,4,3
mp-13093,La3Ni2Sn7,<PROJECT_ROOT>/external_datasets/functional_protocol_round4_widechem_boost/meta_gga_r2scan/cif/mp-13093.cif,train,-0.6647188854166615,-5.171652158101399,-0.6576759546615714,-0.6560520602524695,-0.5507901378338466,12,3
mp-559955,Pr6Si4S17,<PROJECT_ROOT>/external_datasets/functional_protocol_round4_widechem_boost/meta_gga_r2scan/cif/mp-559955.cif,train,-1.693619715474538,-5.934477629484953,-1.588766027134394,-1.5835971097365045,-1.248544424613487,54,3
mp-1064427,GdBr,<PROJECT_ROOT>/external_datasets/functional_protocol_round4_widechem_boost/meta_gga_r2scan/cif/mp-1064427.cif,train,-1.4087171837499994,-9.079632759094238,-1.2905934852944476,-1.2922913363011477,-1.4023471748722498,4,2
mp-13863,BaGeO3,<PROJECT_ROOT>/external_datasets/functional_protocol_round4_widechem_boost/meta_gga_r2scan/cif/mp-13863.cif,train,-2.461986188750001,-6.554017639160156,-2.6500542172762485,-2.645968714370759,-2.38114368174049,20,3
mp-1232170,Gd2MgS4,<PROJECT_ROOT>/external_datasets/functional_protocol_round4_widechem_boost/meta_gga_r2scan/cif/mp-1232170.cif,train,-2.1101158580357144,-8.474188668387276,-1.9336349217716415,-1.9209750165626505,-1.1003514880441758,14,3
mp-570213,LiMgBi,<PROJECT_ROOT>/external_datasets/functional_protocol_round4_widechem_boost/meta_gga_r2scan/cif/mp-570213.cif,train,-0.5230769455555541,-2.869828542073568,-0.432226381971255,-0.426741497906085,-0.071207641946589,3,3
mp-1206034,Lu6MnBi2,<PROJECT_ROOT>/external_datasets/functional_protocol_round4_widechem_boost/meta_gga_r2scan/cif/mp-1206034.cif,train,-0.5038478193869701,-5.28632312350803,-0.6113783677255071,-0.6164543735768024,-0.9454844700663,9,3
mp-25207,V2O5,<PROJECT_ROOT>/external_datasets/functional_protocol_round4_widechem_boost/meta_gga_r2scan/cif/mp-25207.cif,train,-2.3910932933928577,-7.39486331031436,-1.86615725606938,-1.8760392810014173,-2.516598750820398,21,2
mp-556212,K4U5Te2O21,<PROJECT_ROOT>/external_datasets/functional_protocol_round4_widechem_boost/meta_gga_r2scan/cif/mp-556212.cif,train,-2.783812515742192,-7.915313720703125,-3.050071488401647,-3.0455760170721997,-2.7541765568215864,32,4
mp-882825,MnInO3,<PROJECT_ROOT>/external_datasets/functional_protocol_round4_widechem_boost/meta_gga_r2scan/cif/mp-882825.cif,train,-1.9921054274798828,-6.571910603841146,-1.800050435243313,-1.8045013271548305,-2.09301111970007,30,3
mp-567525,Te2Au,<PROJECT_ROOT>/external_datasets/functional_protocol_round4_widechem_boost/meta_gga_r2scan/cif/mp-567525.cif,train,-0.0634716500000015,-3.254767417907715,-0.144896664745536,-0.1515409555246956,-0.5822283306418833,3,2
mp-10797,CaSiNi2,<PROJECT_ROOT>/external_datasets/functional_protocol_round4_widechem_boost/meta_gga_r2scan/cif/mp-10797.cif,train,-0.5416145049999983,-5.28664493560791,-0.6271231899487786,-0.6251852879214868,-0.4995691815362492,8,3
mp-3910,Ce(Al10Cr)2,<PROJECT_ROOT>/external_datasets/functional_protocol_round4_widechem_boost/meta_gga_r2scan/cif/mp-3910.cif,train,-0.170987423478261,-4.529467043669327,-0.2950129840641562,-0.2976618185713979,-0.4693610441113288,46,3
mp-1184354,Gd2IrAu,<PROJECT_ROOT>/external_datasets/functional_protocol_round4_widechem_boost/meta_gga_r2scan/cif/mp-1184354.cif,train,-0.8191862800000038,-10.849827766418455,-0.7292271669193493,-0.7302421593353463,-0.7960346470415625,4,3
mp-10191,Lu2MgSe4,<PROJECT_ROOT>/external_datasets/functional_protocol_round4_widechem_boost/meta_gga_r2scan/cif/mp-10191.cif,train,-1.9649622827976183,-5.195068359375,-1.8584433727014344,-1.8474370886783296,-1.1340023921454376,14,3
mp-20905,OsS2,<PROJECT_ROOT>/external_datasets/functional_protocol_round4_widechem_boost/meta_gga_r2scan/cif/mp-20905.cif,train,-0.4840884810416715,-6.853315989176433,-0.4746673072780831,-0.4780141759216061,-0.6949604413474854,12,2
mp-1186775,SrYb,<PROJECT_ROOT>/external_datasets/functional_protocol_round4_widechem_boost/meta_gga_r2scan/cif/mp-1186775.cif,train,0.3152963874999983,-1.4770190715789795,0.0528986884876925,0.0392772379978323,-0.8436742991573871,2,2
mp-2843,SnF2,<PROJECT_ROOT>/external_datasets/functional_protocol_round4_widechem_boost/meta_gga_r2scan/cif/mp-2843.cif,train,-2.3759566954166687,-4.849477767944336,-2.5481852425993714,-2.5484678032856403,-2.566783576078861,24,2
mp-20545,Cu3AsS4,<PROJECT_ROOT>/external_datasets/functional_protocol_round4_widechem_boost/meta_gga_r2scan/cif/mp-20545.cif,train,-0.26039287171875,-4.370258331298828,-0.2899239520003842,-0.2962914257373503,-0.7090353349148814,8,3
mp-5920,LiAlGe,<PROJECT_ROOT>/external_datasets/functional_protocol_round4_widechem_boost/meta_gga_r2scan/cif/mp-5920.cif,train,-0.3718133055555555,-3.714333216349284,-0.3271785035222914,-0.3304848911356499,-0.5448071490972366,3,3
mp-983555,Er2PdAu,<PROJECT_ROOT>/external_datasets/functional_protocol_round4_widechem_boost/meta_gga_r2scan/cif/mp-983555.cif,train,-0.9481179916666632,-5.289500236511231,-0.9829043829160052,-0.9829144882127236,-0.9835695203089516,4,3
mp-1184085,Er2AgPt,<PROJECT_ROOT>/external_datasets/functional_protocol_round4_widechem_boost/meta_gga_r2scan/cif/mp-1184085.cif,train,-0.8800429104166625,-5.316566467285156,-0.9231969671787336,-0.9237025423506128,-0.9564742633560684,4,3
mp-1009018,InAg,<PROJECT_ROOT>/external_datasets/functional_protocol_round4_widechem_boost/meta_gga_r2scan/cif/mp-1009018.cif,train,0.0546094075000027,-2.739939451217652,0.0310851623999939,0.0311875141099369,0.0378220204489326,2,2
mp-1103576,HoGaCo,<PROJECT_ROOT>/external_datasets/functional_protocol_round4_widechem_boost/meta_gga_r2scan/cif/mp-1103576.cif,train,-0.4614595291666674,-5.406834284464519,-0.5230630127621962,-0.5247582191965678,-0.6346426348198289,12,3
mp-29458,Rb3Mo2Cl9,<PROJECT_ROOT>/external_datasets/functional_protocol_round4_widechem_boost/meta_gga_r2scan/cif/mp-29458.cif,train,-1.6190151850892858,-4.325683321271624,-1.600275842564738,-1.5947122535883258,-1.2340766926041478,28,3
mp-11108,SrP3,<PROJECT_ROOT>/external_datasets/functional_protocol_round4_widechem_boost/meta_gga_r2scan/cif/mp-11108.cif,train,-0.7499269859821442,-5.1168365478515625,-0.6497675840139827,-0.6546458381741287,-0.970857537692872,8,2
mp-1147618,K6ZnS4,<PROJECT_ROOT>/external_datasets/functional_protocol_round4_widechem_boost/meta_gga_r2scan/cif/mp-1147618.cif,train,-1.2667014785227273,-3.289434953169389,-1.1813685935957734,-1.1786492679499316,-1.0023807596284615,22,3
mp-1178450,Cs6Ge2O7,<PROJECT_ROOT>/external_datasets/functional_protocol_round4_widechem_boost/meta_gga_r2scan/cif/mp-1178450.cif,train,-1.8279363824166657,-4.912303670247396,-1.9265711186929253,-1.924706887612654,-1.8038661813191732,30,3
mp-2078,TiCu,<PROJECT_ROOT>/external_datasets/functional_protocol_round4_widechem_boost/meta_gga_r2scan/cif/mp-2078.cif,train,-0.1385102308333348,-6.134868144989014,-0.1249971516901178,-0.1313598343239164,-0.5437931809875076,4,2
mp-867919,ErNbRu2,<PROJECT_ROOT>/external_datasets/functional_protocol_round4_widechem_boost/meta_gga_r2scan/cif/mp-867919.cif,train,-0.4107065608333329,-8.658612251281738,-0.3516508918576946,-0.3544617683293998,-0.536664662454873,4,3
mp-505346,Eu3(BO3)2,<PROJECT_ROOT>/external_datasets/functional_protocol_round4_widechem_boost/meta_gga_r2scan/cif/mp-505346.cif,train,-3.0647502811363627,-9.521461486816406,-3.2037657606340924,-3.1937467787518186,-2.5443096677573003,22,3
mp-1191929,ErB4Os,<PROJECT_ROOT>/external_datasets/functional_protocol_round4_widechem_boost/meta_gga_r2scan/cif/mp-1191929.cif,train,-0.6574023163888896,-7.675982157389323,-0.6127477267456252,-0.6113098919384532,-0.5181084774404312,24,3
mp-646399,Gd(NiGe)2,<PROJECT_ROOT>/external_datasets/functional_protocol_round4_widechem_boost/meta_gga_r2scan/cif/mp-646399.cif,train,-0.6963449940000004,-7.663861846923828,-0.7155265728923581,-0.7117223730177402,-0.4651315911160365,5,3
mp-1183799,DyHoZn2,<PROJECT_ROOT>/external_datasets/functional_protocol_round4_widechem_boost/meta_gga_r2scan/cif/mp-1183799.cif,train,-0.3841247600000024,-3.2734341621398926,-0.4060197643047667,-0.4102593364609088,-0.6850712410326207,4,3
mp-1219778,Rb2TaF7,<PROJECT_ROOT>/external_datasets/functional_protocol_round4_widechem_boost/meta_gga_r2scan/cif/mp-1219778.cif,train,-3.4191499034833326,-5.89117202758789,-3.5429372359526186,-3.5322615104879675,-2.8402538409464944,20,3
mp-541911,HfNCl,<PROJECT_ROOT>/external_datasets/functional_protocol_round4_widechem_boost/meta_gga_r2scan/cif/mp-541911.cif,train,-2.1508616570833325,-8.57843017578125,-2.03527449046266,-2.026237318168572,-1.4404417617741634,6,3
mp-754903,Y(BO2)3,<PROJECT_ROOT>/external_datasets/functional_protocol_round4_widechem_boost/meta_gga_r2scan/cif/mp-754903.cif,train,-2.9795416265,-8.360325622558594,-3.102368370414225,-3.090304161458365,-2.3082940627488244,20,3
mp-768372,SbBrO,<PROJECT_ROOT>/external_datasets/functional_protocol_round4_widechem_boost/meta_gga_r2scan/cif/mp-768372.cif,train,-1.143773758194445,-4.610472361246745,-1.324353235244729,-1.3314002158330798,-1.788190213889473,36,3
mp-642,BaCu13,<PROJECT_ROOT>/external_datasets/functional_protocol_round4_widechem_boost/meta_gga_r2scan/cif/mp-642.cif,train,0.0015007321428563,-3.950913837977818,0.005663374696613,0.0090191868783024,0.2265451784334734,28,2
mp-1187591,Ti3N2,<PROJECT_ROOT>/external_datasets/functional_protocol_round4_widechem_boost/meta_gga_r2scan/cif/mp-1187591.cif,train,-1.6183914215000017,-9.52895965576172,-1.5528553479602871,-1.5495144740519171,-1.332956791370899,10,2
mp-541995,LaSiO3F,<PROJECT_ROOT>/external_datasets/functional_protocol_round4_widechem_boost/meta_gga_r2scan/cif/mp-541995.cif,train,-3.6621635543750006,-7.873406304253472,-3.74237817821532,-3.7263676059674458,-2.6885515974945244,36,4
mp-20290,TbCuPb,<PROJECT_ROOT>/external_datasets/functional_protocol_round4_widechem_boost/meta_gga_r2scan/cif/mp-20290.cif,train,-0.5173188216666679,-4.540706316630046,-0.4118736403885394,-0.4078202303041234,-0.1450754758135131,6,3
mp-28855,Cd4OF6,<PROJECT_ROOT>/external_datasets/functional_protocol_round4_widechem_boost/meta_gga_r2scan/cif/mp-28855.cif,train,-2.239388425795454,-3.797751686789773,-2.286060268384725,-2.2863186173209566,-2.303064968272225,22,3
mp-4396,Ba(NO3)2,<PROJECT_ROOT>/external_datasets/functional_protocol_round4_widechem_boost/meta_gga_r2scan/cif/mp-4396.cif,train,-1.153307661666665,-6.48390875922309,-1.5840117351807956,-1.600160832602204,-2.6469561355343245,36,3
mp-1184415,Gd2AgRu,<PROJECT_ROOT>/external_datasets/functional_protocol_round4_widechem_boost/meta_gga_r2scan/cif/mp-1184415.cif,train,-0.2686155775000003,-10.37127685546875,-0.2362914149220643,-0.2395210998499077,-0.4488714383964337,4,3
mp-9325,Sr3MnN3,<PROJECT_ROOT>/external_datasets/functional_protocol_round4_widechem_boost/meta_gga_r2scan/cif/mp-9325.cif,train,-0.8934885908189675,-6.343430655343192,-0.978276359763818,-0.9796471064553788,-1.068499824399379,14,3
mp-1101803,NdGaPd,<PROJECT_ROOT>/external_datasets/functional_protocol_round4_widechem_boost/meta_gga_r2scan/cif/mp-1101803.cif,train,-0.8935733275000027,-5.168490409851074,-0.8793781366440054,-0.8757305999461922,-0.6392948300138588,12,3
mp-2280,CuSe2,<PROJECT_ROOT>/external_datasets/functional_protocol_round4_widechem_boost/meta_gga_r2scan/cif/mp-2280.cif,train,-0.1273585777083331,-3.761878331502279,-0.2201621325348033,-0.2287206241881989,-0.7834877810874044,12,2
mp-558546,KSO3,<PROJECT_ROOT>/external_datasets/functional_protocol_round4_widechem_boost/meta_gga_r2scan/cif/mp-558546.cif,train,-1.7875354222291662,-5.673085530598958,-2.066865467066939,-2.0730537808378093,-2.474184421106875,30,3
mp-28371,K2Zn3O4,<PROJECT_ROOT>/external_datasets/functional_protocol_round4_widechem_boost/meta_gga_r2scan/cif/mp-28371.cif,train,-1.5944511230555554,-4.260773128933376,-1.6841102077031431,-1.6841708755819624,-1.688103408090158,18,3
mp-1227958,BaGeAu3,<PROJECT_ROOT>/external_datasets/functional_protocol_round4_widechem_boost/meta_gga_r2scan/cif/mp-1227958.cif,train,-0.5449068850000003,-3.779925537109375,-0.5274963731198374,-0.5272352645396383,-0.5103100316198613,5,3
mp-1094961,Mg3Al,<PROJECT_ROOT>/external_datasets/functional_protocol_round4_widechem_boost/meta_gga_r2scan/cif/mp-1094961.cif,train,0.0314960637499996,-2.1155781745910645,0.0502941538732986,0.0516942213428341,0.1424475317389095,4,2
mp-13069,Er(AlGe)2,<PROJECT_ROOT>/external_datasets/functional_protocol_round4_widechem_boost/meta_gga_r2scan/cif/mp-13069.cif,train,-0.4592821666666651,-4.64900016784668,-0.411820707489225,-0.4160726277788349,-0.6916849466270649,5,3
mp-864786,Yb2PdPt,<PROJECT_ROOT>/external_datasets/functional_protocol_round4_widechem_boost/meta_gga_r2scan/cif/mp-864786.cif,train,-1.2305554850000036,-4.592589378356934,-1.1444932237860694,-1.1361293688952,-0.5939786972073017,4,3
mp-1215186,ZrTiCo4,<PROJECT_ROOT>/external_datasets/functional_protocol_round4_widechem_boost/meta_gga_r2scan/cif/mp-1215186.cif,train,-0.2186761086111133,-7.780791600545247,-0.3071739355117202,-0.3067254352894446,-0.2776533507144483,6,3
mp-28583,Si2NCl5,<PROJECT_ROOT>/external_datasets/functional_protocol_round4_widechem_boost/meta_gga_r2scan/cif/mp-28583.cif,train,-1.3304720842187514,-4.748893737792969,-1.3462544406549657,-1.348976485064986,-1.5254212255001474,32,3
mp-557552,Sr2CuF6,<PROJECT_ROOT>/external_datasets/functional_protocol_round4_widechem_boost/meta_gga_r2scan/cif/mp-557552.cif,train,-3.42283717888889,-5.225788116455078,-3.4466712529393364,-3.435802227517045,-2.731264725351981,18,3
mp-1224115,Ho2P7Rh12,<PROJECT_ROOT>/external_datasets/functional_protocol_round4_widechem_boost/meta_gga_r2scan/cif/mp-1224115.cif,train,-1.0055202726587302,-7.365522112165179,-0.9530018696230788,-0.9489302071140796,-0.6850023182458094,21,3
mp-5459,Nd2TeO2,<PROJECT_ROOT>/external_datasets/functional_protocol_round4_widechem_boost/meta_gga_r2scan/cif/mp-5459.cif,train,-3.2036916925000014,-7.398001098632813,-3.182298188977379,-3.162412650389377,-1.8734187303574577,5,3
mp-977244,NaTi5Se8,<PROJECT_ROOT>/external_datasets/functional_protocol_round4_widechem_boost/meta_gga_r2scan/cif/mp-977244.cif,train,-1.348549883988095,-6.07380131312779,-1.313899229947686,-1.3142412212866583,-1.3364093287628112,14,3
mp-1187643,YbEuMg2,<PROJECT_ROOT>/external_datasets/functional_protocol_round4_widechem_boost/meta_gga_r2scan/cif/mp-1187643.cif,train,-0.0267423849999985,-3.7973828315734863,-0.1370342982078756,-0.1424916196788945,-0.4962388498414316,4,3
mp-2616,NpO2,<PROJECT_ROOT>/external_datasets/functional_protocol_round4_widechem_boost/meta_gga_r2scan/cif/mp-2616.cif,train,-3.761992995416667,-10.74441401163737,-3.8708577272094056,-3.8599017804808726,-3.149729981069716,3,2
mp-862715,Al2PdRu,<PROJECT_ROOT>/external_datasets/functional_protocol_round4_widechem_boost/meta_gga_r2scan/cif/mp-862715.cif,train,-0.8579669187500016,-6.288878440856934,-0.8020842328520912,-0.7949116515526624,-0.3299801313437659,4,3
mp-1206580,GdSnGe,<PROJECT_ROOT>/external_datasets/functional_protocol_round4_widechem_boost/meta_gga_r2scan/cif/mp-1206580.cif,train,-0.6518303416666669,-8.191802978515625,-0.5506076542552947,-0.5515523305545633,-0.6127868805152856,6,3
mp-27420,NaBiF6,<PROJECT_ROOT>/external_datasets/functional_protocol_round4_widechem_boost/meta_gga_r2scan/cif/mp-27420.cif,train,-2.2902716668750003,-4.198989391326904,-2.508858401791379,-2.5144110221771765,-2.874335591776825,8,3
mp-541715,Ba3GaP3,<PROJECT_ROOT>/external_datasets/functional_protocol_round4_widechem_boost/meta_gga_r2scan/cif/mp-541715.cif,train,-1.0996048519897974,-4.519962583269392,-1.0119439314845176,-1.0120576054913686,-1.0194260306925678,28,3
mp-1226091,Cr8Cu3NiS16,<PROJECT_ROOT>/external_datasets/functional_protocol_round4_widechem_boost/meta_gga_r2scan/cif/mp-1226091.cif,train,-0.872714420892856,-6.385724203927176,-1.0388091674354287,-1.0343283360026687,-0.7438778436533697,28,4
mp-619510,CsHg2Br5,<PROJECT_ROOT>/external_datasets/functional_protocol_round4_widechem_boost/meta_gga_r2scan/cif/mp-619510.cif,train,-0.9486671184375056,-2.029099702835083,-0.9662825465702544,-0.9676064234299364,-1.0534210075029398,16,3
mp-1078261,Ho2Ni2Sn,<PROJECT_ROOT>/external_datasets/functional_protocol_round4_widechem_boost/meta_gga_r2scan/cif/mp-1078261.cif,train,-0.6063907430000001,-5.545602416992187,-0.6774234663250658,-0.678467903276256,-0.7461690054606179,10,3
mp-1078358,LiOsO3,<PROJECT_ROOT>/external_datasets/functional_protocol_round4_widechem_boost/meta_gga_r2scan/cif/mp-1078358.cif,train,-1.5030962525833331,-6.925611877441407,-1.7132233884136268,-1.7173646762190895,-1.9858057234031097,10,3
mp-28171,K3IO,<PROJECT_ROOT>/external_datasets/functional_protocol_round4_widechem_boost/meta_gga_r2scan/cif/mp-28171.cif,train,-1.4208011074999989,-3.2004554748535154,-1.441584558334796,-1.440922180882124,-1.3979864310919388,5,3
mp-777459,Li3FeF6,<PROJECT_ROOT>/external_datasets/functional_protocol_round4_widechem_boost/meta_gga_r2scan/cif/mp-777459.cif,train,-2.9428110985000004,-5.019950103759766,-2.7953333893320327,-2.7897097768939814,-2.425183454957769,20,3
mp-1212232,Ho4Ga12Pd,<PROJECT_ROOT>/external_datasets/functional_protocol_round4_widechem_boost/meta_gga_r2scan/cif/mp-1212232.cif,train,-0.6433498017647072,-4.103817210477941,-0.6077821645636563,-0.6094566437911384,-0.7179975079916224,17,3
mp-23675,H4BrN,<PROJECT_ROOT>/external_datasets/functional_protocol_round4_widechem_boost/meta_gga_r2scan/cif/mp-23675.cif,train,-0.5850794660416673,-4.462790171305339,-0.6028394953120229,-0.6024726273262235,-0.5786919989553375,12,3
mp-19815,Eu2VO4,<PROJECT_ROOT>/external_datasets/functional_protocol_round4_widechem_boost/meta_gga_r2scan/cif/mp-19815.cif,train,-3.132637903571429,-9.473687308175224,-2.919019611877335,-2.9144061089435533,-2.615355761105241,7,3
mp-1104054,Y(Ni2P)2,<PROJECT_ROOT>/external_datasets/functional_protocol_round4_widechem_boost/meta_gga_r2scan/cif/mp-1104054.cif,train,-0.8472596901360541,-6.595378330775669,-0.9331573340918052,-0.9264063747984156,-0.4888046751980219,14,3
mp-1716,Rh2O3,<PROJECT_ROOT>/external_datasets/functional_protocol_round4_widechem_boost/meta_gga_r2scan/cif/mp-1716.cif,train,-0.911465787749998,-6.551799774169922,-1.009335636912418,-1.0270747824535773,-2.176938068676443,20,2
mp-554229,CsAs3O8,<PROJECT_ROOT>/external_datasets/functional_protocol_round4_widechem_boost/meta_gga_r2scan/cif/mp-554229.cif,train,-1.4652256193749988,-5.829433441162109,-1.737574320394521,-1.7491207811838976,-2.4975700972296893,24,3
mp-12082,Er(CrSi)2,<PROJECT_ROOT>/external_datasets/functional_protocol_round4_widechem_boost/meta_gga_r2scan/cif/mp-12082.cif,train,-0.419872512666663,-7.315653991699219,-0.7990898426337685,-0.7952336817172565,-0.5452747503029571,5,3
mp-11977,LiSnAu,<PROJECT_ROOT>/external_datasets/functional_protocol_round4_widechem_boost/meta_gga_r2scan/cif/mp-11977.cif,train,-0.4456761888888867,-3.489438056945801,-0.452632955383093,-0.451632451454631,-0.386779117209265,6,3
mp-17864,BaNa(B3O5)3,<PROJECT_ROOT>/external_datasets/functional_protocol_round4_widechem_boost/meta_gga_r2scan/cif/mp-17864.cif,train,-2.7004682355288474,-7.822436992938702,-2.883506456899126,-2.873375150089021,-2.216657062097082,52,4
mp-1193638,Nb4FeSe8,<PROJECT_ROOT>/external_datasets/functional_protocol_round4_widechem_boost/meta_gga_r2scan/cif/mp-1193638.cif,train,-0.9341795078846163,-6.691234295184795,-0.8922016845358538,-0.8946460123877902,-1.053088979660978,26,3
mp-29985,LiNb6Cl19,<PROJECT_ROOT>/external_datasets/functional_protocol_round4_widechem_boost/meta_gga_r2scan/cif/mp-29985.cif,train,-1.5077399807371792,-5.083225543682392,-1.4759428237797558,-1.4777997353824954,-1.5981659882439416,52,3
mp-568055,Nd(PRu)2,<PROJECT_ROOT>/external_datasets/functional_protocol_round4_widechem_boost/meta_gga_r2scan/cif/mp-568055.cif,train,-1.104269782690477,-7.832258605957032,-1.02054921729028,-1.0125857163797356,-0.4963862576395907,5,3
mp-1196961,Si,<PROJECT_ROOT>/external_datasets/functional_protocol_round4_widechem_boost/meta_gga_r2scan/cif/mp-1196961.cif,train,0.1104590064999996,-5.346948623657227,0.1783481608441999,0.1641467509784338,-0.7563981410714316,40,1
mp-1101752,PrAsS,<PROJECT_ROOT>/external_datasets/functional_protocol_round4_widechem_boost/meta_gga_r2scan/cif/mp-1101752.cif,train,-1.7956634814930557,-6.084339777628581,-1.7113085744579486,-1.7023297365572967,-1.1203154545870064,12,3
mp-1025346,GaAsPd5,<PROJECT_ROOT>/external_datasets/functional_protocol_round4_widechem_boost/meta_gga_r2scan/cif/mp-1025346.cif,train,-0.5027677889285737,-5.283745356968471,-0.5120414439979735,-0.5129851592815715,-0.5741574155636949,7,3
mp-22023,Pb3SO6,<PROJECT_ROOT>/external_datasets/functional_protocol_round4_widechem_boost/meta_gga_r2scan/cif/mp-22023.cif,train,-1.4789474660312494,-5.826145935058594,-1.6982608754483373,-1.7043509790014235,-2.099115567224391,20,3
mp-1525632,F2,<PROJECT_ROOT>/external_datasets/functional_protocol_round4_widechem_boost/meta_gga_r2scan/cif/mp-1525632.cif,train,0.0,-1.8372772932052608,-0.4255518332175625,-0.4758254449642933,-3.734594604914543,4,1
mp-22012,Tb(MnGe)6,<PROJECT_ROOT>/external_datasets/functional_protocol_round4_widechem_boost/meta_gga_r2scan/cif/mp-22012.cif,train,-0.3429703682228102,-7.02893301156851,-0.7680022393364787,-0.762050884548751,-0.3762800841569965,13,3
mp-542382,ThTl,<PROJECT_ROOT>/external_datasets/functional_protocol_round4_widechem_boost/meta_gga_r2scan/cif/mp-542382.cif,train,-0.2587968891666605,-5.039786020914714,-0.1843643126164957,-0.1878280112928951,-0.4123472776397893,24,2
mp-1106155,Ca2MnReO6,<PROJECT_ROOT>/external_datasets/functional_protocol_round4_widechem_boost/meta_gga_r2scan/cif/mp-1106155.cif,train,-2.4990514064482765,-7.587623596191406,-2.53223998983686,-2.526889484951055,-2.180066177330372,40,4
mp-1831,SrAu5,<PROJECT_ROOT>/external_datasets/functional_protocol_round4_widechem_boost/meta_gga_r2scan/cif/mp-1831.cif,train,-0.4843396300000033,-3.4533475240071616,-0.4462528855307175,-0.4456130791548762,-0.4041404016707187,6,2
mp-1183710,Co,<PROJECT_ROOT>/external_datasets/functional_protocol_round4_widechem_boost/meta_gga_r2scan/cif/mp-1183710.cif,train,0.0106160199999987,-7.097220420837402,0.0229375691431119,0.0250095493605932,0.1593166937681795,4,1
mp-1025521,CeSi2Ru,<PROJECT_ROOT>/external_datasets/functional_protocol_round4_widechem_boost/meta_gga_r2scan/cif/mp-1025521.cif,train,-0.8734180162500031,-7.335629940032959,-0.8318644918133611,-0.8330166167924027,-0.9076981290144734,8,3
mp-9293,EuGeAu,<PROJECT_ROOT>/external_datasets/functional_protocol_round4_widechem_boost/meta_gga_r2scan/cif/mp-9293.cif,train,-0.8215126866666699,-6.793765385945638,-0.8148280097139189,-0.8174411940045401,-0.986829548644404,6,3
mp-556620,P2W2O11,<PROJECT_ROOT>/external_datasets/functional_protocol_round4_widechem_boost/meta_gga_r2scan/cif/mp-556620.cif,train,-2.295592854146825,-7.33464609781901,-2.0494479996393578,-2.056438168632903,-2.509545601091588,30,3
mp-8966,K2Sn2Se5,<PROJECT_ROOT>/external_datasets/functional_protocol_round4_widechem_boost/meta_gga_r2scan/cif/mp-8966.cif,train,-0.8593273542013896,-3.7983105977376304,-0.8573725135857106,-0.8594432163955519,-0.9936675583852052,18,3
mp-554545,Bi2Os2O7,<PROJECT_ROOT>/external_datasets/functional_protocol_round4_widechem_boost/meta_gga_r2scan/cif/mp-554545.cif,train,-1.1409082792045473,-6.937680331143466,-1.4140988548539897,-1.4223483361272526,-1.957085233375292,22,3
mp-9900,Ag2GeS3,<PROJECT_ROOT>/external_datasets/functional_protocol_round4_widechem_boost/meta_gga_r2scan/cif/mp-9900.cif,train,-0.2844606589062503,-3.995112419128418,-0.2822724203583497,-0.2886070473413253,-0.6992218079413652,12,3
mp-1101862,NaBH4,<PROJECT_ROOT>/external_datasets/functional_protocol_round4_widechem_boost/meta_gga_r2scan/cif/mp-1101862.cif,train,-0.3854238495833335,-3.914534568786621,-0.3321540486197398,-0.3319774845723557,-0.320532484853803,12,3
mp-30218,Ti2P,<PROJECT_ROOT>/external_datasets/functional_protocol_round4_widechem_boost/meta_gga_r2scan/cif/mp-30218.cif,train,-1.128354833769843,-8.127581278483072,-1.0676183679791036,-1.070372757140822,-1.2489141060272997,9,2
mp-867850,ScMnRh2,<PROJECT_ROOT>/external_datasets/functional_protocol_round4_widechem_boost/meta_gga_r2scan/cif/mp-867850.cif,train,-0.8135678873706915,-8.173391342163086,-0.9070172564459762,-0.9014488423064052,-0.5405005110166888,4,3
mp-1104388,Y3Pd2,<PROJECT_ROOT>/external_datasets/functional_protocol_round4_widechem_boost/meta_gga_r2scan/cif/mp-1104388.cif,train,-0.7358642346666708,-6.684452819824219,-0.7705799418373802,-0.7732447048953395,-0.9459764297533804,15,2
mp-1102143,ErRe2,<PROJECT_ROOT>/external_datasets/functional_protocol_round4_widechem_boost/meta_gga_r2scan/cif/mp-1102143.cif,train,-0.3274157586111149,-10.070491154988607,-0.2536457479964777,-0.2527916496876061,-0.1974284256849406,12,2
mp-1094853,LiMg,<PROJECT_ROOT>/external_datasets/functional_protocol_round4_widechem_boost/meta_gga_r2scan/cif/mp-1094853.cif,train,-0.0088296433333332,-1.7723848819732666,-0.0684023734108194,-0.0700796318299721,-0.1788006450994126,4,2
mp-569688,Rb,<PROJECT_ROOT>/external_datasets/functional_protocol_round4_widechem_boost/meta_gga_r2scan/cif/mp-569688.cif,train,0.0479455483653842,-0.9350969608013446,-0.039473283763179,-0.0528374000964735,-0.919108364996888,26,1
mp-1185131,LaPmMg2,<PROJECT_ROOT>/external_datasets/functional_protocol_round4_widechem_boost/meta_gga_r2scan/cif/mp-1185131.cif,train,-0.1158537956249965,-3.3256752490997314,-0.1398322539411203,-0.1432895450981739,-0.3673934717530961,4,3
mp-18971,Mn(PtO2)3,<PROJECT_ROOT>/external_datasets/functional_protocol_round4_widechem_boost/meta_gga_r2scan/cif/mp-18971.cif,train,-0.960318608698276,-6.298261642456055,-1.0991521393883454,-1.1177433397023382,-2.322837386553309,10,3
mp-1215847,Yb2Al3Cu,<PROJECT_ROOT>/external_datasets/functional_protocol_round4_widechem_boost/meta_gga_r2scan/cif/mp-1215847.cif,train,-0.5223677200000006,-3.368558565775553,-0.3664248851815177,-0.3655265183103866,-0.307293776475197,6,3
mp-26965,Li2CrP2O7,<PROJECT_ROOT>/external_datasets/functional_protocol_round4_widechem_boost/meta_gga_r2scan/cif/mp-26965.cif,train,-2.45589137921131,-6.984146118164063,-2.5392893323809087,-2.5341496782454582,-2.2009938573798364,24,4
mp-505274,Na2SO4,<PROJECT_ROOT>/external_datasets/functional_protocol_round4_widechem_boost/meta_gga_r2scan/cif/mp-505274.cif,train,-1.9880364982589285,-5.594236646379743,-2.2157662142461025,-2.217518170594984,-2.3310811536577987,28,3
mp-8719,K2MnTe2,<PROJECT_ROOT>/external_datasets/functional_protocol_round4_widechem_boost/meta_gga_r2scan/cif/mp-8719.cif,train,-1.1002064433965528,-4.289870071411133,-1.0383088433731196,-1.0328913238411994,-0.6817240820087422,10,3
mp-1195189,TbP4HO12,<PROJECT_ROOT>/external_datasets/functional_protocol_round4_widechem_boost/meta_gga_r2scan/cif/mp-1195189.cif,train,-2.536680179758597,-7.263998243543837,-2.7242386422647487,-2.7206878138953554,-2.4905207425344766,72,4
mp-10708,PrRh3C,<PROJECT_ROOT>/external_datasets/functional_protocol_round4_widechem_boost/meta_gga_r2scan/cif/mp-10708.cif,train,-0.4077971123333327,-7.575544738769532,-0.392362457578205,-0.3928369465628609,-0.423593640108546,5,3
mp-980537,RbYbO3,<PROJECT_ROOT>/external_datasets/functional_protocol_round4_widechem_boost/meta_gga_r2scan/cif/mp-980537.cif,train,-2.1327498265000004,-4.652262878417969,-1.591528859274011,-1.6019809728679926,-2.279493971296204,5,3
mp-20049,LiFeP,<PROJECT_ROOT>/external_datasets/functional_protocol_round4_widechem_boost/meta_gga_r2scan/cif/mp-20049.cif,train,-0.5460545548809522,-5.907613118489583,-0.6958084500802428,-0.6919492725146403,-0.4417947998898506,6,3
mp-29355,NaTeF5,<PROJECT_ROOT>/external_datasets/functional_protocol_round4_widechem_boost/meta_gga_r2scan/cif/mp-29355.cif,train,-2.5122491057142864,-4.333029065813337,-2.7278907932616527,-2.730204048370143,-2.88015079269072,28,3
mp-1187974,ZnAg,<PROJECT_ROOT>/external_datasets/functional_protocol_round4_widechem_boost/meta_gga_r2scan/cif/mp-1187974.cif,train,-0.0101798649999995,-2.0811331272125244,-0.0182990665730544,-0.01568670483989,0.1536483310754949,2,2
mp-13545,BaIrF6,<PROJECT_ROOT>/external_datasets/functional_protocol_round4_widechem_boost/meta_gga_r2scan/cif/mp-13545.cif,train,-2.6370737443750016,-5.190293788909912,-2.7989815856710347,-2.8029646003900206,-3.061146280179841,8,3
mp-1187531,TiZn3,<PROJECT_ROOT>/external_datasets/functional_protocol_round4_widechem_boost/meta_gga_r2scan/cif/mp-1187531.cif,train,-0.211500660416668,-3.105184316635132,-0.199044788958945,-0.2016936805057811,-0.373396603390488,8,2
mp-542177,PuAl3,<PROJECT_ROOT>/external_datasets/functional_protocol_round4_widechem_boost/meta_gga_r2scan/cif/mp-542177.cif,train,-0.3949671346875003,-6.6567230224609375,-0.4823692972996358,-0.4850537483804205,-0.659061664053542,12,2
mp-1196088,Cs3CoI4NO3,<PROJECT_ROOT>/external_datasets/functional_protocol_round4_widechem_boost/meta_gga_r2scan/cif/mp-1196088.cif,train,-1.1432331020833313,-4.117790222167969,-1.0996011901542433,-1.10383835283755,-1.3784940737674969,48,5
mp-13675,CdPd3O4,<PROJECT_ROOT>/external_datasets/functional_protocol_round4_widechem_boost/meta_gga_r2scan/cif/mp-13675.cif,train,-0.7695238218750013,-5.108405113220215,-0.8705595362807177,-0.8856423131282289,-1.863318002806163,16,3
mp-10638,ZrSb,<PROJECT_ROOT>/external_datasets/functional_protocol_round4_widechem_boost/meta_gga_r2scan/cif/mp-10638.cif,train,-0.8098091699999989,-7.043146133422852,-0.7597861436932467,-0.7572977151526574,-0.5959961117253434,12,2
mp-862896,PmCdRh2,<PROJECT_ROOT>/external_datasets/functional_protocol_round4_widechem_boost/meta_gga_r2scan/cif/mp-862896.cif,train,-0.509528406874999,-5.56234884262085,-0.4951619541497916,-0.4925217193424016,-0.321379932102124,4,3
mp-31503,Mg9Sn5,<PROJECT_ROOT>/external_datasets/functional_protocol_round4_widechem_boost/meta_gga_r2scan/cif/mp-31503.cif,train,-0.206678852857144,-2.6271989004952565,-0.1126512957316228,-0.1088844769107399,0.1352832400708158,28,2
mp-1219672,Rb(Nb3Se4)2,<PROJECT_ROOT>/external_datasets/functional_protocol_round4_widechem_boost/meta_gga_r2scan/cif/mp-1219672.cif,train,-1.0592025795833326,-6.862223307291667,-0.9793091674209764,-0.9810654029427824,-1.0949057648583516,15,3
mp-745,ThMg2,<PROJECT_ROOT>/external_datasets/functional_protocol_round4_widechem_boost/meta_gga_r2scan/cif/mp-745.cif,train,0.0100707700000034,-3.52818234761556,0.014118160282758,0.0108473884752706,-0.2011662291089964,6,2
mp-17282,SrTh2Se5,<PROJECT_ROOT>/external_datasets/functional_protocol_round4_widechem_boost/meta_gga_r2scan/cif/mp-17282.cif,train,-2.139048075351564,-6.092414855957031,-2.012387118232027,-2.0018902335480746,-1.3214751431037626,32,3
mp-568664,CaAgBi,<PROJECT_ROOT>/external_datasets/functional_protocol_round4_widechem_boost/meta_gga_r2scan/cif/mp-568664.cif,train,-0.6397542166666644,-3.4676783879597983,-0.57745711931419,-0.5714400092107157,-0.1814069052424139,6,3
mp-2988,Li2GaRh,<PROJECT_ROOT>/external_datasets/functional_protocol_round4_widechem_boost/meta_gga_r2scan/cif/mp-2988.cif,train,-0.5065671233333333,-4.035497188568115,-0.5679938652745693,-0.5678579034508751,-0.5590447670484022,4,3
mp-1217780,Ta2Co3Ge,<PROJECT_ROOT>/external_datasets/functional_protocol_round4_widechem_boost/meta_gga_r2scan/cif/mp-1217780.cif,train,-0.2280275932777821,-8.607147216796875,-0.3326492741105795,-0.329766767216646,-0.1429207411820176,12,3
mp-2740875,K2CoO2,<PROJECT_ROOT>/external_datasets/functional_protocol_round4_widechem_boost/meta_gga_r2scan/cif/mp-2740875.cif,train,-1.3148836094999994,-4.629137420654297,-1.0536768631749052,-1.0628121600973586,-1.6549682205739609,20,3
mp-776152,V2O5,<PROJECT_ROOT>/external_datasets/functional_protocol_round4_widechem_boost/meta_gga_r2scan/cif/mp-776152.cif,train,-2.411709626249999,-7.419576917375837,-1.890870863130857,-1.900377419272675,-2.516598750820398,28,2
mp-972411,Tb3Yb,<PROJECT_ROOT>/external_datasets/functional_protocol_round4_widechem_boost/meta_gga_r2scan/cif/mp-972411.cif,train,0.0363021212500029,-3.750234603881836,-0.0190086694395192,-0.0314202110925929,-0.8359446476937735,4,2
mp-1208951,Sr(AuF6)2,<PROJECT_ROOT>/external_datasets/functional_protocol_round4_widechem_boost/meta_gga_r2scan/cif/mp-1208951.cif,train,-1.5416492216666673,-3.4483907063802084,-1.7695001689978491,-1.7897565643537725,-3.1027896682851592,60,3
mp-7228,ReO2,<PROJECT_ROOT>/external_datasets/functional_protocol_round4_widechem_boost/meta_gga_r2scan/cif/mp-7228.cif,train,-1.5699029758333296,-8.87590217590332,-1.79740514287983,-1.801528494395579,-2.06880689927379,12,2
mp-867324,Tb2Ni12As7,<PROJECT_ROOT>/external_datasets/functional_protocol_round4_widechem_boost/meta_gga_r2scan/cif/mp-867324.cif,train,-0.5583178136904778,-5.8286114647274925,-0.6944411509614179,-0.6908896558717048,-0.4606793672541244,21,3
mp-9798,Rb(SbSe2)2,<PROJECT_ROOT>/external_datasets/functional_protocol_round4_widechem_boost/meta_gga_r2scan/cif/mp-9798.cif,train,-0.5853796932142866,-3.808539254324777,-0.6506955196489583,-0.6559326809832768,-0.9954089837390668,14,3
mp-17113,Sm2Ru2O7,<PROJECT_ROOT>/external_datasets/functional_protocol_round4_widechem_boost/meta_gga_r2scan/cif/mp-17113.cif,train,-2.426044301477276,-7.794604908336293,-2.495143292651753,-2.493159780449816,-2.364587192018654,22,3
mp-28034,Cu2P7,<PROJECT_ROOT>/external_datasets/functional_protocol_round4_widechem_boost/meta_gga_r2scan/cif/mp-28034.cif,train,-0.1393508239814814,-5.215808868408203,-0.1102537898652507,-0.1177295323457343,-0.6023121632049786,36,2
mp-707424,Al2H12(SeO5)3,<PROJECT_ROOT>/external_datasets/functional_protocol_round4_widechem_boost/meta_gga_r2scan/cif/mp-707424.cif,train,-1.366535848076173,-5.433182716369629,-1.5742994716213152,-1.577453520200505,-1.7819010600087526,64,4
mp-865280,NbAlFe2,<PROJECT_ROOT>/external_datasets/functional_protocol_round4_widechem_boost/meta_gga_r2scan/cif/mp-865280.cif,train,-0.1968070625000013,-8.063490867614746,-0.3323942474176835,-0.3301592531149637,-0.1852854266019077,4,3
mp-504636,K2MnO4,<PROJECT_ROOT>/external_datasets/functional_protocol_round4_widechem_boost/meta_gga_r2scan/cif/mp-504636.cif,train,-1.828879895997536,-5.530945369175503,-1.5873814048956794,-1.5964667931014551,-2.1853877371606663,28,3
mp-22946,CrClO,<PROJECT_ROOT>/external_datasets/functional_protocol_round4_widechem_boost/meta_gga_r2scan/cif/mp-22946.cif,train,-1.9656093070833347,-6.379080454508464,-1.5327811126243356,-1.535163834471429,-1.689613459279803,6,3
mp-1195170,Ni5H2Se6(ClO4)4,<PROJECT_ROOT>/external_datasets/functional_protocol_round4_widechem_boost/meta_gga_r2scan/cif/mp-1195170.cif,train,-0.950610086875,-4.746202411073627,-0.7912578885754398,-0.8115516289040627,-2.1270054589594567,66,5
mp-29168,Rb3BiSe3,<PROJECT_ROOT>/external_datasets/functional_protocol_round4_widechem_boost/meta_gga_r2scan/cif/mp-29168.cif,train,-1.1156592847767846,-3.410191399710519,-1.0751894118855685,-1.0733138775439013,-0.9517404862813944,28,3
mp-580748,Re3Se4Cl,<PROJECT_ROOT>/external_datasets/functional_protocol_round4_widechem_boost/meta_gga_r2scan/cif/mp-580748.cif,train,-0.5602605907812475,-7.123936176300049,-0.59758713367368,-0.5995526117896093,-0.726956218695853,16,3
mp-677242,K2SO4,<PROJECT_ROOT>/external_datasets/functional_protocol_round4_widechem_boost/meta_gga_r2scan/cif/mp-677242.cif,train,-2.0366937964732137,-5.599059513636997,-2.254820554155809,-2.256566113358466,-2.3697144291219097,14,3
mp-1188077,Zr7Cu10,<PROJECT_ROOT>/external_datasets/functional_protocol_round4_widechem_boost/meta_gga_r2scan/cif/mp-1188077.cif,train,-0.186065317058826,-6.093886431525736,-0.1833314695046466,-0.1828521187782845,-0.151780283881329,34,2
mp-28774,KSnF3,<PROJECT_ROOT>/external_datasets/functional_protocol_round4_widechem_boost/meta_gga_r2scan/cif/mp-28774.cif,train,-2.6867468415000006,-4.67247200012207,-2.804142685139075,-2.798918015811176,-2.460251453272384,40,3
mp-569561,TeCl4,<PROJECT_ROOT>/external_datasets/functional_protocol_round4_widechem_boost/meta_gga_r2scan/cif/mp-569561.cif,train,-0.6397680984999994,-2.702747917175293,-0.8043782872468288,-0.8175816103461742,-1.673429850209332,40,2
mp-1079832,ScTe,<PROJECT_ROOT>/external_datasets/functional_protocol_round4_widechem_boost/meta_gga_r2scan/cif/mp-1079832.cif,train,-1.3133828887500023,-5.891787052154541,-1.2420350932219852,-1.2377849619581367,-0.9622886089573808,8,2
mp-1025246,Er2B4C,<PROJECT_ROOT>/external_datasets/functional_protocol_round4_widechem_boost/meta_gga_r2scan/cif/mp-1025246.cif,train,-0.6848635952380968,-7.026450565883091,-0.630135062773526,-0.6322404158221389,-0.7687108094785731,7,3
mp-1197171,KP2H5O8,<PROJECT_ROOT>/external_datasets/functional_protocol_round4_widechem_boost/meta_gga_r2scan/cif/mp-1197171.cif,train,-1.8143518984970248,-5.97187614440918,-1.990911598618244,-1.989319198733721,-1.8860987724769165,64,4
mp-7192,Sc2Sb,<PROJECT_ROOT>/external_datasets/functional_protocol_round4_widechem_boost/meta_gga_r2scan/cif/mp-7192.cif,train,-0.8804195516666672,-6.3763987223307295,-0.8302406249652465,-0.831099581400295,-0.8867777123912914,6,2
mp-15753,Ba3(LiAs)4,<PROJECT_ROOT>/external_datasets/functional_protocol_round4_widechem_boost/meta_gga_r2scan/cif/mp-15753.cif,train,-1.0833800037878776,-3.839822248979048,-1.078868557203405,-1.0769934994143986,-0.9554509986178976,11,3
mp-555476,Na3OsO5,<PROJECT_ROOT>/external_datasets/functional_protocol_round4_widechem_boost/meta_gga_r2scan/cif/mp-555476.cif,train,-1.5355729289351845,-5.8335316975911455,-1.7845082502953966,-1.7879972079488509,-2.0141537780938528,27,3
mp-1226885,Ce2CuSi3,<PROJECT_ROOT>/external_datasets/functional_protocol_round4_widechem_boost/meta_gga_r2scan/cif/mp-1226885.cif,train,-0.6727312741666674,-6.02897834777832,-0.6935095842635821,-0.6991203296297757,-1.0628125993596949,6,3
mp-1080033,SiNiPd,<PROJECT_ROOT>/external_datasets/functional_protocol_round4_widechem_boost/meta_gga_r2scan/cif/mp-1080033.cif,train,-0.6026285038888912,-6.080888960096571,-0.6406466698681896,-0.6380368181746912,-0.4688644847118828,9,3
mp-1975297,Na2O,<PROJECT_ROOT>/external_datasets/functional_protocol_round4_widechem_boost/meta_gga_r2scan/cif/mp-1975297.cif,train,-1.2925225112499998,-3.654417037963867,-1.439671622574609,-1.4421730811642917,-1.6043193010936694,6,2
mp-10464,CaF2,<PROJECT_ROOT>/external_datasets/functional_protocol_round4_widechem_boost/meta_gga_r2scan/cif/mp-10464.cif,train,-4.187612778333334,-5.798834482828776,-4.230103460786811,-4.208800396828255,-2.8279215335729075,12,2
mp-1025383,TlPPt5,<PROJECT_ROOT>/external_datasets/functional_protocol_round4_widechem_boost/meta_gga_r2scan/cif/mp-1025383.cif,train,-0.2866947254251743,-5.669400896344866,-0.3387200468952649,-0.3451937515309531,-0.764823618659819,7,3
mp-8755,KNaTe,<PROJECT_ROOT>/external_datasets/functional_protocol_round4_widechem_boost/meta_gga_r2scan/cif/mp-8755.cif,train,-1.2132642754166671,-2.8595431645711265,-1.1250817822992327,-1.119911922533423,-0.7847981524910392,12,3
mp-1186432,Pm2AlCd,<PROJECT_ROOT>/external_datasets/functional_protocol_round4_widechem_boost/meta_gga_r2scan/cif/mp-1186432.cif,train,-0.399994378749998,-3.878340482711792,-0.3767802785110259,-0.3765983268893453,-0.3648041009973295,4,3
mp-17426,Er2WO6,<PROJECT_ROOT>/external_datasets/functional_protocol_round4_widechem_boost/meta_gga_r2scan/cif/mp-17426.cif,train,-3.338283467129631,-8.10885959201389,-3.0857163662024947,-3.0773037846977056,-2.531994621284295,36,3
mp-1191072,BaGa4Se7,<PROJECT_ROOT>/external_datasets/functional_protocol_round4_widechem_boost/meta_gga_r2scan/cif/mp-1191072.cif,train,-1.023281365286458,-4.072197278340657,-1.0209266072662824,-1.021264198691461,-1.043147100810805,24,3
mp-1226644,CeAl2Cu3,<PROJECT_ROOT>/external_datasets/functional_protocol_round4_widechem_boost/meta_gga_r2scan/cif/mp-1226644.cif,train,-0.3980936016666684,-4.648127555847168,-0.4006075432854015,-0.3997767360678761,-0.3459232561953116,6,3
mp-757063,LiNi2O3,<PROJECT_ROOT>/external_datasets/functional_protocol_round4_widechem_boost/meta_gga_r2scan/cif/mp-757063.cif,train,-1.4423588042361122,-4.918715476989746,-0.5768846686449374,-0.5959130405146267,-1.8293448401925,24,3
mp-752561,SbO2F,<PROJECT_ROOT>/external_datasets/functional_protocol_round4_widechem_boost/meta_gga_r2scan/cif/mp-752561.cif,train,-1.7313593606249995,-5.491265296936035,-1.9364594305659728,-1.947912685516477,-2.6903203367067805,8,3
mp-1183727,CeMgCd2,<PROJECT_ROOT>/external_datasets/functional_protocol_round4_widechem_boost/meta_gga_r2scan/cif/mp-1183727.cif,train,-0.3332300362499971,-2.5728578567504883,-0.2717418370808713,-0.2739830789440933,-0.4192618765096853,4,3
mp-1192175,RhSe2,<PROJECT_ROOT>/external_datasets/functional_protocol_round4_widechem_boost/meta_gga_r2scan/cif/mp-1192175.cif,train,-0.5162596327083335,-5.208041826883952,-0.5981858267488152,-0.6048750208239708,-1.0384730576403054,24,2
mp-1186671,PmY3,<PROJECT_ROOT>/external_datasets/functional_protocol_round4_widechem_boost/meta_gga_r2scan/cif/mp-1186671.cif,train,0.0732382531249982,-6.009393692016602,-0.0416100117873003,-0.0569913501303833,-1.0540199957683771,4,2
mp-862698,Ac2SiAu,<PROJECT_ROOT>/external_datasets/functional_protocol_round4_widechem_boost/meta_gga_r2scan/cif/mp-862698.cif,train,-0.6415023025000011,-4.797460556030273,-0.5725713707649973,-0.572350123100426,-0.5580087014080362,4,3
mp-3808,K2UO4,<PROJECT_ROOT>/external_datasets/functional_protocol_round4_widechem_boost/meta_gga_r2scan/cif/mp-3808.cif,train,-2.8960439853571427,-7.422999245779855,-3.096470389274394,-3.087827996237208,-2.527622295488442,7,3
mp-11538,TbAlNi,<PROJECT_ROOT>/external_datasets/functional_protocol_round4_widechem_boost/meta_gga_r2scan/cif/mp-11538.cif,train,-0.6072303911111115,-5.314334021674262,-0.6911728292641488,-0.6884356274375758,-0.5110083731170487,9,3
mp-11971,HoSnRh,<PROJECT_ROOT>/external_datasets/functional_protocol_round4_widechem_boost/meta_gga_r2scan/cif/mp-11971.cif,train,-0.9710736227777722,-6.21802478366428,-0.9103568729558617,-0.9080904915691264,-0.7611821332640474,9,3
mp-23471,K2RuCl6,<PROJECT_ROOT>/external_datasets/functional_protocol_round4_widechem_boost/meta_gga_r2scan/cif/mp-23471.cif,train,-1.3843675997222218,-3.6968900892469616,-1.3579889931170457,-1.359366036606528,-1.4486269172062056,9,3
mp-996969,AgBiO2,<PROJECT_ROOT>/external_datasets/functional_protocol_round4_widechem_boost/meta_gga_r2scan/cif/mp-996969.cif,train,-0.8832943256250019,-4.94624137878418,-1.07299653392968,-1.0803619752906517,-1.5577948137634992,8,3
mp-569257,Ca3(B3Rh4)2,<PROJECT_ROOT>/external_datasets/functional_protocol_round4_widechem_boost/meta_gga_r2scan/cif/mp-569257.cif,train,-0.6930156544117648,-6.793298160328584,-0.6526946263359585,-0.6516188779363219,-0.5818881467076045,17,3
mp-10778,RbPrSe2,<PROJECT_ROOT>/external_datasets/functional_protocol_round4_widechem_boost/meta_gga_r2scan/cif/mp-10778.cif,train,-2.010185337760415,-4.909200668334961,-1.887826481620067,-1.876683838485846,-1.154410253109564,4,3
mp-9913,Fe5B2P,<PROJECT_ROOT>/external_datasets/functional_protocol_round4_widechem_boost/meta_gga_r2scan/cif/mp-9913.cif,train,-0.2909260466220242,-8.019195556640625,-0.3705100019269594,-0.3664407366144173,-0.1026682356254544,16,3
mp-31014,ZrP2S7,<PROJECT_ROOT>/external_datasets/functional_protocol_round4_widechem_boost/meta_gga_r2scan/cif/mp-31014.cif,train,-0.7416586013139878,-5.441786193847657,-0.7548690733336114,-0.7628185646428616,-1.2781099116491603,40,3
mp-31468,LiCaN,<PROJECT_ROOT>/external_datasets/functional_protocol_round4_widechem_boost/meta_gga_r2scan/cif/mp-31468.cif,train,-0.7978766309722225,-4.730932235717773,-0.8172116926278843,-0.8194261745250637,-0.9629703731853358,12,3
mp-977374,LiLuPd2,<PROJECT_ROOT>/external_datasets/functional_protocol_round4_widechem_boost/meta_gga_r2scan/cif/mp-977374.cif,train,-0.7595399033333301,-4.951490879058838,-0.8320305175219449,-0.8315771875364959,-0.802192034482936,4,3
mp-1186628,PmPrIr2,<PROJECT_ROOT>/external_datasets/functional_protocol_round4_widechem_boost/meta_gga_r2scan/cif/mp-1186628.cif,train,-0.6403562147916659,-7.35001277923584,-0.5792574669533517,-0.581841173098451,-0.7493187346158492,4,3
mp-864597,LiMgTl2,<PROJECT_ROOT>/external_datasets/functional_protocol_round4_widechem_boost/meta_gga_r2scan/cif/mp-864597.cif,train,-0.1483268854166652,-2.193896770477295,-0.1553197712571763,-0.1508502758926964,0.1388654049216555,4,3
mp-755999,Rb2Be2O3,<PROJECT_ROOT>/external_datasets/functional_protocol_round4_widechem_boost/meta_gga_r2scan/cif/mp-755999.cif,train,-2.249695036249999,-5.537413460867746,-2.3233573014564266,-2.316265110550301,-1.8565445494374813,14,3
mp-1135,NbPd3,<PROJECT_ROOT>/external_datasets/functional_protocol_round4_widechem_boost/meta_gga_r2scan/cif/mp-1135.cif,train,-0.419109102500002,-6.830153465270996,-0.3890453937490763,-0.3922284603334605,-0.598556966658772,4,2
mp-11051,NaSn,<PROJECT_ROOT>/external_datasets/functional_protocol_round4_widechem_boost/meta_gga_r2scan/cif/mp-11051.cif,train,-0.2656178106250006,-2.87978458404541,-0.2666444094276774,-0.2699030223634659,-0.4811284937469515,32,2
mp-569250,VIr,<PROJECT_ROOT>/external_datasets/functional_protocol_round4_widechem_boost/meta_gga_r2scan/cif/mp-569250.cif,train,-0.6085838975000044,-9.489690780639648,-0.8219245917487061,-0.8181770589672093,-0.5752594759662052,4,2
mp-2057,DyB2,<PROJECT_ROOT>/external_datasets/functional_protocol_round4_widechem_boost/meta_gga_r2scan/cif/mp-2057.cif,train,-0.6426561166666668,-6.551972071329753,-0.6040929190964865,-0.6062533090028825,-0.7462912286155249,3,2
mp-11107,Ac2O3,<PROJECT_ROOT>/external_datasets/functional_protocol_round4_widechem_boost/meta_gga_r2scan/cif/mp-11107.cif,train,-3.62723939425,-7.940834808349609,-3.7077931871465486,-3.6857826566005647,-2.259045335662297,5,2
mp-29159,MnHO2,<PROJECT_ROOT>/external_datasets/functional_protocol_round4_widechem_boost/meta_gga_r2scan/cif/mp-29159.cif,train,-1.734025112058189,-6.563867568969727,-1.4980889208873889,-1.5019729905849006,-1.7537409878621766,16,3
mp-1220380,Nd3NiSn7,<PROJECT_ROOT>/external_datasets/functional_protocol_round4_widechem_boost/meta_gga_r2scan/cif/mp-1220380.cif,train,-0.6127766902272718,-4.958957672119141,-0.5779608094595012,-0.5755259184993431,-0.4176946568669923,11,3
mp-977554,MgScAg2,<PROJECT_ROOT>/external_datasets/functional_protocol_round4_widechem_boost/meta_gga_r2scan/cif/mp-977554.cif,train,-0.2615386574999991,-3.6824209690094,-0.2627229203057735,-0.259399808389487,-0.0439934699211278,4,3
mp-541989,Na2CN2,<PROJECT_ROOT>/external_datasets/functional_protocol_round4_widechem_boost/meta_gga_r2scan/cif/mp-541989.cif,train,-0.607621109499999,-6.157307815551758,-0.6117110079162762,-0.6136236389774252,-0.7376016644239233,5,3
mp-759464,Li3VF6,<PROJECT_ROOT>/external_datasets/functional_protocol_round4_widechem_boost/meta_gga_r2scan/cif/mp-759464.cif,train,-3.2256405044999994,-5.366167449951172,-3.1432122043357484,-3.1333308381688925,-2.492814069952761,40,3
mp-1209241,RbAlH4,<PROJECT_ROOT>/external_datasets/functional_protocol_round4_widechem_boost/meta_gga_r2scan/cif/mp-1209241.cif,train,-0.2819540093749992,-3.2477474212646484,-0.1999948955014332,-0.2019486136110426,-0.3285899290387202,24,3
mp-644486,KAlH4,<PROJECT_ROOT>/external_datasets/functional_protocol_round4_widechem_boost/meta_gga_r2scan/cif/mp-644486.cif,train,-0.271167673125,-3.258758544921875,-0.1892693755162899,-0.1912523566933925,-0.3197905237410379,12,3
mp-1184978,Li2InHg,<PROJECT_ROOT>/external_datasets/functional_protocol_round4_widechem_boost/meta_gga_r2scan/cif/mp-1184978.cif,train,-0.3622425102083326,-2.0361568927764893,-0.4078181033185339,-0.4070056200771388,-0.3543399126059753,4,3
mp-17999,NaVF4,<PROJECT_ROOT>/external_datasets/functional_protocol_round4_widechem_boost/meta_gga_r2scan/cif/mp-17999.cif,train,-3.197186895833333,-5.573251088460286,-3.02960032621952,-3.024341213652586,-2.68344201730758,24,3
mp-27473,Sb2TeF14,<PROJECT_ROOT>/external_datasets/functional_protocol_round4_widechem_boost/meta_gga_r2scan/cif/mp-27473.cif,train,-2.368432857058824,-4.411913254681756,-2.5883530237231174,-2.5970125740292413,-3.15833042043364,68,3
mp-20040,EuBPd3,<PROJECT_ROOT>/external_datasets/functional_protocol_round4_widechem_boost/meta_gga_r2scan/cif/mp-20040.cif,train,-0.5147731075000024,-6.994469451904297,-0.5484483026036049,-0.5535849287363446,-0.8865444724413143,5,3
mp-607230,Ca3Ga3Rh2,<PROJECT_ROOT>/external_datasets/functional_protocol_round4_widechem_boost/meta_gga_r2scan/cif/mp-607230.cif,train,-0.6937190593750007,-4.36466121673584,-0.6958114726441385,-0.6950343367490666,-0.6446598679177549,32,3
mp-1003638,NaMn8O16,<PROJECT_ROOT>/external_datasets/functional_protocol_round4_widechem_boost/meta_gga_r2scan/cif/mp-1003638.cif,train,-2.076334527034481,-7.01275390625,-1.57562281370942,-1.5854975088256635,-2.225581855079194,50,3
mp-1205759,Ba2YbUO6,<PROJECT_ROOT>/external_datasets/functional_protocol_round4_widechem_boost/meta_gga_r2scan/cif/mp-1205759.cif,train,-3.6184453082500014,-7.771926116943359,-3.584260563577278,-3.5690225611858137,-2.5812850478613374,10,4
mp-1192421,B2Pb2O5,<PROJECT_ROOT>/external_datasets/functional_protocol_round4_widechem_boost/meta_gga_r2scan/cif/mp-1192421.cif,train,-2.066739545046297,-6.9578399658203125,-2.222897573780485,-2.2187508260034985,-1.9499558598127515,27,3
mp-6663,NaLiGe4O9,<PROJECT_ROOT>/external_datasets/functional_protocol_round4_widechem_boost/meta_gga_r2scan/cif/mp-6663.cif,train,-1.942793849361112,-6.167036946614584,-2.116647636217234,-2.118470134769201,-2.2366057106492163,60,4
mp-1103453,Sr2LiGe3,<PROJECT_ROOT>/external_datasets/functional_protocol_round4_widechem_boost/meta_gga_r2scan/cif/mp-1103453.cif,train,-0.6379073577777797,-3.7491884231567374,-0.5512703256919123,-0.5547770405581325,-0.7820846451217736,12,3
mp-1183199,AcTlRh2,<PROJECT_ROOT>/external_datasets/functional_protocol_round4_widechem_boost/meta_gga_r2scan/cif/mp-1183199.cif,train,-0.3455137968749966,-5.625616550445557,-0.3551874604451326,-0.3535791930046823,-0.2493302211520872,4,3
mp-1224525,Li12Cu11As12,<PROJECT_ROOT>/external_datasets/functional_protocol_round4_widechem_boost/meta_gga_r2scan/cif/mp-1224525.cif,train,-0.4418174294285726,-3.912303379603794,-0.4745878875753244,-0.4740767923039017,-0.4409472547537756,35,3
mp-862943,NaPmHg2,<PROJECT_ROOT>/external_datasets/functional_protocol_round4_widechem_boost/meta_gga_r2scan/cif/mp-862943.cif,train,-0.4396981056249984,-2.033383369445801,-0.4174314883466801,-0.4142715756898836,-0.2094439224471124,4,3
mp-2459,YbIn,<PROJECT_ROOT>/external_datasets/functional_protocol_round4_widechem_boost/meta_gga_r2scan/cif/mp-2459.cif,train,-0.5305468924999985,-2.5994744300842285,-0.5947599951516667,-0.5908651158535525,-0.3383964330325062,2,2
mp-571020,CsMgH3,<PROJECT_ROOT>/external_datasets/functional_protocol_round4_widechem_boost/meta_gga_r2scan/cif/mp-571020.cif,train,-0.3301201469166671,-2.75718027750651,-0.2130253922132023,-0.2114664622202795,-0.110415576738165,30,3
mp-971941,Zn3Ni,<PROJECT_ROOT>/external_datasets/functional_protocol_round4_widechem_boost/meta_gga_r2scan/cif/mp-971941.cif,train,-0.1601294262500001,-2.5505027770996094,-0.2148058270955402,-0.2121914022766065,-0.0427226357622521,4,2
mp-1079316,Dy(GePt)2,<PROJECT_ROOT>/external_datasets/functional_protocol_round4_widechem_boost/meta_gga_r2scan/cif/mp-1079316.cif,train,-0.9453235989999996,-6.050857162475586,-0.9251916661764756,-0.9233587714626026,-0.804549309412299,10,3
mp-1213152,Er3Ga2Ge3,<PROJECT_ROOT>/external_datasets/functional_protocol_round4_widechem_boost/meta_gga_r2scan/cif/mp-1213152.cif,train,-0.7749143556250004,-4.9086103439331055,-0.7578219694816619,-0.7597448746979358,-0.8843888777564952,16,3
mp-13448,Zn11Rh2,<PROJECT_ROOT>/external_datasets/functional_protocol_round4_widechem_boost/meta_gga_r2scan/cif/mp-13448.cif,train,-0.269332416538462,-2.447877737192007,-0.2691699465565258,-0.2662985738855274,-0.0801742756333429,26,2
mp-1227825,BaU2V2O12,<PROJECT_ROOT>/external_datasets/functional_protocol_round4_widechem_boost/meta_gga_r2scan/cif/mp-1227825.cif,train,-3.040395559411764,-8.433179069967832,-2.9855670179721425,-2.9827022923012505,-2.7970088570440925,34,4
mp-4891,HoAlO3,<PROJECT_ROOT>/external_datasets/functional_protocol_round4_widechem_boost/meta_gga_r2scan/cif/mp-4891.cif,train,-3.703068858750001,-7.971630096435547,-3.711141792338296,-3.691632975053357,-2.427058382013551,20,3
mp-28264,RbH3O2,<PROJECT_ROOT>/external_datasets/functional_protocol_round4_widechem_boost/meta_gga_r2scan/cif/mp-28264.cif,train,-1.296228893333333,-4.726133982340495,-1.418364596335338,-1.4172623019655015,-1.3458108431832263,12,3
mp-558986,CaMn6SiO12,<PROJECT_ROOT>/external_datasets/functional_protocol_round4_widechem_boost/meta_gga_r2scan/cif/mp-558986.cif,train,-2.439726508969828,-7.537030029296875,-2.1122871970015837,-2.112823934002824,-2.1476155856440577,80,4
mp-510188,HfGa,<PROJECT_ROOT>/external_datasets/functional_protocol_round4_widechem_boost/meta_gga_r2scan/cif/mp-510188.cif,train,-0.5781334012500045,-6.985972086588542,-0.518345443973395,-0.5231408792012653,-0.8339842001033753,24,2
mp-568716,SrAg,<PROJECT_ROOT>/external_datasets/functional_protocol_round4_widechem_boost/meta_gga_r2scan/cif/mp-568716.cif,train,-0.273446333999999,-2.5771373748779296,-0.2809094361261732,-0.2837435976688232,-0.4674558456759482,40,2
mp-865735,Li2YbGe,<PROJECT_ROOT>/external_datasets/functional_protocol_round4_widechem_boost/meta_gga_r2scan/cif/mp-865735.cif,train,-0.3236117495833337,-2.91257381439209,-0.5261664949023794,-0.5269469494327179,-0.5775365344276,4,3
mp-348,TmPd,<PROJECT_ROOT>/external_datasets/functional_protocol_round4_widechem_boost/meta_gga_r2scan/cif/mp-348.cif,train,-0.9830587200000024,-5.773502349853516,-1.0203903276755,-1.0206821727246913,-1.039599764136311,2,2
mp-1107,Th7Rh3,<PROJECT_ROOT>/external_datasets/functional_protocol_round4_widechem_boost/meta_gga_r2scan/cif/mp-1107.cif,train,-0.6155273784999963,-7.9809730529785154,-0.646392588249463,-0.6520948097596451,-1.021716624364255,20,2
mp-10991,YCuAs2,<PROJECT_ROOT>/external_datasets/functional_protocol_round4_widechem_boost/meta_gga_r2scan/cif/mp-10991.cif,train,-0.9308459400000012,-5.7855987548828125,-0.912173509596431,-0.9085277482953488,-0.6722070607674422,8,3
mp-1190838,RbLaF4,<PROJECT_ROOT>/external_datasets/functional_protocol_round4_widechem_boost/meta_gga_r2scan/cif/mp-1190838.cif,train,-4.000873270208333,-5.95059331258138,-4.061579071034506,-4.0440466561287645,-2.907583788051941,24,3
mp-1211715,K4CrO4,<PROJECT_ROOT>/external_datasets/functional_protocol_round4_widechem_boost/meta_gga_r2scan/cif/mp-1211715.cif,train,-1.8651287622222223,-5.077791425916884,-1.7349504868118075,-1.7367555497833678,-1.8537609396710548,18,3
mp-1227387,Ca(ErTe2)2,<PROJECT_ROOT>/external_datasets/functional_protocol_round4_widechem_boost/meta_gga_r2scan/cif/mp-1227387.cif,train,-1.7119472038095256,-4.838795253208706,-1.5833625775890772,-1.574950129057254,-1.0296495850404348,7,3
mp-1302830,V4OF11,<PROJECT_ROOT>/external_datasets/functional_protocol_round4_widechem_boost/meta_gga_r2scan/cif/mp-1302830.cif,train,-3.175280053671874,-6.1990838050842285,-2.839202237524737,-2.8398942548341117,-2.884751279973236,16,3
mp-1208691,Tb5(In2Pt)2,<PROJECT_ROOT>/external_datasets/functional_protocol_round4_widechem_boost/meta_gga_r2scan/cif/mp-1208691.cif,train,-0.9631710390909078,-5.020502957430753,-0.922133225976487,-0.9189521675776824,-0.7127538331869907,22,3
mp-558548,Na3B6NO13,<PROJECT_ROOT>/external_datasets/functional_protocol_round4_widechem_boost/meta_gga_r2scan/cif/mp-558548.cif,train,-2.240343308478262,-7.162443741508152,-2.456417535696008,-2.452422714795632,-2.1934757504267623,92,4
mp-20478,LuTiSi,<PROJECT_ROOT>/external_datasets/functional_protocol_round4_widechem_boost/meta_gga_r2scan/cif/mp-20478.cif,train,-0.7389298794444414,-6.61842664082845,-0.6931698980583851,-0.7010319252204944,-1.2106537876723644,6,3
mp-22925,AgI,<PROJECT_ROOT>/external_datasets/functional_protocol_round4_widechem_boost/meta_gga_r2scan/cif/mp-22925.cif,train,-0.3068828312500002,-2.4553699493408203,-0.3319822979883788,-0.3323612707677199,-0.356926539957887,2,2
mp-5773,BaRuO3,<PROJECT_ROOT>/external_datasets/functional_protocol_round4_widechem_boost/meta_gga_r2scan/cif/mp-5773.cif,train,-2.0199930065833334,-6.971329752604166,-2.1395639440021137,-2.1414068852903325,-2.26086757301454,15,3
mp-1247259,Ca3RhN3,<PROJECT_ROOT>/external_datasets/functional_protocol_round4_widechem_boost/meta_gga_r2scan/cif/mp-1247259.cif,train,-0.7603484701785723,-6.070962088448661,-0.7479904762602629,-0.7518051700627657,-0.9990761753939128,14,3
mp-691115,Li4Mn5O12,<PROJECT_ROOT>/external_datasets/functional_protocol_round4_widechem_boost/meta_gga_r2scan/cif/mp-691115.cif,train,-2.2140855994800224,-6.602694556826637,-1.840910111260436,-1.84463311547994,-2.0859607406778915,42,3
mp-866081,MgSc2Os,<PROJECT_ROOT>/external_datasets/functional_protocol_round4_widechem_boost/meta_gga_r2scan/cif/mp-866081.cif,train,-0.2990880237500022,-6.652148246765137,-0.2967346338205416,-0.2966952878927325,-0.2941448585186269,4,3
mp-31385,Er5Sn3,<PROJECT_ROOT>/external_datasets/functional_protocol_round4_widechem_boost/meta_gga_r2scan/cif/mp-31385.cif,train,-0.816054963333336,-5.065685272216797,-0.7919818623827357,-0.7962931759690131,-1.0757554080558545,16,2
mp-547792,KSbO3,<PROJECT_ROOT>/external_datasets/functional_protocol_round4_widechem_boost/meta_gga_r2scan/cif/mp-547792.cif,train,-1.8207019249999987,-5.644066619873047,-2.0068525390328924,-2.0105276853312075,-2.2487531280463138,10,3
mp-21689,CeGe3Pd5,<PROJECT_ROOT>/external_datasets/functional_protocol_round4_widechem_boost/meta_gga_r2scan/cif/mp-21689.cif,train,-0.7233976766666691,-5.767098320855035,-0.704384477061212,-0.7044603504589313,-0.7093785148802045,36,3
mp-1197505,CsFe2F6,<PROJECT_ROOT>/external_datasets/functional_protocol_round4_widechem_boost/meta_gga_r2scan/cif/mp-1197505.cif,train,-2.7007382869444445,-5.170873430040148,-2.2517506605484465,-2.255275852760225,-2.4837811712268483,36,3
mp-768992,Li6Bi2O7,<PROJECT_ROOT>/external_datasets/functional_protocol_round4_widechem_boost/meta_gga_r2scan/cif/mp-768992.cif,train,-1.7298313400833345,-5.171684265136719,-1.9145185146770265,-1.9131293097372597,-1.8230801157945435,30,3
mp-864639,Ta2NbOs,<PROJECT_ROOT>/external_datasets/functional_protocol_round4_widechem_boost/meta_gga_r2scan/cif/mp-864639.cif,train,-0.3535015436666739,-11.566572189331056,-0.2960060800077908,-0.2945823405301491,-0.2022945947253879,4,3
mp-aaaieizt,YV(PbO3)2,<PROJECT_ROOT>/external_datasets/functional_protocol_round4_widechem_boost/meta_gga_r2scan/cif/mp-aaaieizt.cif,train,-2.2885395172499985,-7.0153656005859375,-2.16890115582045,-2.168427945433435,-2.1377541314421373,10,4
mp-13743,K3GaO3,<PROJECT_ROOT>/external_datasets/functional_protocol_round4_widechem_boost/meta_gga_r2scan/cif/mp-13743.cif,train,-1.782969491785714,-4.622642517089844,-1.8866906601462192,-1.886411669439623,-1.868327305118401,14,3
mp-23914,CaH12(ClO3)2,<PROJECT_ROOT>/external_datasets/functional_protocol_round4_widechem_boost/meta_gga_r2scan/cif/mp-23914.cif,train,-1.290134991071428,-4.842475891113281,-1.4038170530210232,-1.4018354719933548,-1.2733880635723094,21,4
mp-1201513,K3AlF6,<PROJECT_ROOT>/external_datasets/functional_protocol_round4_widechem_boost/meta_gga_r2scan/cif/mp-1201513.cif,train,-3.426467794525,-4.99545166015625,-3.467638830656617,-3.4536263872666995,-2.545330428650697,50,3
mp-11007,CaPSe3,<PROJECT_ROOT>/external_datasets/functional_protocol_round4_widechem_boost/meta_gga_r2scan/cif/mp-11007.cif,train,-1.0519848980327395,-4.461434936523437,-1.0569662115676426,-1.0589492615624847,-1.187491889419976,20,3
mp-569952,K2CuCl3,<PROJECT_ROOT>/external_datasets/functional_protocol_round4_widechem_boost/meta_gga_r2scan/cif/mp-569952.cif,train,-1.62601347125,-3.409905115763346,-1.5731875067845065,-1.5672429692526633,-1.181914067949126,24,3
mp-10679,Ba,<PROJECT_ROOT>/external_datasets/functional_protocol_round4_widechem_boost/meta_gga_r2scan/cif/mp-10679.cif,train,0.0935434449999981,-1.902010202407837,-0.1082486738870582,-0.127300640619949,-1.362261875119963,1,1
mp-21011,Ce4As3,<PROJECT_ROOT>/external_datasets/functional_protocol_round4_widechem_boost/meta_gga_r2scan/cif/mp-21011.cif,train,-1.485694948214286,-6.554705483572824,-1.4004479096583458,-1.4044365305030206,-1.6629816031122608,14,2
mp-864912,YbGaPt,<PROJECT_ROOT>/external_datasets/functional_protocol_round4_widechem_boost/meta_gga_r2scan/cif/mp-864912.cif,train,-1.2432449400000014,-4.552099545796712,-1.1262780386838367,-1.1184868224616018,-0.6134549725230823,12,3
mp-1211999,K2HfO3,<PROJECT_ROOT>/external_datasets/functional_protocol_round4_widechem_boost/meta_gga_r2scan/cif/mp-1211999.cif,train,-2.773718497291668,-7.004858652750651,-2.833361796087005,-2.823298260069037,-2.170973120180183,24,3
mp-753721,GdOF,<PROJECT_ROOT>/external_datasets/functional_protocol_round4_widechem_boost/meta_gga_r2scan/cif/mp-753721.cif,train,-4.117219606250001,-10.776755015055338,-4.130440136697412,-4.109221293630962,-2.733801684967734,6,3
mp-1222602,Li2SiAu,<PROJECT_ROOT>/external_datasets/functional_protocol_round4_widechem_boost/meta_gga_r2scan/cif/mp-1222602.cif,train,-0.4971953995833296,-3.5887179374694824,-0.5090590245277844,-0.5103724524815494,-0.5955097314845527,4,3
mp-972046,Yb2HgBi,<PROJECT_ROOT>/external_datasets/functional_protocol_round4_widechem_boost/meta_gga_r2scan/cif/mp-972046.cif,train,-0.4724613456249997,-2.4751343727111816,-0.7417726648167813,-0.7323331894144722,-0.1204600762963714,4,3
mp-1106183,LiAlS2,<PROJECT_ROOT>/external_datasets/functional_protocol_round4_widechem_boost/meta_gga_r2scan/cif/mp-1106183.cif,train,-1.4764392643229156,-4.759100437164307,-1.4121165532467757,-1.4060372248695314,-1.0119710907579484,16,3
mp-640158,Hf6Fe16Si7,<PROJECT_ROOT>/external_datasets/functional_protocol_round4_widechem_boost/meta_gga_r2scan/cif/mp-640158.cif,train,-0.3435613877586194,-8.56396484375,-0.4962013250237156,-0.4932824145220973,-0.3040766822732861,29,3
mp-1038953,CaMg,<PROJECT_ROOT>/external_datasets/functional_protocol_round4_widechem_boost/meta_gga_r2scan/cif/mp-1038953.cif,train,-0.0202904958333339,-1.8349498112996416,-0.0712713389803143,-0.0753215032935186,-0.3378558647209909,12,2
mp-1947055,RbAgBr3,<PROJECT_ROOT>/external_datasets/functional_protocol_round4_widechem_boost/meta_gga_r2scan/cif/mp-1947055.cif,train,-1.0495022097499995,-2.627911376953125,-1.0301376628270336,-1.0316812397620687,-1.1317369297571318,5,3
mp-22968,NaClO4,<PROJECT_ROOT>/external_datasets/functional_protocol_round4_widechem_boost/meta_gga_r2scan/cif/mp-22968.cif,train,-0.6257833320833335,-4.355780919392903,-0.9939376791990586,-1.0194440485389018,-2.672783979747813,12,3
mp-1086653,Yb(BC)2,<PROJECT_ROOT>/external_datasets/functional_protocol_round4_widechem_boost/meta_gga_r2scan/cif/mp-1086653.cif,train,-0.3639300940000026,-6.91988525390625,-0.2764648894443064,-0.2763337026443242,-0.2678300864700443,10,3
mp-1079797,SmCdCu,<PROJECT_ROOT>/external_datasets/functional_protocol_round4_widechem_boost/meta_gga_r2scan/cif/mp-1079797.cif,train,-0.3052203744444423,-3.520649804009332,-0.2939546081883439,-0.2942128359257623,-0.3109513306885424,9,3
mp-1206161,TmIn5Rh,<PROJECT_ROOT>/external_datasets/functional_protocol_round4_widechem_boost/meta_gga_r2scan/cif/mp-1206161.cif,train,-0.5021842814285671,-4.02119745526995,-0.45719314230714,-0.4572195341247562,-0.4589302694080778,7,3
mp-1080026,Ce(SnPd)2,<PROJECT_ROOT>/external_datasets/functional_protocol_round4_widechem_boost/meta_gga_r2scan/cif/mp-1080026.cif,train,-0.8026625120000006,-5.576361083984375,-0.7406305397172961,-0.7408143084638894,-0.7527263216092771,10,3
mp-548479,Cs2U2O7,<PROJECT_ROOT>/external_datasets/functional_protocol_round4_widechem_boost/meta_gga_r2scan/cif/mp-548479.cif,train,-3.067727216477273,-8.19445107199929,-3.305801036278776,-3.296243833386556,-2.676739545581058,11,3
mp-1222941,LaGaNi4,<PROJECT_ROOT>/external_datasets/functional_protocol_round4_widechem_boost/meta_gga_r2scan/cif/mp-1222941.cif,train,-0.3796628258333333,-5.595480600992839,-0.5508802945358076,-0.5487644318349014,-0.4116127954827115,6,3
mp-17902,K3Na(RuO4)2,<PROJECT_ROOT>/external_datasets/functional_protocol_round4_widechem_boost/meta_gga_r2scan/cif/mp-17902.cif,train,-1.4892767308035724,-5.784477778843471,-1.6659651318103448,-1.673118991149229,-2.136836941345761,28,4
mp-25828,Mo2P3O11,<PROJECT_ROOT>/external_datasets/functional_protocol_round4_widechem_boost/meta_gga_r2scan/cif/mp-25828.cif,train,-2.213949173448661,-7.32581090927124,-2.0152022514778984,-2.019602679995887,-2.304841401597791,32,3
mp-2763542,TlAgCl3,<PROJECT_ROOT>/external_datasets/functional_protocol_round4_widechem_boost/meta_gga_r2scan/cif/mp-2763542.cif,train,-0.7694437784999991,-2.7874298095703125,-0.7671252870396486,-0.7704345437156164,-0.9849427762313988,10,3
mp-1183041,ZrZnCo2,<PROJECT_ROOT>/external_datasets/functional_protocol_round4_widechem_boost/meta_gga_r2scan/cif/mp-1183041.cif,train,-0.192383812500001,-6.27013635635376,-0.283340456795254,-0.2811903869136944,-0.1418214182176227,4,3
mp-1199352,SbXeF7,<PROJECT_ROOT>/external_datasets/functional_protocol_round4_widechem_boost/meta_gga_r2scan/cif/mp-1199352.cif,train,-1.7846549247222216,-3.596571604410807,-1.8051797794507527,-1.802488000552379,-1.628005090835945,36,3
mp-2030750,EuVO4,<PROJECT_ROOT>/external_datasets/functional_protocol_round4_widechem_boost/meta_gga_r2scan/cif/mp-2030750.cif,train,-2.9055326650000004,-8.596630732218424,-2.616469202746224,-2.617411290262946,-2.678478033605865,12,3
mp-616458,Cs2CO3,<PROJECT_ROOT>/external_datasets/functional_protocol_round4_widechem_boost/meta_gga_r2scan/cif/mp-616458.cif,train,-1.8619436822916668,-6.025789260864258,-2.031760240940476,-2.0282285561029383,-1.7993023812894058,24,3
mp-1206265,LaSiI,<PROJECT_ROOT>/external_datasets/functional_protocol_round4_widechem_boost/meta_gga_r2scan/cif/mp-1206265.cif,train,-1.2764314208333332,-5.101175944010417,-1.207658669712313,-1.206451690525074,-1.1282144918157089,6,3
mp-35152,Sr2H5Rh,<PROJECT_ROOT>/external_datasets/functional_protocol_round4_widechem_boost/meta_gga_r2scan/cif/mp-35152.cif,train,-0.6570266854687503,-4.010931015014648,-0.533096438245444,-0.5320159212054465,-0.4619760835186761,8,3
mp-20320,InTe,<PROJECT_ROOT>/external_datasets/functional_protocol_round4_widechem_boost/meta_gga_r2scan/cif/mp-20320.cif,train,-0.3846891249999977,-3.220414161682129,-0.3751861889929615,-0.3771410988256454,-0.503859662540695,8,2
mp-976590,HoTlRh2,<PROJECT_ROOT>/external_datasets/functional_protocol_round4_widechem_boost/meta_gga_r2scan/cif/mp-976590.cif,train,-0.6229068762499921,-5.970851421356201,-0.5850725165153126,-0.5838257884007261,-0.5030120376176832,4,3
mp-23517,RbPbI3,<PROJECT_ROOT>/external_datasets/functional_protocol_round4_widechem_boost/meta_gga_r2scan/cif/mp-23517.cif,train,-1.1656314007499986,-2.8588491439819337,-1.1137601957214502,-1.1085411981258586,-0.7702422810705608,20,3
mp-27527,Te2AuI,<PROJECT_ROOT>/external_datasets/functional_protocol_round4_widechem_boost/meta_gga_r2scan/cif/mp-27527.cif,train,-0.1336455381250019,-2.862931966781616,-0.1896051253848316,-0.1973097488095856,-0.6967285956611905,8,3
mp-1213419,Cu3BO5,<PROJECT_ROOT>/external_datasets/functional_protocol_round4_widechem_boost/meta_gga_r2scan/cif/mp-1213419.cif,train,-1.241231057916666,-5.885975731743707,-1.3505679409095483,-1.3575547855768235,-1.8104467329821805,36,3
mp-1219497,Sc(Fe5Si)2,<PROJECT_ROOT>/external_datasets/functional_protocol_round4_widechem_boost/meta_gga_r2scan/cif/mp-1219497.cif,train,-0.1864941757692319,-8.081309391902042,-0.2215980183228261,-0.2184990769448154,-0.0176236227993511,13,3
mp-3218,Er(SiPd)2,<PROJECT_ROOT>/external_datasets/functional_protocol_round4_widechem_boost/meta_gga_r2scan/cif/mp-3218.cif,train,-0.9571019066666652,-6.081721496582031,-0.921506466285134,-0.9201721228930752,-0.8336790911864478,5,3
mp-1223225,La2Al3Sn,<PROJECT_ROOT>/external_datasets/functional_protocol_round4_widechem_boost/meta_gga_r2scan/cif/mp-1223225.cif,train,-0.6368687233333338,-4.733261744181315,-0.5911815315441435,-0.5942213739978026,-0.7912659963137763,6,3
mp-1183089,Ac2Mg,<PROJECT_ROOT>/external_datasets/functional_protocol_round4_widechem_boost/meta_gga_r2scan/cif/mp-1183089.cif,train,-0.0535785566666694,-3.314226150512696,-0.0634807088273796,-0.0670946698267416,-0.3013540405130803,6,2
mp-24237,ScH2,<PROJECT_ROOT>/external_datasets/functional_protocol_round4_widechem_boost/meta_gga_r2scan/cif/mp-24237.cif,train,-0.738094194166667,-5.030409495035808,-0.6641960674718561,-0.661551594899322,-0.4901351128876318,3,2
mp-1217255,Ti13Sb3,<PROJECT_ROOT>/external_datasets/functional_protocol_round4_widechem_boost/meta_gga_r2scan/cif/mp-1217255.cif,train,-0.2741017022916665,-7.438657760620117,-0.2533048084680755,-0.2681131304130186,-1.2279984696220216,16,2
mp-1199041,MgH6CO6,<PROJECT_ROOT>/external_datasets/functional_protocol_round4_widechem_boost/meta_gga_r2scan/cif/mp-1199041.cif,train,-1.450115911607142,-5.728602273123605,-1.6216168503403194,-1.6192745808701092,-1.4674471062057646,56,4
mp-8062,SiC,<PROJECT_ROOT>/external_datasets/functional_protocol_round4_widechem_boost/meta_gga_r2scan/cif/mp-8062.cif,train,-0.3057778925000001,-7.528229236602783,-0.1425117829217619,-0.1451055760944228,-0.3132369854892309,2,2
mp-29087,Ba2(SnSb2)3,<PROJECT_ROOT>/external_datasets/functional_protocol_round4_widechem_boost/meta_gga_r2scan/cif/mp-29087.cif,train,-0.4855774881818216,-4.108602697199041,-0.4319259026185591,-0.432779102758916,-0.488084106876321,44,3
mp-1226626,CeAlNi4,<PROJECT_ROOT>/external_datasets/functional_protocol_round4_widechem_boost/meta_gga_r2scan/cif/mp-1226626.cif,train,-0.461772451666666,-5.960320790608724,-0.6525327387427646,-0.6505435762295537,-0.5216047308403446,6,3
mp-555344,Hf2P2O9,<PROJECT_ROOT>/external_datasets/functional_protocol_round4_widechem_boost/meta_gga_r2scan/cif/mp-555344.cif,train,-3.190041984977105,-8.702216515174278,-3.3342184520863984,-3.3237494300202157,-2.645140413106752,26,3
mp-684864,Na6Al4Fe(Si4O13)2,<PROJECT_ROOT>/external_datasets/functional_protocol_round4_widechem_boost/meta_gga_r2scan/cif/mp-684864.cif,train,-2.890463586166666,-7.113639322916667,-2.94369287419907,-2.9324277857298666,-2.2022172117911847,45,5
mp-1025219,Ti2VTe4,<PROJECT_ROOT>/external_datasets/functional_protocol_round4_widechem_boost/meta_gga_r2scan/cif/mp-1025219.cif,train,-0.8045372633333321,-5.941596439906529,-0.7432128152395743,-0.745663916036623,-0.904545910144912,7,3
mp-555407,Nd6Si4S17,<PROJECT_ROOT>/external_datasets/functional_protocol_round4_widechem_boost/meta_gga_r2scan/cif/mp-555407.cif,train,-1.6901439591782423,-5.925396389431423,-1.5833930461668455,-1.578153757591468,-1.238539565646426,54,3
mp-863264,TbI3,<PROJECT_ROOT>/external_datasets/functional_protocol_round4_widechem_boost/meta_gga_r2scan/cif/mp-863264.cif,train,-1.5654523618749998,-3.677202701568604,-1.5232277137818904,-1.5156326450886777,-1.023315209257297,8,2
mp-1186394,PaBiAu2,<PROJECT_ROOT>/external_datasets/functional_protocol_round4_widechem_boost/meta_gga_r2scan/cif/mp-1186394.cif,train,-0.2929419262500019,-5.2532501220703125,-0.2681739104361069,-0.2780072434279388,-0.9154104690938898,4,3
mp-571424,TiCl3,<PROJECT_ROOT>/external_datasets/functional_protocol_round4_widechem_boost/meta_gga_r2scan/cif/mp-571424.cif,train,-1.806875666041666,-4.9411797523498535,-1.7556634366368489,-1.7561242165457631,-1.785992278626991,16,2
mp-753304,Hg,<PROJECT_ROOT>/external_datasets/functional_protocol_round4_widechem_boost/meta_gga_r2scan/cif/mp-753304.cif,train,0.0225113724999985,-0.2732554972171783,0.0544301927101527,0.0570414139568402,0.2263025227745353,1,1
mp-1186539,PmAg3,<PROJECT_ROOT>/external_datasets/functional_protocol_round4_widechem_boost/meta_gga_r2scan/cif/mp-1186539.cif,train,-0.2041326843749971,-3.50585675239563,-0.1779009921009562,-0.1736035288301654,0.104960916539725,8,2
mp-1210888,LuB4Rh,<PROJECT_ROOT>/external_datasets/functional_protocol_round4_widechem_boost/meta_gga_r2scan/cif/mp-1210888.cif,train,-0.6916665852777774,-7.05764897664388,-0.6526860374344237,-0.6534081272422005,-0.7002144718538017,24,3
mp-752418,La2Se2O,<PROJECT_ROOT>/external_datasets/functional_protocol_round4_widechem_boost/meta_gga_r2scan/cif/mp-752418.cif,train,-2.896108177374998,-6.941706848144531,-2.854136913867369,-2.838808411972397,-1.8452046602626933,20,3
mp-22036,ZrSbPd,<PROJECT_ROOT>/external_datasets/functional_protocol_round4_widechem_boost/meta_gga_r2scan/cif/mp-22036.cif,train,-0.8035712108333352,-6.697201410929362,-0.7814927310458204,-0.7783734360454115,-0.5761786464743134,12,3
mp-1207387,Zr2Ag3F14,<PROJECT_ROOT>/external_datasets/functional_protocol_round4_widechem_boost/meta_gga_r2scan/cif/mp-1207387.cif,train,-2.707728659736842,-5.179491545024671,-2.7930727862437608,-2.7930491905692074,-2.791519703152767,19,3
mp-19360,LuCrO4,<PROJECT_ROOT>/external_datasets/functional_protocol_round4_widechem_boost/meta_gga_r2scan/cif/mp-19360.cif,train,-2.861522077777778,-7.635213216145833,-2.579367648895144,-2.577295378325396,-2.442969413089512,12,3
mp-1026500,Mg14GaB,<PROJECT_ROOT>/external_datasets/functional_protocol_round4_widechem_boost/meta_gga_r2scan/cif/mp-1026500.cif,train,0.1525436317187498,-1.86040997505188,0.185073515572623,0.1858040910614811,0.2331604832004403,16,3
mp-6440,CaTiSiO5,<PROJECT_ROOT>/external_datasets/functional_protocol_round4_widechem_boost/meta_gga_r2scan/cif/mp-6440.cif,train,-3.3257313478645845,-8.048856735229492,-3.415422039428007,-3.4014404501867856,-2.49514447813837,32,4
mp-1205775,La4B2N5,<PROJECT_ROOT>/external_datasets/functional_protocol_round4_widechem_boost/meta_gga_r2scan/cif/mp-1205775.cif,train,-1.5709976007954547,-8.143048373135654,-1.5052345741415056,-1.5008932679359042,-1.2194868941911263,11,3
mp-1228745,AsRhS,<PROJECT_ROOT>/external_datasets/functional_protocol_round4_widechem_boost/meta_gga_r2scan/cif/mp-1228745.cif,train,-0.7312312184375026,-5.9933121999104815,-0.7403826865451828,-0.7432018862271592,-0.9259442964135224,12,3
mp-18305,Rb3AsSe4,<PROJECT_ROOT>/external_datasets/functional_protocol_round4_widechem_boost/meta_gga_r2scan/cif/mp-18305.cif,train,-0.9850262606250002,-3.5106184482574463,-0.9887154217023212,-0.9909096023453792,-1.1331378601234547,32,3
mp-582751,Y5GaCo5,<PROJECT_ROOT>/external_datasets/functional_protocol_round4_widechem_boost/meta_gga_r2scan/cif/mp-582751.cif,train,-0.2042684995454558,-6.718278364701704,-0.2972793160681712,-0.3006701497378339,-0.5204662575819631,22,3
mp-1184290,EuMgCd2,<PROJECT_ROOT>/external_datasets/functional_protocol_round4_widechem_boost/meta_gga_r2scan/cif/mp-1184290.cif,train,-0.3007420300000021,-3.6981029510498047,-0.3108075792755738,-0.3124872119071993,-0.4213621232133395,4,3
mp-3822,SrCO3,<PROJECT_ROOT>/external_datasets/functional_protocol_round4_widechem_boost/meta_gga_r2scan/cif/mp-3822.cif,train,-2.43975627025,-7.430654907226563,-2.628034830585092,-2.62208986087484,-2.236732945477371,20,3
mp-1228672,B5Ir3W2,<PROJECT_ROOT>/external_datasets/functional_protocol_round4_widechem_boost/meta_gga_r2scan/cif/mp-1228672.cif,train,-0.3736357392500053,-8.945050811767578,-0.878788986347784,-0.8717078222857557,-0.4127020285875566,10,3
mp-5431,BaTeO3,<PROJECT_ROOT>/external_datasets/functional_protocol_round4_widechem_boost/meta_gga_r2scan/cif/mp-5431.cif,train,-2.097508265250002,-5.913641738891601,-2.337074734348479,-2.3385520093725214,-2.4343099651240943,10,3
mp-29374,KGaSb4,<PROJECT_ROOT>/external_datasets/functional_protocol_round4_widechem_boost/meta_gga_r2scan/cif/mp-29374.cif,train,-0.3119021381249993,-3.665925661722819,-0.2573005809200541,-0.2599597611518005,-0.4323296034778949,24,3
mp-573145,CsGa3S5,<PROJECT_ROOT>/external_datasets/functional_protocol_round4_widechem_boost/meta_gga_r2scan/cif/mp-573145.cif,train,-1.0322679862847224,-4.27816645304362,-0.987564996081356,-0.9877191920288002,-0.9977142765403176,36,3
mp-20775,CeDyS3,<PROJECT_ROOT>/external_datasets/functional_protocol_round4_widechem_boost/meta_gga_r2scan/cif/mp-20775.cif,train,-2.4042347131875004,-6.635108184814453,-2.2413742635865352,-2.230569794784511,-1.5302168959507614,20,3
mp-1518511,SrSmTiNbO6,<PROJECT_ROOT>/external_datasets/functional_protocol_round4_widechem_boost/meta_gga_r2scan/cif/mp-1518511.cif,train,-3.1275452689166654,-8.264901733398437,-3.2098753110128357,-3.1990517367061377,-2.4974604062723413,10,5
mp-27674,K5As3O10,<PROJECT_ROOT>/external_datasets/functional_protocol_round4_widechem_boost/meta_gga_r2scan/cif/mp-27674.cif,train,-1.7975444928472213,-5.453667534722222,-2.00325863723959,-2.00706406168688,-2.25373422120968,72,3
mp-975640,Pr3(CuSn)4,<PROJECT_ROOT>/external_datasets/functional_protocol_round4_widechem_boost/meta_gga_r2scan/cif/mp-975640.cif,train,-0.5735930959090932,-4.77498349276456,-0.5134822570905522,-0.5091719523351683,-0.2297751133416561,11,3
mp-33137,TcO2,<PROJECT_ROOT>/external_datasets/functional_protocol_round4_widechem_boost/meta_gga_r2scan/cif/mp-33137.cif,train,-1.6820294125000004,-8.167919794718424,-1.7588569591654348,-1.7647797018065,-2.1486958437037256,12,2
mp-2119,TbC2,<PROJECT_ROOT>/external_datasets/functional_protocol_round4_widechem_boost/meta_gga_r2scan/cif/mp-2119.cif,train,-0.3690781699999992,-7.881335576375325,-0.2089719501865641,-0.2094065070670545,-0.237574774895304,3,2
mp-1225463,Dy2As7Rh12,<PROJECT_ROOT>/external_datasets/functional_protocol_round4_widechem_boost/meta_gga_r2scan/cif/mp-1225463.cif,train,-0.7644504975000007,-6.886373610723586,-0.7790113682845021,-0.7769366626298444,-0.6424528535607142,21,3
mp-21159,DyGe3,<PROJECT_ROOT>/external_datasets/functional_protocol_round4_widechem_boost/meta_gga_r2scan/cif/mp-21159.cif,train,-0.4755188287500012,-5.069384574890137,-0.4507148939653422,-0.453512430273328,-0.6348506060609107,8,2
mp-1077063,La2Bi,<PROJECT_ROOT>/external_datasets/functional_protocol_round4_widechem_boost/meta_gga_r2scan/cif/mp-1077063.cif,train,-0.9098970450000032,-5.322339375813802,-0.8263522665582643,-0.8291527886912418,-1.0106845076513693,6,2
mp-2767160,K2MnO4,<PROJECT_ROOT>/external_datasets/functional_protocol_round4_widechem_boost/meta_gga_r2scan/cif/mp-2767160.cif,train,-1.8292010763546795,-5.531157902308872,-1.5875939380290491,-1.596676097262289,-2.1853877371606663,28,3
mp-560715,Sn5(PO5)2,<PROJECT_ROOT>/external_datasets/functional_protocol_round4_widechem_boost/meta_gga_r2scan/cif/mp-560715.cif,train,-1.8723998187324933,-6.454627093146829,-2.060508152278796,-2.0617440714151094,-2.141857176991978,34,3
mp-20920,TbIn3,<PROJECT_ROOT>/external_datasets/functional_protocol_round4_widechem_boost/meta_gga_r2scan/cif/mp-20920.cif,train,-0.5382134275000006,-3.635511875152588,-0.5100814439680676,-0.508882898340981,-0.4311923686470675,4,2
mp-7159,La3TlC,<PROJECT_ROOT>/external_datasets/functional_protocol_round4_widechem_boost/meta_gga_r2scan/cif/mp-7159.cif,train,-0.4325853069999937,-5.572451400756836,-0.3736535188337839,-0.3806705383732138,-0.835518441186811,5,3
mp-1105583,Er7CoI12,<PROJECT_ROOT>/external_datasets/functional_protocol_round4_widechem_boost/meta_gga_r2scan/cif/mp-1105583.cif,train,-1.3817557616666647,-4.063775253295899,-1.353165978401932,-1.3503839485160445,-1.1700509093887623,20,3
mp-1216673,U2CS,<PROJECT_ROOT>/external_datasets/functional_protocol_round4_widechem_boost/meta_gga_r2scan/cif/mp-1216673.cif,train,-1.0269302457031273,-9.727153778076172,-1.017001958285913,-1.026002573074714,-1.6094284475088674,4,3
mp-683,Pr2C3,<PROJECT_ROOT>/external_datasets/functional_protocol_round4_widechem_boost/meta_gga_r2scan/cif/mp-683.cif,train,-0.2836005221666653,-7.58516845703125,-0.1624167341804785,-0.1648377372628759,-0.3217687773639239,20,2
mp-568543,Na2SnSe3,<PROJECT_ROOT>/external_datasets/functional_protocol_round4_widechem_boost/meta_gga_r2scan/cif/mp-568543.cif,train,-0.930581625364584,-3.625662167867025,-0.9380895907187674,-0.9383773716110752,-0.9570315216530776,24,3
mp-22490,Sc3(NiGe)4,<PROJECT_ROOT>/external_datasets/functional_protocol_round4_widechem_boost/meta_gga_r2scan/cif/mp-22490.cif,train,-0.7604370513636369,-6.248460249467329,-0.7995490568193686,-0.7955809192234806,-0.538363584510543,11,3
mp-19399,Cr2O3,<PROJECT_ROOT>/external_datasets/functional_protocol_round4_widechem_boost/meta_gga_r2scan/cif/mp-19399.cif,train,-2.405414264250001,-7.950433349609375,-1.910404490874753,-1.9108035879059395,-1.936673324570329,10,2
mp-1113922,Rb3BiF6,<PROJECT_ROOT>/external_datasets/functional_protocol_round4_widechem_boost/meta_gga_r2scan/cif/mp-1113922.cif,train,-2.749801585875,-4.415906524658203,-2.90969999923593,-2.90350728549181,-2.502091436011886,10,3
mp-7086,RbFeSe2,<PROJECT_ROOT>/external_datasets/functional_protocol_round4_widechem_boost/meta_gga_r2scan/cif/mp-7086.cif,train,-0.8110060773437517,-4.761818885803223,-0.7909217976871004,-0.7917175875606359,-0.8433012197599945,8,3
mp-1016253,Mg7Cd,<PROJECT_ROOT>/external_datasets/functional_protocol_round4_widechem_boost/meta_gga_r2scan/cif/mp-1016253.cif,train,-0.0270202831250001,-1.5498037338256836,0.0081630893112487,0.012745418707869,0.3097750770042298,8,2
mp-4325,Zr(SO4)2,<PROJECT_ROOT>/external_datasets/functional_protocol_round4_widechem_boost/meta_gga_r2scan/cif/mp-4325.cif,train,-2.075113527329545,-6.966160167347301,-2.3134828063686257,-2.320567183404809,-2.7797812442380048,44,3
mp-23287,CuCl,<PROJECT_ROOT>/external_datasets/functional_protocol_round4_widechem_boost/meta_gga_r2scan/cif/mp-23287.cif,train,-0.4629609749999996,-3.305657148361206,-0.4366381690408216,-0.4418075414645779,-0.776889721668897,16,2
mp-15186,Er(CuO2)2,<PROJECT_ROOT>/external_datasets/functional_protocol_round4_widechem_boost/meta_gga_r2scan/cif/mp-15186.cif,train,-1.9565422897619047,-6.330543518066406,-2.038303489324093,-2.038346751821533,-2.041151055859696,14,3
mp-862292,Ce3Zn11,<PROJECT_ROOT>/external_datasets/functional_protocol_round4_widechem_boost/meta_gga_r2scan/cif/mp-862292.cif,train,-0.3215762310714284,-2.546086992536272,-0.3575563469704188,-0.3596060186838867,-0.4924671109311772,14,2
mp-20882,CeBO3,<PROJECT_ROOT>/external_datasets/functional_protocol_round4_widechem_boost/meta_gga_r2scan/cif/mp-20882.cif,train,-3.3055611927499995,-8.464792633056641,-3.3844412856649893,-3.3721192738999437,-2.5733982245599565,20,3
mp-6245,K5Nb4O12F,<PROJECT_ROOT>/external_datasets/functional_protocol_round4_widechem_boost/meta_gga_r2scan/cif/mp-6245.cif,train,-2.6739498510795467,-7.348993474786932,-2.818759570500869,-2.8114401193441223,-2.33698839668819,44,4
mp-1072580,CeSiPt,<PROJECT_ROOT>/external_datasets/functional_protocol_round4_widechem_boost/meta_gga_r2scan/cif/mp-1072580.cif,train,-1.2132664899999952,-6.91091791788737,-1.2131369335677693,-1.2148205909147665,-1.3239563869653963,6,3
mp-19,Te,<PROJECT_ROOT>/external_datasets/functional_protocol_round4_widechem_boost/meta_gga_r2scan/cif/mp-19.cif,train,0.0,-3.1395441691080728,-0.108057254360748,-0.1179163124352191,-0.7569870551759171,3,1
mp-1178173,Ho2TeO2,<PROJECT_ROOT>/external_datasets/functional_protocol_round4_widechem_boost/meta_gga_r2scan/cif/mp-1178173.cif,train,-3.303443579499998,-7.413715362548828,-3.260322426614726,-3.243395491975778,-2.1461802600207958,5,3
mp-2911977,Y2Ge5Rh3,<PROJECT_ROOT>/external_datasets/functional_protocol_round4_widechem_boost/meta_gga_r2scan/cif/mp-2911977.cif,train,-0.841897745,-6.596916198730469,-0.7839014306754191,-0.781323534069827,-0.6142225507924182,20,3
mp-2180,HfSb2,<PROJECT_ROOT>/external_datasets/functional_protocol_round4_widechem_boost/meta_gga_r2scan/cif/mp-2180.cif,train,-0.4586568516666697,-6.480666478474935,-0.4392704603178199,-0.4421743515936684,-0.6304065275757627,24,2
mp-867141,ReOs3,<PROJECT_ROOT>/external_datasets/functional_protocol_round4_widechem_boost/meta_gga_r2scan/cif/mp-867141.cif,train,-0.0902008743750002,-11.599566459655762,-0.0362038795050736,-0.0244327273930453,0.7385812305653994,8,2
mp-636614,YPb2,<PROJECT_ROOT>/external_datasets/functional_protocol_round4_widechem_boost/meta_gga_r2scan/cif/mp-636614.cif,train,-0.5040246599999989,-5.0170237223307295,-0.3902496395167247,-0.3885835589702253,-0.2805871028904301,6,2
mp-2041583,MoF4,<PROJECT_ROOT>/external_datasets/functional_protocol_round4_widechem_boost/meta_gga_r2scan/cif/mp-2041583.cif,train,-2.566888779000001,-5.29052963256836,-2.0678471753513845,-2.077867080678831,-2.7273640500074574,10,2
mp-865918,Yb2CdSn,<PROJECT_ROOT>/external_datasets/functional_protocol_round4_widechem_boost/meta_gga_r2scan/cif/mp-865918.cif,train,-0.4835386724999999,-2.5581753253936768,-0.6249809928421524,-0.6191971096658166,-0.2442819312065834,4,3
mp-760930,V2OF5,<PROJECT_ROOT>/external_datasets/functional_protocol_round4_widechem_boost/meta_gga_r2scan/cif/mp-760930.cif,train,-3.112434129427084,-6.286942799886067,-2.743261019837317,-2.745046189054741,-2.86076205248534,24,3
mp-1695,Y2C3,<PROJECT_ROOT>/external_datasets/functional_protocol_round4_widechem_boost/meta_gga_r2scan/cif/mp-1695.cif,train,-0.395841049500001,-8.376959991455077,-0.2681368151318608,-0.2702863118370056,-0.4096181268538709,20,2
mp-569833,Zr2Ga,<PROJECT_ROOT>/external_datasets/functional_protocol_round4_widechem_boost/meta_gga_r2scan/cif/mp-569833.cif,train,-0.5389846233333344,-7.173402786254883,-0.5252343896957594,-0.5281971373240246,-0.7202444214602787,6,2
mp-974057,Lu2Ni12P7,<PROJECT_ROOT>/external_datasets/functional_protocol_round4_widechem_boost/meta_gga_r2scan/cif/mp-974057.cif,train,-0.7937755180555541,-6.297071911039806,-0.8784172951723708,-0.8725672144153389,-0.4933610644709362,21,3
mp-1427,Lu2O3,<PROJECT_ROOT>/external_datasets/functional_protocol_round4_widechem_boost/meta_gga_r2scan/cif/mp-1427.cif,train,-4.062650477416665,-8.482427978515625,-4.129439019774925,-4.105992091080135,-2.5861464808012204,40,2
mp-1194614,FeH20C8NCl4,<PROJECT_ROOT>/external_datasets/functional_protocol_round4_widechem_boost/meta_gga_r2scan/cif/mp-1194614.cif,train,-0.3371985292279417,-5.166024151970358,-0.3037732106043602,-0.3038640877774075,-0.3097548069570108,136,5
mp-29380,K2Te2As,<PROJECT_ROOT>/external_datasets/functional_protocol_round4_widechem_boost/meta_gga_r2scan/cif/mp-29380.cif,train,-0.8331250025000003,-3.3155078887939453,-0.7957054498669223,-0.7962444891007179,-0.8311853729972377,40,3
mp-7949,Rb2GeF6,<PROJECT_ROOT>/external_datasets/functional_protocol_round4_widechem_boost/meta_gga_r2scan/cif/mp-7949.cif,train,-2.9708073102777783,-4.7144360012478295,-3.055539432864077,-3.0508753881553217,-2.748548888637659,9,3
mp-30537,TbP5O14,<PROJECT_ROOT>/external_datasets/functional_protocol_round4_widechem_boost/meta_gga_r2scan/cif/mp-30537.cif,train,-2.5714873774940488,-7.37799072265625,-2.758404774605321,-2.756190767642347,-2.612677354537351,80,3
mp-18808,LuMnO3,<PROJECT_ROOT>/external_datasets/functional_protocol_round4_widechem_boost/meta_gga_r2scan/cif/mp-18808.cif,train,-3.1525254168132166,-8.04994405110677,-2.939141867209541,-2.9298980528061405,-2.3307078165871267,30,3
mp-1206894,Lu3AlC,<PROJECT_ROOT>/external_datasets/functional_protocol_round4_widechem_boost/meta_gga_r2scan/cif/mp-1206894.cif,train,-0.6229137339999966,-5.784915924072266,-0.5775518515447473,-0.5828594994675571,-0.9269047900633254,5,3
mp-2960,HfSnRh,<PROJECT_ROOT>/external_datasets/functional_protocol_round4_widechem_boost/meta_gga_r2scan/cif/mp-2960.cif,train,-0.7778768883333353,-7.834693908691406,-0.7256601779483747,-0.7241980722234116,-0.6294234005904089,18,3
mp-1184591,Hg,<PROJECT_ROOT>/external_datasets/functional_protocol_round4_widechem_boost/meta_gga_r2scan/cif/mp-1184591.cif,train,0.0109260824999992,-0.2751649022102356,0.0525207877170954,0.0551610181643011,0.2263025227745353,2,1
mp-584429,Co(PO3)3,<PROJECT_ROOT>/external_datasets/functional_protocol_round4_widechem_boost/meta_gga_r2scan/cif/mp-584429.cif,train,-2.0984538082829665,-6.947077824519231,-2.143091831998144,-2.148654188459413,-2.5092098569862955,52,3
mp-18090,Ba3TaAs3O,<PROJECT_ROOT>/external_datasets/functional_protocol_round4_widechem_boost/meta_gga_r2scan/cif/mp-18090.cif,train,-1.659144212322918,-6.021396636962891,-1.6470604307369214,-1.642144070924526,-1.3234623375219692,32,4
mp-1212034,K2GdCl5,<PROJECT_ROOT>/external_datasets/functional_protocol_round4_widechem_boost/meta_gga_r2scan/cif/mp-1212034.cif,train,-2.406327751250002,-5.348428726196289,-2.310650109112068,-2.2990203451548528,-1.54517126201756,32,3
mp-1210782,LuCo4B,<PROJECT_ROOT>/external_datasets/functional_protocol_round4_widechem_boost/meta_gga_r2scan/cif/mp-1210782.cif,train,-0.2640078248611104,-6.92905871073405,-0.3421430547795099,-0.3404606038903317,-0.2314030112427246,12,3
mp-8528,Tm(SiRh)2,<PROJECT_ROOT>/external_datasets/functional_protocol_round4_widechem_boost/meta_gga_r2scan/cif/mp-8528.cif,train,-1.1851566600000012,-7.111621856689453,-1.105392724687959,-1.1004121552128563,-0.777568308500171,5,3
mp-1103919,CeMg12,<PROJECT_ROOT>/external_datasets/functional_protocol_round4_widechem_boost/meta_gga_r2scan/cif/mp-1103919.cif,train,-0.0354420061538455,-1.9356903663048377,0.0175684699021942,0.0194497502253376,0.1413955998526921,13,2
mp-1190583,NbS3,<PROJECT_ROOT>/external_datasets/functional_protocol_round4_widechem_boost/meta_gga_r2scan/cif/mp-1190583.cif,train,-0.8966727462760412,-6.395456314086914,-0.8790501382184086,-0.8852234421931131,-1.2853811374288249,24,2
mp-10257,Ni,<PROJECT_ROOT>/external_datasets/functional_protocol_round4_widechem_boost/meta_gga_r2scan/cif/mp-10257.cif,train,0.0458352900000011,-5.752596855163574,-0.1375728291712734,-0.1372093987725042,-0.1136515970919633,2,1
mp-1210076,Nd4CdNi,<PROJECT_ROOT>/external_datasets/functional_protocol_round4_widechem_boost/meta_gga_r2scan/cif/mp-1210076.cif,train,-0.2554845075000003,-4.538920084635417,-0.3305209430575795,-0.3351839065970337,-0.6374403239969466,24,3
mp-9567,Ba(MgSb)2,<PROJECT_ROOT>/external_datasets/functional_protocol_round4_widechem_boost/meta_gga_r2scan/cif/mp-9567.cif,train,-0.9270198090000008,-3.4445457458496094,-0.7869714064058422,-0.7790711012727582,-0.2669680351234041,5,3
mp-27138,K2PdBr4,<PROJECT_ROOT>/external_datasets/functional_protocol_round4_widechem_boost/meta_gga_r2scan/cif/mp-27138.cif,train,-1.346945146785714,-3.1701722826276506,-1.3350228444428596,-1.3343253022252286,-1.2891101488357128,7,3
mp-605034,K2NiF6,<PROJECT_ROOT>/external_datasets/functional_protocol_round4_widechem_boost/meta_gga_r2scan/cif/mp-605034.cif,train,-2.4627114075,-3.934224022759332,-2.1411724823478586,-2.1495847178748777,-2.694871454777868,9,3
mp-979459,Sm5Mg,<PROJECT_ROOT>/external_datasets/functional_protocol_round4_widechem_boost/meta_gga_r2scan/cif/mp-979459.cif,train,-0.0045769424999993,-4.1850128173828125,-0.0728212327451451,-0.0884269166652806,-1.0999977927551918,6,2
mp-2365,Pr4As3,<PROJECT_ROOT>/external_datasets/functional_protocol_round4_widechem_boost/meta_gga_r2scan/cif/mp-2365.cif,train,-1.457562279166662,-5.986689976283482,-1.3863267829390384,-1.379861015411989,-0.9607456369764784,14,2
mp-560151,AlPO4,<PROJECT_ROOT>/external_datasets/functional_protocol_round4_widechem_boost/meta_gga_r2scan/cif/mp-560151.cif,train,-2.893243286607142,-7.46625264485677,-3.045242575555653,-3.036259735281507,-2.453986016782034,18,3
mp-1079772,Ca(InP)2,<PROJECT_ROOT>/external_datasets/functional_protocol_round4_widechem_boost/meta_gga_r2scan/cif/mp-1079772.cif,train,-0.7593217211904773,-4.246726989746094,-0.6520709250034447,-0.6520824109742467,-0.6528269392889506,10,3
mp-11846,Pr(AlZn)2,<PROJECT_ROOT>/external_datasets/functional_protocol_round4_widechem_boost/meta_gga_r2scan/cif/mp-11846.cif,train,-0.4995793383333321,-3.3986862182617186,-0.4722586564674587,-0.4709513951573187,-0.3862138421257247,5,3
mp-1226728,CdAg,<PROJECT_ROOT>/external_datasets/functional_protocol_round4_widechem_boost/meta_gga_r2scan/cif/mp-1226728.cif,train,-0.0325648974999985,-1.907832384109497,0.0094232120318311,0.0125657269685239,0.2162656483517904,2,2
mp-569683,InAu3,<PROJECT_ROOT>/external_datasets/functional_protocol_round4_widechem_boost/meta_gga_r2scan/cif/mp-569683.cif,train,-0.1490907062499999,-3.2534403800964355,-0.1387192999447681,-0.1402157436881461,-0.2372162286567298,8,2
mp-30376,ErInAu2,<PROJECT_ROOT>/external_datasets/functional_protocol_round4_widechem_boost/meta_gga_r2scan/cif/mp-30376.cif,train,-0.7816226558333312,-4.160035610198975,-0.7645567720205788,-0.761671807002628,-0.5746664437244932,4,3
mp-19897,Eu2TeO2,<PROJECT_ROOT>/external_datasets/functional_protocol_round4_widechem_boost/meta_gga_r2scan/cif/mp-19897.cif,train,-2.6364096195,-9.07467269897461,-2.726681893198002,-2.7215113464766896,-2.386353047519062,5,3
mp-2014596,CsSeBr3,<PROJECT_ROOT>/external_datasets/functional_protocol_round4_widechem_boost/meta_gga_r2scan/cif/mp-2014596.cif,train,-0.8859848233125007,-2.6512975692749023,-0.9929995934553032,-0.998734222574087,-1.3704567200581137,10,3
mp-864792,Nd3(CuSn)4,<PROJECT_ROOT>/external_datasets/functional_protocol_round4_widechem_boost/meta_gga_r2scan/cif/mp-864792.cif,train,-0.5843182747727244,-4.775081981312145,-0.518131790880024,-0.5135642990658011,-0.2174964227911721,11,3
mp-1173297,SmPaO4,<PROJECT_ROOT>/external_datasets/functional_protocol_round4_widechem_boost/meta_gga_r2scan/cif/mp-1173297.cif,train,-4.018932735000003,-9.352640787760416,-4.099639303676763,-4.083264509678808,-3.021839403602589,12,3
mp-555740,SiO2,<PROJECT_ROOT>/external_datasets/functional_protocol_round4_widechem_boost/meta_gga_r2scan/cif/mp-555740.cif,train,-3.0155912091666672,-7.87455940246582,-3.1311079010881206,-3.121306564347468,-2.4859773570959414,24,2
mp-21223,YbIn2Ni,<PROJECT_ROOT>/external_datasets/functional_protocol_round4_widechem_boost/meta_gga_r2scan/cif/mp-21223.cif,train,-0.505247251250001,-3.603976249694824,-0.5331207680727159,-0.528975769429552,-0.2602941832656122,8,3
mp-978281,Mg3Ga,<PROJECT_ROOT>/external_datasets/functional_protocol_round4_widechem_boost/meta_gga_r2scan/cif/mp-978281.cif,train,-0.0615622137500002,-2.030318021774292,-0.0428704722880008,-0.0399799728404746,0.1473841358677841,4,2
mp-1225514,ErGa2Cu3,<PROJECT_ROOT>/external_datasets/functional_protocol_round4_widechem_boost/meta_gga_r2scan/cif/mp-1225514.cif,train,-0.4121416005555574,-4.177993774414063,-0.3795931049455201,-0.3773465428527967,-0.2317228844498099,6,3
mp-754845,La3Ti2N3O4,<PROJECT_ROOT>/external_datasets/functional_protocol_round4_widechem_boost/meta_gga_r2scan/cif/mp-754845.cif,train,-2.795390562465277,-8.769044240315756,-2.780411598403337,-2.769280955702848,-2.047785246472668,12,4
mp-669325,TeWCl9,<PROJECT_ROOT>/external_datasets/functional_protocol_round4_widechem_boost/meta_gga_r2scan/cif/mp-669325.cif,train,-0.7982041956818193,-3.679483240300959,-1.1448399091672323,-1.1514763148678755,-1.5816525739186211,22,3
mp-1210761,Li2NiN,<PROJECT_ROOT>/external_datasets/functional_protocol_round4_widechem_boost/meta_gga_r2scan/cif/mp-1210761.cif,train,-0.4163701755208331,-4.825551509857178,-0.516353077920126,-0.5187043148970103,-0.6711130693512036,4,3
mp-1188283,V8N,<PROJECT_ROOT>/external_datasets/functional_protocol_round4_widechem_boost/meta_gga_r2scan/cif/mp-1188283.cif,train,-0.3771965731944438,-9.331100463867188,-0.9035158430866196,-0.8976001969514167,-0.5141440553141221,18,2
mp-510409,TiSiNi,<PROJECT_ROOT>/external_datasets/functional_protocol_round4_widechem_boost/meta_gga_r2scan/cif/mp-510409.cif,train,-0.8583697122222228,-7.209493637084961,-0.8637885880267948,-0.8623454316369648,-0.7687990685894339,12,3
mp-1077979,InPd5Se,<PROJECT_ROOT>/external_datasets/functional_protocol_round4_widechem_boost/meta_gga_r2scan/cif/mp-1077979.cif,train,-0.4020549670089305,-4.963123866489956,-0.4185381800498406,-0.4214753725086453,-0.6118661534589703,7,3
mp-20506,NbNiTe2,<PROJECT_ROOT>/external_datasets/functional_protocol_round4_widechem_boost/meta_gga_r2scan/cif/mp-20506.cif,train,-0.4839481868750006,-5.984235763549805,-0.5089327732997102,-0.5103627623029778,-0.6030556065405314,16,3
mp-11350,CaAl9Co2,<PROJECT_ROOT>/external_datasets/functional_protocol_round4_widechem_boost/meta_gga_r2scan/cif/mp-11350.cif,train,-0.3811823891666665,-4.537035942077637,-0.3962140761069346,-0.3961667009259324,-0.3930958099866051,12,3
mp-5625,Ag2SO4,<PROJECT_ROOT>/external_datasets/functional_protocol_round4_widechem_boost/meta_gga_r2scan/cif/mp-5625.cif,train,-0.9984705125446424,-5.080039978027344,-1.2052191163427568,-1.217733836296543,-2.028946359403586,14,3
mp-555846,BaAlF5,<PROJECT_ROOT>/external_datasets/functional_protocol_round4_widechem_boost/meta_gga_r2scan/cif/mp-555846.cif,train,-4.024366379999999,-5.866130828857422,-4.068697436449956,-4.051336745028833,-2.9260051081542877,28,3
mp-573150,Cs2GeO3,<PROJECT_ROOT>/external_datasets/functional_protocol_round4_widechem_boost/meta_gga_r2scan/cif/mp-573150.cif,train,-1.891544070902777,-5.252604166666667,-2.0215200003111127,-2.0197165498304344,-1.9028156826812164,72,3
mp-865326,Lu2PdPt,<PROJECT_ROOT>/external_datasets/functional_protocol_round4_widechem_boost/meta_gga_r2scan/cif/mp-865326.cif,train,-1.2327482733333357,-6.223487854003906,-1.2737820654861016,-1.2711502814110665,-1.1005562762979095,4,3
mp-982015,LaDyMg2,<PROJECT_ROOT>/external_datasets/functional_protocol_round4_widechem_boost/meta_gga_r2scan/cif/mp-982015.cif,train,-0.1016571899999974,-3.2765440940856934,-0.1390287819321876,-0.144422638521207,-0.4940560325578057,4,3
mp-866492,Cs9AlO4,<PROJECT_ROOT>/external_datasets/functional_protocol_round4_widechem_boost/meta_gga_r2scan/cif/mp-866492.cif,train,-1.335359443571426,-3.434098652430943,-1.390399885630094,-1.3885710412559318,-1.2700241249351265,28,3
mp-1202708,Yb4NiB13,<PROJECT_ROOT>/external_datasets/functional_protocol_round4_widechem_boost/meta_gga_r2scan/cif/mp-1202708.cif,train,-0.5823490393055566,-5.707878112792969,-0.2661980752522934,-0.2701232410984131,-0.5245551182321202,36,3
mp-1208464,Tb4MgCo,<PROJECT_ROOT>/external_datasets/functional_protocol_round4_widechem_boost/meta_gga_r2scan/cif/mp-1208464.cif,train,-0.0995859099999971,-4.683422088623047,-0.2060835353149013,-0.211541823510065,-0.565351717378595,24,3
mp-5473,CaMgSi,<PROJECT_ROOT>/external_datasets/functional_protocol_round4_widechem_boost/meta_gga_r2scan/cif/mp-5473.cif,train,-0.4916377391666676,-3.441516876220703,-0.4239656331740091,-0.4247769941683277,-0.4773699568378045,12,3
mp-1018651,Ba2H3I,<PROJECT_ROOT>/external_datasets/functional_protocol_round4_widechem_boost/meta_gga_r2scan/cif/mp-1018651.cif,train,-1.0104754072916673,-3.450302759806315,-0.917443912722438,-0.9141883812260448,-0.703162650807519,6,3
mp-27175,InOF,<PROJECT_ROOT>/external_datasets/functional_protocol_round4_widechem_boost/meta_gga_r2scan/cif/mp-27175.cif,train,-2.29145092375,-5.1872297922770185,-2.379488675465504,-2.380489515149681,-2.445364613309404,12,3
mp-36765,Ti(CoO2)2,<PROJECT_ROOT>/external_datasets/functional_protocol_round4_widechem_boost/meta_gga_r2scan/cif/mp-36765.cif,train,-2.030639247380953,-7.293671744210379,-1.6440680647953585,-1.6506059708978214,-2.0743974200716195,14,3
mp-6973,CsNaS,<PROJECT_ROOT>/external_datasets/functional_protocol_round4_widechem_boost/meta_gga_r2scan/cif/mp-6973.cif,train,-1.2742953109375013,-3.16183884938558,-1.1873226490144295,-1.1825528989740208,-0.8733745091126004,6,3
mp-23743,AlH12(ClO2)3,<PROJECT_ROOT>/external_datasets/functional_protocol_round4_widechem_boost/meta_gga_r2scan/cif/mp-23743.cif,train,-1.2738764270454548,-4.822716452858665,-1.3829969673630438,-1.3813740881356598,-1.2761779704765397,44,4
mp-1544973,NpCl4,<PROJECT_ROOT>/external_datasets/functional_protocol_round4_widechem_boost/meta_gga_r2scan/cif/mp-1544973.cif,train,-2.054117267749999,-5.640539932250976,-1.9653454585415335,-1.966959209729619,-2.0715636417726992,10,2
mp-398,ErGa3,<PROJECT_ROOT>/external_datasets/functional_protocol_round4_widechem_boost/meta_gga_r2scan/cif/mp-398.cif,train,-0.5382812583333347,-3.928684949874878,-0.5693082324896528,-0.57153565641676,-0.7159187661150921,4,2
mp-2047105,K2CrF6,<PROJECT_ROOT>/external_datasets/functional_protocol_round4_widechem_boost/meta_gga_r2scan/cif/mp-2047105.cif,train,-2.976537524166667,-4.980411105685764,-2.858886806260902,-2.855891703698462,-2.6617471510747075,9,3
mp-672272,Sm2Pd2Pb,<PROJECT_ROOT>/external_datasets/functional_protocol_round4_widechem_boost/meta_gga_r2scan/cif/mp-672272.cif,train,-0.8893767370000034,-5.510531234741211,-0.8483388847251261,-0.8465715008235088,-0.7320084934669218,10,3
mp-21450,Nd2InPd2,<PROJECT_ROOT>/external_datasets/functional_protocol_round4_widechem_boost/meta_gga_r2scan/cif/mp-21450.cif,train,-0.8739278200000001,-5.335580444335937,-0.8632302313535334,-0.8599371661186233,-0.6464784736489918,10,3
mp-976072,NaAc2Pb,<PROJECT_ROOT>/external_datasets/functional_protocol_round4_widechem_boost/meta_gga_r2scan/cif/mp-976072.cif,train,-0.2888350387500011,-3.5126078128814697,-0.2645550714549167,-0.2673171819079982,-0.4463590300679705,4,3
mp-29579,Sc7NCl12,<PROJECT_ROOT>/external_datasets/functional_protocol_round4_widechem_boost/meta_gga_r2scan/cif/mp-29579.cif,train,-2.1454828161875,-5.671669769287109,-2.104056169737513,-2.0965360130747106,-1.6090744251902014,20,3
mp-862756,PrGa3,<PROJECT_ROOT>/external_datasets/functional_protocol_round4_widechem_boost/meta_gga_r2scan/cif/mp-862756.cif,train,-0.6361536691666672,-4.03880786895752,-0.6049304863879943,-0.6044015855657534,-0.570117880291191,8,2
mp-1186809,PuAl3,<PROJECT_ROOT>/external_datasets/functional_protocol_round4_widechem_boost/meta_gga_r2scan/cif/mp-1186809.cif,train,-0.403848118437498,-6.652775287628174,-0.4784215624668722,-0.4811659906775878,-0.659061664053542,8,2
mp-2042,HoNi3,<PROJECT_ROOT>/external_datasets/functional_protocol_round4_widechem_boost/meta_gga_r2scan/cif/mp-2042.cif,train,-0.3949734320833329,-5.903090159098308,-0.5630196339426439,-0.5619753814677155,-0.4942862371579307,12,2
mp-1217893,TaNbAl6,<PROJECT_ROOT>/external_datasets/functional_protocol_round4_widechem_boost/meta_gga_r2scan/cif/mp-1217893.cif,train,-0.4348452109166665,-5.925230979919434,-0.3739677351402024,-0.3756689853647765,-0.4859451635139613,8,3
mp-29992,AsPbF7,<PROJECT_ROOT>/external_datasets/functional_protocol_round4_widechem_boost/meta_gga_r2scan/cif/mp-29992.cif,train,-2.4076910797222206,-4.5927755567762585,-2.581134973083811,-2.5872672771718195,-2.984767332312572,18,3
mp-776655,Ti2O3,<PROJECT_ROOT>/external_datasets/functional_protocol_round4_widechem_boost/meta_gga_r2scan/cif/mp-776655.cif,train,-3.0710374314166686,-8.936174011230468,-3.165938960668657,-3.157112860888435,-2.584999166106881,20,2
mp-3539,NbGaNi2,<PROJECT_ROOT>/external_datasets/functional_protocol_round4_widechem_boost/meta_gga_r2scan/cif/mp-3539.cif,train,-0.3380024800000001,-6.499902725219727,-0.3826007352250444,-0.3822533952931461,-0.3597385884435219,4,3
mp-761128,BaNb5O8,<PROJECT_ROOT>/external_datasets/functional_protocol_round4_widechem_boost/meta_gga_r2scan/cif/mp-761128.cif,train,-2.6149160860714296,-8.974136352539062,-2.7077032857808767,-2.7013912598343373,-2.292241513541227,14,3
mp-12863,Ba(AlSi)2,<PROJECT_ROOT>/external_datasets/functional_protocol_round4_widechem_boost/meta_gga_r2scan/cif/mp-12863.cif,train,-0.3319181490000005,-4.340224838256836,-0.2794958513949144,-0.2867008240620992,-0.7537319744074977,5,3
mp-17324,ZrSnS3,<PROJECT_ROOT>/external_datasets/functional_protocol_round4_widechem_boost/meta_gga_r2scan/cif/mp-17324.cif,train,-1.2754657681875017,-6.086917877197266,-1.20949448767358,-1.207694008633191,-1.090985752231794,20,3
mp-377,LuRh,<PROJECT_ROOT>/external_datasets/functional_protocol_round4_widechem_boost/meta_gga_r2scan/cif/mp-377.cif,train,-1.1028163483333344,-6.946502685546875,-1.105979605272875,-1.103271119198972,-0.9277052391847836,2,2
mp-779313,Li7Mn8(BO3)8,<PROJECT_ROOT>/external_datasets/functional_protocol_round4_widechem_boost/meta_gga_r2scan/cif/mp-779313.cif,train,-2.372582500479335,-7.343070821559175,-2.333633183713645,-2.3276856354178115,-1.9421615743785288,47,4
mp-29845,CsHgCl3,<PROJECT_ROOT>/external_datasets/functional_protocol_round4_widechem_boost/meta_gga_r2scan/cif/mp-29845.cif,train,-1.3454611921111137,-2.52829098171658,-1.3276547167734076,-1.3254662380280715,-1.1836075810761857,45,3
mp-21952,Eu(In4Rh)2,<PROJECT_ROOT>/external_datasets/functional_protocol_round4_widechem_boost/meta_gga_r2scan/cif/mp-21952.cif,train,-0.4661581056818187,-4.612063667990944,-0.4367735726145705,-0.437146984516974,-0.4613517939457188,44,3
mp-1078694,ThGaRh,<PROJECT_ROOT>/external_datasets/functional_protocol_round4_widechem_boost/meta_gga_r2scan/cif/mp-1078694.cif,train,-0.9609239922222186,-6.842597113715278,-0.9489355195088276,-0.9452774417275184,-0.7081583917076492,9,3
mp-4651,SrTiO3,<PROJECT_ROOT>/external_datasets/functional_protocol_round4_widechem_boost/meta_gga_r2scan/cif/mp-4651.cif,train,-3.447125240583334,-8.021189880371093,-3.488438560965591,-3.474180862002892,-2.5499872730169466,10,3
mp-1200107,K3HS3O11,<PROJECT_ROOT>/external_datasets/functional_protocol_round4_widechem_boost/meta_gga_r2scan/cif/mp-1200107.cif,train,-1.7665684435937494,-5.7069091796875,-2.028371940109777,-2.034664300680549,-2.442539324154531,72,4
mp-1104609,Ba(Cd2Pt)2,<PROJECT_ROOT>/external_datasets/functional_protocol_round4_widechem_boost/meta_gga_r2scan/cif/mp-1104609.cif,train,-0.5157404914285694,-2.9845638275146484,-0.495763360302949,-0.4945518393720647,-0.4160202417992485,14,3
mp-30834,SrSn3Pd,<PROJECT_ROOT>/external_datasets/functional_protocol_round4_widechem_boost/meta_gga_r2scan/cif/mp-30834.cif,train,-0.5832537419999995,-4.350183486938477,-0.5239711450846487,-0.5235805703502878,-0.4982632546699962,5,3
mp-634378,NaHSO4,<PROJECT_ROOT>/external_datasets/functional_protocol_round4_widechem_boost/meta_gga_r2scan/cif/mp-634378.cif,train,-1.6345952866517857,-5.591989244733538,-1.8893105345126024,-1.8947641111579,-2.2482685992114586,28,4
mp-781505,Ca3WO6,<PROJECT_ROOT>/external_datasets/functional_protocol_round4_widechem_boost/meta_gga_r2scan/cif/mp-781505.cif,train,-3.06207157275,-7.080913543701172,-2.873195889045527,-2.8639809954910307,-2.266665428053784,20,3
mp-570074,Sc3IrC4,<PROJECT_ROOT>/external_datasets/functional_protocol_round4_widechem_boost/meta_gga_r2scan/cif/mp-570074.cif,train,-0.6134501556249994,-8.59256362915039,-0.5106902743679065,-0.5099627148214108,-0.4628018180845204,16,3
mp-1018704,GdAlZn,<PROJECT_ROOT>/external_datasets/functional_protocol_round4_widechem_boost/meta_gga_r2scan/cif/mp-1018704.cif,train,-0.4720359316666673,-6.809519449869792,-0.4272117304238279,-0.4287324725807062,-0.5273079969733809,6,3
mp-1183658,Cd3Bi,<PROJECT_ROOT>/external_datasets/functional_protocol_round4_widechem_boost/meta_gga_r2scan/cif/mp-1183658.cif,train,0.1037200637499999,-1.5917181968688965,0.0980654156853955,0.0983319795934223,0.1156108305149465,4,2
mp-29831,TaCl5,<PROJECT_ROOT>/external_datasets/functional_protocol_round4_widechem_boost/meta_gga_r2scan/cif/mp-29831.cif,train,-1.487059174694445,-4.846454196506077,-1.5323752155092034,-1.5342505405529625,-1.655810364984634,36,2
mp-1101197,VPHO5,<PROJECT_ROOT>/external_datasets/functional_protocol_round4_widechem_boost/meta_gga_r2scan/cif/mp-1101197.cif,train,-2.237407235372025,-7.036920547485352,-2.1577449178185493,-2.159546230156061,-2.2763085014344995,32,4
mp-1181041,HoWC2,<PROJECT_ROOT>/external_datasets/functional_protocol_round4_widechem_boost/meta_gga_r2scan/cif/mp-1181041.cif,train,-0.4113679506249994,-9.292656898498535,-0.9623410941043068,-0.951118569801224,-0.2236670335974091,16,3
mp-29287,Cs3CoBr5,<PROJECT_ROOT>/external_datasets/functional_protocol_round4_widechem_boost/meta_gga_r2scan/cif/mp-29287.cif,train,-1.6262506052777768,-3.333674324883355,-1.486143960719017,-1.4797609578750723,-1.0660104415899134,18,3
mp-1190360,CaSeO4,<PROJECT_ROOT>/external_datasets/functional_protocol_round4_widechem_boost/meta_gga_r2scan/cif/mp-1190360.cif,train,-1.8083673160937497,-5.8399613698323565,-2.0826350266812645,-2.0909187602258985,-2.6278759126280797,24,3
mp-1205897,Zr6FeBi2,<PROJECT_ROOT>/external_datasets/functional_protocol_round4_widechem_boost/meta_gga_r2scan/cif/mp-1205897.cif,train,-0.3115614433333336,-7.818077087402344,-0.3646187744695641,-0.3669591113140225,-0.5186613118844309,9,3
mp-1120726,Rb3Bi2I9,<PROJECT_ROOT>/external_datasets/functional_protocol_round4_widechem_boost/meta_gga_r2scan/cif/mp-1120726.cif,train,-1.0588893968749988,-2.6722845349993025,-1.0458695412575882,-1.042819326260953,-0.8451023487674685,28,3
mp-1094472,MgZr3,<PROJECT_ROOT>/external_datasets/functional_protocol_round4_widechem_boost/meta_gga_r2scan/cif/mp-1094472.cif,train,0.0343165824999971,-6.794673442840576,-0.0353099730197872,-0.0433637299373135,-0.565413643453962,4,2
mp-7355,Sm2SnS5,<PROJECT_ROOT>/external_datasets/functional_protocol_round4_widechem_boost/meta_gga_r2scan/cif/mp-7355.cif,train,-1.672479984882813,-5.69284200668335,-1.564193064633896,-1.5599290232783432,-1.2835310088242466,16,3
mp-3997,Sm(CuSi)2,<PROJECT_ROOT>/external_datasets/functional_protocol_round4_widechem_boost/meta_gga_r2scan/cif/mp-3997.cif,train,-0.6389626920000012,-5.352354049682617,-0.571914887541725,-0.5699199814110845,-0.4406088308957683,5,3
mp-28796,Sr5(AuO4)2,<PROJECT_ROOT>/external_datasets/functional_protocol_round4_widechem_boost/meta_gga_r2scan/cif/mp-28796.cif,train,-2.198795287333333,-5.607974243164063,-2.281281833630288,-2.2806323618490643,-2.238533166319292,15,3
mp-867880,La2TlCd,<PROJECT_ROOT>/external_datasets/functional_protocol_round4_widechem_boost/meta_gga_r2scan/cif/mp-867880.cif,train,-0.4805646299999964,-3.667980432510376,-0.4410498449751925,-0.4442750707135934,-0.6533363616175498,4,3
mp-1042624,MgVBiO5,<PROJECT_ROOT>/external_datasets/functional_protocol_round4_widechem_boost/meta_gga_r2scan/cif/mp-1042624.cif,train,-2.3159541218750004,-6.61151123046875,-2.138855030335348,-2.138078926809678,-2.0877713768543966,64,4
mp-16751,ErCuPb,<PROJECT_ROOT>/external_datasets/functional_protocol_round4_widechem_boost/meta_gga_r2scan/cif/mp-16751.cif,train,-0.4794066594444406,-4.491969744364421,-0.4081854583716646,-0.4072769754047689,-0.3483885014711855,6,3
mp-1080127,YbCdPb,<PROJECT_ROOT>/external_datasets/functional_protocol_round4_widechem_boost/meta_gga_r2scan/cif/mp-1080127.cif,train,-0.2696607727777784,-2.420021692911784,-0.4064794992868052,-0.4009689809268497,-0.0437734928192921,9,3
mp-27288,RuXeF7,<PROJECT_ROOT>/external_datasets/functional_protocol_round4_widechem_boost/meta_gga_r2scan/cif/mp-27288.cif,train,-1.4228679730555551,-3.77204344007704,-1.4023137652079751,-1.4050076913820029,-1.579629788939496,36,3
mp-74,Rh,<PROJECT_ROOT>/external_datasets/functional_protocol_round4_widechem_boost/meta_gga_r2scan/cif/mp-74.cif,train,0.0,-7.3266520500183105,0.0007150034016936,-0.0056190210326692,-0.4161947240288119,1,1
mp-1219714,PrPaO4,<PROJECT_ROOT>/external_datasets/functional_protocol_round4_widechem_boost/meta_gga_r2scan/cif/mp-1219714.cif,train,-3.949257724444441,-9.303050994873049,-4.036388647294656,-4.019991170587118,-2.95709575609484,6,3
mp-1217402,TbZnSi,<PROJECT_ROOT>/external_datasets/functional_protocol_round4_widechem_boost/meta_gga_r2scan/cif/mp-1217402.cif,train,-0.7279659399999995,-4.410594940185547,-0.6463618261785014,-0.6453943741300616,-0.5826834848652105,3,3
mp-977376,TbCdAu2,<PROJECT_ROOT>/external_datasets/functional_protocol_round4_widechem_boost/meta_gga_r2scan/cif/mp-977376.cif,train,-0.7376347049999978,-3.6911354064941406,-0.6887547843673412,-0.683349264675833,-0.3329598605298099,4,3
mp-20777,SmCoGe,<PROJECT_ROOT>/external_datasets/functional_protocol_round4_widechem_boost/meta_gga_r2scan/cif/mp-20777.cif,train,-0.5976362666666665,-6.077694574991862,-0.6129165972254178,-0.6123132367870348,-0.5732030093618261,12,3
mp-13995,Hg2GeO4,<PROJECT_ROOT>/external_datasets/functional_protocol_round4_widechem_boost/meta_gga_r2scan/cif/mp-13995.cif,train,-0.9888162435714248,-4.44116565159389,-1.1934576772268528,-1.204499399203331,-1.9202312075916592,14,3
mp-2482,CaC2,<PROJECT_ROOT>/external_datasets/functional_protocol_round4_widechem_boost/meta_gga_r2scan/cif/mp-2482.cif,train,-0.1351009733333323,-6.79307746887207,-0.0014046715814934,-0.0052054687287768,-0.2515756835678997,3,2
mp-19421,FeWO4,<PROJECT_ROOT>/external_datasets/functional_protocol_round4_widechem_boost/meta_gga_r2scan/cif/mp-19421.cif,train,-2.0309332508333333,-7.274932861328125,-1.2399901751757598,-1.253249245236808,-2.1127110404672527,12,3
mp-1209214,RbHg5Cl11,<PROJECT_ROOT>/external_datasets/functional_protocol_round4_widechem_boost/meta_gga_r2scan/cif/mp-1209214.cif,train,-0.8791688144852969,-2.098777546602137,-0.904657221741192,-0.9094263020848024,-1.2185612817511031,17,3
mp-568024,ICl,<PROJECT_ROOT>/external_datasets/functional_protocol_round4_widechem_boost/meta_gga_r2scan/cif/mp-568024.cif,train,-0.1408061468749988,-1.8117036819458008,-0.3223109745336252,-0.3397686213197497,-1.471384969843399,16,2
mp-2183,ThSe,<PROJECT_ROOT>/external_datasets/functional_protocol_round4_widechem_boost/meta_gga_r2scan/cif/mp-2183.cif,train,-1.7221457395312427,-6.994843006134033,-1.7004568060283596,-1.6946070069762484,-1.3154191173341774,2,2
mp-1102145,EuMgSn,<PROJECT_ROOT>/external_datasets/functional_protocol_round4_widechem_boost/meta_gga_r2scan/cif/mp-1102145.cif,train,-0.6715417225000001,-5.871481577555339,-0.6292328602887816,-0.6304544694726308,-0.7096399943537803,12,3
mp-2245,Si3N4,<PROJECT_ROOT>/external_datasets/functional_protocol_round4_widechem_boost/meta_gga_r2scan/cif/mp-2245.cif,train,-1.317403839285715,-8.17877905709403,-1.1850408554606036,-1.1821876300190954,-0.997239647327692,28,2
mp-7650,RbScO2,<PROJECT_ROOT>/external_datasets/functional_protocol_round4_widechem_boost/meta_gga_r2scan/cif/mp-7650.cif,train,-2.9378651546875005,-6.956547260284424,-2.989372660337517,-2.9773351870839244,-2.197058114488032,8,3
mp-35249,Sm2Hf2O7,<PROJECT_ROOT>/external_datasets/functional_protocol_round4_widechem_boost/meta_gga_r2scan/cif/mp-35249.cif,train,-3.900995016022728,-9.373690518465908,-3.962987712289073,-3.942435826026803,-2.610248803783521,22,3
mp-1094352,Sr2Mg,<PROJECT_ROOT>/external_datasets/functional_protocol_round4_widechem_boost/meta_gga_r2scan/cif/mp-1094352.cif,train,0.0295072066666672,-1.6597436269124348,0.0280450931831042,0.0165601110965285,-0.7279041142876044,6,2
mp-983123,HfMgAu2,<PROJECT_ROOT>/external_datasets/functional_protocol_round4_widechem_boost/meta_gga_r2scan/cif/mp-983123.cif,train,-0.6103798637499978,-5.094099521636963,-0.5697997363315821,-0.5663368161940774,-0.3418680152587229,4,3
mp-1212902,Dy4MgNi,<PROJECT_ROOT>/external_datasets/functional_protocol_round4_widechem_boost/meta_gga_r2scan/cif/mp-1212902.cif,train,-0.2053963645833363,-4.506567319234212,-0.3171130355905154,-0.3225212955989329,-0.6730883289206866,24,3
mp-1077994,SiSnPd5,<PROJECT_ROOT>/external_datasets/functional_protocol_round4_widechem_boost/meta_gga_r2scan/cif/mp-1077994.cif,train,-0.6069857621428574,-5.656219482421875,-0.5836832336335878,-0.582781423130422,-0.5243254627628853,7,3
mp-985439,BaPAu,<PROJECT_ROOT>/external_datasets/functional_protocol_round4_widechem_boost/meta_gga_r2scan/cif/mp-985439.cif,train,-0.9862206626587284,-4.411038716634114,-0.9288053777464382,-0.9271980002199998,-0.823006713188621,6,3
mp-28189,FeSeCl7,<PROJECT_ROOT>/external_datasets/functional_protocol_round4_widechem_boost/meta_gga_r2scan/cif/mp-28189.cif,train,-0.6434558490625003,-3.283039304945204,-0.7227619312785518,-0.7361272208666545,-1.602474236930093,18,3
mp-7066,ScNiGe,<PROJECT_ROOT>/external_datasets/functional_protocol_round4_widechem_boost/meta_gga_r2scan/cif/mp-7066.cif,train,-0.8444948208333329,-6.394211451212565,-0.8770414410254528,-0.872692620031799,-0.5907991326962349,12,3
mp-540822,Cs3Zr2I9,<PROJECT_ROOT>/external_datasets/functional_protocol_round4_widechem_boost/meta_gga_r2scan/cif/mp-540822.cif,train,-1.4329357491071408,-3.612366267613002,-1.348617019902007,-1.3415906354341969,-0.8861356916955878,28,3
mp-30473,Ca3Ga5,<PROJECT_ROOT>/external_datasets/functional_protocol_round4_widechem_boost/meta_gga_r2scan/cif/mp-30473.cif,train,-0.5845816343750005,-3.1558005809783936,-0.5648061496215186,-0.566060598238125,-0.6473747971285102,16,2
mp-867770,BaHg3,<PROJECT_ROOT>/external_datasets/functional_protocol_round4_widechem_boost/meta_gga_r2scan/cif/mp-867770.cif,train,-0.4627769431250002,-1.1299149990081787,-0.4357103494324859,-0.4316862066263089,-0.1708385766990893,8,2
mp-1070369,NdSi3Ir,<PROJECT_ROOT>/external_datasets/functional_protocol_round4_widechem_boost/meta_gga_r2scan/cif/mp-1070369.cif,train,-0.8632822704999995,-6.786660766601562,-0.764009037018079,-0.7643821000984738,-0.7885642986486586,5,3
mp-861639,Ti2CoIr,<PROJECT_ROOT>/external_datasets/functional_protocol_round4_widechem_boost/meta_gga_r2scan/cif/mp-861639.cif,train,-0.744252443333334,-8.585036277770996,-0.6400037775694685,-0.6433184805256209,-0.8581797445682857,4,3
mp-1212757,EuCoO3,<PROJECT_ROOT>/external_datasets/functional_protocol_round4_widechem_boost/meta_gga_r2scan/cif/mp-1212757.cif,train,-2.2160596802500008,-7.873291778564453,-1.837401925228444,-1.8463431795008,-2.4259212655315823,20,3
mp-1541,BeSe,<PROJECT_ROOT>/external_datasets/functional_protocol_round4_widechem_boost/meta_gga_r2scan/cif/mp-1541.cif,train,-0.94445435578125,-4.410921096801758,-0.8729810644665585,-0.8741683602478263,-0.951129667409027,2,2
mp-12904,HoAgTe2,<PROJECT_ROOT>/external_datasets/functional_protocol_round4_widechem_boost/meta_gga_r2scan/cif/mp-12904.cif,train,-1.0770725912500012,-4.329969882965088,-0.9646538707789168,-0.9607233899067432,-0.7059469892260821,8,3
mp-22730,Na2MoO4,<PROJECT_ROOT>/external_datasets/functional_protocol_round4_widechem_boost/meta_gga_r2scan/cif/mp-22730.cif,train,-2.230709502857142,-6.021059308733259,-1.7112974127690634,-1.7147366683733392,-1.937671518426388,14,3
mp-20450,YCrB4,<PROJECT_ROOT>/external_datasets/functional_protocol_round4_widechem_boost/meta_gga_r2scan/cif/mp-20450.cif,train,-0.6550159745833355,-7.789577484130859,-0.8357673027410835,-0.8316291319460394,-0.5633901314651504,24,3
mp-569175,ZrCl4,<PROJECT_ROOT>/external_datasets/functional_protocol_round4_widechem_boost/meta_gga_r2scan/cif/mp-569175.cif,train,-2.006411403,-4.953839111328125,-1.9689109256294584,-1.9647555348206804,-1.6954003215250488,10,2
mp-1187461,Ti2VOs,<PROJECT_ROOT>/external_datasets/functional_protocol_round4_widechem_boost/meta_gga_r2scan/cif/mp-1187461.cif,train,-0.4970073458333353,-9.384336471557615,-0.5084006313741067,-0.5101118468626007,-0.6210339800887976,8,3
mp-865802,LuRh3,<PROJECT_ROOT>/external_datasets/functional_protocol_round4_widechem_boost/meta_gga_r2scan/cif/mp-865802.cif,train,-0.6454291841666624,-7.233420372009277,-0.6494753051622748,-0.6498167583364021,-0.6719499816067978,4,2
mp-510437,In3Pd2,<PROJECT_ROOT>/external_datasets/functional_protocol_round4_widechem_boost/meta_gga_r2scan/cif/mp-510437.cif,train,-0.5448833180000008,-4.1788372039794925,-0.5112933615243191,-0.5090716200133256,-0.3650568483321851,5,2
mp-1181961,Cr5S8,<PROJECT_ROOT>/external_datasets/functional_protocol_round4_widechem_boost/meta_gga_r2scan/cif/mp-1181961.cif,train,-0.951123888653847,-6.908810542179988,-1.182952397554943,-1.1774803700859646,-0.822779887293043,26,2
mp-1216633,URu2Rh,<PROJECT_ROOT>/external_datasets/functional_protocol_round4_widechem_boost/meta_gga_r2scan/cif/mp-1216633.cif,train,-0.4926142037499943,-9.741903305053713,-0.5504462045551985,-0.55254138393716,-0.6883523137124579,4,3
mp-28627,K4Br2O,<PROJECT_ROOT>/external_datasets/functional_protocol_round4_widechem_boost/meta_gga_r2scan/cif/mp-28627.cif,train,-1.6484984412500003,-3.2636312757219588,-1.654562778572808,-1.6515489119609752,-1.456188061097064,7,3
mp-1079103,LaCuSb2,<PROJECT_ROOT>/external_datasets/functional_protocol_round4_widechem_boost/meta_gga_r2scan/cif/mp-1079103.cif,train,-0.8306767975000007,-5.052478790283203,-0.7726317518004393,-0.7680702418707472,-0.4723901153547655,8,3
mp-984744,Ca3Tl,<PROJECT_ROOT>/external_datasets/functional_protocol_round4_widechem_boost/meta_gga_r2scan/cif/mp-984744.cif,train,-0.2705182374999992,-2.312744140625,-0.3073946585426772,-0.3125511545896353,-0.6467986794315479,8,2
mp-1223824,Hf2Fe3Si,<PROJECT_ROOT>/external_datasets/functional_protocol_round4_widechem_boost/meta_gga_r2scan/cif/mp-1223824.cif,train,-0.4876083833333335,-9.027165730794271,-0.5569652415737103,-0.5548409109149279,-0.4171403758657038,12,3
mp-984785,AcMg3,<PROJECT_ROOT>/external_datasets/functional_protocol_round4_widechem_boost/meta_gga_r2scan/cif/mp-984785.cif,train,-0.062820003125001,-2.2786543369293213,-0.0317405472422307,-0.029757544457464,0.0987820232123801,4,2
mp-188,AlPt3,<PROJECT_ROOT>/external_datasets/functional_protocol_round4_widechem_boost/meta_gga_r2scan/cif/mp-188.cif,train,-0.739235739999998,-6.160820960998535,-0.7951155716824303,-0.7959818961015239,-0.8521376247502386,4,2
mp-3344,CeAlRh,<PROJECT_ROOT>/external_datasets/functional_protocol_round4_widechem_boost/meta_gga_r2scan/cif/mp-3344.cif,train,-0.8916973124999998,-6.524898529052734,-0.9535654421705484,-0.954732858610571,-1.0304055735676756,24,3
mp-964,Cr3S4,<PROJECT_ROOT>/external_datasets/functional_protocol_round4_widechem_boost/meta_gga_r2scan/cif/mp-964.cif,train,-0.9933896458928574,-7.143410818917411,-1.2143083376860977,-1.207266861634385,-0.750833671326649,14,2
mp-1080495,ZrGaPt,<PROJECT_ROOT>/external_datasets/functional_protocol_round4_widechem_boost/meta_gga_r2scan/cif/mp-1080495.cif,train,-1.0829755205555531,-6.844716389973958,-1.0476215980730093,-1.0432576139798917,-0.7603812443880696,9,3
mp-7186,NdAl3Ni2,<PROJECT_ROOT>/external_datasets/functional_protocol_round4_widechem_boost/meta_gga_r2scan/cif/mp-7186.cif,train,-0.6288280029166676,-5.195964177449544,-0.6809695500974353,-0.6770097372239894,-0.4203320165905684,6,3
mp-1097015,KSnI3,<PROJECT_ROOT>/external_datasets/functional_protocol_round4_widechem_boost/meta_gga_r2scan/cif/mp-1097015.cif,train,-1.0010889242499983,-2.8381420135498048,-0.9986309108990676,-0.9962760490013132,-0.8436323247551258,20,3
mp-29950,Nb3Cl8,<PROJECT_ROOT>/external_datasets/functional_protocol_round4_widechem_boost/meta_gga_r2scan/cif/mp-29950.cif,train,-1.4542076809090905,-5.360973358154297,-1.3982129230333626,-1.4012428808910693,-1.597646777081497,22,2
mp-8932,Cs2SiP2,<PROJECT_ROOT>/external_datasets/functional_protocol_round4_widechem_boost/meta_gga_r2scan/cif/mp-8932.cif,train,-0.5966127281904761,-4.070287322998047,-0.4786180593907039,-0.481610554554682,-0.6755860938640823,10,3
mp-1186117,NiPt3,<PROJECT_ROOT>/external_datasets/functional_protocol_round4_widechem_boost/meta_gga_r2scan/cif/mp-1186117.cif,train,-0.0904060874999999,-6.042923927307129,-0.2058737610911958,-0.214426948940015,-0.7688503096763966,4,2
mp-982596,TbSc,<PROJECT_ROOT>/external_datasets/functional_protocol_round4_widechem_boost/meta_gga_r2scan/cif/mp-982596.cif,train,0.069014227500002,-5.429670333862305,-0.0332545158808859,-0.0490068154161811,-1.0700814138053478,2,2
mp-984551,AcTlHg2,<PROJECT_ROOT>/external_datasets/functional_protocol_round4_widechem_boost/meta_gga_r2scan/cif/mp-984551.cif,train,-0.4534742781250003,-2.161557197570801,-0.3909687893167133,-0.3839362386496878,0.0719184022495864,4,3
mp-865255,LuNbRu2,<PROJECT_ROOT>/external_datasets/functional_protocol_round4_widechem_boost/meta_gga_r2scan/cif/mp-865255.cif,train,-0.4986545991666666,-8.723736763000488,-0.4257729923191462,-0.4269134801643011,-0.5008406655788445,4,3
mp-1066975,TmSi,<PROJECT_ROOT>/external_datasets/functional_protocol_round4_widechem_boost/meta_gga_r2scan/cif/mp-1066975.cif,train,-0.8853028925000039,-5.764273166656494,-0.8387157823234741,-0.8434378733902852,-1.1495269766859,4,2
mp-4449,Tl2SeO4,<PROJECT_ROOT>/external_datasets/functional_protocol_round4_widechem_boost/meta_gga_r2scan/cif/mp-4449.cif,train,-0.9123421648660732,-4.824835096086774,-1.1951838257279697,-1.2070631388802386,-1.977088167856199,28,3
mp-1212952,Dy3CrS6,<PROJECT_ROOT>/external_datasets/functional_protocol_round4_widechem_boost/meta_gga_r2scan/cif/mp-1212952.cif,train,-2.0475339881874985,-6.553089904785156,-1.986698383678128,-1.974331768641969,-1.1727195054167328,40,3
mp-1187945,Yb3Cd,<PROJECT_ROOT>/external_datasets/functional_protocol_round4_widechem_boost/meta_gga_r2scan/cif/mp-1187945.cif,train,-0.029785966250003,-1.4115389585494995,-0.1608363302043214,-0.1628443676781179,-0.293006700644594,4,2
mp-505334,Dy2Mn3Si5,<PROJECT_ROOT>/external_datasets/functional_protocol_round4_widechem_boost/meta_gga_r2scan/cif/mp-505334.cif,train,-0.6244712793448286,-7.004621887207032,-0.9052955812140392,-0.9012648917398538,-0.6399929024107925,40,3
mp-1192694,RbU3TiTe9,<PROJECT_ROOT>/external_datasets/functional_protocol_round4_widechem_boost/meta_gga_r2scan/cif/mp-1192694.cif,train,-1.033909284851197,-5.798982892717634,-0.9028187011522631,-0.9073785698557676,-1.202952310991373,28,4
mp-1226384,Gd(CuS)3,<PROJECT_ROOT>/external_datasets/functional_protocol_round4_widechem_boost/meta_gga_r2scan/cif/mp-1226384.cif,train,-0.9921145540625004,-6.399115971156529,-0.9154097050162582,-0.9111097532183248,-0.6323839998553942,14,3
mp-1682,ZrAs,<PROJECT_ROOT>/external_datasets/functional_protocol_round4_widechem_boost/meta_gga_r2scan/cif/mp-1682.cif,train,-1.3366156124999975,-7.745765686035156,-1.2716501955581423,-1.2658227548797134,-0.8880841499836329,8,2
mp-8127,K2Mg(CO3)2,<PROJECT_ROOT>/external_datasets/functional_protocol_round4_widechem_boost/meta_gga_r2scan/cif/mp-8127.cif,train,-2.050995002272727,-6.608743840997869,-2.2174573609170345,-2.2131018386255032,-1.9307739686761067,11,4
mp-1179959,Pb2O3,<PROJECT_ROOT>/external_datasets/functional_protocol_round4_widechem_boost/meta_gga_r2scan/cif/mp-1179959.cif,train,-1.0881636262500023,-5.407403182983399,-1.3003915687089176,-1.3100334420701651,-1.9350261263443496,10,2
mp-31293,Eu2Sn5Au2,<PROJECT_ROOT>/external_datasets/functional_protocol_round4_widechem_boost/meta_gga_r2scan/cif/mp-31293.cif,train,-0.541210046666663,-5.755863189697266,-0.5404387969433442,-0.5425160310208925,-0.6771637341542355,18,3
mp-9934,BaMgSi,<PROJECT_ROOT>/external_datasets/functional_protocol_round4_widechem_boost/meta_gga_r2scan/cif/mp-9934.cif,train,-0.4292728749999999,-3.3643182118733725,-0.3764271747032528,-0.3797215544063048,-0.593265451581246,6,3
mp-22326,Mg4As6Rh7,<PROJECT_ROOT>/external_datasets/functional_protocol_round4_widechem_boost/meta_gga_r2scan/cif/mp-22326.cif,train,-0.6999003032352943,-5.685004739200368,-0.6983143690811433,-0.6939732845442155,-0.4125812795110378,17,3
mp-850194,TiNiO3,<PROJECT_ROOT>/external_datasets/functional_protocol_round4_widechem_boost/meta_gga_r2scan/cif/mp-850194.cif,train,-2.4737799935833324,-7.3289131164550785,-2.015032128030961,-2.0196724312574315,-2.320459992004292,10,3
mp-18420,Er3CrS6,<PROJECT_ROOT>/external_datasets/functional_protocol_round4_widechem_boost/meta_gga_r2scan/cif/mp-18420.cif,train,-2.0260638484374995,-6.530498504638672,-1.9879876607056328,-1.9779559291398807,-1.3276923751292076,40,3
mp-558133,Rb2MnF6,<PROJECT_ROOT>/external_datasets/functional_protocol_round4_widechem_boost/meta_gga_r2scan/cif/mp-558133.cif,train,-2.9819268285536404,-4.884161631266276,-2.839234370498147,-2.8373009985135527,-2.711978532527925,18,3
mp-1095130,DySiAg,<PROJECT_ROOT>/external_datasets/functional_protocol_round4_widechem_boost/meta_gga_r2scan/cif/mp-1095130.cif,train,-0.6460753572222208,-4.881591373019749,-0.5890418062027027,-0.5876685391024532,-0.4986524465793487,9,3
mp-571146,SnICl,<PROJECT_ROOT>/external_datasets/functional_protocol_round4_widechem_boost/meta_gga_r2scan/cif/mp-571146.cif,train,-0.8015298525000011,-3.201263109842936,-0.8481924195483201,-0.8513796362005079,-1.0579771526980986,12,3
mp-864733,MoI3,<PROJECT_ROOT>/external_datasets/functional_protocol_round4_widechem_boost/meta_gga_r2scan/cif/mp-864733.cif,train,-0.118848961874999,-3.825611114501953,-0.1862121733929811,-0.1902925075832486,-0.4547825006341135,8,2
mp-656887,Ni3O4,<PROJECT_ROOT>/external_datasets/functional_protocol_round4_widechem_boost/meta_gga_r2scan/cif/mp-656887.cif,train,-1.082332632142858,-4.844113486153739,0.0494847305948686,0.0189029002919651,-1.9634318073869537,14,2
mp-1187086,Sr2HgGe,<PROJECT_ROOT>/external_datasets/functional_protocol_round4_widechem_boost/meta_gga_r2scan/cif/mp-1187086.cif,train,-0.6249877543750024,-2.638582229614258,-0.5348557163199974,-0.5373169730259733,-0.6968572799484577,4,3
mp-1095499,CsAuCl4,<PROJECT_ROOT>/external_datasets/functional_protocol_round4_widechem_boost/meta_gga_r2scan/cif/mp-1095499.cif,train,-1.0770385750000009,-2.864304860432943,-1.1047674648489143,-1.108947983136865,-1.379931976449494,12,3
mp-600051,SiO2,<PROJECT_ROOT>/external_datasets/functional_protocol_round4_widechem_boost/meta_gga_r2scan/cif/mp-600051.cif,train,-3.01622293875,-7.895938449435764,-3.1524869480580646,-3.1423608038183746,-2.4859773570959414,72,2
mp-27321,Na3(CuS)4,<PROJECT_ROOT>/external_datasets/functional_protocol_round4_widechem_boost/meta_gga_r2scan/cif/mp-27321.cif,train,-0.7516821051136356,-3.972444360906428,-0.7252414084994476,-0.7233489711790293,-0.6006799175214192,22,3
mp-23199,BaCl2,<PROJECT_ROOT>/external_datasets/functional_protocol_round4_widechem_boost/meta_gga_r2scan/cif/mp-23199.cif,train,-2.8096570275,-4.404752095540364,-2.730104713550938,-2.714795585475062,-1.7224476576851115,12,2
mp-1209109,RhF6,<PROJECT_ROOT>/external_datasets/functional_protocol_round4_widechem_boost/meta_gga_r2scan/cif/mp-1209109.cif,train,-1.3787460021428577,-3.861719676426479,-1.6049025602341658,-1.6300562837870889,-3.260537479073724,28,2
mp-10711,VSi2,<PROJECT_ROOT>/external_datasets/functional_protocol_round4_widechem_boost/meta_gga_r2scan/cif/mp-10711.cif,train,-0.4545473,-7.127572801378038,-0.6209919316044754,-0.6214021305249231,-0.6479914990812549,9,2
mp-1851,SnPd2,<PROJECT_ROOT>/external_datasets/functional_protocol_round4_widechem_boost/meta_gga_r2scan/cif/mp-1851.cif,train,-0.5198586991666664,-5.329683939615886,-0.515937680801775,-0.514704207614888,-0.4347496501173348,12,2
mp-557211,SiO2,<PROJECT_ROOT>/external_datasets/functional_protocol_round4_widechem_boost/meta_gga_r2scan/cif/mp-557211.cif,train,-3.0189881704166672,-7.8980712890625,-3.1546197876848003,-3.1444612396477867,-2.4859773570959414,72,2
mp-28481,Ti(ClO4)4,<PROJECT_ROOT>/external_datasets/functional_protocol_round4_widechem_boost/meta_gga_r2scan/cif/mp-28481.cif,train,-0.2753985981746027,-4.721431913829985,-0.7215453743714533,-0.7559146102358465,-2.983751481200324,42,3
mp-20170,CeCrSe3,<PROJECT_ROOT>/external_datasets/functional_protocol_round4_widechem_boost/meta_gga_r2scan/cif/mp-20170.cif,train,-1.523681554437499,-6.386093521118164,-1.5897800078332691,-1.5841395019453168,-1.2185181352777137,20,3
mp-8098,InGaO3,<PROJECT_ROOT>/external_datasets/functional_protocol_round4_widechem_boost/meta_gga_r2scan/cif/mp-8098.cif,train,-1.97654510925,-5.834417343139648,-2.087917060627805,-2.088799769072401,-2.14601752122038,10,3
mp-1207775,Y2(Ga3Rh)3,<PROJECT_ROOT>/external_datasets/functional_protocol_round4_widechem_boost/meta_gga_r2scan/cif/mp-1207775.cif,train,-0.7697459692857141,-5.154556819370815,-0.730891469683633,-0.7279586704785768,-0.5378526631772285,28,3
mp-20819,ErGePd2,<PROJECT_ROOT>/external_datasets/functional_protocol_round4_widechem_boost/meta_gga_r2scan/cif/mp-20819.cif,train,-0.9493463077083356,-5.795017719268799,-0.9402800732855772,-0.9379465909314392,-0.786688703011818,16,3
mp-1209518,Rb2SmBr5,<PROJECT_ROOT>/external_datasets/functional_protocol_round4_widechem_boost/meta_gga_r2scan/cif/mp-1209518.cif,train,-2.134451837187502,-3.727673292160034,-2.050936359961212,-2.0419379522526957,-1.458655142238715,32,3
mp-1190025,Ba2US6,<PROJECT_ROOT>/external_datasets/functional_protocol_round4_widechem_boost/meta_gga_r2scan/cif/mp-1190025.cif,train,-1.7158293863194432,-5.87528822157118,-1.6424166958541964,-1.6410903537768462,-1.555115972644288,18,3
mp-865734,Li5(Cu2P3)2,<PROJECT_ROOT>/external_datasets/functional_protocol_round4_widechem_boost/meta_gga_r2scan/cif/mp-865734.cif,train,-0.5213463907460313,-4.339078267415364,-0.4973221312984339,-0.4971922153333459,-0.48877097552969,15,3
mp-2751309,TmMn12,<PROJECT_ROOT>/external_datasets/functional_protocol_round4_widechem_boost/meta_gga_r2scan/cif/mp-2751309.cif,train,-0.0926497956763927,-8.538097675030048,-0.6889622304844831,-0.6825700555905776,-0.2682250008879857,13,2
mp-764501,Na8FeO6,<PROJECT_ROOT>/external_datasets/functional_protocol_round4_widechem_boost/meta_gga_r2scan/cif/mp-764501.cif,train,-1.5128174515000004,-4.345270284016928,-1.4274191885006826,-1.4317713672602963,-1.7138825072327608,30,3
mp-1095072,Sm(PIr)2,<PROJECT_ROOT>/external_datasets/functional_protocol_round4_widechem_boost/meta_gga_r2scan/cif/mp-1095072.cif,train,-1.119617099190475,-7.647554779052735,-1.0253400324334567,-1.023662280306966,-0.9149092646005896,10,3
mp-1184907,K3Cd,<PROJECT_ROOT>/external_datasets/functional_protocol_round4_widechem_boost/meta_gga_r2scan/cif/mp-1184907.cif,train,0.0669550671875001,-1.0255790948867798,-0.0181886917978966,-0.0273804323007249,-0.6231952034330355,4,2
mp-18014,Th7Fe3,<PROJECT_ROOT>/external_datasets/functional_protocol_round4_widechem_boost/meta_gga_r2scan/cif/mp-18014.cif,train,0.0741931075000024,-7.851081848144531,-0.1689823809092043,-0.1789235962305886,-0.8233198267009073,20,2
mp-23005,Bi4Te7Pb,<PROJECT_ROOT>/external_datasets/functional_protocol_round4_widechem_boost/meta_gga_r2scan/cif/mp-23005.cif,train,-0.3112987533333324,-3.7013327280680337,-0.3197902279078759,-0.320672585063372,-0.3778675664161472,12,3
mp-1185937,MgPb,<PROJECT_ROOT>/external_datasets/functional_protocol_round4_widechem_boost/meta_gga_r2scan/cif/mp-1185937.cif,train,-0.0490673374999985,-2.6929025650024414,-0.0012272927771399,0.0027980641866651,0.2637243966245386,4,2
mp-558279,Tl2Te3O7,<PROJECT_ROOT>/external_datasets/functional_protocol_round4_widechem_boost/meta_gga_r2scan/cif/mp-558279.cif,train,-1.0775388580208347,-5.042634963989258,-1.3502594854302234,-1.3611605104957194,-2.0677722509499734,24,3
mp-7260,P4S5,<PROJECT_ROOT>/external_datasets/functional_protocol_round4_widechem_boost/meta_gga_r2scan/cif/mp-7260.cif,train,-0.1730693312185849,-4.8380788167317705,-0.2511286801537213,-0.2654733430243077,-1.1953039907203655,18,2
mp-1106365,Th5Pb4,<PROJECT_ROOT>/external_datasets/functional_protocol_round4_widechem_boost/meta_gga_r2scan/cif/mp-1106365.cif,train,-0.5008256922222168,-6.132250467936198,-0.3941057326647517,-0.3976588852489477,-0.6279766137673144,18,2
mp-21505,YAgPb,<PROJECT_ROOT>/external_datasets/functional_protocol_round4_widechem_boost/meta_gga_r2scan/cif/mp-21505.cif,train,-0.5010530149999997,-4.7412842644585504,-0.3997286980972676,-0.3972207930570821,-0.2346567098897909,9,3
mp-1185898,MgIn2,<PROJECT_ROOT>/external_datasets/functional_protocol_round4_widechem_boost/meta_gga_r2scan/cif/mp-1185898.cif,train,-0.0553766733333323,-2.380451520284017,-0.0596005670339585,-0.059518521769025,-0.0542002927877631,6,2
mp-1212556,K2CoBr4,<PROJECT_ROOT>/external_datasets/functional_protocol_round4_widechem_boost/meta_gga_r2scan/cif/mp-1212556.cif,train,-1.4264512632142856,-3.4101739610944475,-1.297917104368357,-1.2962730070551762,-1.189701518872794,28,3
mp-20721,NpTeAs,<PROJECT_ROOT>/external_datasets/functional_protocol_round4_widechem_boost/meta_gga_r2scan/cif/mp-20721.cif,train,-1.0771120487500052,-7.549150466918945,-1.0721340216671995,-1.078198833347682,-1.471323985460478,6,3
mp-30438,Be2Cr,<PROJECT_ROOT>/external_datasets/functional_protocol_round4_widechem_boost/meta_gga_r2scan/cif/mp-30438.cif,train,-0.2632140066666674,-5.89805793762207,-0.4911119244660069,-0.4883138738686616,-0.3069423615025102,12,2
mp-17449,Tc3P,<PROJECT_ROOT>/external_datasets/functional_protocol_round4_widechem_boost/meta_gga_r2scan/cif/mp-17449.cif,train,-0.3739010807440444,-9.464152336120604,-0.2259792313125412,-0.2229550720759823,-0.0269270463891092,16,2
mp-1192934,Tb6Cu23,<PROJECT_ROOT>/external_datasets/functional_protocol_round4_widechem_boost/meta_gga_r2scan/cif/mp-1192934.cif,train,-0.1917588031034491,-4.392169294686153,-0.1860767517495398,-0.1821044667592302,0.0753817048364275,29,2
mp-640370,CeZn11,<PROJECT_ROOT>/external_datasets/functional_protocol_round4_widechem_boost/meta_gga_r2scan/cif/mp-640370.cif,train,-0.229258548750001,-1.8417685826619463,-0.2313140443073784,-0.230886530097198,-0.203174772871893,24,2
mp-10688,CeO,<PROJECT_ROOT>/external_datasets/functional_protocol_round4_widechem_boost/meta_gga_r2scan/cif/mp-10688.cif,train,-3.0895853143749967,-8.323803901672363,-3.3190458273476624,-3.311000455262593,-2.78949405219754,2,2
mp-973133,ScCuPd2,<PROJECT_ROOT>/external_datasets/functional_protocol_round4_widechem_boost/meta_gga_r2scan/cif/mp-973133.cif,train,-0.6303248562499988,-5.838301658630371,-0.6503574652759605,-0.6476625922978361,-0.4729791222633649,4,3
mp-31627,Ba2NbCrO6,<PROJECT_ROOT>/external_datasets/functional_protocol_round4_widechem_boost/meta_gga_r2scan/cif/mp-31627.cif,train,-2.9604752285000018,-7.755104064941406,-2.905385147085126,-2.896839812602784,-2.3429255123370964,40,4
mp-755956,LiNi3O4,<PROJECT_ROOT>/external_datasets/functional_protocol_round4_widechem_boost/meta_gga_r2scan/cif/mp-755956.cif,train,-1.3827076470833326,-4.914148330688477,-0.4118311137038528,-0.4329981703777781,-1.8050609504193948,16,3
mp-1104399,Dy3Pd4,<PROJECT_ROOT>/external_datasets/functional_protocol_round4_widechem_boost/meta_gga_r2scan/cif/mp-1104399.cif,train,-0.9725688092857102,-5.872250148228237,-0.996615948399385,-0.9930731397678816,-0.7634259131855532,14,2
mp-1222409,LiGaBH3O5,<PROJECT_ROOT>/external_datasets/functional_protocol_round4_widechem_boost/meta_gga_r2scan/cif/mp-1222409.cif,train,-1.8483356826515145,-5.965927817604759,-2.0136498077652214,-2.0091857474476718,-1.719822370012153,22,5
mp-11160,SmSbIr,<PROJECT_ROOT>/external_datasets/functional_protocol_round4_widechem_boost/meta_gga_r2scan/cif/mp-11160.cif,train,-1.01647506416667,-6.77806282043457,-0.9198859653704056,-0.9182279539502476,-0.8107545440411519,12,3
mp-31107,As2Pb8O13,<PROJECT_ROOT>/external_datasets/functional_protocol_round4_widechem_boost/meta_gga_r2scan/cif/mp-31107.cif,train,-1.3895622571195645,-5.726301110309104,-1.5758374703083715,-1.5808746652358785,-1.9073890116704664,46,3
mp-1017507,TmAu,<PROJECT_ROOT>/external_datasets/functional_protocol_round4_widechem_boost/meta_gga_r2scan/cif/mp-1017507.cif,train,-1.0060674524999982,-4.775248050689697,-0.9790198436114474,-0.9776321868511948,-0.8876833469370919,4,2
mp-652046,Re3S4Br,<PROJECT_ROOT>/external_datasets/functional_protocol_round4_widechem_boost/meta_gga_r2scan/cif/mp-652046.cif,train,-0.6472539910937485,-7.506140232086182,-0.6580690860953666,-0.6594896041393801,-0.751568534459366,32,3
mp-1215498,YbGeAu,<PROJECT_ROOT>/external_datasets/functional_protocol_round4_widechem_boost/meta_gga_r2scan/cif/mp-1215498.cif,train,-0.8234622083333344,-3.902478535970052,-0.8072894457443018,-0.8008479979165086,-0.3833090386637506,3,3
mp-1206263,TmMgAg,<PROJECT_ROOT>/external_datasets/functional_protocol_round4_widechem_boost/meta_gga_r2scan/cif/mp-1206263.cif,train,-0.2704824988888895,-3.2306109534369574,-0.279439960351274,-0.2796379526609502,-0.2924719466831245,9,3
mp-1219724,PrCdIn,<PROJECT_ROOT>/external_datasets/functional_protocol_round4_widechem_boost/meta_gga_r2scan/cif/mp-1219724.cif,train,-0.5586394538888868,-3.244170824686686,-0.478146774971556,-0.4766753281570866,-0.3812951608514981,6,3
mp-28878,RbTe6,<PROJECT_ROOT>/external_datasets/functional_protocol_round4_widechem_boost/meta_gga_r2scan/cif/mp-28878.cif,train,-0.311123444464284,-3.079981940133231,-0.353618345058643,-0.3600985115774167,-0.7801472422931987,14,2
mp-1186244,PmNd3,<PROJECT_ROOT>/external_datasets/functional_protocol_round4_widechem_boost/meta_gga_r2scan/cif/mp-1186244.cif,train,0.0193214150000002,-4.752124786376953,-0.0832404558236747,-0.094973785478702,-0.8555360664608957,4,2
mp-752579,Tm2TiO5,<PROJECT_ROOT>/external_datasets/functional_protocol_round4_widechem_boost/meta_gga_r2scan/cif/mp-752579.cif,train,-3.8060550216145854,-8.681039810180664,-3.892155484669516,-3.8734270402665993,-2.6594367397183287,32,3
mp-540660,Nb4As3,<PROJECT_ROOT>/external_datasets/functional_protocol_round4_widechem_boost/meta_gga_r2scan/cif/mp-540660.cif,train,-0.6822022224999996,-8.35658700125558,-0.5930569606668961,-0.5967791410221732,-0.8380533627873721,28,2
mp-23413,NbBiO4,<PROJECT_ROOT>/external_datasets/functional_protocol_round4_widechem_boost/meta_gga_r2scan/cif/mp-23413.cif,train,-2.229478707916668,-7.678841272989909,-2.4224794383301065,-2.4212356790352203,-2.34061436913201,24,3
mp-620372,Rb2Se5,<PROJECT_ROOT>/external_datasets/functional_protocol_round4_widechem_boost/meta_gga_r2scan/cif/mp-620372.cif,train,-0.7014346536160717,-3.3503526960100447,-0.7722455929329235,-0.7791486757162724,-1.226611121746291,28,2
mp-1220273,Nd6Ge3Se14,<PROJECT_ROOT>/external_datasets/functional_protocol_round4_widechem_boost/meta_gga_r2scan/cif/mp-1220273.cif,train,-1.5517440057336942,-5.301207832668139,-1.4948285554965688,-1.489354326403716,-1.1345111328784068,23,3
mp-977409,NbTc2Ge,<PROJECT_ROOT>/external_datasets/functional_protocol_round4_widechem_boost/meta_gga_r2scan/cif/mp-977409.cif,train,-0.2965919375000005,-9.117977142333984,-0.1339909720791681,-0.1348603633850826,-0.1912148896914481,4,3
mp-1201674,SmCo5P3,<PROJECT_ROOT>/external_datasets/functional_protocol_round4_widechem_boost/meta_gga_r2scan/cif/mp-1201674.cif,train,-0.7419781509920634,-7.077085706922743,-0.8142638106759392,-0.8073172498691994,-0.3570365292634573,36,3
mp-23279,KBi2,<PROJECT_ROOT>/external_datasets/functional_protocol_round4_widechem_boost/meta_gga_r2scan/cif/mp-23279.cif,train,-0.3914436395833386,-3.235110600789388,-0.2898684457038967,-0.2883934777550845,-0.1927850681642261,6,2
mp-1206054,Er6FeSb2,<PROJECT_ROOT>/external_datasets/functional_protocol_round4_widechem_boost/meta_gga_r2scan/cif/mp-1206054.cif,train,-0.6135283200000003,-5.45224126180013,-0.6712789203828553,-0.6777928111629565,-1.1000275710680631,9,3
mp-7614,Si(Ag4S3)2,<PROJECT_ROOT>/external_datasets/functional_protocol_round4_widechem_boost/meta_gga_r2scan/cif/mp-7614.cif,train,-0.2859062704583323,-3.718885803222656,-0.2339018330055315,-0.2372956157983168,-0.4572828877759111,60,3
mp-1018133,LiHPd,<PROJECT_ROOT>/external_datasets/functional_protocol_round4_widechem_boost/meta_gga_r2scan/cif/mp-1018133.cif,train,-0.4082192884722223,-3.8947525024414062,-0.4417298629030091,-0.4420298024585607,-0.4614720851935869,3,3
mp-979942,Yb3V,<PROJECT_ROOT>/external_datasets/functional_protocol_round4_widechem_boost/meta_gga_r2scan/cif/mp-979942.cif,train,0.1226465162500005,-2.9297404289245605,0.2003917105804835,0.1908547107526859,-0.42734000089488,4,2
mp-1217629,Tb3Mg,<PROJECT_ROOT>/external_datasets/functional_protocol_round4_widechem_boost/meta_gga_r2scan/cif/mp-1217629.cif,train,-0.0263015887500017,-3.898215532302856,-0.0934508580470292,-0.1018260801676005,-0.6447135832919744,4,2
mp-1208554,TaSiPt,<PROJECT_ROOT>/external_datasets/functional_protocol_round4_widechem_boost/meta_gga_r2scan/cif/mp-1208554.cif,train,-0.7530151132777784,-8.486156463623047,-0.7376971281271381,-0.7374576698220832,-0.7219358222262267,12,3
mp-1079483,LiAuF6,<PROJECT_ROOT>/external_datasets/functional_protocol_round4_widechem_boost/meta_gga_r2scan/cif/mp-1079483.cif,train,-1.5900956870833325,-3.471393585205078,-1.783850909135726,-1.8010680240071144,-2.917092932838444,8,3
mp-772186,Tm(ClO4)3,<PROJECT_ROOT>/external_datasets/functional_protocol_round4_widechem_boost/meta_gga_r2scan/cif/mp-772186.cif,train,-0.5368153939062505,-4.788344383239746,-0.950754681481877,-0.981375197893505,-2.9662175650313616,32,3
mp-7446,Rb2S3,<PROJECT_ROOT>/external_datasets/functional_protocol_round4_widechem_boost/meta_gga_r2scan/cif/mp-7446.cif,train,-0.9422410801875004,-3.6517707824707033,-0.925039192063318,-0.9298095738237366,-1.2390289121981493,10,2
mp-20877,NbCoB2,<PROJECT_ROOT>/external_datasets/functional_protocol_round4_widechem_boost/meta_gga_r2scan/cif/mp-20877.cif,train,-0.5762509662500008,-8.24781608581543,-0.568381627603352,-0.5665763120604916,-0.4495545503316925,16,3
mp-1028384,Mg14TiNi,<PROJECT_ROOT>/external_datasets/functional_protocol_round4_widechem_boost/meta_gga_r2scan/cif/mp-1028384.cif,train,0.0772288533333327,-2.1938438415527344,0.0896827547914678,0.0913531724376861,0.1996307622231451,16,3
mp-20451,LaInPt,<PROJECT_ROOT>/external_datasets/functional_protocol_round4_widechem_boost/meta_gga_r2scan/cif/mp-20451.cif,train,-1.1178960872222268,-5.563462151421441,-1.109599537239073,-1.1070532220100766,-0.9419993646999768,9,3
mp-1186266,Nd3Dy,<PROJECT_ROOT>/external_datasets/functional_protocol_round4_widechem_boost/meta_gga_r2scan/cif/mp-1186266.cif,train,0.0258099731250034,-4.695862293243408,-0.0753056456952352,-0.0890838857474012,-0.9821986272656054,8,2
mp-866117,HfZnAu2,<PROJECT_ROOT>/external_datasets/functional_protocol_round4_widechem_boost/meta_gga_r2scan/cif/mp-866117.cif,train,-0.4760410412499993,-4.871586799621582,-0.4477937327695755,-0.4475439648749519,-0.4313538427837242,4,3
mp-1218978,SmTmS2,<PROJECT_ROOT>/external_datasets/functional_protocol_round4_widechem_boost/meta_gga_r2scan/cif/mp-1218978.cif,train,-2.245484831406252,-6.343912601470947,-2.1372962703028024,-2.1269874240790587,-1.4587611124735278,4,3
mp-865810,TiTc2W,<PROJECT_ROOT>/external_datasets/functional_protocol_round4_widechem_boost/meta_gga_r2scan/cif/mp-865810.cif,train,-0.4459874016666667,-10.791019439697266,-0.9773112247109416,-0.964148703155157,-0.1109452466535545,4,3
mp-22382,TbInAg2,<PROJECT_ROOT>/external_datasets/functional_protocol_round4_widechem_boost/meta_gga_r2scan/cif/mp-22382.cif,train,-0.4247731775000005,-3.630695819854736,-0.39320980568358,-0.3894029205489193,-0.1426380782926619,4,3
mp-568012,Tb2Zn17,<PROJECT_ROOT>/external_datasets/functional_protocol_round4_widechem_boost/meta_gga_r2scan/cif/mp-568012.cif,train,-0.2810126265789473,-1.8537015412983144,-0.2656160683951933,-0.263395356642329,-0.1194473345701908,19,2
mp-567246,PbI2,<PROJECT_ROOT>/external_datasets/functional_protocol_round4_widechem_boost/meta_gga_r2scan/cif/mp-567246.cif,train,-0.7646416678571389,-2.916777111235119,-0.7614017918472356,-0.7594149198901103,-0.6306245498789347,21,2
mp-28269,Cs2SbBr6,<PROJECT_ROOT>/external_datasets/functional_protocol_round4_widechem_boost/meta_gga_r2scan/cif/mp-28269.cif,train,-1.314740718333332,-2.895286136203342,-1.319372903195402,-1.31845481846032,-1.2589439514872462,9,3
mp-1183641,Cd3Pt,<PROJECT_ROOT>/external_datasets/functional_protocol_round4_widechem_boost/meta_gga_r2scan/cif/mp-1183641.cif,train,-0.2389132474999975,-2.390716552734375,-0.1993785860696411,-0.1988896461102403,-0.1671962307092865,4,2
mp-1105453,SbPbF7,<PROJECT_ROOT>/external_datasets/functional_protocol_round4_widechem_boost/meta_gga_r2scan/cif/mp-1105453.cif,train,-2.5584370033333337,-4.677814483642578,-2.708564011227333,-2.7117741710523253,-2.919858879366285,18,3
mp-24397,MgH8SO8,<PROJECT_ROOT>/external_datasets/functional_protocol_round4_widechem_boost/meta_gga_r2scan/cif/mp-24397.cif,train,-1.427766318767361,-5.363028632269965,-1.5999836881237806,-1.6002631812589811,-1.6183801133396174,72,4
mp-542995,Nb6Fe16Si7,<PROJECT_ROOT>/external_datasets/functional_protocol_round4_widechem_boost/meta_gga_r2scan/cif/mp-542995.cif,train,-0.174549689827586,-8.500248876111261,-0.3696081250890124,-0.3671781603352384,-0.20966621869744,29,3
mp-982321,Yb3W,<PROJECT_ROOT>/external_datasets/functional_protocol_round4_widechem_boost/meta_gga_r2scan/cif/mp-982321.cif,train,0.3206935524999963,-3.5580265522003174,0.03326256452775,0.0297319168826177,-0.1991270264245904,8,2
mp-556950,ZnS,<PROJECT_ROOT>/external_datasets/functional_protocol_round4_widechem_boost/meta_gga_r2scan/cif/mp-556950.cif,train,-0.9622242404687515,-3.502410650253296,-0.9073815882558672,-0.9047731807853988,-0.7356944628256694,32,2
mp-1192425,YCo3,<PROJECT_ROOT>/external_datasets/functional_protocol_round4_widechem_boost/meta_gga_r2scan/cif/mp-1192425.cif,train,-0.0869550350000025,-7.106089909871419,-0.1652587282567532,-0.1655623812689164,-0.1852453727423982,24,2
mp-31387,ErGaPd,<PROJECT_ROOT>/external_datasets/functional_protocol_round4_widechem_boost/meta_gga_r2scan/cif/mp-31387.cif,train,-0.9574291136111128,-5.157086690266927,-0.9617462486766204,-0.9600288102128296,-0.8487032995629851,12,3
mp-625572,H5BrO2,<PROJECT_ROOT>/external_datasets/functional_protocol_round4_widechem_boost/meta_gga_r2scan/cif/mp-625572.cif,train,-0.91160382234375,-4.440489768981934,-1.0423642501199115,-1.0438993088311532,-1.1434028418613198,32,3
mp-541875,K3SnSe3,<PROJECT_ROOT>/external_datasets/functional_protocol_round4_widechem_boost/meta_gga_r2scan/cif/mp-541875.cif,train,-1.1809072394196432,-3.5437910897391185,-1.1278112764227228,-1.1256067041793036,-0.9827048559111484,28,3
mp-759923,Na3(NiO2)5,<PROJECT_ROOT>/external_datasets/functional_protocol_round4_widechem_boost/meta_gga_r2scan/cif/mp-759923.cif,train,-1.305043720972222,-4.646276685926649,-0.4775005855017724,-0.500858837056489,-2.014956335766722,36,3
mp-1224783,GdDyNi2,<PROJECT_ROOT>/external_datasets/functional_protocol_round4_widechem_boost/meta_gga_r2scan/cif/mp-1224783.cif,train,-0.3618986520833308,-7.987529754638672,-0.519027232988603,-0.5202926913175965,-0.6023205471335856,12,3
mp-1208842,SmTeAs,<PROJECT_ROOT>/external_datasets/functional_protocol_round4_widechem_boost/meta_gga_r2scan/cif/mp-1208842.cif,train,-1.4059743125000022,-5.386421203613281,-1.346039488956419,-1.3410560875880924,-1.018028675661481,12,3
mp-5368,Li2GeF6,<PROJECT_ROOT>/external_datasets/functional_protocol_round4_widechem_boost/meta_gga_r2scan/cif/mp-5368.cif,train,-2.9507402529629627,-4.90127506962529,-3.0495503808862985,-3.0442256430763357,-2.699072574559791,27,3
mp-642660,Mg2CoH5,<PROJECT_ROOT>/external_datasets/functional_protocol_round4_widechem_boost/meta_gga_r2scan/cif/mp-642660.cif,train,-0.2984626123437497,-3.659230709075928,-0.2234874858394291,-0.2199401465606927,0.0100007596066706,16,3
mp-1205305,Tb2CoGe2,<PROJECT_ROOT>/external_datasets/functional_protocol_round4_widechem_boost/meta_gga_r2scan/cif/mp-1205305.cif,train,-0.7696423930000009,-5.863148498535156,-0.761803446820533,-0.7586406794613154,-0.5536279824982633,10,3
mp-1211691,K2TbF5,<PROJECT_ROOT>/external_datasets/functional_protocol_round4_widechem_boost/meta_gga_r2scan/cif/mp-1211691.cif,train,-3.7624271671875,-5.520749568939209,-3.81630844261817,-3.798927318104309,-2.672271194483269,32,3
mp-1288387,Co2As2O7,<PROJECT_ROOT>/external_datasets/functional_protocol_round4_widechem_boost/meta_gga_r2scan/cif/mp-1288387.cif,train,-1.288228449659092,-6.092426646839488,-1.2127975038046452,-1.2288391911954664,-2.268672104058777,22,3
mp-985705,CeAgAs2,<PROJECT_ROOT>/external_datasets/functional_protocol_round4_widechem_boost/meta_gga_r2scan/cif/mp-985705.cif,train,-0.9145128650000024,-5.297572612762451,-0.9205800977251428,-0.920725121372099,-0.9301256512272684,16,3
mp-28938,Nb3TeCl7,<PROJECT_ROOT>/external_datasets/functional_protocol_round4_widechem_boost/meta_gga_r2scan/cif/mp-28938.cif,train,-1.379053874318182,-5.412095503373579,-1.32057174043232,-1.3231990885262237,-1.4935055503731545,22,3
mp-567574,DyAgGe,<PROJECT_ROOT>/external_datasets/functional_protocol_round4_widechem_boost/meta_gga_r2scan/cif/mp-567574.cif,train,-0.7254699166666652,-4.671062469482422,-0.6641221636821015,-0.6602649576170441,-0.4102382789748371,9,3
mp-1197123,Mg7P6(HO6)4,<PROJECT_ROOT>/external_datasets/functional_protocol_round4_widechem_boost/meta_gga_r2scan/cif/mp-1197123.cif,train,-2.5867309633623687,-6.645723668540397,-2.695673836027044,-2.6858072818781187,-2.0462506385742376,41,4
mp-625359,NdHO2,<PROJECT_ROOT>/external_datasets/functional_protocol_round4_widechem_boost/meta_gga_r2scan/cif/mp-625359.cif,train,-2.7674805134375,-7.0595703125,-2.8617317334080514,-2.847907432004221,-1.9518069628439767,8,3
mp-16613,AlAuO2,<PROJECT_ROOT>/external_datasets/functional_protocol_round4_widechem_boost/meta_gga_r2scan/cif/mp-16613.cif,train,-2.1189123368750025,-6.101607322692871,-2.176272055688734,-2.171243078589674,-1.845261417294385,8,3
mp-29957,Zr5Te6,<PROJECT_ROOT>/external_datasets/functional_protocol_round4_widechem_boost/meta_gga_r2scan/cif/mp-29957.cif,train,-1.0375639540909078,-6.496145999792851,-0.9952078219314312,-0.9923472026230132,-0.8069199445298191,33,2
mp-1196279,Sc11Ge10,<PROJECT_ROOT>/external_datasets/functional_protocol_round4_widechem_boost/meta_gga_r2scan/cif/mp-1196279.cif,train,-0.8837179633333324,-6.339840843563988,-0.8335133650493143,-0.8336951486667976,-0.8454784844145836,42,2
mp-23178,WCl6,<PROJECT_ROOT>/external_datasets/functional_protocol_round4_widechem_boost/meta_gga_r2scan/cif/mp-23178.cif,train,-0.946014501666666,-4.2720355079287575,-1.414275679135554,-1.416519090488963,-1.5619385158608368,21,2
mp-864610,Nd2MgAl,<PROJECT_ROOT>/external_datasets/functional_protocol_round4_widechem_boost/meta_gga_r2scan/cif/mp-864610.cif,train,-0.2839518999999981,-3.971217632293701,-0.2921602245988719,-0.2953805996473475,-0.5041274655836635,4,3
mp-1102291,La3TaO7,<PROJECT_ROOT>/external_datasets/functional_protocol_round4_widechem_boost/meta_gga_r2scan/cif/mp-1102291.cif,train,-3.656045888507572,-8.94213797829368,-3.7920103275709343,-3.773957781136377,-2.603779639254228,11,3
mp-1025266,Tb2Cr2C3,<PROJECT_ROOT>/external_datasets/functional_protocol_round4_widechem_boost/meta_gga_r2scan/cif/mp-1025266.cif,train,-0.3431738171428569,-8.326737540108818,-0.6223659188948822,-0.6154854860015178,-0.1694912209988354,7,3
mp-768309,Ce2TiO5,<PROJECT_ROOT>/external_datasets/functional_protocol_round4_widechem_boost/meta_gga_r2scan/cif/mp-768309.cif,train,-3.661436219114581,-8.881633758544922,-3.759957106866536,-3.7458410389849295,-2.830828071464957,32,3
mp-5318,MnCoSb,<PROJECT_ROOT>/external_datasets/functional_protocol_round4_widechem_boost/meta_gga_r2scan/cif/mp-5318.cif,train,-0.1998362881609191,-6.898333231608073,-0.4432187286907281,-0.4381453596613545,-0.1092861837327643,3,3
mp-3498,HfGaNi2,<PROJECT_ROOT>/external_datasets/functional_protocol_round4_widechem_boost/meta_gga_r2scan/cif/mp-3498.cif,train,-0.5657947525000004,-6.684527397155762,-0.6432020628520378,-0.6406286438008868,-0.4738178985976693,4,3
mp-1518,CeRh3,<PROJECT_ROOT>/external_datasets/functional_protocol_round4_widechem_boost/meta_gga_r2scan/cif/mp-1518.cif,train,-0.6572042349999982,-7.622220993041992,-0.7124488807685978,-0.7148303887176581,-0.8692013278433297,4,2
mp-1199056,RbGe,<PROJECT_ROOT>/external_datasets/functional_protocol_round4_widechem_boost/meta_gga_r2scan/cif/mp-1199056.cif,train,-0.2613204568750014,-2.973084688186645,-0.1910383489419373,-0.1988488689260226,-0.7051320016273923,32,2
mp-1156,GaSb,<PROJECT_ROOT>/external_datasets/functional_protocol_round4_widechem_boost/meta_gga_r2scan/cif/mp-1156.cif,train,-0.2292719200000021,-3.7264814376831055,-0.1672883935123179,-0.1704608807430609,-0.3761036262840093,2,2
mp-864954,MgMoN2,<PROJECT_ROOT>/external_datasets/functional_protocol_round4_widechem_boost/meta_gga_r2scan/cif/mp-864954.cif,train,-1.0926307343749997,-8.142312049865723,-1.0669961064689488,-1.0535023789574929,-0.1788299307428089,8,3
mp-1223832,K(SiPt)4,<PROJECT_ROOT>/external_datasets/functional_protocol_round4_widechem_boost/meta_gga_r2scan/cif/mp-1223832.cif,train,-0.7590644815277775,-5.934644063313802,-0.7378144860478759,-0.7398411605435049,-0.8712115577386687,9,3
mp-556101,BaCoF4,<PROJECT_ROOT>/external_datasets/functional_protocol_round4_widechem_boost/meta_gga_r2scan/cif/mp-556101.cif,train,-3.063934528333334,-5.371208826700847,-2.9444052669588325,-2.9405434911729413,-2.6902206001683258,12,3
mp-1225967,CsPSe6,<PROJECT_ROOT>/external_datasets/functional_protocol_round4_widechem_boost/meta_gga_r2scan/cif/mp-1225967.cif,train,-0.4341049527938985,-3.752984046936035,-0.5375930959705522,-0.5472931164956956,-1.1760549388501005,32,3
mp-26630,TiP2O7,<PROJECT_ROOT>/external_datasets/functional_protocol_round4_widechem_boost/meta_gga_r2scan/cif/mp-26630.cif,train,-2.700948535386904,-7.799007415771484,-2.885297768602249,-2.881935349590837,-2.6639810989106456,20,3
mp-1208487,Tb3BCl3,<PROJECT_ROOT>/external_datasets/functional_protocol_round4_widechem_boost/meta_gga_r2scan/cif/mp-1208487.cif,train,-1.7315187903571427,-5.234953199114118,-1.6482535286307485,-1.643205253420958,-1.3159726756724175,28,3
mp-1212572,GdWC2,<PROJECT_ROOT>/external_datasets/functional_protocol_round4_widechem_boost/meta_gga_r2scan/cif/mp-1212572.cif,train,-0.3162254906250012,-11.611921310424805,-0.866735432874453,-0.8549898053080405,-0.0936303654785666,16,3
mp-580541,Cs2NaSmCl6,<PROJECT_ROOT>/external_datasets/functional_protocol_round4_widechem_boost/meta_gga_r2scan/cif/mp-580541.cif,train,-2.376710305499999,-4.009433364868164,-2.2991781744061037,-2.286136320790037,-1.4407546408993093,10,4
mp-1209662,Rb2Mg2Be3F12,<PROJECT_ROOT>/external_datasets/functional_protocol_round4_widechem_boost/meta_gga_r2scan/cif/mp-1209662.cif,train,-3.5544828668421053,-5.3493600142629525,-3.5864378435030515,-3.570038617147873,-2.507029789325736,76,4
mp-972119,SrCaTl2,<PROJECT_ROOT>/external_datasets/functional_protocol_round4_widechem_boost/meta_gga_r2scan/cif/mp-972119.cif,train,-0.4938260699999972,-2.534389019012451,-0.4497738173111232,-0.4481166828921967,-0.3407001207898564,4,3
mp-568269,TmNiBi,<PROJECT_ROOT>/external_datasets/functional_protocol_round4_widechem_boost/meta_gga_r2scan/cif/mp-568269.cif,train,-0.733534908333335,-5.3635304768880205,-0.7483026524417014,-0.7445926784551222,-0.5041096816777579,3,3
mp-1235591,LiYbNbO3,<PROJECT_ROOT>/external_datasets/functional_protocol_round4_widechem_boost/meta_gga_r2scan/cif/mp-1235591.cif,train,-1.6314505646527782,-6.50943120320638,-2.1103294127344148,-2.108550454537908,-1.99323719364149,6,4
mp-1218874,Sr12Sn4N3,<PROJECT_ROOT>/external_datasets/functional_protocol_round4_widechem_boost/meta_gga_r2scan/cif/mp-1218874.cif,train,-0.7355192255921087,-3.8384327135587992,-0.6216209983758496,-0.6278443797863202,-1.0312481279238142,19,3
mp-755622,V2CoO6,<PROJECT_ROOT>/external_datasets/functional_protocol_round4_widechem_boost/meta_gga_r2scan/cif/mp-755622.cif,train,-2.178232073055557,-7.1717071533203125,-1.596859461152401,-1.6077238403280418,-2.311960169675867,18,3
mp-30126,Ba(BS2)2,<PROJECT_ROOT>/external_datasets/functional_protocol_round4_widechem_boost/meta_gga_r2scan/cif/mp-30126.cif,train,-1.125987273749999,-5.52940913609096,-1.1068365556401112,-1.1081313752866402,-1.192062451356078,14,3
mp-24011,CeHSe,<PROJECT_ROOT>/external_datasets/functional_protocol_round4_widechem_boost/meta_gga_r2scan/cif/mp-24011.cif,train,-1.6227933809374993,-5.62605349222819,-1.518253691523756,-1.5140730385867238,-1.2430803172316536,6,3
mp-3446,SrTm2O4,<PROJECT_ROOT>/external_datasets/functional_protocol_round4_widechem_boost/meta_gga_r2scan/cif/mp-3446.cif,train,-3.745061236785714,-7.75828388759068,-3.790980017806136,-3.7719082999418263,-2.535666783884108,28,3
mp-1227307,Cr8Co7,<PROJECT_ROOT>/external_datasets/functional_protocol_round4_widechem_boost/meta_gga_r2scan/cif/mp-1227307.cif,train,0.2886182586666678,-8.306749979654947,-0.4126608605372146,-0.4037671326227068,0.1727302630846028,30,2
mp-1201217,CsVSeO5,<PROJECT_ROOT>/external_datasets/functional_protocol_round4_widechem_boost/meta_gga_r2scan/cif/mp-1201217.cif,train,-1.8824784247265605,-6.107822895050049,-1.8186830798616729,-1.8270806688269132,-2.3714180057925427,32,4
mp-573073,Cs7Cu6F19,<PROJECT_ROOT>/external_datasets/functional_protocol_round4_widechem_boost/meta_gga_r2scan/cif/mp-573073.cif,train,-2.3757113699999994,-4.168496131896973,-2.375619800659805,-2.373674139375553,-2.2475550727613687,64,3
mp-1197139,PuCd11,<PROJECT_ROOT>/external_datasets/functional_protocol_round4_widechem_boost/meta_gga_r2scan/cif/mp-1197139.cif,train,-0.1152701296180522,-2.068590799967448,-0.0707390418067515,-0.0698265507527331,-0.0106782699291254,36,2
mp-685609,Cs10(Mo2N5)3,<PROJECT_ROOT>/external_datasets/functional_protocol_round4_widechem_boost/meta_gga_r2scan/cif/mp-685609.cif,train,-0.6289694355241922,-6.8279030092300905,-0.6173433727715825,-0.6149361751539679,-0.4589000145192603,62,3
mp-1201545,K2LaCl5,<PROJECT_ROOT>/external_datasets/functional_protocol_round4_widechem_boost/meta_gga_r2scan/cif/mp-1201545.cif,train,-2.474957406562501,-4.26291561126709,-2.398028292055114,-2.3859673318504004,-1.6041678193645752,32,3
mp-2015,Nd3Ge5,<PROJECT_ROOT>/external_datasets/functional_protocol_round4_widechem_boost/meta_gga_r2scan/cif/mp-2015.cif,train,-0.8224705609375036,-5.417301177978516,-0.747888693215577,-0.7466267940996856,-0.664829648860244,16,2
mp-556674,Ba3LuIr2O9,<PROJECT_ROOT>/external_datasets/functional_protocol_round4_widechem_boost/meta_gga_r2scan/cif/mp-556674.cif,train,-2.36721769402778,-6.977327473958334,-2.534628133560936,-2.5337187571456363,-2.474772369289162,30,4
mp-27997,Ca3Al2Ge3,<PROJECT_ROOT>/external_datasets/functional_protocol_round4_widechem_boost/meta_gga_r2scan/cif/mp-27997.cif,train,-0.6229662850000004,-3.960785150527954,-0.571669740579051,-0.5732601165333113,-0.6763493502771585,32,3
mp-1223754,K(Nb3Se4)2,<PROJECT_ROOT>/external_datasets/functional_protocol_round4_widechem_boost/meta_gga_r2scan/cif/mp-1223754.cif,train,-1.0573794284166638,-6.872067769368489,-0.980458972040851,-0.9821442637878376,-1.0913860027392783,15,3
mp-1210270,Na2YF6,<PROJECT_ROOT>/external_datasets/functional_protocol_round4_widechem_boost/meta_gga_r2scan/cif/mp-1210270.cif,train,-3.2586325277777783,-5.272992451985677,-3.3657801294528715,-3.356996446483511,-2.7876322377704668,9,3
mp-1106373,Sm5Si3,<PROJECT_ROOT>/external_datasets/functional_protocol_round4_widechem_boost/meta_gga_r2scan/cif/mp-1106373.cif,train,-0.6997544675,-5.589290142059326,-0.6387370092040605,-0.6465198014734383,-1.1510056051491375,16,2
mp-825375,V2Pb14Cl4O17,<PROJECT_ROOT>/external_datasets/functional_protocol_round4_widechem_boost/meta_gga_r2scan/cif/mp-825375.cif,train,-1.59698232739865,-5.6237504288956925,-1.576886905223418,-1.5787143726164778,-1.6971720320997838,74,4
mp-13416,Sc2InNi2,<PROJECT_ROOT>/external_datasets/functional_protocol_round4_widechem_boost/meta_gga_r2scan/cif/mp-13416.cif,train,-0.5230775190000003,-5.917533111572266,-0.6325228938020286,-0.6314612252309582,-0.5626431579134177,10,3
mp-559385,SrHo2O4,<PROJECT_ROOT>/external_datasets/functional_protocol_round4_widechem_boost/meta_gga_r2scan/cif/mp-559385.cif,train,-3.6873530546428577,-7.740927015032087,-3.7195111342529312,-3.70193124233376,-2.562390882471384,28,3
mp-18687,NbF5,<PROJECT_ROOT>/external_datasets/functional_protocol_round4_widechem_boost/meta_gga_r2scan/cif/mp-18687.cif,train,-3.1588932958333324,-6.2233225504557295,-3.343015649547077,-3.3414950427208074,-3.242928290548507,24,2
mp-672341,UF6,<PROJECT_ROOT>/external_datasets/functional_protocol_round4_widechem_boost/meta_gga_r2scan/cif/mp-672341.cif,train,-3.4796859910714284,-6.515339442661831,-3.759074837173789,-3.756148505230258,-3.566461710150283,28,2
mp-1197857,WO3,<PROJECT_ROOT>/external_datasets/functional_protocol_round4_widechem_boost/meta_gga_r2scan/cif/mp-1197857.cif,train,-2.2814400159374983,-7.474481105804443,-1.631640223640083,-1.6432021932760303,-2.3926568031360835,32,2
mp-2757308,VBr3,<PROJECT_ROOT>/external_datasets/functional_protocol_round4_widechem_boost/meta_gga_r2scan/cif/mp-2757308.cif,train,-1.039139354375001,-4.2722368240356445,-1.1024083897091832,-1.106538920676691,-1.374282702423253,8,2
mp-27505,Fe3Sn2,<PROJECT_ROOT>/external_datasets/functional_protocol_round4_widechem_boost/meta_gga_r2scan/cif/mp-27505.cif,train,0.0701367900000008,-6.675263977050781,0.0483649224375684,0.048459835345298,0.0546121535464094,10,2
mp-13840,Ho3ScO6,<PROJECT_ROOT>/external_datasets/functional_protocol_round4_widechem_boost/meta_gga_r2scan/cif/mp-13840.cif,train,-3.936344718749999,-8.582831573486327,-3.98994955049132,-3.969106959201999,-2.618076242545552,20,3
mp-1207926,YbFeC6(N3O2)2,<PROJECT_ROOT>/external_datasets/functional_protocol_round4_widechem_boost/meta_gga_r2scan/cif/mp-1207926.cif,train,0.1611575423611116,-6.902659098307292,0.3914288645258539,0.368709388828508,-1.103982231294712,36,5
mp-29456,Rb2IN3,<PROJECT_ROOT>/external_datasets/functional_protocol_round4_widechem_boost/meta_gga_r2scan/cif/mp-29456.cif,train,-0.7154533718750002,-5.33007272084554,-0.7567143452415044,-0.7614539212266189,-1.0686764086287583,12,3
mp-1216742,U3P2Se,<PROJECT_ROOT>/external_datasets/functional_protocol_round4_widechem_boost/meta_gga_r2scan/cif/mp-1216742.cif,train,-1.3427743166691453,-8.972329457600912,-1.2232962867236197,-1.2319838371357197,-1.795116669147399,6,3
mp-22990,CsICl2,<PROJECT_ROOT>/external_datasets/functional_protocol_round4_widechem_boost/meta_gga_r2scan/cif/mp-22990.cif,train,-1.2493324481249992,-2.632042169570923,-1.2760170615295765,-1.276692992911646,-1.3205073174767223,4,3
mp-1223799,HoPaO4,<PROJECT_ROOT>/external_datasets/functional_protocol_round4_widechem_boost/meta_gga_r2scan/cif/mp-1223799.cif,train,-4.075079641666666,-9.379597981770834,-4.141679317557482,-4.125294850788634,-3.063242749229268,6,3
mp-772151,Li2Ti4O9,<PROJECT_ROOT>/external_datasets/functional_protocol_round4_widechem_boost/meta_gga_r2scan/cif/mp-772151.cif,train,-3.140907432583333,-8.193420918782552,-3.240978417293279,-3.2295134738081077,-2.4863481639790908,30,3
mp-1225483,ErIn2Sn,<PROJECT_ROOT>/external_datasets/functional_protocol_round4_widechem_boost/meta_gga_r2scan/cif/mp-1225483.cif,train,-0.4485525308333322,-3.903887033462525,-0.4568784886074457,-0.4587305810088518,-0.578784450015828,4,3
mp-9007,Na6P4W,<PROJECT_ROOT>/external_datasets/functional_protocol_round4_widechem_boost/meta_gga_r2scan/cif/mp-9007.cif,train,-0.5445177538095242,-4.272004907781428,-0.7507231495207738,-0.7495396776984089,-0.6728262421115012,22,3
mp-1208880,Sm2SiO5,<PROJECT_ROOT>/external_datasets/functional_protocol_round4_widechem_boost/meta_gga_r2scan/cif/mp-1208880.cif,train,-3.620145071718751,-8.25633430480957,-3.693914933895102,-3.6763187394922263,-2.5357216417254924,32,3
mp-31348,Sc2In,<PROJECT_ROOT>/external_datasets/functional_protocol_round4_widechem_boost/meta_gga_r2scan/cif/mp-31348.cif,train,-0.4704107750000001,-5.509911219278972,-0.4449102069901105,-0.4512465244839116,-0.8619708651277206,6,2
mp-754158,KNdO2,<PROJECT_ROOT>/external_datasets/functional_protocol_round4_widechem_boost/meta_gga_r2scan/cif/mp-754158.cif,train,-2.867494134687501,-6.551918029785156,-2.9513964759168694,-2.9389252653398907,-2.1305330491561696,4,3
mp-1111017,KNa2CoF6,<PROJECT_ROOT>/external_datasets/functional_protocol_round4_widechem_boost/meta_gga_r2scan/cif/mp-1111017.cif,train,-2.5233951743750005,-4.354693603515625,-2.4638674360005224,-2.463773361367747,-2.457675380710268,10,4
mp-31317,La3PbI3,<PROJECT_ROOT>/external_datasets/functional_protocol_round4_widechem_boost/meta_gga_r2scan/cif/mp-31317.cif,train,-1.381516716071429,-4.446086066109793,-1.2740145145182065,-1.2713623933534688,-1.099450124475095,28,3
mp-13263,Ce2Mo2C3,<PROJECT_ROOT>/external_datasets/functional_protocol_round4_widechem_boost/meta_gga_r2scan/cif/mp-13263.cif,train,-0.3696019128571411,-9.034564971923828,-0.4652207092785207,-0.4613292014765937,-0.209079061293299,7,3
mp-1113633,Rb3AlF6,<PROJECT_ROOT>/external_datasets/functional_protocol_round4_widechem_boost/meta_gga_r2scan/cif/mp-1113633.cif,train,-3.392200852375,-4.925566864013672,-3.4368799930703045,-3.4235755000497887,-2.561169358186525,10,3
mp-1249301,Li2V(Si2O5)3,<PROJECT_ROOT>/external_datasets/functional_protocol_round4_widechem_boost/meta_gga_r2scan/cif/mp-1249301.cif,train,-2.839046816857639,-7.487923940022786,-2.886442144946227,-2.878433889220262,-2.359333393393559,48,4
mp-863685,Pm2GePd,<PROJECT_ROOT>/external_datasets/functional_protocol_round4_widechem_boost/meta_gga_r2scan/cif/mp-863685.cif,train,-0.8096735712499985,-5.5664143562316895,-0.7729043651380971,-0.7693137469313296,-0.5365674716830948,4,3
mp-8258,BaAl4S7,<PROJECT_ROOT>/external_datasets/functional_protocol_round4_widechem_boost/meta_gga_r2scan/cif/mp-8258.cif,train,-1.5136241549739573,-5.119357109069824,-1.423971059291981,-1.4191954286405686,-1.1096358536385185,24,3
mp-2748,CeAs,<PROJECT_ROOT>/external_datasets/functional_protocol_round4_widechem_boost/meta_gga_r2scan/cif/mp-2748.cif,train,-1.76066340625,-6.696262359619141,-1.6257930715245106,-1.6249268078050862,-1.568775013749824,2,2
mp-22283,DyFeO3,<PROJECT_ROOT>/external_datasets/functional_protocol_round4_widechem_boost/meta_gga_r2scan/cif/mp-22283.cif,train,-2.79929897975,-7.565961456298828,-2.363437050852056,-2.3605684176557906,-2.1746216939891063,20,3
mp-862758,PrMgHg2,<PROJECT_ROOT>/external_datasets/functional_protocol_round4_widechem_boost/meta_gga_r2scan/cif/mp-862758.cif,train,-0.5246720654166666,-2.21321439743042,-0.4662998221357144,-0.4600048398170235,-0.0519598728881343,4,3
mp-997024,CsAuO2,<PROJECT_ROOT>/external_datasets/functional_protocol_round4_widechem_boost/meta_gga_r2scan/cif/mp-997024.cif,train,-0.9018818743750004,-4.293252468109131,-1.0927722535489202,-1.104166374165601,-1.8427408982606537,8,3
mp-1212718,Ga3Te3Br,<PROJECT_ROOT>/external_datasets/functional_protocol_round4_widechem_boost/meta_gga_r2scan/cif/mp-1212718.cif,train,-0.5651050242857139,-3.352302006312779,-0.5600610943108628,-0.5629267761866847,-0.7486821932867553,28,3
mp-11367,DyHg2,<PROJECT_ROOT>/external_datasets/functional_protocol_round4_widechem_boost/meta_gga_r2scan/cif/mp-11367.cif,train,-0.4670570700000003,-2.113184611002604,-0.4049702446025733,-0.4019236824989294,-0.2044434879736275,3,2
mp-510713,K3Mn2O8,<PROJECT_ROOT>/external_datasets/functional_protocol_round4_widechem_boost/meta_gga_r2scan/cif/mp-510713.cif,train,-1.727616134247347,-5.6219024658203125,-1.4539138534337628,-1.4665685599647516,-2.286855106695272,26,3
mp-980749,VFeRu2,<PROJECT_ROOT>/external_datasets/functional_protocol_round4_widechem_boost/meta_gga_r2scan/cif/mp-980749.cif,train,-0.2154171624999996,-9.13390064239502,-0.2414319826843431,-0.2376332995641741,0.0085998826229543,4,3
mp-30607,ErMg2,<PROJECT_ROOT>/external_datasets/functional_protocol_round4_widechem_boost/meta_gga_r2scan/cif/mp-30607.cif,train,-0.0639771077777785,-2.6421753565470376,-0.0825423368553344,-0.0858703563345848,-0.3015948063165185,12,2
mp-2849,US2,<PROJECT_ROOT>/external_datasets/functional_protocol_round4_widechem_boost/meta_gga_r2scan/cif/mp-2849.cif,train,-1.7843302913194508,-7.873286777072483,-1.633806818028981,-1.6366471742459234,-1.820760965187568,9,2
mp-972507,Yb2Co2O5,<PROJECT_ROOT>/external_datasets/functional_protocol_round4_widechem_boost/meta_gga_r2scan/cif/mp-972507.cif,train,-2.390774978194448,-6.016075981987847,-1.715644875598021,-1.718761962559836,-1.920813625591523,9,3
mp-569794,Ta,<PROJECT_ROOT>/external_datasets/functional_protocol_round4_widechem_boost/meta_gga_r2scan/cif/mp-569794.cif,train,0.0,-11.84691162109375,-0.0378892787312565,-0.0437274169728105,-0.4221594450693743,30,1
mp-1047649,Ca(CuO2)2,<PROJECT_ROOT>/external_datasets/functional_protocol_round4_widechem_boost/meta_gga_r2scan/cif/mp-1047649.cif,train,-1.4938085092857147,-5.57000732421875,-1.6358997691833372,-1.640824020575158,-1.96001729143752,28,3
mp-754534,Li2CeO3,<PROJECT_ROOT>/external_datasets/functional_protocol_round4_widechem_boost/meta_gga_r2scan/cif/mp-754534.cif,train,-2.859076801597221,-6.747235616048177,-3.0403565651224174,-3.028788042388228,-2.278908656317406,6,3
mp-1025365,Sc(VGa2)2,<PROJECT_ROOT>/external_datasets/functional_protocol_round4_widechem_boost/meta_gga_r2scan/cif/mp-1025365.cif,train,-0.4689307292857145,-5.637667519705636,-0.5990820491804563,-0.5980936276038662,-0.5340234794897114,7,3
mp-1078402,ScGePd,<PROJECT_ROOT>/external_datasets/functional_protocol_round4_widechem_boost/meta_gga_r2scan/cif/mp-1078402.cif,train,-0.96974592166667,-6.315838707817925,-0.943541352897773,-0.9403238502055292,-0.7317631723229981,9,3
mp-25469,AlCl3,<PROJECT_ROOT>/external_datasets/functional_protocol_round4_widechem_boost/meta_gga_r2scan/cif/mp-25469.cif,train,-1.6928062693749997,-3.818336248397827,-1.674607287256768,-1.672541041764334,-1.538605626072597,8,2
mp-63,Pr,<PROJECT_ROOT>/external_datasets/functional_protocol_round4_widechem_boost/meta_gga_r2scan/cif/mp-63.cif,train,0.1260252183333357,-4.651397705078125,0.0362744177578795,0.0205410223393593,-0.9993081985492642,1,1
mp-763425,LiMn2F7,<PROJECT_ROOT>/external_datasets/functional_protocol_round4_widechem_boost/meta_gga_r2scan/cif/mp-763425.cif,train,-2.9118232540632176,-5.528887939453125,-2.735796049015934,-2.7354993512768297,-2.7162672052588857,20,3
mp-8475,ErCoC,<PROJECT_ROOT>/external_datasets/functional_protocol_round4_widechem_boost/meta_gga_r2scan/cif/mp-8475.cif,train,-0.3876915977777789,-7.307726542154948,-0.3890713505083045,-0.3897097357240815,-0.4310902926612398,6,3
mp-10956,LaAsRh,<PROJECT_ROOT>/external_datasets/functional_protocol_round4_widechem_boost/meta_gga_r2scan/cif/mp-10956.cif,train,-1.2914784241666648,-6.806501388549805,-1.2722086308604768,-1.267635162036142,-0.971179851966053,6,3
mp-1103607,BiPtSe,<PROJECT_ROOT>/external_datasets/functional_protocol_round4_widechem_boost/meta_gga_r2scan/cif/mp-1103607.cif,train,-0.4012941680208304,-4.820742289225261,-0.4650753504590748,-0.469114900639469,-0.7309612468749561,12,3
mp-10023,La,<PROJECT_ROOT>/external_datasets/functional_protocol_round4_widechem_boost/meta_gga_r2scan/cif/mp-10023.cif,train,0.1042213450000026,-4.793891429901123,-0.0023314976088384,-0.0264224778993549,-1.588015943656583,1,1
mp-1188451,Nd(P3Os)4,<PROJECT_ROOT>/external_datasets/functional_protocol_round4_widechem_boost/meta_gga_r2scan/cif/mp-1188451.cif,train,-0.6780637696008431,-7.329510857077206,-0.6077103721964976,-0.6057735853414705,-0.4802297651670826,17,3
mp-1232409,Nb4SiTe4,<PROJECT_ROOT>/external_datasets/functional_protocol_round4_widechem_boost/meta_gga_r2scan/cif/mp-1232409.cif,train,-0.7107191913888882,-7.117944505479601,-0.6130444093079976,-0.6154167366373704,-0.7691925818498235,36,3
mp-570492,CdI2,<PROJECT_ROOT>/external_datasets/functional_protocol_round4_widechem_boost/meta_gga_r2scan/cif/mp-570492.cif,train,-0.7183687962820514,-1.902832226875501,-0.6765584909156417,-0.6762780740505212,-0.6581012651793273,39,2
mp-1192709,Cs3Ho2Br9,<PROJECT_ROOT>/external_datasets/functional_protocol_round4_widechem_boost/meta_gga_r2scan/cif/mp-1192709.cif,train,-2.169130411249999,-3.802273886544364,-2.0771604392509797,-2.067068242843169,-1.4128853173032292,28,3
mp-27714,H3OF,<PROJECT_ROOT>/external_datasets/functional_protocol_round4_widechem_boost/meta_gga_r2scan/cif/mp-27714.cif,train,-1.337108732,-4.702996826171875,-1.5009589783389474,-1.501064688118544,-1.5079168667817633,20,3
mp-1208111,TlPb2Br5,<PROJECT_ROOT>/external_datasets/functional_protocol_round4_widechem_boost/meta_gga_r2scan/cif/mp-1208111.cif,train,-1.0660918750000017,-3.1640067100524902,-1.055558692121319,-1.053973101795977,-0.9511940757218272,32,3
mp-504818,MoPO5,<PROJECT_ROOT>/external_datasets/functional_protocol_round4_widechem_boost/meta_gga_r2scan/cif/mp-504818.cif,train,-2.262360172389456,-7.223715100969587,-1.8500787004890684,-1.8574054765673933,-2.332332005541741,14,3
mp-19385,YMnO3,<PROJECT_ROOT>/external_datasets/functional_protocol_round4_widechem_boost/meta_gga_r2scan/cif/mp-19385.cif,train,-3.0748073378132177,-8.367274983723958,-2.846638469948904,-2.83813069426079,-2.286650980173802,30,3
mp-567365,Kr,<PROJECT_ROOT>/external_datasets/functional_protocol_round4_widechem_boost/meta_gga_r2scan/cif/mp-567365.cif,train,0.007380098333332,-0.0332908630371093,0.0073854571226031,0.0073853660669351,0.0073794637789118,2,1
mp-28327,LiGaBr3,<PROJECT_ROOT>/external_datasets/functional_protocol_round4_widechem_boost/meta_gga_r2scan/cif/mp-28327.cif,train,-1.2508599758333347,-3.060928726196289,-1.2630365825751992,-1.262654602485444,-1.2378943974220848,20,3
mp-15898,Dy2Co3Si5,<PROJECT_ROOT>/external_datasets/functional_protocol_round4_widechem_boost/meta_gga_r2scan/cif/mp-15898.cif,train,-0.728853964000001,-6.536968994140625,-0.7444188610266718,-0.7413677268015064,-0.5435911642992526,20,3
mp-11306,LuCd3,<PROJECT_ROOT>/external_datasets/functional_protocol_round4_widechem_boost/meta_gga_r2scan/cif/mp-11306.cif,train,-0.267395555416666,-2.0447657108306885,-0.2427726872899085,-0.2433411259321589,-0.2801876991600068,8,2
mp-1209854,Nd2Sn5,<PROJECT_ROOT>/external_datasets/functional_protocol_round4_widechem_boost/meta_gga_r2scan/cif/mp-1209854.cif,train,-0.581588764285714,-4.78492682320731,-0.5357692240365015,-0.5342803206756166,-0.4377686083474952,14,2
mp-30487,EuCd2,<PROJECT_ROOT>/external_datasets/functional_protocol_round4_widechem_boost/meta_gga_r2scan/cif/mp-30487.cif,train,-0.3823342583333347,-4.369599342346191,-0.4014104461432679,-0.4055635529864085,-0.6747707181003382,6,2
mp-2766171,Nb3Ga2Cl9,<PROJECT_ROOT>/external_datasets/functional_protocol_round4_widechem_boost/meta_gga_r2scan/cif/mp-2766171.cif,train,-1.2225827258928572,-4.885995047433036,-1.2261845688605062,-1.2296183361056017,-1.4521974270434157,28,3
mp-863716,Pm2IrPd,<PROJECT_ROOT>/external_datasets/functional_protocol_round4_widechem_boost/meta_gga_r2scan/cif/mp-863716.cif,train,-0.8215086912500027,-6.625500679016113,-0.7825121039193208,-0.7796422097098983,-0.5936137463264979,4,3
mp-1206752,CeTl,<PROJECT_ROOT>/external_datasets/functional_protocol_round4_widechem_boost/meta_gga_r2scan/cif/mp-1206752.cif,train,-0.4243827000000024,-4.349535465240479,-0.3344560758848018,-0.3428332129212048,-0.8858448421720798,2,2
mp-647818,CsNi2F6,<PROJECT_ROOT>/external_datasets/functional_protocol_round4_widechem_boost/meta_gga_r2scan/cif/mp-647818.cif,train,-2.380659328333334,-4.057321336534288,-1.7761407231422797,-1.788103063266055,-2.563509956102621,18,3
mp-30047,Sn2Mo,<PROJECT_ROOT>/external_datasets/functional_protocol_round4_widechem_boost/meta_gga_r2scan/cif/mp-30047.cif,train,0.0605342766666644,-6.270038180881077,-0.0609169281300507,-0.0557413202824506,0.2797450442686292,18,2
mp-1207655,YCo5As3,<PROJECT_ROOT>/external_datasets/functional_protocol_round4_widechem_boost/meta_gga_r2scan/cif/mp-1207655.cif,train,-0.453645188888888,-6.728669060601129,-0.5669474418803757,-0.5636519687738302,-0.3500371964523918,36,3
mp-1079720,AgO,<PROJECT_ROOT>/external_datasets/functional_protocol_round4_widechem_boost/meta_gga_r2scan/cif/mp-1079720.cif,train,-0.1785533293749992,-3.932687282562256,-0.3148827543521966,-0.3330732800049203,-1.512195327152429,8,2
mp-1206135,Hf6FeSb2,<PROJECT_ROOT>/external_datasets/functional_protocol_round4_widechem_boost/meta_gga_r2scan/cif/mp-1206135.cif,train,-0.4347114100000087,-8.933578491210938,-0.4661908026931343,-0.4723606717917645,-0.8722957160614289,9,3
mp-559909,Sr3Ru2O7,<PROJECT_ROOT>/external_datasets/functional_protocol_round4_widechem_boost/meta_gga_r2scan/cif/mp-559909.cif,train,-2.237265656770836,-6.800344467163086,-2.282778556205378,-2.282304338750653,-2.251565245956615,24,3
mp-28759,Al7(TlS4)3,<PROJECT_ROOT>/external_datasets/functional_protocol_round4_widechem_boost/meta_gga_r2scan/cif/mp-28759.cif,train,-1.1527802924431811,-4.755007657137784,-1.0915225984911174,-1.0881886262825722,-0.8720783164032289,44,3
mp-1185843,MgAlNi2,<PROJECT_ROOT>/external_datasets/functional_protocol_round4_widechem_boost/meta_gga_r2scan/cif/mp-1185843.cif,train,-0.3949677212499995,-4.639304161071777,-0.4882272188553411,-0.4820829920369096,-0.0838100975309004,4,3
mp-23252,Ce4Bi3,<PROJECT_ROOT>/external_datasets/functional_protocol_round4_widechem_boost/meta_gga_r2scan/cif/mp-23252.cif,train,-1.0216895014285683,-5.732649666922433,-0.8265820176538057,-0.8324309735483473,-1.2115642091529084,14,2
mp-1396989,V2ZnO4,<PROJECT_ROOT>/external_datasets/functional_protocol_round4_widechem_boost/meta_gga_r2scan/cif/mp-1396989.cif,train,-2.263381605,-6.839878627232143,-1.7554498494359034,-1.7597827371690924,-2.0406434198981342,14,3
mp-11723,ErNiC2,<PROJECT_ROOT>/external_datasets/functional_protocol_round4_widechem_boost/meta_gga_r2scan/cif/mp-11723.cif,train,-0.4548551433333294,-7.540272235870361,-0.4160298024172775,-0.4151645566918462,-0.3590787496877231,4,3
mp-23054,NaBiO3,<PROJECT_ROOT>/external_datasets/functional_protocol_round4_widechem_boost/meta_gga_r2scan/cif/mp-23054.cif,train,-1.2928511622499996,-5.16929702758789,-1.547640680426785,-1.5564561927276372,-2.127883600010388,10,3
mp-1221877,Mn9Zn3O16,<PROJECT_ROOT>/external_datasets/functional_protocol_round4_widechem_boost/meta_gga_r2scan/cif/mp-1221877.cif,train,-2.045331064119458,-6.943070547921317,-1.7054658112329897,-1.7094673058864602,-1.9688468673971704,28,3
mp-1017534,ZnCdSe2,<PROJECT_ROOT>/external_datasets/functional_protocol_round4_widechem_boost/meta_gga_r2scan/cif/mp-1017534.cif,train,-0.7819876082812502,-2.9403908252716064,-0.7663358584369964,-0.7646145362173087,-0.6530372779110526,4,3
mp-541353,K2(TcS2)3,<PROJECT_ROOT>/external_datasets/functional_protocol_round4_widechem_boost/meta_gga_r2scan/cif/mp-541353.cif,train,-0.9956153549431792,-6.116361444646662,-0.906970477847767,-0.9065609147002762,-0.8800127573727167,44,3
mp-3455,Er(NiP)2,<PROJECT_ROOT>/external_datasets/functional_protocol_round4_widechem_boost/meta_gga_r2scan/cif/mp-3455.cif,train,-1.070530525857143,-6.39386215209961,-1.1153986260227846,-1.1092635215008002,-0.7115819403545929,5,3
mp-22924,NaBi,<PROJECT_ROOT>/external_datasets/functional_protocol_round4_widechem_boost/meta_gga_r2scan/cif/mp-22924.cif,train,-0.3811936825000011,-2.899578332901001,-0.3742307547219945,-0.3730051184096448,-0.2935585523636737,2,2
mp-1545455,K,<PROJECT_ROOT>/external_datasets/functional_protocol_round4_widechem_boost/meta_gga_r2scan/cif/mp-1545455.cif,train,0.0063217500000005,-1.092748999595642,-0.0667054607032557,-0.0788537187109348,-0.8663119332107949,8,1
mp-1192336,Nb2PbO6,<PROJECT_ROOT>/external_datasets/functional_protocol_round4_widechem_boost/meta_gga_r2scan/cif/mp-1192336.cif,train,-2.48497018398148,-8.23726060655382,-2.648334260344451,-2.6443675930803057,-2.387245566253824,27,3
mp-30684,Zr3Ga2,<PROJECT_ROOT>/external_datasets/functional_protocol_round4_widechem_boost/meta_gga_r2scan/cif/mp-30684.cif,train,-0.6182837610000007,-6.883126068115234,-0.5981799309639539,-0.5995889943093919,-0.6909254234014341,10,2
mp-772820,SrLu2O4,<PROJECT_ROOT>/external_datasets/functional_protocol_round4_widechem_boost/meta_gga_r2scan/cif/mp-772820.cif,train,-3.77692801833333,-7.796952383858817,-3.821688193227593,-3.801700919833912,-2.506112481609933,28,3
mp-1226559,Co3Ni,<PROJECT_ROOT>/external_datasets/functional_protocol_round4_widechem_boost/meta_gga_r2scan/cif/mp-1226559.cif,train,0.0007653474999997,-6.773190021514893,-0.0293155225314318,-0.0274864596409578,0.0910746210531439,4,2
mp-31363,K2TaCl6,<PROJECT_ROOT>/external_datasets/functional_protocol_round4_widechem_boost/meta_gga_r2scan/cif/mp-31363.cif,train,-1.7916802477592595,-4.3883179558648,-1.7714678144770488,-1.7674616704574415,-1.5077807339218978,9,3
mp-5824,Hg2NO4,<PROJECT_ROOT>/external_datasets/functional_protocol_round4_widechem_boost/meta_gga_r2scan/cif/mp-5824.cif,train,-0.3590943194642843,-4.4339814867292136,-0.6967591890720088,-0.7168375959902997,-2.018333370271943,28,3
mp-1001833,InBi,<PROJECT_ROOT>/external_datasets/functional_protocol_round4_widechem_boost/meta_gga_r2scan/cif/mp-1001833.cif,train,-0.0715873874999957,-3.28656005859375,-0.0046548116872231,-0.0053950372368269,-0.0533769527732073,2,2
mp-1187593,Tl3As,<PROJECT_ROOT>/external_datasets/functional_protocol_round4_widechem_boost/meta_gga_r2scan/cif/mp-1187593.cif,train,0.0183768081249979,-2.8947594165802,0.0061070226670656,0.0077624197892509,0.1150663691538517,8,2
mp-878,Ho2S3,<PROJECT_ROOT>/external_datasets/functional_protocol_round4_widechem_boost/meta_gga_r2scan/cif/mp-878.cif,train,-2.376410549020833,-6.381568400065104,-2.207002271414684,-2.196653840597338,-1.5258616291417273,30,2
mp-22335,GdB2Ru3,<PROJECT_ROOT>/external_datasets/functional_protocol_round4_widechem_boost/meta_gga_r2scan/cif/mp-22335.cif,train,-0.4832850866666689,-9.659549077351889,-0.4142992677267987,-0.4129635964574705,-0.3263844908569211,6,3
mp-1994,HfB2,<PROJECT_ROOT>/external_datasets/functional_protocol_round4_widechem_boost/meta_gga_r2scan/cif/mp-1994.cif,train,-1.084847615000001,-8.78839111328125,-1.023833373246596,-1.0205028693621268,-0.804617378570513,3,2
mp-22958,KBrO3,<PROJECT_ROOT>/external_datasets/functional_protocol_round4_widechem_boost/meta_gga_r2scan/cif/mp-22958.cif,train,-0.6726845515000008,-4.135827255249024,-1.038423585115177,-1.0609549444898914,-2.5214527386798844,5,3
mp-1219932,Pr2(TlIn)3,<PROJECT_ROOT>/external_datasets/functional_protocol_round4_widechem_boost/meta_gga_r2scan/cif/mp-1219932.cif,train,-0.4782136391666682,-3.498124837875366,-0.4391541119755651,-0.435105205155085,-0.172652355248347,8,3
mp-2522,LuHg,<PROJECT_ROOT>/external_datasets/functional_protocol_round4_widechem_boost/meta_gga_r2scan/cif/mp-2522.cif,train,-0.548105287083331,-2.872453212738037,-0.5317708142103736,-0.5329055003568932,-0.6064566157831099,2,2
mp-1215473,ZnFe,<PROJECT_ROOT>/external_datasets/functional_protocol_round4_widechem_boost/meta_gga_r2scan/cif/mp-1215473.cif,train,-0.0052617324999992,-4.862873077392578,0.0013027491652106,0.0030001095107587,0.1130241430983328,2,2
mp-22179,YTiSi,<PROJECT_ROOT>/external_datasets/functional_protocol_round4_widechem_boost/meta_gga_r2scan/cif/mp-22179.cif,train,-0.7370282455555568,-7.264369964599609,-0.6560560053665041,-0.6633663187827521,-1.13722572698349,6,3
mp-13121,CeGe3Rh,<PROJECT_ROOT>/external_datasets/functional_protocol_round4_widechem_boost/meta_gga_r2scan/cif/mp-13121.cif,train,-0.7626000480000016,-6.118688583374023,-0.7207363140525596,-0.722298744862016,-0.8235765556178771,5,3
mp-571474,Sm4Sn3,<PROJECT_ROOT>/external_datasets/functional_protocol_round4_widechem_boost/meta_gga_r2scan/cif/mp-571474.cif,train,-0.8925144685714282,-5.156583513532366,-0.7759966941539709,-0.7777603347497282,-0.892080698515077,14,2
mp-567598,Dy7(TeIr)2,<PROJECT_ROOT>/external_datasets/functional_protocol_round4_widechem_boost/meta_gga_r2scan/cif/mp-567598.cif,train,-1.0557059004545408,-6.025785966352983,-1.01845482636746,-1.0173653662431716,-0.9467458318458656,11,3
mp-570860,DySn3,<PROJECT_ROOT>/external_datasets/functional_protocol_round4_widechem_boost/meta_gga_r2scan/cif/mp-570860.cif,train,-0.4059315587499981,-4.572478294372559,-0.3948403724915783,-0.3955242707895117,-0.4398550161731115,4,2
mp-1006068,Gd2AgRh,<PROJECT_ROOT>/external_datasets/functional_protocol_round4_widechem_boost/meta_gga_r2scan/cif/mp-1006068.cif,train,-0.5059948837499988,-10.115551948547363,-0.4755949784061695,-0.477188419623161,-0.5804763457465998,4,3
mp-1025250,RhF6,<PROJECT_ROOT>/external_datasets/functional_protocol_round4_widechem_boost/meta_gga_r2scan/cif/mp-1025250.cif,train,-1.354249577142858,-3.875617163521903,-1.6188000473295898,-1.6437426291963222,-3.260537479073724,7,2
mp-24250,Mn2H2SO6,<PROJECT_ROOT>/external_datasets/functional_protocol_round4_widechem_boost/meta_gga_r2scan/cif/mp-24250.cif,train,-1.2390774397070925,-6.463956659490412,-1.6295241955258142,-1.6354065767494417,-2.0167064645557087,22,4
mp-27526,K3InF6,<PROJECT_ROOT>/external_datasets/functional_protocol_round4_widechem_boost/meta_gga_r2scan/cif/mp-27526.cif,train,-2.9531291126249988,-4.465322113037109,-3.044576872313673,-3.036694039942309,-2.525723569902511,40,3
mp-2017283,PuTcB2,<PROJECT_ROOT>/external_datasets/functional_protocol_round4_widechem_boost/meta_gga_r2scan/cif/mp-2017283.cif,train,-0.5327369084375029,-9.909585952758787,-0.5583417852968111,-0.5582657025097335,-0.553333965330895,16,3
mp-228,Te2Rh,<PROJECT_ROOT>/external_datasets/functional_protocol_round4_widechem_boost/meta_gga_r2scan/cif/mp-228.cif,train,-0.4398400500000008,-4.9359792073567705,-0.472532246385219,-0.4751280474758914,-0.6433896114602153,3,2
mp-1209589,PrCrSb3,<PROJECT_ROOT>/external_datasets/functional_protocol_round4_widechem_boost/meta_gga_r2scan/cif/mp-1209589.cif,train,-0.5899707228333341,-5.820504379272461,-0.7072500117661757,-0.7019448376291111,-0.3580598994802694,20,3
mp-1223468,KTaW2O9,<PROJECT_ROOT>/external_datasets/functional_protocol_round4_widechem_boost/meta_gga_r2scan/cif/mp-1223468.cif,train,-2.5537464325512813,-7.79966540214343,-2.212328516142102,-2.214340692102108,-2.344771284514879,39,4
mp-541354,K2(TcSe2)3,<PROJECT_ROOT>/external_datasets/functional_protocol_round4_widechem_boost/meta_gga_r2scan/cif/mp-541354.cif,train,-0.8886160765340931,-5.67488583651456,-0.8453329019852074,-0.8450087375704403,-0.8239961832529322,44,3
mp-8790,Ba2CuO3,<PROJECT_ROOT>/external_datasets/functional_protocol_round4_widechem_boost/meta_gga_r2scan/cif/mp-8790.cif,train,-2.128512874375003,-5.732356389363607,-2.271013508295926,-2.267979969026369,-2.0713439233224378,6,3
mp-865916,TiVRe2,<PROJECT_ROOT>/external_datasets/functional_protocol_round4_widechem_boost/meta_gga_r2scan/cif/mp-865916.cif,train,-0.4649533904166674,-10.86472511291504,-0.508022578945992,-0.5036364525562638,-0.2193248044789403,4,3
mp-3338,NaGaO2,<PROJECT_ROOT>/external_datasets/functional_protocol_round4_widechem_boost/meta_gga_r2scan/cif/mp-3338.cif,train,-2.069107329375,-5.43082332611084,-2.2141090222887545,-2.210323158896366,-1.964920960043658,16,3
mp-9138,RbPO3,<PROJECT_ROOT>/external_datasets/functional_protocol_round4_widechem_boost/meta_gga_r2scan/cif/mp-9138.cif,train,-2.455721598095238,-6.496784210205078,-2.6288821472778707,-2.62493519837068,-2.3690913286387127,20,3
mp-1183037,ZrZnAu2,<PROJECT_ROOT>/external_datasets/functional_protocol_round4_widechem_boost/meta_gga_r2scan/cif/mp-1183037.cif,train,-0.5192954500000013,-4.547860622406006,-0.4878245028418142,-0.4855457460527859,-0.3378352058886202,4,3
mp-862619,LiErIn2,<PROJECT_ROOT>/external_datasets/functional_protocol_round4_widechem_boost/meta_gga_r2scan/cif/mp-862619.cif,train,-0.4682096424999997,-3.3580877780914307,-0.4903483425920405,-0.493459249363525,-0.6951103083255741,4,3
mp-978568,Si3MoPt2,<PROJECT_ROOT>/external_datasets/functional_protocol_round4_widechem_boost/meta_gga_r2scan/cif/mp-978568.cif,train,-0.652694173333335,-7.1646073659261065,-0.6871876061117757,-0.6841971837132323,-0.4903560024448601,12,3
mp-861510,Pr2SnHg,<PROJECT_ROOT>/external_datasets/functional_protocol_round4_widechem_boost/meta_gga_r2scan/cif/mp-861510.cif,train,-0.6861022202083333,-4.074865341186523,-0.6290011932718143,-0.627054504693386,-0.5008688481828727,4,3
mp-23493,Ce(IO3)4,<PROJECT_ROOT>/external_datasets/functional_protocol_round4_widechem_boost/meta_gga_r2scan/cif/mp-23493.cif,train,-0.9292691297058816,-5.031816370346967,-1.3058096626395548,-1.3276154162298743,-2.7410789578506884,34,3
mp-555874,LiAsS2,<PROJECT_ROOT>/external_datasets/functional_protocol_round4_widechem_boost/meta_gga_r2scan/cif/mp-555874.cif,train,-0.7016358686979167,-4.312479496002197,-0.7769190198439899,-0.7822468915067544,-1.1276030984643066,8,3
mp-1222953,LaAs2Au,<PROJECT_ROOT>/external_datasets/functional_protocol_round4_widechem_boost/meta_gga_r2scan/cif/mp-1222953.cif,train,-0.9301411512500016,-5.197988986968994,-0.9414637527201036,-0.9409833929386258,-0.9098461504139818,8,3
mp-757149,Sr2Hf7O16,<PROJECT_ROOT>/external_datasets/functional_protocol_round4_widechem_boost/meta_gga_r2scan/cif/mp-757149.cif,train,-3.825481660400001,-9.579328002929689,-3.879553383005728,-3.860004758069869,-2.5928498064554417,25,3
mp-760432,Cu2O3,<PROJECT_ROOT>/external_datasets/functional_protocol_round4_widechem_boost/meta_gga_r2scan/cif/mp-760432.cif,train,-0.5738809262499999,-5.00299072265625,-0.7422943467999401,-0.7594418690382048,-1.8709557368129612,10,2
mp-1207616,Yb4Rh,<PROJECT_ROOT>/external_datasets/functional_protocol_round4_widechem_boost/meta_gga_r2scan/cif/mp-1207616.cif,train,0.0397679449999998,-2.6476957321166994,-0.1018544500454083,-0.1067500698449537,-0.424087421733394,10,2
mp-570668,LaSe2,<PROJECT_ROOT>/external_datasets/functional_protocol_round4_widechem_boost/meta_gga_r2scan/cif/mp-570668.cif,train,-2.025149987708332,-5.731631596883138,-1.967044637123908,-1.958871452131163,-1.4290801308495624,12,2
mp-1194724,MnH7C3NO6,<PROJECT_ROOT>/external_datasets/functional_protocol_round4_widechem_boost/meta_gga_r2scan/cif/mp-1194724.cif,train,-0.9540849347397818,-6.297436184353298,-1.0752926563877896,-1.0776216341846483,-1.2285875336885903,108,5
mp-865790,YbInHg2,<PROJECT_ROOT>/external_datasets/functional_protocol_round4_widechem_boost/meta_gga_r2scan/cif/mp-865790.cif,train,-0.3654057024999986,-1.6544559001922607,-0.4882558377623143,-0.4816893763841543,-0.0560469551289855,4,3
mp-15432,K2Ga2As3,<PROJECT_ROOT>/external_datasets/functional_protocol_round4_widechem_boost/meta_gga_r2scan/cif/mp-15432.cif,train,-0.5942382357142841,-3.639293670654297,-0.5627461642524034,-0.5657315405533883,-0.7592456304005071,56,3
mp-1023506,Mg15Al,<PROJECT_ROOT>/external_datasets/functional_protocol_round4_widechem_boost/meta_gga_r2scan/cif/mp-1023506.cif,train,0.0141180715624997,-1.736515760421753,0.0384134205604533,0.0422320722279998,0.2897596290204698,16,2
mp-568247,TmAu3,<PROJECT_ROOT>/external_datasets/functional_protocol_round4_widechem_boost/meta_gga_r2scan/cif/mp-568247.cif,train,-0.7942506437499972,-4.295457363128662,-0.7640240445935942,-0.7609273436240604,-0.5601971142554538,8,2
mp-1202202,NaAu(IO3)4,<PROJECT_ROOT>/external_datasets/functional_protocol_round4_widechem_boost/meta_gga_r2scan/cif/mp-1202202.cif,train,-0.485957606666667,-4.305312686496311,-0.8554449717540722,-0.880712210362077,-2.5185515274908354,36,4
mp-2550,NdTe2,<PROJECT_ROOT>/external_datasets/functional_protocol_round4_widechem_boost/meta_gga_r2scan/cif/mp-2550.cif,train,-1.4719210508333305,-4.942892710367839,-1.3649064482199265,-1.356669628797321,-0.8227534811831079,6,2
mp-2472,SrO,<PROJECT_ROOT>/external_datasets/functional_protocol_round4_widechem_boost/meta_gga_r2scan/cif/mp-2472.cif,train,-2.972191274375,-6.048759460449219,-3.017807190091685,-3.0069932662228736,-2.306027483631716,2,2
mp-1201577,Nd2USe5,<PROJECT_ROOT>/external_datasets/functional_protocol_round4_widechem_boost/meta_gga_r2scan/cif/mp-1201577.cif,train,-1.992215575664062,-6.401872634887695,-1.8492511649062209,-1.8424529371821965,-1.4017872662737456,32,3
mp-1102510,Ho5S7,<PROJECT_ROOT>/external_datasets/functional_protocol_round4_widechem_boost/meta_gga_r2scan/cif/mp-1102510.cif,train,-2.369066010390623,-6.383597691853841,-2.1995692328146603,-2.189380291714695,-1.528926310481008,12,2
mp-865096,NaHoTl2,<PROJECT_ROOT>/external_datasets/functional_protocol_round4_widechem_boost/meta_gga_r2scan/cif/mp-865096.cif,train,-0.3084900637499999,-2.873594284057617,-0.2717426101632911,-0.2731375073893005,-0.3635556791391977,4,3
mp-18691,Rb2Ni3Se4,<PROJECT_ROOT>/external_datasets/functional_protocol_round4_widechem_boost/meta_gga_r2scan/cif/mp-18691.cif,train,-0.7527783293055563,-4.322386423746745,-0.8067507208551845,-0.8072856151957568,-0.8419578243393194,18,3
mp-4104,HoPO4,<PROJECT_ROOT>/external_datasets/functional_protocol_round4_widechem_boost/meta_gga_r2scan/cif/mp-4104.cif,train,-3.3488830029960304,-8.00631586710612,-3.454378280429542,-3.442191216357247,-2.652217566776784,12,3
mp-2017169,Ca2Mg,<PROJECT_ROOT>/external_datasets/functional_protocol_round4_widechem_boost/meta_gga_r2scan/cif/mp-2017169.cif,train,-0.0339308916666674,-1.9177544911702475,-0.1143881275738625,-0.1212103145484091,-0.5634290401105402,6,2
mp-865019,HfGaRh2,<PROJECT_ROOT>/external_datasets/functional_protocol_round4_widechem_boost/meta_gga_r2scan/cif/mp-865019.cif,train,-0.9613783050000038,-7.816270351409912,-0.9187735033923364,-0.91431162166747,-0.6250894620660936,4,3
mp-1225810,Cu2SiTe3,<PROJECT_ROOT>/external_datasets/functional_protocol_round4_widechem_boost/meta_gga_r2scan/cif/mp-1225810.cif,train,-0.1072144108333337,-3.909494400024414,-0.098552261928174,-0.1029544341310719,-0.3883061825565666,6,3
mp-1226556,CeThN2,<PROJECT_ROOT>/external_datasets/functional_protocol_round4_widechem_boost/meta_gga_r2scan/cif/mp-1226556.cif,train,-1.7606936093749963,-9.04999542236328,-1.7537959862340138,-1.7494280754615523,-1.46629717588724,4,3
mp-8279,Ba(CdP)2,<PROJECT_ROOT>/external_datasets/functional_protocol_round4_widechem_boost/meta_gga_r2scan/cif/mp-8279.cif,train,-0.7006350821904732,-3.4983734130859374,-0.604528685850287,-0.604150091218643,-0.5796093338127293,5,3
mp-1199715,K2In2P3Se10,<PROJECT_ROOT>/external_datasets/functional_protocol_round4_widechem_boost/meta_gga_r2scan/cif/mp-1199715.cif,train,-0.618040659091386,-3.9481421077952654,-0.6516756343585057,-0.6581762448060156,-1.0795501646652537,68,4
mp-1221396,Na(NbSe2)2,<PROJECT_ROOT>/external_datasets/functional_protocol_round4_widechem_boost/meta_gga_r2scan/cif/mp-1221396.cif,train,-1.076703728035716,-5.998374938964844,-1.0559915392257526,-1.056657411323248,-1.09981968632961,7,3
mp-1102992,HoAlAu,<PROJECT_ROOT>/external_datasets/functional_protocol_round4_widechem_boost/meta_gga_r2scan/cif/mp-1102992.cif,train,-0.8933112316666675,-4.658193270365397,-0.8210288133551873,-0.8202824189201925,-0.7719006321056598,12,3
mp-22602,CaIn2Au,<PROJECT_ROOT>/external_datasets/functional_protocol_round4_widechem_boost/meta_gga_r2scan/cif/mp-22602.cif,train,-0.6394497387499989,-3.210118055343628,-0.5932883959925261,-0.5909167900112893,-0.4371877030686,8,3
mp-6182,CsTb2Cu3Se5,<PROJECT_ROOT>/external_datasets/functional_protocol_round4_widechem_boost/meta_gga_r2scan/cif/mp-6182.cif,train,-1.311995325028409,-4.7435666864568535,-1.24318493268213,-1.2354623069403186,-0.7348765378487904,22,4
mp-21866,Dy2InAu2,<PROJECT_ROOT>/external_datasets/functional_protocol_round4_widechem_boost/meta_gga_r2scan/cif/mp-21866.cif,train,-0.9277420100000028,-4.514929962158203,-0.8887720962970747,-0.8839230558748499,-0.569605010398602,10,3
mp-1020724,Na7Al4P9O32,<PROJECT_ROOT>/external_datasets/functional_protocol_round4_widechem_boost/meta_gga_r2scan/cif/mp-1020724.cif,train,-2.678039744553572,-6.869084284855769,-2.817215447100696,-2.810057489180525,-2.3460738662012544,104,4
mp-981,SrF2,<PROJECT_ROOT>/external_datasets/functional_protocol_round4_widechem_boost/meta_gga_r2scan/cif/mp-981.cif,train,-4.20881278,-5.756732940673828,-4.245790740382286,-4.225498760908786,-2.9101590706614395,3,2
mp-1210096,Pr(InPt)2,<PROJECT_ROOT>/external_datasets/functional_protocol_round4_widechem_boost/meta_gga_r2scan/cif/mp-1210096.cif,train,-0.9085202663333348,-5.255816650390625,-0.8902710617214957,-0.8873051763240056,-0.6950544998871917,20,3
mp-29152,Zr2CoP,<PROJECT_ROOT>/external_datasets/functional_protocol_round4_widechem_boost/meta_gga_r2scan/cif/mp-29152.cif,train,-0.95897471324405,-8.333992958068848,-0.9752385992369614,-0.9697215447141092,-0.6121023781532269,8,3
mp-619661,Pb3(IO)2,<PROJECT_ROOT>/external_datasets/functional_protocol_round4_widechem_boost/meta_gga_r2scan/cif/mp-619661.cif,train,-1.104986236785712,-4.411117281232562,-1.1755951141296732,-1.1755670541583303,-1.1737481880357652,28,3
mp-862955,PmSbRh2,<PROJECT_ROOT>/external_datasets/functional_protocol_round4_widechem_boost/meta_gga_r2scan/cif/mp-862955.cif,train,-0.6707167543750003,-6.519510746002197,-0.6645715349855141,-0.6609956878222878,-0.429206881501231,4,3
mp-18100,Na6Ge2Se7,<PROJECT_ROOT>/external_datasets/functional_protocol_round4_widechem_boost/meta_gga_r2scan/cif/mp-18100.cif,train,-1.0040002338958345,-3.613985951741536,-1.0160017199810536,-1.0155724159926285,-0.9877446441437728,30,3
mp-865183,MgGaAg2,<PROJECT_ROOT>/external_datasets/functional_protocol_round4_widechem_boost/meta_gga_r2scan/cif/mp-865183.cif,train,-0.1179143262500002,-2.719681739807129,-0.1130014912627745,-0.1091403644369206,0.141140460545625,4,3
mp-1200551,Nd2US5,<PROJECT_ROOT>/external_datasets/functional_protocol_round4_widechem_boost/meta_gga_r2scan/cif/mp-1200551.cif,train,-2.2048971873828087,-7.012404918670654,-2.0245523700469947,-2.016065986481798,-1.465972924119332,32,3
mp-1095309,LaAsO4,<PROJECT_ROOT>/external_datasets/functional_protocol_round4_widechem_boost/meta_gga_r2scan/cif/mp-1095309.cif,train,-2.6215230179166653,-7.25471305847168,-2.807108615319792,-2.804722741170901,-2.650068782050356,12,3
mp-29302,Ba3(GaS3)2,<PROJECT_ROOT>/external_datasets/functional_protocol_round4_widechem_boost/meta_gga_r2scan/cif/mp-29302.cif,train,-1.7360586138068186,-4.845839066938921,-1.6551120318075636,-1.6488256917878603,-1.2413409244634088,22,3
mp-1184060,Dy3Al,<PROJECT_ROOT>/external_datasets/functional_protocol_round4_widechem_boost/meta_gga_r2scan/cif/mp-1184060.cif,train,-0.2248000762499984,-4.575160026550293,-0.2907950074429735,-0.3002199623379029,-0.9111518464492976,4,2
mp-1216689,TlCr5Te8,<PROJECT_ROOT>/external_datasets/functional_protocol_round4_widechem_boost/meta_gga_r2scan/cif/mp-1216689.cif,train,-0.4498072378571456,-5.623166765485491,-0.6602052588126064,-0.6552504058669752,-0.3340735218058749,14,3
mp-29315,Sc7(CCl5)2,<PROJECT_ROOT>/external_datasets/functional_protocol_round4_widechem_boost/meta_gga_r2scan/cif/mp-29315.cif,train,-1.974895987368421,-6.035899915193257,-1.9033052649415076,-1.8959294729458351,-1.4178256994033067,19,3
mp-1045491,Al(NiS2)2,<PROJECT_ROOT>/external_datasets/functional_protocol_round4_widechem_boost/meta_gga_r2scan/cif/mp-1045491.cif,train,-0.5920990480357143,-4.9671630859375,-0.5743668334148735,-0.5797120352294547,-0.9261915942238886,14,3
mp-30361,Zn8Ag5,<PROJECT_ROOT>/external_datasets/functional_protocol_round4_widechem_boost/meta_gga_r2scan/cif/mp-30361.cif,train,-0.0232349607692299,-1.9070697197547328,-0.0335232289532958,-0.0312851590787159,0.1137880280613772,26,2
mp-1072474,TmSe2,<PROJECT_ROOT>/external_datasets/functional_protocol_round4_widechem_boost/meta_gga_r2scan/cif/mp-1072474.cif,train,-1.727125514375004,-5.322510719299316,-1.7131710755826433,-1.7086252240766395,-1.4139600870641575,6,2
mp-672299,YInNi,<PROJECT_ROOT>/external_datasets/functional_protocol_round4_widechem_boost/meta_gga_r2scan/cif/mp-672299.cif,train,-0.5445542233333356,-5.502206590440538,-0.6099253193937288,-0.6086771779327318,-0.5277718130905227,9,3
mp-1228848,CsBS2,<PROJECT_ROOT>/external_datasets/functional_protocol_round4_widechem_boost/meta_gga_r2scan/cif/mp-1228848.cif,train,-0.9786386420312496,-4.800223350524902,-0.9471363565411864,-0.9476652975213636,-0.9819516058596742,8,3
mp-16253,BaCaSi,<PROJECT_ROOT>/external_datasets/functional_protocol_round4_widechem_boost/meta_gga_r2scan/cif/mp-16253.cif,train,-0.4909947450000018,-3.5342887242635093,-0.467021904539274,-0.475794071462543,-1.0444118023603444,12,3
mp-973981,LuBrO,<PROJECT_ROOT>/external_datasets/functional_protocol_round4_widechem_boost/meta_gga_r2scan/cif/mp-973981.cif,train,-3.277049009305557,-6.645880381266276,-3.276014981508553,-3.2590526736830947,-2.159544528104329,6,3
mp-866105,Ca2HgPb,<PROJECT_ROOT>/external_datasets/functional_protocol_round4_widechem_boost/meta_gga_r2scan/cif/mp-866105.cif,train,-0.6958970818749997,-2.6058695316314697,-0.6478930995837748,-0.6441810844903557,-0.4035657818008302,4,3
mp-568779,Tb3CuSiSe7,<PROJECT_ROOT>/external_datasets/functional_protocol_round4_widechem_boost/meta_gga_r2scan/cif/mp-568779.cif,train,-1.5466179802864584,-5.306981404622396,-1.4752821006721866,-1.469039450931974,-1.064386716764955,24,4
mp-983556,Er2MgTl,<PROJECT_ROOT>/external_datasets/functional_protocol_round4_widechem_boost/meta_gga_r2scan/cif/mp-983556.cif,train,-0.2592857654166707,-3.4798483848571777,-0.2805670817162915,-0.285304803370848,-0.5924070918248392,4,3
mp-985305,Ac3In,<PROJECT_ROOT>/external_datasets/functional_protocol_round4_widechem_boost/meta_gga_r2scan/cif/mp-985305.cif,train,-0.2502240406249996,-3.931560516357422,-0.2264601862367463,-0.2310532730774257,-0.5287802360964547,8,2
mp-560255,NbPCl8O,<PROJECT_ROOT>/external_datasets/functional_protocol_round4_widechem_boost/meta_gga_r2scan/cif/mp-560255.cif,train,-1.3070036772023803,-4.376545299183238,-1.3872029816132727,-1.394068057329906,-1.8390668598581903,44,4
mp-567545,K(In3Au2)2,<PROJECT_ROOT>/external_datasets/functional_protocol_round4_widechem_boost/meta_gga_r2scan/cif/mp-567545.cif,train,-0.3350032467045439,-3.049500898881392,-0.3180089495499381,-0.3177374827843735,-0.3001408253580813,11,3
mp-13573,Sc5Si7Pt9,<PROJECT_ROOT>/external_datasets/functional_protocol_round4_widechem_boost/meta_gga_r2scan/cif/mp-13573.cif,train,-1.1914408766666664,-7.021193004789806,-1.1537314608034626,-1.1506853964001733,-0.9532374631445292,21,3
mp-5626,K3SbTe3,<PROJECT_ROOT>/external_datasets/functional_protocol_round4_widechem_boost/meta_gga_r2scan/cif/mp-5626.cif,train,-0.9462083776785712,-3.1921964372907365,-0.8671919163221635,-0.865292179513192,-0.7421499681223316,28,3
mp-1094267,Zr3Sn,<PROJECT_ROOT>/external_datasets/functional_protocol_round4_widechem_boost/meta_gga_r2scan/cif/mp-1094267.cif,train,-0.384550153750002,-7.757025718688965,-0.3887092844753397,-0.3935589868179621,-0.7079199384177505,8,2
mp-123,Nd,<PROJECT_ROOT>/external_datasets/functional_protocol_round4_widechem_boost/meta_gga_r2scan/cif/mp-123.cif,train,0.0,-4.764296054840088,-0.093311097891001,-0.1063917189919418,-0.9542863331974896,4,1
mp-756951,LiSbO3,<PROJECT_ROOT>/external_datasets/functional_protocol_round4_widechem_boost/meta_gga_r2scan/cif/mp-756951.cif,train,-1.8490649465833329,-5.830187606811523,-2.0455121900224986,-2.0480838980223,-2.2147837317334518,10,3
mp-1189451,BeCN2,<PROJECT_ROOT>/external_datasets/functional_protocol_round4_widechem_boost/meta_gga_r2scan/cif/mp-1189451.cif,train,-0.5004355675000003,-7.794895172119141,-0.4796311113683495,-0.4828973347994045,-0.6946161235797018,16,3
mp-676095,Na3Pr5Cl18,<PROJECT_ROOT>/external_datasets/functional_protocol_round4_widechem_boost/meta_gga_r2scan/cif/mp-676095.cif,train,-2.452118016666667,-4.519472855788011,-2.3676441153751093,-2.355885364758836,-1.5936752800547644,26,3
mp-19876,InNi,<PROJECT_ROOT>/external_datasets/functional_protocol_round4_widechem_boost/meta_gga_r2scan/cif/mp-19876.cif,train,-0.2132058000000019,-4.432710965474446,-0.2957144371627906,-0.2939897129245246,-0.1821919334987181,6,2
mp-752601,NaMn3O4,<PROJECT_ROOT>/external_datasets/functional_protocol_round4_widechem_boost/meta_gga_r2scan/cif/mp-752601.cif,train,-2.0299778141810343,-7.062790393829346,-1.6897647899329398,-1.6918578108679352,-1.8275288286662568,16,3
mp-504840,K4WO5,<PROJECT_ROOT>/external_datasets/functional_protocol_round4_widechem_boost/meta_gga_r2scan/cif/mp-504840.cif,train,-2.120494158708334,-5.498565673828125,-1.880506133442259,-1.881922630040589,-1.9737408875603908,60,3
mp-22477,Ta2P,<PROJECT_ROOT>/external_datasets/functional_protocol_round4_widechem_boost/meta_gga_r2scan/cif/mp-22477.cif,train,-0.7871615917142916,-10.442292955186632,-0.7741780408948511,-0.7711183746006229,-0.5727887576702777,36,2
mp-1218300,SrMn2(SiO5)2,<PROJECT_ROOT>/external_datasets/functional_protocol_round4_widechem_boost/meta_gga_r2scan/cif/mp-1218300.cif,train,-2.2727269550977005,-6.968291219075521,-2.130241331483405,-2.134953305074071,-2.440386586794709,30,4
mp-17766,MnSiO3,<PROJECT_ROOT>/external_datasets/functional_protocol_round4_widechem_boost/meta_gga_r2scan/cif/mp-17766.cif,train,-2.6424320248965514,-7.908816528320313,-2.5636908089483965,-2.5580763641376105,-2.194144293933262,40,3
mp-2717324,CaCO3,<PROJECT_ROOT>/external_datasets/functional_protocol_round4_widechem_boost/meta_gga_r2scan/cif/mp-2717324.cif,train,-2.407895178583334,-7.477126057942709,-2.6398326882509835,-2.632958825221979,-2.187390423224252,15,3
mp-21710,CaGeAu,<PROJECT_ROOT>/external_datasets/functional_protocol_round4_widechem_boost/meta_gga_r2scan/cif/mp-21710.cif,train,-0.7929035172222237,-4.020542568630642,-0.7479260427660965,-0.745366886079716,-0.5794806369071168,36,3
mp-568836,Ba3GeI2,<PROJECT_ROOT>/external_datasets/functional_protocol_round4_widechem_boost/meta_gga_r2scan/cif/mp-568836.cif,train,-1.38672360916667,-3.453601837158203,-1.3240778706224052,-1.3208213779102609,-1.1097333408426684,24,3
mp-20608,Tb2In,<PROJECT_ROOT>/external_datasets/functional_protocol_round4_widechem_boost/meta_gga_r2scan/cif/mp-20608.cif,train,-0.4890193166666658,-4.352485656738281,-0.449619557964577,-0.4539090865436241,-0.7319591998830586,6,2
mp-30343,InAg3,<PROJECT_ROOT>/external_datasets/functional_protocol_round4_widechem_boost/meta_gga_r2scan/cif/mp-30343.cif,train,-0.0506649737499955,-2.838911533355713,-0.0118591282447493,-0.0089123594557598,0.1820991656261354,4,2
mp-1225578,DyErTe2,<PROJECT_ROOT>/external_datasets/functional_protocol_round4_widechem_boost/meta_gga_r2scan/cif/mp-1225578.cif,train,-1.4493625220833335,-5.103046417236328,-1.3725676645016085,-1.3675242286360074,-1.040605340416664,4,3
mp-684017,Y2Te4O11,<PROJECT_ROOT>/external_datasets/functional_protocol_round4_widechem_boost/meta_gga_r2scan/cif/mp-684017.cif,train,-2.0343093200735307,-6.536019717945772,-2.2531099161811987,-2.256703798352503,-2.4896616459671823,34,3
mp-865801,LuPaTc2,<PROJECT_ROOT>/external_datasets/functional_protocol_round4_widechem_boost/meta_gga_r2scan/cif/mp-865801.cif,train,-0.2830123316666686,-8.936381340026855,-0.2113495388884576,-0.224351242290397,-1.0671303584293277,4,3
mp-1218188,SrLaB12,<PROJECT_ROOT>/external_datasets/functional_protocol_round4_widechem_boost/meta_gga_r2scan/cif/mp-1218188.cif,train,-0.5790037839285702,-6.705527169363839,-0.5093035952697154,-0.5122951465135808,-0.7062095002908247,14,3
mp-569382,Nd3Ga,<PROJECT_ROOT>/external_datasets/functional_protocol_round4_widechem_boost/meta_gga_r2scan/cif/mp-569382.cif,train,-0.2935401081249971,-4.5681471824646,-0.3109220141326094,-0.3186939853336303,-0.8224783601160754,4,2
mp-5342,GaAgS2,<PROJECT_ROOT>/external_datasets/functional_protocol_round4_widechem_boost/meta_gga_r2scan/cif/mp-5342.cif,train,-0.6200111739062493,-4.035290718078613,-0.5867991186472685,-0.5892987142028829,-0.751324171016619,8,3
mp-1172,MgRh,<PROJECT_ROOT>/external_datasets/functional_protocol_round4_widechem_boost/meta_gga_r2scan/cif/mp-1172.cif,train,-0.4628490225000004,-4.932539939880371,-0.4465490139262922,-0.4403521233876386,-0.0386655312905777,2,2
mp-1224087,La3InPb4,<PROJECT_ROOT>/external_datasets/functional_protocol_round4_widechem_boost/meta_gga_r2scan/cif/mp-1224087.cif,train,-0.7269207556250024,-4.603736877441406,-0.605162901021699,-0.6040597831847014,-0.5325549467086924,16,3
mp-583630,Ba2SnTe5,<PROJECT_ROOT>/external_datasets/functional_protocol_round4_widechem_boost/meta_gga_r2scan/cif/mp-583630.cif,train,-1.1360243268750023,-3.916720151901245,-1.0635471160465353,-1.060189970784453,-0.8425775680658762,32,3
mp-998147,TlCuCl3,<PROJECT_ROOT>/external_datasets/functional_protocol_round4_widechem_boost/meta_gga_r2scan/cif/mp-998147.cif,train,-0.8380393174999995,-3.0902101516723635,-0.8219321384791516,-0.8243407083182257,-0.9804658172660884,5,3
mp-17196,TiAs2O7,<PROJECT_ROOT>/external_datasets/functional_protocol_round4_widechem_boost/meta_gga_r2scan/cif/mp-17196.cif,train,-1.8897818217916664,-6.876774597167969,-2.143534704157667,-2.1515489449985203,-2.671037399978781,40,3
mp-672274,YbIn4Rh,<PROJECT_ROOT>/external_datasets/functional_protocol_round4_widechem_boost/meta_gga_r2scan/cif/mp-672274.cif,train,-0.4537037066666632,-3.720807075500488,-0.5018565729707944,-0.4989042201334293,-0.3075307333017072,12,3
mp-8953,YbAsPd,<PROJECT_ROOT>/external_datasets/functional_protocol_round4_widechem_boost/meta_gga_r2scan/cif/mp-8953.cif,train,-1.2831765058333373,-4.754506429036458,-1.0829007001093829,-1.0759283771025787,-0.6239777334481857,9,3
mp-3216543,KYb2F7,<PROJECT_ROOT>/external_datasets/functional_protocol_round4_widechem_boost/meta_gga_r2scan/cif/mp-3216543.cif,train,-4.232358450375,-4.684680557250976,-3.323776413523526,-3.315606990703773,-2.786059535993167,10,3
mp-647,NbS,<PROJECT_ROOT>/external_datasets/functional_protocol_round4_widechem_boost/meta_gga_r2scan/cif/mp-647.cif,train,-1.002259731406248,-8.020955085754395,-0.9356129333375822,-0.9383907851363356,-1.1184529978586593,4,2
mp-2014814,Cu2S,<PROJECT_ROOT>/external_datasets/functional_protocol_round4_widechem_boost/meta_gga_r2scan/cif/mp-2014814.cif,train,-0.1395293592708336,-4.214454650878906,-0.1499994844941605,-0.1515430148960108,-0.2515956885797358,6,2
mp-570272,Tb2Mg3Ni2,<PROJECT_ROOT>/external_datasets/functional_protocol_round4_widechem_boost/meta_gga_r2scan/cif/mp-570272.cif,train,-0.2632254921428552,-3.938101087297712,-0.3361694139921165,-0.3335707332093349,-0.1651225056549513,7,3
mp-759169,Li2CuF6,<PROJECT_ROOT>/external_datasets/functional_protocol_round4_widechem_boost/meta_gga_r2scan/cif/mp-759169.cif,train,-2.142215233703704,-4.046585506863064,-2.255474301627876,-2.260795945940674,-2.605748491905592,18,3
mp-1212980,EuInO3,<PROJECT_ROOT>/external_datasets/functional_protocol_round4_widechem_boost/meta_gga_r2scan/cif/mp-1212980.cif,train,-2.4628467215833365,-7.723068745930989,-2.5794166844648805,-2.5783306179299457,-2.507931058266313,30,3
mp-978960,Sm3Tm,<PROJECT_ROOT>/external_datasets/functional_protocol_round4_widechem_boost/meta_gga_r2scan/cif/mp-978960.cif,train,0.0315190924999981,-4.639293670654297,-0.1035589682124662,-0.1236580125137392,-1.4264915157719131,4,2
mp-1078239,WBr4,<PROJECT_ROOT>/external_datasets/functional_protocol_round4_widechem_boost/meta_gga_r2scan/cif/mp-1078239.cif,train,-0.5585269060000002,-4.354387664794922,-1.1689216890894674,-1.1702231688100202,-1.254585955335178,10,2
mp-1194265,Mg2SnSe4,<PROJECT_ROOT>/external_datasets/functional_protocol_round4_widechem_boost/meta_gga_r2scan/cif/mp-1194265.cif,train,-1.01730585982143,-3.874019077845982,-0.9634393425593228,-0.9595495694084964,-0.7074118704709135,28,3
mp-27638,NiI2,<PROJECT_ROOT>/external_datasets/functional_protocol_round4_widechem_boost/meta_gga_r2scan/cif/mp-27638.cif,train,-0.3383535283333335,-3.0418472290039062,-0.2610424829394051,-0.268188074870733,-0.7313701261767294,3,2
mp-1226157,Cs2Ti(WO4)3,<PROJECT_ROOT>/external_datasets/functional_protocol_round4_widechem_boost/meta_gga_r2scan/cif/mp-1226157.cif,train,-2.549235709537037,-7.28955078125,-2.137944063509158,-2.140130960496509,-2.281887086837073,18,4
mp-1184148,ErBeO3,<PROJECT_ROOT>/external_datasets/functional_protocol_round4_widechem_boost/meta_gga_r2scan/cif/mp-1184148.cif,train,-2.723926522416668,-7.102536010742187,-2.8481288841973864,-2.8418901610234224,-2.437491949508292,5,3
mp-1018139,HoNiBi,<PROJECT_ROOT>/external_datasets/functional_protocol_round4_widechem_boost/meta_gga_r2scan/cif/mp-1018139.cif,train,-0.7471515600000013,-5.413393656412761,-0.7350351524727277,-0.7320004316472275,-0.5352877966962459,3,3
mp-1077167,TmCuSn,<PROJECT_ROOT>/external_datasets/functional_protocol_round4_widechem_boost/meta_gga_r2scan/cif/mp-1077167.cif,train,-0.586592111666666,-4.719527244567871,-0.5431298145208281,-0.5420950168868082,-0.4750187416926582,6,3
mp-756219,CoOF,<PROJECT_ROOT>/external_datasets/functional_protocol_round4_widechem_boost/meta_gga_r2scan/cif/mp-756219.cif,train,-1.5768854170833322,-5.282717704772949,-0.9879136015115996,-1.0079797606465952,-2.3086816254181866,24,3
mp-1857,YbCd,<PROJECT_ROOT>/external_datasets/functional_protocol_round4_widechem_boost/meta_gga_r2scan/cif/mp-1857.cif,train,-0.3784749325000014,-1.5915969610214231,-0.4406515435651792,-0.4363869448979827,-0.1599528051296485,2,2
mp-1078693,BaCdSbF,<PROJECT_ROOT>/external_datasets/functional_protocol_round4_widechem_boost/meta_gga_r2scan/cif/mp-1078693.cif,train,-1.9757390824999987,-4.005324840545654,-1.9404852730337223,-1.9311945486552649,-1.3289635764576122,8,4
mp-12775,ThRu,<PROJECT_ROOT>/external_datasets/functional_protocol_round4_widechem_boost/meta_gga_r2scan/cif/mp-12775.cif,train,-0.548034555000001,-8.87937068939209,-0.5567942585117809,-0.5572303873787927,-0.585500552425225,4,2
mp-1183568,CaTmZn2,<PROJECT_ROOT>/external_datasets/functional_protocol_round4_widechem_boost/meta_gga_r2scan/cif/mp-1183568.cif,train,-0.2926027875000034,-2.5329151153564453,-0.3594811204403374,-0.3638774067118211,-0.6488476251236759,4,3
mp-1068387,LaGe3Ru,<PROJECT_ROOT>/external_datasets/functional_protocol_round4_widechem_boost/meta_gga_r2scan/cif/mp-1068387.cif,train,-0.6664165919999988,-6.241616058349609,-0.6207264840120077,-0.6202634851737878,-0.5902515906116841,5,3
mp-1208626,SrRhO3,<PROJECT_ROOT>/external_datasets/functional_protocol_round4_widechem_boost/meta_gga_r2scan/cif/mp-1208626.cif,train,-1.8428458047499987,-6.3666534423828125,-1.9477875796294637,-1.95383688221328,-2.345956724301727,20,3
mp-542568,EuAg5,<PROJECT_ROOT>/external_datasets/functional_protocol_round4_widechem_boost/meta_gga_r2scan/cif/mp-542568.cif,train,-0.1730079716666684,-4.238180796305339,-0.1686631829264344,-0.1676320009537892,-0.1007900953474678,6,2
mp-1209858,Pr3IrBr3,<PROJECT_ROOT>/external_datasets/functional_protocol_round4_widechem_boost/meta_gga_r2scan/cif/mp-1209858.cif,train,-1.6334051839285697,-5.430025373186384,-1.5529447441920876,-1.548414262667749,-1.2547454181530586,28,3
mp-18510,Sr2SiO4,<PROJECT_ROOT>/external_datasets/functional_protocol_round4_widechem_boost/meta_gga_r2scan/cif/mp-18510.cif,train,-3.297380867857143,-7.109240940638951,-3.344360428415632,-3.329756937124375,-2.3831488579735267,28,3
mp-1105456,HgAs2H2F14,<PROJECT_ROOT>/external_datasets/functional_protocol_round4_widechem_boost/meta_gga_r2scan/cif/mp-1105456.cif,train,-2.0009605178947374,-4.093162135074013,-2.2041953990718777,-2.214030561357493,-2.8515523630725603,19,4
mp-865609,LuGaRh2,<PROJECT_ROOT>/external_datasets/functional_protocol_round4_widechem_boost/meta_gga_r2scan/cif/mp-865609.cif,train,-0.9892184016666654,-6.475354671478272,-0.9692649173660968,-0.9647891195684766,-0.6746649108175531,4,3
mp-1220229,Pr(ZnAs)3,<PROJECT_ROOT>/external_datasets/functional_protocol_round4_widechem_boost/meta_gga_r2scan/cif/mp-1220229.cif,train,-0.673080095595237,-3.759820938110352,-0.6359224011207711,-0.634474911826608,-0.5406476870206576,14,3
mp-1184867,HoTmHg2,<PROJECT_ROOT>/external_datasets/functional_protocol_round4_widechem_boost/meta_gga_r2scan/cif/mp-1184867.cif,train,-0.5728059599999966,-2.888501167297364,-0.5144013206311064,-0.5169409318543687,-0.6815602310267825,4,3
mp-1192816,Cs3SbSe3,<PROJECT_ROOT>/external_datasets/functional_protocol_round4_widechem_boost/meta_gga_r2scan/cif/mp-1192816.cif,train,-1.1448392792410689,-3.43410519191197,-1.0989029301704218,-1.0945443889906423,-0.8120208326845083,28,3
mp-1221508,Na11TiNb2Si4P2O25F,<PROJECT_ROOT>/external_datasets/functional_protocol_round4_widechem_boost/meta_gga_r2scan/cif/mp-1221508.cif,train,-2.705192074160198,-6.831988790760869,-2.830981238971014,-2.822096726419182,-2.2461966766878563,46,7
mp-1183945,CsRb3,<PROJECT_ROOT>/external_datasets/functional_protocol_round4_widechem_boost/meta_gga_r2scan/cif/mp-1183945.cif,train,0.0258406190625031,-0.929766833782196,-0.0504928988492512,-0.0618573847855019,-0.7985109690607674,4,2
mp-582389,Eu2B5Os3,<PROJECT_ROOT>/external_datasets/functional_protocol_round4_widechem_boost/meta_gga_r2scan/cif/mp-582389.cif,train,-0.4785587282499989,-9.146038055419922,-0.4298039875145303,-0.4307889944057388,-0.494637800327798,10,3
mp-1187335,TbDyRh2,<PROJECT_ROOT>/external_datasets/functional_protocol_round4_widechem_boost/meta_gga_r2scan/cif/mp-1187335.cif,train,-0.9238379412500032,-6.838711738586426,-0.9265066238288036,-0.9233346381812816,-0.7177244055998571,4,3
mp-21260,FeSn,<PROJECT_ROOT>/external_datasets/functional_protocol_round4_widechem_boost/meta_gga_r2scan/cif/mp-21260.cif,train,0.0677626449999995,-6.240390141805013,0.0427050504451944,0.0421623357839564,0.0069832082207582,6,2
mp-542043,K4H6C2O9,<PROJECT_ROOT>/external_datasets/functional_protocol_round4_widechem_boost/meta_gga_r2scan/cif/mp-542043.cif,train,-1.5535766257738086,-5.637734186081659,-1.7205399013980642,-1.7191938266745117,-1.6319403622096746,42,4
mp-1220999,NaNdF4,<PROJECT_ROOT>/external_datasets/functional_protocol_round4_widechem_boost/meta_gga_r2scan/cif/mp-1220999.cif,train,-3.972147816805555,-5.9327952067057295,-4.022171791693088,-4.003157322500475,-2.770626703657011,18,3
mp-541951,Zr3P3Pd4,<PROJECT_ROOT>/external_datasets/functional_protocol_round4_widechem_boost/meta_gga_r2scan/cif/mp-541951.cif,train,-1.1054877756428596,-7.298715972900391,-1.0713796232992152,-1.066297692315512,-0.7368835247768771,40,3
mp-1019789,K3B(SO4)3,<PROJECT_ROOT>/external_datasets/functional_protocol_round4_widechem_boost/meta_gga_r2scan/cif/mp-1019789.cif,train,-1.927615971957236,-6.073695132606908,-2.187480900969804,-2.19243007355176,-2.513238752637686,76,4
mp-540540,PaBr3O,<PROJECT_ROOT>/external_datasets/functional_protocol_round4_widechem_boost/meta_gga_r2scan/cif/mp-540540.cif,train,-2.315754249250003,-5.959780502319336,-2.346804486284365,-2.3468740559381684,-2.351383607457459,10,3
mp-1101764,NdAsS,<PROJECT_ROOT>/external_datasets/functional_protocol_round4_widechem_boost/meta_gga_r2scan/cif/mp-1101764.cif,train,-1.8065575934374989,-6.08570925394694,-1.7182404394052808,-1.7089282844229006,-1.1053081661364148,12,3
mp-30358,TbAg2,<PROJECT_ROOT>/external_datasets/functional_protocol_round4_widechem_boost/meta_gga_r2scan/cif/mp-30358.cif,train,-0.3304382066666657,-3.748146692911784,-0.3178216842272459,-0.3146127377749312,-0.1066066810883916,3,2
mp-9628,KCdF3,<PROJECT_ROOT>/external_datasets/functional_protocol_round4_widechem_boost/meta_gga_r2scan/cif/mp-9628.cif,train,-2.6758525457499984,-3.979235076904297,-2.736704893997526,-2.731479837105657,-2.392788152410836,20,3
mp-20096,MnSnF6,<PROJECT_ROOT>/external_datasets/functional_protocol_round4_widechem_boost/meta_gga_r2scan/cif/mp-20096.cif,train,-2.800838775560345,-5.416982173919678,-2.8302915928076366,-2.830592445944771,-2.8500939476456297,8,3
mp-19886,ThSnPt,<PROJECT_ROOT>/external_datasets/functional_protocol_round4_widechem_boost/meta_gga_r2scan/cif/mp-19886.cif,train,-1.1920333300000057,-6.904183705647786,-1.1277978848471353,-1.1233223087340418,-0.833212469722558,3,3
mp-28564,Rb4PbBr6,<PROJECT_ROOT>/external_datasets/functional_protocol_round4_widechem_boost/meta_gga_r2scan/cif/mp-28564.cif,train,-1.7577085531818206,-3.1356665871360083,-1.7046156918549964,-1.6975289167375305,-1.2381594106700318,22,3
mp-9976,Ba(Sb3Ru)4,<PROJECT_ROOT>/external_datasets/functional_protocol_round4_widechem_boost/meta_gga_r2scan/cif/mp-9976.cif,train,-0.3816156567647092,-5.536852219525506,-0.3455011195832016,-0.3445624523095478,-0.2837174114109869,17,3
mp-1196590,Lu11Ge10,<PROJECT_ROOT>/external_datasets/functional_protocol_round4_widechem_boost/meta_gga_r2scan/cif/mp-1196590.cif,train,-0.9143251758730132,-5.378203619094122,-0.8746245622883864,-0.8763433839772974,-0.9877585562060608,42,2
mp-1225704,CuRh,<PROJECT_ROOT>/external_datasets/functional_protocol_round4_widechem_boost/meta_gga_r2scan/cif/mp-1225704.cif,train,0.0649008500000007,-5.649825096130371,0.0753322555381412,0.073675495344875,-0.0337168091994601,2,2
mp-862922,PmInNi2,<PROJECT_ROOT>/external_datasets/functional_protocol_round4_widechem_boost/meta_gga_r2scan/cif/mp-862922.cif,train,-0.2881309743749973,-5.048762321472168,-0.4108624379768022,-0.408560239334987,-0.2593301825851286,4,3
mp-632810,Pr3Ga10Ni,<PROJECT_ROOT>/external_datasets/functional_protocol_round4_widechem_boost/meta_gga_r2scan/cif/mp-632810.cif,train,-0.6448483903571441,-4.1598984854561945,-0.600077169791386,-0.5989713949348765,-0.5272943286755777,14,3
mp-1104160,Pr5Ir2,<PROJECT_ROOT>/external_datasets/functional_protocol_round4_widechem_boost/meta_gga_r2scan/cif/mp-1104160.cif,train,-0.5474166311904745,-6.426634652273996,-0.5450450395442639,-0.5507312846070809,-0.919317495201334,14,2
mp-29396,Cu2PbO2,<PROJECT_ROOT>/external_datasets/functional_protocol_round4_widechem_boost/meta_gga_r2scan/cif/mp-29396.cif,train,-0.8039587754999985,-5.0560791015625,-0.918141348476868,-0.9218627322257404,-1.163085317431038,10,3
mp-1019576,Ca4SiN4,<PROJECT_ROOT>/external_datasets/functional_protocol_round4_widechem_boost/meta_gga_r2scan/cif/mp-1019576.cif,train,-1.2707404111111122,-6.261220296223958,-1.2127155821091655,-1.2103720807917773,-1.058464756967726,36,3
mp-752713,HoBO3,<PROJECT_ROOT>/external_datasets/functional_protocol_round4_widechem_boost/meta_gga_r2scan/cif/mp-752713.cif,train,-3.416841846416666,-8.364773050944011,-3.5127771567899213,-3.4967064431314663,-2.4549920281737467,30,3
mp-862337,Sc2InAg,<PROJECT_ROOT>/external_datasets/functional_protocol_round4_widechem_boost/meta_gga_r2scan/cif/mp-862337.cif,train,-0.4272741812499987,-4.935728549957275,-0.4162077415895586,-0.4184665507327816,-0.5648840711449559,4,3
mp-15796,LiHoSe2,<PROJECT_ROOT>/external_datasets/functional_protocol_round4_widechem_boost/meta_gga_r2scan/cif/mp-15796.cif,train,-1.9625500099479147,-5.061435699462891,-1.8662454023959156,-1.857003996623412,-1.2579698894736049,4,3
mp-780234,Hf2N2O,<PROJECT_ROOT>/external_datasets/functional_protocol_round4_widechem_boost/meta_gga_r2scan/cif/mp-780234.cif,train,-2.5663138224999984,-10.55008010864258,-2.473823637786605,-2.4611200849434,-1.6376672875635614,40,3
mp-1211311,La2(Al3Ir)3,<PROJECT_ROOT>/external_datasets/functional_protocol_round4_widechem_boost/meta_gga_r2scan/cif/mp-1211311.cif,train,-0.910170899642858,-5.838827950613839,-0.8567512261485817,-0.8538871069971146,-0.6682329867352624,28,3
mp-17396,SrNi5As3,<PROJECT_ROOT>/external_datasets/functional_protocol_round4_widechem_boost/meta_gga_r2scan/cif/mp-17396.cif,train,-0.5454782486111106,-5.4651641845703125,-0.6611253320227775,-0.6587745079301879,-0.5063925169170382,18,3
mp-29588,Nd3(BN2)2,<PROJECT_ROOT>/external_datasets/functional_protocol_round4_widechem_boost/meta_gga_r2scan/cif/mp-29588.cif,train,-1.5270905169444435,-8.07223849826389,-1.4313943131381848,-1.4244136141163422,-0.97192003156096,9,3
mp-1188158,YSiPt2,<PROJECT_ROOT>/external_datasets/functional_protocol_round4_widechem_boost/meta_gga_r2scan/cif/mp-1188158.cif,train,-1.2564752681249942,-7.16405725479126,-1.2264909297247186,-1.222859341596294,-0.987457368605328,16,3
mp-1079862,SrTl2Pd,<PROJECT_ROOT>/external_datasets/functional_protocol_round4_widechem_boost/meta_gga_r2scan/cif/mp-1079862.cif,train,-0.4776682024999985,-3.330244541168213,-0.4212133609566555,-0.4181744802962139,-0.2211922020605101,8,3
mp-972217,Ti2CuTc,<PROJECT_ROOT>/external_datasets/functional_protocol_round4_widechem_boost/meta_gga_r2scan/cif/mp-972217.cif,train,-0.332717945833334,-7.870144844055176,-0.2604780664787114,-0.2651368430385563,-0.5671218576186765,4,3
mp-1120759,PdSe2,<PROJECT_ROOT>/external_datasets/functional_protocol_round4_widechem_boost/meta_gga_r2scan/cif/mp-1120759.cif,train,-0.270646422708334,-4.323615392049153,-0.4294130563235452,-0.4392758598954644,-1.0785893882881192,6,2
mp-1096295,VCr2Mo,<PROJECT_ROOT>/external_datasets/functional_protocol_round4_widechem_boost/meta_gga_r2scan/cif/mp-1096295.cif,train,3.732677025000001,-5.645706653594971,3.3738476465744096,3.3272966296386137,0.3098285567482319,4,3
mp-973689,Ho3Lu,<PROJECT_ROOT>/external_datasets/functional_protocol_round4_widechem_boost/meta_gga_r2scan/cif/mp-973689.cif,train,0.0023234820833337,-4.558362007141113,-0.0835347133747985,-0.1063757427952554,-1.5869465566020633,8,2
mp-1183638,CaGdZn2,<PROJECT_ROOT>/external_datasets/functional_protocol_round4_widechem_boost/meta_gga_r2scan/cif/mp-1183638.cif,train,-0.2755383125000037,-4.947902679443359,-0.3122506017508435,-0.3157440931430608,-0.5421945432686995,4,3
mp-7084,SrCaSi,<PROJECT_ROOT>/external_datasets/functional_protocol_round4_widechem_boost/meta_gga_r2scan/cif/mp-7084.cif,train,-0.5262799508333332,-3.4904572168986,-0.4513190130482143,-0.4598183923143004,-1.010753844705435,12,3
mp-865811,LaYbAg2,<PROJECT_ROOT>/external_datasets/functional_protocol_round4_widechem_boost/meta_gga_r2scan/cif/mp-865811.cif,train,-0.2888591174999995,-3.3965721130371094,-0.419527071853369,-0.4183238617799958,-0.3403309795523614,4,3
mp-27271,Tl8Ge5O14,<PROJECT_ROOT>/external_datasets/functional_protocol_round4_widechem_boost/meta_gga_r2scan/cif/mp-27271.cif,train,-1.4138022954629614,-5.415242513020833,-1.59068247732823,-1.5922388032520205,-1.6931208912319424,54,3
mp-1210356,Na2PdF6,<PROJECT_ROOT>/external_datasets/functional_protocol_round4_widechem_boost/meta_gga_r2scan/cif/mp-1210356.cif,train,-2.236805900000001,-4.145470795808016,-2.3740856617558443,-2.3792166594629034,-2.7118113648480358,27,3
mp-4120,CaCuAs,<PROJECT_ROOT>/external_datasets/functional_protocol_round4_widechem_boost/meta_gga_r2scan/cif/mp-4120.cif,train,-0.9415454925,-4.39498233795166,-0.8984353101439222,-0.892762508730554,-0.5250477244908371,6,3
mp-568002,HfI3,<PROJECT_ROOT>/external_datasets/functional_protocol_round4_widechem_boost/meta_gga_r2scan/cif/mp-568002.cif,train,-1.0236845806250017,-4.50790548324585,-1.0053072829830003,-1.006600087368553,-1.0904005328730637,8,2
mp-18803,Na2WO4,<PROJECT_ROOT>/external_datasets/functional_protocol_round4_widechem_boost/meta_gga_r2scan/cif/mp-18803.cif,train,-2.327090242857143,-6.229593549455915,-1.9416507244808847,-1.9433697460354609,-2.054797873689335,14,3
mp-1219953,PrDyAl4,<PROJECT_ROOT>/external_datasets/functional_protocol_round4_widechem_boost/meta_gga_r2scan/cif/mp-1219953.cif,train,-0.5486220544444459,-4.553131103515625,-0.5405438508900602,-0.5420863856768827,-0.6420745229280904,6,3
mp-1018691,Eu2H3Br,<PROJECT_ROOT>/external_datasets/functional_protocol_round4_widechem_boost/meta_gga_r2scan/cif/mp-1018691.cif,train,-1.1328571789583322,-6.3502991994222,-1.0748437750564532,-1.0752667810626848,-1.1026863134921854,6,3
mp-1192125,TbB4Os,<PROJECT_ROOT>/external_datasets/functional_protocol_round4_widechem_boost/meta_gga_r2scan/cif/mp-1192125.cif,train,-0.6390669733333331,-7.668039321899414,-0.5822806961313409,-0.579761294044375,-0.416451964611595,24,3
mp-979431,YLuZn2,<PROJECT_ROOT>/external_datasets/functional_protocol_round4_widechem_boost/meta_gga_r2scan/cif/mp-979431.cif,train,-0.3911175541666658,-3.7354578971862793,-0.4250314689376715,-0.4288151616562592,-0.674076655979896,4,3
mp-1095605,GdAl4Ni,<PROJECT_ROOT>/external_datasets/functional_protocol_round4_widechem_boost/meta_gga_r2scan/cif/mp-1095605.cif,train,-0.5708688133333316,-6.362181345621745,-0.5774656764826629,-0.5763315455367843,-0.5028164185869586,12,3
mp-16861,Na5GeAs3,<PROJECT_ROOT>/external_datasets/functional_protocol_round4_widechem_boost/meta_gga_r2scan/cif/mp-16861.cif,train,-0.5268169800000003,-3.192145453559028,-0.5421908614036752,-0.5455584322389893,-0.7638466275920242,36,3
mp-8688,V4GeS8,<PROJECT_ROOT>/external_datasets/functional_protocol_round4_widechem_boost/meta_gga_r2scan/cif/mp-8688.cif,train,-1.0010895863461542,-6.52732673058143,-1.1331092877134168,-1.132062062280121,-1.0641802088194945,13,3
mp-1208058,TlBi3F10,<PROJECT_ROOT>/external_datasets/functional_protocol_round4_widechem_boost/meta_gga_r2scan/cif/mp-1208058.cif,train,-2.5296730924999986,-4.714953286307199,-2.700313966357134,-2.698852293469643,-2.604105678651824,28,3
mp-24152,HoH2,<PROJECT_ROOT>/external_datasets/functional_protocol_round4_widechem_boost/meta_gga_r2scan/cif/mp-24152.cif,train,-0.7996993608333346,-4.470926284790039,-0.6889818507167647,-0.6883339275020797,-0.6463351110932944,3,2
mp-23679,PuH3,<PROJECT_ROOT>/external_datasets/functional_protocol_round4_widechem_boost/meta_gga_r2scan/cif/mp-23679.cif,train,-0.6163697312499998,-6.446750640869141,-0.5081468746623052,-0.5070738050101129,-0.4375167119845626,8,2
mp-31475,Er4(Al8Pt3)3,<PROJECT_ROOT>/external_datasets/functional_protocol_round4_widechem_boost/meta_gga_r2scan/cif/mp-31475.cif,train,-1.0007660714414406,-5.29963849041913,-0.9680253605153136,-0.963969121376132,-0.7010409856626025,37,3
mp-1069771,Rb2PdSe2,<PROJECT_ROOT>/external_datasets/functional_protocol_round4_widechem_boost/meta_gga_r2scan/cif/mp-1069771.cif,train,-1.0407302581250009,-3.698781204223633,-1.004010331973002,-1.0041742113002492,-1.014796978971627,5,3
mp-559244,Sr2MnP3O11,<PROJECT_ROOT>/external_datasets/functional_protocol_round4_widechem_boost/meta_gga_r2scan/cif/mp-559244.cif,train,-2.7997208879212545,-7.299898035386029,-2.8529442573193,-2.8472828181369687,-2.480304541316893,68,4
mp-559031,Eu4Br6O,<PROJECT_ROOT>/external_datasets/functional_protocol_round4_widechem_boost/meta_gga_r2scan/cif/mp-559031.cif,train,-2.517466747159093,-7.295168789950284,-2.497016331513927,-2.4900580047258503,-2.0390146053362197,22,3
mp-979950,AcYbMg2,<PROJECT_ROOT>/external_datasets/functional_protocol_round4_widechem_boost/meta_gga_r2scan/cif/mp-979950.cif,train,-0.0422611256249965,-2.265386819839477,-0.0920117699658971,-0.0920184133383985,-0.0924490411894187,4,3
mp-1094998,CaMg,<PROJECT_ROOT>/external_datasets/functional_protocol_round4_widechem_boost/meta_gga_r2scan/cif/mp-1094998.cif,train,-0.0639846775000005,-1.880132079124451,-0.1164536068051236,-0.1198173261409802,-0.3378558647209909,2,2
mp-1184370,Gd2NiRu,<PROJECT_ROOT>/external_datasets/functional_protocol_round4_widechem_boost/meta_gga_r2scan/cif/mp-1184370.cif,train,-0.2756216162500031,-11.128750801086426,-0.3107794031927362,-0.3145487208696433,-0.5588784153702592,4,3
mp-1023954,MoWS4,<PROJECT_ROOT>/external_datasets/functional_protocol_round4_widechem_boost/meta_gga_r2scan/cif/mp-1023954.cif,train,-0.9175514418750008,-7.561374664306641,-1.466346632202507,-1.4542631063873888,-0.6710008759324705,6,3
mp-1208257,Ti4CrBi2,<PROJECT_ROOT>/external_datasets/functional_protocol_round4_widechem_boost/meta_gga_r2scan/cif/mp-1208257.cif,train,-0.2061765566666703,-7.214857918875558,-0.3622666145612756,-0.3682072141891765,-0.753280857923577,14,3
mp-1206608,K2VCl6,<PROJECT_ROOT>/external_datasets/functional_protocol_round4_widechem_boost/meta_gga_r2scan/cif/mp-1206608.cif,train,-1.724577456944444,-4.00827153523763,-1.762518427410396,-1.7586634740841711,-1.508782819480956,9,3
mp-2927,LiAg2Sn,<PROJECT_ROOT>/external_datasets/functional_protocol_round4_widechem_boost/meta_gga_r2scan/cif/mp-2927.cif,train,-0.2048726416666646,-3.1245436668396,-0.2220593498634002,-0.2197296730391205,-0.0687184621118257,4,3
mp-11373,DyTlPd,<PROJECT_ROOT>/external_datasets/functional_protocol_round4_widechem_boost/meta_gga_r2scan/cif/mp-11373.cif,train,-0.7322708927777816,-4.70366711086697,-0.6960506877287571,-0.6912791151960747,-0.3819825901664943,9,3
mp-1094240,MgSn5,<PROJECT_ROOT>/external_datasets/functional_protocol_round4_widechem_boost/meta_gga_r2scan/cif/mp-1094240.cif,train,0.1406756258333317,-3.582431475321452,0.0920265378094877,0.0885597869831658,-0.1361573217649719,6,2
mp-10981,YbSbPd,<PROJECT_ROOT>/external_datasets/functional_protocol_round4_widechem_boost/meta_gga_r2scan/cif/mp-10981.cif,train,-0.5143982616666705,-3.826211293538412,-0.2817758984429432,-0.284016478458402,-0.4292523746093261,3,3
mp-24040,CrHO2,<PROJECT_ROOT>/external_datasets/functional_protocol_round4_widechem_boost/meta_gga_r2scan/cif/mp-24040.cif,train,-1.9320008078125,-6.840168952941895,-1.6672568988090193,-1.6672547975948318,-1.6671185954854866,8,3
mp-1208982,Se(OF)2,<PROJECT_ROOT>/external_datasets/functional_protocol_round4_widechem_boost/meta_gga_r2scan/cif/mp-1208982.cif,train,-0.9794026583124988,-4.351650238037109,-1.395728415417155,-1.4216828561190784,-3.104067072898306,20,3
mp-504825,SeCl,<PROJECT_ROOT>/external_datasets/functional_protocol_round4_widechem_boost/meta_gga_r2scan/cif/mp-504825.cif,train,-0.1994598926562503,-2.8453164100646973,-0.4122210189564708,-0.4306628759179238,-1.626076386706869,16,2
mp-510001,Ca2Ni7P4,<PROJECT_ROOT>/external_datasets/functional_protocol_round4_widechem_boost/meta_gga_r2scan/cif/mp-510001.cif,train,-0.7746877482234424,-5.8301861102764425,-0.8597359020573228,-0.8540611996508121,-0.4862231917624122,26,3
mp-21294,Y2In,<PROJECT_ROOT>/external_datasets/functional_protocol_round4_widechem_boost/meta_gga_r2scan/cif/mp-21294.cif,train,-0.4945761233333314,-5.614082972208659,-0.4591927909869104,-0.4658321291364,-0.8961984714845788,6,2
mp-768451,Cu2(SO4)3,<PROJECT_ROOT>/external_datasets/functional_protocol_round4_widechem_boost/meta_gga_r2scan/cif/mp-768451.cif,train,-1.1283554957904418,-5.655517578125,-1.4014792125023725,-1.4193919323850102,-2.580506423590327,34,3
mp-1204502,Pr(TiAl10)2,<PROJECT_ROOT>/external_datasets/functional_protocol_round4_widechem_boost/meta_gga_r2scan/cif/mp-1204502.cif,train,-0.2417978143478256,-4.383717412533968,-0.2500583184445188,-0.2547196525207145,-0.5568704470219872,46,3
mp-626540,Mo(HO2)2,<PROJECT_ROOT>/external_datasets/functional_protocol_round4_widechem_boost/meta_gga_r2scan/cif/mp-626540.cif,train,-1.6329297682142845,-6.092255183628628,-1.1340767314898423,-1.1437692746550343,-1.7720464095337078,14,3
mp-1113477,Na3NiF6,<PROJECT_ROOT>/external_datasets/functional_protocol_round4_widechem_boost/meta_gga_r2scan/cif/mp-1113477.cif,train,-2.5245295410000006,-4.069326019287109,-2.317032232742469,-2.319378278936746,-2.4714505633838435,10,3
mp-4922,MnAlNi2,<PROJECT_ROOT>/external_datasets/functional_protocol_round4_widechem_boost/meta_gga_r2scan/cif/mp-4922.cif,train,-0.5363771611206882,-6.516008377075195,-0.7403988262531369,-0.7323258727120852,-0.2090316212103863,4,3
mp-2,Pd,<PROJECT_ROOT>/external_datasets/functional_protocol_round4_widechem_boost/meta_gga_r2scan/cif/mp-2.cif,train,0.0,-5.177878856658936,0.0025272035324812,-0.0056627909707289,-0.5365437159722535,1,1
mp-558390,RbGa2P5O16,<PROJECT_ROOT>/external_datasets/functional_protocol_round4_widechem_boost/meta_gga_r2scan/cif/mp-558390.cif,train,-2.3721963619221227,-6.859631856282552,-2.547153634207353,-2.5462826048676908,-2.489821900118005,48,4
mp-5835,Ho(CoSi)2,<PROJECT_ROOT>/external_datasets/functional_protocol_round4_widechem_boost/meta_gga_r2scan/cif/mp-5835.cif,train,-0.7804516649999982,-6.75396728515625,-0.792743370834323,-0.7892995778288432,-0.5660706103924673,5,3
mp-680577,KGa2Cl7,<PROJECT_ROOT>/external_datasets/functional_protocol_round4_widechem_boost/meta_gga_r2scan/cif/mp-680577.cif,train,-1.483621425125,-3.332712173461914,-1.4963554429699109,-1.496468857538403,-1.5038204657728258,40,3
mp-3802,Ta4AlC3,<PROJECT_ROOT>/external_datasets/functional_protocol_round4_widechem_boost/meta_gga_r2scan/cif/mp-3802.cif,train,-0.6390505755416669,-10.4300537109375,-0.5920351288843992,-0.5863556536205161,-0.2182082659232399,16,3
mp-861882,LiGeIr2,<PROJECT_ROOT>/external_datasets/functional_protocol_round4_widechem_boost/meta_gga_r2scan/cif/mp-861882.cif,train,-0.4660500191666656,-6.457520484924316,-0.4163740111702942,-0.4200233436275526,-0.656575515891849,4,3
mp-1226516,CeNiSb,<PROJECT_ROOT>/external_datasets/functional_protocol_round4_widechem_boost/meta_gga_r2scan/cif/mp-1226516.cif,train,-0.8886810300000008,-6.039711634318034,-0.9148944340891204,-0.9145011546170024,-0.8890085160250106,3,3
mp-1102662,CaMgPd,<PROJECT_ROOT>/external_datasets/functional_protocol_round4_widechem_boost/meta_gga_r2scan/cif/mp-1102662.cif,train,-0.5986574075000016,-3.54583485921224,-0.6432471909355493,-0.6396136508162611,-0.4040851484714118,12,3
mp-646337,Tb2EuSe4,<PROJECT_ROOT>/external_datasets/functional_protocol_round4_widechem_boost/meta_gga_r2scan/cif/mp-646337.cif,train,-2.2529446408928533,-6.716121128627232,-2.1367302919253843,-2.1250602806016854,-1.3686023362327728,28,3
mp-1206278,NdInCu4,<PROJECT_ROOT>/external_datasets/functional_protocol_round4_widechem_boost/meta_gga_r2scan/cif/mp-1206278.cif,train,-0.2504515495833341,-4.20811653137207,-0.2378257668307073,-0.2337313578900124,0.0316709699027671,6,3
mp-600031,SiO2,<PROJECT_ROOT>/external_datasets/functional_protocol_round4_widechem_boost/meta_gga_r2scan/cif/mp-600031.cif,train,-3.020943909666666,-7.898147583007812,-3.154696081630112,-3.144536374474751,-2.4859773570959414,60,2
mp-571554,PrAlSi2,<PROJECT_ROOT>/external_datasets/functional_protocol_round4_widechem_boost/meta_gga_r2scan/cif/mp-571554.cif,train,-0.5200003866666663,-5.320027828216553,-0.4530501756585918,-0.457405588054864,-0.7397263345198647,8,3
mp-1078458,CrFeO3,<PROJECT_ROOT>/external_datasets/functional_protocol_round4_widechem_boost/meta_gga_r2scan/cif/mp-1078458.cif,train,-1.9742869512500008,-7.295754241943359,-1.2728284089431137,-1.2827297478865054,-1.9245411648478208,10,3
mp-2761649,Rb2SbBr6,<PROJECT_ROOT>/external_datasets/functional_protocol_round4_widechem_boost/meta_gga_r2scan/cif/mp-2761649.cif,train,-1.263939131388892,-2.873073789808485,-1.282627452707016,-1.2838962666675195,-1.366141636763798,36,3
mp-1187969,Zn3Ag,<PROJECT_ROOT>/external_datasets/functional_protocol_round4_widechem_boost/meta_gga_r2scan/cif/mp-1187969.cif,train,-0.0092751337500001,-1.6814754009246826,-0.0287644082676181,-0.0273051592118633,0.0672843412115732,8,2
mp-27452,Al2PdCl8,<PROJECT_ROOT>/external_datasets/functional_protocol_round4_widechem_boost/meta_gga_r2scan/cif/mp-27452.cif,train,-1.3717365695454553,-3.713680267333984,-1.39000587035513,-1.3918848121190397,-1.5136790747716729,22,3
mp-9561,VS2,<PROJECT_ROOT>/external_datasets/functional_protocol_round4_widechem_boost/meta_gga_r2scan/cif/mp-9561.cif,train,-0.9950023718750008,-6.619216283162435,-1.1645198035096902,-1.1637208516344195,-1.111932256366294,3,2
mp-18806,Ni3(BO3)2,<PROJECT_ROOT>/external_datasets/functional_protocol_round4_widechem_boost/meta_gga_r2scan/cif/mp-18806.cif,train,-1.823989286590909,-6.37253154407848,-1.251203273694272,-1.262052668565916,-1.9653177053001536,22,3
mp-2037681,CsO2,<PROJECT_ROOT>/external_datasets/functional_protocol_round4_widechem_boost/meta_gga_r2scan/cif/mp-2037681.cif,train,-0.9574963841666648,-4.453494389851888,-1.275066913768902,-1.2918450879959362,-2.3794175704896,6,2
mp-28733,Sc3C4,<PROJECT_ROOT>/external_datasets/functional_protocol_round4_widechem_boost/meta_gga_r2scan/cif/mp-28733.cif,train,-0.5419083774285712,-8.39023175920759,-0.4204312590938999,-0.4205181944303398,-0.4261534011206649,70,2
mp-151,Tl,<PROJECT_ROOT>/external_datasets/functional_protocol_round4_widechem_boost/meta_gga_r2scan/cif/mp-151.cif,train,0.0291674200000002,-2.340911626815796,0.0322598630619941,0.0387057348010406,0.4565314549427237,1,1
mp-1246133,MgCrN2,<PROJECT_ROOT>/external_datasets/functional_protocol_round4_widechem_boost/meta_gga_r2scan/cif/mp-1246133.cif,train,-0.8336767399999996,-7.595587730407715,-0.9940796842662634,-0.9859366951241464,-0.4581026890889114,16,3
mp-1188435,Y2Co3Si5,<PROJECT_ROOT>/external_datasets/functional_protocol_round4_widechem_boost/meta_gga_r2scan/cif/mp-1188435.cif,train,-0.7188861165000006,-6.908169555664062,-0.7289036151157715,-0.7265530884502773,-0.5741903768600882,20,3
mp-996952,LaAuO2,<PROJECT_ROOT>/external_datasets/functional_protocol_round4_widechem_boost/meta_gga_r2scan/cif/mp-996952.cif,train,-2.405498398125001,-6.735989570617676,-2.5451755501387145,-2.538876459505224,-2.130565188861698,4,3
mp-864657,HoI3,<PROJECT_ROOT>/external_datasets/functional_protocol_round4_widechem_boost/meta_gga_r2scan/cif/mp-864657.cif,train,-1.5386521418750014,-3.640992164611816,-1.4894183293749266,-1.4848574710558795,-1.1892195823782925,8,2
mp-3540,Li2SnO3,<PROJECT_ROOT>/external_datasets/functional_protocol_round4_widechem_boost/meta_gga_r2scan/cif/mp-3540.cif,train,-2.086413412430556,-5.651114145914714,-2.206995200451299,-2.203030947015642,-1.946065386170842,24,3
mp-766253,La2Th11O26,<PROJECT_ROOT>/external_datasets/functional_protocol_round4_widechem_boost/meta_gga_r2scan/cif/mp-766253.cif,train,-4.0271405153205135,-9.364149827223558,-4.147143124308138,-4.124802264766402,-2.676652797245426,39,3
mp-29209,Ba(MgBi)2,<PROJECT_ROOT>/external_datasets/functional_protocol_round4_widechem_boost/meta_gga_r2scan/cif/mp-29209.cif,train,-0.7466902849999997,-3.184738540649414,-0.606203730277179,-0.5981988258689697,-0.0793155647013066,5,3
mp-9113,CsBeAsO4,<PROJECT_ROOT>/external_datasets/functional_protocol_round4_widechem_boost/meta_gga_r2scan/cif/mp-9113.cif,train,-2.103260430357143,-6.044960566929409,-2.2522361345845483,-2.251229307339334,-2.185966091467137,28,4
mp-1221539,MoBr3O,<PROJECT_ROOT>/external_datasets/functional_protocol_round4_widechem_boost/meta_gga_r2scan/cif/mp-1221539.cif,train,-1.1038591057500011,-4.170331573486328,-0.3644907728987414,-0.3805729780310702,-1.4230322780158846,20,3
mp-102,Co,<PROJECT_ROOT>/external_datasets/functional_protocol_round4_widechem_boost/meta_gga_r2scan/cif/mp-102.cif,train,0.0,-7.091163635253906,0.028994354726608,0.0309743154363753,0.1593166937681795,1,1
mp-1205957,Hf6NiBi2,<PROJECT_ROOT>/external_datasets/functional_protocol_round4_widechem_boost/meta_gga_r2scan/cif/mp-1205957.cif,train,-0.2977908100000061,-8.397398206922743,-0.2928924459389694,-0.3007169833651373,-0.8079087360425945,9,3
mp-1097615,Ba2MgHg,<PROJECT_ROOT>/external_datasets/functional_protocol_round4_widechem_boost/meta_gga_r2scan/cif/mp-1097615.cif,train,1.2075496168749993,-0.2941691279411316,1.0957867584231291,1.0709370240142515,-0.5398393915044336,4,3
mp-1186530,Pm3Sm,<PROJECT_ROOT>/external_datasets/functional_protocol_round4_widechem_boost/meta_gga_r2scan/cif/mp-1186530.cif,train,0.0271953943749956,-4.729987144470215,-0.0816235704789347,-0.0920273373765159,-0.7664064705872764,4,2
mp-20344,Fe3Ge,<PROJECT_ROOT>/external_datasets/functional_protocol_round4_widechem_boost/meta_gga_r2scan/cif/mp-20344.cif,train,-0.0697570724999998,-7.591004371643066,-0.0595643249495658,-0.0577317491361659,0.0610570415722865,4,2
mp-1112348,Cs3SmCl6,<PROJECT_ROOT>/external_datasets/functional_protocol_round4_widechem_boost/meta_gga_r2scan/cif/mp-1112348.cif,train,-2.329584442500001,-3.949498748779297,-2.270806456773105,-2.257748408378677,-1.4113169721159091,10,3
mp-1212821,Er4Ga12Pt,<PROJECT_ROOT>/external_datasets/functional_protocol_round4_widechem_boost/meta_gga_r2scan/cif/mp-1212821.cif,train,-0.6603714172549009,-4.160577213062959,-0.6511015449578172,-0.6523287867322578,-0.7318794199046674,17,3
mp-1079127,Ti2H3,<PROJECT_ROOT>/external_datasets/functional_protocol_round4_widechem_boost/meta_gga_r2scan/cif/mp-1079127.cif,train,-0.4810466419166673,-5.615433883666992,-0.4075291651224635,-0.4114466940318833,-0.6653835398191781,10,2
mp-936,Hg4Pt,<PROJECT_ROOT>/external_datasets/functional_protocol_round4_widechem_boost/meta_gga_r2scan/cif/mp-936.cif,train,-0.123063639999998,-1.537822723388672,-0.0934623955220452,-0.092291723171086,-0.0164079578879465,5,2
mp-22879,PuBi,<PROJECT_ROOT>/external_datasets/functional_protocol_round4_widechem_boost/meta_gga_r2scan/cif/mp-22879.cif,train,-0.739028276875004,-9.413448333740234,-0.7067875294160917,-0.7047994811172416,-0.5759328598465578,2,2
mp-7072,Th(CoSi)2,<PROJECT_ROOT>/external_datasets/functional_protocol_round4_widechem_boost/meta_gga_r2scan/cif/mp-7072.cif,train,-0.7547069640000018,-7.2944084167480465,-0.768692121611541,-0.7645351547546584,-0.4950777809657612,5,3
mp-1207263,Zr6FeSn2,<PROJECT_ROOT>/external_datasets/functional_protocol_round4_widechem_boost/meta_gga_r2scan/cif/mp-1207263.cif,train,-0.3912831755555588,-7.92820570203993,-0.4357284573566069,-0.4382549778974889,-0.6020257302769989,9,3
mp-36381,Sn(PS3)2,<PROJECT_ROOT>/external_datasets/functional_protocol_round4_widechem_boost/meta_gga_r2scan/cif/mp-36381.cif,train,-0.3546575036474877,-4.662212795681423,-0.3802296880945999,-0.3925038547121788,-1.1881235495717344,9,3
mp-11401,ScGa2Ni,<PROJECT_ROOT>/external_datasets/functional_protocol_round4_widechem_boost/meta_gga_r2scan/cif/mp-11401.cif,train,-0.6806541849999999,-5.181402683258057,-0.7026695247401848,-0.700104496668863,-0.5338376603936186,8,3
mp-761036,CdSeO4,<PROJECT_ROOT>/external_datasets/functional_protocol_round4_widechem_boost/meta_gga_r2scan/cif/mp-761036.cif,train,-0.9853146698437504,-4.874529520670573,-1.2724217025981686,-1.290177003887151,-2.4410875164964327,12,3
mp-1215521,YbAlCu,<PROJECT_ROOT>/external_datasets/functional_protocol_round4_widechem_boost/meta_gga_r2scan/cif/mp-1215521.cif,train,-0.4489496966666688,-3.4179471333821616,-0.3502629975341209,-0.3475957064914476,-0.1747001159723265,6,3
mp-768950,Sn2(SO4)3,<PROJECT_ROOT>/external_datasets/functional_protocol_round4_widechem_boost/meta_gga_r2scan/cif/mp-768950.cif,train,-1.4717871807904412,-6.036891264073989,-1.7878553683169525,-1.8009345006914588,-2.6487326146535493,34,3
mp-570985,SiC,<PROJECT_ROOT>/external_datasets/functional_protocol_round4_widechem_boost/meta_gga_r2scan/cif/mp-570985.cif,train,-0.3058959558333345,-7.526010583948206,-0.1402931302671843,-0.1429206309769952,-0.3132369854892309,54,2
mp-754322,Sr2CuO4,<PROJECT_ROOT>/external_datasets/functional_protocol_round4_widechem_boost/meta_gga_r2scan/cif/mp-754322.cif,train,-2.028139419285714,-5.685442788260324,-2.12089786669192,-2.1224835555045107,-2.2252689655876234,7,3
mp-29222,Ba2Si3O8,<PROJECT_ROOT>/external_datasets/functional_protocol_round4_widechem_boost/meta_gga_r2scan/cif/mp-29222.cif,train,-3.188787047692309,-7.540485088641827,-3.310973989482401,-3.297834782728004,-2.4461426072553687,52,3
mp-20599,PdPb2,<PROJECT_ROOT>/external_datasets/functional_protocol_round4_widechem_boost/meta_gga_r2scan/cif/mp-20599.cif,train,-0.2079951900000007,-4.403562863667806,-0.1842703462957002,-0.1822778739670214,-0.0531244841231374,6,2
mp-1206935,Tm6FeBi2,<PROJECT_ROOT>/external_datasets/functional_protocol_round4_widechem_boost/meta_gga_r2scan/cif/mp-1206935.cif,train,-0.4732557788888951,-5.202873229980469,-0.5083893900035035,-0.5153904763497126,-0.9692055789150088,9,3
mp-8182,As3Rh,<PROJECT_ROOT>/external_datasets/functional_protocol_round4_widechem_boost/meta_gga_r2scan/cif/mp-8182.cif,train,-0.4987421518749997,-5.762702941894531,-0.5678977130227594,-0.5712119855236217,-0.7860453471667763,16,2
mp-1105479,Dy3Pt,<PROJECT_ROOT>/external_datasets/functional_protocol_round4_widechem_boost/meta_gga_r2scan/cif/mp-1105479.cif,train,-0.7920070031249935,-5.673951148986816,-0.844232639571791,-0.8473020623672678,-1.0462641022369334,16,2
mp-19232,K2CrO4,<PROJECT_ROOT>/external_datasets/functional_protocol_round4_widechem_boost/meta_gga_r2scan/cif/mp-19232.cif,train,-2.1367741028571428,-5.896636962890625,-1.8918539094390656,-1.895561488236205,-2.1358892272311296,28,3
mp-29465,TaCl4,<PROJECT_ROOT>/external_datasets/functional_protocol_round4_widechem_boost/meta_gga_r2scan/cif/mp-29465.cif,train,-1.457717922466668,-5.140318298339844,-1.4864415828883462,-1.4882650639716326,-1.606464328188023,10,2
mp-554298,Cu2As2O7,<PROJECT_ROOT>/external_datasets/functional_protocol_round4_widechem_boost/meta_gga_r2scan/cif/mp-554298.cif,train,-1.114734217386364,-5.637581911954013,-1.3029001034761682,-1.3170495731248018,-2.234227665538466,22,3
mp-1422029,MnS2,<PROJECT_ROOT>/external_datasets/functional_protocol_round4_widechem_boost/meta_gga_r2scan/cif/mp-1422029.cif,train,-0.7995039067025852,-6.351642608642578,-1.005747398125564,-1.0059975667197234,-1.022213662422756,3,2
mp-1219962,Pr2CoSn4,<PROJECT_ROOT>/external_datasets/functional_protocol_round4_widechem_boost/meta_gga_r2scan/cif/mp-1219962.cif,train,-0.5789775861904738,-5.238152640206473,-0.5499799459363999,-0.547623079150438,-0.3948493967086199,7,3
mp-29590,Sn2OF5,<PROJECT_ROOT>/external_datasets/functional_protocol_round4_widechem_boost/meta_gga_r2scan/cif/mp-29590.cif,train,-2.4576099179687514,-5.062950134277344,-2.616448950293179,-2.6194010461952555,-2.810757878311988,16,3
mp-9781,K3SbS4,<PROJECT_ROOT>/external_datasets/functional_protocol_round4_widechem_boost/meta_gga_r2scan/cif/mp-9781.cif,train,-1.056636680312501,-3.880869388580322,-1.0095629261029684,-1.0108102970234638,-1.0916657149155664,16,3
mp-35596,Fe2NiO4,<PROJECT_ROOT>/external_datasets/functional_protocol_round4_widechem_boost/meta_gga_r2scan/cif/mp-35596.cif,train,-1.597750160714286,-6.1378277369907925,-0.424018176685438,-0.4458487841371852,-1.860923369689532,14,3
mp-1183085,Ac2Mg,<PROJECT_ROOT>/external_datasets/functional_protocol_round4_widechem_boost/meta_gga_r2scan/cif/mp-1183085.cif,train,-0.0427949666666715,-3.299917221069336,-0.0491717793840194,-0.0530031330292244,-0.3013540405130803,6,2
mp-191,YRh,<PROJECT_ROOT>/external_datasets/functional_protocol_round4_widechem_boost/meta_gga_r2scan/cif/mp-191.cif,train,-0.8919841999999996,-7.747748374938965,-0.8826394699704032,-0.8816507786893473,-0.8175631481514718,2,2
mp-30297,SrVF5,<PROJECT_ROOT>/external_datasets/functional_protocol_round4_widechem_boost/meta_gga_r2scan/cif/mp-30297.cif,train,-3.6758770978571422,-5.970677512032645,-3.508227223296137,-3.499128580471065,-2.9093484631184072,56,3
mp-1078589,EuAu,<PROJECT_ROOT>/external_datasets/functional_protocol_round4_widechem_boost/meta_gga_r2scan/cif/mp-1078589.cif,train,-0.8856360050000021,-7.580839157104492,-0.9466675934825384,-0.9510431021723988,-1.2346665038376576,8,2
mp-1630,Zr3Hg,<PROJECT_ROOT>/external_datasets/functional_protocol_round4_widechem_boost/meta_gga_r2scan/cif/mp-1630.cif,train,-0.2144289418749991,-6.651928901672363,-0.2217977089917795,-0.227445725386393,-0.5935539281222423,8,2
mp-974341,RuRh3,<PROJECT_ROOT>/external_datasets/functional_protocol_round4_widechem_boost/meta_gga_r2scan/cif/mp-974341.cif,train,0.0450838649999987,-7.773952007293701,0.0484435165317957,0.0433838090430453,-0.2845898166786458,8,2
mp-1183897,Cs,<PROJECT_ROOT>/external_datasets/functional_protocol_round4_widechem_boost/meta_gga_r2scan/cif/mp-1183897.cif,train,0.0131202290000004,-0.8511354446411132,-0.0209107360238298,-0.0272280228252626,-0.4367187812524055,20,1
mp-14652,Cs2P3,<PROJECT_ROOT>/external_datasets/functional_protocol_round4_widechem_boost/meta_gga_r2scan/cif/mp-14652.cif,train,-0.5858928317857135,-4.061678314208985,-0.497808395871854,-0.5008668203545046,-0.6991159422242128,10,2
mp-865580,Li2DyIn,<PROJECT_ROOT>/external_datasets/functional_protocol_round4_widechem_boost/meta_gga_r2scan/cif/mp-865580.cif,train,-0.3806048695833333,-3.077594518661499,-0.4138592218490191,-0.4178631343242802,-0.6773994206670974,4,3
mp-20250,PdS,<PROJECT_ROOT>/external_datasets/functional_protocol_round4_widechem_boost/meta_gga_r2scan/cif/mp-20250.cif,train,-0.4575256901562508,-5.004449367523193,-0.4405112377673852,-0.4489267592878549,-0.994426496485622,16,2
mp-863665,Pm2CuIr,<PROJECT_ROOT>/external_datasets/functional_protocol_round4_widechem_boost/meta_gga_r2scan/cif/mp-863665.cif,train,-0.5235222362499989,-6.062827110290527,-0.4842031377623348,-0.4825028269317002,-0.3722875409259616,4,3
mp-555836,Sn2PClO4,<PROJECT_ROOT>/external_datasets/functional_protocol_round4_widechem_boost/meta_gga_r2scan/cif/mp-555836.cif,train,-1.8437915663095232,-6.094128608703613,-2.022583718921557,-2.0234597907597163,-2.080247353635944,16,4
mp-1186780,SrYb3,<PROJECT_ROOT>/external_datasets/functional_protocol_round4_widechem_boost/meta_gga_r2scan/cif/mp-1186780.cif,train,0.2051701612499989,-1.3901004791259766,0.050088320524416,0.0396819272774413,-0.6348674476584634,8,2
mp-7839,ReB3,<PROJECT_ROOT>/external_datasets/functional_protocol_round4_widechem_boost/meta_gga_r2scan/cif/mp-7839.cif,train,0.8142640362500018,-7.365566730499268,0.7824287658683211,0.7657394449281751,-0.3160735080424773,8,2
mp-971827,Zn2CuPt,<PROJECT_ROOT>/external_datasets/functional_protocol_round4_widechem_boost/meta_gga_r2scan/cif/mp-971827.cif,train,-0.3747198999999988,-3.505826950073242,-0.3760313553507051,-0.3728884317129211,-0.1691620180531698,4,3
mp-2026078,V5Te4,<PROJECT_ROOT>/external_datasets/functional_protocol_round4_widechem_boost/meta_gga_r2scan/cif/mp-2026078.cif,train,-0.5318173333333347,-6.703113132052952,-0.6507028142108986,-0.6495675983126317,-0.5759821440231306,9,2
mp-18960,ErVO4,<PROJECT_ROOT>/external_datasets/functional_protocol_round4_widechem_boost/meta_gga_r2scan/cif/mp-18960.cif,train,-3.292863440555555,-8.033681233723959,-2.988858910110629,-2.982487062504945,-2.56945963622976,12,3
mp-1120774,Cu,<PROJECT_ROOT>/external_datasets/functional_protocol_round4_widechem_boost/meta_gga_r2scan/cif/mp-1120774.cif,train,0.1803207150000005,-3.9313227335611978,0.1916249163558219,0.1940122544218345,0.3487611056298916,6,1
mp-1189863,Tm5Si3,<PROJECT_ROOT>/external_datasets/functional_protocol_round4_widechem_boost/meta_gga_r2scan/cif/mp-1189863.cif,train,-0.7893272843750019,-5.53302812576294,-0.7574055914720228,-0.764856193229349,-1.247809185589517,16,2
mp-759301,Li(CoO2)3,<PROJECT_ROOT>/external_datasets/functional_protocol_round4_widechem_boost/meta_gga_r2scan/cif/mp-759301.cif,train,-1.338464115916666,-5.71833724975586,-0.7944375150085303,-0.8132442844451466,-2.0323116660991123,20,3
mp-27303,NaAg3O2,<PROJECT_ROOT>/external_datasets/functional_protocol_round4_widechem_boost/meta_gga_r2scan/cif/mp-27303.cif,train,-0.5897852287499982,-3.757137298583984,-0.6737786314805696,-0.6798831695251879,-1.0755834111487972,12,3
mp-1016109,ZrZn16,<PROJECT_ROOT>/external_datasets/functional_protocol_round4_widechem_boost/meta_gga_r2scan/cif/mp-1016109.cif,train,-0.0863209914705896,-1.7668551276711857,-0.0994618048245454,-0.0989982128381266,-0.0689478700112986,34,2
mp-1227509,CeGa2Co3,<PROJECT_ROOT>/external_datasets/functional_protocol_round4_widechem_boost/meta_gga_r2scan/cif/mp-1227509.cif,train,-0.3179644394444476,-5.925160302056207,-0.4169348247667885,-0.4171950545504028,-0.4340633232876684,18,3
mp-573763,Cs2Te,<PROJECT_ROOT>/external_datasets/functional_protocol_round4_widechem_boost/meta_gga_r2scan/cif/mp-573763.cif,train,-1.220100983333334,-2.635003407796224,-1.0710246304689268,-1.063009674623382,-0.5434748725602427,12,2
mp-1111611,Rb2TlAuCl6,<PROJECT_ROOT>/external_datasets/functional_protocol_round4_widechem_boost/meta_gga_r2scan/cif/mp-1111611.cif,train,-1.2393339007500004,-2.9562057495117187,-1.2440458368828682,-1.2449409676801615,-1.302963945043098,10,4
mp-25773,Mn8Cl3O10,<PROJECT_ROOT>/external_datasets/functional_protocol_round4_widechem_boost/meta_gga_r2scan/cif/mp-25773.cif,train,-2.01413065956486,-6.9658392043340776,-1.560481043019088,-1.5660816638653303,-1.9291176554355869,42,3
mp-21116,CeCoGe3,<PROJECT_ROOT>/external_datasets/functional_protocol_round4_widechem_boost/meta_gga_r2scan/cif/mp-21116.cif,train,-0.5581711979999995,-5.953487396240234,-0.5969769396066686,-0.5986708958318152,-0.7084742720584787,5,3
mp-20001,SrSnPt,<PROJECT_ROOT>/external_datasets/functional_protocol_round4_widechem_boost/meta_gga_r2scan/cif/mp-20001.cif,train,-0.9304621716666712,-4.775812149047852,-0.875525076853672,-0.874781258682809,-0.8265664670335355,12,3
mp-30182,ThAl3Ni2,<PROJECT_ROOT>/external_datasets/functional_protocol_round4_widechem_boost/meta_gga_r2scan/cif/mp-30182.cif,train,-0.6746146883333329,-5.681027094523112,-0.7215846388760774,-0.7178356238803572,-0.4748219627613704,6,3
mp-8161,CaPdF4,<PROJECT_ROOT>/external_datasets/functional_protocol_round4_widechem_boost/meta_gga_r2scan/cif/mp-8161.cif,train,-2.79919496,-4.985004742940267,-2.866663068558148,-2.8648640367020173,-2.748249587753344,12,3
mp-9144,LiAsF6,<PROJECT_ROOT>/external_datasets/functional_protocol_round4_widechem_boost/meta_gga_r2scan/cif/mp-9144.cif,train,-2.5597081873958336,-4.572877407073975,-2.7331706238341464,-2.737249882869613,-3.0016701836683124,8,3
mp-1184701,Ho5Mg,<PROJECT_ROOT>/external_datasets/functional_protocol_round4_widechem_boost/meta_gga_r2scan/cif/mp-1184701.cif,train,0.0150521633333321,-4.061069806416829,-0.024292321130674,-0.0437804578211844,-1.3070145208885844,6,2
mp-561786,Cs(TeO3)2,<PROJECT_ROOT>/external_datasets/functional_protocol_round4_widechem_boost/meta_gga_r2scan/cif/mp-561786.cif,train,-1.3372328569444438,-5.267031351725261,-1.599434496502266,-1.612365902563461,-2.450588298028158,18,3
mp-568059,LuBi,<PROJECT_ROOT>/external_datasets/functional_protocol_round4_widechem_boost/meta_gga_r2scan/cif/mp-568059.cif,train,-0.9204164508333365,-4.923638343811035,-0.7943780586560152,-0.7921483735844905,-0.6476186949908485,2,2
mp-1213103,Dy12Co5Bi,<PROJECT_ROOT>/external_datasets/functional_protocol_round4_widechem_boost/meta_gga_r2scan/cif/mp-1213103.cif,train,-0.2505350169444429,-5.538484361436632,-0.3642125811460888,-0.3686816584120409,-0.6583702378021934,18,3
mp-1217670,Tb2ZnAg,<PROJECT_ROOT>/external_datasets/functional_protocol_round4_widechem_boost/meta_gga_r2scan/cif/mp-1217670.cif,train,-0.3710347099999964,-3.677342414855957,-0.3835180681136965,-0.3839122315136398,-0.4094621668981782,4,3
mp-30857,Zn12Pt7,<PROJECT_ROOT>/external_datasets/functional_protocol_round4_widechem_boost/meta_gga_r2scan/cif/mp-30857.cif,train,-0.5387052378947361,-3.5146982293379936,-0.5521473212610153,-0.5494677165318027,-0.3757739446101737,38,2
mp-1208137,Tm12(OsC3)5,<PROJECT_ROOT>/external_datasets/functional_protocol_round4_widechem_boost/meta_gga_r2scan/cif/mp-1208137.cif,train,-0.5235505503125033,-8.125232696533203,-0.4125165750282704,-0.412167041324297,-0.3895100327010078,32,3
mp-20919,Rb3CrF7,<PROJECT_ROOT>/external_datasets/functional_protocol_round4_widechem_boost/meta_gga_r2scan/cif/mp-20919.cif,train,-2.964635165795454,-4.800931063565341,-2.8790921446434155,-2.875010816294213,-2.6104563811959998,22,3
mp-27365,BaBiSe3,<PROJECT_ROOT>/external_datasets/functional_protocol_round4_widechem_boost/meta_gga_r2scan/cif/mp-27365.cif,train,-1.1816659659375035,-4.2881523132324215,-1.197771430796235,-1.195578390288114,-1.0534240368198122,40,3
mp-7848,AlPO4,<PROJECT_ROOT>/external_datasets/functional_protocol_round4_widechem_boost/meta_gga_r2scan/cif/mp-7848.cif,train,-2.8975213588293656,-7.47860844930013,-3.057598379999013,-3.048427820508688,-2.453986016782034,6,3
mp-867899,Sm2IrRh,<PROJECT_ROOT>/external_datasets/functional_protocol_round4_widechem_boost/meta_gga_r2scan/cif/mp-867899.cif,train,-0.781114117499996,-7.1160430908203125,-0.7647520221655144,-0.7679883442390549,-0.9777689070129608,4,3
mp-27994,HgBrO3,<PROJECT_ROOT>/external_datasets/functional_protocol_round4_widechem_boost/meta_gga_r2scan/cif/mp-27994.cif,train,0.0378016017500016,-3.3133930206298827,-0.3556609202890475,-0.3852453798341342,-2.3029298474828184,20,3
mp-1218359,SrAl3Ag,<PROJECT_ROOT>/external_datasets/functional_protocol_round4_widechem_boost/meta_gga_r2scan/cif/mp-1218359.cif,train,-0.2972516769999999,-3.4254009246826174,-0.2691227981461219,-0.271947747461053,-0.4550628527027781,5,3
mp-22506,Cs6InAs3,<PROJECT_ROOT>/external_datasets/functional_protocol_round4_widechem_boost/meta_gga_r2scan/cif/mp-22506.cif,train,-0.5530665602499993,-2.563853073120117,-0.4546359586799378,-0.4562352618273566,-0.5599031622058199,20,3
mp-1187233,TaGeRu2,<PROJECT_ROOT>/external_datasets/functional_protocol_round4_widechem_boost/meta_gga_r2scan/cif/mp-1187233.cif,train,-0.3399511693333359,-9.059388160705566,-0.2862748572311435,-0.2845571819120875,-0.1732163181458915,4,3
mp-1183187,AlFe2Ge,<PROJECT_ROOT>/external_datasets/functional_protocol_round4_widechem_boost/meta_gga_r2scan/cif/mp-1183187.cif,train,0.0208243200000008,-6.526008605957031,-0.1835982617755132,-0.1825093469090077,-0.1119251564867999,4,3
mp-4505,La3AlN,<PROJECT_ROOT>/external_datasets/functional_protocol_round4_widechem_boost/meta_gga_r2scan/cif/mp-4505.cif,train,-0.901059496749997,-6.13850326538086,-0.8986244694304064,-0.9043843534890196,-1.2777438930753937,5,3
mp-1186945,Sc2CuNi,<PROJECT_ROOT>/external_datasets/functional_protocol_round4_widechem_boost/meta_gga_r2scan/cif/mp-1186945.cif,train,-0.3588379775000003,-6.025066375732422,-0.4565649551961979,-0.4576049438471878,-0.5250177042349402,4,3
mp-772813,Ca2Cu2O5,<PROJECT_ROOT>/external_datasets/functional_protocol_round4_widechem_boost/meta_gga_r2scan/cif/mp-772813.cif,train,-1.8814884990277787,-5.779369354248047,-2.0267000330020224,-2.026438654618945,-2.009495932895609,36,3
mp-972463,Tm5Sb3,<PROJECT_ROOT>/external_datasets/functional_protocol_round4_widechem_boost/meta_gga_r2scan/cif/mp-972463.cif,train,-0.9913320075000024,-5.2013258934021,-0.9592745461013888,-0.9612012606483936,-1.0860921870737998,16,2
mp-1212167,In5CuSe8,<PROJECT_ROOT>/external_datasets/functional_protocol_round4_widechem_boost/meta_gga_r2scan/cif/mp-1212167.cif,train,-0.6505660094642849,-3.760778154645647,-0.6588783981446684,-0.6615669809398046,-0.8358427171047065,14,3
mp-1018126,GaBi,<PROJECT_ROOT>/external_datasets/functional_protocol_round4_widechem_boost/meta_gga_r2scan/cif/mp-1018126.cif,train,-0.0069017325000046,-3.4239840507507324,0.0364095820806396,0.0337060601882646,-0.1415380382563875,2,2
mp-634117,BH3,<PROJECT_ROOT>/external_datasets/functional_protocol_round4_widechem_boost/meta_gga_r2scan/cif/mp-634117.cif,train,-0.0449355434375,-4.238622188568115,-0.005342741558544,-0.0092143251247955,-0.2601729630185968,16,2
mp-1585,V3Co,<PROJECT_ROOT>/external_datasets/functional_protocol_round4_widechem_boost/meta_gga_r2scan/cif/mp-1585.cif,train,-0.1455993187500013,-8.777400016784668,-0.6454987390511615,-0.6399997938840594,-0.2835544878836312,8,2
mp-1224029,K3Ti8O17,<PROJECT_ROOT>/external_datasets/functional_protocol_round4_widechem_boost/meta_gga_r2scan/cif/mp-1224029.cif,train,-3.1516856040476204,-8.264093671526227,-3.255326674133636,-3.2444223742100258,-2.5375983552611068,28,3
mp-1215843,Yb2Al3Ga,<PROJECT_ROOT>/external_datasets/functional_protocol_round4_widechem_boost/meta_gga_r2scan/cif/mp-1215843.cif,train,-0.5863022450000012,-3.249934832255045,-0.4323014595670633,-0.4323667112279743,-0.4365963675588177,6,3
mp-19905,Co2Si,<PROJECT_ROOT>/external_datasets/functional_protocol_round4_widechem_boost/meta_gga_r2scan/cif/mp-19905.cif,train,-0.3310561891666665,-7.002338409423828,-0.4138008212696764,-0.4097309866761298,-0.1459215845116908,12,2
mp-1362204,Y2Cr3O12,<PROJECT_ROOT>/external_datasets/functional_protocol_round4_widechem_boost/meta_gga_r2scan/cif/mp-1362204.cif,train,-2.462826790294118,-7.488146164838006,-2.149917670593143,-2.154873261182928,-2.4760979598316006,34,3
mp-4530,Cd2SiO4,<PROJECT_ROOT>/external_datasets/functional_protocol_round4_widechem_boost/meta_gga_r2scan/cif/mp-4530.cif,train,-2.0689105842857134,-5.690689086914063,-2.14236419903956,-2.1400865962846813,-1.9924508613862475,14,3
mp-1175392,Li9Co7O16,<PROJECT_ROOT>/external_datasets/functional_protocol_round4_widechem_boost/meta_gga_r2scan/cif/mp-1175392.cif,train,-1.7723840446875003,-5.531824588775635,-1.302083349567896,-1.3102013219284585,-1.836413723442882,32,3
mp-1068300,Ca(FeAs)2,<PROJECT_ROOT>/external_datasets/functional_protocol_round4_widechem_boost/meta_gga_r2scan/cif/mp-1068300.cif,train,-0.5252829380000008,-6.114071655273437,-0.5496372197246924,-0.548405968795425,-0.4685954595234278,10,3
mp-29614,KEu2I5,<PROJECT_ROOT>/external_datasets/functional_protocol_round4_widechem_boost/meta_gga_r2scan/cif/mp-29614.cif,train,-1.8348827751562524,-5.2417755126953125,-1.7607844547078837,-1.7540510597536878,-1.3175878923761697,32,3
mp-1535,TbSi2,<PROJECT_ROOT>/external_datasets/functional_protocol_round4_widechem_boost/meta_gga_r2scan/cif/mp-1535.cif,train,-0.561173073333336,-5.698567072550456,-0.5067643386011547,-0.5116517391798414,-0.8284563156715714,3,2
mp-5540,SrB4O7,<PROJECT_ROOT>/external_datasets/functional_protocol_round4_widechem_boost/meta_gga_r2scan/cif/mp-5540.cif,train,-2.833901016354168,-7.865106582641602,-2.9546224847817,-2.94399647018776,-2.255211092555488,24,3
mp-365,MgB4,<PROJECT_ROOT>/external_datasets/functional_protocol_round4_widechem_boost/meta_gga_r2scan/cif/mp-365.cif,train,-0.1727923235000005,-5.793242645263672,-0.1145733906242929,-0.118931127347821,-0.4014025382611173,20,2
mp-1213722,Cs2HoCl5,<PROJECT_ROOT>/external_datasets/functional_protocol_round4_widechem_boost/meta_gga_r2scan/cif/mp-1213722.cif,train,-2.4517392759375003,-4.142889022827148,-2.361500149889765,-2.34845396164297,-1.502791308087384,32,3
mp-21463,PrTiGe,<PROJECT_ROOT>/external_datasets/functional_protocol_round4_widechem_boost/meta_gga_r2scan/cif/mp-21463.cif,train,-0.7205987511111118,-6.380676905314128,-0.6296984183247858,-0.6349536877357167,-0.975603768137356,6,3
mp-20192,HfMnSi,<PROJECT_ROOT>/external_datasets/functional_protocol_round4_widechem_boost/meta_gga_r2scan/cif/mp-20192.cif,train,-0.7517915423275857,-8.850992838541666,-0.9885430051544448,-0.984459715965042,-0.719778177892212,12,3
mp-28706,Sr5(B5Rh7)2,<PROJECT_ROOT>/external_datasets/functional_protocol_round4_widechem_boost/meta_gga_r2scan/cif/mp-28706.cif,train,-0.6153631870689671,-6.692677464978448,-0.5546827808698946,-0.5556844871649869,-0.62061575962285,29,3
mp-975589,Ho6Bi2Rh,<PROJECT_ROOT>/external_datasets/functional_protocol_round4_widechem_boost/meta_gga_r2scan/cif/mp-975589.cif,train,-0.7311929155555517,-5.348306867811415,-0.6562724105160118,-0.6630904769206385,-1.1050421043828544,9,3
mp-11382,NdFe5,<PROJECT_ROOT>/external_datasets/functional_protocol_round4_widechem_boost/meta_gga_r2scan/cif/mp-11382.cif,train,0.0827612287499993,-7.812675476074219,0.0372917904513938,0.0374123265455734,0.0452255568412636,6,2
mp-1213202,Er5(ReO6)2,<PROJECT_ROOT>/external_datasets/functional_protocol_round4_widechem_boost/meta_gga_r2scan/cif/mp-1213202.cif,train,-3.219675765087722,-8.574719880756579,-3.3515851235375456,-3.338352532855944,-2.480607148722772,19,3
mp-867134,SmCl2,<PROJECT_ROOT>/external_datasets/functional_protocol_round4_widechem_boost/meta_gga_r2scan/cif/mp-867134.cif,train,-2.166715886666668,-4.725101788838704,-2.1131392690670143,-2.1073327514567737,-1.730950393843711,6,2
mp-861978,Hf2ReIr,<PROJECT_ROOT>/external_datasets/functional_protocol_round4_widechem_boost/meta_gga_r2scan/cif/mp-861978.cif,train,-0.866948823125,-11.039066314697266,-0.7302083940967581,-0.7293926239303836,-0.67651385577658,4,3
mp-10607,Lu3TlC,<PROJECT_ROOT>/external_datasets/functional_protocol_round4_widechem_boost/meta_gga_r2scan/cif/mp-10607.cif,train,-0.7013463739999963,-5.549917221069336,-0.6138478342448579,-0.6158592160011498,-0.7462383275973143,5,3
mp-998553,KAgBr3,<PROJECT_ROOT>/external_datasets/functional_protocol_round4_widechem_boost/meta_gga_r2scan/cif/mp-998553.cif,train,-1.014964570250001,-2.6296125411987306,-1.0057548547017952,-1.007508449582888,-1.1211776433999132,10,3
mp-1184740,HoErHg2,<PROJECT_ROOT>/external_datasets/functional_protocol_round4_widechem_boost/meta_gga_r2scan/cif/mp-1184740.cif,train,-0.5728108658333397,-2.9122753143310547,-0.5222125981812504,-0.5247849150099109,-0.6915242134129076,4,3
mp-200,LaP7,<PROJECT_ROOT>/external_datasets/functional_protocol_round4_widechem_boost/meta_gga_r2scan/cif/mp-200.cif,train,-0.5148020126041661,-5.776611804962158,-0.4646542625440553,-0.4722299860359715,-0.9632934529701468,32,2
mp-568666,RbAuI3,<PROJECT_ROOT>/external_datasets/functional_protocol_round4_widechem_boost/meta_gga_r2scan/cif/mp-568666.cif,train,-0.7882867657500015,-2.44201717376709,-0.7913476887007191,-0.7923071714247181,-0.8545014837456081,10,3
mp-7592,AgF,<PROJECT_ROOT>/external_datasets/functional_protocol_round4_widechem_boost/meta_gga_r2scan/cif/mp-7592.cif,train,-1.1226155524999992,-3.308492660522461,-1.161089832226471,-1.1693398138943571,-1.7041091470556022,2,2
mp-1038816,CeMg,<PROJECT_ROOT>/external_datasets/functional_protocol_round4_widechem_boost/meta_gga_r2scan/cif/mp-1038816.cif,train,-0.0199418925000003,-3.760875225067138,-0.1100741814062775,-0.1227541581794264,-0.9446787389196134,4,2
mp-31426,HoInNi,<PROJECT_ROOT>/external_datasets/functional_protocol_round4_widechem_boost/meta_gga_r2scan/cif/mp-31426.cif,train,-0.5577352405555556,-4.871292961968316,-0.6082252688786278,-0.6091160641241045,-0.6668580081177563,9,3
mp-1237008,ErSbO4,<PROJECT_ROOT>/external_datasets/functional_protocol_round4_widechem_boost/meta_gga_r2scan/cif/mp-1237008.cif,train,-2.69695839972222,-7.157946904500325,-2.840909373296488,-2.836516822432926,-2.551788735662307,24,3
mp-4911,Th(CuGe)2,<PROJECT_ROOT>/external_datasets/functional_protocol_round4_widechem_boost/meta_gga_r2scan/cif/mp-4911.cif,train,-0.5196684500000004,-5.449271392822266,-0.4651703469312291,-0.4628615382617598,-0.3132030150956624,5,3
mp-1209988,Ni21(GeB3)2,<PROJECT_ROOT>/external_datasets/functional_protocol_round4_widechem_boost/meta_gga_r2scan/cif/mp-1209988.cif,train,-0.259152965689656,-6.16082395356277,-0.389253616983324,-0.3869482173023968,-0.2375106670543754,29,3
mp-861651,Li2PdPb,<PROJECT_ROOT>/external_datasets/functional_protocol_round4_widechem_boost/meta_gga_r2scan/cif/mp-861651.cif,train,-0.3996961183333347,-3.5536041259765625,-0.4421435651197263,-0.4420384090443603,-0.4352221218659491,4,3
mp-769800,SrEu4O5,<PROJECT_ROOT>/external_datasets/functional_protocol_round4_widechem_boost/meta_gga_r2scan/cif/mp-769800.cif,train,-3.026961900375002,-9.51208724975586,-3.1642033728572097,-3.1570925025963765,-2.6961611332102224,10,3
mp-3015,HoInCu,<PROJECT_ROOT>/external_datasets/functional_protocol_round4_widechem_boost/meta_gga_r2scan/cif/mp-3015.cif,train,-0.501014603888889,-4.21978759765625,-0.454078696591655,-0.4549696286438998,-0.5127204405438046,9,3
mp-21478,U(CuP)2,<PROJECT_ROOT>/external_datasets/functional_protocol_round4_widechem_boost/meta_gga_r2scan/cif/mp-21478.cif,train,-0.7276730941904759,-6.595793151855469,-0.6273941729304946,-0.6288261426647521,-0.721647379209822,5,3
mp-18562,Na2Si2Se5,<PROJECT_ROOT>/external_datasets/functional_protocol_round4_widechem_boost/meta_gga_r2scan/cif/mp-18562.cif,train,-0.8625569044791663,-4.167539384629992,-0.8788945709835141,-0.8819550706105099,-1.080338704727326,36,3
mp-22469,InNi3,<PROJECT_ROOT>/external_datasets/functional_protocol_round4_widechem_boost/meta_gga_r2scan/cif/mp-22469.cif,train,-0.0475753549999993,-5.076953887939453,-0.2009436107874753,-0.2001380607059797,-0.1479217652953407,8,2
mp-1211478,KHo3F10,<PROJECT_ROOT>/external_datasets/functional_protocol_round4_widechem_boost/meta_gga_r2scan/cif/mp-1211478.cif,train,-4.310379079196427,-6.3903639657156805,-4.341154808093778,-4.321995239423324,-3.08005917531598,28,3
mp-690785,Na2H6Pt,<PROJECT_ROOT>/external_datasets/functional_protocol_round4_widechem_boost/meta_gga_r2scan/cif/mp-690785.cif,train,-0.4371965336111114,-3.572478824191623,-0.3841859236696288,-0.3840174744446081,-0.3730984829425375,9,3
mp-2762805,NbSI,<PROJECT_ROOT>/external_datasets/functional_protocol_round4_widechem_boost/meta_gga_r2scan/cif/mp-2762805.cif,train,-1.0040760134375002,-6.101934432983398,-0.9238079626719902,-0.9263690198801298,-1.0923784621454768,12,3
mp-1226483,CeThS2,<PROJECT_ROOT>/external_datasets/functional_protocol_round4_widechem_boost/meta_gga_r2scan/cif/mp-1226483.cif,train,-2.165303656406252,-7.347454071044922,-2.12505416749677,-2.117130550988173,-1.6035164258767916,4,3
mp-1192185,DyPS,<PROJECT_ROOT>/external_datasets/functional_protocol_round4_widechem_boost/meta_gga_r2scan/cif/mp-1192185.cif,train,-1.7924112740128966,-6.282335917154948,-1.6813219248829512,-1.6729574115080998,-1.1307640564470094,24,3
mp-23049,KMnCl3,<PROJECT_ROOT>/external_datasets/functional_protocol_round4_widechem_boost/meta_gga_r2scan/cif/mp-23049.cif,train,-1.8411291591465528,-4.598552322387695,-1.7957403827928389,-1.7889256666086473,-1.3471912026768278,20,3
mp-13226,HoMg2Cu9,<PROJECT_ROOT>/external_datasets/functional_protocol_round4_widechem_boost/meta_gga_r2scan/cif/mp-13226.cif,train,-0.1699045479166656,-3.892951647440592,-0.1503709417009879,-0.1453258719418375,0.1816989263507088,24,3
mp-766267,Y7TmO12,<PROJECT_ROOT>/external_datasets/functional_protocol_round4_widechem_boost/meta_gga_r2scan/cif/mp-766267.cif,train,-3.917217213999999,-9.022625732421876,-3.953819752543152,-3.931948192308746,-2.5142190199758825,40,3
mp-1025116,TmCu4Ag,<PROJECT_ROOT>/external_datasets/functional_protocol_round4_widechem_boost/meta_gga_r2scan/cif/mp-1025116.cif,train,-0.2467429375000023,-4.192182858784993,-0.2420680620454973,-0.2379377148677539,0.029794153503756,6,3
mp-607721,NdZnRh,<PROJECT_ROOT>/external_datasets/functional_protocol_round4_widechem_boost/meta_gga_r2scan/cif/mp-607721.cif,train,-0.687467801249999,-5.107083320617676,-0.6934366756030919,-0.6899385377657898,-0.4631869019595499,24,3
mp-1188004,Zr2TcRh,<PROJECT_ROOT>/external_datasets/functional_protocol_round4_widechem_boost/meta_gga_r2scan/cif/mp-1188004.cif,train,-0.7173581124999977,-9.335262298583984,-0.6407479916729919,-0.6382086494508092,-0.4736067871081497,4,3
mp-1216148,Y(AlFe)6,<PROJECT_ROOT>/external_datasets/functional_protocol_round4_widechem_boost/meta_gga_r2scan/cif/mp-1216148.cif,train,-0.3304206161538445,-6.512130737304688,-0.3817228421107996,-0.3787620842397947,-0.1868437775003103,13,3
mp-862686,LiAc2Ru,<PROJECT_ROOT>/external_datasets/functional_protocol_round4_widechem_boost/meta_gga_r2scan/cif/mp-862686.cif,train,-0.001742076666666,-4.868546485900879,-0.0739333158392518,-0.0797575978731073,-0.4572914573153817,4,3
mp-862972,AcAgAu2,<PROJECT_ROOT>/external_datasets/functional_protocol_round4_widechem_boost/meta_gga_r2scan/cif/mp-862972.cif,train,-0.6022818956250049,-3.929766178131104,-0.562224223163116,-0.5565710272697908,-0.1901270859594354,4,3
mp-22579,MnSeO4,<PROJECT_ROOT>/external_datasets/functional_protocol_round4_widechem_boost/meta_gga_r2scan/cif/mp-22579.cif,train,-1.2207121339242093,-6.178320566813151,-1.377660375868702,-1.3944958682676305,-2.4857837530248545,24,3
mp-22812,In2Ir,<PROJECT_ROOT>/external_datasets/functional_protocol_round4_widechem_boost/meta_gga_r2scan/cif/mp-22812.cif,train,-0.2606054191666658,-4.936797142028809,-0.2086900091201187,-0.2117019062232064,-0.4069350922141516,12,2
mp-1009657,CaN2,<PROJECT_ROOT>/external_datasets/functional_protocol_round4_widechem_boost/meta_gga_r2scan/cif/mp-1009657.cif,train,-0.6392656891666668,-6.724515914916992,-0.7002223565452077,-0.7066522003891507,-1.1234389816431378,3,2
mp-1184821,HoRh2Pb,<PROJECT_ROOT>/external_datasets/functional_protocol_round4_widechem_boost/meta_gga_r2scan/cif/mp-1184821.cif,train,-0.6332730437499947,-6.316014289855957,-0.5888443209939043,-0.5885580020791927,-0.5699986184030089,4,3
mp-2028711,NaMn2O4,<PROJECT_ROOT>/external_datasets/functional_protocol_round4_widechem_boost/meta_gga_r2scan/cif/mp-2028711.cif,train,-2.052007671995074,-6.6073150634765625,-1.6299636922964762,-1.6365800732337847,-2.065458313722824,7,3
mp-7127,Ba2YbTaO6,<PROJECT_ROOT>/external_datasets/functional_protocol_round4_widechem_boost/meta_gga_r2scan/cif/mp-7127.cif,train,-3.5096626734833336,-7.5386604309082035,-3.2524425911548853,-3.2390014025012297,-2.367734558211802,10,4
mp-561513,S,<PROJECT_ROOT>/external_datasets/functional_protocol_round4_widechem_boost/meta_gga_r2scan/cif/mp-561513.cif,train,0.0185456679017862,-4.095710209437779,-0.14824001011758,-0.1680524684438378,-1.4523092769989905,28,1
mp-1220051,NdHoAl4,<PROJECT_ROOT>/external_datasets/functional_protocol_round4_widechem_boost/meta_gga_r2scan/cif/mp-1220051.cif,train,-0.5573533304166673,-4.550064086914063,-0.5326016447195974,-0.5355948029096957,-0.7296133200171078,6,3
mp-17789,K2RuO4,<PROJECT_ROOT>/external_datasets/functional_protocol_round4_widechem_boost/meta_gga_r2scan/cif/mp-17789.cif,train,-1.482627283571428,-5.775625501360212,-1.6656707224901988,-1.672975791597941,-2.1464952602117893,28,3
mp-1223382,KNa4Cl5,<PROJECT_ROOT>/external_datasets/functional_protocol_round4_widechem_boost/meta_gga_r2scan/cif/mp-1223382.cif,train,-2.0405111466250005,-3.3711376190185547,-2.0026466334970543,-1.992432410737961,-1.3303396554394844,10,3
mp-22145,Sm3(Ge2Ru)2,<PROJECT_ROOT>/external_datasets/functional_protocol_round4_widechem_boost/meta_gga_r2scan/cif/mp-22145.cif,train,-0.8142135566666645,-6.425299750434028,-0.746859894712733,-0.7454853584691916,-0.656386999230574,9,3
mp-755901,Sm3NbO7,<PROJECT_ROOT>/external_datasets/functional_protocol_round4_widechem_boost/meta_gga_r2scan/cif/mp-755901.cif,train,-3.52993423193182,-8.58093955300071,-3.625663466652803,-3.609809062508453,-2.582115975023908,22,3
mp-19751,Ba2YbNbO6,<PROJECT_ROOT>/external_datasets/functional_protocol_round4_widechem_boost/meta_gga_r2scan/cif/mp-19751.cif,train,-3.3757481147500017,-7.241830444335937,-3.1141934282675257,-3.1034032744968707,-2.4039782855766973,10,4
mp-8743,HoCoSi2,<PROJECT_ROOT>/external_datasets/functional_protocol_round4_widechem_boost/meta_gga_r2scan/cif/mp-8743.cif,train,-0.7599276849999992,-6.412167072296143,-0.740676676888862,-0.7407790878734195,-0.747417436432629,8,3
mp-866712,RbMnP3HO10,<PROJECT_ROOT>/external_datasets/functional_protocol_round4_widechem_boost/meta_gga_r2scan/cif/mp-866712.cif,train,-2.280130129119458,-6.884000301361084,-2.375383468714503,-2.3747721625314915,-2.335146886620464,32,5
mp-3407,TlCr5Se8,<PROJECT_ROOT>/external_datasets/functional_protocol_round4_widechem_boost/meta_gga_r2scan/cif/mp-3407.cif,train,-0.8190703673214301,-6.132046835763114,-1.0435918669500133,-1.037957232793305,-0.6727164756745235,14,3
mp-862367,Sc2NiRu,<PROJECT_ROOT>/external_datasets/functional_protocol_round4_widechem_boost/meta_gga_r2scan/cif/mp-862367.cif,train,-0.5672057062500002,-7.508386611938477,-0.6437518701210143,-0.6428539741184665,-0.5846517542994499,4,3
mp-614777,NiF3,<PROJECT_ROOT>/external_datasets/functional_protocol_round4_widechem_boost/meta_gga_r2scan/cif/mp-614777.cif,train,-1.9186620925000009,-3.668159246444702,-1.205609144955853,-1.2302784430054947,-2.8293588529588973,8,2
