id,formula,cif_path,split,y_true,model_energy_per_atom,pred_element_reference,pred_affine_energy_composition,pred_composition_only_linear,natoms,nelements
mp-1111421,K3LuCl6,<PROJECT_ROOT>/external_datasets/functional_protocol_round4_widechem_boost/meta_gga_r2scan/cif/mp-1111421.cif,train,-2.2910479652916664,-3.95550422668457,-2.2117144897179464,-2.208870557719119,-1.4730855236897915,10,3
mp-1228329,Ba2PtAu,<PROJECT_ROOT>/external_datasets/functional_protocol_round4_widechem_boost/meta_gga_r2scan/cif/mp-1228329.cif,train,-0.7671496675,-4.022584915161133,-0.8153713620447753,-0.8165050791496764,-1.109821543453834,4,3
mp-1214710,BaAs2F12,<PROJECT_ROOT>/external_datasets/functional_protocol_round4_widechem_boost/meta_gga_r2scan/cif/mp-1214710.cif,train,-2.6255550048333323,-4.693317667643229,-2.828783103131581,-2.8304402995343407,-3.259191870281489,60,3
mp-863724,InPd2Au,<PROJECT_ROOT>/external_datasets/functional_protocol_round4_widechem_boost/meta_gga_r2scan/cif/mp-863724.cif,train,-0.434341507500001,-4.489234447479248,-0.4208217136385848,-0.4205680292544427,-0.3549345424847627,4,3
mp-1094694,MgCd2,<PROJECT_ROOT>/external_datasets/functional_protocol_round4_widechem_boost/meta_gga_r2scan/cif/mp-1094694.cif,train,-0.0698242999999981,-1.2088971932729085,-0.0696051538343811,-0.0692345054130347,0.0266600382783694,6,2
mp-867343,Li3Cd,<PROJECT_ROOT>/external_datasets/functional_protocol_round4_widechem_boost/meta_gga_r2scan/cif/mp-867343.cif,train,-0.1753756374999993,-1.8360188007354736,-0.2706740686477396,-0.271996228450404,-0.6140667827750882,4,2
mp-13944,Li3AlN2,<PROJECT_ROOT>/external_datasets/functional_protocol_round4_widechem_boost/meta_gga_r2scan/cif/mp-13944.cif,train,-1.0450837983333336,-5.203509012858073,-0.9935827489193684,-0.9930691297848186,-0.8601850549859893,48,3
mp-7206,TcAgO4,<PROJECT_ROOT>/external_datasets/functional_protocol_round4_widechem_boost/meta_gga_r2scan/cif/mp-7206.cif,train,-1.268720166666668,-6.540063222249349,-1.447914347691409,-1.4505288489519357,-2.12695532459799,12,3
mp-3346566,Ca5Mg(CO3)6,<PROJECT_ROOT>/external_datasets/functional_protocol_round4_widechem_boost/meta_gga_r2scan/cif/mp-3346566.cif,train,-2.374640989416666,-7.423846944173177,-2.624285064595433,-2.622817993818489,-2.2432559220155834,30,4
mp-1205756,DyMgAu,<PROJECT_ROOT>/external_datasets/functional_protocol_round4_widechem_boost/meta_gga_r2scan/cif/mp-1205756.cif,train,-0.7490560766666666,-3.834913465711805,-0.7267879619047481,-0.7259087049337412,-0.4984264301837788,9,3
mp-31430,Na2In,<PROJECT_ROOT>/external_datasets/functional_protocol_round4_widechem_boost/meta_gga_r2scan/cif/mp-31430.cif,train,-0.1758322733333332,-1.895607630411784,-0.2396031556298405,-0.2405223213413121,-0.4783298267866968,24,2
mp-556993,NiBiPO5,<PROJECT_ROOT>/external_datasets/functional_protocol_round4_widechem_boost/meta_gga_r2scan/cif/mp-556993.cif,train,-1.8805934405282727,-6.314171314239502,-1.7299442971907473,-1.731850513463871,-2.2250287631432326,32,4
mp-18198,ScSnPt,<PROJECT_ROOT>/external_datasets/functional_protocol_round4_widechem_boost/meta_gga_r2scan/cif/mp-18198.cif,train,-1.082850523888889,-6.469191657172309,-1.027065871000605,-1.0260161302288564,-0.7544261098609122,18,3
mp-28740,SrTi11O20,<PROJECT_ROOT>/external_datasets/functional_protocol_round4_widechem_boost/meta_gga_r2scan/cif/mp-28740.cif,train,-3.276530235885417,-8.853915214538574,-3.404626256942799,-3.402021497271048,-2.7281153755648413,64,3
mp-8431,Ca(BRh)2,<PROJECT_ROOT>/external_datasets/functional_protocol_round4_widechem_boost/meta_gga_r2scan/cif/mp-8431.cif,train,-0.694840468999999,-6.614807891845703,-0.6158076688315122,-0.6166208043105517,-0.8269960581350039,10,3
mp-555165,SiO2,<PROJECT_ROOT>/external_datasets/functional_protocol_round4_widechem_boost/meta_gga_r2scan/cif/mp-555165.cif,train,-3.0149218543750003,-7.8803761800130205,-3.1665019894415805,-3.1640855516857664,-2.538902271241138,48,2
mp-1105861,Tm3Ge3Ru2,<PROJECT_ROOT>/external_datasets/functional_protocol_round4_widechem_boost/meta_gga_r2scan/cif/mp-1105861.cif,train,-0.8661436868750023,-6.508752822875977,-0.800838822668835,-0.7998932663720746,-0.5552579613497632,16,3
mp-22713,Ce2Ni2Sn,<PROJECT_ROOT>/external_datasets/functional_protocol_round4_widechem_boost/meta_gga_r2scan/cif/mp-22713.cif,train,-0.5059245419999996,-5.982871246337891,-0.5928271147303539,-0.5933698729906167,-0.7337928525720987,5,3
mp-865118,NaPrAu2,<PROJECT_ROOT>/external_datasets/functional_protocol_round4_widechem_boost/meta_gga_r2scan/cif/mp-865118.cif,train,-0.6483735204166621,-3.747294425964356,-0.6587431413271458,-0.6581917571557634,-0.5155370729126114,4,3
mp-1222754,LaYMg6,<PROJECT_ROOT>/external_datasets/functional_protocol_round4_widechem_boost/meta_gga_r2scan/cif/mp-1222754.cif,train,-0.1140561318750013,-2.732386589050293,-0.1126674820570237,-0.1131990277142067,-0.2507210710047565,8,3
mp-1209557,PrHf2F11,<PROJECT_ROOT>/external_datasets/functional_protocol_round4_widechem_boost/meta_gga_r2scan/cif/mp-1209557.cif,train,-4.196558104047619,-7.148083823067801,-4.277525094922608,-4.273906050670861,-3.3375831712823607,28,3
mp-567172,Cs2NaYbCl6,<PROJECT_ROOT>/external_datasets/functional_protocol_round4_widechem_boost/meta_gga_r2scan/cif/mp-567172.cif,train,-2.400583374999999,-3.386445999145508,-2.011794769445756,-2.009568811974469,-1.4336667881443188,10,4
mp-1096463,Sc2CdAu,<PROJECT_ROOT>/external_datasets/functional_protocol_round4_widechem_boost/meta_gga_r2scan/cif/mp-1096463.cif,train,1.8646190725000016,-2.46840500831604,1.714077140535907,1.70508915240048,-0.620292452634313,4,3
mp-542930,Eu2(Ga3Ir)3,<PROJECT_ROOT>/external_datasets/functional_protocol_round4_widechem_boost/meta_gga_r2scan/cif/mp-542930.cif,train,-0.6706002728571434,-5.903838566371372,-0.6318163807076056,-0.6313291892449984,-0.5052825091416681,28,3
mp-1186486,Pm2RuPt,<PROJECT_ROOT>/external_datasets/functional_protocol_round4_widechem_boost/meta_gga_r2scan/cif/mp-1186486.cif,train,-0.6610729974999998,-6.804642677307129,-0.6595458687993769,-0.6593020253399482,-0.5962145928136793,4,3
mp-1180746,KMnF3,<PROJECT_ROOT>/external_datasets/functional_protocol_round4_widechem_boost/meta_gga_r2scan/cif/mp-1180746.cif,train,-3.008392405646552,-5.597019958496094,-2.84892602371732,-2.8475999626155195,-2.504520060103231,10,3
mp-4930,TiAl2O5,<PROJECT_ROOT>/external_datasets/functional_protocol_round4_widechem_boost/meta_gga_r2scan/cif/mp-4930.cif,train,-3.3160627788020847,-8.02061939239502,-3.4074313360285142,-3.4037224518829303,-2.444156102054261,16,3
mp-862755,PrCd3,<PROJECT_ROOT>/external_datasets/functional_protocol_round4_widechem_boost/meta_gga_r2scan/cif/mp-862755.cif,train,-0.3468840704166638,-2.184201240539551,-0.3369677577895835,-0.3363562286509181,-0.1781407761397182,4,2
mp-22466,SrIn4,<PROJECT_ROOT>/external_datasets/functional_protocol_round4_widechem_boost/meta_gga_r2scan/cif/mp-22466.cif,train,-0.3996929139999992,-2.7897315979003907,-0.3729441430790374,-0.3731373004165368,-0.4231111669535818,5,2
mp-21806,YNi5Ge3,<PROJECT_ROOT>/external_datasets/functional_protocol_round4_widechem_boost/meta_gga_r2scan/cif/mp-21806.cif,train,-0.5263799205555557,-5.99951171875,-0.5495233384790277,-0.5486674481219449,-0.3272306079357248,36,3
mp-569678,Rh4Pb5,<PROJECT_ROOT>/external_datasets/functional_protocol_round4_widechem_boost/meta_gga_r2scan/cif/mp-569678.cif,train,-0.1227937083333283,-5.405674404568142,-0.0837321515931153,-0.0839380373413005,-0.1372050114829965,18,2
mp-1372734,CaCrF5,<PROJECT_ROOT>/external_datasets/functional_protocol_round4_widechem_boost/meta_gga_r2scan/cif/mp-1372734.cif,train,-3.546020889285714,-5.943975721086774,-3.331327563551556,-3.3298165471033565,-2.938884805691929,28,3
mp-5777,BaTiO3,<PROJECT_ROOT>/external_datasets/functional_protocol_round4_widechem_boost/meta_gga_r2scan/cif/mp-5777.cif,train,-3.3651734495833354,-8.005108642578126,-3.479904365832035,-3.4768345520256245,-2.682609142645941,5,3
mp-29309,Si2H6S,<PROJECT_ROOT>/external_datasets/functional_protocol_round4_widechem_boost/meta_gga_r2scan/cif/mp-29309.cif,train,-0.1387077065625009,-4.026044633653429,-0.0958085437911258,-0.0968856098323405,-0.3755452522536853,72,3
mp-698263,KYH4C4O9,<PROJECT_ROOT>/external_datasets/functional_protocol_round4_widechem_boost/meta_gga_r2scan/cif/mp-698263.cif,train,-1.2827191956578954,-6.593701814350329,-1.4914517404389658,-1.4920725771875007,-1.6526961041756016,19,5
mp-978906,Sm3Dy,<PROJECT_ROOT>/external_datasets/functional_protocol_round4_widechem_boost/meta_gga_r2scan/cif/mp-978906.cif,train,0.0268380337500033,-4.674707412719727,-0.1323218608003564,-0.1371454919034844,-1.3851203298486645,4,2
mp-1206318,Nd3Sn7,<PROJECT_ROOT>/external_datasets/functional_protocol_round4_widechem_boost/meta_gga_r2scan/cif/mp-1206318.cif,train,-0.6177619562500013,-4.820407104492188,-0.5800917013403319,-0.5797865782329135,-0.5008448116711748,10,2
mp-604964,PH9C(NO)4,<PROJECT_ROOT>/external_datasets/functional_protocol_round4_widechem_boost/meta_gga_r2scan/cif/mp-604964.cif,train,-0.8248182978540101,-5.945347033048931,-0.94635562754085,-0.946493365500225,-0.982129073112272,76,5
mp-1106201,MnGeO3,<PROJECT_ROOT>/external_datasets/functional_protocol_round4_widechem_boost/meta_gga_r2scan/cif/mp-1106201.cif,train,-1.9340705071465507,-7.087580871582031,-1.893495538655432,-1.8946367664631385,-2.189896407574232,20,3
mp-22344,Sn7Ru3,<PROJECT_ROOT>/external_datasets/functional_protocol_round4_widechem_boost/meta_gga_r2scan/cif/mp-22344.cif,train,-0.1654972935000017,-5.791696929931641,-0.176715544182775,-0.1769619451553881,-0.240711060150166,20,2
mp-12623,BaPdF4,<PROJECT_ROOT>/external_datasets/functional_protocol_round4_widechem_boost/meta_gga_r2scan/cif/mp-12623.cif,train,-2.7717942233333326,-4.987784067789714,-2.868741949724811,-2.868920048181379,-2.9149978654358955,12,3
mp-1228258,Ba5Li2(TeO5)3,<PROJECT_ROOT>/external_datasets/functional_protocol_round4_widechem_boost/meta_gga_r2scan/cif/mp-1228258.cif,train,-2.2518962351833327,-5.902144775390625,-2.4383008074375763,-2.4385380034101543,-2.4999055912485364,50,4
mp-4810,Pr(CoGe)2,<PROJECT_ROOT>/external_datasets/functional_protocol_round4_widechem_boost/meta_gga_r2scan/cif/mp-4810.cif,train,-0.5242085283333324,-6.223568344116211,-0.5803895880613155,-0.5788993289611666,-0.193337950144144,5,3
mp-1186426,PaMn2Ga,<PROJECT_ROOT>/external_datasets/functional_protocol_round4_widechem_boost/meta_gga_r2scan/cif/mp-1186426.cif,train,-0.122504537241376,-7.776598453521728,-0.4666064153531559,-0.4664581216110255,-0.428091410967882,4,3
mp-1187326,TbCdPt2,<PROJECT_ROOT>/external_datasets/functional_protocol_round4_widechem_boost/meta_gga_r2scan/cif/mp-1187326.cif,train,-0.9086031824999948,-5.233782768249512,-0.8943379465057779,-0.8935442676570453,-0.6882028533876786,4,3
mp-3334,Tm2Sn2O7,<PROJECT_ROOT>/external_datasets/functional_protocol_round4_widechem_boost/meta_gga_r2scan/cif/mp-3334.cif,train,-2.8834713514772754,-7.279554887251421,-2.994773640480588,-2.99236414706398,-2.3689775132534656,22,3
mp-4674,BNF8,<PROJECT_ROOT>/external_datasets/functional_protocol_round4_widechem_boost/meta_gga_r2scan/cif/mp-4674.cif,train,-1.483062583625,-4.392744827270508,-1.768671582279861,-1.7743944868315245,-3.255030283335746,40,3
mp-9473,Ba(NiP)2,<PROJECT_ROOT>/external_datasets/functional_protocol_round4_widechem_boost/meta_gga_r2scan/cif/mp-9473.cif,train,-0.8333062781904772,-5.634701538085937,-0.8173335005415119,-0.8169441646901481,-0.7162147897482123,5,3
mp-1018691,Eu2H3Br,<PROJECT_ROOT>/external_datasets/functional_protocol_round4_widechem_boost/meta_gga_r2scan/cif/mp-1018691.cif,train,-1.1328571789583322,-6.3502991994222,-1.0140257261857988,-1.012619846872579,-0.648889294000756,6,3
mp-29745,Na2Mn2Se3,<PROJECT_ROOT>/external_datasets/functional_protocol_round4_widechem_boost/meta_gga_r2scan/cif/mp-29745.cif,train,-1.1338076044504308,-5.203337533133371,-1.076598777495363,-1.0759219316504076,-0.9008076731998546,28,3
mp-4519,KPrO2,<PROJECT_ROOT>/external_datasets/functional_protocol_round4_widechem_boost/meta_gga_r2scan/cif/mp-4519.cif,train,-2.824295783229166,-6.521607398986816,-2.908153027286145,-2.904916523369054,-2.067564875806592,4,3
mp-27635,Rb2SnI6,<PROJECT_ROOT>/external_datasets/functional_protocol_round4_widechem_boost/meta_gga_r2scan/cif/mp-27635.cif,train,-1.0068227763888915,-2.539065890842014,-0.9803118418681572,-0.9801489130448102,-0.9379957990197564,9,3
mp-28117,VCl3,<PROJECT_ROOT>/external_datasets/functional_protocol_round4_widechem_boost/meta_gga_r2scan/cif/mp-28117.cif,train,-1.523692374374999,-4.885769844055176,-1.5489022724906167,-1.5491475095076392,-1.6125954846996982,8,2
mp-2767514,NaSbF6,<PROJECT_ROOT>/external_datasets/functional_protocol_round4_widechem_boost/meta_gga_r2scan/cif/mp-2767514.cif,train,-2.7144501825000003,-4.61754322052002,-2.8887821504019096,-2.889221981129441,-3.003015442771259,32,3
mp-865434,LuZrRu2,<PROJECT_ROOT>/external_datasets/functional_protocol_round4_widechem_boost/meta_gga_r2scan/cif/mp-865434.cif,train,-0.675581320416665,-8.496723175048828,-0.6646283832537598,-0.6646143681471406,-0.6609883652423192,4,3
mp-1079167,HfGeRh,<PROJECT_ROOT>/external_datasets/functional_protocol_round4_widechem_boost/meta_gga_r2scan/cif/mp-1079167.cif,train,-0.935461634444443,-8.179759555392796,-0.8828799314740099,-0.8832419345077396,-0.9768997345505916,9,3
mp-1018728,HoSe2,<PROJECT_ROOT>/external_datasets/functional_protocol_round4_widechem_boost/meta_gga_r2scan/cif/mp-1018728.cif,train,-1.7675977677083334,-5.395609537760417,-1.7220145437373875,-1.720715816696445,-1.3847078107366295,6,2
mp-1209945,Nd4Re6O19,<PROJECT_ROOT>/external_datasets/functional_protocol_round4_widechem_boost/meta_gga_r2scan/cif/mp-1209945.cif,train,-2.373480888318964,-8.635182347790948,-2.571886687269564,-2.570748326643689,-2.276230485784503,29,3
mp-17024,Ba2NbN3,<PROJECT_ROOT>/external_datasets/functional_protocol_round4_widechem_boost/meta_gga_r2scan/cif/mp-17024.cif,train,-1.1723671989583362,-7.466993967692058,-1.1115303963853336,-1.1118378946624894,-1.1913941676063438,24,3
mp-9124,LiZnAs,<PROJECT_ROOT>/external_datasets/functional_protocol_round4_widechem_boost/meta_gga_r2scan/cif/mp-9124.cif,train,-0.6360342780555553,-3.1265125274658203,-0.6098734875463174,-0.6093043979253974,-0.4620689414138112,3,3
mp-29846,Tb10B2Br15,<PROJECT_ROOT>/external_datasets/functional_protocol_round4_widechem_boost/meta_gga_r2scan/cif/mp-29846.cif,train,-1.7795492302777802,-4.658322652180989,-1.7125544625167253,-1.711132849862964,-1.343331750801493,27,3
mp-865148,PaAlTc2,<PROJECT_ROOT>/external_datasets/functional_protocol_round4_widechem_boost/meta_gga_r2scan/cif/mp-865148.cif,train,-0.3872171074999997,-8.84942626953125,-0.3452860231506811,-0.344102311542013,-0.0378512174203474,4,3
mp-568484,La3CBr5,<PROJECT_ROOT>/external_datasets/functional_protocol_round4_widechem_boost/meta_gga_r2scan/cif/mp-568484.cif,train,-1.9256531705555533,-5.232449849446614,-1.8395334203053668,-1.837828698706545,-1.3967813599803476,36,3
mp-21081,ScNiB4,<PROJECT_ROOT>/external_datasets/functional_protocol_round4_widechem_boost/meta_gga_r2scan/cif/mp-21081.cif,train,-0.5949531029166669,-7.034292221069336,-0.5329909190204933,-0.533460855764794,-0.6550433772602194,24,3
mp-540946,LiReO4,<PROJECT_ROOT>/external_datasets/functional_protocol_round4_widechem_boost/meta_gga_r2scan/cif/mp-540946.cif,train,-1.9372603323611104,-7.53383043077257,-2.2690338234123804,-2.2692281425889247,-2.3195026013189497,36,3
mp-11295,DyCd3,<PROJECT_ROOT>/external_datasets/functional_protocol_round4_widechem_boost/meta_gga_r2scan/cif/mp-11295.cif,train,-0.3223251375000018,-2.1140685081481934,-0.3301262418129003,-0.3299481789056226,-0.2838795590008347,8,2
mp-18856,MoO3,<PROJECT_ROOT>/external_datasets/functional_protocol_round4_widechem_boost/meta_gga_r2scan/cif/mp-18856.cif,train,-2.1026795328124983,-6.998286724090576,-1.1357558809275383,-1.1408770476882966,-2.465830619323615,32,2
mp-5126,ZnSO4,<PROJECT_ROOT>/external_datasets/functional_protocol_round4_widechem_boost/meta_gga_r2scan/cif/mp-5126.cif,train,-1.58225244796875,-5.58715311686198,-1.8577218465844536,-1.8604477880600785,-2.565706191645345,24,3
mp-22758,U(SiIr)2,<PROJECT_ROOT>/external_datasets/functional_protocol_round4_widechem_boost/meta_gga_r2scan/cif/mp-22758.cif,train,-0.9761257279999996,-8.76160125732422,-0.885931975059834,-0.8860368651584611,-0.913174140183821,10,3
mp-2902968,K3OsF6,<PROJECT_ROOT>/external_datasets/functional_protocol_round4_widechem_boost/meta_gga_r2scan/cif/mp-2902968.cif,train,-2.370667423125002,-4.760122680664063,-2.4571862622068794,-2.4573400006243418,-2.497115363316865,10,3
mp-1524494,CeAu2,<PROJECT_ROOT>/external_datasets/functional_protocol_round4_widechem_boost/meta_gga_r2scan/cif/mp-1524494.cif,train,-0.8317576716666603,-4.836717923482259,-0.7717139137497444,-0.7715052735404804,-0.7175256623776496,6,2
mp-17911,Ba2ZnO3,<PROJECT_ROOT>/external_datasets/functional_protocol_round4_widechem_boost/meta_gga_r2scan/cif/mp-17911.cif,train,-2.400320300625,-5.508230845133464,-2.539009980920736,-2.5378451105574173,-2.236468642953734,24,3
mp-21897,YbIn4Pt,<PROJECT_ROOT>/external_datasets/functional_protocol_round4_widechem_boost/meta_gga_r2scan/cif/mp-21897.cif,train,-0.5460459274999986,-3.5692993799845376,-0.6087954136070408,-0.6076942273649655,-0.3227941816079114,12,3
mp-22902,LiBi,<PROJECT_ROOT>/external_datasets/functional_protocol_round4_widechem_boost/meta_gga_r2scan/cif/mp-22902.cif,train,-0.4151564158333336,-3.26901650428772,-0.4006611687697758,-0.4003102317900442,-0.30951545268082,2,2
mp-1213208,Er5BiPd2,<PROJECT_ROOT>/external_datasets/functional_protocol_round4_widechem_boost/meta_gga_r2scan/cif/mp-1213208.cif,train,-0.7645699383333309,-5.337769031524658,-0.7581277322311886,-0.7585593930800067,-0.8702391352359845,16,3
mp-1186508,Pm2InSn,<PROJECT_ROOT>/external_datasets/functional_protocol_round4_widechem_boost/meta_gga_r2scan/cif/mp-1186508.cif,train,-0.6327155737500014,-4.602458953857422,-0.5837919568564409,-0.5830404978595265,-0.3886222474098751,4,3
mp-567772,Na,<PROJECT_ROOT>/external_datasets/functional_protocol_round4_widechem_boost/meta_gga_r2scan/cif/mp-567772.cif,train,0.0205552612500001,-1.3061854839324951,-0.141125993076927,-0.1431132915942532,-0.6572692235241253,8,1
mp-1226571,CeSm3S4,<PROJECT_ROOT>/external_datasets/functional_protocol_round4_widechem_boost/meta_gga_r2scan/cif/mp-1226571.cif,train,-2.304631747656252,-6.608615398406982,-2.247948316616557,-2.2455357044030926,-1.621342172238167,8,3
mp-567580,PaC,<PROJECT_ROOT>/external_datasets/functional_protocol_round4_widechem_boost/meta_gga_r2scan/cif/mp-567580.cif,train,-0.5916299299999963,-9.810962677001951,-0.4321506150599834,-0.4315711396087209,-0.281648650325925,2,2
mp-2039,ScMn2,<PROJECT_ROOT>/external_datasets/functional_protocol_round4_widechem_boost/meta_gga_r2scan/cif/mp-2039.cif,train,-0.1687101046551712,-8.18336550394694,-0.5186986057531051,-0.5189094715152729,-0.5734648800277911,12,2
mp-1206752,CeTl,<PROJECT_ROOT>/external_datasets/functional_protocol_round4_widechem_boost/meta_gga_r2scan/cif/mp-1206752.cif,train,-0.4243827000000024,-4.349535465240479,-0.32561867879709,-0.3267379103865808,-0.6163066671311923,2,2
mp-865096,NaHoTl2,<PROJECT_ROOT>/external_datasets/functional_protocol_round4_widechem_boost/meta_gga_r2scan/cif/mp-865096.cif,train,-0.3084900637499999,-2.873594284057617,-0.30284422599206,-0.3029114705583549,-0.32030905444156,4,3
mp-1215904,YEr,<PROJECT_ROOT>/external_datasets/functional_protocol_round4_widechem_boost/meta_gga_r2scan/cif/mp-1215904.cif,train,0.0022963833333307,-5.503381252288818,-0.0819677083608763,-0.0855243061788444,-1.005690979505002,2,2
mp-569639,TlCl,<PROJECT_ROOT>/external_datasets/functional_protocol_round4_widechem_boost/meta_gga_r2scan/cif/mp-569639.cif,train,-1.1049327212500015,-3.117783069610596,-1.1450683040538996,-1.1438256946728096,-0.8223365078253029,2,2
mp-27981,PuClO,<PROJECT_ROOT>/external_datasets/functional_protocol_round4_widechem_boost/meta_gga_r2scan/cif/mp-27981.cif,train,-3.1302624433333315,-9.658726374308268,-3.1135009559103057,-3.1105882736416506,-2.357016098564424,6,3
mp-1216790,V2MoO8,<PROJECT_ROOT>/external_datasets/functional_protocol_round4_widechem_boost/meta_gga_r2scan/cif/mp-1216790.cif,train,-2.284145378181819,-7.255073547363281,-1.6121175706746875,-1.6157351339349546,-2.5516748496712784,11,3
mp-1221804,Mn3NiP2,<PROJECT_ROOT>/external_datasets/functional_protocol_round4_widechem_boost/meta_gga_r2scan/cif/mp-1221804.cif,train,-0.6658136640667749,-7.830889383951823,-0.8992144288849513,-0.8975046052197593,-0.4551372546039089,12,3
mp-1227397,BiPt2Pb,<PROJECT_ROOT>/external_datasets/functional_protocol_round4_widechem_boost/meta_gga_r2scan/cif/mp-1227397.cif,train,-0.3000972362500036,-5.180575847625732,-0.2807567401918556,-0.2809619905465554,-0.3340645750251914,4,3
mp-23162,ZrCl2,<PROJECT_ROOT>/external_datasets/functional_protocol_round4_widechem_boost/meta_gga_r2scan/cif/mp-23162.cif,train,-1.8786056900000003,-5.718332290649414,-1.8416316240945787,-1.84099584589391,-1.6765066509292228,3,2
mp-13994,Ti3NiS6,<PROJECT_ROOT>/external_datasets/functional_protocol_round4_widechem_boost/meta_gga_r2scan/cif/mp-13994.cif,train,-1.3704372871874997,-6.618752288818359,-1.368168276107327,-1.3689191842013688,-1.5631949044890234,20,3
mp-864628,Pm2SnPd,<PROJECT_ROOT>/external_datasets/functional_protocol_round4_widechem_boost/meta_gga_r2scan/cif/mp-864628.cif,train,-0.7636027337500018,-5.371278762817383,-0.7127741113157553,-0.7118881218862141,-0.482664018487318,4,3
mp-866152,TiBeCo2,<PROJECT_ROOT>/external_datasets/functional_protocol_round4_widechem_boost/meta_gga_r2scan/cif/mp-866152.cif,train,-0.3532542122916666,-6.889438629150391,-0.4460838759734251,-0.4453910451663017,-0.2661411407369136,4,3
mp-21366,Yb(GeRu)2,<PROJECT_ROOT>/external_datasets/functional_protocol_round4_widechem_boost/meta_gga_r2scan/cif/mp-21366.cif,train,-0.678325325000003,-6.436959075927734,-0.6249340542469879,-0.6239875068588789,-0.3790957856560883,5,3
mp-1105187,CuPS3,<PROJECT_ROOT>/external_datasets/functional_protocol_round4_widechem_boost/meta_gga_r2scan/cif/mp-1105187.cif,train,-0.3012488787827393,-4.601173400878906,-0.3795589265042061,-0.3827028065050442,-1.1960906984663202,20,3
mp-1193101,SrMnO3,<PROJECT_ROOT>/external_datasets/functional_protocol_round4_widechem_boost/meta_gga_r2scan/cif/mp-1193101.cif,train,-2.644518856813217,-6.840965270996094,-2.27427266972396,-2.2748762782378424,-2.431042498496134,30,3
mp-7924,Li2Sn5,<PROJECT_ROOT>/external_datasets/functional_protocol_round4_widechem_boost/meta_gga_r2scan/cif/mp-7924.cif,train,-0.1682620269047642,-3.5900720868791853,-0.1774598137169216,-0.1783305294163293,-0.4036029975175482,14,2
mp-865301,TmBr3,<PROJECT_ROOT>/external_datasets/functional_protocol_round4_widechem_boost/meta_gga_r2scan/cif/mp-865301.cif,train,-2.0506904156250023,-4.169858455657959,-2.034115543705677,-2.032082986180429,-1.5062175968187754,8,2
mp-433,DyAl,<PROJECT_ROOT>/external_datasets/functional_protocol_round4_widechem_boost/meta_gga_r2scan/cif/mp-433.cif,train,-0.4822762162499998,-4.590384006500244,-0.5000159196139702,-0.5013310006857257,-0.841570138450096,16,2
mp-1183063,Ac2CdGe,<PROJECT_ROOT>/external_datasets/functional_protocol_round4_widechem_boost/meta_gga_r2scan/cif/mp-1183063.cif,train,-0.4648085137500004,-3.8483691215515137,-0.4361243374227341,-0.4355602821209299,-0.2896273098820248,4,3
mp-2903347,Fe3O4,<PROJECT_ROOT>/external_datasets/functional_protocol_round4_widechem_boost/meta_gga_r2scan/cif/mp-2903347.cif,train,-1.4517087264285715,-6.547598702566964,-0.510276428685307,-0.5152177787944323,-1.7936489999679497,7,2
mp-1189265,NaCl3,<PROJECT_ROOT>/external_datasets/functional_protocol_round4_widechem_boost/meta_gga_r2scan/cif/mp-1189265.cif,train,-0.9392581831249992,-2.536712646484375,-1.0378913403824577,-1.0401661931365185,-1.628718455195926,16,2
mp-19934,CeMgPt,<PROJECT_ROOT>/external_datasets/functional_protocol_round4_widechem_boost/meta_gga_r2scan/cif/mp-19934.cif,train,-0.9295069816666656,-5.367836422390408,-0.9314296852041392,-0.9309779891918906,-0.8141147287903865,9,3
mp-1187538,YbPmCu2,<PROJECT_ROOT>/external_datasets/functional_protocol_round4_widechem_boost/meta_gga_r2scan/cif/mp-1187538.cif,train,-0.2292109206250003,-3.841193675994873,-0.3038439417915635,-0.3034485888093279,-0.20116245552506,4,3
mp-637600,Gd6CoBr10,<PROJECT_ROOT>/external_datasets/functional_protocol_round4_widechem_boost/meta_gga_r2scan/cif/mp-637600.cif,train,-1.7735169814705902,-7.939928840188419,-1.7454084679160546,-1.7437986981355786,-1.3273173922558033,17,3
mp-1042,HfSi,<PROJECT_ROOT>/external_datasets/functional_protocol_round4_widechem_boost/meta_gga_r2scan/cif/mp-1042.cif,train,-0.8552623112500015,-8.507287979125977,-0.8071478074381382,-0.8090705369796849,-1.3065211165838977,8,2
mp-1197621,Ga4Cu9,<PROJECT_ROOT>/external_datasets/functional_protocol_round4_widechem_boost/meta_gga_r2scan/cif/mp-1197621.cif,train,-0.1198582859615402,-3.8703692509577823,-0.0975037585387128,-0.0971281956053244,3.783573361515469e-05,52,2
mp-30525,VTeO4,<PROJECT_ROOT>/external_datasets/functional_protocol_round4_widechem_boost/meta_gga_r2scan/cif/mp-30525.cif,train,-1.87532337125,-6.57615343729655,-1.7669513774945216,-1.7696447859106792,-2.4664862026361103,24,3
mp-1079297,Si,<PROJECT_ROOT>/external_datasets/functional_protocol_round4_widechem_boost/meta_gga_r2scan/cif/mp-1079297.cif,train,0.0822061062500001,-5.351117134094238,0.1553441314160322,0.1516315616361678,-0.8088883393189457,8,1
mp-30101,Ba4Si3Br2,<PROJECT_ROOT>/external_datasets/functional_protocol_round4_widechem_boost/meta_gga_r2scan/cif/mp-30101.cif,train,-1.1617749425000012,-4.047225104437934,-1.099756160182117,-1.1007689361107629,-1.3627953739598342,36,3
mp-31468,LiCaN,<PROJECT_ROOT>/external_datasets/functional_protocol_round4_widechem_boost/meta_gga_r2scan/cif/mp-31468.cif,train,-0.7978766309722225,-4.730932235717773,-0.8235514214078137,-0.8246733152588348,-1.1149308550498702,12,3
mp-10435,Y(AlSi)2,<PROJECT_ROOT>/external_datasets/functional_protocol_round4_widechem_boost/meta_gga_r2scan/cif/mp-10435.cif,train,-0.4139916920000004,-5.340255737304688,-0.369991369347832,-0.3711299407201487,-0.6657023061212093,5,3
mp-863031,KNaGdTaO5,<PROJECT_ROOT>/external_datasets/functional_protocol_round4_widechem_boost/meta_gga_r2scan/cif/mp-863031.cif,train,-2.984155050537036,-8.633981492784288,-3.0927964364519003,-3.0895248405039863,-2.2430941463598533,18,5
mp-865566,LuZnRh2,<PROJECT_ROOT>/external_datasets/functional_protocol_round4_widechem_boost/meta_gga_r2scan/cif/mp-865566.cif,train,-0.8005570904166639,-5.865088939666748,-0.780493052513461,-0.7798038058326391,-0.6014811902744657,4,3
mp-570315,PBr2N,<PROJECT_ROOT>/external_datasets/functional_protocol_round4_widechem_boost/meta_gga_r2scan/cif/mp-570315.cif,train,-0.4324083144940474,-4.565272331237793,-0.5012749078585159,-0.5044911670717971,-1.336605083887891,32,3
mp-542964,Eu(TmSe2)2,<PROJECT_ROOT>/external_datasets/functional_protocol_round4_widechem_boost/meta_gga_r2scan/cif/mp-542964.cif,train,-1.6856404966071434,-6.662655421665737,-2.073233164436112,-2.0700279150977607,-1.240762484538322,28,3
mp-1223867,K3I2Br,<PROJECT_ROOT>/external_datasets/functional_protocol_round4_widechem_boost/meta_gga_r2scan/cif/mp-1223867.cif,train,-1.7927932189583329,-2.9087184270222983,-1.668842697599607,-1.6662471539794703,-0.9947254187031078,6,3
mp-559065,NaI3O8,<PROJECT_ROOT>/external_datasets/functional_protocol_round4_widechem_boost/meta_gga_r2scan/cif/mp-559065.cif,train,-0.596240989791666,-4.331111907958984,-1.0156721131366009,-1.021790197642476,-2.6046673614422726,24,3
mp-1077925,Na5Sn2,<PROJECT_ROOT>/external_datasets/functional_protocol_round4_widechem_boost/meta_gga_r2scan/cif/mp-1077925.cif,train,-0.2406972171428561,-2.259168897356306,-0.2664061391798289,-0.2674454173481457,-0.536328542107102,7,2
mp-1207248,La2CdAu2,<PROJECT_ROOT>/external_datasets/functional_protocol_round4_widechem_boost/meta_gga_r2scan/cif/mp-1207248.cif,train,-0.8233045039999979,-4.212602996826172,-0.8188921619244556,-0.8183289807308229,-0.6726221586646037,10,3
mp-1077267,ErSi2,<PROJECT_ROOT>/external_datasets/functional_protocol_round4_widechem_boost/meta_gga_r2scan/cif/mp-1077267.cif,train,-0.5212470411111122,-5.640968322753906,-0.4836594629531694,-0.4854591646340376,-0.9510798486248352,6,2
mp-864913,Na3UF8,<PROJECT_ROOT>/external_datasets/functional_protocol_round4_widechem_boost/meta_gga_r2scan/cif/mp-864913.cif,train,-3.461805859583334,-5.700998306274414,-3.554213161878733,-3.5516351342294987,-2.88464514909584,12,3
mp-867922,ScAlRh2,<PROJECT_ROOT>/external_datasets/functional_protocol_round4_widechem_boost/meta_gga_r2scan/cif/mp-867922.cif,train,-1.157633968749998,-7.285766124725342,-1.1158763731367607,-1.114434324943102,-0.7413461218144242,4,3
mp-985302,Ac3Pr,<PROJECT_ROOT>/external_datasets/functional_protocol_round4_widechem_boost/meta_gga_r2scan/cif/mp-985302.cif,train,0.0178002802083341,-4.2371320724487305,-0.0283979840257346,-0.0301450743116307,-0.4821540836709169,8,2
mp-11230,Y2Al,<PROJECT_ROOT>/external_datasets/functional_protocol_round4_widechem_boost/meta_gga_r2scan/cif/mp-11230.cif,train,-0.3362663108333355,-5.872782389322917,-0.374470984791853,-0.37562072237424,-0.6730820212147205,12,2
mp-861874,LiHoHg2,<PROJECT_ROOT>/external_datasets/functional_protocol_round4_widechem_boost/meta_gga_r2scan/cif/mp-861874.cif,train,-0.5022920016666674,-2.206540107727051,-0.4939975065022484,-0.494065048713308,-0.5115396395471573,4,3
mp-1184469,Gd3Y,<PROJECT_ROOT>/external_datasets/functional_protocol_round4_widechem_boost/meta_gga_r2scan/cif/mp-1184469.cif,train,0.0713832049999965,-12.12712574005127,0.0172594835308537,0.013673168999543,-0.9141818432017412,4,2
mp-767432,Sr16V8O31,<PROJECT_ROOT>/external_datasets/functional_protocol_round4_widechem_boost/meta_gga_r2scan/cif/mp-767432.cif,train,-3.00681608256818,-6.9242431640625,-2.8060484599734137,-2.8047933207712648,-2.48006240563476,55,3
mp-756219,CoOF,<PROJECT_ROOT>/external_datasets/functional_protocol_round4_widechem_boost/meta_gga_r2scan/cif/mp-756219.cif,train,-1.5768854170833322,-5.282717704772949,-1.0061889668160378,-1.0111840850054206,-2.303526239624037,24,3
mp-35220,PHN2,<PROJECT_ROOT>/external_datasets/functional_protocol_round4_widechem_boost/meta_gga_r2scan/cif/mp-35220.cif,train,-0.5212513448065472,-6.7335968017578125,-0.4867205427797483,-0.4877540972512388,-0.7551563812482927,8,3
mp-22474,Na(CoO2)2,<PROJECT_ROOT>/external_datasets/functional_protocol_round4_widechem_boost/meta_gga_r2scan/cif/mp-22474.cif,train,-1.4561544817857148,-5.591136932373047,-0.9331345530771876,-0.9370171992929102,-1.9415394519819087,28,3
mp-34322,Dy2Ti2O7,<PROJECT_ROOT>/external_datasets/functional_protocol_round4_widechem_boost/meta_gga_r2scan/cif/mp-34322.cif,train,-3.6680973722348513,-8.753209894353693,-3.766299850514191,-3.762109097049808,-2.677873017679779,22,3
mp-559304,Er2Te5O13,<PROJECT_ROOT>/external_datasets/functional_protocol_round4_widechem_boost/meta_gga_r2scan/cif/mp-559304.cif,train,-1.9098485840208328,-6.197174835205078,-2.177935707426109,-2.1791130372225407,-2.483713022272241,40,3
mp-1213047,Er(Al5Re)2,<PROJECT_ROOT>/external_datasets/functional_protocol_round4_widechem_boost/meta_gga_r2scan/cif/mp-1213047.cif,train,-0.4067356273076927,-5.493617913661859,-0.3558780537700681,-0.3559463363518009,-0.3736124766630647,78,3
mp-540716,Ta2MnO6,<PROJECT_ROOT>/external_datasets/functional_protocol_round4_widechem_boost/meta_gga_r2scan/cif/mp-540716.cif,train,-2.915278314905489,-9.396686130099829,-2.9371284439713268,-2.935443400958273,-2.49948732633601,36,3
mp-570019,CdI2,<PROJECT_ROOT>/external_datasets/functional_protocol_round4_widechem_boost/meta_gga_r2scan/cif/mp-570019.cif,train,-0.7188180774999987,-1.9045154253641765,-0.6999080175189485,-0.7000601226471916,-0.7394129190590071,24,2
mp-755666,Yb2TeO2,<PROJECT_ROOT>/external_datasets/functional_protocol_round4_widechem_boost/meta_gga_r2scan/cif/mp-755666.cif,train,-3.2245924075000034,-5.246223831176758,-2.407915649877101,-2.405152623049164,-1.6902994586779796,5,3
mp-2767508,CoPO4,<PROJECT_ROOT>/external_datasets/functional_protocol_round4_widechem_boost/meta_gga_r2scan/cif/mp-2767508.cif,train,-1.8444779304960324,-6.716423670450847,-1.7560383123611585,-1.7583168115034633,-2.347812470911532,24,3
mp-1198091,Hf7Ni10,<PROJECT_ROOT>/external_datasets/functional_protocol_round4_widechem_boost/meta_gga_r2scan/cif/mp-1198091.cif,train,-0.4993809591176493,-8.011401905732995,-0.5659348857362323,-0.5670171259792269,-0.8470154432218808,34,2
mp-1205304,TiI2O7,<PROJECT_ROOT>/external_datasets/functional_protocol_round4_widechem_boost/meta_gga_r2scan/cif/mp-1205304.cif,train,-1.1963096367916677,-5.650418853759765,-1.5698383834953198,-1.5744482698083493,-2.767122834142064,20,3
mp-1211731,K5Sc3F14,<PROJECT_ROOT>/external_datasets/functional_protocol_round4_widechem_boost/meta_gga_r2scan/cif/mp-1211731.cif,train,-3.722285588352273,-5.793814919211648,-3.77446559239364,-3.770524500918671,-2.7508812301838,44,3
mp-862967,PmTlRh2,<PROJECT_ROOT>/external_datasets/functional_protocol_round4_widechem_boost/meta_gga_r2scan/cif/mp-862967.cif,train,-0.5152247993749981,-5.910279273986816,-0.4908483089511852,-0.4905843946326671,-0.4223042086406854,4,3
mp-867244,LiGdAu2,<PROJECT_ROOT>/external_datasets/functional_protocol_round4_widechem_boost/meta_gga_r2scan/cif/mp-867244.cif,train,-0.7125355916666649,-6.321348667144775,-0.7372996668791263,-0.7367710621783603,-0.6000099061698069,4,3
mp-20663,TmCuPb,<PROJECT_ROOT>/external_datasets/functional_protocol_round4_widechem_boost/meta_gga_r2scan/cif/mp-20663.cif,train,-0.4701857666666693,-4.447714169820149,-0.3746908009357454,-0.3737729060664732,-0.1362941942358971,6,3
mp-989523,Rb2NaAsF6,<PROJECT_ROOT>/external_datasets/functional_protocol_round4_widechem_boost/meta_gga_r2scan/cif/mp-989523.cif,train,-2.6878254725000006,-4.456122589111328,-2.8509664550674056,-2.8499127795608006,-2.57730476052206,10,4
mp-998881,K,<PROJECT_ROOT>/external_datasets/functional_protocol_round4_widechem_boost/meta_gga_r2scan/cif/mp-998881.cif,train,0.1119751762500005,-0.99502432346344,0.1170189523487142,0.1139899997198465,-0.6696637634635556,1,1
mp-1212821,Er4Ga12Pt,<PROJECT_ROOT>/external_datasets/functional_protocol_round4_widechem_boost/meta_gga_r2scan/cif/mp-1212821.cif,train,-0.6603714172549009,-4.160577213062959,-0.6307830367479315,-0.6306679844551972,-0.6009015360449483,17,3
mp-1226003,CoPS,<PROJECT_ROOT>/external_datasets/functional_protocol_round4_widechem_boost/meta_gga_r2scan/cif/mp-1226003.cif,train,-0.5820537752628981,-6.0918528238932295,-0.6397927118929729,-0.6402139819131971,-0.7492053981324601,12,3
mp-1094415,Y5Mg,<PROJECT_ROOT>/external_datasets/functional_protocol_round4_widechem_boost/meta_gga_r2scan/cif/mp-1094415.cif,train,0.016452610833331,-5.652961730957031,-0.0614988479218538,-0.0637346431765939,-0.6421819085385809,6,2
mp-601,PrP,<PROJECT_ROOT>/external_datasets/functional_protocol_round4_widechem_boost/meta_gga_r2scan/cif/mp-601.cif,train,-1.742946234821428,-6.610316276550293,-1.553673694043873,-1.5507816155603529,-0.8025400731242233,2,2
mp-558724,La2SiS5,<PROJECT_ROOT>/external_datasets/functional_protocol_round4_widechem_boost/meta_gga_r2scan/cif/mp-558724.cif,train,-1.908855694257813,-6.151868343353272,-1.8494521323872768,-1.848332137392024,-1.558565871519932,32,3
mp-1207509,YbSF,<PROJECT_ROOT>/external_datasets/functional_protocol_round4_widechem_boost/meta_gga_r2scan/cif/mp-1207509.cif,train,-3.307253192604165,-4.551163673400879,-2.372748244056237,-2.371506470709224,-2.050233583465106,12,3
mp-1223301,La2Al3Cu7,<PROJECT_ROOT>/external_datasets/functional_protocol_round4_widechem_boost/meta_gga_r2scan/cif/mp-1223301.cif,train,-0.3452821358333319,-4.483211835225423,-0.3552474343051921,-0.3548592328793365,-0.2544233576714823,12,3
mp-2767430,La4PtO7,<PROJECT_ROOT>/external_datasets/functional_protocol_round4_widechem_boost/meta_gga_r2scan/cif/mp-2767430.cif,train,-3.232270191770835,-7.986302693684895,-3.371805006862376,-3.368548170069702,-2.525935979863919,12,3
mp-1164,ThC,<PROJECT_ROOT>/external_datasets/functional_protocol_round4_widechem_boost/meta_gga_r2scan/cif/mp-1164.cif,train,-0.4307376649999952,-8.589067459106445,-0.3002505504164467,-0.300388762169649,-0.3361470501956073,2,2
mp-755638,Li7Ni5O12,<PROJECT_ROOT>/external_datasets/functional_protocol_round4_widechem_boost/meta_gga_r2scan/cif/mp-755638.cif,train,-1.6417009254861104,-4.890927632649739,-1.0162315820761898,-1.019943276715594,-1.98023676040176,24,3
mp-17651,HoPtF7,<PROJECT_ROOT>/external_datasets/functional_protocol_round4_widechem_boost/meta_gga_r2scan/cif/mp-17651.cif,train,-2.815040818611111,-5.214274512396918,-2.947482402763815,-2.948583953667458,-3.233578345043004,36,3
mp-505306,Eu2Sn2O7,<PROJECT_ROOT>/external_datasets/functional_protocol_round4_widechem_boost/meta_gga_r2scan/cif/mp-505306.cif,train,-2.520598558750002,-7.963870655406605,-2.624431365329009,-2.6235957304708384,-2.407399413958551,22,3
mp-1105643,Hf2Be17,<PROJECT_ROOT>/external_datasets/functional_protocol_round4_widechem_boost/meta_gga_r2scan/cif/mp-1105643.cif,train,-0.2421951938157896,-4.619590357730263,-0.2320350726361102,-0.2323820790265678,-0.3221599319865358,19,2
mp-27532,Si(PbSe2)2,<PROJECT_ROOT>/external_datasets/functional_protocol_round4_widechem_boost/meta_gga_r2scan/cif/mp-27532.cif,train,-0.627275367321427,-4.350182397024972,-0.6232446266466418,-0.6241529314033034,-0.8591504793651312,28,3
mp-aaaiejdz,Mg3Sc2(GeO4)3,<PROJECT_ROOT>/external_datasets/functional_protocol_round4_widechem_boost/meta_gga_r2scan/cif/mp-aaaiejdz.cif,train,-2.6507454658750005,-6.949028015136719,-2.7839040731126268,-2.78170464366018,-2.212665976350332,80,4
mp-580192,HoGe2Pt,<PROJECT_ROOT>/external_datasets/functional_protocol_round4_widechem_boost/meta_gga_r2scan/cif/mp-580192.cif,train,-0.9300879200000018,-5.820642471313477,-0.882403142232647,-0.8819165563383082,-0.7560265494777544,16,3
mp-7368,Dy2Se3,<PROJECT_ROOT>/external_datasets/functional_protocol_round4_widechem_boost/meta_gga_r2scan/cif/mp-7368.cif,train,-2.162599036937499,-5.79772834777832,-2.0442832879708632,-2.0416510001995443,-1.360622780049904,20,2
mp-1215836,Yb2AgPd,<PROJECT_ROOT>/external_datasets/functional_protocol_round4_widechem_boost/meta_gga_r2scan/cif/mp-1215836.cif,train,-0.6821148812499978,-3.405869483947754,-0.7591042438369531,-0.7573551338643396,-0.3048235890709693,4,3
mp-865502,YAgHg2,<PROJECT_ROOT>/external_datasets/functional_protocol_round4_widechem_boost/meta_gga_r2scan/cif/mp-865502.cif,train,-0.3832732250000035,-2.8221993446350098,-0.3475113122606617,-0.3465816355998052,-0.1060547264400042,4,3
mp-606510,CsTaI6,<PROJECT_ROOT>/external_datasets/functional_protocol_round4_widechem_boost/meta_gga_r2scan/cif/mp-606510.cif,train,-0.8834201446666654,-3.472662925720215,-0.8553442296211715,-0.8560623443780209,-1.0418537384849862,16,3
mp-862878,PmAg3,<PROJECT_ROOT>/external_datasets/functional_protocol_round4_widechem_boost/meta_gga_r2scan/cif/mp-862878.cif,train,-0.1962987431249949,-3.5095064640045166,-0.1618512667359875,-0.1608512770092645,0.0978671014206011,4,2
mp-1080643,LaFeSi2,<PROJECT_ROOT>/external_datasets/functional_protocol_round4_widechem_boost/meta_gga_r2scan/cif/mp-1080643.cif,train,-0.5482505474999986,-6.711423397064209,-0.6766256860541153,-0.676574460714467,-0.66332138775939,8,3
mp-1205761,K2PdBr6,<PROJECT_ROOT>/external_datasets/functional_protocol_round4_widechem_boost/meta_gga_r2scan/cif/mp-1205761.cif,train,-1.1147537847222222,-2.860715866088867,-1.1138505751919374,-1.1147479469616437,-1.3469169012061708,9,3
mp-780763,V2OF5,<PROJECT_ROOT>/external_datasets/functional_protocol_round4_widechem_boost/meta_gga_r2scan/cif/mp-780763.cif,train,-3.11289815296875,-6.285573482513428,-2.724884584658493,-2.725861141900966,-2.9785170437224133,32,3
mp-1191593,Cs3Te22,<PROJECT_ROOT>/external_datasets/functional_protocol_round4_widechem_boost/meta_gga_r2scan/cif/mp-1191593.cif,train,-0.2725761336000005,-3.0774655151367187,-0.2773396965381551,-0.2786047421944362,-0.6058986654107734,25,2
mp-863702,Er2MgIn,<PROJECT_ROOT>/external_datasets/functional_protocol_round4_widechem_boost/meta_gga_r2scan/cif/mp-863702.cif,train,-0.3689567854166711,-3.66425895690918,-0.3678677968496742,-0.3689202737573405,-0.6412181900374019,4,3
mp-1187118,SnPb3,<PROJECT_ROOT>/external_datasets/functional_protocol_round4_widechem_boost/meta_gga_r2scan/cif/mp-1187118.cif,train,0.0892519800000002,-3.7413063049316406,0.0623229889739542,0.0627583425179496,0.1753934625919495,8,2
mp-754401,Al2O3,<PROJECT_ROOT>/external_datasets/functional_protocol_round4_widechem_boost/meta_gga_r2scan/cif/mp-754401.cif,train,-3.2546883942499987,-7.430513763427735,-3.3490501177086145,-3.3447387941473528,-2.229308694360294,10,2
mp-1246286,Mg(GaS2)2,<PROJECT_ROOT>/external_datasets/functional_protocol_round4_widechem_boost/meta_gga_r2scan/cif/mp-1246286.cif,train,-0.9376142916071422,-4.230167933872768,-0.927264177174234,-0.9279860195936848,-1.114741838429865,14,3
mp-999502,MoPt,<PROJECT_ROOT>/external_datasets/functional_protocol_round4_widechem_boost/meta_gga_r2scan/cif/mp-999502.cif,train,-0.3581001700000001,-8.769184112548828,-0.5369539936617596,-0.536003088377087,-0.2899838876647027,4,2
mp-755523,TaS2,<PROJECT_ROOT>/external_datasets/functional_protocol_round4_widechem_boost/meta_gga_r2scan/cif/mp-755523.cif,train,-1.15437805598611,-7.730544408162435,-1.1740549227389794,-1.175225012254148,-1.4779517842342969,6,2
mp-5226,K2SeO4,<PROJECT_ROOT>/external_datasets/functional_protocol_round4_widechem_boost/meta_gga_r2scan/cif/mp-5226.cif,train,-1.5508659373660711,-5.041289738246372,-1.7868346566807087,-1.7889822016569925,-2.344597263516764,28,3
mp-1080181,Pr2InNi2,<PROJECT_ROOT>/external_datasets/functional_protocol_round4_widechem_boost/meta_gga_r2scan/cif/mp-1080181.cif,train,-0.4029119036666657,-5.185847473144531,-0.4829751909075144,-0.4827019490169535,-0.4120085239189064,10,3
mp-1079720,AgO,<PROJECT_ROOT>/external_datasets/functional_protocol_round4_widechem_boost/meta_gga_r2scan/cif/mp-1079720.cif,train,-0.1785533293749992,-3.932687282562256,-0.3233562094064308,-0.3280279472019014,-1.5367047911737903,8,2
mp-1498,Al21Pd8,<PROJECT_ROOT>/external_datasets/functional_protocol_round4_widechem_boost/meta_gga_r2scan/cif/mp-1498.cif,train,-0.5663915224137942,-4.68932789769666,-0.5565344041574081,-0.5562222672252535,-0.4754658766557906,58,2
mp-862831,PaTiTc2,<PROJECT_ROOT>/external_datasets/functional_protocol_round4_widechem_boost/meta_gga_r2scan/cif/mp-862831.cif,train,-0.361548776666666,-9.875843048095703,-0.3377686063432268,-0.3377029680659635,-0.32072096495304,4,3
mp-1199242,Pb(IO3)2,<PROJECT_ROOT>/external_datasets/functional_protocol_round4_widechem_boost/meta_gga_r2scan/cif/mp-1199242.cif,train,-0.6458313722222234,-4.622662862141927,-1.0290297640169737,-1.0346320630206067,-2.484064667149571,36,3
mp-1378069,CaVF5,<PROJECT_ROOT>/external_datasets/functional_protocol_round4_widechem_boost/meta_gga_r2scan/cif/mp-1378069.cif,train,-3.655125830357143,-6.018476213727679,-3.518299211527252,-3.516437395689546,-3.0347464726754603,28,3
mp-15644,DyB2C,<PROJECT_ROOT>/external_datasets/functional_protocol_round4_widechem_boost/meta_gga_r2scan/cif/mp-15644.cif,train,-0.626348023437501,-7.326882362365723,-0.5333242603177082,-0.5335563185333827,-0.5935946605847118,32,3
mp-541975,Rb3Ta2S11,<PROJECT_ROOT>/external_datasets/functional_protocol_round4_widechem_boost/meta_gga_r2scan/cif/mp-541975.cif,train,-0.9998432724596338,-5.36308479309082,-1.0443533983111744,-1.0459903197540674,-1.4694963318743608,64,3
mp-1025689,Mo(WS3)2,<PROJECT_ROOT>/external_datasets/functional_protocol_round4_widechem_boost/meta_gga_r2scan/cif/mp-1025689.cif,train,-0.9062297152083324,-7.6701855129665795,-1.2785134099869415,-1.2777066184157777,-1.068972667015768,9,3
mp-31317,La3PbI3,<PROJECT_ROOT>/external_datasets/functional_protocol_round4_widechem_boost/meta_gga_r2scan/cif/mp-31317.cif,train,-1.381516716071429,-4.446086066109793,-1.276808465223025,-1.2758649123535095,-1.031747936107636,28,3
mp-1192533,Sr3AlAs3,<PROJECT_ROOT>/external_datasets/functional_protocol_round4_widechem_boost/meta_gga_r2scan/cif/mp-1192533.cif,train,-1.2562482685714278,-4.313160487583706,-1.187357136604822,-1.1866564467132648,-1.005373231815022,28,3
mp-1238823,Cs(CrS2)2,<PROJECT_ROOT>/external_datasets/functional_protocol_round4_widechem_boost/meta_gga_r2scan/cif/mp-1238823.cif,train,-1.085453925892858,-6.065731593540737,-1.0794222296190084,-1.0794837515442284,-1.095400767796891,28,3
mp-1212213,Ho5BiPt2,<PROJECT_ROOT>/external_datasets/functional_protocol_round4_widechem_boost/meta_gga_r2scan/cif/mp-1212213.cif,train,-1.0509014018750025,-5.791898250579834,-1.0271559354430817,-1.026977529851257,-0.9808202502476652,16,3
mp-867283,Ho2CuRu,<PROJECT_ROOT>/external_datasets/functional_protocol_round4_widechem_boost/meta_gga_r2scan/cif/mp-867283.cif,train,-0.3859661987500011,-5.990209579467773,-0.4297476196736198,-0.4305714177997801,-0.6437053227436598,4,3
mp-1191365,GdPS,<PROJECT_ROOT>/external_datasets/functional_protocol_round4_widechem_boost/meta_gga_r2scan/cif/mp-1191365.cif,train,-1.761157309012897,-9.446362813313804,-1.6678842538531855,-1.666017247934815,-1.1829835418794743,24,3
mp-1224327,Hf2Al3Au,<PROJECT_ROOT>/external_datasets/functional_protocol_round4_widechem_boost/meta_gga_r2scan/cif/mp-1224327.cif,train,-0.5988095116666633,-6.253875732421875,-0.552080910568792,-0.5533669679056477,-0.8860970548956393,6,3
mp-1113922,Rb3BiF6,<PROJECT_ROOT>/external_datasets/functional_protocol_round4_widechem_boost/meta_gga_r2scan/cif/mp-1113922.cif,train,-2.749801585875,-4.415906524658203,-2.893988570138852,-2.892505234807474,-2.5087351806284044,10,3
mp-862962,CaLaZn2,<PROJECT_ROOT>/external_datasets/functional_protocol_round4_widechem_boost/meta_gga_r2scan/cif/mp-862962.cif,train,-0.3125288237500001,-2.6769514083862305,-0.3942867412421531,-0.3954687266126191,-0.7012732066049496,4,3
mp-752442,BaLu2O4,<PROJECT_ROOT>/external_datasets/functional_protocol_round4_widechem_boost/meta_gga_r2scan/cif/mp-752442.cif,train,-3.68611930904762,-7.752183641706194,-3.757439460141733,-3.752450206636463,-2.4616253691685674,28,3
mp-1206518,RbFeCl3,<PROJECT_ROOT>/external_datasets/functional_protocol_round4_widechem_boost/meta_gga_r2scan/cif/mp-1206518.cif,train,-1.44291040975,-4.168679809570312,-1.3558104555530948,-1.355395945525243,-1.2481534815446356,5,3
mp-977391,LiNd2Os,<PROJECT_ROOT>/external_datasets/functional_protocol_round4_widechem_boost/meta_gga_r2scan/cif/mp-977391.cif,train,-0.1147703479166644,-5.747562408447266,-0.1888456621320005,-0.1909586163833481,-0.7376243300299079,4,3
mp-1079942,LuGa2Pd,<PROJECT_ROOT>/external_datasets/functional_protocol_round4_widechem_boost/meta_gga_r2scan/cif/mp-1079942.cif,train,-0.8404531804166631,-4.7161545753479,-0.7980390422654908,-0.7971104500850723,-0.5568641188264263,8,3
mp-971662,Si,<PROJECT_ROOT>/external_datasets/functional_protocol_round4_widechem_boost/meta_gga_r2scan/cif/mp-971662.cif,train,0.0918499482608692,-5.362836091414742,0.1436251740955283,0.1399577256407802,-0.8088883393189457,46,1
mp-555236,Tm2Te5O13,<PROJECT_ROOT>/external_datasets/functional_protocol_round4_widechem_boost/meta_gga_r2scan/cif/mp-555236.cif,train,-1.9169993366874991,-6.193345642089843,-2.180732554658668,-2.1817629136163808,-2.4483384509607493,40,3
mp-1220443,NbMoSe4,<PROJECT_ROOT>/external_datasets/functional_protocol_round4_widechem_boost/meta_gga_r2scan/cif/mp-1220443.cif,train,-0.845846819374998,-6.559413909912109,-0.9078700502037904,-0.9082940286862752,-1.0179861810639594,6,3
mp-1519318,KGdHf2O6,<PROJECT_ROOT>/external_datasets/functional_protocol_round4_widechem_boost/meta_gga_r2scan/cif/mp-1519318.cif,train,-3.393884423625002,-9.55615234375,-3.469178546906013,-3.465701705293651,-2.5661696401385856,10,4
mp-27312,Nb2SeF14,<PROJECT_ROOT>/external_datasets/functional_protocol_round4_widechem_boost/meta_gga_r2scan/cif/mp-27312.cif,train,-2.758624896709558,-5.562661563648897,-2.9867812913296308,-2.988096080049039,-3.328259580107005,68,3
mp-569388,Te2Ir,<PROJECT_ROOT>/external_datasets/functional_protocol_round4_widechem_boost/meta_gga_r2scan/cif/mp-569388.cif,train,-0.3665196795833338,-5.338218688964844,-0.3743407433261811,-0.3751120856926757,-0.574674582129229,24,2
mp-1524613,H2,<PROJECT_ROOT>/external_datasets/functional_protocol_round4_widechem_boost/meta_gga_r2scan/cif/mp-1524613.cif,train,0.0018788512499998,-3.392731189727783,0.0231040565837918,0.0230242423499422,0.0023746210153087,2,1
mp-22909,ZnCl2,<PROJECT_ROOT>/external_datasets/functional_protocol_round4_widechem_boost/meta_gga_r2scan/cif/mp-22909.cif,train,-1.2910119266666673,-2.7887500127156577,-1.3013417799086384,-1.301345971938618,-1.302430538277462,6,2
mp-20628,NaIn,<PROJECT_ROOT>/external_datasets/functional_protocol_round4_widechem_boost/meta_gga_r2scan/cif/mp-20628.cif,train,-0.249961279999999,-2.163271903991699,-0.2617949372465689,-0.2622841744410555,-0.3888601284179825,4,2
mp-1187821,YbAg3,<PROJECT_ROOT>/external_datasets/functional_protocol_round4_widechem_boost/meta_gga_r2scan/cif/mp-1187821.cif,train,-0.2208158074999957,-2.772446870803833,-0.2855439500720766,-0.2839970145208408,0.1162277544513756,4,2
mp-1068732,ThSi3Ru,<PROJECT_ROOT>/external_datasets/functional_protocol_round4_widechem_boost/meta_gga_r2scan/cif/mp-1068732.cif,train,-0.7473108139999993,-7.338626098632813,-0.7177773290014073,-0.7177265107064308,-0.70457874877257,5,3
mp-866274,CeCdHg2,<PROJECT_ROOT>/external_datasets/functional_protocol_round4_widechem_boost/meta_gga_r2scan/cif/mp-866274.cif,train,-0.4669946062499974,-2.2067112922668457,-0.4016028193063201,-0.4014932068166787,-0.3731341499016075,4,3
mp-1666,Th2S5,<PROJECT_ROOT>/external_datasets/functional_protocol_round4_widechem_boost/meta_gga_r2scan/cif/mp-1666.cif,train,-1.989385025580357,-6.801604134695871,-1.942523774527129,-1.940853759701316,-1.508785793256824,28,2
mp-2457,Tb2O3,<PROJECT_ROOT>/external_datasets/functional_protocol_round4_widechem_boost/meta_gga_r2scan/cif/mp-2457.cif,train,-3.879255523916667,-8.349577840169271,-3.9472235965556495,-3.941310495727533,-2.4114669214682367,15,2
mp-1751,ThSb,<PROJECT_ROOT>/external_datasets/functional_protocol_round4_widechem_boost/meta_gga_r2scan/cif/mp-1751.cif,train,-1.0829929199999953,-6.676230430603027,-0.9506286196966052,-0.9491250731123806,-0.5601259426518194,2,2
mp-3216573,NaYbCl4,<PROJECT_ROOT>/external_datasets/functional_protocol_round4_widechem_boost/meta_gga_r2scan/cif/mp-3216573.cif,train,-2.3738343650000027,-3.312024434407552,-1.8370698223703537,-1.835768155057436,-1.4989994388825596,12,3
mp-867144,CaMgHg2,<PROJECT_ROOT>/external_datasets/functional_protocol_round4_widechem_boost/meta_gga_r2scan/cif/mp-867144.cif,train,-0.4500766775000002,-1.4698693752288818,-0.446353691222578,-0.4459481178312865,-0.3410177497240461,4,3
mp-1178763,VS2,<PROJECT_ROOT>/external_datasets/functional_protocol_round4_widechem_boost/meta_gga_r2scan/cif/mp-1178763.cif,train,-0.9754036052083328,-6.621924718221028,-1.2067160007384912,-1.2073902959774587,-1.3818446590044908,6,2
mp-1187201,Ta2VRe,<PROJECT_ROOT>/external_datasets/functional_protocol_round4_widechem_boost/meta_gga_r2scan/cif/mp-1187201.cif,train,-0.3087084717916681,-11.574779510498049,-0.3425833460865757,-0.3430245422082718,-0.457171260050295,4,3
mp-1173309,Sm10Sb3Se7,<PROJECT_ROOT>/external_datasets/functional_protocol_round4_widechem_boost/meta_gga_r2scan/cif/mp-1173309.cif,train,-1.8816308531718733,-5.819720458984375,-1.7675981176666946,-1.7656933285978722,-1.272884326694233,20,3
mp-23549,Bi3B5O12,<PROJECT_ROOT>/external_datasets/functional_protocol_round4_widechem_boost/meta_gga_r2scan/cif/mp-23549.cif,train,-2.1675663875,-7.236959838867188,-2.3680865907564943,-2.3673501579432124,-2.1768194972906887,80,3
mp-29646,HfAs2,<PROJECT_ROOT>/external_datasets/functional_protocol_round4_widechem_boost/meta_gga_r2scan/cif/mp-29646.cif,train,-0.8487006800000026,-7.17544682820638,-0.8650056219171498,-0.865418590801835,-0.9722623286265324,12,2
mp-1205533,TlSnI3,<PROJECT_ROOT>/external_datasets/functional_protocol_round4_widechem_boost/meta_gga_r2scan/cif/mp-1205533.cif,train,-0.628328901499998,-2.765955352783203,-0.6705657457288816,-0.6705201209886953,-0.6587160409254449,10,3
mp-540912,As3Ir,<PROJECT_ROOT>/external_datasets/functional_protocol_round4_widechem_boost/meta_gga_r2scan/cif/mp-540912.cif,train,-0.5082684787499971,-6.121670246124268,-0.5435201808683843,-0.5435566496220874,-0.5529918833741985,16,2
mp-1198022,Ge,<PROJECT_ROOT>/external_datasets/functional_protocol_round4_widechem_boost/meta_gga_r2scan/cif/mp-1198022.cif,train,0.0432531970588222,-4.581550149356618,0.0877730124837059,0.0857870576043087,-0.4280212469110399,34,1
mp-30767,Li7Sn2,<PROJECT_ROOT>/external_datasets/functional_protocol_round4_widechem_boost/meta_gga_r2scan/cif/mp-30767.cif,train,-0.4245730462962961,-2.7478836907280817,-0.4536974316108786,-0.4546293526819092,-0.6957369379366111,18,2
mp-1216083,Y2MgS4,<PROJECT_ROOT>/external_datasets/functional_protocol_round4_widechem_boost/meta_gga_r2scan/cif/mp-1216083.cif,train,-2.1632035487500008,-6.309459686279297,-2.0445923463833857,-2.041467400668119,-1.2329782066942618,14,3
mp-9881,KAuSe,<PROJECT_ROOT>/external_datasets/functional_protocol_round4_widechem_boost/meta_gga_r2scan/cif/mp-9881.cif,train,-0.8549759342708351,-3.3600823084513345,-0.8133869570537384,-0.8133776780756241,-0.8109770112429482,6,3
mp-865026,Mn2VSi,<PROJECT_ROOT>/external_datasets/functional_protocol_round4_widechem_boost/meta_gga_r2scan/cif/mp-865026.cif,train,-0.4578360009913798,-8.716938018798828,-1.0368307925014264,-1.034784181876053,-0.5052829598912475,4,3
mp-1203398,Ta4Ag2O11,<PROJECT_ROOT>/external_datasets/functional_protocol_round4_widechem_boost/meta_gga_r2scan/cif/mp-1203398.cif,train,-2.5975512738578423,-8.670740464154411,-2.7260406055275253,-2.7246734614901955,-2.3709645393194005,34,3
mp-1096952,Eu2SnSe5,<PROJECT_ROOT>/external_datasets/functional_protocol_round4_widechem_boost/meta_gga_r2scan/cif/mp-1096952.cif,train,-1.3270582469140637,-6.387118816375732,-1.2767902254636292,-1.2765456419328274,-1.2132667373712964,16,3
mp-979961,Yb2AgHg,<PROJECT_ROOT>/external_datasets/functional_protocol_round4_widechem_boost/meta_gga_r2scan/cif/mp-979961.cif,train,-0.484379730625001,-2.0379202365875244,-0.6137353120343505,-0.6120576800454334,-0.1780189932707266,4,3
mp-1032654,Mg6VZnO8,<PROJECT_ROOT>/external_datasets/functional_protocol_round4_widechem_boost/meta_gga_r2scan/cif/mp-1032654.cif,train,-2.6993746353125,-6.006380558013916,-2.626509521017129,-2.623054635473957,-1.7292030672918952,16,4
mp-1110692,Rb3ScCl6,<PROJECT_ROOT>/external_datasets/functional_protocol_round4_widechem_boost/meta_gga_r2scan/cif/mp-1110692.cif,train,-2.2447855683750007,-4.056970596313477,-2.1900547083583817,-2.1874077040479074,-1.5025720056319791,10,3
mp-610738,Zr(InBr3)2,<PROJECT_ROOT>/external_datasets/functional_protocol_round4_widechem_boost/meta_gga_r2scan/cif/mp-610738.cif,train,-1.2666378616666678,-3.744598388671875,-1.3016876773707722,-1.3016604984906897,-1.2946287504679752,18,3
mp-1183038,ZrZnIr2,<PROJECT_ROOT>/external_datasets/functional_protocol_round4_widechem_boost/meta_gga_r2scan/cif/mp-1183038.cif,train,-0.7596843924999988,-7.511457443237305,-0.7202792884732299,-0.7196358969445757,-0.5531769738771568,4,3
mp-569054,La2Co3,<PROJECT_ROOT>/external_datasets/functional_protocol_round4_widechem_boost/meta_gga_r2scan/cif/mp-569054.cif,train,-0.0144825389999994,-6.295878219604492,-0.126304969489488,-0.127169764424714,-0.3509104062930622,10,2
mp-30018,Rb2ZnI4,<PROJECT_ROOT>/external_datasets/functional_protocol_round4_widechem_boost/meta_gga_r2scan/cif/mp-30018.cif,train,-1.3156768217857169,-2.472105026245117,-1.259372953548776,-1.257805128376586,-0.8521757750232026,14,3
mp-1186891,Rb3Yb,<PROJECT_ROOT>/external_datasets/functional_protocol_round4_widechem_boost/meta_gga_r2scan/cif/mp-1186891.cif,train,0.6817004553125017,-0.933112382888794,0.0558368691453523,0.0529881224232964,-0.6840425817956379,4,2
mp-1975342,VO2,<PROJECT_ROOT>/external_datasets/functional_protocol_round4_widechem_boost/meta_gga_r2scan/cif/mp-1975342.cif,train,-2.5375979752777784,-7.65244632297092,-1.9349777033341928,-1.937025622040104,-2.466865271981228,18,2
mp-30905,Ba3(BN2)2,<PROJECT_ROOT>/external_datasets/functional_protocol_round4_widechem_boost/meta_gga_r2scan/cif/mp-30905.cif,train,-1.19459778138889,-6.8446939256456165,-1.1502257705097687,-1.1503125356618753,-1.1727605057357984,36,3
mp-865011,Mn2NbAl,<PROJECT_ROOT>/external_datasets/functional_protocol_round4_widechem_boost/meta_gga_r2scan/cif/mp-865011.cif,train,-0.206836919741379,-8.29169750213623,-0.6195006674330177,-0.6187655789352577,-0.4285827209937527,4,3
mp-1226004,CoNiPt2,<PROJECT_ROOT>/external_datasets/functional_protocol_round4_widechem_boost/meta_gga_r2scan/cif/mp-1226004.cif,train,-0.1420233800000048,-6.34603214263916,-0.1582582665770324,-0.1592782710512992,-0.4231748857091125,4,3
mp-7609,SbOF,<PROJECT_ROOT>/external_datasets/functional_protocol_round4_widechem_boost/meta_gga_r2scan/cif/mp-7609.cif,train,-1.9343590245833344,-5.462436040242513,-2.17937994062046,-2.180655605873308,-2.5106970421165133,12,3
mp-5748,HfAlNi2,<PROJECT_ROOT>/external_datasets/functional_protocol_round4_widechem_boost/meta_gga_r2scan/cif/mp-5748.cif,train,-0.6473235700000011,-6.945860385894775,-0.6747732930228763,-0.6747025494824053,-0.6563997073780594,4,3
mp-27904,FeSbS,<PROJECT_ROOT>/external_datasets/functional_protocol_round4_widechem_boost/meta_gga_r2scan/cif/mp-27904.cif,train,-0.2460958376041659,-5.935905456542969,-0.502771702423745,-0.5030221582805119,-0.5678203571023138,12,3
mp-30198,Ba4Ga2O7,<PROJECT_ROOT>/external_datasets/functional_protocol_round4_widechem_boost/meta_gga_r2scan/cif/mp-30198.cif,train,-2.605700281249999,-6.108675443209135,-2.7626767046361422,-2.761209590761161,-2.381636368591619,78,3
mp-1204510,ZnH7C3NO6,<PROJECT_ROOT>/external_datasets/functional_protocol_round4_widechem_boost/meta_gga_r2scan/cif/mp-1204510.cif,train,-0.901283286342592,-5.90382554796007,-1.0796648653897698,-1.080002386689105,-1.1673262470553831,108,5
mp-1206773,TmRu3C,<PROJECT_ROOT>/external_datasets/functional_protocol_round4_widechem_boost/meta_gga_r2scan/cif/mp-1206773.cif,train,-0.3092658929999999,-8.560396575927735,-0.2924484612262557,-0.292464815078949,-0.29669590080134,5,3
mp-1539667,CsPbCl3,<PROJECT_ROOT>/external_datasets/functional_protocol_round4_widechem_boost/meta_gga_r2scan/cif/mp-1539667.cif,train,-1.6924437955000002,-3.548972320556641,-1.671764010329352,-1.6701513069802605,-1.2529110251872375,10,3
mp-1211874,K9Gd3Si12(O16F)2,<PROJECT_ROOT>/external_datasets/functional_protocol_round4_widechem_boost/meta_gga_r2scan/cif/mp-1211874.cif,train,-3.0292751405818965,-7.607131431842673,-3.1365176388722977,-3.1334186230892,-2.3316380480397223,58,5
mp-23471,K2RuCl6,<PROJECT_ROOT>/external_datasets/functional_protocol_round4_widechem_boost/meta_gga_r2scan/cif/mp-23471.cif,train,-1.3843675997222218,-3.6968900892469616,-1.3498796659757408,-1.350376799356435,-1.4789956628106908,9,3
mp-865144,CdAu3,<PROJECT_ROOT>/external_datasets/functional_protocol_round4_widechem_boost/meta_gga_r2scan/cif/mp-865144.cif,train,-0.1539123012499956,-2.8071091175079346,-0.1526325867334397,-0.1529029578858622,-0.2228536626380355,8,2
mp-1094961,Mg3Al,<PROJECT_ROOT>/external_datasets/functional_protocol_round4_widechem_boost/meta_gga_r2scan/cif/mp-1094961.cif,train,0.0314960637499996,-2.1155781745910645,0.0384904347001189,0.0379688581620554,-0.0969739642977495,4,2
mp-20661,Ti2PbC,<PROJECT_ROOT>/external_datasets/functional_protocol_round4_widechem_boost/meta_gga_r2scan/cif/mp-20661.cif,train,-0.6623352983333319,-7.747280120849609,-0.5785605862382148,-0.5789496294111194,-0.6796032822868361,8,3
mp-675101,Ca5NbN5,<PROJECT_ROOT>/external_datasets/functional_protocol_round4_widechem_boost/meta_gga_r2scan/cif/mp-675101.cif,train,-1.237675519431818,-6.657600402832031,-1.209415390787572,-1.2093837163825525,-1.2011888814925962,22,3
mp-1025338,Tl2CuF4,<PROJECT_ROOT>/external_datasets/functional_protocol_round4_widechem_boost/meta_gga_r2scan/cif/mp-1025338.cif,train,-1.887073892857144,-4.008890696934292,-1.9394207791218452,-1.93999187783518,-2.0877471288034077,7,3
mp-23058,NdClO,<PROJECT_ROOT>/external_datasets/functional_protocol_round4_widechem_boost/meta_gga_r2scan/cif/mp-23058.cif,train,-3.375593151249999,-6.889491399129232,-3.361494150348624,-3.3568680309169148,-2.1599936172918026,6,3
mp-13660,Ca4Sb2O,<PROJECT_ROOT>/external_datasets/functional_protocol_round4_widechem_boost/meta_gga_r2scan/cif/mp-13660.cif,train,-1.84801018125,-4.660702841622489,-1.8136183375672168,-1.811922329852876,-1.3731294563512637,7,3
mp-568508,CsRb(MnCl3)2,<PROJECT_ROOT>/external_datasets/functional_protocol_round4_widechem_boost/meta_gga_r2scan/cif/mp-568508.cif,train,-1.8810323456465512,-4.59822998046875,-1.7882998247794135,-1.7867239051951858,-1.3790003571688072,80,4
mp-33569,Sr(LaSe2)2,<PROJECT_ROOT>/external_datasets/functional_protocol_round4_widechem_boost/meta_gga_r2scan/cif/mp-33569.cif,train,-2.358940671607144,-5.6968994140625,-2.22955947775665,-2.226607655624369,-1.462909174457231,14,3
mp-865275,TmZrOs2,<PROJECT_ROOT>/external_datasets/functional_protocol_round4_widechem_boost/meta_gga_r2scan/cif/mp-865275.cif,train,-0.4877262237500019,-9.224699020385742,-0.457472907529791,-0.457403396987849,-0.4394195575405507,4,3
mp-1186224,NbGaTc2,<PROJECT_ROOT>/external_datasets/functional_protocol_round4_widechem_boost/meta_gga_r2scan/cif/mp-1186224.cif,train,-0.2576365725000009,-8.679298400878906,-0.1681221761443794,-0.1674197390607466,0.0143155111784726,4,3
mp-1105197,Cs2PaF7,<PROJECT_ROOT>/external_datasets/functional_protocol_round4_widechem_boost/meta_gga_r2scan/cif/mp-1105197.cif,train,-3.7540686885,-5.931090545654297,-3.8121158759330434,-3.808643454797649,-2.9102550600256243,20,3
mp-541104,NaMn3F10,<PROJECT_ROOT>/external_datasets/functional_protocol_round4_widechem_boost/meta_gga_r2scan/cif/mp-541104.cif,train,-2.8816083456034485,-5.5343524387904575,-2.6431362266500478,-2.643977763122781,-2.861700951470118,28,3
mp-1006242,EuInNi5,<PROJECT_ROOT>/external_datasets/functional_protocol_round4_widechem_boost/meta_gga_r2scan/cif/mp-1006242.cif,train,-0.1739136364285717,-6.174222128731864,-0.2471706682791206,-0.247373295906855,-0.2997973257466454,14,3
mp-1193170,LaZn13,<PROJECT_ROOT>/external_datasets/functional_protocol_round4_widechem_boost/meta_gga_r2scan/cif/mp-1193170.cif,train,-0.241504162499999,-1.7177009582519531,-0.2217779630052279,-0.221313966958732,-0.101268428951103,28,2
mp-30613,ErSn2,<PROJECT_ROOT>/external_datasets/functional_protocol_round4_widechem_boost/meta_gga_r2scan/cif/mp-30613.cif,train,-0.5932872644444463,-4.747036616007487,-0.5526879822277637,-0.5527461890360046,-0.5678055147885674,6,2
mp-11313,ZrCd3,<PROJECT_ROOT>/external_datasets/functional_protocol_round4_widechem_boost/meta_gga_r2scan/cif/mp-11313.cif,train,-0.1318945012499988,-2.924461126327514,-0.1513929921167256,-0.151815237555712,-0.2610590151204531,4,2
mp-21318,PtPb2,<PROJECT_ROOT>/external_datasets/functional_protocol_round4_widechem_boost/meta_gga_r2scan/cif/mp-21318.cif,train,-0.1703893766666624,-4.638020833333333,-0.1706620587142842,-0.170395986535822,-0.1015575167844736,6,2
mp-1185425,LiSiAg2,<PROJECT_ROOT>/external_datasets/functional_protocol_round4_widechem_boost/meta_gga_r2scan/cif/mp-1185425.cif,train,-0.0842899704166662,-3.364258050918579,-0.0898293279684372,-0.0904225029778089,-0.2438893561274239,4,3
mp-626417,CsH3O2,<PROJECT_ROOT>/external_datasets/functional_protocol_round4_widechem_boost/meta_gga_r2scan/cif/mp-626417.cif,train,-1.2988757872916672,-4.7056576410929365,-1.4188269555915078,-1.4181894341582773,-1.2532492282798775,6,3
mp-1203429,Tm2B6Os,<PROJECT_ROOT>/external_datasets/functional_protocol_round4_widechem_boost/meta_gga_r2scan/cif/mp-1203429.cif,train,-0.7821078047222253,-7.398824055989583,-0.6891622364843943,-0.6889120533052289,-0.624184401913962,36,3
mp-1184247,Eu2ZnHg,<PROJECT_ROOT>/external_datasets/functional_protocol_round4_widechem_boost/meta_gga_r2scan/cif/mp-1184247.cif,train,-0.4241818356249993,-5.922365665435791,-0.4384347219420457,-0.4388428116677918,-0.5444242084364921,4,3
mp-1211643,KCaCl3,<PROJECT_ROOT>/external_datasets/functional_protocol_round4_widechem_boost/meta_gga_r2scan/cif/mp-1211643.cif,train,-2.48754682375,-3.971770858764649,-2.413206449217463,-2.4100284329845367,-1.5878087796826994,20,3
mp-1218215,Ta8(CuS8)3,<PROJECT_ROOT>/external_datasets/functional_protocol_round4_widechem_boost/meta_gga_r2scan/cif/mp-1218215.cif,train,-0.895922377604763,-6.667209298270089,-0.9359019501205575,-0.9377107422786404,-1.405683323948871,35,3
mp-707060,NbCl4F,<PROJECT_ROOT>/external_datasets/functional_protocol_round4_widechem_boost/meta_gga_r2scan/cif/mp-707060.cif,train,-1.755446331249999,-4.825072606404622,-1.80311170971639,-1.804052886550093,-2.0475551323472163,24,3
mp-aaaieixu,Ca2LuVO6,<PROJECT_ROOT>/external_datasets/functional_protocol_round4_widechem_boost/meta_gga_r2scan/cif/mp-aaaieixu.cif,train,-3.137502253916668,-7.267257690429687,-3.0107426281109677,-3.0087169979336688,-2.4846438592121443,10,4
mp-1104303,La3Ir2,<PROJECT_ROOT>/external_datasets/functional_protocol_round4_widechem_boost/meta_gga_r2scan/cif/mp-1104303.cif,train,-0.7683746916666678,-7.189606221516927,-0.8094945148496846,-0.8104225750483058,-1.0505312714267283,15,2
mp-619575,ClF3,<PROJECT_ROOT>/external_datasets/functional_protocol_round4_widechem_boost/meta_gga_r2scan/cif/mp-619575.cif,train,-0.6182932559375005,-2.487943410873413,-1.0154083860952934,-1.02448938403049,-3.3739345808630947,32,2
mp-1214019,Ca3Ge4Au7,<PROJECT_ROOT>/external_datasets/functional_protocol_round4_widechem_boost/meta_gga_r2scan/cif/mp-1214019.cif,train,-0.5384954564285717,-3.8848070417131697,-0.5335344443810217,-0.5337050355709971,-0.5778405650287979,14,3
mp-567542,PbI2,<PROJECT_ROOT>/external_datasets/functional_protocol_round4_widechem_boost/meta_gga_r2scan/cif/mp-567542.cif,train,-0.7647200424999975,-2.917234420776367,-0.7714964326055567,-0.771006980894783,-0.6443755270442435,12,2
mp-1464,Nd5Ge3,<PROJECT_ROOT>/external_datasets/functional_protocol_round4_widechem_boost/meta_gga_r2scan/cif/mp-1464.cif,train,-0.8231713596874961,-5.415809154510498,-0.7546030633688554,-0.7550193383607624,-0.8627184356666274,16,2
mp-9317,KZrCuS3,<PROJECT_ROOT>/external_datasets/functional_protocol_round4_widechem_boost/meta_gga_r2scan/cif/mp-9317.cif,train,-1.4821464528645834,-5.618672053019206,-1.4147729033376946,-1.4137934082832304,-1.160377432697723,12,4
mp-13203,ScCuSn,<PROJECT_ROOT>/external_datasets/functional_protocol_round4_widechem_boost/meta_gga_r2scan/cif/mp-13203.cif,train,-0.5841547516666689,-5.351939519246419,-0.529230770539094,-0.5286997246917906,-0.3913069927237328,6,3
mp-1018178,Ba2Zn,<PROJECT_ROOT>/external_datasets/functional_protocol_round4_widechem_boost/meta_gga_r2scan/cif/mp-1018178.cif,train,-0.0912820650000014,-1.839849313100179,-0.2189882377767473,-0.2222611332760431,-1.0690280487052333,3,2
mp-1078577,DyNiGe2,<PROJECT_ROOT>/external_datasets/functional_protocol_round4_widechem_boost/meta_gga_r2scan/cif/mp-1078577.cif,train,-0.748460618750002,-5.603736400604248,-0.7228076650299613,-0.7221892734176274,-0.562198354601973,8,3
mp-1201411,SmSn3Ru,<PROJECT_ROOT>/external_datasets/functional_protocol_round4_widechem_boost/meta_gga_r2scan/cif/mp-1201411.cif,train,-0.4996950357499997,-5.665864181518555,-0.4665341895854977,-0.4665859888442289,-0.4799875467481731,40,3
mp-680333,Ge4Se9,<PROJECT_ROOT>/external_datasets/functional_protocol_round4_widechem_boost/meta_gga_r2scan/cif/mp-680333.cif,train,-0.2938857537740379,-4.078150235689604,-0.3659748272506471,-0.3689571275309546,-1.1405409467366048,52,2
mp-2311,NbO,<PROJECT_ROOT>/external_datasets/functional_protocol_round4_widechem_boost/meta_gga_r2scan/cif/mp-2311.cif,train,-2.118676506041666,-9.464996337890623,-2.1738179527421684,-2.1732090882705704,-2.0156830411865165,6,2
mp-1212445,Hf2Si4Mo3,<PROJECT_ROOT>/external_datasets/functional_protocol_round4_widechem_boost/meta_gga_r2scan/cif/mp-1212445.cif,train,-0.6865707605555573,-8.910221523708767,-0.765151806174309,-0.7646864689421822,-0.6442939380040833,36,3
mp-12287,La3NbO7,<PROJECT_ROOT>/external_datasets/functional_protocol_round4_widechem_boost/meta_gga_r2scan/cif/mp-12287.cif,train,-3.560761803295453,-8.692008278586648,-3.70330715829528,-3.699066616618176,-2.601949279256249,22,3
mp-28866,Te2OsCl12,<PROJECT_ROOT>/external_datasets/functional_protocol_round4_widechem_boost/meta_gga_r2scan/cif/mp-28866.cif,train,-0.5948473440000005,-3.155570475260417,-0.7162839439571211,-0.719811554632912,-1.6324786444903294,15,3
mp-2767155,ZrFeCl6,<PROJECT_ROOT>/external_datasets/functional_protocol_round4_widechem_boost/meta_gga_r2scan/cif/mp-2767155.cif,train,-1.642609844999999,-4.864739894866943,-1.5646506349517169,-1.564635758262332,-1.5607868457653344,16,3
mp-23005,Bi4Te7Pb,<PROJECT_ROOT>/external_datasets/functional_protocol_round4_widechem_boost/meta_gga_r2scan/cif/mp-23005.cif,train,-0.3112987533333324,-3.7013327280680337,-0.286208125546409,-0.2860645813992031,-0.2489266908734803,12,3
mp-972257,LaTb3,<PROJECT_ROOT>/external_datasets/functional_protocol_round4_widechem_boost/meta_gga_r2scan/cif/mp-972257.cif,train,0.0165543974999984,-4.669304370880127,-0.0731790959863643,-0.0768990174991941,-1.0393209664197878,8,2
mp-1188119,PrGaPd2,<PROJECT_ROOT>/external_datasets/functional_protocol_round4_widechem_boost/meta_gga_r2scan/cif/mp-1188119.cif,train,-0.8737664322916672,-5.385177135467529,-0.8556637543814194,-0.8544369094827395,-0.5370263258623917,16,3
mp-1220273,Nd6Ge3Se14,<PROJECT_ROOT>/external_datasets/functional_protocol_round4_widechem_boost/meta_gga_r2scan/cif/mp-1220273.cif,train,-1.5517440057336942,-5.301207832668139,-1.4768228641969685,-1.4758953452016597,-1.2359266695039657,23,3
mp-4993,TbSi2Ni,<PROJECT_ROOT>/external_datasets/functional_protocol_round4_widechem_boost/meta_gga_r2scan/cif/mp-4993.cif,train,-0.8837606675000025,-6.158494472503662,-0.8399800375310944,-0.8393617573323695,-0.6793996635720334,8,3
mp-27354,Cs3HgCl5,<PROJECT_ROOT>/external_datasets/functional_protocol_round4_widechem_boost/meta_gga_r2scan/cif/mp-27354.cif,train,-1.7197102158333355,-2.887094921535916,-1.6790670076911378,-1.677696679838113,-1.323164037572086,36,3
mp-1221756,MnIn2(SeS)2,<PROJECT_ROOT>/external_datasets/functional_protocol_round4_widechem_boost/meta_gga_r2scan/cif/mp-1221756.cif,train,-0.7560609026046775,-4.736311776297433,-0.7468710845328701,-0.7478555072001809,-1.0025463598877076,7,4
mp-542461,Se,<PROJECT_ROOT>/external_datasets/functional_protocol_round4_widechem_boost/meta_gga_r2scan/cif/mp-542461.cif,train,0.0035756384374998,-3.471611738204956,-0.1848353312777177,-0.1897343608500392,-1.4572163688813005,32,1
mp-602328,Ce(InPt)2,<PROJECT_ROOT>/external_datasets/functional_protocol_round4_widechem_boost/meta_gga_r2scan/cif/mp-602328.cif,train,-0.9164702309999996,-5.4743812561035154,-0.8898960920202628,-0.8892713007432453,-0.7276246540543899,20,3
mp-862657,LiCuPd2,<PROJECT_ROOT>/external_datasets/functional_protocol_round4_widechem_boost/meta_gga_r2scan/cif/mp-862657.cif,train,-0.2848259766666672,-4.381282329559326,-0.308180211264192,-0.3085914211621032,-0.414980072093348,4,3
mp-1016274,LiMg7,<PROJECT_ROOT>/external_datasets/functional_protocol_round4_widechem_boost/meta_gga_r2scan/cif/mp-1016274.cif,train,-0.0052170914583338,-1.6493359804153442,0.0002546878035278,-5.5345729468747606e-05,-0.0802675426814785,8,2
mp-1206831,Lu3Ga5Co,<PROJECT_ROOT>/external_datasets/functional_protocol_round4_widechem_boost/meta_gga_r2scan/cif/mp-1206831.cif,train,-0.6653670477777749,-4.584656185574001,-0.6408764086076291,-0.6403294416560881,-0.4988175851082699,9,3
mp-1102394,Nb5B6,<PROJECT_ROOT>/external_datasets/functional_protocol_round4_widechem_boost/meta_gga_r2scan/cif/mp-1102394.cif,train,-0.7981935177272729,-8.999771118164062,-0.6550215705487457,-0.6549902491216377,-0.6468867370415134,11,2
mp-20838,CaIn4Ir,<PROJECT_ROOT>/external_datasets/functional_protocol_round4_widechem_boost/meta_gga_r2scan/cif/mp-20838.cif,train,-0.4676233791666675,-3.9699436823527017,-0.4435313059476109,-0.4433871831916045,-0.4060995943980657,12,3
mp-2763279,Ba4Pb3O10,<PROJECT_ROOT>/external_datasets/functional_protocol_round4_widechem_boost/meta_gga_r2scan/cif/mp-2763279.cif,train,-2.0031664492647074,-5.808924506692326,-2.187199752966924,-2.187727665630229,-2.324309776980553,17,3
mp-2538,Y5Si3,<PROJECT_ROOT>/external_datasets/functional_protocol_round4_widechem_boost/meta_gga_r2scan/cif/mp-2538.cif,train,-0.7842043937500005,-6.793411731719971,-0.7385993574822356,-0.7387906519681016,-0.788282559602973,16,2
mp-19247,ScVO4,<PROJECT_ROOT>/external_datasets/functional_protocol_round4_widechem_boost/meta_gga_r2scan/cif/mp-19247.cif,train,-3.1126755858333333,-8.160984675089518,-2.81351054630243,-2.812501950998164,-2.551557128620783,12,3
mp-867255,LiZn2Au,<PROJECT_ROOT>/external_datasets/functional_protocol_round4_widechem_boost/meta_gga_r2scan/cif/mp-867255.cif,train,-0.3922063241666684,-2.287956953048706,-0.4093305955244362,-0.4088501191196876,-0.2845407657340122,4,3
mp-952,MoPt2,<PROJECT_ROOT>/external_datasets/functional_protocol_round4_widechem_boost/meta_gga_r2scan/cif/mp-952.cif,train,-0.3972812799999967,-8.01523208618164,-0.5380523987809074,-0.5379165910018315,-0.5027802616570183,3,2
mp-12741,MgPd2,<PROJECT_ROOT>/external_datasets/functional_protocol_round4_widechem_boost/meta_gga_r2scan/cif/mp-12741.cif,train,-0.5801403724999995,-4.586397806803386,-0.5783470660985346,-0.5773609966070774,-0.3222440758692536,12,2
mp-865234,TaZnRu2,<PROJECT_ROOT>/external_datasets/functional_protocol_round4_widechem_boost/meta_gga_r2scan/cif/mp-865234.cif,train,-0.3870684130833339,-8.257092475891113,-0.3420243140560774,-0.3420513351942214,-0.3490422720636339,4,3
mp-27549,K2AgBi,<PROJECT_ROOT>/external_datasets/functional_protocol_round4_widechem_boost/meta_gga_r2scan/cif/mp-27549.cif,train,-0.4140862743749984,-2.565333127975464,-0.2971361089757698,-0.29676229053306,-0.2000475956335095,8,3
mp-1413546,As2O5,<PROJECT_ROOT>/external_datasets/functional_protocol_round4_widechem_boost/meta_gga_r2scan/cif/mp-1413546.cif,train,-1.2195474544642846,-5.909416198730469,-1.5343579406572676,-1.5384236620930158,-2.59031132543456,28,2
mp-616440,C,<PROJECT_ROOT>/external_datasets/functional_protocol_round4_widechem_boost/meta_gga_r2scan/cif/mp-616440.cif,train,0.1172381231250003,-9.083401679992676,0.1479278764735738,0.1480032746987847,0.1675103816648473,16,1
mp-22916,NaBr,<PROJECT_ROOT>/external_datasets/functional_protocol_round4_widechem_boost/meta_gga_r2scan/cif/mp-22916.cif,train,-1.8136894437500004,-3.0522985458374023,-1.778064133258721,-1.7757838508283583,-1.1858268172876305,2,2
mp-568928,Rb2FeI4,<PROJECT_ROOT>/external_datasets/functional_protocol_round4_widechem_boost/meta_gga_r2scan/cif/mp-568928.cif,train,-1.147197234642858,-3.279646464756557,-1.0543091217457137,-1.053335263692362,-0.8013776988798076,14,3
mp-19973,LaCoGe3,<PROJECT_ROOT>/external_datasets/functional_protocol_round4_widechem_boost/meta_gga_r2scan/cif/mp-19973.cif,train,-0.5843099109999997,-5.799560546875,-0.6217117523036713,-0.6211136594315443,-0.4663744517161401,5,3
mp-30748,Zr3Ir,<PROJECT_ROOT>/external_datasets/functional_protocol_round4_widechem_boost/meta_gga_r2scan/cif/mp-30748.cif,train,-0.5994195562500018,-9.139037132263184,-0.6424876369108308,-0.6437836601658242,-0.9790921398236302,16,2
mp-16980,Rb2B4O7,<PROJECT_ROOT>/external_datasets/functional_protocol_round4_widechem_boost/meta_gga_r2scan/cif/mp-16980.cif,train,-2.5666799043269224,-7.254170344426082,-2.7149708008258884,-2.7127963116482343,-2.1502102180846263,52,3
mp-7907,Al2ZnSe4,<PROJECT_ROOT>/external_datasets/functional_protocol_round4_widechem_boost/meta_gga_r2scan/cif/mp-7907.cif,train,-0.99214903875,-4.0730792454310825,-0.952542658804682,-0.952596620277455,-0.9665575884351384,7,3
mp-9692,K2GeSe3,<PROJECT_ROOT>/external_datasets/functional_protocol_round4_widechem_boost/meta_gga_r2scan/cif/mp-9692.cif,train,-1.0167504416145832,-3.7490113576253257,-0.9567215352509346,-0.9569773665809622,-1.0231663134136757,12,3
mp-1210912,Lu2(Al3Rh)3,<PROJECT_ROOT>/external_datasets/functional_protocol_round4_widechem_boost/meta_gga_r2scan/cif/mp-1210912.cif,train,-0.8835847020238106,-5.43950925554548,-0.8387438799593445,-0.8378014232389308,-0.5939680438234488,28,3
mp-27186,MgVO3,<PROJECT_ROOT>/external_datasets/functional_protocol_round4_widechem_boost/meta_gga_r2scan/cif/mp-27186.cif,train,-2.803231145250001,-7.108851623535156,-2.488921900964717,-2.487638517467743,-2.155600209102092,10,3
mp-24724,TbH2,<PROJECT_ROOT>/external_datasets/functional_protocol_round4_widechem_boost/meta_gga_r2scan/cif/mp-24724.cif,train,-0.800303629166668,-4.484184900919597,-0.6971231935848738,-0.69561732740436,-0.3060180686122074,3,2
mp-375,UO3,<PROJECT_ROOT>/external_datasets/functional_protocol_round4_widechem_boost/meta_gga_r2scan/cif/mp-375.cif,train,-3.2954309128125026,-9.620002746582031,-3.6686330114402192,-3.666129608039225,-3.018446485746644,4,2
mp-1222528,Lu(CuS)3,<PROJECT_ROOT>/external_datasets/functional_protocol_round4_widechem_boost/meta_gga_r2scan/cif/mp-1222528.cif,train,-0.990218787872022,-5.009417942592076,-0.9579362839002812,-0.9574672546683178,-0.8361195256985443,14,3
mp-886,Ga2O3,<PROJECT_ROOT>/external_datasets/functional_protocol_round4_widechem_boost/meta_gga_r2scan/cif/mp-886.cif,train,-2.0886732802500005,-6.027639007568359,-2.230310416393787,-2.230144360715207,-2.1871822634605413,10,2
mp-8487,CaSbPt,<PROJECT_ROOT>/external_datasets/functional_protocol_round4_widechem_boost/meta_gga_r2scan/cif/mp-8487.cif,train,-1.0877326316666636,-5.0428422292073565,-1.0686651546410806,-1.0679138363271663,-0.8735319835265299,12,3
mp-1184390,Gd2TlZn,<PROJECT_ROOT>/external_datasets/functional_protocol_round4_widechem_boost/meta_gga_r2scan/cif/mp-1184390.cif,train,-0.4009979087499999,-8.305649757385254,-0.3790063242472872,-0.3791014971216508,-0.4037247218114493,4,3
mp-1214988,AgMo6Cl13,<PROJECT_ROOT>/external_datasets/functional_protocol_round4_widechem_boost/meta_gga_r2scan/cif/mp-1214988.cif,train,-1.0299965173750023,-5.47331657409668,-1.1324991664960864,-1.132559238423359,-1.1481011097031697,40,3
mp-1103280,YGaIr,<PROJECT_ROOT>/external_datasets/functional_protocol_round4_widechem_boost/meta_gga_r2scan/cif/mp-1103280.cif,train,-0.9655896491666645,-6.979494094848633,-0.9271217657560618,-0.9257095627212352,-0.5603429300240208,12,3
mp-561511,FeAsS,<PROJECT_ROOT>/external_datasets/functional_protocol_round4_widechem_boost/meta_gga_r2scan/cif/mp-561511.cif,train,-0.3552401492708341,-6.195480346679688,-0.6243956226931155,-0.6245318500693395,-0.6597767380249129,12,3
mp-4613,Zr2SnC,<PROJECT_ROOT>/external_datasets/functional_protocol_round4_widechem_boost/meta_gga_r2scan/cif/mp-4613.cif,train,-0.8926225037500011,-8.368014335632324,-0.8397009595811893,-0.8386965771931205,-0.5788417248655656,8,3
mp-10398,HoNi4B,<PROJECT_ROOT>/external_datasets/functional_protocol_round4_widechem_boost/meta_gga_r2scan/cif/mp-10398.cif,train,-0.4899479520833315,-6.2238210042317705,-0.5374140221536905,-0.5370202400260276,-0.4351405198632904,12,3
mp-862961,PmSnRh2,<PROJECT_ROOT>/external_datasets/functional_protocol_round4_widechem_boost/meta_gga_r2scan/cif/mp-862961.cif,train,-0.7148325893749963,-6.546118259429932,-0.6950206344236189,-0.6944921568095248,-0.5577638808074682,4,3
mp-32750,CuI,<PROJECT_ROOT>/external_datasets/functional_protocol_round4_widechem_boost/meta_gga_r2scan/cif/mp-32750.cif,train,-0.1909236674999981,-2.956776857376098,-0.222434197659163,-0.22342879493086,-0.4807520318092666,8,2
mp-9274,Rb3Sb2Au3,<PROJECT_ROOT>/external_datasets/functional_protocol_round4_widechem_boost/meta_gga_r2scan/cif/mp-9274.cif,train,-0.552419975468748,-3.0825002193450928,-0.5018717642204908,-0.5017146994389341,-0.4610787363839013,8,3
mp-1186311,NdEuHg2,<PROJECT_ROOT>/external_datasets/functional_protocol_round4_widechem_boost/meta_gga_r2scan/cif/mp-1186311.cif,train,-0.5844401668749981,-4.4120378494262695,-0.5461512672695372,-0.5461616329650019,-0.5488434564402312,4,3
mp-19789,Mn(BW)2,<PROJECT_ROOT>/external_datasets/functional_protocol_round4_widechem_boost/meta_gga_r2scan/cif/mp-19789.cif,train,-0.4354099438965534,-10.07370147705078,-0.9376336629846094,-0.934752580011856,-0.1893558075171365,10,3
mp-570152,Co2(SnSe)3,<PROJECT_ROOT>/external_datasets/functional_protocol_round4_widechem_boost/meta_gga_r2scan/cif/mp-570152.cif,train,-0.3528959265234377,-4.95529842376709,-0.4281701047639252,-0.428635069399327,-0.5489312017347288,32,3
mp-3677,MgSiN2,<PROJECT_ROOT>/external_datasets/functional_protocol_round4_widechem_boost/meta_gga_r2scan/cif/mp-3677.cif,train,-1.39894153875,-7.094344139099121,-1.2690639151679752,-1.267058711726234,-0.7482703992004651,16,3
mp-1207970,Tm5BiPt2,<PROJECT_ROOT>/external_datasets/functional_protocol_round4_widechem_boost/meta_gga_r2scan/cif/mp-1207970.cif,train,-1.0589978250000058,-5.736999988555908,-1.0063130004884488,-1.0053534085491371,-0.7570867875441691,16,3
mp-4126,KUO3,<PROJECT_ROOT>/external_datasets/functional_protocol_round4_widechem_boost/meta_gga_r2scan/cif/mp-4126.cif,train,-3.2546935570000017,-8.361848449707031,-3.37834400643115,-3.3751496018622307,-2.548689941290026,5,3
mp-1223468,KTaW2O9,<PROJECT_ROOT>/external_datasets/functional_protocol_round4_widechem_boost/meta_gga_r2scan/cif/mp-1223468.cif,train,-2.5537464325512813,-7.79966540214343,-1.9724439617968537,-1.9741780896979544,-2.422833457426437,39,4
mp-570863,CrCoPt2,<PROJECT_ROOT>/external_datasets/functional_protocol_round4_widechem_boost/meta_gga_r2scan/cif/mp-570863.cif,train,-0.2918444299999976,-7.358926773071289,-0.2779223818689225,-0.2782359270911447,-0.3593566719269865,4,3
mp-29352,Ba2PdO3,<PROJECT_ROOT>/external_datasets/functional_protocol_round4_widechem_boost/meta_gga_r2scan/cif/mp-29352.cif,train,-2.144114982708333,-5.907324473063151,-2.278908466975263,-2.279062322623318,-2.318868015336336,6,3
mp-573755,CsTeAu,<PROJECT_ROOT>/external_datasets/functional_protocol_round4_widechem_boost/meta_gga_r2scan/cif/mp-573755.cif,train,-0.8335381933333347,-3.1472625732421875,-0.7648530289018103,-0.7639813186094946,-0.5384515283910732,6,3
mp-7541,SnP3,<PROJECT_ROOT>/external_datasets/functional_protocol_round4_widechem_boost/meta_gga_r2scan/cif/mp-7541.cif,train,-0.0068444422321416,-5.061872482299805,0.0086369444896501,0.0060327722427491,-0.6677213703087134,8,2
mp-553949,Ag2Hg2(TeO4)3,<PROJECT_ROOT>/external_datasets/functional_protocol_round4_widechem_boost/meta_gga_r2scan/cif/mp-553949.cif,train,-0.8042506739473682,-4.604012740285773,-1.055069898098882,-1.05950580972286,-2.207169462208648,38,4
mp-569103,Mg3Hg,<PROJECT_ROOT>/external_datasets/functional_protocol_round4_widechem_boost/meta_gga_r2scan/cif/mp-569103.cif,train,-0.1297512181249989,-1.3873558044433594,-0.0883782792116729,-0.0879512581551802,0.0225280721214359,24,2
mp-1175635,Li9Mn2Co5O16,<PROJECT_ROOT>/external_datasets/functional_protocol_round4_widechem_boost/meta_gga_r2scan/cif/mp-1175635.cif,train,-1.9387189699676712,-5.790744781494141,-1.4999192916515351,-1.5014628091856546,-1.9008032652154327,32,4
mp-1192802,Cs2ZnI4,<PROJECT_ROOT>/external_datasets/functional_protocol_round4_widechem_boost/meta_gga_r2scan/cif/mp-1192802.cif,train,-1.3615339167857112,-2.4859515598842075,-1.291931734923966,-1.2902190483502798,-0.8471110030744483,28,3
mp-1192439,Ba(ErS2)2,<PROJECT_ROOT>/external_datasets/functional_protocol_round4_widechem_boost/meta_gga_r2scan/cif/mp-1192439.cif,train,-2.441746416130954,-6.079780578613281,-2.339062606536383,-2.3362053826131106,-1.5969814481166562,28,3
mp-775757,HfO2,<PROJECT_ROOT>/external_datasets/functional_protocol_round4_widechem_boost/meta_gga_r2scan/cif/mp-775757.cif,train,-3.897110693750001,-10.16389528910319,-3.987568494413371,-3.983268068640976,-2.87065745608444,24,2
mp-703231,CdFe2Sb2(PO4)6,<PROJECT_ROOT>/external_datasets/functional_protocol_round4_widechem_boost/meta_gga_r2scan/cif/mp-703231.cif,train,-2.1125082945102043,-6.807777186802455,-2.184162981959072,-2.185257492790844,-2.468430469478116,35,5
mp-676464,Cd3AsI3,<PROJECT_ROOT>/external_datasets/functional_protocol_round4_widechem_boost/meta_gga_r2scan/cif/mp-676464.cif,train,-0.5404061678571404,-2.1533239909580777,-0.5418031168278823,-0.5418311390827872,-0.5490810859115959,7,3
mp-1039262,CaZn3,<PROJECT_ROOT>/external_datasets/functional_protocol_round4_widechem_boost/meta_gga_r2scan/cif/mp-1039262.cif,train,-0.1910317562500019,-1.64271879196167,-0.2485248753290125,-0.2489333344322082,-0.3546102969170916,8,2
mp-1120725,CsPbBr3,<PROJECT_ROOT>/external_datasets/functional_protocol_round4_widechem_boost/meta_gga_r2scan/cif/mp-1120725.cif,train,-1.4883381514999996,-3.214976119995117,-1.4737673558971718,-1.4723668278203856,-1.1100207523660033,10,3
mp-19894,Cr2WO6,<PROJECT_ROOT>/external_datasets/functional_protocol_round4_widechem_boost/meta_gga_r2scan/cif/mp-19894.cif,train,-2.3832445897222225,-7.750402662489149,-1.4797548229519712,-1.4825803323354272,-2.213599048226455,18,3
mp-8557,BaPaO3,<PROJECT_ROOT>/external_datasets/functional_protocol_round4_widechem_boost/meta_gga_r2scan/cif/mp-8557.cif,train,-3.465222294249997,-8.406041717529297,-3.5481835105261474,-3.5441823321075985,-2.50899330506365,5,3
mp-1080489,HfGeRu,<PROJECT_ROOT>/external_datasets/functional_protocol_round4_widechem_boost/meta_gga_r2scan/cif/mp-1080489.cif,train,-0.8069843672222229,-8.700261433919271,-0.7663620904465391,-0.7666053169431173,-0.8295331282032801,9,3
mp-1212965,ErZrF7,<PROJECT_ROOT>/external_datasets/functional_protocol_round4_widechem_boost/meta_gga_r2scan/cif/mp-1212965.cif,train,-4.216252513148147,-6.808755238850911,-4.269224844065723,-4.265319384904507,-3.254894943312889,18,3
mp-12417,Ba2CaReO6,<PROJECT_ROOT>/external_datasets/functional_protocol_round4_widechem_boost/meta_gga_r2scan/cif/mp-12417.cif,train,-2.718974470500001,-7.298602294921875,-2.908011058376897,-2.906252900023552,-2.451380348789817,10,4
mp-757180,Ti3Mn2Co3O16,<PROJECT_ROOT>/external_datasets/functional_protocol_round4_widechem_boost/meta_gga_r2scan/cif/mp-757180.cif,train,-2.028103762456896,-7.172884623209636,-1.7302579518465615,-1.7330380643330807,-2.452311647997395,24,4
mp-2222877,YbMgTiO3,<PROJECT_ROOT>/external_datasets/functional_protocol_round4_widechem_boost/meta_gga_r2scan/cif/mp-2222877.cif,train,-1.9306340171527765,-6.201835632324219,-2.2535362690614518,-2.2527594618182905,-2.0517830868263096,6,4
mp-1043279,ZnCo2O5,<PROJECT_ROOT>/external_datasets/functional_protocol_round4_widechem_boost/meta_gga_r2scan/cif/mp-1043279.cif,train,-0.9646538267187506,-5.243709087371826,-0.6186325840338522,-0.624114705134315,-2.042454757609684,16,3
mp-558800,CaMn4(SiO3)5,<PROJECT_ROOT>/external_datasets/functional_protocol_round4_widechem_boost/meta_gga_r2scan/cif/mp-558800.cif,train,-2.7805889177672407,-7.836632080078125,-2.735031466622133,-2.7333955577707973,-2.310151524389291,50,4
mp-1104181,Ni(BW)3,<PROJECT_ROOT>/external_datasets/functional_protocol_round4_widechem_boost/meta_gga_r2scan/cif/mp-1104181.cif,train,-0.4246745224999984,-9.658898489815847,-0.840386079850834,-0.8377733231788804,-0.1617982093044865,14,3
mp-1217893,TaNbAl6,<PROJECT_ROOT>/external_datasets/functional_protocol_round4_widechem_boost/meta_gga_r2scan/cif/mp-1217893.cif,train,-0.4348452109166665,-5.925230979919434,-0.3540320072203897,-0.3547446693549529,-0.539125355372966,8,3
mp-755713,Tb2SbO2,<PROJECT_ROOT>/external_datasets/functional_protocol_round4_widechem_boost/meta_gga_r2scan/cif/mp-755713.cif,train,-3.017313357499998,-7.3704475402832035,-3.0106295551101674,-3.005917364608933,-1.786774554677305,5,3
mp-5868,Sr3Ru2O7,<PROJECT_ROOT>/external_datasets/functional_protocol_round4_widechem_boost/meta_gga_r2scan/cif/mp-5868.cif,train,-2.23203279510417,-6.787020365397136,-2.3455824767435445,-2.3459336479293524,-2.436789021056433,12,3
mp-1080769,HfMnGe,<PROJECT_ROOT>/external_datasets/functional_protocol_round4_widechem_boost/meta_gga_r2scan/cif/mp-1080769.cif,train,-0.6839890237164765,-8.426393296983507,-0.7892253692527298,-0.7894489836799812,-0.8473027400377681,9,3
mp-623135,Bi3(TeCl5)2,<PROJECT_ROOT>/external_datasets/functional_protocol_round4_widechem_boost/meta_gga_r2scan/cif/mp-623135.cif,train,-0.8686811496666678,-3.2215293884277343,-0.949602526690128,-0.951100647962007,-1.3386961359902458,30,3
mp-1094172,La3Mg,<PROJECT_ROOT>/external_datasets/functional_protocol_round4_widechem_boost/meta_gga_r2scan/cif/mp-1094172.cif,train,-0.033589329999998,-4.119199275970459,-0.1148158421864611,-0.1183589256055599,-1.0350291396492093,4,2
mp-1186992,ScZnAu2,<PROJECT_ROOT>/external_datasets/functional_protocol_round4_widechem_boost/meta_gga_r2scan/cif/mp-1186992.cif,train,-0.6424809400000022,-4.142362117767334,-0.6368909777919818,-0.6360898184448329,-0.4288130418676303,4,3
mp-11272,Be2Nb3,<PROJECT_ROOT>/external_datasets/functional_protocol_round4_widechem_boost/meta_gga_r2scan/cif/mp-11272.cif,train,-0.1518445749999983,-7.685176849365234,-0.0304073611410542,-0.0319674574356474,-0.435597187574161,10,2
mp-10415,Yb3(GePd)4,<PROJECT_ROOT>/external_datasets/functional_protocol_round4_widechem_boost/meta_gga_r2scan/cif/mp-10415.cif,train,-0.9455481222727258,-4.769320748069069,-0.8421048844504453,-0.8407100898709219,-0.4798473907641805,11,3
mp-1207365,Cs(PIr)2,<PROJECT_ROOT>/external_datasets/functional_protocol_round4_widechem_boost/meta_gga_r2scan/cif/mp-1207365.cif,train,-0.757835349190475,-6.520269775390625,-0.6874000779180811,-0.6873942577667842,-0.6858884622004547,5,3
mp-17017,Al12Co4Cu,<PROJECT_ROOT>/external_datasets/functional_protocol_round4_widechem_boost/meta_gga_r2scan/cif/mp-17017.cif,train,-0.3876519813725481,-4.969508750765932,-0.429652607743181,-0.4289232178846749,-0.2402147177928998,51,3
mp-997099,PdAuO2,<PROJECT_ROOT>/external_datasets/functional_protocol_round4_widechem_boost/meta_gga_r2scan/cif/mp-997099.cif,train,-0.3322125093749974,-4.798467636108398,-0.5300494515347172,-0.535334246486789,-1.902621873352517,8,3
mp-9957,V2GeC,<PROJECT_ROOT>/external_datasets/functional_protocol_round4_widechem_boost/meta_gga_r2scan/cif/mp-9957.cif,train,-0.52333098125,-8.48546028137207,-0.7516748254423611,-0.750172604275182,-0.3615163870811554,8,3
mp-3491,NbSbO4,<PROJECT_ROOT>/external_datasets/functional_protocol_round4_widechem_boost/meta_gga_r2scan/cif/mp-3491.cif,train,-2.234729860833333,-7.727271397908528,-2.453938382824849,-2.4538099828163045,-2.4205901995378856,24,3
mp-1018177,EuC2,<PROJECT_ROOT>/external_datasets/functional_protocol_round4_widechem_boost/meta_gga_r2scan/cif/mp-1018177.cif,train,-0.1815881249999999,-9.598344167073568,-0.0463368350657535,-0.0471312853320675,-0.2526722815566563,3,2
mp-29849,Ag3SnP7,<PROJECT_ROOT>/external_datasets/functional_protocol_round4_widechem_boost/meta_gga_r2scan/cif/mp-29849.cif,train,-0.0765242632575755,-4.624020316384056,-0.0229320229574989,-0.0245688651259579,-0.4480543672937548,22,3
mp-706335,Mg3P4H28(NO12)2,<PROJECT_ROOT>/external_datasets/functional_protocol_round4_widechem_boost/meta_gga_r2scan/cif/mp-706335.cif,train,-1.5464983137607329,-5.65656017866291,-1.6902323844994278,-1.6892163860498384,-1.426356214265531,61,5
mp-571500,Ho(FeB)2,<PROJECT_ROOT>/external_datasets/functional_protocol_round4_widechem_boost/meta_gga_r2scan/cif/mp-571500.cif,train,-0.3613719919999994,-7.386851501464844,-0.4673896646671833,-0.4670217081028793,-0.371823604458529,5,3
mp-1206148,Rb3DyF6,<PROJECT_ROOT>/external_datasets/functional_protocol_round4_widechem_boost/meta_gga_r2scan/cif/mp-1206148.cif,train,-3.448638180875001,-5.115641784667969,-3.543141029352324,-3.5397066950656333,-2.6511721692625274,10,3
mp-1206873,Cs2NaTbF6,<PROJECT_ROOT>/external_datasets/functional_protocol_round4_widechem_boost/meta_gga_r2scan/cif/mp-1206873.cif,train,-3.5873015350000004,-5.222443771362305,-3.6293099748456648,-3.6253869123211775,-2.6104081103431183,10,4
mp-1105877,Si2Ni3H4O9,<PROJECT_ROOT>/external_datasets/functional_protocol_round4_widechem_boost/meta_gga_r2scan/cif/mp-1105877.cif,train,-1.7890592779861114,-5.960581885443793,-1.4756179336298372,-1.476947007956559,-1.8208064951525436,18,4
mp-1071732,EuCu2,<PROJECT_ROOT>/external_datasets/functional_protocol_round4_widechem_boost/meta_gga_r2scan/cif/mp-1071732.cif,train,-0.1076275266666684,-6.291393915812175,-0.1543878134252434,-0.1547829880435136,-0.2570229748199616,6,2
mp-569768,NdInAg2,<PROJECT_ROOT>/external_datasets/functional_protocol_round4_widechem_boost/meta_gga_r2scan/cif/mp-569768.cif,train,-0.4164039818749963,-3.660544872283936,-0.3864465528398417,-0.3855197914265256,-0.1457471181306278,4,3
mp-867164,Pm3Sn,<PROJECT_ROOT>/external_datasets/functional_protocol_round4_widechem_boost/meta_gga_r2scan/cif/mp-867164.cif,train,-0.5168827881250024,-5.009219169616699,-0.4781817059130819,-0.4782985059355722,-0.5085171288023047,4,2
mp-1187248,TaOs3,<PROJECT_ROOT>/external_datasets/functional_protocol_round4_widechem_boost/meta_gga_r2scan/cif/mp-1187248.cif,train,-0.133469828083335,-11.497727394104004,-0.1626271940129235,-0.1624903705015397,-0.1270912498418677,8,2
mp-1185230,LaGdTl2,<PROJECT_ROOT>/external_datasets/functional_protocol_round4_widechem_boost/meta_gga_r2scan/cif/mp-1185230.cif,train,-0.4865809587500038,-6.331178665161133,-0.4483690644339297,-0.4483112552844419,-0.4333548122208627,4,3
mp-1189848,Tb5Bi3,<PROJECT_ROOT>/external_datasets/functional_protocol_round4_widechem_boost/meta_gga_r2scan/cif/mp-1189848.cif,train,-0.8493574500000065,-5.056666374206543,-0.7453622191565916,-0.7444117796916458,-0.4985130963401176,16,2
mp-555259,UTe2PbO8,<PROJECT_ROOT>/external_datasets/functional_protocol_round4_widechem_boost/meta_gga_r2scan/cif/mp-555259.cif,train,-1.944166516666667,-6.8553009033203125,-2.251453291387996,-2.2523982309710897,-2.4968739791908874,48,4
mp-1080853,CeSe2,<PROJECT_ROOT>/external_datasets/functional_protocol_round4_widechem_boost/meta_gga_r2scan/cif/mp-1080853.cif,train,-1.811534970625,-5.884883880615234,-1.789539847233491,-1.7883671638646552,-1.4849693073758574,24,2
mp-4251,Pr(Sb3Os)4,<PROJECT_ROOT>/external_datasets/functional_protocol_round4_widechem_boost/meta_gga_r2scan/cif/mp-4251.cif,train,-0.2396921859803957,-6.000060137580423,-0.2060705006771162,-0.2061062787258789,-0.2153628125792772,17,3
mp-541997,K3FeSe3,<PROJECT_ROOT>/external_datasets/functional_protocol_round4_widechem_boost/meta_gga_r2scan/cif/mp-541997.cif,train,-1.108293454062499,-4.053207124982562,-0.9779542464388448,-0.9775040909350504,-0.8610393924795434,28,3
mp-1223503,K5As4,<PROJECT_ROOT>/external_datasets/functional_protocol_round4_widechem_boost/meta_gga_r2scan/cif/mp-1223503.cif,train,-0.5808430398611111,-3.121203316582574,-0.4950671542419802,-0.4955454369020202,-0.6192872223754748,9,2
mp-1215710,Yb4Pt3Au,<PROJECT_ROOT>/external_datasets/functional_protocol_round4_widechem_boost/meta_gga_r2scan/cif/mp-1215710.cif,train,-1.3590250175000025,-4.488102912902832,-1.223106455661561,-1.22089863973311,-0.6496902146678472,8,3
mp-16513,NdAl3,<PROJECT_ROOT>/external_datasets/functional_protocol_round4_widechem_boost/meta_gga_r2scan/cif/mp-16513.cif,train,-0.4927066343749988,-4.439226150512695,-0.4796760873485146,-0.4802604220334938,-0.6314400973030321,8,2
mp-1207968,TmHfF7,<PROJECT_ROOT>/external_datasets/functional_protocol_round4_widechem_boost/meta_gga_r2scan/cif/mp-1207968.cif,train,-4.281529448888891,-7.051722208658855,-4.354679906789477,-4.3505848691776,-3.2911124943631824,18,3
mp-1695,Y2C3,<PROJECT_ROOT>/external_datasets/functional_protocol_round4_widechem_boost/meta_gga_r2scan/cif/mp-1695.cif,train,-0.395841049500001,-8.376959991455077,-0.2846330417856411,-0.2843451496875353,-0.2098614077104473,20,2
mp-1804,Fe3N,<PROJECT_ROOT>/external_datasets/functional_protocol_round4_widechem_boost/meta_gga_r2scan/cif/mp-1804.cif,train,-0.0097341296874997,-8.498537063598633,-0.2301790462359658,-0.2293363521729849,-0.0113136708814737,8,2
mp-571642,CaCl2,<PROJECT_ROOT>/external_datasets/functional_protocol_round4_widechem_boost/meta_gga_r2scan/cif/mp-571642.cif,train,-2.647301069166667,-4.291154543558757,-2.600920034423288,-2.597729540924237,-1.7722817563989164,12,2
mp-1205388,Rb2Pd3S4,<PROJECT_ROOT>/external_datasets/functional_protocol_round4_widechem_boost/meta_gga_r2scan/cif/mp-1205388.cif,train,-0.852395322083336,-4.503207736545139,-0.8525279308465734,-0.8535528215866925,-1.1187136160106752,18,3
mp-4632,Sr3(PO4)2,<PROJECT_ROOT>/external_datasets/functional_protocol_round4_widechem_boost/meta_gga_r2scan/cif/mp-4632.cif,train,-3.176186771227106,-7.1569090623122,-3.31451919646813,-3.3117553983082937,-2.596702674150749,13,3
mp-796276,MoO3,<PROJECT_ROOT>/external_datasets/functional_protocol_round4_widechem_boost/meta_gga_r2scan/cif/mp-796276.cif,train,-2.0497365690625,-6.954216003417969,-1.0916851602549311,-1.0969760118486669,-2.465830619323615,8,2
mp-1078589,EuAu,<PROJECT_ROOT>/external_datasets/functional_protocol_round4_widechem_boost/meta_gga_r2scan/cif/mp-1078589.cif,train,-0.8856360050000021,-7.580839157104492,-0.8635245298323238,-0.8628931590452291,-0.6995442546918259,8,2
mp-1184508,GdSnPd2,<PROJECT_ROOT>/external_datasets/functional_protocol_round4_widechem_boost/meta_gga_r2scan/cif/mp-1184508.cif,train,-0.8256484200000038,-7.945139408111572,-0.8148684916020539,-0.8138366234477816,-0.5468706252047395,4,3
mp-1193079,NdCu6,<PROJECT_ROOT>/external_datasets/functional_protocol_round4_widechem_boost/meta_gga_r2scan/cif/mp-1193079.cif,train,-0.1280731364285726,-4.322163173130581,-0.1351200129974392,-0.1346864657446005,-0.0225186711858064,28,2
mp-642735,Rb2H4Pt,<PROJECT_ROOT>/external_datasets/functional_protocol_round4_widechem_boost/meta_gga_r2scan/cif/mp-642735.cif,train,-0.4758190860714291,-3.469736644199916,-0.4071595471189653,-0.4069075254055452,-0.3417042065518774,14,3
mp-1186561,PmCd3,<PROJECT_ROOT>/external_datasets/functional_protocol_round4_widechem_boost/meta_gga_r2scan/cif/mp-1186561.cif,train,-0.3482161493749984,-2.178090810775757,-0.3356664768611006,-0.3348744255885663,-0.1299540995205219,8,2
mp-17684,La6Ni6P17,<PROJECT_ROOT>/external_datasets/functional_protocol_round4_widechem_boost/meta_gga_r2scan/cif/mp-17684.cif,train,-1.0246634357101811,-6.312113794787177,-0.9645656854984752,-0.963932658341844,-0.8001552163549782,29,3
mp-752418,La2Se2O,<PROJECT_ROOT>/external_datasets/functional_protocol_round4_widechem_boost/meta_gga_r2scan/cif/mp-752418.cif,train,-2.896108177374998,-6.941706848144531,-2.845097270180431,-2.8411473419004745,-1.81921780382394,20,3
mp-1025290,La2Fe2Si2C,<PROJECT_ROOT>/external_datasets/functional_protocol_round4_widechem_boost/meta_gga_r2scan/cif/mp-1025290.cif,train,-0.4957440557142831,-7.2760146004813055,-0.633616212834669,-0.6331134594293975,-0.5030405773960545,7,4
mp-1210761,Li2NiN,<PROJECT_ROOT>/external_datasets/functional_protocol_round4_widechem_boost/meta_gga_r2scan/cif/mp-1210761.cif,train,-0.4163701755208331,-4.825551509857178,-0.4774763538776856,-0.4784656831876868,-0.7344259875355772,4,3
mp-23341,Bi2Pt2O7,<PROJECT_ROOT>/external_datasets/functional_protocol_round4_widechem_boost/meta_gga_r2scan/cif/mp-23341.cif,train,-1.0074953337500006,-5.840015758167613,-1.2897919142676155,-1.2936698949025462,-2.2969850636929183,22,3
mp-579536,CsCu2ICl2,<PROJECT_ROOT>/external_datasets/functional_protocol_round4_widechem_boost/meta_gga_r2scan/cif/mp-579536.cif,train,-1.0069225895833351,-3.2531229654947915,-0.980459534099236,-0.9801653935094148,-0.9040650352792922,12,4
mp-1207716,TmNiGe2,<PROJECT_ROOT>/external_datasets/functional_protocol_round4_widechem_boost/meta_gga_r2scan/cif/mp-1207716.cif,train,-0.7115327774999969,-5.550029754638672,-0.6842771176203959,-0.6834855661289359,-0.4786945439316943,16,3
mp-11971,HoSnRh,<PROJECT_ROOT>/external_datasets/functional_protocol_round4_widechem_boost/meta_gga_r2scan/cif/mp-11971.cif,train,-0.9710736227777722,-6.21802478366428,-0.93910820808295,-0.9382802260842203,-0.7240638653012392,9,3
mp-865843,YbNdZn2,<PROJECT_ROOT>/external_datasets/functional_protocol_round4_widechem_boost/meta_gga_r2scan/cif/mp-865843.cif,train,-0.3558770131249993,-2.535121440887451,-0.438908573189146,-0.4388112901274263,-0.4136421155826104,4,3
mp-21124,SrIn4Pt,<PROJECT_ROOT>/external_datasets/functional_protocol_round4_widechem_boost/meta_gga_r2scan/cif/mp-21124.cif,train,-0.6067797708333321,-3.610982894897461,-0.6024802118083223,-0.6021138235515968,-0.5073214740682597,12,3
mp-1018753,LaTlCd,<PROJECT_ROOT>/external_datasets/functional_protocol_round4_widechem_boost/meta_gga_r2scan/cif/mp-1018753.cif,train,-0.4706990766666621,-3.098939895629883,-0.4238003933746093,-0.4235217257128152,-0.3514245394583408,6,3
mp-1078504,YbIn2Pt,<PROJECT_ROOT>/external_datasets/functional_protocol_round4_widechem_boost/meta_gga_r2scan/cif/mp-1078504.cif,train,-0.8524491725000019,-3.991973400115967,-0.8701646718670681,-0.8684466788912504,-0.4239657557559472,8,3
mp-28334,Tl4SiSe4,<PROJECT_ROOT>/external_datasets/functional_protocol_round4_widechem_boost/meta_gga_r2scan/cif/mp-28334.cif,train,-0.5508134423611118,-3.6640773349338094,-0.5535235527556623,-0.5537051982650985,-0.6007007127148667,36,3
mp-1227114,Ca7TlN4,<PROJECT_ROOT>/external_datasets/functional_protocol_round4_widechem_boost/meta_gga_r2scan/cif/mp-1227114.cif,train,-0.9005348266666667,-4.899038950602214,-0.9307705661066832,-0.9316775375154576,-1.1663301203305596,24,3
mp-1069898,LaGe3Os,<PROJECT_ROOT>/external_datasets/functional_protocol_round4_widechem_boost/meta_gga_r2scan/cif/mp-1069898.cif,train,-0.5781979829999984,-6.517754364013672,-0.5303480950340482,-0.5302687423667507,-0.509738538038033,5,3
mp-554253,ZnS,<PROJECT_ROOT>/external_datasets/functional_protocol_round4_widechem_boost/meta_gga_r2scan/cif/mp-554253.cif,train,-0.9619794758293272,-3.5028610229492188,-0.9497285183206894,-0.9494958516925278,-0.8893001005315648,52,2
mp-866071,MgTaOs2,<PROJECT_ROOT>/external_datasets/functional_protocol_round4_widechem_boost/meta_gga_r2scan/cif/mp-866071.cif,train,-0.2571054105833354,-9.158872604370115,-0.1996330410553231,-0.1994478167444802,-0.1515263910880991,4,3
mp-1222296,LiSmS2,<PROJECT_ROOT>/external_datasets/functional_protocol_round4_widechem_boost/meta_gga_r2scan/cif/mp-1222296.cif,train,-2.0663424105729167,-5.526979923248291,-2.004604015966019,-2.0024898167369534,-1.4555020011428998,4,3
mp-7002,NaTiO2,<PROJECT_ROOT>/external_datasets/functional_protocol_round4_widechem_boost/meta_gga_r2scan/cif/mp-7002.cif,train,-2.715766298541668,-7.219113349914551,-2.8033019216165487,-2.8012331316288828,-2.265993642039187,4,3
mp-1095035,Eu2InPt2,<PROJECT_ROOT>/external_datasets/functional_protocol_round4_widechem_boost/meta_gga_r2scan/cif/mp-1095035.cif,train,-1.0088822110000024,-7.968971252441406,-0.9772156809068662,-0.9766590789880416,-0.832654453718893,10,3
mp-768241,Dy2Ge2O7,<PROJECT_ROOT>/external_datasets/functional_protocol_round4_widechem_boost/meta_gga_r2scan/cif/mp-768241.cif,train,-2.8610821964772724,-7.438663829456676,-3.032426831852095,-3.030242032034025,-2.464988358894849,11,3
mp-1207415,Zr6Be15Co8,<PROJECT_ROOT>/external_datasets/functional_protocol_round4_widechem_boost/meta_gga_r2scan/cif/mp-1207415.cif,train,-0.2559205747413808,-5.972946166992188,-0.3440275310428839,-0.3435307776878993,-0.2150102348805848,29,3
mp-1225152,EuGa3Cu,<PROJECT_ROOT>/external_datasets/functional_protocol_round4_widechem_boost/meta_gga_r2scan/cif/mp-1225152.cif,train,-0.4756394510000007,-5.103213119506836,-0.4326047015116252,-0.4324932782439363,-0.4036657349547555,5,3
mp-865600,Y2IrPd,<PROJECT_ROOT>/external_datasets/functional_protocol_round4_widechem_boost/meta_gga_r2scan/cif/mp-865600.cif,train,-0.9426601700000036,-7.621055603027344,-0.9407469557508898,-0.9396192904268929,-0.6478685491547654,4,3
mp-2973,Pr3Sb5O12,<PROJECT_ROOT>/external_datasets/functional_protocol_round4_widechem_boost/meta_gga_r2scan/cif/mp-2973.cif,train,-2.369282603,-6.889012145996094,-2.566246978192132,-2.564957621735039,-2.2313739829369865,40,3
mp-37829,La5TlSe8,<PROJECT_ROOT>/external_datasets/functional_protocol_round4_widechem_boost/meta_gga_r2scan/cif/mp-37829.cif,train,-2.153202166964288,-5.791157313755581,-2.0333464852431566,-2.030548809314385,-1.3067311936667845,14,3
mp-768600,Al(NiO2)2,<PROJECT_ROOT>/external_datasets/functional_protocol_round4_widechem_boost/meta_gga_r2scan/cif/mp-768600.cif,train,-1.889877530714285,-5.775408608572824,-1.1381440505684963,-1.1417028543976109,-2.0624402692103327,14,3
mp-568224,Sm3CuSe6,<PROJECT_ROOT>/external_datasets/functional_protocol_round4_widechem_boost/meta_gga_r2scan/cif/mp-568224.cif,train,-1.7022769531874986,-5.374996566772461,-1.6204385345576564,-1.6191689714148811,-1.290706279410976,40,3
mp-505045,Na5(InTe3)2,<PROJECT_ROOT>/external_datasets/functional_protocol_round4_widechem_boost/meta_gga_r2scan/cif/mp-505045.cif,train,-0.882139028076923,-3.0786170959472656,-0.8088511342753524,-0.8078308682897868,-0.543866595158104,52,3
mp-867805,LiCa2Ga,<PROJECT_ROOT>/external_datasets/functional_protocol_round4_widechem_boost/meta_gga_r2scan/cif/mp-867805.cif,train,-0.3004753541666662,-2.5065884590148926,-0.3798016552904473,-0.3822024086979416,-1.003327818282197,4,3
mp-1209652,Rb2(NbBr3)3,<PROJECT_ROOT>/external_datasets/functional_protocol_round4_widechem_boost/meta_gga_r2scan/cif/mp-1209652.cif,train,-1.3501111442857154,-4.527441024780273,-1.3093958654807665,-1.3095205440438251,-1.3417775110896677,28,3
mp-30590,LaCu6,<PROJECT_ROOT>/external_datasets/functional_protocol_round4_widechem_boost/meta_gga_r2scan/cif/mp-30590.cif,train,-0.1144377299999998,-4.345091956002372,-0.1381028869107217,-0.1378038007700297,-0.060423924494014,28,2
mp-1008680,TiGePt,<PROJECT_ROOT>/external_datasets/functional_protocol_round4_widechem_boost/meta_gga_r2scan/cif/mp-1008680.cif,train,-0.9806829755555526,-7.058798472086589,-0.8923228379529968,-0.8926800322422483,-0.9850937089269474,3,3
mp-1184176,DyScS3,<PROJECT_ROOT>/external_datasets/functional_protocol_round4_widechem_boost/meta_gga_r2scan/cif/mp-1184176.cif,train,-2.2762985466874994,-6.653878021240234,-2.185218411970573,-2.182692396924115,-1.529159166278148,20,3
mp-569337,Na4Si2Te5,<PROJECT_ROOT>/external_datasets/functional_protocol_round4_widechem_boost/meta_gga_r2scan/cif/mp-569337.cif,train,-0.7459282454545488,-3.496529319069602,-0.6773123678939186,-0.677224487643521,-0.6544880181888119,88,3
mp-1186684,Pr2GaAg,<PROJECT_ROOT>/external_datasets/functional_protocol_round4_widechem_boost/meta_gga_r2scan/cif/mp-1186684.cif,train,-0.4345835020833313,-4.253203392028809,-0.4203889417623121,-0.4203269434262831,-0.4042866696775083,4,3
mp-9386,CsAu3Se2,<PROJECT_ROOT>/external_datasets/functional_protocol_round4_widechem_boost/meta_gga_r2scan/cif/mp-9386.cif,train,-0.5400203846874992,-3.4178571701049805,-0.5619123374242374,-0.5626695037749085,-0.7585643667058817,6,3
mp-20566,MgIn3,<PROJECT_ROOT>/external_datasets/functional_protocol_round4_widechem_boost/meta_gga_r2scan/cif/mp-20566.cif,train,-0.0629542337500019,-2.4815306663513184,-0.0956943091653013,-0.0956481749119531,-0.0837122730750145,4,2
mp-20236,DyIn3,<PROJECT_ROOT>/external_datasets/functional_protocol_round4_widechem_boost/meta_gga_r2scan/cif/mp-20236.cif,train,-0.5218891537500028,-3.615224838256836,-0.5234419964988701,-0.5229446527945072,-0.3942713741845822,4,2
mp-24074,Dy(HO)3,<PROJECT_ROOT>/external_datasets/functional_protocol_round4_widechem_boost/meta_gga_r2scan/cif/mp-24074.cif,train,-2.123286371785714,-6.17804936000279,-2.2275213975215635,-2.2252264552271432,-1.6314766064805124,14,3
mp-1186253,Nd2MgCd,<PROJECT_ROOT>/external_datasets/functional_protocol_round4_widechem_boost/meta_gga_r2scan/cif/mp-1186253.cif,train,-0.2347649099999991,-3.220278024673462,-0.2611678229177983,-0.2622739714234292,-0.5484578591511687,4,3
mp-775218,MnNb3(PO4)6,<PROJECT_ROOT>/external_datasets/functional_protocol_round4_widechem_boost/meta_gga_r2scan/cif/mp-775218.cif,train,-2.520264182127644,-7.846094468060662,-2.6930162583289574,-2.6926988578018785,-2.610580664501767,34,4
mp-669426,SiO2,<PROJECT_ROOT>/external_datasets/functional_protocol_round4_widechem_boost/meta_gga_r2scan/cif/mp-669426.cif,train,-3.0307688025000004,-7.900677998860677,-3.1868038082892367,-3.1843092027456548,-2.538902271241138,24,2
mp-1111078,K3RuF6,<PROJECT_ROOT>/external_datasets/functional_protocol_round4_widechem_boost/meta_gga_r2scan/cif/mp-1111078.cif,train,-2.561467806625,-4.712129592895508,-2.5986480601615924,-2.598403698687867,-2.5351822449638988,10,3
mp-2156,TiS2,<PROJECT_ROOT>/external_datasets/functional_protocol_round4_widechem_boost/meta_gga_r2scan/cif/mp-2156.cif,train,-1.472726775208334,-6.658130221896702,-1.4609947166054118,-1.4619812357911668,-1.7172145019008034,9,2
mp-1517713,SrTbEuVO6,<PROJECT_ROOT>/external_datasets/functional_protocol_round4_widechem_boost/meta_gga_r2scan/cif/mp-1517713.cif,train,-3.1530289037499983,-8.080548095703126,-3.0127515469673023,-3.0106486407012527,-2.466582552214008,10,5
mp-978840,SrLi2(SiN2)2,<PROJECT_ROOT>/external_datasets/functional_protocol_round4_widechem_boost/meta_gga_r2scan/cif/mp-978840.cif,train,-1.2738561551851864,-6.584378842954282,-1.200661245945474,-1.2000290755667162,-1.0364733000217012,108,4
mp-11082,CeCdAu,<PROJECT_ROOT>/external_datasets/functional_protocol_round4_widechem_boost/meta_gga_r2scan/cif/mp-11082.cif,train,-0.6789998044444397,-3.9148885938856335,-0.6322710383916523,-0.6321721822187483,-0.6065960107163788,9,3
mp-976114,Li2CdHg,<PROJECT_ROOT>/external_datasets/functional_protocol_round4_widechem_boost/meta_gga_r2scan/cif/mp-976114.cif,train,-0.3252407077083354,-1.569782018661499,-0.3749789969398325,-0.3750926597418633,-0.4044996176552338,4,3
mp-4995,LiSbO3,<PROJECT_ROOT>/external_datasets/functional_protocol_round4_widechem_boost/meta_gga_r2scan/cif/mp-4995.cif,train,-1.907636731083333,-5.867648315429688,-2.0983019234144447,-2.0989397877202363,-2.263968701950868,20,3
mp-2896,Pr(GeRh)2,<PROJECT_ROOT>/external_datasets/functional_protocol_round4_widechem_boost/meta_gga_r2scan/cif/mp-2896.cif,train,-0.961163816333331,-6.6340187072753904,-0.8939682087617129,-0.8928716682743829,-0.6091735769928387,5,3
mp-862319,Ac2CdSn,<PROJECT_ROOT>/external_datasets/functional_protocol_round4_widechem_boost/meta_gga_r2scan/cif/mp-862319.cif,train,-0.5426539487500008,-3.756327152252197,-0.4959079269638105,-0.4949269062395798,-0.2411162077954008,4,3
mp-1216992,V2Bi4O11,<PROJECT_ROOT>/external_datasets/functional_protocol_round4_widechem_boost/meta_gga_r2scan/cif/mp-1216992.cif,train,-1.8748707403676457,-6.510029512293198,-1.785420311458263,-1.7871057988484642,-2.223176843185255,17,3
mp-976812,Pr2Zn17,<PROJECT_ROOT>/external_datasets/functional_protocol_round4_widechem_boost/meta_gga_r2scan/cif/mp-976812.cif,train,-0.2877750283333329,-1.88796615600586,-0.2812036628932073,-0.2804499102271904,-0.0854382393294053,38,2
mp-975586,Pr3Y,<PROJECT_ROOT>/external_datasets/functional_protocol_round4_widechem_boost/meta_gga_r2scan/cif/mp-975586.cif,train,0.0469581050000016,-5.1710591316223145,-0.0451436931638991,-0.0480060682693626,-0.7885627219621049,8,2
mp-28091,In2(TeO3)3,<PROJECT_ROOT>/external_datasets/functional_protocol_round4_widechem_boost/meta_gga_r2scan/cif/mp-28091.cif,train,-1.4178775866964262,-5.503306797572544,-1.6935246301238704,-1.6959828305734073,-2.3319709984178085,56,3
mp-756933,TaTlO3,<PROJECT_ROOT>/external_datasets/functional_protocol_round4_widechem_boost/meta_gga_r2scan/cif/mp-756933.cif,train,-2.4813301532166663,-8.079293823242187,-2.6334572027559897,-2.6316226794778013,-2.15699291574655,20,3
mp-1208037,Tm4CdPt,<PROJECT_ROOT>/external_datasets/functional_protocol_round4_widechem_boost/meta_gga_r2scan/cif/mp-1208037.cif,train,-0.7066863974999981,-4.777390797932942,-0.7053640624694717,-0.7054900432785116,-0.7380839287547675,24,3
mp-1226607,CeNdSi2,<PROJECT_ROOT>/external_datasets/functional_protocol_round4_widechem_boost/meta_gga_r2scan/cif/mp-1226607.cif,train,-0.7847935531250023,-6.078000545501709,-0.7325661289932768,-0.7338670672181431,-1.0704471529807107,8,3
mp-1219054,SmGa2Ni3,<PROJECT_ROOT>/external_datasets/functional_protocol_round4_widechem_boost/meta_gga_r2scan/cif/mp-1219054.cif,train,-0.5482199122222211,-5.222020467122396,-0.5885547796974802,-0.5880192650502476,-0.4494703605403822,18,3
mp-1211238,La2SbI2,<PROJECT_ROOT>/external_datasets/functional_protocol_round4_widechem_boost/meta_gga_r2scan/cif/mp-1211238.cif,train,-1.667820398999999,-4.8420055389404295,-1.558699739228233,-1.5567820451723229,-1.0606342516358571,5,3
mp-5491,MnAlAu2,<PROJECT_ROOT>/external_datasets/functional_protocol_round4_widechem_boost/meta_gga_r2scan/cif/mp-5491.cif,train,-0.4199509036206876,-5.104761600494385,-0.4652159952348462,-0.464762026213541,-0.3473106905546936,4,3
mp-3075,TlGeS2,<PROJECT_ROOT>/external_datasets/functional_protocol_round4_widechem_boost/meta_gga_r2scan/cif/mp-3075.cif,train,-0.4575352117187528,-4.197597026824951,-0.5143322647804944,-0.515887382336544,-0.9182290080706776,32,3
mp-555585,BaF2,<PROJECT_ROOT>/external_datasets/functional_protocol_round4_widechem_boost/meta_gga_r2scan/cif/mp-555585.cif,train,-4.087465661666667,-5.724119186401367,-4.169575493727347,-4.165454628223363,-3.099300034398102,12,2
mp-865742,YbCdHg2,<PROJECT_ROOT>/external_datasets/functional_protocol_round4_widechem_boost/meta_gga_r2scan/cif/mp-865742.cif,train,-0.3787988750000011,-1.1781508922576904,-0.4900704400453159,-0.4886442633106149,-0.1196623404999795,4,3
mp-769334,EuSeO4,<PROJECT_ROOT>/external_datasets/functional_protocol_round4_widechem_boost/meta_gga_r2scan/cif/mp-769334.cif,train,-1.8162843810937488,-7.228352228800456,-2.1032752450627434,-2.1055509171359024,-2.6943151542816506,24,3
mp-755041,Tm2Mn2O7,<PROJECT_ROOT>/external_datasets/functional_protocol_round4_widechem_boost/meta_gga_r2scan/cif/mp-755041.cif,train,-3.0398353018377744,-7.792064319957387,-2.727948415548763,-2.726619308576173,-2.3827513752150784,22,3
mp-1332,Si3Mo5,<PROJECT_ROOT>/external_datasets/functional_protocol_round4_widechem_boost/meta_gga_r2scan/cif/mp-1332.cif,train,-0.3989605806250011,-9.209542274475098,-0.5837559165674477,-0.5818377967732697,-0.0855798557994521,16,2
mp-1046053,Ba2TlSn2O7,<PROJECT_ROOT>/external_datasets/functional_protocol_round4_widechem_boost/meta_gga_r2scan/cif/mp-1046053.cif,train,-1.7374093176041685,-5.650302251180013,-1.958388107192373,-1.959572602909998,-2.266026562519321,12,4
mp-676851,KNO3,<PROJECT_ROOT>/external_datasets/functional_protocol_round4_widechem_boost/meta_gga_r2scan/cif/mp-676851.cif,train,-1.0150693177500003,-5.848828125,-1.419371325038922,-1.4231368140045175,-2.397348021525889,5,3
mp-1105784,DySiPd2,<PROJECT_ROOT>/external_datasets/functional_protocol_round4_widechem_boost/meta_gga_r2scan/cif/mp-1105784.cif,train,-1.0193682662500052,-6.076456069946289,-0.9878562134681346,-0.986957587873861,-0.7544642428412444,16,3
mp-1078776,InBiS3,<PROJECT_ROOT>/external_datasets/functional_protocol_round4_widechem_boost/meta_gga_r2scan/cif/mp-1078776.cif,train,-0.5640077746874994,-4.238782119750977,-0.6031647450686259,-0.60487821795705,-1.0481896993969615,10,3
mp-30445,ZrBe13,<PROJECT_ROOT>/external_datasets/functional_protocol_round4_widechem_boost/meta_gga_r2scan/cif/mp-30445.cif,train,-0.2097894701785715,-4.288445063999721,-0.2151003788129095,-0.2151098794001784,-0.217567881186496,28,2
mp-29364,Li5SbO5,<PROJECT_ROOT>/external_datasets/functional_protocol_round4_widechem_boost/meta_gga_r2scan/cif/mp-29364.cif,train,-2.0917424442803023,-5.366539001464844,-2.2176066536680747,-2.2165722089395192,-1.9489395967053675,11,3
mp-541581,KSO3,<PROJECT_ROOT>/external_datasets/functional_protocol_round4_widechem_boost/meta_gga_r2scan/cif/mp-541581.cif,train,-1.7888450895625,-5.670228576660156,-2.0844333696623627,-2.086154911341056,-2.531553958561478,30,3
mp-1177868,Li2TiCrO4,<PROJECT_ROOT>/external_datasets/functional_protocol_round4_widechem_boost/meta_gga_r2scan/cif/mp-1177868.cif,train,-2.628251071874999,-7.172722816467285,-2.4207138854257533,-2.4194750058003027,-2.098950785186464,32,4
mp-1205398,Ce(Co2B)6,<PROJECT_ROOT>/external_datasets/functional_protocol_round4_widechem_boost/meta_gga_r2scan/cif/mp-1205398.cif,train,-0.2627192844736851,-7.260425768400493,-0.3549178191937088,-0.3538402919108083,-0.0750613165899687,19,3
mp-1219418,Sc3Ga5Co,<PROJECT_ROOT>/external_datasets/functional_protocol_round4_widechem_boost/meta_gga_r2scan/cif/mp-1219418.cif,train,-0.6016954622222213,-5.1494161817762585,-0.586982560648976,-0.5867640939438212,-0.5302421615710872,18,3
mp-568987,Na2BeH4,<PROJECT_ROOT>/external_datasets/functional_protocol_round4_widechem_boost/meta_gga_r2scan/cif/mp-568987.cif,train,-0.3060560603571426,-3.073758806501116,-0.2547274476831784,-0.2545457997810283,-0.2075496663094601,14,3
mp-760939,Cu6OF11,<PROJECT_ROOT>/external_datasets/functional_protocol_round4_widechem_boost/meta_gga_r2scan/cif/mp-760939.cif,train,-1.6708176315972214,-4.166595882839626,-1.685255990682572,-1.6883423095230352,-2.4868379184155507,18,3
mp-24397,MgH8SO8,<PROJECT_ROOT>/external_datasets/functional_protocol_round4_widechem_boost/meta_gga_r2scan/cif/mp-24397.cif,train,-1.427766318767361,-5.363028632269965,-1.620740849157769,-1.6206956758936435,-1.6090084021998374,72,4
mp-1103293,ZrSiOs,<PROJECT_ROOT>/external_datasets/functional_protocol_round4_widechem_boost/meta_gga_r2scan/cif/mp-1103293.cif,train,-0.934805583333334,-9.229548772176107,-0.8797096308143786,-0.8786443405114257,-0.6030313293266139,12,3
mp-12058,Er(PRu)2,<PROJECT_ROOT>/external_datasets/functional_protocol_round4_widechem_boost/meta_gga_r2scan/cif/mp-12058.cif,train,-1.1140397778571411,-7.815966796875,-1.066074766823136,-1.064567413591373,-0.6745834233433445,5,3
mp-568184,Lu(BRu)4,<PROJECT_ROOT>/external_datasets/functional_protocol_round4_widechem_boost/meta_gga_r2scan/cif/mp-568184.cif,train,-0.5352677260185159,-8.088916354709202,-0.4917553699123704,-0.4918661155100308,-0.5205183313099628,36,3
mp-2044367,CaAgSn,<PROJECT_ROOT>/external_datasets/functional_protocol_round4_widechem_boost/meta_gga_r2scan/cif/mp-2044367.cif,train,-0.5648154983333313,-3.4693694644504123,-0.5314843117637298,-0.531125978302275,-0.4384175738000845,9,3
mp-865501,V2TcRu,<PROJECT_ROOT>/external_datasets/functional_protocol_round4_widechem_boost/meta_gga_r2scan/cif/mp-865501.cif,train,-0.376946578750001,-9.783941268920898,-0.620307759457237,-0.6188035903309297,-0.2296433951405089,4,3
mp-1220384,Nd2Ga3Cu,<PROJECT_ROOT>/external_datasets/functional_protocol_round4_widechem_boost/meta_gga_r2scan/cif/mp-1220384.cif,train,-0.6465198858333329,-4.352194786071777,-0.6068029686834477,-0.6065023556012461,-0.5287274274356791,6,3
mp-776490,Al2O3,<PROJECT_ROOT>/external_datasets/functional_protocol_round4_widechem_boost/meta_gga_r2scan/cif/mp-776490.cif,train,-3.303464674499999,-7.425091552734375,-3.3436279070152546,-3.339337460510275,-2.229308694360294,40,2
mp-20745,Pb,<PROJECT_ROOT>/external_datasets/functional_protocol_round4_widechem_boost/meta_gga_r2scan/cif/mp-20745.cif,train,0.0204974900000038,-3.684522867202759,0.0329758825117849,0.0340496282162634,0.3118502296441141,2,1
mp-7788,Er2Co12P7,<PROJECT_ROOT>/external_datasets/functional_protocol_round4_widechem_boost/meta_gga_r2scan/cif/mp-7788.cif,train,-0.7457869324999982,-7.101536342075893,-0.8258924740191356,-0.8234577232038669,-0.1935364690450348,21,3
mp-7714,Li4UO5,<PROJECT_ROOT>/external_datasets/functional_protocol_round4_widechem_boost/meta_gga_r2scan/cif/mp-7714.cif,train,-2.773199381541667,-6.90979232788086,-2.9500920472553114,-2.9472780116353023,-2.2192277996991283,10,3
mp-1218259,SrNd2Mn3O9,<PROJECT_ROOT>/external_datasets/functional_protocol_round4_widechem_boost/meta_gga_r2scan/cif/mp-1218259.cif,train,-2.922951274646552,-7.597704060872396,-2.614481280246337,-2.6135130589361326,-2.3630138381493917,60,4
mp-36381,Sn(PS3)2,<PROJECT_ROOT>/external_datasets/functional_protocol_round4_widechem_boost/meta_gga_r2scan/cif/mp-36381.cif,train,-0.3546575036474877,-4.662212795681423,-0.4332672127752124,-0.4369538382035562,-1.390761389640836,9,3
mp-646609,U2InRh2,<PROJECT_ROOT>/external_datasets/functional_protocol_round4_widechem_boost/meta_gga_r2scan/cif/mp-646609.cif,train,-0.5930798109999955,-8.393592071533202,-0.5939197376815413,-0.5956693202070129,-1.0483231243710702,10,3
mp-1199892,RbGeB3O7,<PROJECT_ROOT>/external_datasets/functional_protocol_round4_widechem_boost/meta_gga_r2scan/cif/mp-1199892.cif,train,-2.402647286666668,-7.257567087809245,-2.588368763859439,-2.5870598989983096,-2.248429025689114,48,4
mp-21890,NdCoSi,<PROJECT_ROOT>/external_datasets/functional_protocol_round4_widechem_boost/meta_gga_r2scan/cif/mp-21890.cif,train,-0.6567905924999996,-6.445424397786458,-0.6960529344076658,-0.6954153288620919,-0.530453361336358,6,3
mp-1222693,LaTh,<PROJECT_ROOT>/external_datasets/functional_protocol_round4_widechem_boost/meta_gga_r2scan/cif/mp-1222693.cif,train,0.0424567575000054,-6.128564834594727,-0.0574340984218526,-0.0615034834763648,-1.1143390020667474,2,2
mp-567949,Hg3AsSe4Br,<PROJECT_ROOT>/external_datasets/functional_protocol_round4_widechem_boost/meta_gga_r2scan/cif/mp-567949.cif,train,-0.2979612465277783,-2.5925496419270835,-0.3736564610679478,-0.3756692435143529,-0.8964184039837371,18,4
mp-1181265,H2,<PROJECT_ROOT>/external_datasets/functional_protocol_round4_widechem_boost/meta_gga_r2scan/cif/mp-1181265.cif,train,1.1884334493750002,-2.2093026638031006,1.2065325825084745,1.201896231220168,0.0023746210153087,16,1
mp-755060,Cs2O,<PROJECT_ROOT>/external_datasets/functional_protocol_round4_widechem_boost/meta_gga_r2scan/cif/mp-755060.cif,train,-1.0469951129166664,-3.125778834025065,-1.127707237744526,-1.129578975540757,-1.613836917947894,6,2
mp-1211585,KLiGdF5,<PROJECT_ROOT>/external_datasets/functional_protocol_round4_widechem_boost/meta_gga_r2scan/cif/mp-1211585.cif,train,-3.758467550052085,-6.806240081787109,-3.793846587000466,-3.789681301237082,-2.712034251859181,32,4
mp-1179709,RbIn3F10,<PROJECT_ROOT>/external_datasets/functional_protocol_round4_widechem_boost/meta_gga_r2scan/cif/mp-1179709.cif,train,-2.8428759836607145,-4.565303257533482,-2.916419249569153,-2.916074196911187,-2.826801815648155,28,3
mp-1029605,Na2MnN2,<PROJECT_ROOT>/external_datasets/functional_protocol_round4_widechem_boost/meta_gga_r2scan/cif/mp-1029605.cif,train,-0.3092748988965511,-5.903129577636719,-0.5344339667223066,-0.5353293881900969,-0.7669937583040083,20,3
mp-1194660,K11Cd2Sb5,<PROJECT_ROOT>/external_datasets/functional_protocol_round4_widechem_boost/meta_gga_r2scan/cif/mp-1194660.cif,train,-0.5726775039583332,-2.357391357421875,-0.4382143098716105,-0.438391252867631,-0.484170128174297,36,3
mp-19794,EuSnP,<PROJECT_ROOT>/external_datasets/functional_protocol_round4_widechem_boost/meta_gga_r2scan/cif/mp-19794.cif,train,-0.9324064276587336,-7.368668874104817,-0.8146501841728009,-0.8142592092645238,-0.7131057758181035,6,3
mp-22198,Nb2NiO6,<PROJECT_ROOT>/external_datasets/functional_protocol_round4_widechem_boost/meta_gga_r2scan/cif/mp-22198.cif,train,-2.440557943611111,-8.079820421006945,-2.283525228507986,-2.2840829468126893,-2.428376404593112,36,3
mp-542132,YbCuAs2,<PROJECT_ROOT>/external_datasets/functional_protocol_round4_widechem_boost/meta_gga_r2scan/cif/mp-542132.cif,train,-0.893322176249999,-4.322299003601074,-0.7246241395172346,-0.7232570382217034,-0.3695591742548297,8,3
mp-27786,SbAs2Cl13,<PROJECT_ROOT>/external_datasets/functional_protocol_round4_widechem_boost/meta_gga_r2scan/cif/mp-27786.cif,train,-0.6778613485937495,-2.937372922897339,-0.8077865428581408,-0.81111979448346,-1.6735021093793645,32,3
mp-30108,P2PbAu2,<PROJECT_ROOT>/external_datasets/functional_protocol_round4_widechem_boost/meta_gga_r2scan/cif/mp-30108.cif,train,-0.1804959861904763,-4.342473983764648,-0.1397987811498389,-0.1407427658546352,-0.3849714669808138,10,3
mp-6999,ScPS4,<PROJECT_ROOT>/external_datasets/functional_protocol_round4_widechem_boost/meta_gga_r2scan/cif/mp-6999.cif,train,-1.074563742371031,-5.634693145751953,-1.107907634532351,-1.1094293305665612,-1.5031241055358604,12,3
mp-697068,SiPd2,<PROJECT_ROOT>/external_datasets/functional_protocol_round4_widechem_boost/meta_gga_r2scan/cif/mp-697068.cif,train,-0.6795033927777815,-5.946600172254774,-0.6462830433264957,-0.6461075671600316,-0.6007081915207227,9,2
mp-1009083,MgSnP2,<PROJECT_ROOT>/external_datasets/functional_protocol_round4_widechem_boost/meta_gga_r2scan/cif/mp-1009083.cif,train,-0.3974122377380951,-4.414036750793457,-0.2877798638505933,-0.2884353355317222,-0.4580196481773222,8,3
mp-1009084,BeSnAs2,<PROJECT_ROOT>/external_datasets/functional_protocol_round4_widechem_boost/meta_gga_r2scan/cif/mp-1009084.cif,train,-0.2545799006250018,-4.438141345977783,-0.2283200929154931,-0.2288794789285484,-0.3736044079436242,8,3
mp-978976,Ti6Al16Pt7,<PROJECT_ROOT>/external_datasets/functional_protocol_round4_widechem_boost/meta_gga_r2scan/cif/mp-978976.cif,train,-0.8932724372413783,-5.971961712015086,-0.8483647664251901,-0.8482277334749213,-0.8127744265661581,29,3
mp-12645,LiHoO2,<PROJECT_ROOT>/external_datasets/functional_protocol_round4_widechem_boost/meta_gga_r2scan/cif/mp-12645.cif,train,-3.233581413541666,-7.050028800964356,-3.3321577723919296,-3.327871006109482,-2.218794390937954,16,3
mp-1215472,YbTmS2,<PROJECT_ROOT>/external_datasets/functional_protocol_round4_widechem_boost/meta_gga_r2scan/cif/mp-1215472.cif,train,-2.16878017015625,-5.637028217315674,-2.295655105329832,-2.2915915543518395,-1.2402654340886032,4,3
mp-30895,Ba6Mn5O16,<PROJECT_ROOT>/external_datasets/functional_protocol_round4_widechem_boost/meta_gga_r2scan/cif/mp-30895.cif,train,-2.6295090856449552,-6.83598949291088,-2.329151521917645,-2.3295420704229484,-2.43058518445822,54,3
mp-11029,Y(Al2Cu)4,<PROJECT_ROOT>/external_datasets/functional_protocol_round4_widechem_boost/meta_gga_r2scan/cif/mp-11029.cif,train,-0.3428107261538473,-4.368695479172927,-0.3196617126520023,-0.3195774928518782,-0.2977880588825303,13,3
mp-28786,Zn(BIr)2,<PROJECT_ROOT>/external_datasets/functional_protocol_round4_widechem_boost/meta_gga_r2scan/cif/mp-28786.cif,train,-0.350874656000002,-6.7673179626464846,-0.3184747784415735,-0.3191077964063815,-0.4828828602856458,5,3
mp-775277,K(WO3)3,<PROJECT_ROOT>/external_datasets/functional_protocol_round4_widechem_boost/meta_gga_r2scan/cif/mp-775277.cif,train,-2.33960777673077,-7.204984811636118,-1.3792884097053708,-1.382943346479756,-2.3285523765254417,26,3
mp-1206452,Gd2GeBr2,<PROJECT_ROOT>/external_datasets/functional_protocol_round4_widechem_boost/meta_gga_r2scan/cif/mp-1206452.cif,train,-1.6443582429999992,-8.680596923828125,-1.567539510425437,-1.5659529091565672,-1.155465784607139,5,3
mp-1182106,FeH2Cl5O3,<PROJECT_ROOT>/external_datasets/functional_protocol_round4_widechem_boost/meta_gga_r2scan/cif/mp-1182106.cif,train,-0.483076112840909,-3.751055283979936,-0.4633189406977629,-0.468401239769423,-1.783298922605844,44,4
mp-21661,YSi3Ni5,<PROJECT_ROOT>/external_datasets/functional_protocol_round4_widechem_boost/meta_gga_r2scan/cif/mp-21661.cif,train,-0.7101563777777784,-6.450801001654731,-0.7217665868271093,-0.720736326493979,-0.4541863054050267,36,3
mp-541715,Ba3GaP3,<PROJECT_ROOT>/external_datasets/functional_protocol_round4_widechem_boost/meta_gga_r2scan/cif/mp-541715.cif,train,-1.0996048519897974,-4.519962583269392,-0.9960010398639024,-0.99634992329311,-1.086613405671837,28,3
mp-1023616,Mg15Zn,<PROJECT_ROOT>/external_datasets/functional_protocol_round4_widechem_boost/meta_gga_r2scan/cif/mp-1023616.cif,train,0.0109954481249996,-1.5906294584274292,0.0148083991967067,0.0148465179428516,0.02470863945037,16,2
mp-3228,HgSO4,<PROJECT_ROOT>/external_datasets/functional_protocol_round4_widechem_boost/meta_gga_r2scan/cif/mp-3228.cif,train,-1.1381953817187498,-5.034843444824219,-1.461270576376616,-1.4655147400607316,-2.563569166827785,12,3
mp-721012,Na13Ca7S12(ClO16)3,<PROJECT_ROOT>/external_datasets/functional_protocol_round4_widechem_boost/meta_gga_r2scan/cif/mp-721012.cif,train,-2.1937881762801204,-5.8931142048663405,-2.4407764779913736,-2.4410735654589635,-2.517936342957332,83,5
mp-1217693,Tb2Co3Ni,<PROJECT_ROOT>/external_datasets/functional_protocol_round4_widechem_boost/meta_gga_r2scan/cif/mp-1217693.cif,train,-0.2087564266666675,-6.290144602457683,-0.2823776581307209,-0.2819317723271499,-0.1665717351379878,6,3
mp-862423,Sc2TcPd,<PROJECT_ROOT>/external_datasets/functional_protocol_round4_widechem_boost/meta_gga_r2scan/cif/mp-862423.cif,train,-0.5352155124999989,-7.59654426574707,-0.5532219113511214,-0.5531855089172986,-0.5437674335020883,4,3
mp-1191987,DyFeB4,<PROJECT_ROOT>/external_datasets/functional_protocol_round4_widechem_boost/meta_gga_r2scan/cif/mp-1191987.cif,train,-0.5966688425000015,-7.235547383626302,-0.6084359226410241,-0.6083486915255225,-0.585780166921136,24,3
mp-32586,Nd2S3,<PROJECT_ROOT>/external_datasets/functional_protocol_round4_widechem_boost/meta_gga_r2scan/cif/mp-32586.cif,train,-2.3570386306875006,-6.434427642822266,-2.2533788234108485,-2.2505367851085625,-1.5152416902102694,40,2
mp-1039355,CeMg2,<PROJECT_ROOT>/external_datasets/functional_protocol_round4_widechem_boost/meta_gga_r2scan/cif/mp-1039355.cif,train,-0.0066182949999979,-3.044888496398926,-0.054287333742014,-0.0559873695272186,-0.4958223896980162,6,2
mp-20834,CeSnPt,<PROJECT_ROOT>/external_datasets/functional_protocol_round4_widechem_boost/meta_gga_r2scan/cif/mp-20834.cif,train,-1.131751561666671,-6.314756393432617,-1.0675633810334286,-1.0669218399944125,-0.9009416775237216,12,3
mp-1187630,YbHoZn2,<PROJECT_ROOT>/external_datasets/functional_protocol_round4_widechem_boost/meta_gga_r2scan/cif/mp-1187630.cif,train,-0.4032771024999988,-2.484637498855591,-0.4407005512842414,-0.4407081750435839,-0.4426806019644376,4,3
mp-2797,YCu5,<PROJECT_ROOT>/external_datasets/functional_protocol_round4_widechem_boost/meta_gga_r2scan/cif/mp-2797.cif,train,-0.192909463333334,-4.678132057189941,-0.1901384572484676,-0.1893877586161751,0.0048337695126761,6,2
mp-1206750,CrPt,<PROJECT_ROOT>/external_datasets/functional_protocol_round4_widechem_boost/meta_gga_r2scan/cif/mp-1206750.cif,train,-0.2758393350000006,-7.935452461242676,-0.2996417290038096,-0.3001246225495402,-0.4250593411480742,2,2
mp-999144,SmNiC2,<PROJECT_ROOT>/external_datasets/functional_protocol_round4_widechem_boost/meta_gga_r2scan/cif/mp-999144.cif,train,-0.39863289,-7.523971080780029,-0.3323933102955845,-0.332349039235396,-0.3208951846626477,4,3
mp-29576,Cd7P10,<PROJECT_ROOT>/external_datasets/functional_protocol_round4_widechem_boost/meta_gga_r2scan/cif/mp-29576.cif,train,-0.1435914114565816,-3.629645403693704,-0.0810882470214608,-0.0825734066206758,-0.4668154372766039,34,2
mp-3271,Ti3AlC,<PROJECT_ROOT>/external_datasets/functional_protocol_round4_widechem_boost/meta_gga_r2scan/cif/mp-3271.cif,train,-0.6502548840000003,-7.922691345214844,-0.6131528573132066,-0.6147166842955318,-1.0193116218233989,5,3
mp-571271,TmPt2,<PROJECT_ROOT>/external_datasets/functional_protocol_round4_widechem_boost/meta_gga_r2scan/cif/mp-571271.cif,train,-1.210271618333337,-6.634413401285808,-1.192112970032519,-1.1910376165834435,-0.9128210578016644,6,2
mp-1205724,Pr2CdRh2,<PROJECT_ROOT>/external_datasets/functional_protocol_round4_widechem_boost/meta_gga_r2scan/cif/mp-1205724.cif,train,-0.6035992996666607,-5.608567810058593,-0.6161025935761888,-0.6160066072311983,-0.5911729205801267,10,3
mp-600051,SiO2,<PROJECT_ROOT>/external_datasets/functional_protocol_round4_widechem_boost/meta_gga_r2scan/cif/mp-600051.cif,train,-3.01622293875,-7.895938449435764,-3.182064258864324,-3.179587901936612,-2.538902271241138,72,2
mp-972424,TbYbPt2,<PROJECT_ROOT>/external_datasets/functional_protocol_round4_widechem_boost/meta_gga_r2scan/cif/mp-972424.cif,train,-1.3556204612499982,-5.748663902282715,-1.321654031898893,-1.319747680047726,-0.8265343534772496,4,3
mp-20578,Eu(BIr)4,<PROJECT_ROOT>/external_datasets/functional_protocol_round4_widechem_boost/meta_gga_r2scan/cif/mp-20578.cif,train,-0.5767763138888868,-8.549672444661459,-0.5277117439539687,-0.5282114325450911,-0.6574913826893467,18,3
mp-1079695,V3GeN,<PROJECT_ROOT>/external_datasets/functional_protocol_round4_widechem_boost/meta_gga_r2scan/cif/mp-1079695.cif,train,-0.7971108537499987,-8.757661437988281,-1.0969503210591045,-1.095276948942785,-0.6623403808175744,10,3
mp-1208854,SmAs2Pd3,<PROJECT_ROOT>/external_datasets/functional_protocol_round4_widechem_boost/meta_gga_r2scan/cif/mp-1208854.cif,train,-0.8773192908333335,-5.74010509914822,-0.8732265804097707,-0.8724595464925429,-0.6740117365154773,18,3
mp-1080573,V3PC,<PROJECT_ROOT>/external_datasets/functional_protocol_round4_widechem_boost/meta_gga_r2scan/cif/mp-1080573.cif,train,-0.7665148495952365,-9.084513854980468,-1.046566760018267,-1.0444031237446572,-0.48462490476858,10,3
mp-1016190,KMn3O6,<PROJECT_ROOT>/external_datasets/functional_protocol_round4_widechem_boost/meta_gga_r2scan/cif/mp-1016190.cif,train,-2.1100648354698266,-6.848121643066406,-1.6418604605779956,-1.6440180500816526,-2.202231842473721,40,3
mp-14646,Li2Mg2(SO4)3,<PROJECT_ROOT>/external_datasets/functional_protocol_round4_widechem_boost/meta_gga_r2scan/cif/mp-14646.cif,train,-2.130258414566886,-6.084764982524671,-2.3878678394584294,-2.3883559918842403,-2.514651293377232,76,4
mp-19817,Y3InC,<PROJECT_ROOT>/external_datasets/functional_protocol_round4_widechem_boost/meta_gga_r2scan/cif/mp-19817.cif,train,-0.6955747760000037,-6.80943603515625,-0.6052974116515335,-0.6047231115164378,-0.4561395853934321,5,3
mp-1041708,Mn3(AsO4)4,<PROJECT_ROOT>/external_datasets/functional_protocol_round4_widechem_boost/meta_gga_r2scan/cif/mp-1041708.cif,train,-1.317161265802099,-6.2163523798403535,-1.3380313293144068,-1.342524828255824,-2.5050875311894565,46,3
mp-1186635,PmPr3,<PROJECT_ROOT>/external_datasets/functional_protocol_round4_widechem_boost/meta_gga_r2scan/cif/mp-1186635.cif,train,0.0300357718750028,-4.761376857757568,-0.0595731018063965,-0.0622106143335816,-0.7445905887391471,4,2
mp-18291,BaSbTe3,<PROJECT_ROOT>/external_datasets/functional_protocol_round4_widechem_boost/meta_gga_r2scan/cif/mp-18291.cif,train,-0.902639575750004,-3.877011108398437,-0.8533932183414561,-0.8529214977682686,-0.7308774622095898,40,3
mp-1195831,Li(HoGe)4,<PROJECT_ROOT>/external_datasets/functional_protocol_round4_widechem_boost/meta_gga_r2scan/cif/mp-1195831.cif,train,-0.9376514287962942,-5.126663631863064,-0.8760734140751989,-0.875908217784553,-0.8331684622592637,36,3
mp-8630,SbIrS,<PROJECT_ROOT>/external_datasets/functional_protocol_round4_widechem_boost/meta_gga_r2scan/cif/mp-8630.cif,train,-0.5933227426041677,-6.179414749145508,-0.6042702123821941,-0.6052803127965571,-0.8666145388117925,12,3
mp-568446,Er5Si4,<PROJECT_ROOT>/external_datasets/functional_protocol_round4_widechem_boost/meta_gga_r2scan/cif/mp-568446.cif,train,-0.8151093176851892,-5.692049662272136,-0.7675090729444207,-0.7685808579608819,-1.0458741881620952,36,2
mp-19814,NiAs2,<PROJECT_ROOT>/external_datasets/functional_protocol_round4_widechem_boost/meta_gga_r2scan/cif/mp-19814.cif,train,-0.2809066666666666,-5.28219731648763,-0.3591556096572965,-0.3594279336269288,-0.4298838732712503,6,2
mp-669313,Cs3Nb2S11,<PROJECT_ROOT>/external_datasets/functional_protocol_round4_widechem_boost/meta_gga_r2scan/cif/mp-669313.cif,train,-1.0025831570898411,-5.126507759094238,-1.0295951193081576,-1.0311539927350708,-1.4344673412757616,64,3
mp-1189223,Lu5Ga3,<PROJECT_ROOT>/external_datasets/functional_protocol_round4_widechem_boost/meta_gga_r2scan/cif/mp-1189223.cif,train,-0.580401337291665,-4.444099426269531,-0.5369204424597784,-0.5377983967711,-0.7649436460605578,16,2
mp-997504,Cu3OF5,<PROJECT_ROOT>/external_datasets/functional_protocol_round4_widechem_boost/meta_gga_r2scan/cif/mp-997504.cif,train,-1.5377372898611112,-4.239088694254558,-1.5971436705287818,-1.6004743105947652,-2.462180960154579,18,3
mp-28251,Ta2Zn3O8,<PROJECT_ROOT>/external_datasets/functional_protocol_round4_widechem_boost/meta_gga_r2scan/cif/mp-28251.cif,train,-2.439377787666665,-7.36174069918119,-2.5810451941017334,-2.579696572399075,-2.230779767850242,26,3
mp-1206912,Lu3GaC,<PROJECT_ROOT>/external_datasets/functional_protocol_round4_widechem_boost/meta_gga_r2scan/cif/mp-1206912.cif,train,-0.6986728840000012,-5.70217399597168,-0.5877283399464108,-0.5879408017333283,-0.6429091354294858,5,3
mp-684731,Ti13S24,<PROJECT_ROOT>/external_datasets/functional_protocol_round4_widechem_boost/meta_gga_r2scan/cif/mp-684731.cif,train,-1.511174049031532,-6.7682771424989445,-1.499090572049787,-1.4999180979551952,-1.7140164578015429,37,2
mp-1207857,Y6Ta4Al43,<PROJECT_ROOT>/external_datasets/functional_protocol_round4_widechem_boost/meta_gga_r2scan/cif/mp-1207857.cif,train,-0.3348803938553447,-4.9743951761497645,-0.3264579034575829,-0.327255288710143,-0.5335556276177796,106,3
mp-31480,Ca3(GaPd)2,<PROJECT_ROOT>/external_datasets/functional_protocol_round4_widechem_boost/meta_gga_r2scan/cif/mp-31480.cif,train,-0.7414815385714307,-3.913122177124024,-0.7731150009873997,-0.7734125408042445,-0.8503923505729024,28,3
mp-681,EuZn2,<PROJECT_ROOT>/external_datasets/functional_protocol_round4_widechem_boost/meta_gga_r2scan/cif/mp-681.cif,train,-0.3154095099999996,-4.562705993652344,-0.3368688930311503,-0.3369803904757109,-0.3658271248838883,6,2
mp-1221498,Mo2C,<PROJECT_ROOT>/external_datasets/functional_protocol_round4_widechem_boost/meta_gga_r2scan/cif/mp-1221498.cif,train,-0.0762856866666676,-10.35020637512207,-0.2748422474026029,-0.272674732574278,0.288106950096445,3,2
mp-542233,Rb3As11,<PROJECT_ROOT>/external_datasets/functional_protocol_round4_widechem_boost/meta_gga_r2scan/cif/mp-542233.cif,train,-0.3529685204464284,-4.138841084071568,-0.3947193140464948,-0.3954901944466416,-0.5949331704709433,56,2
mp-1187880,YTm3,<PROJECT_ROOT>/external_datasets/functional_protocol_round4_widechem_boost/meta_gga_r2scan/cif/mp-1187880.cif,train,0.0152994262499959,-4.969125270843506,-0.0786117772971453,-0.0816021236786568,-0.8552676385346183,8,2
mp-567290,LaN,<PROJECT_ROOT>/external_datasets/functional_protocol_round4_widechem_boost/meta_gga_r2scan/cif/mp-567290.cif,train,-1.5589625843749992,-7.955745697021484,-1.5165177089619035,-1.5154804166599902,-1.2471110773183105,4,2
mp-1187233,TaGeRu2,<PROJECT_ROOT>/external_datasets/functional_protocol_round4_widechem_boost/meta_gga_r2scan/cif/mp-1187233.cif,train,-0.3399511693333359,-9.059388160705566,-0.2875077607570304,-0.2881545483818053,-0.4554921129598936,4,3
mp-2901370,Gd2CdSe4,<PROJECT_ROOT>/external_datasets/functional_protocol_round4_widechem_boost/meta_gga_r2scan/cif/mp-2901370.cif,train,-1.6999005930357174,-7.626547132219587,-1.6022102932172624,-1.6002891078530732,-1.1032380394211088,14,3
mp-636253,GdCu5,<PROJECT_ROOT>/external_datasets/functional_protocol_round4_widechem_boost/meta_gga_r2scan/cif/mp-636253.cif,train,-0.165827425000001,-5.9365495045979815,-0.1684309748547505,-0.1678821564359527,-0.0258912863602909,6,2
mp-1205619,Nd2CdRh2,<PROJECT_ROOT>/external_datasets/functional_protocol_round4_widechem_boost/meta_gga_r2scan/cif/mp-1205619.cif,train,-0.6380733829999997,-5.627726745605469,-0.6553723515486842,-0.6556345727511506,-0.7234767140047813,10,3
mp-1189962,PrScS3,<PROJECT_ROOT>/external_datasets/functional_protocol_round4_widechem_boost/meta_gga_r2scan/cif/mp-1189962.cif,train,-2.2955367500208297,-6.704912567138672,-2.185619984737272,-2.1827667239649724,-1.4445681399892547,20,3
mp-862715,Al2PdRu,<PROJECT_ROOT>/external_datasets/functional_protocol_round4_widechem_boost/meta_gga_r2scan/cif/mp-862715.cif,train,-0.8579669187500016,-6.288878440856934,-0.8162841606971147,-0.8147659177552562,-0.4219645304165819,4,3
mp-1225072,Er2CuNi,<PROJECT_ROOT>/external_datasets/functional_protocol_round4_widechem_boost/meta_gga_r2scan/cif/mp-1225072.cif,train,-0.3721186566666681,-5.136545181274414,-0.446931084202669,-0.4476041482654773,-0.6217399801215857,4,3
mp-1213064,Dy7Co6Sn23,<PROJECT_ROOT>/external_datasets/functional_protocol_round4_widechem_boost/meta_gga_r2scan/cif/mp-1213064.cif,train,-0.367203223472223,-5.0479787190755205,-0.4059642402330823,-0.4056680347512875,-0.3290334455340297,36,3
mp-556937,Y2(MoO4)3,<PROJECT_ROOT>/external_datasets/functional_protocol_round4_widechem_boost/meta_gga_r2scan/cif/mp-556937.cif,train,-2.753680536764705,-7.770978142233456,-2.119757074221047,-2.120961457639985,-2.4325607839433454,68,3
mp-2795,ZrC,<PROJECT_ROOT>/external_datasets/functional_protocol_round4_widechem_boost/meta_gga_r2scan/cif/mp-2795.cif,train,-1.0136533575000009,-9.69028091430664,-0.8696403807586304,-0.8681342630160911,-0.4784699198082178,2,2
mp-1222614,Li2PdPb,<PROJECT_ROOT>/external_datasets/functional_protocol_round4_widechem_boost/meta_gga_r2scan/cif/mp-1222614.cif,train,-0.4753096033333364,-3.606506109237671,-0.483274836714191,-0.4831853227203453,-0.4600261694444036,4,3
mp-1205829,TbMgAg,<PROJECT_ROOT>/external_datasets/functional_protocol_round4_widechem_boost/meta_gga_r2scan/cif/mp-1205829.cif,train,-0.2862262922222227,-3.290257347954644,-0.2701712734777661,-0.2698572005548802,-0.1885999284590412,9,3
mp-1213389,CsLu(TaBr3)6,<PROJECT_ROOT>/external_datasets/functional_protocol_round4_widechem_boost/meta_gga_r2scan/cif/mp-1213389.cif,train,-1.3006559734871836,-5.194629375751202,-1.278186210381932,-1.2788730606045862,-1.4565756620231174,52,4
mp-1188531,Zr5CuPb3,<PROJECT_ROOT>/external_datasets/functional_protocol_round4_widechem_boost/meta_gga_r2scan/cif/mp-1188531.cif,train,-0.3915207649999956,-6.72673839992947,-0.3588404538930918,-0.359394959950353,-0.5028573417449094,18,3
mp-37859,Sr(PrSe2)2,<PROJECT_ROOT>/external_datasets/functional_protocol_round4_widechem_boost/meta_gga_r2scan/cif/mp-37859.cif,train,-2.246160954226188,-5.546231951032366,-2.104418959482378,-2.101293209590657,-1.2925959582517768,14,3
mp-705358,Mo2P3O13,<PROJECT_ROOT>/external_datasets/functional_protocol_round4_widechem_boost/meta_gga_r2scan/cif/mp-705358.cif,train,-2.2355839465376985,-7.154394361707899,-1.9686539118358135,-1.9709117077799991,-2.555051014315271,36,3
mp-600576,GdFeO3,<PROJECT_ROOT>/external_datasets/functional_protocol_round4_widechem_boost/meta_gga_r2scan/cif/mp-600576.cif,train,-2.717399392750002,-9.402327728271484,-2.3328025924357494,-2.332151601291451,-2.1637264977880264,20,3
mp-1185850,MgCdPd2,<PROJECT_ROOT>/external_datasets/functional_protocol_round4_widechem_boost/meta_gga_r2scan/cif/mp-1185850.cif,train,-0.5655909887499995,-3.789503574371338,-0.5599387666582505,-0.5586876542041761,-0.2349985435019843,4,3
mp-31361,EuIBr,<PROJECT_ROOT>/external_datasets/functional_protocol_round4_widechem_boost/meta_gga_r2scan/cif/mp-31361.cif,train,-2.114712289166666,-6.298870086669922,-1.9866601450726948,-1.9840546957293617,-1.3099701414797404,12,3
mp-8018,K2RhF6,<PROJECT_ROOT>/external_datasets/functional_protocol_round4_widechem_boost/meta_gga_r2scan/cif/mp-8018.cif,train,-2.428892680833333,-4.49919933742947,-2.4867867937777857,-2.4879603509484705,-2.7915842783574853,9,3
mp-38970,Ga2Te3,<PROJECT_ROOT>/external_datasets/functional_protocol_round4_widechem_boost/meta_gga_r2scan/cif/mp-38970.cif,train,-0.4022364190000019,-3.4127262115478514,-0.3653588960157292,-0.3658739855221,-0.499138476420305,10,2
mp-1222337,LiGdS2,<PROJECT_ROOT>/external_datasets/functional_protocol_round4_widechem_boost/meta_gga_r2scan/cif/mp-1222337.cif,train,-1.997441225572916,-7.83130407333374,-1.9357928588594184,-1.9334803036157,-1.335173614346377,4,3
mp-11433,ErGaCo,<PROJECT_ROOT>/external_datasets/functional_protocol_round4_widechem_boost/meta_gga_r2scan/cif/mp-11433.cif,train,-0.4321526694444462,-5.394546508789063,-0.540789234599484,-0.5403196563639323,-0.4188298886182547,12,3
mp-1183658,Cd3Bi,<PROJECT_ROOT>/external_datasets/functional_protocol_round4_widechem_boost/meta_gga_r2scan/cif/mp-1183658.cif,train,0.1037200637499999,-1.5917181968688965,0.0657670674756607,0.0657918858161341,0.0722129125844722,4,2
mp-864931,MgCo2,<PROJECT_ROOT>/external_datasets/functional_protocol_round4_widechem_boost/meta_gga_r2scan/cif/mp-864931.cif,train,0.0180792174999986,-5.301448822021484,-0.0346832711390385,-0.0336402496970658,0.2362113386983881,12,2
mp-862815,LiScAu2,<PROJECT_ROOT>/external_datasets/functional_protocol_round4_widechem_boost/meta_gga_r2scan/cif/mp-862815.cif,train,-0.7306360679166666,-4.386753559112549,-0.7445283115160151,-0.7441072688339245,-0.6351746697611448,4,3
mp-24119,Ca2HN,<PROJECT_ROOT>/external_datasets/functional_protocol_round4_widechem_boost/meta_gga_r2scan/cif/mp-24119.cif,train,-0.9456374556250003,-4.721402168273926,-0.921542146338406,-0.9217735065941142,-0.9816312717311518,16,3
mp-1195778,K2Mn3(AsO4)3,<PROJECT_ROOT>/external_datasets/functional_protocol_round4_widechem_boost/meta_gga_r2scan/cif/mp-1195778.cif,train,-1.823649076422413,-6.455208587646484,-1.8233887961058928,-1.8249898622814344,-2.2392193624730146,40,4
mp-971738,ZnCuNi2,<PROJECT_ROOT>/external_datasets/functional_protocol_round4_widechem_boost/meta_gga_r2scan/cif/mp-971738.cif,train,-0.0965020987500011,-4.337518215179443,-0.1339824450797753,-0.1336545401976812,-0.0488186492805293,4,3
mp-864892,NdAgAu2,<PROJECT_ROOT>/external_datasets/functional_protocol_round4_widechem_boost/meta_gga_r2scan/cif/mp-864892.cif,train,-0.6228456131249942,-4.104093074798584,-0.594105553588872,-0.5931706242015595,-0.3512847242083256,4,3
mp-3427,LiAlO2,<PROJECT_ROOT>/external_datasets/functional_protocol_round4_widechem_boost/meta_gga_r2scan/cif/mp-3427.cif,train,-3.004455619791667,-6.619891166687012,-3.082006146507047,-3.0779391580412225,-2.025723687350478,16,3
mp-30366,Ca3Au,<PROJECT_ROOT>/external_datasets/functional_protocol_round4_widechem_boost/meta_gga_r2scan/cif/mp-30366.cif,train,-0.5012645812500018,-2.807671070098877,-0.6094396984567751,-0.6114645813371036,-1.1353443786137702,16,2
mp-867911,ScCdPd2,<PROJECT_ROOT>/external_datasets/functional_protocol_round4_widechem_boost/meta_gga_r2scan/cif/mp-867911.cif,train,-0.7375585987500024,-5.124802112579346,-0.7283334281741816,-0.7275191823765024,-0.5168566657549856,4,3
mp-5382,Sc6Si7Ni16,<PROJECT_ROOT>/external_datasets/functional_protocol_round4_widechem_boost/meta_gga_r2scan/cif/mp-5382.cif,train,-0.7555337484482759,-6.5667308938914335,-0.7724266257520851,-0.7714573780597496,-0.5206926106213767,29,3
mp-23363,NaAlCl4,<PROJECT_ROOT>/external_datasets/functional_protocol_round4_widechem_boost/meta_gga_r2scan/cif/mp-23363.cif,train,-1.8538959725000008,-3.72747008005778,-1.8386953127961452,-1.8373494101951264,-1.4891360944390466,24,3
mp-1186692,PmSmIn2,<PROJECT_ROOT>/external_datasets/functional_protocol_round4_widechem_boost/meta_gga_r2scan/cif/mp-1186692.cif,train,-0.6259891643749995,-4.228660583496094,-0.5948614374382966,-0.5947681352635676,-0.5706288999256302,4,3
mp-864836,Dy2Ni12P7,<PROJECT_ROOT>/external_datasets/functional_protocol_round4_widechem_boost/meta_gga_r2scan/cif/mp-864836.cif,train,-0.8008753821825394,-6.3125188918340776,-0.8109451368957616,-0.8097005706786744,-0.4877051092015417,21,3
mp-865436,Gd2IrRh,<PROJECT_ROOT>/external_datasets/functional_protocol_round4_widechem_boost/meta_gga_r2scan/cif/mp-865436.cif,train,-0.8129959575000001,-11.874800682067873,-0.8215543525328091,-0.8214348622139607,-0.7905202030912352,4,3
mp-10386,Sm3CrSe6,<PROJECT_ROOT>/external_datasets/functional_protocol_round4_widechem_boost/meta_gga_r2scan/cif/mp-10386.cif,train,-1.8580732744374984,-6.019590759277344,-1.7454612342610645,-1.743742151511002,-1.2989792808534149,40,3
mp-1190647,Ge3F8,<PROJECT_ROOT>/external_datasets/functional_protocol_round4_widechem_boost/meta_gga_r2scan/cif/mp-1190647.cif,train,-2.356915264090909,-4.840290416370738,-2.529247165057896,-2.53073275229064,-2.9150854207209957,22,2
mp-979910,VCuRh2,<PROJECT_ROOT>/external_datasets/functional_protocol_round4_widechem_boost/meta_gga_r2scan/cif/mp-979910.cif,train,-0.3220753224999981,-7.242354393005371,-0.4220880107947913,-0.4222232415450131,-0.4572102813882739,4,3
mp-1192628,Ba2V3HO9,<PROJECT_ROOT>/external_datasets/functional_protocol_round4_widechem_boost/meta_gga_r2scan/cif/mp-1192628.cif,train,-2.7722081334999986,-7.216218566894531,-2.45313164696572,-2.4528285084085644,-2.3744001867474767,30,4
mp-1186672,PmYZn2,<PROJECT_ROOT>/external_datasets/functional_protocol_round4_widechem_boost/meta_gga_r2scan/cif/mp-1186672.cif,train,-0.3636729843750004,-3.773573398590088,-0.3847364566670648,-0.3845838386777771,-0.3450983543267373,4,3
mp-1009594,Pr,<PROJECT_ROOT>/external_datasets/functional_protocol_round4_widechem_boost/meta_gga_r2scan/cif/mp-1009594.cif,train,0.0469406033333363,-4.74398946762085,-0.0373765628343667,-0.0402850707979727,-0.7927772653583434,2,1
mp-1379819,Y2Fe2O7,<PROJECT_ROOT>/external_datasets/functional_protocol_round4_widechem_boost/meta_gga_r2scan/cif/mp-1379819.cif,train,-2.5943609264772736,-7.580304232510653,-2.1574557912526284,-2.157784976559949,-2.242952140418809,22,3
mp-19357,LaCrO3,<PROJECT_ROOT>/external_datasets/functional_protocol_round4_widechem_boost/meta_gga_r2scan/cif/mp-19357.cif,train,-3.189392680250001,-8.227838134765625,-2.8171897726080752,-2.8152156529966765,-2.3044693812677277,10,3
mp-17,Cr,<PROJECT_ROOT>/external_datasets/functional_protocol_round4_widechem_boost/meta_gga_r2scan/cif/mp-17.cif,train,0.357538657500001,-9.56248664855957,-0.2579440085098987,-0.2566495491137859,0.0782543273455008,8,1
mp-15988,Li2CuSb,<PROJECT_ROOT>/external_datasets/functional_protocol_round4_widechem_boost/meta_gga_r2scan/cif/mp-15988.cif,train,-0.485565228333332,-3.4358513355255127,-0.4878742473564839,-0.4877041637732038,-0.4436999628194513,4,3
mp-1205167,Na3LiY3P3CO15F2,<PROJECT_ROOT>/external_datasets/functional_protocol_round4_widechem_boost/meta_gga_r2scan/cif/mp-1205167.cif,train,-2.9866225951551875,-7.321509769984654,-3.124932236618005,-3.121996756882555,-2.362526397558251,112,7
mp-22302,ZrVP,<PROJECT_ROOT>/external_datasets/functional_protocol_round4_widechem_boost/meta_gga_r2scan/cif/mp-22302.cif,train,-1.2041401134920615,-8.785395304361979,-1.3407725298412263,-1.3388566445425942,-0.8431768145702003,12,3
mp-607409,Hf5CuPb3,<PROJECT_ROOT>/external_datasets/functional_protocol_round4_widechem_boost/meta_gga_r2scan/cif/mp-607409.cif,train,-0.16909584777777,-7.31352064344618,-0.1212518267233377,-0.1241750349360044,-0.8804704931713352,18,3
mp-1206778,NdSiPt3,<PROJECT_ROOT>/external_datasets/functional_protocol_round4_widechem_boost/meta_gga_r2scan/cif/mp-1206778.cif,train,-1.1658904604999976,-6.739141845703125,-1.1263351281997478,-1.1256311948282305,-0.9435088234327746,5,3
mp-560851,CsIOF4,<PROJECT_ROOT>/external_datasets/functional_protocol_round4_widechem_boost/meta_gga_r2scan/cif/mp-560851.cif,train,-1.9038985580357124,-3.9351512363978793,-2.18907859813632,-2.1920007367906784,-2.9480194777871844,28,4
mp-1235023,LiZn2(FeO2)4,<PROJECT_ROOT>/external_datasets/functional_protocol_round4_widechem_boost/meta_gga_r2scan/cif/mp-1235023.cif,train,-1.5689242211111112,-5.823930867513021,-1.014922288192273,-1.0178552024961345,-1.776661830697259,15,4
mp-28650,CsBr2F,<PROJECT_ROOT>/external_datasets/functional_protocol_round4_widechem_boost/meta_gga_r2scan/cif/mp-28650.cif,train,-1.49047331375,-2.877664566040039,-1.6197085607054331,-1.6211682709438175,-1.9988260165806808,4,3
mp-600023,SiO2,<PROJECT_ROOT>/external_datasets/functional_protocol_round4_widechem_boost/meta_gga_r2scan/cif/mp-600023.cif,train,-3.0150424275,-7.895099385579427,-3.181225195007987,-3.1787520687152204,-2.538902271241138,30,2
mp-1183143,AlPd3,<PROJECT_ROOT>/external_datasets/functional_protocol_round4_widechem_boost/meta_gga_r2scan/cif/mp-1183143.cif,train,-0.6016243325000019,-5.4248528480529785,-0.595097018913826,-0.594689730146766,-0.489315558240554,4,2
mp-24041,MgH2SO5,<PROJECT_ROOT>/external_datasets/functional_protocol_round4_widechem_boost/meta_gga_r2scan/cif/mp-24041.cif,train,-1.8151011882291657,-5.806385464138455,-2.0382269464891216,-2.0384068954329493,-2.0849634726758026,18,4
mp-1104293,K2AgF4,<PROJECT_ROOT>/external_datasets/functional_protocol_round4_widechem_boost/meta_gga_r2scan/cif/mp-1104293.cif,train,-2.292313873928572,-3.889300755092076,-2.341883443050064,-2.341887063260871,-2.342823687953053,14,3
mp-7089,KMgSb,<PROJECT_ROOT>/external_datasets/functional_protocol_round4_widechem_boost/meta_gga_r2scan/cif/mp-7089.cif,train,-0.735152432916666,-2.8646958669026694,-0.5824942877189221,-0.5814369023081749,-0.3078690530252236,6,3
mp-1072037,HoCuGe,<PROJECT_ROOT>/external_datasets/functional_protocol_round4_widechem_boost/meta_gga_r2scan/cif/mp-1072037.cif,train,-0.7612440583333324,-5.110041936238607,-0.7015809222086542,-0.7008134126075252,-0.5022425331961464,6,3
mp-706630,B5H7,<PROJECT_ROOT>/external_datasets/functional_protocol_round4_widechem_boost/meta_gga_r2scan/cif/mp-706630.cif,train,-0.0952646286458331,-4.845621744791667,-0.042748098485327,-0.0436419395843614,-0.2748974350745876,96,2
mp-1401720,CaVF5,<PROJECT_ROOT>/external_datasets/functional_protocol_round4_widechem_boost/meta_gga_r2scan/cif/mp-1401720.cif,train,-3.6571934221428566,-6.025448390415737,-3.52527138821531,-3.5233827275105645,-3.0347464726754603,14,3
mp-755311,NaLuO2,<PROJECT_ROOT>/external_datasets/functional_protocol_round4_widechem_boost/meta_gga_r2scan/cif/mp-755311.cif,train,-3.2045370985416657,-6.82967472076416,-3.269290502717864,-3.2648574583005,-2.1179356124791715,4,3
mp-1185843,MgAlNi2,<PROJECT_ROOT>/external_datasets/functional_protocol_round4_widechem_boost/meta_gga_r2scan/cif/mp-1185843.cif,train,-0.3949677212499995,-4.639304161071777,-0.434256312456232,-0.4333494891824454,-0.1987352320069817,4,3
mp-559360,SiO2,<PROJECT_ROOT>/external_datasets/functional_protocol_round4_widechem_boost/meta_gga_r2scan/cif/mp-559360.cif,train,-3.020798336666666,-7.899935404459636,-3.186061213888196,-3.1835694675446677,-2.538902271241138,72,2
mp-980760,SmNiGe2,<PROJECT_ROOT>/external_datasets/functional_protocol_round4_widechem_boost/meta_gga_r2scan/cif/mp-980760.cif,train,-0.7866103275,-5.668935298919678,-0.7583607257481964,-0.7578228419912385,-0.6186609989505913,8,3
mp-1192934,Tb6Cu23,<PROJECT_ROOT>/external_datasets/functional_protocol_round4_widechem_boost/meta_gga_r2scan/cif/mp-1192934.cif,train,-0.1917588031034491,-4.392169294686153,-0.1963029100968638,-0.195790609294189,-0.0632476147067581,29,2
mp-23390,RbCdCl3,<PROJECT_ROOT>/external_datasets/functional_protocol_round4_widechem_boost/meta_gga_r2scan/cif/mp-23390.cif,train,-1.6768408377499997,-2.9429128646850584,-1.6172843292378491,-1.6161145913808266,-1.3134788007602236,20,3
mp-1193099,Ba(YSe2)2,<PROJECT_ROOT>/external_datasets/functional_protocol_round4_widechem_boost/meta_gga_r2scan/cif/mp-1193099.cif,train,-2.2932004119642864,-6.101172855922154,-2.1404576823579577,-2.137157400161501,-1.28330497006669,28,3
mp-1191899,DyVB4,<PROJECT_ROOT>/external_datasets/functional_protocol_round4_widechem_boost/meta_gga_r2scan/cif/mp-1191899.cif,train,-0.7734452662500004,-7.4443009694417315,-0.7860339332700716,-0.7858700519184572,-0.7434704987906323,24,3
mp-28912,MnInBr3,<PROJECT_ROOT>/external_datasets/functional_protocol_round4_widechem_boost/meta_gga_r2scan/cif/mp-28912.cif,train,-1.0814580273965504,-4.114661407470703,-1.0873646096653666,-1.087469733454654,-1.1146674691637324,20,3
mp-5676,MnSbPt,<PROJECT_ROOT>/external_datasets/functional_protocol_round4_widechem_boost/meta_gga_r2scan/cif/mp-5676.cif,train,-0.6677078281609141,-6.817282358805339,-0.6771691158674189,-0.6765107763626164,-0.5061844974142136,3,3
mp-3676,MgCu4Sn,<PROJECT_ROOT>/external_datasets/functional_protocol_round4_widechem_boost/meta_gga_r2scan/cif/mp-3676.cif,train,-0.1140599741666671,-3.788414319356282,-0.1005820067798741,-0.0999146519187572,0.0727440893584122,6,3
mp-24683,RbZn2P2HO8,<PROJECT_ROOT>/external_datasets/functional_protocol_round4_widechem_boost/meta_gga_r2scan/cif/mp-24683.cif,train,-2.161257607210885,-6.064470563616071,-2.338914610380409,-2.338048205980696,-2.1138911617982963,28,5
mp-17986,TiTl2O3,<PROJECT_ROOT>/external_datasets/functional_protocol_round4_widechem_boost/meta_gga_r2scan/cif/mp-17986.cif,train,-2.0732011979861134,-6.484855016072591,-2.2371091079675054,-2.235679520413667,-1.8658151469382809,24,3
mp-504769,N2O5,<PROJECT_ROOT>/external_datasets/functional_protocol_round4_widechem_boost/meta_gga_r2scan/cif/mp-504769.cif,train,-0.061061705892858,-6.012517656598773,-0.6192461144724231,-0.6274392572049363,-2.74717763587565,14,2
mp-1102911,SrF2,<PROJECT_ROOT>/external_datasets/functional_protocol_round4_widechem_boost/meta_gga_r2scan/cif/mp-1102911.cif,train,-4.182153613333334,-5.708510716756185,-4.246598692323494,-4.242221463263092,-3.109740224440002,12,2
mp-977475,ZrInPd2,<PROJECT_ROOT>/external_datasets/functional_protocol_round4_widechem_boost/meta_gga_r2scan/cif/mp-977475.cif,train,-0.7542684887499966,-6.10064172744751,-0.7400577088127536,-0.7393626425258866,-0.5595343724590863,4,3
mp-3532,CrAgSe2,<PROJECT_ROOT>/external_datasets/functional_protocol_round4_widechem_boost/meta_gga_r2scan/cif/mp-3532.cif,train,-0.5749371882812468,-5.216745853424072,-0.5219516166456284,-0.5223538484929744,-0.6264196888906114,4,3
mp-30413,TbPbAu,<PROJECT_ROOT>/external_datasets/functional_protocol_round4_widechem_boost/meta_gga_r2scan/cif/mp-30413.cif,train,-0.8409204366666643,-4.554727872212728,-0.725301288696409,-0.7236855811097742,-0.3056680398690379,3,3
mp-753890,Ni2H,<PROJECT_ROOT>/external_datasets/functional_protocol_round4_widechem_boost/meta_gga_r2scan/cif/mp-753890.cif,train,0.0388798037500007,-4.979570388793945,-0.0198782536976107,-0.0202530502838902,-0.1172208115168991,3,2
mp-600,YbAs,<PROJECT_ROOT>/external_datasets/functional_protocol_round4_widechem_boost/meta_gga_r2scan/cif/mp-600.cif,train,-1.765161173750002,-3.8234128952026367,-0.9418531583029912,-0.9403115006939152,-0.5414522463869171,2,2
mp-1183887,Eu2BiAu,<PROJECT_ROOT>/external_datasets/functional_protocol_round4_widechem_boost/meta_gga_r2scan/cif/mp-1183887.cif,train,-0.9755131437499998,-7.773026466369629,-0.8791234241695989,-0.877936568951597,-0.5708721569612241,4,3
mp-1106226,PrGe2Pt,<PROJECT_ROOT>/external_datasets/functional_protocol_round4_widechem_boost/meta_gga_r2scan/cif/mp-1106226.cif,train,-0.9696315541666642,-5.914490222930908,-0.9114057097071102,-0.9103772696498362,-0.6442981922055181,16,3
mp-1211446,Li7PSe6,<PROJECT_ROOT>/external_datasets/functional_protocol_round4_widechem_boost/meta_gga_r2scan/cif/mp-1211446.cif,train,-1.1184739101084185,-3.791272844587053,-1.1019181888094018,-1.1018968541646703,-1.0963771327484513,56,3
mp-1185525,Lu3Th,<PROJECT_ROOT>/external_datasets/functional_protocol_round4_widechem_boost/meta_gga_r2scan/cif/mp-1185525.cif,train,0.0223219887500079,-5.208220481872559,-0.0406573602999458,-0.0442161202572126,-0.9649421845050844,8,2
mp-1224184,HfZrB4,<PROJECT_ROOT>/external_datasets/functional_protocol_round4_widechem_boost/meta_gga_r2scan/cif/mp-1224184.cif,train,-1.0729125858333362,-8.538769404093424,-0.9916560351448878,-0.9914192305291084,-0.9301528949219836,6,3
mp-1077082,TbCdNi4,<PROJECT_ROOT>/external_datasets/functional_protocol_round4_widechem_boost/meta_gga_r2scan/cif/mp-1077082.cif,train,-0.3251257066666658,-5.126472155253093,-0.401454829240814,-0.4009385127849141,-0.2673565842332379,6,3
mp-20780,Tb(MnSn)6,<PROJECT_ROOT>/external_datasets/functional_protocol_round4_widechem_boost/meta_gga_r2scan/cif/mp-20780.cif,train,-0.2629917659151208,-6.522404010479267,-0.4461109759274881,-0.4456328357735941,-0.3219279196442302,13,3
mp-28064,SbS8Cl3,<PROJECT_ROOT>/external_datasets/functional_protocol_round4_widechem_boost/meta_gga_r2scan/cif/mp-28064.cif,train,-0.3166256079166665,-3.835205078125,-0.5144841203402404,-0.5190323557912047,-1.695756545200349,24,3
mp-10434,K2UTe3,<PROJECT_ROOT>/external_datasets/functional_protocol_round4_widechem_boost/meta_gga_r2scan/cif/mp-10434.cif,train,-1.260062227916663,-4.753135681152344,-1.0398424954891263,-1.0390299824071008,-0.8288157557854172,12,3
mp-1209563,PrAs2Pd3,<PROJECT_ROOT>/external_datasets/functional_protocol_round4_widechem_boost/meta_gga_r2scan/cif/mp-1209563.cif,train,-0.8870552155555598,-5.763306935628255,-0.8739981643448189,-0.8728118117991333,-0.5658774517089875,18,3
mp-755622,V2CoO6,<PROJECT_ROOT>/external_datasets/functional_protocol_round4_widechem_boost/meta_gga_r2scan/cif/mp-755622.cif,train,-2.178232073055557,-7.1717071533203125,-1.6133415644394145,-1.6162283673624869,-2.3631050113402208,18,3
mp-1027138,TeMoWSe2S,<PROJECT_ROOT>/external_datasets/functional_protocol_round4_widechem_boost/meta_gga_r2scan/cif/mp-1027138.cif,train,-0.5697702418229179,-6.864652633666992,-0.8773140373516011,-0.8768805396640591,-0.7647255686952809,12,5
mp-1208126,Tm12Al7Si,<PROJECT_ROOT>/external_datasets/functional_protocol_round4_widechem_boost/meta_gga_r2scan/cif/mp-1208126.cif,train,-0.4461337657500024,-4.647167205810547,-0.4316471084671214,-0.4328076627419941,-0.7330674674730481,40,3
mp-557915,AlPO4,<PROJECT_ROOT>/external_datasets/functional_protocol_round4_widechem_boost/meta_gga_r2scan/cif/mp-557915.cif,train,-2.8904608968849206,-7.471076117621528,-3.0703622830749917,-3.068099068898284,-2.482557951632738,36,3
mp-560901,PdSCl,<PROJECT_ROOT>/external_datasets/functional_protocol_round4_widechem_boost/meta_gga_r2scan/cif/mp-560901.cif,train,-0.4801983571875017,-4.112772623697917,-0.5556022553561206,-0.5588861948873767,-1.4085104337039775,48,3
mp-1018117,CeRh,<PROJECT_ROOT>/external_datasets/functional_protocol_round4_widechem_boost/meta_gga_r2scan/cif/mp-1018117.cif,train,-0.8046889199999967,-7.410335063934326,-0.8903471047636344,-0.8912294072605329,-1.1194996236284285,4,2
mp-1210420,Na3InF6,<PROJECT_ROOT>/external_datasets/functional_protocol_round4_widechem_boost/meta_gga_r2scan/cif/mp-1210420.cif,train,-2.932756415,-4.482008361816407,-3.012688099377244,-3.010782895453782,-2.5178665619282583,20,3
mp-651358,Ba2ErCl7,<PROJECT_ROOT>/external_datasets/functional_protocol_round4_widechem_boost/meta_gga_r2scan/cif/mp-651358.cif,train,-2.7111785808333337,-4.568730926513672,-2.63372694885495,-2.630558472240936,-1.810806919029866,40,3
mp-1226625,CeCuSi2Pd,<PROJECT_ROOT>/external_datasets/functional_protocol_round4_widechem_boost/meta_gga_r2scan/cif/mp-1226625.cif,train,-0.7742957220000022,-5.96063003540039,-0.7543351174036896,-0.754121203311791,-0.6987771277709169,5,4
mp-1095563,ScSiIr,<PROJECT_ROOT>/external_datasets/functional_protocol_round4_widechem_boost/meta_gga_r2scan/cif/mp-1095563.cif,train,-1.241402422499997,-8.015591303507486,-1.162230529294595,-1.1609036481066417,-0.8176115720487204,12,3
mp-541772,Bi4RuBr2,<PROJECT_ROOT>/external_datasets/functional_protocol_round4_widechem_boost/meta_gga_r2scan/cif/mp-541772.cif,train,-0.3474178628571524,-4.330654961722238,-0.3598185925828909,-0.3600011582224285,-0.4072347296855068,14,3
mp-1206769,Tm2MgNi2,<PROJECT_ROOT>/external_datasets/functional_protocol_round4_widechem_boost/meta_gga_r2scan/cif/mp-1206769.cif,train,-0.3709545640000016,-4.830509567260743,-0.4548314573357634,-0.4546903906489135,-0.4181934712347867,10,3
mp-504924,Cs2Te2O5,<PROJECT_ROOT>/external_datasets/functional_protocol_round4_widechem_boost/meta_gga_r2scan/cif/mp-504924.cif,train,-1.4870209012500009,-4.993841383192274,-1.7271938511205414,-1.7289450500869092,-2.18201706150996,72,3
mp-20869,GdTiGe,<PROJECT_ROOT>/external_datasets/functional_protocol_round4_widechem_boost/meta_gga_r2scan/cif/mp-20869.cif,train,-0.78148348055556,-9.547959645589192,-0.6823194135033663,-0.683526117584651,-0.995725848050128,6,3
mp-1218300,SrMn2(SiO5)2,<PROJECT_ROOT>/external_datasets/functional_protocol_round4_widechem_boost/meta_gga_r2scan/cif/mp-1218300.cif,train,-2.2727269550977005,-6.968291219075521,-2.140437108903388,-2.1419267919261227,-2.527339127392508,30,4
mp-1008728,Ni,<PROJECT_ROOT>/external_datasets/functional_protocol_round4_widechem_boost/meta_gga_r2scan/cif/mp-1008728.cif,train,0.1192592300000008,-5.674773693084717,0.0568468864039974,0.0559464379171172,-0.1770185277830028,1,1
mp-31330,NdInRh,<PROJECT_ROOT>/external_datasets/functional_protocol_round4_widechem_boost/meta_gga_r2scan/cif/mp-31330.cif,train,-0.7993434258333328,-5.660049862331814,-0.7861408878625618,-0.7856070961395645,-0.6475039483745684,9,3
mp-16808,La2(WO4)3,<PROJECT_ROOT>/external_datasets/functional_protocol_round4_widechem_boost/meta_gga_r2scan/cif/mp-16808.cif,train,-2.849459442058824,-7.835973403033088,-2.120287148241463,-2.121769759435092,-2.5053524639487508,34,3
mp-1182809,Cs,<PROJECT_ROOT>/external_datasets/functional_protocol_round4_widechem_boost/meta_gga_r2scan/cif/mp-1182809.cif,train,0.0242761599999994,-0.8559181690216064,-0.0176011011518104,-0.0203009196456633,-0.7188007583207237,4,1
mp-1078762,RbCu4Se3,<PROJECT_ROOT>/external_datasets/functional_protocol_round4_widechem_boost/meta_gga_r2scan/cif/mp-1078762.cif,train,-0.4503365935546881,-3.837768793106079,-0.4378375426226335,-0.4383003174483928,-0.5580298999632135,8,3
mp-1186232,NbTc2Sn,<PROJECT_ROOT>/external_datasets/functional_protocol_round4_widechem_boost/meta_gga_r2scan/cif/mp-1186232.cif,train,-0.2078986300000025,-8.871316909790039,-0.0988730780066724,-0.0983139499040541,0.0463442522493369,4,3
mp-1199056,RbGe,<PROJECT_ROOT>/external_datasets/functional_protocol_round4_widechem_boost/meta_gga_r2scan/cif/mp-1199056.cif,train,-0.2613204568750014,-2.973084688186645,-0.1865181397934101,-0.188041913990939,-0.5822743535262018,32,2
mp-601285,MnGaNi2,<PROJECT_ROOT>/external_datasets/functional_protocol_round4_widechem_boost/meta_gga_r2scan/cif/mp-601285.cif,train,-0.4268175011206878,-6.227843761444092,-0.5207054612572355,-0.5196880620486999,-0.2564654844418554,4,3
mp-1214538,BaNaGaF6,<PROJECT_ROOT>/external_datasets/functional_protocol_round4_widechem_boost/meta_gga_r2scan/cif/mp-1214538.cif,train,-3.380761974861111,-5.078785790337457,-3.4618531007128825,-3.459522190034453,-2.856466563685039,72,4
mp-578,GaAg2,<PROJECT_ROOT>/external_datasets/functional_protocol_round4_widechem_boost/meta_gga_r2scan/cif/mp-578.cif,train,-0.0203242644444432,-2.941539340549045,-0.0018348456481631,-0.0014441546102039,0.0996358356204358,9,2
mp-1018780,Li3SmBi2,<PROJECT_ROOT>/external_datasets/functional_protocol_round4_widechem_boost/meta_gga_r2scan/cif/mp-1018780.cif,train,-0.8249558166666683,-3.716472307840983,-0.7440484125977522,-0.7434343067163631,-0.5845521966367703,6,3
mp-867794,Sc2CuIr,<PROJECT_ROOT>/external_datasets/functional_protocol_round4_widechem_boost/meta_gga_r2scan/cif/mp-867794.cif,train,-0.7468807075000008,-7.103614807128906,-0.7386832129359986,-0.7383262507695125,-0.6459726291084674,4,3
mp-1219726,PrUS2,<PROJECT_ROOT>/external_datasets/functional_protocol_round4_widechem_boost/meta_gga_r2scan/cif/mp-1219726.cif,train,-1.9941629755729195,-7.734627723693848,-1.9126948522465632,-1.9113056816800444,-1.5518980330531178,4,3
mp-1095283,PAuO4,<PROJECT_ROOT>/external_datasets/functional_protocol_round4_widechem_boost/meta_gga_r2scan/cif/mp-1095283.cif,train,-1.451932065496031,-6.0287017822265625,-1.7089915748785875,-1.7118664808064148,-2.455665121847172,12,3
mp-567527,Eu(Al10V)2,<PROJECT_ROOT>/external_datasets/functional_protocol_round4_widechem_boost/meta_gga_r2scan/cif/mp-567527.cif,train,-0.2148340573913028,-4.693071779997452,-0.268132011240997,-0.2690459874710891,-0.5055108649141629,46,3
mp-9529,DyGeRh,<PROJECT_ROOT>/external_datasets/functional_protocol_round4_widechem_boost/meta_gga_r2scan/cif/mp-9529.cif,train,-1.0663777183333327,-6.50813102722168,-1.0247084162154332,-1.023769142354097,-0.7807592355352448,12,3
mp-754128,Ba3Hf2O7,<PROJECT_ROOT>/external_datasets/functional_protocol_round4_widechem_boost/meta_gga_r2scan/cif/mp-754128.cif,train,-3.5397485463541685,-8.263422648111979,-3.6433004604185673,-3.639618099321869,-2.6869138201914917,12,3
mp-13920,Ba(ZnSn)2,<PROJECT_ROOT>/external_datasets/functional_protocol_round4_widechem_boost/meta_gga_r2scan/cif/mp-13920.cif,train,-0.4433733690000025,-2.9040771484375,-0.4203881924330748,-0.4203673143498925,-0.4149657150351878,10,3
mp-1191026,YPS,<PROJECT_ROOT>/external_datasets/functional_protocol_round4_widechem_boost/meta_gga_r2scan/cif/mp-1191026.cif,train,-1.7858510660962306,-6.896320343017578,-1.6780916431604744,-1.6759487354435372,-1.1215334301335405,24,3
mp-28480,Sc2NCl2,<PROJECT_ROOT>/external_datasets/functional_protocol_round4_widechem_boost/meta_gga_r2scan/cif/mp-28480.cif,train,-2.20401722875,-6.920565032958985,-2.1411241391712856,-2.1384340641445148,-1.442455065363732,5,3
mp-1184972,Li2InBi,<PROJECT_ROOT>/external_datasets/functional_protocol_round4_widechem_boost/meta_gga_r2scan/cif/mp-1184972.cif,train,-0.4072137745833331,-2.967033863067627,-0.42610992468222,-0.4259777738878503,-0.3917875833933847,4,3
mp-865357,Zn3Pd,<PROJECT_ROOT>/external_datasets/functional_protocol_round4_widechem_boost/meta_gga_r2scan/cif/mp-865357.cif,train,-0.3648427487500001,-2.595941066741944,-0.3650741445428838,-0.3641529515351411,-0.1258209418999034,4,2
mp-1199487,MoH8(S2N)2,<PROJECT_ROOT>/external_datasets/functional_protocol_round4_widechem_boost/meta_gga_r2scan/cif/mp-1199487.cif,train,-0.4499802532499994,-5.138601684570313,-0.508880077057249,-0.5092177745591497,-0.5965872222421452,60,4
mp-1214474,BaFe2F7,<PROJECT_ROOT>/external_datasets/functional_protocol_round4_widechem_boost/meta_gga_r2scan/cif/mp-1214474.cif,train,-3.03851875175,-5.505442428588867,-2.659672958036576,-2.66014774193176,-2.7829843233337423,40,3
mp-755653,LiFeF5,<PROJECT_ROOT>/external_datasets/functional_protocol_round4_widechem_boost/meta_gga_r2scan/cif/mp-755653.cif,train,-2.4847166266666667,-4.62994875226702,-2.1652568714407248,-2.1677629548572206,-2.8161394535315623,14,3
mp-1190689,GdSi3Ni8,<PROJECT_ROOT>/external_datasets/functional_protocol_round4_widechem_boost/meta_gga_r2scan/cif/mp-1190689.cif,train,-0.5461204937500005,-6.94411023457845,-0.5743668136846773,-0.5736964408600436,-0.4002568889360043,24,3
mp-7236,Ho,<PROJECT_ROOT>/external_datasets/functional_protocol_round4_widechem_boost/meta_gga_r2scan/cif/mp-7236.cif,train,0.127856125000001,-4.429348945617676,0.0178832225969349,0.0130412046582284,-1.2396906944472883,1,1
mp-976135,PrEr3,<PROJECT_ROOT>/external_datasets/functional_protocol_round4_widechem_boost/meta_gga_r2scan/cif/mp-976135.cif,train,0.0661989120833297,-4.588287353515625,-0.0673810910327512,-0.071452422298857,-1.1247914667670469,4,2
mp-1094159,Li3Mg,<PROJECT_ROOT>/external_datasets/functional_protocol_round4_widechem_boost/meta_gga_r2scan/cif/mp-1094159.cif,train,-0.0223641137500001,-1.8601176738739007,-0.1108841687606176,-0.1128217904974713,-0.6141252942661788,4,2
mp-997051,PdAuO2,<PROJECT_ROOT>/external_datasets/functional_protocol_round4_widechem_boost/meta_gga_r2scan/cif/mp-997051.cif,train,-0.331662991874996,-4.799020767211914,-0.5306025826382328,-0.5358852478779372,-1.902621873352517,4,3
mp-733455,Li3H6Rh,<PROJECT_ROOT>/external_datasets/functional_protocol_round4_widechem_boost/meta_gga_r2scan/cif/mp-733455.cif,train,-0.4868940679999994,-3.74372787475586,-0.424749871802538,-0.4243339573999831,-0.3167281521500208,40,3
mp-1210257,Na3TiF6,<PROJECT_ROOT>/external_datasets/functional_protocol_round4_widechem_boost/meta_gga_r2scan/cif/mp-1210257.cif,train,-3.2704373736666668,-5.31054801940918,-3.3187147096202483,-3.3162004559687484,-2.66571014561989,20,3
mp-19790,Rh(OF3)2,<PROJECT_ROOT>/external_datasets/functional_protocol_round4_widechem_boost/meta_gga_r2scan/cif/mp-19790.cif,train,-1.0782094219444447,-4.13788816663954,-1.413133983590106,-1.4207808820778045,-3.399194383632747,9,3
mp-1024948,LuZn2,<PROJECT_ROOT>/external_datasets/functional_protocol_round4_widechem_boost/meta_gga_r2scan/cif/mp-1024948.cif,train,-0.4360903705555567,-2.7266270319620767,-0.4181388673293411,-0.4178265860104071,-0.3370328395466977,6,2
mp-581532,Cs3Fe4(PO4)5,<PROJECT_ROOT>/external_datasets/functional_protocol_round4_widechem_boost/meta_gga_r2scan/cif/mp-581532.cif,train,-2.2647216954650293,-6.7940874099731445,-2.1309258483127387,-2.131490518552865,-2.2775825882733227,128,4
mp-676306,Dy7(CuTe4)3,<PROJECT_ROOT>/external_datasets/functional_protocol_round4_widechem_boost/meta_gga_r2scan/cif/mp-676306.cif,train,-1.3360615115909076,-4.857576543634588,-1.2070146466175626,-1.2050123035846578,-0.6869640389969132,22,3
mp-1138,LiF,<PROJECT_ROOT>/external_datasets/functional_protocol_round4_widechem_boost/meta_gga_r2scan/cif/mp-1138.cif,train,-3.188945303333333,-4.846062660217285,-3.2381731978492434,-3.2347061249848297,-2.337701440399893,2,2
mp-1018040,MgSe,<PROJECT_ROOT>/external_datasets/functional_protocol_round4_widechem_boost/meta_gga_r2scan/cif/mp-1018040.cif,train,-1.4686255020312498,-3.798153162002564,-1.3399339081189496,-1.3375291058885015,-0.7153561806229194,4,2
mp-1079690,GdSiAg,<PROJECT_ROOT>/external_datasets/functional_protocol_round4_widechem_boost/meta_gga_r2scan/cif/mp-1079690.cif,train,-0.5885046999999999,-8.023178100585938,-0.5324729749177184,-0.5322692167938419,-0.479552703825161,9,3
mp-866299,ErTaOs2,<PROJECT_ROOT>/external_datasets/functional_protocol_round4_widechem_boost/meta_gga_r2scan/cif/mp-866299.cif,train,-0.3867165926666658,-9.999872207641602,-0.3332971574413896,-0.3338120212130926,-0.4670181098061182,4,3
mp-1111665,K2LiRhF6,<PROJECT_ROOT>/external_datasets/functional_protocol_round4_widechem_boost/meta_gga_r2scan/cif/mp-1111665.cif,train,-2.6677856684166663,-4.672695922851562,-2.682615569577941,-2.682278966579614,-2.595192690011743,10,4
mp-3648,Zn2CuAu,<PROJECT_ROOT>/external_datasets/functional_protocol_round4_widechem_boost/meta_gga_r2scan/cif/mp-3648.cif,train,-0.1527918349999986,-2.610388994216919,-0.151828368651679,-0.1513877005075157,-0.0373775815665251,4,3
mp-27854,TaCl4F,<PROJECT_ROOT>/external_datasets/functional_protocol_round4_widechem_boost/meta_gga_r2scan/cif/mp-27854.cif,train,-1.8954596378888908,-5.250654220581055,-1.9493082006704892,-1.9498492449347475,-2.0898287776901885,24,3
mp-2691,CdSe,<PROJECT_ROOT>/external_datasets/functional_protocol_round4_widechem_boost/meta_gga_r2scan/cif/mp-2691.cif,train,-0.749812134531247,-2.823251724243164,-0.7328100164106472,-0.7327423635973984,-0.7152391576407384,2,2
mp-18803,Na2WO4,<PROJECT_ROOT>/external_datasets/functional_protocol_round4_widechem_boost/meta_gga_r2scan/cif/mp-18803.cif,train,-2.327090242857143,-6.229593549455915,-1.7264931278498654,-1.7278683221196198,-2.0836600087675547,14,3
mp-780060,Hf2N2O,<PROJECT_ROOT>/external_datasets/functional_protocol_round4_widechem_boost/meta_gga_r2scan/cif/mp-780060.cif,train,-2.5684964495000004,-10.552042388916016,-2.497999121274584,-2.4954832824635664,-1.844582858003662,40,3
mp-1103787,Si7(Ni2Au)2,<PROJECT_ROOT>/external_datasets/functional_protocol_round4_widechem_boost/meta_gga_r2scan/cif/mp-1103787.cif,train,-0.3309634557692308,-5.529917790339543,-0.3026682580754247,-0.3035709150116137,-0.5371072530102007,13,3
mp-1209959,NaTm(Pd3O4)2,<PROJECT_ROOT>/external_datasets/functional_protocol_round4_widechem_boost/meta_gga_r2scan/cif/mp-1209959.cif,train,-1.3053751837500016,-5.868258476257324,-1.4131385559823748,-1.4153379716068135,-1.9843730613120851,16,4
mp-34185,Ca(PrS2)2,<PROJECT_ROOT>/external_datasets/functional_protocol_round4_widechem_boost/meta_gga_r2scan/cif/mp-34185.cif,train,-2.372946218511903,-6.083975110735212,-2.2667548182455555,-2.2635841413699245,-1.4432633341936525,14,3
mp-38494,Y4AsSe3,<PROJECT_ROOT>/external_datasets/functional_protocol_round4_widechem_boost/meta_gga_r2scan/cif/mp-38494.cif,train,-2.001360928710941,-6.871392250061035,-1.8820955439135707,-1.878714453556756,-1.003955252469104,8,3
mp-1183065,AcAg2Pb,<PROJECT_ROOT>/external_datasets/functional_protocol_round4_widechem_boost/meta_gga_r2scan/cif/mp-1183065.cif,train,-0.3113321943750051,-3.6595091819763184,-0.2689001272007445,-0.2672927901049844,0.1485591290612453,4,3
mp-1518414,BaEuYSnO6,<PROJECT_ROOT>/external_datasets/functional_protocol_round4_widechem_boost/meta_gga_r2scan/cif/mp-1518414.cif,train,-2.777081893249999,-7.728750610351563,-2.893256082756759,-2.891406505686594,-2.412882009294586,10,5
mp-862874,PmAgHg2,<PROJECT_ROOT>/external_datasets/functional_protocol_round4_widechem_boost/meta_gga_r2scan/cif/mp-862874.cif,train,-0.4218700618749977,-2.4087624549865723,-0.3581861051194677,-0.3570460222210156,-0.0620825932170464,4,3
mp-1192270,PuReB4,<PROJECT_ROOT>/external_datasets/functional_protocol_round4_widechem_boost/meta_gga_r2scan/cif/mp-1192270.cif,train,-0.5910450577083376,-9.416444142659506,-0.5470614135507521,-0.5474196564035845,-0.6401046185573857,24,3
mp-1545405,KCO3,<PROJECT_ROOT>/external_datasets/functional_protocol_round4_widechem_boost/meta_gga_r2scan/cif/mp-1545405.cif,train,-1.4798277354999982,-6.463040924072265,-1.8038179657553692,-1.8051230516186392,-2.1427762186810826,20,3
mp-1545923,Na,<PROJECT_ROOT>/external_datasets/functional_protocol_round4_widechem_boost/meta_gga_r2scan/cif/mp-1545923.cif,train,0.0066270775000001,-1.311191201210022,-0.1461317103544539,-0.1480997354338331,-0.6572692235241253,8,1
mp-1217620,Tb4Si3Ge,<PROJECT_ROOT>/external_datasets/functional_protocol_round4_widechem_boost/meta_gga_r2scan/cif/mp-1217620.cif,train,-0.9170097143749985,-5.759453773498535,-0.8461080890116346,-0.8460007793290458,-0.8182375070421043,8,3
mp-2901862,AuBr3N2,<PROJECT_ROOT>/external_datasets/functional_protocol_round4_widechem_boost/meta_gga_r2scan/cif/mp-2901862.cif,train,0.9180738999999984,-3.2244415283203125,0.7016404556352049,0.694023472749425,-1.276650233275962,6,3
mp-1105715,TiGeS3,<PROJECT_ROOT>/external_datasets/functional_protocol_round4_widechem_boost/meta_gga_r2scan/cif/mp-1105715.cif,train,-1.0020886635208328,-5.865641403198242,-1.040657307681255,-1.0423150529007188,-1.471208614070116,20,3
mp-29047,Tl3VO4,<PROJECT_ROOT>/external_datasets/functional_protocol_round4_widechem_boost/meta_gga_r2scan/cif/mp-29047.cif,train,-1.6672052893749978,-5.59739875793457,-1.498195004821782,-1.4988203241642966,-1.6606035925050493,8,3
mp-557730,Dy(PO3)3,<PROJECT_ROOT>/external_datasets/functional_protocol_round4_widechem_boost/meta_gga_r2scan/cif/mp-557730.cif,train,-2.7612947809752737,-7.556060791015625,-2.976699968113696,-2.9753940475906377,-2.6375249364840947,26,3
mp-1189177,P2S3,<PROJECT_ROOT>/external_datasets/functional_protocol_round4_widechem_boost/meta_gga_r2scan/cif/mp-1189177.cif,train,-0.1952271908779749,-4.7853954315185545,-0.3042120475055681,-0.3083955210923834,-1.3907481429983184,20,2
mp-753899,LiFe(CO3)2,<PROJECT_ROOT>/external_datasets/functional_protocol_round4_widechem_boost/meta_gga_r2scan/cif/mp-753899.cif,train,-1.6575922319166665,-7.116703796386719,-1.6679493190863657,-1.669444479150778,-2.0562738405106007,40,4
mp-644307,Ca(H2N)2,<PROJECT_ROOT>/external_datasets/functional_protocol_round4_widechem_boost/meta_gga_r2scan/cif/mp-644307.cif,train,-0.6896962625,-5.203835623604911,-0.6782796874631538,-0.6776554003381081,-0.5161391883925006,28,3
mp-11497,TbMg2,<PROJECT_ROOT>/external_datasets/functional_protocol_round4_widechem_boost/meta_gga_r2scan/cif/mp-11497.cif,train,-0.0893692450000003,-2.679598490397136,-0.0833188800434698,-0.0841143987035293,-0.2899318108654388,12,2
mp-1186436,Pm2CdHg,<PROJECT_ROOT>/external_datasets/functional_protocol_round4_widechem_boost/meta_gga_r2scan/cif/mp-1186436.cif,train,-0.4619457006250016,-3.0675690174102783,-0.4236231609015153,-0.4231112945424078,-0.2906806996459835,4,3
mp-1112345,Cs3TbCl6,<PROJECT_ROOT>/external_datasets/functional_protocol_round4_widechem_boost/meta_gga_r2scan/cif/mp-1112345.cif,train,-2.349155768499997,-3.954112243652344,-2.283620513642882,-2.2805241952497832,-1.4794414917348564,10,3
mp-1207629,YRhO3,<PROJECT_ROOT>/external_datasets/functional_protocol_round4_widechem_boost/meta_gga_r2scan/cif/mp-1207629.cif,train,-2.4654115027499985,-7.8645179748535154,-2.531705648687332,-2.530956878090353,-2.337234173254396,20,3
mp-14503,Er3CrB7,<PROJECT_ROOT>/external_datasets/functional_protocol_round4_widechem_boost/meta_gga_r2scan/cif/mp-14503.cif,train,-0.6922952075000007,-7.006535616787997,-0.6524768323072916,-0.6528592136673339,-0.7517893154152219,22,3
mp-861653,ThH3,<PROJECT_ROOT>/external_datasets/functional_protocol_round4_widechem_boost/meta_gga_r2scan/cif/mp-861653.cif,train,-0.491526979062499,-4.809821605682373,-0.4113691057202544,-0.410586731855366,-0.2081701547525339,4,2
mp-13082,Mn2CoSi,<PROJECT_ROOT>/external_datasets/functional_protocol_round4_widechem_boost/meta_gga_r2scan/cif/mp-13082.cif,train,-0.3874183409913776,-8.073476791381836,-0.7513513842850488,-0.7495050609467828,-0.2718223734489809,4,3
mp-1095378,AsAuO4,<PROJECT_ROOT>/external_datasets/functional_protocol_round4_widechem_boost/meta_gga_r2scan/cif/mp-1095378.cif,train,-0.8102871154166659,-5.306704203287761,-1.134980660893988,-1.139901402354897,-2.413000732701384,12,3
mp-11278,Ta2Be,<PROJECT_ROOT>/external_datasets/functional_protocol_round4_widechem_boost/meta_gga_r2scan/cif/mp-11278.cif,train,-0.1778315090555556,-9.30921490987142,-0.1019038239294563,-0.1039628198511524,-0.6366683785454902,6,2
mp-7716,SbTe,<PROJECT_ROOT>/external_datasets/functional_protocol_round4_widechem_boost/meta_gga_r2scan/cif/mp-7716.cif,train,-0.1039606941666638,-3.734506289164225,-0.1482340118657066,-0.1493399721550083,-0.4354751643580421,12,2
mp-1101448,NbVO4,<PROJECT_ROOT>/external_datasets/functional_protocol_round4_widechem_boost/meta_gga_r2scan/cif/mp-1101448.cif,train,-2.6930076049999983,-8.544499715169271,-2.5357758347844195,-2.5355327638094254,-2.472645189253159,12,3
mp-1211350,KTh2F9,<PROJECT_ROOT>/external_datasets/functional_protocol_round4_widechem_boost/meta_gga_r2scan/cif/mp-1211350.cif,train,-4.258511105729165,-6.70863405863444,-4.321563528515692,-4.316789213911659,-3.0815735917227696,48,3
mp-1217694,Tb2Ga3Cu,<PROJECT_ROOT>/external_datasets/functional_protocol_round4_widechem_boost/meta_gga_r2scan/cif/mp-1217694.cif,train,-0.6872499466666682,-4.335429509480794,-0.6323114318729366,-0.6316549771352351,-0.4618163270847656,6,3
mp-697168,MgH6(NCl)2,<PROJECT_ROOT>/external_datasets/functional_protocol_round4_widechem_boost/meta_gga_r2scan/cif/mp-697168.cif,train,-0.9158809654545452,-4.674002213911577,-0.9003820687189861,-0.8990417538995539,-0.5522741148088589,22,4
mp-19865,Ce(MgSi)2,<PROJECT_ROOT>/external_datasets/functional_protocol_round4_widechem_boost/meta_gga_r2scan/cif/mp-19865.cif,train,-0.471287332,-4.419864273071289,-0.4229190692730338,-0.4236819250780881,-0.621048769546388,5,3
mp-1095527,GdGeRh,<PROJECT_ROOT>/external_datasets/functional_protocol_round4_widechem_boost/meta_gga_r2scan/cif/mp-1095527.cif,train,-0.9833509116666668,-9.631561279296877,-0.944430475238306,-0.9434724259155968,-0.6956049122713723,12,3
mp-1078876,ErSnIr,<PROJECT_ROOT>/external_datasets/functional_protocol_round4_widechem_boost/meta_gga_r2scan/cif/mp-1078876.cif,train,-0.947921253333334,-6.656747182210286,-0.8976243740834446,-0.8967511095344474,-0.6708192004172768,9,3
mp-867264,Re3Os,<PROJECT_ROOT>/external_datasets/functional_protocol_round4_widechem_boost/meta_gga_r2scan/cif/mp-867264.cif,train,-0.0624447793749993,-12.192386627197266,-0.0120856712994843,-0.0103997696779893,0.4257784450015718,8,2
mp-865038,HfTaTc2,<PROJECT_ROOT>/external_datasets/functional_protocol_round4_widechem_boost/meta_gga_r2scan/cif/mp-865038.cif,train,-0.5649042718333348,-11.14302921295166,-0.4935581584881312,-0.4932349360026151,-0.409610479586198,4,3
mp-1094760,CeMg3,<PROJECT_ROOT>/external_datasets/functional_protocol_round4_widechem_boost/meta_gga_r2scan/cif/mp-1094760.cif,train,4.493624999923895e-05,-2.6526637077331543,-0.0022973105304733,-0.0036947463521634,-0.3652407903646467,8,2
mp-1213213,CsTm(WO4)2,<PROJECT_ROOT>/external_datasets/functional_protocol_round4_widechem_boost/meta_gga_r2scan/cif/mp-1213213.cif,train,-2.7306072208333325,-7.346201578776042,-2.0450158577897124,-2.0461717424837573,-2.3452234284243065,12,4
mp-1205726,Y2Co2I,<PROJECT_ROOT>/external_datasets/functional_protocol_round4_widechem_boost/meta_gga_r2scan/cif/mp-1205726.cif,train,-0.5943745804999991,-6.319999313354492,-0.6603716657235479,-0.6593631515372618,-0.3984393160950996,10,3
mp-2920,LaAlO3,<PROJECT_ROOT>/external_datasets/functional_protocol_round4_widechem_boost/meta_gga_r2scan/cif/mp-2920.cif,train,-3.664709340249999,-8.009548950195313,-3.714351489118746,-3.7093432322417934,-2.413601822756304,10,3
mp-30866,Rh3W,<PROJECT_ROOT>/external_datasets/functional_protocol_round4_widechem_boost/meta_gga_r2scan/cif/mp-30866.cif,train,-0.2690299074999984,-9.016794204711914,-0.540856391393163,-0.5404594186284513,-0.4377542135478367,8,2
mp-1177043,Li7Mn4(P2O7)4,<PROJECT_ROOT>/external_datasets/functional_protocol_round4_widechem_boost/meta_gga_r2scan/cif/mp-1177043.cif,train,-2.464977677625686,-6.996785914644282,-2.5273664035440424,-2.526551639976222,-2.315755165329733,94,4
mp-899,InRh,<PROJECT_ROOT>/external_datasets/functional_protocol_round4_widechem_boost/meta_gga_r2scan/cif/mp-899.cif,train,-0.4996034000000016,-5.455474853515625,-0.4727793161729634,-0.4725356248302752,-0.4094875481018625,2,2
mp-7277,Tl2GeS3,<PROJECT_ROOT>/external_datasets/functional_protocol_round4_widechem_boost/meta_gga_r2scan/cif/mp-7277.cif,train,-0.4968156447395842,-4.032483736673991,-0.5437163808998928,-0.5449222479338616,-0.8569054166528755,12,3
mp-1224615,GdDyNi2,<PROJECT_ROOT>/external_datasets/functional_protocol_round4_widechem_boost/meta_gga_r2scan/cif/mp-1224615.cif,train,-0.364157766249999,-7.985579967498779,-0.4902645134012857,-0.4908121979802606,-0.6325097198450017,4,3
mp-582423,Cs3Cu2Br5,<PROJECT_ROOT>/external_datasets/functional_protocol_round4_widechem_boost/meta_gga_r2scan/cif/mp-582423.cif,train,-1.3879526557499986,-3.1118045806884767,-1.3468392507696554,-1.3456602793223968,-1.0406355646678072,40,3
mp-1226716,CdAg,<PROJECT_ROOT>/external_datasets/functional_protocol_round4_widechem_boost/meta_gga_r2scan/cif/mp-1226716.cif,train,-0.0231914274999986,-1.8907268047332764,0.0068674462404341,0.007528738103443,0.1786188542272389,2,2
mp-16483,BaAl9Fe2,<PROJECT_ROOT>/external_datasets/functional_protocol_round4_widechem_boost/meta_gga_r2scan/cif/mp-16483.cif,train,-0.2526102670833327,-4.695888837178548,-0.3611830102393378,-0.3614294851497668,-0.4251977294096472,12,3
mp-553971,Rb3MnO3,<PROJECT_ROOT>/external_datasets/functional_protocol_round4_widechem_boost/meta_gga_r2scan/cif/mp-553971.cif,train,-1.6793430774261071,-4.9509686061314175,-1.5206067050412582,-1.5217545279215583,-1.818720453054887,28,3
mp-1189011,Ta3CrS6,<PROJECT_ROOT>/external_datasets/functional_protocol_round4_widechem_boost/meta_gga_r2scan/cif/mp-1189011.cif,train,-1.2344400433874996,-8.055542755126954,-1.2242479542408775,-1.2246256025831697,-1.322331173076317,20,3
mp-1211504,KPbI3,<PROJECT_ROOT>/external_datasets/functional_protocol_round4_widechem_boost/meta_gga_r2scan/cif/mp-1211504.cif,train,-1.1367689967499983,-2.8617345809936525,-1.0799116114489462,-1.0786223209618644,-0.7450557499969417,20,3
mp-aaaieivv,Ca2ScNbO6,<PROJECT_ROOT>/external_datasets/functional_protocol_round4_widechem_boost/meta_gga_r2scan/cif/mp-aaaieivv.cif,train,-3.2198412747500003,-7.9657470703125,-3.3488826982966327,-3.3456047831621403,-2.497539182514148,10,4
mp-1185368,LiMgIn2,<PROJECT_ROOT>/external_datasets/functional_protocol_round4_widechem_boost/meta_gga_r2scan/cif/mp-1185368.cif,train,-0.2304988179166649,-2.413549900054932,-0.2399144935598265,-0.2399938175923077,-0.2605166134720692,4,3
mp-1651,Th2Al,<PROJECT_ROOT>/external_datasets/functional_protocol_round4_widechem_boost/meta_gga_r2scan/cif/mp-1651.cif,train,-0.2624145599999868,-6.421279271443685,-0.2813137192862642,-0.2829861235251645,-0.715672281403169,6,2
mp-30215,Pr3MoO7,<PROJECT_ROOT>/external_datasets/functional_protocol_round4_widechem_boost/meta_gga_r2scan/cif/mp-30215.cif,train,-3.233793297386365,-7.962266401811079,-2.976785974591107,-2.9743752220967243,-2.3506628383798573,44,3
mp-12751,PuNi,<PROJECT_ROOT>/external_datasets/functional_protocol_round4_widechem_boost/meta_gga_r2scan/cif/mp-12751.cif,train,-0.2632504393749997,-10.143552780151367,-0.423732311619764,-0.4257424647285388,-0.9458113602604232,4,2
mp-1208308,Te2Cl,<PROJECT_ROOT>/external_datasets/functional_protocol_round4_widechem_boost/meta_gga_r2scan/cif/mp-1208308.cif,train,-0.2611462812500018,-2.951380729675293,-0.3695921857042097,-0.372190825367853,-1.0445135722300694,24,2
mp-865337,Lu2NiIr,<PROJECT_ROOT>/external_datasets/functional_protocol_round4_widechem_boost/meta_gga_r2scan/cif/mp-865337.cif,train,-0.8336542558333306,-6.688223838806152,-0.8455747939911635,-0.8449501302578204,-0.6833364818024645,4,3
mp-753304,Hg,<PROJECT_ROOT>/external_datasets/functional_protocol_round4_widechem_boost/meta_gga_r2scan/cif/mp-753304.cif,train,0.0225113724999985,-0.2732554972171783,0.0336683011895982,0.033579482679042,0.0106002655793591,1,1
mp-1183207,Ba2AgBi,<PROJECT_ROOT>/external_datasets/functional_protocol_round4_widechem_boost/meta_gga_r2scan/cif/mp-1183207.cif,train,-0.7250130675000008,-3.301419734954834,-0.6841170997152233,-0.6840490042680116,-0.6664312795991565,4,3
mp-647812,Cr(CO)6,<PROJECT_ROOT>/external_datasets/functional_protocol_round4_widechem_boost/meta_gga_r2scan/cif/mp-647812.cif,train,-0.7178346932692315,-7.662244356595552,-0.6931671337140655,-0.6962263231526187,-1.4877029850676018,52,3
mp-364,AlRh,<PROJECT_ROOT>/external_datasets/functional_protocol_round4_widechem_boost/meta_gga_r2scan/cif/mp-364.cif,train,-1.1774866100000008,-6.633725166320801,-1.1063327829731042,-1.1043176716103726,-0.5829659714946339,2,2
mp-642821,K3H5Pt,<PROJECT_ROOT>/external_datasets/functional_protocol_round4_widechem_boost/meta_gga_r2scan/cif/mp-642821.cif,train,-0.4410176094444438,-3.269767125447592,-0.3383910272895476,-0.3383396781563297,-0.325054577217308,18,3
mp-17794,HoGe2Ir,<PROJECT_ROOT>/external_datasets/functional_protocol_round4_widechem_boost/meta_gga_r2scan/cif/mp-17794.cif,train,-0.8839193918750006,-6.460954189300537,-0.8253987039466963,-0.8247606696336369,-0.6596877709300101,16,3
mp-2816,Nd2Tl,<PROJECT_ROOT>/external_datasets/functional_protocol_round4_widechem_boost/meta_gga_r2scan/cif/mp-2816.cif,train,-0.3924999266666636,-4.234043121337891,-0.3513677933242598,-0.3525037663413322,-0.6464038825791243,6,2
mp-29417,Na3ScBr6,<PROJECT_ROOT>/external_datasets/functional_protocol_round4_widechem_boost/meta_gga_r2scan/cif/mp-29417.cif,train,-1.8693517690000008,-3.6493988037109375,-1.84010759511236,-1.8381662686014977,-1.3359042618255734,20,3
mp-562435,Na10Co4O9,<PROJECT_ROOT>/external_datasets/functional_protocol_round4_widechem_boost/meta_gga_r2scan/cif/mp-562435.cif,train,-1.365867493858695,-4.6411570673403535,-1.2128922895104144,-1.2142226621832846,-1.5584180588322591,46,3
mp-567931,InSiTe3,<PROJECT_ROOT>/external_datasets/functional_protocol_round4_widechem_boost/meta_gga_r2scan/cif/mp-567931.cif,train,-0.3061957860000007,-3.727157211303711,-0.2576989534559541,-0.2587865460527085,-0.5401696298072616,10,3
mp-766425,Na5(WO3)7,<PROJECT_ROOT>/external_datasets/functional_protocol_round4_widechem_boost/meta_gga_r2scan/cif/mp-766425.cif,train,-2.315212289810609,-6.856937292850379,-1.4041093937812228,-1.4071453951315425,-2.192622810832648,33,3
mp-756935,Li3SbO3,<PROJECT_ROOT>/external_datasets/functional_protocol_round4_widechem_boost/meta_gga_r2scan/cif/mp-756935.cif,train,-1.9344593769642864,-5.286798749651227,-2.083239715391469,-2.0823555262131377,-1.8535971856506368,28,3
mp-865326,Lu2PdPt,<PROJECT_ROOT>/external_datasets/functional_protocol_round4_widechem_boost/meta_gga_r2scan/cif/mp-865326.cif,train,-1.2327482733333357,-6.223487854003906,-1.2117488451747862,-1.2103928761230591,-0.8595751578098609,4,3
mp-756506,V2NiO6,<PROJECT_ROOT>/external_datasets/functional_protocol_round4_widechem_boost/meta_gga_r2scan/cif/mp-756506.cif,train,-2.204231830277779,-6.901736365424262,-1.4937815205894704,-1.4973503047768777,-2.420669848230538,18,3
mp-1184543,GdLuAg2,<PROJECT_ROOT>/external_datasets/functional_protocol_round4_widechem_boost/meta_gga_r2scan/cif/mp-1184543.cif,train,-0.2932976816666652,-6.382402420043945,-0.3053895000865498,-0.3054707092081941,-0.3264812173224937,4,3
mp-566599,La(IO3)3,<PROJECT_ROOT>/external_datasets/functional_protocol_round4_widechem_boost/meta_gga_r2scan/cif/mp-566599.cif,train,-1.11943013471154,-5.160218850160256,-1.488391472348944,-1.4931428521543282,-2.72242475946637,78,3
mp-1105815,Nd(Co2B)6,<PROJECT_ROOT>/external_datasets/functional_protocol_round4_widechem_boost/meta_gga_r2scan/cif/mp-1105815.cif,train,-0.2522055796052628,-7.188719096936677,-0.338797644444015,-0.33769769328081,-0.0531171884086534,19,3
mp-2677,ScPd3,<PROJECT_ROOT>/external_datasets/functional_protocol_round4_widechem_boost/meta_gga_r2scan/cif/mp-2677.cif,train,-0.8618027037500013,-6.312175750732422,-0.8399225533523857,-0.8391824252230249,-0.6476957085603443,4,2
mp-18420,Er3CrS6,<PROJECT_ROOT>/external_datasets/functional_protocol_round4_widechem_boost/meta_gga_r2scan/cif/mp-18420.cif,train,-2.0260638484374995,-6.530498504638672,-1.94382854619676,-1.9418449250955607,-1.4286404180787116,40,3
mp-15968,Sm(CoSi)2,<PROJECT_ROOT>/external_datasets/functional_protocol_round4_widechem_boost/meta_gga_r2scan/cif/mp-15968.cif,train,-0.7336825300000015,-6.741417694091797,-0.7902999996229063,-0.7890877217297341,-0.4754459288750942,5,3
mp-7638,LiTa3O8,<PROJECT_ROOT>/external_datasets/functional_protocol_round4_widechem_boost/meta_gga_r2scan/cif/mp-7638.cif,train,-3.0438372078055544,-9.210955937703451,-3.1982062348472926,-3.195743260059049,-2.55851987035032,24,3
mp-19265,DyNiO3,<PROJECT_ROOT>/external_datasets/functional_protocol_round4_widechem_boost/meta_gga_r2scan/cif/mp-19265.cif,train,-2.5703983907499977,-6.602140808105469,-1.9745786925209543,-1.9759121117910776,-2.320895727238504,20,3
mp-755362,Sm2Se2O,<PROJECT_ROOT>/external_datasets/functional_protocol_round4_widechem_boost/meta_gga_r2scan/cif/mp-755362.cif,train,-2.782036471875,-6.734149169921875,-2.727109920723949,-2.723695455925358,-1.84030158467188,20,3
mp-1207015,Cs(PRu)2,<PROJECT_ROOT>/external_datasets/functional_protocol_round4_widechem_boost/meta_gga_r2scan/cif/mp-1207015.cif,train,-0.7290987031904763,-6.673112487792968,-0.647357853843479,-0.6470648207747463,-0.5712510015601664,5,3
mp-1106180,Re7B3,<PROJECT_ROOT>/external_datasets/functional_protocol_round4_widechem_boost/meta_gga_r2scan/cif/mp-1106180.cif,train,-0.2325397745000032,-10.934237670898437,-0.140262974691339,-0.1390703785888654,0.1694793209765771,20,2
mp-1225896,Er6Si11N20O,<PROJECT_ROOT>/external_datasets/functional_protocol_round4_widechem_boost/meta_gga_r2scan/cif/mp-1225896.cif,train,-1.7057344212828935,-8.248289409436678,-1.5826932473906714,-1.5808369122815886,-1.1005639690608968,76,4
mp-1221503,MnZnSe2,<PROJECT_ROOT>/external_datasets/functional_protocol_round4_widechem_boost/meta_gga_r2scan/cif/mp-1221503.cif,train,-0.8909832894019392,-4.887879371643066,-0.8468822299612171,-0.8467271200578415,-0.8065969251105041,4,3
mp-21733,Sr(InSe2)2,<PROJECT_ROOT>/external_datasets/functional_protocol_round4_widechem_boost/meta_gga_r2scan/cif/mp-21733.cif,train,-1.207148461785713,-4.013776506696429,-1.1630259329040946,-1.1627852008298332,-1.100502749095633,56,3
mp-31204,Nd(SiAg)2,<PROJECT_ROOT>/external_datasets/functional_protocol_round4_widechem_boost/meta_gga_r2scan/cif/mp-31204.cif,train,-0.4686454554999983,-4.692473983764648,-0.3981897105322032,-0.3982585271105012,-0.4160628235697125,5,3
mp-1224981,FeCuPt2,<PROJECT_ROOT>/external_datasets/functional_protocol_round4_widechem_boost/meta_gga_r2scan/cif/mp-1224981.cif,train,-0.291766087500001,-6.378484725952148,-0.2851606103324275,-0.2853548134949282,-0.3355992569589113,4,3
mp-1187252,TaTc2Ge,<PROJECT_ROOT>/external_datasets/functional_protocol_round4_widechem_boost/meta_gga_r2scan/cif/mp-1187252.cif,train,-0.3507661868333329,-9.60623836517334,-0.2628912897160802,-0.2621315746978334,-0.0655773178517455,4,3
mp-29831,TaCl5,<PROJECT_ROOT>/external_datasets/functional_protocol_round4_widechem_boost/meta_gga_r2scan/cif/mp-29831.cif,train,-1.487059174694445,-4.846454196506077,-1.514543683320123,-1.5155425184343896,-1.7739621743324328,36,2
mp-1025297,SmC6,<PROJECT_ROOT>/external_datasets/functional_protocol_round4_widechem_boost/meta_gga_r2scan/cif/mp-1025297.cif,train,-0.0624541728571423,-8.612283434186663,-0.0465679015703681,-0.0466287060257828,-0.0623600977440284,7,2
mp-30058,TlSbO3,<PROJECT_ROOT>/external_datasets/functional_protocol_round4_widechem_boost/meta_gga_r2scan/cif/mp-30058.cif,train,-1.4377165362499995,-5.552400588989258,-1.6738014676290192,-1.675199356650383,-2.0368626529503384,10,3
mp-654008,K3Cr11S18,<PROJECT_ROOT>/external_datasets/functional_protocol_round4_widechem_boost/meta_gga_r2scan/cif/mp-654008.cif,train,-1.139222010996093,-6.55523157119751,-1.0789336566457548,-1.0787648609227043,-1.0350938565268275,32,3
mp-191,YRh,<PROJECT_ROOT>/external_datasets/functional_protocol_round4_widechem_boost/meta_gga_r2scan/cif/mp-191.cif,train,-0.8919841999999996,-7.747748374938965,-0.8920885391765427,-0.891492257242569,-0.7372215773326373,2,2
mp-1185066,La3Hg,<PROJECT_ROOT>/external_datasets/functional_protocol_round4_widechem_boost/meta_gga_r2scan/cif/mp-1185066.cif,train,-0.2395156706250034,-3.970752477645874,-0.29705361947018,-0.29991034400099,-1.0390050751632347,4,2
mp-764959,VF5,<PROJECT_ROOT>/external_datasets/functional_protocol_round4_widechem_boost/meta_gga_r2scan/cif/mp-764959.cif,train,-2.833538685,-5.218810081481934,-2.610362418643381,-2.613037901614052,-3.3052416285063098,24,2
mp-1546120,EuSb2,<PROJECT_ROOT>/external_datasets/functional_protocol_round4_widechem_boost/meta_gga_r2scan/cif/mp-1546120.cif,train,-0.8312656616666677,-6.895427703857422,-0.7610405022277105,-0.760232983128188,-0.5513108048316055,6,2
mp-998915,K2O,<PROJECT_ROOT>/external_datasets/functional_protocol_round4_widechem_boost/meta_gga_r2scan/cif/mp-998915.cif,train,-1.1071553804166676,-3.374972661336263,-1.194416926427485,-1.1959056852911845,-1.581078921376449,6,2
mp-4861,Sr(CuAs)2,<PROJECT_ROOT>/external_datasets/functional_protocol_round4_widechem_boost/meta_gga_r2scan/cif/mp-4861.cif,train,-0.5897424150000006,-4.348095321655274,-0.5905914279272473,-0.5901844212118377,-0.4848832220023038,5,3
mp-1221252,Na2TlHg,<PROJECT_ROOT>/external_datasets/functional_protocol_round4_widechem_boost/meta_gga_r2scan/cif/mp-1221252.cif,train,-0.2128042468749988,-1.4929202795028689,-0.2498210128243851,-0.2498179251654262,-0.2490190828415761,4,3
mp-2901572,KLaPrSbO6,<PROJECT_ROOT>/external_datasets/functional_protocol_round4_widechem_boost/meta_gga_r2scan/cif/mp-2901572.cif,train,-2.7466111157916657,-6.946931457519531,-2.884431790365343,-2.8823953359445804,-2.355521737736032,40,5
mp-982772,Pm2PtAu,<PROJECT_ROOT>/external_datasets/functional_protocol_round4_widechem_boost/meta_gga_r2scan/cif/mp-982772.cif,train,-1.0243831912500028,-5.634302139282227,-0.9885276855892426,-0.9870649375818408,-0.6086212571971886,4,3
mp-568588,NdTlSe2,<PROJECT_ROOT>/external_datasets/functional_protocol_round4_widechem_boost/meta_gga_r2scan/cif/mp-568588.cif,train,-1.598576846406246,-4.904275417327881,-1.512964680034647,-1.5107298292152445,-0.9325269091449984,4,3
mp-755264,TiO,<PROJECT_ROOT>/external_datasets/functional_protocol_round4_widechem_boost/meta_gga_r2scan/cif/mp-755264.cif,train,-2.712912367708334,-8.884025573730469,-2.7937227891132608,-2.7925972555811684,-2.501398053715194,2,2
mp-867753,CuSbRh2,<PROJECT_ROOT>/external_datasets/functional_protocol_round4_widechem_boost/meta_gga_r2scan/cif/mp-867753.cif,train,-0.2953793425000022,-6.007947444915772,-0.2907673606569521,-0.291107573515343,-0.3791277968153644,4,3
mp-1215573,Zr2CoS4,<PROJECT_ROOT>/external_datasets/functional_protocol_round4_widechem_boost/meta_gga_r2scan/cif/mp-1215573.cif,train,-1.485771138750002,-7.106579916817801,-1.4834394172969203,-1.4826854615301146,-1.2876212441830328,7,3
mp-27251,Bi2TeO6,<PROJECT_ROOT>/external_datasets/functional_protocol_round4_widechem_boost/meta_gga_r2scan/cif/mp-27251.cif,train,-1.305760421944446,-5.655477311876085,-1.5589918480272216,-1.5618007407401242,-2.2885203744005644,18,3
mp-17985,Ca5(GaSb3)2,<PROJECT_ROOT>/external_datasets/functional_protocol_round4_widechem_boost/meta_gga_r2scan/cif/mp-17985.cif,train,-0.9069925734615388,-3.896813025841346,-0.8263466909321364,-0.8259685451852583,-0.7281342856640987,26,3
mp-13829,TlCu3S2,<PROJECT_ROOT>/external_datasets/functional_protocol_round4_widechem_boost/meta_gga_r2scan/cif/mp-13829.cif,train,-0.2828426801041648,-4.031862258911133,-0.3001590885040857,-0.3007757676165203,-0.4603236266770005,12,3
mp-1181462,DyAgSe2,<PROJECT_ROOT>/external_datasets/functional_protocol_round4_widechem_boost/meta_gga_r2scan/cif/mp-1181462.cif,train,-1.421392983906248,-4.811071872711182,-1.3290512861632098,-1.3275915086974592,-0.9499163699276888,16,3
mp-762304,BiOF,<PROJECT_ROOT>/external_datasets/functional_protocol_round4_widechem_boost/meta_gga_r2scan/cif/mp-762304.cif,train,-1.9383652920833367,-5.399174372355144,-2.168544715977843,-2.1692343945309007,-2.347668744521181,12,3
mp-754353,Zr3N4,<PROJECT_ROOT>/external_datasets/functional_protocol_round4_widechem_boost/meta_gga_r2scan/cif/mp-754353.cif,train,-1.8003902528571436,-9.84263174874442,-1.6197960929389978,-1.6178468435738376,-1.1135350277258,7,2
mp-744,HoP,<PROJECT_ROOT>/external_datasets/functional_protocol_round4_widechem_boost/meta_gga_r2scan/cif/mp-744.cif,train,-1.8516294164880944,-6.607282161712647,-1.6803299474921642,-1.6778105783681,-1.025996787668696,2,2
mp-32861,Rh3Se8,<PROJECT_ROOT>/external_datasets/functional_protocol_round4_widechem_boost/meta_gga_r2scan/cif/mp-32861.cif,train,-0.4533485084090914,-4.920978892933238,-0.5321878791541659,-0.5349528165515522,-1.2503002854296417,22,2
mp-1105569,Y2Fe17,<PROJECT_ROOT>/external_datasets/functional_protocol_round4_widechem_boost/meta_gga_r2scan/cif/mp-1105569.cif,train,0.0062227805263163,-8.261444091796875,-0.1360264704315259,-0.1345998661312144,0.2344926768934323,19,2
mp-1222322,Lu3Th,<PROJECT_ROOT>/external_datasets/functional_protocol_round4_widechem_boost/meta_gga_r2scan/cif/mp-1222322.cif,train,0.0261740950000088,-5.213927268981934,-0.0463641474093208,-0.0499009346100107,-0.9649421845050844,4,2
mp-865894,YbPmAu2,<PROJECT_ROOT>/external_datasets/functional_protocol_round4_widechem_boost/meta_gga_r2scan/cif/mp-865894.cif,train,-0.9152536356249996,-4.087207317352295,-0.983638253439751,-0.9815246080297896,-0.4346800771019988,4,3
mp-23012,Bi2Pd3S2,<PROJECT_ROOT>/external_datasets/functional_protocol_round4_widechem_boost/meta_gga_r2scan/cif/mp-23012.cif,train,-0.3885504158035725,-4.868262699672154,-0.4089260076745811,-0.4098956491133654,-0.6607622870374648,14,3
mp-582799,EuAl4,<PROJECT_ROOT>/external_datasets/functional_protocol_round4_widechem_boost/meta_gga_r2scan/cif/mp-582799.cif,train,-0.3187795130000012,-5.332559967041016,-0.3120568827070169,-0.3131367988621303,-0.5925338256778389,5,2
mp-768716,Rb17Fe5O16,<PROJECT_ROOT>/external_datasets/functional_protocol_round4_widechem_boost/meta_gga_r2scan/cif/mp-768716.cif,train,-1.5330905276644722,-4.596587733218544,-1.278229447648648,-1.2799158696603472,-1.716228720243424,38,3
mp-863717,Pm2NiRu,<PROJECT_ROOT>/external_datasets/functional_protocol_round4_widechem_boost/meta_gga_r2scan/cif/mp-863717.cif,train,-0.211155755,-6.357147216796875,-0.2709149695239601,-0.2714442335556928,-0.4083759723490176,4,3
mp-28800,K2Bi8Se13,<PROJECT_ROOT>/external_datasets/functional_protocol_round4_widechem_boost/meta_gga_r2scan/cif/mp-28800.cif,train,-0.6121838950135874,-3.951864159625509,-0.6243363295821545,-0.6250485159249832,-0.809306104612029,23,3
mp-980649,TiNbRu2,<PROJECT_ROOT>/external_datasets/functional_protocol_round4_widechem_boost/meta_gga_r2scan/cif/mp-980649.cif,train,-0.5052464116666684,-9.593721389770508,-0.4424932360824538,-0.4434261786661535,-0.6847980507747133,4,3
mp-2877,Nd(CuSi)2,<PROJECT_ROOT>/external_datasets/functional_protocol_round4_widechem_boost/meta_gga_r2scan/cif/mp-2877.cif,train,-0.6278194554999998,-5.353629684448242,-0.5762469236856766,-0.5758912421583506,-0.4838689488036186,5,3
mp-1079294,TmCuSb2,<PROJECT_ROOT>/external_datasets/functional_protocol_round4_widechem_boost/meta_gga_r2scan/cif/mp-1079294.cif,train,-0.6265288737500043,-4.7580885887146,-0.5802460690303848,-0.5792456142040212,-0.3204069047117397,8,3
mp-1187281,Tb3Er,<PROJECT_ROOT>/external_datasets/functional_protocol_round4_widechem_boost/meta_gga_r2scan/cif/mp-1187281.cif,train,0.0429767391666651,-4.592325210571289,-0.0804382264401084,-0.0839825295478764,-1.0009683027095833,4,2
mp-1210653,Lu4CdIr,<PROJECT_ROOT>/external_datasets/functional_protocol_round4_widechem_boost/meta_gga_r2scan/cif/mp-1210653.cif,train,-0.6220115811111052,-5.193556467692058,-0.6242706745653619,-0.6247822970954573,-0.7571498083005359,24,3
mp-1195469,BaGeS3,<PROJECT_ROOT>/external_datasets/functional_protocol_round4_widechem_boost/meta_gga_r2scan/cif/mp-1195469.cif,train,-1.297134372937501,-4.918640518188477,-1.3042105042395713,-1.3048562238332837,-1.471917466303455,40,3
mp-1185366,LiMg2In,<PROJECT_ROOT>/external_datasets/functional_protocol_round4_widechem_boost/meta_gga_r2scan/cif/mp-1185366.cif,train,-0.2070019241666667,-2.1103193759918213,-0.1887420549453908,-0.1888769527526479,-0.2237778532352439,4,3
mp-1194885,Na3VS2(O4F)2,<PROJECT_ROOT>/external_datasets/functional_protocol_round4_widechem_boost/meta_gga_r2scan/cif/mp-1194885.cif,train,-2.198324764257813,-5.909309387207031,-2.338382735984495,-2.3392562599374367,-2.565255282312699,64,5
mp-1025027,HoB2Rh3,<PROJECT_ROOT>/external_datasets/functional_protocol_round4_widechem_boost/meta_gga_r2scan/cif/mp-1025027.cif,train,-0.7871118566666672,-7.373891830444336,-0.7206956842835819,-0.7209120994351164,-0.7769032517206382,6,3
mp-15896,Cu2SiSe3,<PROJECT_ROOT>/external_datasets/functional_protocol_round4_widechem_boost/meta_gga_r2scan/cif/mp-15896.cif,train,-0.3523071636979153,-4.291337331136067,-0.3605963460757615,-0.3623257597599565,-0.8097614604038448,12,3
mp-983229,Pm2ZnRh,<PROJECT_ROOT>/external_datasets/functional_protocol_round4_widechem_boost/meta_gga_r2scan/cif/mp-983229.cif,train,-0.5388294000000009,-5.028797626495361,-0.5427167614135042,-0.542456809442073,-0.4752017659952506,4,3
mp-1216085,Y3(ZnAu2)2,<PROJECT_ROOT>/external_datasets/functional_protocol_round4_widechem_boost/meta_gga_r2scan/cif/mp-1216085.cif,train,-0.8063492500000015,-4.624027252197266,-0.7795069163073922,-0.7780270560320242,-0.3951560719453471,9,3
mp-676360,NaNdS2,<PROJECT_ROOT>/external_datasets/functional_protocol_round4_widechem_boost/meta_gga_r2scan/cif/mp-676360.cif,train,-2.0615542670312497,-5.367457866668701,-1.980013631838831,-1.977523949104768,-1.3333906519795908,8,3
mp-1184055,GaFeRu2,<PROJECT_ROOT>/external_datasets/functional_protocol_round4_widechem_boost/meta_gga_r2scan/cif/mp-1184055.cif,train,-0.2180172450000022,-7.65031099319458,-0.1942176978705383,-0.1939719581008354,-0.1303939102175346,4,3
mp-865872,LiZr2Re,<PROJECT_ROOT>/external_datasets/functional_protocol_round4_widechem_boost/meta_gga_r2scan/cif/mp-865872.cif,train,-0.1691576722916679,-8.007833480834961,-0.2232434675818169,-0.2248387419333903,-0.6375697754168312,4,3
mp-1206644,Ba2ScNbO6,<PROJECT_ROOT>/external_datasets/functional_protocol_round4_widechem_boost/meta_gga_r2scan/cif/mp-1206644.cif,train,-3.3391611097500005,-8.0578857421875,-3.4490810761875688,-3.445564184418667,-2.535670301255045,10,4
mp-1009654,CaGe2,<PROJECT_ROOT>/external_datasets/functional_protocol_round4_widechem_boost/meta_gga_r2scan/cif/mp-1009654.cif,train,-0.5307123900000003,-4.206972122192383,-0.477239001508277,-0.4783120772446958,-0.7559393438374813,3,2
mp-684828,NaCeH2S2O9,<PROJECT_ROOT>/external_datasets/functional_protocol_round4_widechem_boost/meta_gga_r2scan/cif/mp-684828.cif,train,-2.022198121013889,-6.283595106336805,-2.263873989841527,-2.264495894308099,-2.42539566241019,45,5
mp-349,Yb3Si5,<PROJECT_ROOT>/external_datasets/functional_protocol_round4_widechem_boost/meta_gga_r2scan/cif/mp-349.cif,train,-0.6674931537500015,-4.284518241882324,-0.3763422497016,-0.3776000740465175,-0.7030256921087636,8,2
mp-1184109,DyTmCu2,<PROJECT_ROOT>/external_datasets/functional_protocol_round4_widechem_boost/meta_gga_r2scan/cif/mp-1184109.cif,train,-0.2776000462500008,-4.585562705993652,-0.3196009289683079,-0.3200794011383889,-0.4438702168461814,4,3
mp-1186225,NbOs3,<PROJECT_ROOT>/external_datasets/functional_protocol_round4_widechem_boost/meta_gga_r2scan/cif/mp-1186225.cif,train,-0.0764675799999992,-11.001670837402344,-0.0856483221447632,-0.0855637408546661,-0.0636807818274091,4,2
mp-1185919,MgPb,<PROJECT_ROOT>/external_datasets/functional_protocol_round4_widechem_boost/meta_gga_r2scan/cif/mp-1185919.cif,train,-0.0575123775000001,-2.6893420219421387,-0.0157615966648716,-0.0150495299108266,0.1691771186397878,4,2
mp-1087478,DyNiGe3,<PROJECT_ROOT>/external_datasets/functional_protocol_round4_widechem_boost/meta_gga_r2scan/cif/mp-1087478.cif,train,-0.6099817769999987,-5.4212696075439455,-0.5826619867164515,-0.5824798718815867,-0.5353629330637864,10,3
mp-23065,CsCu2Cl3,<PROJECT_ROOT>/external_datasets/functional_protocol_round4_widechem_boost/meta_gga_r2scan/cif/mp-23065.cif,train,-1.0971894279166676,-3.384158452351888,-1.0697920814365962,-1.069686637650392,-1.0424061120067538,12,3
mp-866082,MgSc2Tc,<PROJECT_ROOT>/external_datasets/functional_protocol_round4_widechem_boost/meta_gga_r2scan/cif/mp-866082.cif,train,-0.091475503749999,-6.279871940612793,-0.1284453261661671,-0.1295408923168262,-0.4129869021878201,4,3
mp-23408,Tl4Bi2S5,<PROJECT_ROOT>/external_datasets/functional_protocol_round4_widechem_boost/meta_gga_r2scan/cif/mp-23408.cif,train,-0.4759841021875001,-3.84058969671076,-0.5171704959773522,-0.5177110387966737,-0.6575608371998599,44,3
mp-18133,Zr2Co4P3,<PROJECT_ROOT>/external_datasets/functional_protocol_round4_widechem_boost/meta_gga_r2scan/cif/mp-18133.cif,train,-0.9913464768253972,-7.875445895724827,-1.0553137951077929,-1.0526715263213156,-0.3690610075903855,36,3
mp-861882,LiGeIr2,<PROJECT_ROOT>/external_datasets/functional_protocol_round4_widechem_boost/meta_gga_r2scan/cif/mp-861882.cif,train,-0.4660500191666656,-6.457520484924316,-0.4647453097364211,-0.4652099854136562,-0.5854313581781105,4,3
mp-557289,TiP2Cl8O3,<PROJECT_ROOT>/external_datasets/functional_protocol_round4_widechem_boost/meta_gga_r2scan/cif/mp-557289.cif,train,-1.581944923847789,-4.881701878138951,-1.702436638708229,-1.7038726262258963,-2.075392804974329,56,4
mp-1184313,ErMg3,<PROJECT_ROOT>/external_datasets/functional_protocol_round4_widechem_boost/meta_gga_r2scan/cif/mp-1184313.cif,train,-0.0440104970833346,-2.388760805130005,-0.0517632174045945,-0.0526765993047195,-0.2889877110825575,8,2
mp-1179514,Sm5Pb3,<PROJECT_ROOT>/external_datasets/functional_protocol_round4_widechem_boost/meta_gga_r2scan/cif/mp-1179514.cif,train,-0.7269374081250035,-4.886414527893066,-0.6348328783022597,-0.635407389503019,-0.7840455227567589,16,2
mp-1189932,Mn(NbSe2)3,<PROJECT_ROOT>/external_datasets/functional_protocol_round4_widechem_boost/meta_gga_r2scan/cif/mp-1189932.cif,train,-0.8640746668857758,-6.8251502990722654,-0.9388154654087968,-0.9394111996611424,-1.0935401828153613,20,3
mp-865165,HfScCo2,<PROJECT_ROOT>/external_datasets/functional_protocol_round4_widechem_boost/meta_gga_r2scan/cif/mp-865165.cif,train,-0.3907580687500029,-8.023310661315918,-0.4328778519956548,-0.4333508989287393,-0.5557380916914225,4,3
mp-17577,Ca6MnN5,<PROJECT_ROOT>/external_datasets/functional_protocol_round4_widechem_boost/meta_gga_r2scan/cif/mp-17577.cif,train,-1.0429227656860636,-6.08566157023112,-1.096980437135084,-1.097347293640925,-1.1922607890242949,24,3
mp-1197749,BaGd2Si3O10,<PROJECT_ROOT>/external_datasets/functional_protocol_round4_widechem_boost/meta_gga_r2scan/cif/mp-1197749.cif,train,-3.399518666406252,-9.121734619140623,-3.519572739614838,-3.5156443813539378,-2.4992954609622764,32,4
mp-1185456,Lu2PdAu,<PROJECT_ROOT>/external_datasets/functional_protocol_round4_widechem_boost/meta_gga_r2scan/cif/mp-1185456.cif,train,-0.9776975408333256,-5.296207427978516,-0.9659215323930628,-0.9649130391830568,-0.7039946307454458,4,3
mp-28131,C(Se2Br)2,<PROJECT_ROOT>/external_datasets/functional_protocol_round4_widechem_boost/meta_gga_r2scan/cif/mp-28131.cif,train,0.132763415178571,-3.625455583844866,-0.0332764620193239,-0.0381482763576759,-1.2985891308518036,28,3
mp-865021,Be2RuPt,<PROJECT_ROOT>/external_datasets/functional_protocol_round4_widechem_boost/meta_gga_r2scan/cif/mp-865021.cif,train,-0.5365981499999997,-6.21718692779541,-0.5458985016262163,-0.545221639481583,-0.3701031639625025,4,3
mp-865377,Th3Au4,<PROJECT_ROOT>/external_datasets/functional_protocol_round4_widechem_boost/meta_gga_r2scan/cif/mp-865377.cif,train,-0.7411424828571366,-5.716419764927456,-0.7158514408481951,-0.7151543505876559,-0.5348024359577344,14,2
mp-570089,CdI2,<PROJECT_ROOT>/external_datasets/functional_protocol_round4_widechem_boost/meta_gga_r2scan/cif/mp-570089.cif,train,-0.7184906905555566,-1.903805414835612,-0.699198006990384,-0.6993528458614877,-0.7394129190590071,36,2
mp-4906,Te2SO7,<PROJECT_ROOT>/external_datasets/functional_protocol_round4_widechem_boost/meta_gga_r2scan/cif/mp-4906.cif,train,-1.2470801339062505,-5.650262069702149,-1.628007493804069,-1.6320520925931898,-2.6784748829089784,20,3
mp-562569,CsPPbS4,<PROJECT_ROOT>/external_datasets/functional_protocol_round4_widechem_boost/meta_gga_r2scan/cif/mp-562569.cif,train,-0.8359682784608822,-4.484259196690151,-0.8529375856482,-0.8542324934539494,-1.1892523829307469,28,4
mp-10778,RbPrSe2,<PROJECT_ROOT>/external_datasets/functional_protocol_round4_widechem_boost/meta_gga_r2scan/cif/mp-10778.cif,train,-2.010185337760415,-4.909200668334961,-1.8632067549381848,-1.8603102918726095,-1.110934365815577,4,3
mp-557146,TiAs2O7,<PROJECT_ROOT>/external_datasets/functional_protocol_round4_widechem_boost/meta_gga_r2scan/cif/mp-557146.cif,train,-1.8843867662916665,-6.863175201416016,-2.150815798531132,-2.1527527716420503,-2.653888462267455,20,3
mp-1184505,GdPaTc2,<PROJECT_ROOT>/external_datasets/functional_protocol_round4_widechem_boost/meta_gga_r2scan/cif/mp-1184505.cif,train,-0.0671880800000011,-11.160582542419434,-0.0721211751288635,-0.0724636403764442,-0.1610666041487997,4,3
mp-14280,Ga2Sn2S5,<PROJECT_ROOT>/external_datasets/functional_protocol_round4_widechem_boost/meta_gga_r2scan/cif/mp-14280.cif,train,-0.6698857326736108,-4.4393310546875,-0.7194536270343903,-0.7209932902048193,-1.1193365412789706,36,3
mp-22637,HfNbP,<PROJECT_ROOT>/external_datasets/functional_protocol_round4_widechem_boost/meta_gga_r2scan/cif/mp-22637.cif,train,-1.1046791626587311,-9.514500935872396,-0.9927451174435138,-0.9930860964560884,-1.081304539969917,12,3
mp-1136,Na3As,<PROJECT_ROOT>/external_datasets/functional_protocol_round4_widechem_boost/meta_gga_r2scan/cif/mp-1136.cif,train,-0.552478555625,-2.565507173538208,-0.5620244877712461,-0.5622940330008515,-0.6320310541469375,8,2
mp-1101803,NdGaPd,<PROJECT_ROOT>/external_datasets/functional_protocol_round4_widechem_boost/meta_gga_r2scan/cif/mp-1101803.cif,train,-0.8935733275000027,-5.168490409851074,-0.8783132739700372,-0.8774755890938479,-0.6607488897965308,12,3
mp-862937,PmMgZn2,<PROJECT_ROOT>/external_datasets/functional_protocol_round4_widechem_boost/meta_gga_r2scan/cif/mp-862937.cif,train,-0.362659210624999,-2.562284708023072,-0.3619880007586049,-0.3611505814091877,-0.1444925794745246,4,3
mp-1186482,Pm2NiPt,<PROJECT_ROOT>/external_datasets/functional_protocol_round4_widechem_boost/meta_gga_r2scan/cif/mp-1186482.cif,train,-0.7003003112499968,-5.997960090637207,-0.7295970849353939,-0.7290070906734876,-0.5763631637969422,4,3
mp-569364,Be22Re,<PROJECT_ROOT>/external_datasets/functional_protocol_round4_widechem_boost/meta_gga_r2scan/cif/mp-569364.cif,train,-0.0705740798913056,-4.185184312903362,-0.0632679486955059,-0.0634806044319908,-0.118499116962922,46,2
mp-1025183,Ho2B4C,<PROJECT_ROOT>/external_datasets/functional_protocol_round4_widechem_boost/meta_gga_r2scan/cif/mp-1025183.cif,train,-0.6737879571428574,-7.0207029070173,-0.5771738330042266,-0.5776820527044375,-0.7091691802330715,7,3
mp-865805,TaZnCo2,<PROJECT_ROOT>/external_datasets/functional_protocol_round4_widechem_boost/meta_gga_r2scan/cif/mp-865805.cif,train,-0.1808533905833336,-7.054887771606445,-0.2164388671758068,-0.2157991761384794,-0.0502976480237326,4,3
mp-510492,PuRh3C,<PROJECT_ROOT>/external_datasets/functional_protocol_round4_widechem_boost/meta_gga_r2scan/cif/mp-510492.cif,train,-0.3650118997500044,-9.296585083007812,-0.3122171209692865,-0.3138200565067111,-0.7285331999497304,5,3
mp-18302,Mn2MoP12,<PROJECT_ROOT>/external_datasets/functional_protocol_round4_widechem_boost/meta_gga_r2scan/cif/mp-18302.cif,train,-0.3512840886453204,-6.619587198893229,-0.4813090906908588,-0.4820275690433435,-0.667913033005055,30,3
mp-17922,Ca2P2O7,<PROJECT_ROOT>/external_datasets/functional_protocol_round4_widechem_boost/meta_gga_r2scan/cif/mp-17922.cif,train,-3.020621230882035,-7.2634735107421875,-3.1964266772048937,-3.194016688658368,-2.5705019543251435,44,3
mp-990448,C,<PROJECT_ROOT>/external_datasets/functional_protocol_round4_widechem_boost/meta_gga_r2scan/cif/mp-990448.cif,train,0.013120765,-9.216127395629885,0.015202160836365,0.0157885908882837,0.1675103816648473,2,1
mp-16246,CdSbAu,<PROJECT_ROOT>/external_datasets/functional_protocol_round4_widechem_boost/meta_gga_r2scan/cif/mp-16246.cif,train,-0.128421373333334,-2.876161257425944,-0.1294036770625148,-0.1296238481895333,-0.1865867503439139,3,3
mp-697126,Ca4(H4Rh)3,<PROJECT_ROOT>/external_datasets/functional_protocol_round4_widechem_boost/meta_gga_r2scan/cif/mp-697126.cif,train,-0.6745571992105263,-4.302209151418586,-0.5982762563987181,-0.5975359742713602,-0.4060094151186004,19,3
mp-696845,MgH12(ClO3)2,<PROJECT_ROOT>/external_datasets/functional_protocol_round4_widechem_boost/meta_gga_r2scan/cif/mp-696845.cif,train,-1.231127465595238,-4.7672475179036455,-1.3508037338928944,-1.3500532303499029,-1.1558821759476487,21,4
mp-570684,ZrOs2,<PROJECT_ROOT>/external_datasets/functional_protocol_round4_widechem_boost/meta_gga_r2scan/cif/mp-570684.cif,train,-0.453047090000003,-10.71713129679362,-0.4917443612869316,-0.4909752386207371,-0.2919870253468361,12,2
mp-561315,Cs3AlGe2O7,<PROJECT_ROOT>/external_datasets/functional_protocol_round4_widechem_boost/meta_gga_r2scan/cif/mp-561315.cif,train,-2.2395731177884604,-5.901104853703425,-2.377724066499658,-2.37665688729554,-2.100555177638252,26,4
mp-13380,HoZnRh,<PROJECT_ROOT>/external_datasets/functional_protocol_round4_widechem_boost/meta_gga_r2scan/cif/mp-13380.cif,train,-0.7882210183333314,-5.139540990193685,-0.8006066536431646,-0.800014501223572,-0.6468122135550582,12,3
mp-7818,Pd4Se,<PROJECT_ROOT>/external_datasets/functional_protocol_round4_widechem_boost/meta_gga_r2scan/cif/mp-7818.cif,train,-0.1678273648125014,-4.996076965332032,-0.1809256354367585,-0.1828808568527264,-0.688737767873549,10,2
mp-32613,Ce5O9,<PROJECT_ROOT>/external_datasets/functional_protocol_round4_widechem_boost/meta_gga_r2scan/cif/mp-32613.cif,train,-3.7893474491964247,-8.792782374790736,-3.9770236384070223,-3.972254573180863,-2.738397075474641,28,2
mp-2767094,U(PO3)4,<PROJECT_ROOT>/external_datasets/functional_protocol_round4_widechem_boost/meta_gga_r2scan/cif/mp-2767094.cif,train,-2.6155191792296915,-7.758947035845588,-2.8006885735284763,-2.800314070998435,-2.703422388315712,34,3
mp-863713,Pm2NiIr,<PROJECT_ROOT>/external_datasets/functional_protocol_round4_widechem_boost/meta_gga_r2scan/cif/mp-863713.cif,train,-0.5196003137500007,-6.512934684753418,-0.5472555227785936,-0.54699666374092,-0.4800243852491978,4,3
mp-867213,Er2OsPd,<PROJECT_ROOT>/external_datasets/functional_protocol_round4_widechem_boost/meta_gga_r2scan/cif/mp-867213.cif,train,-0.6640851116666724,-6.983333587646484,-0.6712441363100421,-0.6713965332206486,-0.7108248198686132,4,3
mp-865983,TmCdHg2,<PROJECT_ROOT>/external_datasets/functional_protocol_round4_widechem_boost/meta_gga_r2scan/cif/mp-865983.cif,train,-0.3851833437500005,-1.8248944282531736,-0.3497198656394011,-0.3491759157719256,-0.2084446423407882,4,3
mp-19042,Ca3Mn2O7,<PROJECT_ROOT>/external_datasets/functional_protocol_round4_widechem_boost/meta_gga_r2scan/cif/mp-19042.cif,train,-2.752885754601293,-6.855189005533855,-2.482568441050323,-2.4822127184013825,-2.3901797860161307,24,3
mp-29159,MnHO2,<PROJECT_ROOT>/external_datasets/functional_protocol_round4_widechem_boost/meta_gga_r2scan/cif/mp-29159.cif,train,-1.734025112058189,-6.563867568969727,-1.4640280449691705,-1.465239984489502,-1.778794233185644,16,3
mp-1187656,YbCeAu2,<PROJECT_ROOT>/external_datasets/functional_protocol_round4_widechem_boost/meta_gga_r2scan/cif/mp-1187656.cif,train,-0.8370015937500028,-4.297820091247559,-0.937975283123636,-0.9369426981107808,-0.6697912334728522,4,3
mp-1187870,YTmTl2,<PROJECT_ROOT>/external_datasets/functional_protocol_round4_widechem_boost/meta_gga_r2scan/cif/mp-1187870.cif,train,-0.4218882325000024,-4.248108386993408,-0.3862895726009068,-0.3858051627203993,-0.2604781364224775,4,3
mp-29748,TePdI,<PROJECT_ROOT>/external_datasets/functional_protocol_round4_widechem_boost/meta_gga_r2scan/cif/mp-29748.cif,train,-0.3639618241666653,-3.6011619567871094,-0.3929126695423868,-0.3942357191425305,-0.7365364828261804,12,3
mp-864715,HfInCo2,<PROJECT_ROOT>/external_datasets/functional_protocol_round4_widechem_boost/meta_gga_r2scan/cif/mp-864715.cif,train,-0.2811943525000018,-7.009732246398926,-0.3341452283220647,-0.3340546445981571,-0.3106187296752465,4,3
mp-541462,SrTa4O11,<PROJECT_ROOT>/external_datasets/functional_protocol_round4_widechem_boost/meta_gga_r2scan/cif/mp-541462.cif,train,-3.219887035348961,-9.428058624267578,-3.378677742154715,-3.3759205300666784,-2.6625717612287287,32,3
mp-5279,Ca3TeO6,<PROJECT_ROOT>/external_datasets/functional_protocol_round4_widechem_boost/meta_gga_r2scan/cif/mp-5279.cif,train,-2.6446678172499984,-6.274187088012695,-2.821708265270185,-2.820565578588845,-2.524928496175301,20,3
mp-568056,LaCo9Si4,<PROJECT_ROOT>/external_datasets/functional_protocol_round4_widechem_boost/meta_gga_r2scan/cif/mp-568056.cif,train,-0.3991430714285724,-6.943630763462612,-0.4729409237050301,-0.471547579533599,-0.1110601315203251,28,3
mp-867254,SmAgAu2,<PROJECT_ROOT>/external_datasets/functional_protocol_round4_widechem_boost/meta_gga_r2scan/cif/mp-867254.cif,train,-0.6390627212499922,-4.106748104095459,-0.6178366976872143,-0.6171165387821356,-0.4307962805276513,4,3
mp-1039075,Mg3Bi,<PROJECT_ROOT>/external_datasets/functional_protocol_round4_widechem_boost/meta_gga_r2scan/cif/mp-1039075.cif,train,-0.063835377500002,-2.2447702884674072,-0.035618705046204,-0.035204198448385,0.0720373781112008,8,2
mp-559583,BiP3Pb4O13,<PROJECT_ROOT>/external_datasets/functional_protocol_round4_widechem_boost/meta_gga_r2scan/cif/mp-559583.cif,train,-2.015191625603742,-6.562733241489956,-2.2214865604886027,-2.221226294526745,-2.1538900151516422,84,4
mp-1102138,TiCoP,<PROJECT_ROOT>/external_datasets/functional_protocol_round4_widechem_boost/meta_gga_r2scan/cif/mp-1102138.cif,train,-1.1224449157142875,-7.947692235310872,-1.1626874178900648,-1.1608675967379083,-0.6900415822961348,12,3
mp-27457,Ba(PO3)2,<PROJECT_ROOT>/external_datasets/functional_protocol_round4_widechem_boost/meta_gga_r2scan/cif/mp-27457.cif,train,-2.745258157883597,-7.224416944715712,-2.943407728342729,-2.942192673708768,-2.6278324795987187,36,3
mp-1193415,Cd8Au5,<PROJECT_ROOT>/external_datasets/functional_protocol_round4_widechem_boost/meta_gga_r2scan/cif/mp-1193415.cif,train,-0.1519726961538437,-1.953844510591947,-0.1569839008096907,-0.1567693390503652,-0.1012576983170272,26,2
mp-768450,Tm3Sb5O12,<PROJECT_ROOT>/external_datasets/functional_protocol_round4_widechem_boost/meta_gga_r2scan/cif/mp-768450.cif,train,-2.485187518999999,-6.931610107421875,-2.6559253286003246,-2.654342051526833,-2.244714966251489,40,3
mp-17739,Sr5Sb3,<PROJECT_ROOT>/external_datasets/functional_protocol_round4_widechem_boost/meta_gga_r2scan/cif/mp-17739.cif,train,-1.1803884946874987,-3.590465545654297,-1.0934035955871373,-1.0935301120778362,-1.1262625896681848,32,2
mp-1095302,BiSe2,<PROJECT_ROOT>/external_datasets/functional_protocol_round4_widechem_boost/meta_gga_r2scan/cif/mp-1095302.cif,train,-0.3405916435416666,-3.907316207885742,-0.4002585928793025,-0.4021901774886611,-0.9019317494080606,12,2
mp-571302,Pr3(Al2Si3)2,<PROJECT_ROOT>/external_datasets/functional_protocol_round4_widechem_boost/meta_gga_r2scan/cif/mp-571302.cif,train,-0.4858573565384614,-5.204260019155649,-0.4298170310017939,-0.4308576954833594,-0.7000994886444796,13,3
mp-22631,Co2N,<PROJECT_ROOT>/external_datasets/functional_protocol_round4_widechem_boost/meta_gga_r2scan/cif/mp-22631.cif,train,0.1778652820833338,-7.439826329549153,-0.0221152240509843,-0.0225732449041329,-0.1410728746998283,6,2
mp-1208662,SrUI6,<PROJECT_ROOT>/external_datasets/functional_protocol_round4_widechem_boost/meta_gga_r2scan/cif/mp-1208662.cif,train,-1.3971907775000003,-3.933391094207764,-1.3653608280549094,-1.3650277080134208,-1.2788425456538692,16,3
mp-1211006,LuPtF7,<PROJECT_ROOT>/external_datasets/functional_protocol_round4_widechem_boost/meta_gga_r2scan/cif/mp-1211006.cif,train,-2.818214611296295,-5.203631930881077,-2.9374971649245336,-2.9385374668632123,-3.2076854625475377,36,3
mp-559161,CrCdF6,<PROJECT_ROOT>/external_datasets/functional_protocol_round4_widechem_boost/meta_gga_r2scan/cif/mp-559161.cif,train,-2.60459483375,-4.738358020782471,-2.39351060103526,-2.3953555275091265,-2.872676816806631,8,3
mp-12777,AlCu3,<PROJECT_ROOT>/external_datasets/functional_protocol_round4_widechem_boost/meta_gga_r2scan/cif/mp-12777.cif,train,-0.1809173274999995,-4.1702985763549805,-0.1568557586675956,-0.1562368559894258,0.0038862863030711,4,2
mp-756148,Sm2Pt2O7,<PROJECT_ROOT>/external_datasets/functional_protocol_round4_widechem_boost/meta_gga_r2scan/cif/mp-756148.cif,train,-2.192764766931819,-7.055510087446733,-2.391756905664604,-2.392547246890849,-2.5970251480085005,22,3
mp-1199837,Eu3(SiAs2)2,<PROJECT_ROOT>/external_datasets/functional_protocol_round4_widechem_boost/meta_gga_r2scan/cif/mp-1199837.cif,train,-1.008102744722221,-7.539297315809462,-0.9095172866652464,-0.9090623113714642,-0.7913506318553752,36,3
mp-29094,Nd3PO7,<PROJECT_ROOT>/external_datasets/functional_protocol_round4_widechem_boost/meta_gga_r2scan/cif/mp-29094.cif,train,-3.485170733035712,-8.12885908647017,-3.619882324824004,-3.615749069196697,-2.5463888898241533,66,3
mp-1079198,Sm(CrB3)2,<PROJECT_ROOT>/external_datasets/functional_protocol_round4_widechem_boost/meta_gga_r2scan/cif/mp-1079198.cif,train,-0.5285959083333344,-7.673745897081163,-0.6015813295911663,-0.6015168639427193,-0.5848382445676596,9,3
mp-10981,YbSbPd,<PROJECT_ROOT>/external_datasets/functional_protocol_round4_widechem_boost/meta_gga_r2scan/cif/mp-10981.cif,train,-0.5143982616666705,-3.826211293538412,-0.3107074185935703,-0.3111842522726027,-0.4345511558758827,3,3
mp-1079364,Cs2TcF6,<PROJECT_ROOT>/external_datasets/functional_protocol_round4_widechem_boost/meta_gga_r2scan/cif/mp-1079364.cif,train,-2.8573339188888887,-5.15524419148763,-2.864327192969883,-2.8635664016240385,-2.6667336761859417,9,3
mp-757,Li3As,<PROJECT_ROOT>/external_datasets/functional_protocol_round4_widechem_boost/meta_gga_r2scan/cif/mp-757.cif,train,-0.8412325693750002,-3.3069796562194824,-0.8354736086909114,-0.8351823609081226,-0.7598304326788876,8,2
mp-1191929,ErB4Os,<PROJECT_ROOT>/external_datasets/functional_protocol_round4_widechem_boost/meta_gga_r2scan/cif/mp-1191929.cif,train,-0.6574023163888896,-7.675982157389323,-0.5808124371355134,-0.5809912552308427,-0.6272552581696662,24,3
mp-861945,Ag2F3,<PROJECT_ROOT>/external_datasets/functional_protocol_round4_widechem_boost/meta_gga_r2scan/cif/mp-861945.cif,train,-1.2004187729999998,-3.3131381988525392,-1.2966926306496669,-1.3000799119085586,-2.176440829597975,10,2
mp-322,TlS,<PROJECT_ROOT>/external_datasets/functional_protocol_round4_widechem_boost/meta_gga_r2scan/cif/mp-322.cif,train,-0.3083293226562489,-3.448994398117065,-0.3492218548836829,-0.3507043546624961,-0.734258233817271,8,2
mp-1213364,Gd2(Al3Rh)3,<PROJECT_ROOT>/external_datasets/functional_protocol_round4_widechem_boost/meta_gga_r2scan/cif/mp-1213364.cif,train,-0.8812932717857161,-6.824306488037109,-0.8487901777139468,-0.847783526067369,-0.5873415688267488,28,3
mp-639682,SiO2,<PROJECT_ROOT>/external_datasets/functional_protocol_round4_widechem_boost/meta_gga_r2scan/cif/mp-639682.cif,train,-2.9909748321666654,-7.880635070800781,-3.166760880229341,-3.1643434456702204,-2.538902271241138,30,2
mp-973538,Lu2AlZn,<PROJECT_ROOT>/external_datasets/functional_protocol_round4_widechem_boost/meta_gga_r2scan/cif/mp-973538.cif,train,-0.4149745695833324,-3.881016969680786,-0.4180183461102316,-0.4187988622886349,-0.6207348168498917,4,3
mp-867881,ScTlRh2,<PROJECT_ROOT>/external_datasets/functional_protocol_round4_widechem_boost/meta_gga_r2scan/cif/mp-867881.cif,train,-0.6337068712499985,-6.431330680847168,-0.609424391270772,-0.60918607518028,-0.5475286892644318,4,3
mp-505510,NiAs2,<PROJECT_ROOT>/external_datasets/functional_protocol_round4_widechem_boost/meta_gga_r2scan/cif/mp-505510.cif,train,-0.277716669583332,-5.274644533793132,-0.3516028269627984,-0.3519042312980449,-0.4298838732712503,24,2
mp-1201625,Er5Bi3,<PROJECT_ROOT>/external_datasets/functional_protocol_round4_widechem_boost/meta_gga_r2scan/cif/mp-1201625.cif,train,-0.7594631645833374,-4.946352481842041,-0.6791174399166806,-0.6791744541413927,-0.693925233445977,32,2
mp-23339,NaBrO3,<PROJECT_ROOT>/external_datasets/functional_protocol_round4_widechem_boost/meta_gga_r2scan/cif/mp-23339.cif,train,-0.6249256527499994,-4.132894515991211,-1.0326523590985237,-1.0383662740398325,-2.516676269236393,20,3
mp-510225,HoMn2O5,<PROJECT_ROOT>/external_datasets/functional_protocol_round4_widechem_boost/meta_gga_r2scan/cif/mp-510225.cif,train,-2.781830725651938,-7.735541343688965,-2.3940590286017223,-2.393927267427549,-2.359837879895662,32,3
mp-864925,NdMgZn2,<PROJECT_ROOT>/external_datasets/functional_protocol_round4_widechem_boost/meta_gga_r2scan/cif/mp-864925.cif,train,-0.352515058125002,-2.5617690086364746,-0.3692324165527085,-0.3688710161405941,-0.2753691269841301,4,3
mp-12305,Sc11Os4,<PROJECT_ROOT>/external_datasets/functional_protocol_round4_widechem_boost/meta_gga_r2scan/cif/mp-12305.cif,train,-0.406019751333334,-8.005265299479166,-0.4184338144477078,-0.4198036759635704,-0.774215666977362,30,2
mp-1025354,Er2Fe2Si2C,<PROJECT_ROOT>/external_datasets/functional_protocol_round4_widechem_boost/meta_gga_r2scan/cif/mp-1025354.cif,train,-0.622288935238095,-7.287833622523716,-0.7417075671771736,-0.7406198670454076,-0.4592089617272493,7,4
mp-aaaieipr,ZrZn(BiO3)2,<PROJECT_ROOT>/external_datasets/functional_protocol_round4_widechem_boost/meta_gga_r2scan/cif/mp-aaaieipr.cif,train,-1.6903625452500024,-6.204628753662109,-1.8593537835663168,-1.86033149209114,-2.113285254874386,10,4
mp-1205301,Y3H,<PROJECT_ROOT>/external_datasets/functional_protocol_round4_widechem_boost/meta_gga_r2scan/cif/mp-1205301.cif,train,-0.2816075446874997,-5.938826560974121,-0.297000469790567,-0.2980952798135687,-0.5813456635762149,16,2
mp-1220380,Nd3NiSn7,<PROJECT_ROOT>/external_datasets/functional_protocol_round4_widechem_boost/meta_gga_r2scan/cif/mp-1220380.cif,train,-0.6127766902272718,-4.958957672119141,-0.58306907111848,-0.5826391367007613,-0.4714060585904319,11,3
mp-30473,Ca3Ga5,<PROJECT_ROOT>/external_datasets/functional_protocol_round4_widechem_boost/meta_gga_r2scan/cif/mp-30473.cif,train,-0.5845816343750005,-3.1558005809783936,-0.5762491301618953,-0.5769401564868231,-0.7557232034138872,16,2
mp-1095627,ThVB4,<PROJECT_ROOT>/external_datasets/functional_protocol_round4_widechem_boost/meta_gga_r2scan/cif/mp-1095627.cif,train,-0.7007983658333335,-7.876657485961914,-0.7362477461592603,-0.7360343175490645,-0.6808158463328412,12,3
mp-1349,SrPt2,<PROJECT_ROOT>/external_datasets/functional_protocol_round4_widechem_boost/meta_gga_r2scan/cif/mp-1349.cif,train,-0.9349319516666648,-5.461290995279948,-0.9724519444719082,-0.9731875310015364,-1.1634992402679494,6,2
mp-7359,BaAgAs,<PROJECT_ROOT>/external_datasets/functional_protocol_round4_widechem_boost/meta_gga_r2scan/cif/mp-7359.cif,train,-0.9023739325000004,-3.9274346033732095,-0.850738512705624,-0.8498093522934136,-0.6094160075185231,6,3
mp-1220489,NbSb3O8,<PROJECT_ROOT>/external_datasets/functional_protocol_round4_widechem_boost/meta_gga_r2scan/cif/mp-1220489.cif,train,-1.8881090616666656,-6.879913330078125,-2.119903378019094,-2.120949767529364,-2.391672746044284,24,3
mp-1187015,Sm2HgPb,<PROJECT_ROOT>/external_datasets/functional_protocol_round4_widechem_boost/meta_gga_r2scan/cif/mp-1187015.cif,train,-0.612277124374998,-3.855863571166992,-0.5637422393783798,-0.5640365421618148,-0.640178863292773,4,3
mp-912,LaPt2,<PROJECT_ROOT>/external_datasets/functional_protocol_round4_widechem_boost/meta_gga_r2scan/cif/mp-912.cif,train,-1.1793211799999976,-6.762088139851888,-1.1853831864225135,-1.1849846434033395,-1.081873180453577,6,2
mp-625378,NaH9O5,<PROJECT_ROOT>/external_datasets/functional_protocol_round4_widechem_boost/meta_gga_r2scan/cif/mp-625378.cif,train,-1.1526719384999995,-4.885474650065104,-1.3191093185204463,-1.3185622710709382,-1.1770295880265014,30,3
mp-1215629,Zn3PBr3,<PROJECT_ROOT>/external_datasets/functional_protocol_round4_widechem_boost/meta_gga_r2scan/cif/mp-1215629.cif,train,-0.7788948007823129,-2.6754488263811385,-0.7778598419110376,-0.778144269540392,-0.8517316805745019,7,3
mp-1194143,Sc11Ru4,<PROJECT_ROOT>/external_datasets/functional_protocol_round4_widechem_boost/meta_gga_r2scan/cif/mp-1194143.cif,train,-0.4072830053333329,-7.515738932291667,-0.4341204758555896,-0.4358207881666223,-0.8757273513694521,30,2
mp-1197730,SiC,<PROJECT_ROOT>/external_datasets/functional_protocol_round4_widechem_boost/meta_gga_r2scan/cif/mp-1197730.cif,train,-0.3057710801470584,-7.525444928337546,-0.1565495173492852,-0.1571815010491217,-0.3206889788270491,34,2
mp-568643,RbC8,<PROJECT_ROOT>/external_datasets/functional_protocol_round4_widechem_boost/meta_gga_r2scan/cif/mp-568643.cif,train,-0.0537766956944444,-8.339029100206163,-0.0329795016865919,-0.0325943144269462,0.0670617325752682,18,2
mp-11523,Ni3Sn,<PROJECT_ROOT>/external_datasets/functional_protocol_round4_widechem_boost/meta_gga_r2scan/cif/mp-11523.cif,train,-0.0731970674999988,-5.463359355926514,-0.1491386896902904,-0.1493008614434163,-0.1912581054783881,4,2
mp-5874,TlAgTe,<PROJECT_ROOT>/external_datasets/functional_protocol_round4_widechem_boost/meta_gga_r2scan/cif/mp-5874.cif,train,-0.2640570875000018,-2.996920903523763,-0.2288939123558995,-0.2279511825114752,0.0159528598295778,12,3
mp-29713,NbTeCl9,<PROJECT_ROOT>/external_datasets/functional_protocol_round4_widechem_boost/meta_gga_r2scan/cif/mp-29713.cif,train,-1.037280216136364,-3.642368316650391,-1.1129957246913786,-1.1152876315223663,-1.708252142038004,22,3
mp-679,Er2O3,<PROJECT_ROOT>/external_datasets/functional_protocol_round4_widechem_boost/meta_gga_r2scan/cif/mp-679.cif,train,-3.9809010320833353,-8.434648132324218,-4.060498121110335,-4.054630412227977,-2.5365306892159865,40,2
mp-680122,TlB5O8,<PROJECT_ROOT>/external_datasets/functional_protocol_round4_widechem_boost/meta_gga_r2scan/cif/mp-680122.cif,train,-2.430900201071428,-7.661142076764788,-2.6183108951285536,-2.616545938552018,-2.1599145439655363,112,3
mp-1080664,CrB,<PROJECT_ROOT>/external_datasets/functional_protocol_round4_widechem_boost/meta_gga_r2scan/cif/mp-1080664.cif,train,-0.4107642512500007,-8.693613052368164,-0.6689780291938234,-0.6675281426487469,-0.2924119931274708,8,2
mp-1112625,Cs2KAsCl6,<PROJECT_ROOT>/external_datasets/functional_protocol_round4_widechem_boost/meta_gga_r2scan/cif/mp-1112625.cif,train,-1.6355060571249993,-3.3432804107666017,-1.646492295850892,-1.6456890756084253,-1.4378791020639534,10,4
mp-2024705,ReO3,<PROJECT_ROOT>/external_datasets/functional_protocol_round4_widechem_boost/meta_gga_r2scan/cif/mp-2024705.cif,train,-1.6677969046874992,-8.430779457092285,-2.060252369295269,-2.0616427346262407,-2.4213594939528518,8,2
mp-1191538,Ca8In3,<PROJECT_ROOT>/external_datasets/functional_protocol_round4_widechem_boost/meta_gga_r2scan/cif/mp-1191538.cif,train,-0.417590735909091,-2.5362694480202417,-0.4709869357586558,-0.4732532488764889,-1.059596127405312,22,2
mp-1080624,YInCu,<PROJECT_ROOT>/external_datasets/functional_protocol_round4_widechem_boost/meta_gga_r2scan/cif/mp-1080624.cif,train,-0.501881034444447,-4.864517635769314,-0.48766923772137,-0.4867353871303743,-0.2451285944384467,9,3
mp-1102302,CeOs2,<PROJECT_ROOT>/external_datasets/functional_protocol_round4_widechem_boost/meta_gga_r2scan/cif/mp-1102302.cif,train,-0.274774418333332,-9.713899612426758,-0.3876700850330756,-0.3878356162068774,-0.430662013041399,12,2
mp-1186088,Na3Tl,<PROJECT_ROOT>/external_datasets/functional_protocol_round4_widechem_boost/meta_gga_r2scan/cif/mp-1186088.cif,train,-0.0921461799999985,-1.6516329050064087,-0.1939997152157264,-0.1948544274216557,-0.4159864551174472,8,2
mp-21779,CaCuGe,<PROJECT_ROOT>/external_datasets/functional_protocol_round4_widechem_boost/meta_gga_r2scan/cif/mp-21779.cif,train,-0.5104631777777782,-4.046531253390842,-0.5036299493085359,-0.5038454659224154,-0.5596041476105049,36,3
mp-30892,Ba4Bi3,<PROJECT_ROOT>/external_datasets/functional_protocol_round4_widechem_boost/meta_gga_r2scan/cif/mp-30892.cif,train,-1.079748816428573,-3.680161339896066,-0.9538930360871408,-0.9534016081589014,-0.8262588652805918,14,2
mp-1027890,Mo2SeS3,<PROJECT_ROOT>/external_datasets/functional_protocol_round4_widechem_boost/meta_gga_r2scan/cif/mp-1027890.cif,train,-0.8980820154166645,-7.067892074584961,-1.0888734690463595,-1.088588740498718,-1.0149234755780332,12,3
mp-17101,CaNb2O6,<PROJECT_ROOT>/external_datasets/functional_protocol_round4_widechem_boost/meta_gga_r2scan/cif/mp-17101.cif,train,-3.010961195555556,-8.541185167100695,-3.176119701392518,-3.173768917327931,-2.565571627916152,36,3
mp-1185211,LaY3,<PROJECT_ROOT>/external_datasets/functional_protocol_round4_widechem_boost/meta_gga_r2scan/cif/mp-1185211.cif,train,0.083696986249997,-6.037416458129883,-0.050559875666222,-0.0539427276525215,-0.9291576993494002,4,2
mp-554022,Sn2P2O7,<PROJECT_ROOT>/external_datasets/functional_protocol_round4_widechem_boost/meta_gga_r2scan/cif/mp-554022.cif,train,-2.083559269518398,-6.77971718528054,-2.310585281178323,-2.3107615143235707,-2.356356736302267,44,3
mp-866133,Lu2TlCd,<PROJECT_ROOT>/external_datasets/functional_protocol_round4_widechem_boost/meta_gga_r2scan/cif/mp-866133.cif,train,-0.3597703308333351,-3.359535455703736,-0.3315120943074969,-0.331851555858246,-0.4196774000684432,4,3
mp-17722,PrTaO4,<PROJECT_ROOT>/external_datasets/functional_protocol_round4_widechem_boost/meta_gga_r2scan/cif/mp-17722.cif,train,-3.4803192798333336,-9.25869878133138,-3.6056950523774702,-3.601623595894668,-2.548252155232652,24,3
mp-30026,Sr3Te4O11,<PROJECT_ROOT>/external_datasets/functional_protocol_round4_widechem_boost/meta_gga_r2scan/cif/mp-30026.cif,train,-1.99090070840278,-5.825425465901692,-2.249811773145136,-2.250712238539835,-2.4836815786477926,36,3
mp-559939,Ba(PO3)2,<PROJECT_ROOT>/external_datasets/functional_protocol_round4_widechem_boost/meta_gga_r2scan/cif/mp-559939.cif,train,-2.7469227134391536,-7.226991441514757,-2.9459822251417744,-2.94475725796151,-2.6278324795987187,36,3
mp-978987,SrGe3Pd,<PROJECT_ROOT>/external_datasets/functional_protocol_round4_widechem_boost/meta_gga_r2scan/cif/mp-978987.cif,train,-0.558834078000001,-4.697945404052734,-0.5504305941074845,-0.5509405879059868,-0.6828867119750561,5,3
mp-4627,CoAsS,<PROJECT_ROOT>/external_datasets/functional_protocol_round4_widechem_boost/meta_gga_r2scan/cif/mp-4627.cif,train,-0.4739261442708316,-5.737567901611328,-0.5814811195194762,-0.5817983656751267,-0.6638766198408838,12,3
mp-12651,MgPt,<PROJECT_ROOT>/external_datasets/functional_protocol_round4_widechem_boost/meta_gga_r2scan/cif/mp-12651.cif,train,-0.7567648212499982,-4.54250431060791,-0.7441338479738846,-0.7430049469380027,-0.4509345010030939,8,2
mp-1198308,V2H12C4S4O15,<PROJECT_ROOT>/external_datasets/functional_protocol_round4_widechem_boost/meta_gga_r2scan/cif/mp-1198308.cif,train,-1.0460076754729726,-5.8260819718644425,-1.091749450701483,-1.093649247885315,-1.58516674414101,74,5
mp-1220187,Nd4Si7,<PROJECT_ROOT>/external_datasets/functional_protocol_round4_widechem_boost/meta_gga_r2scan/cif/mp-1220187.cif,train,-0.6644262077272717,-5.798331867564809,-0.6010071172501155,-0.6022480595707327,-0.9233059428102308,11,2
mp-567454,NdGa3,<PROJECT_ROOT>/external_datasets/functional_protocol_round4_widechem_boost/meta_gga_r2scan/cif/mp-567454.cif,train,-0.5170588868749988,-3.9793314933776855,-0.5525346574845313,-0.5525343432315157,-0.5524530393659959,4,2
mp-29560,La6Si7Br3,<PROJECT_ROOT>/external_datasets/functional_protocol_round4_widechem_boost/meta_gga_r2scan/cif/mp-29560.cif,train,-1.2159763401562491,-5.61575174331665,-1.1488017351873203,-1.148984090693748,-1.196163296303164,32,3
mp-1219852,Pr2Ga5Cu3,<PROJECT_ROOT>/external_datasets/functional_protocol_round4_widechem_boost/meta_gga_r2scan/cif/mp-1219852.cif,train,-0.529310920333333,-4.171401977539063,-0.4889558338295918,-0.4881948258471551,-0.2913060519647025,10,3
mp-18645,Sc5(In2Rh)2,<PROJECT_ROOT>/external_datasets/functional_protocol_round4_widechem_boost/meta_gga_r2scan/cif/mp-18645.cif,train,-0.7640081372727252,-5.884608875621449,-0.730703505377674,-0.7304745030666053,-0.6712267878103497,22,3
mp-1185823,MgAg2,<PROJECT_ROOT>/external_datasets/functional_protocol_round4_widechem_boost/meta_gga_r2scan/cif/mp-1185823.cif,train,-0.1403859299999984,-2.5928211212158203,-0.1155460921294064,-0.1142188455211608,0.2291677724482567,6,2
mp-620069,K3Mo2Cl9,<PROJECT_ROOT>/external_datasets/functional_protocol_round4_widechem_boost/meta_gga_r2scan/cif/mp-620069.cif,train,-1.5887449509821443,-4.331598554338727,-1.5586292789969465,-1.5578218700351345,-1.3489281866817795,28,3
mp-25207,V2O5,<PROJECT_ROOT>/external_datasets/functional_protocol_round4_widechem_boost/meta_gga_r2scan/cif/mp-25207.cif,train,-2.3910932933928577,-7.39486331031436,-1.8773786858968764,-1.880163789559908,-2.600728695584229,21,2
mp-aaaiejew,LuV(PbO3)2,<PROJECT_ROOT>/external_datasets/functional_protocol_round4_widechem_boost/meta_gga_r2scan/cif/mp-aaaiejew.cif,train,-2.3592790049166665,-6.886953735351563,-2.2570495307642693,-2.256598543710361,-2.1399187057452487,10,4
mp-754539,LiVSiO5,<PROJECT_ROOT>/external_datasets/functional_protocol_round4_widechem_boost/meta_gga_r2scan/cif/mp-754539.cif,train,-2.663946223177083,-7.181270599365234,-2.5061831339155383,-2.505797823959143,-2.406110032721174,16,4
mp-1087215,NaAsF6,<PROJECT_ROOT>/external_datasets/functional_protocol_round4_widechem_boost/meta_gga_r2scan/cif/mp-1087215.cif,train,-2.540998694062499,-4.511620044708252,-2.7311273608898854,-2.732306979333738,-3.0374990856172337,8,3
mp-21263,PuSb,<PROJECT_ROOT>/external_datasets/functional_protocol_round4_widechem_boost/meta_gga_r2scan/cif/mp-21263.cif,train,-0.8705544693750014,-9.761208534240724,-0.8547486750039308,-0.8552984076131169,-0.99752579799271,2,2
mp-1105186,Cu3B5Pt9,<PROJECT_ROOT>/external_datasets/functional_protocol_round4_widechem_boost/meta_gga_r2scan/cif/mp-1105186.cif,train,-0.2493542319117657,-6.107774622300092,-0.2399022936264225,-0.2415124956244021,-0.6581056252627876,17,3
mp-1193731,U8VS17,<PROJECT_ROOT>/external_datasets/functional_protocol_round4_widechem_boost/meta_gga_r2scan/cif/mp-1193731.cif,train,-1.8074519553004813,-7.903431232158955,-1.7099549244436432,-1.7101369017291148,-1.757218253619591,26,3
mp-945228,Eu(GaSb)2,<PROJECT_ROOT>/external_datasets/functional_protocol_round4_widechem_boost/meta_gga_r2scan/cif/mp-945228.cif,train,-0.6023405330000002,-5.409178924560547,-0.5217664042693624,-0.5215887397995127,-0.4756232040381638,20,3
mp-867882,SmCdAu2,<PROJECT_ROOT>/external_datasets/functional_protocol_round4_widechem_boost/meta_gga_r2scan/cif/mp-867882.cif,train,-0.7163278475000041,-3.697877168655396,-0.7107093833651086,-0.7099240303363574,-0.506736680841359,4,3
mp-2901425,VH6(OF)3,<PROJECT_ROOT>/external_datasets/functional_protocol_round4_widechem_boost/meta_gga_r2scan/cif/mp-2901425.cif,train,-1.0377776822115397,-4.573372474083533,-1.0160599475853207,-1.0187624571093157,-1.7179585219040958,13,4
mp-1226352,Cr2Ir2C,<PROJECT_ROOT>/external_datasets/functional_protocol_round4_widechem_boost/meta_gga_r2scan/cif/mp-1226352.cif,train,-0.0685805339999944,-9.396428680419922,-0.3258083332987613,-0.3251406747030838,-0.1524033509090989,5,3
mp-21054,PrSnPd,<PROJECT_ROOT>/external_datasets/functional_protocol_round4_widechem_boost/meta_gga_r2scan/cif/mp-21054.cif,train,-0.948726747222218,-5.556507958306207,-0.9012149943387016,-0.8997001988513498,-0.5077907405148329,9,3
mp-865602,Y2MgAl,<PROJECT_ROOT>/external_datasets/functional_protocol_round4_widechem_boost/meta_gga_r2scan/cif/mp-865602.cif,train,-0.3135611512500009,-4.867823600769043,-0.336674522160747,-0.3372963855034854,-0.498185514002175,4,3
mp-972759,Tm2Ni12As7,<PROJECT_ROOT>/external_datasets/functional_protocol_round4_widechem_boost/meta_gga_r2scan/cif/mp-972759.cif,train,-0.5455365646428596,-5.800807771228609,-0.6009887170771773,-0.6001015214733716,-0.3705653554165257,21,3
mp-3831,SmPO4,<PROJECT_ROOT>/external_datasets/functional_protocol_round4_widechem_boost/meta_gga_r2scan/cif/mp-3831.cif,train,-3.298527961746032,-7.976490656534831,-3.434986279509661,-3.431944300995656,-2.6449204673160542,24,3
mp-1207425,Zr6Be15Ni8,<PROJECT_ROOT>/external_datasets/functional_protocol_round4_widechem_boost/meta_gga_r2scan/cif/mp-1207425.cif,train,-0.4018167378448264,-5.681425949622845,-0.425940885098357,-0.4256790231554888,-0.3579298299186135,29,3
mp-559435,CoF3,<PROJECT_ROOT>/external_datasets/functional_protocol_round4_widechem_boost/meta_gga_r2scan/cif/mp-559435.cif,train,-2.0048412766666672,-4.496832847595215,-1.655487314970519,-1.6598960733618862,-2.8005346133673337,12,2
mp-1223966,Ho2AlFe3,<PROJECT_ROOT>/external_datasets/functional_protocol_round4_widechem_boost/meta_gga_r2scan/cif/mp-1223966.cif,train,-0.1133820749999993,-6.57071050008138,-0.301929537441798,-0.3019777417872111,-0.3144492199931111,6,3
mp-973170,ScCdAu2,<PROJECT_ROOT>/external_datasets/functional_protocol_round4_widechem_boost/meta_gga_r2scan/cif/mp-973170.cif,train,-0.6416794737499956,-4.0405707359313965,-0.6220913961181753,-0.6213193433753643,-0.4215730576361742,4,3
mp-865650,Ti2TcRu,<PROJECT_ROOT>/external_datasets/functional_protocol_round4_widechem_boost/meta_gga_r2scan/cif/mp-865650.cif,train,-0.6955275020833334,-9.499074935913086,-0.662551244736294,-0.6628213303471258,-0.732698159484978,4,3
mp-1186616,PmMg2Sc,<PROJECT_ROOT>/external_datasets/functional_protocol_round4_widechem_boost/meta_gga_r2scan/cif/mp-1186616.cif,train,-0.0704073006250016,-3.6332406997680655,-0.0722461700846857,-0.0735542720041539,-0.4119877562467947,4,3
mp-1183677,CaCeIn2,<PROJECT_ROOT>/external_datasets/functional_protocol_round4_widechem_boost/meta_gga_r2scan/cif/mp-1183677.cif,train,-0.5731214125000008,-3.7503273487091056,-0.5406220462261531,-0.5416141343317928,-0.7982881971697539,4,3
mp-9970,ScGe,<PROJECT_ROOT>/external_datasets/functional_protocol_round4_widechem_boost/meta_gga_r2scan/cif/mp-9970.cif,train,-0.8856036224999997,-6.303346633911133,-0.820046249186821,-0.8198322835188696,-0.7644748641437917,4,2
mp-19323,SmVO4,<PROJECT_ROOT>/external_datasets/functional_protocol_round4_widechem_boost/meta_gga_r2scan/cif/mp-19323.cif,train,-3.260344040833333,-8.03653081258138,-2.976597720142915,-2.9751797955577493,-2.60833287742424,12,3
mp-6641,Ba3SrRu2O9,<PROJECT_ROOT>/external_datasets/functional_protocol_round4_widechem_boost/meta_gga_r2scan/cif/mp-6641.cif,train,-2.289647634916666,-6.710804239908854,-2.4242402073897127,-2.424554768896323,-2.5059384478816744,30,4
mp-20580,NiRhF6,<PROJECT_ROOT>/external_datasets/functional_protocol_round4_widechem_boost/meta_gga_r2scan/cif/mp-20580.cif,train,-1.90457233125,-4.351592063903809,-1.6491861988126133,-1.6543689037193623,-2.995243688259157,8,3
mp-22077,Gd3Pd2,<PROJECT_ROOT>/external_datasets/functional_protocol_round4_widechem_boost/meta_gga_r2scan/cif/mp-22077.cif,train,-0.6381294529999991,-11.216193389892576,-0.6985517946668072,-0.6988454062650797,-0.7748089032553596,10,2
mp-567341,PrCoC2,<PROJECT_ROOT>/external_datasets/functional_protocol_round4_widechem_boost/meta_gga_r2scan/cif/mp-567341.cif,train,-0.2850960391666657,-7.824779033660889,-0.2611317102552242,-0.2602386026384122,-0.0291728744496992,8,3
mp-22607,Zn(InSe2)2,<PROJECT_ROOT>/external_datasets/functional_protocol_round4_widechem_boost/meta_gga_r2scan/cif/mp-22607.cif,train,-0.7522625530357142,-3.5487842559814453,-0.7395030099293507,-0.739995553978356,-0.867427060782126,7,3
mp-973874,LiLa2Al,<PROJECT_ROOT>/external_datasets/functional_protocol_round4_widechem_boost/meta_gga_r2scan/cif/mp-973874.cif,train,-0.2186799616666661,-4.064650535583496,-0.2875772362385436,-0.290390364523585,-1.0182058297880767,4,3
mp-12722,TbAlPd,<PROJECT_ROOT>/external_datasets/functional_protocol_round4_widechem_boost/meta_gga_r2scan/cif/mp-12722.cif,train,-0.9272910099999976,-5.395153681437175,-0.9104710732161534,-0.9093871104819442,-0.6289431485287444,12,3
mp-1214096,Ca(ErS2)2,<PROJECT_ROOT>/external_datasets/functional_protocol_round4_widechem_boost/meta_gga_r2scan/cif/mp-1214096.cif,train,-2.391543128988096,-6.040394374302456,-2.2939194693570317,-2.2911311910380334,-1.5697449347303012,14,3
mp-554837,Ba3LiIr2O9,<PROJECT_ROOT>/external_datasets/functional_protocol_round4_widechem_boost/meta_gga_r2scan/cif/mp-554837.cif,train,-1.9561914126944469,-6.428385925292969,-2.189001462512606,-2.190161979155333,-2.490412047653738,30,4
mp-4396,Ba(NO3)2,<PROJECT_ROOT>/external_datasets/functional_protocol_round4_widechem_boost/meta_gga_r2scan/cif/mp-4396.cif,train,-1.153307661666665,-6.48390875922309,-1.6082714307477062,-1.612447766797601,-2.692953757747404,36,3
mp-1185113,La3Cd,<PROJECT_ROOT>/external_datasets/functional_protocol_round4_widechem_boost/meta_gga_r2scan/cif/mp-1185113.cif,train,-0.1683381524999987,-4.0460052490234375,-0.2255105882649886,-0.2286272400822095,-1.0349706281581188,8,2
mp-1204966,Cd3Co2H44Br12(N3O)4,<PROJECT_ROOT>/external_datasets/functional_protocol_round4_widechem_boost/meta_gga_r2scan/cif/mp-1204966.cif,train,-0.6730227298051952,-4.506533536044034,-0.6362617670049997,-0.6361414305947495,-0.605007869846754,77,6
mp-755941,Sm3TaO7,<PROJECT_ROOT>/external_datasets/functional_protocol_round4_widechem_boost/meta_gga_r2scan/cif/mp-755941.cif,train,-3.654859178507575,-8.852602178400213,-3.772579851419054,-3.768216720380527,-2.6393829363851022,22,3
mp-974729,Nd(Al2Cu)4,<PROJECT_ROOT>/external_datasets/functional_protocol_round4_widechem_boost/meta_gga_r2scan/cif/mp-974729.cif,train,-0.345021670576922,-4.241243215707632,-0.325093079244537,-0.3250909030612412,-0.3245278786630373,13,3
mp-10492,Rb2SiF6,<PROJECT_ROOT>/external_datasets/functional_protocol_round4_widechem_boost/meta_gga_r2scan/cif/mp-10492.cif,train,-3.380894988611111,-5.204255845811632,-3.440454640856878,-3.438060729779786,-2.818705575000005,9,3
mp-1540000,BaGaH5,<PROJECT_ROOT>/external_datasets/functional_protocol_round4_widechem_boost/meta_gga_r2scan/cif/mp-1540000.cif,train,-0.3178326119642867,-3.365932192121233,-0.2364491581021961,-0.236612798360464,-0.2789499755951867,14,3
mp-9092,Er2S3,<PROJECT_ROOT>/external_datasets/functional_protocol_round4_widechem_boost/meta_gga_r2scan/cif/mp-9092.cif,train,-2.359309233020832,-6.3632972717285154,-2.261181172453404,-2.258481471863937,-1.5600121375369231,20,2
mp-974368,Rh3Pb,<PROJECT_ROOT>/external_datasets/functional_protocol_round4_widechem_boost/meta_gga_r2scan/cif/mp-974368.cif,train,0.0380080675000016,-6.380697250366211,0.0442999111003974,0.0424123843611026,-0.4459304897578853,4,2
mp-1189755,Nd5CuBi3,<PROJECT_ROOT>/external_datasets/functional_protocol_round4_widechem_boost/meta_gga_r2scan/cif/mp-1189755.cif,train,-0.8247398380555511,-5.106879340277778,-0.7476163348175975,-0.7468044551409063,-0.5367541038016395,18,3
mp-562762,Ba2CoSe2(ClO3)2,<PROJECT_ROOT>/external_datasets/functional_protocol_round4_widechem_boost/meta_gga_r2scan/cif/mp-562762.cif,train,-1.7998858771634616,-5.468511728140024,-1.8988953039870229,-1.900500907230685,-2.3159042423878646,52,5
mp-21169,Ce2NiB10,<PROJECT_ROOT>/external_datasets/functional_protocol_round4_widechem_boost/meta_gga_r2scan/cif/mp-21169.cif,train,-0.6229726892307693,-7.070811931903545,-0.5628232230527503,-0.5635850019714121,-0.760673233270567,26,3
mp-1208222,Ti11CuP8,<PROJECT_ROOT>/external_datasets/functional_protocol_round4_widechem_boost/meta_gga_r2scan/cif/mp-1208222.cif,train,-1.182040531607143,-7.816282653808594,-1.1235086602434894,-1.1237887725311504,-1.1962597138930309,40,3
mp-265,TaIr3,<PROJECT_ROOT>/external_datasets/functional_protocol_round4_widechem_boost/meta_gga_r2scan/cif/mp-265.cif,train,-0.7576419043333331,-10.288875579833984,-0.7363462785616832,-0.7359273360716907,-0.627538100895162,4,2
mp-1213834,Cs3Sc2Br9,<PROJECT_ROOT>/external_datasets/functional_protocol_round4_widechem_boost/meta_gga_r2scan/cif/mp-1213834.cif,train,-2.0711599655357134,-3.9719908578055247,-2.0034058272668,-2.0011341694139926,-1.413408495512534,28,3
mp-3151,Li3TaO4,<PROJECT_ROOT>/external_datasets/functional_protocol_round4_widechem_boost/meta_gga_r2scan/cif/mp-3151.cif,train,-2.740547299041668,-7.172999858856201,-2.850664685287436,-2.847860919026613,-2.1224676063422185,32,3
mp-1072537,CeSiNi4,<PROJECT_ROOT>/external_datasets/functional_protocol_round4_widechem_boost/meta_gga_r2scan/cif/mp-1072537.cif,train,-0.5550880391666647,-6.3276214599609375,-0.6367176483349573,-0.6362281049733927,-0.509572939135988,6,3
mp-1185509,LuAlCu2,<PROJECT_ROOT>/external_datasets/functional_protocol_round4_widechem_boost/meta_gga_r2scan/cif/mp-1185509.cif,train,-0.4152125841666638,-4.488082885742188,-0.3915179772821426,-0.3911194940033029,-0.288023487136424,4,3
mp-864769,LiYb2Tl,<PROJECT_ROOT>/external_datasets/functional_protocol_round4_widechem_boost/meta_gga_r2scan/cif/mp-864769.cif,train,-0.2440510116666701,-2.041229724884033,-0.3879348916181917,-0.3879553393957158,-0.393245609578598,4,3
mp-1207604,Yb4Pt,<PROJECT_ROOT>/external_datasets/functional_protocol_round4_widechem_boost/meta_gga_r2scan/cif/mp-1207604.cif,train,-0.1057368609999969,-2.541777420043945,-0.3528678925198147,-0.3538461616288151,-0.606944959335098,10,2
mp-568371,Tm(SiRu)2,<PROJECT_ROOT>/external_datasets/functional_protocol_round4_widechem_boost/meta_gga_r2scan/cif/mp-568371.cif,train,-0.9622859120000016,-7.676128387451172,-0.8995728359813278,-0.8984288994867011,-0.6024684640918976,5,3
mp-21141,Fe2CuGe2,<PROJECT_ROOT>/external_datasets/functional_protocol_round4_widechem_boost/meta_gga_r2scan/cif/mp-21141.cif,train,0.0446050600000006,-6.13250961303711,-0.1108903652588608,-0.11045441830474,0.0023342294606676,10,3
mp-1210733,Lu4MgRh,<PROJECT_ROOT>/external_datasets/functional_protocol_round4_widechem_boost/meta_gga_r2scan/cif/mp-1210733.cif,train,-0.4525369119444396,-4.929383595784505,-0.4756464235523561,-0.4768302325010216,-0.7831065105347985,24,3
mp-865444,LiSc2Pt,<PROJECT_ROOT>/external_datasets/functional_protocol_round4_widechem_boost/meta_gga_r2scan/cif/mp-865444.cif,train,-0.786689594166667,-5.899845123291016,-0.8121639534120888,-0.8128466498964846,-0.9894745918236988,4,3
mp-1227387,Ca(ErTe2)2,<PROJECT_ROOT>/external_datasets/functional_protocol_round4_widechem_boost/meta_gga_r2scan/cif/mp-1227387.cif,train,-1.7119472038095256,-4.838795253208706,-1.5474892660763095,-1.5449658377785171,-0.8921018534339461,7,3
mp-568949,TlBr,<PROJECT_ROOT>/external_datasets/functional_protocol_round4_widechem_boost/meta_gga_r2scan/cif/mp-568949.cif,train,-0.97716263625,-2.856232166290283,-0.996850355841373,-0.9957199542401024,-0.7032612804742744,4,2
mp-971737,V2OsRu,<PROJECT_ROOT>/external_datasets/functional_protocol_round4_widechem_boost/meta_gga_r2scan/cif/mp-971737.cif,train,-0.3276724637500017,-9.918968200683594,-0.5674308146661247,-0.5665144575260088,-0.3294335885769983,4,3
mp-1095690,Tm2Au,<PROJECT_ROOT>/external_datasets/functional_protocol_round4_widechem_boost/meta_gga_r2scan/cif/mp-1095690.cif,train,-0.7643416283333361,-4.737253824869792,-0.7283359377828322,-0.7281876728016128,-0.689828403209126,12,2
mp-20471,U4Si6Tc7,<PROJECT_ROOT>/external_datasets/functional_protocol_round4_widechem_boost/meta_gga_r2scan/cif/mp-20471.cif,train,-0.6143477976470623,-9.421460319967832,-0.649687407602201,-0.6491422615199491,-0.5081015021687494,17,3
mp-1016271,Mg7Al,<PROJECT_ROOT>/external_datasets/functional_protocol_round4_widechem_boost/meta_gga_r2scan/cif/mp-1016271.cif,train,0.0249879031249991,-1.860569953918457,0.0312954011471298,0.0310392402276464,-0.035234978331144,8,2
mp-653337,Ba4Yb(CuO3)3,<PROJECT_ROOT>/external_datasets/functional_protocol_round4_widechem_boost/meta_gga_r2scan/cif/mp-653337.cif,train,-2.277796831985293,-5.771165286793428,-2.2611597426470107,-2.2608537190442908,-2.181678975402842,34,4
mp-864992,MnNbRu2,<PROJECT_ROOT>/external_datasets/functional_protocol_round4_widechem_boost/meta_gga_r2scan/cif/mp-864992.cif,train,-0.3257362961206915,-9.612313270568848,-0.3397509600422417,-0.3398385873031211,-0.3625096030560288,4,3
mp-1223463,KCNO,<PROJECT_ROOT>/external_datasets/functional_protocol_round4_widechem_boost/meta_gga_r2scan/cif/mp-1223463.cif,train,-1.0792012415624992,-6.878123283386231,-1.1922602208693336,-1.192493519615068,-1.2528528128900327,8,4
mp-1094789,Mg3Zn,<PROJECT_ROOT>/external_datasets/functional_protocol_round4_widechem_boost/meta_gga_r2scan/cif/mp-1094789.cif,train,0.0205861074999997,-1.512812614440918,0.0199525135356544,0.0199500879383682,0.0193225348950959,4,2
mp-1095369,Sr3(GaIr)4,<PROJECT_ROOT>/external_datasets/functional_protocol_round4_widechem_boost/meta_gga_r2scan/cif/mp-1095369.cif,train,-0.6401197100000011,-5.3324668190696025,-0.6333527916225128,-0.6338970165170981,-0.7746994452505764,11,3
mp-863669,Pm2CuPt,<PROJECT_ROOT>/external_datasets/functional_protocol_round4_widechem_boost/meta_gga_r2scan/cif/mp-863669.cif,train,-0.698361048749998,-5.558037757873535,-0.6953729690351684,-0.6945893955307199,-0.4918624464087192,4,3
mp-772228,CdP4O11,<PROJECT_ROOT>/external_datasets/functional_protocol_round4_widechem_boost/meta_gga_r2scan/cif/mp-772228.cif,train,-2.184351899728423,-6.785432815551758,-2.4095463634414145,-2.4100547775108474,-2.541592192449073,64,3
mp-1223228,La2CuSi3,<PROJECT_ROOT>/external_datasets/functional_protocol_round4_widechem_boost/meta_gga_r2scan/cif/mp-1223228.cif,train,-0.7209716991666658,-5.709774017333984,-0.6730863620956953,-0.673731226781979,-0.8405712867236357,6,3
mp-1025400,YbCl3,<PROJECT_ROOT>/external_datasets/functional_protocol_round4_widechem_boost/meta_gga_r2scan/cif/mp-1025400.cif,train,-2.4866679443749984,-3.330556869506836,-1.811908635294273,-1.811077510860432,-1.5960481360045096,8,2
mp-865623,Lu2IrRh,<PROJECT_ROOT>/external_datasets/functional_protocol_round4_widechem_boost/meta_gga_r2scan/cif/mp-865623.cif,train,-1.127786865833329,-7.325475215911865,-1.0838571579563974,-1.0828170254504563,-0.813712865579685,4,3
mp-975799,LiZn3,<PROJECT_ROOT>/external_datasets/functional_protocol_round4_widechem_boost/meta_gga_r2scan/cif/mp-975799.cif,train,-0.1592490316666674,-1.585352897644043,-0.2065245806365414,-0.2065325081060374,-0.2085835112195153,8,2
mp-1183862,DyErCu2,<PROJECT_ROOT>/external_datasets/functional_protocol_round4_widechem_boost/meta_gga_r2scan/cif/mp-1183862.cif,train,-0.268940989583335,-4.6013031005859375,-0.3187762226911106,-0.3195983756650769,-0.5323066451249114,4,3
mp-699482,Na2H20CO13,<PROJECT_ROOT>/external_datasets/functional_protocol_round4_widechem_boost/meta_gga_r2scan/cif/mp-699482.cif,train,-1.1875674151041669,-5.147195604112413,-1.3692316609253243,-1.3688100564264687,-1.2597321035751743,72,4
mp-29037,BaV3O8,<PROJECT_ROOT>/external_datasets/functional_protocol_round4_widechem_boost/meta_gga_r2scan/cif/mp-29037.cif,train,-2.759680832916667,-7.460927327473958,-2.3023745448717428,-2.303331835611189,-2.551003087802531,24,3
mp-861977,PaGaNi2,<PROJECT_ROOT>/external_datasets/functional_protocol_round4_widechem_boost/meta_gga_r2scan/cif/mp-861977.cif,train,-0.3670551449999983,-6.423703193664551,-0.4220816374949239,-0.4218492824143967,-0.361734135182676,4,3
mp-23024,SrBrF,<PROJECT_ROOT>/external_datasets/functional_protocol_round4_widechem_boost/meta_gga_r2scan/cif/mp-23024.cif,train,-3.3684375725000018,-4.805418650309245,-3.3579329427309688,-3.3542393281381324,-2.3986235328238044,6,3
mp-1020594,Zn2SiO4,<PROJECT_ROOT>/external_datasets/functional_protocol_round4_widechem_boost/meta_gga_r2scan/cif/mp-1020594.cif,train,-2.2560650046428585,-5.995020185198102,-2.386315571385101,-2.385064096793669,-2.061281293539984,28,3
mp-19824,Ca(MnGe)2,<PROJECT_ROOT>/external_datasets/functional_protocol_round4_widechem_boost/meta_gga_r2scan/cif/mp-19824.cif,train,-0.5020628337931043,-6.191325378417969,-0.614140888612865,-0.6139996445647045,-0.5774568380438547,5,3
mp-1079181,LiOsF6,<PROJECT_ROOT>/external_datasets/functional_protocol_round4_widechem_boost/meta_gga_r2scan/cif/mp-1079181.cif,train,-2.2996814345833325,-5.154067039489746,-2.4687764148639446,-2.4707206256004337,-2.973728842209755,8,3
mp-1191059,Zr(BH4)4,<PROJECT_ROOT>/external_datasets/functional_protocol_round4_widechem_boost/meta_gga_r2scan/cif/mp-1191059.cif,train,-0.1995915064285719,-4.426407586960566,-0.1386825833028977,-0.1388341076536319,-0.1780366447351483,21,3
mp-980063,YbDy3,<PROJECT_ROOT>/external_datasets/functional_protocol_round4_widechem_boost/meta_gga_r2scan/cif/mp-980063.cif,train,0.0436448949999999,-3.720372676849365,-0.0691948466789891,-0.0729459923363453,-1.043446284291722,4,2
mp-1189580,CeGe2Pt,<PROJECT_ROOT>/external_datasets/functional_protocol_round4_widechem_boost/meta_gga_r2scan/cif/mp-1189580.cif,train,-0.9685080849999964,-6.174572944641113,-0.920021836041248,-0.9196799339553544,-0.8312226719571751,16,3
mp-1223780,K5Br4Cl,<PROJECT_ROOT>/external_datasets/functional_protocol_round4_widechem_boost/meta_gga_r2scan/cif/mp-1223780.cif,train,-2.0195083651249988,-3.186843681335449,-1.9164507852569168,-1.913753230748462,-1.2158391327275513,10,3
mp-11687,VTe2,<PROJECT_ROOT>/external_datasets/functional_protocol_round4_widechem_boost/meta_gga_r2scan/cif/mp-11687.cif,train,-0.4495598111111134,-5.434054480658637,-0.5498761672912993,-0.5500355109372714,-0.5912610641587432,9,2
mp-12975,Sm2CdPd2,<PROJECT_ROOT>/external_datasets/functional_protocol_round4_widechem_boost/meta_gga_r2scan/cif/mp-12975.cif,train,-0.7959425020000026,-4.906806182861328,-0.8202742010522304,-0.8200803724130399,-0.7699328260075928,10,3
mp-22988,CsGeCl3,<PROJECT_ROOT>/external_datasets/functional_protocol_round4_widechem_boost/meta_gga_r2scan/cif/mp-22988.cif,train,-1.4532687874999994,-3.550907516479492,-1.4833343238270476,-1.483016871669589,-1.4008853204982683,5,3
mp-7644,LuAsO4,<PROJECT_ROOT>/external_datasets/functional_protocol_round4_widechem_boost/meta_gga_r2scan/cif/mp-7644.cif,train,-2.659010899027777,-7.214648564656575,-2.8429167383174407,-2.841711026598481,-2.5297680411354007,12,3
mp-550306,YCu2Bi2(SeO2)2,<PROJECT_ROOT>/external_datasets/functional_protocol_round4_widechem_boost/meta_gga_r2scan/cif/mp-550306.cif,train,-1.555706497556819,-5.865324540571733,-1.6525432721957038,-1.651979299648608,-1.506067737793483,11,5
mp-1095488,UB4Os,<PROJECT_ROOT>/external_datasets/functional_protocol_round4_widechem_boost/meta_gga_r2scan/cif/mp-1095488.cif,train,-0.541261485000002,-8.693833033243815,-0.5330411575100875,-0.5338060037626153,-0.7316878188602088,12,3
mp-1184453,Gd3Er,<PROJECT_ROOT>/external_datasets/functional_protocol_round4_widechem_boost/meta_gga_r2scan/cif/mp-1184453.cif,train,0.0729182016666669,-11.6548490524292,0.0083314233797899,0.004337140802427,-1.0290677870675475,4,2
mp-1212911,Dy5(GeSb)2,<PROJECT_ROOT>/external_datasets/functional_protocol_round4_widechem_boost/meta_gga_r2scan/cif/mp-1212911.cif,train,-1.1337037872222249,-5.471037122938368,-1.047072096147505,-1.0462472583359927,-0.8328443649256978,18,3
mp-1186739,PrAgAu2,<PROJECT_ROOT>/external_datasets/functional_protocol_round4_widechem_boost/meta_gga_r2scan/cif/mp-1186739.cif,train,-0.6058108916666711,-4.096716403961182,-0.5741596187354574,-0.5729831073148999,-0.2685948533179165,4,3
mp-1078668,NiPbO3,<PROJECT_ROOT>/external_datasets/functional_protocol_round4_widechem_boost/meta_gga_r2scan/cif/mp-1078668.cif,train,-1.0700276732499987,-5.179904174804688,-0.6995319171028216,-0.7045983041131629,-2.0153792019491186,10,3
mp-1245798,LiFeN,<PROJECT_ROOT>/external_datasets/functional_protocol_round4_widechem_boost/meta_gga_r2scan/cif/mp-1245798.cif,train,-0.3944838868055562,-6.476688385009766,-0.4093882162944178,-0.4098393255998518,-0.5265507925938275,12,3
mp-8666,CsAgO,<PROJECT_ROOT>/external_datasets/functional_protocol_round4_widechem_boost/meta_gga_r2scan/cif/mp-8666.cif,train,-0.8735991429166626,-3.648169199625651,-0.9625094615651686,-0.963670556008017,-1.2640701135561012,12,3
mp-1080233,CsSrCl3,<PROJECT_ROOT>/external_datasets/functional_protocol_round4_widechem_boost/meta_gga_r2scan/cif/mp-1080233.cif,train,-2.5254743835,-3.907540130615234,-2.467359669617254,-2.464181920637758,-1.6420314114201702,5,3
mp-540759,Al2CoCl8,<PROJECT_ROOT>/external_datasets/functional_protocol_round4_widechem_boost/meta_gga_r2scan/cif/mp-540759.cif,train,-1.4205753609090912,-3.897598613392223,-1.404826295089301,-1.4050926439544122,-1.4740026983627683,22,3
mp-973629,LuAlPd,<PROJECT_ROOT>/external_datasets/functional_protocol_round4_widechem_boost/meta_gga_r2scan/cif/mp-973629.cif,train,-0.9295294788888888,-5.369940863715278,-0.9146577735794068,-0.9136653079941306,-0.6568935832356952,9,3
mp-771248,Na2Ge2O5,<PROJECT_ROOT>/external_datasets/functional_protocol_round4_widechem_boost/meta_gga_r2scan/cif/mp-771248.cif,train,-1.912193527361112,-5.812825520833333,-2.117640124066454,-2.117696323685765,-2.132236347431278,36,3
mp-862776,TmPaOs2,<PROJECT_ROOT>/external_datasets/functional_protocol_round4_widechem_boost/meta_gga_r2scan/cif/mp-862776.cif,train,-0.3618604374999989,-9.380772590637209,-0.3344607135842796,-0.33448592605572,-0.3410089227994043,4,3
mp-636287,Eu3(GaNi)4,<PROJECT_ROOT>/external_datasets/functional_protocol_round4_widechem_boost/meta_gga_r2scan/cif/mp-636287.cif,train,-0.4979989440909094,-6.481954401189631,-0.5206477684295159,-0.5205457109190599,-0.494141286047546,11,3
mp-1400963,TiO2,<PROJECT_ROOT>/external_datasets/functional_protocol_round4_widechem_boost/meta_gga_r2scan/cif/mp-1400963.cif,train,-3.248794143888889,-8.908392588297525,-3.4089971808520456,-3.406660973995211,-2.802235114877541,12,2
mp-1223387,KNa4Cl5,<PROJECT_ROOT>/external_datasets/functional_protocol_round4_widechem_boost/meta_gga_r2scan/cif/mp-1223387.cif,train,-2.0516544706250004,-3.3784099578857423,-1.9961442117036152,-1.9934875046352056,-1.306141498632602,10,3
mp-1219582,RbAlNiF6,<PROJECT_ROOT>/external_datasets/functional_protocol_round4_widechem_boost/meta_gga_r2scan/cif/mp-1219582.cif,train,-3.187907227916667,-5.036591423882379,-2.934052717407952,-2.9332231462733285,-2.718595642602236,18,4
mp-7446,Rb2S3,<PROJECT_ROOT>/external_datasets/functional_protocol_round4_widechem_boost/meta_gga_r2scan/cif/mp-7446.cif,train,-0.9422410801875004,-3.6517707824707033,-0.9717323285698014,-0.9732289560729042,-1.3604379746988229,10,2
mp-972861,Sc2TlTc,<PROJECT_ROOT>/external_datasets/functional_protocol_round4_widechem_boost/meta_gga_r2scan/cif/mp-972861.cif,train,-0.2322855374999974,-6.527556419372559,-0.1997067584869238,-0.2002571208491979,-0.3426474415710387,4,3
mp-1207653,Yb3Cu11Si4,<PROJECT_ROOT>/external_datasets/functional_protocol_round4_widechem_boost/meta_gga_r2scan/cif/mp-1207653.cif,train,-0.3629263805555575,-4.232533772786458,-0.2905309114353631,-0.2900635152974518,-0.1691383021156879,36,3
mp-1199006,Tb2HfS5,<PROJECT_ROOT>/external_datasets/functional_protocol_round4_widechem_boost/meta_gga_r2scan/cif/mp-1199006.cif,train,-2.173636854257812,-6.873655319213867,-2.089430027216225,-2.087416430292026,-1.5664565472836216,32,3
mp-21415,Dy(NiGe)2,<PROJECT_ROOT>/external_datasets/functional_protocol_round4_widechem_boost/meta_gga_r2scan/cif/mp-21415.cif,train,-0.718147669000001,-5.7661384582519535,-0.7150713538947819,-0.7141861388660411,-0.4851623892381789,5,3
mp-779738,Hf2N2O,<PROJECT_ROOT>/external_datasets/functional_protocol_round4_widechem_boost/meta_gga_r2scan/cif/mp-779738.cif,train,-2.568943580749999,-10.552027893066406,-2.497984625424973,-2.4954688424271074,-1.844582858003662,40,3
mp-1208300,TbPPd,<PROJECT_ROOT>/external_datasets/functional_protocol_round4_widechem_boost/meta_gga_r2scan/cif/mp-1208300.cif,train,-1.3770935551587324,-6.335458119710286,-1.2909808029620675,-1.2888744173497342,-0.7439081487929846,12,3
mp-24153,LaH2,<PROJECT_ROOT>/external_datasets/functional_protocol_round4_widechem_boost/meta_gga_r2scan/cif/mp-24153.cif,train,-0.7461309741666659,-4.526088078816732,-0.6502121774650158,-0.6494850995966495,-0.4613747600156051,3,2
mp-1546340,LaP5,<PROJECT_ROOT>/external_datasets/functional_protocol_round4_widechem_boost/meta_gga_r2scan/cif/mp-1546340.cif,train,-0.678575252480158,-5.896002451578776,-0.591116032818146,-0.5923376587572191,-0.908397987754658,24,2
mp-27557,Na8Fe2O7,<PROJECT_ROOT>/external_datasets/functional_protocol_round4_widechem_boost/meta_gga_r2scan/cif/mp-27557.cif,train,-1.6513976784558826,-4.758932674632353,-1.4528054568832718,-1.4536391786501168,-1.66934053819136,68,3
mp-11155,NdMgGa,<PROJECT_ROOT>/external_datasets/functional_protocol_round4_widechem_boost/meta_gga_r2scan/cif/mp-11155.cif,train,-0.5557337041666668,-3.6200184292263455,-0.5190356132777394,-0.5189098600245812,-0.4863748480441732,9,3
mp-754672,TiO2,<PROJECT_ROOT>/external_datasets/functional_protocol_round4_widechem_boost/meta_gga_r2scan/cif/mp-754672.cif,train,-3.233759101388889,-8.948499043782553,-3.449103636337073,-3.4466130081978905,-2.802235114877541,12,2
mp-10212,ScGe2,<PROJECT_ROOT>/external_datasets/functional_protocol_round4_widechem_boost/meta_gga_r2scan/cif/mp-10212.cif,train,-0.5711587466666662,-5.754889806111653,-0.5429151623486712,-0.5433364162355705,-0.6523236583995411,6,2
mp-567492,Ce2WC2,<PROJECT_ROOT>/external_datasets/functional_protocol_round4_widechem_boost/meta_gga_r2scan/cif/mp-567492.cif,train,-0.3485240970000006,-8.930187225341797,-0.5684114168143726,-0.5680720659328369,-0.480274854183188,20,3
mp-974437,Re2C,<PROJECT_ROOT>/external_datasets/functional_protocol_round4_widechem_boost/meta_gga_r2scan/cif/mp-974437.cif,train,-0.053344501666667,-11.401537577311196,0.0284832027655497,0.0299394321889199,0.4066966177518156,6,2
mp-28384,GaBr2,<PROJECT_ROOT>/external_datasets/functional_protocol_round4_widechem_boost/meta_gga_r2scan/cif/mp-28384.cif,train,-0.846106591666666,-2.866452217102051,-0.9385291614730552,-0.9397808546413122,-1.2636202083167576,24,2
mp-569335,Sm2C3,<PROJECT_ROOT>/external_datasets/functional_protocol_round4_widechem_boost/meta_gga_r2scan/cif/mp-569335.cif,train,-0.3573254239999983,-7.626140594482422,-0.2585303047960456,-0.2593681139275183,-0.4761269606800047,20,2
mp-28787,Zn2BIr2,<PROJECT_ROOT>/external_datasets/functional_protocol_round4_widechem_boost/meta_gga_r2scan/cif/mp-28787.cif,train,-0.3348208535000026,-5.672723388671875,-0.3244108438495026,-0.32451210915612,-0.3507115742307575,30,3
mp-998711,TlGeF3,<PROJECT_ROOT>/external_datasets/functional_protocol_round4_widechem_boost/meta_gga_r2scan/cif/mp-998711.cif,train,-2.1341813830000005,-4.559524917602539,-2.302576456996248,-2.302692335610981,-2.3326725709015275,10,3
mp-18917,Na7Fe3O8,<PROJECT_ROOT>/external_datasets/functional_protocol_round4_widechem_boost/meta_gga_r2scan/cif/mp-18917.cif,train,-1.6861387363888884,-5.138874053955078,-1.378485444756819,-1.3797601728247804,-1.7095591396251923,36,3
mp-1206164,Tm3Ga5Ni,<PROJECT_ROOT>/external_datasets/functional_protocol_round4_widechem_boost/meta_gga_r2scan/cif/mp-1206164.cif,train,-0.7459058700000045,-4.477632310655382,-0.7004540878090584,-0.6997390223897115,-0.5147365560431214,9,3
mp-1221387,MoW,<PROJECT_ROOT>/external_datasets/functional_protocol_round4_widechem_boost/meta_gga_r2scan/cif/mp-1221387.cif,train,-0.0004507800000013,-11.895164489746094,-0.6858431045114983,-0.6818683652933855,0.3464802843982761,2,2
mp-980426,TmAlAg2,<PROJECT_ROOT>/external_datasets/functional_protocol_round4_widechem_boost/meta_gga_r2scan/cif/mp-980426.cif,train,-0.3530098674999991,-3.7982702255249023,-0.3177215340329633,-0.3171605856209387,-0.1720314311274421,4,3
mp-569406,TmZn2,<PROJECT_ROOT>/external_datasets/functional_protocol_round4_widechem_boost/meta_gga_r2scan/cif/mp-569406.cif,train,-0.4451245333333347,-2.717322667439779,-0.4250253128809849,-0.4245261683329859,-0.2953869735912321,6,2
mp-1185826,MgAlAu2,<PROJECT_ROOT>/external_datasets/functional_protocol_round4_widechem_boost/meta_gga_r2scan/cif/mp-1185826.cif,train,-0.4988239062499993,-3.4536843299865723,-0.4938135853886862,-0.4929258553463826,-0.2632514188074745,4,3
mp-1209813,Sm3Sn13Ru4,<PROJECT_ROOT>/external_datasets/functional_protocol_round4_widechem_boost/meta_gga_r2scan/cif/mp-1209813.cif,train,-0.4147983314999976,-5.578164291381836,-0.4043348226006698,-0.4043936257595417,-0.4196072399665362,40,3
mp-1104639,YbGa6,<PROJECT_ROOT>/external_datasets/functional_protocol_round4_widechem_boost/meta_gga_r2scan/cif/mp-1104639.cif,train,-0.3064358607142858,-3.073763166155134,-0.3100388528696318,-0.3103297511356011,-0.3855912519780667,14,2
mp-638079,Gd2In,<PROJECT_ROOT>/external_datasets/functional_protocol_round4_widechem_boost/meta_gga_r2scan/cif/mp-638079.cif,train,-0.4829216116666686,-10.681673685709637,-0.4259937926415666,-0.4269730593709013,-0.6803299624447411,6,2
mp-505209,Rb2MnO4,<PROJECT_ROOT>/external_datasets/functional_protocol_round4_widechem_boost/meta_gga_r2scan/cif/mp-505209.cif,train,-1.8262321974261084,-5.491170610700335,-1.573127178445051,-1.5755399510991612,-2.199774992635012,28,3
mp-542640,GePt,<PROJECT_ROOT>/external_datasets/functional_protocol_round4_widechem_boost/meta_gga_r2scan/cif/mp-542640.cif,train,-0.4859539637499992,-5.806408882141113,-0.4882078890069206,-0.4889394017174524,-0.6781971282763446,8,2
mp-1814,BaAg5,<PROJECT_ROOT>/external_datasets/functional_protocol_round4_widechem_boost/meta_gga_r2scan/cif/mp-1814.cif,train,-0.1450250816666643,-2.843999226888021,-0.1247222311646685,-0.1242098862393099,0.0083445238130704,6,2
mp-1212672,Gd3BBr3,<PROJECT_ROOT>/external_datasets/functional_protocol_round4_widechem_boost/meta_gga_r2scan/cif/mp-1212672.cif,train,-1.4564413696428582,-8.972273690359932,-1.388177509780121,-1.3876108563346845,-1.241005689683918,28,3
mp-30856,ZnPt3,<PROJECT_ROOT>/external_datasets/functional_protocol_round4_widechem_boost/meta_gga_r2scan/cif/mp-30856.cif,train,-0.3727603587499999,-5.172482490539551,-0.386654819871925,-0.387849102832436,-0.6968352280627371,4,2
mp-1076977,DyAlGe,<PROJECT_ROOT>/external_datasets/functional_protocol_round4_widechem_boost/meta_gga_r2scan/cif/mp-1076977.cif,train,-0.7293681633333335,-4.974197069803874,-0.6908439579329171,-0.6908935363197442,-0.7037205079370773,6,3
mp-558376,Na2Mn2O3,<PROJECT_ROOT>/external_datasets/functional_protocol_round4_widechem_boost/meta_gga_r2scan/cif/mp-558376.cif,train,-1.7533297278879325,-6.105179922921317,-1.536667918922686,-1.537431956755877,-1.7351046167659692,28,3
mp-569326,Zr4(AlC2)3,<PROJECT_ROOT>/external_datasets/functional_protocol_round4_widechem_boost/meta_gga_r2scan/cif/mp-569326.cif,train,-0.7534914796153859,-8.322017963115986,-0.6135835180966884,-0.6126708158956626,-0.3765355565713998,26,3
mp-8161,CaPdF4,<PROJECT_ROOT>/external_datasets/functional_protocol_round4_widechem_boost/meta_gga_r2scan/cif/mp-8161.cif,train,-2.79919496,-4.985004742940267,-2.8592462031954167,-2.8593385165878717,-2.8832219331518147,12,3
mp-1220069,NdTh,<PROJECT_ROOT>/external_datasets/functional_protocol_round4_widechem_boost/meta_gga_r2scan/cif/mp-1220069.cif,train,0.0488368112500054,-6.0362396240234375,-0.0349195692053463,-0.0385648305195829,-0.981670615488021,2,2
mp-1222612,Li2SnIr,<PROJECT_ROOT>/external_datasets/functional_protocol_round4_widechem_boost/meta_gga_r2scan/cif/mp-1222612.cif,train,-0.4580012083333322,-4.580345153808594,-0.481208739873356,-0.4816972414706368,-0.6080828809538333,4,3
mp-1444738,CsI,<PROJECT_ROOT>/external_datasets/functional_protocol_round4_widechem_boost/meta_gga_r2scan/cif/mp-1444738.cif,train,-1.7578591262500003,-2.752058982849121,-1.652971645214751,-1.6501519773369775,-0.920644581854573,4,2
mp-22307,ScSi2Rh,<PROJECT_ROOT>/external_datasets/functional_protocol_round4_widechem_boost/meta_gga_r2scan/cif/mp-22307.cif,train,-0.9408155531250006,-7.049407005310059,-0.8899828126401914,-0.8898454517724952,-0.85430730572658,16,3
mp-7506,Cr5Si3,<PROJECT_ROOT>/external_datasets/functional_protocol_round4_widechem_boost/meta_gga_r2scan/cif/mp-7506.cif,train,-0.121995866875002,-8.367966651916504,-0.4877045273191083,-0.4868063314780722,-0.2544241726536666,16,2
mp-23228,PCl5,<PROJECT_ROOT>/external_datasets/functional_protocol_round4_widechem_boost/meta_gga_r2scan/cif/mp-23228.cif,train,-0.6468731454960318,-3.004720052083333,-0.7618786382811336,-0.765731301035804,-1.7624962016093446,24,2
mp-12620,NdSeF,<PROJECT_ROOT>/external_datasets/functional_protocol_round4_widechem_boost/meta_gga_r2scan/cif/mp-12620.cif,train,-3.229419413854167,-6.264425277709961,-3.141158430871725,-3.137314578853844,-2.1428292012336696,6,3
mp-1071028,LaAsIr,<PROJECT_ROOT>/external_datasets/functional_protocol_round4_widechem_boost/meta_gga_r2scan/cif/mp-1071028.cif,train,-1.196138074166664,-7.185103098551433,-1.1614187880670164,-1.1601404313415609,-0.8294026545144928,6,3
mp-19875,GdSiRu,<PROJECT_ROOT>/external_datasets/functional_protocol_round4_widechem_boost/meta_gga_r2scan/cif/mp-19875.cif,train,-0.8534638450000026,-10.406222025553385,-0.8030254673842183,-0.802533279820989,-0.6751940033933628,6,3
mp-570403,TbCd3,<PROJECT_ROOT>/external_datasets/functional_protocol_round4_widechem_boost/meta_gga_r2scan/cif/mp-570403.cif,train,-0.3319870937499978,-2.1282668113708496,-0.325307897472249,-0.3248664215821213,-0.2106473217669422,8,2
mp-2557,Zr2Al,<PROJECT_ROOT>/external_datasets/functional_protocol_round4_widechem_boost/meta_gga_r2scan/cif/mp-2557.cif,train,-0.3975307583333342,-7.3041337331136065,-0.4550700144788395,-0.4568040522734486,-0.9054361075533162,6,2
mp-998964,TiGaFeCo,<PROJECT_ROOT>/external_datasets/functional_protocol_round4_widechem_boost/meta_gga_r2scan/cif/mp-998964.cif,train,-0.3617637991666687,-7.08934497833252,-0.5154440303556971,-0.5146785676178194,-0.3166372547921346,4,4
mp-29722,Ca11InSb9,<PROJECT_ROOT>/external_datasets/functional_protocol_round4_widechem_boost/meta_gga_r2scan/cif/mp-29722.cif,train,-1.1514491335714292,-3.922051202683222,-1.0678572925491774,-1.0670778858613872,-0.8654289798635255,42,3
mp-2240190,Ba2YbMgNbO6,<PROJECT_ROOT>/external_datasets/functional_protocol_round4_widechem_boost/meta_gga_r2scan/cif/mp-2240190.cif,train,-2.7281217120454566,-6.676234158602628,-2.797616126190888,-2.795509698672798,-2.2505325882088094,11,5
mp-1213187,Dy2Mo4O15,<PROJECT_ROOT>/external_datasets/functional_protocol_round4_widechem_boost/meta_gga_r2scan/cif/mp-1213187.cif,train,-2.644047735773808,-7.438813709077381,-1.9311883982121325,-1.93330450126793,-2.480784876875722,42,3
mp-1078752,SmCoGe2,<PROJECT_ROOT>/external_datasets/functional_protocol_round4_widechem_boost/meta_gga_r2scan/cif/mp-1078752.cif,train,-0.6570552262500016,-5.921370983123779,-0.6723722358485578,-0.6716667399731655,-0.4891401159473777,8,3
mp-4767,Ce(SiOs)2,<PROJECT_ROOT>/external_datasets/functional_protocol_round4_widechem_boost/meta_gga_r2scan/cif/mp-4767.cif,train,-0.8034754640000017,-8.560198974609374,-0.7618767519690568,-0.7611839924954564,-0.5819525435524177,5,3
mp-29151,Li5NCl2,<PROJECT_ROOT>/external_datasets/functional_protocol_round4_widechem_boost/meta_gga_r2scan/cif/mp-29151.cif,train,-1.2699695146354155,-3.788406372070313,-1.2573935654356716,-1.2569554086937735,-1.1435950423207335,8,3
mp-558346,Nd(IO3)3,<PROJECT_ROOT>/external_datasets/functional_protocol_round4_widechem_boost/meta_gga_r2scan/cif/mp-558346.cif,train,-1.1020490904807705,-5.131612924429087,-1.4705256514415872,-1.4752672334264307,-2.7020142384542583,52,3
mp-1196758,KCd(BO2)3,<PROJECT_ROOT>/external_datasets/functional_protocol_round4_widechem_boost/meta_gga_r2scan/cif/mp-1196758.cif,train,-2.346358096704546,-6.8795859596946025,-2.502693557689227,-2.501127537216697,-2.0959650976253155,44,4
mp-1111581,K2TlGaCl6,<PROJECT_ROOT>/external_datasets/functional_protocol_round4_widechem_boost/meta_gga_r2scan/cif/mp-1111581.cif,train,-1.5383923772499997,-3.245291519165039,-1.5216072388042456,-1.520795866054658,-1.3108766674191683,10,4
mp-31116,LaScO3,<PROJECT_ROOT>/external_datasets/functional_protocol_round4_widechem_boost/meta_gga_r2scan/cif/mp-31116.cif,train,-3.8549976187500015,-8.758408355712891,-3.949213000043617,-3.943788306392091,-2.540305943012136,20,3
mp-1104042,Sr2Zn2As3,<PROJECT_ROOT>/external_datasets/functional_protocol_round4_widechem_boost/meta_gga_r2scan/cif/mp-1104042.cif,train,-0.9376019746428595,-3.625794001988002,-0.8964905395005647,-0.8957564898406689,-0.7058424011056034,14,3
mp-1186490,Pm3Dy,<PROJECT_ROOT>/external_datasets/functional_protocol_round4_widechem_boost/meta_gga_r2scan/cif/mp-1186490.cif,train,0.0331307656249961,-4.698519706726074,-0.0696254648601986,-0.0722603324979145,-0.7539560183618711,4,2
mp-771843,Mn3(PO4)2,<PROJECT_ROOT>/external_datasets/functional_protocol_round4_widechem_boost/meta_gga_r2scan/cif/mp-771843.cif,train,-2.3692735380308205,-7.71409665621244,-2.2987832426948467,-2.298753890711599,-2.2911599151891027,26,3
mp-865798,GaCu3,<PROJECT_ROOT>/external_datasets/functional_protocol_round4_widechem_boost/meta_gga_r2scan/cif/mp-865798.cif,train,-0.1019898000000001,-3.917003631591797,-0.0811452229947544,-0.0807164532263229,0.0302153056154165,8,2
mp-557564,CeNbO4,<PROJECT_ROOT>/external_datasets/functional_protocol_round4_widechem_boost/meta_gga_r2scan/cif/mp-557564.cif,train,-3.3140805866666674,-8.969348271687826,-3.4280852690388706,-3.4250147035947327,-2.630594829724118,12,3
mp-560023,NiSnF6,<PROJECT_ROOT>/external_datasets/functional_protocol_round4_widechem_boost/meta_gga_r2scan/cif/mp-560023.cif,train,-2.51694199875,-4.588313102722168,-2.2940917008274577,-2.296567755880384,-2.93717528521824,8,3
mp-570798,Er3(P3Pd10)2,<PROJECT_ROOT>/external_datasets/functional_protocol_round4_widechem_boost/meta_gga_r2scan/cif/mp-570798.cif,train,-0.7632378850985254,-5.893086926690463,-0.7288818605094702,-0.7285333425775553,-0.6383644220511271,29,3
mp-29144,KTe2F9,<PROJECT_ROOT>/external_datasets/functional_protocol_round4_widechem_boost/meta_gga_r2scan/cif/mp-29144.cif,train,-2.4241820357291672,-4.308261553446452,-2.634300867863672,-2.635863014966344,-3.040023332291511,24,3
mp-25773,Mn8Cl3O10,<PROJECT_ROOT>/external_datasets/functional_protocol_round4_widechem_boost/meta_gga_r2scan/cif/mp-25773.cif,train,-2.01413065956486,-6.9658392043340776,-1.4995094608833552,-1.501505166788717,-2.017836266862345,42,3
mp-558865,SeS4(NCl)3,<PROJECT_ROOT>/external_datasets/functional_protocol_round4_widechem_boost/meta_gga_r2scan/cif/mp-558865.cif,train,0.1450520256534094,-4.421222686767578,-0.0738352654926881,-0.0797591711964162,-1.6123981940697234,88,4
mp-1101715,VCrO3,<PROJECT_ROOT>/external_datasets/functional_protocol_round4_widechem_boost/meta_gga_r2scan/cif/mp-1101715.cif,train,-2.51402590725,-7.970227813720703,-1.8153219833083272,-1.816592300747744,-2.145250145160084,20,3
mp-801,Mo3Os,<PROJECT_ROOT>/external_datasets/functional_protocol_round4_widechem_boost/meta_gga_r2scan/cif/mp-801.cif,train,0.0017573587499981,-10.925459861755373,-0.2691476397595291,-0.2669856558226131,0.2923650688892798,8,2
mp-3166,Th(SiOs)2,<PROJECT_ROOT>/external_datasets/functional_protocol_round4_widechem_boost/meta_gga_r2scan/cif/mp-3166.cif,train,-0.8507438000000036,-8.913619232177734,-0.7885320146128176,-0.7871970684089691,-0.4418184030906357,5,3
mp-1220154,NdU2S5,<PROJECT_ROOT>/external_datasets/functional_protocol_round4_widechem_boost/meta_gga_r2scan/cif/mp-1220154.cif,train,-2.057302013632814,-7.606189727783203,-1.895844251458393,-1.8951525433320773,-1.7161931000456705,32,3
mp-570990,Cs2MoCl6,<PROJECT_ROOT>/external_datasets/functional_protocol_round4_widechem_boost/meta_gga_r2scan/cif/mp-570990.cif,train,-1.664493802777776,-4.073701646592882,-1.6476497559051184,-1.6467836803672204,-1.4227117196498178,9,3
mp-4758,K2NbF7,<PROJECT_ROOT>/external_datasets/functional_protocol_round4_widechem_boost/meta_gga_r2scan/cif/mp-4758.cif,train,-3.27967835975,-5.612287139892578,-3.3647190736051327,-3.362891626345001,-2.8900925773396007,40,3
mp-10163,NaAlTe2,<PROJECT_ROOT>/external_datasets/functional_protocol_round4_widechem_boost/meta_gga_r2scan/cif/mp-10163.cif,train,-0.8237271900000032,-3.508455753326416,-0.7515462501023631,-0.7508719669794859,-0.5764207386396307,8,3
mp-680761,Cd3(PO4)2,<PROJECT_ROOT>/external_datasets/functional_protocol_round4_widechem_boost/meta_gga_r2scan/cif/mp-680761.cif,train,-2.05471752731685,-5.909408178084936,-2.214307349509375,-2.2143042900003724,-2.213512730661432,156,3
mp-3772,Cd(GaSe2)2,<PROJECT_ROOT>/external_datasets/functional_protocol_round4_widechem_boost/meta_gga_r2scan/cif/mp-3772.cif,train,-0.7449857080357134,-3.6067188807896207,-0.7388455046448295,-0.7395904756525011,-0.9323301468030544,7,3
mp-1184074,DyTmRu2,<PROJECT_ROOT>/external_datasets/functional_protocol_round4_widechem_boost/meta_gga_r2scan/cif/mp-1184074.cif,train,-0.4216531362500006,-7.272162914276123,-0.4413370979120072,-0.442150422141383,-0.6525745096561015,4,3
mp-568039,Cs(WCl3)3,<PROJECT_ROOT>/external_datasets/functional_protocol_round4_widechem_boost/meta_gga_r2scan/cif/mp-568039.cif,train,-1.0978143144230768,-5.295339144193209,-1.3651254257397123,-1.3649806899775108,-1.3275345035881947,26,3
mp-1206804,Tm3(In2Co)2,<PROJECT_ROOT>/external_datasets/functional_protocol_round4_widechem_boost/meta_gga_r2scan/cif/mp-1206804.cif,train,-0.4308502033333354,-4.6628977457682295,-0.4517373838729694,-0.4510439856833255,-0.2716472874614156,9,3
mp-1095624,Tb2Ga8Co,<PROJECT_ROOT>/external_datasets/functional_protocol_round4_widechem_boost/meta_gga_r2scan/cif/mp-1095624.cif,train,-0.5019746072727261,-4.1757517727938565,-0.513938089072687,-0.5134998417050367,-0.4001160285716942,11,3
mp-5983,Tm(CoGe)2,<PROJECT_ROOT>/external_datasets/functional_protocol_round4_widechem_boost/meta_gga_r2scan/cif/mp-5983.cif,train,-0.5535067239999989,-6.17534294128418,-0.594938037205833,-0.5934602512139602,-0.2111259278968142,5,3
mp-1079544,KTl,<PROJECT_ROOT>/external_datasets/functional_protocol_round4_widechem_boost/meta_gga_r2scan/cif/mp-1079544.cif,train,-0.1450678393749989,-1.78680682182312,-0.0631080406190303,-0.0635615769121082,-0.1809009566804843,8,2
mp-31095,Er2FeSi2,<PROJECT_ROOT>/external_datasets/functional_protocol_round4_widechem_boost/meta_gga_r2scan/cif/mp-31095.cif,train,-0.654939286333331,-6.407687377929688,-0.7554390320553441,-0.7554067994742217,-0.7470675526866712,10,3
mp-1186483,Pm2Mg,<PROJECT_ROOT>/external_datasets/functional_protocol_round4_widechem_boost/meta_gga_r2scan/cif/mp-1186483.cif,train,-0.0768727133333323,-3.760777473449707,-0.0926392335395505,-0.093788722522178,-0.3911857033758851,6,2
mp-1105896,La5Pb3,<PROJECT_ROOT>/external_datasets/functional_protocol_round4_widechem_boost/meta_gga_r2scan/cif/mp-1105896.cif,train,-0.7467560531250044,-5.028733253479004,-0.6371979651910502,-0.6376365286266177,-0.7511021151818527,16,2
mp-1207844,Y3TlF10,<PROJECT_ROOT>/external_datasets/functional_protocol_round4_widechem_boost/meta_gga_r2scan/cif/mp-1207844.cif,train,-4.115191565178573,-6.68635014125279,-4.13251398027643,-4.1277401892218935,-2.892660020301062,56,3
mp-18954,ScMnO3,<PROJECT_ROOT>/external_datasets/functional_protocol_round4_widechem_boost/meta_gga_r2scan/cif/mp-18954.cif,train,-3.007662040146552,-8.288460795084635,-2.7687845730044405,-2.7670738655285065,-2.3244778544673323,30,3
mp-2012852,Ca(MoO2)2,<PROJECT_ROOT>/external_datasets/functional_protocol_round4_widechem_boost/meta_gga_r2scan/cif/mp-2012852.cif,train,-2.080223894285715,-7.13976560320173,-1.408960106420026,-1.411417623001121,-2.047228859696402,14,3
mp-864895,Be2NiRh,<PROJECT_ROOT>/external_datasets/functional_protocol_round4_widechem_boost/meta_gga_r2scan/cif/mp-864895.cif,train,-0.6030805912499986,-5.74247932434082,-0.6078202490719224,-0.6066072909101612,-0.2927894982583244,4,3
mp-18585,RbAgSe4,<PROJECT_ROOT>/external_datasets/functional_protocol_round4_widechem_boost/meta_gga_r2scan/cif/mp-18585.cif,train,-0.4611237595833325,-3.3383925755818686,-0.5130597329377475,-0.5150853260687542,-1.0391488801353184,24,3
mp-865222,Dy2RuRh,<PROJECT_ROOT>/external_datasets/functional_protocol_round4_widechem_boost/meta_gga_r2scan/cif/mp-865222.cif,train,-0.6788400662500003,-7.076494693756104,-0.7082575685014367,-0.7087902388947462,-0.8466032750868637,4,3
mp-625402,Sm(HO)3,<PROJECT_ROOT>/external_datasets/functional_protocol_round4_widechem_boost/meta_gga_r2scan/cif/mp-625402.cif,train,-2.0967642646428573,-6.17365482875279,-2.206186387644595,-2.204097818229444,-1.663740974679723,14,3
mp-667323,Mg(GaS2)2,<PROJECT_ROOT>/external_datasets/functional_protocol_round4_widechem_boost/meta_gga_r2scan/cif/mp-667323.cif,train,-1.0665902135119032,-4.351564679827009,-1.0486609231284745,-1.0489153534827995,-1.114741838429865,42,3
mp-978795,Sm3Hg,<PROJECT_ROOT>/external_datasets/functional_protocol_round4_widechem_boost/meta_gga_r2scan/cif/mp-978795.cif,train,-0.1965732618750024,-3.760175466537476,-0.2544209747983585,-0.2575940569678057,-1.078537164253122,4,2
mp-1220356,Nb6PtAu,<PROJECT_ROOT>/external_datasets/functional_protocol_round4_widechem_boost/meta_gga_r2scan/cif/mp-1220356.cif,train,-0.2761659899999991,-8.96711254119873,-0.1174873038173842,-0.1194409704362966,-0.6248956227563035,8,3
mp-979433,YLuCu2,<PROJECT_ROOT>/external_datasets/functional_protocol_round4_widechem_boost/meta_gga_r2scan/cif/mp-979433.cif,train,-0.2633316116666684,-5.062372207641602,-0.3016735729741935,-0.3019179802735543,-0.3651512900554257,4,3
mp-14002,Ba4GeAs4,<PROJECT_ROOT>/external_datasets/functional_protocol_round4_widechem_boost/meta_gga_r2scan/cif/mp-14002.cif,train,-1.1421639795833365,-4.403221978081597,-1.0715163917468369,-1.0712679903691509,-1.0070013285057704,72,3
mp-5526,La(CoSi)2,<PROJECT_ROOT>/external_datasets/functional_protocol_round4_widechem_boost/meta_gga_r2scan/cif/mp-5526.cif,train,-0.6662505670000002,-6.719139862060547,-0.7232370032085695,-0.722242347679706,-0.4649040384511242,5,3
mp-570384,Ba,<PROJECT_ROOT>/external_datasets/functional_protocol_round4_widechem_boost/meta_gga_r2scan/cif/mp-570384.cif,train,0.2094462124999978,-1.773458480834961,0.0367960274570262,0.0304845357815031,-1.6024311313948496,4,1
mp-978016,LaSn2Pd,<PROJECT_ROOT>/external_datasets/functional_protocol_round4_widechem_boost/meta_gga_r2scan/cif/mp-978016.cif,train,-0.8519833812499975,-5.3165693283081055,-0.7872582970514097,-0.786492487047548,-0.588361329207033,8,3
mp-1187798,Y3Ho,<PROJECT_ROOT>/external_datasets/functional_protocol_round4_widechem_boost/meta_gga_r2scan/cif/mp-1187798.cif,train,-0.0005205962500021,-5.98277759552002,-0.0831022738607067,-0.0862162292413009,-0.8918619924418641,8,2
mp-36329,SrUO4,<PROJECT_ROOT>/external_datasets/functional_protocol_round4_widechem_boost/meta_gga_r2scan/cif/mp-36329.cif,train,-3.4936340016666656,-8.665716807047525,-3.72314695750798,-3.7197924385358014,-2.8519078136182268,6,3
mp-1207236,Pr4Mg3Co2,<PROJECT_ROOT>/external_datasets/functional_protocol_round4_widechem_boost/meta_gga_r2scan/cif/mp-1207236.cif,train,-0.0387514246296297,-4.320162455240886,-0.110598847077191,-0.1112038027405066,-0.2677185588963651,9,3
mp-1194834,BaSc2Si3O10,<PROJECT_ROOT>/external_datasets/functional_protocol_round4_widechem_boost/meta_gga_r2scan/cif/mp-1194834.cif,train,-3.39199271171875,-8.134061813354492,-3.502811810163265,-3.499015683437146,-2.516877842757945,32,4
mp-1186548,PmBi3,<PROJECT_ROOT>/external_datasets/functional_protocol_round4_widechem_boost/meta_gga_r2scan/cif/mp-1186548.cif,train,-0.439253014374998,-4.511298656463623,-0.3787395557286812,-0.3772563873315979,0.0064704774334245,8,2
mp-1187219,Ta3Pt,<PROJECT_ROOT>/external_datasets/functional_protocol_round4_widechem_boost/meta_gga_r2scan/cif/mp-1187219.cif,train,-0.2451918430000006,-10.642485618591309,-0.1949007700876279,-0.1975883325972613,-0.8929172903318869,4,2
mp-31153,CaGePt,<PROJECT_ROOT>/external_datasets/functional_protocol_round4_widechem_boost/meta_gga_r2scan/cif/mp-31153.cif,train,-0.9838377233333327,-5.13608455657959,-0.9737662150329048,-0.9735696851291324,-0.9227232647476844,12,3
mp-541175,Sc7CoI12,<PROJECT_ROOT>/external_datasets/functional_protocol_round4_widechem_boost/meta_gga_r2scan/cif/mp-541175.cif,train,-1.2580615872500034,-4.588029098510742,-1.213801507613287,-1.2131391171172297,-1.0417647615033512,20,3
mp-1072087,LaAu2,<PROJECT_ROOT>/external_datasets/functional_protocol_round4_widechem_boost/meta_gga_r2scan/cif/mp-1072087.cif,train,-0.905240691666658,-4.637334823608398,-0.8778381721621353,-0.8770263534500975,-0.66699177494847,6,2
mp-13413,ThCu5Sn,<PROJECT_ROOT>/external_datasets/functional_protocol_round4_widechem_boost/meta_gga_r2scan/cif/mp-13413.cif,train,-0.2355616242857162,-4.786460331508091,-0.2218226532842164,-0.221116456589872,-0.0384085159673085,28,3
mp-28812,Ag5BiO4,<PROJECT_ROOT>/external_datasets/functional_protocol_round4_widechem_boost/meta_gga_r2scan/cif/mp-28812.cif,train,-0.4689394635000014,-4.15762939453125,-0.5852943835691438,-0.5875666513193343,-1.1754501184997248,40,3
mp-1222780,LaY,<PROJECT_ROOT>/external_datasets/functional_protocol_round4_widechem_boost/meta_gga_r2scan/cif/mp-1222780.cif,train,0.0078747641666628,-5.685591379801433,-0.0957012543483255,-0.0995003114692414,-1.082396306925411,6,2
mp-861727,PuBr2,<PROJECT_ROOT>/external_datasets/functional_protocol_round4_widechem_boost/meta_gga_r2scan/cif/mp-861727.cif,train,-1.824692769583332,-7.252511342366536,-1.7608983336405082,-1.760719523857933,-1.7144576716133717,6,2
mp-4449,Tl2SeO4,<PROJECT_ROOT>/external_datasets/functional_protocol_round4_widechem_boost/meta_gga_r2scan/cif/mp-4449.cif,train,-0.9123421648660732,-4.824835096086774,-1.220862582868576,-1.2241139238461418,-2.065304231069295,28,3
mp-977129,HgPd3,<PROJECT_ROOT>/external_datasets/functional_protocol_round4_widechem_boost/meta_gga_r2scan/cif/mp-977129.cif,train,-0.1169188718750007,-4.072418689727783,-0.0977539446481277,-0.0988014515463096,-0.3698135218213686,8,2
mp-1225491,DySbPd,<PROJECT_ROOT>/external_datasets/functional_protocol_round4_widechem_boost/meta_gga_r2scan/cif/mp-1225491.cif,train,-1.251673018333335,-5.758160909016927,-1.1729634221288725,-1.1710047919896531,-0.6642659725573324,3,3
mp-22383,Pu(CoSi)2,<PROJECT_ROOT>/external_datasets/functional_protocol_round4_widechem_boost/meta_gga_r2scan/cif/mp-22383.cif,train,-0.6568721737500027,-8.210310363769532,-0.431994875689055,-0.4323724165238785,-0.5300501725832064,5,3
mp-29892,LiSb3O8,<PROJECT_ROOT>/external_datasets/functional_protocol_round4_widechem_boost/meta_gga_r2scan/cif/mp-29892.cif,train,-1.7072714584722215,-5.975661595662435,-1.921958766713724,-1.9238315386770333,-2.4083570418550555,24,3
mp-1087513,Tb2MnGa6,<PROJECT_ROOT>/external_datasets/functional_protocol_round4_widechem_boost/meta_gga_r2scan/cif/mp-1087513.cif,train,-0.6187656016091947,-4.582021925184462,-0.63656705941235,-0.6359676073736606,-0.4808767546862112,9,3
mp-1079448,PrCdGa,<PROJECT_ROOT>/external_datasets/functional_protocol_round4_widechem_boost/meta_gga_r2scan/cif/mp-1079448.cif,train,-0.5894637327777761,-3.421716054280599,-0.5491592503447076,-0.5484927060353009,-0.376043671535507,9,3
mp-19241,BaNiO3,<PROJECT_ROOT>/external_datasets/functional_protocol_round4_widechem_boost/meta_gga_r2scan/cif/mp-19241.cif,train,-1.9344865342499984,-5.383152770996094,-1.2842293615787392,-1.2885186025592104,-2.398235474156912,10,3
mp-1209625,PuF4,<PROJECT_ROOT>/external_datasets/functional_protocol_round4_widechem_boost/meta_gga_r2scan/cif/mp-1209625.cif,train,-3.936220456416667,-7.780418904622396,-3.897464205215468,-3.8956300997280575,-3.4211084272673515,30,2
mp-1205779,ErMgIn,<PROJECT_ROOT>/external_datasets/functional_protocol_round4_widechem_boost/meta_gga_r2scan/cif/mp-1205779.cif,train,-0.4739659772222226,-3.3329652150472007,-0.424111684428416,-0.4241849358939502,-0.4431366309709976,9,3
mp-865327,TmHg3,<PROJECT_ROOT>/external_datasets/functional_protocol_round4_widechem_boost/meta_gga_r2scan/cif/mp-865327.cif,train,-0.363315783124996,-1.6495864391326904,-0.321207679101672,-0.3207890430478182,-0.2124790893459043,8,2
mp-571039,CaAlPd,<PROJECT_ROOT>/external_datasets/functional_protocol_round4_widechem_boost/meta_gga_r2scan/cif/mp-571039.cif,train,-0.7536489141666678,-4.376471837361653,-0.7847764261437478,-0.7848039842464463,-0.7919338451364526,12,3
mp-1197556,NiH16C4(N5O)2,<PROJECT_ROOT>/external_datasets/functional_protocol_round4_widechem_boost/meta_gga_r2scan/cif/mp-1197556.cif,train,-0.3816731476515138,-5.990515506628788,-0.3308048490707707,-0.3315531727028329,-0.5251602383295462,132,5
mp-10932,ErSF,<PROJECT_ROOT>/external_datasets/functional_protocol_round4_widechem_boost/meta_gga_r2scan/cif/mp-10932.cif,train,-3.323758545381942,-6.514598846435547,-3.2646378020630644,-3.26087178991324,-2.2865252236244906,6,3
mp-1188408,Zr5Sn3B,<PROJECT_ROOT>/external_datasets/functional_protocol_round4_widechem_boost/meta_gga_r2scan/cif/mp-1188408.cif,train,-0.7477360930555569,-7.494824727376302,-0.7192083119447341,-0.7194283707583669,-0.7763622150778322,18,3
mp-1228087,Ba3Y2WO9,<PROJECT_ROOT>/external_datasets/functional_protocol_round4_widechem_boost/meta_gga_r2scan/cif/mp-1228087.cif,train,-3.2354725169166687,-7.613840738932292,-3.015314283007912,-3.0131119315958363,-2.4433172918711423,30,4
mp-7544,ZrSiRu,<PROJECT_ROOT>/external_datasets/functional_protocol_round4_widechem_boost/meta_gga_r2scan/cif/mp-7544.cif,train,-0.992465483888888,-8.686269124348959,-0.9679462687314562,-0.9670298033681952,-0.7299209348167266,9,3
mp-865426,YbNdAg2,<PROJECT_ROOT>/external_datasets/functional_protocol_round4_widechem_boost/meta_gga_r2scan/cif/mp-865426.cif,train,-0.3085055631249993,-3.3463551998138428,-0.4206386902038845,-0.4199712150307011,-0.2472813464922828,4,3
mp-4337,Dy(GeRh)2,<PROJECT_ROOT>/external_datasets/functional_protocol_round4_widechem_boost/meta_gga_r2scan/cif/mp-4337.cif,train,-0.9614608669999996,-6.59056396484375,-0.9011464394618116,-0.9003479602970348,-0.693764603281732,5,3
mp-1187340,TbLuIn2,<PROJECT_ROOT>/external_datasets/functional_protocol_round4_widechem_boost/meta_gga_r2scan/cif/mp-1187340.cif,train,-0.5536789641666644,-4.085841655731201,-0.5241867582872084,-0.5242576162684873,-0.5425900666197527,4,3
mp-1079440,NiAsPd,<PROJECT_ROOT>/external_datasets/functional_protocol_round4_widechem_boost/meta_gga_r2scan/cif/mp-1079440.cif,train,-0.3046427730555573,-5.5194142659505205,-0.3702082957414738,-0.3703614450664538,-0.409984397139996,9,3
mp-779365,V2OF5,<PROJECT_ROOT>/external_datasets/functional_protocol_round4_widechem_boost/meta_gga_r2scan/cif/mp-779365.cif,train,-3.113693283177084,-6.288327534993489,-2.727638637138555,-2.7286045904941867,-2.9785170437224133,24,3
mp-1217048,Ti8N5,<PROJECT_ROOT>/external_datasets/functional_protocol_round4_widechem_boost/meta_gga_r2scan/cif/mp-1217048.cif,train,-1.5774741636217957,-9.48526587853065,-1.5378279437233455,-1.5373321676614244,-1.409064471124705,13,2
mp-755043,Al2Si2O7,<PROJECT_ROOT>/external_datasets/functional_protocol_round4_widechem_boost/meta_gga_r2scan/cif/mp-755043.cif,train,-3.1779591082954552,-7.69677110151811,-3.270356249515907,-3.266998114404178,-2.3981779181134817,22,3
mp-19367,NaCr(SiO3)2,<PROJECT_ROOT>/external_datasets/functional_protocol_round4_widechem_boost/meta_gga_r2scan/cif/mp-19367.cif,train,-2.787279780749999,-7.41363525390625,-2.674834395852457,-2.6732449608884634,-2.2620246998029927,20,4
mp-862970,PmTl3,<PROJECT_ROOT>/external_datasets/functional_protocol_round4_widechem_boost/meta_gga_r2scan/cif/mp-862970.cif,train,-0.3792694943750021,-3.2622265815734863,-0.338866789265158,-0.3372506108337445,0.0808887478565506,4,2
mp-1183273,Ba2NaIn,<PROJECT_ROOT>/external_datasets/functional_protocol_round4_widechem_boost/meta_gga_r2scan/cif/mp-1183273.cif,train,-0.2528782550000024,-2.1896812915802,-0.3338155540616414,-0.3363637884486445,-0.995645629906416,4,3
mp-1218359,SrAl3Ag,<PROJECT_ROOT>/external_datasets/functional_protocol_round4_widechem_boost/meta_gga_r2scan/cif/mp-1218359.cif,train,-0.2972516769999999,-3.4254009246826174,-0.302339844540235,-0.3032591204533892,-0.5410951373916087,5,3
mp-1205522,Y2FeSi2,<PROJECT_ROOT>/external_datasets/functional_protocol_round4_widechem_boost/meta_gga_r2scan/cif/mp-1205522.cif,train,-0.6829074569999989,-7.133953094482422,-0.7117771521710612,-0.7112052804745455,-0.5632500425013811,10,3
mp-505597,Tb(Ni2P)2,<PROJECT_ROOT>/external_datasets/functional_protocol_round4_widechem_boost/meta_gga_r2scan/cif/mp-505597.cif,train,-0.8515515779931978,-6.333840506417411,-0.866791725304755,-0.8652449785138936,-0.4650690458256366,14,3
mp-505335,Ho2Mn3Si5,<PROJECT_ROOT>/external_datasets/functional_protocol_round4_widechem_boost/meta_gga_r2scan/cif/mp-505335.cif,train,-0.6225257480948272,-7.00045166015625,-0.8532661307122122,-0.8528504389381313,-0.7453022323549551,40,3
mp-861986,Pr5Al2Ru3,<PROJECT_ROOT>/external_datasets/functional_protocol_round4_widechem_boost/meta_gga_r2scan/cif/mp-861986.cif,train,-0.3935764533333327,-6.289488220214844,-0.4191574036789092,-0.4197258600513711,-0.5667974818536335,20,3
mp-2385,TaCr2,<PROJECT_ROOT>/external_datasets/functional_protocol_round4_widechem_boost/meta_gga_r2scan/cif/mp-2385.cif,train,0.0598762892222216,-10.500274658203123,-0.3168839459937143,-0.3165938119090219,-0.241530020845877,6,2
mp-865001,HfScOs2,<PROJECT_ROOT>/external_datasets/functional_protocol_round4_widechem_boost/meta_gga_r2scan/cif/mp-865001.cif,train,-0.65776190375,-10.247748374938965,-0.6334218795979645,-0.6335401851011921,-0.6641483074961545,4,3
mp-28512,Ba(ClO3)2,<PROJECT_ROOT>/external_datasets/functional_protocol_round4_widechem_boost/meta_gga_r2scan/cif/mp-28512.cif,train,-0.8407885252777763,-4.696749369303386,-1.259428378643511,-1.2656727283862574,-2.8812173651238497,18,3
mp-1206818,Dy2MgPd2,<PROJECT_ROOT>/external_datasets/functional_protocol_round4_widechem_boost/meta_gga_r2scan/cif/mp-1206818.cif,train,-0.7988695250000035,-5.011736679077148,-0.8255270190031236,-0.8249653101141705,-0.6796394042426759,10,3
mp-1185044,LaPr3,<PROJECT_ROOT>/external_datasets/functional_protocol_round4_widechem_boost/meta_gga_r2scan/cif/mp-1185044.cif,train,0.0320828625000011,-4.804927825927734,-0.0759788444798719,-0.0793125077720127,-0.9418013295381156,4,2
mp-865518,YSnRh2,<PROJECT_ROOT>/external_datasets/functional_protocol_round4_widechem_boost/meta_gga_r2scan/cif/mp-865518.cif,train,-0.8055390974999987,-7.072120666503906,-0.79691135899035,-0.796159878295108,-0.601736014030426,4,3
mp-1079334,SrTcO3,<PROJECT_ROOT>/external_datasets/functional_protocol_round4_widechem_boost/meta_gga_r2scan/cif/mp-1079334.cif,train,-2.368101384249999,-7.422837829589843,-2.4495197086690466,-2.4488070020746058,-2.264414813352181,10,3
mp-864930,LiTiIr2,<PROJECT_ROOT>/external_datasets/functional_protocol_round4_widechem_boost/meta_gga_r2scan/cif/mp-864930.cif,train,-0.7400835983333316,-7.520229339599609,-0.7290287258386972,-0.7296028766286309,-0.8781477640073888,4,3
mp-866162,YMgAg2,<PROJECT_ROOT>/external_datasets/functional_protocol_round4_widechem_boost/meta_gga_r2scan/cif/mp-866162.cif,train,-0.293297783749999,-3.74805212020874,-0.294140088525376,-0.2930926718480506,-0.0221039436071548,4,3
mp-676780,LiMn9Se10,<PROJECT_ROOT>/external_datasets/functional_protocol_round4_widechem_boost/meta_gga_r2scan/cif/mp-676780.cif,train,-0.978702217381823,-6.391215896606445,-0.9016104665803032,-0.9016403487316448,-0.90937148989469,20,3
mp-555718,SrNiF6,<PROJECT_ROOT>/external_datasets/functional_protocol_round4_widechem_boost/meta_gga_r2scan/cif/mp-555718.cif,train,-2.702901423750001,-4.29054594039917,-2.312532216368304,-2.315610961694346,-3.112147143087741,8,3
mp-1197785,H6C(SN)2,<PROJECT_ROOT>/external_datasets/functional_protocol_round4_widechem_boost/meta_gga_r2scan/cif/mp-1197785.cif,train,-0.2504062373295465,-5.183570861816406,-0.3090508469571791,-0.3098146512530197,-0.5074268902578122,44,4
mp-5158,KNO3,<PROJECT_ROOT>/external_datasets/functional_protocol_round4_widechem_boost/meta_gga_r2scan/cif/mp-5158.cif,train,-1.04444373125,-5.8529304504394535,-1.4234736504783756,-1.427223344322031,-2.397348021525889,20,3
mp-976406,MgMnPt2,<PROJECT_ROOT>/external_datasets/functional_protocol_round4_widechem_boost/meta_gga_r2scan/cif/mp-976406.cif,train,-0.809691114870688,-6.314532279968262,-0.8364869566725828,-0.835326122001022,-0.5349937727503129,4,3
mp-2031146,CsNaF3,<PROJECT_ROOT>/external_datasets/functional_protocol_round4_widechem_boost/meta_gga_r2scan/cif/mp-2031146.cif,train,-2.3402710420000004,-3.715319061279297,-2.458630778615201,-2.4591129263497717,-2.583854687908807,20,3
mp-514,HfZn2,<PROJECT_ROOT>/external_datasets/functional_protocol_round4_widechem_boost/meta_gga_r2scan/cif/mp-514.cif,train,-0.2781665799999994,-4.373299916585286,-0.2473107510392713,-0.2486797396310187,-0.602865886833617,6,2
mp-8840,Na5InO4,<PROJECT_ROOT>/external_datasets/functional_protocol_round4_widechem_boost/meta_gga_r2scan/cif/mp-8840.cif,train,-1.5867068199999992,-4.312874221801758,-1.7395227708696952,-1.7393792347071253,-1.7022434099741406,20,3
mp-865815,YbPd2Au,<PROJECT_ROOT>/external_datasets/functional_protocol_round4_widechem_boost/meta_gga_r2scan/cif/mp-865815.cif,train,-0.827070713750004,-4.493181228637695,-0.7731503046311685,-0.7719309904845648,-0.4564687708464178,4,3
mp-662572,Ta3In2Cl9,<PROJECT_ROOT>/external_datasets/functional_protocol_round4_widechem_boost/meta_gga_r2scan/cif/mp-662572.cif,train,-1.2879713653214293,-5.263573237827846,-1.2928784767198214,-1.2935266208564231,-1.4612151435777363,28,3
mp-3931,SmSF,<PROJECT_ROOT>/external_datasets/functional_protocol_round4_widechem_boost/meta_gga_r2scan/cif/mp-3931.cif,train,-3.355517814270833,-6.5835755666097,-3.29593874185892,-3.292316752553956,-2.355231925944713,6,3
mp-638424,Sb2S2O9,<PROJECT_ROOT>/external_datasets/functional_protocol_round4_widechem_boost/meta_gga_r2scan/cif/mp-638424.cif,train,-1.4375713111057684,-6.012171818659856,-1.797063649470787,-1.8004362050327032,-2.672987275137656,52,3
mp-1224772,HNO3,<PROJECT_ROOT>/external_datasets/functional_protocol_round4_widechem_boost/meta_gga_r2scan/cif/mp-1224772.cif,train,-0.438729432125001,-5.769561767578125,-0.8793465735171626,-0.8846738038046347,-2.262940344630117,80,3
mp-971909,ZnPd3,<PROJECT_ROOT>/external_datasets/functional_protocol_round4_widechem_boost/meta_gga_r2scan/cif/mp-971909.cif,train,-0.307434737500003,-4.511704444885254,-0.303252097060712,-0.3035207197451486,-0.3730190590477086,8,2
mp-1109,Sr5Al9,<PROJECT_ROOT>/external_datasets/functional_protocol_round4_widechem_boost/meta_gga_r2scan/cif/mp-1109.cif,train,-0.2838714635714276,-3.269786562238421,-0.326401510121074,-0.3285482662815191,-0.8839592448913709,14,2
mp-1213061,ErHfF7,<PROJECT_ROOT>/external_datasets/functional_protocol_round4_widechem_boost/meta_gga_r2scan/cif/mp-1213061.cif,train,-4.272220548148147,-7.057190789116754,-4.352786220194272,-4.348849809570836,-3.330417573598174,18,3
mp-571313,Hf(SeCl6)2,<PROJECT_ROOT>/external_datasets/functional_protocol_round4_widechem_boost/meta_gga_r2scan/cif/mp-571313.cif,train,-0.9223532812083344,-3.440262858072917,-1.0543778696776975,-1.057543660468494,-1.876600334709984,30,3
mp-1205499,Pr2ScSi2,<PROJECT_ROOT>/external_datasets/functional_protocol_round4_widechem_boost/meta_gga_r2scan/cif/mp-1205499.cif,train,-0.7463752796666654,-6.038312530517578,-0.6936273408772164,-0.6942712032290084,-0.8608519381462243,10,3
mp-21965,V8Ga41,<PROJECT_ROOT>/external_datasets/functional_protocol_round4_widechem_boost/meta_gga_r2scan/cif/mp-21965.cif,train,-0.1753362834693893,-4.189867292131696,-0.2749096012894876,-0.2753902906799519,-0.3997547479404442,49,2
mp-1214229,Be15(Nb3Ni4)2,<PROJECT_ROOT>/external_datasets/functional_protocol_round4_widechem_boost/meta_gga_r2scan/cif/mp-1214229.cif,train,-0.3944657668103442,-6.000149957064925,-0.3609080773890332,-0.3605007000556091,-0.2551036141716167,29,3
mp-975663,Pr(CoB)4,<PROJECT_ROOT>/external_datasets/functional_protocol_round4_widechem_boost/meta_gga_r2scan/cif/mp-975663.cif,train,-0.3709717651851857,-7.10459221733941,-0.4349487024952738,-0.4341642249798667,-0.2312033892045231,18,3
mp-540784,Rb2Ti6O13,<PROJECT_ROOT>/external_datasets/functional_protocol_round4_widechem_boost/meta_gga_r2scan/cif/mp-540784.cif,train,-3.173499503154764,-8.314885457356771,-3.309441749879964,-3.3068416926871427,-2.6341522012038427,21,3
mp-1025431,SmPt,<PROJECT_ROOT>/external_datasets/functional_protocol_round4_widechem_boost/meta_gga_r2scan/cif/mp-1025431.cif,train,-1.3163114087499963,-6.58057975769043,-1.3110246507181165,-1.3105393351635062,-1.184977991919466,8,2
mp-982974,LiBeAu2,<PROJECT_ROOT>/external_datasets/functional_protocol_round4_widechem_boost/meta_gga_r2scan/cif/mp-982974.cif,train,-0.3492330222916671,-3.371415853500366,-0.3685701216138763,-0.3686791784446468,-0.3968944747118101,4,3
mp-865503,YCdAg2,<PROJECT_ROOT>/external_datasets/functional_protocol_round4_widechem_boost/meta_gga_r2scan/cif/mp-865503.cif,train,-0.2904066849999971,-3.5524280071258545,-0.2824047484680392,-0.2814022909081224,-0.0220454321160642,4,3
mp-2032538,Li2ZnGe,<PROJECT_ROOT>/external_datasets/functional_protocol_round4_widechem_boost/meta_gga_r2scan/cif/mp-2032538.cif,train,-0.3997711252083338,-2.7614505290985107,-0.3890558663563266,-0.3895654096553267,-0.5213949800092896,16,3
mp-23498,NbSeBr3,<PROJECT_ROOT>/external_datasets/functional_protocol_round4_widechem_boost/meta_gga_r2scan/cif/mp-23498.cif,train,-0.981941722812499,-4.539536666870117,-0.9991805614646152,-1.0008992698690615,-1.445565289441101,20,3
mp-1103187,CsTmZnTe3,<PROJECT_ROOT>/external_datasets/functional_protocol_round4_widechem_boost/meta_gga_r2scan/cif/mp-1103187.cif,train,-1.2894524133333365,-3.757826487223307,-1.14514807001436,-1.1429042267116003,-0.5623747620289903,12,4
mp-542632,GdNi,<PROJECT_ROOT>/external_datasets/functional_protocol_round4_widechem_boost/meta_gga_r2scan/cif/mp-542632.cif,train,-0.3153030524999991,-10.33269500732422,-0.4345984084374823,-0.4351145220755779,-0.5686439773970973,4,2
mp-2759992,LiCu2F7,<PROJECT_ROOT>/external_datasets/functional_protocol_round4_widechem_boost/meta_gga_r2scan/cif/mp-2759992.cif,train,-1.9168636306666664,-3.9438533782958975,-1.9444969724962824,-1.9475752258023225,-2.7439841112658376,20,3
mp-1188800,Sc3P,<PROJECT_ROOT>/external_datasets/functional_protocol_round4_widechem_boost/meta_gga_r2scan/cif/mp-1188800.cif,train,-0.8734878738690472,-6.909265041351318,-0.834638770588505,-0.8353862391548308,-1.0287720812549337,16,2
mp-3519,ZrSO,<PROJECT_ROOT>/external_datasets/functional_protocol_round4_widechem_boost/meta_gga_r2scan/cif/mp-3519.cif,train,-2.810413975520836,-8.322364807128906,-2.791790485928062,-2.7891329760208885,-2.101579258740215,12,3
mp-1187670,TmScZn2,<PROJECT_ROOT>/external_datasets/functional_protocol_round4_widechem_boost/meta_gga_r2scan/cif/mp-1187670.cif,train,-0.39321915875,-3.689918994903565,-0.3963765770823948,-0.3967631294189822,-0.4967723505375599,4,3
mp-20596,U(SiNi)2,<PROJECT_ROOT>/external_datasets/functional_protocol_round4_widechem_boost/meta_gga_r2scan/cif/mp-20596.cif,train,-0.6866872169999994,-7.316213226318359,-0.65043309206653,-0.650881039228155,-0.7667743931167534,5,3
mp-571544,KTiPSe5,<PROJECT_ROOT>/external_datasets/functional_protocol_round4_widechem_boost/meta_gga_r2scan/cif/mp-571544.cif,train,-0.8995788773381683,-4.742015838623047,-0.8900630277721602,-0.8916254883945713,-1.2958669198735393,16,4
mp-22980,Li2CoCl4,<PROJECT_ROOT>/external_datasets/functional_protocol_round4_widechem_boost/meta_gga_r2scan/cif/mp-22980.cif,train,-1.4645243761904772,-3.8551567622593472,-1.4117568288714564,-1.41133996041461,-1.3034873212261482,7,3
mp-1025190,Co2NiSe4,<PROJECT_ROOT>/external_datasets/functional_protocol_round4_widechem_boost/meta_gga_r2scan/cif/mp-1025190.cif,train,-0.3117381194642864,-5.125114440917969,-0.4037771896315378,-0.4051508138106516,-0.7605362849783572,7,3
mp-1208478,Tb4MgRh,<PROJECT_ROOT>/external_datasets/functional_protocol_round4_widechem_boost/meta_gga_r2scan/cif/mp-1208478.cif,train,-0.4292335383333305,-4.973814010620117,-0.4612778022176691,-0.462301700176206,-0.7272056411208969,24,3
mp-22317,EuGa2,<PROJECT_ROOT>/external_datasets/functional_protocol_round4_widechem_boost/meta_gga_r2scan/cif/mp-22317.cif,train,-0.6310492083333349,-5.99830436706543,-0.589216407179519,-0.589280029278128,-0.6057404045652219,6,2
mp-673,HoNi2,<PROJECT_ROOT>/external_datasets/functional_protocol_round4_widechem_boost/meta_gga_r2scan/cif/mp-673.cif,train,-0.4339675833333321,-5.841968536376953,-0.53847742731294,-0.5384495711019888,-0.5312425833377648,6,2
mp-1200885,Y4C7,<PROJECT_ROOT>/external_datasets/functional_protocol_round4_widechem_boost/meta_gga_r2scan/cif/mp-1200885.cif,train,-0.4564098818181812,-8.504311301491477,-0.3084386602950566,-0.3079270198797799,-0.1755548814036023,44,2
mp-1219310,ScGaNi,<PROJECT_ROOT>/external_datasets/functional_protocol_round4_widechem_boost/meta_gga_r2scan/cif/mp-1219310.cif,train,-0.621229211666666,-5.650702794392903,-0.6354198992661004,-0.635078223841945,-0.5466796040025159,6,3
mp-1187002,Sm2MgCd,<PROJECT_ROOT>/external_datasets/functional_protocol_round4_widechem_boost/meta_gga_r2scan/cif/mp-1187002.cif,train,-0.2301048112500012,-3.190357446670532,-0.2733994745178028,-0.2750708119781127,-0.7074809717898201,4,3
mp-27355,Pb2OF2,<PROJECT_ROOT>/external_datasets/functional_protocol_round4_widechem_boost/meta_gga_r2scan/cif/mp-27355.cif,train,-2.0400764872499964,-5.113855743408204,-2.1926647989559678,-2.1922892835553407,-2.095135549942693,20,3
mp-1104966,CsGdTe4,<PROJECT_ROOT>/external_datasets/functional_protocol_round4_widechem_boost/meta_gga_r2scan/cif/mp-1104966.cif,train,-1.116812280833334,-5.545214970906575,-1.0163032274155226,-1.014983389852981,-0.6735136478676575,12,3
mp-1079994,Y(NiB)2,<PROJECT_ROOT>/external_datasets/functional_protocol_round4_widechem_boost/meta_gga_r2scan/cif/mp-1079994.cif,train,-0.5908929870000008,-6.83117904663086,-0.5638752444209265,-0.5635955108632036,-0.491222554908056,10,3
mp-30234,Cs2WCl6,<PROJECT_ROOT>/external_datasets/functional_protocol_round4_widechem_boost/meta_gga_r2scan/cif/mp-30234.cif,train,-1.603515796111108,-4.271414862738715,-1.687154089409058,-1.6861375579535034,-1.4231394862973663,9,3
mp-683897,Pr3Sn13Rh4,<PROJECT_ROOT>/external_datasets/functional_protocol_round4_widechem_boost/meta_gga_r2scan/cif/mp-683897.cif,train,-0.5862510702500003,-5.368927764892578,-0.557122900553292,-0.5565591551009899,-0.4107063474490821,40,3
mp-1186013,MnPd3,<PROJECT_ROOT>/external_datasets/functional_protocol_round4_widechem_boost/meta_gga_r2scan/cif/mp-1186013.cif,train,-0.3780101298706917,-6.384181022644043,-0.3991568412944311,-0.3993522048178244,-0.4498968580545621,8,2
mp-1201723,Sn3SbF9,<PROJECT_ROOT>/external_datasets/functional_protocol_round4_widechem_boost/meta_gga_r2scan/cif/mp-1201723.cif,train,-2.413085405769231,-4.8342719444861775,-2.593413736476894,-2.5939757624889213,-2.7393837147722127,52,3
mp-1216912,Tl(V3S4)4,<PROJECT_ROOT>/external_datasets/functional_protocol_round4_widechem_boost/meta_gga_r2scan/cif/mp-1216912.cif,train,-1.2045877277586194,-7.017524982320851,-1.2806511300104564,-1.2803973612553283,-1.2147420459366225,29,3
mp-1427,Lu2O3,<PROJECT_ROOT>/external_datasets/functional_protocol_round4_widechem_boost/meta_gga_r2scan/cif/mp-1427.cif,train,-4.062650477416665,-8.482427978515625,-4.115353156604184,-4.108921849625751,-2.4450074431165776,40,2
mp-567920,Ti4P3,<PROJECT_ROOT>/external_datasets/functional_protocol_round4_widechem_boost/meta_gga_r2scan/cif/mp-567920.cif,train,-1.2186402793707478,-7.980366298130581,-1.170063948815061,-1.1704170796153086,-1.2617794462261316,14,2
mp-9113,CsBeAsO4,<PROJECT_ROOT>/external_datasets/functional_protocol_round4_widechem_boost/meta_gga_r2scan/cif/mp-9113.cif,train,-2.103260430357143,-6.044960566929409,-2.2782246389941,-2.2777246462043506,-2.148365993474892,28,4
mp-10759,GeSe,<PROJECT_ROOT>/external_datasets/functional_protocol_round4_widechem_boost/meta_gga_r2scan/cif/mp-10759.cif,train,-0.1412304445312493,-4.26259708404541,-0.2845472996616296,-0.2870810624923399,-0.94261880789617,2,2
mp-1225934,CsMnVF6,<PROJECT_ROOT>/external_datasets/functional_protocol_round4_widechem_boost/meta_gga_r2scan/cif/mp-1225934.cif,train,-3.153270133831417,-5.847289615207249,-2.9290615181791657,-2.928353991710561,-2.7453020105124137,18,4
mp-27926,AsClF8,<PROJECT_ROOT>/external_datasets/functional_protocol_round4_widechem_boost/meta_gga_r2scan/cif/mp-27926.cif,train,-1.5967204710000005,-3.637162399291992,-1.8829290198981117,-1.8884970852745464,-3.329072729896639,20,3
mp-1103836,NpSeO5,<PROJECT_ROOT>/external_datasets/functional_protocol_round4_widechem_boost/meta_gga_r2scan/cif/mp-1103836.cif,train,-2.0773449023660686,-7.7385101318359375,-2.478735886345369,-2.480626848663253,-2.969858579248222,14,3
mp-29239,LuB2Ru,<PROJECT_ROOT>/external_datasets/functional_protocol_round4_widechem_boost/meta_gga_r2scan/cif/mp-29239.cif,train,-0.7338487722916653,-7.452661037445068,-0.660329367836054,-0.6602792353467466,-0.647308905759732,16,3
mp-1106228,Tb7NiI12,<PROJECT_ROOT>/external_datasets/functional_protocol_round4_widechem_boost/meta_gga_r2scan/cif/mp-1106228.cif,train,-1.4289449064999986,-4.042142486572265,-1.3543167728751069,-1.3529730557799802,-1.0053251763757374,20,3
mp-1727,SrSi2,<PROJECT_ROOT>/external_datasets/functional_protocol_round4_widechem_boost/meta_gga_r2scan/cif/mp-1727.cif,train,-0.3949813550000011,-4.541688919067383,-0.3599282408712039,-0.3627155181849604,-1.083842793386147,6,2
mp-1222316,Lu2Si3Pd,<PROJECT_ROOT>/external_datasets/functional_protocol_round4_widechem_boost/meta_gga_r2scan/cif/mp-1222316.cif,train,-0.83793541638889,-5.864791870117188,-0.7649150355473173,-0.7651377760892002,-0.822765439925772,6,3
mp-15709,LuCo3B2,<PROJECT_ROOT>/external_datasets/functional_protocol_round4_widechem_boost/meta_gga_r2scan/cif/mp-15709.cif,train,-0.463906195277777,-7.067963282267253,-0.5368428296948178,-0.5356162311883477,-0.2182693944165703,6,3
mp-1184093,DyTh3,<PROJECT_ROOT>/external_datasets/functional_protocol_round4_widechem_boost/meta_gga_r2scan/cif/mp-1184093.cif,train,0.047242876250003,-6.664031982421875,-0.0409417769546172,-0.0443794834120909,-0.9337864607427488,4,2
mp-29173,V2Se3O11,<PROJECT_ROOT>/external_datasets/functional_protocol_round4_widechem_boost/meta_gga_r2scan/cif/mp-29173.cif,train,-1.4796417820898444,-6.153312683105469,-1.5040498387107029,-1.5086065084952658,-2.6875128374341823,64,3
mp-28971,Rb2Si2O5,<PROJECT_ROOT>/external_datasets/functional_protocol_round4_widechem_boost/meta_gga_r2scan/cif/mp-28971.cif,train,-2.728486419305556,-6.671370188395183,-2.848209558792632,-2.8458465498239134,-2.2344864205479773,36,3
mp-21379,SmInIr,<PROJECT_ROOT>/external_datasets/functional_protocol_round4_widechem_boost/meta_gga_r2scan/cif/mp-21379.cif,train,-0.80019506777778,-6.102873060438368,-0.7807832998812465,-0.7804787449120303,-0.7016839676532648,9,3
mp-977410,NbGaFe2,<PROJECT_ROOT>/external_datasets/functional_protocol_round4_widechem_boost/meta_gga_r2scan/cif/mp-977410.cif,train,-0.0688337099999962,-7.764906406402588,-0.2793192017391002,-0.2785159769887544,-0.0707048371658177,4,3
mp-7498,Ti5Te4,<PROJECT_ROOT>/external_datasets/functional_protocol_round4_widechem_boost/meta_gga_r2scan/cif/mp-7498.cif,train,-0.7577833903703682,-6.471441904703776,-0.7396968652089182,-0.7412794068801327,-1.150716228112755,9,2
mp-861504,PrBO3,<PROJECT_ROOT>/external_datasets/functional_protocol_round4_widechem_boost/meta_gga_r2scan/cif/mp-861504.cif,train,-3.300472413583333,-8.294396209716798,-3.413579755638484,-3.409421204938371,-2.333516658113098,20,3
mp-16744,Y(Al5Fe)2,<PROJECT_ROOT>/external_datasets/functional_protocol_round4_widechem_boost/meta_gga_r2scan/cif/mp-16744.cif,train,-0.3103865046153832,-5.034230158879207,-0.3944358058717059,-0.3943219568303959,-0.3648668148762837,26,3
mp-23651,Na4Al3Ge3IO12,<PROJECT_ROOT>/external_datasets/functional_protocol_round4_widechem_boost/meta_gga_r2scan/cif/mp-23651.cif,train,-2.3944518609782603,-6.1536082392153535,-2.5440040088892326,-2.5421245125959127,-2.0558592837798697,46,5
mp-571471,NbCoTe2,<PROJECT_ROOT>/external_datasets/functional_protocol_round4_widechem_boost/meta_gga_r2scan/cif/mp-571471.cif,train,-0.3725727937499989,-6.249495983123779,-0.378150038000169,-0.3781065274120729,-0.3668494229694905,16,3
mp-980004,SmGa2Co,<PROJECT_ROOT>/external_datasets/functional_protocol_round4_widechem_boost/meta_gga_r2scan/cif/mp-980004.cif,train,-0.5278754837499982,-5.002690315246582,-0.5798778997498255,-0.5794016098521135,-0.4561753939158584,8,3
mp-1215274,ZrAu,<PROJECT_ROOT>/external_datasets/functional_protocol_round4_widechem_boost/meta_gga_r2scan/cif/mp-1215274.cif,train,-0.532984107499999,-6.385613441467285,-0.5600045004257037,-0.5606022419990966,-0.7152505613326358,2,2
mp-1003635,NaMn16O32,<PROJECT_ROOT>/external_datasets/functional_protocol_round4_widechem_boost/meta_gga_r2scan/cif/mp-1003635.cif,train,-2.047944227382125,-7.05169677734375,-1.4822799388558732,-1.4855728264761376,-2.337512124156128,49,3
mp-627640,Eu(ClO4)3,<PROJECT_ROOT>/external_datasets/functional_protocol_round4_widechem_boost/meta_gga_r2scan/cif/mp-627640.cif,train,-0.4247217729687484,-5.018478393554688,-0.8413186151879799,-0.8495814362545824,-2.9873470657303787,32,3
mp-1094644,MgGa2,<PROJECT_ROOT>/external_datasets/functional_protocol_round4_widechem_boost/meta_gga_r2scan/cif/mp-1094644.cif,train,-0.0080826016666672,-2.6206137339274087,-0.0660927014584822,-0.06673364747851,-0.2325598660201803,6,2
mp-979292,SmY3,<PROJECT_ROOT>/external_datasets/functional_protocol_round4_widechem_boost/meta_gga_r2scan/cif/mp-979292.cif,train,0.0083759287499951,-6.013021945953369,-0.0821468189685674,-0.0854587888248277,-0.9423350623793628,8,2
mp-571453,K2SnCl6,<PROJECT_ROOT>/external_datasets/functional_protocol_round4_widechem_boost/meta_gga_r2scan/cif/mp-571453.cif,train,-1.6372513802777775,-3.3751328786214194,-1.6032929958206124,-1.602804812456891,-1.476501506667868,18,3
mp-570340,AgAuCl4,<PROJECT_ROOT>/external_datasets/functional_protocol_round4_widechem_boost/meta_gga_r2scan/cif/mp-570340.cif,train,-0.4544363500000017,-2.59990660349528,-0.5027984630398636,-0.505858733653314,-1.2976151182570177,12,3
mp-756670,Eu2Pb2O7,<PROJECT_ROOT>/external_datasets/functional_protocol_round4_widechem_boost/meta_gga_r2scan/cif/mp-756670.cif,train,-2.005145360568184,-7.446889010342685,-2.1700901160403987,-2.170621717233484,-2.308158128829704,22,3
mp-1186277,Nd3FeO6,<PROJECT_ROOT>/external_datasets/functional_protocol_round4_widechem_boost/meta_gga_r2scan/cif/mp-1186277.cif,train,-3.218598720999998,-7.886071014404297,-3.065590757767569,-3.062812697638541,-2.3440701020295585,20,3
mp-568340,Ho5NiPb3,<PROJECT_ROOT>/external_datasets/functional_protocol_round4_widechem_boost/meta_gga_r2scan/cif/mp-568340.cif,train,-0.6485311122222268,-4.940110524495442,-0.5934130056392872,-0.5934554461583259,-0.6044357012319004,18,3
mp-1920,Ni5P4,<PROJECT_ROOT>/external_datasets/functional_protocol_round4_widechem_boost/meta_gga_r2scan/cif/mp-1920.cif,train,-0.4892617988227512,-6.08476808336046,-0.4975689790994604,-0.4974218910911832,-0.4593671291639363,36,2
mp-22325,P2Pb2O7,<PROJECT_ROOT>/external_datasets/functional_protocol_round4_widechem_boost/meta_gga_r2scan/cif/mp-22325.cif,train,-2.1661818649729465,-6.775213068181818,-2.368721559854912,-2.368291844533215,-2.25711545117342,44,3
mp-17857,Ta9VO25,<PROJECT_ROOT>/external_datasets/functional_protocol_round4_widechem_boost/meta_gga_r2scan/cif/mp-17857.cif,train,-3.04563331585,-9.55814208984375,-3.1602408730147014,-3.158372050981872,-2.674868477904365,35,3
mp-1185621,MgZn2Ir,<PROJECT_ROOT>/external_datasets/functional_protocol_round4_widechem_boost/meta_gga_r2scan/cif/mp-1185621.cif,train,-0.3121655687500002,-3.515580654144287,-0.2980421618611033,-0.2973960734633083,-0.130239413616803,4,3
mp-1205752,Rb3YbF6,<PROJECT_ROOT>/external_datasets/functional_protocol_round4_widechem_boost/meta_gga_r2scan/cif/mp-1205752.cif,train,-3.5419856168749986,-4.375025939941406,-3.123433268208725,-3.121349588151195,-2.582257724258092,10,3
mp-8432,CaCuP,<PROJECT_ROOT>/external_datasets/functional_protocol_round4_widechem_boost/meta_gga_r2scan/cif/mp-8432.cif,train,-0.980624210992064,-4.697923024495442,-0.9092386876177914,-0.9083856929388094,-0.687698025603526,6,3
mp-1093638,Zr2TcMo,<PROJECT_ROOT>/external_datasets/functional_protocol_round4_widechem_boost/meta_gga_r2scan/cif/mp-1093638.cif,train,3.9209369600000015,-5.745054244995117,3.679639149088764,3.664145942719363,-0.3442724654709943,4,3
mp-1525632,F2,<PROJECT_ROOT>/external_datasets/functional_protocol_round4_widechem_boost/meta_gga_r2scan/cif/mp-1525632.cif,train,0.0,-1.8372772932052608,-0.4105890083402239,-0.4238229978773864,-3.847734485899728,4,1
mp-7608,Li2PdO2,<PROJECT_ROOT>/external_datasets/functional_protocol_round4_widechem_boost/meta_gga_r2scan/cif/mp-7608.cif,train,-1.536725102166666,-5.118227767944336,-1.636110238627651,-1.636710284122425,-1.79195467636524,5,3
mp-567852,SmCo9Si4,<PROJECT_ROOT>/external_datasets/functional_protocol_round4_widechem_boost/meta_gga_r2scan/cif/mp-567852.cif,train,-0.4099390757142852,-6.9333054678780695,-0.4786103296858757,-0.4772096528580611,-0.1148250923860286,28,3
mp-1212102,HoGe2Pd,<PROJECT_ROOT>/external_datasets/functional_protocol_round4_widechem_boost/meta_gga_r2scan/cif/mp-1212102.cif,train,-0.7830562331249986,-5.493615627288818,-0.7478347391556834,-0.7474506851180109,-0.6480878264727449,16,3
mp-1220597,Nb3SnH2,<PROJECT_ROOT>/external_datasets/functional_protocol_round4_widechem_boost/meta_gga_r2scan/cif/mp-1220597.cif,train,-0.2563996812499998,-7.060319900512695,-0.1123166053982682,-0.1132391968832191,-0.3519330220077203,12,3
mp-760888,V4OF11,<PROJECT_ROOT>/external_datasets/functional_protocol_round4_widechem_boost/meta_gga_r2scan/cif/mp-760888.cif,train,-3.1735767386718754,-6.205020904541016,-2.8250127797008933,-2.825710618214928,-3.0062561217660067,32,3
mp-861975,PaO3,<PROJECT_ROOT>/external_datasets/functional_protocol_round4_widechem_boost/meta_gga_r2scan/cif/mp-861975.cif,train,-2.8948830315625003,-8.649023056030273,-3.0292639243493333,-3.0281333648844475,-2.7356338484808504,4,2
mp-30091,MgB9N,<PROJECT_ROOT>/external_datasets/functional_protocol_round4_widechem_boost/meta_gga_r2scan/cif/mp-30091.cif,train,-0.4402782255681824,-6.756233215332031,-0.3548961678576443,-0.3559961913307878,-0.640595404302519,22,3
mp-20272,GdPt3,<PROJECT_ROOT>/external_datasets/functional_protocol_round4_widechem_boost/meta_gga_r2scan/cif/mp-20272.cif,train,-1.0037894300000048,-9.016793251037598,-1.025340978145362,-1.0249983264086628,-0.9363471139840348,4,2
mp-557105,K4V2O7,<PROJECT_ROOT>/external_datasets/functional_protocol_round4_widechem_boost/meta_gga_r2scan/cif/mp-557105.cif,train,-2.447947185865385,-6.136957608736479,-2.1595940102460904,-2.1594805311718765,-2.13012110748833,13,3
mp-1013555,Sr3AsN,<PROJECT_ROOT>/external_datasets/functional_protocol_round4_widechem_boost/meta_gga_r2scan/cif/mp-1013555.cif,train,-1.052059000250003,-4.48028564453125,-1.0406197353527906,-1.0416668754886045,-1.3125840566272422,5,3
mp-1103195,Sm2In8Pd,<PROJECT_ROOT>/external_datasets/functional_protocol_round4_widechem_boost/meta_gga_r2scan/cif/mp-1103195.cif,train,-0.5527803709090904,-3.760614568536932,-0.5383906248325725,-0.5378379673411233,-0.3948538484100813,11,3
mp-755184,Sm2Se2O,<PROJECT_ROOT>/external_datasets/functional_protocol_round4_widechem_boost/meta_gga_r2scan/cif/mp-755184.cif,train,-2.781049401375,-6.730580139160156,-2.72354088996223,-2.720140166949101,-1.84030158467188,20,3
mp-1222107,MgV3O8,<PROJECT_ROOT>/external_datasets/functional_protocol_round4_widechem_boost/meta_gga_r2scan/cif/mp-1222107.cif,train,-2.51866456,-7.215965270996094,-2.072461855681545,-2.073781720418064,-2.4152584928833383,24,3
mp-864644,AcCdHg2,<PROJECT_ROOT>/external_datasets/functional_protocol_round4_widechem_boost/meta_gga_r2scan/cif/mp-864644.cif,train,-0.4662208381249968,-1.820022821426392,-0.43234054929643,-0.4309942126860688,-0.0826686095874749,4,3
mp-1185241,LiY2Tl,<PROJECT_ROOT>/external_datasets/functional_protocol_round4_widechem_boost/meta_gga_r2scan/cif/mp-1185241.cif,train,-0.3012843491666679,-4.533935546875,-0.3109127955211246,-0.31170979829567,-0.5179111820860627,4,3
mp-2544,Zr2Be17,<PROJECT_ROOT>/external_datasets/functional_protocol_round4_widechem_boost/meta_gga_r2scan/cif/mp-2544.cif,train,-0.2545120769736848,-4.4826804713199015,-0.2513217722505532,-0.2513190401065444,-0.2506121769794236,19,2
mp-267,Te2Ru,<PROJECT_ROOT>/external_datasets/functional_protocol_round4_widechem_boost/meta_gga_r2scan/cif/mp-267.cif,train,-0.4061187633333389,-5.519311904907227,-0.3946965122044439,-0.3950216566513873,-0.4791433649289887,6,2
mp-2740875,K2CoO2,<PROJECT_ROOT>/external_datasets/functional_protocol_round4_widechem_boost/meta_gga_r2scan/cif/mp-2740875.cif,train,-1.3148836094999994,-4.629137420654297,-1.040224393907891,-1.04223036082087,-1.561216199420346,20,3
mp-12921,PrPIr,<PROJECT_ROOT>/external_datasets/functional_protocol_round4_widechem_boost/meta_gga_r2scan/cif/mp-12921.cif,train,-1.2692225465476197,-7.470949808756511,-1.1810736039121954,-1.179283063839283,-0.7160326805663728,6,3
mp-1210131,NdBiRh,<PROJECT_ROOT>/external_datasets/functional_protocol_round4_widechem_boost/meta_gga_r2scan/cif/mp-1210131.cif,train,-0.8180308974999994,-6.061435699462891,-0.7509515288169224,-0.7501308646238067,-0.5378077740911488,12,3
mp-1211886,K2NdI5,<PROJECT_ROOT>/external_datasets/functional_protocol_round4_widechem_boost/meta_gga_r2scan/cif/mp-1211886.cif,train,-1.7035393749999983,-3.295924663543701,-1.5859608588760183,-1.583740986434634,-1.0094132878486504,32,3
mp-1094907,Mg2Cd,<PROJECT_ROOT>/external_datasets/functional_protocol_round4_widechem_boost/meta_gga_r2scan/cif/mp-1094907.cif,train,-0.0497860083333326,-1.422611077626546,-0.0381340074872866,-0.0378848323286087,0.0265820229569154,6,2
mp-aaaieiqu,TiPbO3,<PROJECT_ROOT>/external_datasets/functional_protocol_round4_widechem_boost/meta_gga_r2scan/cif/mp-aaaieiqu.cif,train,-2.511524339583332,-7.5740608215332035,-2.667407696502602,-2.6659921206553845,-2.2997528704381485,10,3
mp-10032,Ge2Os,<PROJECT_ROOT>/external_datasets/functional_protocol_round4_widechem_boost/meta_gga_r2scan/cif/mp-10032.cif,train,-0.0834786366666691,-6.901702880859375,-0.0777858903174442,-0.0784256026504603,-0.2439326404005641,6,2
mp-1183773,DyCdPt2,<PROJECT_ROOT>/external_datasets/functional_protocol_round4_widechem_boost/meta_gga_r2scan/cif/mp-1183773.cif,train,-0.9193377187499934,-5.238306045532227,-0.9178778713518004,-0.9172755220660722,-0.7614350906215711,4,3
mp-27185,KTh6F25,<PROJECT_ROOT>/external_datasets/functional_protocol_round4_widechem_boost/meta_gga_r2scan/cif/mp-27185.cif,train,-4.364753702304686,-6.9693145751953125,-4.442530951354045,-4.4376869153492615,-3.1844329001029106,32,3
mp-757791,SmY15O24,<PROJECT_ROOT>/external_datasets/functional_protocol_round4_widechem_boost/meta_gga_r2scan/cif/mp-757791.cif,train,-3.892444167,-9.057070922851562,-3.9582881064496025,-3.95217026034548,-2.369354776091294,40,3
mp-3346788,Ca2Mg(CO3)3,<PROJECT_ROOT>/external_datasets/functional_protocol_round4_widechem_boost/meta_gga_r2scan/cif/mp-3346788.cif,train,-2.3385422522500003,-7.370418294270833,-2.5782194459441463,-2.576745148055813,-2.1953132705047222,30,4
mp-1188318,SiH8,<PROJECT_ROOT>/external_datasets/functional_protocol_round4_widechem_boost/meta_gga_r2scan/cif/mp-1188318.cif,train,-0.0030229294444442,-3.606199476453993,0.0419275497685482,0.0414281937692422,-0.0877657079107195,18,2
mp-1216920,US2,<PROJECT_ROOT>/external_datasets/functional_protocol_round4_widechem_boost/meta_gga_r2scan/cif/mp-1216920.cif,train,-1.7408791015416685,-7.864684041341146,-1.670977847673594,-1.6714936335458557,-1.804938288951376,15,2
mp-1224644,GdHoAl6,<PROJECT_ROOT>/external_datasets/functional_protocol_round4_widechem_boost/meta_gga_r2scan/cif/mp-1224644.cif,train,-0.4629378993750013,-5.564894199371338,-0.455452500075344,-0.4561074274835119,-0.6255509252553471,8,3
mp-aaaiejag,Sr3Ga2(SiO4)3,<PROJECT_ROOT>/external_datasets/functional_protocol_round4_widechem_boost/meta_gga_r2scan/cif/mp-aaaiejag.cif,train,-2.9147562455,-6.982123565673828,-3.0340570086225345,-3.031788781573302,-2.4449507287320653,80,4
mp-10881,Ce3AlN,<PROJECT_ROOT>/external_datasets/functional_protocol_round4_widechem_boost/meta_gga_r2scan/cif/mp-10881.cif,train,-0.8997610077499985,-6.715196228027343,-0.9257512763865066,-0.9269567433797414,-1.2388364131502971,5,3
mp-1192512,Ta2(Ni7B2)3,<PROJECT_ROOT>/external_datasets/functional_protocol_round4_widechem_boost/meta_gga_r2scan/cif/mp-1192512.cif,train,-0.3185027848160914,-6.712266066978717,-0.3427981249057925,-0.3427339858999767,-0.3261398758449303,29,3
mp-30845,SmPt3,<PROJECT_ROOT>/external_datasets/functional_protocol_round4_widechem_boost/meta_gga_r2scan/cif/mp-30845.cif,train,-0.9861143800000036,-6.630692481994629,-1.0123755162944414,-1.0125460838584388,-1.0566755007805575,4,2
mp-19379,CoSO4,<PROJECT_ROOT>/external_datasets/functional_protocol_round4_widechem_boost/meta_gga_r2scan/cif/mp-19379.cif,train,-1.4324012225520828,-6.155206044514974,-1.4519009298178889,-1.4559691054090615,-2.5084917103860365,24,3
mp-540997,FeTeCl7,<PROJECT_ROOT>/external_datasets/functional_protocol_round4_widechem_boost/meta_gga_r2scan/cif/mp-540997.cif,train,-0.8050531263888874,-3.395536846584744,-0.8768165124839271,-0.8793891589786114,-1.5449869262292324,18,3
mp-31253,Ga2Ir,<PROJECT_ROOT>/external_datasets/functional_protocol_round4_widechem_boost/meta_gga_r2scan/cif/mp-31253.cif,train,-0.5172885766666708,-5.4035754733615455,-0.4734939913325808,-0.4732972668328248,-0.4224005003822247,18,2
mp-2012894,TlSbS2,<PROJECT_ROOT>/external_datasets/functional_protocol_round4_widechem_boost/meta_gga_r2scan/cif/mp-2012894.cif,train,-0.389309630156248,-4.00665807723999,-0.4644992654308404,-0.4661042038970961,-0.8813355471548119,8,3
mp-4395,TbScGe,<PROJECT_ROOT>/external_datasets/functional_protocol_round4_widechem_boost/meta_gga_r2scan/cif/mp-4395.cif,train,-0.8427300583333329,-5.926146825154622,-0.7607750255447421,-0.7609924743659118,-0.8172510587182743,6,3
mp-1105558,Ca5CdCu2,<PROJECT_ROOT>/external_datasets/functional_protocol_round4_widechem_boost/meta_gga_r2scan/cif/mp-1105558.cif,train,-0.1651313124999998,-2.576552152633667,-0.2809861995504166,-0.2831338313988532,-0.8387713689140273,16,3
mp-22394,ThRu3C,<PROJECT_ROOT>/external_datasets/functional_protocol_round4_widechem_boost/meta_gga_r2scan/cif/mp-22394.cif,train,-0.3110791070000004,-9.178578948974607,-0.3199187110711268,-0.3197970214878216,-0.2883133663882135,5,3
mp-18481,K6MnSe4,<PROJECT_ROOT>/external_datasets/functional_protocol_round4_widechem_boost/meta_gga_r2scan/cif/mp-18481.cif,train,-1.320889420748432,-3.750585729425604,-1.1898832906921055,-1.1888569674621516,-0.923325557787268,22,3
mp-770,DyCd,<PROJECT_ROOT>/external_datasets/functional_protocol_round4_widechem_boost/meta_gga_r2scan/cif/mp-770.cif,train,-0.3826416725000001,-3.075213432312012,-0.4014359083792218,-0.4021792492573306,-0.594497171601493,2,2
mp-19753,Gd(SiPd)2,<PROJECT_ROOT>/external_datasets/functional_protocol_round4_widechem_boost/meta_gga_r2scan/cif/mp-19753.cif,train,-0.9520449500000012,-7.996544647216797,-0.9021475931008238,-0.9014241587284256,-0.7142564681784611,5,3
mp-27769,V3AsC,<PROJECT_ROOT>/external_datasets/functional_protocol_round4_widechem_boost/meta_gga_r2scan/cif/mp-27769.cif,train,-0.5797595515000011,-8.740702819824218,-0.8803397228070597,-0.8786189839277432,-0.4334276377936341,10,3
mp-1186708,Pr3Dy,<PROJECT_ROOT>/external_datasets/functional_protocol_round4_widechem_boost/meta_gga_r2scan/cif/mp-1186708.cif,train,0.0373587925000009,-4.720494270324707,-0.0771725819528983,-0.0803349883479498,-0.8985160482194599,4,2
mp-1183588,CaYbHg2,<PROJECT_ROOT>/external_datasets/functional_protocol_round4_widechem_boost/meta_gga_r2scan/cif/mp-1183588.cif,train,-0.5787890575000034,-1.6041258573532104,-0.6769338977323676,-0.6761729152482596,-0.4792907383225265,4,3
mp-867224,CaNdCd2,<PROJECT_ROOT>/external_datasets/functional_protocol_round4_widechem_boost/meta_gga_r2scan/cif/mp-867224.cif,train,-0.4049973868749994,-2.516240358352661,-0.4424646322102372,-0.4431499614201746,-0.6204590448526742,4,3
mp-1104183,Mn(BiSe2)2,<PROJECT_ROOT>/external_datasets/functional_protocol_round4_widechem_boost/meta_gga_r2scan/cif/mp-1104183.cif,train,-0.5951909629618228,-4.8007627214704245,-0.6020902595382482,-0.6029190013409584,-0.8173319394002543,14,3
mp-1227383,Ca2AlZn16,<PROJECT_ROOT>/external_datasets/functional_protocol_round4_widechem_boost/meta_gga_r2scan/cif/mp-1227383.cif,train,-0.2017792447368429,-1.6449420326634456,-0.2080166873176976,-0.2078898694747453,-0.1750794257207433,19,3
mp-756397,Li3V6O16,<PROJECT_ROOT>/external_datasets/functional_protocol_round4_widechem_boost/meta_gga_r2scan/cif/mp-756397.cif,train,-2.5110583572,-7.089730834960937,-2.0676496475416446,-2.0690066382521106,-2.420088681166849,25,3
mp-971836,Zn2NiIr,<PROJECT_ROOT>/external_datasets/functional_protocol_round4_widechem_boost/meta_gga_r2scan/cif/mp-971836.cif,train,-0.2400109900000018,-4.493952751159668,-0.2509246392143041,-0.2506558716445797,-0.181120047471419,4,3
mp-1025100,LaGe5,<PROJECT_ROOT>/external_datasets/functional_protocol_round4_widechem_boost/meta_gga_r2scan/cif/mp-1025100.cif,train,-0.2703995308333352,-4.968405087788899,-0.2779762510166295,-0.279170559518298,-0.5881632927721053,6,2
mp-2160,Sb2Se3,<PROJECT_ROOT>/external_datasets/functional_protocol_round4_widechem_boost/meta_gga_r2scan/cif/mp-2160.cif,train,-0.2844945879375018,-3.9991024017333983,-0.3850768132174167,-0.3873924976836322,-0.9865087826278108,20,2
mp-1219047,SmYCo17,<PROJECT_ROOT>/external_datasets/functional_protocol_round4_widechem_boost/meta_gga_r2scan/cif/mp-1219047.cif,train,-0.0576209115789472,-7.027691489771793,-0.1115731677005706,-0.1104179822688786,0.1884527897861476,19,3
mp-775909,ZrO2,<PROJECT_ROOT>/external_datasets/functional_protocol_round4_widechem_boost/meta_gga_r2scan/cif/mp-775909.cif,train,-3.716824959166665,-9.4413636525472,-3.75965938026926,-3.755364118588724,-2.644089565228584,6,2
mp-1208317,TbGa2Ag,<PROJECT_ROOT>/external_datasets/functional_protocol_round4_widechem_boost/meta_gga_r2scan/cif/mp-1208317.cif,train,-0.5753036362499984,-3.896175384521485,-0.5300511047321268,-0.5292774698433869,-0.3291218496771468,16,3
mp-618375,Ag4Te(NO3)2,<PROJECT_ROOT>/external_datasets/functional_protocol_round4_widechem_boost/meta_gga_r2scan/cif/mp-618375.cif,train,-0.1400300761538456,-4.787300696739783,-0.4224966494687896,-0.427356953189653,-1.6848197687985902,52,4
mp-1216676,TiP2W,<PROJECT_ROOT>/external_datasets/functional_protocol_round4_widechem_boost/meta_gga_r2scan/cif/mp-1216676.cif,train,-0.8524781031547626,-8.73617172241211,-1.0867640239850545,-1.085350855052786,-0.7197343243810126,4,3
mp-8262,K2P3,<PROJECT_ROOT>/external_datasets/functional_protocol_round4_widechem_boost/meta_gga_r2scan/cif/mp-8262.cif,train,-0.5499503902857128,-4.121678161621094,-0.4328574951604178,-0.4340987875227302,-0.7552472339194841,10,2
mp-20199,PPbS3,<PROJECT_ROOT>/external_datasets/functional_protocol_round4_widechem_boost/meta_gga_r2scan/cif/mp-20199.cif,train,-0.5370830482827387,-4.725978088378906,-0.5826294064682829,-0.5848752319225081,-1.1659175208914752,20,3
mp-556034,CO2,<PROJECT_ROOT>/external_datasets/functional_protocol_round4_widechem_boost/meta_gga_r2scan/cif/mp-556034.cif,train,-1.287993538333333,-7.651699066162109,-1.6962021119386763,-1.6981936099176504,-2.2134360309132077,12,2
mp-979952,Yb3Ti,<PROJECT_ROOT>/external_datasets/functional_protocol_round4_widechem_boost/meta_gga_r2scan/cif/mp-979952.cif,train,0.1500453220833328,-2.6785454750061035,0.2204861565006051,0.2165775442125364,-0.7946626776258834,4,2
mp-979042,Tm2BeOs,<PROJECT_ROOT>/external_datasets/functional_protocol_round4_widechem_boost/meta_gga_r2scan/cif/mp-979042.cif,train,-0.2271522031250015,-6.120226860046387,-0.2056389894161983,-0.2065673330466397,-0.4467493592005517,4,3
mp-977378,ErCdAg2,<PROJECT_ROOT>/external_datasets/functional_protocol_round4_widechem_boost/meta_gga_r2scan/cif/mp-977378.cif,train,-0.2855636458333315,-3.06203556060791,-0.2732170497232307,-0.2726923110433761,-0.1369313759818705,4,3
mp-1096986,HC,<PROJECT_ROOT>/external_datasets/functional_protocol_round4_widechem_boost/meta_gga_r2scan/cif/mp-1096986.cif,train,-0.1131453893749991,-6.402499675750732,-0.0789172743618191,-0.0782863675318346,0.0849425013400779,4,2
mp-865419,U2Fe12P7,<PROJECT_ROOT>/external_datasets/functional_protocol_round4_widechem_boost/meta_gga_r2scan/cif/mp-865419.cif,train,-0.4875216712301564,-8.386066255115328,-0.7900703978219532,-0.7879762796238134,-0.2461838491836805,21,3
mp-865210,TmLuMg2,<PROJECT_ROOT>/external_datasets/functional_protocol_round4_widechem_boost/meta_gga_r2scan/cif/mp-865210.cif,train,-0.0657352341666666,-3.0974509716033936,-0.0741049911760711,-0.075586334339289,-0.4588409727097158,4,3
mp-13133,K2TiO3,<PROJECT_ROOT>/external_datasets/functional_protocol_round4_widechem_boost/meta_gga_r2scan/cif/mp-13133.cif,train,-2.6517299492361097,-6.579685846964519,-2.739710275787391,-2.737600114572211,-2.1916570181269948,12,3
mp-1029337,Zr2SeN2,<PROJECT_ROOT>/external_datasets/functional_protocol_round4_widechem_boost/meta_gga_r2scan/cif/mp-1029337.cif,train,-1.9126706813125,-9.002765655517578,-1.748430264005358,-1.7462545933063405,-1.1833628153124485,5,3
mp-505235,CoP2PbO7,<PROJECT_ROOT>/external_datasets/functional_protocol_round4_widechem_boost/meta_gga_r2scan/cif/mp-505235.cif,train,-2.050169276336582,-6.842608365145597,-2.129951536256041,-2.1304309276371525,-2.254459562574717,44,4
mp-1024983,ErInNi4,<PROJECT_ROOT>/external_datasets/functional_protocol_round4_widechem_boost/meta_gga_r2scan/cif/mp-1024983.cif,train,-0.3960043522222207,-5.469799041748047,-0.4659022402528432,-0.465432874197548,-0.3439980019467442,6,3
mp-1078625,Tm2InAu2,<PROJECT_ROOT>/external_datasets/functional_protocol_round4_widechem_boost/meta_gga_r2scan/cif/mp-1078625.cif,train,-0.9257234940000046,-4.463961791992188,-0.8827788969223942,-0.8813019989650384,-0.4991974288646412,10,3
mp-1016253,Mg7Cd,<PROJECT_ROOT>/external_datasets/functional_protocol_round4_widechem_boost/meta_gga_r2scan/cif/mp-1016253.cif,train,-0.0270202831250001,-1.5498037338256836,-0.0120860194984677,-0.0119373242544389,0.0265332633810067,8,2
mp-11541,ZrOs,<PROJECT_ROOT>/external_datasets/functional_protocol_round4_widechem_boost/meta_gga_r2scan/cif/mp-11541.cif,train,-0.6671038675000034,-10.406110763549805,-0.6345826842623481,-0.6340648984802462,-0.5001028243304478,2,2
mp-1208175,Tl2CoI4,<PROJECT_ROOT>/external_datasets/functional_protocol_round4_widechem_boost/meta_gga_r2scan/cif/mp-1208175.cif,train,-0.5711353642857172,-2.9562767573765347,-0.499783003277749,-0.4998020808314738,-0.5047378453026663,14,3
mp-975442,NdErIn2,<PROJECT_ROOT>/external_datasets/functional_protocol_round4_widechem_boost/meta_gga_r2scan/cif/mp-975442.cif,train,-0.5839707902083298,-4.165860176086426,-0.5680779804930536,-0.5683933089753115,-0.6499754206950685,4,3
mp-1080608,SrIn3,<PROJECT_ROOT>/external_datasets/functional_protocol_round4_widechem_boost/meta_gga_r2scan/cif/mp-1080608.cif,train,-0.4157913387500009,-2.7819151878356934,-0.4204044799676749,-0.4207062334239895,-0.4987762003640172,8,2
mp-1206717,LaBiPd,<PROJECT_ROOT>/external_datasets/functional_protocol_round4_widechem_boost/meta_gga_r2scan/cif/mp-1206717.cif,train,-1.09791517666667,-5.654472351074219,-1.007531583329511,-1.005804421732372,-0.5589513833868751,3,3
mp-634431,KHCO3,<PROJECT_ROOT>/external_datasets/functional_protocol_round4_widechem_boost/meta_gga_r2scan/cif/mp-634431.cif,train,-1.6166693322916668,-6.293997446695964,-1.8420057737132884,-1.841787251964776,-1.7852510787316842,24,4
mp-1184431,Gd3Dy,<PROJECT_ROOT>/external_datasets/functional_protocol_round4_widechem_boost/meta_gga_r2scan/cif/mp-1184431.cif,train,0.0738505112500007,-11.663651466369627,-0.0018599928741096,-0.0057960436113519,-1.024135169459096,4,2
mp-7639,Na2CuP,<PROJECT_ROOT>/external_datasets/functional_protocol_round4_widechem_boost/meta_gga_r2scan/cif/mp-7639.cif,train,-0.4638381494940473,-3.4036436080932617,-0.4422388696001569,-0.4424284013286197,-0.4914642465421162,8,3
mp-20121,UFeSi,<PROJECT_ROOT>/external_datasets/functional_protocol_round4_widechem_boost/meta_gga_r2scan/cif/mp-20121.cif,train,-0.3689707316666641,-8.812748591105143,-0.5829121416520486,-0.5836422140713484,-0.7725273070070172,12,3
mp-754,Te2Rh,<PROJECT_ROOT>/external_datasets/functional_protocol_round4_widechem_boost/meta_gga_r2scan/cif/mp-754.cif,train,-0.4394105141666671,-4.951425870259603,-0.4638301971107657,-0.4644565605985109,-0.6265099712763,12,2
mp-674492,Na2U2O7,<PROJECT_ROOT>/external_datasets/functional_protocol_round4_widechem_boost/meta_gga_r2scan/cif/mp-674492.cif,train,-3.066313384204547,-8.268300836736506,-3.3356956080139915,-3.3329560840203394,-2.6241835972930576,22,3
mp-2767268,VCuO2,<PROJECT_ROOT>/external_datasets/functional_protocol_round4_widechem_boost/meta_gga_r2scan/cif/mp-2767268.cif,train,-1.8485837218750003,-6.814640045166016,-1.499331652429739,-1.5005274401121165,-1.8099028685434488,8,3
mp-557111,Sr3CaRu2O9,<PROJECT_ROOT>/external_datasets/functional_protocol_round4_widechem_boost/meta_gga_r2scan/cif/mp-557111.cif,train,-2.3536636024166664,-6.735361735026042,-2.483163801131454,-2.483218630536314,-2.497404150984802,60,4
mp-16621,HoAl7Au3,<PROJECT_ROOT>/external_datasets/functional_protocol_round4_widechem_boost/meta_gga_r2scan/cif/mp-16621.cif,train,-0.5686721831818162,-4.19675029407848,-0.5365640917977403,-0.5363987022995786,-0.4936089599346303,22,3
mp-1078645,YCoGe2,<PROJECT_ROOT>/external_datasets/functional_protocol_round4_widechem_boost/meta_gga_r2scan/cif/mp-1078645.cif,train,-0.6300225000000008,-6.340004920959473,-0.6380582611948391,-0.6368441349912581,-0.3227241453414043,8,3
mp-1220786,Nb12TlTe16,<PROJECT_ROOT>/external_datasets/functional_protocol_round4_widechem_boost/meta_gga_r2scan/cif/mp-1220786.cif,train,-0.5392370003448284,-6.43981828360722,-0.4193013597416444,-0.4199001358335721,-0.5748161068773489,29,3
mp-10853,Pr(BC)2,<PROJECT_ROOT>/external_datasets/functional_protocol_round4_widechem_boost/meta_gga_r2scan/cif/mp-10853.cif,train,-0.4909527543333326,-7.71419677734375,-0.3824514112803481,-0.382352579141858,-0.3567826258459067,10,3
mp-1025266,Tb2Cr2C3,<PROJECT_ROOT>/external_datasets/functional_protocol_round4_widechem_boost/meta_gga_r2scan/cif/mp-1025266.cif,train,-0.3431738171428569,-8.326737540108818,-0.4178656532145135,-0.4169094115809395,-0.1695095851498478,7,3
mp-3273,Si5P6O25,<PROJECT_ROOT>/external_datasets/functional_protocol_round4_widechem_boost/meta_gga_r2scan/cif/mp-3273.cif,train,-2.633978580600198,-7.475862291124132,-2.8116440628891297,-2.810873664039753,-2.6115552753330893,36,3
mp-30050,Ba(GeRu)2,<PROJECT_ROOT>/external_datasets/functional_protocol_round4_widechem_boost/meta_gga_r2scan/cif/mp-30050.cif,train,-0.5152645380000024,-6.408819580078125,-0.4836170973986107,-0.4840431211306262,-0.5942644225833662,10,3
mp-1186416,PaGa3,<PROJECT_ROOT>/external_datasets/functional_protocol_round4_widechem_boost/meta_gga_r2scan/cif/mp-1186416.cif,train,-0.390026347500001,-5.003598213195801,-0.3593116976288337,-0.359677317127435,-0.4542707727151752,8,2
mp-1024988,LiYb(CuP)2,<PROJECT_ROOT>/external_datasets/functional_protocol_round4_widechem_boost/meta_gga_r2scan/cif/mp-1024988.cif,train,-0.8849961062698407,-4.42027219136556,-0.7428625600835992,-0.7417072936703617,-0.4428155699831578,6,4
mp-1188305,La(Ge3Pt)4,<PROJECT_ROOT>/external_datasets/functional_protocol_round4_widechem_boost/meta_gga_r2scan/cif/mp-1188305.cif,train,-0.4272099914705871,-5.385279487161076,-0.4031529900300095,-0.4039196541720011,-0.6022717955045005,17,3
mp-1212189,HfMnP,<PROJECT_ROOT>/external_datasets/functional_protocol_round4_widechem_boost/meta_gga_r2scan/cif/mp-1212189.cif,train,-1.085501826652982,-9.175551732381184,-1.2926007718550627,-1.291379445472347,-0.9753966180307893,12,3
mp-1018086,CePd,<PROJECT_ROOT>/external_datasets/functional_protocol_round4_widechem_boost/meta_gga_r2scan/cif/mp-1018086.cif,train,-0.7748391274999982,-6.229785442352295,-0.7749232688882772,-0.7758612883322664,-1.0185466509932914,4,2
mp-1217306,Th2Si3Ni,<PROJECT_ROOT>/external_datasets/functional_protocol_round4_widechem_boost/meta_gga_r2scan/cif/mp-1217306.cif,train,-0.808838854166666,-6.942478815714519,-0.7852099994066828,-0.7849353666105054,-0.7138820849753273,6,3
mp-567698,CsTiI3,<PROJECT_ROOT>/external_datasets/functional_protocol_round4_widechem_boost/meta_gga_r2scan/cif/mp-567698.cif,train,-1.289767538833334,-3.703195953369141,-1.147012992129337,-1.14697455695548,-1.1370305689428286,10,3
mp-752515,YTa3O9,<PROJECT_ROOT>/external_datasets/functional_protocol_round4_widechem_boost/meta_gga_r2scan/cif/mp-752515.cif,train,-3.3143535235192303,-9.691676213191103,-3.4558831757311737,-3.452663128246841,-2.6195691060214923,26,3
mp-772290,LiAgO,<PROJECT_ROOT>/external_datasets/functional_protocol_round4_widechem_boost/meta_gga_r2scan/cif/mp-772290.cif,train,-1.1564633893055547,-4.244611422220866,-1.2420271601599673,-1.2422517556198711,-1.300359325749213,12,3
mp-1379,SnS,<PROJECT_ROOT>/external_datasets/functional_protocol_round4_widechem_boost/meta_gga_r2scan/cif/mp-1379.cif,train,-0.3959230289062496,-4.443006992340088,-0.4799011291653432,-0.4819235931766483,-1.0051775781508363,4,2
mp-10130,U2(Ni7B2)3,<PROJECT_ROOT>/external_datasets/functional_protocol_round4_widechem_boost/meta_gga_r2scan/cif/mp-10130.cif,train,-0.3004895956896552,-6.659277028050916,-0.3648676980654191,-0.3649790658563105,-0.3937922561312226,29,3
mp-1213706,Cs2Pb2O3,<PROJECT_ROOT>/external_datasets/functional_protocol_round4_widechem_boost/meta_gga_r2scan/cif/mp-1213706.cif,train,-1.392126956607143,-4.660154070172991,-1.508100699533741,-1.5083586267526723,-1.575089824137132,14,3
mp-867761,Sc2CoRu,<PROJECT_ROOT>/external_datasets/functional_protocol_round4_widechem_boost/meta_gga_r2scan/cif/mp-867761.cif,train,-0.4104224962500016,-7.730884552001953,-0.5012774815437684,-0.5013853918210947,-0.5293040505932967,4,3
mp-1077534,PaPt5,<PROJECT_ROOT>/external_datasets/functional_protocol_round4_widechem_boost/meta_gga_r2scan/cif/mp-1077534.cif,train,-0.8304009366666586,-7.379745483398437,-0.819464035138771,-0.819756585257231,-0.8954454550874906,6,2
mp-776213,Hf2N2O,<PROJECT_ROOT>/external_datasets/functional_protocol_round4_widechem_boost/meta_gga_r2scan/cif/mp-776213.cif,train,-2.567565544499999,-10.550885772705078,-2.496842505063645,-2.494331119554629,-1.844582858003662,40,3
mp-983480,Hf6Al16Rh7,<PROJECT_ROOT>/external_datasets/functional_protocol_round4_widechem_boost/meta_gga_r2scan/cif/mp-983480.cif,train,-0.870214797241382,-6.692584859913793,-0.8204468928150668,-0.8203672527234493,-0.7997626856860144,29,3
mp-1223956,Ho2TeS2,<PROJECT_ROOT>/external_datasets/functional_protocol_round4_widechem_boost/meta_gga_r2scan/cif/mp-1223956.cif,train,-2.1495108991250023,-5.968701934814453,-2.030603708840725,-2.0278851168898635,-1.3245281899674686,5,3
mp-1185980,MgSnRu2,<PROJECT_ROOT>/external_datasets/functional_protocol_round4_widechem_boost/meta_gga_r2scan/cif/mp-1185980.cif,train,-0.1208675787500048,-6.1626410484313965,-0.120442396245477,-0.1206720192835142,-0.1800803296572461,4,3
mp-1194475,La2U2Se9,<PROJECT_ROOT>/external_datasets/functional_protocol_round4_widechem_boost/meta_gga_r2scan/cif/mp-1194475.cif,train,-1.6609982155048066,-6.269551790677584,-1.5865997870059303,-1.586300949684624,-1.5089854482189466,26,3
mp-1193917,Sr(TbSe2)2,<PROJECT_ROOT>/external_datasets/functional_protocol_round4_widechem_boost/meta_gga_r2scan/cif/mp-1193917.cif,train,-2.26482798375,-5.509083339146206,-2.1178698548549217,-2.1148353545701646,-1.3297462961114612,28,3
mp-1184850,HoTmRh2,<PROJECT_ROOT>/external_datasets/functional_protocol_round4_widechem_boost/meta_gga_r2scan/cif/mp-1184850.cif,train,-1.0029392712499965,-6.870563983917236,-0.9968217146123336,-0.9963704314868842,-0.8796139935881884,4,3
mp-28244,TlBO2,<PROJECT_ROOT>/external_datasets/functional_protocol_round4_widechem_boost/meta_gga_r2scan/cif/mp-28244.cif,train,-1.979257958125004,-6.577577590942383,-2.1487668411676117,-2.147388407938908,-1.790758734475581,32,3
mp-1211723,La(Cu2P)2,<PROJECT_ROOT>/external_datasets/functional_protocol_round4_widechem_boost/meta_gga_r2scan/cif/mp-1211723.cif,train,-0.5968970208503411,-5.135983421688988,-0.5581816245426428,-0.557335810743619,-0.3385059881111546,42,3
mp-1078729,Zr6CuBi2,<PROJECT_ROOT>/external_datasets/functional_protocol_round4_widechem_boost/meta_gga_r2scan/cif/mp-1078729.cif,train,-0.3630786266666632,-7.310859680175781,-0.3704400314932004,-0.3716526495319447,-0.6853824452045525,9,3
mp-15201,Pr2Ti2O7,<PROJECT_ROOT>/external_datasets/functional_protocol_round4_widechem_boost/meta_gga_r2scan/cif/mp-15201.cif,train,-3.590942962310608,-8.728676535866477,-3.6957365164526657,-3.6915213614264495,-2.600972084689876,44,3
mp-1223007,LaTh4OF19,<PROJECT_ROOT>/external_datasets/functional_protocol_round4_widechem_boost/meta_gga_r2scan/cif/mp-1223007.cif,train,-4.178850869549999,-6.867514038085938,-4.2432807452609484,-4.239457710660237,-3.2503582367839496,50,4
mp-11250,Mg2Au,<PROJECT_ROOT>/external_datasets/functional_protocol_round4_widechem_boost/meta_gga_r2scan/cif/mp-11250.cif,train,-0.5136237066666661,-2.655656655629476,-0.488793131251684,-0.4872359008161391,-0.0843476287043552,12,2
mp-866111,Ho2IrRu,<PROJECT_ROOT>/external_datasets/functional_protocol_round4_widechem_boost/meta_gga_r2scan/cif/mp-866111.cif,train,-0.7327066162499989,-7.462281703948975,-0.7399408097835263,-0.7402479280415717,-0.8197058820488,4,3
mp-5819,Pr(NiGe)2,<PROJECT_ROOT>/external_datasets/functional_protocol_round4_widechem_boost/meta_gga_r2scan/cif/mp-5819.cif,train,-0.7004483763333326,-5.796131134033203,-0.6944310565442917,-0.6932996129857516,-0.4005713629492857,5,3
mp-1186953,Sc2ZnAg,<PROJECT_ROOT>/external_datasets/functional_protocol_round4_widechem_boost/meta_gga_r2scan/cif/mp-1186953.cif,train,-0.3220405299999989,-4.507829189300537,-0.3234014598474015,-0.3239597255158726,-0.4683947978061084,4,3
mp-27323,BaMn2O3,<PROJECT_ROOT>/external_datasets/functional_protocol_round4_widechem_boost/meta_gga_r2scan/cif/mp-27323.cif,train,-2.236909160035921,-7.2091623942057295,-1.965875801777185,-1.9662854529680815,-2.072270833618064,6,3
mp-1223076,La4B4I5,<PROJECT_ROOT>/external_datasets/functional_protocol_round4_widechem_boost/meta_gga_r2scan/cif/mp-1223076.cif,train,-1.3252889290384622,-5.3079387958233175,-1.2339367567526436,-1.2332789715620462,-1.0630961053579702,13,3
mp-17334,Sc2Cr4Si5,<PROJECT_ROOT>/external_datasets/functional_protocol_round4_widechem_boost/meta_gga_r2scan/cif/mp-17334.cif,train,-0.4484043540909087,-7.671090559525923,-0.6397240047107742,-0.639337687173728,-0.5393892136332556,22,3
mp-2484,SmSn3,<PROJECT_ROOT>/external_datasets/functional_protocol_round4_widechem_boost/meta_gga_r2scan/cif/mp-2484.cif,train,-0.4695382525000013,-4.659161567687988,-0.4696380254497843,-0.4698930696616568,-0.5358783724727286,4,2
mp-555129,La3S3N,<PROJECT_ROOT>/external_datasets/functional_protocol_round4_widechem_boost/meta_gga_r2scan/cif/mp-555129.cif,train,-2.3518508292410707,-7.1281874520438055,-2.2620527665301804,-2.259174257623981,-1.5144434502861246,28,3
mp-27702,InClO,<PROJECT_ROOT>/external_datasets/functional_protocol_round4_widechem_boost/meta_gga_r2scan/cif/mp-27702.cif,train,-1.6189474087499984,-4.556125640869141,-1.7009421941177787,-1.7014222842934847,-1.825631712089089,6,3
mp-556346,Pr(IO3)3,<PROJECT_ROOT>/external_datasets/functional_protocol_round4_widechem_boost/meta_gga_r2scan/cif/mp-556346.cif,train,-1.097502489647435,-5.130650446965144,-1.4656957081265638,-1.4703579238260565,-2.6765712012572096,52,3
mp-17141,Er3(AlNi3)2,<PROJECT_ROOT>/external_datasets/functional_protocol_round4_widechem_boost/meta_gga_r2scan/cif/mp-17141.cif,train,-0.5795336740909094,-5.662257454612038,-0.6421381917605089,-0.6416620849205383,-0.518483229872966,22,3
mp-1199574,Ca4As3H9O16,<PROJECT_ROOT>/external_datasets/functional_protocol_round4_widechem_boost/meta_gga_r2scan/cif/mp-1199574.cif,train,-1.866994918398437,-5.833285331726074,-2.058839186993991,-2.05834278587848,-1.9299133748407984,128,4
mp-996995,MnAgO2,<PROJECT_ROOT>/external_datasets/functional_protocol_round4_widechem_boost/meta_gga_r2scan/cif/mp-996995.cif,train,-1.4570482942456895,-6.125164985656738,-1.1540138999316696,-1.156103638531336,-1.6967629747258075,4,3
mp-1774,ErB2,<PROJECT_ROOT>/external_datasets/functional_protocol_round4_widechem_boost/meta_gga_r2scan/cif/mp-1774.cif,train,-0.7018323727777798,-6.597180684407552,-0.6143610640809873,-0.6152832539201496,-0.8538731648124999,3,2
mp-975341,La3Mg,<PROJECT_ROOT>/external_datasets/functional_protocol_round4_widechem_boost/meta_gga_r2scan/cif/mp-975341.cif,train,-0.0315656787499989,-4.104711055755615,-0.1003276219716173,-0.1039264891671045,-1.0350291396492093,8,2
mp-569309,RbMnCl3,<PROJECT_ROOT>/external_datasets/functional_protocol_round4_widechem_boost/meta_gga_r2scan/cif/mp-569309.cif,train,-1.8611316026465523,-4.590054321289062,-1.7735748788920915,-1.7720624798308888,-1.3807730273508714,30,3
mp-19177,CrO2,<PROJECT_ROOT>/external_datasets/functional_protocol_round4_widechem_boost/meta_gga_r2scan/cif/mp-19177.cif,train,-2.188125014166665,-7.401608784993489,-1.4217074695755825,-1.4248704038954427,-2.2431880490196563,6,2
mp-867217,CaPrHg2,<PROJECT_ROOT>/external_datasets/functional_protocol_round4_widechem_boost/meta_gga_r2scan/cif/mp-867217.cif,train,-0.614324961666668,-2.391054630279541,-0.5983012452866143,-0.5980992471040478,-0.5458380679724972,4,3
mp-10695,ZnS,<PROJECT_ROOT>/external_datasets/functional_protocol_round4_widechem_boost/meta_gga_r2scan/cif/mp-10695.cif,train,-0.9625521039062512,-3.503239393234253,-0.9501068886057236,-0.9498727651441436,-0.8893001005315648,2,2
mp-20564,V2Pb3O8,<PROJECT_ROOT>/external_datasets/functional_protocol_round4_widechem_boost/meta_gga_r2scan/cif/mp-20564.cif,train,-2.0594879473076926,-6.667211092435396,-1.8420087401760048,-1.8430557701619632,-2.113944453212613,26,3
mp-1220057,NiPd,<PROJECT_ROOT>/external_datasets/functional_protocol_round4_widechem_boost/meta_gga_r2scan/cif/mp-1220057.cif,train,0.0426419500000001,-5.413908004760742,0.0505248153022561,0.0490334338436841,-0.336818322702307,2,2
mp-1185112,La3Pm,<PROJECT_ROOT>/external_datasets/functional_protocol_round4_widechem_boost/meta_gga_r2scan/cif/mp-1185112.cif,train,0.0238939243750024,-4.866116046905518,-0.0973040609702078,-0.1015176538917153,-1.191662781278464,4,2
mp-1562,ThBe13,<PROJECT_ROOT>/external_datasets/functional_protocol_round4_widechem_boost/meta_gga_r2scan/cif/mp-1562.cif,train,-0.1670159298214295,-4.160759789603097,-0.1633899079674297,-0.1635202252308154,-0.1972360426704088,28,2
mp-2017427,Fe2PO5,<PROJECT_ROOT>/external_datasets/functional_protocol_round4_widechem_boost/meta_gga_r2scan/cif/mp-2017427.cif,train,-2.0331807264657744,-7.018415451049805,-1.561515734935786,-1.5637455282715784,-2.1406399709432185,16,3
mp-983430,HfZnPt2,<PROJECT_ROOT>/external_datasets/functional_protocol_round4_widechem_boost/meta_gga_r2scan/cif/mp-983430.cif,train,-0.9495254787499974,-6.701820373535156,-0.9343076395081944,-0.9342363045456716,-0.9157804491145372,4,3
mp-505005,CeSiOs,<PROJECT_ROOT>/external_datasets/functional_protocol_round4_widechem_boost/meta_gga_r2scan/cif/mp-505005.cif,train,-0.7284511066666634,-8.154445012410482,-0.703763279161759,-0.7039093706697459,-0.7417063170211766,6,3
mp-1187567,TmRh3,<PROJECT_ROOT>/external_datasets/functional_protocol_round4_widechem_boost/meta_gga_r2scan/cif/mp-1187567.cif,train,-0.6172628650000007,-7.198632717132568,-0.6048243318686604,-0.6053614389347404,-0.7443223356993376,4,2
mp-29222,Ba2Si3O8,<PROJECT_ROOT>/external_datasets/functional_protocol_round4_widechem_boost/meta_gga_r2scan/cif/mp-29222.cif,train,-3.188787047692309,-7.540485088641827,-3.334289854954828,-3.331185054191073,-2.5279077829511087,52,3
mp-20025,Mn(GaS2)2,<PROJECT_ROOT>/external_datasets/functional_protocol_round4_widechem_boost/meta_gga_r2scan/cif/mp-20025.cif,train,-0.9256231851046792,-5.194576263427734,-0.9318583006368276,-0.9327473984573728,-1.1627757079997043,7,3
mp-541180,Te3Pt2,<PROJECT_ROOT>/external_datasets/functional_protocol_round4_widechem_boost/meta_gga_r2scan/cif/mp-541180.cif,train,-0.4369318700000008,-4.692409515380859,-0.4649908693908706,-0.4659944850140656,-0.7256509591377642,10,2
mp-1072645,Si2Os,<PROJECT_ROOT>/external_datasets/functional_protocol_round4_widechem_boost/meta_gga_r2scan/cif/mp-1072645.cif,train,-0.4248755800000007,-7.773967742919922,-0.3919586832646935,-0.3923663720432344,-0.497844035339168,6,2
mp-568,TiSb2,<PROJECT_ROOT>/external_datasets/functional_protocol_round4_widechem_boost/meta_gga_r2scan/cif/mp-568.cif,train,-0.408970595555554,-5.773062388102214,-0.4154545087920196,-0.4166268155141468,-0.7199272255744353,6,2
mp-1197654,Dy2Ni17,<PROJECT_ROOT>/external_datasets/functional_protocol_round4_widechem_boost/meta_gga_r2scan/cif/mp-1197654.cif,train,-0.1849775655263161,-5.852256373355263,-0.2551802717992784,-0.2553003104315889,-0.2863568297850877,38,2
mp-1079221,Th(SiPt)2,<PROJECT_ROOT>/external_datasets/functional_protocol_round4_widechem_boost/meta_gga_r2scan/cif/mp-1079221.cif,train,-1.2017431250000017,-7.206378936767578,-1.1477020486094958,-1.146605346483911,-0.8628654359954504,10,3
mp-976828,MgPb3,<PROJECT_ROOT>/external_datasets/functional_protocol_round4_widechem_boost/meta_gga_r2scan/cif/mp-976828.cif,train,-0.0026252487500002,-3.1718337535858154,0.0237058339100899,0.024540605876532,0.2405136741419509,4,2
mp-1080496,GdInAu,<PROJECT_ROOT>/external_datasets/functional_protocol_round4_widechem_boost/meta_gga_r2scan/cif/mp-1080496.cif,train,-0.827260184444444,-7.43791029188368,-0.7899991477593975,-0.7887372475613814,-0.4622571205690067,9,3
mp-555825,Na4Sc2Si4O13,<PROJECT_ROOT>/external_datasets/functional_protocol_round4_widechem_boost/meta_gga_r2scan/cif/mp-555825.cif,train,-3.022898952119565,-7.281022445015285,-3.1327969349715348,-3.129492884547422,-2.274665534684975,92,4
mp-559510,Y2WO6,<PROJECT_ROOT>/external_datasets/functional_protocol_round4_widechem_boost/meta_gga_r2scan/cif/mp-559510.cif,train,-3.3250942672222235,-8.497655232747396,-2.8760561933380977,-2.874236391459875,-2.403415363586209,36,3
mp-7643,K2AgSb,<PROJECT_ROOT>/external_datasets/functional_protocol_round4_widechem_boost/meta_gga_r2scan/cif/mp-7643.cif,train,-0.5024591443749991,-2.702181339263916,-0.3946644878306586,-0.3943859363893836,-0.3223188188300083,8,3
mp-2332,Ho2C3,<PROJECT_ROOT>/external_datasets/functional_protocol_round4_widechem_boost/meta_gga_r2scan/cif/mp-2332.cif,train,-0.4147428899999994,-7.632975006103516,-0.3152844049379215,-0.3155927574879023,-0.3953700487800071,20,2
mp-1209836,NdZnGe,<PROJECT_ROOT>/external_datasets/functional_protocol_round4_widechem_boost/meta_gga_r2scan/cif/mp-1209836.cif,train,-0.7975795433333346,-4.2416121164957685,-0.7190343765127429,-0.7182600543671285,-0.5179266263856735,12,3
mp-1185057,K3Yb,<PROJECT_ROOT>/external_datasets/functional_protocol_round4_widechem_boost/meta_gga_r2scan/cif/mp-1185057.cif,train,0.6348156109375012,-1.0480848550796509,0.0970394026040013,0.0942250976013134,-0.6338948092872817,4,2
mp-20630,Ho(MnSn)6,<PROJECT_ROOT>/external_datasets/functional_protocol_round4_widechem_boost/meta_gga_r2scan/cif/mp-20630.cif,train,-0.2545001486074275,-6.516500619741587,-0.4465370052795308,-0.4461510791142675,-0.3463038616888494,13,3
mp-865339,Tm2GaOs,<PROJECT_ROOT>/external_datasets/functional_protocol_round4_widechem_boost/meta_gga_r2scan/cif/mp-865339.cif,train,-0.5051960850000015,-6.212857246398926,-0.47897163738992,-0.4790538361502765,-0.5003203846177509,4,3
mp-3346850,Ca2Mg(CO3)3,<PROJECT_ROOT>/external_datasets/functional_protocol_round4_widechem_boost/meta_gga_r2scan/cif/mp-3346850.cif,train,-2.3400786145833337,-7.371183268229166,-2.578984419902479,-2.57750717664642,-2.1953132705047222,30,4
mp-1070264,La2Ni2I,<PROJECT_ROOT>/external_datasets/functional_protocol_round4_widechem_boost/meta_gga_r2scan/cif/mp-1070264.cif,train,-0.7834051235000004,-5.323669052124023,-0.8406664142759492,-0.8407056413131153,-0.8508545010218587,5,3
mp-1206326,ErAlSi,<PROJECT_ROOT>/external_datasets/functional_protocol_round4_widechem_boost/meta_gga_r2scan/cif/mp-1206326.cif,train,-0.6600292194444464,-5.193152745564778,-0.6289015960525441,-0.6297038084407349,-0.8372530288843143,6,3
mp-569561,TeCl4,<PROJECT_ROOT>/external_datasets/functional_protocol_round4_widechem_boost/meta_gga_r2scan/cif/mp-569561.cif,train,-0.6397680984999994,-2.702747917175293,-0.8011586828218107,-0.8045429670032114,-1.6801284776962555,40,2
mp-542593,NdGe2Ir,<PROJECT_ROOT>/external_datasets/functional_protocol_round4_widechem_boost/meta_gga_r2scan/cif/mp-542593.cif,train,-0.8845711393750015,-6.5081868171691895,-0.8203554116883929,-0.8196249890402942,-0.6306492845481829,16,3
mp-30621,DySi2Rh3,<PROJECT_ROOT>/external_datasets/functional_protocol_round4_widechem_boost/meta_gga_r2scan/cif/mp-30621.cif,train,-1.0868934391666656,-7.271071116129558,-1.029594371746188,-1.0287932012647385,-0.8215135440193927,6,3
mp-1225185,EuAlAg4,<PROJECT_ROOT>/external_datasets/functional_protocol_round4_widechem_boost/meta_gga_r2scan/cif/mp-1225185.cif,train,-0.1945783475000032,-4.413597742716472,-0.1594349109541033,-0.158974055846409,-0.039741144779738,6,3
mp-28633,Re(TeCl6)2,<PROJECT_ROOT>/external_datasets/functional_protocol_round4_widechem_boost/meta_gga_r2scan/cif/mp-28633.cif,train,-0.6852073468333344,-3.311656188964844,-0.779285541399092,-0.7824673787421368,-1.605675633612002,15,3
mp-1014229,Ti2Zn,<PROJECT_ROOT>/external_datasets/functional_protocol_round4_widechem_boost/meta_gga_r2scan/cif/mp-1014229.cif,train,-0.176101082777779,-5.834751129150391,-0.1787097819333567,-0.18212866335511,-1.0666652079274357,3,2
mp-23021,K2ReBr6,<PROJECT_ROOT>/external_datasets/functional_protocol_round4_widechem_boost/meta_gga_r2scan/cif/mp-23021.cif,train,-1.1910128861111104,-3.698513454861111,-1.1369680160481028,-1.1373387694470365,-1.2332604730487362,9,3
mp-1204060,Ge(SeO3)2,<PROJECT_ROOT>/external_datasets/functional_protocol_round4_widechem_boost/meta_gga_r2scan/cif/mp-1204060.cif,train,-1.1336269156250012,-5.60100597805447,-1.473410434242587,-1.477904664602466,-2.640656600876339,36,3
mp-1102246,LaSeCl,<PROJECT_ROOT>/external_datasets/functional_protocol_round4_widechem_boost/meta_gga_r2scan/cif/mp-1102246.cif,train,-2.5175207580208343,-5.61614990234375,-2.3852136147182144,-2.382188553520997,-1.599541585570642,12,3
mp-20695,Zr3In,<PROJECT_ROOT>/external_datasets/functional_protocol_round4_widechem_boost/meta_gga_r2scan/cif/mp-20695.cif,train,-0.3042345312500032,-7.340808391571045,-0.3738711479400445,-0.3757946705140407,-0.8734504242889222,4,2
mp-626161,Al5HO8,<PROJECT_ROOT>/external_datasets/functional_protocol_round4_widechem_boost/meta_gga_r2scan/cif/mp-626161.cif,train,-3.112846636339285,-7.2049696786063055,-3.1626181682954773,-3.158572422057756,-2.1118527626492485,28,3
mp-20341,U(MnGe)2,<PROJECT_ROOT>/external_datasets/functional_protocol_round4_widechem_boost/meta_gga_r2scan/cif/mp-20341.cif,train,-0.4208738827931029,-7.849470520019532,-0.4718492416365256,-0.4726026043132707,-0.6675133767817558,5,3
mp-865885,CeAgHg2,<PROJECT_ROOT>/external_datasets/functional_protocol_round4_widechem_boost/meta_gga_r2scan/cif/mp-865885.cif,train,-0.3806537849999998,-2.617901086807251,-0.311048992728768,-0.3109956460944802,-0.2971937495878998,4,3
mp-21774,Ca2Sn5Pt3,<PROJECT_ROOT>/external_datasets/functional_protocol_round4_widechem_boost/meta_gga_r2scan/cif/mp-21774.cif,train,-0.7775758582499975,-4.946491241455078,-0.7552465232129508,-0.7549485454496132,-0.6778554297128395,40,3
mp-1208463,Tb4CdIr,<PROJECT_ROOT>/external_datasets/functional_protocol_round4_widechem_boost/meta_gga_r2scan/cif/mp-1208463.cif,train,-0.5945206054166666,-5.2309675216674805,-0.6028826923704855,-0.6032614304500008,-0.7012489388866344,24,3
mp-1206101,AgPbF6,<PROJECT_ROOT>/external_datasets/functional_protocol_round4_widechem_boost/meta_gga_r2scan/cif/mp-1206101.cif,train,-1.7481010631250022,-3.813284397125244,-1.9159456531109456,-1.9193707182819184,-2.805507128862451,8,3
mp-572758,ReS2,<PROJECT_ROOT>/external_datasets/functional_protocol_round4_widechem_boost/meta_gga_r2scan/cif/mp-572758.cif,train,-0.6444038581250027,-7.465988794962565,-0.7134061310880755,-0.71454356751972,-1.008822299892986,24,2
mp-1186281,Nd3Sm,<PROJECT_ROOT>/external_datasets/functional_protocol_round4_widechem_boost/meta_gga_r2scan/cif/mp-1186281.cif,train,0.027157458125,-4.722987174987793,-0.0877274410668267,-0.0920217442155815,-1.2030483052393055,8,2
mp-1078363,Ce2BiN,<PROJECT_ROOT>/external_datasets/functional_protocol_round4_widechem_boost/meta_gga_r2scan/cif/mp-1078363.cif,train,-1.4444682896874994,-7.154047966003418,-1.2902786238950403,-1.2891394660889413,-0.9944153779376782,8,3
mp-571235,ZrI4,<PROJECT_ROOT>/external_datasets/functional_protocol_round4_widechem_boost/meta_gga_r2scan/cif/mp-571235.cif,train,-1.0909058063333343,-3.845823160807292,-1.0759467727621832,-1.0761274820203397,-1.1228807685669946,30,2
mp-1225251,EuAgSn,<PROJECT_ROOT>/external_datasets/functional_protocol_round4_widechem_boost/meta_gga_r2scan/cif/mp-1225251.cif,train,-0.5285867033333318,-6.187304178873698,-0.4684824112805925,-0.4679575758034024,-0.3321715972365176,6,3
mp-1185,VRh3,<PROJECT_ROOT>/external_datasets/functional_protocol_round4_widechem_boost/meta_gga_r2scan/cif/mp-1185.cif,train,-0.4071271174999999,-8.159512519836426,-0.5345789076219205,-0.5351083544348034,-0.6720873825537176,4,2
mp-2049,ZrMo2,<PROJECT_ROOT>/external_datasets/functional_protocol_round4_widechem_boost/meta_gga_r2scan/cif/mp-2049.cif,train,-0.1390927483333352,-10.210978190104166,-0.4094067443301927,-0.4083792566693054,-0.1425465842189317,6,2
mp-815,GaNi3,<PROJECT_ROOT>/external_datasets/functional_protocol_round4_widechem_boost/meta_gga_r2scan/cif/mp-815.cif,train,-0.2789668250000012,-5.369888305664063,-0.316935246476679,-0.3165746734509227,-0.2232868465492524,4,2
mp-1209467,RbAlBr4,<PROJECT_ROOT>/external_datasets/functional_protocol_round4_widechem_boost/meta_gga_r2scan/cif/mp-1209467.cif,train,-1.6091258385416651,-3.295551300048828,-1.6014287322491456,-1.600435936651461,-1.3435788307405483,24,3
mp-980943,YTmRh2,<PROJECT_ROOT>/external_datasets/functional_protocol_round4_widechem_boost/meta_gga_r2scan/cif/mp-980943.cif,train,-0.9541065975000044,-7.308375835418701,-0.9504858482988974,-0.9497665582559724,-0.7636710929197136,4,3
mp-570710,Ca3(Cu2Sn)4,<PROJECT_ROOT>/external_datasets/functional_protocol_round4_widechem_boost/meta_gga_r2scan/cif/mp-570710.cif,train,-0.3060314919999996,-3.9408655802408856,-0.2961746124202578,-0.2960310584078387,-0.258890615544677,30,3
mp-1226138,Cs2W(OF2)2,<PROJECT_ROOT>/external_datasets/functional_protocol_round4_widechem_boost/meta_gga_r2scan/cif/mp-1226138.cif,train,-2.725746830833335,-5.412477705213759,-2.30805437871077,-2.3091321646764795,-2.5879780666845025,9,4
mp-606393,NbBr3O,<PROJECT_ROOT>/external_datasets/functional_protocol_round4_widechem_boost/meta_gga_r2scan/cif/mp-606393.cif,train,-1.5178612967499987,-5.3473350524902346,-1.6008180978497752,-1.6017193947510604,-1.834903863105288,20,3
mp-1079050,LaAsO3,<PROJECT_ROOT>/external_datasets/functional_protocol_round4_widechem_boost/meta_gga_r2scan/cif/mp-1079050.cif,train,-2.691084760749999,-7.3295440673828125,-2.8760537791349696,-2.874341672062504,-2.4313835559399024,10,3
mp-4539,Ho(CuGe)2,<PROJECT_ROOT>/external_datasets/functional_protocol_round4_widechem_boost/meta_gga_r2scan/cif/mp-4539.cif,train,-0.5386912810000013,-4.885322952270508,-0.484616169077487,-0.4841161584893791,-0.3547529009459179,5,3
mp-22179,YTiSi,<PROJECT_ROOT>/external_datasets/functional_protocol_round4_widechem_boost/meta_gga_r2scan/cif/mp-22179.cif,train,-0.7370282455555568,-7.264369964599609,-0.6799335575606511,-0.6814016630386561,-1.061231433773496,6,3
mp-542455,Ca2B5Os3,<PROJECT_ROOT>/external_datasets/functional_protocol_round4_widechem_boost/meta_gga_r2scan/cif/mp-542455.cif,train,-0.4508609932500008,-7.478262329101563,-0.3958566238941792,-0.3965526178390801,-0.5766208925521779,10,3
mp-16505,La3Al11,<PROJECT_ROOT>/external_datasets/functional_protocol_round4_widechem_boost/meta_gga_r2scan/cif/mp-16505.cif,train,-0.4210356524999992,-4.392585481916155,-0.4362968308169845,-0.4371768826440512,-0.6648648033788219,14,2
mp-1105681,In2O3,<PROJECT_ROOT>/external_datasets/functional_protocol_round4_widechem_boost/meta_gga_r2scan/cif/mp-1105681.cif,train,-1.8185206227500004,-5.594033813476562,-1.9483276445614703,-1.9488751485799651,-2.0905259556460765,20,2
mp-1095658,Tb2Au,<PROJECT_ROOT>/external_datasets/functional_protocol_round4_widechem_boost/meta_gga_r2scan/cif/mp-1095658.cif,train,-0.7297022741666647,-4.802328745524089,-0.7022302021189457,-0.7022879142850327,-0.7172192657061558,12,2
mp-1186462,Pm2CuPd,<PROJECT_ROOT>/external_datasets/functional_protocol_round4_widechem_boost/meta_gga_r2scan/cif/mp-1186462.cif,train,-0.4787511537500002,-5.160628318786621,-0.4904219708959498,-0.4900119222953716,-0.3839237234037096,4,3
mp-778968,Rb3DyO3,<PROJECT_ROOT>/external_datasets/functional_protocol_round4_widechem_boost/meta_gga_r2scan/cif/mp-778968.cif,train,-2.122648340357143,-5.112824031284878,-2.2388783451031204,-2.237758953997101,-1.948148926976229,28,3
mp-1219044,SmMg3Ni8,<PROJECT_ROOT>/external_datasets/functional_protocol_round4_widechem_boost/meta_gga_r2scan/cif/mp-1219044.cif,train,-0.2185361129166665,-4.919897079467773,-0.3103985521389196,-0.310094840553651,-0.23151826446291,12,3
mp-1222823,LaGaSi,<PROJECT_ROOT>/external_datasets/functional_protocol_round4_widechem_boost/meta_gga_r2scan/cif/mp-1222823.cif,train,-0.8143762083333334,-5.18916384379069,-0.749374185382135,-0.7497742699144698,-0.8532845547481265,6,3
mp-29931,VRe2O9,<PROJECT_ROOT>/external_datasets/functional_protocol_round4_widechem_boost/meta_gga_r2scan/cif/mp-29931.cif,train,-1.8395192040625,-8.04811986287435,-2.011936261675322,-2.013871718383529,-2.5146150837307277,24,3
mp-1025301,GaPPd5,<PROJECT_ROOT>/external_datasets/functional_protocol_round4_widechem_boost/meta_gga_r2scan/cif/mp-1025301.cif,train,-0.5773601125680281,-5.464287894112723,-0.5485953138704138,-0.5484948313748035,-0.5224978959780229,7,3
mp-643279,K2H6Pt,<PROJECT_ROOT>/external_datasets/functional_protocol_round4_widechem_boost/meta_gga_r2scan/cif/mp-643279.cif,train,-0.4815294355555548,-3.5718315972222223,-0.384478613453131,-0.3839623096151427,-0.2503836456085453,9,3
mp-675691,Ni2RhS4,<PROJECT_ROOT>/external_datasets/functional_protocol_round4_widechem_boost/meta_gga_r2scan/cif/mp-675691.cif,train,-0.523265457321429,-5.472408294677734,-0.5799081531761612,-0.5821626145534644,-1.1654391984866297,14,3
mp-642807,TbH2Br,<PROJECT_ROOT>/external_datasets/functional_protocol_round4_widechem_boost/meta_gga_r2scan/cif/mp-642807.cif,train,-1.2597565362500005,-4.339839458465576,-1.153690844389086,-1.151782715586113,-0.6581096542219395,8,3
mp-983556,Er2MgTl,<PROJECT_ROOT>/external_datasets/functional_protocol_round4_widechem_boost/meta_gga_r2scan/cif/mp-983556.cif,train,-0.2592857654166707,-3.4798483848571777,-0.2590922638073385,-0.2601512758505961,-0.5341399691837951,4,3
mp-1185484,LiPmIn2,<PROJECT_ROOT>/external_datasets/functional_protocol_round4_widechem_boost/meta_gga_r2scan/cif/mp-1185484.cif,train,-0.5101100185416669,-3.427707433700561,-0.4896434750541432,-0.4893643554997036,-0.4171502551013242,4,3
mp-20859,DyCuSb2,<PROJECT_ROOT>/external_datasets/functional_protocol_round4_widechem_boost/meta_gga_r2scan/cif/mp-20859.cif,train,-0.6884505799999978,-4.844437122344971,-0.6514185041047451,-0.65046552858837,-0.4039107153820184,8,3
mp-1078880,UGaRu,<PROJECT_ROOT>/external_datasets/functional_protocol_round4_widechem_boost/meta_gga_r2scan/cif/mp-1078880.cif,train,-0.4783667033333358,-8.209094577365452,-0.5063468206131052,-0.5075808803434425,-0.8268580926926075,9,3
mp-1200898,Sm3Sn13Ir4,<PROJECT_ROOT>/external_datasets/functional_protocol_round4_widechem_boost/meta_gga_r2scan/cif/mp-1200898.cif,train,-0.5261265162500024,-5.571783065795898,-0.4943960652532047,-0.4943288004092991,-0.4769259702866804,40,3
mp-545598,UCdO4,<PROJECT_ROOT>/external_datasets/functional_protocol_round4_widechem_boost/meta_gga_r2scan/cif/mp-545598.cif,train,-2.696582729999998,-7.7831064860026045,-2.946912052268093,-2.9454806990885336,-2.5751595210981644,6,3
mp-8211,GaGeTe,<PROJECT_ROOT>/external_datasets/functional_protocol_round4_widechem_boost/meta_gga_r2scan/cif/mp-8211.cif,train,-0.2964296116666673,-3.83392333984375,-0.2492837219031969,-0.2500958301796254,-0.4602053250758495,6,3
mp-505014,Cs4Sn2Te7,<PROJECT_ROOT>/external_datasets/functional_protocol_round4_widechem_boost/meta_gga_r2scan/cif/mp-505014.cif,train,-0.8238826246153858,-3.254095517672025,-0.7194165576472353,-0.7188610094900083,-0.5751290145147335,26,3
mp-1694,Yb2Ge,<PROJECT_ROOT>/external_datasets/functional_protocol_round4_widechem_boost/meta_gga_r2scan/cif/mp-1694.cif,train,-0.7038396383333302,-3.106739997863769,-0.7207208083848964,-0.7198468382535808,-0.4937323801426534,12,2
mp-22511,Ce2MgGe2,<PROJECT_ROOT>/external_datasets/functional_protocol_round4_widechem_boost/meta_gga_r2scan/cif/mp-22511.cif,train,-0.7659952130000022,-5.183818054199219,-0.7051646547787902,-0.7054608691990483,-0.7820977709833123,10,3
mp-21639,KTiF4,<PROJECT_ROOT>/external_datasets/functional_protocol_round4_widechem_boost/meta_gga_r2scan/cif/mp-21639.cif,train,-3.4812248675694444,-5.954851150512695,-3.5078809286119133,-3.505706931309485,-2.943248096215104,48,3
mp-9179,Ba3Zr2S7,<PROJECT_ROOT>/external_datasets/functional_protocol_round4_widechem_boost/meta_gga_r2scan/cif/mp-9179.cif,train,-2.137846586640628,-6.162604014078776,-2.0542705019762204,-2.052614749829144,-1.624236838408918,24,3
mp-1189759,Pr7Ir3,<PROJECT_ROOT>/external_datasets/functional_protocol_round4_widechem_boost/meta_gga_r2scan/cif/mp-1189759.cif,train,-0.5581225121666649,-6.496725463867188,-0.5751933956606186,-0.5757426621379595,-0.7178494543860419,20,2
mp-696195,YSeF,<PROJECT_ROOT>/external_datasets/functional_protocol_round4_widechem_boost/meta_gga_r2scan/cif/mp-696195.cif,train,-3.195617353020834,-6.803469340006511,-3.1043734295843475,-3.1002250679579726,-2.0269566488514723,24,3
mp-1013546,Ca3Sb2,<PROJECT_ROOT>/external_datasets/functional_protocol_round4_widechem_boost/meta_gga_r2scan/cif/mp-1013546.cif,train,-0.7524964520000026,-3.4511341094970702,-0.6988425421144293,-0.6998451630243991,-0.9592442839132492,5,2
mp-556324,NiF2,<PROJECT_ROOT>/external_datasets/functional_protocol_round4_widechem_boost/meta_gga_r2scan/cif/mp-556324.cif,train,-2.2298942366666665,-4.298332214355469,-1.436666497949206,-1.441238695945284,-2.6241624998608195,6,2
mp-865948,Ti2ReRh,<PROJECT_ROOT>/external_datasets/functional_protocol_round4_widechem_boost/meta_gga_r2scan/cif/mp-865948.cif,train,-0.7344050139583338,-9.55247402191162,-0.6567458078622685,-0.6574610222000805,-0.8425020168882227,4,3
mp-10018,Ac,<PROJECT_ROOT>/external_datasets/functional_protocol_round4_widechem_boost/meta_gga_r2scan/cif/mp-10018.cif,train,0.0216390625000002,-4.096715450286865,-0.0539409673183657,-0.0551910472516388,-0.3786130231084414,1,1
mp-8772,ScB12,<PROJECT_ROOT>/external_datasets/functional_protocol_round4_widechem_boost/meta_gga_r2scan/cif/mp-8772.cif,train,-0.219516196538462,-6.8611573439378,-0.1508491529226896,-0.1529510617649743,-0.6967590957370657,13,2
mp-28658,Na2CdCl4,<PROJECT_ROOT>/external_datasets/functional_protocol_round4_widechem_boost/meta_gga_r2scan/cif/mp-28658.cif,train,-1.7095267049999998,-3.0538637978690013,-1.6732170880806572,-1.6717789627768456,-1.2997056937801712,14,3
mp-15500,Sr4TiP4,<PROJECT_ROOT>/external_datasets/functional_protocol_round4_widechem_boost/meta_gga_r2scan/cif/mp-15500.cif,train,-1.2993674930357155,-5.151414235432942,-1.193730683065186,-1.1940042796308603,-1.2647894666523072,72,3
mp-1540,HoTl,<PROJECT_ROOT>/external_datasets/functional_protocol_round4_widechem_boost/meta_gga_r2scan/cif/mp-1540.cif,train,-0.4285630924999921,-3.79457950592041,-0.4032862785150923,-0.4035274147146657,-0.4659144221723508,2,2
mp-17792,K2Hg3(GeS4)2,<PROJECT_ROOT>/external_datasets/functional_protocol_round4_widechem_boost/meta_gga_r2scan/cif/mp-17792.cif,train,-0.6354238314999994,-3.55201899210612,-0.65888361414004,-0.6605498484569843,-1.0916397177272097,30,4
mp-1010136,Cu,<PROJECT_ROOT>/external_datasets/functional_protocol_round4_widechem_boost/meta_gga_r2scan/cif/mp-1010136.cif,train,0.03556281,-4.053647994995117,0.0551797170398078,0.0555870949950909,0.1609843417698891,1,1
mp-676564,NdTh9O20,<PROJECT_ROOT>/external_datasets/functional_protocol_round4_widechem_boost/meta_gga_r2scan/cif/mp-676564.cif,train,-4.092543709083327,-9.459670003255209,-4.222180427955653,-4.215775421041358,-2.558665394382308,30,3
mp-1211682,KNp2F9,<PROJECT_ROOT>/external_datasets/functional_protocol_round4_widechem_boost/meta_gga_r2scan/cif/mp-1211682.cif,train,-3.909372519895833,-7.038398106892903,-3.885088279260344,-3.882939406278086,-3.326980761354273,48,3
mp-1190845,Nd2Hf2O7,<PROJECT_ROOT>/external_datasets/functional_protocol_round4_widechem_boost/meta_gga_r2scan/cif/mp-1190845.cif,train,-3.881654846022728,-9.365779529918324,-3.972745491291974,-3.967839019103216,-2.6984314496321185,22,3
mp-20959,Ce2InGe2,<PROJECT_ROOT>/external_datasets/functional_protocol_round4_widechem_boost/meta_gga_r2scan/cif/mp-20959.cif,train,-0.7949013719999982,-5.408792877197266,-0.728493009417897,-0.7288125667819365,-0.8114887791727725,10,3
mp-1185990,MgTl3,<PROJECT_ROOT>/external_datasets/functional_protocol_round4_widechem_boost/meta_gga_r2scan/cif/mp-1185990.cif,train,0.0453476862499968,-2.146081686019897,0.0128495541371189,0.0137146085759605,0.2375223894858056,4,2
mp-560616,KCO2,<PROJECT_ROOT>/external_datasets/functional_protocol_round4_widechem_boost/meta_gga_r2scan/cif/mp-560616.cif,train,-1.6620465190624998,-6.611274719238281,-1.8666411846176685,-1.8664904528128157,-1.8274929640507944,16,3
mp-1228644,Ca19Mg2(PO4)14,<PROJECT_ROOT>/external_datasets/functional_protocol_round4_widechem_boost/meta_gga_r2scan/cif/mp-1228644.cif,train,-3.1508629084798527,-7.211603520990728,-3.300639123764089,-3.2976098263736158,-2.513866866116841,91,4
mp-27677,KCu4S3,<PROJECT_ROOT>/external_datasets/functional_protocol_round4_widechem_boost/meta_gga_r2scan/cif/mp-27677.cif,train,-0.5135754977734361,-4.142025470733643,-0.4995346552881337,-0.5001885222825129,-0.6693576686994231,8,3
mp-5190,ZnSnAs2,<PROJECT_ROOT>/external_datasets/functional_protocol_round4_widechem_boost/meta_gga_r2scan/cif/mp-5190.cif,train,-0.2610010575000014,-3.829778909683228,-0.2443789904663891,-0.2447364084265197,-0.3372079534803232,8,3
mp-768211,Cs3HoO3,<PROJECT_ROOT>/external_datasets/functional_protocol_round4_widechem_boost/meta_gga_r2scan/cif/mp-768211.cif,train,-2.1405330601785715,-5.075665610177176,-2.2306762771585937,-2.22957239316755,-1.9439743830023088,28,3
mp-21521,Cs2PbO3,<PROJECT_ROOT>/external_datasets/functional_protocol_round4_widechem_boost/meta_gga_r2scan/cif/mp-21521.cif,train,-1.3546722777083364,-4.578100840250651,-1.5202883661239497,-1.5217102435050585,-1.8895798331006728,12,3
mp-1211993,K2FeI4,<PROJECT_ROOT>/external_datasets/functional_protocol_round4_widechem_boost/meta_gga_r2scan/cif/mp-1211993.cif,train,-1.1164274689285736,-3.2898055485316684,-1.004972965273394,-1.0041155099710943,-0.782273785543291,14,3
mp-17862,Ag3Ge5P6,<PROJECT_ROOT>/external_datasets/functional_protocol_round4_widechem_boost/meta_gga_r2scan/cif/mp-17862.cif,train,-0.0418982673469372,-4.6007216317313055,0.0056993575678827,0.0040211240823548,-0.430173182523704,28,3
mp-504935,K2PbO3,<PROJECT_ROOT>/external_datasets/functional_protocol_round4_widechem_boost/meta_gga_r2scan/cif/mp-504935.cif,train,-1.383230310208333,-4.70018736521403,-1.5511328217732094,-1.552372875399878,-1.8732008348149505,24,3
mp-11172,LiIrF6,<PROJECT_ROOT>/external_datasets/functional_protocol_round4_widechem_boost/meta_gga_r2scan/cif/mp-11172.cif,train,-2.024642520833334,-4.62310791015625,-2.2349124353335785,-2.2380782328637467,-3.057136650718638,8,3
mp-1184953,KYbO3,<PROJECT_ROOT>/external_datasets/functional_protocol_round4_widechem_boost/meta_gga_r2scan/cif/mp-1184953.cif,train,-2.138255775000002,-4.682171249389649,-1.6203407617063736,-1.6228867823597914,-2.281595884365744,5,3
mp-555836,Sn2PClO4,<PROJECT_ROOT>/external_datasets/functional_protocol_round4_widechem_boost/meta_gga_r2scan/cif/mp-555836.cif,train,-1.8437915663095232,-6.094128608703613,-2.042739612439948,-2.0429833891282865,-2.106053546572665,16,4
mp-27716,KTlO,<PROJECT_ROOT>/external_datasets/functional_protocol_round4_widechem_boost/meta_gga_r2scan/cif/mp-27716.cif,train,-1.1117654441666645,-3.7709967295328775,-1.1826706576961428,-1.182950058985741,-1.2552370501877346,6,3
mp-950,NaZn13,<PROJECT_ROOT>/external_datasets/functional_protocol_round4_widechem_boost/meta_gga_r2scan/cif/mp-950.cif,train,-0.0809903192857147,-1.3111888340541296,-0.0746156759914351,-0.0745170906119101,-0.0490109790544381,28,2
mp-1184019,CsYb3,<PROJECT_ROOT>/external_datasets/functional_protocol_round4_widechem_boost/meta_gga_r2scan/cif/mp-1184019.cif,train,0.7618305487499981,-0.9220502376556396,0.22080443178542,0.2177417396268355,-0.574641149649026,4,2
mp-5238,GaCuS2,<PROJECT_ROOT>/external_datasets/functional_protocol_round4_widechem_boost/meta_gga_r2scan/cif/mp-5238.cif,train,-0.6988556876562484,-4.420856475830078,-0.7073165233151286,-0.7082065147616339,-0.9384660241380924,8,3
mp-1080849,KReN2,<PROJECT_ROOT>/external_datasets/functional_protocol_round4_widechem_boost/meta_gga_r2scan/cif/mp-1080849.cif,train,-0.3012183774999997,-7.744284629821777,-0.2926828305546598,-0.2938218795774157,-0.5885178231966579,32,3
mp-1222094,Mg4Te3Se,<PROJECT_ROOT>/external_datasets/functional_protocol_round4_widechem_boost/meta_gga_r2scan/cif/mp-1222094.cif,train,-1.1424741348828142,-3.369489908218384,-0.993444859295756,-0.9911227284878664,-0.3903386393431222,8,3
mp-862786,Ac2CuGe,<PROJECT_ROOT>/external_datasets/functional_protocol_round4_widechem_boost/meta_gga_r2scan/cif/mp-862786.cif,train,-0.3862513287499993,-4.591910362243652,-0.3759854022905902,-0.3755236774101611,-0.2560657378395083,4,3
mp-aaaieizi,CaLu2ZrO6,<PROJECT_ROOT>/external_datasets/functional_protocol_round4_widechem_boost/meta_gga_r2scan/cif/mp-aaaieizi.cif,train,-2.768142250083332,-7.403150939941407,-2.8982888781549345,-2.896744953122206,-2.4972990686161243,10,4
mp-638051,LuNiGe2,<PROJECT_ROOT>/external_datasets/functional_protocol_round4_widechem_boost/meta_gga_r2scan/cif/mp-638051.cif,train,-0.6822083441666678,-5.536584377288818,-0.6586886327150863,-0.6581158655207009,-0.5099289433982936,16,3
mp-1183614,CaCeZn2,<PROJECT_ROOT>/external_datasets/functional_protocol_round4_widechem_boost/meta_gga_r2scan/cif/mp-1183614.cif,train,-0.2391913799999994,-2.8338770866394043,-0.3220819007806383,-0.3236878227624107,-0.7391736221768344,4,3
mp-570442,Th6Mg23,<PROJECT_ROOT>/external_datasets/functional_protocol_round4_widechem_boost/meta_gga_r2scan/cif/mp-570442.cif,train,-0.0003731684482733,-2.7844088324185075,0.0280068187815705,0.0273109219341831,-0.1527322316110606,29,2
mp-863710,KAcTe2,<PROJECT_ROOT>/external_datasets/functional_protocol_round4_widechem_boost/meta_gga_r2scan/cif/mp-863710.cif,train,-1.5792424478125042,-4.173884868621826,-1.3513578320776929,-1.3483005626940487,-0.5573206593772531,4,3
mp-614502,Gd,<PROJECT_ROOT>/external_datasets/functional_protocol_round4_widechem_boost/meta_gga_r2scan/cif/mp-614502.cif,train,0.0746265299999962,-14.025758743286133,0.0388138749986275,0.0349671195872494,-0.9602694270111918,1,1
mp-1185630,MgIn3,<PROJECT_ROOT>/external_datasets/functional_protocol_round4_widechem_boost/meta_gga_r2scan/cif/mp-1185630.cif,train,-0.034294550000002,-2.462749481201172,-0.0769131240151548,-0.0769393026765188,-0.0837122730750145,8,2
mp-867235,LiY2Ir,<PROJECT_ROOT>/external_datasets/functional_protocol_round4_widechem_boost/meta_gga_r2scan/cif/mp-867235.cif,train,-0.6107931566666664,-6.481416702270508,-0.6531466601856124,-0.6534449974300207,-0.7306311184743773,4,3
mp-861933,LiTmHg2,<PROJECT_ROOT>/external_datasets/functional_protocol_round4_widechem_boost/meta_gga_r2scan/cif/mp-861933.cif,train,-0.4895512504166674,-2.1680986881256104,-0.4691782177285248,-0.4689967462392799,-0.4220462544657588,4,3
mp-1208499,Tb6Nb4Al43,<PROJECT_ROOT>/external_datasets/functional_protocol_round4_widechem_boost/meta_gga_r2scan/cif/mp-1208499.cif,train,-0.3681438214150946,-4.660451637124115,-0.3489500892978805,-0.349651192203356,-0.5310412624919638,106,3
mp-19109,FePO4,<PROJECT_ROOT>/external_datasets/functional_protocol_round4_widechem_boost/meta_gga_r2scan/cif/mp-19109.cif,train,-2.1223944438293643,-7.088790045844184,-1.920905716807136,-1.92254153660508,-2.3457625300035465,18,3
mp-31158,Ca7Ni4Sn13,<PROJECT_ROOT>/external_datasets/functional_protocol_round4_widechem_boost/meta_gga_r2scan/cif/mp-31158.cif,train,-0.5180304295833361,-4.209519704182942,-0.514243636233763,-0.5144506459233389,-0.5680084073459848,24,3
mp-1228346,Ba2Si3Au,<PROJECT_ROOT>/external_datasets/functional_protocol_round4_widechem_boost/meta_gga_r2scan/cif/mp-1228346.cif,train,-0.4771803358333339,-4.338555018107097,-0.4416951540123999,-0.4438047297994894,-0.9895963636884209,6,3
mp-1080622,KRhF6,<PROJECT_ROOT>/external_datasets/functional_protocol_round4_widechem_boost/meta_gga_r2scan/cif/mp-1080622.cif,train,-2.02974668796875,-4.286653995513916,-2.1616952933822904,-2.165141795298103,-3.0568243427192265,8,3
mp-1272321,NaMnO2,<PROJECT_ROOT>/external_datasets/functional_protocol_round4_widechem_boost/meta_gga_r2scan/cif/mp-1272321.cif,train,-2.089827686120689,-6.31959342956543,-1.7824478444288747,-1.7830687311778313,-1.9437051943205024,16,3
mp-1198898,CsTh2(PO4)3,<PROJECT_ROOT>/external_datasets/functional_protocol_round4_widechem_boost/meta_gga_r2scan/cif/mp-1198898.cif,train,-3.158196091051587,-7.95406256781684,-3.311734222950137,-3.3087547469285505,-2.537901622862776,36,4
mp-1217975,Ta3TiB4,<PROJECT_ROOT>/external_datasets/functional_protocol_round4_widechem_boost/meta_gga_r2scan/cif/mp-1217975.cif,train,-0.8875855173333349,-9.605531692504885,-0.772382303640498,-0.7727266335883467,-0.8618120345394777,8,3
mp-999088,ThCoC2,<PROJECT_ROOT>/external_datasets/functional_protocol_round4_widechem_boost/meta_gga_r2scan/cif/mp-999088.cif,train,-0.3382066199999975,-8.552175521850586,-0.3286053594131051,-0.3274977260660359,-0.0409296786241289,4,3
mp-9390,ErCuGe,<PROJECT_ROOT>/external_datasets/functional_protocol_round4_widechem_boost/meta_gga_r2scan/cif/mp-9390.cif,train,-0.7606942427777786,-5.11073621114095,-0.6983512370553102,-0.6975907365491842,-0.5008332574592551,6,3
mp-866306,Ba(NdS2)2,<PROJECT_ROOT>/external_datasets/functional_protocol_round4_widechem_boost/meta_gga_r2scan/cif/mp-866306.cif,train,-2.397986779464286,-6.092439379010882,-2.2953408925509087,-2.292528881842564,-1.5650025571690462,28,3
mp-753809,BaCaI4,<PROJECT_ROOT>/external_datasets/functional_protocol_round4_widechem_boost/meta_gga_r2scan/cif/mp-753809.cif,train,-1.9204108808333349,-3.363396962483724,-1.846690633107152,-1.8443958738542072,-1.2506933817731505,12,3
mp-1209572,PrHfF7,<PROJECT_ROOT>/external_datasets/functional_protocol_round4_widechem_boost/meta_gga_r2scan/cif/mp-1209572.cif,train,-4.231187414074075,-7.059923807779948,-4.3280071437013765,-4.3239767545040495,-3.2812302845005883,18,3
mp-866024,Be2RhAu,<PROJECT_ROOT>/external_datasets/functional_protocol_round4_widechem_boost/meta_gga_r2scan/cif/mp-866024.cif,train,-0.4364949487499991,-4.937900066375732,-0.4258295431156647,-0.4254415038837367,-0.3250475916585708,4,3
mp-557628,AsS(IF3)2,<PROJECT_ROOT>/external_datasets/functional_protocol_round4_widechem_boost/meta_gga_r2scan/cif/mp-557628.cif,train,-1.579336924531249,-3.773995590209961,-1.807716790773962,-1.8114080245750976,-2.766407858992772,40,4
mp-29337,Tl3BS3,<PROJECT_ROOT>/external_datasets/functional_protocol_round4_widechem_boost/meta_gga_r2scan/cif/mp-29337.cif,train,-0.5124754629910748,-4.156664712088449,-0.5361843312742622,-0.5369078203884188,-0.7240896737862954,14,3
mp-755007,CeOF,<PROJECT_ROOT>/external_datasets/functional_protocol_round4_widechem_boost/meta_gga_r2scan/cif/mp-755007.cif,train,-4.096001554583332,-7.953372319539388,-4.134456244786783,-4.129821464488503,-2.930706302488978,6,3
mp-759883,BiOF,<PROJECT_ROOT>/external_datasets/functional_protocol_round4_widechem_boost/meta_gga_r2scan/cif/mp-759883.cif,train,-1.94696895125,-5.399359385172526,-2.168729728795225,-2.1694186949962138,-2.347668744521181,6,3
mp-981699,SmZnIn,<PROJECT_ROOT>/external_datasets/functional_protocol_round4_widechem_boost/meta_gga_r2scan/cif/mp-981699.cif,train,-0.5589833416666679,-3.355837821960449,-0.5385044747812566,-0.5384386894111381,-0.5214186302783744,6,3
mp-15820,LiHoGe,<PROJECT_ROOT>/external_datasets/functional_protocol_round4_widechem_boost/meta_gga_r2scan/cif/mp-15820.cif,train,-0.8188681872222219,-4.41411378648546,-0.7788984631767999,-0.77910212393145,-0.8317934454194624,9,3
mp-1194348,Eu3GaP3,<PROJECT_ROOT>/external_datasets/functional_protocol_round4_widechem_boost/meta_gga_r2scan/cif/mp-1194348.cif,train,-1.1985645055612224,-8.18234634399414,-1.065624068531957,-1.0648643219374063,-0.8683018956453287,28,3
mp-30711,Nd2Zn17,<PROJECT_ROOT>/external_datasets/functional_protocol_round4_widechem_boost/meta_gga_r2scan/cif/mp-30711.cif,train,-0.2934246836842108,-1.886736418071546,-0.2852662466498461,-0.2846309064328913,-0.1202550270727353,19,2
mp-13688,Ge2Mo,<PROJECT_ROOT>/external_datasets/functional_protocol_round4_widechem_boost/meta_gga_r2scan/cif/mp-13688.cif,train,-0.1508538349999995,-6.859690984090169,-0.2476817384145944,-0.2473796091774902,-0.169212419836612,12,2
mp-976265,Hf2OsPd,<PROJECT_ROOT>/external_datasets/functional_protocol_round4_widechem_boost/meta_gga_r2scan/cif/mp-976265.cif,train,-0.7420036625000037,-9.749677658081056,-0.7201806920027476,-0.721239480482267,-0.9951703331747308,4,3
mp-753421,Gd6WO12,<PROJECT_ROOT>/external_datasets/functional_protocol_round4_widechem_boost/meta_gga_r2scan/cif/mp-753421.cif,train,-3.5329585218421053,-11.196100335372122,-3.4003284983165454,-3.39661150021245,-2.4349458986320878,19,3
mp-29955,Hg3(SeI)2,<PROJECT_ROOT>/external_datasets/functional_protocol_round4_widechem_boost/meta_gga_r2scan/cif/mp-29955.cif,train,-0.322817741160711,-1.8211983272007533,-0.3620498380760828,-0.3634762365808379,-0.732515535971624,28,3
mp-558838,NiPtF6,<PROJECT_ROOT>/external_datasets/functional_protocol_round4_widechem_boost/meta_gga_r2scan/cif/mp-558838.cif,train,-1.7865191275,-4.117490768432617,-1.5851371292942429,-1.5906770643628931,-3.023974806602878,8,3
mp-3346520,KCO3,<PROJECT_ROOT>/external_datasets/functional_protocol_round4_widechem_boost/meta_gga_r2scan/cif/mp-3346520.cif,train,-1.4710544784999982,-6.441462707519531,-1.7822397492026356,-1.783627917348559,-2.1427762186810826,20,3
mp-974925,NdY3,<PROJECT_ROOT>/external_datasets/functional_protocol_round4_widechem_boost/meta_gga_r2scan/cif/mp-974925.cif,train,0.0737091456249992,-6.013717651367188,-0.0617664095809198,-0.0648507076714857,-0.862823506060037,4,2
mp-8754,NaLiTe,<PROJECT_ROOT>/external_datasets/functional_protocol_round4_widechem_boost/meta_gga_r2scan/cif/mp-8754.cif,train,-1.1855338922222234,-3.118748664855957,-1.1114835567144383,-1.109867707463346,-0.6918135146308972,12,3
mp-2040076,PmInNi2,<PROJECT_ROOT>/external_datasets/functional_protocol_round4_widechem_boost/meta_gga_r2scan/cif/mp-2040076.cif,train,-0.2881175143749992,-5.049278259277344,-0.352150281513004,-0.3518287033276168,-0.2686296619398509,4,3
mp-865547,Pm2CuSi,<PROJECT_ROOT>/external_datasets/functional_protocol_round4_widechem_boost/meta_gga_r2scan/cif/mp-865547.cif,train,-0.4110853649999981,-5.1393656730651855,-0.391855273956267,-0.3921253175609571,-0.4619912788280432,4,3
mp-1328,SrRh2,<PROJECT_ROOT>/external_datasets/functional_protocol_round4_widechem_boost/meta_gga_r2scan/cif/mp-1328.cif,train,-0.2550136733333327,-5.720394134521484,-0.3246098786317324,-0.3272498524286922,-1.01026660910144,6,2
mp-9889,GaS,<PROJECT_ROOT>/external_datasets/functional_protocol_round4_widechem_boost/meta_gga_r2scan/cif/mp-9889.cif,train,-0.7593110089062485,-4.219513416290283,-0.7789427672132163,-0.7800604752632321,-1.069235060292565,4,2
mp-1064469,YbNiC2,<PROJECT_ROOT>/external_datasets/functional_protocol_round4_widechem_boost/meta_gga_r2scan/cif/mp-1064469.cif,train,-0.4660455012500009,-6.723031997680664,-0.3633702737508235,-0.3623259846560094,-0.0921464278029421,4,3
mp-8201,Rb3PdF5,<PROJECT_ROOT>/external_datasets/functional_protocol_round4_widechem_boost/meta_gga_r2scan/cif/mp-8201.cif,train,-2.460178918194446,-4.192454444037543,-2.5211081896152203,-2.5207894284682206,-2.438319214171594,18,3
mp-1188603,La(Sb3Ru)4,<PROJECT_ROOT>/external_datasets/functional_protocol_round4_widechem_boost/meta_gga_r2scan/cif/mp-1188603.cif,train,-0.4148937514705889,-5.749249626608456,-0.3957806439572193,-0.3955658588432094,-0.3399964315557739,17,3
mp-1223828,Hf2Al3Ni,<PROJECT_ROOT>/external_datasets/functional_protocol_round4_widechem_boost/meta_gga_r2scan/cif/mp-1223828.cif,train,-0.5868130466666676,-6.687004725138347,-0.5701508686127115,-0.571284549560648,-0.864591659295475,6,3
mp-13453,BePd3,<PROJECT_ROOT>/external_datasets/functional_protocol_round4_widechem_boost/meta_gga_r2scan/cif/mp-13453.cif,train,-0.3811617881250022,-5.202386379241943,-0.3695126975719507,-0.369666334784017,-0.4094155135110096,8,2
mp-7841,Ba(GaSe2)2,<PROJECT_ROOT>/external_datasets/functional_protocol_round4_widechem_boost/meta_gga_r2scan/cif/mp-7841.cif,train,-1.263114961607142,-4.223523276192801,-1.2247716858259825,-1.224541811939507,-1.165068601802293,14,3
mp-3070,Na2CO3,<PROJECT_ROOT>/external_datasets/functional_protocol_round4_widechem_boost/meta_gga_r2scan/cif/mp-3070.cif,train,-1.8742735977083336,-6.170859018961589,-2.085160602714345,-2.084421214628634,-1.8931259628316848,12,3
mp-21556,Ce3(InRu)2,<PROJECT_ROOT>/external_datasets/functional_protocol_round4_widechem_boost/meta_gga_r2scan/cif/mp-21556.cif,train,-0.6017030371428567,-6.4235333033970425,-0.5820563997446735,-0.5827718824176475,-0.7678823010597853,28,3
mp-3758,Eu(NiP)2,<PROJECT_ROOT>/external_datasets/functional_protocol_round4_widechem_boost/meta_gga_r2scan/cif/mp-3758.cif,train,-0.9423222881904764,-7.417908477783203,-0.9239187652789864,-0.9227267837415054,-0.614336085069175,5,3
mp-1102875,Er2Al,<PROJECT_ROOT>/external_datasets/functional_protocol_round4_widechem_boost/meta_gga_r2scan/cif/mp-1102875.cif,train,-0.338159317222221,-4.587363560994466,-0.3722648171917644,-0.3746026321394664,-0.979444538190204,12,2
mp-1209602,Rb5V3O10,<PROJECT_ROOT>/external_datasets/functional_protocol_round4_widechem_boost/meta_gga_r2scan/cif/mp-1209602.cif,train,-2.464793473680555,-6.245146857367621,-2.175891864930434,-2.1759633108456544,-2.194447872074823,72,3
mp-560049,CuSeO3,<PROJECT_ROOT>/external_datasets/functional_protocol_round4_widechem_boost/meta_gga_r2scan/cif/mp-560049.cif,train,-0.8052556870624983,-5.141917928059896,-1.0722487124062487,-1.076982034175802,-2.3015919477436237,30,3
mp-17559,Y2TiO5,<PROJECT_ROOT>/external_datasets/functional_protocol_round4_widechem_boost/meta_gga_r2scan/cif/mp-17559.cif,train,-3.753201671927084,-9.120820999145508,-3.84349921657164,-3.838408310843678,-2.521283904973263,32,3
mp-1185421,LiZnNi2,<PROJECT_ROOT>/external_datasets/functional_protocol_round4_widechem_boost/meta_gga_r2scan/cif/mp-1185421.cif,train,-0.0929062554166666,-3.816843986511232,-0.1932424844525333,-0.1936380602227991,-0.2959818334480163,4,3
mp-31012,K2(NbBr3)3,<PROJECT_ROOT>/external_datasets/functional_protocol_round4_widechem_boost/meta_gga_r2scan/cif/mp-31012.cif,train,-1.343460845714286,-4.538627896990095,-1.2908351175668722,-1.2909944825433728,-1.3322255544214092,28,3
mp-865237,Tm2ZnIr,<PROJECT_ROOT>/external_datasets/functional_protocol_round4_widechem_boost/meta_gga_r2scan/cif/mp-865237.cif,train,-0.7725167387500065,-5.450852394104004,-0.7548761569255262,-0.7541919318905652,-0.5771685217550155,4,3
mp-680301,K3AsO4,<PROJECT_ROOT>/external_datasets/functional_protocol_round4_widechem_boost/meta_gga_r2scan/cif/mp-680301.cif,train,-1.8708521267187503,-5.153046607971191,-2.0123960191779786,-2.01243537709491,-2.0226180981518724,64,3
mp-1203559,Ba(BH)12,<PROJECT_ROOT>/external_datasets/functional_protocol_round4_widechem_boost/meta_gga_r2scan/cif/mp-1203559.cif,train,-0.3948165516000006,-5.276358642578125,-0.3268783889933644,-0.3270876775032647,-0.3812350176966582,50,3
mp-7400,NaAlGe,<PROJECT_ROOT>/external_datasets/functional_protocol_round4_widechem_boost/meta_gga_r2scan/cif/mp-7400.cif,train,-0.2654464866666662,-3.4206981658935547,-0.2334745701133362,-0.2345684035229611,-0.5175661168441826,6,3
mp-23407,Hg(IO3)2,<PROJECT_ROOT>/external_datasets/functional_protocol_round4_widechem_boost/meta_gga_r2scan/cif/mp-23407.cif,train,-0.3795589588888914,-4.000075870090061,-0.7853955443326375,-0.7920647820864568,-2.517536885378989,18,3
mp-1096233,YAgPd2,<PROJECT_ROOT>/external_datasets/functional_protocol_round4_widechem_boost/meta_gga_r2scan/cif/mp-1096233.cif,train,1.5455610862500002,-3.53214693069458,1.387701732795021,1.380973877110205,-0.3596639180404893,4,3
mp-1105935,Si3Ru5,<PROJECT_ROOT>/external_datasets/functional_protocol_round4_widechem_boost/meta_gga_r2scan/cif/mp-1105935.cif,train,-0.4533731606250022,-8.282487869262695,-0.4434675255010516,-0.4435450346409535,-0.463598279650824,16,2
mp-21161,SmSnPt,<PROJECT_ROOT>/external_datasets/functional_protocol_round4_widechem_boost/meta_gga_r2scan/cif/mp-21161.cif,train,-1.1660718108333346,-5.979486465454102,-1.1124427519796427,-1.1115014915105146,-0.8679776074678253,12,3
mp-779518,BaP4O11,<PROJECT_ROOT>/external_datasets/functional_protocol_round4_widechem_boost/meta_gga_r2scan/cif/mp-779518.cif,train,-2.4860404341034226,-7.1660661697387695,-2.7329204989062896,-2.7325758782561573,-2.6434152665112403,64,3
mp-1232279,Tm2MgS4,<PROJECT_ROOT>/external_datasets/functional_protocol_round4_widechem_boost/meta_gga_r2scan/cif/mp-1232279.cif,train,-2.1828160558928595,-5.763138907296317,-2.0671513944205406,-2.064055976424262,-1.2632062245080633,14,3
mp-11454,Hf2Pd,<PROJECT_ROOT>/external_datasets/functional_protocol_round4_widechem_boost/meta_gga_r2scan/cif/mp-11454.cif,train,-0.5318465066666676,-8.888579686482748,-0.5602852810267169,-0.5633964011941499,-1.3683086351064366,3,2
mp-643367,YCBr,<PROJECT_ROOT>/external_datasets/functional_protocol_round4_widechem_boost/meta_gga_r2scan/cif/mp-643367.cif,train,-1.2995987308333337,-6.857513427734375,-1.191326117653622,-1.1897203110936143,-0.7742643737198927,6,3
mp-1207945,TmIn2Pd,<PROJECT_ROOT>/external_datasets/functional_protocol_round4_widechem_boost/meta_gga_r2scan/cif/mp-1207945.cif,train,-0.7445596952500011,-4.424011993408203,-0.7075675957056005,-0.7064018901263509,-0.4048093345917463,40,3
mp-1077380,SmInPt4,<PROJECT_ROOT>/external_datasets/functional_protocol_round4_widechem_boost/meta_gga_r2scan/cif/mp-1077380.cif,train,-0.8951803199999991,-6.0842336018880205,-0.9045267469107704,-0.904429440946446,-0.8792543410126199,6,3
mp-1212805,Er(ZnP)3,<PROJECT_ROOT>/external_datasets/functional_protocol_round4_widechem_boost/meta_gga_r2scan/cif/mp-1212805.cif,train,-0.7234629660374148,-4.109419413975307,-0.622956062943921,-0.6225811247902904,-0.5255767371264181,14,3
mp-3344,CeAlRh,<PROJECT_ROOT>/external_datasets/functional_protocol_round4_widechem_boost/meta_gga_r2scan/cif/mp-3344.cif,train,-0.8916973124999998,-6.524898529052734,-0.9358105113906854,-0.9356808538059668,-0.9021357091180798,24,3
mp-23292,HgBr2,<PROJECT_ROOT>/external_datasets/functional_protocol_round4_widechem_boost/meta_gga_r2scan/cif/mp-23292.cif,train,-0.5507352008333347,-1.6536526679992676,-0.6290718456624784,-0.6310367141242779,-1.1393895188409708,6,2
mp-31513,Nb2Co4O9,<PROJECT_ROOT>/external_datasets/functional_protocol_round4_widechem_boost/meta_gga_r2scan/cif/mp-31513.cif,train,-1.9009276865833329,-7.4227747599283855,-1.5741716122002067,-1.5759461476075174,-2.035055787216153,30,3
mp-777459,Li3FeF6,<PROJECT_ROOT>/external_datasets/functional_protocol_round4_widechem_boost/meta_gga_r2scan/cif/mp-777459.cif,train,-2.9428110985000004,-5.019950103759766,-2.7941788307206457,-2.7931293428181574,-2.521604745042078,20,3
mp-866158,YLuMg2,<PROJECT_ROOT>/external_datasets/functional_protocol_round4_widechem_boost/meta_gga_r2scan/cif/mp-866158.cif,train,-0.0822343391666677,-3.621448040008545,-0.1003322109386042,-0.1016107336599718,-0.4323914571226395,4,3
mp-1221,V3Ge,<PROJECT_ROOT>/external_datasets/functional_protocol_round4_widechem_boost/meta_gga_r2scan/cif/mp-1221.cif,train,-0.3773283799999998,-8.298498153686523,-0.7432339486968438,-0.7424960584069007,-0.551588317882171,8,2
mp-160,B,<PROJECT_ROOT>/external_datasets/functional_protocol_round4_widechem_boost/meta_gga_r2scan/cif/mp-160.cif,train,0.0,-6.680624008178711,0.0641033981203005,0.0613035413125517,-0.6630783136004426,12,1
mp-20949,MnSiNi,<PROJECT_ROOT>/external_datasets/functional_protocol_round4_widechem_boost/meta_gga_r2scan/cif/mp-20949.cif,train,-0.573282222327587,-7.278506596883138,-0.7496921340546088,-0.7484684667060542,-0.4318799821517878,12,3
mp-759116,YbAlO3,<PROJECT_ROOT>/external_datasets/functional_protocol_round4_widechem_boost/meta_gga_r2scan/cif/mp-759116.cif,train,-3.66203571625,-6.645846557617188,-3.060967098167391,-3.05781054834758,-2.2411447076925093,10,3
mp-27577,Cd2As3I,<PROJECT_ROOT>/external_datasets/functional_protocol_round4_widechem_boost/meta_gga_r2scan/cif/mp-27577.cif,train,-0.2990066491666662,-3.0969651540120444,-0.3129104146157169,-0.3134626092965034,-0.4563269893724829,12,3
mp-2767524,Nb2Co4O9,<PROJECT_ROOT>/external_datasets/functional_protocol_round4_widechem_boost/meta_gga_r2scan/cif/mp-2767524.cif,train,-1.8808560939166663,-7.414611307779948,-1.5660081600517692,-1.567814127076108,-2.035055787216153,30,3
mp-2016621,PuCu2,<PROJECT_ROOT>/external_datasets/functional_protocol_round4_widechem_boost/meta_gga_r2scan/cif/mp-2016621.cif,train,-0.0816792312500022,-7.504326502482097,-0.195767908600648,-0.1968014942183753,-0.4642118363993551,6,2
mp-972630,SmErZn2,<PROJECT_ROOT>/external_datasets/functional_protocol_round4_widechem_boost/meta_gga_r2scan/cif/mp-972630.cif,train,-0.3600788283333322,-3.283705234527588,-0.4049092703598691,-0.4059313790631051,-0.6703724020214747,4,3
mp-1079584,U2InIr2,<PROJECT_ROOT>/external_datasets/functional_protocol_round4_widechem_boost/meta_gga_r2scan/cif/mp-1079584.cif,train,-0.6636098250000032,-9.066358184814453,-0.6951471239750013,-0.6962674549944277,-0.9861206573945848,10,3
mp-971827,Zn2CuPt,<PROJECT_ROOT>/external_datasets/functional_protocol_round4_widechem_boost/meta_gga_r2scan/cif/mp-971827.cif,train,-0.3747198999999988,-3.505826950073242,-0.3658132112643355,-0.3651476698624281,-0.1929581086309404,4,3
mp-5472,Nb2Cd2O7,<PROJECT_ROOT>/external_datasets/functional_protocol_round4_widechem_boost/meta_gga_r2scan/cif/mp-5472.cif,train,-2.2433711069318205,-7.170877630060369,-2.3944384642804115,-2.39397992304151,-2.275345658505236,22,3
mp-1181506,DyVSb3,<PROJECT_ROOT>/external_datasets/functional_protocol_round4_widechem_boost/meta_gga_r2scan/cif/mp-1181506.cif,train,-0.6078273190000004,-5.704980850219727,-0.6479027153134851,-0.647448642253571,-0.5299703896169508,20,3
mp-541628,CsTeF5,<PROJECT_ROOT>/external_datasets/functional_protocol_round4_widechem_boost/meta_gga_r2scan/cif/mp-541628.cif,train,-2.571475782857143,-4.344523838588169,-2.7674661691748947,-2.768112859147455,-2.9354251590411247,28,3
mp-1217300,ThAl2Fe3,<PROJECT_ROOT>/external_datasets/functional_protocol_round4_widechem_boost/meta_gga_r2scan/cif/mp-1217300.cif,train,-0.2295887566666673,-7.010499318440755,-0.3785303459462916,-0.3775314178884601,-0.1190877155362557,6,3
mp-1185916,MgIn2,<PROJECT_ROOT>/external_datasets/functional_protocol_round4_widechem_boost/meta_gga_r2scan/cif/mp-1185916.cif,train,-0.0551715033333313,-2.3807571729024253,-0.0789401775326332,-0.0789113998949986,-0.0714660196627394,6,2
mp-17593,Ta5Ge3,<PROJECT_ROOT>/external_datasets/functional_protocol_round4_widechem_boost/meta_gga_r2scan/cif/mp-17593.cif,train,-0.4099343670833306,-9.49879550933838,-0.2846200383177066,-0.2862624721904065,-0.7111946658595355,16,2
mp-570459,Te,<PROJECT_ROOT>/external_datasets/functional_protocol_round4_widechem_boost/meta_gga_r2scan/cif/mp-570459.cif,train,0.072546299999999,-3.098755518595377,-0.0311103248974364,-0.0332641458140807,-0.5905029254685076,3,1
mp-1203382,Sn2W3Cl14,<PROJECT_ROOT>/external_datasets/functional_protocol_round4_widechem_boost/meta_gga_r2scan/cif/mp-1203382.cif,train,-0.9728654794736856,-4.703924078690378,-1.2076672709235368,-1.2084422112211124,-1.4089355681168874,38,3
mp-642644,V2H,<PROJECT_ROOT>/external_datasets/functional_protocol_round4_widechem_boost/meta_gga_r2scan/cif/mp-642644.cif,train,-0.170592549583335,-7.3275572458903,-0.5107824619823536,-0.5103343307504229,-0.3943933540210402,3,2
mp-556280,ZnS,<PROJECT_ROOT>/external_datasets/functional_protocol_round4_widechem_boost/meta_gga_r2scan/cif/mp-556280.cif,train,-0.962339642906251,-3.502574920654297,-0.9494424160257676,-0.9492108509729684,-0.8893001005315648,40,2
mp-1225699,ErUTe6,<PROJECT_ROOT>/external_datasets/functional_protocol_round4_widechem_boost/meta_gga_r2scan/cif/mp-1225699.cif,train,-0.918858208541664,-5.033441066741943,-0.8187395427631321,-0.8187831579774523,-0.8300673314284412,8,3
mp-866115,Be2PdRh,<PROJECT_ROOT>/external_datasets/functional_protocol_round4_widechem_boost/meta_gga_r2scan/cif/mp-866115.cif,train,-0.6626657362499984,-5.65028190612793,-0.6492167105718902,-0.6481520016105087,-0.3726893957179765,4,3
mp-17901,MnSe2O5,<PROJECT_ROOT>/external_datasets/functional_protocol_round4_widechem_boost/meta_gga_r2scan/cif/mp-17901.cif,train,-1.1670978951697195,-5.948714256286621,-1.3849870534302209,-1.3893974660909958,-2.5304640003908987,32,3
mp-4009,BaPdS2,<PROJECT_ROOT>/external_datasets/functional_protocol_round4_widechem_boost/meta_gga_r2scan/cif/mp-4009.cif,train,-1.3905982564062498,-5.055943012237549,-1.371972720069862,-1.372130499938712,-1.4129514711226796,8,3
mp-3603,Ce3(BN2)2,<PROJECT_ROOT>/external_datasets/functional_protocol_round4_widechem_boost/meta_gga_r2scan/cif/mp-3603.cif,train,-1.5832746544444438,-8.556176079644096,-1.5609663318419926,-1.5593921127713877,-1.152108523392506,9,3
mp-1217840,Tb(AlFe)6,<PROJECT_ROOT>/external_datasets/functional_protocol_round4_widechem_boost/meta_gga_r2scan/cif/mp-1217840.cif,train,-0.3295697630769237,-6.366727388822115,-0.4532573852239139,-0.4519881881956573,-0.1236202177219192,13,3
mp-1103641,NdGeIr,<PROJECT_ROOT>/external_datasets/functional_protocol_round4_widechem_boost/meta_gga_r2scan/cif/mp-1103641.cif,train,-0.9202149258333302,-6.899892807006836,-0.872558653645882,-0.8718872922023273,-0.6981919637605639,12,3
mp-7317,Sm5Co2,<PROJECT_ROOT>/external_datasets/functional_protocol_round4_widechem_boost/meta_gga_r2scan/cif/mp-7317.cif,train,-0.0207424021428559,-5.504661015101841,-0.2145479437603885,-0.2173113203690073,-0.9322549803609588,14,2
mp-1095053,ThSnRh,<PROJECT_ROOT>/external_datasets/functional_protocol_round4_widechem_boost/meta_gga_r2scan/cif/mp-1095053.cif,train,-0.9826649877777716,-7.189161512586805,-0.9438875727724289,-0.9425279635679747,-0.5907684611708304,9,3
mp-3216358,Yb2SmS4,<PROJECT_ROOT>/external_datasets/functional_protocol_round4_widechem_boost/meta_gga_r2scan/cif/mp-3216358.cif,train,-2.2609138823214283,-5.258816310337612,-2.042026453823924,-2.0394446105705555,-1.3714674483803884,14,3
mp-1185717,Mg16Al12W,<PROJECT_ROOT>/external_datasets/functional_protocol_round4_widechem_boost/meta_gga_r2scan/cif/mp-1185717.cif,train,0.0406842641379316,-2.844652636297818,0.0078753839194276,0.0072024256390106,-0.1669060380867897,29,3
mp-21205,Tm2InPd2,<PROJECT_ROOT>/external_datasets/functional_protocol_round4_widechem_boost/meta_gga_r2scan/cif/mp-21205.cif,train,-0.957971051000004,-5.294017791748047,-0.930443421004698,-0.9290764962817608,-0.5754243153596903,10,3
mp-1228848,CsBS2,<PROJECT_ROOT>/external_datasets/functional_protocol_round4_widechem_boost/meta_gga_r2scan/cif/mp-1228848.cif,train,-0.9786386420312496,-4.800223350524902,-0.9723668320473308,-0.973372881070083,-1.233658926848856,8,3
mp-8190,Tl2SiS3,<PROJECT_ROOT>/external_datasets/functional_protocol_round4_widechem_boost/meta_gga_r2scan/cif/mp-8190.cif,train,-0.6920576747395822,-4.349297841389974,-0.7210074683375507,-0.7217751219702908,-0.9203832653875264,12,3
mp-505155,UCr5P3,<PROJECT_ROOT>/external_datasets/functional_protocol_round4_widechem_boost/meta_gga_r2scan/cif/mp-505155.cif,train,-0.4781518121031765,-8.924347771538628,-0.7470736646287826,-0.7458689670450136,-0.4341883597025195,18,3
mp-1226572,CeGaSi,<PROJECT_ROOT>/external_datasets/functional_protocol_round4_widechem_boost/meta_gga_r2scan/cif/mp-1226572.cif,train,-0.7604824200000001,-5.435402552286784,-0.6901055355919778,-0.6909283911819211,-0.903818442177306,6,3
mp-2017401,WSCl4,<PROJECT_ROOT>/external_datasets/functional_protocol_round4_widechem_boost/meta_gga_r2scan/cif/mp-2017401.cif,train,-0.8893494704687489,-4.861561457316081,-1.1572692681388608,-1.158744149848979,-1.5403270743775987,12,3
mp-865759,YbHfRh2,<PROJECT_ROOT>/external_datasets/functional_protocol_round4_widechem_boost/meta_gga_r2scan/cif/mp-865759.cif,train,-0.9795249562500032,-7.362311840057373,-0.9140169537411698,-0.9140859914213956,-0.93194749159777,4,3
mp-542749,K2(MoSe6)3,<PROJECT_ROOT>/external_datasets/functional_protocol_round4_widechem_boost/meta_gga_r2scan/cif/mp-542749.cif,train,-0.4794692969836956,-4.654092208198879,-0.6159093335748427,-0.617978123790409,-1.153217672341469,46,3
mp-2697,SrO2,<PROJECT_ROOT>/external_datasets/functional_protocol_round4_widechem_boost/meta_gga_r2scan/cif/mp-2697.cif,train,-2.091270502500001,-5.7402299245198565,-2.351056321262508,-2.3528382346976318,-2.8138567253083395,3,2
mp-972526,SmSnAu2,<PROJECT_ROOT>/external_datasets/functional_protocol_round4_widechem_boost/meta_gga_r2scan/cif/mp-972526.cif,train,-0.7268887950000007,-4.507707118988037,-0.7285608542625113,-0.7279577246408779,-0.5719154038824509,4,3
mp-27814,CS14,<PROJECT_ROOT>/external_datasets/functional_protocol_round4_widechem_boost/meta_gga_r2scan/cif/mp-27814.cif,train,0.056117046041668,-4.390990193684896,-0.1689901433744562,-0.1746800775253625,-1.646785737776997,15,2
mp-600622,EuIO,<PROJECT_ROOT>/external_datasets/functional_protocol_round4_widechem_boost/meta_gga_r2scan/cif/mp-600622.cif,train,-2.4244246570833305,-7.734116236368815,-2.443849188504845,-2.4416518150729223,-1.873145083530107,6,3
mp-864904,HoCdAg2,<PROJECT_ROOT>/external_datasets/functional_protocol_round4_widechem_boost/meta_gga_r2scan/cif/mp-864904.cif,train,-0.290772968749998,-3.068577289581299,-0.2827017487383845,-0.2821445608494386,-0.137988332784539,4,3
mp-865915,Li2AcPb,<PROJECT_ROOT>/external_datasets/functional_protocol_round4_widechem_boost/meta_gga_r2scan/cif/mp-865915.cif,train,-0.3993697277083257,-3.2135136127471924,-0.3788999846409084,-0.379098755260034,-0.4305248958161112,4,3
mp-557175,ZnS,<PROJECT_ROOT>/external_datasets/functional_protocol_round4_widechem_boost/meta_gga_r2scan/cif/mp-557175.cif,train,-0.9623006405729168,-3.502490361531576,-0.9493578569030467,-0.949126617426966,-0.8893001005315648,36,2
mp-557321,As4S3,<PROJECT_ROOT>/external_datasets/functional_protocol_round4_widechem_boost/meta_gga_r2scan/cif/mp-557321.cif,train,-0.1299428997767851,-4.528170994349888,-0.2899450684046316,-0.2929839254228135,-1.079200162467555,28,2
mp-1072474,TmSe2,<PROJECT_ROOT>/external_datasets/functional_protocol_round4_widechem_boost/meta_gga_r2scan/cif/mp-1072474.cif,train,-1.727125514375004,-5.322510719299316,-1.66707856637991,-1.6655319251268963,-1.2653832972947652,6,2
mp-1025165,Zr(VGa2)2,<PROJECT_ROOT>/external_datasets/functional_protocol_round4_widechem_boost/meta_gga_r2scan/cif/mp-1025165.cif,train,-0.4687813164285716,-5.939968654087612,-0.5810768527768104,-0.5809067989715881,-0.5369103022502453,7,3
mp-29304,Y2InCl7,<PROJECT_ROOT>/external_datasets/functional_protocol_round4_widechem_boost/meta_gga_r2scan/cif/mp-29304.cif,train,-2.22526791425,-4.850995635986328,-2.183388912665858,-2.1808885931149598,-1.5340033277130969,40,3
mp-15661,Sc4C3,<PROJECT_ROOT>/external_datasets/functional_protocol_round4_widechem_boost/meta_gga_r2scan/cif/mp-15661.cif,train,-0.6238872749999993,-8.056442260742188,-0.5017138179090521,-0.5019278860826422,-0.557311825787376,14,2
mp-1189916,Zr5CdPb3,<PROJECT_ROOT>/external_datasets/functional_protocol_round4_widechem_boost/meta_gga_r2scan/cif/mp-1189916.cif,train,-0.3543642433333313,-6.337655809190538,-0.3269490524093967,-0.3276837812795028,-0.5177735959860277,18,3
mp-864911,AcMnO3,<PROJECT_ROOT>/external_datasets/functional_protocol_round4_widechem_boost/meta_gga_r2scan/cif/mp-864911.cif,train,-3.0660217156465506,-7.836573791503906,-2.767798194351672,-2.7655350606455533,-2.180014762813712,5,3
mp-5724,AlPO4,<PROJECT_ROOT>/external_datasets/functional_protocol_round4_widechem_boost/meta_gga_r2scan/cif/mp-5724.cif,train,-2.8967310638293653,-7.474362691243489,-3.073648856696953,-3.07137298827526,-2.482557951632738,12,3
mp-998623,TlCdF3,<PROJECT_ROOT>/external_datasets/functional_protocol_round4_widechem_boost/meta_gga_r2scan/cif/mp-998623.cif,train,-2.2240090399999985,-3.806513977050781,-2.3046087470649943,-2.3043666102048084,-2.241720710799355,5,3
mp-572672,Co(IO3)2,<PROJECT_ROOT>/external_datasets/functional_protocol_round4_widechem_boost/meta_gga_r2scan/cif/mp-572672.cif,train,-0.5713903130555562,-4.727074940999349,-0.7592397844089365,-0.7658683533570274,-2.480818581084489,36,3
mp-23253,RbBi2,<PROJECT_ROOT>/external_datasets/functional_protocol_round4_widechem_boost/meta_gga_r2scan/cif/mp-23253.cif,train,-0.3939943570833293,-3.1902697881062827,-0.2572531223476724,-0.2566723621952187,-0.1064174936881754,6,2
mp-570165,CdI2,<PROJECT_ROOT>/external_datasets/functional_protocol_round4_widechem_boost/meta_gga_r2scan/cif/mp-570165.cif,train,-0.7186271253703699,-1.90382229840314,-0.6992148905579121,-0.699369664422469,-0.7394129190590071,27,2
mp-1220262,Nd6Cd(GeS7)2,<PROJECT_ROOT>/external_datasets/functional_protocol_round4_widechem_boost/meta_gga_r2scan/cif/mp-1220262.cif,train,-1.7572678393206516,-5.7041015625,-1.6923867962850698,-1.69130117078611,-1.4104270166113888,23,4
mp-976920,Ni9S8,<PROJECT_ROOT>/external_datasets/functional_protocol_round4_widechem_boost/meta_gga_r2scan/cif/mp-976920.cif,train,-0.4420250427941175,-5.379457361557904,-0.5266272665952956,-0.5281790514180287,-0.9296584289378856,34,2
mp-1228706,Ba2(CrS2)5,<PROJECT_ROOT>/external_datasets/functional_protocol_round4_widechem_boost/meta_gga_r2scan/cif/mp-1228706.cif,train,-1.3013039181250008,-6.500717611873851,-1.2780628933126907,-1.277802501851438,-1.2104337531431462,34,3
mp-568662,BaCl2,<PROJECT_ROOT>/external_datasets/functional_protocol_round4_widechem_boost/meta_gga_r2scan/cif/mp-568662.cif,train,-2.8164427999999995,-4.430241584777832,-2.753439919002257,-2.7499068732738445,-1.8358336209670785,3,2
mp-1185367,LiInHg2,<PROJECT_ROOT>/external_datasets/functional_protocol_round4_widechem_boost/meta_gga_r2scan/cif/mp-1185367.cif,train,-0.2113752679166687,-1.496344804763794,-0.2361366349339713,-0.2361196670721339,-0.231729724263295,4,3
mp-505025,BaPuO3,<PROJECT_ROOT>/external_datasets/functional_protocol_round4_widechem_boost/meta_gga_r2scan/cif/mp-505025.cif,train,-3.382884171500001,-9.216313934326172,-3.522110569291661,-3.5189673585081147,-2.7057526071478795,20,3
mp-4187,Ge2N2O,<PROJECT_ROOT>/external_datasets/functional_protocol_round4_widechem_boost/meta_gga_r2scan/cif/mp-4187.cif,train,-0.6778228062500006,-6.702366638183594,-0.7381217369521949,-0.7402625264319704,-1.2941297992285383,10,3
mp-978678,Sm(BOs)2,<PROJECT_ROOT>/external_datasets/functional_protocol_round4_widechem_boost/meta_gga_r2scan/cif/mp-978678.cif,train,-0.5472896880000008,-8.556937408447265,-0.4913983088462892,-0.4914462517567335,-0.5038500912314786,10,3
mp-1218925,SnTe4Pb3,<PROJECT_ROOT>/external_datasets/functional_protocol_round4_widechem_boost/meta_gga_r2scan/cif/mp-1218925.cif,train,-0.4380091987500023,-3.8331708908081055,-0.3975336470063375,-0.3968021740450229,-0.2075547314382789,8,3
mp-1208444,Ta3Tl2Cl9,<PROJECT_ROOT>/external_datasets/functional_protocol_round4_widechem_boost/meta_gga_r2scan/cif/mp-1208444.cif,train,-1.3628649081785713,-5.2767437526157925,-1.3492690137990055,-1.3494644487769358,-1.4000275888042473,28,3
mp-7108,Tm(SiPt)2,<PROJECT_ROOT>/external_datasets/functional_protocol_round4_widechem_boost/meta_gga_r2scan/cif/mp-7108.cif,train,-1.0748043300000003,-6.485136413574219,-1.017171648618138,-1.0166098008746252,-0.8712479704085769,5,3
mp-27919,Ti8C5,<PROJECT_ROOT>/external_datasets/functional_protocol_round4_widechem_boost/meta_gga_r2scan/cif/mp-27919.cif,train,-0.8287010371794872,-9.133743286132812,-0.7444473544873986,-0.7451213698070154,-0.9195033118077682,13,2
mp-1187569,YbInO3,<PROJECT_ROOT>/external_datasets/functional_protocol_round4_widechem_boost/meta_gga_r2scan/cif/mp-1187569.cif,train,-2.06029174025,-5.466939926147461,-2.099939205099678,-2.100215709976786,-2.171753338335401,5,3
mp-1106153,Er3In5,<PROJECT_ROOT>/external_datasets/functional_protocol_round4_widechem_boost/meta_gga_r2scan/cif/mp-1106153.cif,train,-0.5569583443749977,-3.844583034515381,-0.5237724897255713,-0.5238295046732855,-0.5385804710336303,16,2
mp-1222648,Li2MgCd,<PROJECT_ROOT>/external_datasets/functional_protocol_round4_widechem_boost/meta_gga_r2scan/cif/mp-1222648.cif,train,-0.1921646895833335,-1.765723705291748,-0.2402361079617785,-0.2408532607979827,-0.4005236821412081,4,3
mp-567912,SmHgPd,<PROJECT_ROOT>/external_datasets/functional_protocol_round4_widechem_boost/meta_gga_r2scan/cif/mp-567912.cif,train,-0.7584928025000042,-4.097945743136936,-0.7392123269500619,-0.7388400863354212,-0.6425336087465117,9,3
mp-567705,TiAl2,<PROJECT_ROOT>/external_datasets/functional_protocol_round4_widechem_boost/meta_gga_r2scan/cif/mp-567705.cif,train,-0.472738088055556,-5.558973948160808,-0.4531068863535017,-0.4546141214340045,-0.8445675434743061,12,2
mp-9718,Rb3BAs2,<PROJECT_ROOT>/external_datasets/functional_protocol_round4_widechem_boost/meta_gga_r2scan/cif/mp-9718.cif,train,-0.4949216835416668,-3.482465108235677,-0.4001881495457211,-0.4012047305865831,-0.6642156310092137,12,3
mp-36165,Na10Zn4O9,<PROJECT_ROOT>/external_datasets/functional_protocol_round4_widechem_boost/meta_gga_r2scan/cif/mp-36165.cif,train,-1.5482658734239128,-4.083662613578465,-1.6716140212298043,-1.6714080544904537,-1.618120126233277,46,3
mp-1104877,Lu3Pt4,<PROJECT_ROOT>/external_datasets/functional_protocol_round4_widechem_boost/meta_gga_r2scan/cif/mp-1104877.cif,train,-1.4023081828571389,-6.688321249825614,-1.375140746527192,-1.3735497378643853,-0.9619223277901244,14,2
mp-1185578,Mg149S,<PROJECT_ROOT>/external_datasets/functional_protocol_round4_widechem_boost/meta_gga_r2scan/cif/mp-1185578.cif,train,0.0050684128145826,-1.63883056640625,0.0057283924272795,0.0057621070613649,0.0144847921329774,150,2
mp-557372,Rb2Ge4O9,<PROJECT_ROOT>/external_datasets/functional_protocol_round4_widechem_boost/meta_gga_r2scan/cif/mp-557372.cif,train,-1.9238962526388887,-6.063534884982639,-2.107325658637852,-2.107893046425498,-2.2546882028498,90,3
mp-1184356,Eu2ZnAg,<PROJECT_ROOT>/external_datasets/functional_protocol_round4_widechem_boost/meta_gga_r2scan/cif/mp-1184356.cif,train,-0.2576369850000013,-6.430627822875977,-0.2981574556815189,-0.2987977269039623,-0.4644493611176682,4,3
mp-865425,ZnPd3,<PROJECT_ROOT>/external_datasets/functional_protocol_round4_widechem_boost/meta_gga_r2scan/cif/mp-865425.cif,train,-0.3306892337500038,-4.524383544921875,-0.3159311970973331,-0.3161510016335933,-0.3730190590477086,4,2
mp-1183093,Ac2IrRh,<PROJECT_ROOT>/external_datasets/functional_protocol_round4_widechem_boost/meta_gga_r2scan/cif/mp-1183093.cif,train,-0.5347335137499982,-6.603591442108154,-0.5612441802312205,-0.5610071868018016,-0.4996920011398599,4,3
mp-1214668,Ba3Na3(CO3)5,<PROJECT_ROOT>/external_datasets/functional_protocol_round4_widechem_boost/meta_gga_r2scan/cif/mp-1214668.cif,train,-2.100570573701923,-6.974853515625,-2.3653804549979114,-2.364714103341002,-2.192314912094854,52,4
mp-557186,CsTa2P5O18,<PROJECT_ROOT>/external_datasets/functional_protocol_round4_widechem_boost/meta_gga_r2scan/cif/mp-557186.cif,train,-2.607693178924909,-7.807086651141827,-2.827459580453527,-2.826615321032663,-2.6081876487257203,52,4
mp-143,Tm,<PROJECT_ROOT>/external_datasets/functional_protocol_round4_widechem_boost/meta_gga_r2scan/cif/mp-143.cif,train,0.0,-4.472082138061523,-0.0793384931577811,-0.082427879648204,-0.8817171541216947,2,1
mp-866103,Ac2MgSn,<PROJECT_ROOT>/external_datasets/functional_protocol_round4_widechem_boost/meta_gga_r2scan/cif/mp-866103.cif,train,-0.3992812775000018,-3.812030553817749,-0.3677225555038141,-0.3672353102733066,-0.2411747192864913,4,3
mp-777667,LiV2O5,<PROJECT_ROOT>/external_datasets/functional_protocol_round4_widechem_boost/meta_gga_r2scan/cif/mp-777667.cif,train,-2.571333737239584,-7.1810150146484375,-2.1295796382992584,-2.1305403480023246,-2.379096157998708,32,3
mp-15339,Sr3As4,<PROJECT_ROOT>/external_datasets/functional_protocol_round4_widechem_boost/meta_gga_r2scan/cif/mp-15339.cif,train,-1.132461913571429,-4.34114374433245,-1.1022740882312263,-1.1019498957067595,-1.0180744698033064,14,2
mp-9952,Hf5ZnSb3,<PROJECT_ROOT>/external_datasets/functional_protocol_round4_widechem_boost/meta_gga_r2scan/cif/mp-9952.cif,train,-0.5541437016666654,-7.539037068684895,-0.5361628818614905,-0.5383185569985391,-1.09603706247922,18,3
mp-6135,Ba2PrIrO6,<PROJECT_ROOT>/external_datasets/functional_protocol_round4_widechem_boost/meta_gga_r2scan/cif/mp-6135.cif,train,-2.478668651416669,-6.97008056640625,-2.671185637455979,-2.67051270639412,-2.496411284681212,10,4
mp-2029994,NaH2N,<PROJECT_ROOT>/external_datasets/functional_protocol_round4_widechem_boost/meta_gga_r2scan/cif/mp-2029994.cif,train,-0.4309021803125006,-4.4585065841674805,-0.43869939712601,-0.4387023532068053,-0.439467153513174,16,3
mp-1187854,YbGdZn2,<PROJECT_ROOT>/external_datasets/functional_protocol_round4_widechem_boost/meta_gga_r2scan/cif/mp-1187854.cif,train,-0.3647475987500002,-4.870580196380615,-0.4223081362917282,-0.4221176132140254,-0.3728252851054134,4,3
mp-30722,ScHg3,<PROJECT_ROOT>/external_datasets/functional_protocol_round4_widechem_boost/meta_gga_r2scan/cif/mp-30722.cif,train,-0.2575820981250061,-2.0339150428771973,-0.2294027921700396,-0.2295486376107005,-0.2672819211596165,8,2
mp-9850,DyP5,<PROJECT_ROOT>/external_datasets/functional_protocol_round4_widechem_boost/meta_gga_r2scan/cif/mp-9850.cif,train,-0.6370583499801583,-5.808085123697917,-0.5602835669879891,-0.5615127995947571,-0.8795411335422209,12,2
mp-20840,MnCo2Sn,<PROJECT_ROOT>/external_datasets/functional_protocol_round4_widechem_boost/meta_gga_r2scan/cif/mp-20840.cif,train,-0.182803818620691,-6.949132442474365,-0.3038781870311906,-0.302574930219829,0.0346050226354359,4,3
mp-4860,Gd2CuO4,<PROJECT_ROOT>/external_datasets/functional_protocol_round4_widechem_boost/meta_gga_r2scan/cif/mp-4860.cif,train,-2.893421503571429,-10.062607901436945,-2.989994249863724,-2.986938901178749,-2.1964559230087763,7,3
mp-867924,LiCdPd2,<PROJECT_ROOT>/external_datasets/functional_protocol_round4_widechem_boost/meta_gga_r2scan/cif/mp-867924.cif,train,-0.4422380641666663,-3.736435890197754,-0.4670139477269024,-0.4669428240942563,-0.4485416441358644,4,3
mp-1208575,Tb(ClO4)3,<PROJECT_ROOT>/external_datasets/functional_protocol_round4_widechem_boost/meta_gga_r2scan/cif/mp-1208575.cif,train,-0.5485279260937492,-4.791106700897217,-0.9679374383873784,-0.9756717752767274,-2.976707430722102,32,3
mp-4425,Ta2Pt3Se8,<PROJECT_ROOT>/external_datasets/functional_protocol_round4_widechem_boost/meta_gga_r2scan/cif/mp-4425.cif,train,-0.7354033097820522,-6.0021186241736775,-0.7653785132690727,-0.7672311302241974,-1.246542108802509,26,3
mp-1205775,La4B2N5,<PROJECT_ROOT>/external_datasets/functional_protocol_round4_widechem_boost/meta_gga_r2scan/cif/mp-1205775.cif,train,-1.5709976007954547,-8.143048373135654,-1.4988867838845792,-1.4974589019463806,-1.1280358071187775,11,3
mp-865671,Y2ZnIn,<PROJECT_ROOT>/external_datasets/functional_protocol_round4_widechem_boost/meta_gga_r2scan/cif/mp-865671.cif,train,-0.4983138162500005,-4.666848182678223,-0.5049444999358625,-0.5046121559482266,-0.4186277750461548,4,3
mp-982596,TbSc,<PROJECT_ROOT>/external_datasets/functional_protocol_round4_widechem_boost/meta_gga_r2scan/cif/mp-982596.cif,train,0.069014227500002,-5.429670333862305,-0.0162742153676465,-0.0201075273060222,-1.0118659646218915,2,2
mp-19197,Ba3CrO5,<PROJECT_ROOT>/external_datasets/functional_protocol_round4_widechem_boost/meta_gga_r2scan/cif/mp-19197.cif,train,-2.728605702638889,-6.589410569932726,-2.55349841099542,-2.552970964546005,-2.416509472538914,18,3
mp-3268,YbB2Ru3,<PROJECT_ROOT>/external_datasets/functional_protocol_round4_widechem_boost/meta_gga_r2scan/cif/mp-3268.cif,train,-0.5301658075000025,-7.462754567464192,-0.3878396694585957,-0.3880289618450794,-0.437002884251533,6,3
mp-998787,CaTlCl3,<PROJECT_ROOT>/external_datasets/functional_protocol_round4_widechem_boost/meta_gga_r2scan/cif/mp-998787.cif,train,-2.0626528654999987,-3.837350082397461,-2.034123470693501,-2.031652281517771,-1.392303656969471,10,3
mp-865569,Ti2MnIr,<PROJECT_ROOT>/external_datasets/functional_protocol_round4_widechem_boost/meta_gga_r2scan/cif/mp-865569.cif,train,-0.717122286954023,-9.143484115600586,-0.9357954092827132,-0.9360912488905236,-1.012631178815098,4,3
mp-9235,LaNiSb,<PROJECT_ROOT>/external_datasets/functional_protocol_round4_widechem_boost/meta_gga_r2scan/cif/mp-9235.cif,train,-0.966478198333334,-5.829481760660808,-0.9519893767208708,-0.9506935906840974,-0.6154464843693375,6,3
mp-1025346,GaAsPd5,<PROJECT_ROOT>/external_datasets/functional_protocol_round4_widechem_boost/meta_gga_r2scan/cif/mp-1025346.cif,train,-0.5027677889285737,-5.283745356968471,-0.4948984895440498,-0.4948639522185321,-0.4859284195673473,7,3
mp-1094669,MgSn,<PROJECT_ROOT>/external_datasets/functional_protocol_round4_widechem_boost/meta_gga_r2scan/cif/mp-1094669.cif,train,-0.028421112500002,-2.8880820274353027,-0.0422405137759325,-0.0424772905212949,-0.1037364154645412,2,2
mp-1228133,Ba3Lu2MoO9,<PROJECT_ROOT>/external_datasets/functional_protocol_round4_widechem_boost/meta_gga_r2scan/cif/mp-1228133.cif,train,-3.2626814618055544,-7.302645874023438,-3.058045676264012,-3.055796261669376,-2.4738253865779067,15,4
mp-978268,MgZn,<PROJECT_ROOT>/external_datasets/functional_protocol_round4_widechem_boost/meta_gga_r2scan/cif/mp-978268.cif,train,-0.0670310925000006,-1.5112080574035645,-0.0753399022904099,-0.0750030756487296,0.0121410621547303,4,2
mp-1077423,TmAlZn,<PROJECT_ROOT>/external_datasets/functional_protocol_round4_widechem_boost/meta_gga_r2scan/cif/mp-1077423.cif,train,-0.4982240300000005,-3.601256052652994,-0.4805540563413859,-0.4804381431899083,-0.4504489725150261,6,3
mp-866304,Ba2GdB2ClO6,<PROJECT_ROOT>/external_datasets/functional_protocol_round4_widechem_boost/meta_gga_r2scan/cif/mp-866304.cif,train,-3.135455627916668,-8.138240814208984,-3.247399513325962,-3.243837513461865,-2.322273217164032,24,5
mp-754250,NaLuO2,<PROJECT_ROOT>/external_datasets/functional_protocol_round4_widechem_boost/meta_gga_r2scan/cif/mp-754250.cif,train,-3.2033857929166647,-6.822173595428467,-3.2617893773821707,-3.2573852144348683,-2.1179356124791715,16,3
mp-31214,Ti3P,<PROJECT_ROOT>/external_datasets/functional_protocol_round4_widechem_boost/meta_gga_r2scan/cif/mp-31214.cif,train,-0.9066476298065478,-8.133635520935059,-0.8846987687791756,-0.8866914533587442,-1.4022408728936404,32,2
mp-1105453,SbPbF7,<PROJECT_ROOT>/external_datasets/functional_protocol_round4_widechem_boost/meta_gga_r2scan/cif/mp-1105453.cif,train,-2.5584370033333337,-4.677814483642578,-2.699012694234922,-2.700129971775625,-2.9891931749890626,18,3
mp-865779,Ga2CoRu,<PROJECT_ROOT>/external_datasets/functional_protocol_round4_widechem_boost/meta_gga_r2scan/cif/mp-865779.cif,train,-0.2766965612500005,-5.8977580070495605,-0.308314491253828,-0.307742998154862,-0.1598857113290254,4,3
mp-23159,SrBi3,<PROJECT_ROOT>/external_datasets/functional_protocol_round4_widechem_boost/meta_gga_r2scan/cif/mp-23159.cif,train,-0.4563233712500079,-3.776196002960205,-0.4323911036945742,-0.431696391791335,-0.2519598082263233,4,2
mp-1103155,LaSiRh,<PROJECT_ROOT>/external_datasets/functional_protocol_round4_widechem_boost/meta_gga_r2scan/cif/mp-1103155.cif,train,-1.0631995449999987,-6.876536687215169,-0.9998983175508692,-0.9997655994753164,-0.9654286414294212,12,3
mp-554770,Sm2Mo2O7,<PROJECT_ROOT>/external_datasets/functional_protocol_round4_widechem_boost/meta_gga_r2scan/cif/mp-554770.cif,train,-2.8913137487500005,-7.846038124778054,-2.358593563192649,-2.3586177818158456,-2.3648836491077927,22,3
mp-7770,Sr(ZnAs)2,<PROJECT_ROOT>/external_datasets/functional_protocol_round4_widechem_boost/meta_gga_r2scan/cif/mp-7770.cif,train,-0.8017262070000001,-3.369559097290039,-0.7587566046214542,-0.7579534702449795,-0.5501657120406598,5,3
mp-29721,B3H5,<PROJECT_ROOT>/external_datasets/functional_protocol_round4_widechem_boost/meta_gga_r2scan/cif/mp-29721.cif,train,-0.04114488109375,-4.656422138214111,0.0077476680927519,0.0067661615458662,-0.247170229465598,32,2
mp-1104177,Pr3Pt2,<PROJECT_ROOT>/external_datasets/functional_protocol_round4_widechem_boost/meta_gga_r2scan/cif/mp-1104177.cif,train,-1.00026871033333,-6.202383931477865,-0.9915846588347508,-0.9910280266196728,-0.8470155630716657,15,2
mp-1018166,AlTc2,<PROJECT_ROOT>/external_datasets/functional_protocol_round4_widechem_boost/meta_gga_r2scan/cif/mp-1018166.cif,train,-0.4676126466666659,-8.565401713053385,-0.4019795736851872,-0.3996882158000341,0.1931342708784358,3,2
mp-1025238,Tm(TiGa2)2,<PROJECT_ROOT>/external_datasets/functional_protocol_round4_widechem_boost/meta_gga_r2scan/cif/mp-1025238.cif,train,-0.5927729833333351,-5.151985168457031,-0.5539001012710161,-0.5548079750312143,-0.7896940151385722,7,3
mp-1187969,Zn3Ag,<PROJECT_ROOT>/external_datasets/functional_protocol_round4_widechem_boost/meta_gga_r2scan/cif/mp-1187969.cif,train,-0.0092751337500001,-1.6814754009246826,-0.0246493705825363,-0.0242427501820889,0.0809585012191629,8,2
mp-4081,TaCu3Se4,<PROJECT_ROOT>/external_datasets/functional_protocol_round4_widechem_boost/meta_gga_r2scan/cif/mp-4081.cif,train,-0.595982887947919,-5.276331901550293,-0.5994974490074663,-0.600186183926442,-0.7783763959305209,8,3
mp-865261,Lu2ZnOs,<PROJECT_ROOT>/external_datasets/functional_protocol_round4_widechem_boost/meta_gga_r2scan/cif/mp-865261.cif,train,-0.4521312470833365,-5.750782012939453,-0.4363292610438032,-0.4364697673467903,-0.4728217036704492,4,3
mp-18594,K3AsSe3,<PROJECT_ROOT>/external_datasets/functional_protocol_round4_widechem_boost/meta_gga_r2scan/cif/mp-18594.cif,train,-1.0771167233482155,-3.552968978881836,-1.022224504779075,-1.0221042578548634,-0.9909938490071344,28,3
mp-2025,HfBe5,<PROJECT_ROOT>/external_datasets/functional_protocol_round4_widechem_boost/meta_gga_r2scan/cif/mp-2025.cif,train,-0.2499099887500004,-5.002286593119304,-0.2368504595016336,-0.237570520314132,-0.4238653999574788,6,2
mp-1191777,NbCr2,<PROJECT_ROOT>/external_datasets/functional_protocol_round4_widechem_boost/meta_gga_r2scan/cif/mp-1191777.cif,train,0.164662457499998,-9.820852915445965,-0.1962324496812222,-0.196081327076441,-0.1569827301599322,24,2
mp-1221403,Na(WO3)3,<PROJECT_ROOT>/external_datasets/functional_protocol_round4_widechem_boost/meta_gga_r2scan/cif/mp-1221403.cif,train,-2.314548663750001,-7.187130267803486,-1.3573556954847836,-1.361091408496499,-2.327598950376255,13,3
mp-1211864,La4CdNi,<PROJECT_ROOT>/external_datasets/functional_protocol_round4_widechem_boost/meta_gga_r2scan/cif/mp-1211864.cif,train,-0.2585305041666667,-4.655172983805339,-0.3535802448129201,-0.355880336444609,-0.950962427082152,24,3
mp-755019,V2O3F,<PROJECT_ROOT>/external_datasets/functional_protocol_round4_widechem_boost/meta_gga_r2scan/cif/mp-755019.cif,train,-2.792004927291668,-7.443579991658528,-2.207926766727966,-2.209208562706926,-2.540836146764144,24,3
mp-18863,PrCrO4,<PROJECT_ROOT>/external_datasets/functional_protocol_round4_widechem_boost/meta_gga_r2scan/cif/mp-18863.cif,train,-2.786228425277777,-7.625575383504231,-2.4119956906301887,-2.4119046864134117,-2.388359981136964,12,3
mp-1215261,ZrVFe,<PROJECT_ROOT>/external_datasets/functional_protocol_round4_widechem_boost/meta_gga_r2scan/cif/mp-1215261.cif,train,-0.0937022516666653,-8.880899429321289,-0.4617303743467111,-0.4617030011181056,-0.4546209710475778,12,3
mp-754903,Y(BO2)3,<PROJECT_ROOT>/external_datasets/functional_protocol_round4_widechem_boost/meta_gga_r2scan/cif/mp-754903.cif,train,-2.9795416265,-8.360325622558594,-3.107976704860256,-3.1049383843206995,-2.3188609455788125,20,3
mp-1169,ScCu,<PROJECT_ROOT>/external_datasets/functional_protocol_round4_widechem_boost/meta_gga_r2scan/cif/mp-1169.cif,train,-0.2565679075000009,-5.491293430328369,-0.2882407705067571,-0.2889404877952266,-0.4699720698033272,2,2
mp-20400,Ce(GePt)2,<PROJECT_ROOT>/external_datasets/functional_protocol_round4_widechem_boost/meta_gga_r2scan/cif/mp-20400.cif,train,-1.0103909529999953,-6.354077529907227,-0.957020878141722,-0.956611330497302,-0.8506527394940699,10,3
mp-1224115,Ho2P7Rh12,<PROJECT_ROOT>/external_datasets/functional_protocol_round4_widechem_boost/meta_gga_r2scan/cif/mp-1224115.cif,train,-1.0055202726587302,-7.365522112165179,-0.9526111720403564,-0.9519773336743524,-0.7879900147537106,21,3
mp-169,C,<PROJECT_ROOT>/external_datasets/functional_protocol_round4_widechem_boost/meta_gga_r2scan/cif/mp-169.cif,train,0.0007906250000004,-9.21310806274414,0.018221493722109,0.0187962984820275,0.1675103816648473,2,1
mp-15783,KSmS2,<PROJECT_ROOT>/external_datasets/functional_protocol_round4_widechem_boost/meta_gga_r2scan/cif/mp-15783.cif,train,-2.1435686723437506,-5.383015155792236,-2.029901089524687,-2.02753739863972,-1.4160008432837738,4,3
mp-22319,UB12,<PROJECT_ROOT>/external_datasets/functional_protocol_round4_widechem_boost/meta_gga_r2scan/cif/mp-22319.cif,train,-0.2813075319230773,-7.305734487680288,-0.2450063448457253,-0.2469711498549163,-0.7553075380450138,13,2
mp-1025521,CeSi2Ru,<PROJECT_ROOT>/external_datasets/functional_protocol_round4_widechem_boost/meta_gga_r2scan/cif/mp-1025521.cif,train,-0.8734180162500031,-7.335629940032959,-0.8446405380270186,-0.8446753002811906,-0.8536690267132035,8,3
mp-22522,ZrCuSi,<PROJECT_ROOT>/external_datasets/functional_protocol_round4_widechem_boost/meta_gga_r2scan/cif/mp-22522.cif,train,-0.7110896058333344,-6.687790552775065,-0.6793770567167439,-0.6790359510506194,-0.5907847396101131,12,3
mp-978008,Tb3Nd,<PROJECT_ROOT>/external_datasets/functional_protocol_round4_widechem_boost/meta_gga_r2scan/cif/mp-978008.cif,train,0.0047389493749996,-4.640821933746338,-0.0796019995299666,-0.0830417854871354,-0.9729867731304244,8,2
mp-1546306,VBr3,<PROJECT_ROOT>/external_datasets/functional_protocol_round4_widechem_boost/meta_gga_r2scan/cif/mp-1546306.cif,train,-1.0390017968750005,-4.272668838500977,-1.1058006995980971,-1.107064293601475,-1.4339826436731555,8,2
mp-558588,BaPt2S3,<PROJECT_ROOT>/external_datasets/functional_protocol_round4_widechem_boost/meta_gga_r2scan/cif/mp-558588.cif,train,-1.1415768427951385,-5.3854014078776045,-1.1625706484175495,-1.1637340044545397,-1.464718683981589,72,3
mp-570610,CdI2,<PROJECT_ROOT>/external_datasets/functional_protocol_round4_widechem_boost/meta_gga_r2scan/cif/mp-570610.cif,train,-0.7185838542307681,-1.9043316963391423,-0.6997242884939143,-0.6998771010312597,-0.7394129190590071,39,2
mp-1080570,CsNiBr3,<PROJECT_ROOT>/external_datasets/functional_protocol_round4_widechem_boost/meta_gga_r2scan/cif/mp-1080570.cif,train,-1.2739365485000007,-3.264844512939453,-1.1208113828866737,-1.1211462926890885,-1.2077945038514266,10,3
mp-1225265,DyErAl4,<PROJECT_ROOT>/external_datasets/functional_protocol_round4_widechem_boost/meta_gga_r2scan/cif/mp-1225265.cif,train,-0.579278503055555,-4.53781000773112,-0.5675425700497017,-0.5681301051585335,-0.7201377974048258,6,3
mp-770849,VCrO3,<PROJECT_ROOT>/external_datasets/functional_protocol_round4_widechem_boost/meta_gga_r2scan/cif/mp-770849.cif,train,-2.5138934387500003,-7.967563629150391,-1.812657798738015,-1.813938374047214,-2.145250145160084,20,3
mp-997036,CdAuO2,<PROJECT_ROOT>/external_datasets/functional_protocol_round4_widechem_boost/meta_gga_r2scan/cif/mp-997036.cif,train,-0.7064347531249986,-4.058663845062256,-0.8660301734634461,-0.8695175792963896,-1.7717828305471588,8,3
mp-1222806,LaGdB12,<PROJECT_ROOT>/external_datasets/functional_protocol_round4_widechem_boost/meta_gga_r2scan/cif/mp-1222806.cif,train,-0.5588480267857149,-7.5907118661063055,-0.4623362442988128,-0.4633905005297345,-0.7361487651638525,14,3
mp-5075,Sc3CoC4,<PROJECT_ROOT>/external_datasets/functional_protocol_round4_widechem_boost/meta_gga_r2scan/cif/mp-5075.cif,train,-0.5217500606249992,-8.323442459106445,-0.460633918532249,-0.459963298790317,-0.2864598641550487,8,3
mp-1103034,ScCoSi,<PROJECT_ROOT>/external_datasets/functional_protocol_round4_widechem_boost/meta_gga_r2scan/cif/mp-1103034.cif,train,-0.7817269358333334,-7.128475189208984,-0.8321231395349038,-0.830932608834245,-0.5229172721552126,12,3
mp-770805,Li6Hf2O7,<PROJECT_ROOT>/external_datasets/functional_protocol_round4_widechem_boost/meta_gga_r2scan/cif/mp-770805.cif,train,-2.897981618416666,-7.038130187988282,-2.988447083543531,-2.985257758152911,-2.160112187834246,30,3
mp-22299,TbNiSn,<PROJECT_ROOT>/external_datasets/functional_protocol_round4_widechem_boost/meta_gga_r2scan/cif/mp-22299.cif,train,-0.7092418650000004,-5.474462509155273,-0.7000771307057798,-0.6990934694299531,-0.4445996047382621,12,3
mp-1184435,Gd2CuAu,<PROJECT_ROOT>/external_datasets/functional_protocol_round4_widechem_boost/meta_gga_r2scan/cif/mp-1184435.cif,train,-0.4851055100000039,-9.393468856811523,-0.5236590267970627,-0.5236310826863662,-0.5164013534091207,4,3
mp-1190434,Li2IrO3,<PROJECT_ROOT>/external_datasets/functional_protocol_round4_widechem_boost/meta_gga_r2scan/cif/mp-1190434.cif,train,-1.5554857436805565,-5.960143407185872,-1.7455989590911605,-1.7468416312736317,-2.0683470661429157,24,3
mp-9873,EuZnGe,<PROJECT_ROOT>/external_datasets/functional_protocol_round4_widechem_boost/meta_gga_r2scan/cif/mp-9873.cif,train,-0.6637857183333343,-5.94589106241862,-0.577637644312758,-0.5773685964173181,-0.5077602460789012,6,3
mp-1215497,Zn3Ag,<PROJECT_ROOT>/external_datasets/functional_protocol_round4_widechem_boost/meta_gga_r2scan/cif/mp-1215497.cif,train,-0.0195625675000012,-1.677722454071045,-0.0208964237288986,-0.0205042532432768,0.0809585012191629,4,2
mp-11470,Hg2Pt,<PROJECT_ROOT>/external_datasets/functional_protocol_round4_widechem_boost/meta_gga_r2scan/cif/mp-11470.cif,train,-0.0804044383333367,-2.271973450978597,-0.0783313105647254,-0.0791940035477418,-0.302390826160977,3,2
mp-1205655,Nd(Sn3Ru2)2,<PROJECT_ROOT>/external_datasets/functional_protocol_round4_widechem_boost/meta_gga_r2scan/cif/mp-1205655.cif,train,-0.346538672500003,-6.327239296653054,-0.3288134266126166,-0.3287910764305,-0.3230086141551862,11,3
mp-865581,Li2DyTl,<PROJECT_ROOT>/external_datasets/functional_protocol_round4_widechem_boost/meta_gga_r2scan/cif/mp-865581.cif,train,-0.3099520470833354,-2.919880151748657,-0.3281342503821811,-0.3293381096773835,-0.640801834125085,4,3
mp-883,HoN,<PROJECT_ROOT>/external_datasets/functional_protocol_round4_widechem_boost/meta_gga_r2scan/cif/mp-883.cif,train,-2.0596644168749982,-8.193910598754883,-1.9290451323039963,-1.9261322936696947,-1.1725196635032384,2,2
mp-726,SeO2,<PROJECT_ROOT>/external_datasets/functional_protocol_round4_widechem_boost/meta_gga_r2scan/cif/mp-726.cif,train,-0.7156640492708325,-5.132236162821452,-1.158256925111023,-1.1644048856759248,-2.75501161442859,24,2
mp-567336,CdI2,<PROJECT_ROOT>/external_datasets/functional_protocol_round4_widechem_boost/meta_gga_r2scan/cif/mp-567336.cif,train,-0.7184695399999962,-1.905230204264323,-0.700622796419095,-0.70077214944489,-0.7394129190590071,12,2
mp-1222657,Li2GePd,<PROJECT_ROOT>/external_datasets/functional_protocol_round4_widechem_boost/meta_gga_r2scan/cif/mp-1222657.cif,train,-0.5688169008333332,-3.953956604003906,-0.5927692284489812,-0.5929703088500728,-0.6449940385831922,4,3
mp-1069815,In3Pt2,<PROJECT_ROOT>/external_datasets/functional_protocol_round4_widechem_boost/meta_gga_r2scan/cif/mp-1069815.cif,train,-0.5989599319999968,-4.539228820800782,-0.5696606254487415,-0.5691753324459929,-0.4436198238437636,5,2
mp-1224178,Ho(CuS)3,<PROJECT_ROOT>/external_datasets/functional_protocol_round4_widechem_boost/meta_gga_r2scan/cif/mp-1224178.cif,train,-1.0051122812053543,-5.031964983258929,-0.9796381684115564,-0.9792137599949644,-0.8694103746212868,14,3
mp-7173,ScSbPt,<PROJECT_ROOT>/external_datasets/functional_protocol_round4_widechem_boost/meta_gga_r2scan/cif/mp-7173.cif,train,-1.307801144999999,-6.679485321044922,-1.2230667233997696,-1.2213219651326694,-0.7699162980885899,3,3
mp-1213103,Dy12Co5Bi,<PROJECT_ROOT>/external_datasets/functional_protocol_round4_widechem_boost/meta_gga_r2scan/cif/mp-1213103.cif,train,-0.2505350169444429,-5.538484361436632,-0.382063090313486,-0.3833032437032786,-0.7041570139414465,18,3
mp-560128,EuHSO5,<PROJECT_ROOT>/external_datasets/functional_protocol_round4_widechem_boost/meta_gga_r2scan/cif/mp-560128.cif,train,-2.039425873789062,-7.137206077575684,-2.254544553227761,-2.255435042832941,-2.4858234363415823,32,4
mp-976039,LuBe13,<PROJECT_ROOT>/external_datasets/functional_protocol_round4_widechem_boost/meta_gga_r2scan/cif/mp-976039.cif,train,-0.1947715688690477,-3.977196829659598,-0.1873261041516576,-0.1874101474592278,-0.2091539190941252,28,2
mp-639741,SiO2,<PROJECT_ROOT>/external_datasets/functional_protocol_round4_widechem_boost/meta_gga_r2scan/cif/mp-639741.cif,train,-3.015755730138889,-7.896599663628472,-3.182725473057032,-3.180246570266257,-2.538902271241138,72,2
mp-1219190,Sm3HoS4,<PROJECT_ROOT>/external_datasets/functional_protocol_round4_widechem_boost/meta_gga_r2scan/cif/mp-1219190.cif,train,-2.276669880781249,-6.416667938232422,-2.214156746201514,-2.211729477913676,-1.5837441109984565,8,3
mp-1272663,Sr3CoRuO6,<PROJECT_ROOT>/external_datasets/functional_protocol_round4_widechem_boost/meta_gga_r2scan/cif/mp-1272663.cif,train,-2.2761638643181823,-6.480846751819957,-2.2238980703715683,-2.224170107352701,-2.294551797035924,22,4
mp-2749854,US2,<PROJECT_ROOT>/external_datasets/functional_protocol_round4_widechem_boost/meta_gga_r2scan/cif/mp-2749854.cif,train,-1.7751861957638906,-7.870723300509983,-1.677017106842431,-1.6775096398459477,-1.804938288951376,9,2
mp-1012110,Cs,<PROJECT_ROOT>/external_datasets/functional_protocol_round4_widechem_boost/meta_gga_r2scan/cif/mp-1012110.cif,train,0.024368322499999,-0.8533719778060913,-0.0150549099362953,-0.0177645319918902,-0.7188007583207237,4,1
mp-976590,HoTlRh2,<PROJECT_ROOT>/external_datasets/functional_protocol_round4_widechem_boost/meta_gga_r2scan/cif/mp-976590.cif,train,-0.6229068762499921,-5.970851421356201,-0.6114564916282275,-0.6113439198877577,-0.582219242532118,4,3
mp-31420,CeAgSn,<PROJECT_ROOT>/external_datasets/functional_protocol_round4_widechem_boost/meta_gga_r2scan/cif/mp-31420.cif,train,-0.5734333183333339,-4.746097882588704,-0.5209039805956612,-0.5207515611954845,-0.4813174560249537,6,3
mp-1226620,CeCuSi,<PROJECT_ROOT>/external_datasets/functional_protocol_round4_widechem_boost/meta_gga_r2scan/cif/mp-1226620.cif,train,-0.6185563850000003,-5.705345153808594,-0.5960890658632776,-0.5966025809150999,-0.7294597273046761,3,3
mp-1217136,Ti8Al15Rh7,<PROJECT_ROOT>/external_datasets/functional_protocol_round4_widechem_boost/meta_gga_r2scan/cif/mp-1217136.cif,train,-0.8347044587777778,-6.465625,-0.7954250742305007,-0.7955314870427914,-0.8230627201176386,30,3
mp-1186563,PmEr3,<PROJECT_ROOT>/external_datasets/functional_protocol_round4_widechem_boost/meta_gga_r2scan/cif/mp-1186563.cif,train,0.0577039856250038,-4.584896564483643,-0.0687994508360798,-0.0726797885765107,-1.0766047901478504,4,2
mp-1225310,Dy2Al3Fe,<PROJECT_ROOT>/external_datasets/functional_protocol_round4_widechem_boost/meta_gga_r2scan/cif/mp-1225310.cif,train,-0.4387058233333339,-5.218480428059896,-0.4819684974302802,-0.4823461544271277,-0.5800539640366671,6,3
mp-1220713,Nb4P2S21,<PROJECT_ROOT>/external_datasets/functional_protocol_round4_widechem_boost/meta_gga_r2scan/cif/mp-1220713.cif,train,-0.6365061988894396,-5.655345210322627,-0.7286616626738205,-0.7317653507021706,-1.5347547338867815,54,3
mp-1212133,HoSiNi,<PROJECT_ROOT>/external_datasets/functional_protocol_round4_widechem_boost/meta_gga_r2scan/cif/mp-1212133.cif,train,-0.8541235783333315,-6.085756937662761,-0.8573189332582292,-0.8568744060029934,-0.7418658538497458,12,3
mp-1077547,TmNi4Au,<PROJECT_ROOT>/external_datasets/functional_protocol_round4_widechem_boost/meta_gga_r2scan/cif/mp-1077547.cif,train,-0.3924662216666661,-5.54942512512207,-0.4560097360700714,-0.455470557405139,-0.3159736944396158,6,3
mp-9380,SrGe4O9,<PROJECT_ROOT>/external_datasets/functional_protocol_round4_widechem_boost/meta_gga_r2scan/cif/mp-9380.cif,train,-2.0837210903869043,-6.510344005766369,-2.2912098608486886,-2.2917335220922475,-2.4272157017132017,42,3
mp-1039543,MgCd2,<PROJECT_ROOT>/external_datasets/functional_protocol_round4_widechem_boost/meta_gga_r2scan/cif/mp-1039543.cif,train,-0.0454906058333316,-1.1897079944610596,-0.0504159550225322,-0.0501191904847626,0.0266600382783694,12,2
mp-864968,MnInRh2,<PROJECT_ROOT>/external_datasets/functional_protocol_round4_widechem_boost/meta_gga_r2scan/cif/mp-864968.cif,train,-0.5538888461206888,-6.985815048217773,-0.575502735662135,-0.5750457273361178,-0.4568080596122562,4,3
mp-1209812,P3(PbO3)4,<PROJECT_ROOT>/external_datasets/functional_protocol_round4_widechem_boost/meta_gga_r2scan/cif/mp-1209812.cif,train,-2.035293296785713,-6.614653737921464,-2.2514442844076985,-2.2512941186671807,-2.2124430826589827,38,3
mp-18946,VBO3,<PROJECT_ROOT>/external_datasets/functional_protocol_round4_widechem_boost/meta_gga_r2scan/cif/mp-18946.cif,train,-2.642792846750001,-8.07355194091797,-2.4306091572557262,-2.4300813121268385,-2.2935166733492727,10,3
mp-972411,Tb3Yb,<PROJECT_ROOT>/external_datasets/functional_protocol_round4_widechem_boost/meta_gga_r2scan/cif/mp-972411.cif,train,0.0363021212500029,-3.750234603881836,-0.0420068310215357,-0.0450167633418816,-0.8237495725900446,4,2
mp-3078,CdSiAs2,<PROJECT_ROOT>/external_datasets/functional_protocol_round4_widechem_boost/meta_gga_r2scan/cif/mp-3078.cif,train,-0.1977317399999982,-4.030616283416748,-0.1710980796041603,-0.1722631672269852,-0.4736958444374675,8,3
mp-2761130,CsSO4,<PROJECT_ROOT>/external_datasets/functional_protocol_round4_widechem_boost/meta_gga_r2scan/cif/mp-2761130.cif,train,-1.5504760254687504,-5.557941436767578,-1.8958030234094725,-1.898842180313537,-2.685136004144465,24,3
mp-2498,PrOs2,<PROJECT_ROOT>/external_datasets/functional_protocol_round4_widechem_boost/meta_gga_r2scan/cif/mp-2498.cif,train,-0.07294828055556,-9.103805541992188,-0.1128648084332617,-0.1131288015464244,-0.1814293733725229,6,2
mp-1102518,Tm3(CuSi)4,<PROJECT_ROOT>/external_datasets/functional_protocol_round4_widechem_boost/meta_gga_r2scan/cif/mp-1102518.cif,train,-0.6849051527272743,-5.319090062921697,-0.6246003497496968,-0.6240284646862859,-0.4760697684146646,11,3
mp-1840,TiO2,<PROJECT_ROOT>/external_datasets/functional_protocol_round4_widechem_boost/meta_gga_r2scan/cif/mp-1840.cif,train,-3.3110560438888896,-8.948148091634115,-3.448752684188636,-3.4462634073152314,-2.802235114877541,24,2
mp-776246,Zr2N2O,<PROJECT_ROOT>/external_datasets/functional_protocol_round4_widechem_boost/meta_gga_r2scan/cif/mp-776246.cif,train,-2.443550210250001,-9.78918685913086,-2.328690618383682,-2.325779844423871,-1.5727013889766357,40,3
mp-1197547,Li15Pd4,<PROJECT_ROOT>/external_datasets/functional_protocol_round4_widechem_boost/meta_gga_r2scan/cif/mp-1197547.cif,train,-0.2398021976315798,-2.866012974789268,-0.3594161410726979,-0.3609507008613688,-0.7579735996835436,38,2
mp-5505,U2TeN2,<PROJECT_ROOT>/external_datasets/functional_protocol_round4_widechem_boost/meta_gga_r2scan/cif/mp-5505.cif,train,-1.7239247895000005,-9.809917449951172,-1.6222941128322486,-1.6210726839228569,-1.305063330669325,5,3
mp-1226891,Cd3PI3,<PROJECT_ROOT>/external_datasets/functional_protocol_round4_widechem_boost/meta_gga_r2scan/cif/mp-1226891.cif,train,-0.5296025129251721,-2.2527548926217213,-0.5143883056736382,-0.514662685668613,-0.5856505623222714,7,3
mp-755072,Na2O,<PROJECT_ROOT>/external_datasets/functional_protocol_round4_widechem_boost/meta_gga_r2scan/cif/mp-755072.cif,train,-1.3205052712500005,-3.698665618896485,-1.4827657406254309,-1.483112459379492,-1.5728158947501618,6,2
mp-17786,Ba(SmTe2)2,<PROJECT_ROOT>/external_datasets/functional_protocol_round4_widechem_boost/meta_gga_r2scan/cif/mp-17786.cif,train,-1.8344711564285687,-4.971561976841518,-1.653719396539107,-1.6511185692049173,-0.9782298259519208,28,3
mp-5414,NaSbS2,<PROJECT_ROOT>/external_datasets/functional_protocol_round4_widechem_boost/meta_gga_r2scan/cif/mp-5414.cif,train,-0.7955159039062512,-4.104366302490234,-0.8547811896161988,-0.855812438873925,-1.12261831556149,8,3
mp-1076936,ThSiSe,<PROJECT_ROOT>/external_datasets/functional_protocol_round4_widechem_boost/meta_gga_r2scan/cif/mp-1076936.cif,train,-1.3505089863541615,-6.646985371907552,-1.267138060790466,-1.2662454299868973,-1.0353030634187692,6,3
mp-3337,Ti6Si7Ni16,<PROJECT_ROOT>/external_datasets/functional_protocol_round4_widechem_boost/meta_gga_r2scan/cif/mp-3337.cif,train,-0.7166332284482764,-6.826337090853987,-0.7080851037096538,-0.707760268183347,-0.6237184841768821,29,3
mp-20932,NbNiP,<PROJECT_ROOT>/external_datasets/functional_protocol_round4_widechem_boost/meta_gga_r2scan/cif/mp-20932.cif,train,-0.8683337093253959,-7.931468327840169,-0.797112008870184,-0.7961179194891406,-0.5389260846146349,12,3
mp-5677,Tb(MnSi)2,<PROJECT_ROOT>/external_datasets/functional_protocol_round4_widechem_boost/meta_gga_r2scan/cif/mp-5677.cif,train,-0.6743427197931027,-7.380921936035156,-0.9330898865602038,-0.9319306403406388,-0.6320092570423921,5,3
mp-860960,Ba4(PtO3)3,<PROJECT_ROOT>/external_datasets/functional_protocol_round4_widechem_boost/meta_gga_r2scan/cif/mp-860960.cif,train,-1.886321292005211,-6.076328277587891,-2.076298253564744,-2.077888723171413,-2.4893766680827785,48,3
mp-27343,Re4Cl8O9,<PROJECT_ROOT>/external_datasets/functional_protocol_round4_widechem_boost/meta_gga_r2scan/cif/mp-27343.cif,train,-1.188674876607143,-6.3208363850911455,-1.4705366993013778,-1.4729695353016812,-2.1023953865554503,21,3
mp-27389,KSb2F7,<PROJECT_ROOT>/external_datasets/functional_protocol_round4_widechem_boost/meta_gga_r2scan/cif/mp-27389.cif,train,-2.6482859316249985,-4.739911270141602,-2.8090452709750413,-2.8090738582864736,-2.816469997125681,40,3
mp-1147746,CoS,<PROJECT_ROOT>/external_datasets/functional_protocol_round4_widechem_boost/meta_gga_r2scan/cif/mp-1147746.cif,train,-0.3758924889062491,-6.032317638397217,-0.5575636005100106,-0.558180004396645,-0.7176566567536387,4,2
mp-1183800,DyErAg2,<PROJECT_ROOT>/external_datasets/functional_protocol_round4_widechem_boost/meta_gga_r2scan/cif/mp-1183800.cif,train,-0.3422001520833326,-4.041495323181152,-0.3628415546989756,-0.3631677024576376,-0.4475489885825288,4,3
mp-1818,SiF4,<PROJECT_ROOT>/external_datasets/functional_protocol_round4_widechem_boost/meta_gga_r2scan/cif/mp-1818.cif,train,-3.306972093,-5.6913410186767575,-3.448698137682674,-3.447894456609945,-3.239965256583572,5,2
mp-867848,LaMgCd2,<PROJECT_ROOT>/external_datasets/functional_protocol_round4_widechem_boost/meta_gga_r2scan/cif/mp-867848.cif,train,-0.3755089149999975,-2.429006576538086,-0.3755482441011906,-0.3753621794952195,-0.327223351810581,4,3
mp-27775,U(BiO3)2,<PROJECT_ROOT>/external_datasets/functional_protocol_round4_widechem_boost/meta_gga_r2scan/cif/mp-27775.cif,train,-2.269923395277778,-7.506624009874132,-2.545128347407132,-2.5446843169514155,-2.4298042972796043,9,3
mp-1196691,Mn2PHO3F2,<PROJECT_ROOT>/external_datasets/functional_protocol_round4_widechem_boost/meta_gga_r2scan/cif/mp-1196691.cif,train,-2.2811628482713013,-6.756465064154731,-2.164759606093922,-2.1646970409513937,-2.148510122443088,36,5
mp-11965,Ce2CdPd2,<PROJECT_ROOT>/external_datasets/functional_protocol_round4_widechem_boost/meta_gga_r2scan/cif/mp-11965.cif,train,-0.6968460069999992,-5.285454177856446,-0.7427430373376724,-0.7430000310478322,-0.8094897100746684,10,3
mp-1271198,Fe,<PROJECT_ROOT>/external_datasets/functional_protocol_round4_widechem_boost/meta_gga_r2scan/cif/mp-1271198.cif,train,0.1204635775000007,-8.271398544311523,0.0589125572763116,0.0600462817391109,0.3533646496777642,4,1
mp-1195855,Y2Re3Si5,<PROJECT_ROOT>/external_datasets/functional_protocol_round4_widechem_boost/meta_gga_r2scan/cif/mp-1195855.cif,train,-0.638688546749998,-8.329886627197265,-0.5410814689826893,-0.5405449687296651,-0.4017410672755607,40,3
mp-1096967,FeF3,<PROJECT_ROOT>/external_datasets/functional_protocol_round4_widechem_boost/meta_gga_r2scan/cif/mp-1096967.cif,train,-2.5351258566666672,-5.257428169250488,-2.104834180204752,-2.1075009858341662,-2.7974597020053555,24,2
mp-2935,Li2GeAu,<PROJECT_ROOT>/external_datasets/functional_protocol_round4_widechem_boost/meta_gga_r2scan/cif/mp-2935.cif,train,-0.5212264783333325,-3.40774917602539,-0.5355564727664373,-0.5357944040586142,-0.5973522345237865,4,3
mp-33606,Ba(PrSe2)2,<PROJECT_ROOT>/external_datasets/functional_protocol_round4_widechem_boost/meta_gga_r2scan/cif/mp-33606.cif,train,-2.223849880654764,-5.5619000026157925,-2.0803877246766627,-2.077337274298296,-1.2881215910909622,14,3
mp-755558,BaLa2O4,<PROJECT_ROOT>/external_datasets/functional_protocol_round4_widechem_boost/meta_gga_r2scan/cif/mp-755558.cif,train,-3.425189917857143,-7.700014386858259,-3.603944166349104,-3.5999663852311814,-2.5708307320512365,14,3
mp-1400616,ZnWF6,<PROJECT_ROOT>/external_datasets/functional_protocol_round4_widechem_boost/meta_gga_r2scan/cif/mp-1400616.cif,train,-2.530465371875001,-5.004638195037842,-2.289205035575385,-2.29133733935504,-2.843009183030008,8,3
mp-861487,PrHg3,<PROJECT_ROOT>/external_datasets/functional_protocol_round4_widechem_boost/meta_gga_r2scan/cif/mp-861487.cif,train,-0.4631450122916689,-1.8196200132369995,-0.4127739382352962,-0.4119171350120609,-0.1902441171550665,8,2
mp-1185377,LiMg2Ni,<PROJECT_ROOT>/external_datasets/functional_protocol_round4_widechem_boost/meta_gga_r2scan/cif/mp-1185377.cif,train,-0.0597941516666669,-2.8457188606262207,-0.1507100053662853,-0.1510457876453239,-0.2379197268530346,4,3
mp-708,LaAs,<PROJECT_ROOT>/external_datasets/functional_protocol_round4_widechem_boost/meta_gga_r2scan/cif/mp-708.cif,train,-1.847575358749996,-6.361101150512695,-1.703746409546124,-1.7009312684016438,-0.9725950340464034,2,2
mp-1217467,TbLu,<PROJECT_ROOT>/external_datasets/functional_protocol_round4_widechem_boost/meta_gga_r2scan/cif/mp-1217467.cif,train,0.0077606766666633,-4.5574870109558105,-0.0720716587025176,-0.0755086442227801,-0.9647290999276656,2,2
mp-1104964,Lu(Ni2As)2,<PROJECT_ROOT>/external_datasets/functional_protocol_round4_widechem_boost/meta_gga_r2scan/cif/mp-1104964.cif,train,-0.633729018095238,-5.889154161725726,-0.6883965997139097,-0.687301240812749,-0.4039088507358359,14,3
mp-865972,KTm2Cu3Se5,<PROJECT_ROOT>/external_datasets/functional_protocol_round4_widechem_boost/meta_gga_r2scan/cif/mp-865972.cif,train,-1.2994961035511363,-4.728776411576704,-1.21442225372574,-1.2129793006676115,-0.8396569900730708,22,4
mp-1038816,CeMg,<PROJECT_ROOT>/external_datasets/functional_protocol_round4_widechem_boost/meta_gga_r2scan/cif/mp-1038816.cif,train,-0.0199418925000003,-3.760875225067138,-0.0898045315017657,-0.0923733686905166,-0.7569855883647552,4,2
mp-568522,In3SnI5,<PROJECT_ROOT>/external_datasets/functional_protocol_round4_widechem_boost/meta_gga_r2scan/cif/mp-568522.cif,train,-0.5296060833333343,-2.684019088745117,-0.5979088341476118,-0.5982624582042133,-0.6897524406046862,36,3
mp-22284,SrInPt,<PROJECT_ROOT>/external_datasets/functional_protocol_round4_widechem_boost/meta_gga_r2scan/cif/mp-22284.cif,train,-0.8725843966666625,-4.270270665486653,-0.8911597419430697,-0.8911714166727069,-0.8941919148246795,12,3
mp-1214488,Ba4As3,<PROJECT_ROOT>/external_datasets/functional_protocol_round4_widechem_boost/meta_gga_r2scan/cif/mp-1214488.cif,train,-1.2314474839285725,-4.145486559186663,-1.1744472956621808,-1.1743689385646467,-1.15409630908936,14,2
mp-504607,YInO3,<PROJECT_ROOT>/external_datasets/functional_protocol_round4_widechem_boost/meta_gga_r2scan/cif/mp-504607.cif,train,-2.8741262555833336,-7.371594746907552,-2.976702858624556,-2.973795572784666,-2.2216195673383865,30,3
mp-4618,Rb2SeO4,<PROJECT_ROOT>/external_datasets/functional_protocol_round4_widechem_boost/meta_gga_r2scan/cif/mp-4618.cif,train,-1.5469632709375003,-4.9994049072265625,-1.8044450659083295,-1.8065983613010184,-2.363701176853281,28,3
mp-569630,NdOs2,<PROJECT_ROOT>/external_datasets/functional_protocol_round4_widechem_boost/meta_gga_r2scan/cif/mp-569630.cif,train,-0.1681423758333361,-9.179155985514322,-0.2049742706434134,-0.2053081221678629,-0.2916825345597351,12,2
mp-20,Be,<PROJECT_ROOT>/external_datasets/functional_protocol_round4_widechem_boost/meta_gga_r2scan/cif/mp-20.cif,train,0.1031352674999999,-3.641593456268311,0.0981660884998123,0.0972190193168964,-0.1478077011792048,1,1
mp-1208273,Ti2Se3,<PROJECT_ROOT>/external_datasets/functional_protocol_round4_widechem_boost/meta_gga_r2scan/cif/mp-1208273.cif,train,-1.3461318171041654,-6.421226501464844,-1.3039506908555438,-1.304758996110757,-1.5138845694200411,20,2
mp-1324016,Ca3Fe2O7,<PROJECT_ROOT>/external_datasets/functional_protocol_round4_widechem_boost/meta_gga_r2scan/cif/mp-1324016.cif,train,-2.4454377463541674,-6.41008186340332,-2.0404697059029164,-2.0413906701625244,-2.279663497844268,24,3
mp-23679,PuH3,<PROJECT_ROOT>/external_datasets/functional_protocol_round4_widechem_boost/meta_gga_r2scan/cif/mp-23679.cif,train,-0.6163697312499998,-6.446750640869141,-0.4578691167418363,-0.457749761626081,-0.4268700824229793,8,2
mp-862896,PmCdRh2,<PROJECT_ROOT>/external_datasets/functional_protocol_round4_widechem_boost/meta_gga_r2scan/cif/mp-862896.cif,train,-0.509528406874999,-5.56234884262085,-0.5032296970497763,-0.5031887125402665,-0.4925851577663763,4,3
mp-1225477,Er10NiSb5,<PROJECT_ROOT>/external_datasets/functional_protocol_round4_widechem_boost/meta_gga_r2scan/cif/mp-1225477.cif,train,-0.9210761098958358,-5.306817531585693,-0.8789326648481373,-0.8789016126798668,-0.8708677635241895,32,3
mp-11363,TbCu5,<PROJECT_ROOT>/external_datasets/functional_protocol_round4_widechem_boost/meta_gga_r2scan/cif/mp-11363.cif,train,-0.2023593066666672,-4.371992429097493,-0.1930502308382191,-0.1923825788190516,-0.0196469565029655,6,2
mp-571424,TiCl3,<PROJECT_ROOT>/external_datasets/functional_protocol_round4_widechem_boost/meta_gga_r2scan/cif/mp-571424.cif,train,-1.806875666041666,-4.9411797523498535,-1.7678670899287297,-1.7682377020990074,-1.8641228668719327,16,2
mp-545436,Ba2YbBiO6,<PROJECT_ROOT>/external_datasets/functional_protocol_round4_widechem_boost/meta_gga_r2scan/cif/mp-545436.cif,train,-2.702354031250002,-5.98834457397461,-2.5165465570086987,-2.516077131257121,-2.394626814322315,10,4
mp-3785,TlGaTe2,<PROJECT_ROOT>/external_datasets/functional_protocol_round4_widechem_boost/meta_gga_r2scan/cif/mp-3785.cif,train,-0.4565536825000009,-3.2840795516967773,-0.4121807586279522,-0.4117827477114595,-0.3088089509206073,8,3
mp-754585,V2O5,<PROJECT_ROOT>/external_datasets/functional_protocol_round4_widechem_boost/meta_gga_r2scan/cif/mp-754585.cif,train,-2.368679328392856,-7.408196040562221,-1.8907114161447376,-1.893445184997021,-2.600728695584229,14,2
mp-753348,Fe(CoO2)2,<PROJECT_ROOT>/external_datasets/functional_protocol_round4_widechem_boost/meta_gga_r2scan/cif/mp-753348.cif,train,-1.394671014285714,-6.274043491908482,-0.592433739650871,-0.5970722913126396,-1.797163184381639,14,3
mp-981103,Sr3CdO4,<PROJECT_ROOT>/external_datasets/functional_protocol_round4_widechem_boost/meta_gga_r2scan/cif/mp-981103.cif,train,-2.5062297593750014,-5.505380630493164,-2.6601921140119287,-2.658848661556356,-2.311269249971345,8,3
mp-862630,ReRu3,<PROJECT_ROOT>/external_datasets/functional_protocol_round4_widechem_boost/meta_gga_r2scan/cif/mp-862630.cif,train,-0.0870141693750028,-10.139970779418944,-0.0787123384140944,-0.0786431619248242,-0.0607457489386382,8,2
mp-976743,LiEr2In,<PROJECT_ROOT>/external_datasets/functional_protocol_round4_widechem_boost/meta_gga_r2scan/cif/mp-976743.cif,train,-0.3366451708333322,-3.698481321334839,-0.3622330265175688,-0.3641294006853943,-0.8547612906712819,4,3
mp-865262,TmTaRu2,<PROJECT_ROOT>/external_datasets/functional_protocol_round4_widechem_boost/meta_gga_r2scan/cif/mp-865262.cif,train,-0.5228960318333336,-9.181346893310549,-0.4786113725961574,-0.4789590714904461,-0.5689160897625574,4,3
mp-23488,Tl5Se2I,<PROJECT_ROOT>/external_datasets/functional_protocol_round4_widechem_boost/meta_gga_r2scan/cif/mp-23488.cif,train,-0.5324672438281297,-2.988311290740967,-0.5370385589617737,-0.5361728721635552,-0.312201486579761,16,3
mp-1210797,Li2MgGeO4,<PROJECT_ROOT>/external_datasets/functional_protocol_round4_widechem_boost/meta_gga_r2scan/cif/mp-1210797.cif,train,-2.3838609772916675,-5.903986930847168,-2.510550786493355,-2.508427395096164,-1.9590613722355792,16,4
mp-9257,Yb(CdSb)2,<PROJECT_ROOT>/external_datasets/functional_protocol_round4_widechem_boost/meta_gga_r2scan/cif/mp-9257.cif,train,-0.3723892709999973,-2.7506891250610352,-0.5022131365466493,-0.5010757169078959,-0.2068013292107933,5,3
mp-1219836,Pr2Y,<PROJECT_ROOT>/external_datasets/functional_protocol_round4_widechem_boost/meta_gga_r2scan/cif/mp-1219836.cif,train,0.0560690955555571,-5.316787401835124,-0.0511044521527308,-0.0539384675731584,-0.7871578741633587,3,2
mp-558768,Ag2TeO4,<PROJECT_ROOT>/external_datasets/functional_protocol_round4_widechem_boost/meta_gga_r2scan/cif/mp-558768.cif,train,-0.7147895309523814,-4.6410028366815474,-0.906698437749363,-0.9106577691049544,-1.9350200806525912,42,3
mp-11248,LiAu3,<PROJECT_ROOT>/external_datasets/functional_protocol_round4_widechem_boost/meta_gga_r2scan/cif/mp-11248.cif,train,-0.3817273516666617,-3.2842471599578857,-0.4060247214000778,-0.4061418877020539,-0.436455274763006,4,2
mp-15205,Dy2Si5Ni3,<PROJECT_ROOT>/external_datasets/functional_protocol_round4_widechem_boost/meta_gga_r2scan/cif/mp-15205.cif,train,-0.8138784955000006,-6.157849884033203,-0.7944434696058966,-0.7940825159320006,-0.7006962073549357,20,3
mp-2495,PrS,<PROJECT_ROOT>/external_datasets/functional_protocol_round4_widechem_boost/meta_gga_r2scan/cif/mp-2495.cif,train,-2.28349878723958,-6.475283622741699,-2.189881770413088,-2.186396092119148,-1.284577791547736,2,2
mp-571609,HfGaPt,<PROJECT_ROOT>/external_datasets/functional_protocol_round4_widechem_boost/meta_gga_r2scan/cif/mp-571609.cif,train,-1.0679409811111087,-7.31313239203559,-1.0205162585099696,-1.0205587013957071,-1.0315395687795,18,3
mp-570707,NdSe2,<PROJECT_ROOT>/external_datasets/functional_protocol_round4_widechem_boost/meta_gga_r2scan/cif/mp-570707.cif,train,-1.887452508541666,-5.542121251424153,-1.7988250305651832,-1.7970814859988868,-1.3459898288941936,12,2
mp-18036,Th(NiP)2,<PROJECT_ROOT>/external_datasets/functional_protocol_round4_widechem_boost/meta_gga_r2scan/cif/mp-18036.cif,train,-1.1049972051904746,-7.002158355712891,-1.0775803676441127,-1.0756017412108996,-0.5636894598804548,20,3
mp-16491,SrAl9Co2,<PROJECT_ROOT>/external_datasets/functional_protocol_round4_widechem_boost/meta_gga_r2scan/cif/mp-16491.cif,train,-0.4075427558333342,-4.534351666768392,-0.4303027278368736,-0.4303010144215289,-0.4298577178281076,12,3
mp-862927,LiPmHg2,<PROJECT_ROOT>/external_datasets/functional_protocol_round4_widechem_boost/meta_gga_r2scan/cif/mp-862927.cif,train,-0.5225101247916655,-2.2711822986602783,-0.4986036621278185,-0.4980377508773026,-0.3516246056557247,4,3
mp-1208503,Tb3Sb5O12,<PROJECT_ROOT>/external_datasets/functional_protocol_round4_widechem_boost/meta_gga_r2scan/cif/mp-1208503.cif,train,-2.460218578750002,-6.935546875,-2.639346448506859,-2.6378507339368733,-2.2508779103133207,40,3
mp-1762,ErRh2,<PROJECT_ROOT>/external_datasets/functional_protocol_round4_widechem_boost/meta_gga_r2scan/cif/mp-1762.cif,train,-0.821057512777775,-7.175676345825195,-0.8043439083308854,-0.8046255942391154,-0.8775036643401283,6,2
mp-1183842,DyErZn2,<PROJECT_ROOT>/external_datasets/functional_protocol_round4_widechem_boost/meta_gga_r2scan/cif/mp-1183842.cif,train,-0.3846240070833318,-3.270760059356689,-0.4216099327861653,-0.4223503419097039,-0.6139097576728564,4,3
mp-2898201,Li3Mn(BO3)2,<PROJECT_ROOT>/external_datasets/functional_protocol_round4_widechem_boost/meta_gga_r2scan/cif/mp-2898201.cif,train,-2.3877392287068964,-6.8134104410807295,-2.3875294248882373,-2.386211343110361,-2.0451958595389903,48,4
mp-8658,CsNaSe,<PROJECT_ROOT>/external_datasets/functional_protocol_round4_widechem_boost/meta_gga_r2scan/cif/mp-8658.cif,train,-1.3137691363541653,-2.9881629943847656,-1.2247786725005645,-1.2236992455397262,-0.9444287835753832,6,3
mp-765604,LiFePO4,<PROJECT_ROOT>/external_datasets/functional_protocol_round4_widechem_boost/meta_gga_r2scan/cif/mp-765604.cif,train,-2.1944907626275523,-6.723740713936942,-2.038541197637894,-2.038889073739548,-2.128891939274477,56,4
mp-729728,CO2,<PROJECT_ROOT>/external_datasets/functional_protocol_round4_widechem_boost/meta_gga_r2scan/cif/mp-729728.cif,train,-1.282995426666666,-7.6495107014973955,-1.6940137472739627,-1.6960136710804932,-2.2134360309132077,12,2
mp-1206421,TbCuSn,<PROJECT_ROOT>/external_datasets/functional_protocol_round4_widechem_boost/meta_gga_r2scan/cif/mp-1206421.cif,train,-0.6845069900000027,-4.851332664489746,-0.6178782418581816,-0.6167772672727931,-0.3319319815539647,6,3
mp-1214684,Ba2HoCl7,<PROJECT_ROOT>/external_datasets/functional_protocol_round4_widechem_boost/meta_gga_r2scan/cif/mp-1214684.cif,train,-2.715579350499999,-4.573617935180664,-2.639791145538648,-2.6366009478732986,-1.8112297017509336,40,3
mp-12600,Pr2Tl,<PROJECT_ROOT>/external_datasets/functional_protocol_round4_widechem_boost/meta_gga_r2scan/cif/mp-12600.cif,train,-0.3792213511111081,-4.243011474609375,-0.3268181092197113,-0.3271995933396683,-0.4258975602046999,6,2
mp-1273773,VOF2,<PROJECT_ROOT>/external_datasets/functional_protocol_round4_widechem_boost/meta_gga_r2scan/cif/mp-1273773.cif,train,-2.9307391865625,-6.452340126037598,-2.53028968215304,-2.5318018785119163,-2.9230388876352267,16,3
mp-568064,Dy2Sn5,<PROJECT_ROOT>/external_datasets/functional_protocol_round4_widechem_boost/meta_gga_r2scan/cif/mp-568064.cif,train,-0.5468115785714279,-4.687294006347656,-0.5134367619691815,-0.5134407726749544,-0.5144784266326198,14,2
mp-18561,Ga2AsRh5,<PROJECT_ROOT>/external_datasets/functional_protocol_round4_widechem_boost/meta_gga_r2scan/cif/mp-18561.cif,train,-0.5481004153125006,-6.441221237182617,-0.5424541837674823,-0.5426628148251238,-0.5966400582713502,16,3
mp-861637,Ti2AlTc,<PROJECT_ROOT>/external_datasets/functional_protocol_round4_widechem_boost/meta_gga_r2scan/cif/mp-861637.cif,train,-0.513734560833333,-7.932226181030273,-0.4735194038704087,-0.4747204027154277,-0.7854440685468358,4,3
mp-1038,MgCu2,<PROJECT_ROOT>/external_datasets/functional_protocol_round4_widechem_boost/meta_gga_r2scan/cif/mp-1038.cif,train,-0.1240886250000012,-3.396651268005371,-0.114212093035424,-0.1133251042107881,0.1161575637250799,6,2
mp-1205433,Dy(InPt)4,<PROJECT_ROOT>/external_datasets/functional_protocol_round4_widechem_boost/meta_gga_r2scan/cif/mp-1205433.cif,train,-0.8358744505555554,-5.126102447509766,-0.8068423244676763,-0.8060506407024768,-0.6012253965129739,18,3
mp-1078058,Ti(CrS2)2,<PROJECT_ROOT>/external_datasets/functional_protocol_round4_widechem_boost/meta_gga_r2scan/cif/mp-1078058.cif,train,-1.199086988273807,-7.142118726457868,-1.1522796699271982,-1.1525447531343709,-1.221127355212238,7,3
mp-1198161,NdSn3Ru,<PROJECT_ROOT>/external_datasets/functional_protocol_round4_widechem_boost/meta_gga_r2scan/cif/mp-1198161.cif,train,-0.5155357994999974,-5.689068222045899,-0.472877338271668,-0.4726598008808675,-0.4163783016927126,40,3
mp-866714,La3NiBr3,<PROJECT_ROOT>/external_datasets/functional_protocol_round4_widechem_boost/meta_gga_r2scan/cif/mp-866714.cif,train,-1.5066542482142853,-4.955153329031808,-1.4880504409332225,-1.487539144674499,-1.3552560467383867,28,3
mp-1102023,HgPt2Se3,<PROJECT_ROOT>/external_datasets/functional_protocol_round4_widechem_boost/meta_gga_r2scan/cif/mp-1102023.cif,train,-0.4301761316145824,-4.16041882832845,-0.4768503836543476,-0.4790044207997885,-1.036299143391307,12,3
mp-7565,SbRu,<PROJECT_ROOT>/external_datasets/functional_protocol_round4_widechem_boost/meta_gga_r2scan/cif/mp-7565.cif,train,-0.1555212300000015,-6.835796356201172,-0.1640687803953895,-0.1644706232519377,-0.2684358235487638,8,2
mp-1228030,Ba4Bi2O,<PROJECT_ROOT>/external_datasets/functional_protocol_round4_widechem_boost/meta_gga_r2scan/cif/mp-1228030.cif,train,-1.6148900755357178,-4.339328765869141,-1.5602089446406184,-1.559370075450003,-1.342336969100685,7,3
mp-30533,KPt2S3,<PROJECT_ROOT>/external_datasets/functional_protocol_round4_widechem_boost/meta_gga_r2scan/cif/mp-30533.cif,train,-0.8022941203645834,-4.941898981730144,-0.8354367610167284,-0.8372611057122779,-1.3092574559930403,12,3
mp-557355,Rb2SiP4O13,<PROJECT_ROOT>/external_datasets/functional_protocol_round4_widechem_boost/meta_gga_r2scan/cif/mp-557355.cif,train,-2.508623629907737,-6.944642639160156,-2.6911767058284406,-2.690398648088736,-2.4890987433395573,40,4
mp-6044,Sr6B(PO4)5,<PROJECT_ROOT>/external_datasets/functional_protocol_round4_widechem_boost/meta_gga_r2scan/cif/mp-6044.cif,train,-3.0601460499181545,-7.275812149047852,-3.234441561832875,-3.231927224406454,-2.581415239725592,64,4
mp-1029741,Sr3IrN3,<PROJECT_ROOT>/external_datasets/functional_protocol_round4_widechem_boost/meta_gga_r2scan/cif/mp-1029741.cif,train,-0.6584271466071446,-6.061188834054129,-0.6896290834419032,-0.6917923469676648,-1.251474128241412,14,3
mp-1104435,La3Pd4,<PROJECT_ROOT>/external_datasets/functional_protocol_round4_widechem_boost/meta_gga_r2scan/cif/mp-1104435.cif,train,-0.8653539514285699,-5.9246079581124445,-0.8993434042774258,-0.8992651275478876,-0.8790132909598204,14,2
mp-756655,TiO2,<PROJECT_ROOT>/external_datasets/functional_protocol_round4_widechem_boost/meta_gga_r2scan/cif/mp-756655.cif,train,-3.239634830972224,-8.895374298095703,-3.3959788906502237,-3.393692807920357,-2.802235114877541,24,2
mp-1607,YbCu5,<PROJECT_ROOT>/external_datasets/functional_protocol_round4_widechem_boost/meta_gga_r2scan/cif/mp-1607.cif,train,-0.209092989166668,-3.8933919270833335,-0.2619742998378709,-0.260787013414995,0.0463889603484976,6,2
mp-4604,Li7VN4,<PROJECT_ROOT>/external_datasets/functional_protocol_round4_widechem_boost/meta_gga_r2scan/cif/mp-4604.cif,train,-0.9590333469097216,-5.430886586507161,-0.9833137456278188,-0.9829954828983416,-0.9006542196730316,96,3
mp-20163,Th2S3,<PROJECT_ROOT>/external_datasets/functional_protocol_round4_widechem_boost/meta_gga_r2scan/cif/mp-20163.cif,train,-2.212631071687497,-7.401409912109375,-2.1443737278214314,-2.14151441016734,-1.401748783464702,20,2
mp-14246,Ba(AlS2)2,<PROJECT_ROOT>/external_datasets/functional_protocol_round4_widechem_boost/meta_gga_r2scan/cif/mp-14246.cif,train,-1.691122005416668,-5.173144385928199,-1.6414881034904178,-1.6404718171659498,-1.3775371660768756,84,3
mp-13914,LiCo2Ge,<PROJECT_ROOT>/external_datasets/functional_protocol_round4_widechem_boost/meta_gga_r2scan/cif/mp-13914.cif,train,-0.1068459866666682,-5.395599365234375,-0.238337276854696,-0.2379717024297685,-0.1433899083378489,4,3
mp-12178,KCr5S8,<PROJECT_ROOT>/external_datasets/functional_protocol_round4_widechem_boost/meta_gga_r2scan/cif/mp-12178.cif,train,-1.1184722797321436,-6.674125126429966,-1.0635334924995066,-1.0634234705445165,-1.0349584763309343,14,3
mp-406,CdTe,<PROJECT_ROOT>/external_datasets/functional_protocol_round4_widechem_boost/meta_gga_r2scan/cif/mp-406.cif,train,-0.5607400050000031,-2.4852499961853027,-0.5043738949674346,-0.503517239449021,-0.281882435934342,2,2
mp-1194191,Mn5VO8,<PROJECT_ROOT>/external_datasets/functional_protocol_round4_widechem_boost/meta_gga_r2scan/cif/mp-1194191.cif,train,-2.202682920886699,-7.7618239266531805,-1.704702677013514,-1.706217180870433,-2.098051188280298,28,3
mp-21367,LaIn2Pd,<PROJECT_ROOT>/external_datasets/functional_protocol_round4_widechem_boost/meta_gga_r2scan/cif/mp-21367.cif,train,-0.7756240599999984,-4.570349216461182,-0.7531014271265146,-0.7522485774549441,-0.5315984265806809,8,3
mp-1202519,Ba3(AlAs2)2,<PROJECT_ROOT>/external_datasets/functional_protocol_round4_widechem_boost/meta_gga_r2scan/cif/mp-1202519.cif,train,-1.1338693544444456,-4.4942211574978295,-1.0541823934789338,-1.0535320092460472,-0.8852639264934233,36,3
mp-1028698,WSe2,<PROJECT_ROOT>/external_datasets/functional_protocol_round4_widechem_boost/meta_gga_r2scan/cif/mp-1028698.cif,train,-0.5993674243749988,-7.200231552124023,-1.0352934951314934,-1.0346055735962914,-0.8566258010927641,12,2
mp-1215215,ZrSeS,<PROJECT_ROOT>/external_datasets/functional_protocol_round4_widechem_boost/meta_gga_r2scan/cif/mp-1215215.cif,train,-1.6796122322916698,-6.808801015218099,-1.6218281094088498,-1.6211768472861443,-1.4526816359665706,3,3
mp-2015720,V4GeSe8,<PROJECT_ROOT>/external_datasets/functional_protocol_round4_widechem_boost/meta_gga_r2scan/cif/mp-2015720.cif,train,-0.8394340109615388,-5.928625253530649,-0.9261242821396678,-0.9268402117949686,-1.1120662741629463,13,3
mp-1211165,Li13(Si5Pd7)2,<PROJECT_ROOT>/external_datasets/functional_protocol_round4_widechem_boost/meta_gga_r2scan/cif/mp-1211165.cif,train,-0.596359469909911,-4.694287686734586,-0.6109303401846331,-0.6112630051784631,-0.6973304371241291,74,3
mp-557604,AlPO4,<PROJECT_ROOT>/external_datasets/functional_protocol_round4_widechem_boost/meta_gga_r2scan/cif/mp-557604.cif,train,-2.890034421607142,-7.469701131184895,-3.0689872966383582,-3.0667293765512484,-2.482557951632738,36,3
mp-864921,MgZrIr2,<PROJECT_ROOT>/external_datasets/functional_protocol_round4_widechem_boost/meta_gga_r2scan/cif/mp-864921.cif,train,-0.8671033975000029,-7.703310966491699,-0.8152358388642069,-0.814199186841261,-0.5459955011367913,4,3
mp-22872,SbCl3,<PROJECT_ROOT>/external_datasets/functional_protocol_round4_widechem_boost/meta_gga_r2scan/cif/mp-22872.cif,train,-0.9443040312500006,-3.273469924926758,-1.0396886513139578,-1.0415938660619828,-1.5345130001267888,16,2
mp-513,ErGe3,<PROJECT_ROOT>/external_datasets/functional_protocol_round4_widechem_boost/meta_gga_r2scan/cif/mp-513.cif,train,-0.4529489745833324,-5.046578884124756,-0.4298355006490961,-0.4306057353369379,-0.6298816519924335,8,2
mp-1185392,LiGd2Al,<PROJECT_ROOT>/external_datasets/functional_protocol_round4_widechem_boost/meta_gga_r2scan/cif/mp-1185392.cif,train,-0.2109519666666699,-8.670907020568848,-0.2595260177975156,-0.2616220273165321,-0.8039037822549563,4,3
mp-27256,Sb2(S2O7)3,<PROJECT_ROOT>/external_datasets/functional_protocol_round4_widechem_boost/meta_gga_r2scan/cif/mp-27256.cif,train,-1.3111551284698273,-5.918709590517241,-1.709601409959823,-1.7139990750365426,-2.8517675411780985,58,3
mp-1222090,Mg6SiGe2,<PROJECT_ROOT>/external_datasets/functional_protocol_round4_widechem_boost/meta_gga_r2scan/cif/mp-1222090.cif,train,-0.2965519916666671,-2.919116338094076,-0.1832185387350917,-0.1831573362903995,-0.1673229763698063,9,3
mp-20516,InPt3,<PROJECT_ROOT>/external_datasets/functional_protocol_round4_widechem_boost/meta_gga_r2scan/cif/mp-20516.cif,train,-0.4399392474999999,-5.585184097290039,-0.4504013683103203,-0.4514640128736369,-0.7263925155591968,4,2
mp-1113117,Cs3GaF6,<PROJECT_ROOT>/external_datasets/functional_protocol_round4_widechem_boost/meta_gga_r2scan/cif/mp-1113117.cif,train,-3.005778675,-4.465716934204101,-3.0565137930958004,-3.0546039605279143,-2.5604900993208544,10,3
mp-650513,Ca3(InAs2)2,<PROJECT_ROOT>/external_datasets/functional_protocol_round4_widechem_boost/meta_gga_r2scan/cif/mp-650513.cif,train,-1.0314474161111111,-4.177979363335504,-0.9665952430700622,-0.965740538708113,-0.7446105404173631,18,3
mp-23225,BBr3,<PROJECT_ROOT>/external_datasets/functional_protocol_round4_widechem_boost/meta_gga_r2scan/cif/mp-23225.cif,train,-0.5911641875000004,-3.404804229736328,-0.6810653774352291,-0.6840319931553109,-1.4515578866884624,8,2
mp-1227096,CaGaCu,<PROJECT_ROOT>/external_datasets/functional_protocol_round4_widechem_boost/meta_gga_r2scan/cif/mp-1227096.cif,train,-0.3607373416666668,-3.385003407796224,-0.3928929915662267,-0.3934502613073549,-0.5376276662561587,6,3
mp-839,V3Au,<PROJECT_ROOT>/external_datasets/functional_protocol_round4_widechem_boost/meta_gga_r2scan/cif/mp-839.cif,train,-0.0884064300000027,-7.664763927459717,-0.4665139200667694,-0.4667240755944091,-0.5210957315004081,8,2
mp-978568,Si3MoPt2,<PROJECT_ROOT>/external_datasets/functional_protocol_round4_widechem_boost/meta_gga_r2scan/cif/mp-978568.cif,train,-0.652694173333335,-7.1646073659261065,-0.672786889470605,-0.6727216171721961,-0.6558343004879821,12,3
mp-12193,Nd2Ti2O7,<PROJECT_ROOT>/external_datasets/functional_protocol_round4_widechem_boost/meta_gga_r2scan/cif/mp-12193.cif,train,-3.609765068598484,-8.740189985795455,-3.71639124930238,-3.7123281164443593,-2.6611101726101736,44,3
mp-1019322,Te2W,<PROJECT_ROOT>/external_datasets/functional_protocol_round4_widechem_boost/meta_gga_r2scan/cif/mp-1019322.cif,train,-0.0829432866666669,-6.492112477620442,-0.4732618961141108,-0.4725132272344474,-0.2788168388175688,6,2
mp-975795,PrTm3,<PROJECT_ROOT>/external_datasets/functional_protocol_round4_widechem_boost/meta_gga_r2scan/cif/mp-975795.cif,train,0.0599355520833242,-4.51676607131958,-0.0455551114451528,-0.0486889626030704,-0.8594821819308568,4,2
mp-1402653,YMnF5,<PROJECT_ROOT>/external_datasets/functional_protocol_round4_widechem_boost/meta_gga_r2scan/cif/mp-1402653.cif,train,-3.6133535092118216,-6.691654750279018,-3.567993892095304,-3.565435304779842,-2.903474942946493,7,3
mp-1078911,TmSnPd,<PROJECT_ROOT>/external_datasets/functional_protocol_round4_widechem_boost/meta_gga_r2scan/cif/mp-1078911.cif,train,-0.9738122222222184,-5.478147718641493,-0.9274778413015676,-0.9259760743415608,-0.5374373701026167,9,3
mp-867770,BaHg3,<PROJECT_ROOT>/external_datasets/functional_protocol_round4_widechem_boost/meta_gga_r2scan/cif/mp-867770.cif,train,-0.4627769431250002,-1.1299149990081787,-0.4471585231300992,-0.4469486789825625,-0.392657583664193,8,2
mp-5578,LuB2Ru3,<PROJECT_ROOT>/external_datasets/functional_protocol_round4_widechem_boost/meta_gga_r2scan/cif/mp-5578.cif,train,-0.5237282111111105,-8.097952524820963,-0.4902128148441305,-0.4903160071152923,-0.5170140184564715,6,3
mp-13986,Li2PtF6,<PROJECT_ROOT>/external_datasets/functional_protocol_round4_widechem_boost/meta_gga_r2scan/cif/mp-13986.cif,train,-2.3270446503703712,-4.460170321994358,-2.4484603427320937,-2.450014990955821,-2.852235190537793,18,3
mp-21425,UNiSn,<PROJECT_ROOT>/external_datasets/functional_protocol_round4_widechem_boost/meta_gga_r2scan/cif/mp-21425.cif,train,-0.3069123483333318,-7.18455696105957,-0.3024307986500236,-0.3041836552546693,-0.7576845325758057,3,3
mp-646824,Ca3Ag8,<PROJECT_ROOT>/external_datasets/functional_protocol_round4_widechem_boost/meta_gga_r2scan/cif/mp-646824.cif,train,-0.2114430000000001,-2.829890511252664,-0.2153167784533893,-0.2150447540047713,-0.1446663067485324,22,2
mp-1190679,PrSi2Ni9,<PROJECT_ROOT>/external_datasets/functional_protocol_round4_widechem_boost/meta_gga_r2scan/cif/mp-1190679.cif,train,-0.4291567209722207,-6.087945302327474,-0.4792685813936863,-0.4787078829139837,-0.3336433911702716,24,3
mp-1208453,Tb3Pt,<PROJECT_ROOT>/external_datasets/functional_protocol_round4_widechem_boost/meta_gga_r2scan/cif/mp-1208453.cif,train,-0.7864329137499979,-5.683803081512451,-0.7948974033696725,-0.7953952391890589,-0.9241958383108418,16,2
mp-1184303,ErLuPd2,<PROJECT_ROOT>/external_datasets/functional_protocol_round4_widechem_boost/meta_gga_r2scan/cif/mp-1184303.cif,train,-0.9794929500000008,-5.809631824493408,-0.9859292632979572,-0.9852474132554114,-0.8088384636169822,4,3
mp-1203015,TaBr5,<PROJECT_ROOT>/external_datasets/functional_protocol_round4_widechem_boost/meta_gga_r2scan/cif/mp-1203015.cif,train,-1.077538003027775,-4.270929548475477,-1.1279072938025,-1.1296306665973228,-1.5755034620807185,36,2
mp-23067,K2PdCl6,<PROJECT_ROOT>/external_datasets/functional_protocol_round4_widechem_boost/meta_gga_r2scan/cif/mp-23067.cif,train,-1.3130501047222225,-3.1862044864230685,-1.2882285887157572,-1.2890658535186148,-1.505683871007542,9,3
mp-4441,Ca(CuGe)2,<PROJECT_ROOT>/external_datasets/functional_protocol_round4_widechem_boost/meta_gga_r2scan/cif/mp-4441.cif,train,-0.4113264180000001,-4.2599647521972654,-0.3785937949728319,-0.3786345158739044,-0.389169869594533,5,3
mp-1018087,CeAu,<PROJECT_ROOT>/external_datasets/functional_protocol_round4_widechem_boost/meta_gga_r2scan/cif/mp-1018087.cif,train,-0.8024294874999995,-5.230889320373535,-0.7540164915014609,-0.7546681389527174,-0.92326304287448,4,2
mp-866074,NdMgAg2,<PROJECT_ROOT>/external_datasets/functional_protocol_round4_widechem_boost/meta_gga_r2scan/cif/mp-866074.cif,train,-0.2754471831249994,-3.296386241912842,-0.2743460079174231,-0.2737094108502322,-0.1090083578938023,4,3
mp-752635,Li(CoO2)3,<PROJECT_ROOT>/external_datasets/functional_protocol_round4_widechem_boost/meta_gga_r2scan/cif/mp-752635.cif,train,-1.342108261916665,-5.720204162597656,-0.825151523978235,-0.8297627844807609,-2.022792880542392,10,3
mp-1213262,CsTm2Cl7,<PROJECT_ROOT>/external_datasets/functional_protocol_round4_widechem_boost/meta_gga_r2scan/cif/mp-1213262.cif,train,-2.516597611500001,-4.532403564453125,-2.4429704575232387,-2.439782527286656,-1.6149979126836462,40,3
mp-1222598,Li3AsO4,<PROJECT_ROOT>/external_datasets/functional_protocol_round4_widechem_boost/meta_gga_r2scan/cif/mp-1222598.cif,train,-2.11170065375,-5.6802167892456055,-2.285673438930308,-2.284888736979168,-2.0818698349405613,32,3
mp-725997,CdPNO5,<PROJECT_ROOT>/external_datasets/functional_protocol_round4_widechem_boost/meta_gga_r2scan/cif/mp-725997.cif,train,-1.359111121934523,-6.159576416015625,-1.6631787536204454,-1.665876373774644,-2.36380745573258,16,4
mp-765621,VF5,<PROJECT_ROOT>/external_datasets/functional_protocol_round4_widechem_boost/meta_gga_r2scan/cif/mp-765621.cif,train,-2.8338716495833327,-5.217764218648274,-2.609316555809722,-2.611996065650332,-3.3052416285063098,24,2
mp-1228054,Ba3SrMg2(TeO6)2,<PROJECT_ROOT>/external_datasets/functional_protocol_round4_widechem_boost/meta_gga_r2scan/cif/mp-1228054.cif,train,-2.5247698430000014,-6.073420715332031,-2.664985442594826,-2.66404525015935,-2.4207976888899005,20,5
mp-996996,CrAuO2,<PROJECT_ROOT>/external_datasets/functional_protocol_round4_widechem_boost/meta_gga_r2scan/cif/mp-996996.cif,train,-1.5943682418749994,-6.469228744506836,-1.1739861650800574,-1.176238264506669,-1.7589037621107393,4,3
mp-543029,La2TeI2,<PROJECT_ROOT>/external_datasets/functional_protocol_round4_widechem_boost/meta_gga_r2scan/cif/mp-543029.cif,train,-1.7440376409999998,-4.733426666259765,-1.6575716999877996,-1.6555120811312083,-1.1226453560800436,5,3
mp-775786,Hf2N2O,<PROJECT_ROOT>/external_datasets/functional_protocol_round4_widechem_boost/meta_gga_r2scan/cif/mp-775786.cif,train,-2.5694706197499984,-10.552653503417968,-2.4986102357765354,-2.496092044000544,-1.844582858003662,40,3
mp-2206289,Al11TlO17,<PROJECT_ROOT>/external_datasets/functional_protocol_round4_widechem_boost/meta_gga_r2scan/cif/mp-2206289.cif,train,-3.2150562399568954,-7.301598910627694,-3.2762749495786307,-3.271984949904877,-2.162071788393332,58,3
mp-28698,Na4IrO4,<PROJECT_ROOT>/external_datasets/functional_protocol_round4_widechem_boost/meta_gga_r2scan/cif/mp-28698.cif,train,-1.4545072672222217,-5.025865342881945,-1.616209340065225,-1.6171684236647872,-1.8653035264840123,9,3
mp-1078545,ErAlPd,<PROJECT_ROOT>/external_datasets/functional_protocol_round4_widechem_boost/meta_gga_r2scan/cif/mp-1078545.cif,train,-0.9247548977777772,-5.381614261203342,-0.9204351799821032,-0.9197141285507966,-0.7331629549852028,9,3
mp-684969,Sc2S3,<PROJECT_ROOT>/external_datasets/functional_protocol_round4_widechem_boost/meta_gga_r2scan/cif/mp-684969.cif,train,-2.1679434856875,-6.92431869506836,-2.086893172102596,-2.0846573316906216,-1.506198383192895,10,2
mp-569310,Sr(POs)2,<PROJECT_ROOT>/external_datasets/functional_protocol_round4_widechem_boost/meta_gga_r2scan/cif/mp-569310.cif,train,-0.7505243731904784,-7.633727264404297,-0.7113446004220965,-0.710923491149015,-0.6019736636119963,5,3
mp-753593,Ti10O13,<PROJECT_ROOT>/external_datasets/functional_protocol_round4_widechem_boost/meta_gga_r2scan/cif/mp-753593.cif,train,-2.985203139148551,-8.97485815960428,-3.115780000836878,-3.113867706383995,-2.619116903735242,23,2
mp-7223,Ca3AsN,<PROJECT_ROOT>/external_datasets/functional_protocol_round4_widechem_boost/meta_gga_r2scan/cif/mp-7223.cif,train,-1.2842973102499995,-4.889762496948242,-1.259180466887578,-1.2588732830349212,-1.1793983583291308,5,3
mp-20575,Nd2InGe2,<PROJECT_ROOT>/external_datasets/functional_protocol_round4_widechem_boost/meta_gga_r2scan/cif/mp-20575.cif,train,-0.841868851999999,-5.039446258544922,-0.7816037657928812,-0.7810766988955677,-0.6447134049947759,10,3
mp-1217492,TbNdCo4,<PROJECT_ROOT>/external_datasets/functional_protocol_round4_widechem_boost/meta_gga_r2scan/cif/mp-1217492.cif,train,-0.0217655862499981,-6.403074900309245,-0.1485549700228876,-0.1484206915657475,-0.1136800299779686,6,3
mp-4124,CaCN2,<PROJECT_ROOT>/external_datasets/functional_protocol_round4_widechem_boost/meta_gga_r2scan/cif/mp-4124.cif,train,-1.0405550568749984,-7.86405611038208,-1.0523360793290184,-1.0516099330118047,-0.8637406052859732,4,3
mp-28280,K5V3O10,<PROJECT_ROOT>/external_datasets/functional_protocol_round4_widechem_boost/meta_gga_r2scan/cif/mp-28280.cif,train,-2.474399001736111,-6.292568630642361,-2.165471043520172,-2.1655111002657623,-2.1758746229976538,72,3
mp-1221139,Na4TeSe,<PROJECT_ROOT>/external_datasets/functional_protocol_round4_widechem_boost/meta_gga_r2scan/cif/mp-1221139.cif,train,-1.1868350181770826,-2.9711812337239585,-1.1354046397160498,-1.1340341746458362,-0.7794660314077182,6,3
mp-5170,NdCoSi2,<PROJECT_ROOT>/external_datasets/functional_protocol_round4_widechem_boost/meta_gga_r2scan/cif/mp-5170.cif,train,-0.7185783068749991,-6.428596496582031,-0.7399525826703695,-0.739413964471348,-0.600062105832005,8,3
mp-554718,Bi(BO2)3,<PROJECT_ROOT>/external_datasets/functional_protocol_round4_widechem_boost/meta_gga_r2scan/cif/mp-554718.cif,train,-2.3296922655000003,-7.504296875,-2.495568258132597,-2.494508802285064,-2.2204052874476323,40,3
mp-1188365,PrPd3S4,<PROJECT_ROOT>/external_datasets/functional_protocol_round4_widechem_boost/meta_gga_r2scan/cif/mp-1188365.cif,train,-1.0561157066145803,-5.509565353393555,-1.0401764426208937,-1.0406898460417473,-1.1735181111464614,16,3
mp-3056,NaTlO2,<PROJECT_ROOT>/external_datasets/functional_protocol_round4_widechem_boost/meta_gga_r2scan/cif/mp-3056.cif,train,-1.234516744375,-4.465987205505371,-1.4320934345914609,-1.4334688065381984,-1.7893064619565018,4,3
mp-1229060,Al(V4Ge)3,<PROJECT_ROOT>/external_datasets/functional_protocol_round4_widechem_boost/meta_gga_r2scan/cif/mp-1229060.cif,train,-0.324616291249999,-8.195070266723633,-0.6986832509336764,-0.6981263716353654,-0.5540499824563174,16,3
mp-1205987,Dy2MgCu2,<PROJECT_ROOT>/external_datasets/functional_protocol_round4_widechem_boost/meta_gga_r2scan/cif/mp-1205987.cif,train,-0.2497683060000014,-4.041561508178711,-0.2907187875456292,-0.2912034600030848,-0.4165984204860757,10,3
mp-24659,UH3,<PROJECT_ROOT>/external_datasets/functional_protocol_round4_widechem_boost/meta_gga_r2scan/cif/mp-24659.cif,train,-0.4504776240625006,-5.591639518737793,-0.3165788386888177,-0.317145426422468,-0.4637335920834859,8,2
mp-863672,ErMgCd2,<PROJECT_ROOT>/external_datasets/functional_protocol_round4_widechem_boost/meta_gga_r2scan/cif/mp-863672.cif,train,-0.3224160620833309,-2.28718638420105,-0.3179663425267365,-0.3178543159661036,-0.2888706881003765,4,3
mp-756128,Li2Cr3CoO8,<PROJECT_ROOT>/external_datasets/functional_protocol_round4_widechem_boost/meta_gga_r2scan/cif/mp-756128.cif,train,-2.0768598070238093,-6.717563084193638,-1.494865105578568,-1.4968954904338645,-2.022198764367974,28,4
mp-4513,Ho2Ga8Co,<PROJECT_ROOT>/external_datasets/functional_protocol_round4_widechem_boost/meta_gga_r2scan/cif/mp-4513.cif,train,-0.4949010181818183,-4.158350511030718,-0.5114972747943494,-0.5112902627480178,-0.4577318915862486,11,3
mp-1212091,HoAsSe,<PROJECT_ROOT>/external_datasets/functional_protocol_round4_widechem_boost/meta_gga_r2scan/cif/mp-1212091.cif,train,-1.6418201305208342,-5.66892941792806,-1.584675802713729,-1.5827496286156455,-1.0844078697813209,12,3
mp-20804,Rb(InAu2)2,<PROJECT_ROOT>/external_datasets/functional_protocol_round4_widechem_boost/meta_gga_r2scan/cif/mp-20804.cif,train,-0.3208328208928606,-3.0460243225097656,-0.3110722787913209,-0.3110855497229172,-0.3145190189001424,14,3
mp-974221,HoErTl2,<PROJECT_ROOT>/external_datasets/functional_protocol_round4_widechem_boost/meta_gga_r2scan/cif/mp-974221.cif,train,-0.4137053195833289,-3.784548997879028,-0.3903128004319449,-0.3905998186341843,-0.4648574653696823,4,3
mp-28558,RbGeBr3,<PROJECT_ROOT>/external_datasets/functional_protocol_round4_widechem_boost/meta_gga_r2scan/cif/mp-28558.cif,train,-1.1971272172500025,-3.194896125793457,-1.2502239058550857,-1.250267477536254,-1.2615403880411622,20,3
mp-581833,RbN3,<PROJECT_ROOT>/external_datasets/functional_protocol_round4_widechem_boost/meta_gga_r2scan/cif/mp-581833.cif,train,-0.1922547518749997,-6.618292808532715,-0.3304662512808072,-0.3330947526058443,-1.013143339454732,4,2
mp-30401,KAu2,<PROJECT_ROOT>/external_datasets/functional_protocol_round4_widechem_boost/meta_gga_r2scan/cif/mp-30401.cif,train,-0.3454641437500025,-2.8449296951293945,-0.313404355556413,-0.3138427137070971,-0.4272551887438441,12,2
mp-1188637,Tl5Te2Br,<PROJECT_ROOT>/external_datasets/functional_protocol_round4_widechem_boost/meta_gga_r2scan/cif/mp-1188637.cif,train,-0.5268235609375083,-2.9115991592407227,-0.5121652649059976,-0.5108459449799119,-0.169510126434402,16,3
mp-1188088,SmGePd2,<PROJECT_ROOT>/external_datasets/functional_protocol_round4_widechem_boost/meta_gga_r2scan/cif/mp-1188088.cif,train,-0.927642504375001,-5.811162948608398,-0.9022017804505352,-0.9014837343924134,-0.7157101140878862,16,3
mp-3595,ZnSiAs2,<PROJECT_ROOT>/external_datasets/functional_protocol_round4_widechem_boost/meta_gga_r2scan/cif/mp-3595.cif,train,-0.2758698662499999,-4.191065311431885,-0.2445553074571655,-0.2454654398227882,-0.4809358286689236,8,3
mp-1111641,K2NaGaBr6,<PROJECT_ROOT>/external_datasets/functional_protocol_round4_widechem_boost/meta_gga_r2scan/cif/mp-1111641.cif,train,-1.4775937092500016,-2.9181222915649414,-1.447467036907537,-1.4467625597595832,-1.2644995019606051,10,4
mp-1224092,In5AgSe8,<PROJECT_ROOT>/external_datasets/functional_protocol_round4_widechem_boost/meta_gga_r2scan/cif/mp-1224092.cif,train,-0.6458184969642876,-3.668354034423828,-0.6408708228666136,-0.6416841391694366,-0.8521061759110677,14,3
mp-1183690,CrGaRh2,<PROJECT_ROOT>/external_datasets/functional_protocol_round4_widechem_boost/meta_gga_r2scan/cif/mp-1183690.cif,train,-0.4859185000000003,-7.22356653213501,-0.4794449315264284,-0.4792169040549519,-0.4202214003215677,4,3
mp-28257,SOF2,<PROJECT_ROOT>/external_datasets/functional_protocol_round4_widechem_boost/meta_gga_r2scan/cif/mp-28257.cif,train,-1.6054730700781246,-4.746128082275391,-1.987341076599681,-1.992083080067796,-3.218939131684705,32,3
mp-23373,BaZnCl4,<PROJECT_ROOT>/external_datasets/functional_protocol_round4_widechem_boost/meta_gga_r2scan/cif/mp-23373.cif,train,-2.0637149004166666,-3.616579055786133,-2.0344741064948355,-2.032682407087573,-1.56913207962227,24,3
mp-3182,Th3B2C3,<PROJECT_ROOT>/external_datasets/functional_protocol_round4_widechem_boost/meta_gga_r2scan/cif/mp-3182.cif,train,-0.5463428981249976,-8.324230194091797,-0.4214356609995437,-0.4214219701757136,-0.4178798660468161,8,3
mp-1034083,NaMg14TiO16,<PROJECT_ROOT>/external_datasets/functional_protocol_round4_widechem_boost/meta_gga_r2scan/cif/mp-1034083.cif,train,-2.911165495833334,-6.083115100860596,-2.929219967473714,-2.924721464038156,-1.7608639931903618,32,4
mp-1185447,LiYbPd2,<PROJECT_ROOT>/external_datasets/functional_protocol_round4_widechem_boost/meta_gga_r2scan/cif/mp-1185447.cif,train,-0.7556528554166704,-4.093602180480957,-0.7366151893700175,-0.736038639825777,-0.5868731442254354,4,3
mp-1025778,Te2Mo2W(SeS)2,<PROJECT_ROOT>/external_datasets/functional_protocol_round4_widechem_boost/meta_gga_r2scan/cif/mp-1025778.cif,train,-0.579346301527778,-6.773840162489149,-0.8457013863994707,-0.845271659065566,-0.7340921578961197,9,5
mp-622636,TmInCu2,<PROJECT_ROOT>/external_datasets/functional_protocol_round4_widechem_boost/meta_gga_r2scan/cif/mp-622636.cif,train,-0.3755690325000032,-4.173471927642822,-0.361398549740751,-0.3606618028200481,-0.170049875973439,4,3
mp-477,SmGa2,<PROJECT_ROOT>/external_datasets/functional_protocol_round4_widechem_boost/meta_gga_r2scan/cif/mp-477.cif,train,-0.8062252700000011,-4.271857897440593,-0.7365471020794745,-0.7364907920131554,-0.7219221932977616,3,2
mp-1190096,TbWC2,<PROJECT_ROOT>/external_datasets/functional_protocol_round4_widechem_boost/meta_gga_r2scan/cif/mp-1190096.cif,train,-0.3854465931249997,-9.277557373046877,-0.5491985981877185,-0.547318150737043,-0.060806837513309,16,3
mp-24237,ScH2,<PROJECT_ROOT>/external_datasets/functional_protocol_round4_widechem_boost/meta_gga_r2scan/cif/mp-24237.cif,train,-0.738094194166667,-5.030409495035808,-0.6540934616253242,-0.6529818828871372,-0.3653930797819754,3,2
mp-561051,Rb2Sb4S7,<PROJECT_ROOT>/external_datasets/functional_protocol_round4_widechem_boost/meta_gga_r2scan/cif/mp-561051.cif,train,-0.6403870855528846,-4.195427821232722,-0.712616058726272,-0.7143236553653862,-1.1561148274948412,26,3
mp-1211056,LiMoN2,<PROJECT_ROOT>/external_datasets/functional_protocol_round4_widechem_boost/meta_gga_r2scan/cif/mp-1211056.cif,train,-0.6698831385416675,-7.829071998596191,-0.7162046029483298,-0.7160362896798746,-0.6724901064265477,4,3
mp-1206809,DyMgTl,<PROJECT_ROOT>/external_datasets/functional_protocol_round4_widechem_boost/meta_gga_r2scan/cif/mp-1206809.cif,train,-0.4336873500000011,-3.1744346618652344,-0.3682798530106339,-0.3679930414080514,-0.2937888463549203,9,3
mp-16321,SrCuP,<PROJECT_ROOT>/external_datasets/functional_protocol_round4_widechem_boost/meta_gga_r2scan/cif/mp-16321.cif,train,-0.9307281826587304,-4.551483154296875,-0.8688633290204484,-0.8684506814724369,-0.761690080213588,6,3
mp-29914,Er7(NiTe)2,<PROJECT_ROOT>/external_datasets/functional_protocol_round4_widechem_boost/meta_gga_r2scan/cif/mp-29914.cif,train,-0.7417529821212167,-5.20073838667436,-0.7633238516702692,-0.7639492501691318,-0.9257529979235748,11,3
mp-28583,Si2NCl5,<PROJECT_ROOT>/external_datasets/functional_protocol_round4_widechem_boost/meta_gga_r2scan/cif/mp-28583.cif,train,-1.3304720842187514,-4.748893737792969,-1.3556690480061508,-1.3564585716807658,-1.5607249549953803,32,3
mp-29932,Zr5P7Pd9,<PROJECT_ROOT>/external_datasets/functional_protocol_round4_widechem_boost/meta_gga_r2scan/cif/mp-29932.cif,train,-0.9963596109920636,-6.992027646019345,-0.960043411711303,-0.9592398063953632,-0.7513302062491256,21,3
mp-1094863,MgGa,<PROJECT_ROOT>/external_datasets/functional_protocol_round4_widechem_boost/meta_gga_r2scan/cif/mp-1094863.cif,train,-0.1125157525000002,-2.4351935386657715,-0.111887239104079,-0.1121024956704692,-0.1677938976062698,4,2
mp-aaaieirw,CaLu2TiO6,<PROJECT_ROOT>/external_datasets/functional_protocol_round4_widechem_boost/meta_gga_r2scan/cif/mp-aaaieirw.cif,train,-2.8800542372500018,-7.478870391845703,-3.0287009895089687,-3.0268376123146945,-2.5447427335108106,10,4
mp-16371,ThGe2,<PROJECT_ROOT>/external_datasets/functional_protocol_round4_widechem_boost/meta_gga_r2scan/cif/mp-16371.cif,train,-0.6782344283333307,-6.177850723266602,-0.6162005284018033,-0.616004478810221,-0.5652823252927139,6,2
mp-676305,Mg4Sb2O9,<PROJECT_ROOT>/external_datasets/functional_protocol_round4_widechem_boost/meta_gga_r2scan/cif/mp-676305.cif,train,-2.3971390475833334,-6.091177368164063,-2.5187325012923045,-2.517015036609748,-2.0726707940515614,30,3
mp-776532,HfO2,<PROJECT_ROOT>/external_datasets/functional_protocol_round4_widechem_boost/meta_gga_r2scan/cif/mp-776532.cif,train,-3.8700593308333353,-10.14828872680664,-3.9719619321168222,-3.967721596056511,-2.87065745608444,6,2
mp-14285,CoP2,<PROJECT_ROOT>/external_datasets/functional_protocol_round4_widechem_boost/meta_gga_r2scan/cif/mp-14285.cif,train,-0.5062888728174618,-6.503789901733398,-0.5375693029479365,-0.5371468405039161,-0.4278469191834516,12,2
mp-30954,GaI3,<PROJECT_ROOT>/external_datasets/functional_protocol_round4_widechem_boost/meta_gga_r2scan/cif/mp-30954.cif,train,-0.5739312693750023,-2.3869216442108154,-0.6127908140907588,-0.6140213591600432,-0.932389254753317,16,2
mp-757242,Li5AuO4,<PROJECT_ROOT>/external_datasets/functional_protocol_round4_widechem_boost/meta_gga_r2scan/cif/mp-757242.cif,train,-1.705114732833333,-4.775929260253906,-1.8302250419322337,-1.830131780101075,-1.8060029824693224,20,3
mp-16481,TiAlAu,<PROJECT_ROOT>/external_datasets/functional_protocol_round4_widechem_boost/meta_gga_r2scan/cif/mp-16481.cif,train,-0.5586570722222272,-5.468464533487956,-0.5246047260777731,-0.525629583985217,-0.7907818839031746,6,3
mp-1185832,Mg5Pb,<PROJECT_ROOT>/external_datasets/functional_protocol_round4_widechem_boost/meta_gga_r2scan/cif/mp-1185832.cif,train,-0.0155172174999999,-1.958871841430664,0.0187630342217515,0.0189759498864212,0.0740617113035702,6,2
mp-1197980,CrPb2F7,<PROJECT_ROOT>/external_datasets/functional_protocol_round4_widechem_boost/meta_gga_r2scan/cif/mp-1197980.cif,train,-2.7787531107500003,-5.33645133972168,-2.6638155263682792,-2.6636592168699247,-2.623218661466437,40,3
mp-1202669,Li2CuB4(PbO5)2,<PROJECT_ROOT>/external_datasets/functional_protocol_round4_widechem_boost/meta_gga_r2scan/cif/mp-1202669.cif,train,-2.144099391622805,-6.779077630293997,-2.290829069903344,-2.289620547584485,-1.9769504007982168,38,5
mp-863720,HgPd3,<PROJECT_ROOT>/external_datasets/functional_protocol_round4_widechem_boost/meta_gga_r2scan/cif/mp-863720.cif,train,-0.1232694193750028,-4.0649189949035645,-0.0902542498239089,-0.0913306326842757,-0.3698135218213686,4,2
mp-1104500,Sm5Ir2,<PROJECT_ROOT>/external_datasets/functional_protocol_round4_widechem_boost/meta_gga_r2scan/cif/mp-1104500.cif,train,-0.6480432492857143,-6.460482461111886,-0.6929333401657383,-0.6948273598466752,-1.184850094555394,14,2
mp-1188623,NaPb2IO6,<PROJECT_ROOT>/external_datasets/functional_protocol_round4_widechem_boost/meta_gga_r2scan/cif/mp-1188623.cif,train,-1.1154195104999984,-4.946849060058594,-1.3603092084290194,-1.3633803576207937,-2.157951259283773,20,4
mp-19022,Na4FeO4,<PROJECT_ROOT>/external_datasets/functional_protocol_round4_widechem_boost/meta_gga_r2scan/cif/mp-19022.cif,train,-1.658439617777778,-4.7885182698567705,-1.4261991945880812,-1.4275063904783512,-1.7657054659141862,18,3
mp-863705,Pm2MgGa,<PROJECT_ROOT>/external_datasets/functional_protocol_round4_widechem_boost/meta_gga_r2scan/cif/mp-863705.cif,train,-0.3804363499999965,-3.8709657192230233,-0.3656244147195573,-0.3656948280129146,-0.3839122282439141,4,3
mp-755689,ErClO,<PROJECT_ROOT>/external_datasets/functional_protocol_round4_widechem_boost/meta_gga_r2scan/cif/mp-755689.cif,train,-3.3904734265277767,-6.877543131510417,-3.4153231495100624,-3.41063342224247,-2.197302323397347,6,3
mp-580154,GdMgAu,<PROJECT_ROOT>/external_datasets/functional_protocol_round4_widechem_boost/meta_gga_r2scan/cif/mp-580154.cif,train,-0.6947979883333346,-6.989219241672092,-0.6773855448127106,-0.6763686328150866,-0.4132721069199062,9,3
mp-1186201,NaYbPb2,<PROJECT_ROOT>/external_datasets/functional_protocol_round4_widechem_boost/meta_gga_r2scan/cif/mp-1186201.cif,train,-0.3187563837499994,-2.898695468902588,-0.4375894205068871,-0.4364437672823724,-0.1400391777485893,4,3
mp-28507,La8Nb7S22,<PROJECT_ROOT>/external_datasets/functional_protocol_round4_widechem_boost/meta_gga_r2scan/cif/mp-28507.cif,train,-1.9981613431587824,-7.196312981682855,-1.919737627386194,-1.918026146258496,-1.475229975217078,74,3
mp-1222769,Li2Ga7,<PROJECT_ROOT>/external_datasets/functional_protocol_round4_widechem_boost/meta_gga_r2scan/cif/mp-1222769.cif,train,-0.2402650670370371,-2.954504224989149,-0.2104114730196098,-0.2113938416345293,-0.4655532677484584,18,2
mp-29823,Cu7PSe6,<PROJECT_ROOT>/external_datasets/functional_protocol_round4_widechem_boost/meta_gga_r2scan/cif/mp-29823.cif,train,-0.1286152265965146,-4.004270553588867,-0.1550473617292764,-0.1567684522076424,-0.6020507644134772,56,3
mp-1220696,Nb2AgS4,<PROJECT_ROOT>/external_datasets/functional_protocol_round4_widechem_boost/meta_gga_r2scan/cif/mp-1220696.cif,train,-1.0033440123214288,-6.523546491350446,-0.9682040731958246,-0.968892998519972,-1.1471324723479226,7,3
mp-753222,Fe2CoO4,<PROJECT_ROOT>/external_datasets/functional_protocol_round4_widechem_boost/meta_gga_r2scan/cif/mp-753222.cif,train,-1.4734750921428568,-6.531962258475168,-0.6724962454055339,-0.676819768299846,-1.7954060921747943,14,3
mp-1080452,KCd4As3,<PROJECT_ROOT>/external_datasets/functional_protocol_round4_widechem_boost/meta_gga_r2scan/cif/mp-1080452.cif,train,-0.3456535789062478,-2.587003231048584,-0.3064122157652384,-0.3063065078573901,-0.2789576483887979,8,3
mp-28069,Ca3AsCl3,<PROJECT_ROOT>/external_datasets/functional_protocol_round4_widechem_boost/meta_gga_r2scan/cif/mp-28069.cif,train,-2.252943995714286,-4.316761834280832,-2.188099388685365,-2.1855321022998613,-1.5213211080494349,7,3
mp-976931,LuAlAg2,<PROJECT_ROOT>/external_datasets/functional_protocol_round4_widechem_boost/meta_gga_r2scan/cif/mp-976931.cif,train,-0.3427928291666688,-3.800987958908081,-0.3082961598606855,-0.3078917631635756,-0.2032658305940413,4,3
mp-2899495,TeC16(I2N)2,<PROJECT_ROOT>/external_datasets/functional_protocol_round4_widechem_boost/meta_gga_r2scan/cif/mp-2899495.cif,train,2.0610240470652186,-5.593656456988791,1.9008368497993848,1.8927461898909552,-0.200477726326218,23,4
mp-866004,Er2InAg,<PROJECT_ROOT>/external_datasets/functional_protocol_round4_widechem_boost/meta_gga_r2scan/cif/mp-866004.cif,train,-0.4756886329166683,-4.074197292327881,-0.4599512841759661,-0.4603565959502367,-0.5652192782326037,4,3
mp-22670,HoGeRh,<PROJECT_ROOT>/external_datasets/functional_protocol_round4_widechem_boost/meta_gga_r2scan/cif/mp-22670.cif,train,-1.070762394999998,-6.504575729370117,-1.0232250753349297,-1.022322261516372,-0.7887453347500712,12,3
mp-862559,LaCd3,<PROJECT_ROOT>/external_datasets/functional_protocol_round4_widechem_boost/meta_gga_r2scan/cif/mp-862559.cif,train,-0.366241443749999,-2.244914054870605,-0.3753444954592586,-0.375158990057705,-0.3271648403194905,4,2
mp-30452,DyNiBi,<PROJECT_ROOT>/external_datasets/functional_protocol_round4_widechem_boost/meta_gga_r2scan/cif/mp-30452.cif,train,-0.7545626866666643,-5.427106857299805,-0.7162106407060245,-0.7149727503645842,-0.3947044783491312,3,3
mp-759541,Ba(PdO2)2,<PROJECT_ROOT>/external_datasets/functional_protocol_round4_widechem_boost/meta_gga_r2scan/cif/mp-759541.cif,train,-1.277262316428572,-5.697479793003628,-1.4867559012929634,-1.489948344719461,-2.3159006164924305,14,3
mp-1185852,MgAu5,<PROJECT_ROOT>/external_datasets/functional_protocol_round4_widechem_boost/meta_gga_r2scan/cif/mp-1185852.cif,train,-0.2682901458333333,-3.244844436645508,-0.2721787769610135,-0.2720957890981497,-0.2506250832140802,6,2
mp-3009,Rb2BeF4,<PROJECT_ROOT>/external_datasets/functional_protocol_round4_widechem_boost/meta_gga_r2scan/cif/mp-3009.cif,train,-3.2903656217857145,-4.942307608468192,-3.334574386450969,-3.3310925076798013,-2.430257223580121,28,3
mp-1222604,Li2TlCd,<PROJECT_ROOT>/external_datasets/functional_protocol_round4_widechem_boost/meta_gga_r2scan/cif/mp-1222604.cif,train,-0.273325105833333,-2.0003318786621094,-0.298421234893131,-0.2985435314429221,-0.3301842215244268,4,3
mp-228,Te2Rh,<PROJECT_ROOT>/external_datasets/functional_protocol_round4_widechem_boost/meta_gga_r2scan/cif/mp-228.cif,train,-0.4398400500000008,-4.9359792073567705,-0.4483835342079336,-0.449069371749534,-0.6265099712763,3,2
mp-1206665,La(Sn3Ru2)2,<PROJECT_ROOT>/external_datasets/functional_protocol_round4_widechem_boost/meta_gga_r2scan/cif/mp-1206665.cif,train,-0.3683863340909077,-6.36383680863814,-0.3527180874422875,-0.3526965722483792,-0.3471301389876819,11,3
mp-780585,Ti(FeO2)2,<PROJECT_ROOT>/external_datasets/functional_protocol_round4_widechem_boost/meta_gga_r2scan/cif/mp-780585.cif,train,-2.1643888027380944,-7.647763933454241,-1.6771968289233614,-1.6787190207753664,-2.072542074240224,28,3
mp-23562,KIO4,<PROJECT_ROOT>/external_datasets/functional_protocol_round4_widechem_boost/meta_gga_r2scan/cif/mp-23562.cif,train,-0.7974664585416669,-4.429533004760742,-1.1391624221575425,-1.144663718667438,-2.5679648529434864,12,3
mp-1213036,ErGa3Os,<PROJECT_ROOT>/external_datasets/functional_protocol_round4_widechem_boost/meta_gga_r2scan/cif/mp-1213036.cif,train,-0.5584747920000003,-5.45169677734375,-0.5231047391083496,-0.5227828321898613,-0.4394987406320462,15,3
mp-542568,EuAg5,<PROJECT_ROOT>/external_datasets/functional_protocol_round4_widechem_boost/meta_gga_r2scan/cif/mp-542568.cif,train,-0.1730079716666684,-4.238180796305339,-0.1217190714488269,-0.1208914045071942,0.0932434443789348,6,2
mp-38006,Ni2SbTe,<PROJECT_ROOT>/external_datasets/functional_protocol_round4_widechem_boost/meta_gga_r2scan/cif/mp-38006.cif,train,-0.1953833425000013,-4.930074691772461,-0.271128263378845,-0.2712634799295959,-0.3062468460705225,4,3
mp-1173584,RbMn6O12,<PROJECT_ROOT>/external_datasets/functional_protocol_round4_widechem_boost/meta_gga_r2scan/cif/mp-1173584.cif,train,-2.115494813060346,-6.984660901521382,-1.5738742155692735,-1.5766176908637934,-2.2864124622467723,38,3
mp-865653,TiNbRe2,<PROJECT_ROOT>/external_datasets/functional_protocol_round4_widechem_boost/meta_gga_r2scan/cif/mp-865653.cif,train,-0.4327919379166616,-11.08681297302246,-0.2901795187496443,-0.2901920766165098,-0.2934410609520878,4,3
mp-1080551,UNiSb2,<PROJECT_ROOT>/external_datasets/functional_protocol_round4_widechem_boost/meta_gga_r2scan/cif/mp-1080551.cif,train,-0.5262248774999989,-6.647770881652832,-0.4492318110158111,-0.4500047983841924,-0.6499928914145066,8,3
mp-5900,Ba2ZrF8,<PROJECT_ROOT>/external_datasets/functional_protocol_round4_widechem_boost/meta_gga_r2scan/cif/mp-5900.cif,train,-4.170220997500001,-6.331416736949574,-4.200147027301026,-4.196265089873381,-3.191926215569892,44,3
mp-1266,Na2Se,<PROJECT_ROOT>/external_datasets/functional_protocol_round4_widechem_boost/meta_gga_r2scan/cif/mp-1266.cif,train,-1.2695772096875,-3.104493459065756,-1.2321949961862972,-1.231008042951589,-0.923918271976517,3,2
mp-30634,HoFe3,<PROJECT_ROOT>/external_datasets/functional_protocol_round4_widechem_boost/meta_gga_r2scan/cif/mp-30634.cif,train,-0.0153449320833326,-7.575639724731445,-0.216098356486917,-0.2154391908969879,-0.0448991863534988,12,2
mp-20422,KMnP,<PROJECT_ROOT>/external_datasets/functional_protocol_round4_widechem_boost/meta_gga_r2scan/cif/mp-20422.cif,train,-0.5016630454029828,-5.648738861083984,-0.6930465012422804,-0.6926775928882831,-0.5972332412356912,6,3
mp-10601,Y3GaC,<PROJECT_ROOT>/external_datasets/functional_protocol_round4_widechem_boost/meta_gga_r2scan/cif/mp-10601.cif,train,-0.6081670120000012,-6.811494445800781,-0.5315446111663231,-0.5314403574938131,-0.5044677393006644,5,3
mp-1218960,Sn2SeS,<PROJECT_ROOT>/external_datasets/functional_protocol_round4_widechem_boost/meta_gga_r2scan/cif/mp-1218960.cif,train,-0.4579512579687481,-4.337164878845215,-0.5184126139063454,-0.5199795816143071,-0.9253870909368792,8,3
mp-606644,CuP10,<PROJECT_ROOT>/external_datasets/functional_protocol_round4_widechem_boost/meta_gga_r2scan/cif/mp-606644.cif,train,-0.0637890658874456,-5.3358754244717685,-0.047189032262815,-0.0497942628653458,-0.7238222242846494,44,2
mp-506,MgPd,<PROJECT_ROOT>/external_datasets/functional_protocol_round4_widechem_boost/meta_gga_r2scan/cif/mp-506.cif,train,-0.7117299525000025,-4.121755599975586,-0.7083020192369496,-0.7064798912687875,-0.2350570549930748,2,2
mp-556152,ZnS,<PROJECT_ROOT>/external_datasets/functional_protocol_round4_widechem_boost/meta_gga_r2scan/cif/mp-556152.cif,train,-0.96198588529514,-3.50260501437717,-0.9494725097486408,-0.9492408288264328,-0.8893001005315648,36,2
mp-30734,Ho5Rh3,<PROJECT_ROOT>/external_datasets/functional_protocol_round4_widechem_boost/meta_gga_r2scan/cif/mp-30734.cif,train,-0.7862607187499968,-6.35891580581665,-0.8315844636635328,-0.8323744217925881,-1.0367532076140122,16,2
mp-753552,Cu4PtO5,<PROJECT_ROOT>/external_datasets/functional_protocol_round4_widechem_boost/meta_gga_r2scan/cif/mp-753552.cif,train,-0.7284688558749991,-5.267985916137695,-0.8689566223299066,-0.8722734178142248,-1.7303981828573267,20,3
mp-1200867,La(Al10Cr)2,<PROJECT_ROOT>/external_datasets/functional_protocol_round4_widechem_boost/meta_gga_r2scan/cif/mp-1200867.cif,train,-0.1560235819565209,-4.469354380731997,-0.2106237205395356,-0.2115839777409895,-0.4600227160580037,46,3
mp-aaaiejbu,Y2TiZnO6,<PROJECT_ROOT>/external_datasets/functional_protocol_round4_widechem_boost/meta_gga_r2scan/cif/mp-aaaiejbu.cif,train,-2.9503443354166663,-7.802494049072266,-3.0246711367643373,-3.0221028777194787,-2.3576402360314344,10,4
mp-862431,Sc2AgOs,<PROJECT_ROOT>/external_datasets/functional_protocol_round4_widechem_boost/meta_gga_r2scan/cif/mp-862431.cif,train,-0.4025163812500025,-7.054825782775879,-0.3976404436830361,-0.3977911351352947,-0.4367781838195113,4,3
mp-23539,KSn2Cl5,<PROJECT_ROOT>/external_datasets/functional_protocol_round4_widechem_boost/meta_gga_r2scan/cif/mp-23539.cif,train,-1.3611233376562506,-3.5455658435821533,-1.3847581746625917,-1.384672614771853,-1.3625364711698258,16,3
mp-30848,USnPt,<PROJECT_ROOT>/external_datasets/functional_protocol_round4_widechem_boost/meta_gga_r2scan/cif/mp-30848.cif,train,-0.7147876383333388,-7.608877817789714,-0.6482655737337177,-0.6496511775256062,-1.0081360265286878,3,3
mp-962061,YMgTl,<PROJECT_ROOT>/external_datasets/functional_protocol_round4_widechem_boost/meta_gga_r2scan/cif/mp-962061.cif,train,0.220241978333334,-3.2519524892171225,0.1976606530862872,0.1963329013212238,-0.1471844113451137,3,3
mp-1079572,LaNiSb2,<PROJECT_ROOT>/external_datasets/functional_protocol_round4_widechem_boost/meta_gga_r2scan/cif/mp-1079572.cif,train,-0.8462096362499985,-5.505760192871094,-0.8214160646913671,-0.8203005626331592,-0.5316967140888972,8,3
mp-583224,EuCo8P5,<PROJECT_ROOT>/external_datasets/functional_protocol_round4_widechem_boost/meta_gga_r2scan/cif/mp-583224.cif,train,-0.6177269839200668,-7.410049438476562,-0.7022449819442675,-0.7002083468263542,-0.1732879984722404,28,3
mp-555955,LaSeO3F,<PROJECT_ROOT>/external_datasets/functional_protocol_round4_widechem_boost/meta_gga_r2scan/cif/mp-555955.cif,train,-2.6091454894965267,-6.585716247558594,-2.842022270470202,-2.8419282070240213,-2.817592014744194,72,4
mp-13125,PrCoGe3,<PROJECT_ROOT>/external_datasets/functional_protocol_round4_widechem_boost/meta_gga_r2scan/cif/mp-13125.cif,train,-0.5349955103333315,-5.717058563232422,-0.5570786299901966,-0.5562703649664469,-0.3471552003723223,5,3
mp-1078602,ZrIn3,<PROJECT_ROOT>/external_datasets/functional_protocol_round4_widechem_boost/meta_gga_r2scan/cif/mp-1078602.cif,train,-0.3264558400000013,-4.402973175048828,-0.3220644654153668,-0.3222546169933205,-0.3714508303042006,8,2
mp-3161,LiAlSi,<PROJECT_ROOT>/external_datasets/functional_protocol_round4_widechem_boost/meta_gga_r2scan/cif/mp-3161.cif,train,-0.2668309805555561,-3.911248524983724,-0.2369685116416975,-0.2387564031156115,-0.7013215381054624,3,3
mp-1217468,TbHo,<PROJECT_ROOT>/external_datasets/functional_protocol_round4_widechem_boost/meta_gga_r2scan/cif/mp-1217468.cif,train,-0.0118939924999992,-4.587055206298828,-0.0986818075010145,-0.1024649637577521,-1.081247071157264,2,2
mp-1213895,Ce3NbSb5,<PROJECT_ROOT>/external_datasets/functional_protocol_round4_widechem_boost/meta_gga_r2scan/cif/mp-1213895.cif,train,-0.9984726155555564,-6.210723453097874,-0.8855333663686933,-0.8849692222386931,-0.7390132682781774,18,3
mp-865744,YbCdPd2,<PROJECT_ROOT>/external_datasets/functional_protocol_round4_widechem_boost/meta_gga_r2scan/cif/mp-865744.cif,train,-0.7998905887499994,-3.8969359397888175,-0.763694856461191,-0.7621916154074198,-0.3732715321004647,4,3
mp-29764,RbHF2,<PROJECT_ROOT>/external_datasets/functional_protocol_round4_widechem_boost/meta_gga_r2scan/cif/mp-29764.cif,train,-2.3947721912500004,-4.295140266418457,-2.501884828671508,-2.500365970663304,-2.1074054527313777,8,3
mp-1208714,Tb2(Ga3Ru)3,<PROJECT_ROOT>/external_datasets/functional_protocol_round4_widechem_boost/meta_gga_r2scan/cif/mp-1208714.cif,train,-0.596754927500001,-5.132937840053013,-0.5667056175208716,-0.5661390280696343,-0.419550418065453,28,3
mp-29342,Ca3PCl3,<PROJECT_ROOT>/external_datasets/functional_protocol_round4_widechem_boost/meta_gga_r2scan/cif/mp-29342.cif,train,-2.2533461536394555,-4.432988848005023,-2.1774806895916683,-2.175095091128582,-1.5578905844601103,7,3
mp-1208563,Tb2Sc3Si4,<PROJECT_ROOT>/external_datasets/functional_protocol_round4_widechem_boost/meta_gga_r2scan/cif/mp-1208563.cif,train,-0.8875267605555545,-6.382531483968099,-0.8295640235649859,-0.8299566967953851,-0.9315495219044324,36,3
mp-1019738,BaEu2O4,<PROJECT_ROOT>/external_datasets/functional_protocol_round4_widechem_boost/meta_gga_r2scan/cif/mp-1019738.cif,train,-2.864055866785713,-8.722527640206474,-3.0843415135090497,-3.0820389070788794,-2.4863061851718737,28,3
mp-1186367,Pa,<PROJECT_ROOT>/external_datasets/functional_protocol_round4_widechem_boost/meta_gga_r2scan/cif/mp-1186367.cif,train,0.0086819450000064,-9.480567932128906,0.0457266352887799,0.0427367568849108,-0.7308076823166973,2,1
mp-1199162,La2US5,<PROJECT_ROOT>/external_datasets/functional_protocol_round4_widechem_boost/meta_gga_r2scan/cif/mp-1199162.cif,train,-2.306597125820314,-7.154167652130127,-2.183466976695268,-2.1815678048930502,-1.6902121080275476,32,3
mp-1079053,B2Mo3,<PROJECT_ROOT>/external_datasets/functional_protocol_round4_widechem_boost/meta_gga_r2scan/cif/mp-1079053.cif,train,-0.3961672220000025,-9.541341400146484,-0.5450215896192336,-0.5431394417129622,-0.0561881848528306,10,2
mp-1104783,Mn(AlS2)2,<PROJECT_ROOT>/external_datasets/functional_protocol_round4_widechem_boost/meta_gga_r2scan/cif/mp-1104783.cif,train,-1.2407957072475366,-5.690262385777065,-1.2245908125971958,-1.224468663089178,-1.1928660157852422,14,3
mp-1185943,MgRu2W,<PROJECT_ROOT>/external_datasets/functional_protocol_round4_widechem_boost/meta_gga_r2scan/cif/mp-1185943.cif,train,-0.1720130737500014,-8.422805786132812,-0.4157970262858015,-0.4143325714027703,-0.035447286395033,4,3
mp-13220,PrMg2Cu9,<PROJECT_ROOT>/external_datasets/functional_protocol_round4_widechem_boost/meta_gga_r2scan/cif/mp-13220.cif,train,-0.1471298572222229,-3.893653233846029,-0.1482043576142957,-0.1474062121142152,0.0590908188201316,24,3
mp-1222263,LuPaO4,<PROJECT_ROOT>/external_datasets/functional_protocol_round4_widechem_boost/meta_gga_r2scan/cif/mp-1222263.cif,train,-4.089613591944446,-9.38061269124349,-4.174290482084932,-4.168070575497318,-2.5588498971856213,6,3
mp-1095499,CsAuCl4,<PROJECT_ROOT>/external_datasets/functional_protocol_round4_widechem_boost/meta_gga_r2scan/cif/mp-1095499.cif,train,-1.0770385750000009,-2.864304860432943,-1.1109907908674983,-1.112382698641606,-1.4724985204529135,12,3
mp-1184869,HoLuHg2,<PROJECT_ROOT>/external_datasets/functional_protocol_round4_widechem_boost/meta_gga_r2scan/cif/mp-1184869.cif,train,-0.563666551666671,-2.895873546600342,-0.520274586561909,-0.5204132416464606,-0.5562862288191655,4,3
mp-1212108,HoRhO3,<PROJECT_ROOT>/external_datasets/functional_protocol_round4_widechem_boost/meta_gga_r2scan/cif/mp-1212108.cif,train,-2.4925403392499987,-7.522413635253907,-2.576919483339644,-2.576353757160441,-2.429988493789176,20,3
mp-1215421,YbAgS2,<PROJECT_ROOT>/external_datasets/functional_protocol_round4_widechem_boost/meta_gga_r2scan/cif/mp-1215421.cif,train,-1.4180455939062533,-4.197264194488525,-1.2288066204262122,-1.2276838950871871,-0.9372112318445158,4,3
mp-1223225,La2Al3Sn,<PROJECT_ROOT>/external_datasets/functional_protocol_round4_widechem_boost/meta_gga_r2scan/cif/mp-1223225.cif,train,-0.6368687233333338,-4.733261744181315,-0.5939617853018087,-0.594507355800042,-0.7356579205019262,6,3
mp-972062,YbTmHg2,<PROJECT_ROOT>/external_datasets/functional_protocol_round4_widechem_boost/meta_gga_r2scan/cif/mp-972062.cif,train,-0.570860657499999,-2.19604229927063,-0.6333026880167694,-0.6321994791676824,-0.3467761424303591,4,3
mp-769947,K4TiO4,<PROJECT_ROOT>/external_datasets/functional_protocol_round4_widechem_boost/meta_gga_r2scan/cif/mp-769947.cif,train,-2.2652480787962963,-5.640703837076823,-2.353868211322478,-2.3524600187840754,-1.9881309858768128,36,3
mp-17964,Na2Ge2Se5,<PROJECT_ROOT>/external_datasets/functional_protocol_round4_widechem_boost/meta_gga_r2scan/cif/mp-17964.cif,train,-0.7216828175347226,-3.859604305691189,-0.7370879345769694,-0.7382955855986832,-1.0507403094752037,36,3
mp-667,Tl2S,<PROJECT_ROOT>/external_datasets/functional_protocol_round4_widechem_boost/meta_gga_r2scan/cif/mp-667.cif,train,-0.4240390961226862,-3.289892691153068,-0.4449262334654715,-0.4447027576863336,-0.3868848725106517,27,2
mp-862744,Pm2ZnIr,<PROJECT_ROOT>/external_datasets/functional_protocol_round4_widechem_boost/meta_gga_r2scan/cif/mp-862744.cif,train,-0.5779780925000004,-5.411572456359863,-0.5682798869106369,-0.5677718238571572,-0.4363252241349473,4,3
mp-972448,SmBS3,<PROJECT_ROOT>/external_datasets/functional_protocol_round4_widechem_boost/meta_gga_r2scan/cif/mp-972448.cif,train,-1.4460534666874991,-5.992746734619141,-1.410880495533582,-1.4111726503537625,-1.4867592482018224,20,3
mp-560974,BeAl6O10,<PROJECT_ROOT>/external_datasets/functional_protocol_round4_widechem_boost/meta_gga_r2scan/cif/mp-560974.cif,train,-3.3154152539705883,-7.436162163229549,-3.360909523014435,-3.356347135883053,-2.1759616090462264,136,3
mp-1217891,TaTiAl6,<PROJECT_ROOT>/external_datasets/functional_protocol_round4_widechem_boost/meta_gga_r2scan/cif/mp-1217891.cif,train,-0.4048787229999995,-5.634990692138672,-0.3640106195724399,-0.3651523965078294,-0.6605541085051353,8,3
mp-4350,La2(SeO3)3,<PROJECT_ROOT>/external_datasets/functional_protocol_round4_widechem_boost/meta_gga_r2scan/cif/mp-4350.cif,train,-2.0667068193526785,-6.522665841238839,-2.357632303984272,-2.358946276164665,-2.6988985204013485,56,3
mp-1208393,TbTl(MoO4)2,<PROJECT_ROOT>/external_datasets/functional_protocol_round4_widechem_boost/meta_gga_r2scan/cif/mp-1208393.cif,train,-2.482471961249999,-7.056144714355469,-1.8561216337316857,-1.8576861153419728,-2.262450418896504,48,4
mp-628614,Ce2Si7Rh15,<PROJECT_ROOT>/external_datasets/functional_protocol_round4_widechem_boost/meta_gga_r2scan/cif/mp-628614.cif,train,-0.907325128749998,-7.535533269246419,-0.87375673125005,-0.8734761205790553,-0.8008762369725351,48,3
mp-935811,KNbO3,<PROJECT_ROOT>/external_datasets/functional_protocol_round4_widechem_boost/meta_gga_r2scan/cif/mp-935811.cif,train,-2.6699901080000004,-7.639311218261719,-2.7733989477990963,-2.7715830406612314,-2.301769664048212,5,3
mp-1226538,CeZn2Ni3,<PROJECT_ROOT>/external_datasets/functional_protocol_round4_widechem_boost/meta_gga_r2scan/cif/mp-1226538.cif,train,-0.3044592766666672,-4.618966420491536,-0.3870515132366137,-0.386893436870956,-0.3459957557276636,6,3
mp-977542,LiTbTl2,<PROJECT_ROOT>/external_datasets/functional_protocol_round4_widechem_boost/meta_gga_r2scan/cif/mp-977542.cif,train,-0.4035305341666628,-3.137208938598633,-0.3898804779876044,-0.3894716029737344,-0.2836870356405311,4,3
mp-1183617,CaInAg2,<PROJECT_ROOT>/external_datasets/functional_protocol_round4_widechem_boost/meta_gga_r2scan/cif/mp-1183617.cif,train,-0.3121694449999985,-2.902578353881836,-0.329925737025432,-0.3294940472274792,-0.2178068153232237,4,3
mp-1095180,Ca2CdAs2,<PROJECT_ROOT>/external_datasets/functional_protocol_round4_widechem_boost/meta_gga_r2scan/cif/mp-1095180.cif,train,-1.1111888009999986,-3.780782699584961,-1.0542391742882766,-1.0531905493660911,-0.7818892227623304,10,3
mp-28556,Na3CuO3,<PROJECT_ROOT>/external_datasets/functional_protocol_round4_widechem_boost/meta_gga_r2scan/cif/mp-28556.cif,train,-1.3352160919642857,-4.412245977492559,-1.4755676712200296,-1.4764992077011438,-1.717507291487027,84,3
mp-1065846,ZrBr,<PROJECT_ROOT>/external_datasets/functional_protocol_round4_widechem_boost/meta_gga_r2scan/cif/mp-1065846.cif,train,-1.1850915037500016,-6.094292640686035,-1.1976122182202529,-1.1984662310529035,-1.4194173161662094,4,2
mp-5323,CeAlO3,<PROJECT_ROOT>/external_datasets/functional_protocol_round4_widechem_boost/meta_gga_r2scan/cif/mp-5323.cif,train,-3.60269912725,-8.084920501708984,-3.606418625660666,-3.601942682984599,-2.443922155213812,5,3
mp-541899,CsCdBr3,<PROJECT_ROOT>/external_datasets/functional_protocol_round4_widechem_boost/meta_gga_r2scan/cif/mp-541899.cif,train,-1.488973233500002,-2.6152860641479494,-1.4387556482453538,-1.437709477844625,-1.1670431875748617,10,3
mp-982321,Yb3W,<PROJECT_ROOT>/external_datasets/functional_protocol_round4_widechem_boost/meta_gga_r2scan/cif/mp-982321.cif,train,0.3206935524999963,-3.5580265522003174,0.3555641895540717,0.3530061899197534,-0.3088021264477679,8,2
mp-2700,CaSi2,<PROJECT_ROOT>/external_datasets/functional_protocol_round4_widechem_boost/meta_gga_r2scan/cif/mp-2700.cif,train,-0.423804026666667,-4.662214279174805,-0.3743890893774004,-0.3768357978086341,-1.009850738776085,3,2
mp-1569694,Na6NiO4,<PROJECT_ROOT>/external_datasets/functional_protocol_round4_widechem_boost/meta_gga_r2scan/cif/mp-1569694.cif,train,-1.34288637590909,-3.934335882013494,-1.2077631422834745,-1.209321064273813,-1.6123882561578813,22,3
mp-29772,YGe3,<PROJECT_ROOT>/external_datasets/functional_protocol_round4_widechem_boost/meta_gga_r2scan/cif/mp-29772.cif,train,-0.4676953225000009,-5.537634372711182,-0.4396862414623852,-0.4399762043692616,-0.5149957081266272,8,2
mp-566,CeP5,<PROJECT_ROOT>/external_datasets/functional_protocol_round4_widechem_boost/meta_gga_r2scan/cif/mp-566.cif,train,-0.6376326216468229,-5.984443664550781,-0.5268035666470254,-0.5283700988406945,-0.9336649314692478,12,2
mp-863744,Ca2PdAu,<PROJECT_ROOT>/external_datasets/functional_protocol_round4_widechem_boost/meta_gga_r2scan/cif/mp-863744.cif,train,-0.7406157475000015,-3.858319759368897,-0.8234153821603925,-0.8237354934713785,-0.906555023596582,4,3
mp-1191956,Dy5(In2Pd)2,<PROJECT_ROOT>/external_datasets/functional_protocol_round4_widechem_boost/meta_gga_r2scan/cif/mp-1191956.cif,train,-0.8054557509090924,-4.723117134787819,-0.7946345813830682,-0.7942190033111434,-0.6867002138640572,22,3
mp-865558,AcTe3,<PROJECT_ROOT>/external_datasets/functional_protocol_round4_widechem_boost/meta_gga_r2scan/cif/mp-865558.cif,train,-1.018373454375002,-4.270997524261475,-0.9595700082458944,-0.9579450356818322,-0.537530449878491,4,2
mp-861639,Ti2CoIr,<PROJECT_ROOT>/external_datasets/functional_protocol_round4_widechem_boost/meta_gga_r2scan/cif/mp-861639.cif,train,-0.744252443333334,-8.585036277770996,-0.6931086383488552,-0.6937124516624715,-0.8499316579192815,4,3
mp-4195,Tm(NiGe)2,<PROJECT_ROOT>/external_datasets/functional_protocol_round4_widechem_boost/meta_gga_r2scan/cif/mp-4195.cif,train,-0.6924281520000022,-5.714711761474609,-0.6757855359622456,-0.674794371754377,-0.418359340701956,5,3
mp-1018695,EuBiAu,<PROJECT_ROOT>/external_datasets/functional_protocol_round4_widechem_boost/meta_gga_r2scan/cif/mp-1018695.cif,train,-0.8260148800000024,-6.523403803507487,-0.7293207082710946,-0.728040474269501,-0.3968170066150777,6,3
mp-2206,LuCo2,<PROJECT_ROOT>/external_datasets/functional_protocol_round4_widechem_boost/meta_gga_r2scan/cif/mp-2206.cif,train,-0.2315216255555535,-6.536450068155925,-0.3324665258449535,-0.3316029392271931,-0.1081749145094628,6,2
mp-1207902,V2(Ni7B2)3,<PROJECT_ROOT>/external_datasets/functional_protocol_round4_widechem_boost/meta_gga_r2scan/cif/mp-1207902.cif,train,-0.2608490739655167,-6.468243829135237,-0.3349029424983643,-0.3347926422321148,-0.3062556430387636,29,3
mp-1185035,LaErIn2,<PROJECT_ROOT>/external_datasets/functional_protocol_round4_widechem_boost/meta_gga_r2scan/cif/mp-1185035.cif,train,-0.5924107570833321,-4.2188873291015625,-0.5861997928307989,-0.5867007527183157,-0.7163096139844317,4,3
mp-1212680,Ga5Ir3,<PROJECT_ROOT>/external_datasets/functional_protocol_round4_widechem_boost/meta_gga_r2scan/cif/mp-1212680.cif,train,-0.5365554268750046,-5.683696746826172,-0.5144738918290113,-0.5141484087435986,-0.4299390875740027,32,2
mp-582828,La3Ge3Cl2,<PROJECT_ROOT>/external_datasets/functional_protocol_round4_widechem_boost/meta_gga_r2scan/cif/mp-582828.cif,train,-1.560657031874996,-5.423214912414551,-1.4712159613080873,-1.470054150502385,-1.1694692548089756,16,3
mp-571461,K4ZnAs2,<PROJECT_ROOT>/external_datasets/functional_protocol_round4_widechem_boost/meta_gga_r2scan/cif/mp-571461.cif,train,-0.5843161692857137,-2.5966404506138394,-0.4926759000942358,-0.4928655424303718,-0.541930004172996,7,3
mp-5746,MgTe2O5,<PROJECT_ROOT>/external_datasets/functional_protocol_round4_widechem_boost/meta_gga_r2scan/cif/mp-5746.cif,train,-1.64337562171875,-5.579298496246338,-1.9101915270280885,-1.9115836532945136,-2.271756003664091,32,3
mp-1188929,Ti(NbS2)3,<PROJECT_ROOT>/external_datasets/functional_protocol_round4_widechem_boost/meta_gga_r2scan/cif/mp-1188929.cif,train,-1.4093501453541648,-7.539540100097656,-1.3552902934035078,-1.3555161605055268,-1.413952731216332,20,3
mp-976599,LiHg3,<PROJECT_ROOT>/external_datasets/functional_protocol_round4_widechem_boost/meta_gga_r2scan/cif/mp-976599.cif,train,-0.1713641147916647,-0.8672423362731934,-0.1897768275003493,-0.1898122118965419,-0.1989668995404954,4,2
mp-15502,Ba4TiP4,<PROJECT_ROOT>/external_datasets/functional_protocol_round4_widechem_boost/meta_gga_r2scan/cif/mp-15502.cif,train,-1.2413768615079352,-5.207952287462023,-1.1267598441058269,-1.1272377005432306,-1.250869213263107,72,3
mp-756408,Li3MnO3,<PROJECT_ROOT>/external_datasets/functional_protocol_round4_widechem_boost/meta_gga_r2scan/cif/mp-756408.cif,train,-2.1318504626046795,-5.7986330304827005,-1.9888651129961552,-1.988360401244054,-1.8577808536657563,28,3
mp-1106353,Er4Ge6Rh7,<PROJECT_ROOT>/external_datasets/functional_protocol_round4_widechem_boost/meta_gga_r2scan/cif/mp-1106353.cif,train,-1.03104493254902,-6.683672736672794,-0.9692944079126162,-0.9683707115178056,-0.7293910229797584,17,3
mp-15252,Cu2GeS3,<PROJECT_ROOT>/external_datasets/functional_protocol_round4_widechem_boost/meta_gga_r2scan/cif/mp-15252.cif,train,-0.4002456355729151,-4.517599105834961,-0.4376739415812292,-0.4394766089781763,-0.905864586097108,12,3
mp-1079785,Y2CdGe2,<PROJECT_ROOT>/external_datasets/functional_protocol_round4_widechem_boost/meta_gga_r2scan/cif/mp-1079785.cif,train,-0.8196811550000007,-5.357313919067383,-0.7572340367940082,-0.7561520854973791,-0.4762285247538069,10,3
mp-3216222,YbCl3,<PROJECT_ROOT>/external_datasets/functional_protocol_round4_widechem_boost/meta_gga_r2scan/cif/mp-3216222.cif,train,-2.4317863281250016,-3.2186882495880127,-1.7000400153754498,-1.6996396170063657,-1.5960481360045096,8,2
mp-865224,Th2BiTe,<PROJECT_ROOT>/external_datasets/functional_protocol_round4_widechem_boost/meta_gga_r2scan/cif/mp-865224.cif,train,-0.9568619362500002,-6.305983543395996,-0.8790151067234264,-0.8776149640479058,-0.5153686000105533,4,3
mp-1187947,Yb3Al,<PROJECT_ROOT>/external_datasets/functional_protocol_round4_widechem_boost/meta_gga_r2scan/cif/mp-1187947.cif,train,-0.0942273587500039,-2.0377097129821777,-0.1726122768473761,-0.1739182190152419,-0.5117929300931907,4,2
mp-1019893,La3Si6N11,<PROJECT_ROOT>/external_datasets/functional_protocol_round4_widechem_boost/meta_gga_r2scan/cif/mp-1019893.cif,train,-1.5705272108125,-8.270124053955078,-1.4534177720092585,-1.4518989173968224,-1.058939278014852,40,3
mp-1206944,LaMgCu,<PROJECT_ROOT>/external_datasets/functional_protocol_round4_widechem_boost/meta_gga_r2scan/cif/mp-1206944.cif,train,-0.1636415533333332,-3.7261907789442272,-0.2147084375085883,-0.2154236405946772,-0.4004617242240273,9,3
mp-554446,Li2NiPO4F,<PROJECT_ROOT>/external_datasets/functional_protocol_round4_widechem_boost/meta_gga_r2scan/cif/mp-554446.cif,train,-2.428205184451058,-5.966667175292969,-2.2540577289896024,-2.253981369313614,-2.234225514797988,72,5
mp-1225230,EuCdAg,<PROJECT_ROOT>/external_datasets/functional_protocol_round4_widechem_boost/meta_gga_r2scan/cif/mp-1225230.cif,train,-0.3427131933333338,-5.000486373901367,-0.3376359122219128,-0.3372802641760666,-0.2452666331817285,6,3
mp-570872,CeCo3,<PROJECT_ROOT>/external_datasets/functional_protocol_round4_widechem_boost/meta_gga_r2scan/cif/mp-570872.cif,train,-0.0662730741666687,-6.98651123046875,-0.2444034519683064,-0.2439603480493026,-0.1293200429188542,12,2
mp-676250,Bi2Te4Pb,<PROJECT_ROOT>/external_datasets/functional_protocol_round4_widechem_boost/meta_gga_r2scan/cif/mp-676250.cif,train,-0.3388258428571475,-3.71945081438337,-0.3075480162639432,-0.3072620228061602,-0.2332694990218684,7,3
mp-28710,BaGe2S5,<PROJECT_ROOT>/external_datasets/functional_protocol_round4_widechem_boost/meta_gga_r2scan/cif/mp-28710.cif,train,-0.9683895870703124,-4.806957244873047,-0.9982253909572556,-0.9998398934507255,-1.4175456517378218,32,3
mp-12876,ThPS,<PROJECT_ROOT>/external_datasets/functional_protocol_round4_widechem_boost/meta_gga_r2scan/cif/mp-12876.cif,train,-1.7436297202628923,-7.200990041097005,-1.661934267426724,-1.6599355625296814,-1.1428285602277646,6,3
mp-495,LuGa3,<PROJECT_ROOT>/external_datasets/functional_protocol_round4_widechem_boost/meta_gga_r2scan/cif/mp-495.cif,train,-0.5136466041666665,-3.885997772216797,-0.5129558797228588,-0.5129954477938732,-0.5232325401330238,4,2
mp-865921,MgAlIr2,<PROJECT_ROOT>/external_datasets/functional_protocol_round4_widechem_boost/meta_gga_r2scan/cif/mp-865921.cif,train,-0.790388058749997,-6.448169708251953,-0.730760424620712,-0.7294165769536409,-0.3817349158408162,4,3
mp-1205847,Cs2PdBr6,<PROJECT_ROOT>/external_datasets/functional_protocol_round4_widechem_boost/meta_gga_r2scan/cif/mp-1205847.cif,train,-1.1858163861111153,-2.8690755632188587,-1.1830383185313424,-1.1837113403139652,-1.3578362333966525,9,3
mp-23560,Ge3(BiO3)4,<PROJECT_ROOT>/external_datasets/functional_protocol_round4_widechem_boost/meta_gga_r2scan/cif/mp-23560.cif,train,-1.6214414528947385,-6.159607335140831,-1.864374837909008,-1.865565042597668,-2.173496033105593,38,3
mp-29588,Nd3(BN2)2,<PROJECT_ROOT>/external_datasets/functional_protocol_round4_widechem_boost/meta_gga_r2scan/cif/mp-29588.cif,train,-1.5270905169444435,-8.07223849826389,-1.4290765629845588,-1.4274750465116188,-1.013129044910842,9,3
mp-2902304,ZnP3W3O13,<PROJECT_ROOT>/external_datasets/functional_protocol_round4_widechem_boost/meta_gga_r2scan/cif/mp-2902304.cif,train,-1.8434989393839287,-7.031526184082031,-1.563805006493978,-1.5665733968944275,-2.282814230308622,40,4
mp-8969,Mg2Ni3P,<PROJECT_ROOT>/external_datasets/functional_protocol_round4_widechem_boost/meta_gga_r2scan/cif/mp-8969.cif,train,-0.4696451546626991,-4.805371602376302,-0.4952285689808891,-0.4941498340244683,-0.2150584081613646,6,3
mp-505009,Fe(SbO3)2,<PROJECT_ROOT>/external_datasets/functional_protocol_round4_widechem_boost/meta_gga_r2scan/cif/mp-505009.cif,train,-1.6042971369444468,-6.295606401231554,-1.5794293187873123,-1.5821741962233622,-2.2923317311145333,36,3
mp-31148,BaZnSn,<PROJECT_ROOT>/external_datasets/functional_protocol_round4_widechem_boost/meta_gga_r2scan/cif/mp-31148.cif,train,-0.5975598500000009,-2.9214804967244468,-0.5500306153387609,-0.5502725903566645,-0.6128766177617981,6,3
mp-1199315,Lu3Ga2,<PROJECT_ROOT>/external_datasets/functional_protocol_round4_widechem_boost/meta_gga_r2scan/cif/mp-1199315.cif,train,-0.6405379294999989,-4.461100387573242,-0.5895305431845435,-0.5901438898405882,-0.7488295723320555,40,2
mp-867321,AcInHg2,<PROJECT_ROOT>/external_datasets/functional_protocol_round4_widechem_boost/meta_gga_r2scan/cif/mp-867321.cif,train,-0.5106122756249931,-2.3047521114349365,-0.4811229808307504,-0.4797304979398422,-0.1194658813153907,4,3
mp-978515,SmYAl2,<PROJECT_ROOT>/external_datasets/functional_protocol_round4_widechem_boost/meta_gga_r2scan/cif/mp-978515.cif,train,-0.4269061624999999,-5.061524391174316,-0.4589167166042402,-0.4601840869511724,-0.7880794565413594,4,3
mp-1219960,Pb4SeS3,<PROJECT_ROOT>/external_datasets/functional_protocol_round4_widechem_boost/meta_gga_r2scan/cif/mp-1219960.cif,train,-0.6511764571875034,-4.3792500495910645,-0.6605820739163608,-0.6607044618714095,-0.6923688004395288,8,3
mp-1213337,Gd3ScS6,<PROJECT_ROOT>/external_datasets/functional_protocol_round4_widechem_boost/meta_gga_r2scan/cif/mp-1213337.cif,train,-2.3059757041874973,-9.37934341430664,-2.211729388137938,-2.2088504194884315,-1.4640006668832892,40,3
mp-2037918,MgGa,<PROJECT_ROOT>/external_datasets/functional_protocol_round4_widechem_boost/meta_gga_r2scan/cif/mp-2037918.cif,train,-0.1111318475000002,-2.432126760482788,-0.1088204609210956,-0.1090475254573997,-0.1677938976062698,4,2
mp-1187241,TaIr3,<PROJECT_ROOT>/external_datasets/functional_protocol_round4_widechem_boost/meta_gga_r2scan/cif/mp-1187241.cif,train,-0.7413870218333329,-10.2721586227417,-0.7196293214693981,-0.7192747440278735,-0.627538100895162,8,2
mp-1221599,MnV(Co2Si)2,<PROJECT_ROOT>/external_datasets/functional_protocol_round4_widechem_boost/meta_gga_r2scan/cif/mp-1221599.cif,train,-0.5143156618103433,-7.613088607788086,-0.5856138914345896,-0.5839154902872634,-0.1445033853263894,8,4
mp-26965,Li2CrP2O7,<PROJECT_ROOT>/external_datasets/functional_protocol_round4_widechem_boost/meta_gga_r2scan/cif/mp-26965.cif,train,-2.45589137921131,-6.984146118164063,-2.490885033834176,-2.4899668796351,-2.2524210737208725,24,4
mp-1210981,La3PBr3,<PROJECT_ROOT>/external_datasets/functional_protocol_round4_widechem_boost/meta_gga_r2scan/cif/mp-1210981.cif,train,-1.9899130789966,-5.346706390380859,-1.9260246907483245,-1.9241765010784304,-1.4460109543251154,28,3
mp-1205567,Y2Br3,<PROJECT_ROOT>/external_datasets/functional_protocol_round4_widechem_boost/meta_gga_r2scan/cif/mp-1205567.cif,train,-1.7640084015000013,-5.099082183837891,-1.7155073674671275,-1.7140577002032558,-1.3389982833400371,10,2
mp-22188,DyCuSn,<PROJECT_ROOT>/external_datasets/functional_protocol_round4_widechem_boost/meta_gga_r2scan/cif/mp-22188.cif,train,-0.6788425066666642,-4.838167508443196,-0.6300686158960422,-0.629296658205635,-0.429574964532488,6,3
mp-636731,Zr(MoO4)2,<PROJECT_ROOT>/external_datasets/functional_protocol_round4_widechem_boost/meta_gga_r2scan/cif/mp-636731.cif,train,-2.560995173181819,-7.708632729270241,-1.8954182236213215,-1.897801659636256,-2.514446695479516,22,3
mp-1103150,MoPRh,<PROJECT_ROOT>/external_datasets/functional_protocol_round4_widechem_boost/meta_gga_r2scan/cif/mp-1103150.cif,train,-0.6291676868253949,-8.45803960164388,-0.7141894997695264,-0.712931551621697,-0.3874739031565815,12,3
mp-1184424,DyYIn2,<PROJECT_ROOT>/external_datasets/functional_protocol_round4_widechem_boost/meta_gga_r2scan/cif/mp-1184424.cif,train,-0.5967356537499988,-4.6151933670043945,-0.586928376036548,-0.5868175263816857,-0.5581383887999696,4,3
mp-2540,VTc,<PROJECT_ROOT>/external_datasets/functional_protocol_round4_widechem_boost/meta_gga_r2scan/cif/mp-2540.cif,train,-0.4384956150000008,-10.104631423950195,-0.6552645767321721,-0.6528751723624486,-0.0346859975864348,2,2
mp-1209960,NaYCl4,<PROJECT_ROOT>/external_datasets/functional_protocol_round4_widechem_boost/meta_gga_r2scan/cif/mp-1209960.cif,train,-2.371705340833333,-4.637545585632324,-2.306015000899115,-2.3030677603445824,-1.540554629718381,12,3
mp-1001786,LiScS2,<PROJECT_ROOT>/external_datasets/functional_protocol_round4_widechem_boost/meta_gga_r2scan/cif/mp-1001786.cif,train,-2.012471811822916,-5.8971710205078125,-1.9434835587026065,-1.941276786433352,-1.3703383779377152,4,3
mp-1110923,K3ScBr6,<PROJECT_ROOT>/external_datasets/functional_protocol_round4_widechem_boost/meta_gga_r2scan/cif/mp-1110923.cif,train,-1.9283253691249995,-3.652964782714844,-1.8595784386292904,-1.8575764605756888,-1.3396226238074025,10,3
mp-30673,Ti2Ga3,<PROJECT_ROOT>/external_datasets/functional_protocol_round4_widechem_boost/meta_gga_r2scan/cif/mp-30673.cif,train,-0.5045778536666674,-5.43006591796875,-0.4746856525457561,-0.4761569395182503,-0.8568098298000619,10,2
mp-759342,Nb9AsO25,<PROJECT_ROOT>/external_datasets/functional_protocol_round4_widechem_boost/meta_gga_r2scan/cif/mp-759342.cif,train,-2.606963771178572,-8.676758684430803,-2.8241514372077825,-2.8233215202514077,-2.608604545217384,70,3
mp-12922,NdPIr,<PROJECT_ROOT>/external_datasets/functional_protocol_round4_widechem_boost/meta_gga_r2scan/cif/mp-12922.cif,train,-1.2958494418253963,-7.484711329142253,-1.2115941429859545,-1.210110596228775,-0.826285841753585,6,3
mp-581990,Bi3Rh,<PROJECT_ROOT>/external_datasets/functional_protocol_round4_widechem_boost/meta_gga_r2scan/cif/mp-581990.cif,train,-0.1204814837499981,-4.895471096038818,-0.1028819146525297,-0.1025556837962362,-0.0181528985691572,16,2
mp-1337097,Ca3Bi2O7,<PROJECT_ROOT>/external_datasets/functional_protocol_round4_widechem_boost/meta_gga_r2scan/cif/mp-1337097.cif,train,-2.1847313642708364,-6.0506134033203125,-2.411449757557073,-2.4110352163713804,-2.303784691200825,24,3
mp-1100166,YMg3,<PROJECT_ROOT>/external_datasets/functional_protocol_round4_widechem_boost/meta_gga_r2scan/cif/mp-1100166.cif,train,-0.0537351512500006,-2.8809828758239746,-0.0627805403254284,-0.063209158771043,-0.1741017672167512,4,2
mp-16033,Sm2TeO2,<PROJECT_ROOT>/external_datasets/functional_protocol_round4_widechem_boost/meta_gga_r2scan/cif/mp-16033.cif,train,-3.2393367015000023,-7.4136497497558596,-3.244275893968836,-3.239701838509041,-2.056297469653509,5,3
mp-1102980,NbFeP,<PROJECT_ROOT>/external_datasets/functional_protocol_round4_widechem_boost/meta_gga_r2scan/cif/mp-1102980.cif,train,-0.7433565634920617,-8.865549723307291,-0.8649632303042658,-0.8630271855954357,-0.3621316921277125,12,3
mp-9664,K3BP2,<PROJECT_ROOT>/external_datasets/functional_protocol_round4_widechem_boost/meta_gga_r2scan/cif/mp-9664.cif,train,-0.5397567957837298,-3.8655754725138345,-0.3832085134824701,-0.3844902889295314,-0.7161125609618859,12,3
mp-999126,NaTbS2,<PROJECT_ROOT>/external_datasets/functional_protocol_round4_widechem_boost/meta_gga_r2scan/cif/mp-999126.cif,train,-2.131943001406249,-5.394978046417236,-2.0392391164227206,-2.0363281785936245,-1.2832073267164057,4,3
mp-21673,Ge2Pt3,<PROJECT_ROOT>/external_datasets/functional_protocol_round4_widechem_boost/meta_gga_r2scan/cif/mp-21673.cif,train,-0.4562851747499962,-5.912471771240234,-0.464495211847268,-0.4655106748086899,-0.7282323045494055,40,2
mp-541895,Na2(ReS2)3,<PROJECT_ROOT>/external_datasets/functional_protocol_round4_widechem_boost/meta_gga_r2scan/cif/mp-541895.cif,train,-0.8450011210795428,-6.608146667480469,-0.8714773077912374,-0.8717600197808979,-0.9449035587350112,44,3
mp-621581,P3Rh4,<PROJECT_ROOT>/external_datasets/functional_protocol_round4_widechem_boost/meta_gga_r2scan/cif/mp-621581.cif,train,-0.772794606632654,-7.217055184500558,-0.7127689975174745,-0.7129018994049119,-0.74728641346255,28,2
mp-1039186,MgCd,<PROJECT_ROOT>/external_datasets/functional_protocol_round4_widechem_boost/meta_gga_r2scan/cif/mp-1039186.cif,train,-0.0737761624999985,-1.3240563074747722,-0.0621717526858789,-0.0618298751677839,0.0266210306176424,12,2
mp-1209116,RbSm3F10,<PROJECT_ROOT>/external_datasets/functional_protocol_round4_widechem_boost/meta_gga_r2scan/cif/mp-1209116.cif,train,-4.259333853660714,-6.372138432094029,-4.308796506940728,-4.304180419593515,-3.109901517266464,28,3
mp-1101212,V4OF11,<PROJECT_ROOT>/external_datasets/functional_protocol_round4_widechem_boost/meta_gga_r2scan/cif/mp-1101212.cif,train,-3.176802249296874,-6.200492858886719,-2.8204847340465964,-2.821200006826712,-3.0062561217660067,32,3
mp-1226556,CeThN2,<PROJECT_ROOT>/external_datasets/functional_protocol_round4_widechem_boost/meta_gga_r2scan/cif/mp-1226556.cif,train,-1.7606936093749963,-9.04999542236328,-1.7440501532185737,-1.7417542055020148,-1.1477442328848526,4,3
mp-971831,Tm3Th,<PROJECT_ROOT>/external_datasets/functional_protocol_round4_widechem_boost/meta_gga_r2scan/cif/mp-971831.cif,train,0.0413528124999942,-5.166223526000977,-0.035089727094733,-0.0383091400108988,-0.8712389861052865,4,2
mp-1187217,SrPmPt2,<PROJECT_ROOT>/external_datasets/functional_protocol_round4_widechem_boost/meta_gga_r2scan/cif/mp-1187217.cif,train,-0.984746794375006,-5.537839889526367,-0.9993665240590276,-0.999456103040341,-1.0226320699213516,4,3
mp-1069712,Ba(CdGe)2,<PROJECT_ROOT>/external_datasets/functional_protocol_round4_widechem_boost/meta_gga_r2scan/cif/mp-1069712.cif,train,-0.3925074069999993,-2.9478530883789062,-0.3604301184892615,-0.3608943449794086,-0.4809995036034564,5,3
mp-2416,YF3,<PROJECT_ROOT>/external_datasets/functional_protocol_round4_widechem_boost/meta_gga_r2scan/cif/mp-2416.cif,train,-4.469034024375,-7.119656562805176,-4.453684589287844,-4.448394667565453,-3.079780637368144,16,2
mp-541880,Rb2Ge2Se5,<PROJECT_ROOT>/external_datasets/functional_protocol_round4_widechem_boost/meta_gga_r2scan/cif/mp-541880.cif,train,-0.8211931497569446,-3.876269870334201,-0.8118089560887416,-0.8127967247287815,-1.068353250945701,36,3
mp-1205937,PrMgTl,<PROJECT_ROOT>/external_datasets/functional_protocol_round4_widechem_boost/meta_gga_r2scan/cif/mp-1205937.cif,train,-0.4601169877777806,-3.2703433566623263,-0.3798002592548268,-0.3789262582115906,-0.1528038025400984,9,3
mp-1102840,YAlAu,<PROJECT_ROOT>/external_datasets/functional_protocol_round4_widechem_boost/meta_gga_r2scan/cif/mp-1102840.cif,train,-0.896976113333333,-5.303416887919108,-0.8526243727283171,-0.8513300413704288,-0.5164592910849202,12,3
mp-2037871,Ca3Mg,<PROJECT_ROOT>/external_datasets/functional_protocol_round4_widechem_boost/meta_gga_r2scan/cif/mp-2037871.cif,train,0.00358426875,-1.9089722633361816,-0.1136419593474311,-0.1172556970146621,-1.0522056513589078,4,2
mp-5215,NdNiGe2,<PROJECT_ROOT>/external_datasets/functional_protocol_round4_widechem_boost/meta_gga_r2scan/cif/mp-5215.cif,train,-0.7922017406249999,-5.690913677215576,-0.7592629892426279,-0.7584154893646726,-0.5391494426312656,8,3
mp-1079071,EuTl3,<PROJECT_ROOT>/external_datasets/functional_protocol_round4_widechem_boost/meta_gga_r2scan/cif/mp-1079071.cif,train,-0.3296350962500014,-4.596181869506836,-0.2963254337870822,-0.2953476061034221,-0.0423630144229756,8,2
mp-1018148,ScAu2,<PROJECT_ROOT>/external_datasets/functional_protocol_round4_widechem_boost/meta_gga_r2scan/cif/mp-1018148.cif,train,-0.8795857516666672,-5.104897181193034,-0.8449603976880047,-0.8439056109567442,-0.5710100947148402,3,2
mp-1039492,CeMg2,<PROJECT_ROOT>/external_datasets/functional_protocol_round4_widechem_boost/meta_gga_r2scan/cif/mp-1039492.cif,train,-0.0131102066666647,-3.0540428161621094,-0.0634416535051975,-0.0651064425507002,-0.4958223896980162,6,2
mp-1968,La2O3,<PROJECT_ROOT>/external_datasets/functional_protocol_round4_widechem_boost/meta_gga_r2scan/cif/mp-1968.cif,train,-3.732923273249997,-8.3792724609375,-3.870341184503485,-3.865441903908965,-2.597894951152314,5,2
mp-2283,ZrCo,<PROJECT_ROOT>/external_datasets/functional_protocol_round4_widechem_boost/meta_gga_r2scan/cif/mp-2283.cif,train,-0.3304633925000004,-8.107880592346191,-0.3602461990794703,-0.3603672767168024,-0.3916926085257157,2,2
mp-1210678,LuZrF7,<PROJECT_ROOT>/external_datasets/functional_protocol_round4_widechem_boost/meta_gga_r2scan/cif/mp-1210678.cif,train,-4.221056355740739,-6.802646213107639,-4.26508114868424,-4.26109375765938,-3.229471819396386,18,3
mp-569175,ZrCl4,<PROJECT_ROOT>/external_datasets/functional_protocol_round4_widechem_boost/meta_gga_r2scan/cif/mp-569175.cif,train,-2.006411403,-4.953839111328125,-1.9837886135882767,-1.983030605382635,-1.7869179368588108,10,2
mp-1215423,Zr2P3S,<PROJECT_ROOT>/external_datasets/functional_protocol_round4_widechem_boost/meta_gga_r2scan/cif/mp-1215423.cif,train,-1.2235015944568464,-7.326691309611003,-1.1760062093094446,-1.1756251274499148,-1.077031233828334,6,3
mp-1104568,Ba9In4H,<PROJECT_ROOT>/external_datasets/functional_protocol_round4_widechem_boost/meta_gga_r2scan/cif/mp-1104568.cif,train,-0.3869868259821406,-2.5807903834751675,-0.4193829840838656,-0.4218664035592416,-1.064379263913264,14,3
mp-1096784,Ni(AsO2)2,<PROJECT_ROOT>/external_datasets/functional_protocol_round4_widechem_boost/meta_gga_r2scan/cif/mp-1096784.cif,train,-1.289111009642856,-5.722983224051339,-1.1459192622086114,-1.1497056619935888,-2.1293269383746702,28,3
mp-861912,TaTiTc2,<PROJECT_ROOT>/external_datasets/functional_protocol_round4_widechem_boost/meta_gga_r2scan/cif/mp-861912.cif,train,-0.5718645084999991,-10.649126052856444,-0.5073535388261678,-0.5067796160617766,-0.3582937236810239,4,3
mp-669320,Ba5Si3,<PROJECT_ROOT>/external_datasets/functional_protocol_round4_widechem_boost/meta_gga_r2scan/cif/mp-669320.cif,train,-0.385668325000001,-3.5687263011932373,-0.3723942589443942,-0.3759844892104498,-1.3048525843663856,32,2
mp-12398,Mg(CoGe)6,<PROJECT_ROOT>/external_datasets/functional_protocol_round4_widechem_boost/meta_gga_r2scan/cif/mp-12398.cif,train,-0.1049887673076936,-5.763001662034255,-0.212424375318565,-0.2117531570872035,-0.0380948806501283,13,3
mp-626275,Ca(H8O5)2,<PROJECT_ROOT>/external_datasets/functional_protocol_round4_widechem_boost/meta_gga_r2scan/cif/mp-626275.cif,train,-1.1589965597222218,-5.030197708695023,-1.3383560971995745,-1.33825303210845,-1.311587924943251,54,3
mp-1208406,Ta2N3,<PROJECT_ROOT>/external_datasets/functional_protocol_round4_widechem_boost/meta_gga_r2scan/cif/mp-1208406.cif,train,-1.2405602671833322,-10.771871948242188,-1.1459379468183355,-1.1454362959616011,-1.015648666426966,20,2
mp-1188559,YAgSe2,<PROJECT_ROOT>/external_datasets/functional_protocol_round4_widechem_boost/meta_gga_r2scan/cif/mp-1188559.cif,train,-1.42491480703125,-5.283079624176025,-1.3184652875414464,-1.3166229175486013,-0.8399630436703339,16,3
mp-1212441,Hf3Ni3Sb4,<PROJECT_ROOT>/external_datasets/functional_protocol_round4_widechem_boost/meta_gga_r2scan/cif/mp-1212441.cif,train,-0.6001020090000054,-6.936679840087891,-0.6070881985220167,-0.6074710804428092,-0.7065306877885864,20,3
mp-9570,Ca(CdP)2,<PROJECT_ROOT>/external_datasets/functional_protocol_round4_widechem_boost/meta_gga_r2scan/cif/mp-9570.cif,train,-0.6936751291904756,-3.494457244873047,-0.6040349296130518,-0.604006230008002,-0.5965810384541846,5,3
mp-1029799,Sr4TiN4,<PROJECT_ROOT>/external_datasets/functional_protocol_round4_widechem_boost/meta_gga_r2scan/cif/mp-1029799.cif,train,-1.1431295579629648,-6.272198147243923,-1.1252583706713644,-1.126297076107293,-1.3950320229496782,18,3
mp-5853,LiSi2N3,<PROJECT_ROOT>/external_datasets/functional_protocol_round4_widechem_boost/meta_gga_r2scan/cif/mp-5853.cif,train,-1.3625658171527786,-7.435447692871094,-1.2605294487122478,-1.259373281473228,-0.9602484952025856,12,3
mp-1262600,AlCrF5,<PROJECT_ROOT>/external_datasets/functional_protocol_round4_widechem_boost/meta_gga_r2scan/cif/mp-1262600.cif,train,-3.3239528257142856,-6.04719488961356,-3.1664417183250437,-3.165046118711298,-2.803975140321504,7,3
mp-554821,Tb(IO3)3,<PROJECT_ROOT>/external_datasets/functional_protocol_round4_widechem_boost/meta_gga_r2scan/cif/mp-554821.cif,train,-1.1150234652884614,-5.130881676307092,-1.4795498817304704,-1.4841972655179267,-2.686573215296355,52,3
mp-1227810,Ca3PbSe4,<PROJECT_ROOT>/external_datasets/functional_protocol_round4_widechem_boost/meta_gga_r2scan/cif/mp-1227810.cif,train,-1.8885444670312488,-4.605173110961914,-1.8031401743946,-1.8008912327984632,-1.2190427323690225,8,3
mp-1094634,Mg2Ga,<PROJECT_ROOT>/external_datasets/functional_protocol_round4_widechem_boost/meta_gga_r2scan/cif/mp-1094634.cif,train,-0.0617024383333332,-2.153682231903076,-0.0615906652486177,-0.0617502105227618,-0.1030279291923594,6,2
mp-2011167,CsInI3,<PROJECT_ROOT>/external_datasets/functional_protocol_round4_widechem_boost/meta_gga_r2scan/cif/mp-2011167.cif,train,-1.0796855625000006,-2.56296501159668,-1.051808145056416,-1.050997795819943,-0.8413434015595661,5,3
mp-2240937,Ba2YbMg(CuO2)4,<PROJECT_ROOT>/external_datasets/functional_protocol_round4_widechem_boost/meta_gga_r2scan/cif/mp-2240937.cif,train,-1.8538661000000007,-5.463777542114258,-1.8718716425093824,-1.871954023315228,-1.8932676707781888,16,5
mp-646399,Gd(NiGe)2,<PROJECT_ROOT>/external_datasets/functional_protocol_round4_widechem_boost/meta_gga_r2scan/cif/mp-646399.cif,train,-0.6963449940000004,-7.663861846923828,-0.6905698267352607,-0.689582228521961,-0.4340697952798554,5,3
mp-1185891,MgIn,<PROJECT_ROOT>/external_datasets/functional_protocol_round4_widechem_boost/meta_gga_r2scan/cif/mp-1185891.cif,train,-0.1067848699999984,-2.2367959022521973,-0.1030176305148558,-0.1028018446914762,-0.0469735128381891,4,2
mp-1094985,Mg2Cd,<PROJECT_ROOT>/external_datasets/functional_protocol_round4_widechem_boost/meta_gga_r2scan/cif/mp-1094985.cif,train,-0.0656144266666665,-1.433570067087809,-0.0490929969485498,-0.0488016265575739,0.0265820229569154,6,2
mp-1187961,Yb3Pm,<PROJECT_ROOT>/external_datasets/functional_protocol_round4_widechem_boost/meta_gga_r2scan/cif/mp-1187961.cif,train,0.0864073068749959,-2.171830177307129,-0.0667106974722084,-0.0685520496747313,-0.5449485997892347,4,2
mp-1103152,CsBrF4,<PROJECT_ROOT>/external_datasets/functional_protocol_round4_widechem_boost/meta_gga_r2scan/cif/mp-1103152.cif,train,-1.7300412712499995,-3.3347206115722656,-2.0133073546336417,-2.0169935397973013,-2.970687185495129,12,3
mp-570196,Zr5Sb4,<PROJECT_ROOT>/external_datasets/functional_protocol_round4_widechem_boost/meta_gga_r2scan/cif/mp-570196.cif,train,-0.7697531511111132,-7.262418958875868,-0.7658239592375091,-0.7657604830487603,-0.7493378577107469,18,2
mp-949,CoPt,<PROJECT_ROOT>/external_datasets/functional_protocol_round4_widechem_boost/meta_gga_r2scan/cif/mp-949.cif,train,-0.1486707774999942,-6.6662702560424805,-0.1400722058766135,-0.140663539559056,-0.2936540027058988,4,2
mp-569564,Th2Al2C3,<PROJECT_ROOT>/external_datasets/functional_protocol_round4_widechem_boost/meta_gga_r2scan/cif/mp-569564.cif,train,-0.4694336021428569,-7.481193542480469,-0.3610259052639293,-0.3607974800915174,-0.3016990827589068,14,3
mp-8654,PrSiRu,<PROJECT_ROOT>/external_datasets/functional_protocol_round4_widechem_boost/meta_gga_r2scan/cif/mp-8654.cif,train,-0.8134791888888889,-7.256959915161133,-0.7730832614913927,-0.7724913957695465,-0.6193632828424134,6,3
mp-865081,NaAcTe2,<PROJECT_ROOT>/external_datasets/functional_protocol_round4_widechem_boost/meta_gga_r2scan/cif/mp-865081.cif,train,-1.513576809374996,-4.188030242919922,-1.352249152614935,-1.3491765207655568,-0.5542220243923954,4,3
mp-1184031,Ga3Sn,<PROJECT_ROOT>/external_datasets/functional_protocol_round4_widechem_boost/meta_gga_r2scan/cif/mp-1184031.cif,train,0.1934804925000008,-3.219223737716675,0.0589943676155586,0.0574963856466412,-0.3300630617771369,4,2
mp-3346464,CaMg2(CO3)3,<PROJECT_ROOT>/external_datasets/functional_protocol_round4_widechem_boost/meta_gga_r2scan/cif/mp-3346464.cif,train,-2.2667572419166664,-7.262733968098958,-2.485261182274382,-2.483775614450457,-2.0994279674830008,30,4
mp-28212,Nb4O5,<PROJECT_ROOT>/external_datasets/functional_protocol_round4_widechem_boost/meta_gga_r2scan/cif/mp-28212.cif,train,-2.302234417083336,-9.321779039171007,-2.3610004020277118,-2.360264728058368,-2.1699303962993746,18,2
mp-541355,Rb2(TcSe2)3,<PROJECT_ROOT>/external_datasets/functional_protocol_round4_widechem_boost/meta_gga_r2scan/cif/mp-541355.cif,train,-0.88634588653409,-5.645274769176137,-0.8568433385720038,-0.8565706195175986,-0.7860124631337722,44,3
mp-979989,Yb2AgPd,<PROJECT_ROOT>/external_datasets/functional_protocol_round4_widechem_boost/meta_gga_r2scan/cif/mp-979989.cif,train,-0.6740214587499977,-3.394777774810791,-0.7480125346999902,-0.7463061309682457,-0.3048235890709693,4,3
mp-865679,TiSnPd2,<PROJECT_ROOT>/external_datasets/functional_protocol_round4_widechem_boost/meta_gga_r2scan/cif/mp-865679.cif,train,-0.603945289166667,-6.166926860809326,-0.5870428698378998,-0.5875029100327698,-0.7065249860089798,4,3
mp-861619,TiZnPt2,<PROJECT_ROOT>/external_datasets/functional_protocol_round4_widechem_boost/meta_gga_r2scan/cif/mp-861619.cif,train,-0.8192933479166626,-6.064034461975098,-0.804220268381389,-0.804452222733941,-0.864463693209363,4,3
mp-707219,K2Zr2ZnH12(OF2)6,<PROJECT_ROOT>/external_datasets/functional_protocol_round4_widechem_boost/meta_gga_r2scan/cif/mp-707219.cif,train,-2.2968573550000007,-5.378969029017857,-2.398916741160666,-2.3973982039221067,-2.004520675846918,70,6
mp-1013554,Sr3PN,<PROJECT_ROOT>/external_datasets/functional_protocol_round4_widechem_boost/meta_gga_r2scan/cif/mp-1013554.cif,train,-0.95271940134524,-4.536604309082032,-0.9193544019585298,-0.9210655722506712,-1.363781323602188,5,3
mp-504759,MoF5,<PROJECT_ROOT>/external_datasets/functional_protocol_round4_widechem_boost/meta_gga_r2scan/cif/mp-504759.cif,train,-2.631161137083333,-5.07822831471761,-2.1397578417724006,-2.1436413162813928,-3.1483778658644,24,2
mp-778504,Ti5Ni(PO4)6,<PROJECT_ROOT>/external_datasets/functional_protocol_round4_widechem_boost/meta_gga_r2scan/cif/mp-778504.cif,train,-2.6428458758664024,-7.772206624348958,-2.7414090022390303,-2.740986365846888,-2.6316414404755006,36,4
mp-1078259,GaBO3,<PROJECT_ROOT>/external_datasets/functional_protocol_round4_widechem_boost/meta_gga_r2scan/cif/mp-1078259.cif,train,-2.35329538675,-7.01947250366211,-2.476588530884414,-2.475706011052762,-2.2473795656110296,10,3
mp-1216662,U2AsSe,<PROJECT_ROOT>/external_datasets/functional_protocol_round4_widechem_boost/meta_gga_r2scan/cif/mp-1216662.cif,train,-1.323119237890623,-8.502128601074219,-1.1243779410865358,-1.1255716618866949,-1.4344123444141037,4,3
mp-1214730,Ba2CaGa2CuF14,<PROJECT_ROOT>/external_datasets/functional_protocol_round4_widechem_boost/meta_gga_r2scan/cif/mp-1214730.cif,train,-3.350791585750001,-5.181142425537109,-3.401771087953714,-3.4000409042884696,-2.9524059933501188,40,5
mp-1186603,PmMg3,<PROJECT_ROOT>/external_datasets/functional_protocol_round4_widechem_boost/meta_gga_r2scan/cif/mp-1186603.cif,train,-0.1319088456250003,-2.501440525054932,-0.1073498720636298,-0.1074375806383773,-0.1301296339937934,4,2
mp-19385,YMnO3,<PROJECT_ROOT>/external_datasets/functional_protocol_round4_widechem_boost/meta_gga_r2scan/cif/mp-19385.cif,train,-3.0748073378132177,-8.367274983723958,-2.8302896752705795,-2.8280918798714927,-2.259475976546702,30,3
mp-4181,Pr2CuO4,<PROJECT_ROOT>/external_datasets/functional_protocol_round4_widechem_boost/meta_gga_r2scan/cif/mp-4181.cif,train,-2.8191595854761897,-7.321270533970424,-2.922359657682425,-2.9193804664359524,-2.148601019679391,7,3
mp-23388,Bi2(MoO4)3,<PROJECT_ROOT>/external_datasets/functional_protocol_round4_widechem_boost/meta_gga_r2scan/cif/mp-23388.cif,train,-1.9437160947058825,-6.687712725471048,-1.3231037760832711,-1.3269295224910698,-2.3167305979066617,68,3
mp-1187627,YbNdAu2,<PROJECT_ROOT>/external_datasets/functional_protocol_round4_widechem_boost/meta_gga_r2scan/cif/mp-1187627.cif,train,-0.8938204881250016,-4.085939407348633,-0.99013045861679,-0.9884957283693572,-0.5655566246116043,4,3
mp-674219,LiCr3O8,<PROJECT_ROOT>/external_datasets/functional_protocol_round4_widechem_boost/meta_gga_r2scan/cif/mp-674219.cif,train,-2.012852740555555,-6.792215983072917,-1.4386023343365624,-1.4419908903321073,-2.318681609206786,24,3
mp-1185012,LaErTl2,<PROJECT_ROOT>/external_datasets/functional_protocol_round4_widechem_boost/meta_gga_r2scan/cif/mp-1185012.cif,train,-0.4702856195833362,-3.923495292663574,-0.4420778344121441,-0.4423091415819806,-0.5021531722772183,4,3
mp-2019999,BiO2,<PROJECT_ROOT>/external_datasets/functional_protocol_round4_widechem_boost/meta_gga_r2scan/cif/mp-2019999.cif,train,-1.0457335374999983,-5.568488438924153,-1.3742279931345225,-1.3774063995256336,-2.19972699495535,12,2
mp-22137,DyCoO3,<PROJECT_ROOT>/external_datasets/functional_protocol_round4_widechem_boost/meta_gga_r2scan/cif/mp-22137.cif,train,-2.64594781575,-7.164944458007812,-2.266643003140306,-2.26645293774168,-2.2172790208359325,20,3
mp-18921,NaCoO2,<PROJECT_ROOT>/external_datasets/functional_protocol_round4_widechem_boost/meta_gga_r2scan/cif/mp-18921.cif,train,-1.6012494593750004,-5.297764778137207,-1.076380259896384,-1.0790932685284416,-1.7810056734246855,4,3
mp-1216763,TiVO3,<PROJECT_ROOT>/external_datasets/functional_protocol_round4_widechem_boost/meta_gga_r2scan/cif/mp-1216763.cif,train,-2.9580599965833345,-8.56566162109375,-2.6990593354648302,-2.698218506574487,-2.4806783846748144,10,3
mp-1080274,CeSe2,<PROJECT_ROOT>/external_datasets/functional_protocol_round4_widechem_boost/meta_gga_r2scan/cif/mp-1080274.cif,train,-1.7468440627083293,-5.843727111816406,-1.7483830784346628,-1.7473688603537303,-1.4849693073758574,3,2
mp-1183095,Ac3La,<PROJECT_ROOT>/external_datasets/functional_protocol_round4_widechem_boost/meta_gga_r2scan/cif/mp-1183095.cif,train,0.0320810531250046,-4.291400909423828,-0.0603307443394536,-0.0625286695115558,-0.6311781478506893,4,2
mp-983410,Ho2CuPd,<PROJECT_ROOT>/external_datasets/functional_protocol_round4_widechem_boost/meta_gga_r2scan/cif/mp-983410.cif,train,-0.602262679999999,-5.193723678588867,-0.64358940131351,-0.6438210513589473,-0.7037537911865748,4,3
mp-2717324,CaCO3,<PROJECT_ROOT>/external_datasets/functional_protocol_round4_widechem_boost/meta_gga_r2scan/cif/mp-2717324.cif,train,-2.407895178583334,-7.477126057942709,-2.67020114711391,-2.668741879205077,-2.291198573526444,15,3
mp-1100785,SrEuIn2,<PROJECT_ROOT>/external_datasets/functional_protocol_round4_widechem_boost/meta_gga_r2scan/cif/mp-1100785.cif,train,-0.5466107537499987,-4.796414852142334,-0.5460370341602534,-0.5467912503478622,-0.7419228440359732,4,3
mp-1216109,Zr3NbCr4F24,<PROJECT_ROOT>/external_datasets/functional_protocol_round4_widechem_boost/meta_gga_r2scan/cif/mp-1216109.cif,train,-3.34683482390625,-6.599628925323486,-3.257337673884619,-3.256350871393267,-3.0010443081633165,32,4
mp-20882,CeBO3,<PROJECT_ROOT>/external_datasets/functional_protocol_round4_widechem_boost/meta_gga_r2scan/cif/mp-20882.cif,train,-3.3055611927499995,-8.464792633056641,-3.382802902677473,-3.3793386216418435,-2.483056241914424,20,3
mp-571527,Cs2LiInCl6,<PROJECT_ROOT>/external_datasets/functional_protocol_round4_widechem_boost/meta_gga_r2scan/cif/mp-571527.cif,train,-1.884369980666665,-3.3962554931640625,-1.819848424629108,-1.8182707495341148,-1.4100930139372505,20,4
mp-770379,Tm2GeO5,<PROJECT_ROOT>/external_datasets/functional_protocol_round4_widechem_boost/meta_gga_r2scan/cif/mp-770379.cif,train,-3.25969544109375,-7.750154495239258,-3.3698152805945165,-3.366086510385613,-2.4013752176457004,32,3
mp-aaaieiuq,VIn(PbO3)2,<PROJECT_ROOT>/external_datasets/functional_protocol_round4_widechem_boost/meta_gga_r2scan/cif/mp-aaaieiuq.cif,train,-1.7836237572499982,-6.142340469360351,-1.6927784280221454,-1.6941588318234793,-2.0512983338776234,10,4
mp-27233,SrAl,<PROJECT_ROOT>/external_datasets/functional_protocol_round4_widechem_boost/meta_gga_r2scan/cif/mp-27233.cif,train,-0.1914025643750001,-2.887302160263061,-0.257478341156681,-0.2605320077399264,-1.0505797908089662,64,2
mp-4179,YbPO4,<PROJECT_ROOT>/external_datasets/functional_protocol_round4_widechem_boost/meta_gga_r2scan/cif/mp-4179.cif,train,-3.372331683829365,-6.92287000020345,-2.9359763208813496,-2.93426850764046,-2.492421296076251,12,3
mp-977563,LiNbIr2,<PROJECT_ROOT>/external_datasets/functional_protocol_round4_widechem_boost/meta_gga_r2scan/cif/mp-977563.cif,train,-0.5656061666666616,-7.90715217590332,-0.5155137618767842,-0.5159749355173977,-0.6352902577430503,4,3
mp-1080058,KIO3,<PROJECT_ROOT>/external_datasets/functional_protocol_round4_widechem_boost/meta_gga_r2scan/cif/mp-1080058.cif,train,-1.035432199499999,-4.437385559082031,-1.352456990578597,-1.3564933174016751,-2.4007759760917367,10,3
mp-1207436,Zr9Pd11,<PROJECT_ROOT>/external_datasets/functional_protocol_round4_widechem_boost/meta_gga_r2scan/cif/mp-1207436.cif,train,-0.6725108172500001,-7.333914184570313,-0.6909512214364115,-0.6912907832373136,-0.7791425642684635,20,2
mp-1045401,Li(MnS2)2,<PROJECT_ROOT>/external_datasets/functional_protocol_round4_widechem_boost/meta_gga_r2scan/cif/mp-1045401.cif,train,-1.0060263424117395,-5.96992438180106,-1.1209848208971724,-1.121373014370474,-1.2218068320793432,14,3
mp-7883,Ca(GeAu)2,<PROJECT_ROOT>/external_datasets/functional_protocol_round4_widechem_boost/meta_gga_r2scan/cif/mp-7883.cif,train,-0.466261312000006,-3.987310791015625,-0.4529643700238037,-0.4534380305272787,-0.5759839668560841,5,3
mp-1185479,Lu3Sc,<PROJECT_ROOT>/external_datasets/functional_protocol_round4_widechem_boost/meta_gga_r2scan/cif/mp-1185479.cif,train,0.0190046925000046,-4.965934753417969,-0.0606282951717176,-0.064361511790655,-1.0302231843352043,8,2
mp-1187096,Sr2ZnHg,<PROJECT_ROOT>/external_datasets/functional_protocol_round4_widechem_boost/meta_gga_r2scan/cif/mp-1187096.cif,train,-0.3446713656250004,-1.5861209630966189,-0.4326917093643463,-0.4341628629959793,-0.8147812551969353,4,3
mp-568130,NdAlPt,<PROJECT_ROOT>/external_datasets/functional_protocol_round4_widechem_boost/meta_gga_r2scan/cif/mp-568130.cif,train,-1.153334611666665,-5.915177663167317,-1.1316100605688977,-1.1304864029766728,-0.8397725462196706,12,3
mp-978846,SnI2,<PROJECT_ROOT>/external_datasets/functional_protocol_round4_widechem_boost/meta_gga_r2scan/cif/mp-978846.cif,train,-0.4916348349999992,-2.8358481725056968,-0.575269458746817,-0.576236066719356,-0.8263178831137963,6,2
mp-1215847,Yb2Al3Cu,<PROJECT_ROOT>/external_datasets/functional_protocol_round4_widechem_boost/meta_gga_r2scan/cif/mp-1215847.cif,train,-0.5223677200000006,-3.368558565775553,-0.4053208120146343,-0.4052325701058104,-0.3824025320065299,6,3
mp-9068,K2NaAlP2,<PROJECT_ROOT>/external_datasets/functional_protocol_round4_widechem_boost/meta_gga_r2scan/cif/mp-9068.cif,train,-0.69576564390873,-3.5652974446614585,-0.5770009950652324,-0.5774030959954652,-0.6814350653881376,12,4
mp-14963,Pr3NbO7,<PROJECT_ROOT>/external_datasets/functional_protocol_round4_widechem_boost/meta_gga_r2scan/cif/mp-14963.cif,train,-3.4575706828409083,-8.538237831809305,-3.573903340603077,-3.569535093103018,-2.439377572878316,22,3
mp-1233113,BaCaAl3P2(HO7)2,<PROJECT_ROOT>/external_datasets/functional_protocol_round4_widechem_boost/meta_gga_r2scan/cif/mp-1233113.cif,train,-2.5661208587370603,-6.770070615022079,-2.729469914713289,-2.72794875218538,-2.3343920065199235,23,6
mp-556517,K2PbO2,<PROJECT_ROOT>/external_datasets/functional_protocol_round4_widechem_boost/meta_gga_r2scan/cif/mp-556517.cif,train,-1.4187648905000003,-4.426332092285156,-1.5109827707765755,-1.5111986808327975,-1.5670591543374934,20,3
mp-5083,Er(CuGe)2,<PROJECT_ROOT>/external_datasets/functional_protocol_round4_widechem_boost/meta_gga_r2scan/cif/mp-5083.cif,train,-0.5258627246666663,-4.869581604003907,-0.4665204447774727,-0.4660868522165744,-0.3539073355037831,5,3
mp-1078313,Bi2Pt,<PROJECT_ROOT>/external_datasets/functional_protocol_round4_widechem_boost/meta_gga_r2scan/cif/mp-1078313.cif,train,-0.234871187777786,-4.83299806382921,-0.2122251015766281,-0.2120639321466226,-0.1703660101882705,9,2
mp-7199,RbPrTe4,<PROJECT_ROOT>/external_datasets/functional_protocol_round4_widechem_boost/meta_gga_r2scan/cif/mp-7199.cif,train,-1.146915325486115,-4.015043576558431,-1.034876307471032,-1.0333888516414431,-0.6485527378956228,12,3
mp-1207634,YFeB4,<PROJECT_ROOT>/external_datasets/functional_protocol_round4_widechem_boost/meta_gga_r2scan/cif/mp-1207634.cif,train,-0.583678833750002,-7.534422556559245,-0.585581928849563,-0.5853004576970475,-0.5124779494162326,24,3
mp-27322,Nb2Te3O11,<PROJECT_ROOT>/external_datasets/functional_protocol_round4_widechem_boost/meta_gga_r2scan/cif/mp-27322.cif,train,-1.8250883844531245,-6.94327449798584,-2.1166573105104733,-2.1182462526310184,-2.529339004748232,32,3
mp-1186569,PmEuHg2,<PROJECT_ROOT>/external_datasets/functional_protocol_round4_widechem_boost/meta_gga_r2scan/cif/mp-1186569.cif,train,-0.583301554374998,-4.405074596405029,-0.5314278990675954,-0.5309910419237296,-0.4179669089306258,4,3
mp-5563,Ag5GeO4,<PROJECT_ROOT>/external_datasets/functional_protocol_round4_widechem_boost/meta_gga_r2scan/cif/mp-5563.cif,train,-0.6594064650000035,-4.391947555541992,-0.7474422315123372,-0.7493353155980742,-1.2391159921446708,40,3
mp-2501,BMo2,<PROJECT_ROOT>/external_datasets/functional_protocol_round4_widechem_boost/meta_gga_r2scan/cif/mp-2501.cif,train,-0.3221631141666681,-9.772120157877604,-0.5256234135472155,-0.5235563208204068,0.0112440516746816,6,2
mp-9899,BaAgP,<PROJECT_ROOT>/external_datasets/functional_protocol_round4_widechem_boost/meta_gga_r2scan/cif/mp-9899.cif,train,-0.8283560326587297,-4.115516662597656,-0.7428472420216661,-0.7426620338579477,-0.6947447858100995,6,3
mp-568537,YbInAu2,<PROJECT_ROOT>/external_datasets/functional_protocol_round4_widechem_boost/meta_gga_r2scan/cif/mp-568537.cif,train,-0.7795896262500008,-3.3820528984069824,-0.7908543011970748,-0.7890212994803507,-0.3147851957095692,4,3
mp-1077903,Tl2Pd3Se2,<PROJECT_ROOT>/external_datasets/functional_protocol_round4_widechem_boost/meta_gga_r2scan/cif/mp-1077903.cif,train,-0.3938889040178586,-4.228470393589565,-0.3947565980240832,-0.3953205367235677,-0.5412233414888943,7,3
mp-1215452,ZnSnSb2,<PROJECT_ROOT>/external_datasets/functional_protocol_round4_widechem_boost/meta_gga_r2scan/cif/mp-1215452.cif,train,-0.0988796462499976,-3.4317777156829834,-0.0533042512671677,-0.0538662740162054,-0.1992733820964245,4,3
mp-18309,Ba2CdS3,<PROJECT_ROOT>/external_datasets/functional_protocol_round4_widechem_boost/meta_gga_r2scan/cif/mp-18309.cif,train,-1.8400659914062487,-4.465220769246419,-1.7806893650907538,-1.7792924322772556,-1.417876527066877,24,3
mp-1087498,Ce(AsRh)2,<PROJECT_ROOT>/external_datasets/functional_protocol_round4_widechem_boost/meta_gga_r2scan/cif/mp-1087498.cif,train,-1.0338664959999988,-6.911690521240234,-1.0306951029613742,-1.0298454843643157,-0.810031280435898,10,3
mp-865789,YbInAg2,<PROJECT_ROOT>/external_datasets/functional_protocol_round4_widechem_boost/meta_gga_r2scan/cif/mp-865789.cif,train,-0.3933073812500005,-2.8319671154022217,-0.410860957314199,-0.4092655877378348,0.0034900824097521,4,3
mp-1225766,DyThFe6,<PROJECT_ROOT>/external_datasets/functional_protocol_round4_widechem_boost/meta_gga_r2scan/cif/mp-1225766.cif,train,0.0155554777083324,-7.921533584594727,-0.1988312208986586,-0.1980345484333945,0.0080813774009643,24,3
mp-12004,Er2Al3Si2,<PROJECT_ROOT>/external_datasets/functional_protocol_round4_widechem_boost/meta_gga_r2scan/cif/mp-12004.cif,train,-0.5695916452380955,-4.999324798583984,-0.5546397940528172,-0.5555245056526488,-0.7844180076290383,7,3
mp-17806,Ta2V4Si5,<PROJECT_ROOT>/external_datasets/functional_protocol_round4_widechem_boost/meta_gga_r2scan/cif/mp-17806.cif,train,-0.4072555167878807,-8.31159765070135,-0.5403741732982912,-0.5411560025683375,-0.7434316815644412,22,3
mp-861889,Sc3Tc,<PROJECT_ROOT>/external_datasets/functional_protocol_round4_widechem_boost/meta_gga_r2scan/cif/mp-861889.cif,train,-0.0331282412499991,-7.4061598777771,-0.087829386638397,-0.0901665698191038,-0.6948450244408213,8,2
mp-1215387,Zr4CN3,<PROJECT_ROOT>/external_datasets/functional_protocol_round4_widechem_boost/meta_gga_r2scan/cif/mp-1215387.cif,train,-1.7637025482812485,-10.033260345458984,-1.643431358828133,-1.6407837515400798,-0.955792050142231,8,3
mp-1079487,Nb(SBr)2,<PROJECT_ROOT>/external_datasets/functional_protocol_round4_widechem_boost/meta_gga_r2scan/cif/mp-1079487.cif,train,-0.981668903124998,-5.171517562866211,-1.01952228575822,-1.0214561844591543,-1.5217964605494654,10,3
mp-980662,YTmAl2,<PROJECT_ROOT>/external_datasets/functional_protocol_round4_widechem_boost/meta_gga_r2scan/cif/mp-980662.cif,train,-0.4351222950000029,-5.004817962646484,-0.4470322242296136,-0.4478064425221415,-0.6481130015224623,4,3
mp-30777,MgPt3,<PROJECT_ROOT>/external_datasets/functional_protocol_round4_widechem_boost/meta_gga_r2scan/cif/mp-30777.cif,train,-0.6398716262499988,-5.523018836975098,-0.6402941934440545,-0.6404842418227874,-0.6896537553223716,4,2
mp-546794,SiO2,<PROJECT_ROOT>/external_datasets/functional_protocol_round4_widechem_boost/meta_gga_r2scan/cif/mp-546794.cif,train,-3.032248485833333,-7.907559712727864,-3.193685522156424,-3.1911644200534424,-2.538902271241138,6,2
mp-22199,KIn5S8,<PROJECT_ROOT>/external_datasets/functional_protocol_round4_widechem_boost/meta_gga_r2scan/cif/mp-22199.cif,train,-0.8605360611607134,-4.0726149422781805,-0.8429690931387848,-0.8439815470667709,-1.105924676565699,14,3
mp-30332,BaAgBi,<PROJECT_ROOT>/external_datasets/functional_protocol_round4_widechem_boost/meta_gga_r2scan/cif/mp-30332.cif,train,-0.3187915633333347,-3.1729246775309243,-0.2866059999754387,-0.2868671468196719,-0.3544313290005921,6,3
mp-2778,HoAg,<PROJECT_ROOT>/external_datasets/functional_protocol_round4_widechem_boost/meta_gga_r2scan/cif/mp-2778.cif,train,-0.3479960749999975,-4.040677547454834,-0.3665207167427158,-0.3668598298322445,-0.4545955197963171,2,2
mp-29808,Ca4GeN4,<PROJECT_ROOT>/external_datasets/functional_protocol_round4_widechem_boost/meta_gga_r2scan/cif/mp-29808.cif,train,-1.0057027491666668,-5.919475555419922,-0.9859721805226274,-0.986666416121647,-1.1662797697676943,36,3
mp-3545,CeMgSi2,<PROJECT_ROOT>/external_datasets/functional_protocol_round4_widechem_boost/meta_gga_r2scan/cif/mp-3545.cif,train,-0.5785413950000002,-5.116885185241699,-0.5281192057038782,-0.5291003266855281,-0.7829369638418504,16,3
mp-972415,YErAl2,<PROJECT_ROOT>/external_datasets/functional_protocol_round4_widechem_boost/meta_gga_r2scan/cif/mp-972415.cif,train,-0.4315605733333356,-5.030861854553223,-0.4565110152668694,-0.4575892429625385,-0.7365494298011923,4,3
mp-999490,NaDyS2,<PROJECT_ROOT>/external_datasets/functional_protocol_round4_widechem_boost/meta_gga_r2scan/cif/mp-999490.cif,train,-2.134546867656251,-5.391843318939209,-2.055121036508001,-2.0524309137424623,-1.356439563950298,4,3
mp-12386,ErSi3Ni,<PROJECT_ROOT>/external_datasets/functional_protocol_round4_widechem_boost/meta_gga_r2scan/cif/mp-12386.cif,train,-0.7014016006666651,-6.004962539672851,-0.6629608547926127,-0.6633646281229275,-0.7678292825952909,10,3
mp-1213927,Ce3PBr3,<PROJECT_ROOT>/external_datasets/functional_protocol_round4_widechem_boost/meta_gga_r2scan/cif/mp-1213927.cif,train,-1.8968731036394544,-5.582776205880301,-1.7692993313083,-1.7683047401899143,-1.5109830953054892,28,3
mp-1186332,NdTm3,<PROJECT_ROOT>/external_datasets/functional_protocol_round4_widechem_boost/meta_gga_r2scan/cif/mp-1186332.cif,train,0.0011880618749984,-4.53400993347168,-0.0753682376132651,-0.078705679306112,-0.942172052821266,8,2
mp-1209286,Rb6CdO4,<PROJECT_ROOT>/external_datasets/functional_protocol_round4_widechem_boost/meta_gga_r2scan/cif/mp-1209286.cif,train,-1.1847434925000009,-3.418359236283736,-1.2740602152998477,-1.2754580092013823,-1.637096696005209,22,3
mp-31447,TbAgPb,<PROJECT_ROOT>/external_datasets/functional_protocol_round4_widechem_boost/meta_gga_r2scan/cif/mp-31447.cif,train,-0.5322687750000009,-4.136091232299805,-0.4200596081980761,-0.4188022010520287,-0.0934845211228236,6,3
mp-15161,Tb2Ru2O7,<PROJECT_ROOT>/external_datasets/functional_protocol_round4_widechem_boost/meta_gga_r2scan/cif/mp-15161.cif,train,-2.4729979132954543,-7.823706193403765,-2.572869337776388,-2.572128773032044,-2.380529094895457,22,3
mp-568018,RbSb2,<PROJECT_ROOT>/external_datasets/functional_protocol_round4_widechem_boost/meta_gga_r2scan/cif/mp-568018.cif,train,-0.4041293704166691,-3.366714795430501,-0.3288452431823883,-0.3292442437683762,-0.432474088878839,6,2
mp-864983,MnVRu2,<PROJECT_ROOT>/external_datasets/functional_protocol_round4_widechem_boost/meta_gga_r2scan/cif/mp-864983.cif,train,-0.3200214536206864,-9.361970901489258,-0.5262914820848401,-0.5256274936864802,-0.3538397271481329,4,3
mp-771147,Dy2P4O13,<PROJECT_ROOT>/external_datasets/functional_protocol_round4_widechem_boost/meta_gga_r2scan/cif/mp-771147.cif,train,-2.9463088663502504,-7.701048198499177,-3.139883271684055,-3.1379122731692126,-2.6279734947786886,38,3
mp-1190687,CsLi2Cl3,<PROJECT_ROOT>/external_datasets/functional_protocol_round4_widechem_boost/meta_gga_r2scan/cif/mp-1190687.cif,train,-2.089566094722221,-3.5782035191853843,-2.037082838991385,-2.034521915070444,-1.37195702423007,24,3
mp-30465,YBiPd2,<PROJECT_ROOT>/external_datasets/functional_protocol_round4_widechem_boost/meta_gga_r2scan/cif/mp-30465.cif,train,-0.754885816249999,-5.916111946105957,-0.7346286481275524,-0.7333022280823851,-0.3901294593695482,4,3
mp-2714819,Na2Mg2(SO4)3,<PROJECT_ROOT>/external_datasets/functional_protocol_round4_widechem_boost/meta_gga_r2scan/cif/mp-2714819.cif,train,-2.097994697198464,-5.988074587102522,-2.3568649334063307,-2.3574033942374584,-2.4967145384955542,114,4
mp-1196120,Sr4SiAs4,<PROJECT_ROOT>/external_datasets/functional_protocol_round4_widechem_boost/meta_gga_r2scan/cif/mp-1196120.cif,train,-1.2067521206944447,-4.438578287760417,-1.13736624756188,-1.137080840954507,-1.063240147718071,72,3
mp-10651,YbSi,<PROJECT_ROOT>/external_datasets/functional_protocol_round4_widechem_boost/meta_gga_r2scan/cif/mp-10651.cif,train,-0.8845694450000039,-3.906309604644776,-0.5308953702405668,-0.5314222539105176,-0.6677381430387029,4,2
mp-9197,Li3AsO4,<PROJECT_ROOT>/external_datasets/functional_protocol_round4_widechem_boost/meta_gga_r2scan/cif/mp-9197.cif,train,-2.1174949346875,-5.683228015899658,-2.2886846655843605,-2.2878883695525225,-2.0818698349405613,16,3
mp-778152,Sc2Pt2O7,<PROJECT_ROOT>/external_datasets/functional_protocol_round4_widechem_boost/meta_gga_r2scan/cif/mp-778152.cif,train,-2.15310266465909,-7.31382265957919,-2.3363883472349274,-2.3371533973943768,-2.535087967495639,22,3
mp-1217923,TaNi6Mo,<PROJECT_ROOT>/external_datasets/functional_protocol_round4_widechem_boost/meta_gga_r2scan/cif/mp-1217923.cif,train,-0.1921224709166686,-7.39434814453125,-0.2908241761803438,-0.2904719767733654,-0.1993505812018007,8,3
mp-1198980,Tb5Pt4,<PROJECT_ROOT>/external_datasets/functional_protocol_round4_widechem_boost/meta_gga_r2scan/cif/mp-1198980.cif,train,-1.268977607222218,-6.414380815294054,-1.2459487658921289,-1.244714095178697,-0.925278808655866,36,2
mp-569257,Ca3(B3Rh4)2,<PROJECT_ROOT>/external_datasets/functional_protocol_round4_widechem_boost/meta_gga_r2scan/cif/mp-569257.cif,train,-0.6930156544117648,-6.793298160328584,-0.6380042421336363,-0.6386737199166763,-0.8118817057534605,17,3
mp-569785,TlPd3,<PROJECT_ROOT>/external_datasets/functional_protocol_round4_widechem_boost/meta_gga_r2scan/cif/mp-569785.cif,train,-0.2013511850000036,-4.66333532333374,-0.1815629562067719,-0.1820016390762378,-0.2954981256905616,4,2
mp-1272141,MnO2,<PROJECT_ROOT>/external_datasets/functional_protocol_round4_widechem_boost/meta_gga_r2scan/cif/mp-1272141.cif,train,-1.9631452573275847,-7.085335413614909,-1.4241611303846922,-1.4278125714367924,-2.3725171845859614,3,2
mp-1226373,Cr3SbAs2,<PROJECT_ROOT>/external_datasets/functional_protocol_round4_widechem_boost/meta_gga_r2scan/cif/mp-1226373.cif,train,-0.249666704583331,-7.090938568115234,-0.248266597773501,-0.2480540093760392,-0.193052918873637,24,3
mp-722912,Hf3Zn3C,<PROJECT_ROOT>/external_datasets/functional_protocol_round4_widechem_boost/meta_gga_r2scan/cif/mp-722912.cif,train,-0.5499298378571496,-6.601194654192243,-0.5099075944463252,-0.510832908012647,-0.7502309928371006,28,3
mp-27264,NaTiF4,<PROJECT_ROOT>/external_datasets/functional_protocol_round4_widechem_boost/meta_gga_r2scan/cif/mp-27264.cif,train,-3.4393183506944447,-5.94304084777832,-3.487234590036969,-3.4851321332696488,-2.9411823395585324,24,3
mp-1222013,MgAl2,<PROJECT_ROOT>/external_datasets/functional_protocol_round4_widechem_boost/meta_gga_r2scan/cif/mp-1222013.cif,train,0.0536275350000003,-2.992014249165853,0.0360652075439857,0.0347605931912147,-0.3027705841864346,3,2
mp-522,CuAu,<PROJECT_ROOT>/external_datasets/functional_protocol_round4_widechem_boost/meta_gga_r2scan/cif/mp-522.cif,train,-0.0599786600000022,-3.723544836044312,-0.0484977943001516,-0.0485903377685028,-0.0725332798070497,4,2
mp-1183069,Ac,<PROJECT_ROOT>/external_datasets/functional_protocol_round4_widechem_boost/meta_gga_r2scan/cif/mp-1183069.cif,train,0.0118217225000023,-4.096289316813151,-0.0535148338446518,-0.0547665545132298,-0.3786130231084414,3,1
mp-863676,Pm2CuSn,<PROJECT_ROOT>/external_datasets/functional_protocol_round4_widechem_boost/meta_gga_r2scan/cif/mp-863676.cif,train,-0.4706487087500015,-4.826789379119873,-0.4403890647688344,-0.4399188461725645,-0.3182634036394429,4,3
mp-1094440,Mg2Zn,<PROJECT_ROOT>/external_datasets/functional_protocol_round4_widechem_boost/meta_gga_r2scan/cif/mp-1094440.cif,train,-0.0161871016666677,-1.5222403208414714,-0.0217741838193707,-0.0216251666468991,0.0169287106483073,6,2
mp-866282,CaThRh2,<PROJECT_ROOT>/external_datasets/functional_protocol_round4_widechem_boost/meta_gga_r2scan/cif/mp-866282.cif,train,-0.657040917499998,-6.674833297729492,-0.7118706568828221,-0.712641816517471,-0.9121570363825492,4,3
mp-1203025,Np2N3,<PROJECT_ROOT>/external_datasets/functional_protocol_round4_widechem_boost/meta_gga_r2scan/cif/mp-1203025.cif,train,-1.6407780142499973,-11.324052429199218,-1.6970571519882736,-1.6966376673978285,-1.5881081794735454,40,2
mp-755896,ZnCrO4,<PROJECT_ROOT>/external_datasets/functional_protocol_round4_widechem_boost/meta_gga_r2scan/cif/mp-755896.cif,train,-1.7572700108333332,-6.004318237304688,-1.3681616603306734,-1.3715824039984683,-2.25660075079824,12,3
mp-21276,PbS,<PROJECT_ROOT>/external_datasets/functional_protocol_round4_widechem_boost/meta_gga_r2scan/cif/mp-21276.cif,train,-0.645146123906251,-4.4560980796813965,-0.665253304888755,-0.6655113153298773,-0.7322640440465074,8,2
mp-1209827,Nd(ZnP)3,<PROJECT_ROOT>/external_datasets/functional_protocol_round4_widechem_boost/meta_gga_r2scan/cif/mp-1209827.cif,train,-0.7153587916326529,-4.131364822387695,-0.6167112141647717,-0.6162987565370468,-0.5095872916526132,14,3
mp-11233,ZrAl,<PROJECT_ROOT>/external_datasets/functional_protocol_round4_widechem_boost/meta_gga_r2scan/cif/mp-11233.cif,train,-0.5293452850000016,-6.612363815307617,-0.5437439926703513,-0.5447149770063531,-0.7959290506893328,4,2
mp-1041411,CaBi4O9,<PROJECT_ROOT>/external_datasets/functional_protocol_round4_widechem_boost/meta_gga_r2scan/cif/mp-1041411.cif,train,-1.4327909156249998,-5.736021859305246,-1.7003604992374417,-1.702397674483323,-2.2294577653112,28,3
mp-1105548,Pr5Bi3,<PROJECT_ROOT>/external_datasets/functional_protocol_round4_widechem_boost/meta_gga_r2scan/cif/mp-1105548.cif,train,-0.9270309897916676,-5.225447177886963,-0.8034566007085946,-0.8019695826607958,-0.4172467322720575,16,2
mp-1219263,Sm6Al3Fe11,<PROJECT_ROOT>/external_datasets/functional_protocol_round4_widechem_boost/meta_gga_r2scan/cif/mp-1219263.cif,train,-0.1274868177499996,-6.76617202758789,-0.2537982846628974,-0.2540078835196224,-0.3082355169510218,40,3
mp-510188,HfGa,<PROJECT_ROOT>/external_datasets/functional_protocol_round4_widechem_boost/meta_gga_r2scan/cif/mp-510188.cif,train,-0.5781334012500045,-6.985972086588542,-0.530587298514142,-0.5327147178314595,-1.0831228483484252,24,2
mp-1205563,Ho2MgCu2,<PROJECT_ROOT>/external_datasets/functional_protocol_round4_widechem_boost/meta_gga_r2scan/cif/mp-1205563.cif,train,-0.2523231550000019,-4.034482192993164,-0.2861258207253518,-0.2866650759231124,-0.4261817395438675,10,3
mp-1103238,LuGaPd,<PROJECT_ROOT>/external_datasets/functional_protocol_round4_widechem_boost/meta_gga_r2scan/cif/mp-1103238.cif,train,-0.955227331388888,-5.139357248942058,-0.9208533709266424,-0.9197018848899932,-0.6217882241525681,12,3
mp-972631,Zr2Co12P7,<PROJECT_ROOT>/external_datasets/functional_protocol_round4_widechem_boost/meta_gga_r2scan/cif/mp-972631.cif,train,-0.7355088345634938,-7.462947300502232,-0.8110227217551786,-0.8086045160737845,-0.182963836096908,21,3
mp-1224834,GaSiNi6,<PROJECT_ROOT>/external_datasets/functional_protocol_round4_widechem_boost/meta_gga_r2scan/cif/mp-1224834.cif,train,-0.3577722006249999,-5.757235050201416,-0.3930931451106723,-0.3926543792212875,-0.2791364136081205,8,3
mp-2006,V3Ir,<PROJECT_ROOT>/external_datasets/functional_protocol_round4_widechem_boost/meta_gga_r2scan/cif/mp-2006.cif,train,-0.558455409999997,-9.517885208129885,-0.9408659312202604,-0.9394777939469768,-0.580337480017079,8,2
mp-1211415,KGdF4,<PROJECT_ROOT>/external_datasets/functional_protocol_round4_widechem_boost/meta_gga_r2scan/cif/mp-1211415.cif,train,-3.960632441874999,-7.449298858642578,-3.968737353049735,-3.9643791173315055,-2.836811855678944,24,3
mp-1106398,V5Ge3B,<PROJECT_ROOT>/external_datasets/functional_protocol_round4_widechem_boost/meta_gga_r2scan/cif/mp-1106398.cif,train,-0.4945707430555536,-7.787645128038195,-0.7499873885547901,-0.7492007078569971,-0.5456698624477373,18,3
mp-1211784,KBa2I5,<PROJECT_ROOT>/external_datasets/functional_protocol_round4_widechem_boost/meta_gga_r2scan/cif/mp-1211784.cif,train,-1.962048389531251,-3.29840087890625,-1.8569208377323931,-1.8543371046604389,-1.185871006649421,32,3
mp-7006,SrNbO3,<PROJECT_ROOT>/external_datasets/functional_protocol_round4_widechem_boost/meta_gga_r2scan/cif/mp-7006.cif,train,-2.9966729072500016,-8.087776184082031,-3.13780066806824,-3.1353241131250487,-2.4945872516596106,5,3
mp-1183243,AcSnPd2,<PROJECT_ROOT>/external_datasets/functional_protocol_round4_widechem_boost/meta_gga_r2scan/cif/mp-1183243.cif,train,-0.6522944868750002,-5.288585662841797,-0.6637642801613435,-0.6627543205538107,-0.401456524229052,4,3
mp-21456,SmMgIn,<PROJECT_ROOT>/external_datasets/functional_protocol_round4_widechem_boost/meta_gga_r2scan/cif/mp-21456.cif,train,-0.5289653461111103,-3.429009119669596,-0.4824798086725135,-0.482592866609723,-0.5118433332912203,9,3
mp-866281,Er2PdRu,<PROJECT_ROOT>/external_datasets/functional_protocol_round4_widechem_boost/meta_gga_r2scan/cif/mp-866281.cif,train,-0.7369339729166668,-6.597249507904053,-0.75879727087578,-0.7589789841238579,-0.8059920239861978,4,3
mp-862446,TaAlRu2,<PROJECT_ROOT>/external_datasets/functional_protocol_round4_widechem_boost/meta_gga_r2scan/cif/mp-862446.cif,train,-0.8320350743333371,-9.278766632080078,-0.7423949889304318,-0.7413282435424611,-0.4653387712564794,4,3
mp-1219707,PrNdAl4,<PROJECT_ROOT>/external_datasets/functional_protocol_round4_widechem_boost/meta_gga_r2scan/cif/mp-1219707.cif,train,-0.5474019931944435,-4.582222620646159,-0.5368724052981646,-0.5372347884091804,-0.6309909224446423,6,3
mp-694855,Li2MoO3,<PROJECT_ROOT>/external_datasets/functional_protocol_round4_widechem_boost/meta_gga_r2scan/cif/mp-694855.cif,train,-2.221132742430555,-6.091940561930339,-1.5872231198646318,-1.5885035453139782,-1.919776544515763,12,3
mp-1214755,BPd6,<PROJECT_ROOT>/external_datasets/functional_protocol_round4_widechem_boost/meta_gga_r2scan/cif/mp-1214755.cif,train,-0.1952448924999998,-5.588333674839565,-0.1700197076791791,-0.1713687645090464,-0.5203981456185871,14,2
mp-22982,CuBiS2,<PROJECT_ROOT>/external_datasets/functional_protocol_round4_widechem_boost/meta_gga_r2scan/cif/mp-22982.cif,train,-0.3473930632812489,-4.33803129196167,-0.3918239562263581,-0.393379316356218,-0.7957837010414874,16,3
mp-976707,H4CN2O,<PROJECT_ROOT>/external_datasets/functional_protocol_round4_widechem_boost/meta_gga_r2scan/cif/mp-976707.cif,train,-0.5244994439062491,-6.06214714050293,-0.6399910499793169,-0.6401439396148083,-0.679699704574316,16,4
mp-569697,Ce(NiP)2,<PROJECT_ROOT>/external_datasets/functional_protocol_round4_widechem_boost/meta_gga_r2scan/cif/mp-569697.cif,train,-1.0435007271904737,-6.6667320251464846,-1.068919032002306,-1.067513310552834,-0.7038236003422368,5,3
mp-754776,Sm2Ge5Ru3,<PROJECT_ROOT>/external_datasets/functional_protocol_round4_widechem_boost/meta_gga_r2scan/cif/mp-754776.cif,train,-0.6963934200000012,-6.681705474853516,-0.6610708788163002,-0.660755862410574,-0.5792544914499618,20,3
mp-30867,ScRu,<PROJECT_ROOT>/external_datasets/functional_protocol_round4_widechem_boost/meta_gga_r2scan/cif/mp-30867.cif,train,-0.5443745349999993,-8.33776569366455,-0.5698489945041665,-0.5702680108828542,-0.6786763626132473,2,2
mp-1185094,LaPmTl2,<PROJECT_ROOT>/external_datasets/functional_protocol_round4_widechem_boost/meta_gga_r2scan/cif/mp-1185094.cif,train,-0.5261263481249969,-4.006852149963379,-0.4683416264460565,-0.4678601616674633,-0.3432950951884543,4,3
mp-542377,Na9Sn4,<PROJECT_ROOT>/external_datasets/functional_protocol_round4_widechem_boost/meta_gga_r2scan/cif/mp-542377.cif,train,-0.2469334476923082,-2.326577846820538,-0.2701456065424525,-0.2711346669968479,-0.5270254127673311,26,2
mp-1007918,DyAu,<PROJECT_ROOT>/external_datasets/functional_protocol_round4_widechem_boost/meta_gga_r2scan/cif/mp-1007918.cif,train,-0.9926896825,-4.821671485900879,-0.9743142806102888,-0.973492542662048,-0.7608916490933989,4,2
mp-1220023,OsRu,<PROJECT_ROOT>/external_datasets/functional_protocol_round4_widechem_boost/meta_gga_r2scan/cif/mp-1220023.cif,train,-0.0148056725000031,-10.253089904785156,-0.0672596854563494,-0.0672551812010828,-0.0660898356147818,2,2
mp-2745640,Eu3NbO7,<PROJECT_ROOT>/external_datasets/functional_protocol_round4_widechem_boost/meta_gga_r2scan/cif/mp-2745640.cif,train,-3.0744907942045487,-9.629004738547586,-3.1682838896219607,-3.1657926892883497,-2.521266757235039,22,3
mp-1009238,Hf2Tl,<PROJECT_ROOT>/external_datasets/functional_protocol_round4_widechem_boost/meta_gga_r2scan/cif/mp-1009238.cif,train,-0.0307923733333363,-7.390628178914388,-0.0162973648054425,-0.0204705010916361,-1.1001486458650374,3,2
mp-7187,TiAlNi2,<PROJECT_ROOT>/external_datasets/functional_protocol_round4_widechem_boost/meta_gga_r2scan/cif/mp-7187.cif,train,-0.6330872191666685,-6.420475482940674,-0.6570869305020279,-0.6568867003637218,-0.6050829514728853,4,3
mp-1229124,Ag3AsO4,<PROJECT_ROOT>/external_datasets/functional_protocol_round4_widechem_boost/meta_gga_r2scan/cif/mp-1229124.cif,train,-0.7546688834374979,-4.728994369506836,-0.9174544491895712,-0.920265551352764,-1.6475568162825436,16,3
mp-1186396,PaGaPt2,<PROJECT_ROOT>/external_datasets/functional_protocol_round4_widechem_boost/meta_gga_r2scan/cif/mp-1186396.cif,train,-0.8397908100000038,-6.961125373840332,-0.841774695201031,-0.8413728666831757,-0.7374113761119993,4,3
mp-644481,ScO,<PROJECT_ROOT>/external_datasets/functional_protocol_round4_widechem_boost/meta_gga_r2scan/cif/mp-644481.cif,train,-3.108423786874999,-8.534687042236328,-3.227257911881166,-3.2235045037387264,-2.252418859289389,2,2
mp-20735,Ce3Sn,<PROJECT_ROOT>/external_datasets/functional_protocol_round4_widechem_boost/meta_gga_r2scan/cif/mp-20735.cif,train,-0.5248223349999996,-5.848256587982178,-0.5483918916444246,-0.5509540972925864,-1.2138505979148648,4,2
mp-35249,Sm2Hf2O7,<PROJECT_ROOT>/external_datasets/functional_protocol_round4_widechem_boost/meta_gga_r2scan/cif/mp-35249.cif,train,-3.900995016022728,-9.373690518465908,-3.9959845633315343,-3.9912112629291703,-2.756258036046173,22,3
mp-971804,ZnNi3,<PROJECT_ROOT>/external_datasets/functional_protocol_round4_widechem_boost/meta_gga_r2scan/cif/mp-971804.cif,train,-0.0982620062499997,-4.758566856384277,-0.1493328694211619,-0.1492712128723576,-0.1333193666687523,4,2
mp-4037,TmNiC2,<PROJECT_ROOT>/external_datasets/functional_protocol_round4_widechem_boost/meta_gga_r2scan/cif/mp-4037.cif,train,-0.4611681199999999,-7.518941879272461,-0.3721860449412215,-0.3714496497766637,-0.1809287296437507,4,3
mp-1080612,GdAlCu,<PROJECT_ROOT>/external_datasets/functional_protocol_round4_widechem_boost/meta_gga_r2scan/cif/mp-1080612.cif,train,-0.4281059722222203,-7.738439771864149,-0.4382102835426664,-0.4381487587030834,-0.4222309884462284,9,3
mp-10877,Ca(Al2Cu)4,<PROJECT_ROOT>/external_datasets/functional_protocol_round4_widechem_boost/meta_gga_r2scan/cif/mp-10877.cif,train,-0.2908487223076926,-3.976909930889423,-0.2765892413763864,-0.276859188134626,-0.346700093183836,13,3
mp-2933,Pr2(ReB2)3,<PROJECT_ROOT>/external_datasets/functional_protocol_round4_widechem_boost/meta_gga_r2scan/cif/mp-2933.cif,train,-0.4740455132575737,-8.33326443758878,-0.3814744900421427,-0.3814006121094904,-0.3622868368121311,22,3
mp-25469,AlCl3,<PROJECT_ROOT>/external_datasets/functional_protocol_round4_widechem_boost/meta_gga_r2scan/cif/mp-25469.cif,train,-1.6928062693749997,-3.818336248397827,-1.6789577813486103,-1.6785815905579753,-1.58125311933924,8,2
mp-17385,Rb2Cr2O7,<PROJECT_ROOT>/external_datasets/functional_protocol_round4_widechem_boost/meta_gga_r2scan/cif/mp-17385.cif,train,-2.0104093671590912,-6.198889992453835,-1.5952745632078529,-1.597933321738517,-2.285810084182488,22,3
mp-570578,ZrIn3,<PROJECT_ROOT>/external_datasets/functional_protocol_round4_widechem_boost/meta_gga_r2scan/cif/mp-570578.cif,train,-0.3296761987500005,-4.409213542938232,-0.3283048333047711,-0.3284709576880962,-0.3714508303042006,4,2
mp-626785,KHO,<PROJECT_ROOT>/external_datasets/functional_protocol_round4_widechem_boost/meta_gga_r2scan/cif/mp-626785.cif,train,-1.4443647620833329,-4.468636194864909,-1.5201498031229912,-1.5195218844958296,-1.357066126550161,6,3
mp-16863,Rb3PS4,<PROJECT_ROOT>/external_datasets/functional_protocol_round4_widechem_boost/meta_gga_r2scan/cif/mp-16863.cif,train,-1.1758736666220226,-4.101451873779297,-1.154593715710828,-1.1550223721738728,-1.2659248165328387,32,3
mp-13322,LiGeRh2,<PROJECT_ROOT>/external_datasets/functional_protocol_round4_widechem_boost/meta_gga_r2scan/cif/mp-13322.cif,train,-0.6874565991666657,-5.956948757171631,-0.6785969907184732,-0.6785376480136174,-0.6631844418987173,4,3
mp-571518,WCl6,<PROJECT_ROOT>/external_datasets/functional_protocol_round4_widechem_boost/meta_gga_r2scan/cif/mp-571518.cif,train,-0.9463817178571442,-4.269888196672712,-1.1867863646402372,-1.1884712214557671,-1.624379122862121,7,2
mp-23451,Cs3Cr2Br9,<PROJECT_ROOT>/external_datasets/functional_protocol_round4_widechem_boost/meta_gga_r2scan/cif/mp-23451.cif,train,-1.5549594351785705,-3.891800199236189,-1.4936058783486963,-1.4926484970241125,-1.2449538085522422,28,3
mp-3216215,Yb2Br2F,<PROJECT_ROOT>/external_datasets/functional_protocol_round4_widechem_boost/meta_gga_r2scan/cif/mp-3216215.cif,train,-1.530354447000002,-3.115804672241211,-1.7793564002282265,-1.7789196987522071,-1.665935840303784,5,3
mp-30782,Sr6Mg23,<PROJECT_ROOT>/external_datasets/functional_protocol_round4_widechem_boost/meta_gga_r2scan/cif/mp-30782.cif,train,-0.0700912970689655,-1.6909962358145878,-0.0814657068239752,-0.0823725700879611,-0.3169971735692304,29,2
mp-1216775,V10(SiGe)3,<PROJECT_ROOT>/external_datasets/functional_protocol_round4_widechem_boost/meta_gga_r2scan/cif/mp-1216775.cif,train,-0.4909826221874986,-8.016921997070312,-0.7856845715007434,-0.7849788982591761,-0.6024063858801315,16,3
mp-21014,DySnPd2,<PROJECT_ROOT>/external_datasets/functional_protocol_round4_widechem_boost/meta_gga_r2scan/cif/mp-21014.cif,train,-0.8973766162500034,-5.616688251495361,-0.8891984797750867,-0.8881263212928783,-0.6107363676526439,4,3
mp-27171,Hg2P2S7,<PROJECT_ROOT>/external_datasets/functional_protocol_round4_widechem_boost/meta_gga_r2scan/cif/mp-27171.cif,train,-0.2478978146036261,-3.8339989402077417,-0.3361327841748833,-0.3397522595426165,-1.2761866777073991,11,3
mp-864889,ZrZn3,<PROJECT_ROOT>/external_datasets/functional_protocol_round4_widechem_boost/meta_gga_r2scan/cif/mp-864889.cif,train,-0.3163375512500028,-3.367802143096924,-0.3337586083997417,-0.3335623222563351,-0.2827789678148213,8,2
mp-862492,LiErTl2,<PROJECT_ROOT>/external_datasets/functional_protocol_round4_widechem_boost/meta_gga_r2scan/cif/mp-862492.cif,train,-0.375759762499996,-3.0991930961608887,-0.369492280799697,-0.3694628631198107,-0.3618518904828748,4,3
mp-30739,Mg3Ir,<PROJECT_ROOT>/external_datasets/functional_protocol_round4_widechem_boost/meta_gga_r2scan/cif/mp-30739.cif,train,-0.3425778275000013,-3.732245922088623,-0.3209134840786043,-0.3201240331399022,-0.1158764681360717,8,2
mp-998612,KGeBr3,<PROJECT_ROOT>/external_datasets/functional_protocol_round4_widechem_boost/meta_gga_r2scan/cif/mp-998612.cif,train,-1.1751621772500005,-3.192415809631348,-1.2060969215197752,-1.2062589058079212,-1.2481676487056004,10,3
mp-193,Zr2Cu,<PROJECT_ROOT>/external_datasets/functional_protocol_round4_widechem_boost/meta_gga_r2scan/cif/mp-193.cif,train,-0.1336776200000026,-7.196034113566081,-0.2197905358012599,-0.221623970260401,-0.695972033597559,3,2
mp-1206877,Lu3PbC,<PROJECT_ROOT>/external_datasets/functional_protocol_round4_widechem_boost/meta_gga_r2scan/cif/mp-1206877.cif,train,-0.7357273539999994,-5.864112091064453,-0.6095567847529537,-0.6091662270328246,-0.5081207289310627,5,3
mp-981311,SrTlHg2,<PROJECT_ROOT>/external_datasets/functional_protocol_round4_widechem_boost/meta_gga_r2scan/cif/mp-981311.cif,train,-0.3951964712499958,-1.5375936031341553,-0.4172032563897616,-0.4168527613832387,-0.3261723300648111,4,3
mp-11577,YbZn,<PROJECT_ROOT>/external_datasets/functional_protocol_round4_widechem_boost/meta_gga_r2scan/cif/mp-11577.cif,train,-0.06917301,-1.4068533182144165,-0.1636326118721829,-0.1640206139554427,-0.2644049150422305,2,2
mp-971922,DyYAl2,<PROJECT_ROOT>/external_datasets/functional_protocol_round4_widechem_boost/meta_gga_r2scan/cif/mp-971922.cif,train,-0.4384645062499999,-5.043632507324219,-0.4706706703513372,-0.4716753873566004,-0.731616812192741,4,3
mp-5012,Li2SiO3,<PROJECT_ROOT>/external_datasets/functional_protocol_round4_widechem_boost/meta_gga_r2scan/cif/mp-5012.cif,train,-2.766678150763889,-6.544471104939778,-2.871573687513372,-2.868651648962344,-2.112658806787628,12,3
mp-766236,GdErO3,<PROJECT_ROOT>/external_datasets/functional_protocol_round4_widechem_boost/meta_gga_r2scan/cif/mp-766236.cif,train,-3.669566152666667,-10.251594543457031,-3.95633081826253,-3.9506522685468415,-2.481492001170902,40,3
mp-1023488,Mg15Sb,<PROJECT_ROOT>/external_datasets/functional_protocol_round4_widechem_boost/meta_gga_r2scan/cif/mp-1023488.cif,train,-0.0237804971874995,-1.7862060070037842,-0.0018415774100994,-0.0018063044803691,0.0073195444552714,16,2
mp-1205853,Nd2InAu2,<PROJECT_ROOT>/external_datasets/functional_protocol_round4_widechem_boost/meta_gga_r2scan/cif/mp-1205853.cif,train,-0.8814128699999969,-4.535451507568359,-0.8488317309710891,-0.847857969015771,-0.5959252667839554,10,3
mp-4609,HfSiO4,<PROJECT_ROOT>/external_datasets/functional_protocol_round4_widechem_boost/meta_gga_r2scan/cif/mp-4609.cif,train,-3.5074466691666664,-9.049722035725912,-3.6046215430952833,-3.601156896210692,-2.704779863662789,12,3
mp-27424,BaCu4S3,<PROJECT_ROOT>/external_datasets/functional_protocol_round4_widechem_boost/meta_gga_r2scan/cif/mp-27424.cif,train,-0.7582517304296879,-4.477039813995361,-0.747272594489873,-0.7474215273439277,-0.785953589690835,16,3
mp-28559,Na6Be8O11,<PROJECT_ROOT>/external_datasets/functional_protocol_round4_widechem_boost/meta_gga_r2scan/cif/mp-28559.cif,train,-2.4556343942500005,-5.935598754882813,-2.5595259353867865,-2.5562271544907373,-1.702763142392119,25,3
mp-6920,KNO3,<PROJECT_ROOT>/external_datasets/functional_protocol_round4_widechem_boost/meta_gga_r2scan/cif/mp-6920.cif,train,-1.04180277775,-5.851606750488282,-1.4221499505272035,-1.4259047409928725,-2.397348021525889,5,3
mp-12990,Ti2AlC,<PROJECT_ROOT>/external_datasets/functional_protocol_round4_widechem_boost/meta_gga_r2scan/cif/mp-12990.cif,train,-0.780937750833333,-7.890953540802002,-0.7197866599580527,-0.7203820339483267,-0.8744178097222103,8,3
mp-865256,LuMgZn2,<PROJECT_ROOT>/external_datasets/functional_protocol_round4_widechem_boost/meta_gga_r2scan/cif/mp-865256.cif,train,-0.326682580416664,-2.4694936275482178,-0.3307119788636683,-0.3303863858647187,-0.246148627751158,4,3
mp-1218342,SrCdSn,<PROJECT_ROOT>/external_datasets/functional_protocol_round4_widechem_boost/meta_gga_r2scan/cif/mp-1218342.cif,train,-0.563788845,-2.70146910349528,-0.5386399572337655,-0.5389288192347612,-0.61366349549509,6,3
mp-972199,CsTbS2,<PROJECT_ROOT>/external_datasets/functional_protocol_round4_widechem_boost/meta_gga_r2scan/cif/mp-972199.cif,train,-2.1230140901562464,-5.269559383392334,-1.9955060591442608,-1.9928227345335987,-1.2985902104155551,8,3
mp-1207616,Yb4Rh,<PROJECT_ROOT>/external_datasets/functional_protocol_round4_widechem_boost/meta_gga_r2scan/cif/mp-1207616.cif,train,0.0397679449999998,-2.6476957321166994,-0.1867026430680551,-0.1881436989493297,-0.5609751699851452,10,2
mp-851,ErPd,<PROJECT_ROOT>/external_datasets/functional_protocol_round4_widechem_boost/meta_gga_r2scan/cif/mp-851.cif,train,-0.9603271716666696,-5.800352096557617,-0.9722275420481408,-0.9718186916480596,-0.8660404924291129,2,2
mp-1183661,Cd3Hg,<PROJECT_ROOT>/external_datasets/functional_protocol_round4_widechem_boost/meta_gga_r2scan/cif/mp-1183661.cif,train,0.0339841543749983,-0.7371358871459961,0.0101753190090443,0.0102235564863066,0.0227036065947073,8,2
mp-6960,Rb2SiAs2,<PROJECT_ROOT>/external_datasets/functional_protocol_round4_widechem_boost/meta_gga_r2scan/cif/mp-6960.cif,train,-0.5738078115000007,-3.776799392700196,-0.5064822574192265,-0.5071461736553928,-0.6789152703264842,10,3
mp-1183234,AcSe3,<PROJECT_ROOT>/external_datasets/functional_protocol_round4_widechem_boost/meta_gga_r2scan/cif/mp-1183234.cif,train,-1.2020438786718763,-4.70396900177002,-1.2281930758324666,-1.2280366482131742,-1.1875655324380856,4,2
mp-17981,Eu3IrO7,<PROJECT_ROOT>/external_datasets/functional_protocol_round4_widechem_boost/meta_gga_r2scan/cif/mp-17981.cif,train,-2.416911133750003,-8.91641651500355,-2.592825908593815,-2.592520829649769,-2.513590489078664,22,3
mp-1184245,ErTmTl2,<PROJECT_ROOT>/external_datasets/functional_protocol_round4_widechem_boost/meta_gga_r2scan/cif/mp-1184245.cif,train,-0.3936384708333378,-3.74025821685791,-0.3596441502385445,-0.3597046764487777,-0.3753640802882838,4,3
mp-15074,Sr(PIr)2,<PROJECT_ROOT>/external_datasets/functional_protocol_round4_widechem_boost/meta_gga_r2scan/cif/mp-15074.cif,train,-1.0232614305238106,-6.938004557291666,-0.9663263726794824,-0.9659511711816764,-0.8688786508404199,15,3
mp-2001,LaTl3,<PROJECT_ROOT>/external_datasets/functional_protocol_round4_widechem_boost/meta_gga_r2scan/cif/mp-2001.cif,train,-0.4457733187499997,-3.360683917999268,-0.4101789001942495,-0.4090474673638953,-0.1163219929424179,4,2
mp-1106407,HfCo3B2,<PROJECT_ROOT>/external_datasets/functional_protocol_round4_widechem_boost/meta_gga_r2scan/cif/mp-1106407.cif,train,-0.5171807863888931,-8.032114664713541,-0.5922437116844668,-0.5913155704872102,-0.3511859180600299,18,3
mp-757063,LiNi2O3,<PROJECT_ROOT>/external_datasets/functional_protocol_round4_widechem_boost/meta_gga_r2scan/cif/mp-757063.cif,train,-1.4423588042361122,-4.918715476989746,-0.5512031839639882,-0.5563922220258499,-1.898905527012128,24,3
mp-20846,CaIn2Ir,<PROJECT_ROOT>/external_datasets/functional_protocol_round4_widechem_boost/meta_gga_r2scan/cif/mp-20846.cif,train,-0.5661890153124993,-4.520833015441895,-0.5501616721516052,-0.5501569062796161,-0.5489238749411789,32,3
mp-1323783,Ca3Fe2(MoO6)2,<PROJECT_ROOT>/external_datasets/functional_protocol_round4_widechem_boost/meta_gga_r2scan/cif/mp-1323783.cif,train,-2.44475331394737,-6.847739771792763,-1.8467917727292296,-1.8485324367104916,-2.298878825869363,19,4
mp-5525,KAlO2,<PROJECT_ROOT>/external_datasets/functional_protocol_round4_widechem_boost/meta_gga_r2scan/cif/mp-5525.cif,train,-2.8426955940625,-6.252335548400879,-2.883712369235637,-2.8802567776040293,-1.986222529491352,64,3
mp-1094640,MgGa2,<PROJECT_ROOT>/external_datasets/functional_protocol_round4_widechem_boost/meta_gga_r2scan/cif/mp-1094640.cif,train,-0.0291574333333339,-2.62595272064209,-0.0714316881731633,-0.072052077572942,-0.2325598660201803,6,2
mp-34078,H3ClO,<PROJECT_ROOT>/external_datasets/functional_protocol_round4_widechem_boost/meta_gga_r2scan/cif/mp-34078.cif,train,-0.9076100914999998,-4.271622848510742,-1.0365905211999191,-1.0367186337595662,-1.0698640479819002,5,3
mp-1223802,Hf2Al3Zn,<PROJECT_ROOT>/external_datasets/functional_protocol_round4_widechem_boost/meta_gga_r2scan/cif/mp-1223802.cif,train,-0.5007905641666687,-5.830477396647136,-0.4618812684718989,-0.4633196487510043,-0.835458885219308,6,3
mp-625,Mg3Ru2,<PROJECT_ROOT>/external_datasets/functional_protocol_round4_widechem_boost/meta_gga_r2scan/cif/mp-625.cif,train,-0.1369303230000014,-4.806975555419922,-0.1337559786309405,-0.1335746737727063,-0.0866672929587035,20,2
mp-29671,TmI2,<PROJECT_ROOT>/external_datasets/functional_protocol_round4_widechem_boost/meta_gga_r2scan/cif/mp-29671.cif,train,-1.3116987849999997,-3.646278699239095,-1.2754590793385514,-1.274561086010828,-1.0422313216328465,3,2
mp-6113,LiTiAsO5,<PROJECT_ROOT>/external_datasets/functional_protocol_round4_widechem_boost/meta_gga_r2scan/cif/mp-6113.cif,train,-2.3403344140104174,-7.017207145690918,-2.54736075918908,-2.547179570517577,-2.5003022496443448,32,4
mp-1068685,U2PtC2,<PROJECT_ROOT>/external_datasets/functional_protocol_round4_widechem_boost/meta_gga_r2scan/cif/mp-1068685.cif,train,-0.5339339699999982,-9.74395751953125,-0.5169151395546656,-0.51824956593435,-0.8634937418143389,5,3
mp-20071,Eu,<PROJECT_ROOT>/external_datasets/functional_protocol_round4_widechem_boost/meta_gga_r2scan/cif/mp-20071.cif,train,0.0414396050000007,-10.24467658996582,-0.051313706874879,-0.0553246407437146,-1.093037607999663,1,1
mp-18381,SrCo6O11,<PROJECT_ROOT>/external_datasets/functional_protocol_round4_widechem_boost/meta_gga_r2scan/cif/mp-18381.cif,train,-1.507572843680555,-5.936700185139974,-0.851275166078179,-0.8559184835993152,-2.057242404742557,36,3
mp-1077290,ErCu4Au,<PROJECT_ROOT>/external_datasets/functional_protocol_round4_widechem_boost/meta_gga_r2scan/cif/mp-1077290.cif,train,-0.3662073072222232,-4.379419644673665,-0.3568227666778707,-0.3560248848325207,-0.1495960669235075,6,3
mp-1102935,HoSiPt,<PROJECT_ROOT>/external_datasets/functional_protocol_round4_widechem_boost/meta_gga_r2scan/cif/mp-1102935.cif,train,-1.3052004441666678,-6.5549577077229815,-1.2480336216720005,-1.2470490411487107,-0.9923173478026278,12,3
mp-1227654,BaTi6O12,<PROJECT_ROOT>/external_datasets/functional_protocol_round4_widechem_boost/meta_gga_r2scan/cif/mp-1227654.cif,train,-3.3250243192105264,-8.752476742393092,-3.4472466454293755,-3.4445200310642266,-2.7390875367995045,38,3
mp-2059,NbAs,<PROJECT_ROOT>/external_datasets/functional_protocol_round4_widechem_boost/meta_gga_r2scan/cif/mp-2059.cif,train,-0.7707195287499964,-8.054146766662598,-0.6623825728145833,-0.6621111435987759,-0.5918866955930862,4,2
mp-568592,ZrNCl,<PROJECT_ROOT>/external_datasets/functional_protocol_round4_widechem_boost/meta_gga_r2scan/cif/mp-568592.cif,train,-2.108408165416668,-8.004752477010092,-1.970577303731992,-1.968357745116408,-1.3941112398645543,6,3
mp-17446,PrPtF7,<PROJECT_ROOT>/external_datasets/functional_protocol_round4_widechem_boost/meta_gga_r2scan/cif/mp-17446.cif,train,-2.787484785462963,-5.225928836398655,-2.9303166449242326,-2.93129309510329,-3.183921297366455,36,3
mp-634326,GaHO2,<PROJECT_ROOT>/external_datasets/functional_protocol_round4_widechem_boost/meta_gga_r2scan/cif/mp-634326.cif,train,-1.7320808203124995,-5.627497673034668,-1.8605109103349131,-1.860246676843282,-1.7918839140592904,16,3
mp-779980,Hf2N2O,<PROJECT_ROOT>/external_datasets/functional_protocol_round4_widechem_boost/meta_gga_r2scan/cif/mp-779980.cif,train,-2.565959155249999,-10.549446105957031,-2.4954028383155986,-2.492896995933811,-1.844582858003662,40,3
mp-2901788,Li4Ti3Mn3(CoO8)2,<PROJECT_ROOT>/external_datasets/functional_protocol_round4_widechem_boost/meta_gga_r2scan/cif/mp-2901788.cif,train,-2.399002131432676,-7.127852303641183,-2.1620506272204363,-2.1623640862968765,-2.2434625433971784,28,5
mp-30607,ErMg2,<PROJECT_ROOT>/external_datasets/functional_protocol_round4_widechem_boost/meta_gga_r2scan/cif/mp-30607.cif,train,-0.0639771077777785,-2.6421753565470376,-0.0693992731931536,-0.0706496622594388,-0.3941516173218972,12,2
mp-1193872,Pr3(GeRu)2,<PROJECT_ROOT>/external_datasets/functional_protocol_round4_widechem_boost/meta_gga_r2scan/cif/mp-1193872.cif,train,-0.6472043939285713,-6.611446925571987,-0.6206474085055538,-0.6203188641949042,-0.535317539656716,28,3
mp-1222159,Mg4FeO5,<PROJECT_ROOT>/external_datasets/functional_protocol_round4_widechem_boost/meta_gga_r2scan/cif/mp-1222159.cif,train,-2.643117121875,-6.105364990234375,-2.461678713188584,-2.4585766842811507,-1.6560165505791562,20,3
mp-29647,SmSb2,<PROJECT_ROOT>/external_datasets/functional_protocol_round4_widechem_boost/meta_gga_r2scan/cif/mp-29647.cif,train,-0.9165387758333358,-5.096582730611165,-0.8359726935062461,-0.8353239971114048,-0.6674925935641454,12,2
mp-27821,Ag3P11,<PROJECT_ROOT>/external_datasets/functional_protocol_round4_widechem_boost/meta_gga_r2scan/cif/mp-27821.cif,train,-0.0461666366241481,-4.8798016139439175,-0.0100416609354319,-0.0121877133697125,-0.5674166232305123,14,2
mp-1187996,Yb3Zr,<PROJECT_ROOT>/external_datasets/functional_protocol_round4_widechem_boost/meta_gga_r2scan/cif/mp-1187996.cif,train,0.0199230937499947,-2.8704833984375,0.1652798816935528,0.1620405083685305,-0.6760535153891658,8,2
mp-1120746,Te2Mo,<PROJECT_ROOT>/external_datasets/functional_protocol_round4_widechem_boost/meta_gga_r2scan/cif/mp-1120746.cif,train,-0.2743772716666702,-5.965633392333984,-0.4214094587533319,-0.4208554954629235,-0.2775335388749237,6,2
mp-1079845,MnNiAs,<PROJECT_ROOT>/external_datasets/functional_protocol_round4_widechem_boost/meta_gga_r2scan/cif/mp-1079845.cif,train,-0.4338735701053653,-6.788432227240668,-0.5888540960818487,-0.5879255432195398,-0.3476893843839305,9,3
mp-3765,Sr(PO3)2,<PROJECT_ROOT>/external_datasets/functional_protocol_round4_widechem_boost/meta_gga_r2scan/cif/mp-3765.cif,train,-2.75918572274471,-7.213196648491754,-2.9630646548658808,-2.961787314698939,-2.6313125429460182,72,3
mp-14815,TaTe5Pt,<PROJECT_ROOT>/external_datasets/functional_protocol_round4_widechem_boost/meta_gga_r2scan/cif/mp-14815.cif,train,-0.4024677067619068,-5.159269060407366,-0.4097845390578456,-0.4108260381587136,-0.6802837648875457,14,3
mp-20837,Gd(MnGe)2,<PROJECT_ROOT>/external_datasets/functional_protocol_round4_widechem_boost/meta_gga_r2scan/cif/mp-20837.cif,train,-0.6180601677931037,-8.721693420410157,-0.7017050146224335,-0.700878938299426,-0.4871556159080202,5,3
mp-20799,Er2ReC2,<PROJECT_ROOT>/external_datasets/functional_protocol_round4_widechem_boost/meta_gga_r2scan/cif/mp-20799.cif,train,-0.593904044333334,-8.453963470458984,-0.4719567501434163,-0.4713790776329896,-0.3219230470696468,20,3
mp-502,As4S5,<PROJECT_ROOT>/external_datasets/functional_protocol_round4_widechem_boost/meta_gga_r2scan/cif/mp-502.cif,train,-0.1545036398958327,-4.48237058851454,-0.3272635794747325,-0.3307552683833688,-1.234128641416349,18,2
mp-292,V3As,<PROJECT_ROOT>/external_datasets/functional_protocol_round4_widechem_boost/meta_gga_r2scan/cif/mp-292.cif,train,-0.5148442456249995,-8.422114372253418,-0.904492890098533,-0.9032576002969924,-0.5836621426582546,8,2
mp-971979,Tm2ZnAg,<PROJECT_ROOT>/external_datasets/functional_protocol_round4_widechem_boost/meta_gga_r2scan/cif/mp-971979.cif,train,-0.3745872625000039,-3.602646350860596,-0.3704856027597389,-0.3704405680226692,-0.3587891341786839,4,3
mp-865583,Y2Mg,<PROJECT_ROOT>/external_datasets/functional_protocol_round4_widechem_boost/meta_gga_r2scan/cif/mp-865583.cif,train,-0.06198961,-4.918051401774089,-0.1189486751779496,-0.120448345961674,-0.5084447253037724,6,2
mp-1183604,CaEu3,<PROJECT_ROOT>/external_datasets/functional_protocol_round4_widechem_boost/meta_gga_r2scan/cif/mp-1183604.cif,train,0.0244139074999978,-8.177572250366211,-0.069911828455087,-0.0741579622203278,-1.1727220904223383,8,2
mp-1209381,Pr3(Al3Ru)4,<PROJECT_ROOT>/external_datasets/functional_protocol_round4_widechem_boost/meta_gga_r2scan/cif/mp-1209381.cif,train,-0.6799849807894732,-5.696550871196546,-0.6543656347256794,-0.6536725786246729,-0.4743643859286014,38,3
mp-1094970,Mg3Al,<PROJECT_ROOT>/external_datasets/functional_protocol_round4_widechem_boost/meta_gga_r2scan/cif/mp-1094970.cif,train,0.0181082049999998,-2.1250863075256348,0.0289823017655486,0.02849733424872,-0.0969739642977495,8,2
mp-1217232,U6Cu3Ni3Sb8,<PROJECT_ROOT>/external_datasets/functional_protocol_round4_widechem_boost/meta_gga_r2scan/cif/mp-1217232.cif,train,-0.5730887744999962,-6.818394470214844,-0.4445463877483062,-0.4454267753136829,-0.6732015586149588,20,4
mp-36843,Mn2NiO4,<PROJECT_ROOT>/external_datasets/functional_protocol_round4_widechem_boost/meta_gga_r2scan/cif/mp-36843.cif,train,-1.842670852709359,-6.762231009347098,-1.090992969508524,-1.0947195892827395,-2.058874519328396,14,3
mp-20880,NdAgPb,<PROJECT_ROOT>/external_datasets/functional_protocol_round4_widechem_boost/meta_gga_r2scan/cif/mp-20880.cif,train,-0.5761480291666649,-4.226480166117351,-0.4681748022351497,-0.4669897646844907,-0.1603956214737372,6,3
mp-862863,Pa3Te,<PROJECT_ROOT>/external_datasets/functional_protocol_round4_widechem_boost/meta_gga_r2scan/cif/mp-862863.cif,train,-0.4106514925000013,-8.274801254272461,-0.3631690302847108,-0.3644494905334996,-0.6957314931046499,4,2
mp-1183039,ZrTaTc2,<PROJECT_ROOT>/external_datasets/functional_protocol_round4_widechem_boost/meta_gga_r2scan/cif/mp-1183039.cif,train,-0.4910079905833342,-10.712170600891112,-0.4336664382364912,-0.4329195527337726,-0.2396845614443064,4,3
mp-3247,Cs2TiS3,<PROJECT_ROOT>/external_datasets/functional_protocol_round4_widechem_boost/meta_gga_r2scan/cif/mp-3247.cif,train,-1.6056200616840262,-5.054530779520671,-1.5324922042733045,-1.5319600115424468,-1.3942705566801643,12,3
mp-1225553,Dy2CoGe4,<PROJECT_ROOT>/external_datasets/functional_protocol_round4_widechem_boost/meta_gga_r2scan/cif/mp-1225553.cif,train,-0.6641645028571433,-5.613166809082031,-0.6603802374362404,-0.6599291067612816,-0.5432121110028467,7,3
mp-9994,Ho11Ge10,<PROJECT_ROOT>/external_datasets/functional_protocol_round4_widechem_boost/meta_gga_r2scan/cif/mp-9994.cif,train,-0.9555734792857148,-5.442685081845238,-0.889695297618383,-0.8895547088373883,-0.8531814337157417,42,2
mp-1189023,Cr2Se3,<PROJECT_ROOT>/external_datasets/functional_protocol_round4_widechem_boost/meta_gga_r2scan/cif/mp-1189023.cif,train,-0.8263523044374977,-6.4673011779785154,-0.7734182778023033,-0.7736862954167618,-0.8430280903905798,20,2
mp-973266,Lu3Al,<PROJECT_ROOT>/external_datasets/functional_protocol_round4_widechem_boost/meta_gga_r2scan/cif/mp-973266.cif,train,-0.2335138762499937,-4.524722099304199,-0.2619130092988326,-0.2642614136995691,-0.8718430340154144,8,2
mp-510548,Y4Ga12Pt,<PROJECT_ROOT>/external_datasets/functional_protocol_round4_widechem_boost/meta_gga_r2scan/cif/mp-510548.cif,train,-0.6748937323529409,-4.635318980497472,-0.6526262180430225,-0.652010739869147,-0.4927735888771306,17,3
mp-571071,HoSi2Rh3,<PROJECT_ROOT>/external_datasets/functional_protocol_round4_widechem_boost/meta_gga_r2scan/cif/mp-571071.cif,train,-1.0811106341666676,-7.26276969909668,-1.022328933198839,-1.0215711111050032,-0.8255065936268059,6,3
mp-2217773,Ba2YbMgRuO6,<PROJECT_ROOT>/external_datasets/functional_protocol_round4_widechem_boost/meta_gga_r2scan/cif/mp-2217773.cif,train,-2.451701495227274,-6.239189147949219,-2.453863872490425,-2.4529511180824546,-2.216802351725096,11,5
mp-753493,CeU5O12,<PROJECT_ROOT>/external_datasets/functional_protocol_round4_widechem_boost/meta_gga_r2scan/cif/mp-753493.cif,train,-3.76117469,-10.103771633572048,-3.893375409693108,-3.889443182073136,-2.8720931770939524,18,3
mp-542718,Er2Ni12As7,<PROJECT_ROOT>/external_datasets/functional_protocol_round4_widechem_boost/meta_gga_r2scan/cif/mp-542718.cif,train,-0.5483094454365084,-5.813788641066778,-0.607659072298401,-0.6068759102880037,-0.4042554233322324,21,3
mp-8232,BaZrF6,<PROJECT_ROOT>/external_datasets/functional_protocol_round4_widechem_boost/meta_gga_r2scan/cif/mp-8232.cif,train,-4.126183183125001,-6.513943195343018,-4.16640122932902,-4.162782961786866,-3.226661033509313,16,3
mp-570853,SrCeI4,<PROJECT_ROOT>/external_datasets/functional_protocol_round4_widechem_boost/meta_gga_r2scan/cif/mp-570853.cif,train,-1.7597985633333335,-3.750012715657552,-1.635967845748464,-1.6345871165133952,-1.277363417906535,12,3
mp-1209971,Pr12(OsC3)5,<PROJECT_ROOT>/external_datasets/functional_protocol_round4_widechem_boost/meta_gga_r2scan/cif/mp-1209971.cif,train,-0.3554933087499989,-8.088325500488281,-0.256612330358366,-0.2563918839804664,-0.199357768632046,32,3
mp-1185584,Mg149Cl,<PROJECT_ROOT>/external_datasets/functional_protocol_round4_widechem_boost/meta_gga_r2scan/cif/mp-1185584.cif,train,0.0053373249499994,-1.6244315592447918,0.0050999625530487,0.0051315751351781,0.0133104151462036,150,2
mp-1205739,Li2SnF6,<PROJECT_ROOT>/external_datasets/functional_protocol_round4_widechem_boost/meta_gga_r2scan/cif/mp-1205739.cif,train,-2.97715715037037,-4.84889645046658,-3.0488595709764623,-3.0478054418446776,-2.775080060418115,9,3
mp-1105961,ThTaN3,<PROJECT_ROOT>/external_datasets/functional_protocol_round4_widechem_boost/meta_gga_r2scan/cif/mp-1105961.cif,train,-1.7388828067166628,-10.31535873413086,-1.6083812518300356,-1.606067263556696,-1.0073898193924518,20,3
mp-28421,Cs2HgI4,<PROJECT_ROOT>/external_datasets/functional_protocol_round4_widechem_boost/meta_gga_r2scan/cif/mp-28421.cif,train,-1.2018554682142866,-2.2153212683541432,-1.154894359248122,-1.1537022529170722,-0.8452792675165397,14,3
mp-767771,P3W2O13,<PROJECT_ROOT>/external_datasets/functional_protocol_round4_widechem_boost/meta_gga_r2scan/cif/mp-767771.cif,train,-2.2716395334821424,-7.32203843858507,-1.9780891060710912,-1.9803122208523003,-2.555478780962819,36,3
mp-14015,HoMn12,<PROJECT_ROOT>/external_datasets/functional_protocol_round4_widechem_boost/meta_gga_r2scan/cif/mp-14015.cif,train,-0.0629137799071617,-8.51987809401292,-0.4716034255472401,-0.4712556094969518,-0.3812682805144819,13,2
mp-4649,PdSe2O5,<PROJECT_ROOT>/external_datasets/functional_protocol_round4_widechem_boost/meta_gga_r2scan/cif/mp-4649.cif,train,-0.7090322052343758,-5.240079879760742,-1.0702422372605067,-1.0759544522346909,-2.5538246301744234,16,3
mp-31033,HfF4,<PROJECT_ROOT>/external_datasets/functional_protocol_round4_widechem_boost/meta_gga_r2scan/cif/mp-31033.cif,train,-4.101514556333337,-7.266056823730469,-4.145942380265359,-4.143220521371192,-3.439018367489553,30,2
mp-626088,FeHO2,<PROJECT_ROOT>/external_datasets/functional_protocol_round4_widechem_boost/meta_gga_r2scan/cif/mp-626088.cif,train,-1.3827635284375006,-6.042606353759766,-0.9472794402339008,-0.9498427303318272,-1.6130198009278491,16,3
mp-1173386,NdCuO3,<PROJECT_ROOT>/external_datasets/functional_protocol_round4_widechem_boost/meta_gga_r2scan/cif/mp-1173386.cif,train,-2.22872110175,-6.69990463256836,-2.3563235285556736,-2.3558558440488166,-2.234856023751359,20,3
mp-1186705,Pr3Dy,<PROJECT_ROOT>/external_datasets/functional_protocol_round4_widechem_boost/meta_gga_r2scan/cif/mp-1186705.cif,train,0.0394639374999989,-4.722833633422852,-0.0795119450510428,-0.0826653442315414,-0.8985160482194599,4,2
mp-27503,LiV3O8,<PROJECT_ROOT>/external_datasets/functional_protocol_round4_widechem_boost/meta_gga_r2scan/cif/mp-27503.cif,train,-2.4707005734722216,-7.172124862670898,-2.015335735770429,-2.0171496196101577,-2.486439526427965,24,3
mp-1233,Cu6Sn5,<PROJECT_ROOT>/external_datasets/functional_protocol_round4_widechem_boost/meta_gga_r2scan/cif/mp-1233.cif,train,0.0230657609090898,-4.065704345703125,0.0218475547153573,0.0216920377701157,-0.018543467473035,22,2
mp-510374,GdAs,<PROJECT_ROOT>/external_datasets/functional_protocol_round4_widechem_boost/meta_gga_r2scan/cif/mp-510374.cif,train,-1.7451414612500002,-10.897767066955566,-1.606104622562615,-1.6028403061715188,-0.7582929865132829,2,2
mp-1213004,Er3RuI3,<PROJECT_ROOT>/external_datasets/functional_protocol_round4_widechem_boost/meta_gga_r2scan/cif/mp-1213004.cif,train,-1.1513097625000015,-4.933982849121094,-1.1203913122561917,-1.1201094377763985,-1.0471825802464374,14,3
mp-1223449,LaGa2Ni3,<PROJECT_ROOT>/external_datasets/functional_protocol_round4_widechem_boost/meta_gga_r2scan/cif/mp-1223449.cif,train,-0.5082149747222249,-5.23876232571072,-0.5679756679665644,-0.5674855643619257,-0.4406854518537406,18,3
mp-1189565,Tb3Os,<PROJECT_ROOT>/external_datasets/functional_protocol_round4_widechem_boost/meta_gga_r2scan/cif/mp-1189565.cif,train,-0.2998384481250014,-6.515081405639648,-0.3346692716175994,-0.3359258974794077,-0.6610414427453327,16,2
mp-1095449,HfGeMo,<PROJECT_ROOT>/external_datasets/functional_protocol_round4_widechem_boost/meta_gga_r2scan/cif/mp-1095449.cif,train,-0.6019775466666696,-9.021310806274414,-0.667802921923812,-0.6676493740235916,-0.6279233021492152,12,3
mp-561036,FeTe6O13,<PROJECT_ROOT>/external_datasets/functional_protocol_round4_widechem_boost/meta_gga_r2scan/cif/mp-561036.cif,train,-1.1372104834374994,-5.509636306762696,-1.3663997690576055,-1.3702717075591488,-2.372023649338117,40,3
mp-865277,TmZrRu2,<PROJECT_ROOT>/external_datasets/functional_protocol_round4_widechem_boost/meta_gga_r2scan/cif/mp-865277.cif,train,-0.6359619787500002,-8.451903343200684,-0.6319516589610714,-0.631943197216037,-0.62975396577572,4,3
mp-12782,YbAl2Ni,<PROJECT_ROOT>/external_datasets/functional_protocol_round4_widechem_boost/meta_gga_r2scan/cif/mp-12782.cif,train,-0.7040711700000006,-4.2035813331604,-0.5959403201413034,-0.5952228782117617,-0.4096055586840571,8,3
mp-14558,Ba2Mg(PO4)2,<PROJECT_ROOT>/external_datasets/functional_protocol_round4_widechem_boost/meta_gga_r2scan/cif/mp-14558.cif,train,-3.0540622266117228,-7.098383976862981,-3.2057562181942982,-3.202900908199539,-2.4641721472732554,52,4
mp-1186942,Sc2GaNi,<PROJECT_ROOT>/external_datasets/functional_protocol_round4_widechem_boost/meta_gga_r2scan/cif/mp-1186942.cif,train,-0.5371453074999994,-5.905951023101807,-0.5701694498546299,-0.5706125112836302,-0.6852418233460228,4,3
mp-1228057,BaNa4Ti2Si10(BO15)2,<PROJECT_ROOT>/external_datasets/functional_protocol_round4_widechem_boost/meta_gga_r2scan/cif/mp-1228057.cif,train,-2.9788399384863933,-7.609277841996174,-3.113807854960653,-3.1111664820017504,-2.427787732702144,49,6
mp-23314,Pr4Bi3,<PROJECT_ROOT>/external_datasets/functional_protocol_round4_widechem_boost/meta_gga_r2scan/cif/mp-23314.cif,train,-1.0043844602381,-5.240791865757534,-0.8594616210946109,-0.8575524106786387,-0.3635995132597311,14,2
mp-36538,La2PbS4,<PROJECT_ROOT>/external_datasets/functional_protocol_round4_widechem_boost/meta_gga_r2scan/cif/mp-36538.cif,train,-1.9616074758928537,-6.0021836417061945,-1.892729874268837,-1.890706990086096,-1.3673442979227524,14,3
mp-1211999,K2HfO3,<PROJECT_ROOT>/external_datasets/functional_protocol_round4_widechem_boost/meta_gga_r2scan/cif/mp-1211999.cif,train,-2.773718497291668,-7.004858652750651,-2.826417387951354,-2.824105102401922,-2.225868188730444,24,3
mp-7377,Ba3(AlSn)2,<PROJECT_ROOT>/external_datasets/functional_protocol_round4_widechem_boost/meta_gga_r2scan/cif/mp-7377.cif,train,-0.5964183292857156,-3.548809051513672,-0.547468816210388,-0.5487766926213249,-0.8871518330726289,7,3
mp-690760,TiH,<PROJECT_ROOT>/external_datasets/functional_protocol_round4_widechem_boost/meta_gga_r2scan/cif/mp-690760.cif,train,-0.4102162339583355,-6.000797271728516,-0.3613671905065327,-0.363049337398567,-0.7982561246064221,8,2
mp-505392,Ba3V4O13,<PROJECT_ROOT>/external_datasets/functional_protocol_round4_widechem_boost/meta_gga_r2scan/cif/mp-505392.cif,train,-2.8998971771875004,-7.343586730957031,-2.5621722196556904,-2.562207984654454,-2.5714611421985234,40,3
mp-1185816,Mg5Pd,<PROJECT_ROOT>/external_datasets/functional_protocol_round4_widechem_boost/meta_gga_r2scan/cif/mp-1185816.cif,train,-0.2171522374999999,-2.432774225870768,-0.2085149650645625,-0.2079457699238691,-0.0606830132407173,6,2
mp-4138,Rb2CO3,<PROJECT_ROOT>/external_datasets/functional_protocol_round4_widechem_boost/meta_gga_r2scan/cif/mp-4138.cif,train,-1.8713229377083351,-6.068976720174153,-2.070361489230051,-2.069780804213864,-1.919545375037431,24,3
mp-7405,SmAlO3,<PROJECT_ROOT>/external_datasets/functional_protocol_round4_widechem_boost/meta_gga_r2scan/cif/mp-7405.cif,train,-3.64590251125,-7.940819549560547,-3.6904072528670655,-3.685531777404978,-2.424143713180274,20,3
mp-31309,RbInSe2,<PROJECT_ROOT>/external_datasets/functional_protocol_round4_widechem_boost/meta_gga_r2scan/cif/mp-31309.cif,train,-1.1242422710937523,-3.591103792190552,-1.0622894943317234,-1.0618296290539222,-0.9428528078039512,32,3
mp-23077,Cs2UCl6,<PROJECT_ROOT>/external_datasets/functional_protocol_round4_widechem_boost/meta_gga_r2scan/cif/mp-23077.cif,train,-2.2431082333333325,-4.60418701171875,-2.1386511690404197,-2.1368402552836177,-1.668318771393386,9,3
mp-22063,UCrS3,<PROJECT_ROOT>/external_datasets/functional_protocol_round4_widechem_boost/meta_gga_r2scan/cif/mp-22063.cif,train,-1.486180448187497,-7.725579071044922,-1.375608666860308,-1.3757895498001256,-1.4225877714491513,20,3
mp-1006282,Nd7Co3,<PROJECT_ROOT>/external_datasets/functional_protocol_round4_widechem_boost/meta_gga_r2scan/cif/mp-1006282.cif,train,0.0558942767500013,-5.519178771972657,-0.1341484950958511,-0.1362661815783123,-0.6841562229750305,20,2
mp-1186501,Pm3Ga,<PROJECT_ROOT>/external_datasets/functional_protocol_round4_widechem_boost/meta_gga_r2scan/cif/mp-1186501.cif,train,-0.2994509256250026,-4.555964469909668,-0.2861946132548896,-0.2871739380727645,-0.5405458698731691,4,2
mp-560132,Nd2SiO5,<PROJECT_ROOT>/external_datasets/functional_protocol_round4_widechem_boost/meta_gga_r2scan/cif/mp-560132.cif,train,-3.585709503281249,-8.239164352416992,-3.688284823858835,-3.683745929599227,-2.50943850289626,32,3
mp-23036,K2SeBr6,<PROJECT_ROOT>/external_datasets/functional_protocol_round4_widechem_boost/meta_gga_r2scan/cif/mp-23036.cif,train,-1.0074802212847231,-2.614798651801215,-1.0802076557609572,-1.0816455153572786,-1.453650040235025,9,3
mp-1078527,ThAlPd,<PROJECT_ROOT>/external_datasets/functional_protocol_round4_widechem_boost/meta_gga_r2scan/cif/mp-1078527.cif,train,-0.835693887777773,-6.254987080891927,-0.8313745954933287,-0.8304886535144211,-0.6012768265916852,9,3
mp-20757,MnAlGe,<PROJECT_ROOT>/external_datasets/functional_protocol_round4_widechem_boost/meta_gga_r2scan/cif/mp-20757.cif,train,-0.2454784514942526,-6.040876388549805,-0.4592187752259082,-0.4589973913881664,-0.4017207354539458,6,3
mp-978845,Sm3Sc,<PROJECT_ROOT>/external_datasets/functional_protocol_round4_widechem_boost/meta_gga_r2scan/cif/mp-978845.cif,train,0.0347070549999983,-5.079146385192871,-0.075803441153373,-0.0807341773304299,-1.356419350992098,8,2
mp-20040,EuBPd3,<PROJECT_ROOT>/external_datasets/functional_protocol_round4_widechem_boost/meta_gga_r2scan/cif/mp-20040.cif,train,-0.5147731075000024,-6.994469451904297,-0.4885043576439365,-0.4891230587684649,-0.6491940548929879,5,3
mp-1212872,Er3(Si3Pd10)2,<PROJECT_ROOT>/external_datasets/functional_protocol_round4_widechem_boost/meta_gga_r2scan/cif/mp-1212872.cif,train,-0.8409134848275871,-5.994333201441272,-0.8094821341670553,-0.8088205621534348,-0.6376579651743359,29,3
mp-9882,Y2Si5Rh3,<PROJECT_ROOT>/external_datasets/functional_protocol_round4_widechem_boost/meta_gga_r2scan/cif/mp-9882.cif,train,-1.0248409269999967,-7.1874267578125,-0.9591825275473332,-0.9584509837211392,-0.7691852068817163,20,3
mp-27785,TiBr2,<PROJECT_ROOT>/external_datasets/functional_protocol_round4_widechem_boost/meta_gga_r2scan/cif/mp-27785.cif,train,-1.3547624105555585,-4.768614451090495,-1.225333256178501,-1.2270680096699484,-1.675885230776808,3,2
mp-1183732,CeTh3,<PROJECT_ROOT>/external_datasets/functional_protocol_round4_widechem_boost/meta_gga_r2scan/cif/mp-1183732.cif,train,0.0170193850000117,-7.038234710693359,-0.1003866934353592,-0.1039081080926633,-1.0149721576332895,4,2
mp-1080800,Th(CoAs)2,<PROJECT_ROOT>/external_datasets/functional_protocol_round4_widechem_boost/meta_gga_r2scan/cif/mp-1080800.cif,train,-0.7890950879999992,-6.985530853271484,-0.8746421825268076,-0.8722527701090153,-0.2540615131254214,10,3
mp-9006,Ho2CF2,<PROJECT_ROOT>/external_datasets/functional_protocol_round4_widechem_boost/meta_gga_r2scan/cif/mp-9006.cif,train,-2.725243137999999,-6.8603874206542965,-2.6645533281291875,-2.662000260647022,-2.001467995805837,5,3
mp-1042795,ZnNiAs2O7,<PROJECT_ROOT>/external_datasets/functional_protocol_round4_widechem_boost/meta_gga_r2scan/cif/mp-1042795.cif,train,-1.3798703976136373,-5.569422635165128,-1.3663077350204462,-1.3698394449799869,-2.283567105777763,44,4
mp-777775,Ag(H7O4)2,<PROJECT_ROOT>/external_datasets/functional_protocol_round4_widechem_boost/meta_gga_r2scan/cif/mp-777775.cif,train,-0.9320856040217383,-4.81922315514606,-1.1121179305205002,-1.1123336832715225,-1.1681534586325608,92,3
mp-862820,PaSi3,<PROJECT_ROOT>/external_datasets/functional_protocol_round4_widechem_boost/meta_gga_r2scan/cif/mp-862820.cif,train,-0.3413275062499998,-6.865056991577148,-0.3536374005900242,-0.3553150882375222,-0.7893681750683836,4,2
mp-16830,Sr(Ni2B)6,<PROJECT_ROOT>/external_datasets/functional_protocol_round4_widechem_boost/meta_gga_r2scan/cif/mp-16830.cif,train,-0.3431015892105261,-6.1869041041324015,-0.3563687938573157,-0.3565644363267237,-0.4071812587641705,19,3
mp-1218349,SrAg3Pd2,<PROJECT_ROOT>/external_datasets/functional_protocol_round4_widechem_boost/meta_gga_r2scan/cif/mp-1218349.cif,train,-0.328676064166667,-3.7462037404378257,-0.3078547230259194,-0.3077189110479716,-0.2725814953666348,6,3
mp-2759442,Cs2HgBr4,<PROJECT_ROOT>/external_datasets/functional_protocol_round4_widechem_boost/meta_gga_r2scan/cif/mp-2759442.cif,train,-1.4335294810714296,-2.495159149169922,-1.421274110405128,-1.4203586337179654,-1.1835055564666617,28,3
mp-1238795,Na(CrS2)2,<PROJECT_ROOT>/external_datasets/functional_protocol_round4_widechem_boost/meta_gga_r2scan/cif/mp-1238795.cif,train,-1.0313702901785715,-6.0786541530064175,-1.0456673000867216,-1.0458249432604436,-1.086610548540234,7,3
mp-23533,K2OsCl6,<PROJECT_ROOT>/external_datasets/functional_protocol_round4_widechem_boost/meta_gga_r2scan/cif/mp-23533.cif,train,-1.3226880336111104,-3.87088139851888,-1.3133655466662506,-1.313840416098154,-1.43669912764732,9,3
mp-759882,AgBH8C4(N2F)4,<PROJECT_ROOT>/external_datasets/functional_protocol_round4_widechem_boost/meta_gga_r2scan/cif/mp-759882.cif,train,-0.7004338097115375,-6.332687377929688,-0.7840507489749315,-0.7845678641167906,-0.9183564295398594,52,6
mp-1103032,HoAlPt,<PROJECT_ROOT>/external_datasets/functional_protocol_round4_widechem_boost/meta_gga_r2scan/cif/mp-1103032.cif,train,-1.2770703625000028,-5.961051305135091,-1.2471849293726125,-1.2457653508644526,-0.8784905280621068,12,3
mp-1103467,YbFe2,<PROJECT_ROOT>/external_datasets/functional_protocol_round4_widechem_boost/meta_gga_r2scan/cif/mp-1103467.cif,train,-0.0510066341666686,-6.046134312947591,-0.0778045107896518,-0.077273742738412,0.060047117532356,12,2
mp-753192,Yb4Sb2O,<PROJECT_ROOT>/external_datasets/functional_protocol_round4_widechem_boost/meta_gga_r2scan/cif/mp-753192.cif,train,-1.5520576269642885,-4.334786006382534,-1.8340934080835616,-1.8303710086742804,-0.8673079758187467,7,3
mp-570258,Ca3(AlN2)2,<PROJECT_ROOT>/external_datasets/functional_protocol_round4_widechem_boost/meta_gga_r2scan/cif/mp-570258.cif,train,-1.3619095016666671,-6.323340521918403,-1.2859815837902708,-1.285133538270815,-1.065726322611401,18,3
mp-3,Cs,<PROJECT_ROOT>/external_datasets/functional_protocol_round4_widechem_boost/meta_gga_r2scan/cif/mp-3.cif,train,0.0744849700000003,-0.7994368076324463,0.0388802602373496,0.0359629724072263,-0.7188007583207237,2,1
mp-1187587,Tm2ZnAu,<PROJECT_ROOT>/external_datasets/functional_protocol_round4_widechem_boost/meta_gga_r2scan/cif/mp-1187587.cif,train,-0.6885066262500033,-3.9924802780151367,-0.675273310353337,-0.6746674813479867,-0.5179267732383447,4,3
mp-10442,Eu(Cu2As)2,<PROJECT_ROOT>/external_datasets/functional_protocol_round4_widechem_boost/meta_gga_r2scan/cif/mp-10442.cif,train,-0.4403411171428583,-5.515689849853516,-0.4205215252488115,-0.4197614144538706,-0.223104761850122,7,3
mp-1018077,ErGa,<PROJECT_ROOT>/external_datasets/functional_protocol_round4_widechem_boost/meta_gga_r2scan/cif/mp-1018077.cif,train,-0.7313678041666662,-4.419246673583984,-0.6812694002514519,-0.6817218392854434,-0.7987773350423079,4,2
mp-1216612,TlIn5S8,<PROJECT_ROOT>/external_datasets/functional_protocol_round4_widechem_boost/meta_gga_r2scan/cif/mp-1216612.cif,train,-0.7262489166071414,-4.043844223022461,-0.7268190159699319,-0.7280098413525726,-1.0361014184538315,14,3
mp-754042,Cd(CoO2)2,<PROJECT_ROOT>/external_datasets/functional_protocol_round4_widechem_boost/meta_gga_r2scan/cif/mp-754042.cif,train,-1.3008461107142852,-5.373023441859654,-0.7537285600091908,-0.7579257385743707,-1.843824126678488,28,3
mp-864762,LiMg2Zn,<PROJECT_ROOT>/external_datasets/functional_protocol_round4_widechem_boost/meta_gga_r2scan/cif/mp-864762.cif,train,-0.1378784204166665,-1.7260308265686035,-0.1534085638342666,-0.1535657016714244,-0.1942205657387841,4,3
mp-1183832,CeAsRh,<PROJECT_ROOT>/external_datasets/functional_protocol_round4_widechem_boost/meta_gga_r2scan/cif/mp-1183832.cif,train,-1.2546516958333314,-7.120933532714844,-1.2680241364340017,-1.2667294696250408,-0.9317719310907436,6,3
mp-1285,PtO2,<PROJECT_ROOT>/external_datasets/functional_protocol_round4_widechem_boost/meta_gga_r2scan/cif/mp-1285.cif,train,-0.6205217674999991,-5.769479115804036,-0.902065738926666,-0.9085213760185172,-2.5787304946820395,6,2
mp-27157,V2Ni2O7,<PROJECT_ROOT>/external_datasets/functional_protocol_round4_widechem_boost/meta_gga_r2scan/cif/mp-27157.cif,train,-2.066854893295454,-6.563709605823863,-1.225455529814421,-1.229616268700907,-2.306086945369098,44,3
mp-581736,Eu(SiRu)2,<PROJECT_ROOT>/external_datasets/functional_protocol_round4_widechem_boost/meta_gga_r2scan/cif/mp-581736.cif,train,-0.8146155849999985,-8.69164581298828,-0.7549664138809966,-0.7545419821115402,-0.6447325548674914,5,3
mp-1186302,Nd3In,<PROJECT_ROOT>/external_datasets/functional_protocol_round4_widechem_boost/meta_gga_r2scan/cif/mp-1186302.cif,train,-0.3620973793749975,-4.523896217346191,-0.3721707201456929,-0.3740981520045707,-0.8727653200179449,8,2
mp-27496,YUO4,<PROJECT_ROOT>/external_datasets/functional_protocol_round4_widechem_boost/meta_gga_r2scan/cif/mp-27496.cif,train,-3.8201513583333337,-9.696796417236328,-3.9456493117124136,-3.940887611939739,-2.7089357119937,6,3
mp-866127,LuTaOs2,<PROJECT_ROOT>/external_datasets/functional_protocol_round4_widechem_boost/meta_gga_r2scan/cif/mp-866127.cif,train,-0.4944839959999996,-10.082889556884766,-0.4207364999985792,-0.4206944532735219,-0.4098160809939875,4,3
mp-1191926,EuGe7Rh3,<PROJECT_ROOT>/external_datasets/functional_protocol_round4_widechem_boost/meta_gga_r2scan/cif/mp-1191926.cif,train,-0.488468164545452,-6.368684942072088,-0.4722199500607154,-0.4725665943919601,-0.5622507750047816,22,3
mp-866052,Gd2PdRu,<PROJECT_ROOT>/external_datasets/functional_protocol_round4_widechem_boost/meta_gga_r2scan/cif/mp-866052.cif,train,-0.5399938662500077,-11.22827434539795,-0.5870378234181324,-0.5873510729014892,-0.6683953038734864,4,3
mp-569313,Mg3Si8Ir3,<PROJECT_ROOT>/external_datasets/functional_protocol_round4_widechem_boost/meta_gga_r2scan/cif/mp-569313.cif,train,-0.4882367607142888,-5.802279881068638,-0.4301579685570349,-0.4307075793587565,-0.5729034555712285,28,3
mp-1211482,KPu2F9,<PROJECT_ROOT>/external_datasets/functional_protocol_round4_widechem_boost/meta_gga_r2scan/cif/mp-1211482.cif,train,-3.848595149270833,-7.230356852213542,-3.78300030598467,-3.78086098461776,-3.2273735435030666,48,3
mp-31298,ErSnRh,<PROJECT_ROOT>/external_datasets/functional_protocol_round4_widechem_boost/meta_gga_r2scan/cif/mp-31298.cif,train,-0.9691825433333304,-6.214435153537327,-0.93159461790031,-0.9307901392516876,-0.7226545895643479,9,3
mp-1190284,Bi8Se9,<PROJECT_ROOT>/external_datasets/functional_protocol_round4_widechem_boost/meta_gga_r2scan/cif/mp-1190284.cif,train,-0.381222222444856,-4.0140856574563415,-0.4163240155937604,-0.417313389151686,-0.6732851413896679,17,2
mp-31203,Pr(SiAg)2,<PROJECT_ROOT>/external_datasets/functional_protocol_round4_widechem_boost/meta_gga_r2scan/cif/mp-31203.cif,train,-0.4661247943333336,-4.696809005737305,-0.39246932129205,-0.3923054593460264,-0.3499109268573852,5,3
mp-1205652,TlNiCl3,<PROJECT_ROOT>/external_datasets/functional_protocol_round4_widechem_boost/meta_gga_r2scan/cif/mp-1205652.cif,train,-1.0486293555000004,-3.487007141113281,-0.9075670211859124,-0.9084825620953064,-1.1453522549879986,10,3
mp-775824,Zr2N2O,<PROJECT_ROOT>/external_datasets/functional_protocol_round4_widechem_boost/meta_gga_r2scan/cif/mp-775824.cif,train,-2.4423377310000007,-9.787938690185548,-2.3274424494383705,-2.324536481284677,-1.5727013889766357,40,3
mp-973635,Lu2ZnIn,<PROJECT_ROOT>/external_datasets/functional_protocol_round4_widechem_boost/meta_gga_r2scan/cif/mp-973635.cif,train,-0.4469122345833298,-3.6263740062713614,-0.4357238057033243,-0.4361021801347204,-0.533995605153506,4,3
mp-28610,CsAgCl3,<PROJECT_ROOT>/external_datasets/functional_protocol_round4_widechem_boost/meta_gga_r2scan/cif/mp-28610.cif,train,-1.2611347024999986,-2.9272050857543945,-1.213280226828089,-1.2134184555746828,-1.2491811401451294,10,3
mp-2034504,ZnCu,<PROJECT_ROOT>/external_datasets/functional_protocol_round4_widechem_boost/meta_gga_r2scan/cif/mp-2034504.cif,train,-0.0941465575000002,-2.764557361602783,-0.0891064008921604,-0.0884576755040047,0.0793812292219442,2,2
mp-1545805,SrO2,<PROJECT_ROOT>/external_datasets/functional_protocol_round4_widechem_boost/meta_gga_r2scan/cif/mp-1545805.cif,train,-2.080851346666666,-5.764067967732747,-2.3748943644753986,-2.376584494651267,-2.8138567253083395,12,2
mp-27479,Pr2W2O9,<PROJECT_ROOT>/external_datasets/functional_protocol_round4_widechem_boost/meta_gga_r2scan/cif/mp-27479.cif,train,-2.980393369583335,-7.89877201960637,-2.351543219472723,-2.3518280117657677,-2.4255097689667835,52,3
mp-866069,MgScRh2,<PROJECT_ROOT>/external_datasets/functional_protocol_round4_widechem_boost/meta_gga_r2scan/cif/mp-866069.cif,train,-0.8321220449999984,-6.469944000244141,-0.8244607571067535,-0.8236653166983574,-0.6178681498812131,4,3
mp-582119,Tb4InRh,<PROJECT_ROOT>/external_datasets/functional_protocol_round4_widechem_boost/meta_gga_r2scan/cif/mp-582119.cif,train,-0.6361732466666675,-5.3166859944661455,-0.6361110624312465,-0.636556105648153,-0.7516981479454472,24,3
mp-1228215,Cs3(Cr5Se8)4,<PROJECT_ROOT>/external_datasets/functional_protocol_round4_widechem_boost/meta_gga_r2scan/cif/mp-1228215.cif,train,-0.9273320730909084,-6.205828302556818,-0.8643255929881919,-0.8643034945869301,-0.8585861733137048,55,3
mp-1187463,TiBe2Pt,<PROJECT_ROOT>/external_datasets/functional_protocol_round4_widechem_boost/meta_gga_r2scan/cif/mp-1187463.cif,train,-0.6202908029166672,-5.930602073669434,-0.6031963661452586,-0.6035911068095308,-0.7057188205570529,4,3
mp-867863,SmCu4Ag,<PROJECT_ROOT>/external_datasets/functional_protocol_round4_widechem_boost/meta_gga_r2scan/cif/mp-867863.cif,train,-0.2056676274999986,-4.193505922953288,-0.2087686344756392,-0.2082645899145667,-0.0778576587105118,6,3
mp-1185394,LiGd2Ga,<PROJECT_ROOT>/external_datasets/functional_protocol_round4_widechem_boost/meta_gga_r2scan/cif/mp-1185394.cif,train,-0.33536036666667,-8.59511661529541,-0.3613200216144197,-0.3629227209844679,-0.7775747629426109,4,3
mp-31763,Ca2FeReO6,<PROJECT_ROOT>/external_datasets/functional_protocol_round4_widechem_boost/meta_gga_r2scan/cif/mp-31763.cif,train,-2.4063729154999978,-7.351014709472656,-2.304387960590124,-2.304127478227083,-2.2367352113121077,40,4
mp-983581,Er2PdRh,<PROJECT_ROOT>/external_datasets/functional_protocol_round4_widechem_boost/meta_gga_r2scan/cif/mp-983581.cif,train,-0.9740140041666656,-6.34573221206665,-0.9850447647038374,-0.9847809132002324,-0.9165169787466814,4,3
mp-1196961,Si,<PROJECT_ROOT>/external_datasets/functional_protocol_round4_widechem_boost/meta_gga_r2scan/cif/mp-1196961.cif,train,0.1104590064999996,-5.346948623657227,0.1595126418530439,0.1557840221201383,-0.8088883393189457,40,1
mp-605873,Pr4MgRu,<PROJECT_ROOT>/external_datasets/functional_protocol_round4_widechem_boost/meta_gga_r2scan/cif/mp-605873.cif,train,-0.174326515694446,-5.168205261230469,-0.2190936761140705,-0.2204325916869249,-0.5668382162746439,24,3
mp-752989,Ti8O13,<PROJECT_ROOT>/external_datasets/functional_protocol_round4_widechem_boost/meta_gga_r2scan/cif/mp-752989.cif,train,-3.1745174203373017,-8.989800589425224,-3.321574502787822,-3.31924395289293,-2.716281668831156,21,2
mp-2077,DyMg,<PROJECT_ROOT>/external_datasets/functional_protocol_round4_widechem_boost/meta_gga_r2scan/cif/mp-2077.cif,train,-0.0960584450000006,-3.1780014038085938,-0.1364463338247059,-0.1382104106480737,-0.5946141945836739,2,2
mp-1029404,KGe2N3,<PROJECT_ROOT>/external_datasets/functional_protocol_round4_widechem_boost/meta_gga_r2scan/cif/mp-1029404.cif,train,-0.2908915783333334,-6.007827758789063,-0.2247967765300149,-0.2270382657992771,-0.8069586924938666,12,3
mp-1216493,V3Cr3B8,<PROJECT_ROOT>/external_datasets/functional_protocol_round4_widechem_boost/meta_gga_r2scan/cif/mp-1216493.cif,train,-0.6306327607142858,-8.494616372244698,-0.8215320273404485,-0.8202522880982208,-0.4891568250989059,14,3
mp-1103757,Cu5Sn2Se7,<PROJECT_ROOT>/external_datasets/functional_protocol_round4_widechem_boost/meta_gga_r2scan/cif/mp-1103757.cif,train,-0.3475025795312498,-4.059161049979074,-0.368045674148874,-0.3693412694918825,-0.7045390393177675,14,3
mp-1186476,Pm2TlSn,<PROJECT_ROOT>/external_datasets/functional_protocol_round4_widechem_boost/meta_gga_r2scan/cif/mp-1186476.cif,train,-0.5949271487500027,-4.471228122711182,-0.5281961647198683,-0.5272464837019655,-0.2815440265562684,4,3
mp-863667,Er2TlAg,<PROJECT_ROOT>/external_datasets/functional_protocol_round4_widechem_boost/meta_gga_r2scan/cif/mp-863667.cif,train,-0.4053339929166668,-3.918890476226807,-0.380279507084559,-0.3805792962406071,-0.4581410573789969,4,3
mp-1029469,ZnSnN2,<PROJECT_ROOT>/external_datasets/functional_protocol_round4_widechem_boost/meta_gga_r2scan/cif/mp-1029469.cif,train,-0.1111482106250001,-5.438584327697754,-0.0713111613879053,-0.0733919048000268,-0.6117239967522302,16,3
mp-8898,TaAlO4,<PROJECT_ROOT>/external_datasets/functional_protocol_round4_widechem_boost/meta_gga_r2scan/cif/mp-8898.cif,train,-3.2294500649722218,-8.817623138427734,-3.327840204497443,-3.324629774214718,-2.494023924355826,24,3
mp-1001784,LiTiS2,<PROJECT_ROOT>/external_datasets/functional_protocol_round4_widechem_boost/meta_gga_r2scan/cif/mp-1001784.cif,train,-1.6141151822395834,-5.921572208404541,-1.576447919468312,-1.576133659424329,-1.4948279751506175,4,3
mp-1212499,Hf5Ir3,<PROJECT_ROOT>/external_datasets/functional_protocol_round4_widechem_boost/meta_gga_r2scan/cif/mp-1212499.cif,train,-0.9153609981250004,-10.360687255859377,-0.8934215386234587,-0.8951072178506214,-1.3312278944495328,48,2
mp-1620,Si2W,<PROJECT_ROOT>/external_datasets/functional_protocol_round4_widechem_boost/meta_gga_r2scan/cif/mp-1620.cif,train,-0.2998895333333327,-8.278102238972982,-0.6333742762584311,-0.6325696931391906,-0.4244071147178609,3,2
mp-977567,Hf2CuRe,<PROJECT_ROOT>/external_datasets/functional_protocol_round4_widechem_boost/meta_gga_r2scan/cif/mp-977567.cif,train,-0.3377966881250032,-9.398737907409668,-0.2922798424977362,-0.2939661848564263,-0.7302584275331274,4,3
mp-972522,SmTmZn2,<PROJECT_ROOT>/external_datasets/functional_protocol_round4_widechem_boost/meta_gga_r2scan/cif/mp-972522.cif,train,-0.3644894924999988,-3.261031150817871,-0.3988002875196343,-0.39950541209791,-0.5819359737427447,4,3
mp-630836,Nd3(GeRu)2,<PROJECT_ROOT>/external_datasets/functional_protocol_round4_widechem_boost/meta_gga_r2scan/cif/mp-630836.cif,train,-0.6809910932142843,-6.629579816545759,-0.6603276092210608,-0.660392078372487,-0.6770716040402746,28,3
mp-2761491,Ba3Cr2O8,<PROJECT_ROOT>/external_datasets/functional_protocol_round4_widechem_boost/meta_gga_r2scan/cif/mp-2761491.cif,train,-2.6840822849999992,-6.854235135591948,-2.3480432871464485,-2.348445344535912,-2.4524660490085712,26,3
mp-867278,DyPaTc2,<PROJECT_ROOT>/external_datasets/functional_protocol_round4_widechem_boost/meta_gga_r2scan/cif/mp-867278.cif,train,-0.1698698262500002,-8.850898742675781,-0.1652185201744558,-0.1654484354221974,-0.2249323465967041,4,3
mp-972981,K,<PROJECT_ROOT>/external_datasets/functional_protocol_round4_widechem_boost/meta_gga_r2scan/cif/mp-972981.cif,train,0.00667069125,-1.094941020011902,0.0171022558002522,0.0144580109253453,-0.6696637634635556,2,1
mp-27399,SbBr3,<PROJECT_ROOT>/external_datasets/functional_protocol_round4_widechem_boost/meta_gga_r2scan/cif/mp-27399.cif,train,-0.6784578687500016,-2.8535046577453613,-0.789722816794241,-0.7919027608999496,-1.355900159100246,16,2
mp-28869,Ga3B4Pt9,<PROJECT_ROOT>/external_datasets/functional_protocol_round4_widechem_boost/meta_gga_r2scan/cif/mp-28869.cif,train,-0.4454540765624983,-6.0401530265808105,-0.4318111178371371,-0.433058843073737,-0.7558716093575386,32,3
mp-569915,Er5Rh3,<PROJECT_ROOT>/external_datasets/functional_protocol_round4_widechem_boost/meta_gga_r2scan/cif/mp-569915.cif,train,-0.801195951458336,-6.370581150054932,-0.8358923827974012,-0.836655580248018,-1.034110815607341,16,2
mp-540671,Ti7Cl16,<PROJECT_ROOT>/external_datasets/functional_protocol_round4_widechem_boost/meta_gga_r2scan/cif/mp-540671.cif,train,-1.7469467202898556,-5.195834615956182,-1.6826877322516325,-1.683312306745675,-1.844902867115137,46,2
mp-739,TiP,<PROJECT_ROOT>/external_datasets/functional_protocol_round4_widechem_boost/meta_gga_r2scan/cif/mp-739.cif,train,-1.2880608885714295,-7.836126327514648,-1.201277739335275,-1.2012943615399188,-1.205594875559128,8,2
mp-861966,AcHgAu2,<PROJECT_ROOT>/external_datasets/functional_protocol_round4_widechem_boost/meta_gga_r2scan/cif/mp-861966.cif,train,-0.6576337837500006,-3.342924356460572,-0.634866600390056,-0.6333656131546537,-0.2450286400742648,4,3
mp-27703,InBrO,<PROJECT_ROOT>/external_datasets/functional_protocol_round4_widechem_boost/meta_gga_r2scan/cif/mp-27703.cif,train,-1.49203761375,-4.363330523173015,-1.5837023798268437,-1.5843282276582338,-1.7462482271884032,6,3
mp-11069,YbAgSn,<PROJECT_ROOT>/external_datasets/functional_protocol_round4_widechem_boost/meta_gga_r2scan/cif/mp-11069.cif,train,-0.5185600477777794,-3.334843317667643,-0.5990201100054686,-0.5972656696531127,-0.1433550434894499,9,3
mp-23059,Rb2SnCl6,<PROJECT_ROOT>/external_datasets/functional_protocol_round4_widechem_boost/meta_gga_r2scan/cif/mp-23059.cif,train,-1.6677297652777792,-3.3653284708658853,-1.6397626638130798,-1.639191271676455,-1.491360105929603,9,3
mp-1078582,UInPt,<PROJECT_ROOT>/external_datasets/functional_protocol_round4_widechem_boost/meta_gga_r2scan/cif/mp-1078582.cif,train,-0.7515282205555612,-7.145913865831163,-0.6600104497231865,-0.661205130162192,-0.9702940914444532,9,3
mp-559756,PrScO3,<PROJECT_ROOT>/external_datasets/functional_protocol_round4_widechem_boost/meta_gga_r2scan/cif/mp-559756.cif,train,-3.788578318583333,-8.657537078857422,-3.8662105845172494,-3.8606464457274816,-2.421086691668318,20,3
mp-1188900,Tb7RuI12,<PROJECT_ROOT>/external_datasets/functional_protocol_round4_widechem_boost/meta_gga_r2scan/cif/mp-1188900.cif,train,-1.4367556202499998,-4.220692443847656,-1.35751996958931,-1.3561792060057654,-1.0092954621790848,20,3
mp-754655,Eu2SeO2,<PROJECT_ROOT>/external_datasets/functional_protocol_round4_widechem_boost/meta_gga_r2scan/cif/mp-754655.cif,train,-2.7112569353125027,-9.207928466796876,-2.746195770934241,-2.743670085035592,-2.090222011857019,5,3
mp-974059,LiDyIn2,<PROJECT_ROOT>/external_datasets/functional_protocol_round4_widechem_boost/meta_gga_r2scan/cif/mp-974059.cif,train,-0.4871983554166661,-3.377927541732788,-0.4983456506657333,-0.4986256821369945,-0.571075714581637,4,3
mp-8511,PF5,<PROJECT_ROOT>/external_datasets/functional_protocol_round4_widechem_boost/meta_gga_r2scan/cif/mp-8511.cif,train,-2.7268319496626976,-5.00046984354655,-2.910450896121293,-2.912111825587566,-3.341829218398124,12,2
mp-864994,DyHg3,<PROJECT_ROOT>/external_datasets/functional_protocol_round4_widechem_boost/meta_gga_r2scan/cif/mp-864994.cif,train,-0.4066805731250014,-1.7206828594207764,-0.3771280008337472,-0.3768155690724901,-0.295982900016183,8,2
mp-5830,Na3AsS3,<PROJECT_ROOT>/external_datasets/functional_protocol_round4_widechem_boost/meta_gga_r2scan/cif/mp-5830.cif,train,-1.0107590294196436,-3.849045072283064,-1.0481160519001969,-1.0484023188304077,-1.122465595685591,28,3
mp-12107,TiPt3,<PROJECT_ROOT>/external_datasets/functional_protocol_round4_widechem_boost/meta_gga_r2scan/cif/mp-12107.cif,train,-0.922691579166667,-7.369431495666504,-0.9283661483123602,-0.929011592088644,-1.0960014747882751,4,2
mp-1223799,HoPaO4,<PROJECT_ROOT>/external_datasets/functional_protocol_round4_widechem_boost/meta_gga_r2scan/cif/mp-1223799.cif,train,-4.075079641666666,-9.379597981770834,-4.172289757097435,-4.166227096335207,-2.597689220928821,6,3
mp-583581,W2NCl9,<PROJECT_ROOT>/external_datasets/functional_protocol_round4_widechem_boost/meta_gga_r2scan/cif/mp-583581.cif,train,-0.9223655976041676,-5.049731890360515,-1.1817570003947069,-1.1829788138078623,-1.4990876462807754,48,3
mp-1225966,Eu2(CuNi)5,<PROJECT_ROOT>/external_datasets/functional_protocol_round4_widechem_boost/meta_gga_r2scan/cif/mp-1225966.cif,train,-0.1136752199999999,-5.970666885375977,-0.1715862833926369,-0.1716527684273314,-0.1888538455054078,12,3
mp-10334,Pr(CdP)3,<PROJECT_ROOT>/external_datasets/functional_protocol_round4_widechem_boost/meta_gga_r2scan/cif/mp-10334.cif,train,-0.6043379950850323,-3.869777951921736,-0.4970707073961731,-0.4968891811988785,-0.4499245353184546,14,3
mp-557539,MoF3,<PROJECT_ROOT>/external_datasets/functional_protocol_round4_widechem_boost/meta_gga_r2scan/cif/mp-557539.cif,train,-2.547664713749999,-5.723759174346924,-2.029397607361627,-2.032359639083478,-2.798699555846736,8,2
mp-1186433,Pm2AgHg,<PROJECT_ROOT>/external_datasets/functional_protocol_round4_widechem_boost/meta_gga_r2scan/cif/mp-1186433.cif,train,-0.4304857243750035,-3.5345966815948486,-0.3889072039681283,-0.3882366117546922,-0.2147402993322757,4,3
mp-864598,LiMg2Ag,<PROJECT_ROOT>/external_datasets/functional_protocol_round4_widechem_boost/meta_gga_r2scan/cif/mp-864598.cif,train,-0.1984978904166663,-2.197804927825928,-0.2104308441357649,-0.2100481617611302,-0.1110401811936203,4,3
mp-1206016,PrInPt,<PROJECT_ROOT>/external_datasets/functional_protocol_round4_widechem_boost/meta_gga_r2scan/cif/mp-1206016.cif,train,-1.0685731983333286,-5.466726938883464,-1.0295315482670515,-1.027931121704202,-0.6138671027706109,9,3
mp-1207932,TmGa3Os,<PROJECT_ROOT>/external_datasets/functional_protocol_round4_widechem_boost/meta_gga_r2scan/cif/mp-1207932.cif,train,-0.557037808000003,-5.429830423990885,-0.5144904664510701,-0.5139293225772663,-0.3687495980090621,15,3
mp-634676,KHS,<PROJECT_ROOT>/external_datasets/functional_protocol_round4_widechem_boost/meta_gga_r2scan/cif/mp-634676.cif,train,-0.9051011784375002,-3.649505297342936,-0.852148856678113,-0.8520041127745808,-0.814555820061792,6,3
mp-21857,Cs(WO3)2,<PROJECT_ROOT>/external_datasets/functional_protocol_round4_widechem_boost/meta_gga_r2scan/cif/mp-21857.cif,train,-2.327456656388888,-7.053167978922526,-1.4324653455082856,-1.435699994460604,-2.272571723618391,18,3
mp-867284,Ho2CuRh,<PROJECT_ROOT>/external_datasets/functional_protocol_round4_widechem_boost/meta_gga_r2scan/cif/mp-867284.cif,train,-0.6145027724999998,-5.73520565032959,-0.652508480200896,-0.6529001381071327,-0.7542302775041433,4,3
mp-997183,MnAuO2,<PROJECT_ROOT>/external_datasets/functional_protocol_round4_widechem_boost/meta_gga_r2scan/cif/mp-997183.cif,train,-1.3871294879956864,-6.180092811584473,-1.123895506298461,-1.1267139345543722,-1.8559006137854683,4,3
mp-756510,K4TiO4,<PROJECT_ROOT>/external_datasets/functional_protocol_round4_widechem_boost/meta_gga_r2scan/cif/mp-756510.cif,train,-2.273188500740741,-5.646724277072483,-2.359888651318138,-2.3584572783701674,-1.9881309858768128,18,3
mp-1209118,RbYb(WO4)2,<PROJECT_ROOT>/external_datasets/functional_protocol_round4_widechem_boost/meta_gga_r2scan/cif/mp-1209118.cif,train,-2.7233281896875,-6.754899978637695,-1.7106212221954689,-1.7129563635428957,-2.317106552962424,12,4
mp-676154,Yb(DyS2)2,<PROJECT_ROOT>/external_datasets/functional_protocol_round4_widechem_boost/meta_gga_r2scan/cif/mp-676154.cif,train,-2.244831701607146,-5.983095986502511,-2.324806489211557,-2.321390692730957,-1.4376522873303703,14,3
mp-1216771,U3Al3CoRu2,<PROJECT_ROOT>/external_datasets/functional_protocol_round4_widechem_boost/meta_gga_r2scan/cif/mp-1216771.cif,train,-0.4447878394444413,-8.217272440592447,-0.516994195587289,-0.5180668139853735,-0.7955757575446454,9,4
mp-3978,SrSiO3,<PROJECT_ROOT>/external_datasets/functional_protocol_round4_widechem_boost/meta_gga_r2scan/cif/mp-3978.cif,train,-3.2748173052500014,-7.414864603678385,-3.416552058001517,-3.413141943364754,-2.53087355048924,30,3
mp-28928,DySBr,<PROJECT_ROOT>/external_datasets/functional_protocol_round4_widechem_boost/meta_gga_r2scan/cif/mp-28928.cif,train,-2.305509138437498,-5.4810746510823565,-2.247391926648916,-2.24477927644672,-1.568831708530358,6,3
mp-1197019,Np3Se5,<PROJECT_ROOT>/external_datasets/functional_protocol_round4_widechem_boost/meta_gga_r2scan/cif/mp-1197019.cif,train,-1.8588178305078031,-8.17470932006836,-1.641571548490102,-1.6420962710785345,-1.7778530429927184,32,2
mp-680813,SrIn6Cu7,<PROJECT_ROOT>/external_datasets/functional_protocol_round4_widechem_boost/meta_gga_r2scan/cif/mp-680813.cif,train,-0.1805043058928593,-3.458408628191267,-0.1640143322183642,-0.1637209863937503,-0.087826250643026,56,3
mp-1344,Sm3Se4,<PROJECT_ROOT>/external_datasets/functional_protocol_round4_widechem_boost/meta_gga_r2scan/cif/mp-1344.cif,train,-2.1172137644642857,-5.848397936139788,-2.0107979652456955,-2.0086407213406847,-1.4505163425881498,14,2
mp-1204620,ZnH9C4(NO2)3,<PROJECT_ROOT>/external_datasets/functional_protocol_round4_widechem_boost/meta_gga_r2scan/cif/mp-1204620.cif,train,-0.7601466535869564,-6.084079244862432,-0.9074318594394262,-0.9077966952533778,-1.0021873951486873,92,5
mp-1720,SmRu2,<PROJECT_ROOT>/external_datasets/functional_protocol_round4_widechem_boost/meta_gga_r2scan/cif/mp-1720.cif,train,-0.2123070833333381,-7.949342091878255,-0.2662944348977545,-0.2677774981277672,-0.6514771539657283,6,2
mp-559299,VPO5,<PROJECT_ROOT>/external_datasets/functional_protocol_round4_widechem_boost/meta_gga_r2scan/cif/mp-559299.cif,train,-2.40546967810374,-7.334419795445034,-2.2613026413818043,-2.262730276396498,-2.63208948692007,14,3
mp-1184644,Ho2TlIn,<PROJECT_ROOT>/external_datasets/functional_protocol_round4_widechem_boost/meta_gga_r2scan/cif/mp-1184644.cif,train,-0.4994912074999931,-3.948582887649536,-0.4816546212345516,-0.4820062986461062,-0.5729926430259575,4,3
mp-30584,HoCu2,<PROJECT_ROOT>/external_datasets/functional_protocol_round4_widechem_boost/meta_gga_r2scan/cif/mp-30584.cif,train,-0.2791086583333353,-4.532498677571614,-0.3108694801434604,-0.3108503744782203,-0.3059073369691701,6,2
mp-1183050,BaYb3,<PROJECT_ROOT>/external_datasets/functional_protocol_round4_widechem_boost/meta_gga_r2scan/cif/mp-1183050.cif,train,0.3417477699999978,-1.4340810775756836,-0.0482420480290759,-0.0511193917568055,-0.7955487429175575,4,2
mp-1642,Ta5N6,<PROJECT_ROOT>/external_datasets/functional_protocol_round4_widechem_boost/meta_gga_r2scan/cif/mp-1642.cif,train,-1.311067269924241,-11.06190352006392,-1.225501077266884,-1.2246459897178266,-1.003416852863481,22,2
mp-304,Ca2Ge,<PROJECT_ROOT>/external_datasets/functional_protocol_round4_widechem_boost/meta_gga_r2scan/cif/mp-304.cif,train,-0.7131978508333331,-3.492375691731771,-0.7022326122038822,-0.7037019765416153,-1.0838574407639228,12,2
mp-2585,Sr5Sb3,<PROJECT_ROOT>/external_datasets/functional_protocol_round4_widechem_boost/meta_gga_r2scan/cif/mp-2585.cif,train,-1.181745720624999,-3.601898670196533,-1.1048367201293736,-1.1049192158326022,-1.1262625896681848,16,2
mp-1025013,GdCu4Pd,<PROJECT_ROOT>/external_datasets/functional_protocol_round4_widechem_boost/meta_gga_r2scan/cif/mp-1025013.cif,train,-0.3214559600000015,-6.271469751993815,-0.3219483308168582,-0.3212304196411493,-0.1354916962588743,6,3
mp-997090,PdAuO2,<PROJECT_ROOT>/external_datasets/functional_protocol_round4_widechem_boost/meta_gga_r2scan/cif/mp-997090.cif,train,-0.359859195624999,-4.808340072631836,-0.5399218880581547,-0.5451686713163628,-1.902621873352517,8,3
mp-1228523,Ba3UFe2O9,<PROJECT_ROOT>/external_datasets/functional_protocol_round4_widechem_boost/meta_gga_r2scan/cif/mp-1228523.cif,train,-2.787245092249998,-7.387522888183594,-2.6006996490348597,-2.6000803462864264,-2.439853697401934,30,4
mp-29642,ZrBi2,<PROJECT_ROOT>/external_datasets/functional_protocol_round4_widechem_boost/meta_gga_r2scan/cif/mp-29642.cif,train,-0.3424003508333347,-5.7180735270182295,-0.2830096693650779,-0.2828276102246407,-0.2357250807348152,24,2
mp-979465,SmCd3,<PROJECT_ROOT>/external_datasets/functional_protocol_round4_widechem_boost/meta_gga_r2scan/cif/mp-979465.cif,train,-0.3413577262499991,-2.164043426513672,-0.3504553225811841,-0.3504163841903134,-0.3403422033494531,8,2
mp-19811,USnRu,<PROJECT_ROOT>/external_datasets/functional_protocol_round4_widechem_boost/meta_gga_r2scan/cif/mp-19811.cif,train,-0.4095285555555581,-8.44947984483507,-0.3983752786842718,-0.3998606332452148,-0.7841531045981217,9,3
mp-11296,ErCd2,<PROJECT_ROOT>/external_datasets/functional_protocol_round4_widechem_boost/meta_gga_r2scan/cif/mp-11296.cif,train,-0.3454474911111115,-2.4250624974568686,-0.3426564755044481,-0.3428541457120593,-0.3939955866789891,3,2
mp-1188487,Zr5SnPb3,<PROJECT_ROOT>/external_datasets/functional_protocol_round4_widechem_boost/meta_gga_r2scan/cif/mp-1188487.cif,train,-0.4586089783333338,-6.77590815226237,-0.413210960176678,-0.4137250924127089,-0.5467419173376241,18,3
mp-1546836,Ca16Sb11,<PROJECT_ROOT>/external_datasets/functional_protocol_round4_widechem_boost/meta_gga_r2scan/cif/mp-1546836.cif,train,-1.203563821296297,-3.892377217610677,-1.1233867885796842,-1.1227225269723116,-0.9508640755099692,54,2
mp-9370,RbLuS2,<PROJECT_ROOT>/external_datasets/functional_protocol_round4_widechem_boost/meta_gga_r2scan/cif/mp-9370.cif,train,-2.1220669008854145,-5.276646614074707,-2.0082697116214088,-2.005635019378709,-1.3239847119009285,4,3
mp-1207615,YHfF7,<PROJECT_ROOT>/external_datasets/functional_protocol_round4_widechem_boost/meta_gga_r2scan/cif/mp-1207615.cif,train,-4.2590652138888885,-7.251594543457031,-4.333321197746489,-4.329263135840997,-3.27935715410226,18,3
mp-2036008,RbPdBr3,<PROJECT_ROOT>/external_datasets/functional_protocol_round4_widechem_boost/meta_gga_r2scan/cif/mp-2036008.cif,train,-1.0688334307499985,-3.119113159179688,-1.068856559481925,-1.0696512706289545,-1.2752597621832764,5,3
mp-972660,SmHoRh2,<PROJECT_ROOT>/external_datasets/functional_protocol_round4_widechem_boost/meta_gga_r2scan/cif/mp-972660.cif,train,-0.856793848749998,-6.798956871032715,-0.8803926655746057,-0.8809285782022105,-1.0195804486070854,4,3
mp-1185705,MgNi2,<PROJECT_ROOT>/external_datasets/functional_protocol_round4_widechem_boost/meta_gga_r2scan/cif/mp-1185705.cif,train,-0.158438355,-4.595932324727376,-0.2316312381215697,-0.2311597570386308,-0.1091776826435148,6,2
mp-1180667,La3FeO6,<PROJECT_ROOT>/external_datasets/functional_protocol_round4_widechem_boost/meta_gga_r2scan/cif/mp-1180667.cif,train,-3.27584057425,-8.011911773681641,-3.1495451082320427,-3.146750286586204,-2.4236711339767942,20,3
mp-18751,Mn2ZnO4,<PROJECT_ROOT>/external_datasets/functional_protocol_round4_widechem_boost/meta_gga_r2scan/cif/mp-18751.cif,train,-2.020803569137932,-6.702836172921317,-1.672961900240228,-1.6743516285231594,-2.033903570120253,14,3
mp-4510,DyNiSb,<PROJECT_ROOT>/external_datasets/functional_protocol_round4_widechem_boost/meta_gga_r2scan/cif/mp-4510.cif,train,-1.0031435449999957,-5.73888651529948,-0.9755638554609484,-0.9739550867397098,-0.557732775944463,3,3
mp-2745558,Na3P6N11,<PROJECT_ROOT>/external_datasets/functional_protocol_round4_widechem_boost/meta_gga_r2scan/cif/mp-2745558.cif,train,-0.758963207705358,-6.959011077880859,-0.7168761556066778,-0.7177746074355111,-0.9502229957032032,80,3
mp-1187807,USb3,<PROJECT_ROOT>/external_datasets/functional_protocol_round4_widechem_boost/meta_gga_r2scan/cif/mp-1187807.cif,train,-0.2543688112500035,-6.046163082122803,-0.2543043161331866,-0.2559273875642862,-0.67585011028065,8,2
mp-15898,Dy2Co3Si5,<PROJECT_ROOT>/external_datasets/functional_protocol_round4_widechem_boost/meta_gga_r2scan/cif/mp-15898.cif,train,-0.728853964000001,-6.536968994140625,-0.767453570788831,-0.7665981051470361,-0.5452711477510792,20,3
mp-2499,BaSi,<PROJECT_ROOT>/external_datasets/functional_protocol_round4_widechem_boost/meta_gga_r2scan/cif/mp-2499.cif,train,-0.4659984300000026,-4.096372127532959,-0.4380142406318303,-0.4409698945346587,-1.2056597353568976,4,2
mp-679999,Re3(SeCl)7,<PROJECT_ROOT>/external_datasets/functional_protocol_round4_widechem_boost/meta_gga_r2scan/cif/mp-679999.cif,train,-0.5147376868198521,-4.852966757381664,-0.6255514199841219,-0.6281911335193398,-1.3111405550032678,68,3
mp-540822,Cs3Zr2I9,<PROJECT_ROOT>/external_datasets/functional_protocol_round4_widechem_boost/meta_gga_r2scan/cif/mp-540822.cif,train,-1.4329357491071408,-3.612366267613002,-1.3571110753659004,-1.3558757233479015,-1.0362641690014671,28,3
mp-1183780,DyHoTl2,<PROJECT_ROOT>/external_datasets/functional_protocol_round4_widechem_boost/meta_gga_r2scan/cif/mp-1183780.cif,train,-0.4367594675000035,-3.809185981750488,-0.4163387866168766,-0.416506605372545,-0.459924847761231,4,3
mp-14367,AsPO5,<PROJECT_ROOT>/external_datasets/functional_protocol_round4_widechem_boost/meta_gga_r2scan/cif/mp-14367.cif,train,-1.7710785163180256,-6.527532305036273,-2.025628334145184,-2.027943327478656,-2.626880801845236,28,3
mp-1205992,HfMnF6,<PROJECT_ROOT>/external_datasets/functional_protocol_round4_widechem_boost/meta_gga_r2scan/cif/mp-1205992.cif,train,-3.670354003060345,-7.023819446563721,-3.6735306552459424,-3.671515054482371,-3.150036736075079,8,3
mp-12079,K(CoS)2,<PROJECT_ROOT>/external_datasets/functional_protocol_round4_widechem_boost/meta_gga_r2scan/cif/mp-12079.cif,train,-0.7382152358750005,-5.281910705566406,-0.6796988200942105,-0.6798080113187615,-0.708058078095622,5,3
mp-1019257,SmZnGa,<PROJECT_ROOT>/external_datasets/functional_protocol_round4_widechem_boost/meta_gga_r2scan/cif/mp-1019257.cif,train,-0.6410494033333359,-3.5628925959269204,-0.6192072301981608,-0.6191408448295208,-0.6019655534570949,6,3
mp-1189515,LuAl3Ni2,<PROJECT_ROOT>/external_datasets/functional_protocol_round4_widechem_boost/meta_gga_r2scan/cif/mp-1189515.cif,train,-0.695904997222221,-5.208192613389757,-0.69378900705021,-0.6928907236367454,-0.4604859079743743,18,3
mp-1189064,Ce(ErS2)3,<PROJECT_ROOT>/external_datasets/functional_protocol_round4_widechem_boost/meta_gga_r2scan/cif/mp-1189064.cif,train,-2.3918454801874987,-6.507526397705078,-2.280062774639058,-2.277407812934398,-1.5905133692497588,20,3
mp-861994,Ho2TlCd,<PROJECT_ROOT>/external_datasets/functional_protocol_round4_widechem_boost/meta_gga_r2scan/cif/mp-861994.cif,train,-0.4170637974999991,-3.438676357269287,-0.4076949493285267,-0.4081897125705618,-0.5361953712980417,4,3
mp-1080525,FeB,<PROJECT_ROOT>/external_datasets/functional_protocol_round4_widechem_boost/meta_gga_r2scan/cif/mp-1080525.cif,train,-0.2551355500000003,-7.934193134307861,-0.396673880364438,-0.3957428158199256,-0.1548568319613391,8,2
mp-1029626,Ba3IrN3,<PROJECT_ROOT>/external_datasets/functional_protocol_round4_widechem_boost/meta_gga_r2scan/cif/mp-1029626.cif,train,-0.5596231358928573,-6.072896684919085,-0.5822390751394346,-0.5847641380332478,-1.2380510267589693,14,3
mp-31258,Pr2MoC2,<PROJECT_ROOT>/external_datasets/functional_protocol_round4_widechem_boost/meta_gga_r2scan/cif/mp-31258.cif,train,-0.2557803431666656,-7.925283813476563,-0.2506305463062537,-0.2503602376678744,-0.1804257066149496,20,3
mp-2896844,CuGeI3,<PROJECT_ROOT>/external_datasets/functional_protocol_round4_widechem_boost/meta_gga_r2scan/cif/mp-2896844.cif,train,-0.0430791344999988,-2.7263019561767576,-0.154757216962341,-0.1569601313483133,-0.7269004242612835,5,3
mp-1187841,YErCu2,<PROJECT_ROOT>/external_datasets/functional_protocol_round4_widechem_boost/meta_gga_r2scan/cif/mp-1187841.cif,train,-0.2488227633333366,-5.061342716217041,-0.2962220882356075,-0.2967077294158775,-0.4223533188675564,4,3
mp-972471,Sm3Ho,<PROJECT_ROOT>/external_datasets/functional_protocol_round4_widechem_boost/meta_gga_r2scan/cif/mp-972471.cif,train,0.0288078262499986,-4.667623043060303,-0.1267914588692269,-0.1316594451640043,-1.391109904259784,4,2
mp-984555,CsDyS2,<PROJECT_ROOT>/external_datasets/functional_protocol_round4_widechem_boost/meta_gga_r2scan/cif/mp-984555.cif,train,-2.1210562551562475,-5.262353420257568,-2.007316743572804,-2.004869909443115,-1.3718224476494476,8,3
mp-28741,CuSe3Br,<PROJECT_ROOT>/external_datasets/functional_protocol_round4_widechem_boost/meta_gga_r2scan/cif/mp-28741.cif,train,-0.1888633359375006,-3.3794857025146485,-0.3089724490909615,-0.3123454426629326,-1.1850098351850296,20,3
mp-3138,Na8SnSb4,<PROJECT_ROOT>/external_datasets/functional_protocol_round4_widechem_boost/meta_gga_r2scan/cif/mp-3138.cif,train,-0.5224297692307687,-2.77888664832482,-0.4864178562540759,-0.4865038917921476,-0.5087630953652195,26,3
mp-1188655,Ir2S3,<PROJECT_ROOT>/external_datasets/functional_protocol_round4_widechem_boost/meta_gga_r2scan/cif/mp-1188655.cif,train,-0.4880825741875014,-6.379885482788086,-0.5588336230576001,-0.5616220014498889,-1.283034148822546,20,2
mp-10405,Yb(AlSi)2,<PROJECT_ROOT>/external_datasets/functional_protocol_round4_widechem_boost/meta_gga_r2scan/cif/mp-10405.cif,train,-0.3808198290000007,-4.245084762573242,-0.3027115618515994,-0.3039171804632854,-0.6158360771182234,5,3
mp-53,P,<PROJECT_ROOT>/external_datasets/functional_protocol_round4_widechem_boost/meta_gga_r2scan/cif/mp-53.cif,train,0.1888175020238094,-5.262918472290039,0.1437537879363173,0.1400726973236148,-0.8123028808901032,2,1
mp-1078003,DyGa5Co,<PROJECT_ROOT>/external_datasets/functional_protocol_round4_widechem_boost/meta_gga_r2scan/cif/mp-1078003.cif,train,-0.466981896428572,-4.294937406267438,-0.4915777196319482,-0.4911619341627951,-0.3835894866875662,7,3
mp-759332,V2O3F,<PROJECT_ROOT>/external_datasets/functional_protocol_round4_widechem_boost/meta_gga_r2scan/cif/mp-759332.cif,train,-2.789917781875001,-7.443124135335286,-2.207470910404724,-2.208754461560427,-2.540836146764144,24,3
mp-623043,GdInRh,<PROJECT_ROOT>/external_datasets/functional_protocol_round4_widechem_boost/meta_gga_r2scan/cif/mp-623043.cif,train,-0.7946337855555549,-8.800100538465712,-0.7901126408090171,-0.7893540148007228,-0.5930815077383056,9,3
mp-27212,Sb2IF15,<PROJECT_ROOT>/external_datasets/functional_protocol_round4_widechem_boost/meta_gga_r2scan/cif/mp-27212.cif,train,-2.158703207361111,-4.114620208740234,-2.3940657308417514,-2.397553707697135,-3.299966694465528,72,3
mp-556164,Si(AgO)4,<PROJECT_ROOT>/external_datasets/functional_protocol_round4_widechem_boost/meta_gga_r2scan/cif/mp-556164.cif,train,-1.1263874977777784,-5.028813256157769,-1.2086899394070056,-1.209641523308699,-1.455836296523252,18,3
mp-561751,CsErS2,<PROJECT_ROOT>/external_datasets/functional_protocol_round4_widechem_boost/meta_gga_r2scan/cif/mp-561751.cif,train,-2.1087455022395787,-5.24607515335083,-1.9896494743525936,-1.9872896562272635,-1.3767550652578988,4,3
mp-1078240,Si6Ni3Au,<PROJECT_ROOT>/external_datasets/functional_protocol_round4_widechem_boost/meta_gga_r2scan/cif/mp-1078240.cif,train,-0.3314782100000002,-5.6429588317871096,-0.2954692614889938,-0.296522600850416,-0.5690436520646671,10,3
mp-1202913,GaH15N5Cl3,<PROJECT_ROOT>/external_datasets/functional_protocol_round4_widechem_boost/meta_gga_r2scan/cif/mp-1202913.cif,train,-0.6269431130208325,-4.779526392618815,-0.6338097780377767,-0.63324817957636,-0.4879508436530787,96,4
mp-1210529,Na3ErBr6,<PROJECT_ROOT>/external_datasets/functional_protocol_round4_widechem_boost/meta_gga_r2scan/cif/mp-1210529.cif,train,-1.9361606153333328,-3.524883270263672,-1.8994194175877568,-1.8973015232311103,-1.3493577004115809,20,3
mp-862787,AlInSe3,<PROJECT_ROOT>/external_datasets/functional_protocol_round4_widechem_boost/meta_gga_r2scan/cif/mp-862787.cif,train,-0.8639210584375008,-4.085703786214193,-0.8406014266019586,-0.8411839753994643,-0.9919016040106248,30,3
mp-28766,K2TiS3,<PROJECT_ROOT>/external_datasets/functional_protocol_round4_widechem_boost/meta_gga_r2scan/cif/mp-28766.cif,train,-1.5745703987673612,-5.114013036092122,-1.5007323915306356,-1.5002594193183525,-1.3778915583944418,12,3
mp-2024042,DyCo5,<PROJECT_ROOT>/external_datasets/functional_protocol_round4_widechem_boost/meta_gga_r2scan/cif/mp-2024042.cif,train,-0.1010037241666665,-6.791074117024739,-0.1444017139170474,-0.1435315476500971,0.0815987707244081,6,2
mp-1102807,PrNiP,<PROJECT_ROOT>/external_datasets/functional_protocol_round4_widechem_boost/meta_gga_r2scan/cif/mp-1102807.cif,train,-1.220127639047618,-6.451913197835286,-1.170277949668102,-1.168059241986808,-0.5940328913438164,12,3
mp-1769,SbPd,<PROJECT_ROOT>/external_datasets/functional_protocol_round4_widechem_boost/meta_gga_r2scan/cif/mp-1769.cif,train,-0.4319554574999991,-5.095907211303711,-0.4448350005355221,-0.4446182208672589,-0.3885327604345939,4,2
mp-1200759,Ba3GeS5,<PROJECT_ROOT>/external_datasets/functional_protocol_round4_widechem_boost/meta_gga_r2scan/cif/mp-1200759.cif,train,-1.8115640623958376,-5.032217661539714,-1.7632131408652714,-1.7624637419192757,-1.5685784699756926,36,3
mp-554576,Rb2In3F11,<PROJECT_ROOT>/external_datasets/functional_protocol_round4_widechem_boost/meta_gga_r2scan/cif/mp-554576.cif,train,-2.8818833560937502,-4.543715000152588,-2.9552853544456017,-2.954533326820596,-2.759967960319704,64,3
mp-2637,YSe,<PROJECT_ROOT>/external_datasets/functional_protocol_round4_widechem_boost/meta_gga_r2scan/cif/mp-2637.cif,train,-2.003811054531252,-6.737743854522705,-1.902444131321979,-1.899418283234904,-1.116567730327345,2,2
mp-867829,LiVRh2,<PROJECT_ROOT>/external_datasets/functional_protocol_round4_widechem_boost/meta_gga_r2scan/cif/mp-867829.cif,train,-0.4573600716666668,-6.844954967498779,-0.60462285332917,-0.6050069216112055,-0.704373465555761,4,3
mp-30295,W6CCl18,<PROJECT_ROOT>/external_datasets/functional_protocol_round4_widechem_boost/meta_gga_r2scan/cif/mp-30295.cif,train,-0.9013466431999996,-5.601162109375,-1.2115520253542975,-1.211955840863114,-1.3164314077994708,50,3
mp-1186340,NdY3,<PROJECT_ROOT>/external_datasets/functional_protocol_round4_widechem_boost/meta_gga_r2scan/cif/mp-1186340.cif,train,0.0137857943749963,-6.023077964782715,-0.0711267229964462,-0.0741749812130487,-0.862823506060037,8,2
mp-684024,Li2SiN2,<PROJECT_ROOT>/external_datasets/functional_protocol_round4_widechem_boost/meta_gga_r2scan/cif/mp-684024.cif,train,-1.1578215636666669,-6.144829940795899,-1.0949019258705617,-1.0942861981295249,-0.934984478847488,160,3
mp-677017,KRb5Zn4Sn5S17,<PROJECT_ROOT>/external_datasets/functional_protocol_round4_widechem_boost/meta_gga_r2scan/cif/mp-677017.cif,train,-0.9546308111816392,-3.9742181301116943,-0.955445067040304,-0.9560653554128642,-1.116547005994634,32,5
mp-1194410,Ba(GdSe2)2,<PROJECT_ROOT>/external_datasets/functional_protocol_round4_widechem_boost/meta_gga_r2scan/cif/mp-1194410.cif,train,-2.253927372678573,-8.277548653738839,-2.1223336005144864,-2.1193059015757933,-1.3359764944203476,28,3
mp-1184554,Hg,<PROJECT_ROOT>/external_datasets/functional_protocol_round4_widechem_boost/meta_gga_r2scan/cif/mp-1184554.cif,train,0.0059916724999951,-0.2979551553726196,0.0089686430341569,0.0089749252459103,0.0106002655793591,2,1
mp-1212324,Ho2NiB10,<PROJECT_ROOT>/external_datasets/functional_protocol_round4_widechem_boost/meta_gga_r2scan/cif/mp-1212324.cif,train,-0.5620831765384607,-6.786134573129507,-0.4727992670596572,-0.473729493708614,-0.7143986963601543,26,3
mp-1196778,Y2B6Ru,<PROJECT_ROOT>/external_datasets/functional_protocol_round4_widechem_boost/meta_gga_r2scan/cif/mp-1196778.cif,train,-0.7310771280555568,-7.581837124294704,-0.6402186456885968,-0.640229240174536,-0.6429702565554872,36,3
mp-1225134,EuGaAg4,<PROJECT_ROOT>/external_datasets/functional_protocol_round4_widechem_boost/meta_gga_r2scan/cif/mp-1225134.cif,train,-0.2336276991666655,-4.322676022847493,-0.1869027971453531,-0.1862686000305302,-0.0221884652381744,6,3
mp-2752771,UNi3P2,<PROJECT_ROOT>/external_datasets/functional_protocol_round4_widechem_boost/meta_gga_r2scan/cif/mp-2752771.cif,train,-0.8255524340476212,-7.314569261338976,-0.8377453879756374,-0.8370980570511515,-0.6696199294181808,36,3
mp-1218990,SmY4Se5,<PROJECT_ROOT>/external_datasets/functional_protocol_round4_widechem_boost/meta_gga_r2scan/cif/mp-1218990.cif,train,-2.020290479531252,-6.574346160888672,-1.9202256026837112,-1.9173875904283728,-1.1831341185697342,10,3
mp-1071036,TbScSb,<PROJECT_ROOT>/external_datasets/functional_protocol_round4_widechem_boost/meta_gga_r2scan/cif/mp-1071036.cif,train,-0.9971791749999994,-5.892995198567708,-0.9157646659382372,-0.9151959600278028,-0.7680597774971198,6,3
mp-542177,PuAl3,<PROJECT_ROOT>/external_datasets/functional_protocol_round4_widechem_boost/meta_gga_r2scan/cif/mp-542177.cif,train,-0.3949671346875003,-6.6567230224609375,-0.4342518320837421,-0.4355800076178475,-0.779206958257498,12,2
mp-1219883,Pr2Nd2Sb3,<PROJECT_ROOT>/external_datasets/functional_protocol_round4_widechem_boost/meta_gga_r2scan/cif/mp-1219883.cif,train,-1.244286265476189,-5.560719081333706,-1.126348282802974,-1.124582394851748,-0.6677100340427681,14,3
mp-541766,Rb3InP2,<PROJECT_ROOT>/external_datasets/functional_protocol_round4_widechem_boost/meta_gga_r2scan/cif/mp-541766.cif,train,-0.4766657612003963,-3.071017265319824,-0.3772391373321837,-0.3783244071119371,-0.6591065292526896,48,3
mp-1225676,Cu3Te2,<PROJECT_ROOT>/external_datasets/functional_protocol_round4_widechem_boost/meta_gga_r2scan/cif/mp-1225676.cif,train,-0.0461058239999999,-3.746529388427734,-0.0541746837276027,-0.0545036362167818,-0.1396105651254695,5,2
mp-1078191,Ba2TeO,<PROJECT_ROOT>/external_datasets/functional_protocol_round4_widechem_boost/meta_gga_r2scan/cif/mp-1078191.cif,train,-2.399257312187501,-5.143683433532715,-2.39224971768673,-2.3899686890890344,-1.7998186063651105,8,3
mp-1025325,NpGa5Co,<PROJECT_ROOT>/external_datasets/functional_protocol_round4_widechem_boost/meta_gga_r2scan/cif/mp-1025325.cif,train,-0.3932940455357133,-5.306370871407645,-0.4329694695051787,-0.4333824704441724,-0.5402345014078909,7,3
mp-570078,La4MgIr,<PROJECT_ROOT>/external_datasets/functional_protocol_round4_widechem_boost/meta_gga_r2scan/cif/mp-570078.cif,train,-0.4411516358333311,-5.418524424235026,-0.490218691553677,-0.4922277033963231,-1.012001329354157,24,3
mp-1224099,Ho2Ga3Ni,<PROJECT_ROOT>/external_datasets/functional_protocol_round4_widechem_boost/meta_gga_r2scan/cif/mp-1224099.cif,train,-0.7107769116666655,-4.644379297892253,-0.6982232294308997,-0.6979365987843789,-0.6237792208702639,6,3
mp-1185522,Lu3Tl,<PROJECT_ROOT>/external_datasets/functional_protocol_round4_widechem_boost/meta_gga_r2scan/cif/mp-1185522.cif,train,-0.2135452224999952,-4.120426654815674,-0.2056010268224914,-0.2074199960569061,-0.678025601465422,8,2
mp-23514,BiSI,<PROJECT_ROOT>/external_datasets/functional_protocol_round4_widechem_boost/meta_gga_r2scan/cif/mp-23514.cif,train,-0.4773633201041652,-3.578305244445801,-0.5210824316342921,-0.5225288321704831,-0.8967430778623775,12,3
mp-1217702,Tb2MgS4,<PROJECT_ROOT>/external_datasets/functional_protocol_round4_widechem_boost/meta_gga_r2scan/cif/mp-1217702.cif,train,-2.16586951875,-5.783905574253628,-2.048840637241487,-2.0458609191464268,-1.274945165578219,14,3
mp-1207860,Y6Nb4Al43,<PROJECT_ROOT>/external_datasets/functional_protocol_round4_widechem_boost/meta_gga_r2scan/cif/mp-1207860.cif,train,-0.3619341399999995,-4.867746605063385,-0.3463233504341465,-0.3469705428862975,-0.514412844820962,106,3
mp-aaaiejbm,Lu3Al3(GaO6)2,<PROJECT_ROOT>/external_datasets/functional_protocol_round4_widechem_boost/meta_gga_r2scan/cif/mp-aaaiejbm.cif,train,-3.327778418874999,-7.5098388671875,-3.392304794032396,-3.3880978160686874,-2.299664117418962,80,4
mp-757192,SnP2O7,<PROJECT_ROOT>/external_datasets/functional_protocol_round4_widechem_boost/meta_gga_r2scan/cif/mp-757192.cif,train,-2.2660929262202387,-6.981662750244141,-2.471819748379577,-2.4721923596206867,-2.56859472607604,20,3
mp-1025508,ErGa2Ni,<PROJECT_ROOT>/external_datasets/functional_protocol_round4_widechem_boost/meta_gga_r2scan/cif/mp-1025508.cif,train,-0.7014557608333334,-4.749213218688965,-0.6930818125796714,-0.6924699423798693,-0.534166250178905,8,3
mp-753108,Yb2TiO5,<PROJECT_ROOT>/external_datasets/functional_protocol_round4_widechem_boost/meta_gga_r2scan/cif/mp-753108.cif,train,-3.752196288177085,-7.013495445251465,-3.021037621721613,-3.0188734285129604,-2.458951118719531,16,3
mp-556335,YP5O14,<PROJECT_ROOT>/external_datasets/functional_protocol_round4_widechem_boost/meta_gga_r2scan/cif/mp-556335.cif,train,-2.570483171619048,-7.47282485961914,-2.7796591854174224,-2.779062194712512,-2.6246081408527595,80,3
mp-1104337,Y(VSn)6,<PROJECT_ROOT>/external_datasets/functional_protocol_round4_widechem_boost/meta_gga_r2scan/cif/mp-1104337.cif,train,-0.2570267123076938,-6.763550978440505,-0.4666728311648507,-0.4665750035295275,-0.4412649363381493,13,3
mp-1079126,Eu2FeH6,<PROJECT_ROOT>/external_datasets/functional_protocol_round4_widechem_boost/meta_gga_r2scan/cif/mp-1079126.cif,train,-0.5808675402777779,-5.987169053819445,-0.5191636820817589,-0.5179427095341387,-0.2020514266921899,9,3
mp-1225058,Er2AlFe3,<PROJECT_ROOT>/external_datasets/functional_protocol_round4_widechem_boost/meta_gga_r2scan/cif/mp-1225058.cif,train,-0.1311999277777763,-6.58601188659668,-0.313306963901411,-0.3133059357996766,-0.3130399442562197,6,3
mp-29483,MgInBr3,<PROJECT_ROOT>/external_datasets/functional_protocol_round4_widechem_boost/meta_gga_r2scan/cif/mp-29483.cif,train,-1.3318763990000009,-3.010968971252441,-1.327412061976427,-1.3263340129506318,-1.047420051765957,20,3
mp-540540,PaBr3O,<PROJECT_ROOT>/external_datasets/functional_protocol_round4_widechem_boost/meta_gga_r2scan/cif/mp-540540.cif,train,-2.315754249250003,-5.959780502319336,-2.360959857634316,-2.3590139781852963,-1.855574030534468,10,3
mp-866063,NdDyMg2,<PROJECT_ROOT>/external_datasets/functional_protocol_round4_widechem_boost/meta_gga_r2scan/cif/mp-866063.cif,train,-0.1015847756249961,-3.2357945442199707,-0.1435175218374205,-0.1451656276928368,-0.5715652826129666,4,3
mp-12984,TbCuSe2,<PROJECT_ROOT>/external_datasets/functional_protocol_round4_widechem_boost/meta_gga_r2scan/cif/mp-12984.cif,train,-1.42942079890625,-5.145697116851807,-1.342723328034202,-1.3410921148947788,-0.9190629609649876,16,3
mp-1019277,SrHgPb,<PROJECT_ROOT>/external_datasets/functional_protocol_round4_widechem_boost/meta_gga_r2scan/cif/mp-1019277.cif,train,-0.5709672974999999,-2.3647874196370444,-0.5125267357406051,-0.5122363228625906,-0.4371004020990255,6,3
mp-1186754,Pr3In,<PROJECT_ROOT>/external_datasets/functional_protocol_round4_widechem_boost/meta_gga_r2scan/cif/mp-1186754.cif,train,-0.3494071149999982,-4.533599853515625,-0.3441665642670894,-0.3452466814074943,-0.6246957073467174,8,2
mp-643002,Mg2H6Os,<PROJECT_ROOT>/external_datasets/functional_protocol_round4_widechem_boost/meta_gga_r2scan/cif/mp-643002.cif,train,-0.4107195225000011,-4.189701504177517,-0.3133192455670084,-0.3120309515459825,0.0212778126647958,9,3
mp-97,Pr,<PROJECT_ROOT>/external_datasets/functional_protocol_round4_widechem_boost/meta_gga_r2scan/cif/mp-97.cif,train,0.0,-4.767200787862142,-0.0605878830756587,-0.0634070208420407,-0.7927772653583434,6,1
mp-28568,Rb3CuO2,<PROJECT_ROOT>/external_datasets/functional_protocol_round4_widechem_boost/meta_gga_r2scan/cif/mp-28568.cif,train,-1.144331976874999,-3.822169303894043,-1.246266166714474,-1.2471509747198652,-1.476069418843112,24,3
mp-1207057,TmBiPt,<PROJECT_ROOT>/external_datasets/functional_protocol_round4_widechem_boost/meta_gga_r2scan/cif/mp-1207057.cif,train,-1.1626557316666606,-5.817792256673177,-1.0486447565076285,-1.046662525088565,-0.5338175580749751,3,3
mp-22740,CeCuSi,<PROJECT_ROOT>/external_datasets/functional_protocol_round4_widechem_boost/meta_gga_r2scan/cif/mp-22740.cif,train,-0.6408377466666669,-5.705707550048828,-0.596451462103512,-0.5969635818265413,-0.7294597273046761,6,3
mp-864791,PaAgTe2,<PROJECT_ROOT>/external_datasets/functional_protocol_round4_widechem_boost/meta_gga_r2scan/cif/mp-864791.cif,train,-0.4446566812500023,-5.030945777893066,-0.3902791658872679,-0.3902986071454011,-0.3953284695997645,4,3
mp-15791,LiErS2,<PROJECT_ROOT>/external_datasets/functional_protocol_round4_widechem_boost/meta_gga_r2scan/cif/mp-15791.cif,train,-2.121880603906249,-5.540887355804443,-2.0467682838058945,-2.04429333484358,-1.4039719744027328,4,3
mp-1070789,CrAu4,<PROJECT_ROOT>/external_datasets/functional_protocol_round4_widechem_boost/meta_gga_r2scan/cif/mp-1070789.cif,train,-0.0708249739999985,-4.516819381713868,-0.0628977565412185,-0.0635380285093107,-0.2291898556380905,5,2
mp-12716,LiTlPd2,<PROJECT_ROOT>/external_datasets/functional_protocol_round4_widechem_boost/meta_gga_r2scan/cif/mp-12716.cif,train,-0.414281964166669,-4.056970119476318,-0.4272363575409095,-0.4270477872841098,-0.3782606950101735,4,3
mp-16595,K3DySi2O7,<PROJECT_ROOT>/external_datasets/functional_protocol_round4_widechem_boost/meta_gga_r2scan/cif/mp-16595.cif,train,-2.965623210705128,-6.816312349759615,-3.045115044428925,-3.041881803011665,-2.2053742327882317,78,4
mp-510232,Nd12Co6Sn,<PROJECT_ROOT>/external_datasets/functional_protocol_round4_widechem_boost/meta_gga_r2scan/cif/mp-510232.cif,train,-0.109049472105258,-5.638291208367599,-0.2461883259165471,-0.2476053218932579,-0.6142119894855366,19,3
mp-1220898,Pr32In3Rh19,<PROJECT_ROOT>/external_datasets/functional_protocol_round4_widechem_boost/meta_gga_r2scan/cif/mp-1220898.cif,train,-0.619577343580246,-6.147555315936053,-0.6337084216761735,-0.634049380667256,-0.7222626441916357,54,3
mp-697331,Mg2NiH4,<PROJECT_ROOT>/external_datasets/functional_protocol_round4_widechem_boost/meta_gga_r2scan/cif/mp-697331.cif,train,-0.2950771278571429,-3.4597369602748325,-0.2234104222155473,-0.2226132147041957,-0.0163588612072637,28,3
mp-21548,Er(SiNi5)2,<PROJECT_ROOT>/external_datasets/functional_protocol_round4_widechem_boost/meta_gga_r2scan/cif/mp-21548.cif,train,-0.4208861056410237,-6.072183462289663,-0.4730963565750974,-0.4726441471781699,-0.3556480633618872,26,3
mp-505296,Ce2MgSi2,<PROJECT_ROOT>/external_datasets/functional_protocol_round4_widechem_boost/meta_gga_r2scan/cif/mp-505296.cif,train,-0.657397739999999,-5.440665054321289,-0.6271564134328811,-0.6283395605465492,-0.9344446079464748,10,3
mp-13504,CeAl4Co,<PROJECT_ROOT>/external_datasets/functional_protocol_round4_widechem_boost/meta_gga_r2scan/cif/mp-13504.cif,train,-0.501185214166668,-5.156085014343262,-0.5382601642143481,-0.5381571567163661,-0.5115069500874418,12,3
mp-6922,SiO2,<PROJECT_ROOT>/external_datasets/functional_protocol_round4_widechem_boost/meta_gga_r2scan/cif/mp-6922.cif,train,-3.028819434166667,-7.895770602756077,-3.1818964121846367,-3.179420701514469,-2.538902271241138,9,2
mp-1079037,LaSi2Ni,<PROJECT_ROOT>/external_datasets/functional_protocol_round4_widechem_boost/meta_gga_r2scan/cif/mp-1079037.cif,train,-0.8345140499999992,-6.2079758644104,-0.8228507839250874,-0.8227470818831417,-0.7959171821245817,8,3
mp-645130,Pr4MgCo,<PROJECT_ROOT>/external_datasets/functional_protocol_round4_widechem_boost/meta_gga_r2scan/cif/mp-645130.cif,train,-0.0239170548611108,-4.725122451782227,-0.1348839524672938,-0.1361636821616558,-0.4672566749280101,24,3
mp-1197128,Bi2O3,<PROJECT_ROOT>/external_datasets/functional_protocol_round4_widechem_boost/meta_gga_r2scan/cif/mp-1197128.cif,train,-1.3039187007500004,-5.717127990722656,-1.5475315863955048,-1.549115435612734,-1.9588905465059732,40,2
mp-1215446,Zn2SeS,<PROJECT_ROOT>/external_datasets/functional_protocol_round4_widechem_boost/meta_gga_r2scan/cif/mp-1215446.cif,train,-0.8911980804687492,-3.281214714050293,-0.8724358076576388,-0.8721935238779883,-0.8095096133176077,4,3
mp-1189054,Sr3(GaAs2)2,<PROJECT_ROOT>/external_datasets/functional_protocol_round4_widechem_boost/meta_gga_r2scan/cif/mp-1189054.cif,train,-1.040903057222222,-4.172482808430989,-0.982928520733728,-0.9825025714980448,-0.8723005438132386,18,3
mp-11843,DyAl,<PROJECT_ROOT>/external_datasets/functional_protocol_round4_widechem_boost/meta_gga_r2scan/cif/mp-11843.cif,train,-0.444183152499999,-4.567429542541504,-0.4770614556552299,-0.4784649179543283,-0.841570138450096,2,2
mp-7621,KTcO4,<PROJECT_ROOT>/external_datasets/functional_protocol_round4_widechem_boost/meta_gga_r2scan/cif/mp-7621.cif,train,-1.894215896458333,-6.882134755452474,-2.088158917127446,-2.088950113379457,-2.293649227651025,12,3
mp-1080258,Cs2Se,<PROJECT_ROOT>/external_datasets/functional_protocol_round4_widechem_boost/meta_gga_r2scan/cif/mp-1080258.cif,train,-1.1960201480208354,-2.744228998819987,-1.0897588179310431,-1.0892782271998651,-0.9649392951742491,6,2
mp-1193833,Cu2PbSe2(ClO3)2,<PROJECT_ROOT>/external_datasets/functional_protocol_round4_widechem_boost/meta_gga_r2scan/cif/mp-1193833.cif,train,-0.9270502715865389,-4.79995844914363,-1.135778341813956,-1.139286253670358,-2.0468568445614235,26,5
mp-aaaiejbr,Lu2TiZnO6,<PROJECT_ROOT>/external_datasets/functional_protocol_round4_widechem_boost/meta_gga_r2scan/cif/mp-aaaiejbr.cif,train,-2.8204423027500014,-7.306039428710937,-2.916717909272738,-2.914742980524505,-2.403787368074375,10,4
mp-16961,Na6Si2Se7,<PROJECT_ROOT>/external_datasets/functional_protocol_round4_widechem_boost/meta_gga_r2scan/cif/mp-16961.cif,train,-1.0964581585624993,-3.80322748819987,-1.0691798665568957,-1.069109074859182,-1.0507937734634498,30,3
mp-1215846,Yb(ZnGa)2,<PROJECT_ROOT>/external_datasets/functional_protocol_round4_widechem_boost/meta_gga_r2scan/cif/mp-1215846.cif,train,-0.4077183710000014,-2.361767578125,-0.4092842543974848,-0.4086749807213721,-0.2510430638212927,5,3
mp-1222858,LaNi4Rh,<PROJECT_ROOT>/external_datasets/functional_protocol_round4_widechem_boost/meta_gga_r2scan/cif/mp-1222858.cif,train,-0.2993775141666646,-6.219317118326823,-0.3776610914205758,-0.3780008823715572,-0.4659119493502215,6,3
mp-2389,NdMg2,<PROJECT_ROOT>/external_datasets/functional_protocol_round4_widechem_boost/meta_gga_r2scan/cif/mp-2389.cif,train,-0.1225896958333336,-2.7561957041422525,-0.1176423540081144,-0.1185633443159268,-0.3568429112163523,6,2
mp-32686,CoO2,<PROJECT_ROOT>/external_datasets/functional_protocol_round4_widechem_boost/meta_gga_r2scan/cif/mp-32686.cif,train,-0.9613151208333348,-5.7035064697265625,-0.4633469423573215,-0.4698625391357787,-2.1555844900582057,6,2
mp-2029636,BiI3,<PROJECT_ROOT>/external_datasets/functional_protocol_round4_widechem_boost/meta_gga_r2scan/cif/mp-2029636.cif,train,-0.5363591775000032,-2.5903940200805664,-0.5835958067401474,-0.5843893933044768,-0.7897069316567121,16,2
mp-1222669,Li2IBr,<PROJECT_ROOT>/external_datasets/functional_protocol_round4_widechem_boost/meta_gga_r2scan/cif/mp-1222669.cif,train,-1.570660112083333,-3.1325364112854004,-1.5521743559246923,-1.5505221141179355,-1.123052401559919,4,3
mp-22930,Rb4CdCl6,<PROJECT_ROOT>/external_datasets/functional_protocol_round4_widechem_boost/meta_gga_r2scan/cif/mp-22930.cif,train,-1.954543581818182,-3.175360246138139,-1.8871967719902665,-1.8850530091015705,-1.3304164528622535,22,3
mp-850287,Na6(NiO2)7,<PROJECT_ROOT>/external_datasets/functional_protocol_round4_widechem_boost/meta_gga_r2scan/cif/mp-850287.cif,train,-1.3841124493518515,-4.602488199869792,-0.6188648611667271,-0.6240168452044941,-1.9569434946835944,27,3
mp-1191565,SmPS,<PROJECT_ROOT>/external_datasets/functional_protocol_round4_widechem_boost/meta_gga_r2scan/cif/mp-1191565.cif,train,-1.7983850881795649,-6.3181711832682295,-1.7038730333970094,-1.7024851918592798,-1.3434213909415047,24,3
mp-1984,TaS2,<PROJECT_ROOT>/external_datasets/functional_protocol_round4_widechem_boost/meta_gga_r2scan/cif/mp-1984.cif,train,-1.1701112159861111,-7.748284657796224,-1.1917951723727684,-1.1928969568715866,-1.4779517842342969,6,2
mp-13066,Er2O3,<PROJECT_ROOT>/external_datasets/functional_protocol_round4_widechem_boost/meta_gga_r2scan/cif/mp-13066.cif,train,-3.921160890583335,-8.360943603515626,-3.9867935923017424,-3.9812096668581294,-2.5365306892159865,5,2
mp-1212614,H12PbN3Cl5,<PROJECT_ROOT>/external_datasets/functional_protocol_round4_widechem_boost/meta_gga_r2scan/cif/mp-1212614.cif,train,-0.7406699789880953,-4.4298687889462425,-0.7629452545604432,-0.7623432394416323,-0.6065892640293193,84,4
mp-24040,CrHO2,<PROJECT_ROOT>/external_datasets/functional_protocol_round4_widechem_boost/meta_gga_r2scan/cif/mp-24040.cif,train,-1.9320008078125,-6.840168952941895,-1.5012841548005715,-1.501979182162394,-1.6817973815109148,8,3
mp-13819,KAgF3,<PROJECT_ROOT>/external_datasets/functional_protocol_round4_widechem_boost/meta_gga_r2scan/cif/mp-13819.cif,train,-2.0265138877500006,-3.761688232421875,-2.1030503076984965,-2.1041030649545576,-2.376473513261617,5,3
mp-763908,V3O5F,<PROJECT_ROOT>/external_datasets/functional_protocol_round4_widechem_boost/meta_gga_r2scan/cif/mp-763908.cif,train,-2.7355301943055568,-7.521766662597656,-2.1255083060983724,-2.127012500321162,-2.516179188503172,18,3
mp-1184012,CsYb3,<PROJECT_ROOT>/external_datasets/functional_protocol_round4_widechem_boost/meta_gga_r2scan/cif/mp-1184012.cif,train,0.7832011512499975,-0.9172003269195556,0.2256543425215041,0.2225729768245559,-0.574641149649026,4,2
mp-1187980,Yb3Pb,<PROJECT_ROOT>/external_datasets/functional_protocol_round4_widechem_boost/meta_gga_r2scan/cif/mp-1187980.cif,train,-0.3254930625000014,-2.399123430252075,-0.5364733403498287,-0.5356282222924493,-0.3169784026578165,8,2
mp-1191507,Eu4I6O,<PROJECT_ROOT>/external_datasets/functional_protocol_round4_widechem_boost/meta_gga_r2scan/cif/mp-1191507.cif,train,-2.109644403522731,-6.864588650790128,-2.0236633935301773,-2.0209509352513795,-1.3191809183210383,22,3
mp-1212306,Ho4CdPt,<PROJECT_ROOT>/external_datasets/functional_protocol_round4_widechem_boost/meta_gga_r2scan/cif/mp-1212306.cif,train,-0.6962829099999984,-4.837448120117188,-0.7290957024464717,-0.7300491764379284,-0.9767329556384968,24,3
mp-1225370,DyCdIn,<PROJECT_ROOT>/external_datasets/functional_protocol_round4_widechem_boost/meta_gga_r2scan/cif/mp-1225370.cif,train,-0.5010796933333334,-3.1301965713500977,-0.4683800745166731,-0.4682572570399061,-0.4364817921716086,6,3
mp-1019508,AlGa3N4,<PROJECT_ROOT>/external_datasets/functional_protocol_round4_widechem_boost/meta_gga_r2scan/cif/mp-1019508.cif,train,-0.911356311875,-6.46365213394165,-0.825135297911201,-0.8248340109163026,-0.7468847273597673,8,3
mp-1189094,Eu3Au,<PROJECT_ROOT>/external_datasets/functional_protocol_round4_widechem_boost/meta_gga_r2scan/cif/mp-1189094.cif,train,-0.5064528587500021,-8.979911804199219,-0.524573049017663,-0.5260042687893023,-0.8962909313457446,16,2
mp-3417,Ca(BO2)2,<PROJECT_ROOT>/external_datasets/functional_protocol_round4_widechem_boost/meta_gga_r2scan/cif/mp-3417.cif,train,-2.9217007160714297,-7.738706861223493,-3.0800882235980938,-3.077224134978373,-2.336224159100027,28,3
mp-1078557,PrPt,<PROJECT_ROOT>/external_datasets/functional_protocol_round4_widechem_boost/meta_gga_r2scan/cif/mp-1078557.cif,train,-1.2229465720833304,-6.531947135925293,-1.195101271318021,-1.193813250376298,-0.8605751374999963,8,2
mp-686581,In2(PSe3)3,<PROJECT_ROOT>/external_datasets/functional_protocol_round4_widechem_boost/meta_gga_r2scan/cif/mp-686581.cif,train,-0.3542638339636487,-4.036675316946847,-0.3883329363544474,-0.3911810737983723,-1.1280541449446924,56,3
mp-20355,Ce2CoSi3,<PROJECT_ROOT>/external_datasets/functional_protocol_round4_widechem_boost/meta_gga_r2scan/cif/mp-20355.cif,train,-0.7489293283333348,-6.6217695871988935,-0.783492979696228,-0.7837917569989834,-0.8610917304094883,12,3
mp-5038,CsGaS2,<PROJECT_ROOT>/external_datasets/functional_protocol_round4_widechem_boost/meta_gga_r2scan/cif/mp-5038.cif,train,-1.23019863640625,-4.096041679382324,-1.2001293879086568,-1.199968765229281,-1.1584122991607455,8,3
mp-1102601,SmGaPd,<PROJECT_ROOT>/external_datasets/functional_protocol_round4_widechem_boost/meta_gga_r2scan/cif/mp-1102601.cif,train,-0.9196810350000012,-5.17333443959554,-0.9112587901164596,-0.9107024451475364,-0.7667642982222983,12,3
mp-861938,KLaSiS4,<PROJECT_ROOT>/external_datasets/functional_protocol_round4_widechem_boost/meta_gga_r2scan/cif/mp-861938.cif,train,-1.6935200185714296,-5.479105813162668,-1.6403593914144707,-1.639529062697526,-1.4247055565440645,14,4
mp-28895,Ba(P2Pd)2,<PROJECT_ROOT>/external_datasets/functional_protocol_round4_widechem_boost/meta_gga_r2scan/cif/mp-28895.cif,train,-0.7236245138435383,-5.509290422712054,-0.6762284697874854,-0.6768397188069555,-0.8349826985997835,7,3
mp-1020716,Rb3B(SO4)3,<PROJECT_ROOT>/external_datasets/functional_protocol_round4_widechem_boost/meta_gga_r2scan/cif/mp-1020716.cif,train,-1.9258777905098696,-6.051324944747122,-2.216604026432702,-2.2180090217568864,-2.5815108680875123,76,4
mp-985806,Al2Cu,<PROJECT_ROOT>/external_datasets/functional_protocol_round4_widechem_boost/meta_gga_r2scan/cif/mp-985806.cif,train,-0.2126569833333332,-4.035168965657552,-0.1807009718827341,-0.180998378805743,-0.2579438061416254,3,2
mp-22227,ZrMnSi,<PROJECT_ROOT>/external_datasets/functional_protocol_round4_widechem_boost/meta_gga_r2scan/cif/mp-22227.cif,train,-0.7952668989942518,-8.385483423868815,-0.9638919839932676,-0.96305954685075,-0.7476905466512145,12,3
mp-1004373,LiMnO2,<PROJECT_ROOT>/external_datasets/functional_protocol_round4_widechem_boost/meta_gga_r2scan/cif/mp-1004373.cif,train,-2.224454061537356,-6.601766586303711,-1.908613213913286,-1.908912349379385,-1.9863049871644856,16,3
mp-728493,RbVH4(OF2)2,<PROJECT_ROOT>/external_datasets/functional_protocol_round4_widechem_boost/meta_gga_r2scan/cif/mp-728493.cif,train,-2.1586814898958337,-5.265862782796224,-2.1470036229159923,-2.1462831445227364,-1.9598802279685603,48,5
mp-5454,Er3(CuSi)4,<PROJECT_ROOT>/external_datasets/functional_protocol_round4_widechem_boost/meta_gga_r2scan/cif/mp-5454.cif,train,-0.6829082854545473,-5.34623232754794,-0.6336715952455956,-0.6334362437926764,-0.5725458719914609,11,3
mp-1222817,LaNdC4,<PROJECT_ROOT>/external_datasets/functional_protocol_round4_widechem_boost/meta_gga_r2scan/cif/mp-1222817.cif,train,-0.3114889254166637,-7.904922485351562,-0.1753206043483226,-0.1758278441733898,-0.3070614573896706,6,3
mp-22736,InCuS2,<PROJECT_ROOT>/external_datasets/functional_protocol_round4_widechem_boost/meta_gga_r2scan/cif/mp-22736.cif,train,-0.6248616814062498,-4.255851745605469,-0.6370758070026943,-0.6380036487676275,-0.8780558317540521,8,3
mp-541656,AuCl2,<PROJECT_ROOT>/external_datasets/functional_protocol_round4_widechem_boost/meta_gga_r2scan/cif/mp-541656.cif,train,-0.3172031875000011,-2.555528163909912,-0.4017225437472014,-0.405580468957992,-1.4037068776301247,12,2
mp-1018720,HfVSi,<PROJECT_ROOT>/external_datasets/functional_protocol_round4_widechem_boost/meta_gga_r2scan/cif/mp-1018720.cif,train,-0.7784115266666684,-8.881008783976236,-0.9085004852823008,-0.9091169391586158,-1.0686065249023369,6,3
mp-22460,LiIn,<PROJECT_ROOT>/external_datasets/functional_protocol_round4_widechem_boost/meta_gga_r2scan/cif/mp-22460.cif,train,-0.3662996633333328,-2.578223466873169,-0.3647309256202993,-0.3651518726103697,-0.4740597141059493,4,2
mp-1017,Zr3O,<PROJECT_ROOT>/external_datasets/functional_protocol_round4_widechem_boost/meta_gga_r2scan/cif/mp-1017.cif,train,-1.5349775271875004,-9.016298294067385,-1.6294394978195514,-1.6296892868946182,-1.694314975261521,8,2
mp-1119338,Na2O,<PROJECT_ROOT>/external_datasets/functional_protocol_round4_widechem_boost/meta_gga_r2scan/cif/mp-1119338.cif,train,-1.317212415138889,-3.652931637234158,-1.437031758963104,-1.437554566578915,-1.5728158947501618,9,2
mp-570870,Hf5Sb9,<PROJECT_ROOT>/external_datasets/functional_protocol_round4_widechem_boost/meta_gga_r2scan/cif/mp-570870.cif,train,-0.4868998432142867,-6.640687125069754,-0.4683164366826906,-0.4696883388631239,-0.8246282927480312,28,2
mp-5280,In2Ge2O7,<PROJECT_ROOT>/external_datasets/functional_protocol_round4_widechem_boost/meta_gga_r2scan/cif/mp-5280.cif,train,-1.844463249204545,-6.104582353071733,-2.028446009374988,-2.0293600681157686,-2.2658462928055823,11,3
mp-570886,BeI2,<PROJECT_ROOT>/external_datasets/functional_protocol_round4_widechem_boost/meta_gga_r2scan/cif/mp-570886.cif,train,-0.6654879391666668,-2.8303003311157227,-0.6771420779270523,-0.6776058553749111,-0.7975948373186832,6,2
mp-762326,Li2CuF5,<PROJECT_ROOT>/external_datasets/functional_protocol_round4_widechem_boost/meta_gga_r2scan/cif/mp-762326.cif,train,-2.4238791922916665,-4.31690788269043,-2.464351580677654,-2.4648416315831065,-2.5916281096911087,16,3
mp-24073,Gd(HO)3,<PROJECT_ROOT>/external_datasets/functional_protocol_round4_widechem_boost/meta_gga_r2scan/cif/mp-24073.cif,train,-2.0715482353571417,-7.496802193777902,-2.17325643427425,-2.171029912518758,-1.594981896510281,14,3
mp-1186286,Nd3Tm,<PROJECT_ROOT>/external_datasets/functional_protocol_round4_widechem_boost/meta_gga_r2scan/cif/mp-1186286.cif,train,0.0212631193749999,-4.666029453277588,-0.075591655509827,-0.0793937741545383,-1.063081850220409,8,2
